candidate_id,symbol,context_tf,bar_index,bar_end,lag_minutes,swing_bias,internal_bias,last_swing_structure_type,last_swing_structure_bias,last_swing_structure_level,last_swing_structure_age,last_internal_structure_type,last_internal_structure_bias,last_internal_structure_level,last_internal_structure_age,active_bull_internal_ob_count,active_bear_internal_ob_count,active_bull_swing_ob_count,active_bear_swing_ob_count,nearest_above_type,nearest_above_structure_class,nearest_above_bias,nearest_above_age_bars,nearest_above_zone_low,nearest_above_zone_high,nearest_above_object_price_center,nearest_above_distance_pct,nearest_below_type,nearest_below_structure_class,nearest_below_bias,nearest_below_age_bars,nearest_below_zone_low,nearest_below_zone_high,nearest_below_object_price_center,nearest_below_distance_pct,open,high,low,close,volume,close_oi,overlap_object_count,overlap_active_ob_count,overlap_bull_ob_count,overlap_bear_ob_count,overlap_internal_count,overlap_swing_count,overlap_types,current_internal_high_level,current_internal_high_age,current_internal_high_relation,current_internal_high_distance_pct,current_internal_high_last_level,current_internal_high_crossed,current_internal_high_crossed_age,current_internal_low_level,current_internal_low_age,current_internal_low_relation,current_internal_low_distance_pct,current_internal_low_last_level,current_internal_low_crossed,current_internal_low_crossed_age,current_swing_high_level,current_swing_high_age,current_swing_high_relation,current_swing_high_distance_pct,current_swing_high_last_level,current_swing_high_crossed,current_swing_high_crossed_age,current_swing_low_level,current_swing_low_age,current_swing_low_relation,current_swing_low_distance_pct,current_swing_low_last_level,current_swing_low_crossed,current_swing_low_crossed_age,dsa_direction,dsa_raw_regime_value,dsa_raw_regime_strength,dsa_raw_dsa_dir_bars,dsa_raw_trend_transition,dsa_raw_offset_rate,dsa_raw_offset_mean,dsa_raw_offset_std,dsa_raw_offset_percentile,dsa_raw_vwap_ret_avg,dsa_raw_vwap_ret_total,dsa_raw_vwap_ret_5,dsa_raw_vwap_ret_10,dsa_raw_vwap_ret_20,dsa_raw_dsa_vwap,dsa_raw_dsa_vwap_dev_pct,dsa_raw_change_pct,dsa_raw_vol_zscore,dsa_raw_avg_amount_20d,dsa_raw_segment_id,dsa_raw_segment_direction,dsa_raw_segment_start_bar_index,dsa_raw_segment_end_bar_index,dsa_raw_segment_start_time,dsa_raw_segment_end_time,dsa_raw_segment_start_price,dsa_raw_segment_end_price,dsa_raw_segment_bars,dsa_raw_segment_change_pct,dsa_raw_segment_slope,dsa_raw_prev_segment_id,dsa_raw_prev_segment_direction,dsa_raw_prev_segment_start_bar_index,dsa_raw_prev_segment_end_bar_index,dsa_raw_prev_segment_start_time,dsa_raw_prev_segment_end_time,dsa_raw_prev_segment_start_price,dsa_raw_prev_segment_end_price,dsa_raw_prev_segment_bars,dsa_raw_prev_segment_change_pct,dsa_raw_prev_segment_slope,dsa_raw_current_segment_volume_sum,dsa_raw_current_segment_amount_sum,dsa_raw_current_segment_volume_mean,dsa_raw_current_segment_amount_mean,dsa_raw_prev_segment_volume_sum,dsa_raw_prev_segment_amount_sum,dsa_raw_prev_segment_volume_mean,dsa_raw_prev_segment_amount_mean,dsa_raw_current_vs_prev_volume_mean_ratio,dsa_raw_current_vs_prev_amount_mean_ratio,dsa_raw_current_vs_prev_volume_ratio,dsa_raw_current_vs_prev_amount_ratio,dsa_raw_rope_dir1_pct,dsa_raw_rope_dir0_pct,dsa_raw_rope_dir_neg1_pct,dsa_raw_touch_rope,dsa_raw_touch_vwap,dsa_raw_last_cross_up_date,dsa_raw_last_cross_up_price,dsa_raw_last_cross_down_date,dsa_raw_last_cross_down_price,dsa_raw_cross_up_count,dsa_raw_cross_down_count,dsa_raw_rope_cross_up_date,dsa_raw_rope_cross_up_price,dsa_raw_rope_cross_down_date,dsa_raw_rope_cross_down_price,dsa_raw_rope_cross_up_count,dsa_raw_rope_cross_down_count,dsa_raw_offset_variance_rate,atr14,component_15m_count
RB:5m:1:1:14384:14397:6,RB,5m,14518,2025-11-19 09:55:00,0.0,1,-1,BOS,1,3055.0,148.0,CHoCH,-1,3079.0,14.0,14,20,7,6,current_internal_high,internal,0.0,3.0,3084.0,3084.0,3084.0,0.1949317738791423,current_swing_low,swing,0.0,3.0,3075.0,3075.0,3075.0,0.09746588693957114,3080.0,3081.0,3078.0,3078.0,7301.0,1647971.0,2,1,1,0,2,0,active_bull_internal_ob|current_internal_low,3084.0,3.0,above,0.1949317738791423,3089.0,False,,3078.0,2.0,overlap,0.0,3077.0,False,,3104.0,65.0,above,0.8447043534762833,3055.0,False,,3075.0,3.0,below,0.09746588693957114,3035.0,False,,0,0,-3.0387903731548478e-05,36,NONE,-0.002777927976457261,-0.0018206111831228634,0.0008851243603566621,0.13972361876520212,-3.0387903731548478e-05,-0.0010939645343357451,-0.00011709975739448986,-0.00028186973464294773,-0.0007141911764532161,3086.574281046733,-0.27779279764572606,-0.09737098344693162,-0.35073094456203424,,193,1,14483,14518,2025-11-18 14:55:00,2025-11-19 09:50:00,3090.0,3078.0,36,-0.3883495145631022,-0.010787486515641728,192.0,-1.0,14450.0,14482.0,2025-11-18 09:55:00,2025-11-18 14:50:00,3085.0,3086.0,33.0,0.032414910858991064,0.0009822700260300322,349679.0,,9713.305555555555,,329042.0,0.0,9970.969696969696,0.0,0.9741585673966646,,1.0627184371599978,,2.7777777777777777,83.33333333333334,13.88888888888889,True,True,2025-11-18 22:10:00,3089.0,2025-11-18 22:20:00,3087.0,1,2,2025-11-19 09:20:00,3083.0,2025-11-19 09:25:00,3079.0,5,6,0.48616880340063784,3.0040697509242094,
RB:5m:1:1:14384:14397:6,RB,15m,4838,2025-11-19 09:45:00,10.0,1,-1,CHoCH,1,3050.0,87.0,CHoCH,-1,3079.0,4.0,7,11,3,4,current_internal_low,internal,0.0,5.0,3079.0,3079.0,3079.0,0.03248862897985705,active_bull_internal_ob,internal,1.0,48.0,3041.0,3051.0,3046.0,0.8771929824561403,3079.0,3083.0,3079.0,3080.0,14124.0,1647766.0,0,0,0,0,0,0,,3089.0,0.0,above,0.35737491877842753,3090.0,False,,3079.0,5.0,above,0.03248862897985705,3075.0,True,4.0,3050.0,100.0,below,0.9096816114359974,3143.0,True,87.0,3020.0,76.0,below,1.8843404808317088,3009.0,False,,1,1,0.00023757227618584562,89,UP_CONFIRMED,-0.0049004114295584204,0.0005227493794426206,0.005139736419206501,0.14567979054543212,0.00023757227618584562,0.02114393258054026,-0.00045055580347530544,-0.0006735747281642057,-0.001618621678486698,3095.1675946572573,-0.49004114295584206,0.03247807729782615,-1.050802111005057,,75,1,4750,4838,2025-11-13 10:45:00,2025-11-19 09:30:00,3049.0,3080.0,89,1.0167267956707082,0.011423896580569755,74.0,-1.0,4711.0,4749.0,2025-11-11 14:30:00,2025-11-13 10:30:00,3020.0,3045.0,39.0,0.8278145695364225,0.021226014603498013,3583829.0,,40267.74157303371,,1423327.0,0.0,36495.5641025641,0.0,1.1033598894339212,,2.5179238502466403,,43.82022471910113,46.06741573033708,10.112359550561797,True,True,2025-11-14 11:15:00,3043.0,2025-11-17 14:00:00,3099.0,1,2,2025-11-18 22:00:00,3089.0,2025-11-18 22:15:00,3084.0,7,8,9.832123425352936,5.189093303822553,
RB:5m:1:1:14384:14397:6,RB,1h,1473,2025-11-18 23:00:00,655.0,-1,1,BOS,-1,3021.0,69.0,BOS,1,3055.0,13.0,5,5,1,3,current_internal_high,internal,0.0,4.0,3104.0,3104.0,3104.0,0.8447043534762833,active_bull_internal_ob,internal,1.0,24.0,3022.0,3049.0,3035.5,0.9421702404158544,3083.0,3089.0,3077.0,3079.0,116741.0,1652407.0,0,0,0,0,0,0,,3104.0,4.0,above,0.8447043534762833,3055.0,False,,3035.0,14.0,below,1.3970110461338532,3026.0,False,,3143.0,45.0,above,2.111760883690708,3202.0,False,,3009.0,19.0,below,2.241715399610136,3021.0,False,,0,0,0.00034880643603561685,23,NONE,0.009257742651469064,0.010655873059178091,0.004114960299279996,0.3670157542747659,0.00034880643603561685,0.008022548028819187,0.001259773587838131,0.003989405172009519,0.007763740727441126,3050.756877931907,0.9257742651469064,-0.1621271076523989,-0.26575938597018856,,19,1,1451,1473,2025-11-13 21:00:00,2025-11-18 22:00:00,3052.0,3079.0,23,0.8846657929226787,0.038463730127072986,18.0,-1.0,1401.0,1450.0,2025-11-04 14:00:00,2025-11-13 14:00:00,3044.0,3046.0,50.0,0.06570302233903647,0.0013140604467807293,3141596.0,,136591.13043478262,,6591353.0,0.0,131827.06,0.0,1.0361387899781929,,0.47662384338996866,,52.17391304347826,47.82608695652174,0.0,True,False,,,,,0,0,2025-11-18 14:00:00,3090.0,2025-11-18 22:00:00,3079.0,1,2,0.386168292023309,10.645983929884125,4.0
RB:5m:1:1:14384:14397:6,RB,4h,630,2025-11-18 23:00:00,655.0,1,1,CHoCH,1,3163.0,245.0,CHoCH,1,3050.0,7.0,3,4,1,1,active_bear_internal_ob,internal,-1.0,30.0,3127.0,3143.0,3135.0,1.5919428200129953,current_internal_high,internal,0.0,14.0,3050.0,3050.0,3050.0,0.9096816114359974,3084.0,3089.0,3077.0,3079.0,241382.0,1652407.0,0,0,0,0,0,0,,3050.0,14.0,below,0.9096816114359974,3143.0,True,7.0,3020.0,11.0,below,1.8843404808317088,3009.0,False,,3384.0,171.0,above,9.941520467836257,3163.0,False,,2912.0,293.0,below,5.39311241065627,3033.0,False,,0,0,0.0002540442719908276,-30,NONE,0.015393626712681074,0.009616630143384458,0.004950740959556806,0.8783736815496892,0.0002540442719908276,0.007621328159724827,0.0026818333288491925,0.004497657788318898,0.006210480925535444,3032.3215736228403,1.5393626712681074,-0.35598705501618255,-0.4609125669969016,,8,-1,601,630,2025-11-05 09:00:00,2025-11-18 21:00:00,3024.0,3079.0,30,1.8187830687830697,0.06062610229276899,7.0,1.0,587.0,600.0,2025-10-29 13:30:00,2025-11-04 21:00:00,3133.0,3028.0,14.0,-3.351420363868496,-0.23938716884774972,9045139.0,,301504.63333333336,,5369414.0,0.0,383529.5714285714,0.0,0.7861313854112697,,1.6845672544527206,,20.0,6.666666666666667,73.33333333333333,False,False,2025-11-05 09:00:00,3024.0,,,1,0,2025-11-14 13:30:00,3053.0,,,1,0,0.5148103738774393,16.766330607432625,
RB:5m:1:1:14384:14397:7,RB,5m,14547,2025-11-19 14:35:00,0.0,1,-1,BOS,1,3055.0,177.0,CHoCH,-1,3086.0,1.0,15,19,7,6,current_internal_low,internal,0.0,8.0,3086.0,3086.0,3086.0,0.19480519480519481,active_bull_internal_ob,internal,1.0,24.0,3077.0,3079.0,3078.0,0.032467532467532464,3082.0,3083.0,3079.0,3080.0,34979.0,1647879.0,0,0,0,0,0,0,,3096.0,6.0,above,0.5194805194805194,3094.0,False,,3086.0,8.0,above,0.19480519480519481,3077.0,True,1.0,3104.0,94.0,above,0.7792207792207793,3055.0,False,,3075.0,32.0,below,0.16233766233766234,3035.0,False,,0,0,0.00017318014703339495,23,NONE,-0.0039782971630354,0.000200540174420011,0.002578545347880875,0.052549780868814344,0.00017318014703339495,0.003983143381768084,-0.0009083801390407098,-0.0011234784801562592,0.003608055201423488,3092.3020966583845,-0.39782971630353997,-0.03245699448231054,2.828602624505119,,195,1,14525,14547,2025-11-19 10:40:00,2025-11-19 14:30:00,3094.0,3080.0,23,-0.4524886877828038,-0.019673421207947992,194.0,-1.0,14519.0,14524.0,2025-11-19 09:55:00,2025-11-19 10:35:00,3079.0,3086.0,6.0,0.22734654108476082,0.03789109018079347,304445.0,,13236.739130434782,,67624.0,0.0,11270.666666666666,0.0,1.1744415412073923,,4.50202590796167,,26.08695652173913,65.21739130434783,8.695652173913043,True,True,,,2025-11-19 13:35:00,3091.0,0,1,2025-11-19 14:10:00,3092.0,2025-11-19 14:20:00,3087.0,2,3,12.857998928834949,4.150497145366847,
RB:5m:1:1:14384:14397:7,RB,15m,4848,2025-11-19 14:30:00,5.0,1,1,CHoCH,1,3050.0,97.0,CHoCH,1,3089.0,7.0,8,10,3,4,current_internal_high,internal,0.0,10.0,3089.0,3089.0,3089.0,0.2922077922077922,current_internal_low,internal,0.0,3.0,3077.0,3077.0,3077.0,0.09740259740259741,3092.0,3093.0,3081.0,3081.0,51854.0,1646559.0,1,1,1,0,1,0,active_bull_internal_ob,3089.0,10.0,above,0.2922077922077922,3090.0,True,7.0,3077.0,3.0,below,0.09740259740259741,3079.0,False,,3050.0,110.0,below,0.974025974025974,3143.0,True,97.0,3020.0,86.0,below,1.948051948051948,3009.0,False,,1,1,0.00020838566160515568,99,UP_CONFIRMED,-0.0040762637065058635,0.00024237085007632088,0.004969298883870567,0.19240629462223352,0.00020838566160515568,0.02063018049891041,-0.00021046004577873756,-0.0005031142674779554,-0.001176350110586144,3093.61037168015,-0.4076263706505863,-0.35575679172057395,1.691860259198863,,75,1,4750,4848,2025-11-13 10:45:00,2025-11-19 14:15:00,3049.0,3081.0,99,1.049524434240734,0.010601256911522566,74.0,-1.0,4711.0,4749.0,2025-11-11 14:30:00,2025-11-13 10:30:00,3020.0,3045.0,39.0,0.8278145695364225,0.021226014603498013,3930745.0,,39704.49494949495,,1423327.0,0.0,36495.5641025641,0.0,1.0879265994604914,,2.761659829399709,,39.39393939393939,49.494949494949495,11.11111111111111,True,True,2025-11-14 11:15:00,3043.0,2025-11-17 14:00:00,3099.0,1,2,2025-11-19 11:15:00,3088.0,2025-11-19 14:15:00,3081.0,9,10,20.502873519260955,6.202387768281826,
RB:5m:1:1:14384:14397:7,RB,1h,1477,2025-11-19 14:00:00,35.0,-1,1,BOS,-1,3021.0,73.0,BOS,1,3055.0,17.0,5,5,1,3,current_internal_high,internal,0.0,8.0,3104.0,3104.0,3104.0,0.7792207792207793,current_internal_low,internal,0.0,3.0,3075.0,3075.0,3075.0,0.16233766233766234,3088.0,3096.0,3087.0,3088.0,64298.0,1642551.0,0,0,0,0,0,0,,3104.0,8.0,above,0.7792207792207793,3055.0,False,,3075.0,3.0,below,0.16233766233766234,3035.0,False,,3143.0,49.0,above,2.0454545454545454,3202.0,False,,3009.0,23.0,below,2.3051948051948052,3021.0,False,,0,0,0.0003317250732761514,27,NONE,0.011270791482866237,0.010721098099987917,0.003833189350515399,0.5570143037609957,0.0003317250732761514,0.008956576978456088,0.0012106228538346642,0.0024631895222779754,0.00802831008002447,3053.5836948993096,1.1270791482866238,0.0,-0.8015379844347417,,19,1,1451,1477,2025-11-13 21:00:00,2025-11-19 13:30:00,3052.0,3088.0,27,1.1795543905635641,0.04368719965050238,18.0,-1.0,1401.0,1450.0,2025-11-04 14:00:00,2025-11-13 14:00:00,3044.0,3046.0,50.0,0.06570302233903647,0.0013140604467807293,3484078.0,,129039.92592592593,,6591353.0,0.0,131827.06,0.0,0.9788576482394884,,0.5285831300493237,,44.44444444444444,55.55555555555556,0.0,False,False,,,,,0,0,2025-11-19 10:00:00,3091.0,2025-11-18 22:00:00,3079.0,2,2,0.3575370092471889,10.403085876234394,2.0
RB:5m:1:1:14384:14397:7,RB,4h,631,2025-11-19 11:30:00,185.0,1,1,CHoCH,1,3163.0,246.0,CHoCH,1,3050.0,8.0,3,4,1,1,current_internal_high,internal,0.0,0.0,3104.0,3104.0,3104.0,0.7792207792207793,active_bull_internal_ob,internal,1.0,8.0,3020.0,3035.0,3027.5,1.461038961038961,3080.0,3094.0,3077.0,3088.0,278184.0,1639403.0,0,0,0,0,0,0,,3104.0,0.0,above,0.7792207792207793,3050.0,False,,3020.0,12.0,below,1.948051948051948,3009.0,False,,3384.0,172.0,above,9.87012987012987,3163.0,False,,2912.0,294.0,below,5.454545454545454,3033.0,False,,0,0,0.00026103294052007015,-31,NONE,0.0178861616182923,0.009883389223220195,0.0050846837046507765,0.9422444583814168,0.00026103294052007015,0.008092021156122176,0.0022129020442598346,0.004786284091739201,0.006421309309430079,3033.7380705623555,1.78861616182923,0.2923026956804131,-0.11821857945827903,,8,-1,601,631,2025-11-05 09:00:00,2025-11-19 09:00:00,3024.0,3088.0,31,2.1164021164021163,0.06827103601297149,7.0,1.0,587.0,600.0,2025-10-29 13:30:00,2025-11-04 21:00:00,3133.0,3028.0,14.0,-3.351420363868496,-0.23938716884774972,9323323.0,,300752.3548387097,,5369414.0,0.0,383529.5714285714,0.0,0.7841699238952213,,1.7363762600537043,,22.58064516129032,6.451612903225806,70.96774193548387,False,False,2025-11-05 09:00:00,3024.0,,,1,0,2025-11-14 13:30:00,3053.0,,,1,0,0.5144676173133744,16.783021278330295,
RB:5m:1:1:14440:14453:1,RB,5m,14455,2025-11-18 10:40:00,0.0,1,1,BOS,1,3055.0,85.0,BOS,1,3087.0,2.0,15,18,7,6,current_internal_high,internal,0.0,15.0,3087.0,3087.0,3087.0,0.06482982171799027,current_internal_low,internal,0.0,7.0,3080.0,3080.0,3080.0,0.1620745542949757,3088.0,3088.0,3085.0,3085.0,6701.0,1675165.0,1,1,1,0,1,0,active_bull_internal_ob,3087.0,15.0,above,0.06482982171799027,3104.0,True,2.0,3080.0,7.0,below,0.1620745542949757,3080.0,False,,3104.0,2.0,above,0.6158833063209076,3055.0,False,,3035.0,91.0,below,1.6207455429497568,3026.0,False,,0,0,-5.271462873190913e-05,-6,NONE,-0.0031584241208120977,-0.002925250175220958,0.0004986762431615507,0.3200403996785661,-5.271462873190913e-05,-0.0003162877723914548,-0.0003162877723914548,,,3094.774610779162,-0.3158424120812098,-0.09715025906735786,-0.7337632708384275,,192,-1,14450,14455,2025-11-18 09:55:00,2025-11-18 10:35:00,3085.0,3085.0,6,0.0,0.0,191.0,1.0,14334.0,14449.0,2025-11-14 14:00:00,2025-11-18 09:50:00,3053.0,3081.0,116.0,0.9171306911234911,0.007906299061409406,76644.0,,12774.0,,2001493.0,0.0,17254.25,0.0,0.7403393366851645,,0.038293413966474024,,0.0,66.66666666666666,33.33333333333333,True,True,,,,,0,0,2025-11-18 10:05:00,3086.0,2025-11-18 10:35:00,3085.0,1,1,0.17047302394363015,3.162113251882196,
RB:5m:1:1:14440:14453:1,RB,15m,4817,2025-11-18 10:15:00,25.0,1,1,CHoCH,1,3050.0,66.0,BOS,1,3057.0,27.0,7,10,3,4,current_internal_high,internal,0.0,11.0,3104.0,3104.0,3104.0,0.6158833063209076,active_bull_internal_ob,internal,1.0,27.0,3041.0,3051.0,3046.0,1.1021069692058345,3084.0,3088.0,3083.0,3088.0,40284.0,1677235.0,0,0,0,0,0,0,,3104.0,11.0,above,0.6158833063209076,3057.0,False,,3042.0,24.0,below,1.393841166936791,3036.0,False,,3050.0,79.0,below,1.1345218800648298,3143.0,True,66.0,3020.0,55.0,below,2.106969205834684,3009.0,False,,1,1,0.0003360572151877017,68,UP_CONFIRMED,-0.003981670321698947,0.0021517550947219677,0.004790033895851058,0.10019248658721591,0.0003360572151877017,0.022851890632763716,-0.0004006565461089906,-0.0006886036865373368,0.014968842307891972,3100.3445498813035,-0.3981670321698947,0.0972447325769954,-0.26815518835722885,,75,1,4750,4817,2025-11-13 10:45:00,2025-11-18 10:00:00,3049.0,3088.0,68,1.2791079042308917,0.018810410356336644,74.0,-1.0,4711.0,4749.0,2025-11-11 14:30:00,2025-11-13 10:30:00,3020.0,3045.0,39.0,0.8278145695364225,0.021226014603498013,2969786.0,,43673.32352941176,,1423327.0,0.0,36495.5641025641,0.0,1.1966748453778076,,2.0865099868125876,,57.35294117647059,42.64705882352941,0.0,True,True,2025-11-14 11:15:00,3043.0,2025-11-17 14:00:00,3099.0,1,2,2025-11-14 22:45:00,3050.0,2025-11-17 21:15:00,3086.0,5,6,2.2261055208376246,5.509520752315019,
RB:5m:1:1:14440:14453:1,RB,1h,1467,2025-11-18 10:00:00,40.0,-1,1,BOS,-1,3021.0,63.0,BOS,1,3055.0,7.0,5,5,1,3,active_bear_internal_ob,internal,-1.0,79.0,3113.0,3126.0,3119.5,0.9076175040518639,current_internal_high,internal,0.0,11.0,3055.0,3055.0,3055.0,0.9724473257698543,3086.0,3086.0,3080.0,3085.0,124989.0,1683494.0,0,0,0,0,0,0,,3055.0,11.0,below,0.9724473257698543,3049.0,True,7.0,3035.0,8.0,below,1.6207455429497568,3026.0,False,,3143.0,39.0,above,1.880064829821718,3202.0,False,,3009.0,13.0,below,2.4635332252836304,3021.0,False,,0,0,0.0003810254301631817,17,NONE,0.01277687094088446,0.010438969666772331,0.004697005869833253,0.6906673630661821,0.0003810254301631817,0.00647743231277409,0.0033015138743826,0.005551446293403206,,3046.080621029576,1.277687094088446,0.0,-0.18094093721876797,,19,1,1451,1467,2025-11-13 21:00:00,2025-11-18 09:00:00,3052.0,3085.0,17,1.081258191349943,0.06360342302058489,18.0,-1.0,1401.0,1450.0,2025-11-04 14:00:00,2025-11-13 14:00:00,3044.0,3046.0,50.0,0.06570302233903647,0.0013140604467807293,2558419.0,,150495.23529411765,,6591353.0,0.0,131827.06,0.0,1.1416111024103675,,0.3881477748195249,,64.70588235294117,35.294117647058826,0.0,True,False,,,,,0,0,,,,,0,0,0.4499491827037313,10.840165470704136,4.0
RB:5m:1:1:14440:14453:1,RB,4h,627,2025-11-17 23:00:00,700.0,1,1,CHoCH,1,3163.0,242.0,CHoCH,1,3050.0,4.0,3,4,1,1,active_bear_internal_ob,internal,-1.0,27.0,3127.0,3143.0,3135.0,1.3614262560777957,current_internal_high,internal,0.0,11.0,3050.0,3050.0,3050.0,1.1345218800648298,3100.0,3100.0,3080.0,3085.0,335105.0,1689241.0,0,0,0,0,0,0,,3050.0,11.0,below,1.1345218800648298,3143.0,True,4.0,3020.0,8.0,below,2.106969205834684,3009.0,False,,3384.0,168.0,above,9.692058346839547,3163.0,False,,2912.0,290.0,below,5.607779578606159,3033.0,False,,0,0,0.00024002183401835615,-27,NONE,0.018525391920271382,0.008789226701163347,0.004479314607204055,0.9851317931895825,0.00024002183401835615,0.006480589518495616,0.0029806650007033753,0.003944824201912667,0.0055711360876848914,3028.888650663595,1.8525391920271381,-0.3874717468517974,0.24350595459545077,,8,-1,601,627,2025-11-05 09:00:00,2025-11-17 21:00:00,3024.0,3085.0,27,2.0171957671957674,0.07471095434058397,7.0,1.0,587.0,600.0,2025-10-29 13:30:00,2025-11-04 21:00:00,3133.0,3028.0,14.0,-3.351420363868496,-0.23938716884774972,8336973.0,,308776.77777777775,,5369414.0,0.0,383529.5714285714,0.0,0.8050924903330026,,1.5526783742136478,,11.11111111111111,7.4074074074074066,81.48148148148148,False,False,2025-11-05 09:00:00,3024.0,,,1,0,2025-11-14 13:30:00,3053.0,,,1,0,0.5096369407118798,17.63305015329773,
RB:5m:1:-1:14454:14463:1,RB,5m,14477,2025-11-18 14:30:00,0.0,1,1,BOS,1,3055.0,107.0,CHoCH,1,3084.0,0.0,15,19,7,6,active_bear_internal_ob,internal,-1.0,14.0,3087.0,3090.0,3088.5,0.03240440699935191,current_internal_high,internal,0.0,3.0,3084.0,3084.0,3084.0,0.06480881399870382,3081.0,3088.0,3080.0,3086.0,24365.0,1660160.0,0,0,0,0,0,0,,3084.0,3.0,below,0.06480881399870382,3090.0,True,0.0,3075.0,7.0,below,0.356448476992871,3080.0,False,,3104.0,24.0,above,0.5832793259883344,3055.0,False,,3035.0,113.0,below,1.6526247569669477,3026.0,False,,0,0,-0.0002237619909308462,-28,NONE,0.003134283268432335,-0.001028506455828628,0.002635095830441812,0.9429178082389329,-0.0002237619909308462,-0.006265335746063694,0.00021734080752655593,0.0003241192125598147,-0.005862599914211564,3076.357823147199,0.31342832684323346,0.1622849724115527,2.4388450085779034,,192,-1,14450,14477,2025-11-18 09:55:00,2025-11-18 14:25:00,3085.0,3086.0,28,0.032414910858991064,0.0011576753878211094,191.0,1.0,14334.0,14449.0,2025-11-14 14:00:00,2025-11-18 09:50:00,3053.0,3081.0,116.0,0.9171306911234911,0.007906299061409406,289631.0,,10343.964285714286,,2001493.0,0.0,17254.25,0.0,0.5995024000298064,,0.1447074758692636,,3.571428571428571,71.42857142857143,25.0,True,False,2025-11-18 11:25:00,3080.0,,,1,0,2025-11-18 14:20:00,3081.0,2025-11-18 13:55:00,3080.0,4,3,2.5620605641398884,3.3123421637759423,
RB:5m:1:-1:14454:14463:1,RB,15m,4825,2025-11-18 14:30:00,0.0,1,1,CHoCH,1,3050.0,74.0,BOS,1,3057.0,35.0,7,10,3,4,current_internal_high,internal,0.0,19.0,3104.0,3104.0,3104.0,0.5832793259883344,active_bull_internal_ob,internal,1.0,35.0,3041.0,3051.0,3046.0,1.134154244977317,3079.0,3088.0,3078.0,3086.0,36784.0,1660160.0,0,0,0,0,0,0,,3104.0,19.0,above,0.5832793259883344,3057.0,False,,3042.0,32.0,below,1.425793907971484,3036.0,False,,3050.0,87.0,below,1.1665586519766689,3143.0,True,74.0,3020.0,63.0,below,2.138690861957226,3009.0,False,,1,1,0.0002918651025384303,76,UP_CONFIRMED,-0.0039741927440147574,0.001353642387939321,0.005101899551491055,0.14817686786814538,0.0002918651025384303,0.022181747792920703,-0.0004625028028423239,-0.0008316985020981882,-0.0015157146012629852,3098.313294212544,-0.39741927440147573,0.22734654108476082,0.5052018384069961,,75,1,4750,4825,2025-11-13 10:45:00,2025-11-18 14:15:00,3049.0,3086.0,76,1.2135126270908403,0.015967271409090003,74.0,-1.0,4711.0,4749.0,2025-11-11 14:30:00,2025-11-13 10:30:00,3020.0,3045.0,39.0,0.8278145695364225,0.021226014603498013,3204565.0,,42165.32894736842,,1423327.0,0.0,36495.5641025641,0.0,1.1553549036499473,,2.2514608378819485,,51.31578947368421,44.73684210526316,3.9473684210526314,True,True,2025-11-14 11:15:00,3043.0,2025-11-17 14:00:00,3099.0,1,2,2025-11-14 22:45:00,3050.0,2025-11-17 21:15:00,3086.0,5,6,3.7690158028057814,5.592739994306066,
RB:5m:1:-1:14454:14463:1,RB,1h,1470,2025-11-18 14:00:00,30.0,-1,1,BOS,-1,3021.0,66.0,BOS,1,3055.0,10.0,5,5,1,3,current_internal_high,internal,0.0,1.0,3104.0,3104.0,3104.0,0.5832793259883344,active_bull_internal_ob,internal,1.0,21.0,3022.0,3049.0,3035.5,1.1989630589760207,3078.0,3084.0,3078.0,3080.0,47965.0,1663228.0,0,0,0,0,0,0,,3104.0,1.0,above,0.5832793259883344,3055.0,False,,3035.0,11.0,below,1.6526247569669477,3026.0,False,,3143.0,42.0,above,1.8470511989630591,3202.0,False,,3009.0,16.0,below,2.4951393389500973,3021.0,False,,0,0,0.00035341580900766223,20,NONE,0.010542147156706766,0.010558292242160145,0.004353555272119708,0.49852053275038366,0.00035341580900766223,0.007068316180153245,0.0012399198561037217,0.004528477079157378,,3047.8689173588505,1.0542147156706765,0.0,-0.9766363997099138,,19,1,1451,1470,2025-11-13 21:00:00,2025-11-18 13:30:00,3052.0,3080.0,20,0.917431192660545,0.04587155963302725,18.0,-1.0,1401.0,1450.0,2025-11-04 14:00:00,2025-11-13 14:00:00,3044.0,3046.0,50.0,0.06570302233903647,0.0013140604467807293,2782075.0,,139103.75,,6591353.0,0.0,131827.06,0.0,1.0551987581305386,,0.42207950325221544,,60.0,40.0,0.0,True,False,,,,,0,0,,,2025-11-18 11:00:00,3080.0,0,1,0.4123351743130956,10.391706829131556,2.0
RB:5m:1:-1:14454:14463:1,RB,4h,628,2025-11-18 11:30:00,180.0,1,1,CHoCH,1,3163.0,243.0,CHoCH,1,3050.0,5.0,3,4,1,1,active_bear_internal_ob,internal,-1.0,28.0,3127.0,3143.0,3135.0,1.3285806869734285,current_internal_high,internal,0.0,12.0,3050.0,3050.0,3050.0,1.1665586519766689,3086.0,3090.0,3075.0,3080.0,300680.0,1662301.0,0,0,0,0,0,0,,3050.0,12.0,below,1.1665586519766689,3143.0,True,5.0,3020.0,9.0,below,2.138690861957226,3009.0,False,,3384.0,169.0,above,9.65651328580687,3163.0,False,,2912.0,291.0,below,5.638366817887232,3033.0,False,,0,0,0.0002485237393099154,-28,NONE,0.0163918384360233,0.009060748548836916,0.0046193321736868985,0.9437488189572343,0.0002485237393099154,0.00695866470067763,0.003192217620623161,0.004292962035536085,0.005924960304181326,3030.327363450066,1.63918384360233,-0.16207455429497752,-0.07954478863388492,,8,-1,601,628,2025-11-05 09:00:00,2025-11-18 09:00:00,3024.0,3080.0,28,1.85185185185186,0.06613756613756643,7.0,1.0,587.0,600.0,2025-10-29 13:30:00,2025-11-04 21:00:00,3133.0,3028.0,14.0,-3.351420363868496,-0.23938716884774972,8637653.0,,308487.60714285716,,5369414.0,0.0,383529.5714285714,0.0,0.8043385181325188,,1.6086770362650376,,14.285714285714285,7.142857142857142,78.57142857142857,False,False,2025-11-05 09:00:00,3024.0,,,1,0,2025-11-14 13:30:00,3053.0,,,1,0,0.509817941507698,17.444975142347896,
RB:5m:1:-1:14454:14463:2,RB,5m,14482,2025-11-18 14:55:00,0.0,1,1,BOS,1,3055.0,112.0,CHoCH,1,3084.0,5.0,15,19,7,6,active_bear_internal_ob,internal,-1.0,19.0,3087.0,3090.0,3088.5,0.03240440699935191,active_bull_internal_ob,internal,1.0,5.0,3078.0,3081.0,3079.5,0.16202203499675957,3085.0,3087.0,3084.0,3086.0,9033.0,1658764.0,0,0,0,0,0,0,,3088.0,0.0,above,0.06480881399870382,3084.0,False,,3078.0,2.0,below,0.2592352559948153,3075.0,False,,3104.0,29.0,above,0.5832793259883344,3055.0,False,,3035.0,118.0,below,1.6526247569669477,3026.0,False,,0,0,-0.0001819629062667857,-33,NONE,0.0028713277719983475,-0.0004524120598119336,0.0027855980865746925,0.883601956250829,-0.0001819629062667857,-0.0060047759068039275,0.0002622026267498079,0.00047960042160721805,-0.005276552721755645,3077.1644522492506,0.28713277719983477,0.0,-0.10961551201373584,,192,-1,14450,14482,2025-11-18 09:55:00,2025-11-18 14:50:00,3085.0,3086.0,33,0.032414910858991064,0.0009822700260300322,191.0,1.0,14334.0,14449.0,2025-11-14 14:00:00,2025-11-18 09:50:00,3053.0,3081.0,116.0,0.9171306911234911,0.007906299061409406,329042.0,,9970.969696969696,,2001493.0,0.0,17254.25,0.0,0.5778848513826852,,0.16439827668645357,,18.181818181818183,60.60606060606061,21.21212121212121,False,False,2025-11-18 11:25:00,3080.0,,,1,0,2025-11-18 14:20:00,3081.0,2025-11-18 13:55:00,3080.0,4,3,6.157214482152969,3.0877135624569774,
RB:5m:1:-1:14454:14463:2,RB,15m,4826,2025-11-18 14:45:00,10.0,1,1,CHoCH,1,3050.0,75.0,BOS,1,3057.0,36.0,7,10,3,4,current_internal_high,internal,0.0,20.0,3104.0,3104.0,3104.0,0.5832793259883344,current_internal_low,internal,0.0,0.0,3075.0,3075.0,3075.0,0.356448476992871,3087.0,3087.0,3084.0,3085.0,23671.0,1661301.0,0,0,0,0,0,0,,3104.0,20.0,above,0.5832793259883344,3057.0,False,,3075.0,0.0,below,0.356448476992871,3042.0,False,,3050.0,88.0,below,1.1665586519766689,3143.0,True,75.0,3020.0,64.0,below,2.138690861957226,3009.0,False,,1,1,0.00028735657850898654,77,UP_CONFIRMED,-0.004243087109155887,0.0012809575892757468,0.005108116015388326,0.1397540383385839,0.00028735657850898654,0.022126456545191964,-0.0003347184981093987,-0.0007935395308271698,-0.001467549382788702,3098.1457020908283,-0.4243087109155887,-0.03240440699935343,-0.5581286389808623,,75,1,4750,4826,2025-11-13 10:45:00,2025-11-18 14:30:00,3049.0,3085.0,77,1.1807149885208368,0.015333960889880998,74.0,-1.0,4711.0,4749.0,2025-11-11 14:30:00,2025-11-13 10:30:00,3020.0,3045.0,39.0,0.8278145695364225,0.021226014603498013,3228236.0,,41925.142857142855,,1423327.0,0.0,36495.5641025641,0.0,1.148773662994218,,2.2680915910398665,,50.649350649350644,44.15584415584416,5.194805194805195,True,True,2025-11-14 11:15:00,3043.0,2025-11-17 14:00:00,3099.0,1,2,2025-11-14 22:45:00,3050.0,2025-11-17 21:15:00,3086.0,5,6,3.9877323481696645,5.407544280427062,
RB:5m:1:-1:14454:14463:2,RB,1h,1470,2025-11-18 14:00:00,55.0,-1,1,BOS,-1,3021.0,66.0,BOS,1,3055.0,10.0,5,5,1,3,current_internal_high,internal,0.0,1.0,3104.0,3104.0,3104.0,0.5832793259883344,active_bull_internal_ob,internal,1.0,21.0,3022.0,3049.0,3035.5,1.1989630589760207,3078.0,3084.0,3078.0,3080.0,47965.0,1663228.0,0,0,0,0,0,0,,3104.0,1.0,above,0.5832793259883344,3055.0,False,,3035.0,11.0,below,1.6526247569669477,3026.0,False,,3143.0,42.0,above,1.8470511989630591,3202.0,False,,3009.0,16.0,below,2.4951393389500973,3021.0,False,,0,0,0.00035341580900766223,20,NONE,0.010542147156706766,0.010558292242160145,0.004353555272119708,0.49852053275038366,0.00035341580900766223,0.007068316180153245,0.0012399198561037217,0.004528477079157378,,3047.8689173588505,1.0542147156706765,0.0,-0.9766363997099138,,19,1,1451,1470,2025-11-13 21:00:00,2025-11-18 13:30:00,3052.0,3080.0,20,0.917431192660545,0.04587155963302725,18.0,-1.0,1401.0,1450.0,2025-11-04 14:00:00,2025-11-13 14:00:00,3044.0,3046.0,50.0,0.06570302233903647,0.0013140604467807293,2782075.0,,139103.75,,6591353.0,0.0,131827.06,0.0,1.0551987581305386,,0.42207950325221544,,60.0,40.0,0.0,True,False,,,,,0,0,,,2025-11-18 11:00:00,3080.0,0,1,0.4123351743130956,10.391706829131556,2.0
RB:5m:1:-1:14454:14463:2,RB,4h,628,2025-11-18 11:30:00,205.0,1,1,CHoCH,1,3163.0,243.0,CHoCH,1,3050.0,5.0,3,4,1,1,active_bear_internal_ob,internal,-1.0,28.0,3127.0,3143.0,3135.0,1.3285806869734285,current_internal_high,internal,0.0,12.0,3050.0,3050.0,3050.0,1.1665586519766689,3086.0,3090.0,3075.0,3080.0,300680.0,1662301.0,0,0,0,0,0,0,,3050.0,12.0,below,1.1665586519766689,3143.0,True,5.0,3020.0,9.0,below,2.138690861957226,3009.0,False,,3384.0,169.0,above,9.65651328580687,3163.0,False,,2912.0,291.0,below,5.638366817887232,3033.0,False,,0,0,0.0002485237393099154,-28,NONE,0.0163918384360233,0.009060748548836916,0.0046193321736868985,0.9437488189572343,0.0002485237393099154,0.00695866470067763,0.003192217620623161,0.004292962035536085,0.005924960304181326,3030.327363450066,1.63918384360233,-0.16207455429497752,-0.07954478863388492,,8,-1,601,628,2025-11-05 09:00:00,2025-11-18 09:00:00,3024.0,3080.0,28,1.85185185185186,0.06613756613756643,7.0,1.0,587.0,600.0,2025-10-29 13:30:00,2025-11-04 21:00:00,3133.0,3028.0,14.0,-3.351420363868496,-0.23938716884774972,8637653.0,,308487.60714285716,,5369414.0,0.0,383529.5714285714,0.0,0.8043385181325188,,1.6086770362650376,,14.285714285714285,7.142857142857142,78.57142857142857,False,False,2025-11-05 09:00:00,3024.0,,,1,0,2025-11-14 13:30:00,3053.0,,,1,0,0.509817941507698,17.444975142347896,
RB:5m:1:-1:14454:14463:3,RB,5m,14497,2025-11-18 22:10:00,0.0,1,1,BOS,1,3055.0,127.0,BOS,1,3088.0,14.0,15,19,7,6,current_internal_high,internal,0.0,15.0,3088.0,3088.0,3088.0,0.032393909944930355,active_bull_internal_ob,internal,1.0,20.0,3078.0,3081.0,3079.5,0.1943634596695821,3085.0,3087.0,3084.0,3087.0,9433.0,1658069.0,1,1,0,1,1,0,active_bear_internal_ob,3088.0,15.0,above,0.032393909944930355,3084.0,True,14.0,3079.0,6.0,below,0.25915127955944284,3078.0,False,,3104.0,44.0,above,0.550696469063816,3055.0,False,,3035.0,133.0,below,1.6844833171363784,3026.0,False,,0,0,-2.497286405388858e-05,15,NONE,-0.000581814367977714,-0.001662318502737265,0.0007893307460157081,0.9144826084771814,-2.497286405388858e-05,-0.0003745929608083287,-5.4045277930625524e-05,-0.00013010716222894292,,3088.797106536351,-0.0581814367977714,0.06482982171798213,-0.09123956288756958,,193,1,14483,14497,2025-11-18 14:55:00,2025-11-18 22:05:00,3090.0,3087.0,15,-0.0970873786407811,-0.006472491909385407,192.0,-1.0,14450.0,14482.0,2025-11-18 09:55:00,2025-11-18 14:50:00,3085.0,3086.0,33.0,0.032414910858991064,0.0009822700260300322,166224.0,,11081.6,,329042.0,0.0,9970.969696969696,0.0,1.1113863883637956,,0.5051756310744525,,6.666666666666667,93.33333333333333,0.0,True,True,,,2025-11-18 21:00:00,3082.0,0,1,2025-11-18 22:05:00,3087.0,2025-11-18 21:30:00,3085.0,2,2,0.4748372497303932,2.9916076458810377,
RB:5m:1:-1:14454:14463:3,RB,15m,4831,2025-11-18 22:00:00,10.0,1,1,CHoCH,1,3050.0,80.0,BOS,1,3057.0,41.0,7,10,3,4,current_internal_high,internal,0.0,25.0,3104.0,3104.0,3104.0,0.550696469063816,current_internal_low,internal,0.0,5.0,3075.0,3075.0,3075.0,0.3887269193391642,3084.0,3085.0,3082.0,3084.0,10511.0,1659779.0,0,0,0,0,0,0,,3104.0,25.0,above,0.550696469063816,3057.0,False,,3075.0,5.0,below,0.3887269193391642,3042.0,False,,3050.0,93.0,below,1.198574667962423,3143.0,True,80.0,3020.0,69.0,below,2.170391966310334,3009.0,False,,1,1,0.000264700486145805,82,UP_CONFIRMED,-0.004155669823294053,0.0009585230232415947,0.005114825403295535,0.15868518059952352,0.000264700486145805,0.02170543986395601,-0.00041190273330660165,-0.0007464833599517551,-0.0015661371322781559,3096.869567407955,-0.41556698232940525,0.0,-1.352520092559719,,75,1,4750,4831,2025-11-13 10:45:00,2025-11-18 21:45:00,3049.0,3084.0,82,1.147917349950811,0.013998992072570866,74.0,-1.0,4711.0,4749.0,2025-11-11 14:30:00,2025-11-13 10:30:00,3020.0,3045.0,39.0,0.8278145695364225,0.021226014603498013,3395938.0,,41413.87804878049,,1423327.0,0.0,36495.5641025641,0.0,1.134764705441855,,2.3859155345187717,,47.5609756097561,47.5609756097561,4.878048780487805,True,True,2025-11-14 11:15:00,3043.0,2025-11-17 14:00:00,3099.0,1,2,2025-11-18 14:45:00,3090.0,2025-11-18 21:00:00,3080.0,6,7,5.336152892809909,5.463674619415655,
RB:5m:1:-1:14454:14463:3,RB,1h,1472,2025-11-18 22:00:00,10.0,-1,1,BOS,-1,3021.0,68.0,BOS,1,3055.0,12.0,5,5,1,3,current_internal_high,internal,0.0,3.0,3104.0,3104.0,3104.0,0.550696469063816,active_bull_internal_ob,internal,1.0,23.0,3022.0,3049.0,3035.5,1.2309685779073534,3084.0,3086.0,3079.0,3084.0,124641.0,1659779.0,0,0,0,0,0,0,,3104.0,3.0,above,0.550696469063816,3055.0,False,,3035.0,13.0,below,1.6844833171363784,3026.0,False,,3143.0,44.0,above,1.8140589569160999,3202.0,False,,3009.0,18.0,below,2.5267249757045676,3021.0,False,,0,0,0.0003516630924698318,22,NONE,0.011183536917281882,0.010719424441346681,0.004196389348053977,0.5440324527788875,0.0003516630924698318,0.0077365880343363,0.0012510521161599453,0.004556696356461831,0.007653072848613496,3049.891426636509,1.1183536917281882,-0.1941747572815511,-0.1843388350362241,,19,1,1451,1472,2025-11-13 21:00:00,2025-11-18 21:00:00,3052.0,3084.0,22,1.0484927916120546,0.04765876325509339,18.0,-1.0,1401.0,1450.0,2025-11-04 14:00:00,2025-11-13 14:00:00,3044.0,3046.0,50.0,0.06570302233903647,0.0013140604467807293,3024855.0,,137493.4090909091,,6591353.0,0.0,131827.06,0.0,1.0429832015589902,,0.4589126086859557,,54.54545454545454,45.45454545454545,0.0,True,False,,,,,0,0,2025-11-18 14:00:00,3090.0,2025-11-18 11:00:00,3080.0,1,1,0.3914752486026931,10.541828847567517,4.0
RB:5m:1:-1:14454:14463:3,RB,4h,629,2025-11-18 15:00:00,430.0,1,1,CHoCH,1,3163.0,244.0,CHoCH,1,3050.0,6.0,3,4,1,1,active_bear_internal_ob,internal,-1.0,29.0,3127.0,3143.0,3135.0,1.2957563977972142,current_internal_high,internal,0.0,13.0,3050.0,3050.0,3050.0,1.198574667962423,3078.0,3090.0,3078.0,3090.0,166104.0,1655469.0,0,0,0,0,0,0,,3050.0,13.0,below,1.198574667962423,3143.0,True,6.0,3020.0,10.0,below,2.170391966310334,3009.0,False,,3384.0,170.0,above,9.620991253644315,3163.0,False,,2912.0,292.0,below,5.6689342403628125,3033.0,False,,0,0,0.00024974649922399636,-29,NONE,0.01940431822141904,0.00941742336513285,0.0049157402895077355,0.9789037089617941,0.00024974649922399636,0.007242648477495894,0.00328432690639624,0.004283781817935761,0.006082468593044066,3031.1819802678515,1.940431822141904,0.32467532467532756,-1.1639345752338632,,8,-1,601,629,2025-11-05 09:00:00,2025-11-18 13:30:00,3024.0,3090.0,29,2.182539682539675,0.07525998905309224,7.0,1.0,587.0,600.0,2025-10-29 13:30:00,2025-11-04 21:00:00,3133.0,3028.0,14.0,-3.351420363868496,-0.23938716884774972,8803757.0,,303577.8275862069,,5369414.0,0.0,383529.5714285714,0.0,0.7915369509981717,,1.6396122556390698,,17.24137931034483,6.896551724137931,75.86206896551724,False,False,2025-11-05 09:00:00,3024.0,,,1,0,2025-11-14 13:30:00,3053.0,,,1,0,0.5219835722484151,17.056048346465904,
RB:5m:1:-1:14454:14463:4,RB,5m,14523,2025-11-19 10:35:00,0.0,1,1,BOS,1,3055.0,153.0,CHoCH,1,3083.0,0.0,15,20,7,6,active_bear_internal_ob,internal,-1.0,60.0,3087.0,3090.0,3088.5,0.03240440699935191,current_internal_high,internal,0.0,4.0,3083.0,3083.0,3083.0,0.09721322099805574,3082.0,3088.0,3082.0,3086.0,27663.0,1642128.0,1,1,0,1,1,0,active_bear_internal_ob,3083.0,4.0,below,0.09721322099805574,3084.0,True,0.0,3078.0,7.0,below,0.2592352559948153,3077.0,False,,3104.0,70.0,above,0.5832793259883344,3055.0,False,,3075.0,8.0,below,0.356448476992871,3035.0,False,,0,0,-0.0005222026987863782,-5,NONE,0.0024944429610362696,0.0010086799107923404,0.0017337714844528336,0.804264948558993,-0.0005222026987863782,-0.0026110134939318907,,,,3078.32130309369,0.24944429610362695,0.09730781706129843,3.473681161688238,,194,-1,14519,14523,2025-11-19 09:55:00,2025-11-19 10:30:00,3079.0,3086.0,5,0.22734654108476082,0.045469308216952165,193.0,1.0,14483.0,14518.0,2025-11-18 14:55:00,2025-11-19 09:50:00,3090.0,3078.0,36.0,-0.3883495145631022,-0.010787486515641728,60949.0,,12189.8,,349679.0,0.0,9713.305555555555,0.0,1.2549589766614524,,0.17429985786964616,,0.0,100.0,0.0,True,False,2025-11-19 10:00:00,3082.0,,,1,0,2025-11-19 10:10:00,3083.0,,,1,0,1.7188520024067078,3.2783700058567535,
RB:5m:1:-1:14454:14463:4,RB,15m,4840,2025-11-19 10:15:00,20.0,1,-1,CHoCH,1,3050.0,89.0,CHoCH,-1,3079.0,6.0,7,11,3,4,current_internal_high,internal,0.0,2.0,3089.0,3089.0,3089.0,0.09721322099805574,current_internal_low,internal,0.0,7.0,3079.0,3079.0,3079.0,0.22683084899546338,3079.0,3083.0,3077.0,3083.0,23617.0,1644755.0,1,1,0,1,1,0,active_bear_internal_ob,3089.0,2.0,above,0.09721322099805574,3090.0,False,,3079.0,7.0,below,0.22683084899546338,3075.0,True,6.0,3050.0,102.0,below,1.1665586519766689,3143.0,True,89.0,3020.0,78.0,below,2.138690861957226,3009.0,False,,1,1,0.0002307577080111121,91,UP_CONFIRMED,-0.0037897174905592,0.00041295769138016843,0.005136435161846427,0.20661905604528918,0.0002307577080111121,0.020998951429011203,-0.00035946239197770513,-0.0007180736899079498,-0.0016190968428246855,3094.7281453810765,-0.37897174905592,0.1299123091913046,-0.354280130895936,,75,1,4750,4840,2025-11-13 10:45:00,2025-11-19 10:00:00,3049.0,3083.0,91,1.1151197113807854,0.012254062762426212,74.0,-1.0,4711.0,4749.0,2025-11-11 14:30:00,2025-11-13 10:30:00,3020.0,3045.0,39.0,0.8278145695364225,0.021226014603498013,3626941.0,,39856.494505494506,,1423327.0,0.0,36495.5641025641,0.0,1.0920914770212928,,2.548213446383017,,42.857142857142854,45.05494505494506,12.087912087912088,True,True,2025-11-14 11:15:00,3043.0,2025-11-17 14:00:00,3099.0,1,2,2025-11-18 22:00:00,3089.0,2025-11-18 22:15:00,3084.0,7,8,12.438163204273218,5.234473307887813,
RB:5m:1:-1:14454:14463:4,RB,1h,1474,2025-11-19 10:00:00,35.0,-1,1,BOS,-1,3021.0,70.0,BOS,1,3055.0,14.0,5,5,1,3,current_internal_high,internal,0.0,5.0,3104.0,3104.0,3104.0,0.5832793259883344,current_internal_low,internal,0.0,0.0,3075.0,3075.0,3075.0,0.356448476992871,3080.0,3084.0,3077.0,3079.0,90645.0,1648378.0,0,0,0,0,0,0,,3104.0,5.0,above,0.5832793259883344,3055.0,False,,3075.0,0.0,below,0.356448476992871,3035.0,False,,3143.0,46.0,above,1.8470511989630591,3202.0,False,,3009.0,20.0,below,2.4951393389500973,3021.0,False,,0,0,0.00034289854779162576,24,NONE,0.00905051442031338,0.010588983115892061,0.0040410727438084226,0.3517099684365638,0.00034289854779162576,0.008229565146999018,0.0012726618178560134,0.0031643624876713794,0.007852451537702532,3051.3834104418906,0.905051442031338,0.0,-0.5307401411010126,,19,1,1451,1474,2025-11-13 21:00:00,2025-11-19 09:00:00,3052.0,3079.0,24,0.8846657929226787,0.03686107470511161,18.0,-1.0,1401.0,1450.0,2025-11-04 14:00:00,2025-11-13 14:00:00,3044.0,3046.0,50.0,0.06570302233903647,0.0013140604467807293,3232241.0,,134676.70833333334,,6591353.0,0.0,131827.06,0.0,1.0216165659260954,,0.4903759516445258,,50.0,50.0,0.0,True,False,,,,,0,0,2025-11-18 14:00:00,3090.0,2025-11-18 22:00:00,3079.0,1,2,0.38162991663888257,10.385556506320974,4.0
RB:5m:1:-1:14454:14463:4,RB,4h,630,2025-11-18 23:00:00,695.0,1,1,CHoCH,1,3163.0,245.0,CHoCH,1,3050.0,7.0,3,4,1,1,active_bear_internal_ob,internal,-1.0,30.0,3127.0,3143.0,3135.0,1.3285806869734285,current_internal_high,internal,0.0,14.0,3050.0,3050.0,3050.0,1.1665586519766689,3084.0,3089.0,3077.0,3079.0,241382.0,1652407.0,0,0,0,0,0,0,,3050.0,14.0,below,1.1665586519766689,3143.0,True,7.0,3020.0,11.0,below,2.138690861957226,3009.0,False,,3384.0,171.0,above,9.65651328580687,3163.0,False,,2912.0,293.0,below,5.638366817887232,3033.0,False,,0,0,0.0002540442719908276,-30,NONE,0.015393626712681074,0.009616630143384458,0.004950740959556806,0.8783736815496892,0.0002540442719908276,0.007621328159724827,0.0026818333288491925,0.004497657788318898,0.006210480925535444,3032.3215736228403,1.5393626712681074,-0.35598705501618255,-0.4609125669969016,,8,-1,601,630,2025-11-05 09:00:00,2025-11-18 21:00:00,3024.0,3079.0,30,1.8187830687830697,0.06062610229276899,7.0,1.0,587.0,600.0,2025-10-29 13:30:00,2025-11-04 21:00:00,3133.0,3028.0,14.0,-3.351420363868496,-0.23938716884774972,9045139.0,,301504.63333333336,,5369414.0,0.0,383529.5714285714,0.0,0.7861313854112697,,1.6845672544527206,,20.0,6.666666666666667,73.33333333333333,False,False,2025-11-05 09:00:00,3024.0,,,1,0,2025-11-14 13:30:00,3053.0,,,1,0,0.5148103738774393,16.766330607432625,
RB:5m:1:1:14472:14477:1,RB,5m,14484,2025-11-18 21:05:00,0.0,1,1,BOS,1,3055.0,114.0,BOS,1,3088.0,1.0,15,19,7,6,active_bear_internal_ob,internal,-1.0,21.0,3087.0,3090.0,3088.5,0.16223231667748217,active_bull_internal_ob,internal,1.0,7.0,3078.0,3081.0,3079.5,0.03244646333549643,3084.0,3086.0,3081.0,3082.0,42211.0,1654551.0,0,0,0,0,0,0,,3088.0,2.0,above,0.1946787800129786,3084.0,True,1.0,3078.0,4.0,below,0.12978585334198572,3075.0,False,,3104.0,31.0,above,0.7138221933809215,3055.0,False,,3035.0,120.0,below,1.524983776768332,3026.0,False,,0,0,-5.8146124786162545e-05,2,NONE,-0.0024583297819522473,-0.0012218155551043295,0.0012365142268479176,0.15865525393145696,-5.8146124786162545e-05,-0.00011629224957232509,,,,3089.5952440025094,-0.24583297819522473,-0.25889967637540146,3.2102461902306976,,193,1,14483,14484,2025-11-18 14:55:00,2025-11-18 21:00:00,3090.0,3082.0,2,-0.25889967637540146,-0.12944983818770073,192.0,-1.0,14450.0,14482.0,2025-11-18 09:55:00,2025-11-18 14:50:00,3085.0,3086.0,33.0,0.032414910858991064,0.0009822700260300322,69532.0,,34766.0,,329042.0,0.0,9970.969696969696,0.0,3.4867220597978377,,0.2113164884725962,,50.0,50.0,0.0,True,True,,,2025-11-18 21:00:00,3082.0,0,1,,,2025-11-18 21:00:00,3082.0,0,1,1.0120301887483607,3.5705285308940264,
RB:5m:1:1:14472:14477:1,RB,15m,4827,2025-11-18 15:00:00,365.0,1,1,CHoCH,1,3050.0,76.0,BOS,1,3057.0,37.0,7,10,3,4,current_internal_high,internal,0.0,21.0,3104.0,3104.0,3104.0,0.7138221933809215,current_internal_low,internal,0.0,1.0,3075.0,3075.0,3075.0,0.22712524334847503,3086.0,3090.0,3084.0,3090.0,43061.0,1655469.0,0,0,0,0,0,0,,3104.0,21.0,above,0.7138221933809215,3057.0,False,,3075.0,1.0,below,0.22712524334847503,3042.0,False,,3050.0,89.0,below,1.0382868267358858,3143.0,True,76.0,3020.0,65.0,below,2.011680726800779,3009.0,False,,1,1,0.0002826537985000441,78,UP_CONFIRMED,-0.002551676750277387,0.0012318212515891682,0.005093548149776218,0.22880076741541788,0.0002826537985000441,0.02204699628300344,-0.0003221639642847496,-0.0007869119245232925,-0.001474973740608454,3097.904851784871,-0.25516767502773874,0.16207455429497752,1.2850302445320836,,75,1,4750,4827,2025-11-13 10:45:00,2025-11-18 14:45:00,3049.0,3090.0,78,1.3447031813709431,0.017239784376550552,74.0,-1.0,4711.0,4749.0,2025-11-11 14:30:00,2025-11-13 10:30:00,3020.0,3045.0,39.0,0.8278145695364225,0.021226014603498013,3271297.0,,41939.705128205125,,1423327.0,0.0,36495.5641025641,0.0,1.149172677817536,,2.298345355635072,,50.0,44.871794871794876,5.128205128205128,True,True,2025-11-14 11:15:00,3043.0,2025-11-17 14:00:00,3099.0,1,2,2025-11-18 14:45:00,3090.0,2025-11-17 21:15:00,3086.0,6,6,4.134973433203113,5.449862546110843,
RB:5m:1:1:14472:14477:1,RB,1h,1471,2025-11-18 15:00:00,365.0,-1,1,BOS,-1,3021.0,67.0,BOS,1,3055.0,11.0,5,5,1,3,current_internal_high,internal,0.0,2.0,3104.0,3104.0,3104.0,0.7138221933809215,active_bull_internal_ob,internal,1.0,22.0,3022.0,3049.0,3035.5,1.0707332900713822,3080.0,3090.0,3078.0,3090.0,118139.0,1655469.0,0,0,0,0,0,0,,3104.0,2.0,above,0.7138221933809215,3055.0,False,,3035.0,12.0,below,1.524983776768332,3026.0,False,,3143.0,43.0,above,1.9792342634652824,3202.0,False,,3009.0,17.0,below,2.3685918234912395,3021.0,False,,0,0,0.00035291930371243794,21,NONE,0.013477955949142233,0.01069732384725453,0.004293890348248294,0.7413712742527996,0.00035291930371243794,0.007411305377961197,0.0012720724704500252,0.004482025562492664,0.007411305377961197,3048.9069662163038,1.3477955949142233,0.32467532467532756,-0.21066681432437714,,19,1,1451,1471,2025-11-13 21:00:00,2025-11-18 14:00:00,3052.0,3090.0,21,1.245085190039319,0.059289770954253286,18.0,-1.0,1401.0,1450.0,2025-11-04 14:00:00,2025-11-13 14:00:00,3044.0,3046.0,50.0,0.06570302233903647,0.0013140604467807293,2900214.0,,138105.42857142858,,6591353.0,0.0,131827.06,0.0,1.0476257952762398,,0.4400028340160207,,57.14285714285714,42.857142857142854,0.0,True,False,,,,,0,0,2025-11-18 14:00:00,3090.0,2025-11-18 11:00:00,3080.0,1,1,0.40139855627071824,10.506584912765017,4.0
RB:5m:1:1:14472:14477:1,RB,4h,629,2025-11-18 15:00:00,365.0,1,1,CHoCH,1,3163.0,244.0,CHoCH,1,3050.0,6.0,3,4,1,1,active_bear_internal_ob,internal,-1.0,29.0,3127.0,3143.0,3135.0,1.4600908500973393,current_internal_high,internal,0.0,13.0,3050.0,3050.0,3050.0,1.0382868267358858,3078.0,3090.0,3078.0,3090.0,166104.0,1655469.0,0,0,0,0,0,0,,3050.0,13.0,below,1.0382868267358858,3143.0,True,6.0,3020.0,10.0,below,2.011680726800779,3009.0,False,,3384.0,170.0,above,9.798831927319922,3163.0,False,,2912.0,292.0,below,5.515898767034393,3033.0,False,,0,0,0.00024974649922399636,-29,NONE,0.01940431822141904,0.00941742336513285,0.0049157402895077355,0.9789037089617941,0.00024974649922399636,0.007242648477495894,0.00328432690639624,0.004283781817935761,0.006082468593044066,3031.1819802678515,1.940431822141904,0.32467532467532756,-1.1639345752338632,,8,-1,601,629,2025-11-05 09:00:00,2025-11-18 13:30:00,3024.0,3090.0,29,2.182539682539675,0.07525998905309224,7.0,1.0,587.0,600.0,2025-10-29 13:30:00,2025-11-04 21:00:00,3133.0,3028.0,14.0,-3.351420363868496,-0.23938716884774972,8803757.0,,303577.8275862069,,5369414.0,0.0,383529.5714285714,0.0,0.7915369509981717,,1.6396122556390698,,17.24137931034483,6.896551724137931,75.86206896551724,False,False,2025-11-05 09:00:00,3024.0,,,1,0,2025-11-14 13:30:00,3053.0,,,1,0,0.5219835722484151,17.056048346465904,
RB:5m:1:1:14472:14477:2,RB,5m,14502,2025-11-18 22:35:00,0.0,1,1,BOS,1,3055.0,132.0,BOS,1,3088.0,19.0,15,19,7,6,active_bear_internal_ob,internal,-1.0,39.0,3087.0,3090.0,3088.5,0.16223231667748217,active_bull_internal_ob,internal,1.0,25.0,3078.0,3081.0,3079.5,0.03244646333549643,3084.0,3084.0,3081.0,3082.0,14891.0,1654953.0,0,0,0,0,0,0,,3088.0,20.0,above,0.1946787800129786,3084.0,True,19.0,3079.0,11.0,below,0.0973393900064893,3078.0,False,,3104.0,49.0,above,0.7138221933809215,3055.0,False,,3035.0,138.0,below,1.524983776768332,3026.0,False,,0,0,-2.304747937769136e-05,20,NONE,-0.0021143611731809157,-0.0014498282928931338,0.0008910192957317329,0.22789049589568866,-2.304747937769136e-05,-0.0004609495875538272,-8.638898745216839e-05,-0.00014042959646598518,,3088.530268481872,-0.21143611731809156,-0.06485084306095956,0.4443388345540313,,193,1,14483,14502,2025-11-18 14:55:00,2025-11-18 22:30:00,3090.0,3082.0,20,-0.25889967637540146,-0.012944983818770073,192.0,-1.0,14450.0,14482.0,2025-11-18 09:55:00,2025-11-18 14:50:00,3085.0,3086.0,33.0,0.032414910858991064,0.0009822700260300322,215430.0,,10771.5,,329042.0,0.0,9970.969696969696,0.0,1.0802861032938045,,0.6547188504810936,,5.0,95.0,0.0,True,True,2025-11-18 22:10:00,3089.0,2025-11-18 22:20:00,3087.0,1,2,2025-11-18 22:05:00,3087.0,2025-11-18 22:25:00,3084.0,2,3,0.6145688424618222,2.9370165289427557,
RB:5m:1:1:14472:14477:2,RB,15m,4833,2025-11-18 22:30:00,5.0,1,1,CHoCH,1,3050.0,82.0,BOS,1,3057.0,43.0,7,10,3,4,current_internal_high,internal,0.0,1.0,3090.0,3090.0,3090.0,0.25957170668397145,current_internal_low,internal,0.0,0.0,3079.0,3079.0,3079.0,0.0973393900064893,3089.0,3089.0,3084.0,3084.0,21878.0,1656099.0,0,0,0,0,0,0,,3090.0,1.0,above,0.25957170668397145,3104.0,False,,3079.0,0.0,below,0.0973393900064893,3075.0,False,,3050.0,95.0,below,1.0382868267358858,3143.0,True,82.0,3020.0,71.0,below,2.011680726800779,3009.0,False,,1,1,0.0002571931225208157,84,UP_CONFIRMED,-0.0040570044662042015,0.0008577592388872997,0.005096022815854973,0.16741487807765598,0.0002571931225208157,0.02160422229174852,-0.00022311945245312437,-0.0007056080855833979,-0.001502566378146164,3096.5627689836483,-0.40570044662042015,-0.16186468112657781,-0.5457387192493265,,75,1,4750,4833,2025-11-13 10:45:00,2025-11-18 22:15:00,3049.0,3084.0,84,1.147917349950811,0.013665682737509656,74.0,-1.0,4711.0,4749.0,2025-11-11 14:30:00,2025-11-13 10:30:00,3020.0,3045.0,39.0,0.8278145695364225,0.021226014603498013,3444515.0,,41006.130952380954,,1423327.0,0.0,36495.5641025641,0.0,1.1235921943045113,,2.420044726194332,,46.42857142857143,48.80952380952381,4.761904761904762,True,True,2025-11-14 11:15:00,3043.0,2025-11-17 14:00:00,3099.0,1,2,2025-11-18 22:00:00,3089.0,2025-11-18 22:15:00,3084.0,7,8,5.941087644203778,5.46612760551656,
RB:5m:1:1:14472:14477:2,RB,1h,1472,2025-11-18 22:00:00,35.0,-1,1,BOS,-1,3021.0,68.0,BOS,1,3055.0,12.0,5,5,1,3,current_internal_high,internal,0.0,3.0,3104.0,3104.0,3104.0,0.7138221933809215,active_bull_internal_ob,internal,1.0,23.0,3022.0,3049.0,3035.5,1.0707332900713822,3084.0,3086.0,3079.0,3084.0,124641.0,1659779.0,0,0,0,0,0,0,,3104.0,3.0,above,0.7138221933809215,3055.0,False,,3035.0,13.0,below,1.524983776768332,3026.0,False,,3143.0,44.0,above,1.9792342634652824,3202.0,False,,3009.0,18.0,below,2.3685918234912395,3021.0,False,,0,0,0.0003516630924698318,22,NONE,0.011183536917281882,0.010719424441346681,0.004196389348053977,0.5440324527788875,0.0003516630924698318,0.0077365880343363,0.0012510521161599453,0.004556696356461831,0.007653072848613496,3049.891426636509,1.1183536917281882,-0.1941747572815511,-0.1843388350362241,,19,1,1451,1472,2025-11-13 21:00:00,2025-11-18 21:00:00,3052.0,3084.0,22,1.0484927916120546,0.04765876325509339,18.0,-1.0,1401.0,1450.0,2025-11-04 14:00:00,2025-11-13 14:00:00,3044.0,3046.0,50.0,0.06570302233903647,0.0013140604467807293,3024855.0,,137493.4090909091,,6591353.0,0.0,131827.06,0.0,1.0429832015589902,,0.4589126086859557,,54.54545454545454,45.45454545454545,0.0,True,False,,,,,0,0,2025-11-18 14:00:00,3090.0,2025-11-18 11:00:00,3080.0,1,1,0.3914752486026931,10.541828847567517,4.0
RB:5m:1:1:14472:14477:2,RB,4h,629,2025-11-18 15:00:00,455.0,1,1,CHoCH,1,3163.0,244.0,CHoCH,1,3050.0,6.0,3,4,1,1,active_bear_internal_ob,internal,-1.0,29.0,3127.0,3143.0,3135.0,1.4600908500973393,current_internal_high,internal,0.0,13.0,3050.0,3050.0,3050.0,1.0382868267358858,3078.0,3090.0,3078.0,3090.0,166104.0,1655469.0,0,0,0,0,0,0,,3050.0,13.0,below,1.0382868267358858,3143.0,True,6.0,3020.0,10.0,below,2.011680726800779,3009.0,False,,3384.0,170.0,above,9.798831927319922,3163.0,False,,2912.0,292.0,below,5.515898767034393,3033.0,False,,0,0,0.00024974649922399636,-29,NONE,0.01940431822141904,0.00941742336513285,0.0049157402895077355,0.9789037089617941,0.00024974649922399636,0.007242648477495894,0.00328432690639624,0.004283781817935761,0.006082468593044066,3031.1819802678515,1.940431822141904,0.32467532467532756,-1.1639345752338632,,8,-1,601,629,2025-11-05 09:00:00,2025-11-18 13:30:00,3024.0,3090.0,29,2.182539682539675,0.07525998905309224,7.0,1.0,587.0,600.0,2025-10-29 13:30:00,2025-11-04 21:00:00,3133.0,3028.0,14.0,-3.351420363868496,-0.23938716884774972,8803757.0,,303577.8275862069,,5369414.0,0.0,383529.5714285714,0.0,0.7915369509981717,,1.6396122556390698,,17.24137931034483,6.896551724137931,75.86206896551724,False,False,2025-11-05 09:00:00,3024.0,,,1,0,2025-11-14 13:30:00,3053.0,,,1,0,0.5219835722484151,17.056048346465904,
RB:5m:1:-1:14498:14504:1,RB,5m,14523,2025-11-19 10:35:00,0.0,1,1,BOS,1,3055.0,153.0,CHoCH,1,3083.0,0.0,15,20,7,6,active_bear_internal_ob,internal,-1.0,60.0,3087.0,3090.0,3088.5,0.03240440699935191,current_internal_high,internal,0.0,4.0,3083.0,3083.0,3083.0,0.09721322099805574,3082.0,3088.0,3082.0,3086.0,27663.0,1642128.0,1,1,0,1,1,0,active_bear_internal_ob,3083.0,4.0,below,0.09721322099805574,3084.0,True,0.0,3078.0,7.0,below,0.2592352559948153,3077.0,False,,3104.0,70.0,above,0.5832793259883344,3055.0,False,,3075.0,8.0,below,0.356448476992871,3035.0,False,,0,0,-0.0005222026987863782,-5,NONE,0.0024944429610362696,0.0010086799107923404,0.0017337714844528336,0.804264948558993,-0.0005222026987863782,-0.0026110134939318907,,,,3078.32130309369,0.24944429610362695,0.09730781706129843,3.473681161688238,,194,-1,14519,14523,2025-11-19 09:55:00,2025-11-19 10:30:00,3079.0,3086.0,5,0.22734654108476082,0.045469308216952165,193.0,1.0,14483.0,14518.0,2025-11-18 14:55:00,2025-11-19 09:50:00,3090.0,3078.0,36.0,-0.3883495145631022,-0.010787486515641728,60949.0,,12189.8,,349679.0,0.0,9713.305555555555,0.0,1.2549589766614524,,0.17429985786964616,,0.0,100.0,0.0,True,False,2025-11-19 10:00:00,3082.0,,,1,0,2025-11-19 10:10:00,3083.0,,,1,0,1.7188520024067078,3.2783700058567535,
RB:5m:1:-1:14498:14504:1,RB,15m,4840,2025-11-19 10:15:00,20.0,1,-1,CHoCH,1,3050.0,89.0,CHoCH,-1,3079.0,6.0,7,11,3,4,current_internal_high,internal,0.0,2.0,3089.0,3089.0,3089.0,0.09721322099805574,current_internal_low,internal,0.0,7.0,3079.0,3079.0,3079.0,0.22683084899546338,3079.0,3083.0,3077.0,3083.0,23617.0,1644755.0,1,1,0,1,1,0,active_bear_internal_ob,3089.0,2.0,above,0.09721322099805574,3090.0,False,,3079.0,7.0,below,0.22683084899546338,3075.0,True,6.0,3050.0,102.0,below,1.1665586519766689,3143.0,True,89.0,3020.0,78.0,below,2.138690861957226,3009.0,False,,1,1,0.0002307577080111121,91,UP_CONFIRMED,-0.0037897174905592,0.00041295769138016843,0.005136435161846427,0.20661905604528918,0.0002307577080111121,0.020998951429011203,-0.00035946239197770513,-0.0007180736899079498,-0.0016190968428246855,3094.7281453810765,-0.37897174905592,0.1299123091913046,-0.354280130895936,,75,1,4750,4840,2025-11-13 10:45:00,2025-11-19 10:00:00,3049.0,3083.0,91,1.1151197113807854,0.012254062762426212,74.0,-1.0,4711.0,4749.0,2025-11-11 14:30:00,2025-11-13 10:30:00,3020.0,3045.0,39.0,0.8278145695364225,0.021226014603498013,3626941.0,,39856.494505494506,,1423327.0,0.0,36495.5641025641,0.0,1.0920914770212928,,2.548213446383017,,42.857142857142854,45.05494505494506,12.087912087912088,True,True,2025-11-14 11:15:00,3043.0,2025-11-17 14:00:00,3099.0,1,2,2025-11-18 22:00:00,3089.0,2025-11-18 22:15:00,3084.0,7,8,12.438163204273218,5.234473307887813,
RB:5m:1:-1:14498:14504:1,RB,1h,1474,2025-11-19 10:00:00,35.0,-1,1,BOS,-1,3021.0,70.0,BOS,1,3055.0,14.0,5,5,1,3,current_internal_high,internal,0.0,5.0,3104.0,3104.0,3104.0,0.5832793259883344,current_internal_low,internal,0.0,0.0,3075.0,3075.0,3075.0,0.356448476992871,3080.0,3084.0,3077.0,3079.0,90645.0,1648378.0,0,0,0,0,0,0,,3104.0,5.0,above,0.5832793259883344,3055.0,False,,3075.0,0.0,below,0.356448476992871,3035.0,False,,3143.0,46.0,above,1.8470511989630591,3202.0,False,,3009.0,20.0,below,2.4951393389500973,3021.0,False,,0,0,0.00034289854779162576,24,NONE,0.00905051442031338,0.010588983115892061,0.0040410727438084226,0.3517099684365638,0.00034289854779162576,0.008229565146999018,0.0012726618178560134,0.0031643624876713794,0.007852451537702532,3051.3834104418906,0.905051442031338,0.0,-0.5307401411010126,,19,1,1451,1474,2025-11-13 21:00:00,2025-11-19 09:00:00,3052.0,3079.0,24,0.8846657929226787,0.03686107470511161,18.0,-1.0,1401.0,1450.0,2025-11-04 14:00:00,2025-11-13 14:00:00,3044.0,3046.0,50.0,0.06570302233903647,0.0013140604467807293,3232241.0,,134676.70833333334,,6591353.0,0.0,131827.06,0.0,1.0216165659260954,,0.4903759516445258,,50.0,50.0,0.0,True,False,,,,,0,0,2025-11-18 14:00:00,3090.0,2025-11-18 22:00:00,3079.0,1,2,0.38162991663888257,10.385556506320974,4.0
RB:5m:1:-1:14498:14504:1,RB,4h,630,2025-11-18 23:00:00,695.0,1,1,CHoCH,1,3163.0,245.0,CHoCH,1,3050.0,7.0,3,4,1,1,active_bear_internal_ob,internal,-1.0,30.0,3127.0,3143.0,3135.0,1.3285806869734285,current_internal_high,internal,0.0,14.0,3050.0,3050.0,3050.0,1.1665586519766689,3084.0,3089.0,3077.0,3079.0,241382.0,1652407.0,0,0,0,0,0,0,,3050.0,14.0,below,1.1665586519766689,3143.0,True,7.0,3020.0,11.0,below,2.138690861957226,3009.0,False,,3384.0,171.0,above,9.65651328580687,3163.0,False,,2912.0,293.0,below,5.638366817887232,3033.0,False,,0,0,0.0002540442719908276,-30,NONE,0.015393626712681074,0.009616630143384458,0.004950740959556806,0.8783736815496892,0.0002540442719908276,0.007621328159724827,0.0026818333288491925,0.004497657788318898,0.006210480925535444,3032.3215736228403,1.5393626712681074,-0.35598705501618255,-0.4609125669969016,,8,-1,601,630,2025-11-05 09:00:00,2025-11-18 21:00:00,3024.0,3079.0,30,1.8187830687830697,0.06062610229276899,7.0,1.0,587.0,600.0,2025-10-29 13:30:00,2025-11-04 21:00:00,3133.0,3028.0,14.0,-3.351420363868496,-0.23938716884774972,9045139.0,,301504.63333333336,,5369414.0,0.0,383529.5714285714,0.0,0.7861313854112697,,1.6845672544527206,,20.0,6.666666666666667,73.33333333333333,False,False,2025-11-05 09:00:00,3024.0,,,1,0,2025-11-14 13:30:00,3053.0,,,1,0,0.5148103738774393,16.766330607432625,
RB:5m:1:1:14519:14523:1,RB,5m,14547,2025-11-19 14:35:00,0.0,1,-1,BOS,1,3055.0,177.0,CHoCH,-1,3086.0,1.0,15,19,7,6,current_internal_low,internal,0.0,8.0,3086.0,3086.0,3086.0,0.19480519480519481,active_bull_internal_ob,internal,1.0,24.0,3077.0,3079.0,3078.0,0.032467532467532464,3082.0,3083.0,3079.0,3080.0,34979.0,1647879.0,0,0,0,0,0,0,,3096.0,6.0,above,0.5194805194805194,3094.0,False,,3086.0,8.0,above,0.19480519480519481,3077.0,True,1.0,3104.0,94.0,above,0.7792207792207793,3055.0,False,,3075.0,32.0,below,0.16233766233766234,3035.0,False,,0,0,0.00017318014703339495,23,NONE,-0.0039782971630354,0.000200540174420011,0.002578545347880875,0.052549780868814344,0.00017318014703339495,0.003983143381768084,-0.0009083801390407098,-0.0011234784801562592,0.003608055201423488,3092.3020966583845,-0.39782971630353997,-0.03245699448231054,2.828602624505119,,195,1,14525,14547,2025-11-19 10:40:00,2025-11-19 14:30:00,3094.0,3080.0,23,-0.4524886877828038,-0.019673421207947992,194.0,-1.0,14519.0,14524.0,2025-11-19 09:55:00,2025-11-19 10:35:00,3079.0,3086.0,6.0,0.22734654108476082,0.03789109018079347,304445.0,,13236.739130434782,,67624.0,0.0,11270.666666666666,0.0,1.1744415412073923,,4.50202590796167,,26.08695652173913,65.21739130434783,8.695652173913043,True,True,,,2025-11-19 13:35:00,3091.0,0,1,2025-11-19 14:10:00,3092.0,2025-11-19 14:20:00,3087.0,2,3,12.857998928834949,4.150497145366847,
RB:5m:1:1:14519:14523:1,RB,15m,4848,2025-11-19 14:30:00,5.0,1,1,CHoCH,1,3050.0,97.0,CHoCH,1,3089.0,7.0,8,10,3,4,current_internal_high,internal,0.0,10.0,3089.0,3089.0,3089.0,0.2922077922077922,current_internal_low,internal,0.0,3.0,3077.0,3077.0,3077.0,0.09740259740259741,3092.0,3093.0,3081.0,3081.0,51854.0,1646559.0,1,1,1,0,1,0,active_bull_internal_ob,3089.0,10.0,above,0.2922077922077922,3090.0,True,7.0,3077.0,3.0,below,0.09740259740259741,3079.0,False,,3050.0,110.0,below,0.974025974025974,3143.0,True,97.0,3020.0,86.0,below,1.948051948051948,3009.0,False,,1,1,0.00020838566160515568,99,UP_CONFIRMED,-0.0040762637065058635,0.00024237085007632088,0.004969298883870567,0.19240629462223352,0.00020838566160515568,0.02063018049891041,-0.00021046004577873756,-0.0005031142674779554,-0.001176350110586144,3093.61037168015,-0.4076263706505863,-0.35575679172057395,1.691860259198863,,75,1,4750,4848,2025-11-13 10:45:00,2025-11-19 14:15:00,3049.0,3081.0,99,1.049524434240734,0.010601256911522566,74.0,-1.0,4711.0,4749.0,2025-11-11 14:30:00,2025-11-13 10:30:00,3020.0,3045.0,39.0,0.8278145695364225,0.021226014603498013,3930745.0,,39704.49494949495,,1423327.0,0.0,36495.5641025641,0.0,1.0879265994604914,,2.761659829399709,,39.39393939393939,49.494949494949495,11.11111111111111,True,True,2025-11-14 11:15:00,3043.0,2025-11-17 14:00:00,3099.0,1,2,2025-11-19 11:15:00,3088.0,2025-11-19 14:15:00,3081.0,9,10,20.502873519260955,6.202387768281826,
RB:5m:1:1:14519:14523:1,RB,1h,1477,2025-11-19 14:00:00,35.0,-1,1,BOS,-1,3021.0,73.0,BOS,1,3055.0,17.0,5,5,1,3,current_internal_high,internal,0.0,8.0,3104.0,3104.0,3104.0,0.7792207792207793,current_internal_low,internal,0.0,3.0,3075.0,3075.0,3075.0,0.16233766233766234,3088.0,3096.0,3087.0,3088.0,64298.0,1642551.0,0,0,0,0,0,0,,3104.0,8.0,above,0.7792207792207793,3055.0,False,,3075.0,3.0,below,0.16233766233766234,3035.0,False,,3143.0,49.0,above,2.0454545454545454,3202.0,False,,3009.0,23.0,below,2.3051948051948052,3021.0,False,,0,0,0.0003317250732761514,27,NONE,0.011270791482866237,0.010721098099987917,0.003833189350515399,0.5570143037609957,0.0003317250732761514,0.008956576978456088,0.0012106228538346642,0.0024631895222779754,0.00802831008002447,3053.5836948993096,1.1270791482866238,0.0,-0.8015379844347417,,19,1,1451,1477,2025-11-13 21:00:00,2025-11-19 13:30:00,3052.0,3088.0,27,1.1795543905635641,0.04368719965050238,18.0,-1.0,1401.0,1450.0,2025-11-04 14:00:00,2025-11-13 14:00:00,3044.0,3046.0,50.0,0.06570302233903647,0.0013140604467807293,3484078.0,,129039.92592592593,,6591353.0,0.0,131827.06,0.0,0.9788576482394884,,0.5285831300493237,,44.44444444444444,55.55555555555556,0.0,False,False,,,,,0,0,2025-11-19 10:00:00,3091.0,2025-11-18 22:00:00,3079.0,2,2,0.3575370092471889,10.403085876234394,2.0
RB:5m:1:1:14519:14523:1,RB,4h,631,2025-11-19 11:30:00,185.0,1,1,CHoCH,1,3163.0,246.0,CHoCH,1,3050.0,8.0,3,4,1,1,current_internal_high,internal,0.0,0.0,3104.0,3104.0,3104.0,0.7792207792207793,active_bull_internal_ob,internal,1.0,8.0,3020.0,3035.0,3027.5,1.461038961038961,3080.0,3094.0,3077.0,3088.0,278184.0,1639403.0,0,0,0,0,0,0,,3104.0,0.0,above,0.7792207792207793,3050.0,False,,3020.0,12.0,below,1.948051948051948,3009.0,False,,3384.0,172.0,above,9.87012987012987,3163.0,False,,2912.0,294.0,below,5.454545454545454,3033.0,False,,0,0,0.00026103294052007015,-31,NONE,0.0178861616182923,0.009883389223220195,0.0050846837046507765,0.9422444583814168,0.00026103294052007015,0.008092021156122176,0.0022129020442598346,0.004786284091739201,0.006421309309430079,3033.7380705623555,1.78861616182923,0.2923026956804131,-0.11821857945827903,,8,-1,601,631,2025-11-05 09:00:00,2025-11-19 09:00:00,3024.0,3088.0,31,2.1164021164021163,0.06827103601297149,7.0,1.0,587.0,600.0,2025-10-29 13:30:00,2025-11-04 21:00:00,3133.0,3028.0,14.0,-3.351420363868496,-0.23938716884774972,9323323.0,,300752.3548387097,,5369414.0,0.0,383529.5714285714,0.0,0.7841699238952213,,1.7363762600537043,,22.58064516129032,6.451612903225806,70.96774193548387,False,False,2025-11-05 09:00:00,3024.0,,,1,0,2025-11-14 13:30:00,3053.0,,,1,0,0.5144676173133744,16.783021278330295,
RB:5m:1:-1:14536:14546:1,RB,5m,14731,2025-11-24 10:40:00,0.0,1,1,CHoCH,1,3072.0,15.0,BOS,1,3084.0,1.0,15,19,8,7,active_bear_internal_ob,internal,-1.0,185.0,3090.0,3096.0,3093.0,0.03237293622531564,current_internal_high,internal,0.0,5.0,3084.0,3084.0,3084.0,0.16186468112657817,3086.0,3090.0,3086.0,3089.0,35280.0,1470475.0,0,0,0,0,0,0,,3084.0,5.0,below,0.16186468112657817,3064.0,True,1.0,3076.0,4.0,below,0.4208481709291033,3050.0,False,,3072.0,58.0,below,0.5503399158303658,3075.0,True,15.0,3046.0,66.0,below,1.3920362576885723,3040.0,False,,0,0,0.00028122418010769493,17,NONE,0.006352424785306846,0.005253278196964848,0.0006800712221008995,0.9469769203162999,0.00028122418010769493,0.004780811061830814,0.0014565215107784635,0.002126968954239805,,3069.501224343948,0.6352424785306846,0.06478781988985549,1.0892028544871286,,199,1,14715,14731,2025-11-24 09:00:00,2025-11-24 10:35:00,3067.0,3089.0,17,0.7173133355070194,0.0421949020886482,198.0,-1.0,14699.0,14714.0,2025-11-21 21:40:00,2025-11-21 22:55:00,3052.0,3060.0,16.0,0.2621231979030192,0.0163826998689387,394353.0,,23197.235294117647,,117721.0,0.0,7357.5625,0.0,3.1528424385273857,,3.3498950909353473,,100.0,0.0,0.0,False,False,,,,,0,0,,,,,0,0,0.12945654058332942,4.252597662590951,
RB:5m:1:-1:14536:14546:1,RB,15m,4909,2025-11-24 10:15:00,25.0,1,1,CHoCH,1,3050.0,158.0,CHoCH,1,3064.0,4.0,8,11,3,4,current_swing_high,swing,0.0,58.0,3104.0,3104.0,3104.0,0.48559404337973455,current_internal_high,internal,0.0,10.0,3064.0,3064.0,3064.0,0.809323405632891,3080.0,3084.0,3078.0,3080.0,46322.0,1475004.0,1,1,0,1,1,0,active_bear_internal_ob,3064.0,10.0,below,0.809323405632891,3070.0,True,4.0,3050.0,5.0,below,1.2625445127873098,3050.0,False,,3104.0,58.0,above,0.48559404337973455,3050.0,False,,3020.0,147.0,below,2.233732599546779,3009.0,False,,0,0,0.00026850439417516194,5,NONE,0.006488527421419451,0.006820409532668855,0.00032034403126744357,0.15009692449792844,0.00026850439417516194,0.0013425219708758096,,,,3060.1441706353357,0.6488527421419451,-0.03245699448231054,0.30568211196789513,,77,1,4905,4909,2025-11-24 09:00:00,2025-11-24 10:00:00,3076.0,3080.0,5,0.13003901170351995,0.02600780234070399,76.0,-1.0,4849.0,4904.0,2025-11-19 14:30:00,2025-11-21 22:45:00,3069.0,3060.0,56.0,-0.2932551319648091,-0.005236698785085877,333055.0,,66611.0,,2402036.0,0.0,42893.5,0.0,1.5529392565307099,,0.13865529076167052,,100.0,0.0,0.0,False,False,,,,,0,0,,,,,0,0,0.0469684451839788,6.66872476582427,
RB:5m:1:-1:14536:14546:1,RB,1h,1495,2025-11-24 10:00:00,40.0,-1,1,BOS,-1,3021.0,91.0,CHoCH,1,3072.0,0.0,6,6,1,3,active_bear_internal_ob,internal,-1.0,107.0,3113.0,3126.0,3119.5,0.7769504694075753,current_internal_high,internal,0.0,4.0,3072.0,3072.0,3072.0,0.5503399158303658,3062.0,3084.0,3062.0,3081.0,286733.0,1475753.0,1,1,0,1,1,0,active_bear_internal_ob,3072.0,4.0,below,0.5503399158303658,3075.0,True,0.0,3046.0,5.0,below,1.3920362576885723,3040.0,False,,3143.0,67.0,above,1.7481385561670444,3202.0,False,,3009.0,41.0,below,2.589834898025251,3021.0,False,,0,0,0.0002284869534518958,45,NONE,0.007654777110123153,0.006897647128711218,0.00581271606561304,0.551817295200101,0.0002284869534518958,0.010281912905335311,0.0004743527291388716,0.0006924763976763337,0.0016529102732252277,3057.5947933637276,0.7654777110123153,0.6862745098039191,1.8151844673400934,,19,1,1451,1495,2025-11-13 21:00:00,2025-11-24 09:00:00,3052.0,3081.0,45,0.9501965923984335,0.021115479831076298,18.0,-1.0,1401.0,1450.0,2025-11-04 14:00:00,2025-11-13 14:00:00,3044.0,3046.0,50.0,0.06570302233903647,0.0013140604467807293,6248431.0,,138854.02222222224,,6591353.0,0.0,131827.06,0.0,1.0533043991288453,,0.9479739592159606,,28.888888888888886,62.22222222222222,8.88888888888889,False,False,2025-11-21 22:00:00,3060.0,2025-11-21 21:00:00,3055.0,4,4,2025-11-21 22:00:00,3060.0,2025-11-21 14:00:00,3057.0,6,6,0.8427099788010045,12.998396148144481,4.0
RB:5m:1:-1:14536:14546:1,RB,4h,639,2025-11-21 23:00:00,3580.0,1,1,CHoCH,1,3163.0,254.0,CHoCH,1,3050.0,16.0,3,4,1,1,current_internal_high,internal,0.0,8.0,3104.0,3104.0,3104.0,0.48559404337973455,active_bull_internal_ob,internal,1.0,16.0,3020.0,3035.0,3027.5,1.7481385561670444,3057.0,3061.0,3050.0,3060.0,219805.0,1495017.0,0,0,0,0,0,0,,3104.0,8.0,above,0.48559404337973455,3050.0,False,,3020.0,20.0,below,2.233732599546779,3009.0,False,,3384.0,180.0,above,9.550016186468113,3163.0,False,,2912.0,302.0,below,5.730009711880868,3033.0,False,,0,0,0.00025979155526349257,-39,NONE,0.006619753481814873,0.009427628585031135,0.004742054704496909,0.27688443473617647,0.00025979155526349257,0.01013187065527621,0.0008075453105991226,0.002868447024306997,0.00716451664345108,3039.876765199284,0.6619753481814873,0.09813542688910104,-0.7132283973458053,,8,-1,601,639,2025-11-05 09:00:00,2025-11-21 21:00:00,3024.0,3060.0,39,1.1904761904761862,0.030525030525030417,7.0,1.0,587.0,600.0,2025-10-29 13:30:00,2025-11-04 21:00:00,3133.0,3028.0,14.0,-3.351420363868496,-0.23938716884774972,11865241.0,,304236.9487179487,,5369414.0,0.0,383529.5714285714,0.0,0.7932555176507682,,2.209783227741426,,17.94871794871795,25.64102564102564,56.41025641025641,True,False,2025-11-05 09:00:00,3024.0,,,1,0,2025-11-14 13:30:00,3053.0,2025-11-19 13:30:00,3070.0,1,1,0.5029954947552961,17.99039181581431,
RB:5m:1:-1:14536:14546:2,RB,5m,14736,2025-11-24 11:05:00,0.0,1,1,CHoCH,1,3072.0,20.0,BOS,1,3084.0,6.0,15,19,8,7,active_bear_internal_ob,internal,-1.0,190.0,3090.0,3096.0,3093.0,0.03237293622531564,current_internal_high,internal,0.0,10.0,3084.0,3084.0,3084.0,0.16186468112657817,3088.0,3090.0,3088.0,3089.0,12052.0,1465988.0,0,0,0,0,0,0,,3084.0,10.0,below,0.16186468112657817,3064.0,True,6.0,3076.0,9.0,below,0.4208481709291033,3050.0,False,,3072.0,63.0,below,0.5503399158303658,3075.0,True,20.0,3046.0,71.0,below,1.3920362576885723,3040.0,False,,0,0,0.00026022485201609486,22,NONE,0.0054077000506670215,0.005360747968176929,0.0006516431413192899,0.5287196706958798,0.00026022485201609486,0.005724946744354087,0.0009396434248436503,0.0023975335464829772,0.0051394641437358946,3072.3854609869522,0.5407700050667021,0.0,-0.7814538694581488,,199,1,14715,14736,2025-11-24 09:00:00,2025-11-24 11:00:00,3067.0,3089.0,22,0.7173133355070194,0.03260515161395543,198.0,-1.0,14699.0,14714.0,2025-11-21 21:40:00,2025-11-21 22:55:00,3052.0,3060.0,16.0,0.2621231979030192,0.0163826998689387,466138.0,,21188.090909090908,,117721.0,0.0,7357.5625,0.0,2.879770427922414,,3.95968433839332,,100.0,0.0,0.0,False,False,,,,,0,0,,,,,0,0,0.12155824992848883,3.8549055898144786,
RB:5m:1:-1:14536:14546:2,RB,15m,4911,2025-11-24 11:00:00,5.0,1,1,CHoCH,1,3050.0,160.0,CHoCH,1,3064.0,6.0,8,11,3,4,current_swing_high,swing,0.0,60.0,3104.0,3104.0,3104.0,0.48559404337973455,current_internal_high,internal,0.0,12.0,3064.0,3064.0,3064.0,0.809323405632891,3090.0,3090.0,3086.0,3089.0,40527.0,1466935.0,1,1,0,1,1,0,active_bear_internal_ob,3064.0,12.0,below,0.809323405632891,3070.0,True,6.0,3050.0,7.0,below,1.2625445127873098,3050.0,False,,3104.0,60.0,above,0.48559404337973455,3050.0,False,,3020.0,149.0,below,2.233732599546779,3009.0,False,,0,0,0.00032017668575926424,7,NONE,0.008524404685926489,0.007396994750662152,0.0009657154410397525,0.8784826134299606,0.00032017668575926424,0.0022412368003148497,0.0017458087587920446,,,3062.8906803320965,0.8524404685926489,-0.03236245954693073,-0.015113339329816603,,77,1,4905,4911,2025-11-24 09:00:00,2025-11-24 10:45:00,3076.0,3089.0,7,0.4226267880364176,0.06037525543377394,76.0,-1.0,4849.0,4904.0,2025-11-19 14:30:00,2025-11-21 22:45:00,3069.0,3060.0,56.0,-0.2932551319648091,-0.005236698785085877,454086.0,,64869.42857142857,,2402036.0,0.0,42893.5,0.0,1.512337034082753,,0.18904212926034414,,100.0,0.0,0.0,False,False,,,,,0,0,,,,,0,0,0.1305551069849421,6.6990534970627635,
RB:5m:1:-1:14536:14546:2,RB,1h,1496,2025-11-24 11:00:00,5.0,-1,1,BOS,-1,3021.0,92.0,CHoCH,1,3072.0,1.0,6,6,1,3,active_bear_internal_ob,internal,-1.0,108.0,3113.0,3126.0,3119.5,0.7769504694075753,current_internal_high,internal,0.0,5.0,3072.0,3072.0,3072.0,0.5503399158303658,3080.0,3090.0,3078.0,3089.0,167353.0,1466935.0,1,1,0,1,1,0,active_bear_internal_ob,3072.0,5.0,below,0.5503399158303658,3075.0,True,1.0,3046.0,6.0,below,1.3920362576885723,3040.0,False,,3143.0,68.0,above,1.7481385561670444,3202.0,False,,3009.0,42.0,below,2.589834898025251,3021.0,False,,0,0,0.00023149790743609807,46,NONE,0.009904359065306255,0.006963010431680674,0.0057658832626305565,0.6950197207843691,0.00023149790743609807,0.010648903742060511,0.0008178628812249844,0.0009334691167530718,0.0018716232223576768,3058.7054826250605,0.9904359065306255,0.25965595585848433,0.23160692741874467,,19,1,1451,1496,2025-11-13 21:00:00,2025-11-24 10:00:00,3052.0,3089.0,46,1.2123197903014526,0.02635477805003158,18.0,-1.0,1401.0,1450.0,2025-11-04 14:00:00,2025-11-13 14:00:00,3044.0,3046.0,50.0,0.06570302233903647,0.0013140604467807293,6415784.0,,139473.5652173913,,6591353.0,0.0,131827.06,0.0,1.0580040639409791,,0.9733637388257009,,30.434782608695656,60.86956521739131,8.695652173913043,False,False,2025-11-21 22:00:00,3060.0,2025-11-21 21:00:00,3055.0,4,4,2025-11-21 22:00:00,3060.0,2025-11-21 14:00:00,3057.0,6,6,0.8280733339701223,12.927082137562733,3.0
RB:5m:1:-1:14536:14546:2,RB,4h,639,2025-11-21 23:00:00,3605.0,1,1,CHoCH,1,3163.0,254.0,CHoCH,1,3050.0,16.0,3,4,1,1,current_internal_high,internal,0.0,8.0,3104.0,3104.0,3104.0,0.48559404337973455,active_bull_internal_ob,internal,1.0,16.0,3020.0,3035.0,3027.5,1.7481385561670444,3057.0,3061.0,3050.0,3060.0,219805.0,1495017.0,0,0,0,0,0,0,,3104.0,8.0,above,0.48559404337973455,3050.0,False,,3020.0,20.0,below,2.233732599546779,3009.0,False,,3384.0,180.0,above,9.550016186468113,3163.0,False,,2912.0,302.0,below,5.730009711880868,3033.0,False,,0,0,0.00025979155526349257,-39,NONE,0.006619753481814873,0.009427628585031135,0.004742054704496909,0.27688443473617647,0.00025979155526349257,0.01013187065527621,0.0008075453105991226,0.002868447024306997,0.00716451664345108,3039.876765199284,0.6619753481814873,0.09813542688910104,-0.7132283973458053,,8,-1,601,639,2025-11-05 09:00:00,2025-11-21 21:00:00,3024.0,3060.0,39,1.1904761904761862,0.030525030525030417,7.0,1.0,587.0,600.0,2025-10-29 13:30:00,2025-11-04 21:00:00,3133.0,3028.0,14.0,-3.351420363868496,-0.23938716884774972,11865241.0,,304236.9487179487,,5369414.0,0.0,383529.5714285714,0.0,0.7932555176507682,,2.209783227741426,,17.94871794871795,25.64102564102564,56.41025641025641,True,False,2025-11-05 09:00:00,3024.0,,,1,0,2025-11-14 13:30:00,3053.0,2025-11-19 13:30:00,3070.0,1,1,0.5029954947552961,17.99039181581431,
RB:5m:1:-1:14536:14546:3,RB,5m,14742,2025-11-24 13:35:00,0.0,1,1,CHoCH,1,3072.0,26.0,BOS,1,3084.0,12.0,15,19,8,7,active_bear_internal_ob,internal,-1.0,1085.0,3104.0,3108.0,3106.0,0.38809831824062097,current_internal_high,internal,0.0,16.0,3084.0,3084.0,3084.0,0.258732212160414,3091.0,3094.0,3089.0,3092.0,22403.0,1460375.0,2,2,0,2,1,1,active_bear_internal_ob|active_bear_swing_ob,3084.0,16.0,below,0.258732212160414,3064.0,True,12.0,3076.0,15.0,below,0.517464424320828,3050.0,False,,3072.0,69.0,below,0.646830530401035,3075.0,True,26.0,3046.0,77.0,below,1.4877102199223804,3040.0,False,,0,0,0.00024221541265564576,28,NONE,0.005327472993032367,0.005236649259709182,0.0007013225746674491,0.5515203751379081,0.00024221541265564576,0.006782031554358081,0.0006626523624482239,0.001718744601382216,0.003970836854950033,3075.614745506343,0.5327472993032367,0.09711880867595557,0.9429058902022578,,199,1,14715,14742,2025-11-24 09:00:00,2025-11-24 13:30:00,3067.0,3092.0,28,0.8151287903488846,0.029111742512460164,198.0,-1.0,14699.0,14714.0,2025-11-21 21:40:00,2025-11-21 22:55:00,3052.0,3060.0,16.0,0.2621231979030192,0.0163826998689387,553878.0,,19781.35714285714,,117721.0,0.0,7357.5625,0.0,2.68857480216541,,4.705005903789468,,100.0,0.0,0.0,False,False,,,,,0,0,,,,,0,0,0.13392582544403542,3.8702277265248264,
RB:5m:1:-1:14536:14546:3,RB,15m,4913,2025-11-24 11:30:00,125.0,1,1,CHoCH,1,3050.0,162.0,CHoCH,1,3064.0,8.0,8,11,3,4,current_swing_high,swing,0.0,62.0,3104.0,3104.0,3104.0,0.38809831824062097,current_internal_high,internal,0.0,14.0,3064.0,3064.0,3064.0,0.9055627425614489,3087.0,3089.0,3087.0,3089.0,21903.0,1459062.0,1,1,0,1,1,0,active_bear_internal_ob,3064.0,14.0,below,0.9055627425614489,3070.0,True,8.0,3050.0,9.0,below,1.3583441138421735,3050.0,False,,3104.0,62.0,above,0.38809831824062097,3050.0,False,,3020.0,151.0,below,2.3285899094437257,3009.0,False,,0,0,0.0003095714823888349,9,NONE,0.00797638001615353,0.007433624304347331,0.0008764965411253898,0.7321186109449243,0.0003095714823888349,0.002786143341499514,0.0017304846664618623,,,3064.5559372636258,0.797638001615353,0.09721322099804919,-0.7527436512325261,,77,1,4905,4913,2025-11-24 09:00:00,2025-11-24 11:15:00,3076.0,3089.0,9,0.4226267880364176,0.0469585320040464,76.0,-1.0,4849.0,4904.0,2025-11-19 14:30:00,2025-11-21 22:45:00,3069.0,3060.0,56.0,-0.2932551319648091,-0.005236698785085877,531475.0,,59052.77777777778,,2402036.0,0.0,42893.5,0.0,1.3767302220098099,,0.22126021425157658,,100.0,0.0,0.0,False,False,,,,,0,0,,,,,0,0,0.11790971741910568,6.521122658181669,
RB:5m:1:-1:14536:14546:3,RB,1h,1497,2025-11-24 11:30:00,125.0,-1,1,BOS,-1,3021.0,93.0,CHoCH,1,3072.0,2.0,6,6,1,3,active_bear_internal_ob,internal,-1.0,109.0,3113.0,3126.0,3119.5,0.6791720569210867,current_internal_high,internal,0.0,6.0,3072.0,3072.0,3072.0,0.646830530401035,3088.0,3094.0,3086.0,3089.0,77389.0,1459062.0,1,1,0,1,1,0,active_bear_internal_ob,3072.0,6.0,below,0.646830530401035,3075.0,True,2.0,3046.0,7.0,below,1.4877102199223804,3040.0,False,,3143.0,69.0,above,1.6494178525226393,3202.0,False,,3009.0,43.0,below,2.684346701164295,3021.0,False,,0,0,0.00023061865814483099,47,NONE,0.009714361726763413,0.007021549820937755,0.0057180150592657675,0.6811563287939624,0.00023061865814483099,0.010839076932807057,0.0009838541956439517,0.0010598245801647366,0.0018657888726871796,3059.2810373790717,0.9714361726763413,0.0,-0.9729237794794232,,19,1,1451,1497,2025-11-13 21:00:00,2025-11-24 11:00:00,3052.0,3089.0,47,1.2123197903014526,0.02579403809152027,18.0,-1.0,1401.0,1450.0,2025-11-04 14:00:00,2025-11-13 14:00:00,3044.0,3046.0,50.0,0.06570302233903647,0.0013140604467807293,6493173.0,,138152.6170212766,,6591353.0,0.0,131827.06,0.0,1.0479837525108775,,0.9851047273602248,,31.914893617021278,59.57446808510638,8.51063829787234,False,False,2025-11-21 22:00:00,3060.0,2025-11-21 21:00:00,3055.0,4,4,2025-11-21 22:00:00,3060.0,2025-11-21 14:00:00,3057.0,6,6,0.8143522733706253,12.575147699165395,2.0
RB:5m:1:-1:14536:14546:3,RB,4h,640,2025-11-24 11:30:00,125.0,1,1,CHoCH,1,3163.0,255.0,CHoCH,1,3050.0,17.0,3,4,1,1,current_internal_high,internal,0.0,9.0,3104.0,3104.0,3104.0,0.38809831824062097,current_internal_low,internal,0.0,0.0,3046.0,3046.0,3046.0,1.4877102199223804,3062.0,3094.0,3062.0,3089.0,531475.0,1459062.0,0,0,0,0,0,0,,3104.0,9.0,above,0.38809831824062097,3050.0,False,,3046.0,0.0,below,1.4877102199223804,3020.0,False,,3384.0,181.0,above,9.44372574385511,3163.0,False,,2912.0,303.0,below,5.821474773609314,3033.0,False,,0,0,0.00027097086972326936,-40,NONE,0.015448928491172185,0.009578161082684661,0.0047758399293813,0.8905135529870112,0.00027097086972326936,0.010838834788930773,0.001359244585656505,0.003193170429492742,0.007705190005663276,3042.0042932044457,1.5448928491172185,0.9477124183006502,1.5999583000842785,,8,-1,601,640,2025-11-05 09:00:00,2025-11-24 09:00:00,3024.0,3089.0,40,2.1494708994709066,0.053736772486772666,7.0,1.0,587.0,600.0,2025-10-29 13:30:00,2025-11-04 21:00:00,3133.0,3028.0,14.0,-3.351420363868496,-0.23938716884774972,12396716.0,,309917.9,,5369414.0,0.0,383529.5714285714,0.0,0.8080678077719469,,2.308765165062705,,17.5,27.500000000000004,55.00000000000001,True,False,2025-11-05 09:00:00,3024.0,,,1,0,2025-11-24 09:00:00,3089.0,2025-11-19 13:30:00,3070.0,2,1,0.498617624839807,19.133935257541857,
RB:5m:0:-1:14536:14549:1,RB,5m,14731,2025-11-24 10:40:00,0.0,1,1,CHoCH,1,3072.0,15.0,BOS,1,3084.0,1.0,15,19,8,7,active_bear_internal_ob,internal,-1.0,185.0,3090.0,3096.0,3093.0,0.03237293622531564,current_internal_high,internal,0.0,5.0,3084.0,3084.0,3084.0,0.16186468112657817,3086.0,3090.0,3086.0,3089.0,35280.0,1470475.0,0,0,0,0,0,0,,3084.0,5.0,below,0.16186468112657817,3064.0,True,1.0,3076.0,4.0,below,0.4208481709291033,3050.0,False,,3072.0,58.0,below,0.5503399158303658,3075.0,True,15.0,3046.0,66.0,below,1.3920362576885723,3040.0,False,,0,0,0.00028122418010769493,17,NONE,0.006352424785306846,0.005253278196964848,0.0006800712221008995,0.9469769203162999,0.00028122418010769493,0.004780811061830814,0.0014565215107784635,0.002126968954239805,,3069.501224343948,0.6352424785306846,0.06478781988985549,1.0892028544871286,,199,1,14715,14731,2025-11-24 09:00:00,2025-11-24 10:35:00,3067.0,3089.0,17,0.7173133355070194,0.0421949020886482,198.0,-1.0,14699.0,14714.0,2025-11-21 21:40:00,2025-11-21 22:55:00,3052.0,3060.0,16.0,0.2621231979030192,0.0163826998689387,394353.0,,23197.235294117647,,117721.0,0.0,7357.5625,0.0,3.1528424385273857,,3.3498950909353473,,100.0,0.0,0.0,False,False,,,,,0,0,,,,,0,0,0.12945654058332942,4.252597662590951,
RB:5m:0:-1:14536:14549:1,RB,15m,4909,2025-11-24 10:15:00,25.0,1,1,CHoCH,1,3050.0,158.0,CHoCH,1,3064.0,4.0,8,11,3,4,current_swing_high,swing,0.0,58.0,3104.0,3104.0,3104.0,0.48559404337973455,current_internal_high,internal,0.0,10.0,3064.0,3064.0,3064.0,0.809323405632891,3080.0,3084.0,3078.0,3080.0,46322.0,1475004.0,1,1,0,1,1,0,active_bear_internal_ob,3064.0,10.0,below,0.809323405632891,3070.0,True,4.0,3050.0,5.0,below,1.2625445127873098,3050.0,False,,3104.0,58.0,above,0.48559404337973455,3050.0,False,,3020.0,147.0,below,2.233732599546779,3009.0,False,,0,0,0.00026850439417516194,5,NONE,0.006488527421419451,0.006820409532668855,0.00032034403126744357,0.15009692449792844,0.00026850439417516194,0.0013425219708758096,,,,3060.1441706353357,0.6488527421419451,-0.03245699448231054,0.30568211196789513,,77,1,4905,4909,2025-11-24 09:00:00,2025-11-24 10:00:00,3076.0,3080.0,5,0.13003901170351995,0.02600780234070399,76.0,-1.0,4849.0,4904.0,2025-11-19 14:30:00,2025-11-21 22:45:00,3069.0,3060.0,56.0,-0.2932551319648091,-0.005236698785085877,333055.0,,66611.0,,2402036.0,0.0,42893.5,0.0,1.5529392565307099,,0.13865529076167052,,100.0,0.0,0.0,False,False,,,,,0,0,,,,,0,0,0.0469684451839788,6.66872476582427,
RB:5m:0:-1:14536:14549:1,RB,1h,1495,2025-11-24 10:00:00,40.0,-1,1,BOS,-1,3021.0,91.0,CHoCH,1,3072.0,0.0,6,6,1,3,active_bear_internal_ob,internal,-1.0,107.0,3113.0,3126.0,3119.5,0.7769504694075753,current_internal_high,internal,0.0,4.0,3072.0,3072.0,3072.0,0.5503399158303658,3062.0,3084.0,3062.0,3081.0,286733.0,1475753.0,1,1,0,1,1,0,active_bear_internal_ob,3072.0,4.0,below,0.5503399158303658,3075.0,True,0.0,3046.0,5.0,below,1.3920362576885723,3040.0,False,,3143.0,67.0,above,1.7481385561670444,3202.0,False,,3009.0,41.0,below,2.589834898025251,3021.0,False,,0,0,0.0002284869534518958,45,NONE,0.007654777110123153,0.006897647128711218,0.00581271606561304,0.551817295200101,0.0002284869534518958,0.010281912905335311,0.0004743527291388716,0.0006924763976763337,0.0016529102732252277,3057.5947933637276,0.7654777110123153,0.6862745098039191,1.8151844673400934,,19,1,1451,1495,2025-11-13 21:00:00,2025-11-24 09:00:00,3052.0,3081.0,45,0.9501965923984335,0.021115479831076298,18.0,-1.0,1401.0,1450.0,2025-11-04 14:00:00,2025-11-13 14:00:00,3044.0,3046.0,50.0,0.06570302233903647,0.0013140604467807293,6248431.0,,138854.02222222224,,6591353.0,0.0,131827.06,0.0,1.0533043991288453,,0.9479739592159606,,28.888888888888886,62.22222222222222,8.88888888888889,False,False,2025-11-21 22:00:00,3060.0,2025-11-21 21:00:00,3055.0,4,4,2025-11-21 22:00:00,3060.0,2025-11-21 14:00:00,3057.0,6,6,0.8427099788010045,12.998396148144481,4.0
RB:5m:0:-1:14536:14549:1,RB,4h,639,2025-11-21 23:00:00,3580.0,1,1,CHoCH,1,3163.0,254.0,CHoCH,1,3050.0,16.0,3,4,1,1,current_internal_high,internal,0.0,8.0,3104.0,3104.0,3104.0,0.48559404337973455,active_bull_internal_ob,internal,1.0,16.0,3020.0,3035.0,3027.5,1.7481385561670444,3057.0,3061.0,3050.0,3060.0,219805.0,1495017.0,0,0,0,0,0,0,,3104.0,8.0,above,0.48559404337973455,3050.0,False,,3020.0,20.0,below,2.233732599546779,3009.0,False,,3384.0,180.0,above,9.550016186468113,3163.0,False,,2912.0,302.0,below,5.730009711880868,3033.0,False,,0,0,0.00025979155526349257,-39,NONE,0.006619753481814873,0.009427628585031135,0.004742054704496909,0.27688443473617647,0.00025979155526349257,0.01013187065527621,0.0008075453105991226,0.002868447024306997,0.00716451664345108,3039.876765199284,0.6619753481814873,0.09813542688910104,-0.7132283973458053,,8,-1,601,639,2025-11-05 09:00:00,2025-11-21 21:00:00,3024.0,3060.0,39,1.1904761904761862,0.030525030525030417,7.0,1.0,587.0,600.0,2025-10-29 13:30:00,2025-11-04 21:00:00,3133.0,3028.0,14.0,-3.351420363868496,-0.23938716884774972,11865241.0,,304236.9487179487,,5369414.0,0.0,383529.5714285714,0.0,0.7932555176507682,,2.209783227741426,,17.94871794871795,25.64102564102564,56.41025641025641,True,False,2025-11-05 09:00:00,3024.0,,,1,0,2025-11-14 13:30:00,3053.0,2025-11-19 13:30:00,3070.0,1,1,0.5029954947552961,17.99039181581431,
RB:5m:0:-1:14536:14549:2,RB,5m,14736,2025-11-24 11:05:00,0.0,1,1,CHoCH,1,3072.0,20.0,BOS,1,3084.0,6.0,15,19,8,7,active_bear_internal_ob,internal,-1.0,190.0,3090.0,3096.0,3093.0,0.03237293622531564,current_internal_high,internal,0.0,10.0,3084.0,3084.0,3084.0,0.16186468112657817,3088.0,3090.0,3088.0,3089.0,12052.0,1465988.0,0,0,0,0,0,0,,3084.0,10.0,below,0.16186468112657817,3064.0,True,6.0,3076.0,9.0,below,0.4208481709291033,3050.0,False,,3072.0,63.0,below,0.5503399158303658,3075.0,True,20.0,3046.0,71.0,below,1.3920362576885723,3040.0,False,,0,0,0.00026022485201609486,22,NONE,0.0054077000506670215,0.005360747968176929,0.0006516431413192899,0.5287196706958798,0.00026022485201609486,0.005724946744354087,0.0009396434248436503,0.0023975335464829772,0.0051394641437358946,3072.3854609869522,0.5407700050667021,0.0,-0.7814538694581488,,199,1,14715,14736,2025-11-24 09:00:00,2025-11-24 11:00:00,3067.0,3089.0,22,0.7173133355070194,0.03260515161395543,198.0,-1.0,14699.0,14714.0,2025-11-21 21:40:00,2025-11-21 22:55:00,3052.0,3060.0,16.0,0.2621231979030192,0.0163826998689387,466138.0,,21188.090909090908,,117721.0,0.0,7357.5625,0.0,2.879770427922414,,3.95968433839332,,100.0,0.0,0.0,False,False,,,,,0,0,,,,,0,0,0.12155824992848883,3.8549055898144786,
RB:5m:0:-1:14536:14549:2,RB,15m,4911,2025-11-24 11:00:00,5.0,1,1,CHoCH,1,3050.0,160.0,CHoCH,1,3064.0,6.0,8,11,3,4,current_swing_high,swing,0.0,60.0,3104.0,3104.0,3104.0,0.48559404337973455,current_internal_high,internal,0.0,12.0,3064.0,3064.0,3064.0,0.809323405632891,3090.0,3090.0,3086.0,3089.0,40527.0,1466935.0,1,1,0,1,1,0,active_bear_internal_ob,3064.0,12.0,below,0.809323405632891,3070.0,True,6.0,3050.0,7.0,below,1.2625445127873098,3050.0,False,,3104.0,60.0,above,0.48559404337973455,3050.0,False,,3020.0,149.0,below,2.233732599546779,3009.0,False,,0,0,0.00032017668575926424,7,NONE,0.008524404685926489,0.007396994750662152,0.0009657154410397525,0.8784826134299606,0.00032017668575926424,0.0022412368003148497,0.0017458087587920446,,,3062.8906803320965,0.8524404685926489,-0.03236245954693073,-0.015113339329816603,,77,1,4905,4911,2025-11-24 09:00:00,2025-11-24 10:45:00,3076.0,3089.0,7,0.4226267880364176,0.06037525543377394,76.0,-1.0,4849.0,4904.0,2025-11-19 14:30:00,2025-11-21 22:45:00,3069.0,3060.0,56.0,-0.2932551319648091,-0.005236698785085877,454086.0,,64869.42857142857,,2402036.0,0.0,42893.5,0.0,1.512337034082753,,0.18904212926034414,,100.0,0.0,0.0,False,False,,,,,0,0,,,,,0,0,0.1305551069849421,6.6990534970627635,
RB:5m:0:-1:14536:14549:2,RB,1h,1496,2025-11-24 11:00:00,5.0,-1,1,BOS,-1,3021.0,92.0,CHoCH,1,3072.0,1.0,6,6,1,3,active_bear_internal_ob,internal,-1.0,108.0,3113.0,3126.0,3119.5,0.7769504694075753,current_internal_high,internal,0.0,5.0,3072.0,3072.0,3072.0,0.5503399158303658,3080.0,3090.0,3078.0,3089.0,167353.0,1466935.0,1,1,0,1,1,0,active_bear_internal_ob,3072.0,5.0,below,0.5503399158303658,3075.0,True,1.0,3046.0,6.0,below,1.3920362576885723,3040.0,False,,3143.0,68.0,above,1.7481385561670444,3202.0,False,,3009.0,42.0,below,2.589834898025251,3021.0,False,,0,0,0.00023149790743609807,46,NONE,0.009904359065306255,0.006963010431680674,0.0057658832626305565,0.6950197207843691,0.00023149790743609807,0.010648903742060511,0.0008178628812249844,0.0009334691167530718,0.0018716232223576768,3058.7054826250605,0.9904359065306255,0.25965595585848433,0.23160692741874467,,19,1,1451,1496,2025-11-13 21:00:00,2025-11-24 10:00:00,3052.0,3089.0,46,1.2123197903014526,0.02635477805003158,18.0,-1.0,1401.0,1450.0,2025-11-04 14:00:00,2025-11-13 14:00:00,3044.0,3046.0,50.0,0.06570302233903647,0.0013140604467807293,6415784.0,,139473.5652173913,,6591353.0,0.0,131827.06,0.0,1.0580040639409791,,0.9733637388257009,,30.434782608695656,60.86956521739131,8.695652173913043,False,False,2025-11-21 22:00:00,3060.0,2025-11-21 21:00:00,3055.0,4,4,2025-11-21 22:00:00,3060.0,2025-11-21 14:00:00,3057.0,6,6,0.8280733339701223,12.927082137562733,3.0
RB:5m:0:-1:14536:14549:2,RB,4h,639,2025-11-21 23:00:00,3605.0,1,1,CHoCH,1,3163.0,254.0,CHoCH,1,3050.0,16.0,3,4,1,1,current_internal_high,internal,0.0,8.0,3104.0,3104.0,3104.0,0.48559404337973455,active_bull_internal_ob,internal,1.0,16.0,3020.0,3035.0,3027.5,1.7481385561670444,3057.0,3061.0,3050.0,3060.0,219805.0,1495017.0,0,0,0,0,0,0,,3104.0,8.0,above,0.48559404337973455,3050.0,False,,3020.0,20.0,below,2.233732599546779,3009.0,False,,3384.0,180.0,above,9.550016186468113,3163.0,False,,2912.0,302.0,below,5.730009711880868,3033.0,False,,0,0,0.00025979155526349257,-39,NONE,0.006619753481814873,0.009427628585031135,0.004742054704496909,0.27688443473617647,0.00025979155526349257,0.01013187065527621,0.0008075453105991226,0.002868447024306997,0.00716451664345108,3039.876765199284,0.6619753481814873,0.09813542688910104,-0.7132283973458053,,8,-1,601,639,2025-11-05 09:00:00,2025-11-21 21:00:00,3024.0,3060.0,39,1.1904761904761862,0.030525030525030417,7.0,1.0,587.0,600.0,2025-10-29 13:30:00,2025-11-04 21:00:00,3133.0,3028.0,14.0,-3.351420363868496,-0.23938716884774972,11865241.0,,304236.9487179487,,5369414.0,0.0,383529.5714285714,0.0,0.7932555176507682,,2.209783227741426,,17.94871794871795,25.64102564102564,56.41025641025641,True,False,2025-11-05 09:00:00,3024.0,,,1,0,2025-11-14 13:30:00,3053.0,2025-11-19 13:30:00,3070.0,1,1,0.5029954947552961,17.99039181581431,
RB:5m:0:-1:14536:14549:3,RB,5m,14742,2025-11-24 13:35:00,0.0,1,1,CHoCH,1,3072.0,26.0,BOS,1,3084.0,12.0,15,19,8,7,active_bear_internal_ob,internal,-1.0,1085.0,3104.0,3108.0,3106.0,0.38809831824062097,current_internal_high,internal,0.0,16.0,3084.0,3084.0,3084.0,0.258732212160414,3091.0,3094.0,3089.0,3092.0,22403.0,1460375.0,2,2,0,2,1,1,active_bear_internal_ob|active_bear_swing_ob,3084.0,16.0,below,0.258732212160414,3064.0,True,12.0,3076.0,15.0,below,0.517464424320828,3050.0,False,,3072.0,69.0,below,0.646830530401035,3075.0,True,26.0,3046.0,77.0,below,1.4877102199223804,3040.0,False,,0,0,0.00024221541265564576,28,NONE,0.005327472993032367,0.005236649259709182,0.0007013225746674491,0.5515203751379081,0.00024221541265564576,0.006782031554358081,0.0006626523624482239,0.001718744601382216,0.003970836854950033,3075.614745506343,0.5327472993032367,0.09711880867595557,0.9429058902022578,,199,1,14715,14742,2025-11-24 09:00:00,2025-11-24 13:30:00,3067.0,3092.0,28,0.8151287903488846,0.029111742512460164,198.0,-1.0,14699.0,14714.0,2025-11-21 21:40:00,2025-11-21 22:55:00,3052.0,3060.0,16.0,0.2621231979030192,0.0163826998689387,553878.0,,19781.35714285714,,117721.0,0.0,7357.5625,0.0,2.68857480216541,,4.705005903789468,,100.0,0.0,0.0,False,False,,,,,0,0,,,,,0,0,0.13392582544403542,3.8702277265248264,
RB:5m:0:-1:14536:14549:3,RB,15m,4913,2025-11-24 11:30:00,125.0,1,1,CHoCH,1,3050.0,162.0,CHoCH,1,3064.0,8.0,8,11,3,4,current_swing_high,swing,0.0,62.0,3104.0,3104.0,3104.0,0.38809831824062097,current_internal_high,internal,0.0,14.0,3064.0,3064.0,3064.0,0.9055627425614489,3087.0,3089.0,3087.0,3089.0,21903.0,1459062.0,1,1,0,1,1,0,active_bear_internal_ob,3064.0,14.0,below,0.9055627425614489,3070.0,True,8.0,3050.0,9.0,below,1.3583441138421735,3050.0,False,,3104.0,62.0,above,0.38809831824062097,3050.0,False,,3020.0,151.0,below,2.3285899094437257,3009.0,False,,0,0,0.0003095714823888349,9,NONE,0.00797638001615353,0.007433624304347331,0.0008764965411253898,0.7321186109449243,0.0003095714823888349,0.002786143341499514,0.0017304846664618623,,,3064.5559372636258,0.797638001615353,0.09721322099804919,-0.7527436512325261,,77,1,4905,4913,2025-11-24 09:00:00,2025-11-24 11:15:00,3076.0,3089.0,9,0.4226267880364176,0.0469585320040464,76.0,-1.0,4849.0,4904.0,2025-11-19 14:30:00,2025-11-21 22:45:00,3069.0,3060.0,56.0,-0.2932551319648091,-0.005236698785085877,531475.0,,59052.77777777778,,2402036.0,0.0,42893.5,0.0,1.3767302220098099,,0.22126021425157658,,100.0,0.0,0.0,False,False,,,,,0,0,,,,,0,0,0.11790971741910568,6.521122658181669,
RB:5m:0:-1:14536:14549:3,RB,1h,1497,2025-11-24 11:30:00,125.0,-1,1,BOS,-1,3021.0,93.0,CHoCH,1,3072.0,2.0,6,6,1,3,active_bear_internal_ob,internal,-1.0,109.0,3113.0,3126.0,3119.5,0.6791720569210867,current_internal_high,internal,0.0,6.0,3072.0,3072.0,3072.0,0.646830530401035,3088.0,3094.0,3086.0,3089.0,77389.0,1459062.0,1,1,0,1,1,0,active_bear_internal_ob,3072.0,6.0,below,0.646830530401035,3075.0,True,2.0,3046.0,7.0,below,1.4877102199223804,3040.0,False,,3143.0,69.0,above,1.6494178525226393,3202.0,False,,3009.0,43.0,below,2.684346701164295,3021.0,False,,0,0,0.00023061865814483099,47,NONE,0.009714361726763413,0.007021549820937755,0.0057180150592657675,0.6811563287939624,0.00023061865814483099,0.010839076932807057,0.0009838541956439517,0.0010598245801647366,0.0018657888726871796,3059.2810373790717,0.9714361726763413,0.0,-0.9729237794794232,,19,1,1451,1497,2025-11-13 21:00:00,2025-11-24 11:00:00,3052.0,3089.0,47,1.2123197903014526,0.02579403809152027,18.0,-1.0,1401.0,1450.0,2025-11-04 14:00:00,2025-11-13 14:00:00,3044.0,3046.0,50.0,0.06570302233903647,0.0013140604467807293,6493173.0,,138152.6170212766,,6591353.0,0.0,131827.06,0.0,1.0479837525108775,,0.9851047273602248,,31.914893617021278,59.57446808510638,8.51063829787234,False,False,2025-11-21 22:00:00,3060.0,2025-11-21 21:00:00,3055.0,4,4,2025-11-21 22:00:00,3060.0,2025-11-21 14:00:00,3057.0,6,6,0.8143522733706253,12.575147699165395,2.0
RB:5m:0:-1:14536:14549:3,RB,4h,640,2025-11-24 11:30:00,125.0,1,1,CHoCH,1,3163.0,255.0,CHoCH,1,3050.0,17.0,3,4,1,1,current_internal_high,internal,0.0,9.0,3104.0,3104.0,3104.0,0.38809831824062097,current_internal_low,internal,0.0,0.0,3046.0,3046.0,3046.0,1.4877102199223804,3062.0,3094.0,3062.0,3089.0,531475.0,1459062.0,0,0,0,0,0,0,,3104.0,9.0,above,0.38809831824062097,3050.0,False,,3046.0,0.0,below,1.4877102199223804,3020.0,False,,3384.0,181.0,above,9.44372574385511,3163.0,False,,2912.0,303.0,below,5.821474773609314,3033.0,False,,0,0,0.00027097086972326936,-40,NONE,0.015448928491172185,0.009578161082684661,0.0047758399293813,0.8905135529870112,0.00027097086972326936,0.010838834788930773,0.001359244585656505,0.003193170429492742,0.007705190005663276,3042.0042932044457,1.5448928491172185,0.9477124183006502,1.5999583000842785,,8,-1,601,640,2025-11-05 09:00:00,2025-11-24 09:00:00,3024.0,3089.0,40,2.1494708994709066,0.053736772486772666,7.0,1.0,587.0,600.0,2025-10-29 13:30:00,2025-11-04 21:00:00,3133.0,3028.0,14.0,-3.351420363868496,-0.23938716884774972,12396716.0,,309917.9,,5369414.0,0.0,383529.5714285714,0.0,0.8080678077719469,,2.308765165062705,,17.5,27.500000000000004,55.00000000000001,True,False,2025-11-05 09:00:00,3024.0,,,1,0,2025-11-24 09:00:00,3089.0,2025-11-19 13:30:00,3070.0,2,1,0.498617624839807,19.133935257541857,
RB:5m:1:-1:14563:14578:1,RB,5m,14602,2025-11-20 11:25:00,0.0,-1,1,CHoCH,-1,3075.0,53.0,CHoCH,1,3059.0,0.0,13,19,7,7,current_swing_low,swing,0.0,87.0,3075.0,3075.0,3075.0,0.09765625,current_internal_high,internal,0.0,14.0,3059.0,3059.0,3059.0,0.4231770833333333,3056.0,3073.0,3054.0,3072.0,66490.0,1594353.0,0,0,0,0,0,0,,3059.0,14.0,below,0.4231770833333333,3064.0,True,0.0,3040.0,2.0,below,1.0416666666666665,3050.0,False,,3096.0,16.0,above,0.78125,3104.0,False,,3075.0,87.0,above,0.09765625,3035.0,True,53.0,0,0,0.0,1,DOWN_TO_UP,0.008382161633228146,0.008382161633228146,0.0,0.5,0.0,0.0,,,,3046.4640459569705,0.8382161633228146,0.5564648117839521,3.0434828010623947,,197,1,14602,14602,2025-11-20 11:20:00,2025-11-20 11:20:00,3072.0,3072.0,1,0.0,0.0,196.0,-1.0,14548.0,14601.0,2025-11-19 14:35:00,2025-11-20 11:15:00,3075.0,3055.0,54.0,-0.6504065040650375,-0.012044564890093288,66490.0,,66490.0,,992617.0,0.0,18381.796296296296,0.0,3.6171655331311072,,0.06698454690983531,,100.0,0.0,0.0,True,False,,,,,0,0,,,,,0,0,0.0,5.584138035785576,
RB:5m:1:-1:14563:14578:1,RB,15m,4866,2025-11-20 11:15:00,10.0,1,-1,CHoCH,1,3050.0,115.0,BOS,-1,3056.0,7.0,6,12,3,4,active_bear_internal_ob,internal,-1.0,17.0,3088.0,3096.0,3092.0,0.5208333333333333,active_bear_internal_ob,internal,-1.0,7.0,3058.0,3064.0,3061.0,0.26041666666666663,3041.0,3059.0,3041.0,3057.0,109922.0,1600598.0,0,0,0,0,0,0,,3064.0,7.0,below,0.26041666666666663,3096.0,False,,3056.0,9.0,below,0.5208333333333333,3077.0,True,7.0,3104.0,15.0,above,1.0416666666666665,3050.0,False,,3020.0,104.0,below,1.6927083333333333,3009.0,False,,0,0,-0.0009002237204345601,-18,NONE,0.005121961855097685,-0.007431388631434676,0.0038776915240303768,0.9993967219325091,-0.0009002237204345601,-0.016204026967822083,-0.013019119932978107,-0.014279905617988642,,3041.421952772642,0.5121961855097685,0.5261427162117638,1.4634160366233928,,76,-1,4849,4866,2025-11-19 14:30:00,2025-11-20 11:00:00,3069.0,3057.0,18,-0.3910068426197455,-0.02172260236776364,75.0,1.0,4750.0,4848.0,2025-11-13 10:45:00,2025-11-19 14:15:00,3049.0,3081.0,99.0,1.049524434240734,0.010601256911522566,1010673.0,,56148.5,,3930745.0,0.0,39704.49494949495,0.0,1.4141597839595295,,0.25711996071991444,,0.0,5.555555555555555,94.44444444444444,True,True,2025-11-20 10:45:00,3041.0,,,1,0,2025-11-20 11:00:00,3057.0,,,1,0,0.5217990494572969,7.193746111159626,
RB:5m:1:-1:14563:14578:1,RB,1h,1482,2025-11-20 11:00:00,25.0,-1,-1,BOS,-1,3021.0,78.0,CHoCH,-1,3075.0,4.0,5,6,1,3,current_internal_low,internal,0.0,8.0,3075.0,3075.0,3075.0,0.09765625,active_bull_internal_ob,internal,1.0,33.0,3022.0,3049.0,3035.5,0.7486979166666667,3049.0,3054.0,3040.0,3041.0,135486.0,1618181.0,0,0,0,0,0,0,,3096.0,0.0,above,0.78125,3104.0,False,,3075.0,8.0,above,0.09765625,3035.0,True,4.0,3143.0,54.0,above,2.311197916666667,3202.0,False,,3009.0,28.0,below,2.05078125,3021.0,False,,0,0,0.00029671647047155303,32,NONE,-0.004652048460611875,0.009071639977337863,0.005357056603151936,0.00520661686519408,0.00029671647047155303,0.009494927055089697,0.0005335711059495374,0.001744839913159213,0.006309486975295986,3055.2129989285067,-0.4652048460611875,-0.29508196721311775,-0.07247751184820182,,19,1,1451,1482,2025-11-13 21:00:00,2025-11-20 10:00:00,3052.0,3041.0,32,-0.3604193971166403,-0.011263106159895009,18.0,-1.0,1401.0,1450.0,2025-11-04 14:00:00,2025-11-13 14:00:00,3044.0,3046.0,50.0,0.06570302233903647,0.0013140604467807293,4460413.0,,139387.90625,,6591353.0,0.0,131827.06,0.0,1.0573542810558014,,0.676706739875713,,37.5,50.0,12.5,True,True,,,2025-11-20 09:00:00,3050.0,0,1,2025-11-19 10:00:00,3091.0,2025-11-19 14:00:00,3070.0,2,3,0.5905279107784878,11.573341770253275,3.0
RB:5m:1:-1:14563:14578:1,RB,4h,633,2025-11-19 23:00:00,745.0,1,1,CHoCH,1,3163.0,248.0,CHoCH,1,3050.0,10.0,3,4,1,1,current_internal_high,internal,0.0,2.0,3104.0,3104.0,3104.0,1.0416666666666665,active_bull_internal_ob,internal,1.0,10.0,3020.0,3035.0,3027.5,1.2044270833333335,3065.0,3069.0,3056.0,3058.0,293839.0,1627599.0,0,0,0,0,0,0,,3104.0,2.0,above,1.0416666666666665,3050.0,False,,3020.0,14.0,below,1.6927083333333333,3009.0,False,,3384.0,174.0,above,10.15625,3163.0,False,,2912.0,296.0,below,5.208333333333334,3033.0,False,,0,0,0.0002684694125448772,-33,NONE,0.00723055757012463,0.009849587297254632,0.004956897769142196,0.2986245218411921,0.0002684694125448772,0.008859490613980947,0.00188769011076384,0.0050859336490209905,0.006869338258310265,3036.0476824464276,0.723055757012463,-0.3908794788273662,-0.05445371520628548,,8,-1,601,633,2025-11-05 09:00:00,2025-11-19 21:00:00,3024.0,3058.0,33,1.1243386243386277,0.034070867404200844,7.0,1.0,587.0,600.0,2025-10-29 13:30:00,2025-11-04 21:00:00,3133.0,3028.0,14.0,-3.351420363868496,-0.23938716884774972,10009660.0,,303323.0303030303,,5369414.0,0.0,383529.5714285714,0.0,0.7908726025302619,,1.864199705964189,,21.21212121212121,12.121212121212121,66.66666666666666,True,False,2025-11-05 09:00:00,3024.0,,,1,0,2025-11-14 13:30:00,3053.0,2025-11-19 13:30:00,3070.0,1,1,0.5032594381415177,17.527196918560307,
RB:5m:1:-1:14582:14587:1,RB,5m,14589,2025-11-20 10:05:00,0.0,-1,-1,CHoCH,-1,3075.0,40.0,BOS,-1,3050.0,2.0,13,21,7,7,active_bear_internal_ob,internal,-1.0,2.0,3054.0,3059.0,3056.5,0.03275466754012447,current_internal_low,internal,0.0,5.0,3050.0,3050.0,3050.0,0.0982640026203734,3049.0,3054.0,3048.0,3053.0,13156.0,1624282.0,0,0,0,0,0,0,,3059.0,1.0,above,0.1965280052407468,3064.0,False,,3050.0,5.0,below,0.0982640026203734,3056.0,True,2.0,3096.0,3.0,above,1.4084507042253522,3104.0,False,,3075.0,74.0,above,0.7206026858827383,3035.0,True,40.0,0,0,-0.0001975052564941909,-42,NONE,-0.003931629065433942,-0.005012763176218095,0.0008298999538149765,0.9036662222987515,-0.0001975052564941909,-0.008295220772756018,-0.000911085028740044,-0.0014770287723128162,-0.0032932503334195395,3065.0506421918685,-0.3931629065433942,0.09836065573769481,-0.04019029405963962,,196,-1,14548,14589,2025-11-19 14:35:00,2025-11-20 10:00:00,3075.0,3053.0,42,-0.715447154471549,-0.017034456058846407,195.0,1.0,14525.0,14547.0,2025-11-19 10:40:00,2025-11-19 14:30:00,3094.0,3080.0,23.0,-0.4524886877828038,-0.019673421207947992,743442.0,,17701.0,,304445.0,0.0,13236.739130434782,0.0,1.3372628882064084,,2.441958317594311,,0.0,11.904761904761903,88.09523809523809,True,True,,,,,0,0,2025-11-20 09:25:00,3059.0,2025-11-20 09:30:00,3056.0,1,1,0.16555738315192037,3.9312807856231884,
RB:5m:1:-1:14582:14587:1,RB,15m,4862,2025-11-20 10:00:00,5.0,1,-1,CHoCH,1,3050.0,111.0,BOS,-1,3056.0,3.0,7,12,3,4,current_internal_low,internal,0.0,5.0,3056.0,3056.0,3056.0,0.0982640026203734,active_bull_internal_ob,internal,1.0,72.0,3041.0,3051.0,3046.0,0.06550933508024893,3055.0,3056.0,3047.0,3050.0,56453.0,1623887.0,0,0,0,0,0,0,,3064.0,3.0,above,0.3603013429413692,3096.0,False,,3056.0,5.0,above,0.0982640026203734,3077.0,True,3.0,3104.0,11.0,above,1.6704880445463477,3050.0,False,,3020.0,100.0,below,1.0809040288241074,3009.0,False,,0,0,-0.0002585359785765414,-14,NONE,-0.009845454050290522,-0.008358354141647333,0.0009535364602684932,0.05943162690399767,-0.0002585359785765414,-0.00361950370007158,-0.0015878937311495367,-0.0021977606736960364,,3080.327220105407,-0.9845454050290522,-0.16366612111292644,0.23658793014339075,,76,-1,4849,4862,2025-11-19 14:30:00,2025-11-20 09:45:00,3069.0,3050.0,14,-0.61909416748126,-0.04422101196294714,75.0,1.0,4750.0,4848.0,2025-11-13 10:45:00,2025-11-19 14:15:00,3049.0,3081.0,99.0,1.049524434240734,0.010601256911522566,765265.0,,54661.78571428572,,3930745.0,0.0,39704.49494949495,0.0,1.376715300970754,,0.19468701225849044,,0.0,0.0,100.0,True,True,,,,,0,0,,,,,0,0,0.11408184483561047,6.4008595849693,
RB:5m:1:-1:14582:14587:1,RB,1h,1481,2025-11-20 10:00:00,5.0,-1,-1,BOS,-1,3021.0,77.0,CHoCH,-1,3075.0,3.0,5,6,1,3,current_internal_low,internal,0.0,7.0,3075.0,3075.0,3075.0,0.7206026858827383,active_bull_internal_ob,internal,1.0,32.0,3022.0,3049.0,3035.5,0.13101867016049787,3056.0,3059.0,3047.0,3050.0,218810.0,1623887.0,0,0,0,0,0,0,,3104.0,12.0,above,1.6704880445463477,3055.0,False,,3075.0,7.0,above,0.7206026858827383,3035.0,True,3.0,3143.0,53.0,above,2.947920078611202,3202.0,False,,3009.0,27.0,below,1.4412053717654767,3021.0,False,,0,0,0.000309822418013963,31,NONE,-0.0018146040616846524,0.009514339604368498,0.004832426353376639,0.009529900147319414,0.000309822418013963,0.009604494958432852,0.0008362849169516462,0.002177054762799946,0.006668837940390304,3055.544603648439,-0.18146040616846523,-0.2616088947024253,1.0594962664908227,,19,1,1451,1481,2025-11-13 21:00:00,2025-11-20 09:00:00,3052.0,3050.0,31,-0.0655307994757548,-0.0021138967572824127,18.0,-1.0,1401.0,1450.0,2025-11-04 14:00:00,2025-11-13 14:00:00,3044.0,3046.0,50.0,0.06570302233903647,0.0013140604467807293,4324927.0,,139513.7741935484,,6591353.0,0.0,131827.06,0.0,1.0583090770100494,,0.6561516277462306,,38.70967741935484,51.61290322580645,9.67741935483871,True,True,,,2025-11-20 09:00:00,3050.0,0,1,2025-11-19 10:00:00,3091.0,2025-11-19 14:00:00,3070.0,2,3,0.5079098029208287,11.38667575258045,4.0
RB:5m:1:-1:14582:14587:1,RB,4h,633,2025-11-19 23:00:00,665.0,1,1,CHoCH,1,3163.0,248.0,CHoCH,1,3050.0,10.0,3,4,1,1,current_internal_high,internal,0.0,2.0,3104.0,3104.0,3104.0,1.6704880445463477,active_bull_internal_ob,internal,1.0,10.0,3020.0,3035.0,3027.5,0.5895840157222404,3065.0,3069.0,3056.0,3058.0,293839.0,1627599.0,0,0,0,0,0,0,,3104.0,2.0,above,1.6704880445463477,3050.0,False,,3020.0,14.0,below,1.0809040288241074,3009.0,False,,3384.0,174.0,above,10.841794955781198,3163.0,False,,2912.0,296.0,below,4.61840812315755,3033.0,False,,0,0,0.0002684694125448772,-33,NONE,0.00723055757012463,0.009849587297254632,0.004956897769142196,0.2986245218411921,0.0002684694125448772,0.008859490613980947,0.00188769011076384,0.0050859336490209905,0.006869338258310265,3036.0476824464276,0.723055757012463,-0.3908794788273662,-0.05445371520628548,,8,-1,601,633,2025-11-05 09:00:00,2025-11-19 21:00:00,3024.0,3058.0,33,1.1243386243386277,0.034070867404200844,7.0,1.0,587.0,600.0,2025-10-29 13:30:00,2025-11-04 21:00:00,3133.0,3028.0,14.0,-3.351420363868496,-0.23938716884774972,10009660.0,,303323.0303030303,,5369414.0,0.0,383529.5714285714,0.0,0.7908726025302619,,1.864199705964189,,21.21212121212121,12.121212121212121,66.66666666666666,True,False,2025-11-05 09:00:00,3024.0,,,1,0,2025-11-14 13:30:00,3053.0,2025-11-19 13:30:00,3070.0,1,1,0.5032594381415177,17.527196918560307,
RB:5m:1:-1:14582:14587:2,RB,5m,14599,2025-11-20 11:10:00,0.0,-1,-1,CHoCH,-1,3075.0,50.0,BOS,-1,3050.0,12.0,12,21,7,7,current_internal_high,internal,0.0,11.0,3059.0,3059.0,3059.0,0.16371971185330714,current_internal_low,internal,0.0,15.0,3050.0,3050.0,3050.0,0.13097576948264572,3050.0,3055.0,3048.0,3054.0,26934.0,1612127.0,1,1,0,1,1,0,active_bear_internal_ob,3059.0,11.0,above,0.16371971185330714,3064.0,False,,3050.0,15.0,below,0.13097576948264572,3056.0,True,12.0,3096.0,13.0,above,1.37524557956778,3104.0,False,,3075.0,84.0,above,0.68762278978389,3035.0,True,50.0,-1,-1,-0.00030520092091818263,-52,DOWN_CONFIRMED,0.004064265996250648,-0.00447647325666953,0.0022187636046485334,0.9999407777930123,-0.00030520092091818263,-0.015870447887745498,-0.006361168444613874,-0.007638590913005672,-0.009104337266760076,3041.6379742085196,0.4064265996250648,0.13114754098360049,1.1093744540947648,,196,-1,14548,14599,2025-11-19 14:35:00,2025-11-20 11:05:00,3075.0,3054.0,52,-0.6829268292682933,-0.013133208255159486,195.0,1.0,14525.0,14547.0,2025-11-19 10:40:00,2025-11-19 14:30:00,3094.0,3080.0,23.0,-0.4524886877828038,-0.019673421207947992,934707.0,,17975.134615384617,,304445.0,0.0,13236.739130434782,0.0,1.3579730202625966,,3.070199871898044,,1.9230769230769231,11.538461538461538,86.53846153846155,False,False,2025-11-20 10:45:00,3041.0,,,1,0,2025-11-20 11:00:00,3050.0,2025-11-20 09:30:00,3056.0,2,1,0.4956499184581928,4.563438675555585,
RB:5m:1:-1:14582:14587:2,RB,15m,4865,2025-11-20 11:00:00,10.0,1,-1,CHoCH,1,3050.0,114.0,BOS,-1,3056.0,6.0,6,12,3,4,current_internal_low,internal,0.0,8.0,3056.0,3056.0,3056.0,0.06548788474132286,active_bull_internal_ob,internal,1.0,116.0,3026.0,3034.0,3030.0,0.6548788474132285,3042.0,3043.0,3040.0,3041.0,30727.0,1618181.0,0,0,0,0,0,0,,3064.0,6.0,above,0.3274394237066143,3096.0,False,,3056.0,8.0,above,0.06548788474132286,3077.0,True,6.0,3104.0,14.0,above,1.6371971185330716,3050.0,False,,3020.0,103.0,below,1.1132940406024885,3009.0,False,,0,0,-0.0009793699300024651,-17,NONE,0.0003140024705472541,-0.008169821012995402,0.0024710135937161203,0.9997019002017868,-0.0009793699300024651,-0.016649288810041907,-0.013588934327739555,-0.014790535457854803,,3040.0454182281005,0.03140024705472541,0.0,-0.533490806216816,,76,-1,4849,4865,2025-11-19 14:30:00,2025-11-20 10:45:00,3069.0,3041.0,17,-0.9123492994460691,-0.05366760584976877,75.0,1.0,4750.0,4848.0,2025-11-13 10:45:00,2025-11-19 14:15:00,3049.0,3081.0,99.0,1.049524434240734,0.010601256911522566,900751.0,,52985.35294117647,,3930745.0,0.0,39704.49494949495,0.0,1.3344925557817846,,0.22915528735646803,,0.0,0.0,100.0,True,True,2025-11-20 10:45:00,3041.0,,,1,0,,,,,0,0,0.30245627043549417,6.362495812018059,
RB:5m:1:-1:14582:14587:2,RB,1h,1482,2025-11-20 11:00:00,10.0,-1,-1,BOS,-1,3021.0,78.0,CHoCH,-1,3075.0,4.0,5,6,1,3,current_internal_low,internal,0.0,8.0,3075.0,3075.0,3075.0,0.68762278978389,active_bull_internal_ob,internal,1.0,33.0,3022.0,3049.0,3035.5,0.16371971185330714,3049.0,3054.0,3040.0,3041.0,135486.0,1618181.0,0,0,0,0,0,0,,3096.0,0.0,above,1.37524557956778,3104.0,False,,3075.0,8.0,above,0.68762278978389,3035.0,True,4.0,3143.0,54.0,above,2.914210870988867,3202.0,False,,3009.0,28.0,below,1.4734774066797642,3021.0,False,,0,0,0.00029671647047155303,32,NONE,-0.004652048460611875,0.009071639977337863,0.005357056603151936,0.00520661686519408,0.00029671647047155303,0.009494927055089697,0.0005335711059495374,0.001744839913159213,0.006309486975295986,3055.2129989285067,-0.4652048460611875,-0.29508196721311775,-0.07247751184820182,,19,1,1451,1482,2025-11-13 21:00:00,2025-11-20 10:00:00,3052.0,3041.0,32,-0.3604193971166403,-0.011263106159895009,18.0,-1.0,1401.0,1450.0,2025-11-04 14:00:00,2025-11-13 14:00:00,3044.0,3046.0,50.0,0.06570302233903647,0.0013140604467807293,4460413.0,,139387.90625,,6591353.0,0.0,131827.06,0.0,1.0573542810558014,,0.676706739875713,,37.5,50.0,12.5,True,True,,,2025-11-20 09:00:00,3050.0,0,1,2025-11-19 10:00:00,3091.0,2025-11-19 14:00:00,3070.0,2,3,0.5905279107784878,11.573341770253275,3.0
RB:5m:1:-1:14582:14587:2,RB,4h,633,2025-11-19 23:00:00,730.0,1,1,CHoCH,1,3163.0,248.0,CHoCH,1,3050.0,10.0,3,4,1,1,current_internal_high,internal,0.0,2.0,3104.0,3104.0,3104.0,1.6371971185330716,active_bull_internal_ob,internal,1.0,10.0,3020.0,3035.0,3027.5,0.6221349050425672,3065.0,3069.0,3056.0,3058.0,293839.0,1627599.0,0,0,0,0,0,0,,3104.0,2.0,above,1.6371971185330716,3050.0,False,,3020.0,14.0,below,1.1132940406024885,3009.0,False,,3384.0,174.0,above,10.805500982318271,3163.0,False,,2912.0,296.0,below,4.649639816633923,3033.0,False,,0,0,0.0002684694125448772,-33,NONE,0.00723055757012463,0.009849587297254632,0.004956897769142196,0.2986245218411921,0.0002684694125448772,0.008859490613980947,0.00188769011076384,0.0050859336490209905,0.006869338258310265,3036.0476824464276,0.723055757012463,-0.3908794788273662,-0.05445371520628548,,8,-1,601,633,2025-11-05 09:00:00,2025-11-19 21:00:00,3024.0,3058.0,33,1.1243386243386277,0.034070867404200844,7.0,1.0,587.0,600.0,2025-10-29 13:30:00,2025-11-04 21:00:00,3133.0,3028.0,14.0,-3.351420363868496,-0.23938716884774972,10009660.0,,303323.0303030303,,5369414.0,0.0,383529.5714285714,0.0,0.7908726025302619,,1.864199705964189,,21.21212121212121,12.121212121212121,66.66666666666666,True,False,2025-11-05 09:00:00,3024.0,,,1,0,2025-11-14 13:30:00,3053.0,2025-11-19 13:30:00,3070.0,1,1,0.5032594381415177,17.527196918560307,
RB:5m:1:1:14595:14602:1,RB,5m,15726,2025-12-12 21:05:00,0.0,-1,1,BOS,-1,3066.0,77.0,CHoCH,1,3073.0,26.0,11,19,6,6,current_internal_low,internal,0.0,14.0,3066.0,3066.0,3066.0,0.5245901639344263,active_bull_internal_ob,internal,1.0,1481.0,3027.0,3031.0,3029.0,0.6229508196721312,3040.0,3051.0,3032.0,3050.0,160657.0,1618919.0,0,0,0,0,0,0,,3077.0,10.0,above,0.8852459016393442,3078.0,False,,3066.0,14.0,above,0.5245901639344263,3062.0,False,,3140.0,104.0,above,2.9508196721311477,3180.0,False,,3066.0,175.0,above,0.5245901639344263,3150.0,True,77.0,-1,-1,-0.0002727095820096052,-115,DOWN_CONFIRMED,0.005797310630603363,-0.005531383780961451,0.003244334836858482,0.9997601462101474,-0.0002727095820096052,-0.0313616019311046,-0.013781174613991976,-0.014270864073068212,-0.014679153153982605,3032.420118609927,0.5797310630603363,-0.32679738562091387,4.169202382734544,,208,-1,15612,15726,2025-12-11 09:00:00,2025-12-12 21:00:00,3098.0,3050.0,115,-1.5493867010974771,-0.013472927835630236,207.0,1.0,15534.0,15611.0,2025-12-09 22:15:00,2025-12-10 22:55:00,3086.0,3108.0,78.0,0.712896953985731,0.009139704538278602,2220242.0,,19306.452173913043,,1600955.0,0.0,20525.0641025641,0.0,0.940628106077446,,1.3868234897295677,,1.7391304347826086,62.60869565217392,35.65217391304348,True,True,2025-12-12 21:00:00,3050.0,,,1,0,2025-12-12 13:40:00,3071.0,2025-12-12 13:50:00,3069.0,10,10,0.5865322250871843,6.351636122798932,
RB:5m:1:1:14595:14602:1,RB,15m,5241,2025-12-12 15:00:00,365.0,-1,-1,CHoCH,-1,3077.0,78.0,BOS,-1,3062.0,0.0,8,10,4,4,current_internal_low,internal,0.0,5.0,3062.0,3062.0,3062.0,0.39344262295081966,active_bull_internal_ob,internal,1.0,374.0,3040.0,3043.0,3041.5,0.22950819672131148,3062.0,3065.0,3058.0,3060.0,68747.0,1607057.0,1,1,1,0,1,0,active_bull_internal_ob,3078.0,3.0,above,0.9180327868852459,3082.0,False,,3062.0,5.0,above,0.39344262295081966,3062.0,True,0.0,3180.0,87.0,above,4.2622950819672125,3116.0,False,,3077.0,216.0,above,0.8852459016393442,3040.0,True,78.0,0,0,-0.00022120705091516202,-28,NONE,-0.016031647115299787,-0.015671988359511817,0.0017662035724426827,0.41931983659229377,-0.00022120705091516202,-0.0061937974256245365,-0.001432024026297829,-0.0022021241856838847,-0.003888557048840724,3109.8561158283164,-1.6031647115299787,-0.06531678641410466,2.026284491792954,,82,-1,5214,5241,2025-12-11 13:45:00,2025-12-12 14:45:00,3067.0,3060.0,28,-0.22823606129768192,-0.00815128790348864,81.0,1.0,5190.0,5213.0,2025-12-10 13:30:00,2025-12-11 13:30:00,3138.0,3072.0,24.0,-2.103250478011476,-0.0876354365838115,1398155.0,,49934.107142857145,,1626800.0,0.0,67783.33333333333,0.0,0.7366723453581089,,0.8594510695844603,,0.0,0.0,100.0,True,True,,,,,0,0,,,,,0,0,0.11269811666052693,7.85018848904741,
RB:5m:1:1:14595:14602:1,RB,1h,1597,2025-12-12 15:00:00,365.0,1,-1,CHoCH,1,3143.0,55.0,BOS,-1,3066.0,0.0,6,5,2,2,current_internal_low,internal,0.0,17.0,3066.0,3066.0,3066.0,0.5245901639344263,active_bull_internal_ob,internal,1.0,148.0,3022.0,3049.0,3035.5,0.03278688524590164,3069.0,3072.0,3057.0,3060.0,194891.0,1607057.0,1,1,1,0,1,0,active_bull_internal_ob,3140.0,10.0,above,2.9508196721311477,3180.0,False,,3066.0,17.0,above,0.5245901639344263,3150.0,True,0.0,3143.0,169.0,above,3.0491803278688523,3202.0,True,55.0,3009.0,143.0,below,1.3442622950819672,3021.0,False,,0,0,-0.0004993600240902127,-26,NONE,-0.01782766056568992,-0.015365794869787898,0.0061218895262044595,0.34378995464397066,-0.0004993600240902127,-0.01298336062634553,-0.0018299280893475656,-0.005413369528423195,-0.009023883129989363,3115.542840233549,-1.782766056568992,-0.32573289902280145,0.11535186680839685,,20,-1,1572,1597,2025-12-09 09:00:00,2025-12-12 14:00:00,3081.0,3060.0,26,-0.6815968841285325,-0.026215264774174327,19.0,1.0,1451.0,1571.0,2025-11-13 21:00:00,2025-12-08 22:00:00,3052.0,3103.0,121.0,1.671035386631714,0.013810209806873669,4809193.0,,184968.96153846153,,15360742.0,0.0,126948.28099173553,0.0,1.4570418763724986,,0.3130833783940906,,19.230769230769234,19.230769230769234,61.53846153846154,True,True,,,,,0,0,2025-12-10 09:00:00,3097.0,2025-12-10 22:00:00,3108.0,1,1,0.3984102077427357,14.435601309563442,4.0
RB:5m:1:1:14595:14602:1,RB,4h,683,2025-12-12 15:00:00,365.0,1,-1,CHoCH,1,3163.0,298.0,BOS,-1,3066.0,0.0,4,4,1,1,current_internal_low,internal,0.0,4.0,3066.0,3066.0,3066.0,0.5245901639344263,active_bull_internal_ob,internal,1.0,60.0,3020.0,3035.0,3027.5,0.49180327868852464,3069.0,3077.0,3057.0,3060.0,256394.0,1607057.0,1,1,1,0,1,0,active_bull_internal_ob,3140.0,1.0,above,2.9508196721311477,3180.0,False,,3066.0,4.0,above,0.5245901639344263,3077.0,True,0.0,3384.0,224.0,above,10.950819672131146,3163.0,False,,3009.0,32.0,below,1.3442622950819672,2912.0,False,,0,0,0.0007738862202557373,30,NONE,-0.022806535275291938,0.0002156429273828999,0.020961567928751625,0.13603583814844533,0.0007738862202557373,0.02321658660767212,-0.004737450347965355,-0.00885430942055665,0.017092539418790853,3131.416766957251,-2.2806535275291937,-0.2607561929595881,-0.8447241098733708,,9,1,654,683,2025-11-28 21:00:00,2025-12-12 13:30:00,3124.0,3060.0,30,-2.0486555697823317,-0.0682885189927444,8.0,-1.0,601.0,653.0,2025-11-05 09:00:00,2025-11-28 13:30:00,3024.0,3110.0,53.0,2.8439153439153486,0.0536587800738745,10045998.0,,334866.6,,16027480.0,0.0,302405.28301886795,0.0,1.1073437496100447,,0.6267983488358744,,50.0,16.666666666666664,33.33333333333333,True,True,,,2025-12-04 21:00:00,3170.0,0,1,2025-12-10 09:00:00,3113.0,2025-12-11 09:00:00,3088.0,1,2,97.20498688803201,20.438394169963914,
RB:5m:1:-1:14643:14651:1,RB,5m,14715,2025-11-24 09:05:00,0.0,-1,1,CHoCH,-1,3075.0,166.0,CHoCH,1,3064.0,0.0,14,19,7,7,current_swing_high,swing,0.0,42.0,3072.0,3072.0,3072.0,0.16302575806977504,current_internal_high,internal,0.0,28.0,3064.0,3064.0,3064.0,0.097815454841865,3062.0,3070.0,3062.0,3067.0,59755.0,1493863.0,0,0,0,0,0,0,,3064.0,28.0,below,0.097815454841865,3069.0,True,0.0,3050.0,11.0,below,0.5542875774372351,3050.0,False,,3072.0,42.0,above,0.16302575806977504,3075.0,False,,3046.0,50.0,below,0.6847081838930551,3040.0,False,,0,0,0.0,1,DOWN_BROKEN,0.003962051908054328,0.003962051908054328,0.0,0.5,0.0,0.0,,,,3054.8963421188,0.3962051908054328,0.2287581699346397,4.217535254321289,,199,1,14715,14715,2025-11-24 09:00:00,2025-11-24 09:00:00,3067.0,3067.0,1,0.0,0.0,198.0,-1.0,14699.0,14714.0,2025-11-21 21:40:00,2025-11-21 22:55:00,3052.0,3060.0,16.0,0.2621231979030192,0.0163826998689387,59755.0,,59755.0,,117721.0,0.0,7357.5625,0.0,8.121575589741846,,0.5075984743588654,,100.0,0.0,0.0,False,False,,,,,0,0,,,,,0,0,0.0,4.011842900967553,
RB:5m:1:-1:14643:14651:1,RB,15m,4904,2025-11-21 23:00:00,3485.0,1,-1,CHoCH,1,3050.0,153.0,CHoCH,-1,3060.0,21.0,7,12,3,4,active_bear_internal_ob,internal,-1.0,55.0,3088.0,3096.0,3092.0,0.6847081838930551,current_internal_high,internal,0.0,5.0,3064.0,3064.0,3064.0,0.097815454841865,3055.0,3061.0,3054.0,3060.0,26698.0,1495017.0,1,1,0,1,1,0,active_bear_internal_ob,3064.0,5.0,below,0.097815454841865,3070.0,False,,3050.0,0.0,below,0.5542875774372351,3050.0,False,,3104.0,53.0,above,1.206390609716335,3050.0,False,,3020.0,142.0,below,1.5324421258558854,3009.0,False,,-1,-1,-0.00021675019365048422,-56,DOWN_CONFIRMED,0.001967224909059354,-0.0006319660857952338,0.0054544447966804206,0.6831505626007109,-0.00021675019365048422,-0.012138010844427116,0.000127962251761371,0.0002607230317412945,0.0007599704065568424,3053.992110647863,0.19672249090593538,0.16366612111293755,-0.30778405859749175,,76,-1,4849,4904,2025-11-19 14:30:00,2025-11-21 22:45:00,3069.0,3060.0,56,-0.2932551319648091,-0.005236698785085877,75.0,1.0,4750.0,4848.0,2025-11-13 10:45:00,2025-11-19 14:15:00,3049.0,3081.0,99.0,1.049524434240734,0.010601256911522566,2402036.0,,42893.5,,3930745.0,0.0,39704.49494949495,0.0,1.0803184892431335,,0.6110892464405603,,10.714285714285714,58.92857142857143,30.357142857142854,True,False,2025-11-21 21:45:00,3055.0,2025-11-21 21:30:00,3052.0,2,1,2025-11-21 22:45:00,3060.0,2025-11-21 22:30:00,3055.0,5,4,8.630913777306302,6.315145258474228,
RB:5m:1:-1:14643:14651:1,RB,1h,1494,2025-11-21 23:00:00,3485.0,-1,-1,BOS,-1,3021.0,90.0,CHoCH,-1,3075.0,16.0,5,6,1,3,current_internal_high,internal,0.0,3.0,3072.0,3072.0,3072.0,0.16302575806977504,active_bull_internal_ob,internal,1.0,45.0,3022.0,3049.0,3035.5,0.58689272905119,3054.0,3061.0,3053.0,3060.0,89334.0,1495017.0,0,0,0,0,0,0,,3072.0,3.0,above,0.16302575806977504,3075.0,False,,3046.0,4.0,below,0.6847081838930551,3040.0,False,,3143.0,66.0,above,2.4779915226605804,3202.0,False,,3009.0,40.0,below,1.8910987936093904,3021.0,False,,0,0,0.00022375035608999822,44,NONE,0.0012196117844315002,0.006880439629133673,0.0058772651117985405,0.16773015233968103,0.00022375035608999822,0.009845015667959922,4.9807935892154376e-05,0.00020370444510087182,0.0016022645802151736,3056.272534001098,0.12196117844315002,0.16366612111293755,-0.6591938469032067,,19,1,1451,1494,2025-11-13 21:00:00,2025-11-21 22:00:00,3052.0,3060.0,44,0.2621231979030192,0.0059573454068868,18.0,-1.0,1401.0,1450.0,2025-11-04 14:00:00,2025-11-13 14:00:00,3044.0,3046.0,50.0,0.06570302233903647,0.0013140604467807293,5961698.0,,135493.13636363635,,6591353.0,0.0,131827.06,0.0,1.0278097407591154,,0.9044725718680217,,27.27272727272727,63.63636363636363,9.090909090909092,True,True,2025-11-21 22:00:00,3060.0,2025-11-21 21:00:00,3055.0,4,4,2025-11-21 22:00:00,3060.0,2025-11-21 14:00:00,3057.0,6,6,0.8541990670062105,12.15211892877098,4.0
RB:5m:1:-1:14643:14651:1,RB,4h,639,2025-11-21 23:00:00,3485.0,1,1,CHoCH,1,3163.0,254.0,CHoCH,1,3050.0,16.0,3,4,1,1,current_internal_high,internal,0.0,8.0,3104.0,3104.0,3104.0,1.206390609716335,active_bull_internal_ob,internal,1.0,16.0,3020.0,3035.0,3027.5,1.0433648516465601,3057.0,3061.0,3050.0,3060.0,219805.0,1495017.0,0,0,0,0,0,0,,3104.0,8.0,above,1.206390609716335,3050.0,False,,3020.0,20.0,below,1.5324421258558854,3009.0,False,,3384.0,180.0,above,10.335833061623736,3163.0,False,,2912.0,302.0,below,5.053798500163026,3033.0,False,,0,0,0.00025979155526349257,-39,NONE,0.006619753481814873,0.009427628585031135,0.004742054704496909,0.27688443473617647,0.00025979155526349257,0.01013187065527621,0.0008075453105991226,0.002868447024306997,0.00716451664345108,3039.876765199284,0.6619753481814873,0.09813542688910104,-0.7132283973458053,,8,-1,601,639,2025-11-05 09:00:00,2025-11-21 21:00:00,3024.0,3060.0,39,1.1904761904761862,0.030525030525030417,7.0,1.0,587.0,600.0,2025-10-29 13:30:00,2025-11-04 21:00:00,3133.0,3028.0,14.0,-3.351420363868496,-0.23938716884774972,11865241.0,,304236.9487179487,,5369414.0,0.0,383529.5714285714,0.0,0.7932555176507682,,2.209783227741426,,17.94871794871795,25.64102564102564,56.41025641025641,True,False,2025-11-05 09:00:00,3024.0,,,1,0,2025-11-14 13:30:00,3053.0,2025-11-19 13:30:00,3070.0,1,1,0.5029954947552961,17.99039181581431,
RB:5m:1:1:14699:14715:1,RB,5m,15726,2025-12-12 21:05:00,0.0,-1,1,BOS,-1,3066.0,77.0,CHoCH,1,3073.0,26.0,11,19,6,6,current_internal_low,internal,0.0,14.0,3066.0,3066.0,3066.0,0.5245901639344263,active_bull_internal_ob,internal,1.0,1481.0,3027.0,3031.0,3029.0,0.6229508196721312,3040.0,3051.0,3032.0,3050.0,160657.0,1618919.0,0,0,0,0,0,0,,3077.0,10.0,above,0.8852459016393442,3078.0,False,,3066.0,14.0,above,0.5245901639344263,3062.0,False,,3140.0,104.0,above,2.9508196721311477,3180.0,False,,3066.0,175.0,above,0.5245901639344263,3150.0,True,77.0,-1,-1,-0.0002727095820096052,-115,DOWN_CONFIRMED,0.005797310630603363,-0.005531383780961451,0.003244334836858482,0.9997601462101474,-0.0002727095820096052,-0.0313616019311046,-0.013781174613991976,-0.014270864073068212,-0.014679153153982605,3032.420118609927,0.5797310630603363,-0.32679738562091387,4.169202382734544,,208,-1,15612,15726,2025-12-11 09:00:00,2025-12-12 21:00:00,3098.0,3050.0,115,-1.5493867010974771,-0.013472927835630236,207.0,1.0,15534.0,15611.0,2025-12-09 22:15:00,2025-12-10 22:55:00,3086.0,3108.0,78.0,0.712896953985731,0.009139704538278602,2220242.0,,19306.452173913043,,1600955.0,0.0,20525.0641025641,0.0,0.940628106077446,,1.3868234897295677,,1.7391304347826086,62.60869565217392,35.65217391304348,True,True,2025-12-12 21:00:00,3050.0,,,1,0,2025-12-12 13:40:00,3071.0,2025-12-12 13:50:00,3069.0,10,10,0.5865322250871843,6.351636122798932,
RB:5m:1:1:14699:14715:1,RB,15m,5241,2025-12-12 15:00:00,365.0,-1,-1,CHoCH,-1,3077.0,78.0,BOS,-1,3062.0,0.0,8,10,4,4,current_internal_low,internal,0.0,5.0,3062.0,3062.0,3062.0,0.39344262295081966,active_bull_internal_ob,internal,1.0,374.0,3040.0,3043.0,3041.5,0.22950819672131148,3062.0,3065.0,3058.0,3060.0,68747.0,1607057.0,1,1,1,0,1,0,active_bull_internal_ob,3078.0,3.0,above,0.9180327868852459,3082.0,False,,3062.0,5.0,above,0.39344262295081966,3062.0,True,0.0,3180.0,87.0,above,4.2622950819672125,3116.0,False,,3077.0,216.0,above,0.8852459016393442,3040.0,True,78.0,0,0,-0.00022120705091516202,-28,NONE,-0.016031647115299787,-0.015671988359511817,0.0017662035724426827,0.41931983659229377,-0.00022120705091516202,-0.0061937974256245365,-0.001432024026297829,-0.0022021241856838847,-0.003888557048840724,3109.8561158283164,-1.6031647115299787,-0.06531678641410466,2.026284491792954,,82,-1,5214,5241,2025-12-11 13:45:00,2025-12-12 14:45:00,3067.0,3060.0,28,-0.22823606129768192,-0.00815128790348864,81.0,1.0,5190.0,5213.0,2025-12-10 13:30:00,2025-12-11 13:30:00,3138.0,3072.0,24.0,-2.103250478011476,-0.0876354365838115,1398155.0,,49934.107142857145,,1626800.0,0.0,67783.33333333333,0.0,0.7366723453581089,,0.8594510695844603,,0.0,0.0,100.0,True,True,,,,,0,0,,,,,0,0,0.11269811666052693,7.85018848904741,
RB:5m:1:1:14699:14715:1,RB,1h,1597,2025-12-12 15:00:00,365.0,1,-1,CHoCH,1,3143.0,55.0,BOS,-1,3066.0,0.0,6,5,2,2,current_internal_low,internal,0.0,17.0,3066.0,3066.0,3066.0,0.5245901639344263,active_bull_internal_ob,internal,1.0,148.0,3022.0,3049.0,3035.5,0.03278688524590164,3069.0,3072.0,3057.0,3060.0,194891.0,1607057.0,1,1,1,0,1,0,active_bull_internal_ob,3140.0,10.0,above,2.9508196721311477,3180.0,False,,3066.0,17.0,above,0.5245901639344263,3150.0,True,0.0,3143.0,169.0,above,3.0491803278688523,3202.0,True,55.0,3009.0,143.0,below,1.3442622950819672,3021.0,False,,0,0,-0.0004993600240902127,-26,NONE,-0.01782766056568992,-0.015365794869787898,0.0061218895262044595,0.34378995464397066,-0.0004993600240902127,-0.01298336062634553,-0.0018299280893475656,-0.005413369528423195,-0.009023883129989363,3115.542840233549,-1.782766056568992,-0.32573289902280145,0.11535186680839685,,20,-1,1572,1597,2025-12-09 09:00:00,2025-12-12 14:00:00,3081.0,3060.0,26,-0.6815968841285325,-0.026215264774174327,19.0,1.0,1451.0,1571.0,2025-11-13 21:00:00,2025-12-08 22:00:00,3052.0,3103.0,121.0,1.671035386631714,0.013810209806873669,4809193.0,,184968.96153846153,,15360742.0,0.0,126948.28099173553,0.0,1.4570418763724986,,0.3130833783940906,,19.230769230769234,19.230769230769234,61.53846153846154,True,True,,,,,0,0,2025-12-10 09:00:00,3097.0,2025-12-10 22:00:00,3108.0,1,1,0.3984102077427357,14.435601309563442,4.0
RB:5m:1:1:14699:14715:1,RB,4h,683,2025-12-12 15:00:00,365.0,1,-1,CHoCH,1,3163.0,298.0,BOS,-1,3066.0,0.0,4,4,1,1,current_internal_low,internal,0.0,4.0,3066.0,3066.0,3066.0,0.5245901639344263,active_bull_internal_ob,internal,1.0,60.0,3020.0,3035.0,3027.5,0.49180327868852464,3069.0,3077.0,3057.0,3060.0,256394.0,1607057.0,1,1,1,0,1,0,active_bull_internal_ob,3140.0,1.0,above,2.9508196721311477,3180.0,False,,3066.0,4.0,above,0.5245901639344263,3077.0,True,0.0,3384.0,224.0,above,10.950819672131146,3163.0,False,,3009.0,32.0,below,1.3442622950819672,2912.0,False,,0,0,0.0007738862202557373,30,NONE,-0.022806535275291938,0.0002156429273828999,0.020961567928751625,0.13603583814844533,0.0007738862202557373,0.02321658660767212,-0.004737450347965355,-0.00885430942055665,0.017092539418790853,3131.416766957251,-2.2806535275291937,-0.2607561929595881,-0.8447241098733708,,9,1,654,683,2025-11-28 21:00:00,2025-12-12 13:30:00,3124.0,3060.0,30,-2.0486555697823317,-0.0682885189927444,8.0,-1.0,601.0,653.0,2025-11-05 09:00:00,2025-11-28 13:30:00,3024.0,3110.0,53.0,2.8439153439153486,0.0536587800738745,10045998.0,,334866.6,,16027480.0,0.0,302405.28301886795,0.0,1.1073437496100447,,0.6267983488358744,,50.0,16.666666666666664,33.33333333333333,True,True,,,2025-12-04 21:00:00,3170.0,0,1,2025-12-10 09:00:00,3113.0,2025-12-11 09:00:00,3088.0,1,2,97.20498688803201,20.438394169963914,
RB:5m:0:1:14661:14716:1,RB,5m,15726,2025-12-12 21:05:00,0.0,-1,1,BOS,-1,3066.0,77.0,CHoCH,1,3073.0,26.0,11,19,6,6,current_internal_low,internal,0.0,14.0,3066.0,3066.0,3066.0,0.5245901639344263,active_bull_internal_ob,internal,1.0,1481.0,3027.0,3031.0,3029.0,0.6229508196721312,3040.0,3051.0,3032.0,3050.0,160657.0,1618919.0,0,0,0,0,0,0,,3077.0,10.0,above,0.8852459016393442,3078.0,False,,3066.0,14.0,above,0.5245901639344263,3062.0,False,,3140.0,104.0,above,2.9508196721311477,3180.0,False,,3066.0,175.0,above,0.5245901639344263,3150.0,True,77.0,-1,-1,-0.0002727095820096052,-115,DOWN_CONFIRMED,0.005797310630603363,-0.005531383780961451,0.003244334836858482,0.9997601462101474,-0.0002727095820096052,-0.0313616019311046,-0.013781174613991976,-0.014270864073068212,-0.014679153153982605,3032.420118609927,0.5797310630603363,-0.32679738562091387,4.169202382734544,,208,-1,15612,15726,2025-12-11 09:00:00,2025-12-12 21:00:00,3098.0,3050.0,115,-1.5493867010974771,-0.013472927835630236,207.0,1.0,15534.0,15611.0,2025-12-09 22:15:00,2025-12-10 22:55:00,3086.0,3108.0,78.0,0.712896953985731,0.009139704538278602,2220242.0,,19306.452173913043,,1600955.0,0.0,20525.0641025641,0.0,0.940628106077446,,1.3868234897295677,,1.7391304347826086,62.60869565217392,35.65217391304348,True,True,2025-12-12 21:00:00,3050.0,,,1,0,2025-12-12 13:40:00,3071.0,2025-12-12 13:50:00,3069.0,10,10,0.5865322250871843,6.351636122798932,
RB:5m:0:1:14661:14716:1,RB,15m,5241,2025-12-12 15:00:00,365.0,-1,-1,CHoCH,-1,3077.0,78.0,BOS,-1,3062.0,0.0,8,10,4,4,current_internal_low,internal,0.0,5.0,3062.0,3062.0,3062.0,0.39344262295081966,active_bull_internal_ob,internal,1.0,374.0,3040.0,3043.0,3041.5,0.22950819672131148,3062.0,3065.0,3058.0,3060.0,68747.0,1607057.0,1,1,1,0,1,0,active_bull_internal_ob,3078.0,3.0,above,0.9180327868852459,3082.0,False,,3062.0,5.0,above,0.39344262295081966,3062.0,True,0.0,3180.0,87.0,above,4.2622950819672125,3116.0,False,,3077.0,216.0,above,0.8852459016393442,3040.0,True,78.0,0,0,-0.00022120705091516202,-28,NONE,-0.016031647115299787,-0.015671988359511817,0.0017662035724426827,0.41931983659229377,-0.00022120705091516202,-0.0061937974256245365,-0.001432024026297829,-0.0022021241856838847,-0.003888557048840724,3109.8561158283164,-1.6031647115299787,-0.06531678641410466,2.026284491792954,,82,-1,5214,5241,2025-12-11 13:45:00,2025-12-12 14:45:00,3067.0,3060.0,28,-0.22823606129768192,-0.00815128790348864,81.0,1.0,5190.0,5213.0,2025-12-10 13:30:00,2025-12-11 13:30:00,3138.0,3072.0,24.0,-2.103250478011476,-0.0876354365838115,1398155.0,,49934.107142857145,,1626800.0,0.0,67783.33333333333,0.0,0.7366723453581089,,0.8594510695844603,,0.0,0.0,100.0,True,True,,,,,0,0,,,,,0,0,0.11269811666052693,7.85018848904741,
RB:5m:0:1:14661:14716:1,RB,1h,1597,2025-12-12 15:00:00,365.0,1,-1,CHoCH,1,3143.0,55.0,BOS,-1,3066.0,0.0,6,5,2,2,current_internal_low,internal,0.0,17.0,3066.0,3066.0,3066.0,0.5245901639344263,active_bull_internal_ob,internal,1.0,148.0,3022.0,3049.0,3035.5,0.03278688524590164,3069.0,3072.0,3057.0,3060.0,194891.0,1607057.0,1,1,1,0,1,0,active_bull_internal_ob,3140.0,10.0,above,2.9508196721311477,3180.0,False,,3066.0,17.0,above,0.5245901639344263,3150.0,True,0.0,3143.0,169.0,above,3.0491803278688523,3202.0,True,55.0,3009.0,143.0,below,1.3442622950819672,3021.0,False,,0,0,-0.0004993600240902127,-26,NONE,-0.01782766056568992,-0.015365794869787898,0.0061218895262044595,0.34378995464397066,-0.0004993600240902127,-0.01298336062634553,-0.0018299280893475656,-0.005413369528423195,-0.009023883129989363,3115.542840233549,-1.782766056568992,-0.32573289902280145,0.11535186680839685,,20,-1,1572,1597,2025-12-09 09:00:00,2025-12-12 14:00:00,3081.0,3060.0,26,-0.6815968841285325,-0.026215264774174327,19.0,1.0,1451.0,1571.0,2025-11-13 21:00:00,2025-12-08 22:00:00,3052.0,3103.0,121.0,1.671035386631714,0.013810209806873669,4809193.0,,184968.96153846153,,15360742.0,0.0,126948.28099173553,0.0,1.4570418763724986,,0.3130833783940906,,19.230769230769234,19.230769230769234,61.53846153846154,True,True,,,,,0,0,2025-12-10 09:00:00,3097.0,2025-12-10 22:00:00,3108.0,1,1,0.3984102077427357,14.435601309563442,4.0
RB:5m:0:1:14661:14716:1,RB,4h,683,2025-12-12 15:00:00,365.0,1,-1,CHoCH,1,3163.0,298.0,BOS,-1,3066.0,0.0,4,4,1,1,current_internal_low,internal,0.0,4.0,3066.0,3066.0,3066.0,0.5245901639344263,active_bull_internal_ob,internal,1.0,60.0,3020.0,3035.0,3027.5,0.49180327868852464,3069.0,3077.0,3057.0,3060.0,256394.0,1607057.0,1,1,1,0,1,0,active_bull_internal_ob,3140.0,1.0,above,2.9508196721311477,3180.0,False,,3066.0,4.0,above,0.5245901639344263,3077.0,True,0.0,3384.0,224.0,above,10.950819672131146,3163.0,False,,3009.0,32.0,below,1.3442622950819672,2912.0,False,,0,0,0.0007738862202557373,30,NONE,-0.022806535275291938,0.0002156429273828999,0.020961567928751625,0.13603583814844533,0.0007738862202557373,0.02321658660767212,-0.004737450347965355,-0.00885430942055665,0.017092539418790853,3131.416766957251,-2.2806535275291937,-0.2607561929595881,-0.8447241098733708,,9,1,654,683,2025-11-28 21:00:00,2025-12-12 13:30:00,3124.0,3060.0,30,-2.0486555697823317,-0.0682885189927444,8.0,-1.0,601.0,653.0,2025-11-05 09:00:00,2025-11-28 13:30:00,3024.0,3110.0,53.0,2.8439153439153486,0.0536587800738745,10045998.0,,334866.6,,16027480.0,0.0,302405.28301886795,0.0,1.1073437496100447,,0.6267983488358744,,50.0,16.666666666666664,33.33333333333333,True,True,,,2025-12-04 21:00:00,3170.0,0,1,2025-12-10 09:00:00,3113.0,2025-12-11 09:00:00,3088.0,1,2,97.20498688803201,20.438394169963914,
RB:5m:1:1:14722:14730:1,RB,5m,14922,2025-11-27 09:05:00,0.0,-1,1,CHoCH,-1,3087.0,63.0,CHoCH,1,3102.0,39.0,15,18,8,7,current_internal_low,internal,0.0,15.0,3087.0,3087.0,3087.0,0.19474196689386564,active_bull_internal_ob,internal,1.0,192.0,3076.0,3080.0,3078.0,0.03245699448231094,3085.0,3085.0,3080.0,3081.0,23714.0,1171576.0,0,0,0,0,0,0,,3092.0,11.0,above,0.35702693930542034,3106.0,False,,3087.0,15.0,above,0.19474196689386564,3086.0,False,,3113.0,69.0,above,1.03862382343395,3116.0,False,,3087.0,112.0,above,0.19474196689386564,3050.0,True,63.0,0,0,-0.00012624101008234284,-14,NONE,-0.003995196204148773,-0.003712389463174096,0.0005545941797360586,0.30504865314734597,-0.00012624101008234284,-0.0017673741411528,-0.0007488218557903936,-0.0015190364716310967,,3093.3585744346524,-0.39951962041487726,-0.12965964343597536,2.6706591895284877,,202,-1,14909,14922,2025-11-26 21:55:00,2025-11-27 09:00:00,3091.0,3081.0,14,-0.3235198964736341,-0.02310856403383101,201.0,1.0,14884.0,14908.0,2025-11-26 13:50:00,2025-11-26 21:50:00,3102.0,3090.0,25.0,-0.3868471953578312,-0.015473887814313247,143288.0,,10234.857142857143,,273576.0,0.0,10943.04,0.0,0.9352846323194599,,0.5237593940988976,,0.0,0.0,100.0,True,True,,,,,0,0,,,,,0,0,0.1493900856139916,3.193436322110243,
RB:5m:1:1:14722:14730:1,RB,15m,4973,2025-11-26 23:00:00,605.0,1,-1,BOS,1,3104.0,57.0,CHoCH,-1,3086.0,2.0,8,11,4,4,current_internal_low,internal,0.0,15.0,3086.0,3086.0,3086.0,0.16228497241155468,active_bull_internal_ob,internal,1.0,68.0,3050.0,3055.0,3052.5,0.8438818565400843,3082.0,3085.0,3081.0,3085.0,23252.0,1171574.0,0,0,0,0,0,0,,3106.0,5.0,above,0.8114248620577734,3113.0,False,,3086.0,15.0,above,0.16228497241155468,3088.0,True,2.0,3116.0,7.0,above,1.1359948068808827,3104.0,False,,3040.0,58.0,below,1.3307367737747484,3020.0,False,,0,0,-8.821467653941095e-05,-5,NONE,-0.006432896116332331,-0.006535724813132327,0.0009082786440832963,0.5450690447287142,-8.821467653941095e-05,-0.00044107338269705476,,,,3104.973975025253,-0.6432896116332332,0.09733939000649006,-0.6556085513363844,,78,-1,4969,4973,2025-11-26 21:45:00,2025-11-26 22:45:00,3091.0,3085.0,5,-0.19411193788417824,-0.03882238757683565,77.0,1.0,4905.0,4968.0,2025-11-24 09:00:00,2025-11-26 21:30:00,3076.0,3090.0,64.0,0.4551365409622976,0.0071115084525359,126637.0,,25327.4,,2861724.0,0.0,44714.4375,0.0,0.5664255532678903,,0.044251996349053926,,0.0,20.0,80.0,True,True,,,,,0,0,,,,,0,0,0.13897137196754045,5.413477851388756,
RB:5m:1:1:14722:14730:1,RB,1h,1515,2025-11-26 23:00:00,605.0,-1,-1,BOS,-1,3021.0,111.0,CHoCH,-1,3087.0,0.0,6,6,1,3,current_internal_low,internal,0.0,10.0,3087.0,3087.0,3087.0,0.19474196689386564,active_bull_internal_ob,internal,1.0,20.0,3050.0,3062.0,3056.0,0.6166828951639078,3091.0,3091.0,3081.0,3085.0,104671.0,1171574.0,0,0,0,0,0,0,,3113.0,7.0,above,1.03862382343395,3116.0,False,,3087.0,10.0,above,0.19474196689386564,3050.0,True,0.0,3143.0,87.0,above,2.012333657903278,3202.0,False,,3009.0,61.0,below,2.3369036027263874,3021.0,False,,1,1,0.00025420820004637965,65,UP_CONFIRMED,0.002767797769541999,0.007564122922967591,0.005165957681231504,0.17658751059595473,0.00025420820004637965,0.01652353300301468,0.0008073255141782809,0.002294081493139366,0.006178097437901986,3076.4849119227506,0.2767797769541999,-0.19411193788417824,-0.3945899956985595,,19,1,1451,1515,2025-11-13 21:00:00,2025-11-26 22:00:00,3052.0,3085.0,65,1.081258191349943,0.01663474140538374,18.0,-1.0,1401.0,1450.0,2025-11-04 14:00:00,2025-11-13 14:00:00,3044.0,3046.0,50.0,0.06570302233903647,0.0013140604467807293,8950059.0,,137693.21538461538,,6591353.0,0.0,131827.06,0.0,1.044498871359305,,1.3578485327670966,,40.0,53.84615384615385,6.153846153846154,True,False,2025-11-21 22:00:00,3060.0,2025-11-21 21:00:00,3055.0,4,4,2025-11-26 10:00:00,3096.0,2025-11-26 21:00:00,3091.0,7,8,0.682955278998133,10.839541079283508,4.0
RB:5m:1:1:14722:14730:1,RB,4h,648,2025-11-26 23:00:00,605.0,1,1,CHoCH,1,3163.0,263.0,BOS,1,3104.0,5.0,4,4,1,1,current_internal_high,internal,0.0,2.0,3116.0,3116.0,3116.0,1.1359948068808827,active_bull_internal_ob,internal,1.0,5.0,3040.0,3075.0,3057.5,0.19474196689386564,3099.0,3099.0,3081.0,3085.0,260249.0,1171574.0,0,0,0,0,0,0,,3116.0,2.0,above,1.1359948068808827,3104.0,False,,3046.0,8.0,below,1.1359948068808827,3020.0,False,,3384.0,189.0,above,9.834469328140214,3163.0,False,,2912.0,311.0,below,5.485232067510549,3033.0,False,,0,0,0.000308948985244098,-48,NONE,0.010146024615315023,0.010563826998446027,0.0050055876070058385,0.4667400283869773,0.000308948985244098,0.014829551291716703,0.001997647194966312,0.004774500140427129,0.007816494228567672,3054.013899797144,1.0146024615315024,-0.45175863181671216,-0.4358611386002819,,8,-1,601,648,2025-11-05 09:00:00,2025-11-26 21:00:00,3024.0,3085.0,48,2.0171957671957674,0.04202491181657849,7.0,1.0,587.0,600.0,2025-10-29 13:30:00,2025-11-04 21:00:00,3133.0,3028.0,14.0,-3.351420363868496,-0.23938716884774972,14853602.0,,309450.0416666667,,5369414.0,0.0,383529.5714285714,0.0,0.806847932257288,,2.766335767739273,,27.083333333333332,27.083333333333332,45.83333333333333,False,False,2025-11-05 09:00:00,3024.0,,,1,0,2025-11-24 09:00:00,3089.0,2025-11-19 13:30:00,3070.0,2,1,0.4738422550598544,17.65941236807894,
RB:5m:1:1:14722:14730:2,RB,5m,14932,2025-11-27 09:55:00,0.0,-1,1,CHoCH,-1,3087.0,73.0,CHoCH,1,3102.0,49.0,15,18,8,7,current_swing_low,swing,0.0,122.0,3087.0,3087.0,3087.0,0.12974375608173855,active_bull_internal_ob,internal,1.0,202.0,3076.0,3080.0,3078.0,0.09730781706130393,3082.0,3084.0,3080.0,3083.0,9589.0,1153448.0,0,0,0,0,0,0,,3092.0,21.0,above,0.2919234511839118,3106.0,False,,3077.0,0.0,below,0.19461563412260785,3087.0,False,,3113.0,79.0,above,0.9730781706130393,3116.0,False,,3087.0,122.0,above,0.12974375608173855,3050.0,True,73.0,0,0,-0.0002844039702914099,-24,NONE,0.001727380278527394,-0.00238937247114477,0.0023137924728133903,0.9623983942420393,-0.0002844039702914099,-0.006825695286993838,0.00021111441749077642,-0.005067276920035502,-0.006578616013213301,3077.6836699250257,0.1727380278527394,0.06491398896462108,-0.196846240798886,,202,-1,14909,14932,2025-11-26 21:55:00,2025-11-27 09:50:00,3091.0,3083.0,24,-0.2588159171789117,-0.010783996549121322,201.0,1.0,14884.0,14908.0,2025-11-26 13:50:00,2025-11-26 21:50:00,3102.0,3090.0,25.0,-0.3868471953578312,-0.015473887814313247,249356.0,,10389.833333333334,,273576.0,0.0,10943.04,0.0,0.9494467107251123,,0.9114688422961078,,0.0,20.833333333333336,79.16666666666666,True,False,2025-11-27 09:25:00,3078.0,,,1,0,2025-11-27 09:50:00,3083.0,2025-11-27 09:45:00,3081.0,3,2,0.9683682643689416,3.3224581263097552,
RB:5m:1:1:14722:14730:2,RB,15m,4976,2025-11-27 09:45:00,10.0,1,-1,BOS,1,3104.0,60.0,CHoCH,-1,3086.0,5.0,8,11,4,4,current_internal_low,internal,0.0,18.0,3086.0,3086.0,3086.0,0.09730781706130393,active_bull_internal_ob,internal,1.0,71.0,3050.0,3055.0,3052.5,0.9082062925721699,3079.0,3085.0,3078.0,3085.0,26040.0,1155747.0,0,0,0,0,0,0,,3106.0,8.0,above,0.7460265974699967,3113.0,False,,3086.0,18.0,above,0.09730781706130393,3088.0,True,5.0,3116.0,10.0,above,1.0703859876743431,3104.0,False,,3040.0,61.0,below,1.3947453778786896,3020.0,False,,0,0,-0.0011721356364729485,-8,NONE,0.0025296739397926917,-0.004664011464406431,0.0036385304710874027,0.9759840100481048,-0.0011721356364729485,-0.009377085091783588,-0.009193900350488282,,,3077.215647768717,0.25296739397926915,0.227420402858991,-0.511172786000647,,78,-1,4969,4976,2025-11-26 21:45:00,2025-11-27 09:30:00,3091.0,3085.0,8,-0.19411193788417824,-0.02426399223552228,77.0,1.0,4905.0,4968.0,2025-11-24 09:00:00,2025-11-26 21:30:00,3076.0,3090.0,64.0,0.4551365409622976,0.0071115084525359,240383.0,,30047.875,,2861724.0,0.0,44714.4375,0.0,0.6719949233399167,,0.08399936541748959,,0.0,12.5,87.5,True,False,2025-11-27 09:15:00,3078.0,,,1,0,,,,,0,0,0.7801289724210537,5.597088498360458,
RB:5m:1:1:14722:14730:2,RB,1h,1515,2025-11-26 23:00:00,655.0,-1,-1,BOS,-1,3021.0,111.0,CHoCH,-1,3087.0,0.0,6,6,1,3,current_internal_low,internal,0.0,10.0,3087.0,3087.0,3087.0,0.12974375608173855,active_bull_internal_ob,internal,1.0,20.0,3050.0,3062.0,3056.0,0.6811547194291274,3091.0,3091.0,3081.0,3085.0,104671.0,1171574.0,0,0,0,0,0,0,,3113.0,7.0,above,0.9730781706130393,3116.0,False,,3087.0,10.0,above,0.12974375608173855,3050.0,True,0.0,3143.0,87.0,above,1.9461563412260785,3202.0,False,,3009.0,61.0,below,2.4002594875121632,3021.0,False,,1,1,0.00025420820004637965,65,UP_CONFIRMED,0.002767797769541999,0.007564122922967591,0.005165957681231504,0.17658751059595473,0.00025420820004637965,0.01652353300301468,0.0008073255141782809,0.002294081493139366,0.006178097437901986,3076.4849119227506,0.2767797769541999,-0.19411193788417824,-0.3945899956985595,,19,1,1451,1515,2025-11-13 21:00:00,2025-11-26 22:00:00,3052.0,3085.0,65,1.081258191349943,0.01663474140538374,18.0,-1.0,1401.0,1450.0,2025-11-04 14:00:00,2025-11-13 14:00:00,3044.0,3046.0,50.0,0.06570302233903647,0.0013140604467807293,8950059.0,,137693.21538461538,,6591353.0,0.0,131827.06,0.0,1.044498871359305,,1.3578485327670966,,40.0,53.84615384615385,6.153846153846154,True,False,2025-11-21 22:00:00,3060.0,2025-11-21 21:00:00,3055.0,4,4,2025-11-26 10:00:00,3096.0,2025-11-26 21:00:00,3091.0,7,8,0.682955278998133,10.839541079283508,4.0
RB:5m:1:1:14722:14730:2,RB,4h,648,2025-11-26 23:00:00,655.0,1,1,CHoCH,1,3163.0,263.0,BOS,1,3104.0,5.0,4,4,1,1,current_internal_high,internal,0.0,2.0,3116.0,3116.0,3116.0,1.0703859876743431,active_bull_internal_ob,internal,1.0,5.0,3040.0,3075.0,3057.5,0.2594875121634771,3099.0,3099.0,3081.0,3085.0,260249.0,1171574.0,0,0,0,0,0,0,,3116.0,2.0,above,1.0703859876743431,3104.0,False,,3046.0,8.0,below,1.2001297437560816,3020.0,False,,3384.0,189.0,above,9.763217645150828,3163.0,False,,2912.0,311.0,below,5.546545572494323,3033.0,False,,0,0,0.000308948985244098,-48,NONE,0.010146024615315023,0.010563826998446027,0.0050055876070058385,0.4667400283869773,0.000308948985244098,0.014829551291716703,0.001997647194966312,0.004774500140427129,0.007816494228567672,3054.013899797144,1.0146024615315024,-0.45175863181671216,-0.4358611386002819,,8,-1,601,648,2025-11-05 09:00:00,2025-11-26 21:00:00,3024.0,3085.0,48,2.0171957671957674,0.04202491181657849,7.0,1.0,587.0,600.0,2025-10-29 13:30:00,2025-11-04 21:00:00,3133.0,3028.0,14.0,-3.351420363868496,-0.23938716884774972,14853602.0,,309450.0416666667,,5369414.0,0.0,383529.5714285714,0.0,0.806847932257288,,2.766335767739273,,27.083333333333332,27.083333333333332,45.83333333333333,False,False,2025-11-05 09:00:00,3024.0,,,1,0,2025-11-24 09:00:00,3089.0,2025-11-19 13:30:00,3070.0,2,1,0.4738422550598544,17.65941236807894,
RB:5m:1:1:14722:14730:3,RB,5m,15484,2025-12-09 09:55:00,0.0,-1,-1,CHoCH,-1,3150.0,102.0,BOS,-1,3114.0,20.0,16,17,9,5,current_internal_low,internal,0.0,27.0,3114.0,3114.0,3114.0,0.940032414910859,active_bull_internal_ob,internal,1.0,754.0,3076.0,3080.0,3078.0,0.1620745542949757,3083.0,3086.0,3080.0,3085.0,30001.0,1535174.0,0,0,0,0,0,0,,3124.0,23.0,above,1.2641815235008105,3123.0,False,,3114.0,27.0,above,0.940032414910859,3117.0,True,20.0,3180.0,122.0,above,3.079416531604538,3174.0,False,,3150.0,177.0,above,2.106969205834684,3118.0,True,102.0,-1,-1,-0.00016498446724432783,-138,DOWN_CONFIRMED,-0.006235753058657611,-0.004665597627058514,0.0016040905181216372,0.16382837058773547,-0.00016498446724432783,-0.02276785647971724,-0.00147008648348268,-0.0036053804466290584,-0.006366546233088299,3104.35800995575,-0.6235753058657612,0.06487187804087302,0.3663221717544114,,206,-1,15347,15484,2025-12-05 09:55:00,2025-12-09 09:50:00,3159.0,3085.0,138,-2.3425134536245618,-0.016974735171192478,205.0,1.0,15295.0,15346.0,2025-12-04 13:35:00,2025-12-05 09:50:00,3172.0,3164.0,52.0,-0.2522068095838548,-0.004850130953535669,2280651.0,,16526.456521739132,,589673.0,0.0,11339.865384615385,0.0,1.4573767819290264,,3.8676537674270315,,0.0,43.47826086956522,56.52173913043478,True,True,,,,,0,0,2025-12-08 21:20:00,3119.0,2025-12-08 21:30:00,3118.0,9,9,0.34381244298020547,5.052804839625964,
RB:5m:1:1:14722:14730:3,RB,15m,5160,2025-12-09 09:45:00,10.0,1,-1,BOS,1,3116.0,141.0,BOS,-1,3111.0,5.0,8,9,5,3,current_internal_low,internal,0.0,13.0,3111.0,3111.0,3111.0,0.8427876823338737,active_bull_swing_ob,swing,1.0,141.0,3077.0,3082.0,3079.5,0.0972447325769854,3087.0,3088.0,3083.0,3085.0,67823.0,1533664.0,0,0,0,0,0,0,,3125.0,6.0,above,1.2965964343598055,3157.0,False,,3111.0,13.0,above,0.8427876823338737,3127.0,True,5.0,3180.0,6.0,above,3.079416531604538,3116.0,False,,3077.0,135.0,below,0.2593192868719611,3040.0,False,,0,0,-0.0003471818497599751,-34,NONE,-0.016243881646635084,-0.011771882726336495,0.002381169560542674,0.030185915373063366,-0.0003471818497599751,-0.011804182891839154,-0.0036317770425177143,-0.0047122360590408086,-0.007326442386896059,3135.9398355394715,-1.6243881646635083,-0.06478781988985549,0.8001544896571025,,80,-1,5127,5160,2025-12-05 21:00:00,2025-12-09 09:30:00,3149.0,3085.0,34,-2.0323912353128026,-0.05977621280331773,79.0,1.0,5005.0,5126.0,2025-11-28 11:15:00,2025-12-05 14:45:00,3107.0,3157.0,122.0,1.6092693916961665,0.013190732718821036,1878213.0,,55241.55882352941,,3857859.0,0.0,31621.79508196721,0.0,1.746945696167379,,0.48685371860402366,,0.0,0.0,100.0,True,True,,,,,0,0,,,,,0,0,0.20227601785527755,8.063555896276803,
RB:5m:1:1:14722:14730:3,RB,1h,1571,2025-12-08 23:00:00,655.0,1,-1,CHoCH,1,3143.0,29.0,CHoCH,-1,3150.0,8.0,7,4,2,2,current_swing_high,swing,0.0,143.0,3143.0,3143.0,3143.0,1.880064829821718,active_bull_internal_ob,internal,1.0,76.0,3050.0,3062.0,3056.0,0.7455429497568882,3117.0,3118.0,3095.0,3103.0,233046.0,1493263.0,1,1,1,0,1,0,active_bull_internal_ob,3180.0,10.0,above,3.079416531604538,3174.0,False,,3150.0,16.0,above,2.106969205834684,3118.0,True,8.0,3143.0,143.0,above,1.880064829821718,3202.0,True,29.0,3009.0,117.0,below,2.4635332252836304,3021.0,False,,1,1,0.0003681499160252606,121,UP_CONFIRMED,-0.018440129084848135,0.006588316727098478,0.008819901149115508,0.002271822119307265,0.0003681499160252606,0.04454613983905653,-0.0023568359960012275,-0.005380719459013084,0.014486350657711311,3161.2946820115367,-1.8440129084848136,-0.4810776138550299,1.184445137853046,,19,1,1451,1571,2025-11-13 21:00:00,2025-12-08 22:00:00,3052.0,3103.0,121,1.671035386631714,0.013810209806873669,18.0,-1.0,1401.0,1450.0,2025-11-04 14:00:00,2025-11-13 14:00:00,3044.0,3046.0,50.0,0.06570302233903647,0.0013140604467807293,15360742.0,,126948.28099173553,,6591353.0,0.0,131827.06,0.0,0.9629910656562889,,2.330438378888219,,52.066115702479344,38.01652892561984,9.917355371900827,True,True,2025-11-21 22:00:00,3060.0,2025-12-04 21:00:00,3171.0,4,5,2025-11-28 10:00:00,3098.0,2025-12-05 21:00:00,3134.0,10,11,1.338718448801691,12.699655833428418,4.0
RB:5m:1:1:14722:14730:3,RB,4h,672,2025-12-08 23:00:00,655.0,1,1,CHoCH,1,3163.0,287.0,BOS,1,3116.0,18.0,5,2,1,1,current_internal_high,internal,0.0,1.0,3180.0,3180.0,3180.0,3.079416531604538,current_internal_low,internal,0.0,18.0,3077.0,3077.0,3077.0,0.2593192868719611,3117.0,3124.0,3095.0,3103.0,368734.0,1493263.0,1,1,1,0,1,0,active_bull_internal_ob,3180.0,1.0,above,3.079416531604538,3116.0,False,,3077.0,18.0,below,0.2593192868719611,3046.0,False,,3384.0,213.0,above,9.692058346839547,3163.0,False,,3009.0,21.0,below,2.4635332252836304,2912.0,False,,0,0,0.001826476612538103,19,NONE,-0.020075213750956205,0.01143671539840173,0.018256566298119017,0.04216830791543147,0.001826476612538103,0.034703055638223956,-0.003910070102357444,0.029457901005282672,,3166.5695607901334,-2.0075213750956205,-0.6404098623118748,0.9262816023757648,,9,1,654,672,2025-11-28 21:00:00,2025-12-08 21:00:00,3124.0,3103.0,19,-0.6722151088348283,-0.03537974257025412,8.0,-1.0,601.0,653.0,2025-11-05 09:00:00,2025-11-28 13:30:00,3024.0,3110.0,53.0,2.8439153439153486,0.0536587800738745,5236805.0,,275621.3157894737,,16027480.0,0.0,302405.28301886795,0.0,0.9114302271375229,,0.32673913803043275,,78.94736842105263,5.263157894736842,15.789473684210526,True,True,,,2025-12-04 21:00:00,3170.0,0,1,,,2025-12-05 21:00:00,3132.0,0,1,1.5963120233515957,18.83996101090355,
RB:5m:1:1:14722:14730:4,RB,5m,15486,2025-12-09 10:05:00,0.0,-1,-1,CHoCH,-1,3150.0,104.0,BOS,-1,3114.0,22.0,16,17,9,5,current_internal_low,internal,0.0,29.0,3114.0,3114.0,3114.0,1.103896103896104,active_bull_internal_ob,internal,1.0,535.0,3077.0,3079.0,3078.0,0.032467532467532464,3081.0,3084.0,3078.0,3080.0,32371.0,1547535.0,1,1,1,0,1,0,active_bull_internal_ob,3124.0,25.0,above,1.4285714285714286,3123.0,False,,3114.0,29.0,above,1.103896103896104,3117.0,True,22.0,3180.0,124.0,above,3.2467532467532463,3174.0,False,,3150.0,179.0,above,2.272727272727273,3118.0,True,104.0,-1,-1,-0.00016723456174165104,-140,DOWN_CONFIRMED,-0.007191129085786716,-0.004702317619510996,0.0016215465389822882,0.06241179639459998,-0.00016723456174165104,-0.023412838643831146,-0.0015060213206137263,-0.0029098419820960952,-0.006508612306270534,3102.309105239791,-0.7191129085786716,-0.03245699448231054,0.5528289972043794,,206,-1,15347,15486,2025-12-05 09:55:00,2025-12-09 10:00:00,3159.0,3080.0,140,-2.500791389680279,-0.01786279564057342,205.0,1.0,15295.0,15346.0,2025-12-04 13:35:00,2025-12-05 09:50:00,3172.0,3164.0,52.0,-0.2522068095838548,-0.004850130953535669,2332486.0,,16660.614285714284,,589673.0,0.0,11339.865384615385,0.0,1.469207413018983,,3.955558419666493,,0.0,42.857142857142854,57.14285714285714,True,True,,,,,0,0,2025-12-08 21:20:00,3119.0,2025-12-08 21:30:00,3118.0,9,9,0.3448398577446405,5.0506327443713674,
RB:5m:1:1:14722:14730:4,RB,15m,5161,2025-12-09 10:00:00,5.0,1,-1,BOS,1,3116.0,142.0,BOS,-1,3111.0,6.0,8,9,5,3,current_internal_low,internal,0.0,14.0,3111.0,3111.0,3111.0,1.0064935064935066,current_swing_low,swing,0.0,136.0,3077.0,3077.0,3077.0,0.09740259740259741,3084.0,3086.0,3080.0,3081.0,65933.0,1538732.0,1,1,1,0,0,1,active_bull_swing_ob,3125.0,7.0,above,1.461038961038961,3157.0,False,,3111.0,14.0,above,1.0064935064935066,3127.0,True,6.0,3180.0,7.0,above,3.2467532467532463,3116.0,False,,3077.0,136.0,below,0.09740259740259741,3040.0,False,,0,0,-0.0003557176360502361,-35,NONE,-0.016876797667594323,-0.011917737438943862,0.0024962515260268884,0.023483216292021603,-0.0003557176360502361,-0.012450117261758264,-0.003684890324404222,-0.005152683676661551,-0.007740761124241602,3133.890027913589,-1.6876797667594323,-0.12965964343597536,0.6568815713937213,,80,-1,5127,5161,2025-12-05 21:00:00,2025-12-09 09:45:00,3149.0,3081.0,35,-2.15941568751985,-0.06169759107199572,79.0,1.0,5005.0,5126.0,2025-11-28 11:15:00,2025-12-05 14:45:00,3107.0,3157.0,122.0,1.6092693916961665,0.013190732718821036,1944146.0,,55547.02857142857,,3857859.0,0.0,31621.79508196721,0.0,1.7566057975976535,,0.5039442861960481,,0.0,0.0,100.0,True,True,,,,,0,0,,,,,0,0,0.20945683178669725,7.916159046542746,
RB:5m:1:1:14722:14730:4,RB,1h,1572,2025-12-09 10:00:00,5.0,1,-1,CHoCH,1,3143.0,30.0,CHoCH,-1,3150.0,9.0,7,4,2,2,current_swing_high,swing,0.0,144.0,3143.0,3143.0,3143.0,2.0454545454545454,active_bull_internal_ob,internal,1.0,77.0,3050.0,3062.0,3056.0,0.5844155844155844,3103.0,3105.0,3080.0,3081.0,318625.0,1538732.0,1,1,1,0,1,0,active_bull_internal_ob,3180.0,11.0,above,3.2467532467532463,3174.0,False,,3150.0,17.0,above,2.272727272727273,3118.0,True,9.0,3143.0,144.0,above,2.0454545454545454,3202.0,True,30.0,3009.0,118.0,below,2.3051948051948052,3021.0,False,,0,0,0.0,-1,UP_TO_DOWN,-0.023926672861199257,-0.023926672861199257,0.0,0.5,0.0,0.0,,,,3156.525144510861,-2.392667286119926,-0.7089912987431557,1.9193999062360538,,20,-1,1572,1572,2025-12-09 09:00:00,2025-12-09 09:00:00,3081.0,3081.0,1,0.0,0.0,19.0,1.0,1451.0,1571.0,2025-11-13 21:00:00,2025-12-08 22:00:00,3052.0,3103.0,121.0,1.671035386631714,0.013810209806873669,318625.0,,318625.0,,15360742.0,0.0,126948.28099173553,0.0,2.5098803820805013,,0.020742813075045462,,0.0,0.0,100.0,True,True,,,,,0,0,,,,,0,0,0.0,13.578251845326388,4.0
RB:5m:1:1:14722:14730:4,RB,4h,672,2025-12-08 23:00:00,665.0,1,1,CHoCH,1,3163.0,287.0,BOS,1,3116.0,18.0,5,2,1,1,current_internal_high,internal,0.0,1.0,3180.0,3180.0,3180.0,3.2467532467532463,current_internal_low,internal,0.0,18.0,3077.0,3077.0,3077.0,0.09740259740259741,3117.0,3124.0,3095.0,3103.0,368734.0,1493263.0,1,1,1,0,1,0,active_bull_internal_ob,3180.0,1.0,above,3.2467532467532463,3116.0,False,,3077.0,18.0,below,0.09740259740259741,3046.0,False,,3384.0,213.0,above,9.87012987012987,3163.0,False,,3009.0,21.0,below,2.3051948051948052,2912.0,False,,0,0,0.001826476612538103,19,NONE,-0.020075213750956205,0.01143671539840173,0.018256566298119017,0.04216830791543147,0.001826476612538103,0.034703055638223956,-0.003910070102357444,0.029457901005282672,,3166.5695607901334,-2.0075213750956205,-0.6404098623118748,0.9262816023757648,,9,1,654,672,2025-11-28 21:00:00,2025-12-08 21:00:00,3124.0,3103.0,19,-0.6722151088348283,-0.03537974257025412,8.0,-1.0,601.0,653.0,2025-11-05 09:00:00,2025-11-28 13:30:00,3024.0,3110.0,53.0,2.8439153439153486,0.0536587800738745,5236805.0,,275621.3157894737,,16027480.0,0.0,302405.28301886795,0.0,0.9114302271375229,,0.32673913803043275,,78.94736842105263,5.263157894736842,15.789473684210526,True,True,,,2025-12-04 21:00:00,3170.0,0,1,,,2025-12-05 21:00:00,3132.0,0,1,1.5963120233515957,18.83996101090355,
RB:5m:1:1:14778:14786:1,RB,5m,14857,2025-11-26 09:25:00,0.0,1,-1,CHoCH,1,3072.0,141.0,BOS,-1,3095.0,4.0,16,19,8,6,active_bear_internal_ob,internal,-1.0,4.0,3095.0,3102.0,3098.5,0.09702457956015524,current_swing_low,swing,0.0,47.0,3087.0,3087.0,3087.0,0.16170763260025875,3097.0,3097.0,3092.0,3092.0,14500.0,1269557.0,1,1,1,0,1,0,active_bull_internal_ob,3102.0,11.0,above,0.3234152652005175,3112.0,False,,3095.0,17.0,above,0.09702457956015524,3105.0,True,4.0,3113.0,4.0,above,0.6791720569210867,3116.0,False,,3087.0,47.0,below,0.16170763260025875,3050.0,False,,0,0,-8.600109397233213e-05,-8,NONE,-0.003996607701563672,-0.0033161734671012374,0.0004656375919283271,0.07196714775347718,-8.600109397233213e-05,-0.0006880087517786571,-0.0005565258477819857,,,3104.4070973139137,-0.3996607701563672,-0.16144656118824985,1.5110289231218508,,200,-1,14850,14857,2025-11-25 22:45:00,2025-11-26 09:20:00,3097.0,3092.0,8,-0.16144656118824985,-0.02018082014853123,199.0,1.0,14715.0,14849.0,2025-11-24 09:00:00,2025-11-25 22:40:00,3067.0,3098.0,135.0,1.0107597000326152,0.007487108889130483,90468.0,,11308.5,,2196504.0,0.0,16270.4,0.0,0.6950351558658668,,0.041187268495755075,,0.0,0.0,100.0,True,True,,,,,0,0,,,,,0,0,0.1404141238532236,3.345052625456872,
RB:5m:1:1:14778:14786:1,RB,15m,4951,2025-11-26 09:15:00,10.0,1,1,BOS,1,3104.0,35.0,CHoCH,1,3064.0,46.0,8,10,4,4,current_swing_high,swing,0.0,100.0,3104.0,3104.0,3104.0,0.38809831824062097,current_internal_low,internal,0.0,20.0,3088.0,3088.0,3088.0,0.129366106080207,3098.0,3098.0,3093.0,3094.0,38266.0,1276264.0,0,0,0,0,0,0,,3113.0,12.0,above,0.6791720569210867,3116.0,False,,3088.0,20.0,below,0.129366106080207,3050.0,False,,3104.0,100.0,above,0.38809831824062097,3050.0,True,35.0,3040.0,36.0,below,1.6817593790426906,3020.0,False,,0,0,0.0003807580513393831,47,NONE,-0.005378526105517805,-0.0014231927413874002,0.005477978617698301,0.23513417480634985,0.0003807580513393831,0.017895628412951003,-0.00021073699960350023,-0.0004676685917719414,-0.000734741492726454,3110.731148690479,-0.5378526105517806,-0.09686793671295213,-0.13129422486435,,77,1,4905,4951,2025-11-24 09:00:00,2025-11-26 09:00:00,3076.0,3094.0,47,0.5851755526657954,0.012450543673740327,76.0,-1.0,4849.0,4904.0,2025-11-19 14:30:00,2025-11-21 22:45:00,3069.0,3060.0,56.0,-0.2932551319648091,-0.005236698785085877,2260757.0,,48101.21276595745,,2402036.0,0.0,42893.5,0.0,1.1214103014665964,,0.9411836458737505,,57.446808510638306,42.5531914893617,0.0,True,True,,,2025-11-24 14:00:00,3107.0,0,1,2025-11-25 09:00:00,3098.0,2025-11-25 21:30:00,3100.0,1,2,3.8490771196303957,5.587798541298543,
RB:5m:1:1:14778:14786:1,RB,1h,1508,2025-11-25 23:00:00,625.0,-1,1,BOS,-1,3021.0,104.0,CHoCH,1,3072.0,13.0,6,5,1,3,active_bear_internal_ob,internal,-1.0,120.0,3113.0,3126.0,3119.5,0.6791720569210867,current_internal_low,internal,0.0,3.0,3087.0,3087.0,3087.0,0.16170763260025875,3099.0,3102.0,3095.0,3097.0,75338.0,1281403.0,0,0,0,0,0,0,,3113.0,0.0,above,0.6791720569210867,3116.0,False,,3087.0,3.0,below,0.16170763260025875,3050.0,False,,3143.0,80.0,above,1.6494178525226393,3202.0,False,,3009.0,54.0,below,2.684346701164295,3021.0,False,,1,1,0.00026425385001528395,58,UP_CONFIRMED,0.007854956928081911,0.007693932478888829,0.0054112634793152875,0.5118696829016292,0.00026425385001528395,0.015326723300886469,0.0016434060299455044,0.0041164986941539805,0.005474761142623796,3072.862795098595,0.7854956928081911,-0.0645369474023827,-0.7671459114073116,,19,1,1451,1508,2025-11-13 21:00:00,2025-11-25 22:00:00,3052.0,3097.0,58,1.4744429882044496,0.0254214308311112,18.0,-1.0,1401.0,1450.0,2025-11-04 14:00:00,2025-11-13 14:00:00,3044.0,3046.0,50.0,0.06570302233903647,0.0013140604467807293,8184189.0,,141106.7068965517,,6591353.0,0.0,131827.06,0.0,1.070392580222541,,1.2416553930581475,,44.827586206896555,48.275862068965516,6.896551724137931,False,False,2025-11-21 22:00:00,3060.0,2025-11-21 21:00:00,3055.0,4,4,2025-11-21 22:00:00,3060.0,2025-11-21 14:00:00,3057.0,6,6,0.7033156963832351,11.425670010961637,4.0
RB:5m:1:1:14778:14786:1,RB,4h,645,2025-11-25 23:00:00,625.0,1,1,CHoCH,1,3163.0,260.0,BOS,1,3104.0,2.0,4,4,1,1,current_internal_high,internal,0.0,14.0,3104.0,3104.0,3104.0,0.38809831824062097,active_bull_internal_ob,internal,1.0,2.0,3040.0,3075.0,3057.5,0.5498059508408797,3106.0,3107.0,3095.0,3097.0,247548.0,1281403.0,0,0,0,0,0,0,,3104.0,14.0,above,0.38809831824062097,3050.0,True,2.0,3046.0,5.0,below,1.4877102199223804,3020.0,False,,3384.0,186.0,above,9.44372574385511,3163.0,False,,2912.0,308.0,below,5.821474773609314,3033.0,False,,0,0,0.0003059015850502858,-45,NONE,0.015139584830005789,0.010353525091989719,0.005058004244691566,0.8279855851356469,0.0003059015850502858,0.01376557132726286,0.002895354271725381,0.00425853435199941,0.008795956592691612,3050.8119733293825,1.513958483000579,-0.2897617514488138,-0.6884885123960469,,8,-1,601,645,2025-11-05 09:00:00,2025-11-25 21:00:00,3024.0,3097.0,45,2.414021164021163,0.05364491475602584,7.0,1.0,587.0,600.0,2025-10-29 13:30:00,2025-11-04 21:00:00,3133.0,3028.0,14.0,-3.351420363868496,-0.23938716884774972,14087732.0,,313060.7111111111,,5369414.0,0.0,383529.5714285714,0.0,0.8162622505091907,,2.6237000909223984,,22.22222222222222,28.888888888888886,48.888888888888886,False,False,2025-11-05 09:00:00,3024.0,,,1,0,2025-11-24 09:00:00,3089.0,2025-11-19 13:30:00,3070.0,2,1,0.48852967465204933,18.148578761041698,
RB:5m:1:-1:14814:14820:1,RB,5m,14825,2025-11-25 14:45:00,0.0,1,-1,CHoCH,1,3072.0,109.0,CHoCH,-1,3105.0,5.0,16,18,8,6,active_bear_internal_ob,internal,-1.0,5.0,3107.0,3112.0,3109.5,0.03219575016097875,current_internal_low,internal,0.0,9.0,3105.0,3105.0,3105.0,0.03219575016097875,3106.0,3108.0,3104.0,3106.0,13458.0,1310821.0,0,0,0,0,0,0,,3112.0,6.0,above,0.19317450096587252,3113.0,False,,3105.0,9.0,below,0.03219575016097875,3088.0,True,5.0,3116.0,25.0,above,0.3219575016097875,3072.0,False,,3087.0,15.0,below,0.6117192530585963,3050.0,False,,1,1,0.00016376496377702233,111,UP_CONFIRMED,-0.0014235905512078684,0.0021811126238343507,0.0028130546081689832,0.10002317016098594,0.00016376496377702233,0.01817791097924948,-0.00026913026568964327,-0.0004781406596129356,-0.0007264929354715566,3110.4279758766706,-0.14235905512078684,0.032206119162636604,-0.3824645624648429,,199,1,14715,14825,2025-11-24 09:00:00,2025-11-25 14:40:00,3067.0,3106.0,111,1.2716009129442485,0.011455864080578816,198.0,-1.0,14699.0,14714.0,2025-11-21 21:40:00,2025-11-21 22:55:00,3052.0,3060.0,16.0,0.2621231979030192,0.0163826998689387,1918383.0,,17282.72972972973,,117721.0,0.0,7357.5625,0.0,2.34897491251073,,16.296013455543193,,58.55855855855856,14.414414414414415,27.027027027027028,True,True,2025-11-24 22:30:00,3091.0,2025-11-25 10:50:00,3109.0,5,6,2025-11-25 14:40:00,3106.0,2025-11-25 14:15:00,3103.0,2,2,1.2897337704752228,3.937124511096571,
RB:5m:1:-1:14814:14820:1,RB,15m,4941,2025-11-25 14:45:00,0.0,1,1,BOS,1,3104.0,25.0,CHoCH,1,3064.0,36.0,8,10,4,4,current_internal_high,internal,0.0,2.0,3113.0,3113.0,3113.0,0.22537025112685125,current_swing_high,swing,0.0,90.0,3104.0,3104.0,3104.0,0.0643915003219575,3104.0,3108.0,3102.0,3106.0,34126.0,1310821.0,0,0,0,0,0,0,,3113.0,2.0,above,0.22537025112685125,3116.0,False,,3088.0,10.0,below,0.5795235028976174,3050.0,False,,3104.0,90.0,below,0.0643915003219575,3050.0,True,25.0,3040.0,26.0,below,2.1249195106245975,3020.0,False,,0,0,0.0004965375394638155,37,NONE,-0.0019878694239217633,-0.0007859214044130603,0.006000995609443152,0.4206263305214253,0.0004965375394638155,0.018371888960161176,-0.00014907447819423325,-0.0002671978610018222,-0.0006283118488191741,3112.186620624678,-0.19878694239217634,0.06443298969072142,-0.13096791614195902,,77,1,4905,4941,2025-11-24 09:00:00,2025-11-25 14:30:00,3076.0,3106.0,37,0.975292587776333,0.026359259129090082,76.0,-1.0,4849.0,4904.0,2025-11-19 14:30:00,2025-11-21 22:45:00,3069.0,3060.0,56.0,-0.2932551319648091,-0.005236698785085877,1918383.0,,51848.18918918919,,2402036.0,0.0,42893.5,0.0,1.2087656448923307,,0.7986487296610042,,64.86486486486487,35.13513513513514,0.0,False,True,,,2025-11-24 14:00:00,3107.0,0,1,2025-11-25 09:00:00,3098.0,2025-11-24 14:30:00,3095.0,1,1,7.635617983867991,6.297035896000941,
RB:5m:1:-1:14814:14820:1,RB,1h,1505,2025-11-25 14:00:00,45.0,-1,1,BOS,-1,3021.0,101.0,CHoCH,1,3072.0,10.0,6,5,1,3,active_bear_internal_ob,internal,-1.0,117.0,3113.0,3126.0,3119.5,0.22537025112685125,current_internal_low,internal,0.0,0.0,3087.0,3087.0,3087.0,0.6117192530585963,3107.0,3112.0,3105.0,3110.0,90385.0,1332873.0,0,0,0,0,0,0,,3116.0,1.0,above,0.3219575016097875,3072.0,False,,3087.0,0.0,below,0.6117192530585963,3050.0,False,,3143.0,77.0,above,1.1912427559562138,3202.0,False,,3009.0,51.0,below,3.1229877656149387,3021.0,False,,1,1,0.00025812514007279576,55,UP_CONFIRMED,0.013213028077393439,0.007607691937314986,0.005533157881713143,0.8444805893346561,0.00025812514007279576,0.014196882704003766,0.001537965885526793,0.0038751260897167406,0.004570285920748374,3069.4433587192734,1.3213028077393438,0.06435006435006052,-0.5764480665292067,,19,1,1451,1505,2025-11-13 21:00:00,2025-11-25 13:30:00,3052.0,3110.0,55,1.9003931847968447,0.03455260335994263,18.0,-1.0,1401.0,1450.0,2025-11-04 14:00:00,2025-11-13 14:00:00,3044.0,3046.0,50.0,0.06570302233903647,0.0013140604467807293,7724795.0,,140450.81818181818,,6591353.0,0.0,131827.06,0.0,1.0654172078313677,,1.1719589286145045,,41.81818181818181,50.90909090909091,7.2727272727272725,False,False,2025-11-21 22:00:00,3060.0,2025-11-21 21:00:00,3055.0,4,4,2025-11-21 22:00:00,3060.0,2025-11-21 14:00:00,3057.0,6,6,0.7273109804267368,11.882584665488727,2.0
RB:5m:1:-1:14814:14820:1,RB,4h,643,2025-11-25 11:30:00,195.0,1,1,CHoCH,1,3163.0,258.0,BOS,1,3104.0,0.0,4,4,1,1,active_bear_internal_ob,internal,-1.0,43.0,3127.0,3143.0,3135.0,0.6761107533805538,current_internal_high,internal,0.0,12.0,3104.0,3104.0,3104.0,0.0643915003219575,3093.0,3113.0,3091.0,3108.0,408933.0,1346957.0,0,0,0,0,0,0,,3104.0,12.0,below,0.0643915003219575,3050.0,True,0.0,3046.0,3.0,below,1.9317450096587252,3020.0,False,,3384.0,184.0,above,8.950418544752093,3163.0,False,,2912.0,306.0,below,6.2459755312298775,3033.0,False,,0,0,0.000297821432194406,-43,NONE,0.019710056882455466,0.010053012290403247,0.004960938953002757,0.974209623076061,0.000297821432194406,0.012806321584359459,0.002771316832164583,0.003912171126998487,0.009018001818794863,3047.9252205298853,1.9710056882455467,0.5499838240051735,0.48828731300546796,,8,-1,601,643,2025-11-05 09:00:00,2025-11-25 09:00:00,3024.0,3108.0,43,2.777777777777768,0.06459948320413414,7.0,1.0,587.0,600.0,2025-10-29 13:30:00,2025-11-04 21:00:00,3133.0,3028.0,14.0,-3.351420363868496,-0.23938716884774972,13537953.0,,314836.11627906974,,5369414.0,0.0,383529.5714285714,0.0,0.820891372486267,,2.521309215493534,,18.6046511627907,30.23255813953488,51.162790697674424,False,False,2025-11-05 09:00:00,3024.0,,,1,0,2025-11-24 09:00:00,3089.0,2025-11-19 13:30:00,3070.0,2,1,0.4934778561584514,19.20781915481759,
RB:5m:1:-1:14814:14820:2,RB,5m,14828,2025-11-25 15:00:00,0.0,1,-1,CHoCH,1,3072.0,112.0,CHoCH,-1,3105.0,8.0,16,18,8,6,active_bear_internal_ob,internal,-1.0,8.0,3107.0,3112.0,3109.5,0.03219575016097875,current_internal_low,internal,0.0,12.0,3105.0,3105.0,3105.0,0.03219575016097875,3103.0,3107.0,3101.0,3106.0,27001.0,1301038.0,0,0,0,0,0,0,,3112.0,9.0,above,0.19317450096587252,3113.0,False,,3105.0,12.0,below,0.03219575016097875,3088.0,True,8.0,3116.0,28.0,above,0.3219575016097875,3072.0,False,,3087.0,18.0,below,0.6117192530585963,3050.0,False,,1,1,0.0001577488286064344,114,UP_CONFIRMED,-0.001232754853122184,0.002075026192814738,0.002851291753587888,0.1230042268052744,0.0001577488286064344,0.01798336646113352,-0.00025107150190839533,-0.0005764360931621582,-0.0008531845207885302,3109.833662539899,-0.1232754853122184,0.12894906511928816,1.8198255943531667,,199,1,14715,14828,2025-11-24 09:00:00,2025-11-25 14:55:00,3067.0,3106.0,114,1.2716009129442485,0.011154393973195162,198.0,-1.0,14699.0,14714.0,2025-11-21 21:40:00,2025-11-21 22:55:00,3052.0,3060.0,16.0,0.2621231979030192,0.0163826998689387,1974943.0,,17324.06140350877,,117721.0,0.0,7357.5625,0.0,2.3545924894975436,,16.77647148767,,57.01754385964912,16.666666666666664,26.31578947368421,True,True,2025-11-24 22:30:00,3091.0,2025-11-25 10:50:00,3109.0,5,6,2025-11-25 14:55:00,3106.0,2025-11-25 14:45:00,3105.0,3,3,1.3740991624400456,4.092515506880163,
RB:5m:1:-1:14814:14820:2,RB,15m,4942,2025-11-25 15:00:00,0.0,1,1,BOS,1,3104.0,26.0,CHoCH,1,3064.0,37.0,8,10,4,4,current_internal_high,internal,0.0,3.0,3113.0,3113.0,3113.0,0.22537025112685125,current_swing_high,swing,0.0,91.0,3104.0,3104.0,3104.0,0.0643915003219575,3106.0,3108.0,3101.0,3106.0,56560.0,1301038.0,0,0,0,0,0,0,,3113.0,3.0,above,0.22537025112685125,3116.0,False,,3088.0,11.0,below,0.5795235028976174,3050.0,False,,3104.0,91.0,below,0.0643915003219575,3050.0,True,26.0,3040.0,27.0,below,2.1249195106245975,3020.0,False,,0,0,0.0004822428789314288,38,NONE,-0.0019421406073233903,-0.0008163482255422796,0.005924400369477503,0.4246442277368093,0.0004822428789314288,0.018325229399394294,-0.00017096475767164332,-0.00027401580014896343,-0.000646053227731147,3112.044027076764,-0.19421406073233904,0.0,1.0080524064523682,,77,1,4905,4942,2025-11-24 09:00:00,2025-11-25 14:45:00,3076.0,3106.0,38,0.975292587776333,0.025665594415166658,76.0,-1.0,4849.0,4904.0,2025-11-19 14:30:00,2025-11-21 22:45:00,3069.0,3060.0,56.0,-0.2932551319648091,-0.005236698785085877,1974943.0,,51972.18421052631,,2402036.0,0.0,42893.5,0.0,1.2116564097246976,,0.8221954208846162,,65.78947368421053,34.21052631578947,0.0,False,True,,,2025-11-24 14:00:00,3107.0,0,1,2025-11-25 09:00:00,3098.0,2025-11-24 14:30:00,3095.0,1,1,7.257197583227517,6.34724761771516,
RB:5m:1:-1:14814:14820:2,RB,1h,1506,2025-11-25 15:00:00,0.0,-1,1,BOS,-1,3021.0,102.0,CHoCH,1,3072.0,11.0,6,5,1,3,active_bear_internal_ob,internal,-1.0,118.0,3113.0,3126.0,3119.5,0.22537025112685125,current_internal_low,internal,0.0,1.0,3087.0,3087.0,3087.0,0.6117192530585963,3110.0,3111.0,3101.0,3106.0,211846.0,1301038.0,0,0,0,0,0,0,,3116.0,2.0,above,0.3219575016097875,3072.0,False,,3087.0,1.0,below,0.6117192530585963,3050.0,False,,3143.0,78.0,above,1.1912427559562138,3202.0,False,,3009.0,52.0,below,3.1229877656149387,3021.0,False,,1,1,0.00026416547052847606,56,UP_CONFIRMED,0.011315171098399494,0.007673896922334352,0.005505469579112069,0.7458195597694988,0.00026416547052847606,0.014793266349594658,0.002051526799990322,0.004100694704351815,0.005037991692968591,3071.2482999998333,1.1315171098399495,-0.12861736334405238,0.8813200807317604,,19,1,1451,1506,2025-11-13 21:00:00,2025-11-25 14:00:00,3052.0,3106.0,56,1.7693315858453573,0.031595206890095665,18.0,-1.0,1401.0,1450.0,2025-11-04 14:00:00,2025-11-13 14:00:00,3044.0,3046.0,50.0,0.06570302233903647,0.0013140604467807293,7936641.0,,141725.73214285713,,6591353.0,0.0,131827.06,0.0,1.0750883175491976,,1.2040989156551014,,42.857142857142854,50.0,7.142857142857142,False,False,2025-11-21 22:00:00,3060.0,2025-11-21 21:00:00,3055.0,4,4,2025-11-21 22:00:00,3060.0,2025-11-21 14:00:00,3057.0,6,6,0.7174281378589771,11.748114332239531,4.0
RB:5m:1:-1:14814:14820:2,RB,4h,644,2025-11-25 15:00:00,0.0,1,1,CHoCH,1,3163.0,259.0,BOS,1,3104.0,1.0,4,4,1,1,active_bear_internal_ob,internal,-1.0,44.0,3127.0,3143.0,3135.0,0.6761107533805538,current_internal_high,internal,0.0,13.0,3104.0,3104.0,3104.0,0.0643915003219575,3107.0,3112.0,3101.0,3106.0,302231.0,1301038.0,0,0,0,0,0,0,,3104.0,13.0,below,0.0643915003219575,3050.0,True,1.0,3046.0,4.0,below,1.9317450096587252,3020.0,False,,3384.0,185.0,above,8.950418544752093,3163.0,False,,2912.0,307.0,below,6.2459755312298775,3033.0,False,,0,0,0.0003038074873243772,-44,NONE,0.018489515822191972,0.010244751007034808,0.005062846722548546,0.9482888490262104,0.0003038074873243772,0.013367529442272597,0.0032032043349918826,0.0040133363782306475,0.009385137952688138,3049.614111631411,1.8489515822191973,-0.06435006435006052,-0.3359497602493786,,8,-1,601,644,2025-11-05 09:00:00,2025-11-25 13:30:00,3024.0,3106.0,44,2.7116402116402094,0.06162818662818658,7.0,1.0,587.0,600.0,2025-10-29 13:30:00,2025-11-04 21:00:00,3133.0,3028.0,14.0,-3.351420363868496,-0.23938716884774972,13840184.0,,314549.63636363635,,5369414.0,0.0,383529.5714285714,0.0,0.8201444159625071,,2.577596735882165,,20.454545454545457,29.545454545454547,50.0,False,False,2025-11-05 09:00:00,3024.0,,,1,0,2025-11-24 09:00:00,3089.0,2025-11-19 13:30:00,3070.0,2,1,0.4941893384301892,18.621546358044903,
RB:5m:1:-1:14814:14820:3,RB,5m,15016,2025-11-28 11:25:00,0.0,-1,1,CHoCH,-1,3087.0,157.0,BOS,1,3096.0,9.0,17,18,8,7,active_bear_internal_ob,internal,-1.0,196.0,3107.0,3112.0,3109.5,0.03219575016097875,current_internal_high,internal,0.0,16.0,3096.0,3096.0,3096.0,0.3219575016097875,3103.0,3107.0,3102.0,3106.0,20634.0,1009558.0,0,0,0,0,0,0,,3096.0,16.0,below,0.3219575016097875,3095.0,True,9.0,3088.0,9.0,below,0.5795235028976174,3086.0,False,,3113.0,163.0,above,0.22537025112685125,3116.0,False,,3077.0,39.0,below,0.9336767546683838,3087.0,False,,1,1,5.871055877409339e-05,68,UP_CONFIRMED,0.0037671385984206045,0.001456765984824469,0.0011776863289259625,0.9751064986713477,5.871055877409339e-05,0.00399231799663835,0.0007390906057112012,0.0013827355476472292,0.0015403492239214334,3094.3431803684743,0.37671385984206046,0.09668063164678387,1.625600380305987,,203,1,14949,15016,2025-11-27 13:30:00,2025-11-28 11:20:00,3092.0,3106.0,68,0.4527813712807305,0.0066585495776578015,202.0,-1.0,14909.0,14948.0,2025-11-26 21:55:00,2025-11-27 11:25:00,3091.0,3089.0,40.0,-0.06470397929472238,-0.0016175994823680595,699690.0,,10289.558823529413,,376506.0,0.0,9412.65,0.0,1.093162799374184,,1.8583767589361126,,35.294117647058826,52.94117647058824,11.76470588235294,False,False,2025-11-28 10:00:00,3092.0,2025-11-28 09:55:00,3089.0,4,4,2025-11-28 10:00:00,3092.0,2025-11-28 09:45:00,3089.0,6,6,0.8084251974539797,3.320215167033132,
RB:5m:1:-1:14814:14820:3,RB,15m,5004,2025-11-28 11:15:00,10.0,1,1,BOS,1,3104.0,88.0,CHoCH,1,3099.0,0.0,9,11,4,4,current_swing_high,swing,0.0,38.0,3116.0,3116.0,3116.0,0.3219575016097875,current_internal_high,internal,0.0,12.0,3099.0,3099.0,3099.0,0.22537025112685125,3099.0,3104.0,3099.0,3104.0,36394.0,1012779.0,1,1,0,1,1,0,active_bear_internal_ob,3099.0,12.0,below,0.22537025112685125,3106.0,True,0.0,3084.0,10.0,below,0.7083065035415326,3077.0,False,,3116.0,38.0,above,0.3219575016097875,3104.0,False,,3040.0,89.0,below,2.1249195106245975,3020.0,False,,0,0,-0.0001795432161068342,-36,NONE,0.005746078667578538,0.0014328699001746512,0.0037982768074337377,0.8719316913324511,-0.0001795432161068342,-0.006463555779846031,0.0006858679392240941,0.0010435962793966524,0.002181758264248934,3086.2660723591457,0.5746078667578538,0.1936733376371791,0.41922957152599993,,78,-1,4969,5004,2025-11-26 21:45:00,2025-11-28 11:00:00,3091.0,3104.0,36,0.4205758654157288,0.011682662928214689,77.0,1.0,4905.0,4968.0,2025-11-24 09:00:00,2025-11-26 21:30:00,3076.0,3090.0,64.0,0.4551365409622976,0.0071115084525359,1053940.0,,29276.11111111111,,2861724.0,0.0,44714.4375,0.0,0.6547350866509527,,0.3682884862411609,,16.666666666666664,58.333333333333336,25.0,False,False,2025-11-27 09:15:00,3078.0,,,1,0,2025-11-28 10:00:00,3094.0,2025-11-28 09:45:00,3089.0,4,3,2.6508176401575394,5.51650823550477,
RB:5m:1:-1:14814:14820:3,RB,1h,1524,2025-11-28 11:00:00,25.0,-1,-1,BOS,-1,3021.0,120.0,CHoCH,-1,3087.0,9.0,6,6,1,3,active_bear_internal_ob,internal,-1.0,136.0,3113.0,3126.0,3119.5,0.22537025112685125,current_internal_low,internal,0.0,3.0,3077.0,3077.0,3077.0,0.9336767546683838,3089.0,3103.0,3089.0,3098.0,95672.0,1015524.0,1,1,0,1,1,0,active_bear_internal_ob,3113.0,16.0,above,0.22537025112685125,3116.0,False,,3077.0,3.0,below,0.9336767546683838,3087.0,False,,3143.0,96.0,above,1.1912427559562138,3202.0,False,,3009.0,70.0,below,3.1229877656149387,3021.0,False,,1,1,0.00023600500058607631,74,UP_CONFIRMED,0.006062244850447282,0.007145473908054343,0.004981260537337788,0.41392461432758476,0.00023600500058607631,0.017464370043369648,0.0006675702440475106,0.0010053571532375738,0.003504619085070493,3079.3323334189154,0.6062244850447281,0.2913564260278445,-0.3344864265995694,,19,1,1451,1524,2025-11-13 21:00:00,2025-11-28 10:00:00,3052.0,3098.0,74,1.5072083879423381,0.020367680918139706,18.0,-1.0,1401.0,1450.0,2025-11-04 14:00:00,2025-11-13 14:00:00,3044.0,3046.0,50.0,0.06570302233903647,0.0013140604467807293,9840968.0,,132986.05405405405,,6591353.0,0.0,131827.06,0.0,1.0087917765446188,,1.4930118292860357,,35.13513513513514,59.45945945945946,5.405405405405405,True,False,2025-11-21 22:00:00,3060.0,2025-11-21 21:00:00,3055.0,4,4,2025-11-28 10:00:00,3098.0,2025-11-28 09:00:00,3089.0,10,10,0.6971210869195025,10.045523390305574,3.0
RB:5m:1:-1:14814:14820:3,RB,4h,651,2025-11-27 23:00:00,745.0,1,1,CHoCH,1,3163.0,266.0,BOS,1,3104.0,8.0,4,4,1,1,current_internal_high,internal,0.0,5.0,3116.0,3116.0,3116.0,0.3219575016097875,active_bull_internal_ob,internal,1.0,8.0,3040.0,3075.0,3057.5,0.9980682549903412,3093.0,3095.0,3084.0,3093.0,195465.0,1039536.0,0,0,0,0,0,0,,3116.0,5.0,above,0.3219575016097875,3104.0,False,,3046.0,11.0,below,1.9317450096587252,3020.0,False,,3384.0,192.0,above,8.950418544752093,3163.0,False,,3009.0,0.0,below,3.1229877656149387,2912.0,False,,-1,-1,0.0003064999451613134,-51,DOWN_CONFIRMED,0.011965845149679629,0.010635673464136167,0.004865749503411805,0.6077173117211003,0.0003064999451613134,0.015631497203226985,0.0013726844875361355,0.0038562566606685778,0.007478956175506868,3056.427264640058,1.1965845149679628,0.0,-1.005121419726322,,8,-1,601,651,2025-11-05 09:00:00,2025-11-27 21:00:00,3024.0,3093.0,51,2.2817460317460236,0.04474011826952987,7.0,1.0,587.0,600.0,2025-10-29 13:30:00,2025-11-04 21:00:00,3133.0,3028.0,14.0,-3.351420363868496,-0.23938716884774972,15542070.0,,304746.4705882353,,5369414.0,0.0,383529.5714285714,0.0,0.7945840250417074,,2.8945560912233628,,31.372549019607842,25.49019607843137,43.13725490196079,False,False,2025-11-05 09:00:00,3024.0,,,1,0,2025-11-24 09:00:00,3089.0,2025-11-19 13:30:00,3070.0,2,1,0.4574933143462207,16.459813765550088,
RB:5m:1:-1:14814:14820:4,RB,5m,15020,2025-11-28 13:45:00,0.0,-1,1,CHoCH,-1,3087.0,161.0,BOS,1,3096.0,13.0,17,17,8,7,current_swing_high,swing,0.0,167.0,3113.0,3113.0,3113.0,0.06428801028608164,current_internal_high,internal,0.0,20.0,3096.0,3096.0,3096.0,0.4821600771456124,3105.0,3113.0,3105.0,3111.0,26564.0,1004190.0,1,1,0,1,0,1,active_bear_swing_ob,3096.0,20.0,below,0.4821600771456124,3095.0,True,13.0,3088.0,13.0,below,0.7393121182899389,3086.0,False,,3113.0,167.0,above,0.06428801028608164,3116.0,False,,3077.0,43.0,below,1.092896174863388,3087.0,False,,1,1,6.769506950609566e-05,72,UP_CONFIRMED,0.004500816817048983,0.0015787833156799716,0.0012578278337833666,0.9899125471590418,6.769506950609566e-05,0.004874045004438887,0.001140513631741058,0.0016788859642113962,0.002374810088462853,3097.0606971309317,0.45008168170489826,0.19323671497584183,1.93338964802137,,203,1,14949,15020,2025-11-27 13:30:00,2025-11-28 13:40:00,3092.0,3111.0,72,0.6144890038809914,0.008534569498347102,202.0,-1.0,14909.0,14948.0,2025-11-26 21:55:00,2025-11-27 11:25:00,3091.0,3089.0,40.0,-0.06470397929472238,-0.0016175994823680595,769153.0,,10682.680555555555,,376506.0,0.0,9412.65,0.0,1.1349280548576177,,2.042870498743712,,38.88888888888889,50.0,11.11111111111111,True,False,2025-11-28 10:00:00,3092.0,2025-11-28 09:55:00,3089.0,4,4,2025-11-28 10:00:00,3092.0,2025-11-28 09:45:00,3089.0,6,6,0.7967070726495665,3.656800952354053,
RB:5m:1:-1:14814:14820:4,RB,15m,5006,2025-11-28 13:45:00,0.0,1,1,BOS,1,3104.0,90.0,CHoCH,1,3099.0,2.0,9,10,4,4,current_swing_high,swing,0.0,40.0,3116.0,3116.0,3116.0,0.16072002571520413,current_internal_high,internal,0.0,14.0,3099.0,3099.0,3099.0,0.3857280617164899,3107.0,3113.0,3103.0,3111.0,51150.0,1004190.0,0,0,0,0,0,0,,3099.0,14.0,below,0.3857280617164899,3106.0,True,2.0,3084.0,12.0,below,0.8678881388621021,3077.0,False,,3116.0,40.0,above,0.16072002571520413,3104.0,False,,3040.0,91.0,below,2.282224365155898,3020.0,False,,0,0,0.00019217438884200355,2,NONE,0.0072978634879391595,0.006843619691734018,0.00045424379620514176,0.8413447460685429,0.00019217438884200355,0.0003843487776840071,,,,3088.4608344423928,0.7297863487939159,0.1287415513356871,1.1966119035822012,,79,1,5005,5006,2025-11-28 11:15:00,2025-11-28 13:30:00,3107.0,3111.0,2,0.1287415513356871,0.06437077566784355,78.0,-1.0,4969.0,5004.0,2025-11-26 21:45:00,2025-11-28 11:00:00,3091.0,3104.0,36.0,0.4205758654157288,0.011682662928214689,98782.0,,49391.0,,1053940.0,0.0,29276.11111111111,0.0,1.6870751655691976,,0.09372639808717764,,100.0,0.0,0.0,False,False,,,,,0,0,,,,,0,0,0.06637478654078259,5.868825978572992,
RB:5m:1:-1:14814:14820:4,RB,1h,1525,2025-11-28 11:30:00,135.0,-1,-1,BOS,-1,3021.0,121.0,CHoCH,-1,3087.0,10.0,6,6,1,3,active_bear_internal_ob,internal,-1.0,137.0,3113.0,3126.0,3119.5,0.06428801028608164,current_internal_low,internal,0.0,4.0,3077.0,3077.0,3077.0,1.092896174863388,3099.0,3108.0,3099.0,3107.0,84026.0,1007973.0,1,1,0,1,1,0,active_bear_internal_ob,3113.0,17.0,above,0.06428801028608164,3116.0,False,,3077.0,4.0,below,1.092896174863388,3087.0,False,,3143.0,97.0,above,1.0286081645773062,3202.0,False,,3009.0,71.0,below,3.278688524590164,3021.0,False,,1,1,0.00023540599104623954,75,UP_CONFIRMED,0.008795505066194635,0.007167474323496214,0.004951558792237626,0.6288433787840368,0.00023540599104623954,0.017655449328467965,0.0006467404284498102,0.001113517089082583,0.003410153081168321,3079.9106304464813,0.8795505066194635,0.29051000645576863,-0.5907800221420002,,19,1,1451,1525,2025-11-13 21:00:00,2025-11-28 11:00:00,3052.0,3107.0,75,1.8020969855832236,0.024027959807776316,18.0,-1.0,1401.0,1450.0,2025-11-04 14:00:00,2025-11-13 14:00:00,3044.0,3046.0,50.0,0.06570302233903647,0.0013140604467807293,9924994.0,,132333.25333333333,,6591353.0,0.0,131827.06,0.0,1.0038398287372359,,1.505759743105854,,34.66666666666667,60.0,5.333333333333334,False,False,2025-11-21 22:00:00,3060.0,2025-11-21 21:00:00,3055.0,4,4,2025-11-28 10:00:00,3098.0,2025-11-28 09:00:00,3089.0,10,10,0.6908373255004995,10.042271719569461,2.0
RB:5m:1:-1:14814:14820:4,RB,4h,652,2025-11-28 11:30:00,135.0,1,1,CHoCH,1,3163.0,267.0,BOS,1,3104.0,9.0,4,4,1,1,current_internal_high,internal,0.0,6.0,3116.0,3116.0,3116.0,0.16072002571520413,active_bull_internal_ob,internal,1.0,9.0,3040.0,3075.0,3057.5,1.1571841851494697,3093.0,3108.0,3087.0,3107.0,286467.0,1007973.0,0,0,0,0,0,0,,3116.0,6.0,above,0.16072002571520413,3104.0,False,,3046.0,12.0,below,2.0893603342976537,3020.0,False,,3384.0,193.0,above,8.775313404050145,3163.0,False,,3009.0,1.0,below,3.278688524590164,2912.0,False,,-1,-1,0.00030896739743952335,-52,DOWN_CONFIRMED,0.01611134367963966,0.01074097481443431,0.004877061297088482,0.8645839901995136,0.00030896739743952335,0.016066304666855213,0.0015175511304259537,0.003966681375492165,0.00738026915727108,3057.7357681576846,1.611134367963966,0.4526349822179032,-0.1689845113070919,,8,-1,601,652,2025-11-05 09:00:00,2025-11-28 09:00:00,3024.0,3107.0,52,2.7447089947089998,0.05278286528286538,7.0,1.0,587.0,600.0,2025-10-29 13:30:00,2025-11-04 21:00:00,3133.0,3028.0,14.0,-3.351420363868496,-0.23938716884774972,15828537.0,,304394.9423076923,,5369414.0,0.0,383529.5714285714,0.0,0.7936674639555997,,2.947907723263656,,32.69230769230769,25.0,42.30769230769231,False,False,2025-11-05 09:00:00,3024.0,,,1,0,2025-11-24 09:00:00,3089.0,2025-11-19 13:30:00,3070.0,2,1,0.454061328822261,16.78411278229651,
RB:5m:1:-1:14835:14853:1,RB,5m,14865,2025-11-26 10:05:00,0.0,-1,-1,CHoCH,-1,3087.0,6.0,BOS,-1,3095.0,12.0,15,19,8,7,active_bear_internal_ob,internal,-1.0,12.0,3095.0,3102.0,3098.5,0.09702457956015524,current_swing_low,swing,0.0,55.0,3087.0,3087.0,3087.0,0.16170763260025875,3093.0,3096.0,3091.0,3092.0,13120.0,1251053.0,0,0,0,0,0,0,,3102.0,19.0,above,0.3234152652005175,3112.0,False,,3086.0,0.0,below,0.19404915912031048,3095.0,False,,3113.0,12.0,above,0.6791720569210867,3116.0,False,,3087.0,55.0,below,0.16170763260025875,3050.0,True,6.0,0,0,-0.00039682270792987945,-16,NONE,0.0016779501541952084,-0.0018199351455414857,0.0025015010598251853,0.9189906830153747,-0.00039682270792987945,-0.006349163326878071,0.00024378650913603472,-0.005879523097049533,,3086.8204691178707,0.16779501541952083,0.0,0.24354952094359056,,200,-1,14850,14865,2025-11-25 22:45:00,2025-11-26 10:00:00,3097.0,3092.0,16,-0.16144656118824985,-0.010090410074265616,199.0,1.0,14715.0,14849.0,2025-11-24 09:00:00,2025-11-25 22:40:00,3067.0,3098.0,135.0,1.0107597000326152,0.007487108889130483,211785.0,,13236.5625,,2196504.0,0.0,16270.4,0.0,0.8135363912380765,,0.0964191278504387,,0.0,12.5,87.5,True,False,2025-11-26 09:35:00,3089.0,,,1,0,2025-11-26 09:55:00,3092.0,,,1,0,1.3745001111459458,3.560193821458233,
RB:5m:1:-1:14835:14853:1,RB,15m,4954,2025-11-26 10:00:00,5.0,1,1,BOS,1,3104.0,38.0,CHoCH,1,3064.0,49.0,8,10,4,4,current_swing_high,swing,0.0,103.0,3104.0,3104.0,3104.0,0.38809831824062097,current_internal_low,internal,0.0,23.0,3088.0,3088.0,3088.0,0.129366106080207,3088.0,3093.0,3088.0,3092.0,31454.0,1253487.0,0,0,0,0,0,0,,3113.0,15.0,above,0.6791720569210867,3116.0,False,,3088.0,23.0,below,0.129366106080207,3050.0,False,,3104.0,103.0,above,0.38809831824062097,3050.0,True,38.0,3040.0,39.0,below,1.6817593790426906,3020.0,False,,0,0,0.00034992734791101655,50,NONE,-0.005631429044041032,-0.0017335692927699258,0.005453909812757584,0.23740002881358752,0.00034992734791101655,0.017496367395550827,-0.0005264838867728994,-0.0006850266725336729,-0.001042057654453088,3109.510990504693,-0.5631429044041032,0.12953367875647714,-0.49998641995271853,,77,1,4905,4954,2025-11-24 09:00:00,2025-11-26 09:45:00,3076.0,3092.0,50,0.5201560468140354,0.010403120936280708,76.0,-1.0,4849.0,4904.0,2025-11-19 14:30:00,2025-11-21 22:45:00,3069.0,3060.0,56.0,-0.2932551319648091,-0.005236698785085877,2395169.0,,47903.38,,2402036.0,0.0,42893.5,0.0,1.116798116264702,,0.9971411752363412,,54.0,40.0,6.0,True,True,,,2025-11-24 14:00:00,3107.0,0,1,2025-11-25 09:00:00,3098.0,2025-11-25 21:30:00,3100.0,1,2,3.1460581561428307,5.645915960361844,
RB:5m:1:-1:14835:14853:1,RB,1h,1509,2025-11-26 10:00:00,5.0,-1,1,BOS,-1,3021.0,105.0,CHoCH,1,3072.0,14.0,6,5,1,3,active_bear_internal_ob,internal,-1.0,121.0,3113.0,3126.0,3119.5,0.6791720569210867,current_internal_low,internal,0.0,4.0,3087.0,3087.0,3087.0,0.16170763260025875,3098.0,3098.0,3086.0,3092.0,172678.0,1253487.0,0,0,0,0,0,0,,3113.0,1.0,above,0.6791720569210867,3116.0,False,,3087.0,4.0,below,0.16170763260025875,3050.0,False,,3143.0,81.0,above,1.6494178525226393,3202.0,False,,3009.0,55.0,below,2.684346701164295,3021.0,False,,1,1,0.0002641059396481581,59,UP_CONFIRMED,0.005974636258475258,0.007664791864983514,0.005369797331994976,0.3764748977422018,0.0002641059396481581,0.01558225043924133,0.0016483224205172675,0.0032667151816416773,0.005731393171333421,3073.6361420602866,0.5974636258475258,-0.16144656118824985,0.3542897838728225,,19,1,1451,1509,2025-11-13 21:00:00,2025-11-26 09:00:00,3052.0,3092.0,59,1.3106159895150737,0.022213830330763962,18.0,-1.0,1401.0,1450.0,2025-11-04 14:00:00,2025-11-13 14:00:00,3044.0,3046.0,50.0,0.06570302233903647,0.0013140604467807293,8356867.0,,141641.81355932204,,6591353.0,0.0,131827.06,0.0,1.0744517366868536,,1.2678530492904871,,44.06779661016949,49.152542372881356,6.779661016949152,True,False,2025-11-21 22:00:00,3060.0,2025-11-21 21:00:00,3055.0,4,4,2025-11-21 22:00:00,3060.0,2025-11-26 09:00:00,3092.0,6,7,0.7005796669478807,11.466693581607235,4.0
RB:5m:1:-1:14835:14853:1,RB,4h,645,2025-11-25 23:00:00,665.0,1,1,CHoCH,1,3163.0,260.0,BOS,1,3104.0,2.0,4,4,1,1,current_internal_high,internal,0.0,14.0,3104.0,3104.0,3104.0,0.38809831824062097,active_bull_internal_ob,internal,1.0,2.0,3040.0,3075.0,3057.5,0.5498059508408797,3106.0,3107.0,3095.0,3097.0,247548.0,1281403.0,0,0,0,0,0,0,,3104.0,14.0,above,0.38809831824062097,3050.0,True,2.0,3046.0,5.0,below,1.4877102199223804,3020.0,False,,3384.0,186.0,above,9.44372574385511,3163.0,False,,2912.0,308.0,below,5.821474773609314,3033.0,False,,0,0,0.0003059015850502858,-45,NONE,0.015139584830005789,0.010353525091989719,0.005058004244691566,0.8279855851356469,0.0003059015850502858,0.01376557132726286,0.002895354271725381,0.00425853435199941,0.008795956592691612,3050.8119733293825,1.513958483000579,-0.2897617514488138,-0.6884885123960469,,8,-1,601,645,2025-11-05 09:00:00,2025-11-25 21:00:00,3024.0,3097.0,45,2.414021164021163,0.05364491475602584,7.0,1.0,587.0,600.0,2025-10-29 13:30:00,2025-11-04 21:00:00,3133.0,3028.0,14.0,-3.351420363868496,-0.23938716884774972,14087732.0,,313060.7111111111,,5369414.0,0.0,383529.5714285714,0.0,0.8162622505091907,,2.6237000909223984,,22.22222222222222,28.888888888888886,48.888888888888886,False,False,2025-11-05 09:00:00,3024.0,,,1,0,2025-11-24 09:00:00,3089.0,2025-11-19 13:30:00,3070.0,2,1,0.48852967465204933,18.148578761041698,
RB:5m:1:-1:14835:14853:2,RB,5m,14868,2025-11-26 10:35:00,0.0,-1,-1,CHoCH,-1,3087.0,9.0,BOS,-1,3095.0,15.0,15,19,8,7,active_bear_internal_ob,internal,-1.0,15.0,3095.0,3102.0,3098.5,0.06466214031684449,current_swing_low,swing,0.0,58.0,3087.0,3087.0,3087.0,0.19398642095053348,3091.0,3096.0,3091.0,3093.0,13003.0,1244463.0,0,0,0,0,0,0,,3102.0,22.0,above,0.2909796314258002,3112.0,False,,3086.0,3.0,below,0.22631749110895572,3095.0,False,,3113.0,15.0,above,0.6466214031684449,3116.0,False,,3087.0,58.0,below,0.19398642095053348,3050.0,True,9.0,0,0,-0.00032673005164091985,-19,NONE,0.0018594485234642818,-0.00127995634345312,0.002614033704603887,0.8851207182165337,-0.00032673005164091985,-0.006207870981177477,0.00026529901150729174,-0.005196529466565236,,3087.259400066994,0.18594485234642819,0.06470397929472238,0.16270220441121164,,200,-1,14850,14868,2025-11-25 22:45:00,2025-11-26 10:30:00,3097.0,3093.0,19,-0.12915724895059544,-0.006797749944768181,199.0,1.0,14715.0,14849.0,2025-11-24 09:00:00,2025-11-25 22:40:00,3067.0,3098.0,135.0,1.0107597000326152,0.007487108889130483,236761.0,,12461.105263157895,,2196504.0,0.0,16270.4,0.0,0.7658757782941965,,0.10778992435251654,,0.0,26.31578947368421,73.68421052631578,True,False,2025-11-26 09:35:00,3089.0,,,1,0,2025-11-26 10:30:00,3093.0,2025-11-26 10:10:00,3091.0,2,1,2.0422834872255384,3.5297907528220622,
RB:5m:1:-1:14835:14853:2,RB,15m,4955,2025-11-26 10:15:00,20.0,1,1,BOS,1,3104.0,39.0,CHoCH,1,3064.0,50.0,8,10,4,4,current_swing_high,swing,0.0,104.0,3104.0,3104.0,3104.0,0.35564177174264466,current_internal_low,internal,0.0,24.0,3088.0,3088.0,3088.0,0.1616553507921112,3093.0,3096.0,3091.0,3091.0,25093.0,1247927.0,0,0,0,0,0,0,,3113.0,16.0,above,0.6466214031684449,3116.0,False,,3088.0,24.0,below,0.1616553507921112,3050.0,False,,3104.0,104.0,above,0.35564177174264466,3050.0,True,39.0,3040.0,40.0,below,1.713546718396379,3020.0,False,,1,1,0.0003418205310531538,51,UP_CONFIRMED,-0.005890962732646353,-0.0018150868111988755,0.005430851650437868,0.22647560589298754,0.0003418205310531538,0.017432847083710845,-0.0005390729473512268,-0.0006871786203476171,-0.0010878960395555026,3109.316869804004,-0.5890962732646353,-0.03234152652005218,-0.8251202681938806,,77,1,4905,4955,2025-11-24 09:00:00,2025-11-26 10:00:00,3076.0,3091.0,51,0.4876462938881554,0.009561692037022654,76.0,-1.0,4849.0,4904.0,2025-11-19 14:30:00,2025-11-21 22:45:00,3069.0,3060.0,56.0,-0.2932551319648091,-0.005236698785085877,2420262.0,,47456.117647058825,,2402036.0,0.0,42893.5,0.0,1.1063708405016803,,1.0075877297426017,,52.94117647058824,39.21568627450981,7.8431372549019605,True,True,,,2025-11-24 14:00:00,3107.0,0,1,2025-11-25 09:00:00,3098.0,2025-11-25 21:30:00,3100.0,1,2,2.992061656186438,5.599779106050283,
RB:5m:1:-1:14835:14853:2,RB,1h,1509,2025-11-26 10:00:00,35.0,-1,1,BOS,-1,3021.0,105.0,CHoCH,1,3072.0,14.0,6,5,1,3,active_bear_internal_ob,internal,-1.0,121.0,3113.0,3126.0,3119.5,0.6466214031684449,current_internal_low,internal,0.0,4.0,3087.0,3087.0,3087.0,0.19398642095053348,3098.0,3098.0,3086.0,3092.0,172678.0,1253487.0,0,0,0,0,0,0,,3113.0,1.0,above,0.6466214031684449,3116.0,False,,3087.0,4.0,below,0.19398642095053348,3050.0,False,,3143.0,81.0,above,1.6165535079211122,3202.0,False,,3009.0,55.0,below,2.7158098933074686,3021.0,False,,1,1,0.0002641059396481581,59,UP_CONFIRMED,0.005974636258475258,0.007664791864983514,0.005369797331994976,0.3764748977422018,0.0002641059396481581,0.01558225043924133,0.0016483224205172675,0.0032667151816416773,0.005731393171333421,3073.6361420602866,0.5974636258475258,-0.16144656118824985,0.3542897838728225,,19,1,1451,1509,2025-11-13 21:00:00,2025-11-26 09:00:00,3052.0,3092.0,59,1.3106159895150737,0.022213830330763962,18.0,-1.0,1401.0,1450.0,2025-11-04 14:00:00,2025-11-13 14:00:00,3044.0,3046.0,50.0,0.06570302233903647,0.0013140604467807293,8356867.0,,141641.81355932204,,6591353.0,0.0,131827.06,0.0,1.0744517366868536,,1.2678530492904871,,44.06779661016949,49.152542372881356,6.779661016949152,True,False,2025-11-21 22:00:00,3060.0,2025-11-21 21:00:00,3055.0,4,4,2025-11-21 22:00:00,3060.0,2025-11-26 09:00:00,3092.0,6,7,0.7005796669478807,11.466693581607235,4.0
RB:5m:1:-1:14835:14853:2,RB,4h,645,2025-11-25 23:00:00,695.0,1,1,CHoCH,1,3163.0,260.0,BOS,1,3104.0,2.0,4,4,1,1,current_internal_high,internal,0.0,14.0,3104.0,3104.0,3104.0,0.35564177174264466,active_bull_internal_ob,internal,1.0,2.0,3040.0,3075.0,3057.5,0.5819592628516004,3106.0,3107.0,3095.0,3097.0,247548.0,1281403.0,0,0,0,0,0,0,,3104.0,14.0,above,0.35564177174264466,3050.0,True,2.0,3046.0,5.0,below,1.5195602974458453,3020.0,False,,3384.0,186.0,above,9.408341416100873,3163.0,False,,2912.0,308.0,below,5.851923698674426,3033.0,False,,0,0,0.0003059015850502858,-45,NONE,0.015139584830005789,0.010353525091989719,0.005058004244691566,0.8279855851356469,0.0003059015850502858,0.01376557132726286,0.002895354271725381,0.00425853435199941,0.008795956592691612,3050.8119733293825,1.513958483000579,-0.2897617514488138,-0.6884885123960469,,8,-1,601,645,2025-11-05 09:00:00,2025-11-25 21:00:00,3024.0,3097.0,45,2.414021164021163,0.05364491475602584,7.0,1.0,587.0,600.0,2025-10-29 13:30:00,2025-11-04 21:00:00,3133.0,3028.0,14.0,-3.351420363868496,-0.23938716884774972,14087732.0,,313060.7111111111,,5369414.0,0.0,383529.5714285714,0.0,0.8162622505091907,,2.6237000909223984,,22.22222222222222,28.888888888888886,48.888888888888886,False,False,2025-11-05 09:00:00,3024.0,,,1,0,2025-11-24 09:00:00,3089.0,2025-11-19 13:30:00,3070.0,2,1,0.48852967465204933,18.148578761041698,
RB:5m:0:-1:14803:14859:1,RB,5m,15017,2025-11-28 11:30:00,0.0,-1,1,CHoCH,-1,3087.0,158.0,BOS,1,3096.0,10.0,17,18,8,7,active_bear_swing_ob,swing,-1.0,158.0,3108.0,3113.0,3110.5,0.0321853878339234,current_internal_high,internal,0.0,17.0,3096.0,3096.0,3096.0,0.3540392661731574,3107.0,3108.0,3105.0,3107.0,18313.0,1007973.0,1,1,0,1,1,0,active_bear_internal_ob,3096.0,17.0,below,0.3540392661731574,3095.0,True,10.0,3088.0,10.0,below,0.6115223688445446,3086.0,False,,3113.0,164.0,above,0.1931123270035404,3116.0,False,,3077.0,40.0,below,0.965561635017702,3087.0,False,,1,1,6.139421933340454e-05,69,UP_CONFIRMED,0.003846461251745745,0.0014913992495624586,0.0012034982017711622,0.9748172779693556,6.139421933340454e-05,0.004236201134004913,0.0008506746850855951,0.0015262301067564543,0.0017731171126531553,3095.0948376365527,0.3846461251745745,0.03219575016097931,1.1561110333103435,,203,1,14949,15017,2025-11-27 13:30:00,2025-11-28 11:25:00,3092.0,3107.0,69,0.48512289780078266,0.007030766634793952,202.0,-1.0,14909.0,14948.0,2025-11-26 21:55:00,2025-11-27 11:25:00,3091.0,3089.0,40.0,-0.06470397929472238,-0.0016175994823680595,718003.0,,10405.840579710144,,376506.0,0.0,9412.65,0.0,1.1055165739414665,,1.9070160900490298,,36.231884057971016,52.17391304347826,11.594202898550725,False,False,2025-11-28 10:00:00,3092.0,2025-11-28 09:55:00,3089.0,4,4,2025-11-28 10:00:00,3092.0,2025-11-28 09:45:00,3089.0,6,6,0.8069591037572535,3.2973426551021943,
RB:5m:0:-1:14803:14859:1,RB,15m,5005,2025-11-28 11:30:00,0.0,1,1,BOS,1,3104.0,89.0,CHoCH,1,3099.0,1.0,9,10,4,4,current_swing_high,swing,0.0,39.0,3116.0,3116.0,3116.0,0.28966849050531057,current_internal_high,internal,0.0,13.0,3099.0,3099.0,3099.0,0.2574831026713872,3104.0,3108.0,3102.0,3107.0,47632.0,1007973.0,0,0,0,0,0,0,,3099.0,13.0,below,0.2574831026713872,3106.0,True,1.0,3084.0,11.0,below,0.7402639201802382,3077.0,False,,3116.0,39.0,above,0.28966849050531057,3104.0,False,,3040.0,90.0,below,2.156420984872868,3020.0,False,,0,0,0.0,1,DOWN_BROKEN,0.006389375895528876,0.006389375895528876,0.0,0.5,0.0,0.0,,,,3087.274244360198,0.6389375895528876,0.09664948453609323,1.0126143966044217,,79,1,5005,5005,2025-11-28 11:15:00,2025-11-28 11:15:00,3107.0,3107.0,1,0.0,0.0,78.0,-1.0,4969.0,5004.0,2025-11-26 21:45:00,2025-11-28 11:00:00,3091.0,3104.0,36.0,0.4205758654157288,0.011682662928214689,47632.0,,47632.0,,1053940.0,0.0,29276.11111111111,0.0,1.6269920488832381,,0.04519422358008995,,100.0,0.0,0.0,False,False,,,,,0,0,,,,,0,0,0.0,5.551043361540144,
RB:5m:0:-1:14803:14859:1,RB,1h,1525,2025-11-28 11:30:00,0.0,-1,-1,BOS,-1,3021.0,121.0,CHoCH,-1,3087.0,10.0,6,6,1,3,active_bear_internal_ob,internal,-1.0,137.0,3113.0,3126.0,3119.5,0.1931123270035404,current_internal_low,internal,0.0,4.0,3077.0,3077.0,3077.0,0.965561635017702,3099.0,3108.0,3099.0,3107.0,84026.0,1007973.0,1,1,0,1,1,0,active_bear_internal_ob,3113.0,17.0,above,0.1931123270035404,3116.0,False,,3077.0,4.0,below,0.965561635017702,3087.0,False,,3143.0,97.0,above,1.1586739620212423,3202.0,False,,3009.0,71.0,below,3.154168007724493,3021.0,False,,1,1,0.00023540599104623954,75,UP_CONFIRMED,0.008795505066194635,0.007167474323496214,0.004951558792237626,0.6288433787840368,0.00023540599104623954,0.017655449328467965,0.0006467404284498102,0.001113517089082583,0.003410153081168321,3079.9106304464813,0.8795505066194635,0.29051000645576863,-0.5907800221420002,,19,1,1451,1525,2025-11-13 21:00:00,2025-11-28 11:00:00,3052.0,3107.0,75,1.8020969855832236,0.024027959807776316,18.0,-1.0,1401.0,1450.0,2025-11-04 14:00:00,2025-11-13 14:00:00,3044.0,3046.0,50.0,0.06570302233903647,0.0013140604467807293,9924994.0,,132333.25333333333,,6591353.0,0.0,131827.06,0.0,1.0038398287372359,,1.505759743105854,,34.66666666666667,60.0,5.333333333333334,False,False,2025-11-21 22:00:00,3060.0,2025-11-21 21:00:00,3055.0,4,4,2025-11-28 10:00:00,3098.0,2025-11-28 09:00:00,3089.0,10,10,0.6908373255004995,10.042271719569461,2.0
RB:5m:0:-1:14803:14859:1,RB,4h,652,2025-11-28 11:30:00,0.0,1,1,CHoCH,1,3163.0,267.0,BOS,1,3104.0,9.0,4,4,1,1,current_internal_high,internal,0.0,6.0,3116.0,3116.0,3116.0,0.28966849050531057,active_bull_internal_ob,internal,1.0,9.0,3040.0,3075.0,3057.5,1.0299324106855487,3093.0,3108.0,3087.0,3107.0,286467.0,1007973.0,0,0,0,0,0,0,,3116.0,6.0,above,0.28966849050531057,3104.0,False,,3046.0,12.0,below,1.9633086578693275,3020.0,False,,3384.0,193.0,above,8.915352429996782,3163.0,False,,3009.0,1.0,below,3.154168007724493,2912.0,False,,-1,-1,0.00030896739743952335,-52,DOWN_CONFIRMED,0.01611134367963966,0.01074097481443431,0.004877061297088482,0.8645839901995136,0.00030896739743952335,0.016066304666855213,0.0015175511304259537,0.003966681375492165,0.00738026915727108,3057.7357681576846,1.611134367963966,0.4526349822179032,-0.1689845113070919,,8,-1,601,652,2025-11-05 09:00:00,2025-11-28 09:00:00,3024.0,3107.0,52,2.7447089947089998,0.05278286528286538,7.0,1.0,587.0,600.0,2025-10-29 13:30:00,2025-11-04 21:00:00,3133.0,3028.0,14.0,-3.351420363868496,-0.23938716884774972,15828537.0,,304394.9423076923,,5369414.0,0.0,383529.5714285714,0.0,0.7936674639555997,,2.947907723263656,,32.69230769230769,25.0,42.30769230769231,False,False,2025-11-05 09:00:00,3024.0,,,1,0,2025-11-24 09:00:00,3089.0,2025-11-19 13:30:00,3070.0,2,1,0.454061328822261,16.78411278229651,
RB:5m:0:-1:14803:14859:2,RB,5m,15020,2025-11-28 13:45:00,0.0,-1,1,CHoCH,-1,3087.0,161.0,BOS,1,3096.0,13.0,17,17,8,7,current_swing_high,swing,0.0,167.0,3113.0,3113.0,3113.0,0.06428801028608164,current_internal_high,internal,0.0,20.0,3096.0,3096.0,3096.0,0.4821600771456124,3105.0,3113.0,3105.0,3111.0,26564.0,1004190.0,1,1,0,1,0,1,active_bear_swing_ob,3096.0,20.0,below,0.4821600771456124,3095.0,True,13.0,3088.0,13.0,below,0.7393121182899389,3086.0,False,,3113.0,167.0,above,0.06428801028608164,3116.0,False,,3077.0,43.0,below,1.092896174863388,3087.0,False,,1,1,6.769506950609566e-05,72,UP_CONFIRMED,0.004500816817048983,0.0015787833156799716,0.0012578278337833666,0.9899125471590418,6.769506950609566e-05,0.004874045004438887,0.001140513631741058,0.0016788859642113962,0.002374810088462853,3097.0606971309317,0.45008168170489826,0.19323671497584183,1.93338964802137,,203,1,14949,15020,2025-11-27 13:30:00,2025-11-28 13:40:00,3092.0,3111.0,72,0.6144890038809914,0.008534569498347102,202.0,-1.0,14909.0,14948.0,2025-11-26 21:55:00,2025-11-27 11:25:00,3091.0,3089.0,40.0,-0.06470397929472238,-0.0016175994823680595,769153.0,,10682.680555555555,,376506.0,0.0,9412.65,0.0,1.1349280548576177,,2.042870498743712,,38.88888888888889,50.0,11.11111111111111,True,False,2025-11-28 10:00:00,3092.0,2025-11-28 09:55:00,3089.0,4,4,2025-11-28 10:00:00,3092.0,2025-11-28 09:45:00,3089.0,6,6,0.7967070726495665,3.656800952354053,
RB:5m:0:-1:14803:14859:2,RB,15m,5006,2025-11-28 13:45:00,0.0,1,1,BOS,1,3104.0,90.0,CHoCH,1,3099.0,2.0,9,10,4,4,current_swing_high,swing,0.0,40.0,3116.0,3116.0,3116.0,0.16072002571520413,current_internal_high,internal,0.0,14.0,3099.0,3099.0,3099.0,0.3857280617164899,3107.0,3113.0,3103.0,3111.0,51150.0,1004190.0,0,0,0,0,0,0,,3099.0,14.0,below,0.3857280617164899,3106.0,True,2.0,3084.0,12.0,below,0.8678881388621021,3077.0,False,,3116.0,40.0,above,0.16072002571520413,3104.0,False,,3040.0,91.0,below,2.282224365155898,3020.0,False,,0,0,0.00019217438884200355,2,NONE,0.0072978634879391595,0.006843619691734018,0.00045424379620514176,0.8413447460685429,0.00019217438884200355,0.0003843487776840071,,,,3088.4608344423928,0.7297863487939159,0.1287415513356871,1.1966119035822012,,79,1,5005,5006,2025-11-28 11:15:00,2025-11-28 13:30:00,3107.0,3111.0,2,0.1287415513356871,0.06437077566784355,78.0,-1.0,4969.0,5004.0,2025-11-26 21:45:00,2025-11-28 11:00:00,3091.0,3104.0,36.0,0.4205758654157288,0.011682662928214689,98782.0,,49391.0,,1053940.0,0.0,29276.11111111111,0.0,1.6870751655691976,,0.09372639808717764,,100.0,0.0,0.0,False,False,,,,,0,0,,,,,0,0,0.06637478654078259,5.868825978572992,
RB:5m:0:-1:14803:14859:2,RB,1h,1525,2025-11-28 11:30:00,135.0,-1,-1,BOS,-1,3021.0,121.0,CHoCH,-1,3087.0,10.0,6,6,1,3,active_bear_internal_ob,internal,-1.0,137.0,3113.0,3126.0,3119.5,0.06428801028608164,current_internal_low,internal,0.0,4.0,3077.0,3077.0,3077.0,1.092896174863388,3099.0,3108.0,3099.0,3107.0,84026.0,1007973.0,1,1,0,1,1,0,active_bear_internal_ob,3113.0,17.0,above,0.06428801028608164,3116.0,False,,3077.0,4.0,below,1.092896174863388,3087.0,False,,3143.0,97.0,above,1.0286081645773062,3202.0,False,,3009.0,71.0,below,3.278688524590164,3021.0,False,,1,1,0.00023540599104623954,75,UP_CONFIRMED,0.008795505066194635,0.007167474323496214,0.004951558792237626,0.6288433787840368,0.00023540599104623954,0.017655449328467965,0.0006467404284498102,0.001113517089082583,0.003410153081168321,3079.9106304464813,0.8795505066194635,0.29051000645576863,-0.5907800221420002,,19,1,1451,1525,2025-11-13 21:00:00,2025-11-28 11:00:00,3052.0,3107.0,75,1.8020969855832236,0.024027959807776316,18.0,-1.0,1401.0,1450.0,2025-11-04 14:00:00,2025-11-13 14:00:00,3044.0,3046.0,50.0,0.06570302233903647,0.0013140604467807293,9924994.0,,132333.25333333333,,6591353.0,0.0,131827.06,0.0,1.0038398287372359,,1.505759743105854,,34.66666666666667,60.0,5.333333333333334,False,False,2025-11-21 22:00:00,3060.0,2025-11-21 21:00:00,3055.0,4,4,2025-11-28 10:00:00,3098.0,2025-11-28 09:00:00,3089.0,10,10,0.6908373255004995,10.042271719569461,2.0
RB:5m:0:-1:14803:14859:2,RB,4h,652,2025-11-28 11:30:00,135.0,1,1,CHoCH,1,3163.0,267.0,BOS,1,3104.0,9.0,4,4,1,1,current_internal_high,internal,0.0,6.0,3116.0,3116.0,3116.0,0.16072002571520413,active_bull_internal_ob,internal,1.0,9.0,3040.0,3075.0,3057.5,1.1571841851494697,3093.0,3108.0,3087.0,3107.0,286467.0,1007973.0,0,0,0,0,0,0,,3116.0,6.0,above,0.16072002571520413,3104.0,False,,3046.0,12.0,below,2.0893603342976537,3020.0,False,,3384.0,193.0,above,8.775313404050145,3163.0,False,,3009.0,1.0,below,3.278688524590164,2912.0,False,,-1,-1,0.00030896739743952335,-52,DOWN_CONFIRMED,0.01611134367963966,0.01074097481443431,0.004877061297088482,0.8645839901995136,0.00030896739743952335,0.016066304666855213,0.0015175511304259537,0.003966681375492165,0.00738026915727108,3057.7357681576846,1.611134367963966,0.4526349822179032,-0.1689845113070919,,8,-1,601,652,2025-11-05 09:00:00,2025-11-28 09:00:00,3024.0,3107.0,52,2.7447089947089998,0.05278286528286538,7.0,1.0,587.0,600.0,2025-10-29 13:30:00,2025-11-04 21:00:00,3133.0,3028.0,14.0,-3.351420363868496,-0.23938716884774972,15828537.0,,304394.9423076923,,5369414.0,0.0,383529.5714285714,0.0,0.7936674639555997,,2.947907723263656,,32.69230769230769,25.0,42.30769230769231,False,False,2025-11-05 09:00:00,3024.0,,,1,0,2025-11-24 09:00:00,3089.0,2025-11-19 13:30:00,3070.0,2,1,0.454061328822261,16.78411278229651,
RB:5m:0:-1:14803:14859:3,RB,5m,15043,2025-11-28 21:40:00,0.0,-1,1,CHoCH,-1,3087.0,184.0,BOS,1,3096.0,36.0,17,17,8,7,current_internal_high,internal,0.0,17.0,3113.0,3113.0,3113.0,0.1286587327114828,current_internal_low,internal,0.0,0.0,3100.0,3100.0,3100.0,0.2894821486008363,3105.0,3109.0,3104.0,3109.0,10853.0,960153.0,1,1,0,1,0,1,active_bear_swing_ob,3113.0,17.0,above,0.1286587327114828,3096.0,False,,3100.0,0.0,below,0.2894821486008363,3088.0,False,,3113.0,190.0,above,0.1286587327114828,3116.0,False,,3077.0,66.0,below,1.0292698616918623,3087.0,False,,1,1,6.925552391452427e-05,95,UP_CONFIRMED,0.002154428538031112,0.0017156696961190864,0.0013051223984348562,0.6316332402284236,6.925552391452427e-05,0.006579274771879806,7.356125887580944e-05,0.00043392921764073833,0.0012910936566381537,3102.316281269634,0.2154428538031112,0.12882447665056862,-0.060832474283459406,,203,1,14949,15043,2025-11-27 13:30:00,2025-11-28 21:35:00,3092.0,3109.0,95,0.549805950840887,0.005787431061483021,202.0,-1.0,14909.0,14948.0,2025-11-26 21:55:00,2025-11-27 11:25:00,3091.0,3089.0,40.0,-0.06470397929472238,-0.0016175994823680595,1032083.0,,10864.031578947368,,376506.0,0.0,9412.65,0.0,1.1541947888158348,,2.7412126234376077,,45.26315789473684,46.31578947368421,8.421052631578947,True,False,2025-11-28 21:20:00,3103.0,2025-11-28 21:15:00,3102.0,6,6,2025-11-28 21:35:00,3109.0,2025-11-28 21:00:00,3101.0,7,7,0.7607072628181842,3.475472710168644,
RB:5m:0:-1:14803:14859:3,RB,15m,5013,2025-11-28 21:30:00,10.0,1,1,BOS,1,3104.0,97.0,CHoCH,1,3099.0,9.0,9,10,4,4,current_swing_high,swing,0.0,47.0,3116.0,3116.0,3116.0,0.2251527822450949,current_internal_high,internal,0.0,21.0,3099.0,3099.0,3099.0,0.32164683177870695,3103.0,3104.0,3101.0,3103.0,18110.0,961406.0,0,0,0,0,0,0,,3099.0,21.0,below,0.32164683177870695,3106.0,True,9.0,3084.0,19.0,below,0.8041170794467675,3077.0,False,,3116.0,47.0,above,0.2251527822450949,3104.0,False,,3040.0,98.0,below,2.219363139273078,3020.0,False,,0,0,0.00020164891193267623,9,NONE,0.003272954503698888,0.005649241891804664,0.0013240271480132932,0.036347392325930816,0.00020164891193267623,0.0018148402073940861,0.0010658146499431531,,,3092.8771537901152,0.3272954503698888,0.0,-0.7950631735407148,,79,1,5005,5013,2025-11-28 11:15:00,2025-11-28 21:15:00,3107.0,3103.0,9,-0.1287415513356982,-0.014304616815077578,78.0,-1.0,4969.0,5004.0,2025-11-26 21:45:00,2025-11-28 11:00:00,3091.0,3104.0,36.0,0.4205758654157288,0.011682662928214689,345934.0,,38437.11111111111,,1053940.0,0.0,29276.11111111111,0.0,1.3129172438658747,,0.3282293109664687,,100.0,0.0,0.0,True,False,,,,,0,0,,,,,0,0,0.23437253588557694,5.715047008460407,
RB:5m:0:-1:14803:14859:3,RB,1h,1527,2025-11-28 15:00:00,400.0,-1,-1,BOS,-1,3021.0,123.0,CHoCH,-1,3087.0,12.0,6,6,1,3,active_bear_internal_ob,internal,-1.0,139.0,3113.0,3126.0,3119.5,0.1286587327114828,current_internal_low,internal,0.0,6.0,3077.0,3077.0,3077.0,1.0292698616918623,3108.0,3113.0,3106.0,3110.0,113403.0,972278.0,1,1,0,1,1,0,active_bear_internal_ob,3113.0,19.0,above,0.1286587327114828,3116.0,False,,3077.0,6.0,below,1.0292698616918623,3087.0,False,,3143.0,99.0,above,1.0935992280476037,3202.0,False,,3009.0,73.0,below,3.21646831778707,3021.0,False,,1,1,0.00023602311985699092,77,UP_CONFIRMED,0.009255506815416972,0.007217144280189589,0.00489636841107191,0.6614050798919947,0.00023602311985699092,0.0181737802289883,0.000957950661305107,0.0014933823294480675,0.002952320112124651,3081.479346903171,0.9255506815416972,0.06435006435006052,0.37021052787075864,,19,1,1451,1527,2025-11-13 21:00:00,2025-11-28 14:00:00,3052.0,3110.0,77,1.9003931847968447,0.024680430971387595,18.0,-1.0,1401.0,1450.0,2025-11-04 14:00:00,2025-11-13 14:00:00,3044.0,3046.0,50.0,0.06570302233903647,0.0013140604467807293,10123937.0,,131479.7012987013,,6591353.0,0.0,131827.06,0.0,0.9973650424935615,,1.5359421654400849,,36.36363636363637,58.44155844155844,5.194805194805195,False,False,2025-11-21 22:00:00,3060.0,2025-11-21 21:00:00,3055.0,4,4,2025-11-28 10:00:00,3098.0,2025-11-28 09:00:00,3089.0,10,10,0.6784357109933357,9.822162860241015,4.0
RB:5m:0:-1:14803:14859:3,RB,4h,653,2025-11-28 15:00:00,400.0,1,1,CHoCH,1,3163.0,268.0,BOS,1,3104.0,10.0,4,4,1,1,current_internal_high,internal,0.0,7.0,3116.0,3116.0,3116.0,0.2251527822450949,active_bull_internal_ob,internal,1.0,10.0,3040.0,3075.0,3057.5,1.0935992280476037,3107.0,3113.0,3103.0,3110.0,198943.0,972278.0,0,0,0,0,0,0,,3116.0,7.0,above,0.2251527822450949,3104.0,False,,3046.0,13.0,below,2.026375040205854,3020.0,False,,3384.0,194.0,above,8.845287873914442,3163.0,False,,3009.0,2.0,below,3.21646831778707,2912.0,False,,-1,-1,0.0003097868831604772,-53,DOWN_CONFIRMED,0.01673982807264592,0.010854160724966606,0.004899297318338566,0.8851881735295126,0.0003097868831604772,0.01641870480750529,0.0015659314549580916,0.003566706828502797,0.007492831522974308,3058.7962762267152,1.673982807264592,0.09655616350177088,-0.880458369098524,,8,-1,601,653,2025-11-05 09:00:00,2025-11-28 13:30:00,3024.0,3110.0,53,2.8439153439153486,0.0536587800738745,7.0,1.0,587.0,600.0,2025-10-29 13:30:00,2025-11-04 21:00:00,3133.0,3028.0,14.0,-3.351420363868496,-0.23938716884774972,16027480.0,,302405.28301886795,,5369414.0,0.0,383529.5714285714,0.0,0.7884797041658832,,2.984958880056557,,33.9622641509434,24.528301886792452,41.509433962264154,False,False,2025-11-05 09:00:00,3024.0,,,1,0,2025-11-24 09:00:00,3089.0,2025-11-19 13:30:00,3070.0,2,1,0.45137504800986256,16.29953329784676,
RB:5m:0:-1:14803:14859:4,RB,5m,15054,2025-11-28 22:35:00,0.0,-1,1,CHoCH,-1,3087.0,195.0,BOS,1,3096.0,47.0,17,17,8,7,active_bear_swing_ob,swing,-1.0,195.0,3108.0,3113.0,3110.5,0.0321853878339234,current_internal_low,internal,0.0,11.0,3100.0,3100.0,3100.0,0.22529771483746378,3102.0,3110.0,3102.0,3107.0,11915.0,953290.0,0,0,0,0,0,0,,3109.0,5.0,above,0.0643707756678468,3113.0,False,,3100.0,11.0,below,0.22529771483746378,3088.0,False,,3113.0,201.0,above,0.1931123270035404,3116.0,False,,3077.0,77.0,below,0.965561635017702,3087.0,False,,1,1,6.360778154541026e-05,106,UP_CONFIRMED,0.001347446866227185,0.0016083572684157644,0.001292693143052188,0.42002295553971225,6.360778154541026e-05,0.006742424843813488,5.561664954756296e-05,0.00012493669488611303,0.0004922289112512246,3102.819116105534,0.1347446866227185,0.1611863313990991,0.21085779325037055,,203,1,14949,15054,2025-11-27 13:30:00,2025-11-28 22:30:00,3092.0,3107.0,106,0.48512289780078266,0.004576631111328138,202.0,-1.0,14909.0,14948.0,2025-11-26 21:55:00,2025-11-27 11:25:00,3091.0,3089.0,40.0,-0.06470397929472238,-0.0016175994823680595,1095093.0,,10331.066037735849,,376506.0,0.0,9412.65,0.0,1.0975725260936984,,2.9085671941483002,,40.56603773584906,51.886792452830186,7.547169811320755,True,True,2025-11-28 22:30:00,3107.0,2025-11-28 22:15:00,3102.0,7,7,2025-11-28 22:30:00,3107.0,2025-11-28 21:45:00,3106.0,8,8,0.8037350708313047,3.235057314996035,
RB:5m:0:-1:14803:14859:4,RB,15m,5017,2025-11-28 22:30:00,5.0,1,1,BOS,1,3104.0,101.0,CHoCH,1,3099.0,13.0,9,10,4,4,current_internal_high,internal,0.0,3.0,3113.0,3113.0,3113.0,0.1931123270035404,active_bull_internal_ob,internal,1.0,13.0,3084.0,3095.0,3089.5,0.3862246540070808,3106.0,3106.0,3101.0,3102.0,15221.0,955151.0,0,0,0,0,0,0,,3113.0,3.0,above,0.1931123270035404,3099.0,False,,3084.0,23.0,below,0.7402639201802382,3077.0,False,,3116.0,51.0,above,0.28966849050531057,3104.0,False,,3040.0,102.0,below,2.156420984872868,3020.0,False,,0,0,0.000161039826101076,13,NONE,0.0026707153475013343,0.00505795407772706,0.0014781045741839116,0.05314803386256506,0.000161039826101076,0.002093517739313988,0.0003390092410513468,0.001460641056158396,,3093.737507756893,0.26707153475013345,-0.12878300064391723,-0.8964938339299117,,79,1,5005,5017,2025-11-28 11:15:00,2025-11-28 22:15:00,3107.0,3102.0,13,-0.16092693916961442,-0.01237899532073957,78.0,-1.0,4969.0,5004.0,2025-11-26 21:45:00,2025-11-28 11:00:00,3091.0,3104.0,36.0,0.4205758654157288,0.011682662928214689,412807.0,,31754.384615384617,,1053940.0,0.0,29276.11111111111,0.0,1.0846517317435966,,0.391679792018521,,92.3076923076923,7.6923076923076925,0.0,True,False,,,,,0,0,,,2025-11-28 22:15:00,3102.0,0,1,0.29223368806229677,5.394561058117391,
RB:5m:0:-1:14803:14859:4,RB,1h,1528,2025-11-28 22:00:00,35.0,-1,-1,BOS,-1,3021.0,124.0,CHoCH,-1,3087.0,13.0,6,6,1,3,active_bear_internal_ob,internal,-1.0,140.0,3113.0,3126.0,3119.5,0.1931123270035404,current_internal_low,internal,0.0,7.0,3077.0,3077.0,3077.0,0.965561635017702,3111.0,3111.0,3100.0,3104.0,133740.0,959780.0,1,1,0,1,1,0,active_bear_internal_ob,3113.0,20.0,above,0.1931123270035404,3116.0,False,,3077.0,7.0,below,0.965561635017702,3087.0,False,,3143.0,100.0,above,1.1586739620212423,3202.0,False,,3009.0,74.0,below,3.154168007724493,3021.0,False,,1,1,0.0002366573467777395,78,UP_CONFIRMED,0.007026023059414015,0.007214694008128364,0.004864927697998382,0.4845321534751513,0.0002366573467777395,0.018459273048663682,0.0011264305870255509,0.0017405381098833939,0.0030852627788553466,3082.343384304842,0.7026023059414015,-0.19292604501607302,0.874906882282191,,19,1,1451,1528,2025-11-13 21:00:00,2025-11-28 21:00:00,3052.0,3104.0,78,1.7038007863696025,0.021843599825251313,18.0,-1.0,1401.0,1450.0,2025-11-04 14:00:00,2025-11-13 14:00:00,3044.0,3046.0,50.0,0.06570302233903647,0.0013140604467807293,10257677.0,,131508.6794871795,,6591353.0,0.0,131827.06,0.0,0.9975848622216069,,1.5562323850657065,,37.17948717948718,57.692307692307686,5.128205128205128,False,False,2025-11-21 22:00:00,3060.0,2025-11-21 21:00:00,3055.0,4,4,2025-11-28 10:00:00,3098.0,2025-11-28 09:00:00,3089.0,10,10,0.6743082509829743,9.906294084509515,4.0
RB:5m:0:-1:14803:14859:4,RB,4h,653,2025-11-28 15:00:00,455.0,1,1,CHoCH,1,3163.0,268.0,BOS,1,3104.0,10.0,4,4,1,1,current_internal_high,internal,0.0,7.0,3116.0,3116.0,3116.0,0.28966849050531057,active_bull_internal_ob,internal,1.0,10.0,3040.0,3075.0,3057.5,1.0299324106855487,3107.0,3113.0,3103.0,3110.0,198943.0,972278.0,0,0,0,0,0,0,,3116.0,7.0,above,0.28966849050531057,3104.0,False,,3046.0,13.0,below,1.9633086578693275,3020.0,False,,3384.0,194.0,above,8.915352429996782,3163.0,False,,3009.0,2.0,below,3.154168007724493,2912.0,False,,-1,-1,0.0003097868831604772,-53,DOWN_CONFIRMED,0.01673982807264592,0.010854160724966606,0.004899297318338566,0.8851881735295126,0.0003097868831604772,0.01641870480750529,0.0015659314549580916,0.003566706828502797,0.007492831522974308,3058.7962762267152,1.673982807264592,0.09655616350177088,-0.880458369098524,,8,-1,601,653,2025-11-05 09:00:00,2025-11-28 13:30:00,3024.0,3110.0,53,2.8439153439153486,0.0536587800738745,7.0,1.0,587.0,600.0,2025-10-29 13:30:00,2025-11-04 21:00:00,3133.0,3028.0,14.0,-3.351420363868496,-0.23938716884774972,16027480.0,,302405.28301886795,,5369414.0,0.0,383529.5714285714,0.0,0.7884797041658832,,2.984958880056557,,33.9622641509434,24.528301886792452,41.509433962264154,False,False,2025-11-05 09:00:00,3024.0,,,1,0,2025-11-24 09:00:00,3089.0,2025-11-19 13:30:00,3070.0,2,1,0.45137504800986256,16.29953329784676,
RB:5m:1:1:14859:14883:1,RB,5m,14900,2025-11-26 21:15:00,0.0,-1,1,CHoCH,-1,3087.0,41.0,CHoCH,1,3102.0,17.0,16,18,8,7,current_internal_high,internal,0.0,4.0,3106.0,3106.0,3106.0,0.5503399158303658,current_swing_low,swing,0.0,90.0,3087.0,3087.0,3087.0,0.06474587245063128,3094.0,3095.0,3089.0,3089.0,21610.0,1199793.0,1,1,1,0,1,0,active_bull_internal_ob,3106.0,4.0,above,0.5503399158303658,3102.0,False,,3086.0,35.0,below,0.09711880867594691,3095.0,False,,3113.0,47.0,above,0.7769504694075753,3116.0,False,,3087.0,90.0,below,0.06474587245063128,3050.0,True,41.0,0,0,0.00018393417954197603,17,NONE,-0.004161957568152891,-0.00020951137018312486,0.002732513279552552,0.0740253919291507,0.00018393417954197603,0.0031268810522135926,-0.0009818502272039842,0.002595132984865245,,3101.9100178746226,-0.4161957568152891,-0.1616031027795728,1.300777371683869,,201,1,14884,14900,2025-11-26 13:50:00,2025-11-26 21:10:00,3102.0,3089.0,17,-0.4190844616376532,-0.024652027155156072,200.0,-1.0,14850.0,14883.0,2025-11-25 22:45:00,2025-11-26 13:45:00,3097.0,3103.0,34.0,0.19373587342590426,0.005698113924291302,205566.0,,12092.117647058823,,398707.0,0.0,11726.676470588236,0.0,1.031163235157647,,0.5155816175788236,,29.411764705882355,52.94117647058824,17.647058823529413,True,True,,,2025-11-26 14:25:00,3103.0,0,1,,,2025-11-26 14:40:00,3097.0,0,1,13.042314969178904,3.9023671350348157,
RB:5m:1:1:14859:14883:1,RB,15m,4966,2025-11-26 21:15:00,0.0,1,1,BOS,1,3104.0,50.0,CHoCH,1,3064.0,61.0,8,10,4,4,current_internal_high,internal,0.0,27.0,3113.0,3113.0,3113.0,0.7769504694075753,current_internal_low,internal,0.0,8.0,3086.0,3086.0,3086.0,0.09711880867594691,3099.0,3099.0,3089.0,3089.0,72665.0,1199793.0,0,0,0,0,0,0,,3113.0,27.0,above,0.7769504694075753,3116.0,False,,3086.0,8.0,below,0.09711880867594691,3088.0,False,,3116.0,0.0,above,0.8740692780835222,3104.0,False,,3040.0,51.0,below,1.5862738750404664,3020.0,False,,1,1,0.00026989228925899586,62,UP_CONFIRMED,-0.005850674026319855,-0.0020863045894186547,0.004986494450649173,0.22515059544276317,0.00026989228925899586,0.016733321934057743,-0.0003453526145185126,-0.0006238997698659876,-0.001352368327488307,3107.1790920087396,-0.5850674026319855,-0.3226847370119357,2.8053625199065797,,77,1,4905,4966,2025-11-24 09:00:00,2025-11-26 21:00:00,3076.0,3089.0,62,0.4226267880364176,0.006816561097361574,76.0,-1.0,4849.0,4904.0,2025-11-19 14:30:00,2025-11-21 22:45:00,3069.0,3060.0,56.0,-0.2932551319648091,-0.005236698785085877,2800777.0,,45173.82258064516,,2402036.0,0.0,42893.5,0.0,1.053162427422457,,1.1660012589320061,,43.54838709677419,46.774193548387096,9.67741935483871,True,True,,,2025-11-24 14:00:00,3107.0,0,1,2025-11-26 13:45:00,3101.0,2025-11-26 21:00:00,3089.0,3,4,2.390108556506915,5.974375157603805,
RB:5m:1:1:14859:14883:1,RB,1h,1513,2025-11-26 15:00:00,375.0,-1,1,BOS,-1,3021.0,109.0,CHoCH,1,3072.0,18.0,6,5,1,3,active_bear_internal_ob,internal,-1.0,125.0,3113.0,3126.0,3119.5,0.7769504694075753,current_internal_low,internal,0.0,8.0,3087.0,3087.0,3087.0,0.06474587245063128,3100.0,3106.0,3096.0,3099.0,111035.0,1200700.0,0,0,0,0,0,0,,3113.0,5.0,above,0.7769504694075753,3116.0,False,,3087.0,8.0,below,0.06474587245063128,3050.0,False,,3143.0,85.0,above,1.7481385561670444,3202.0,False,,3009.0,59.0,below,2.589834898025251,3021.0,False,,1,1,0.0002576948244417896,63,UP_CONFIRMED,0.007604671322373605,0.00768415874517736,0.005199358728954887,0.4939012366401433,0.0002576948244417896,0.016234773939832747,0.0008943432868526724,0.002539219085948563,0.006340270862571495,3075.610989310811,0.7604671322373605,-0.06449532408900893,-0.3542707352298142,,19,1,1451,1513,2025-11-13 21:00:00,2025-11-26 14:00:00,3052.0,3099.0,63,1.5399737876802044,0.02444402837587626,18.0,-1.0,1401.0,1450.0,2025-11-04 14:00:00,2025-11-13 14:00:00,3044.0,3046.0,50.0,0.06570302233903647,0.0013140604467807293,8689810.0,,137933.49206349207,,6591353.0,0.0,131827.06,0.0,1.046321537197993,,1.3183651368694713,,41.269841269841265,52.38095238095239,6.349206349206349,False,False,2025-11-21 22:00:00,3060.0,2025-11-21 21:00:00,3055.0,4,4,2025-11-26 10:00:00,3096.0,2025-11-26 09:00:00,3092.0,7,7,0.6766334352759236,10.74289971325188,4.0
RB:5m:1:1:14859:14883:1,RB,4h,647,2025-11-26 15:00:00,375.0,1,1,CHoCH,1,3163.0,262.0,BOS,1,3104.0,4.0,4,4,1,1,current_internal_high,internal,0.0,1.0,3116.0,3116.0,3116.0,0.8740692780835222,active_bull_internal_ob,internal,1.0,4.0,3040.0,3075.0,3057.5,0.45322110715441893,3101.0,3106.0,3094.0,3099.0,185041.0,1200700.0,0,0,0,0,0,0,,3116.0,1.0,above,0.8740692780835222,3104.0,False,,3046.0,7.0,below,1.3920362576885723,3020.0,False,,3384.0,188.0,above,9.550016186468113,3163.0,False,,2912.0,310.0,below,5.730009711880868,3033.0,False,,0,0,0.00030907890454262213,-47,NONE,0.0150330591917696,0.01057271641085307,0.0050581833361914375,0.8110594771273638,0.00030907890454262213,0.01452670851350324,0.002445419196400289,0.004584048042624467,0.007994311145987254,3053.1025289635495,1.50330591917696,-0.06449532408900893,-1.1070113288238532,,8,-1,601,647,2025-11-05 09:00:00,2025-11-26 13:30:00,3024.0,3099.0,47,2.4801587301587213,0.05276933468422811,7.0,1.0,587.0,600.0,2025-10-29 13:30:00,2025-11-04 21:00:00,3133.0,3028.0,14.0,-3.351420363868496,-0.23938716884774972,14593353.0,,310496.87234042556,,5369414.0,0.0,383529.5714285714,0.0,0.8095773976016671,,2.7178669776627395,,25.53191489361702,27.659574468085108,46.808510638297875,False,False,2025-11-05 09:00:00,3024.0,,,1,0,2025-11-24 09:00:00,3089.0,2025-11-19 13:30:00,3070.0,2,1,0.4784185198610953,17.63321331946963,
RB:5m:1:1:14927:14951:1,RB,5m,15486,2025-12-09 10:05:00,0.0,-1,-1,CHoCH,-1,3150.0,104.0,BOS,-1,3114.0,22.0,16,17,9,5,current_internal_low,internal,0.0,29.0,3114.0,3114.0,3114.0,1.103896103896104,active_bull_internal_ob,internal,1.0,535.0,3077.0,3079.0,3078.0,0.032467532467532464,3081.0,3084.0,3078.0,3080.0,32371.0,1547535.0,1,1,1,0,1,0,active_bull_internal_ob,3124.0,25.0,above,1.4285714285714286,3123.0,False,,3114.0,29.0,above,1.103896103896104,3117.0,True,22.0,3180.0,124.0,above,3.2467532467532463,3174.0,False,,3150.0,179.0,above,2.272727272727273,3118.0,True,104.0,-1,-1,-0.00016723456174165104,-140,DOWN_CONFIRMED,-0.007191129085786716,-0.004702317619510996,0.0016215465389822882,0.06241179639459998,-0.00016723456174165104,-0.023412838643831146,-0.0015060213206137263,-0.0029098419820960952,-0.006508612306270534,3102.309105239791,-0.7191129085786716,-0.03245699448231054,0.5528289972043794,,206,-1,15347,15486,2025-12-05 09:55:00,2025-12-09 10:00:00,3159.0,3080.0,140,-2.500791389680279,-0.01786279564057342,205.0,1.0,15295.0,15346.0,2025-12-04 13:35:00,2025-12-05 09:50:00,3172.0,3164.0,52.0,-0.2522068095838548,-0.004850130953535669,2332486.0,,16660.614285714284,,589673.0,0.0,11339.865384615385,0.0,1.469207413018983,,3.955558419666493,,0.0,42.857142857142854,57.14285714285714,True,True,,,,,0,0,2025-12-08 21:20:00,3119.0,2025-12-08 21:30:00,3118.0,9,9,0.3448398577446405,5.0506327443713674,
RB:5m:1:1:14927:14951:1,RB,15m,5161,2025-12-09 10:00:00,5.0,1,-1,BOS,1,3116.0,142.0,BOS,-1,3111.0,6.0,8,9,5,3,current_internal_low,internal,0.0,14.0,3111.0,3111.0,3111.0,1.0064935064935066,current_swing_low,swing,0.0,136.0,3077.0,3077.0,3077.0,0.09740259740259741,3084.0,3086.0,3080.0,3081.0,65933.0,1538732.0,1,1,1,0,0,1,active_bull_swing_ob,3125.0,7.0,above,1.461038961038961,3157.0,False,,3111.0,14.0,above,1.0064935064935066,3127.0,True,6.0,3180.0,7.0,above,3.2467532467532463,3116.0,False,,3077.0,136.0,below,0.09740259740259741,3040.0,False,,0,0,-0.0003557176360502361,-35,NONE,-0.016876797667594323,-0.011917737438943862,0.0024962515260268884,0.023483216292021603,-0.0003557176360502361,-0.012450117261758264,-0.003684890324404222,-0.005152683676661551,-0.007740761124241602,3133.890027913589,-1.6876797667594323,-0.12965964343597536,0.6568815713937213,,80,-1,5127,5161,2025-12-05 21:00:00,2025-12-09 09:45:00,3149.0,3081.0,35,-2.15941568751985,-0.06169759107199572,79.0,1.0,5005.0,5126.0,2025-11-28 11:15:00,2025-12-05 14:45:00,3107.0,3157.0,122.0,1.6092693916961665,0.013190732718821036,1944146.0,,55547.02857142857,,3857859.0,0.0,31621.79508196721,0.0,1.7566057975976535,,0.5039442861960481,,0.0,0.0,100.0,True,True,,,,,0,0,,,,,0,0,0.20945683178669725,7.916159046542746,
RB:5m:1:1:14927:14951:1,RB,1h,1572,2025-12-09 10:00:00,5.0,1,-1,CHoCH,1,3143.0,30.0,CHoCH,-1,3150.0,9.0,7,4,2,2,current_swing_high,swing,0.0,144.0,3143.0,3143.0,3143.0,2.0454545454545454,active_bull_internal_ob,internal,1.0,77.0,3050.0,3062.0,3056.0,0.5844155844155844,3103.0,3105.0,3080.0,3081.0,318625.0,1538732.0,1,1,1,0,1,0,active_bull_internal_ob,3180.0,11.0,above,3.2467532467532463,3174.0,False,,3150.0,17.0,above,2.272727272727273,3118.0,True,9.0,3143.0,144.0,above,2.0454545454545454,3202.0,True,30.0,3009.0,118.0,below,2.3051948051948052,3021.0,False,,0,0,0.0,-1,UP_TO_DOWN,-0.023926672861199257,-0.023926672861199257,0.0,0.5,0.0,0.0,,,,3156.525144510861,-2.392667286119926,-0.7089912987431557,1.9193999062360538,,20,-1,1572,1572,2025-12-09 09:00:00,2025-12-09 09:00:00,3081.0,3081.0,1,0.0,0.0,19.0,1.0,1451.0,1571.0,2025-11-13 21:00:00,2025-12-08 22:00:00,3052.0,3103.0,121.0,1.671035386631714,0.013810209806873669,318625.0,,318625.0,,15360742.0,0.0,126948.28099173553,0.0,2.5098803820805013,,0.020742813075045462,,0.0,0.0,100.0,True,True,,,,,0,0,,,,,0,0,0.0,13.578251845326388,4.0
RB:5m:1:1:14927:14951:1,RB,4h,672,2025-12-08 23:00:00,665.0,1,1,CHoCH,1,3163.0,287.0,BOS,1,3116.0,18.0,5,2,1,1,current_internal_high,internal,0.0,1.0,3180.0,3180.0,3180.0,3.2467532467532463,current_internal_low,internal,0.0,18.0,3077.0,3077.0,3077.0,0.09740259740259741,3117.0,3124.0,3095.0,3103.0,368734.0,1493263.0,1,1,1,0,1,0,active_bull_internal_ob,3180.0,1.0,above,3.2467532467532463,3116.0,False,,3077.0,18.0,below,0.09740259740259741,3046.0,False,,3384.0,213.0,above,9.87012987012987,3163.0,False,,3009.0,21.0,below,2.3051948051948052,2912.0,False,,0,0,0.001826476612538103,19,NONE,-0.020075213750956205,0.01143671539840173,0.018256566298119017,0.04216830791543147,0.001826476612538103,0.034703055638223956,-0.003910070102357444,0.029457901005282672,,3166.5695607901334,-2.0075213750956205,-0.6404098623118748,0.9262816023757648,,9,1,654,672,2025-11-28 21:00:00,2025-12-08 21:00:00,3124.0,3103.0,19,-0.6722151088348283,-0.03537974257025412,8.0,-1.0,601.0,653.0,2025-11-05 09:00:00,2025-11-28 13:30:00,3024.0,3110.0,53.0,2.8439153439153486,0.0536587800738745,5236805.0,,275621.3157894737,,16027480.0,0.0,302405.28301886795,0.0,0.9114302271375229,,0.32673913803043275,,78.94736842105263,5.263157894736842,15.789473684210526,True,True,,,2025-12-04 21:00:00,3170.0,0,1,,,2025-12-05 21:00:00,3132.0,0,1,1.5963120233515957,18.83996101090355,
RB:5m:1:1:14956:14960:1,RB,5m,14967,2025-11-27 21:05:00,0.0,-1,1,CHoCH,-1,3087.0,108.0,BOS,1,3095.0,7.0,16,18,8,7,current_internal_high,internal,0.0,1.0,3099.0,3099.0,3099.0,0.35621761658031087,current_internal_low,internal,0.0,6.0,3087.0,3087.0,3087.0,0.032383419689119175,3093.0,3095.0,3084.0,3088.0,51305.0,1059290.0,0,0,0,0,0,0,,3099.0,1.0,above,0.35621761658031087,3095.0,False,,3087.0,6.0,below,0.032383419689119175,3077.0,False,,3113.0,114.0,above,0.8095854922279792,3116.0,False,,3087.0,157.0,below,0.032383419689119175,3050.0,True,108.0,0,0,9.791126267726029e-05,19,NONE,7.37549503008086e-05,0.0024278440830949933,0.0008654465192222043,0.003263245033356399,9.791126267726029e-05,0.0018603139908679456,0.00038430754050300386,0.0012939063867107858,,3087.772261510312,0.00737549503008086,-0.16165535079211146,3.429816018213687,,203,1,14949,14967,2025-11-27 13:30:00,2025-11-27 21:00:00,3092.0,3088.0,19,-0.1293661060802087,-0.006808742425274143,202.0,-1.0,14909.0,14948.0,2025-11-26 21:55:00,2025-11-27 11:25:00,3091.0,3089.0,40.0,-0.06470397929472238,-0.0016175994823680595,287376.0,,15125.052631578947,,376506.0,0.0,9412.65,0.0,1.6068856944196317,,0.7632707048493251,,73.68421052631578,26.31578947368421,0.0,True,True,,,,,0,0,2025-11-27 14:45:00,3094.0,2025-11-27 21:00:00,3088.0,1,2,0.356467091625975,3.88950847059759,
RB:5m:1:1:14956:14960:1,RB,15m,4988,2025-11-27 15:00:00,365.0,1,-1,BOS,1,3104.0,72.0,CHoCH,-1,3086.0,17.0,8,11,4,4,active_bear_internal_ob,internal,-1.0,17.0,3102.0,3106.0,3104.0,0.45336787564766834,current_internal_low,internal,0.0,8.0,3077.0,3077.0,3077.0,0.35621761658031087,3091.0,3096.0,3091.0,3093.0,32843.0,1069617.0,0,0,0,0,0,0,,3106.0,20.0,above,0.582901554404145,3113.0,False,,3077.0,8.0,below,0.35621761658031087,3086.0,False,,3116.0,22.0,above,0.9067357512953367,3104.0,False,,3040.0,73.0,below,1.5544041450777202,3020.0,False,,0,0,-0.00039627129749701396,-20,NONE,0.0036586650066538894,0.0002429774606812532,0.004663947420212187,0.7680255022171997,-0.00039627129749701396,-0.007925425949940279,0.0007938347482256969,0.0013219902054633081,,3081.7250005802466,0.36586650066538895,0.06470397929472238,0.1554999785697383,,78,-1,4969,4988,2025-11-26 21:45:00,2025-11-27 14:45:00,3091.0,3093.0,20,0.06470397929472238,0.003235198964736119,77.0,1.0,4905.0,4968.0,2025-11-24 09:00:00,2025-11-26 21:30:00,3076.0,3090.0,64.0,0.4551365409622976,0.0071115084525359,619640.0,,30982.0,,2861724.0,0.0,44714.4375,0.0,0.6928858268652043,,0.21652682089537637,,15.0,40.0,45.0,False,False,2025-11-27 09:15:00,3078.0,,,1,0,2025-11-27 10:30:00,3088.0,,,1,0,19.19497967891979,5.630246102883277,
RB:5m:1:1:14956:14960:1,RB,1h,1520,2025-11-27 15:00:00,365.0,-1,-1,BOS,-1,3021.0,116.0,CHoCH,-1,3087.0,5.0,6,6,1,3,active_bear_internal_ob,internal,-1.0,5.0,3101.0,3113.0,3107.0,0.4209844559585492,current_internal_low,internal,0.0,15.0,3087.0,3087.0,3087.0,0.032383419689119175,3090.0,3099.0,3087.0,3093.0,156988.0,1069617.0,0,0,0,0,0,0,,3113.0,12.0,above,0.8095854922279792,3116.0,False,,3087.0,15.0,below,0.032383419689119175,3050.0,True,5.0,3143.0,92.0,above,1.7810880829015545,3202.0,False,,3009.0,66.0,below,2.5582901554404147,3021.0,False,,1,1,0.0002428245112860772,70,UP_CONFIRMED,0.004899407648242951,0.007298881457176909,0.005072671040924717,0.318099528830773,0.0002428245112860772,0.016997715790025403,0.0004664749724092587,0.0012741770837343402,0.004303839770171347,3077.920015137157,0.4899407648242951,0.0970873786407811,0.899752330372052,,19,1,1451,1520,2025-11-13 21:00:00,2025-11-27 14:00:00,3052.0,3093.0,70,1.34338138925294,0.01919116270361343,18.0,-1.0,1401.0,1450.0,2025-11-04 14:00:00,2025-11-13 14:00:00,3044.0,3046.0,50.0,0.06570302233903647,0.0013140604467807293,9443062.0,,134900.88571428572,,6591353.0,0.0,131827.06,0.0,1.0233171073851282,,1.4326439503391792,,37.142857142857146,57.14285714285714,5.714285714285714,True,False,2025-11-21 22:00:00,3060.0,2025-11-21 21:00:00,3055.0,4,4,2025-11-27 14:00:00,3093.0,2025-11-26 21:00:00,3091.0,8,8,0.6949929342854055,9.937741205209162,4.0
RB:5m:1:1:14956:14960:1,RB,4h,650,2025-11-27 15:00:00,365.0,1,1,CHoCH,1,3163.0,265.0,BOS,1,3104.0,7.0,4,4,1,1,current_internal_high,internal,0.0,4.0,3116.0,3116.0,3116.0,0.9067357512953367,active_bull_internal_ob,internal,1.0,7.0,3040.0,3075.0,3057.5,0.4209844559585492,3090.0,3099.0,3087.0,3093.0,236071.0,1069617.0,0,0,0,0,0,0,,3116.0,4.0,above,0.9067357512953367,3104.0,False,,3046.0,10.0,below,1.3601036269430051,3020.0,False,,3384.0,191.0,above,9.585492227979273,3163.0,False,,2912.0,313.0,below,5.699481865284974,3033.0,False,,0,0,0.0003079650773953402,-50,NONE,0.012198300037375915,0.010609070030425296,0.004910492207264526,0.6268945692133625,0.0003079650773953402,0.015398253869767009,0.0016105129121386508,0.0045105301893038074,0.0077181035104185725,3055.7253454049364,1.2198300037375915,0.1294917449012667,-0.7046991227027283,,8,-1,601,650,2025-11-05 09:00:00,2025-11-27 13:30:00,3024.0,3093.0,50,2.2817460317460236,0.04563492063492047,7.0,1.0,587.0,600.0,2025-10-29 13:30:00,2025-11-04 21:00:00,3133.0,3028.0,14.0,-3.351420363868496,-0.23938716884774972,15346605.0,,306932.1,,5369414.0,0.0,383529.5714285714,0.0,0.8002827496631848,,2.8581526773685173,,30.0,26.0,44.0,False,False,2025-11-05 09:00:00,3024.0,,,1,0,2025-11-24 09:00:00,3089.0,2025-11-19 13:30:00,3070.0,2,1,0.4628579312967052,16.87979943982317,
RB:5m:1:1:15002:15007:1,RB,5m,15475,2025-12-09 09:10:00,0.0,-1,-1,CHoCH,-1,3150.0,93.0,BOS,-1,3114.0,11.0,16,17,9,5,current_internal_low,internal,0.0,18.0,3114.0,3114.0,3114.0,0.809323405632891,active_bull_internal_ob,internal,1.0,745.0,3076.0,3080.0,3078.0,0.29135642602784073,3101.0,3102.0,3086.0,3089.0,66875.0,1504377.0,0,0,0,0,0,0,,3124.0,14.0,above,1.1330527678860474,3123.0,False,,3114.0,18.0,above,0.809323405632891,3117.0,True,11.0,3180.0,113.0,above,2.945937196503723,3174.0,False,,3150.0,168.0,above,1.974749109744254,3118.0,True,93.0,-1,-1,-0.00015633668348106913,-129,DOWN_CONFIRMED,-0.007588059777922182,-0.004527880585038464,0.0015637109398079242,0.02517385133150507,-0.00015633668348106913,-0.02016743216905792,-0.0021784524064956123,-0.0036442814522905653,-0.004148429720168267,3112.6187370425596,-0.7588059777922181,-0.4190844616376532,2.985109019685908,,206,-1,15347,15475,2025-12-05 09:55:00,2025-12-09 09:05:00,3159.0,3089.0,129,-2.215891104779999,-0.017177450424651155,205.0,1.0,15295.0,15346.0,2025-12-04 13:35:00,2025-12-05 09:50:00,3172.0,3164.0,52.0,-0.2522068095838548,-0.004850130953535669,2074702.0,,16082.961240310078,,589673.0,0.0,11339.865384615385,0.0,1.4182673863244952,,3.518394092997305,,0.0,46.51162790697674,53.48837209302325,True,True,,,,,0,0,2025-12-08 21:20:00,3119.0,2025-12-08 21:30:00,3118.0,9,9,0.3453516298497172,5.547972425528064,
RB:5m:1:1:15002:15007:1,RB,15m,5157,2025-12-08 23:00:00,610.0,1,-1,BOS,1,3116.0,138.0,BOS,-1,3111.0,2.0,9,9,5,3,current_internal_low,internal,0.0,10.0,3111.0,3111.0,3111.0,0.712204596956944,active_bull_swing_ob,swing,1.0,138.0,3077.0,3082.0,3079.5,0.22661055357720947,3101.0,3107.0,3095.0,3103.0,73378.0,1493263.0,1,1,1,0,1,0,active_bull_internal_ob,3125.0,3.0,above,1.165425704111363,3157.0,False,,3111.0,10.0,above,0.712204596956944,3127.0,True,2.0,3180.0,3.0,above,2.945937196503723,3116.0,False,,3077.0,132.0,below,0.38847523470378764,3040.0,False,,0,0,-0.0003037708759944891,-31,NONE,-0.012888641506006977,-0.011339627141449855,0.0020251082749877546,0.2221642170488468,-0.0003037708759944891,-0.009416897155829163,-0.0019682586779867783,-0.0032886829974246856,-0.005645389356354169,3143.5156462328187,-1.2888641506006977,0.06449532408900893,1.9194605443382968,,80,-1,5127,5157,2025-12-05 21:00:00,2025-12-08 22:45:00,3149.0,3103.0,31,-1.4607812003810783,-0.04712197420584124,79.0,1.0,5005.0,5126.0,2025-11-28 11:15:00,2025-12-05 14:45:00,3107.0,3157.0,122.0,1.6092693916961665,0.013190732718821036,1625521.0,,52436.16129032258,,3857859.0,0.0,31621.79508196721,0.0,1.6582284830574046,,0.4213531391375372,,0.0,0.0,100.0,True,True,,,,,0,0,,,,,0,0,0.1785868485556598,7.50086362284185,
RB:5m:1:1:15002:15007:1,RB,1h,1571,2025-12-08 23:00:00,610.0,1,-1,CHoCH,1,3143.0,29.0,CHoCH,-1,3150.0,8.0,7,4,2,2,current_swing_high,swing,0.0,143.0,3143.0,3143.0,3143.0,1.7481385561670444,active_bull_internal_ob,internal,1.0,42.0,3077.0,3085.0,3081.0,0.12949174490126256,3117.0,3118.0,3095.0,3103.0,233046.0,1493263.0,0,0,0,0,0,0,,3180.0,10.0,above,2.945937196503723,3174.0,False,,3150.0,16.0,above,1.974749109744254,3118.0,True,8.0,3143.0,143.0,above,1.7481385561670444,3202.0,True,29.0,3009.0,117.0,below,2.589834898025251,3021.0,False,,1,1,0.0003681499160252606,121,UP_CONFIRMED,-0.018440129084848135,0.006588316727098478,0.008819901149115508,0.002271822119307265,0.0003681499160252606,0.04454613983905653,-0.0023568359960012275,-0.005380719459013084,0.014486350657711311,3161.2946820115367,-1.8440129084848136,-0.4810776138550299,1.184445137853046,,19,1,1451,1571,2025-11-13 21:00:00,2025-12-08 22:00:00,3052.0,3103.0,121,1.671035386631714,0.013810209806873669,18.0,-1.0,1401.0,1450.0,2025-11-04 14:00:00,2025-11-13 14:00:00,3044.0,3046.0,50.0,0.06570302233903647,0.0013140604467807293,15360742.0,,126948.28099173553,,6591353.0,0.0,131827.06,0.0,0.9629910656562889,,2.330438378888219,,52.066115702479344,38.01652892561984,9.917355371900827,True,True,2025-11-21 22:00:00,3060.0,2025-12-04 21:00:00,3171.0,4,5,2025-11-28 10:00:00,3098.0,2025-12-05 21:00:00,3134.0,10,11,1.338718448801691,12.699655833428418,4.0
RB:5m:1:1:15002:15007:1,RB,4h,672,2025-12-08 23:00:00,610.0,1,1,CHoCH,1,3163.0,287.0,BOS,1,3116.0,18.0,5,2,1,1,current_internal_high,internal,0.0,1.0,3180.0,3180.0,3180.0,2.945937196503723,current_internal_low,internal,0.0,18.0,3077.0,3077.0,3077.0,0.38847523470378764,3117.0,3124.0,3095.0,3103.0,368734.0,1493263.0,1,1,1,0,1,0,active_bull_internal_ob,3180.0,1.0,above,2.945937196503723,3116.0,False,,3077.0,18.0,below,0.38847523470378764,3046.0,False,,3384.0,213.0,above,9.550016186468113,3163.0,False,,3009.0,21.0,below,2.589834898025251,2912.0,False,,0,0,0.001826476612538103,19,NONE,-0.020075213750956205,0.01143671539840173,0.018256566298119017,0.04216830791543147,0.001826476612538103,0.034703055638223956,-0.003910070102357444,0.029457901005282672,,3166.5695607901334,-2.0075213750956205,-0.6404098623118748,0.9262816023757648,,9,1,654,672,2025-11-28 21:00:00,2025-12-08 21:00:00,3124.0,3103.0,19,-0.6722151088348283,-0.03537974257025412,8.0,-1.0,601.0,653.0,2025-11-05 09:00:00,2025-11-28 13:30:00,3024.0,3110.0,53.0,2.8439153439153486,0.0536587800738745,5236805.0,,275621.3157894737,,16027480.0,0.0,302405.28301886795,0.0,0.9114302271375229,,0.32673913803043275,,78.94736842105263,5.263157894736842,15.789473684210526,True,True,,,2025-12-04 21:00:00,3170.0,0,1,,,2025-12-05 21:00:00,3132.0,0,1,1.5963120233515957,18.83996101090355,
RB:5m:1:1:15052:15059:1,RB,5m,15470,2025-12-08 22:45:00,0.0,-1,-1,CHoCH,-1,3150.0,88.0,BOS,-1,3114.0,6.0,17,17,9,5,current_internal_low,internal,0.0,13.0,3114.0,3114.0,3114.0,0.41921960657852303,active_bull_internal_ob,internal,1.0,463.0,3088.0,3091.0,3089.5,0.32247662044501774,3106.0,3107.0,3098.0,3101.0,44805.0,1500137.0,0,0,0,0,0,0,,3124.0,9.0,above,0.7416962270235408,3123.0,False,,3114.0,13.0,above,0.41921960657852303,3117.0,True,6.0,3180.0,108.0,above,2.54756530151564,3174.0,False,,3150.0,163.0,above,1.580135440180587,3118.0,True,88.0,-1,-1,-0.00014538914076359278,-124,DOWN_CONFIRMED,-0.005903105875588405,-0.004478227792890524,0.0015534184808532541,0.17950498580304447,-0.00014538914076359278,-0.018028253454685506,-0.0014690292561131413,-0.001828471406765786,-0.002392784308816176,3119.4142324841714,-0.5903105875588405,-0.16097875080489654,2.9057232140607874,,206,-1,15347,15470,2025-12-05 09:55:00,2025-12-08 22:40:00,3159.0,3101.0,124,-1.8360240582462772,-0.014806645631018365,205.0,1.0,15295.0,15346.0,2025-12-04 13:35:00,2025-12-05 09:50:00,3172.0,3164.0,52.0,-0.2522068095838548,-0.004850130953535669,1908112.0,,15388.0,,589673.0,0.0,11339.865384615385,0.0,1.3569825988301991,,3.2358815818258595,,0.0,48.38709677419355,51.61290322580645,True,True,,,,,0,0,2025-12-08 21:20:00,3119.0,2025-12-08 21:30:00,3118.0,9,9,0.3468824170399296,4.118916116886677,
RB:5m:1:1:15052:15059:1,RB,15m,5156,2025-12-08 22:45:00,0.0,1,-1,BOS,1,3116.0,137.0,BOS,-1,3111.0,1.0,9,9,5,3,current_internal_low,internal,0.0,9.0,3111.0,3111.0,3111.0,0.32247662044501774,active_bull_internal_ob,internal,1.0,152.0,3084.0,3095.0,3089.5,0.19348597226701064,3109.0,3110.0,3098.0,3101.0,68895.0,1500137.0,0,0,0,0,0,0,,3125.0,2.0,above,0.7739438890680426,3157.0,False,,3111.0,9.0,above,0.32247662044501774,3127.0,True,1.0,3180.0,2.0,above,2.54756530151564,3116.0,False,,3077.0,131.0,below,0.7739438890680426,3040.0,False,,0,0,-0.0002932548431793506,-30,NONE,-0.014141170371275293,-0.011287993329297951,0.0020384106739468684,0.08080058593942308,-0.0002932548431793506,-0.008797645295380518,-0.0014732220138016228,-0.0028022607537382394,-0.005721193088611964,3145.4807796039513,-1.4141170371275293,-0.2573174654229682,1.3742702487449332,,80,-1,5127,5156,2025-12-05 21:00:00,2025-12-08 22:30:00,3149.0,3101.0,30,-1.524293426484602,-0.050809780882820066,79.0,1.0,5005.0,5126.0,2025-11-28 11:15:00,2025-12-05 14:45:00,3107.0,3157.0,122.0,1.6092693916961665,0.013190732718821036,1552143.0,,51738.1,,3857859.0,0.0,31621.79508196721,0.0,1.6361531616370635,,0.4023327446648517,,0.0,0.0,100.0,True,True,,,,,0,0,,,,,0,0,0.18058220043913206,7.1547762092143,
RB:5m:1:1:15052:15059:1,RB,1h,1570,2025-12-08 22:00:00,45.0,1,-1,CHoCH,1,3143.0,28.0,CHoCH,-1,3150.0,7.0,7,4,2,2,current_swing_high,swing,0.0,142.0,3143.0,3143.0,3143.0,1.3544018058690745,active_bull_internal_ob,internal,1.0,41.0,3077.0,3085.0,3081.0,0.5159625927120284,3117.0,3124.0,3114.0,3118.0,135688.0,1492863.0,0,0,0,0,0,0,,3180.0,9.0,above,2.54756530151564,3174.0,False,,3150.0,15.0,above,1.580135440180587,3118.0,True,7.0,3143.0,142.0,above,1.3544018058690745,3202.0,True,28.0,3009.0,116.0,below,2.966784908094163,3021.0,False,,1,1,0.00037926923854127804,120,UP_CONFIRMED,-0.014606692146165274,0.0067968871088647,0.008554251436976086,0.006172979417088276,0.00037926923854127804,0.04551230862495337,-0.0017873417587883633,-0.004526644103032829,0.01590934605084704,3164.2187694484514,-1.4606692146165274,-0.16010246557797148,0.044243036160750114,,19,1,1451,1570,2025-11-13 21:00:00,2025-12-08 21:00:00,3052.0,3118.0,120,2.162516382699864,0.018020969855832198,18.0,-1.0,1401.0,1450.0,2025-11-04 14:00:00,2025-11-13 14:00:00,3044.0,3046.0,50.0,0.06570302233903647,0.0013140604467807293,15127696.0,,126064.13333333333,,6591353.0,0.0,131827.06,0.0,0.956284190312166,,2.2950820567491985,,52.5,38.333333333333336,9.166666666666666,True,True,2025-11-21 22:00:00,3060.0,2025-12-04 21:00:00,3171.0,4,5,2025-11-28 10:00:00,3098.0,2025-12-05 21:00:00,3134.0,10,11,1.2585542910988443,11.907321666769066,4.0
RB:5m:1:1:15052:15059:1,RB,4h,671,2025-12-08 15:00:00,465.0,1,1,CHoCH,1,3163.0,286.0,BOS,1,3116.0,17.0,5,2,1,1,current_internal_high,internal,0.0,0.0,3180.0,3180.0,3180.0,2.54756530151564,active_bull_internal_ob,internal,1.0,17.0,3077.0,3089.0,3083.0,0.3869719445340213,3117.0,3125.0,3114.0,3123.0,220849.0,1477577.0,0,0,0,0,0,0,,3180.0,0.0,above,2.54756530151564,3116.0,False,,3077.0,17.0,below,0.7739438890680426,3046.0,False,,3384.0,212.0,above,9.126088358594002,3163.0,False,,3009.0,20.0,below,2.966784908094163,2912.0,False,,0,0,0.0019864696711023124,18,NONE,-0.014762269956338524,0.013187378128921616,0.017134392976817077,0.05142390101413652,0.0019864696711023124,0.035756454079841626,-0.003127772627556591,0.031175268704667136,,3169.7933450656647,-1.4762269956338523,0.2246469833119491,-0.4574433662302533,,9,1,654,671,2025-11-28 21:00:00,2025-12-08 13:30:00,3124.0,3123.0,18,-0.03201024327784685,-0.0017783468487692694,8.0,-1.0,601.0,653.0,2025-11-05 09:00:00,2025-11-28 13:30:00,3024.0,3110.0,53.0,2.8439153439153486,0.0536587800738745,4868071.0,,270448.3888888889,,16027480.0,0.0,302405.28301886795,0.0,0.8943242862328394,,0.3037327764564361,,83.33333333333334,5.555555555555555,11.11111111111111,True,True,,,2025-12-04 21:00:00,3170.0,0,1,,,2025-12-05 21:00:00,3132.0,0,1,1.2993024700822942,18.058419550203826,
RB:5m:0:1:14927:15059:1,RB,5m,15486,2025-12-09 10:05:00,0.0,-1,-1,CHoCH,-1,3150.0,104.0,BOS,-1,3114.0,22.0,16,17,9,5,current_internal_low,internal,0.0,29.0,3114.0,3114.0,3114.0,1.103896103896104,active_bull_internal_ob,internal,1.0,535.0,3077.0,3079.0,3078.0,0.032467532467532464,3081.0,3084.0,3078.0,3080.0,32371.0,1547535.0,1,1,1,0,1,0,active_bull_internal_ob,3124.0,25.0,above,1.4285714285714286,3123.0,False,,3114.0,29.0,above,1.103896103896104,3117.0,True,22.0,3180.0,124.0,above,3.2467532467532463,3174.0,False,,3150.0,179.0,above,2.272727272727273,3118.0,True,104.0,-1,-1,-0.00016723456174165104,-140,DOWN_CONFIRMED,-0.007191129085786716,-0.004702317619510996,0.0016215465389822882,0.06241179639459998,-0.00016723456174165104,-0.023412838643831146,-0.0015060213206137263,-0.0029098419820960952,-0.006508612306270534,3102.309105239791,-0.7191129085786716,-0.03245699448231054,0.5528289972043794,,206,-1,15347,15486,2025-12-05 09:55:00,2025-12-09 10:00:00,3159.0,3080.0,140,-2.500791389680279,-0.01786279564057342,205.0,1.0,15295.0,15346.0,2025-12-04 13:35:00,2025-12-05 09:50:00,3172.0,3164.0,52.0,-0.2522068095838548,-0.004850130953535669,2332486.0,,16660.614285714284,,589673.0,0.0,11339.865384615385,0.0,1.469207413018983,,3.955558419666493,,0.0,42.857142857142854,57.14285714285714,True,True,,,,,0,0,2025-12-08 21:20:00,3119.0,2025-12-08 21:30:00,3118.0,9,9,0.3448398577446405,5.0506327443713674,
RB:5m:0:1:14927:15059:1,RB,15m,5161,2025-12-09 10:00:00,5.0,1,-1,BOS,1,3116.0,142.0,BOS,-1,3111.0,6.0,8,9,5,3,current_internal_low,internal,0.0,14.0,3111.0,3111.0,3111.0,1.0064935064935066,current_swing_low,swing,0.0,136.0,3077.0,3077.0,3077.0,0.09740259740259741,3084.0,3086.0,3080.0,3081.0,65933.0,1538732.0,1,1,1,0,0,1,active_bull_swing_ob,3125.0,7.0,above,1.461038961038961,3157.0,False,,3111.0,14.0,above,1.0064935064935066,3127.0,True,6.0,3180.0,7.0,above,3.2467532467532463,3116.0,False,,3077.0,136.0,below,0.09740259740259741,3040.0,False,,0,0,-0.0003557176360502361,-35,NONE,-0.016876797667594323,-0.011917737438943862,0.0024962515260268884,0.023483216292021603,-0.0003557176360502361,-0.012450117261758264,-0.003684890324404222,-0.005152683676661551,-0.007740761124241602,3133.890027913589,-1.6876797667594323,-0.12965964343597536,0.6568815713937213,,80,-1,5127,5161,2025-12-05 21:00:00,2025-12-09 09:45:00,3149.0,3081.0,35,-2.15941568751985,-0.06169759107199572,79.0,1.0,5005.0,5126.0,2025-11-28 11:15:00,2025-12-05 14:45:00,3107.0,3157.0,122.0,1.6092693916961665,0.013190732718821036,1944146.0,,55547.02857142857,,3857859.0,0.0,31621.79508196721,0.0,1.7566057975976535,,0.5039442861960481,,0.0,0.0,100.0,True,True,,,,,0,0,,,,,0,0,0.20945683178669725,7.916159046542746,
RB:5m:0:1:14927:15059:1,RB,1h,1572,2025-12-09 10:00:00,5.0,1,-1,CHoCH,1,3143.0,30.0,CHoCH,-1,3150.0,9.0,7,4,2,2,current_swing_high,swing,0.0,144.0,3143.0,3143.0,3143.0,2.0454545454545454,active_bull_internal_ob,internal,1.0,77.0,3050.0,3062.0,3056.0,0.5844155844155844,3103.0,3105.0,3080.0,3081.0,318625.0,1538732.0,1,1,1,0,1,0,active_bull_internal_ob,3180.0,11.0,above,3.2467532467532463,3174.0,False,,3150.0,17.0,above,2.272727272727273,3118.0,True,9.0,3143.0,144.0,above,2.0454545454545454,3202.0,True,30.0,3009.0,118.0,below,2.3051948051948052,3021.0,False,,0,0,0.0,-1,UP_TO_DOWN,-0.023926672861199257,-0.023926672861199257,0.0,0.5,0.0,0.0,,,,3156.525144510861,-2.392667286119926,-0.7089912987431557,1.9193999062360538,,20,-1,1572,1572,2025-12-09 09:00:00,2025-12-09 09:00:00,3081.0,3081.0,1,0.0,0.0,19.0,1.0,1451.0,1571.0,2025-11-13 21:00:00,2025-12-08 22:00:00,3052.0,3103.0,121.0,1.671035386631714,0.013810209806873669,318625.0,,318625.0,,15360742.0,0.0,126948.28099173553,0.0,2.5098803820805013,,0.020742813075045462,,0.0,0.0,100.0,True,True,,,,,0,0,,,,,0,0,0.0,13.578251845326388,4.0
RB:5m:0:1:14927:15059:1,RB,4h,672,2025-12-08 23:00:00,665.0,1,1,CHoCH,1,3163.0,287.0,BOS,1,3116.0,18.0,5,2,1,1,current_internal_high,internal,0.0,1.0,3180.0,3180.0,3180.0,3.2467532467532463,current_internal_low,internal,0.0,18.0,3077.0,3077.0,3077.0,0.09740259740259741,3117.0,3124.0,3095.0,3103.0,368734.0,1493263.0,1,1,1,0,1,0,active_bull_internal_ob,3180.0,1.0,above,3.2467532467532463,3116.0,False,,3077.0,18.0,below,0.09740259740259741,3046.0,False,,3384.0,213.0,above,9.87012987012987,3163.0,False,,3009.0,21.0,below,2.3051948051948052,2912.0,False,,0,0,0.001826476612538103,19,NONE,-0.020075213750956205,0.01143671539840173,0.018256566298119017,0.04216830791543147,0.001826476612538103,0.034703055638223956,-0.003910070102357444,0.029457901005282672,,3166.5695607901334,-2.0075213750956205,-0.6404098623118748,0.9262816023757648,,9,1,654,672,2025-11-28 21:00:00,2025-12-08 21:00:00,3124.0,3103.0,19,-0.6722151088348283,-0.03537974257025412,8.0,-1.0,601.0,653.0,2025-11-05 09:00:00,2025-11-28 13:30:00,3024.0,3110.0,53.0,2.8439153439153486,0.0536587800738745,5236805.0,,275621.3157894737,,16027480.0,0.0,302405.28301886795,0.0,0.9114302271375229,,0.32673913803043275,,78.94736842105263,5.263157894736842,15.789473684210526,True,True,,,2025-12-04 21:00:00,3170.0,0,1,,,2025-12-05 21:00:00,3132.0,0,1,1.5963120233515957,18.83996101090355,
RB:5m:1:-1:15081:15087:1,RB,5m,15100,2025-12-01 14:40:00,0.0,1,-1,CHoCH,1,3113.0,41.0,CHoCH,-1,3127.0,13.0,18,17,9,5,current_internal_high,internal,0.0,14.0,3135.0,3135.0,3135.0,0.09578544061302681,current_internal_low,internal,0.0,6.0,3118.0,3118.0,3118.0,0.4469987228607918,3130.0,3132.0,3129.0,3132.0,8859.0,886542.0,1,1,0,1,1,0,active_bear_internal_ob,3135.0,14.0,above,0.09578544061302681,3142.0,False,,3118.0,6.0,below,0.4469987228607918,3127.0,False,,3113.0,247.0,below,0.6066411238825031,3116.0,True,41.0,3077.0,123.0,below,1.7560664112388251,3087.0,False,,1,1,8.6487231538853e-05,152,UP_CONFIRMED,0.0030246493308652323,0.0021176934431962093,0.0017435360903744158,0.6985315945387974,8.6487231538853e-05,0.013146059193905657,0.00017659170833583815,0.0002694642918894541,0.0006431108009175013,3122.555365004649,0.3024649330865232,0.06389776357826893,0.20979555217881582,,203,1,14949,15100,2025-11-27 13:30:00,2025-12-01 14:35:00,3092.0,3132.0,152,1.2936610608020649,0.008510928031592532,202.0,-1.0,14909.0,14948.0,2025-11-26 21:55:00,2025-11-27 11:25:00,3091.0,3089.0,40.0,-0.06470397929472238,-0.0016175994823680595,1670148.0,,10987.815789473685,,376506.0,0.0,9412.65,0.0,1.1673456241838043,,4.435913371898455,,40.131578947368425,50.0,9.868421052631579,False,False,2025-12-01 13:45:00,3123.0,2025-12-01 13:35:00,3120.0,8,8,2025-12-01 14:30:00,3130.0,2025-12-01 14:25:00,3126.0,13,13,0.8233184533748745,3.8253696116982794,
RB:5m:1:-1:15081:15087:1,RB,15m,5032,2025-12-01 14:30:00,10.0,1,1,BOS,1,3116.0,13.0,BOS,1,3113.0,13.0,10,9,5,4,active_bear_internal_ob,internal,-1.0,509.0,3137.0,3143.0,3140.0,0.15964240102171137,current_swing_high,swing,0.0,66.0,3116.0,3116.0,3116.0,0.5108556832694764,3128.0,3129.0,3125.0,3126.0,11307.0,887448.0,0,0,0,0,0,0,,3142.0,3.0,above,0.31928480204342274,3113.0,False,,3101.0,10.0,below,0.9897828863346105,3084.0,False,,3116.0,66.0,below,0.5108556832694764,3104.0,True,13.0,3077.0,7.0,below,1.7560664112388251,3040.0,False,,0,0,0.0002438581617754993,28,NONE,0.0056768816075151,0.006503136245880171,0.002361323716415546,0.363202508087631,0.0002438581617754993,0.006828028529713981,0.0006727573115050678,0.0022647881218704757,0.005065230646009944,3108.3542409797406,0.56768816075151,-0.06393861892582953,-1.0702346600183228,,79,1,5005,5032,2025-11-28 11:15:00,2025-12-01 14:15:00,3107.0,3126.0,28,0.6115223688445415,0.021840084601590766,78.0,-1.0,4969.0,5004.0,2025-11-26 21:45:00,2025-11-28 11:00:00,3091.0,3104.0,36.0,0.4205758654157288,0.011682662928214689,984990.0,,35178.21428571428,,1053940.0,0.0,29276.11111111111,0.0,1.20160133810816,,0.9345788185285689,,64.28571428571429,35.714285714285715,0.0,True,False,,,,,0,0,2025-12-01 10:45:00,3133.0,2025-12-01 13:30:00,3120.0,2,3,0.36310537364359824,6.794313939293421,
RB:5m:1:-1:15081:15087:1,RB,1h,1533,2025-12-01 14:00:00,40.0,-1,1,BOS,-1,3021.0,129.0,CHoCH,1,3113.0,4.0,7,4,1,3,current_swing_high,swing,0.0,105.0,3143.0,3143.0,3143.0,0.351213282247765,current_internal_high,internal,0.0,25.0,3113.0,3113.0,3113.0,0.6066411238825031,3129.0,3129.0,3118.0,3125.0,76455.0,892609.0,1,1,0,1,0,1,active_bear_swing_ob,3113.0,25.0,below,0.6066411238825031,3116.0,True,4.0,3077.0,12.0,below,1.7560664112388251,3087.0,False,,3143.0,105.0,above,0.351213282247765,3202.0,False,,3009.0,79.0,below,3.9272030651340994,3021.0,False,,1,1,0.0002488345113237514,83,UP_CONFIRMED,0.011659677755828192,0.00761576179865661,0.004992754028738221,0.7910175482768871,0.0002488345113237514,0.020653264439871366,0.002154225946257249,0.003283083119279828,0.0043479032732847145,3088.9834483985856,1.1659677755828193,-0.12783636944710963,-0.7191729524350754,,19,1,1451,1533,2025-11-13 21:00:00,2025-12-01 13:30:00,3052.0,3125.0,83,2.391874180865017,0.028817761215241166,18.0,-1.0,1401.0,1450.0,2025-11-04 14:00:00,2025-11-13 14:00:00,3044.0,3046.0,50.0,0.06570302233903647,0.0013140604467807293,10834607.0,,130537.43373493975,,6591353.0,0.0,131827.06,0.0,0.9902172872165984,,1.6437606967795535,,40.963855421686745,54.21686746987952,4.819277108433735,True,False,2025-11-21 22:00:00,3060.0,2025-11-21 21:00:00,3055.0,4,4,2025-11-28 10:00:00,3098.0,2025-11-28 09:00:00,3089.0,10,10,0.655581695007704,11.492340709079164,2.0
RB:5m:1:-1:15081:15087:1,RB,4h,655,2025-12-01 11:30:00,190.0,1,1,CHoCH,1,3163.0,270.0,BOS,1,3116.0,1.0,5,4,1,1,active_bear_internal_ob,internal,-1.0,119.0,3154.0,3179.0,3166.5,0.70242656449553,current_internal_high,internal,0.0,9.0,3116.0,3116.0,3116.0,0.5108556832694764,3122.0,3142.0,3116.0,3129.0,373904.0,910105.0,1,1,0,1,1,0,active_bear_internal_ob,3116.0,9.0,below,0.5108556832694764,3104.0,True,1.0,3077.0,1.0,below,1.7560664112388251,3046.0,False,,3384.0,196.0,above,8.045977011494253,3163.0,False,,3009.0,4.0,below,3.9272030651340994,2912.0,False,,0,0,0.0004395025340488967,2,NONE,0.021528958684255837,0.02116102736667988,0.00036793131757595614,0.8413447460685435,0.0004395025340488967,0.0008790050680977934,,,,3063.05560248649,2.152895868425584,0.16005121638924535,0.864848760485996,,9,1,654,655,2025-11-28 21:00:00,2025-12-01 09:00:00,3124.0,3129.0,2,0.16005121638924535,0.08002560819462268,8.0,-1.0,601.0,653.0,2025-11-05 09:00:00,2025-11-28 13:30:00,3024.0,3110.0,53.0,2.8439153439153486,0.0536587800738745,634215.0,,317107.5,,16027480.0,0.0,302405.28301886795,0.0,1.048617593033964,,0.03957047520882884,,100.0,0.0,0.0,False,False,,,,,0,0,,,,,0,0,0.017387214297321887,17.503169017020934,
RB:5m:1:1:15117:15119:1,RB,5m,15125,2025-12-01 22:45:00,0.0,1,1,CHoCH,1,3113.0,66.0,CHoCH,1,3137.0,6.0,19,16,9,5,active_bear_internal_ob,internal,-1.0,1556.0,3137.0,3143.0,3140.0,0.15964240102171137,current_internal_low,internal,0.0,12.0,3129.0,3129.0,3129.0,0.09578544061302681,3133.0,3134.0,3131.0,3132.0,3315.0,838744.0,1,1,1,0,1,0,active_bull_internal_ob,3138.0,0.0,above,0.19157088122605362,3137.0,False,,3129.0,12.0,below,0.09578544061302681,3118.0,True,8.0,3142.0,1.0,above,0.31928480204342274,3113.0,False,,3077.0,148.0,below,1.7560664112388251,3087.0,False,,1,1,8.414695047797499e-05,177,UP_CONFIRMED,0.0012971408797747977,0.0021133943799706767,0.0016359574992995851,0.3089089179132577,8.414695047797499e-05,0.014894010234601573,9.115797768988187e-05,0.0003869962588141096,0.0008202807132307033,3127.9426177609125,0.12971408797747977,-0.031918289179699855,-0.713161248671343,,203,1,14949,15125,2025-11-27 13:30:00,2025-12-01 22:40:00,3092.0,3132.0,177,1.2936610608020649,0.007308819552554039,202.0,-1.0,14909.0,14948.0,2025-11-26 21:55:00,2025-11-27 11:25:00,3091.0,3089.0,40.0,-0.06470397929472238,-0.0016175994823680595,1905372.0,,10764.813559322034,,376506.0,0.0,9412.65,0.0,1.1436538657362203,,5.0606683558827745,,45.76271186440678,45.76271186440678,8.47457627118644,True,False,2025-12-01 13:45:00,3123.0,2025-12-01 13:35:00,3120.0,8,8,2025-12-01 22:05:00,3132.0,2025-12-01 22:40:00,3132.0,14,15,0.7740900206814613,3.336907264402457,
RB:5m:1:1:15117:15119:1,RB,15m,5041,2025-12-01 22:45:00,0.0,1,1,BOS,1,3116.0,22.0,BOS,1,3113.0,22.0,10,9,5,4,active_bear_internal_ob,internal,-1.0,518.0,3137.0,3143.0,3140.0,0.15964240102171137,current_internal_low,internal,0.0,7.0,3118.0,3118.0,3118.0,0.4469987228607918,3134.0,3136.0,3131.0,3132.0,8118.0,838744.0,0,0,0,0,0,0,,3142.0,12.0,above,0.31928480204342274,3113.0,False,,3118.0,7.0,below,0.4469987228607918,3101.0,False,,3116.0,75.0,below,0.5108556832694764,3104.0,True,22.0,3077.0,16.0,below,1.7560664112388251,3040.0,False,,0,0,0.00023348443967157844,37,NONE,0.005798120200159768,0.006532328885882857,0.0020880861727169435,0.36256238175547667,0.00023348443967157844,0.008638924267848402,0.0005220036378292825,0.0018686162122287797,0.004571958397725284,3113.9449727513047,0.5798120200159768,-0.0956937799043045,-1.17749103024006,,79,1,5005,5041,2025-11-28 11:15:00,2025-12-01 22:30:00,3107.0,3132.0,37,0.8046346958480832,0.021746883671569815,78.0,-1.0,4969.0,5004.0,2025-11-26 21:45:00,2025-11-28 11:00:00,3091.0,3104.0,36.0,0.4205758654157288,0.011682662928214689,1235001.0,,33378.40540540541,,1053940.0,0.0,29276.11111111111,0.0,1.1401242903719326,,1.1717944095489308,,48.64864864864865,51.35135135135135,0.0,False,False,,,,,0,0,2025-12-01 14:30:00,3131.0,2025-12-01 13:30:00,3120.0,3,3,0.3196541706939384,6.266148778214889,
RB:5m:1:1:15117:15119:1,RB,1h,1535,2025-12-01 22:00:00,45.0,-1,1,BOS,-1,3021.0,131.0,CHoCH,1,3113.0,6.0,7,4,1,3,current_swing_high,swing,0.0,107.0,3143.0,3143.0,3143.0,0.351213282247765,current_internal_high,internal,0.0,27.0,3113.0,3113.0,3113.0,0.6066411238825031,3133.0,3136.0,3129.0,3131.0,139459.0,847151.0,1,1,0,1,0,1,active_bear_swing_ob,3113.0,27.0,below,0.6066411238825031,3116.0,True,6.0,3077.0,14.0,below,1.7560664112388251,3087.0,False,,3143.0,107.0,above,0.351213282247765,3202.0,False,,3009.0,81.0,below,3.9272030651340994,3021.0,False,,1,1,0.00025360512969898084,85,UP_CONFIRMED,0.01270592531801128,0.007753250344387528,0.005013869241956848,0.838373471881368,0.00025360512969898084,0.021556436024413372,0.0017320866347021457,0.0038333079221650745,0.004951093465126677,3091.7168762657325,1.270592531801128,-0.09572431397575354,0.7987635248213952,,19,1,1451,1535,2025-11-13 21:00:00,2025-12-01 21:00:00,3052.0,3131.0,85,2.588466579292259,0.030452547991673636,18.0,-1.0,1401.0,1450.0,2025-11-04 14:00:00,2025-11-13 14:00:00,3044.0,3046.0,50.0,0.06570302233903647,0.0013140604467807293,11065813.0,,130186.03529411765,,6591353.0,0.0,131827.06,0.0,0.9875516854742695,,1.6788378653062581,,42.35294117647059,52.94117647058824,4.705882352941177,False,False,2025-11-21 22:00:00,3060.0,2025-11-21 21:00:00,3055.0,4,4,2025-11-28 10:00:00,3098.0,2025-11-28 09:00:00,3089.0,10,10,0.6466796529517868,11.27145703997132,4.0
RB:5m:1:1:15117:15119:1,RB,4h,656,2025-12-01 15:00:00,465.0,1,1,CHoCH,1,3163.0,271.0,BOS,1,3116.0,2.0,5,4,1,1,active_bear_internal_ob,internal,-1.0,120.0,3154.0,3179.0,3166.5,0.70242656449553,current_internal_high,internal,0.0,10.0,3116.0,3116.0,3116.0,0.5108556832694764,3129.0,3137.0,3118.0,3134.0,168202.0,882576.0,1,1,0,1,1,0,active_bear_internal_ob,3116.0,10.0,below,0.5108556832694764,3104.0,True,2.0,3077.0,2.0,below,1.7560664112388251,3046.0,False,,3384.0,197.0,above,8.045977011494253,3163.0,False,,3009.0,5.0,below,3.9272030651340994,2912.0,False,,0,0,0.00042306081779515853,3,NONE,0.02276260722811922,0.021694887320492993,0.0008125649944503707,0.9055788660954529,0.00042306081779515853,0.0012691824533854756,,,,3064.249687905324,2.276260722811922,0.15979546180888704,-1.1480809832083074,,9,1,654,656,2025-11-28 21:00:00,2025-12-01 13:30:00,3124.0,3134.0,3,0.3201024327784907,0.10670081092616357,8.0,-1.0,601.0,653.0,2025-11-05 09:00:00,2025-11-28 13:30:00,3024.0,3110.0,53.0,2.8439153439153486,0.0536587800738745,802417.0,,267472.3333333333,,16027480.0,0.0,302405.28301886795,0.0,0.8844830046062553,,0.050065075732429555,,100.0,0.0,0.0,False,False,,,,,0,0,,,,,0,0,0.03745421593791002,17.610085515805153,
RB:5m:1:1:15129:15138:1,RB,5m,15157,2025-12-02 13:40:00,0.0,1,-1,BOS,1,3142.0,9.0,CHoCH,-1,3134.0,1.0,19,16,10,5,current_internal_low,internal,0.0,8.0,3134.0,3134.0,3134.0,0.06385696040868455,active_bull_internal_ob,internal,1.0,19.0,3127.0,3131.0,3129.0,0.031928480204342274,3133.0,3136.0,3131.0,3132.0,7352.0,798724.0,0,0,0,0,0,0,,3146.0,1.0,above,0.4469987228607918,3143.0,False,,3134.0,8.0,above,0.06385696040868455,3133.0,True,1.0,3142.0,33.0,above,0.31928480204342274,3113.0,True,9.0,3118.0,18.0,below,0.4469987228607918,3077.0,False,,1,1,8.090497456992123e-05,209,UP_CONFIRMED,-0.0006870514915565665,0.0020907016810900137,0.0015661562175115682,0.03806369094984019,8.090497456992123e-05,0.01690913968511354,5.613130780623976e-05,0.0005761376816937336,0.0011913095045850142,3134.1533247165135,-0.06870514915565666,-0.031918289179699855,0.37020099165893666,,203,1,14949,15157,2025-11-27 13:30:00,2025-12-02 13:35:00,3092.0,3132.0,209,1.2936610608020649,0.0061897658411582054,202.0,-1.0,14909.0,14948.0,2025-11-26 21:55:00,2025-11-27 11:25:00,3091.0,3089.0,40.0,-0.06470397929472238,-0.0016175994823680595,2139084.0,,10234.851674641148,,376506.0,0.0,9412.65,0.0,1.087350711504321,,5.681407467610078,,45.933014354066984,46.411483253588514,7.655502392344498,True,True,2025-12-01 13:45:00,3123.0,2025-12-02 13:30:00,3133.0,8,9,2025-12-02 09:05:00,3138.0,2025-12-02 11:15:00,3137.0,15,16,0.7491055427357923,3.8681754286309817,
RB:5m:1:1:15129:15138:1,RB,15m,5051,2025-12-02 11:30:00,130.0,1,1,BOS,1,3116.0,32.0,BOS,1,3142.0,2.0,11,8,5,3,active_bear_internal_ob,internal,-1.0,932.0,3139.0,3147.0,3143.0,0.2234993614303959,active_bull_internal_ob,internal,1.0,2.0,3118.0,3129.0,3123.5,0.09578544061302681,3139.0,3140.0,3135.0,3135.0,17084.0,800966.0,0,0,0,0,0,0,,3142.0,22.0,above,0.31928480204342274,3113.0,True,2.0,3118.0,17.0,below,0.4469987228607918,3101.0,False,,3116.0,85.0,below,0.5108556832694764,3104.0,True,32.0,3077.0,26.0,below,1.7560664112388251,3040.0,False,,0,0,0.00022104144677585373,47,NONE,0.0050177874294306405,0.00654690984491629,0.0018951801087188109,0.20987700986639468,0.00022104144677585373,0.010388947998465126,0.0008297142315898398,0.0017350348955518236,0.0036068932221151595,3119.3477759418565,0.501778742943064,-0.12742911755335706,-0.4238103111389231,,79,1,5005,5051,2025-11-28 11:15:00,2025-12-02 11:15:00,3107.0,3135.0,47,0.9011908593498541,0.019174273603188387,78.0,-1.0,4969.0,5004.0,2025-11-26 21:45:00,2025-11-28 11:00:00,3091.0,3104.0,36.0,0.4205758654157288,0.011682662928214689,1454057.0,,30937.382978723403,,1053940.0,0.0,29276.11111111111,0.0,1.0567449638822348,,1.3796392584018065,,51.06382978723404,48.93617021276596,0.0,False,False,,,,,0,0,2025-12-01 14:30:00,3131.0,2025-12-01 13:30:00,3120.0,3,3,0.2894770439202593,6.598525458408002,
RB:5m:1:1:15129:15138:1,RB,1h,1539,2025-12-02 11:30:00,130.0,-1,1,BOS,-1,3021.0,135.0,BOS,1,3142.0,1.0,8,4,1,2,current_internal_high,internal,0.0,3.0,3142.0,3142.0,3142.0,0.31928480204342274,active_bull_internal_ob,internal,1.0,1.0,3118.0,3129.0,3123.5,0.09578544061302681,3142.0,3146.0,3135.0,3135.0,38208.0,800966.0,0,0,0,0,0,0,,3142.0,3.0,above,0.31928480204342274,3113.0,True,1.0,3118.0,1.0,below,0.4469987228607918,3077.0,False,,3143.0,111.0,above,0.351213282247765,3202.0,False,,3009.0,85.0,below,3.9272030651340994,3021.0,False,,1,1,0.00025480697152058127,89,UP_CONFIRMED,0.01288783611311444,0.008033535564639661,0.0050752566584251115,0.8305810811583081,0.00025480697152058127,0.022677820465331733,0.0016269367256278588,0.003757540502576706,0.00579495447481948,3095.110720285023,1.288783611311444,-0.25453388482341577,-1.481942121907876,,19,1,1451,1539,2025-11-13 21:00:00,2025-12-02 11:00:00,3052.0,3135.0,89,2.7195281782437686,0.030556496384761444,18.0,-1.0,1401.0,1450.0,2025-11-04 14:00:00,2025-11-13 14:00:00,3044.0,3046.0,50.0,0.06570302233903647,0.0013140604467807293,11331419.0,,127319.31460674158,,6591353.0,0.0,131827.06,0.0,0.965805613860626,,1.7191339926719142,,44.9438202247191,50.56179775280899,4.49438202247191,False,False,2025-11-21 22:00:00,3060.0,2025-11-21 21:00:00,3055.0,4,4,2025-11-28 10:00:00,3098.0,2025-11-28 09:00:00,3089.0,10,10,0.6317587838615312,11.575751887719205,2.0
RB:5m:1:1:15129:15138:1,RB,4h,658,2025-12-02 11:30:00,130.0,1,1,CHoCH,1,3163.0,273.0,BOS,1,3116.0,4.0,5,3,1,1,active_bear_internal_ob,internal,-1.0,122.0,3154.0,3179.0,3166.5,0.70242656449553,current_internal_high,internal,0.0,12.0,3116.0,3116.0,3116.0,0.5108556832694764,3131.0,3146.0,3127.0,3135.0,207753.0,800966.0,0,0,0,0,0,0,,3116.0,12.0,below,0.5108556832694764,3104.0,True,4.0,3077.0,4.0,below,1.7560664112388251,3046.0,False,,3384.0,199.0,above,8.045977011494253,3163.0,False,,3009.0,7.0,below,3.9272030651340994,2912.0,False,,0,0,0.00045291496280288614,5,NONE,0.02207287744026239,0.02169152613067375,0.0006751991690262092,0.7138945015194472,0.00045291496280288614,0.0022645748140144306,,,,3067.295952370317,2.207287744026239,0.1277547109549637,-0.7094071160353902,,9,1,654,658,2025-11-28 21:00:00,2025-12-02 09:00:00,3124.0,3135.0,5,0.35211267605634866,0.07042253521126973,8.0,-1.0,601.0,653.0,2025-11-05 09:00:00,2025-11-28 13:30:00,3024.0,3110.0,53.0,2.8439153439153486,0.0536587800738745,1207482.0,,241496.4,,16027480.0,0.0,302405.28301886795,0.0,0.7985852548248382,,0.0753382315872489,,100.0,0.0,0.0,False,False,,,,,0,0,,,,,0,0,0.031127324327420994,17.204614551893222,
RB:5m:1:1:15129:15138:2,RB,5m,15162,2025-12-02 14:05:00,0.0,1,-1,BOS,1,3142.0,14.0,CHoCH,-1,3134.0,6.0,19,16,10,5,active_bear_internal_ob,internal,-1.0,2804.0,3140.0,3146.0,3143.0,0.1914486279514997,active_bull_internal_ob,internal,1.0,24.0,3127.0,3131.0,3129.0,0.09572431397574985,3132.0,3135.0,3131.0,3134.0,4762.0,794489.0,1,0,0,0,1,0,current_internal_low,3146.0,6.0,above,0.3828972559029994,3143.0,False,,3134.0,13.0,overlap,0.0,3133.0,True,6.0,3142.0,38.0,above,0.2552648372686663,3113.0,True,14.0,3118.0,23.0,below,0.5105296745373326,3077.0,False,,1,1,7.886396430030175e-05,214,UP_CONFIRMED,-1.720611273355827e-05,0.0020382377869070053,0.0015852589628305171,0.09738473802881176,7.886396430030175e-05,0.016876888360264575,-3.171505062782298e-05,2.441447697099086e-05,0.0008322262970792416,3134.0539248851446,-0.001720611273355827,0.06385696040869249,-0.8670923905004846,,203,1,14949,15162,2025-11-27 13:30:00,2025-12-02 14:00:00,3092.0,3134.0,214,1.3583441138421692,0.006347402401131632,202.0,-1.0,14909.0,14948.0,2025-11-26 21:55:00,2025-11-27 11:25:00,3091.0,3089.0,40.0,-0.06470397929472238,-0.0016175994823680595,2165427.0,,10118.817757009347,,376506.0,0.0,9412.65,0.0,1.0750232673061622,,5.751374480087967,,44.85981308411215,45.32710280373832,9.813084112149532,True,True,2025-12-02 13:45:00,3135.0,2025-12-02 13:50:00,3134.0,9,10,2025-12-02 09:05:00,3138.0,2025-12-02 11:15:00,3137.0,15,16,0.7777595788939442,3.600057750161174,
RB:5m:1:1:15129:15138:2,RB,15m,5053,2025-12-02 14:00:00,5.0,1,1,BOS,1,3116.0,34.0,BOS,1,3142.0,4.0,11,8,5,3,active_bear_internal_ob,internal,-1.0,934.0,3139.0,3147.0,3143.0,0.1595405232929164,active_bull_internal_ob,internal,1.0,4.0,3118.0,3129.0,3123.5,0.1595405232929164,3132.0,3135.0,3131.0,3132.0,14739.0,795925.0,0,0,0,0,0,0,,3142.0,24.0,above,0.2552648372686663,3113.0,True,4.0,3118.0,19.0,below,0.5105296745373326,3101.0,False,,3116.0,87.0,below,0.574345883854499,3104.0,True,34.0,3077.0,28.0,below,1.8187619655392468,3040.0,False,,0,0,0.00021596698442673907,49,NONE,0.0038638628785116415,0.0064454780112447405,0.0019205428294578474,0.08944005456754123,0.00021596698442673907,0.010582382236910215,0.0007038826942238341,0.0016000417358168484,0.0035838638210801133,3119.9449604841857,0.38638628785116413,-0.031918289179699855,-0.5878511937778605,,79,1,5005,5053,2025-11-28 11:15:00,2025-12-02 13:45:00,3107.0,3132.0,49,0.8046346958480832,0.016421116241797616,78.0,-1.0,4969.0,5004.0,2025-11-26 21:45:00,2025-11-28 11:00:00,3091.0,3104.0,36.0,0.4205758654157288,0.011682662928214689,1490294.0,,30414.163265306124,,1053940.0,0.0,29276.11111111111,0.0,1.0388730644543527,,1.4140216710628688,,48.97959183673469,51.02040816326531,0.0,True,False,,,,,0,0,2025-12-01 14:30:00,3131.0,2025-12-02 13:30:00,3133.0,3,4,0.29796747830142006,6.306891849341593,
RB:5m:1:1:15129:15138:2,RB,1h,1540,2025-12-02 14:00:00,5.0,-1,1,BOS,-1,3021.0,136.0,BOS,1,3142.0,2.0,8,4,1,2,current_internal_high,internal,0.0,4.0,3142.0,3142.0,3142.0,0.2552648372686663,active_bull_internal_ob,internal,1.0,2.0,3118.0,3129.0,3123.5,0.1595405232929164,3135.0,3136.0,3131.0,3132.0,36237.0,795925.0,0,0,0,0,0,0,,3142.0,4.0,above,0.2552648372686663,3113.0,True,2.0,3118.0,2.0,below,0.5105296745373326,3077.0,False,,3143.0,112.0,above,0.2871729419272495,3202.0,False,,3009.0,86.0,below,3.98851308232291,3021.0,False,,1,1,0.0002535090728879721,90,UP_CONFIRMED,0.011782039595477016,0.008075185609426742,0.005062254263291871,0.7679931074875179,0.0002535090728879721,0.02281581655991749,0.0012328056396033737,0.002967027600476957,0.005720859230615272,3095.52836226685,1.1782039595477016,-0.0956937799043045,-1.37619490649872,,19,1,1451,1540,2025-11-13 21:00:00,2025-12-02 13:30:00,3052.0,3132.0,90,2.6212319790301475,0.02912479976700164,18.0,-1.0,1401.0,1450.0,2025-11-04 14:00:00,2025-11-13 14:00:00,3044.0,3046.0,50.0,0.06570302233903647,0.0013140604467807293,11367656.0,,126307.28888888888,,6591353.0,0.0,131827.06,0.0,0.9581286944341236,,1.7246316499814227,,45.55555555555556,50.0,4.444444444444445,False,False,2025-11-21 22:00:00,3060.0,2025-11-21 21:00:00,3055.0,4,4,2025-11-28 10:00:00,3098.0,2025-11-28 09:00:00,3089.0,10,10,0.6268901432287005,11.106055324310692,2.0
RB:5m:1:1:15129:15138:2,RB,4h,658,2025-12-02 11:30:00,155.0,1,1,CHoCH,1,3163.0,273.0,BOS,1,3116.0,4.0,5,3,1,1,active_bear_internal_ob,internal,-1.0,122.0,3154.0,3179.0,3166.5,0.6381620931716656,current_internal_high,internal,0.0,12.0,3116.0,3116.0,3116.0,0.574345883854499,3131.0,3146.0,3127.0,3135.0,207753.0,800966.0,0,0,0,0,0,0,,3116.0,12.0,below,0.574345883854499,3104.0,True,4.0,3077.0,4.0,below,1.8187619655392468,3046.0,False,,3384.0,199.0,above,7.97702616464582,3163.0,False,,3009.0,7.0,below,3.98851308232291,2912.0,False,,0,0,0.00045291496280288614,5,NONE,0.02207287744026239,0.02169152613067375,0.0006751991690262092,0.7138945015194472,0.00045291496280288614,0.0022645748140144306,,,,3067.295952370317,2.207287744026239,0.1277547109549637,-0.7094071160353902,,9,1,654,658,2025-11-28 21:00:00,2025-12-02 09:00:00,3124.0,3135.0,5,0.35211267605634866,0.07042253521126973,8.0,-1.0,601.0,653.0,2025-11-05 09:00:00,2025-11-28 13:30:00,3024.0,3110.0,53.0,2.8439153439153486,0.0536587800738745,1207482.0,,241496.4,,16027480.0,0.0,302405.28301886795,0.0,0.7985852548248382,,0.0753382315872489,,100.0,0.0,0.0,False,False,,,,,0,0,,,,,0,0,0.031127324327420994,17.204614551893222,
RB:5m:1:1:15129:15138:3,RB,5m,15169,2025-12-02 14:40:00,0.0,1,-1,BOS,1,3142.0,21.0,CHoCH,-1,3134.0,13.0,19,16,10,5,active_bear_internal_ob,internal,-1.0,2811.0,3140.0,3146.0,3143.0,0.2554278416347382,active_bull_internal_ob,internal,1.0,31.0,3127.0,3131.0,3129.0,0.031928480204342274,3133.0,3133.0,3131.0,3132.0,6127.0,786164.0,0,0,0,0,0,0,,3146.0,13.0,above,0.4469987228607918,3143.0,False,,3131.0,2.0,below,0.031928480204342274,3134.0,False,,3142.0,45.0,above,0.31928480204342274,3113.0,True,21.0,3118.0,30.0,below,0.4469987228607918,3077.0,False,,1,1,7.624736241795273e-05,221,UP_CONFIRMED,-0.000629587383053498,0.0019647524975413898,0.001613231259977728,0.05389967036591248,7.624736241795273e-05,0.016850667094367555,-1.9739854549616354e-05,-3.9608047924133416e-05,0.0002506977500464913,3133.97310992884,-0.0629587383053498,0.0,0.3405421837164464,,203,1,14949,15169,2025-11-27 13:30:00,2025-12-02 14:35:00,3092.0,3132.0,221,1.2936610608020649,0.005853669958380384,202.0,-1.0,14909.0,14948.0,2025-11-26 21:55:00,2025-11-27 11:25:00,3091.0,3089.0,40.0,-0.06470397929472238,-0.0016175994823680595,2196906.0,,9940.75113122172,,376506.0,0.0,9412.65,0.0,1.0561054677717454,,5.8349827094388935,,43.43891402714932,43.89140271493213,12.669683257918551,True,True,2025-12-02 14:25:00,3135.0,2025-12-02 14:30:00,3132.0,10,11,2025-12-02 09:05:00,3138.0,2025-12-02 11:15:00,3137.0,15,16,0.8210862497930193,3.2496724891809903,
RB:5m:1:1:15129:15138:3,RB,15m,5055,2025-12-02 14:30:00,10.0,1,1,BOS,1,3116.0,36.0,BOS,1,3142.0,6.0,11,8,5,3,active_bear_internal_ob,internal,-1.0,936.0,3139.0,3147.0,3143.0,0.2234993614303959,active_bull_internal_ob,internal,1.0,6.0,3118.0,3129.0,3123.5,0.09578544061302681,3134.0,3137.0,3132.0,3135.0,12168.0,787715.0,0,0,0,0,0,0,,3146.0,0.0,above,0.4469987228607918,3142.0,False,,3118.0,21.0,below,0.4469987228607918,3101.0,False,,3116.0,89.0,below,0.5108556832694764,3104.0,True,36.0,3077.0,30.0,below,1.7560664112388251,3040.0,False,,1,1,0.0002102184449382513,51,UP_CONFIRMED,0.004687469251383729,0.006365389467686377,0.0019246179134746076,0.19165331554798581,0.0002102184449382513,0.010721140691850817,0.0004447281334847286,0.0012970656367656819,0.002775994025793649,3120.373345888311,0.46874692513837285,0.06383657835939971,-0.8327713782335301,,79,1,5005,5055,2025-11-28 11:15:00,2025-12-02 14:15:00,3107.0,3135.0,51,0.9011908593498541,0.017670409006859886,78.0,-1.0,4969.0,5004.0,2025-11-26 21:45:00,2025-11-28 11:00:00,3091.0,3104.0,36.0,0.4205758654157288,0.011682662928214689,1514912.0,,29704.156862745098,,1053940.0,0.0,29276.11111111111,0.0,1.0146209908143002,,1.4373797369869252,,47.05882352941176,52.94117647058824,0.0,True,False,,,,,0,0,2025-12-02 14:15:00,3135.0,2025-12-02 13:30:00,3133.0,4,4,0.30235666226628344,6.060534298666986,
RB:5m:1:1:15129:15138:3,RB,1h,1540,2025-12-02 14:00:00,40.0,-1,1,BOS,-1,3021.0,136.0,BOS,1,3142.0,2.0,8,4,1,2,current_internal_high,internal,0.0,4.0,3142.0,3142.0,3142.0,0.31928480204342274,active_bull_internal_ob,internal,1.0,2.0,3118.0,3129.0,3123.5,0.09578544061302681,3135.0,3136.0,3131.0,3132.0,36237.0,795925.0,0,0,0,0,0,0,,3142.0,4.0,above,0.31928480204342274,3113.0,True,2.0,3118.0,2.0,below,0.4469987228607918,3077.0,False,,3143.0,112.0,above,0.351213282247765,3202.0,False,,3009.0,86.0,below,3.9272030651340994,3021.0,False,,1,1,0.0002535090728879721,90,UP_CONFIRMED,0.011782039595477016,0.008075185609426742,0.005062254263291871,0.7679931074875179,0.0002535090728879721,0.02281581655991749,0.0012328056396033737,0.002967027600476957,0.005720859230615272,3095.52836226685,1.1782039595477016,-0.0956937799043045,-1.37619490649872,,19,1,1451,1540,2025-11-13 21:00:00,2025-12-02 13:30:00,3052.0,3132.0,90,2.6212319790301475,0.02912479976700164,18.0,-1.0,1401.0,1450.0,2025-11-04 14:00:00,2025-11-13 14:00:00,3044.0,3046.0,50.0,0.06570302233903647,0.0013140604467807293,11367656.0,,126307.28888888888,,6591353.0,0.0,131827.06,0.0,0.9581286944341236,,1.7246316499814227,,45.55555555555556,50.0,4.444444444444445,False,False,2025-11-21 22:00:00,3060.0,2025-11-21 21:00:00,3055.0,4,4,2025-11-28 10:00:00,3098.0,2025-11-28 09:00:00,3089.0,10,10,0.6268901432287005,11.106055324310692,2.0
RB:5m:1:1:15129:15138:3,RB,4h,658,2025-12-02 11:30:00,190.0,1,1,CHoCH,1,3163.0,273.0,BOS,1,3116.0,4.0,5,3,1,1,active_bear_internal_ob,internal,-1.0,122.0,3154.0,3179.0,3166.5,0.70242656449553,current_internal_high,internal,0.0,12.0,3116.0,3116.0,3116.0,0.5108556832694764,3131.0,3146.0,3127.0,3135.0,207753.0,800966.0,0,0,0,0,0,0,,3116.0,12.0,below,0.5108556832694764,3104.0,True,4.0,3077.0,4.0,below,1.7560664112388251,3046.0,False,,3384.0,199.0,above,8.045977011494253,3163.0,False,,3009.0,7.0,below,3.9272030651340994,2912.0,False,,0,0,0.00045291496280288614,5,NONE,0.02207287744026239,0.02169152613067375,0.0006751991690262092,0.7138945015194472,0.00045291496280288614,0.0022645748140144306,,,,3067.295952370317,2.207287744026239,0.1277547109549637,-0.7094071160353902,,9,1,654,658,2025-11-28 21:00:00,2025-12-02 09:00:00,3124.0,3135.0,5,0.35211267605634866,0.07042253521126973,8.0,-1.0,601.0,653.0,2025-11-05 09:00:00,2025-11-28 13:30:00,3024.0,3110.0,53.0,2.8439153439153486,0.0536587800738745,1207482.0,,241496.4,,16027480.0,0.0,302405.28301886795,0.0,0.7985852548248382,,0.0753382315872489,,100.0,0.0,0.0,False,False,,,,,0,0,,,,,0,0,0.031127324327420994,17.204614551893222,
