candidate_id,symbol,context_tf,bar_index,bar_end,lag_minutes,swing_bias,internal_bias,last_swing_structure_type,last_swing_structure_bias,last_swing_structure_level,last_swing_structure_age,last_internal_structure_type,last_internal_structure_bias,last_internal_structure_level,last_internal_structure_age,active_bull_internal_ob_count,active_bear_internal_ob_count,active_bull_swing_ob_count,active_bear_swing_ob_count,nearest_above_type,nearest_above_structure_class,nearest_above_bias,nearest_above_age_bars,nearest_above_zone_low,nearest_above_zone_high,nearest_above_object_price_center,nearest_above_distance_pct,nearest_below_type,nearest_below_structure_class,nearest_below_bias,nearest_below_age_bars,nearest_below_zone_low,nearest_below_zone_high,nearest_below_object_price_center,nearest_below_distance_pct,open,high,low,close,volume,close_oi,overlap_object_count,overlap_active_ob_count,overlap_bull_ob_count,overlap_bear_ob_count,overlap_internal_count,overlap_swing_count,overlap_types,current_internal_high_level,current_internal_high_age,current_internal_high_relation,current_internal_high_distance_pct,current_internal_high_last_level,current_internal_high_crossed,current_internal_high_crossed_age,current_internal_low_level,current_internal_low_age,current_internal_low_relation,current_internal_low_distance_pct,current_internal_low_last_level,current_internal_low_crossed,current_internal_low_crossed_age,current_swing_high_level,current_swing_high_age,current_swing_high_relation,current_swing_high_distance_pct,current_swing_high_last_level,current_swing_high_crossed,current_swing_high_crossed_age,current_swing_low_level,current_swing_low_age,current_swing_low_relation,current_swing_low_distance_pct,current_swing_low_last_level,current_swing_low_crossed,current_swing_low_crossed_age,dsa_direction,dsa_raw_regime_value,dsa_raw_regime_strength,dsa_raw_dsa_dir_bars,dsa_raw_trend_transition,dsa_raw_offset_rate,dsa_raw_offset_mean,dsa_raw_offset_std,dsa_raw_offset_percentile,dsa_raw_vwap_ret_avg,dsa_raw_vwap_ret_total,dsa_raw_vwap_ret_5,dsa_raw_vwap_ret_10,dsa_raw_vwap_ret_20,dsa_raw_dsa_vwap,dsa_raw_dsa_vwap_dev_pct,dsa_raw_change_pct,dsa_raw_vol_zscore,dsa_raw_avg_amount_20d,dsa_raw_segment_id,dsa_raw_segment_direction,dsa_raw_segment_start_bar_index,dsa_raw_segment_end_bar_index,dsa_raw_segment_start_time,dsa_raw_segment_end_time,dsa_raw_segment_start_price,dsa_raw_segment_end_price,dsa_raw_segment_bars,dsa_raw_segment_change_pct,dsa_raw_segment_slope,dsa_raw_prev_segment_id,dsa_raw_prev_segment_direction,dsa_raw_prev_segment_start_bar_index,dsa_raw_prev_segment_end_bar_index,dsa_raw_prev_segment_start_time,dsa_raw_prev_segment_end_time,dsa_raw_prev_segment_start_price,dsa_raw_prev_segment_end_price,dsa_raw_prev_segment_bars,dsa_raw_prev_segment_change_pct,dsa_raw_prev_segment_slope,dsa_raw_current_segment_volume_sum,dsa_raw_current_segment_amount_sum,dsa_raw_current_segment_volume_mean,dsa_raw_current_segment_amount_mean,dsa_raw_prev_segment_volume_sum,dsa_raw_prev_segment_amount_sum,dsa_raw_prev_segment_volume_mean,dsa_raw_prev_segment_amount_mean,dsa_raw_current_vs_prev_volume_mean_ratio,dsa_raw_current_vs_prev_amount_mean_ratio,dsa_raw_current_vs_prev_volume_ratio,dsa_raw_current_vs_prev_amount_ratio,dsa_raw_rope_dir1_pct,dsa_raw_rope_dir0_pct,dsa_raw_rope_dir_neg1_pct,dsa_raw_touch_rope,dsa_raw_touch_vwap,dsa_raw_last_cross_up_date,dsa_raw_last_cross_up_price,dsa_raw_last_cross_down_date,dsa_raw_last_cross_down_price,dsa_raw_cross_up_count,dsa_raw_cross_down_count,dsa_raw_rope_cross_up_date,dsa_raw_rope_cross_up_price,dsa_raw_rope_cross_down_date,dsa_raw_rope_cross_down_price,dsa_raw_rope_cross_up_count,dsa_raw_rope_cross_down_count,dsa_raw_offset_variance_rate,atr14,component_15m_count
M:5m:1:-1:26077:26084:1,M,5m,26088.0,2026-07-31 14:35:00,0.0,-1.0,-1.0,BOS,-1.0,3091.0,121.0,CHoCH,-1.0,3069.0,4.0,32.0,7.0,12.0,3.0,current_internal_high,internal,0.0,6.0,3076.0,3076.0,3076.0,0.13020833333333331,current_internal_low,internal,0.0,12.0,3069.0,3069.0,3069.0,0.09765625,3070.0,3073.0,3069.0,3072.0,11885.0,1569346.0,2.0,2.0,1.0,1.0,2.0,0.0,active_bear_internal_ob|active_bull_internal_ob,3076.0,6.0,above,0.13020833333333331,3076.0,False,,3069.0,12.0,below,0.09765625,3069.0,True,4.0,3086.0,0.0,above,0.4557291666666667,3122.0,False,,3062.0,22.0,below,0.32552083333333337,3091.0,False,,0.0,0.0,-7.839021568921566e-05,-9.0,NONE,-0.0006300278111908323,-0.0014222927479534235,0.0007305376814724103,0.8609274523805325,-7.839021568921566e-05,-0.0007055119412029409,-0.000620563050007128,,,3073.9366655891604,-0.06300278111908322,0.03256268316509381,0.7468460671047951,,342.0,-1.0,26080.0,26088.0,2026-07-31 13:50:00,2026-07-31 14:30:00,3072.0,3072.0,9.0,0.0,0.0,341.0,1.0,26031.0,26079.0,2026-07-30 21:30:00,2026-07-31 13:45:00,3079.0,3072.0,49.0,-0.22734654108477192,-0.004639725328260651,101584.0,,11287.111111111111,,380912.0,0.0,7773.714285714285,0.0,1.4519585742755399,,0.2666862687444869,,0.0,11.11111111111111,88.88888888888889,True,True,,,,,0.0,0.0,2026-07-31 14:30:00,3072.0,,,1.0,0.0,0.5136338370026854,3.497538584532394,
M:5m:1:-1:26077:26084:1,M,15m,8695.0,2026-07-31 14:30:00,5.0,1.0,1.0,BOS,1.0,3098.0,216.0,CHoCH,1.0,3081.0,17.0,19.0,4.0,8.0,0.0,current_internal_high,internal,0.0,11.0,3086.0,3086.0,3086.0,0.4557291666666667,active_bull_internal_ob,internal,1.0,224.0,3055.0,3066.0,3060.5,0.1953125,3068.0,3071.0,3065.0,3071.0,45617.0,1570483.0,1.0,1.0,1.0,0.0,1.0,0.0,active_bull_internal_ob,3086.0,11.0,above,0.4557291666666667,3081.0,False,,3062.0,18.0,below,0.32552083333333337,3064.0,False,,3229.0,63.0,above,5.110677083333334,3098.0,False,,3040.0,246.0,below,1.0416666666666665,2921.0,False,,-1.0,-1.0,-0.00034994770583334715,-90.0,DOWN_CONFIRMED,-0.008846564835255578,-0.014104603884207532,0.004064760023625465,0.9020924701691337,-0.00034994770583334715,-0.031495293525001244,-0.0011172352730688395,-0.0018185507403444268,-0.0035413540383414377,3098.4102874945434,-0.8846564835255578,0.09778357235983304,2.187625054273738,,124.0,-1.0,8606.0,8695.0,2026-07-27 21:00:00,2026-07-31 14:15:00,3125.0,3071.0,90.0,-1.7279999999999962,-0.019199999999999957,123.0,1.0,8472.0,8605.0,2026-07-17 22:00:00,2026-07-27 14:45:00,3082.0,3164.0,134.0,2.6606099935106986,0.019855298459035064,4448763.0,,49430.7,,8430485.0,0.0,62914.067164179105,0.0,0.7856859718035202,,0.5276995333008718,,0.0,48.888888888888886,51.11111111111111,True,True,,,,,0.0,0.0,2026-07-31 09:30:00,3078.0,2026-07-31 09:45:00,3071.0,7.0,7.0,0.2881867549769792,6.297552951524878,
M:5m:1:-1:26077:26084:1,M,1h,2650.0,2026-07-31 14:00:00,35.0,1.0,-1.0,CHoCH,1.0,3073.0,81.0,BOS,-1.0,3091.0,12.0,12.0,2.0,2.0,0.0,current_swing_high,swing,0.0,342.0,3073.0,3073.0,3073.0,0.03255208333333333,active_bull_internal_ob,internal,1.0,66.0,3055.0,3066.0,3060.5,0.1953125,3071.0,3076.0,3068.0,3073.0,54767.0,1573973.0,0.0,0.0,0.0,0.0,0.0,0.0,,3122.0,11.0,above,1.6276041666666667,3209.0,False,,3062.0,1.0,below,0.32552083333333337,3091.0,False,,3073.0,342.0,above,0.03255208333333333,3001.0,True,81.0,2887.0,205.0,below,6.022135416666666,2933.0,False,,0.0,0.0,-0.00043631519601363176,-13.0,NONE,-0.032306805487896356,-0.03382366449359731,0.0022706977519435473,0.7479378291186805,-0.00043631519601363176,-0.005672097548177213,-0.0014454079332413272,-0.004029802236546809,,3175.5932742188606,-3.2306805487896355,0.06512536633018762,-0.9274668115404396,,34.0,-1.0,2638.0,2650.0,2026-07-29 21:00:00,2026-07-31 13:30:00,3090.0,3073.0,13.0,-0.5501618122977336,-0.04232013940751797,33.0,1.0,2470.0,2637.0,2026-06-25 21:00:00,2026-07-29 14:00:00,2964.0,3109.0,168.0,4.892037786774628,0.029119272540325165,1646931.0,,126687.0,,26577713.0,0.0,158200.67261904763,0.0,0.8007993765302529,,0.061966618421983866,,0.0,0.0,100.0,True,True,,,,,0.0,0.0,,,,,0.0,0.0,0.0671334045538851,13.67707655732209,2.0
M:5m:1:-1:26077:26084:1,M,4h,1133.0,2026-07-31 11:30:00,185.0,1.0,1.0,BOS,1.0,3073.0,34.0,BOS,1.0,3098.0,26.0,9.0,0.0,2.0,0.0,current_swing_high,swing,0.0,117.0,3073.0,3073.0,3073.0,0.03255208333333333,active_bull_internal_ob,internal,1.0,43.0,3034.0,3054.0,3044.0,0.5859375,3075.0,3080.0,3069.0,3071.0,199510.0,1578515.0,0.0,0.0,0.0,0.0,0.0,0.0,,3229.0,9.0,above,5.110677083333334,3098.0,False,,3040.0,32.0,below,1.0416666666666665,3034.0,False,,3073.0,117.0,above,0.03255208333333333,3203.0,True,34.0,2887.0,58.0,below,6.022135416666666,2824.0,False,,1.0,1.0,0.0008662708699700844,64.0,UP_CONFIRMED,-0.010049642368063723,0.019887144338087265,0.012764921066445823,0.009507451205856943,0.0008662708699700844,0.0554413356780854,-0.0011137563542682472,-0.0007140364682192146,0.01580410941600685,3102.1757569199226,-1.0049642368063723,-0.13008130081301195,-1.2995760070543456,,17.0,1.0,1070.0,1133.0,2026-07-02 09:00:00,2026-07-31 09:00:00,2983.0,3071.0,64.0,2.950050284948036,0.04609453570231306,16.0,-1.0,993.0,1069.0,2026-05-26 09:00:00,2026-07-01 21:00:00,2978.0,2974.0,77.0,-0.1343183344526544,-0.0017443939539305766,23910538.0,,373602.15625,,23145249.0,0.0,300587.6493506493,0.0,1.242905878059467,,1.033064625919557,,79.6875,3.125,17.1875,True,True,2026-07-28 21:00:00,3117.0,2026-07-29 21:00:00,3092.0,1.0,2.0,,,2026-07-27 09:00:00,3181.0,0.0,1.0,0.6418679750817128,25.105219069213376,
M:5m:1:1:26095:26098:1,M,5m,26118.0,2026-08-03 09:05:00,0.0,-1.0,-1.0,BOS,-1.0,3062.0,0.0,CHoCH,-1.0,3070.0,0.0,29.0,7.0,11.0,4.0,current_swing_low,swing,0.0,52.0,3062.0,3062.0,3062.0,0.42636930141029844,active_bull_internal_ob,internal,1.0,1084.0,3040.0,3046.0,3043.0,0.09839291571006888,3065.0,3065.0,3045.0,3049.0,133279.0,1507927.0,0.0,0.0,0.0,0.0,0.0,0.0,,3079.0,5.0,above,0.9839291571006887,3086.0,False,,3070.0,7.0,above,0.6887504099704822,3065.0,True,0.0,3086.0,30.0,above,1.2135126270908494,3122.0,False,,3062.0,52.0,above,0.42636930141029844,3091.0,True,0.0,0.0,0.0,0.0,-1.0,UP_BROKEN,0.0012240253113413573,0.0012240253113413573,0.0,0.5,0.0,0.0,,,,3045.272509368601,0.12240253113413574,-0.8132726089785325,4.300188775038472,,344.0,-1.0,26118.0,26118.0,2026-08-03 09:00:00,2026-08-03 09:00:00,3049.0,3049.0,1.0,0.0,0.0,343.0,1.0,26098.0,26117.0,2026-07-31 21:20:00,2026-07-31 22:55:00,3081.0,3074.0,20.0,-0.2271989613761738,-0.01135994806880869,133279.0,,133279.0,,185502.0,0.0,9275.1,0.0,14.369548576295673,,0.7184774288147837,,0.0,0.0,100.0,True,True,2026-08-03 09:00:00,3049.0,,,1.0,0.0,,,,,0.0,0.0,0.0,5.395557111204322,
M:5m:1:1:26095:26098:1,M,15m,8705.0,2026-07-31 23:00:00,3485.0,1.0,1.0,BOS,1.0,3098.0,226.0,CHoCH,1.0,3081.0,27.0,19.0,4.0,8.0,0.0,active_bull_internal_ob,internal,1.0,234.0,3055.0,3066.0,3060.5,0.19678583142013775,active_bull_internal_ob,internal,1.0,296.0,3040.0,3045.0,3042.5,0.13119055428009183,3076.0,3076.0,3072.0,3074.0,15000.0,1540047.0,0.0,0.0,0.0,0.0,0.0,0.0,,3086.0,1.0,above,1.2135126270908494,3086.0,False,,3065.0,2.0,above,0.5247622171203673,3062.0,False,,3229.0,73.0,above,5.903574942604132,3098.0,False,,3040.0,256.0,below,0.29517874713020664,2921.0,False,,-1.0,-1.0,-0.00033561091206938174,-100.0,DOWN_CONFIRMED,-0.005757630867969195,-0.013330181936883616,0.0045201481563354575,0.9530611545892427,-0.00033561091206938174,-0.033561091206938176,-0.00039831388991351524,-0.0021329763997282036,-0.003947648214261856,3091.8014514746424,-0.5757630867969196,-0.03252032520325576,-0.7157933911488435,,124.0,-1.0,8606.0,8705.0,2026-07-27 21:00:00,2026-07-31 22:45:00,3125.0,3074.0,100.0,-1.6320000000000001,-0.01632,123.0,1.0,8472.0,8605.0,2026-07-17 22:00:00,2026-07-27 14:45:00,3082.0,3164.0,134.0,2.6606099935106986,0.019855298459035064,4815979.0,,48159.79,,8430485.0,0.0,62914.067164179105,0.0,0.7654852431384435,,0.5712576441331667,,0.0,54.0,46.0,True,True,,,,,0.0,0.0,2026-07-31 22:00:00,3077.0,2026-07-31 22:15:00,3075.0,9.0,9.0,0.33909125754904706,6.765393693632375,
M:5m:1:1:26095:26098:1,M,1h,2653.0,2026-07-31 23:00:00,3485.0,1.0,-1.0,CHoCH,1.0,3073.0,84.0,BOS,-1.0,3091.0,15.0,12.0,2.0,2.0,0.0,active_bull_internal_ob,internal,1.0,69.0,3055.0,3066.0,3060.5,0.19678583142013775,active_bull_internal_ob,internal,1.0,139.0,2957.0,2965.0,2961.0,2.755001639881929,3071.0,3079.0,3070.0,3074.0,56408.0,1540047.0,1.0,1.0,1.0,0.0,1.0,0.0,active_bull_internal_ob,3086.0,2.0,above,1.2135126270908494,3122.0,False,,3062.0,4.0,above,0.42636930141029844,3091.0,False,,3073.0,345.0,above,0.787143325680551,3001.0,True,84.0,2887.0,208.0,below,5.313217448343719,2933.0,False,,0.0,0.0,-0.0004775532298739449,-16.0,NONE,-0.030071459936673133,-0.0333312974124451,0.002321581943712905,0.9198621491004855,-0.0004775532298739449,-0.007640851677983118,-0.00238869335509162,-0.004937452557574051,,3169.305647815351,-3.0071459936673133,0.09768804949528143,-0.8887930858230431,,34.0,-1.0,2638.0,2653.0,2026-07-29 21:00:00,2026-07-31 22:00:00,3090.0,3074.0,16.0,-0.517799352750814,-0.032362459546925876,33.0,1.0,2470.0,2637.0,2026-06-25 21:00:00,2026-07-29 14:00:00,2964.0,3109.0,168.0,4.892037786774628,0.029119272540325165,2078803.0,,129925.1875,,26577713.0,0.0,158200.67261904763,0.0,0.8212682370375509,,0.07821602257500486,,0.0,0.0,100.0,True,True,,,,,0.0,0.0,,,,,0.0,0.0,0.06965171247267689,13.787003351471078,4.0
M:5m:1:1:26095:26098:1,M,4h,1135.0,2026-07-31 23:00:00,3485.0,1.0,1.0,BOS,1.0,3073.0,36.0,BOS,1.0,3098.0,28.0,9.0,0.0,2.0,0.0,current_swing_high,swing,0.0,119.0,3073.0,3073.0,3073.0,0.787143325680551,current_internal_low,internal,0.0,34.0,3040.0,3040.0,3040.0,0.29517874713020664,3071.0,3086.0,3065.0,3074.0,283918.0,1540047.0,2.0,2.0,2.0,0.0,2.0,0.0,active_bull_internal_ob,3229.0,11.0,above,5.903574942604132,3098.0,False,,3040.0,34.0,below,0.29517874713020664,3034.0,False,,3073.0,119.0,above,0.787143325680551,3203.0,True,36.0,2887.0,60.0,below,5.313217448343719,2824.0,False,,1.0,1.0,0.000833644064468764,66.0,UP_CONFIRMED,-0.008687321240297141,0.019003305349906185,0.013528253704204652,0.020335243942316783,0.000833644064468764,0.05502050825493843,-0.0009829367239476694,-0.0013547321437225035,0.009582272062275798,3100.9388519534377,-0.8687321240297141,0.09768804949528143,-0.6865961111652955,,17.0,1.0,1070.0,1135.0,2026-07-02 09:00:00,2026-07-31 21:00:00,2983.0,3074.0,66.0,3.0506201810258204,0.04622151789433061,16.0,-1.0,993.0,1069.0,2026-05-26 09:00:00,2026-07-01 21:00:00,2978.0,2974.0,77.0,-0.1343183344526544,-0.0017443939539305766,24397177.0,,369654.19696969696,,23145249.0,0.0,300587.6493506493,0.0,1.2297717413481561,,1.054090064012705,,77.27272727272727,3.0303030303030303,19.696969696969695,True,True,2026-07-28 21:00:00,3117.0,2026-07-29 21:00:00,3092.0,1.0,2.0,,,2026-07-27 09:00:00,3181.0,0.0,1.0,0.7118895084360384,24.009091952536025,
M:5m:1:-1:26108:26118:1,M,5m,26141.0,2026-08-03 11:15:00,0.0,-1.0,-1.0,BOS,-1.0,3062.0,23.0,CHoCH,-1.0,3070.0,23.0,29.0,7.0,11.0,4.0,current_internal_high,internal,0.0,28.0,3079.0,3079.0,3079.0,0.16265452179570591,current_swing_low,swing,0.0,75.0,3062.0,3062.0,3062.0,0.3903708523096942,3071.0,3075.0,3070.0,3074.0,9285.0,1491381.0,1.0,1.0,0.0,1.0,1.0,0.0,active_bear_internal_ob,3079.0,28.0,above,0.16265452179570591,3086.0,False,,3049.0,17.0,below,0.8132726089785295,3070.0,False,,3086.0,53.0,above,0.3903708523096942,3122.0,False,,3062.0,75.0,below,0.3903708523096942,3091.0,True,23.0,0.0,0.0,2.1077387317917456e-05,-24.0,NONE,0.008923100127858349,0.005061398690508158,0.0015668565398816148,0.9931420133378577,2.1077387317917456e-05,0.0005058572956300189,0.00018936943390168715,0.0002961765990880938,0.00044361451571806043,3046.812982684646,0.8923100127858349,0.09768804949528143,-0.19062017021147587,,344.0,-1.0,26118.0,26141.0,2026-08-03 09:00:00,2026-08-03 11:10:00,3049.0,3074.0,24.0,0.8199409642505762,0.034164206843774005,343.0,1.0,26098.0,26117.0,2026-07-31 21:20:00,2026-07-31 22:55:00,3081.0,3074.0,20.0,-0.2271989613761738,-0.01135994806880869,406790.0,,16949.583333333332,,185502.0,0.0,9275.1,0.0,1.827428635091086,,2.1929143621093035,,45.83333333333333,37.5,16.666666666666664,False,False,2026-08-03 09:00:00,3049.0,,,1.0,0.0,2026-08-03 09:20:00,3060.0,,,1.0,0.0,0.3095698710358469,4.612228301549269,
M:5m:1:-1:26108:26118:1,M,15m,8713.0,2026-08-03 11:15:00,0.0,1.0,-1.0,BOS,1.0,3098.0,234.0,CHoCH,-1.0,3065.0,7.0,17.0,5.0,8.0,0.0,current_internal_high,internal,0.0,9.0,3086.0,3086.0,3086.0,0.3903708523096942,active_bull_internal_ob,internal,1.0,304.0,3040.0,3045.0,3042.5,0.9433962264150944,3065.0,3075.0,3065.0,3074.0,36839.0,1491381.0,1.0,1.0,0.0,1.0,1.0,0.0,active_bear_internal_ob,3086.0,9.0,above,0.3903708523096942,3086.0,False,,3045.0,2.0,below,0.9433962264150944,3065.0,False,,3229.0,81.0,above,5.042290175666884,3098.0,False,,3040.0,264.0,below,1.1060507482108002,2921.0,False,,-1.0,-1.0,-0.00044305818356390304,-108.0,DOWN_CONFIRMED,0.009163258651946584,-0.011924517413045666,0.006617945081481858,0.9992798574849848,-0.00044305818356390304,-0.04785028382490153,0.00017461285784858838,-0.014903345749501251,-0.017429252315285915,3046.0879086167774,0.9163258651946584,0.2609262883235486,-0.12664358412766655,,124.0,-1.0,8606.0,8713.0,2026-07-27 21:00:00,2026-08-03 11:00:00,3125.0,3074.0,108.0,-1.6320000000000001,-0.015111111111111112,123.0,1.0,8472.0,8605.0,2026-07-17 22:00:00,2026-07-27 14:45:00,3082.0,3164.0,134.0,2.6606099935106986,0.019855298459035064,5222769.0,,48358.97222222222,,8430485.0,0.0,62914.067164179105,0.0,0.7686511840988718,,0.6195099095722251,,0.0,50.92592592592593,49.074074074074076,True,False,2026-08-03 09:00:00,3057.0,,,1.0,0.0,2026-08-03 11:00:00,3074.0,2026-07-31 22:15:00,3075.0,10.0,9.0,0.5549864076043606,7.865756257888655,
M:5m:1:-1:26108:26118:1,M,1h,2655.0,2026-08-03 11:00:00,15.0,1.0,-1.0,CHoCH,1.0,3073.0,86.0,BOS,-1.0,3062.0,1.0,11.0,3.0,2.0,0.0,current_internal_high,internal,0.0,4.0,3086.0,3086.0,3086.0,0.3903708523096942,current_swing_high,swing,0.0,347.0,3073.0,3073.0,3073.0,0.03253090435914119,3062.0,3067.0,3059.0,3066.0,81166.0,1488641.0,1.0,1.0,0.0,1.0,1.0,0.0,active_bear_internal_ob,3086.0,4.0,above,0.3903708523096942,3122.0,False,,3062.0,6.0,below,0.3903708523096942,3091.0,True,1.0,3073.0,347.0,below,0.03253090435914119,3001.0,True,86.0,2887.0,210.0,below,6.083279115159401,2933.0,False,,0.0,0.0,-0.0005286957360562888,-18.0,NONE,-0.03076370539281525,-0.03315464788901254,0.002268643586730558,0.8540375679595386,-0.0005286957360562888,-0.009516523249013198,-0.0038663560495046934,-0.005306175521039402,,3163.315299952318,-3.076370539281525,0.16334531198953783,-0.6513727597833173,,34.0,-1.0,2638.0,2655.0,2026-07-29 21:00:00,2026-08-03 10:00:00,3090.0,3066.0,18.0,-0.7766990291262155,-0.04314994606256753,33.0,1.0,2470.0,2637.0,2026-06-25 21:00:00,2026-07-29 14:00:00,2964.0,3109.0,168.0,4.892037786774628,0.029119272540325165,2448754.0,,136041.88888888888,,26577713.0,0.0,158200.67261904763,0.0,0.8599324303537076,,0.09213561753789726,,0.0,0.0,100.0,True,True,,,,,0.0,0.0,,,,,0.0,0.0,0.06842611009849957,14.382671257135778,3.0
M:5m:1:-1:26108:26118:1,M,4h,1135.0,2026-07-31 23:00:00,3615.0,1.0,1.0,BOS,1.0,3073.0,36.0,BOS,1.0,3098.0,28.0,9.0,0.0,2.0,0.0,current_internal_high,internal,0.0,11.0,3229.0,3229.0,3229.0,5.042290175666884,current_swing_high,swing,0.0,119.0,3073.0,3073.0,3073.0,0.03253090435914119,3071.0,3086.0,3065.0,3074.0,283918.0,1540047.0,0.0,0.0,0.0,0.0,0.0,0.0,,3229.0,11.0,above,5.042290175666884,3098.0,False,,3040.0,34.0,below,1.1060507482108002,3034.0,False,,3073.0,119.0,below,0.03253090435914119,3203.0,True,36.0,2887.0,60.0,below,6.083279115159401,2824.0,False,,1.0,1.0,0.000833644064468764,66.0,UP_CONFIRMED,-0.008687321240297141,0.019003305349906185,0.013528253704204652,0.020335243942316783,0.000833644064468764,0.05502050825493843,-0.0009829367239476694,-0.0013547321437225035,0.009582272062275798,3100.9388519534377,-0.8687321240297141,0.09768804949528143,-0.6865961111652955,,17.0,1.0,1070.0,1135.0,2026-07-02 09:00:00,2026-07-31 21:00:00,2983.0,3074.0,66.0,3.0506201810258204,0.04622151789433061,16.0,-1.0,993.0,1069.0,2026-05-26 09:00:00,2026-07-01 21:00:00,2978.0,2974.0,77.0,-0.1343183344526544,-0.0017443939539305766,24397177.0,,369654.19696969696,,23145249.0,0.0,300587.6493506493,0.0,1.2297717413481561,,1.054090064012705,,77.27272727272727,3.0303030303030303,19.696969696969695,True,True,2026-07-28 21:00:00,3117.0,2026-07-29 21:00:00,3092.0,1.0,2.0,,,2026-07-27 09:00:00,3181.0,0.0,1.0,0.7118895084360384,24.009091952536025,
M:5m:1:-1:26108:26118:2,M,5m,26144.0,2026-08-03 11:30:00,0.0,-1.0,-1.0,BOS,-1.0,3062.0,26.0,CHoCH,-1.0,3070.0,26.0,29.0,7.0,11.0,4.0,current_internal_high,internal,0.0,31.0,3079.0,3079.0,3079.0,0.13008130081300812,current_swing_low,swing,0.0,78.0,3062.0,3062.0,3062.0,0.42276422764227645,3071.0,3075.0,3071.0,3075.0,7037.0,1490684.0,1.0,1.0,0.0,1.0,1.0,0.0,active_bear_internal_ob,3079.0,31.0,above,0.13008130081300812,3086.0,False,,3049.0,20.0,below,0.8455284552845529,3070.0,False,,3086.0,56.0,above,0.35772357723577236,3122.0,False,,3062.0,78.0,below,0.42276422764227645,3091.0,True,26.0,0.0,0.0,2.1778206416064356e-05,-27.0,NONE,0.009168446350089248,0.0054240808257704646,0.0018094332919088387,0.9807437545584592,2.1778206416064356e-05,0.0005880115732337376,0.00016832734279570438,0.00030948711439982013,0.00047547921873736243,3047.06316484776,0.9168446350089248,0.13025073266037523,-0.5563088448378634,,344.0,-1.0,26118.0,26144.0,2026-08-03 09:00:00,2026-08-03 11:25:00,3049.0,3075.0,27.0,0.8527386028206019,0.031582911215577845,343.0,1.0,26098.0,26117.0,2026-07-31 21:20:00,2026-07-31 22:55:00,3081.0,3074.0,20.0,-0.2271989613761738,-0.01135994806880869,424581.0,,15725.222222222223,,185502.0,0.0,9275.1,0.0,1.695423469528331,,2.288821683863247,,51.85185185185185,33.33333333333333,14.814814814814813,False,False,2026-08-03 09:00:00,3049.0,,,1.0,0.0,2026-08-03 09:20:00,3060.0,,,1.0,0.0,0.3335926122840947,4.362268796830811,
M:5m:1:-1:26108:26118:2,M,15m,8714.0,2026-08-03 11:30:00,0.0,1.0,-1.0,BOS,1.0,3098.0,235.0,CHoCH,-1.0,3065.0,8.0,17.0,5.0,8.0,0.0,current_internal_high,internal,0.0,10.0,3086.0,3086.0,3086.0,0.35772357723577236,active_bull_internal_ob,internal,1.0,305.0,3040.0,3045.0,3042.5,0.975609756097561,3073.0,3075.0,3070.0,3075.0,17791.0,1490684.0,1.0,1.0,0.0,1.0,1.0,0.0,active_bear_internal_ob,3086.0,10.0,above,0.35772357723577236,3086.0,False,,3045.0,3.0,below,0.975609756097561,3065.0,False,,3229.0,82.0,above,5.008130081300813,3098.0,False,,3040.0,265.0,below,1.1382113821138211,2921.0,False,,-1.0,-1.0,-0.00043868888498007806,-109.0,DOWN_CONFIRMED,0.009456355308916323,-0.011728362617431338,0.0068957140289298245,0.9989374113492726,-0.00043868888498007806,-0.047817088462828505,0.00019223745508067935,-0.014828468084596258,-0.017237791064692254,3046.1941061919224,0.9456355308916322,0.03253090435915151,-0.5980999445403408,,124.0,-1.0,8606.0,8714.0,2026-07-27 21:00:00,2026-08-03 11:15:00,3125.0,3075.0,109.0,-1.6000000000000014,-0.01467889908256882,123.0,1.0,8472.0,8605.0,2026-07-17 22:00:00,2026-07-27 14:45:00,3082.0,3164.0,134.0,2.6606099935106986,0.019855298459035064,5240560.0,,48078.53211009174,,8430485.0,0.0,62914.067164179105,0.0,0.7641936736441964,,0.6216202270687867,,0.0,51.37614678899083,48.62385321100918,False,False,2026-08-03 09:00:00,3057.0,,,1.0,0.0,2026-08-03 11:00:00,3074.0,2026-07-31 22:15:00,3075.0,10.0,9.0,0.5879519804990541,7.661059382325179,
M:5m:1:-1:26108:26118:2,M,1h,2656.0,2026-08-03 11:30:00,0.0,1.0,-1.0,CHoCH,1.0,3073.0,87.0,BOS,-1.0,3062.0,2.0,11.0,3.0,2.0,0.0,current_internal_high,internal,0.0,5.0,3086.0,3086.0,3086.0,0.35772357723577236,current_swing_high,swing,0.0,348.0,3073.0,3073.0,3073.0,0.06504065040650406,3065.0,3075.0,3065.0,3075.0,54630.0,1490684.0,1.0,1.0,0.0,1.0,1.0,0.0,active_bear_internal_ob,3086.0,5.0,above,0.35772357723577236,3122.0,False,,3062.0,7.0,below,0.42276422764227645,3091.0,True,2.0,3073.0,348.0,below,0.06504065040650406,3001.0,True,87.0,2887.0,211.0,below,6.1138211382113825,2933.0,False,,0.0,0.0,-0.0005135941369278699,-19.0,NONE,-0.027681257513243972,-0.03286657471134051,0.0025238092791444316,0.9800392311854411,-0.0005135941369278699,-0.009758288601629528,-0.003411612372695383,-0.00524065382433847,,3162.5431719392004,-2.7681257513243973,0.29354207436398383,-0.9439647274692207,,34.0,-1.0,2638.0,2656.0,2026-07-29 21:00:00,2026-08-03 11:00:00,3090.0,3075.0,19.0,-0.4854368932038833,-0.025549310168625435,33.0,1.0,2470.0,2637.0,2026-06-25 21:00:00,2026-07-29 14:00:00,2964.0,3109.0,168.0,4.892037786774628,0.029119272540325165,2503384.0,,131757.05263157896,,26577713.0,0.0,158200.67261904763,0.0,0.832847613415995,,0.09419109913633276,,0.0,0.0,100.0,True,True,,,,,0.0,0.0,,,,,0.0,0.0,0.07678954382409674,14.069623310197507,2.0
M:5m:1:-1:26108:26118:2,M,4h,1136.0,2026-08-03 11:30:00,0.0,1.0,1.0,BOS,1.0,3073.0,37.0,BOS,1.0,3098.0,29.0,9.0,0.0,2.0,0.0,current_internal_high,internal,0.0,12.0,3229.0,3229.0,3229.0,5.008130081300813,current_swing_high,swing,0.0,120.0,3073.0,3073.0,3073.0,0.06504065040650406,3065.0,3075.0,3045.0,3075.0,424581.0,1490684.0,0.0,0.0,0.0,0.0,0.0,0.0,,3229.0,12.0,above,5.008130081300813,3098.0,False,,3040.0,35.0,below,1.1382113821138211,3034.0,False,,3073.0,120.0,below,0.06504065040650406,3203.0,True,37.0,2887.0,61.0,below,6.1138211382113825,2824.0,False,,1.0,1.0,0.0008142624717857482,67.0,UP_CONFIRMED,-0.00792765538606189,0.018601350712055917,0.013818305190387502,0.027438731421600582,0.0008142624717857482,0.05455558560964513,-0.0011943428740960327,-0.0018358549812026448,0.008372585114805098,3099.572341366523,-0.7927655386061889,0.03253090435915151,0.005477620869184934,,17.0,1.0,1070.0,1136.0,2026-07-02 09:00:00,2026-08-03 09:00:00,2983.0,3075.0,67.0,3.0841434797184153,0.04603199223460321,16.0,-1.0,993.0,1069.0,2026-05-26 09:00:00,2026-07-01 21:00:00,2978.0,2974.0,77.0,-0.1343183344526544,-0.0017443939539305766,24821758.0,,370474.0,,23145249.0,0.0,300587.6493506493,0.0,1.2324990757282412,,1.0724342606985995,,76.11940298507463,2.9850746268656714,20.8955223880597,True,True,2026-07-28 21:00:00,3117.0,2026-07-29 21:00:00,3092.0,1.0,2.0,,,2026-07-27 09:00:00,3181.0,0.0,1.0,0.7428656877821015,24.43701395592631,
M:5m:1:-1:26108:26118:3,M,5m,26148.0,2026-08-03 13:50:00,0.0,-1.0,-1.0,BOS,-1.0,3062.0,30.0,CHoCH,-1.0,3070.0,30.0,29.0,7.0,11.0,4.0,current_internal_high,internal,0.0,35.0,3079.0,3079.0,3079.0,0.16265452179570591,current_swing_low,swing,0.0,82.0,3062.0,3062.0,3062.0,0.3903708523096942,3072.0,3074.0,3072.0,3074.0,7089.0,1487556.0,1.0,1.0,0.0,1.0,1.0,0.0,active_bear_internal_ob,3079.0,35.0,above,0.16265452179570591,3086.0,False,,3049.0,24.0,below,0.8132726089785295,3070.0,False,,3086.0,60.0,above,0.3903708523096942,3122.0,False,,3062.0,82.0,below,0.3903708523096942,3091.0,True,30.0,0.0,0.0,2.3204721561357942e-05,-31.0,NONE,0.008707860902268995,0.005811307029330952,0.0019671014828857463,0.9295568365716729,2.3204721561357942e-05,0.0007193463684020962,0.0001661153732321896,0.0003530048895536986,0.000550575823328403,3047.4631150890095,0.8707860902268996,0.032541490400261885,-0.4385847352023782,,344.0,-1.0,26118.0,26148.0,2026-08-03 09:00:00,2026-08-03 13:45:00,3049.0,3074.0,31.0,0.8199409642505762,0.026449708524212134,343.0,1.0,26098.0,26117.0,2026-07-31 21:20:00,2026-07-31 22:55:00,3081.0,3074.0,20.0,-0.2271989613761738,-0.01135994806880869,450584.0,,14534.967741935483,,185502.0,0.0,9275.1,0.0,1.5670955290978514,,2.4289980701016702,,58.06451612903226,29.03225806451613,12.903225806451612,False,False,2026-08-03 09:00:00,3049.0,,,1.0,0.0,2026-08-03 09:20:00,3060.0,,,1.0,0.0,0.338495535162288,3.9278362949366104,
M:5m:1:-1:26108:26118:3,M,15m,8715.0,2026-08-03 13:45:00,5.0,1.0,-1.0,BOS,1.0,3098.0,236.0,CHoCH,-1.0,3065.0,9.0,17.0,5.0,8.0,0.0,current_internal_high,internal,0.0,11.0,3086.0,3086.0,3086.0,0.3903708523096942,active_bull_internal_ob,internal,1.0,306.0,3040.0,3045.0,3042.5,0.9433962264150944,3074.0,3074.0,3070.0,3073.0,18914.0,1488966.0,1.0,1.0,0.0,1.0,1.0,0.0,active_bear_internal_ob,3086.0,11.0,above,0.3903708523096942,3086.0,False,,3045.0,4.0,below,0.9433962264150944,3065.0,False,,3229.0,83.0,above,5.042290175666884,3098.0,False,,3040.0,266.0,below,1.1060507482108002,2921.0,False,,-1.0,-1.0,-0.00043438351209288003,-110.0,DOWN_CONFIRMED,0.008762822268458318,-0.011542079118468704,0.007134497837336973,0.9977865077033536,-0.00043438351209288003,-0.0477821863302168,0.00020739612405940022,-0.014714944725309875,-0.016816534495215696,3046.3057640145603,0.8762822268458318,-0.06504065040650042,-0.5331329634533566,,124.0,-1.0,8606.0,8715.0,2026-07-27 21:00:00,2026-08-03 13:30:00,3125.0,3073.0,110.0,-1.6639999999999988,-0.015127272727272717,123.0,1.0,8472.0,8605.0,2026-07-17 22:00:00,2026-07-27 14:45:00,3082.0,3164.0,134.0,2.6606099935106986,0.019855298459035064,5259474.0,,47813.4,,8430485.0,0.0,62914.067164179105,0.0,0.7599794792351804,,0.623863751610969,,0.0,51.81818181818182,48.18181818181818,False,False,2026-08-03 09:00:00,3057.0,,,1.0,0.0,2026-08-03 11:00:00,3074.0,2026-07-31 22:15:00,3075.0,10.0,9.0,0.6181293477637773,7.470983712159095,
M:5m:1:-1:26108:26118:3,M,1h,2656.0,2026-08-03 11:30:00,140.0,1.0,-1.0,CHoCH,1.0,3073.0,87.0,BOS,-1.0,3062.0,2.0,11.0,3.0,2.0,0.0,current_internal_high,internal,0.0,5.0,3086.0,3086.0,3086.0,0.3903708523096942,current_swing_high,swing,0.0,348.0,3073.0,3073.0,3073.0,0.03253090435914119,3065.0,3075.0,3065.0,3075.0,54630.0,1490684.0,1.0,1.0,0.0,1.0,1.0,0.0,active_bear_internal_ob,3086.0,5.0,above,0.3903708523096942,3122.0,False,,3062.0,7.0,below,0.3903708523096942,3091.0,True,2.0,3073.0,348.0,below,0.03253090435914119,3001.0,True,87.0,2887.0,211.0,below,6.083279115159401,2933.0,False,,0.0,0.0,-0.0005135941369278699,-19.0,NONE,-0.027681257513243972,-0.03286657471134051,0.0025238092791444316,0.9800392311854411,-0.0005135941369278699,-0.009758288601629528,-0.003411612372695383,-0.00524065382433847,,3162.5431719392004,-2.7681257513243973,0.29354207436398383,-0.9439647274692207,,34.0,-1.0,2638.0,2656.0,2026-07-29 21:00:00,2026-08-03 11:00:00,3090.0,3075.0,19.0,-0.4854368932038833,-0.025549310168625435,33.0,1.0,2470.0,2637.0,2026-06-25 21:00:00,2026-07-29 14:00:00,2964.0,3109.0,168.0,4.892037786774628,0.029119272540325165,2503384.0,,131757.05263157896,,26577713.0,0.0,158200.67261904763,0.0,0.832847613415995,,0.09419109913633276,,0.0,0.0,100.0,True,True,,,,,0.0,0.0,,,,,0.0,0.0,0.07678954382409674,14.069623310197507,2.0
M:5m:1:-1:26108:26118:3,M,4h,1136.0,2026-08-03 11:30:00,140.0,1.0,1.0,BOS,1.0,3073.0,37.0,BOS,1.0,3098.0,29.0,9.0,0.0,2.0,0.0,current_internal_high,internal,0.0,12.0,3229.0,3229.0,3229.0,5.042290175666884,current_swing_high,swing,0.0,120.0,3073.0,3073.0,3073.0,0.03253090435914119,3065.0,3075.0,3045.0,3075.0,424581.0,1490684.0,0.0,0.0,0.0,0.0,0.0,0.0,,3229.0,12.0,above,5.042290175666884,3098.0,False,,3040.0,35.0,below,1.1060507482108002,3034.0,False,,3073.0,120.0,below,0.03253090435914119,3203.0,True,37.0,2887.0,61.0,below,6.083279115159401,2824.0,False,,1.0,1.0,0.0008142624717857482,67.0,UP_CONFIRMED,-0.00792765538606189,0.018601350712055917,0.013818305190387502,0.027438731421600582,0.0008142624717857482,0.05455558560964513,-0.0011943428740960327,-0.0018358549812026448,0.008372585114805098,3099.572341366523,-0.7927655386061889,0.03253090435915151,0.005477620869184934,,17.0,1.0,1070.0,1136.0,2026-07-02 09:00:00,2026-08-03 09:00:00,2983.0,3075.0,67.0,3.0841434797184153,0.04603199223460321,16.0,-1.0,993.0,1069.0,2026-05-26 09:00:00,2026-07-01 21:00:00,2978.0,2974.0,77.0,-0.1343183344526544,-0.0017443939539305766,24821758.0,,370474.0,,23145249.0,0.0,300587.6493506493,0.0,1.2324990757282412,,1.0724342606985995,,76.11940298507463,2.9850746268656714,20.8955223880597,True,True,2026-07-28 21:00:00,3117.0,2026-07-29 21:00:00,3092.0,1.0,2.0,,,2026-07-27 09:00:00,3181.0,0.0,1.0,0.7428656877821015,24.43701395592631,
M:5m:1:-1:26108:26118:4,M,5m,26177.0,2026-08-03 22:15:00,0.0,-1.0,-1.0,BOS,-1.0,3062.0,59.0,CHoCH,-1.0,3070.0,59.0,29.0,7.0,11.0,4.0,current_internal_high,internal,0.0,6.0,3073.0,3073.0,3073.0,0.03255208333333333,current_internal_low,internal,0.0,9.0,3060.0,3060.0,3060.0,0.390625,3070.0,3074.0,3069.0,3072.0,8968.0,1440968.0,0.0,0.0,0.0,0.0,0.0,0.0,,3073.0,6.0,above,0.03255208333333333,3073.0,False,,3060.0,9.0,below,0.390625,3067.0,False,,3086.0,89.0,above,0.4557291666666667,3122.0,False,,3045.0,9.0,below,0.87890625,3062.0,False,,-1.0,-1.0,4.367053026946843e-05,-60.0,DOWN_CONFIRMED,0.00614039449141365,0.005914054170079398,0.0015879916516907797,0.5566702703730615,4.367053026946843e-05,0.002620231816168106,0.00026452837687429565,0.0004998493738526122,0.0014632272818368985,3053.25182928655,0.614039449141365,0.06514657980456473,-0.39577680512471797,,344.0,-1.0,26118.0,26177.0,2026-08-03 09:00:00,2026-08-03 22:10:00,3049.0,3072.0,60.0,0.7543456871105247,0.012572428118508746,343.0,1.0,26098.0,26117.0,2026-07-31 21:20:00,2026-07-31 22:55:00,3081.0,3074.0,20.0,-0.2271989613761738,-0.01135994806880869,790009.0,,13166.816666666668,,185502.0,0.0,9275.1,0.0,1.4195875695859523,,4.258762708757857,,35.0,58.333333333333336,6.666666666666667,False,False,2026-08-03 09:00:00,3049.0,,,1.0,0.0,2026-08-03 22:05:00,3070.0,2026-08-03 21:55:00,3067.0,5.0,4.0,0.26851151613132085,4.148022313265365,
M:5m:1:-1:26108:26118:4,M,15m,8725.0,2026-08-03 22:15:00,0.0,1.0,-1.0,BOS,1.0,3098.0,246.0,CHoCH,-1.0,3065.0,19.0,17.0,5.0,8.0,0.0,current_internal_high,internal,0.0,4.0,3075.0,3075.0,3075.0,0.09765625,active_bull_internal_ob,internal,1.0,316.0,3040.0,3045.0,3042.5,0.87890625,3067.0,3074.0,3063.0,3072.0,30598.0,1440968.0,1.0,1.0,0.0,1.0,1.0,0.0,active_bear_internal_ob,3075.0,4.0,above,0.09765625,3086.0,False,,3045.0,14.0,below,0.87890625,3065.0,False,,3229.0,93.0,above,5.110677083333334,3098.0,False,,3040.0,276.0,below,1.0416666666666665,2921.0,False,,-1.0,-1.0,-0.00039311610273426353,-120.0,DOWN_CONFIRMED,0.007790803110712546,-0.009993573991647688,0.008549400685860596,0.9812459416388798,-0.00039311610273426353,-0.04717393232811162,0.0003732119800801126,0.0006387761217792054,-0.014085568158854422,3048.2516713962514,0.7790803110712545,0.16302575806976805,-0.22712917004088573,,124.0,-1.0,8606.0,8725.0,2026-07-27 21:00:00,2026-08-03 22:00:00,3125.0,3072.0,120.0,-1.6959999999999975,-0.014133333333333312,123.0,1.0,8472.0,8605.0,2026-07-17 22:00:00,2026-07-27 14:45:00,3082.0,3164.0,134.0,2.6606099935106986,0.019855298459035064,5605988.0,,46716.566666666666,,8430485.0,0.0,62914.067164179105,0.0,0.7425456463457717,,0.6649662504589,,0.0,55.833333333333336,44.166666666666664,True,False,2026-08-03 09:00:00,3057.0,,,1.0,0.0,2026-08-03 22:00:00,3072.0,2026-08-03 21:15:00,3066.0,12.0,11.0,0.8554898070506021,7.219791995530621,
M:5m:1:-1:26108:26118:4,M,1h,2659.0,2026-08-03 22:00:00,15.0,1.0,-1.0,CHoCH,1.0,3073.0,90.0,BOS,-1.0,3062.0,5.0,11.0,3.0,2.0,0.0,current_swing_high,swing,0.0,351.0,3073.0,3073.0,3073.0,0.03255208333333333,active_bull_internal_ob,internal,1.0,111.0,3034.0,3051.0,3042.5,0.68359375,3060.0,3073.0,3060.0,3067.0,171335.0,1443420.0,1.0,1.0,0.0,1.0,1.0,0.0,active_bear_internal_ob,3086.0,8.0,above,0.4557291666666667,3122.0,False,,3045.0,0.0,below,0.87890625,3062.0,False,,3073.0,351.0,above,0.03255208333333333,3001.0,True,90.0,2887.0,214.0,below,6.022135416666666,2933.0,False,,0.0,0.0,-0.0005151205582942242,-22.0,NONE,-0.028666565425522626,-0.03233442078545977,0.0027040320272775243,0.9125202848279652,-0.0005151205582942242,-0.011332652282472933,-0.002220270707680272,-0.00594670598895608,-0.010868176567974452,3157.5151135856804,-2.8666565425522625,0.0,0.6605597022220979,,34.0,-1.0,2638.0,2659.0,2026-07-29 21:00:00,2026-08-03 21:00:00,3090.0,3067.0,22.0,-0.7443365695792847,-0.03383348043542203,33.0,1.0,2470.0,2637.0,2026-06-25 21:00:00,2026-07-29 14:00:00,2964.0,3109.0,168.0,4.892037786774628,0.029119272540325165,2838214.0,,129009.72727272728,,26577713.0,0.0,158200.67261904763,0.0,0.8154815345405446,,0.1067892485707856,,0.0,0.0,100.0,True,True,,,,,0.0,0.0,,,,,0.0,0.0,0.08362704392383861,13.0320562727784,4.0
M:5m:1:-1:26108:26118:4,M,4h,1137.0,2026-08-03 15:00:00,435.0,1.0,1.0,BOS,1.0,3073.0,38.0,BOS,1.0,3098.0,30.0,9.0,0.0,2.0,0.0,current_swing_high,swing,0.0,121.0,3073.0,3073.0,3073.0,0.03255208333333333,active_bull_internal_ob,internal,1.0,47.0,3034.0,3054.0,3044.0,0.5859375,3074.0,3075.0,3065.0,3067.0,163495.0,1460690.0,0.0,0.0,0.0,0.0,0.0,0.0,,3229.0,13.0,above,5.110677083333334,3098.0,False,,3040.0,36.0,below,1.0416666666666665,3034.0,False,,3073.0,121.0,above,0.03255208333333333,3203.0,True,38.0,2887.0,62.0,below,6.022135416666666,2824.0,False,,1.0,1.0,0.0008000040135098578,68.0,UP_CONFIRMED,-0.010362904973280653,0.01817540577550685,0.014152500993785991,0.02187462494058018,0.0008000040135098578,0.054400272918670334,-0.001151730698096265,-0.0020605871832208855,0.006761822176153176,3099.115842982011,-1.0362904973280653,-0.2601626016260128,-1.2676678406930537,,17.0,1.0,1070.0,1137.0,2026-07-02 09:00:00,2026-08-03 13:30:00,2983.0,3067.0,68.0,2.8159570901776787,0.04141113367908351,16.0,-1.0,993.0,1069.0,2026-05-26 09:00:00,2026-07-01 21:00:00,2978.0,2974.0,77.0,-0.1343183344526544,-0.0017443939539305766,24985253.0,,367430.1911764706,,23145249.0,0.0,300587.6493506493,0.0,1.2223728818207245,,1.07949812940012,,75.0,2.941176470588235,22.058823529411764,True,True,2026-07-28 21:00:00,3117.0,2026-07-29 21:00:00,3092.0,1.0,2.0,,,2026-07-27 09:00:00,3181.0,0.0,1.0,0.7786621750617465,23.40579867336015,
M:5m:0:-1:26036:26118:1,M,5m,26179.0,2026-08-03 22:25:00,0.0,-1.0,1.0,BOS,-1.0,3062.0,61.0,CHoCH,1.0,3073.0,1.0,30.0,6.0,11.0,4.0,active_bear_swing_ob,swing,-1.0,61.0,3080.0,3086.0,3083.0,0.13003901170351106,current_internal_high,internal,0.0,8.0,3073.0,3073.0,3073.0,0.0975292587776333,3078.0,3080.0,3075.0,3076.0,12181.0,1442221.0,0.0,0.0,0.0,0.0,0.0,0.0,,3073.0,8.0,below,0.0975292587776333,3073.0,True,1.0,3060.0,11.0,below,0.5201560468140443,3067.0,False,,3086.0,91.0,above,0.3250975292587776,3122.0,False,,3045.0,11.0,below,1.0078023407022108,3062.0,False,,0.0,0.0,6.02811680225912e-05,2.0,NONE,0.007144507020948073,0.007532678533580958,0.00038817151263288545,0.15865525393145707,6.02811680225912e-05,0.0001205623360451824,,,,3054.1793938772093,0.7144507020948073,-0.06497725795971965,-0.14690901123438616,,345.0,1.0,26178.0,26179.0,2026-08-03 22:15:00,2026-08-03 22:20:00,3078.0,3076.0,2.0,-0.06497725795971965,-0.032488628979859824,344.0,-1.0,26118.0,26177.0,2026-08-03 09:00:00,2026-08-03 22:10:00,3049.0,3072.0,60.0,0.7543456871105247,0.012572428118508746,31402.0,,15701.0,,790009.0,0.0,13166.816666666668,0.0,1.192467427586268,,0.0397489142528756,,100.0,0.0,0.0,False,False,,,,,0.0,0.0,,,,,0.0,0.0,0.051531671091817145,4.3317131170502385,
M:5m:0:-1:26036:26118:1,M,15m,8725.0,2026-08-03 22:15:00,10.0,1.0,-1.0,BOS,1.0,3098.0,246.0,CHoCH,-1.0,3065.0,19.0,17.0,5.0,8.0,0.0,active_bear_internal_ob,internal,-1.0,73.0,3111.0,3119.0,3115.0,1.1378413524057216,current_internal_high,internal,0.0,4.0,3075.0,3075.0,3075.0,0.032509752925877766,3067.0,3074.0,3063.0,3072.0,30598.0,1440968.0,1.0,1.0,0.0,1.0,1.0,0.0,active_bear_internal_ob,3075.0,4.0,below,0.032509752925877766,3086.0,False,,3045.0,14.0,below,1.0078023407022108,3065.0,False,,3229.0,93.0,above,4.973992197659298,3098.0,False,,3040.0,276.0,below,1.1703511053315996,2921.0,False,,-1.0,-1.0,-0.00039311610273426353,-120.0,DOWN_CONFIRMED,0.007790803110712546,-0.009993573991647688,0.008549400685860596,0.9812459416388798,-0.00039311610273426353,-0.04717393232811162,0.0003732119800801126,0.0006387761217792054,-0.014085568158854422,3048.2516713962514,0.7790803110712545,0.16302575806976805,-0.22712917004088573,,124.0,-1.0,8606.0,8725.0,2026-07-27 21:00:00,2026-08-03 22:00:00,3125.0,3072.0,120.0,-1.6959999999999975,-0.014133333333333312,123.0,1.0,8472.0,8605.0,2026-07-17 22:00:00,2026-07-27 14:45:00,3082.0,3164.0,134.0,2.6606099935106986,0.019855298459035064,5605988.0,,46716.566666666666,,8430485.0,0.0,62914.067164179105,0.0,0.7425456463457717,,0.6649662504589,,0.0,55.833333333333336,44.166666666666664,True,False,2026-08-03 09:00:00,3057.0,,,1.0,0.0,2026-08-03 22:00:00,3072.0,2026-08-03 21:15:00,3066.0,12.0,11.0,0.8554898070506021,7.219791995530621,
M:5m:0:-1:26036:26118:1,M,1h,2659.0,2026-08-03 22:00:00,25.0,1.0,-1.0,CHoCH,1.0,3073.0,90.0,BOS,-1.0,3062.0,5.0,11.0,3.0,2.0,0.0,current_internal_high,internal,0.0,8.0,3086.0,3086.0,3086.0,0.3250975292587776,current_swing_high,swing,0.0,351.0,3073.0,3073.0,3073.0,0.0975292587776333,3060.0,3073.0,3060.0,3067.0,171335.0,1443420.0,1.0,1.0,0.0,1.0,1.0,0.0,active_bear_internal_ob,3086.0,8.0,above,0.3250975292587776,3122.0,False,,3045.0,0.0,below,1.0078023407022108,3062.0,False,,3073.0,351.0,below,0.0975292587776333,3001.0,True,90.0,2887.0,214.0,below,6.144343302990897,2933.0,False,,0.0,0.0,-0.0005151205582942242,-22.0,NONE,-0.028666565425522626,-0.03233442078545977,0.0027040320272775243,0.9125202848279652,-0.0005151205582942242,-0.011332652282472933,-0.002220270707680272,-0.00594670598895608,-0.010868176567974452,3157.5151135856804,-2.8666565425522625,0.0,0.6605597022220979,,34.0,-1.0,2638.0,2659.0,2026-07-29 21:00:00,2026-08-03 21:00:00,3090.0,3067.0,22.0,-0.7443365695792847,-0.03383348043542203,33.0,1.0,2470.0,2637.0,2026-06-25 21:00:00,2026-07-29 14:00:00,2964.0,3109.0,168.0,4.892037786774628,0.029119272540325165,2838214.0,,129009.72727272728,,26577713.0,0.0,158200.67261904763,0.0,0.8154815345405446,,0.1067892485707856,,0.0,0.0,100.0,True,True,,,,,0.0,0.0,,,,,0.0,0.0,0.08362704392383861,13.0320562727784,4.0
M:5m:0:-1:26036:26118:1,M,4h,1137.0,2026-08-03 15:00:00,445.0,1.0,1.0,BOS,1.0,3073.0,38.0,BOS,1.0,3098.0,30.0,9.0,0.0,2.0,0.0,current_internal_high,internal,0.0,13.0,3229.0,3229.0,3229.0,4.973992197659298,current_swing_high,swing,0.0,121.0,3073.0,3073.0,3073.0,0.0975292587776333,3074.0,3075.0,3065.0,3067.0,163495.0,1460690.0,0.0,0.0,0.0,0.0,0.0,0.0,,3229.0,13.0,above,4.973992197659298,3098.0,False,,3040.0,36.0,below,1.1703511053315996,3034.0,False,,3073.0,121.0,below,0.0975292587776333,3203.0,True,38.0,2887.0,62.0,below,6.144343302990897,2824.0,False,,1.0,1.0,0.0008000040135098578,68.0,UP_CONFIRMED,-0.010362904973280653,0.01817540577550685,0.014152500993785991,0.02187462494058018,0.0008000040135098578,0.054400272918670334,-0.001151730698096265,-0.0020605871832208855,0.006761822176153176,3099.115842982011,-1.0362904973280653,-0.2601626016260128,-1.2676678406930537,,17.0,1.0,1070.0,1137.0,2026-07-02 09:00:00,2026-08-03 13:30:00,2983.0,3067.0,68.0,2.8159570901776787,0.04141113367908351,16.0,-1.0,993.0,1069.0,2026-05-26 09:00:00,2026-07-01 21:00:00,2978.0,2974.0,77.0,-0.1343183344526544,-0.0017443939539305766,24985253.0,,367430.1911764706,,23145249.0,0.0,300587.6493506493,0.0,1.2223728818207245,,1.07949812940012,,75.0,2.941176470588235,22.058823529411764,True,True,2026-07-28 21:00:00,3117.0,2026-07-29 21:00:00,3092.0,1.0,2.0,,,2026-07-27 09:00:00,3181.0,0.0,1.0,0.7786621750617465,23.40579867336015,
M:5m:0:-1:26036:26118:2,M,5m,26185.0,2026-08-03 22:55:00,0.0,-1.0,1.0,BOS,-1.0,3062.0,67.0,CHoCH,1.0,3073.0,7.0,30.0,6.0,11.0,4.0,active_bear_swing_ob,swing,-1.0,67.0,3080.0,3086.0,3083.0,0.09749756256093597,current_internal_high,internal,0.0,14.0,3073.0,3073.0,3073.0,0.12999675008124797,3079.0,3081.0,3077.0,3077.0,10030.0,1433472.0,0.0,0.0,0.0,0.0,0.0,0.0,,3073.0,14.0,below,0.12999675008124797,3073.0,True,7.0,3063.0,5.0,below,0.45498862528436784,3060.0,False,,3086.0,97.0,above,0.29249268768280795,3122.0,False,,3045.0,17.0,below,1.0399740006499838,3062.0,False,,0.0,0.0,9.360829088120304e-05,8.0,NONE,0.006839402255735559,0.007423395113698179,0.0004186971216508284,0.08154020015666547,9.360829088120304e-05,0.0007488663270496243,0.0005093564690470398,,,3056.0981156540465,0.6839402255735559,-0.03248862897985427,0.03007988949970518,,345.0,1.0,26178.0,26185.0,2026-08-03 22:15:00,2026-08-03 22:50:00,3078.0,3077.0,8.0,-0.03248862897985427,-0.004061078622481784,344.0,-1.0,26118.0,26177.0,2026-08-03 09:00:00,2026-08-03 22:10:00,3049.0,3072.0,60.0,0.7543456871105247,0.012572428118508746,89490.0,,11186.25,,790009.0,0.0,13166.816666666668,0.0,0.849578928847646,,0.11327719051301947,,100.0,0.0,0.0,False,False,,,,,0.0,0.0,,,,,0.0,0.0,0.056402375899164865,4.141918952083654,
M:5m:0:-1:26036:26118:2,M,15m,8727.0,2026-08-03 22:45:00,10.0,1.0,1.0,BOS,1.0,3098.0,248.0,CHoCH,1.0,3075.0,1.0,18.0,4.0,8.0,0.0,active_bear_internal_ob,internal,-1.0,75.0,3111.0,3119.0,3115.0,1.1049723756906076,current_internal_high,internal,0.0,6.0,3075.0,3075.0,3075.0,0.06499837504062399,3079.0,3083.0,3076.0,3077.0,33390.0,1437177.0,0.0,0.0,0.0,0.0,0.0,0.0,,3075.0,6.0,below,0.06499837504062399,3086.0,True,1.0,3060.0,1.0,below,0.5524861878453038,3045.0,False,,3229.0,95.0,above,4.939876503087423,3098.0,False,,3040.0,278.0,below,1.2024699382515438,2921.0,False,,-1.0,-1.0,-0.00038494928091266345,-122.0,DOWN_CONFIRMED,0.009208533933973815,-0.00967257668505674,0.008836216729230293,0.9836923288850211,-0.00038494928091266345,-0.04696381227134494,0.00037205494591674437,0.0007699761820965101,0.0011375082739386588,3048.9238809798935,0.9208533933973815,-0.0649561545956523,0.1217529771524196,,124.0,-1.0,8606.0,8727.0,2026-07-27 21:00:00,2026-08-03 22:30:00,3125.0,3077.0,122.0,-1.536000000000004,-0.012590163934426262,123.0,1.0,8472.0,8605.0,2026-07-17 22:00:00,2026-07-27 14:45:00,3082.0,3164.0,134.0,2.6606099935106986,0.019855298459035064,5682083.0,,46574.45081967213,,8430485.0,0.0,62914.067164179105,0.0,0.7402867580970804,,0.6739924215510733,,0.0,56.557377049180324,43.44262295081967,False,False,2026-08-03 09:00:00,3057.0,,,1.0,0.0,2026-08-03 22:00:00,3072.0,2026-08-03 21:15:00,3066.0,12.0,11.0,0.9135328689491243,7.255841057370791,
M:5m:0:-1:26036:26118:2,M,1h,2659.0,2026-08-03 22:00:00,55.0,1.0,-1.0,CHoCH,1.0,3073.0,90.0,BOS,-1.0,3062.0,5.0,11.0,3.0,2.0,0.0,current_internal_high,internal,0.0,8.0,3086.0,3086.0,3086.0,0.29249268768280795,current_swing_high,swing,0.0,351.0,3073.0,3073.0,3073.0,0.12999675008124797,3060.0,3073.0,3060.0,3067.0,171335.0,1443420.0,1.0,1.0,0.0,1.0,1.0,0.0,active_bear_internal_ob,3086.0,8.0,above,0.29249268768280795,3122.0,False,,3045.0,0.0,below,1.0399740006499838,3062.0,False,,3073.0,351.0,below,0.12999675008124797,3001.0,True,90.0,2887.0,214.0,below,6.174845628859278,2933.0,False,,0.0,0.0,-0.0005151205582942242,-22.0,NONE,-0.028666565425522626,-0.03233442078545977,0.0027040320272775243,0.9125202848279652,-0.0005151205582942242,-0.011332652282472933,-0.002220270707680272,-0.00594670598895608,-0.010868176567974452,3157.5151135856804,-2.8666565425522625,0.0,0.6605597022220979,,34.0,-1.0,2638.0,2659.0,2026-07-29 21:00:00,2026-08-03 21:00:00,3090.0,3067.0,22.0,-0.7443365695792847,-0.03383348043542203,33.0,1.0,2470.0,2637.0,2026-06-25 21:00:00,2026-07-29 14:00:00,2964.0,3109.0,168.0,4.892037786774628,0.029119272540325165,2838214.0,,129009.72727272728,,26577713.0,0.0,158200.67261904763,0.0,0.8154815345405446,,0.1067892485707856,,0.0,0.0,100.0,True,True,,,,,0.0,0.0,,,,,0.0,0.0,0.08362704392383861,13.0320562727784,4.0
M:5m:0:-1:26036:26118:2,M,4h,1137.0,2026-08-03 15:00:00,475.0,1.0,1.0,BOS,1.0,3073.0,38.0,BOS,1.0,3098.0,30.0,9.0,0.0,2.0,0.0,current_internal_high,internal,0.0,13.0,3229.0,3229.0,3229.0,4.939876503087423,current_swing_high,swing,0.0,121.0,3073.0,3073.0,3073.0,0.12999675008124797,3074.0,3075.0,3065.0,3067.0,163495.0,1460690.0,0.0,0.0,0.0,0.0,0.0,0.0,,3229.0,13.0,above,4.939876503087423,3098.0,False,,3040.0,36.0,below,1.2024699382515438,3034.0,False,,3073.0,121.0,below,0.12999675008124797,3203.0,True,38.0,2887.0,62.0,below,6.174845628859278,2824.0,False,,1.0,1.0,0.0008000040135098578,68.0,UP_CONFIRMED,-0.010362904973280653,0.01817540577550685,0.014152500993785991,0.02187462494058018,0.0008000040135098578,0.054400272918670334,-0.001151730698096265,-0.0020605871832208855,0.006761822176153176,3099.115842982011,-1.0362904973280653,-0.2601626016260128,-1.2676678406930537,,17.0,1.0,1070.0,1137.0,2026-07-02 09:00:00,2026-08-03 13:30:00,2983.0,3067.0,68.0,2.8159570901776787,0.04141113367908351,16.0,-1.0,993.0,1069.0,2026-05-26 09:00:00,2026-07-01 21:00:00,2978.0,2974.0,77.0,-0.1343183344526544,-0.0017443939539305766,24985253.0,,367430.1911764706,,23145249.0,0.0,300587.6493506493,0.0,1.2223728818207245,,1.07949812940012,,75.0,2.941176470588235,22.058823529411764,True,True,2026-07-28 21:00:00,3117.0,2026-07-29 21:00:00,3092.0,1.0,2.0,,,2026-07-27 09:00:00,3181.0,0.0,1.0,0.7786621750617465,23.40579867336015,
M:5m:0:-1:26036:26118:3,M,5m,26193.0,2026-08-04 09:35:00,0.0,-1.0,1.0,BOS,-1.0,3062.0,75.0,CHoCH,1.0,3073.0,15.0,30.0,6.0,11.0,4.0,active_bear_swing_ob,swing,-1.0,75.0,3080.0,3086.0,3083.0,0.09749756256093597,active_bull_internal_ob,internal,1.0,15.0,3063.0,3067.0,3065.0,0.3249918752031199,3073.0,3080.0,3073.0,3077.0,14095.0,1412705.0,0.0,0.0,0.0,0.0,0.0,0.0,,3083.0,1.0,above,0.19499512512187195,3073.0,False,,3063.0,13.0,below,0.45498862528436784,3060.0,False,,3086.0,105.0,above,0.29249268768280795,3122.0,False,,3045.0,25.0,below,1.0399740006499838,3062.0,False,,0.0,0.0,0.00011876157125026432,16.0,NONE,0.005682407614319395,0.00635542810565403,0.00135322421703623,0.3094725809525849,0.00011876157125026432,0.0019001851400042291,0.0004993199789318226,0.0012954252882915185,,3059.614025961995,0.5682407614319396,0.09759271307743234,0.13211796524482458,,345.0,1.0,26178.0,26193.0,2026-08-03 22:15:00,2026-08-04 09:30:00,3078.0,3077.0,16.0,-0.03248862897985427,-0.002030539311240892,344.0,-1.0,26118.0,26177.0,2026-08-03 09:00:00,2026-08-03 22:10:00,3049.0,3072.0,60.0,0.7543456871105247,0.012572428118508746,227376.0,,14211.0,,790009.0,0.0,13166.816666666668,0.0,1.0793041598260271,,0.28781444262027395,,56.25,43.75,0.0,True,False,,,,,0.0,0.0,2026-08-04 09:30:00,3077.0,2026-08-04 09:00:00,3072.0,1.0,1.0,0.21292416412237447,4.618895143850941,
M:5m:0:-1:26036:26118:3,M,15m,8730.0,2026-08-04 09:30:00,5.0,1.0,1.0,BOS,1.0,3098.0,251.0,CHoCH,1.0,3075.0,4.0,18.0,4.0,8.0,0.0,active_bear_internal_ob,internal,-1.0,78.0,3111.0,3119.0,3115.0,1.1049723756906076,current_internal_high,internal,0.0,9.0,3075.0,3075.0,3075.0,0.06499837504062399,3072.0,3075.0,3070.0,3074.0,40568.0,1414907.0,0.0,0.0,0.0,0.0,0.0,0.0,,3075.0,9.0,below,0.06499837504062399,3086.0,True,4.0,3060.0,4.0,below,0.5524861878453038,3045.0,False,,3229.0,98.0,above,4.939876503087423,3098.0,False,,3040.0,281.0,below,1.2024699382515438,2921.0,False,,-1.0,-1.0,-0.00037286659823382973,-125.0,DOWN_CONFIRMED,0.007848647385435234,-0.009233096518461222,0.009170536159239158,0.9687461160591876,-0.00037286659823382973,-0.046608324779228716,0.0005936104899657568,0.0009670440125923996,0.001440417590859111,3050.061145564448,0.7848647385435235,0.032541490400261885,0.33183615367623615,,124.0,-1.0,8606.0,8730.0,2026-07-27 21:00:00,2026-08-04 09:15:00,3125.0,3074.0,125.0,-1.6320000000000001,-0.013056000000000002,123.0,1.0,8472.0,8605.0,2026-07-17 22:00:00,2026-07-27 14:45:00,3082.0,3164.0,134.0,2.6606099935106986,0.019855298459035064,5819269.0,,46554.152,,8430485.0,0.0,62914.067164179105,0.0,0.7399641145201018,,0.6902650322015874,,2.4,55.2,42.4,True,False,2026-08-03 09:00:00,3057.0,,,1.0,0.0,2026-08-03 22:00:00,3072.0,2026-08-03 21:15:00,3066.0,12.0,11.0,0.9932243360505356,7.336764869913859,
M:5m:0:-1:26036:26118:3,M,1h,2660.0,2026-08-03 23:00:00,635.0,1.0,-1.0,CHoCH,1.0,3073.0,91.0,BOS,-1.0,3062.0,6.0,11.0,3.0,2.0,0.0,current_internal_high,internal,0.0,9.0,3086.0,3086.0,3086.0,0.29249268768280795,current_swing_high,swing,0.0,352.0,3073.0,3073.0,3073.0,0.12999675008124797,3067.0,3083.0,3063.0,3081.0,129967.0,1431054.0,1.0,1.0,0.0,1.0,1.0,0.0,active_bear_internal_ob,3086.0,9.0,above,0.29249268768280795,3122.0,False,,3045.0,1.0,below,1.0399740006499838,3062.0,False,,3073.0,352.0,below,0.12999675008124797,3001.0,True,91.0,2887.0,215.0,below,6.174845628859278,2933.0,False,,0.0,0.0,-0.0005164970652256025,-23.0,NONE,-0.023692754587865343,-0.03195869616817305,0.0031779872660002376,0.9953523632389831,-0.0005164970652256025,-0.011879432500188858,-0.0023856119830757416,-0.006242744407257916,-0.010247389618430192,3155.768857066505,-2.369275458786534,0.45647212259536385,0.24635697495293812,,34.0,-1.0,2638.0,2660.0,2026-07-29 21:00:00,2026-08-03 22:00:00,3090.0,3081.0,23.0,-0.2912621359223322,-0.012663571127057922,33.0,1.0,2470.0,2637.0,2026-06-25 21:00:00,2026-07-29 14:00:00,2964.0,3109.0,168.0,4.892037786774628,0.029119272540325165,2968181.0,,129051.34782608696,,26577713.0,0.0,158200.67261904763,0.0,0.8157446216227335,,0.11167932319835044,,0.0,0.0,100.0,True,True,,,,,0.0,0.0,,,,,0.0,0.0,0.09944045430630316,13.529766539008515,4.0
M:5m:0:-1:26036:26118:3,M,4h,1138.0,2026-08-03 23:00:00,635.0,1.0,1.0,BOS,1.0,3073.0,39.0,BOS,1.0,3098.0,31.0,9.0,0.0,2.0,0.0,current_internal_high,internal,0.0,14.0,3229.0,3229.0,3229.0,4.939876503087423,current_swing_high,swing,0.0,122.0,3073.0,3073.0,3073.0,0.12999675008124797,3060.0,3083.0,3060.0,3081.0,301302.0,1431054.0,0.0,0.0,0.0,0.0,0.0,0.0,,3229.0,14.0,above,4.939876503087423,3098.0,False,,3040.0,37.0,below,1.2024699382515438,3034.0,False,,3073.0,122.0,below,0.12999675008124797,3203.0,True,39.0,2887.0,63.0,below,6.174845628859278,2824.0,False,,1.0,1.0,0.0007850705460641082,69.0,UP_CONFIRMED,-0.005628199569819346,0.017830425987893427,0.01433468642206136,0.050868140368546144,0.0007850705460641082,0.05416986767842347,-0.0012046789875298503,-0.002317093622920874,0.005101145598772172,3098.4386309699366,-0.5628199569819345,0.45647212259536385,-0.5123919764171116,,17.0,1.0,1070.0,1138.0,2026-07-02 09:00:00,2026-08-03 21:00:00,2983.0,3081.0,69.0,3.285283271873962,0.04761280104165162,16.0,-1.0,993.0,1069.0,2026-05-26 09:00:00,2026-07-01 21:00:00,2978.0,2974.0,77.0,-0.1343183344526544,-0.0017443939539305766,25286555.0,,366471.8115942029,,23145249.0,0.0,300587.6493506493,0.0,1.2191845286587162,,1.0925160062006678,,73.91304347826086,2.898550724637681,23.18840579710145,True,True,2026-07-28 21:00:00,3117.0,2026-07-29 21:00:00,3092.0,1.0,2.0,,,2026-07-27 09:00:00,3181.0,0.0,1.0,0.8039452580546523,23.376813053834425,
M:5m:0:-1:26036:26118:4,M,5m,26195.0,2026-08-04 09:45:00,0.0,-1.0,1.0,BOS,-1.0,3062.0,77.0,CHoCH,1.0,3073.0,17.0,30.0,6.0,11.0,4.0,active_bear_swing_ob,swing,-1.0,77.0,3080.0,3086.0,3083.0,0.13003901170351106,current_internal_low,internal,0.0,0.0,3070.0,3070.0,3070.0,0.1950585175552666,3078.0,3080.0,3075.0,3076.0,9034.0,1409511.0,0.0,0.0,0.0,0.0,0.0,0.0,,3083.0,3.0,above,0.22756827048114434,3073.0,False,,3070.0,0.0,below,0.1950585175552666,3063.0,False,,3086.0,107.0,above,0.3250975292587776,3122.0,False,,3045.0,27.0,below,1.0078023407022108,3062.0,False,,0.0,0.0,0.0001144166376347227,18.0,NONE,0.005195730633500128,0.006285700489840087,0.0013031145786330978,0.20145528441202198,0.0001144166376347227,0.0020594994774250086,0.00048594389933298565,0.001309652395795835,,3060.100541873,0.5195730633500129,-0.09743423189346734,-0.586913525066409,,345.0,1.0,26178.0,26195.0,2026-08-03 22:15:00,2026-08-04 09:40:00,3078.0,3076.0,18.0,-0.06497725795971965,-0.0036098476644288694,344.0,-1.0,26118.0,26177.0,2026-08-03 09:00:00,2026-08-03 22:10:00,3049.0,3072.0,60.0,0.7543456871105247,0.012572428118508746,244198.0,,13566.555555555555,,790009.0,0.0,13166.816666666668,0.0,1.0303595697432981,,0.30910787092298947,,50.0,50.0,0.0,False,False,,,,,0.0,0.0,2026-08-04 09:30:00,3077.0,2026-08-04 09:00:00,3072.0,1.0,1.0,0.2073141379770467,4.538741220973516,
M:5m:0:-1:26036:26118:4,M,15m,8731.0,2026-08-04 09:45:00,0.0,1.0,1.0,BOS,1.0,3098.0,252.0,CHoCH,1.0,3075.0,5.0,18.0,4.0,8.0,0.0,active_bear_internal_ob,internal,-1.0,79.0,3111.0,3119.0,3115.0,1.1378413524057216,current_internal_high,internal,0.0,10.0,3075.0,3075.0,3075.0,0.032509752925877766,3073.0,3080.0,3073.0,3076.0,30917.0,1409511.0,0.0,0.0,0.0,0.0,0.0,0.0,,3075.0,10.0,below,0.032509752925877766,3086.0,True,5.0,3060.0,5.0,below,0.5201560468140443,3045.0,False,,3229.0,99.0,above,4.973992197659298,3098.0,False,,3040.0,282.0,below,1.1703511053315996,2921.0,False,,-1.0,-1.0,-0.00036923799810126674,-126.0,DOWN_CONFIRMED,0.008415167548492928,-0.009093030930628253,0.00926733938594717,0.9705699462050689,-0.00036923799810126674,-0.04652398776075961,0.0005620396760488422,0.0008829228973323833,0.001492645517223723,3050.3309539442052,0.8415167548492928,0.06506180871828082,-0.2056230004744776,,124.0,-1.0,8606.0,8731.0,2026-07-27 21:00:00,2026-08-04 09:30:00,3125.0,3076.0,126.0,-1.5680000000000027,-0.012444444444444466,123.0,1.0,8472.0,8605.0,2026-07-17 22:00:00,2026-07-27 14:45:00,3082.0,3164.0,134.0,2.6606099935106986,0.019855298459035064,5850186.0,,46430.04761904762,,8430485.0,0.0,62914.067164179105,0.0,0.7379915130567672,,0.6939323182474081,,3.1746031746031744,54.761904761904766,42.06349206349206,False,False,2026-08-03 09:00:00,3057.0,,,1.0,0.0,2026-08-03 22:00:00,3072.0,2026-08-03 21:15:00,3066.0,12.0,11.0,1.019169455888662,7.312710236348583,
M:5m:0:-1:26036:26118:4,M,1h,2660.0,2026-08-03 23:00:00,645.0,1.0,-1.0,CHoCH,1.0,3073.0,91.0,BOS,-1.0,3062.0,6.0,11.0,3.0,2.0,0.0,current_internal_high,internal,0.0,9.0,3086.0,3086.0,3086.0,0.3250975292587776,current_swing_high,swing,0.0,352.0,3073.0,3073.0,3073.0,0.0975292587776333,3067.0,3083.0,3063.0,3081.0,129967.0,1431054.0,1.0,1.0,0.0,1.0,1.0,0.0,active_bear_internal_ob,3086.0,9.0,above,0.3250975292587776,3122.0,False,,3045.0,1.0,below,1.0078023407022108,3062.0,False,,3073.0,352.0,below,0.0975292587776333,3001.0,True,91.0,2887.0,215.0,below,6.144343302990897,2933.0,False,,0.0,0.0,-0.0005164970652256025,-23.0,NONE,-0.023692754587865343,-0.03195869616817305,0.0031779872660002376,0.9953523632389831,-0.0005164970652256025,-0.011879432500188858,-0.0023856119830757416,-0.006242744407257916,-0.010247389618430192,3155.768857066505,-2.369275458786534,0.45647212259536385,0.24635697495293812,,34.0,-1.0,2638.0,2660.0,2026-07-29 21:00:00,2026-08-03 22:00:00,3090.0,3081.0,23.0,-0.2912621359223322,-0.012663571127057922,33.0,1.0,2470.0,2637.0,2026-06-25 21:00:00,2026-07-29 14:00:00,2964.0,3109.0,168.0,4.892037786774628,0.029119272540325165,2968181.0,,129051.34782608696,,26577713.0,0.0,158200.67261904763,0.0,0.8157446216227335,,0.11167932319835044,,0.0,0.0,100.0,True,True,,,,,0.0,0.0,,,,,0.0,0.0,0.09944045430630316,13.529766539008515,4.0
M:5m:0:-1:26036:26118:4,M,4h,1138.0,2026-08-03 23:00:00,645.0,1.0,1.0,BOS,1.0,3073.0,39.0,BOS,1.0,3098.0,31.0,9.0,0.0,2.0,0.0,current_internal_high,internal,0.0,14.0,3229.0,3229.0,3229.0,4.973992197659298,current_swing_high,swing,0.0,122.0,3073.0,3073.0,3073.0,0.0975292587776333,3060.0,3083.0,3060.0,3081.0,301302.0,1431054.0,0.0,0.0,0.0,0.0,0.0,0.0,,3229.0,14.0,above,4.973992197659298,3098.0,False,,3040.0,37.0,below,1.1703511053315996,3034.0,False,,3073.0,122.0,below,0.0975292587776333,3203.0,True,39.0,2887.0,63.0,below,6.144343302990897,2824.0,False,,1.0,1.0,0.0007850705460641082,69.0,UP_CONFIRMED,-0.005628199569819346,0.017830425987893427,0.01433468642206136,0.050868140368546144,0.0007850705460641082,0.05416986767842347,-0.0012046789875298503,-0.002317093622920874,0.005101145598772172,3098.4386309699366,-0.5628199569819345,0.45647212259536385,-0.5123919764171116,,17.0,1.0,1070.0,1138.0,2026-07-02 09:00:00,2026-08-03 21:00:00,2983.0,3081.0,69.0,3.285283271873962,0.04761280104165162,16.0,-1.0,993.0,1069.0,2026-05-26 09:00:00,2026-07-01 21:00:00,2978.0,2974.0,77.0,-0.1343183344526544,-0.0017443939539305766,25286555.0,,366471.8115942029,,23145249.0,0.0,300587.6493506493,0.0,1.2191845286587162,,1.0925160062006678,,73.91304347826086,2.898550724637681,23.18840579710145,True,True,2026-07-28 21:00:00,3117.0,2026-07-29 21:00:00,3092.0,1.0,2.0,,,2026-07-27 09:00:00,3181.0,0.0,1.0,0.8039452580546523,23.376813053834425,
M:5m:0:-1:26036:26118:5,M,5m,26207.0,2026-08-04 11:00:00,0.0,-1.0,1.0,BOS,-1.0,3062.0,89.0,CHoCH,1.0,3073.0,29.0,30.0,6.0,11.0,4.0,current_internal_high,internal,0.0,5.0,3084.0,3084.0,3084.0,0.12987012987012986,current_internal_low,internal,0.0,3.0,3075.0,3075.0,3075.0,0.16233766233766234,3078.0,3081.0,3078.0,3080.0,4484.0,1394304.0,1.0,1.0,0.0,1.0,0.0,1.0,active_bear_swing_ob,3084.0,5.0,above,0.12987012987012986,3083.0,False,,3075.0,3.0,below,0.16233766233766234,3070.0,False,,3086.0,119.0,above,0.19480519480519481,3122.0,False,,3045.0,39.0,below,1.1363636363636365,3062.0,False,,0.0,0.0,0.00010217607725275062,30.0,NONE,0.005493647478919424,0.006086268671573021,0.001145771920336654,0.30249976091855957,0.00010217607725275062,0.0030652823175825183,0.00036349148354575256,0.0007545693317503321,0.0018626634987257695,3063.1720127944154,0.5493647478919425,0.06497725795970855,-1.1604918225413465,,345.0,1.0,26178.0,26207.0,2026-08-03 22:15:00,2026-08-04 10:55:00,3078.0,3080.0,30.0,0.06497725795970855,0.0021659085986569515,344.0,-1.0,26118.0,26177.0,2026-08-03 09:00:00,2026-08-03 22:10:00,3049.0,3072.0,60.0,0.7543456871105247,0.012572428118508746,336450.0,,11215.0,,790009.0,0.0,13166.816666666668,0.0,0.8517624482759056,,0.4258812241379529,,66.66666666666666,33.33333333333333,0.0,False,False,,,,,0.0,0.0,2026-08-04 09:30:00,3077.0,2026-08-04 09:00:00,3072.0,1.0,1.0,0.18825523192694096,4.170303831494959,
M:5m:0:-1:26036:26118:5,M,15m,8735.0,2026-08-04 11:00:00,0.0,1.0,1.0,BOS,1.0,3098.0,256.0,CHoCH,1.0,3075.0,9.0,18.0,4.0,8.0,0.0,active_bear_internal_ob,internal,-1.0,83.0,3111.0,3119.0,3115.0,1.0064935064935066,current_internal_high,internal,0.0,14.0,3075.0,3075.0,3075.0,0.16233766233766234,3080.0,3081.0,3075.0,3080.0,18999.0,1394304.0,0.0,0.0,0.0,0.0,0.0,0.0,,3075.0,14.0,below,0.16233766233766234,3086.0,True,9.0,3060.0,9.0,below,0.6493506493506493,3045.0,False,,3229.0,103.0,above,4.837662337662338,3098.0,False,,3040.0,286.0,below,1.2987012987012987,2921.0,False,,-1.0,-1.0,-0.00035562991349751954,-130.0,DOWN_CONFIRMED,0.009417263962076037,-0.00852287991985329,0.00966856044397008,0.9682385293482754,-0.00035562991349751954,-0.04623188875467754,0.00039483879955648504,0.0009886836699755097,0.0016280913392752172,3051.2654280457364,0.9417263962076037,0.0,-0.843721030811933,,124.0,-1.0,8606.0,8735.0,2026-07-27 21:00:00,2026-08-04 10:45:00,3125.0,3080.0,130.0,-1.4399999999999968,-0.011076923076923052,123.0,1.0,8472.0,8605.0,2026-07-17 22:00:00,2026-07-27 14:45:00,3082.0,3164.0,134.0,2.6606099935106986,0.019855298459035064,5942438.0,,45711.06153846154,,8430485.0,0.0,62914.067164179105,0.0,0.7265634475541853,,0.7048749864331649,,6.153846153846154,53.07692307692308,40.76923076923077,False,False,2026-08-03 09:00:00,3057.0,,,1.0,0.0,2026-08-03 22:00:00,3072.0,2026-08-03 21:15:00,3066.0,12.0,11.0,1.1344241072138106,7.081198382453976,
M:5m:0:-1:26036:26118:5,M,1h,2662.0,2026-08-04 11:00:00,0.0,1.0,-1.0,CHoCH,1.0,3073.0,93.0,BOS,-1.0,3062.0,8.0,11.0,3.0,2.0,0.0,current_internal_high,internal,0.0,11.0,3086.0,3086.0,3086.0,0.19480519480519481,current_swing_high,swing,0.0,354.0,3073.0,3073.0,3073.0,0.22727272727272727,3079.0,3084.0,3075.0,3080.0,60375.0,1394304.0,1.0,1.0,0.0,1.0,1.0,0.0,active_bear_internal_ob,3086.0,11.0,above,0.19480519480519481,3122.0,False,,3045.0,3.0,below,1.1363636363636365,3062.0,False,,3073.0,354.0,below,0.22727272727272727,3001.0,True,93.0,2887.0,217.0,below,6.266233766233766,2933.0,False,,0.0,0.0,-0.0005131351663110805,-25.0,NONE,-0.02307143621725301,-0.03126973772126135,0.003841396900110674,0.9835867109955223,-0.0005131351663110805,-0.012828379157777015,-0.0029112615816362375,-0.00547868146141528,-0.010484952117621682,3152.7381982506367,-2.307143621725301,0.03247807729782615,-0.8141648771182401,,34.0,-1.0,2638.0,2662.0,2026-07-29 21:00:00,2026-08-04 10:00:00,3090.0,3080.0,25.0,-0.3236245954692518,-0.012944983818770073,33.0,1.0,2470.0,2637.0,2026-06-25 21:00:00,2026-07-29 14:00:00,2964.0,3109.0,168.0,4.892037786774628,0.029119272540325165,3205262.0,,128210.48,,26577713.0,0.0,158200.67261904763,0.0,0.8104294240817485,,0.12059961667883162,,0.0,0.0,100.0,True,True,,,,,0.0,0.0,,,,,0.0,0.0,0.12284710969925337,13.237400740267546,3.0
M:5m:0:-1:26036:26118:5,M,4h,1138.0,2026-08-03 23:00:00,720.0,1.0,1.0,BOS,1.0,3073.0,39.0,BOS,1.0,3098.0,31.0,9.0,0.0,2.0,0.0,current_internal_high,internal,0.0,14.0,3229.0,3229.0,3229.0,4.837662337662338,current_swing_high,swing,0.0,122.0,3073.0,3073.0,3073.0,0.22727272727272727,3060.0,3083.0,3060.0,3081.0,301302.0,1431054.0,0.0,0.0,0.0,0.0,0.0,0.0,,3229.0,14.0,above,4.837662337662338,3098.0,False,,3040.0,37.0,below,1.2987012987012987,3034.0,False,,3073.0,122.0,below,0.22727272727272727,3203.0,True,39.0,2887.0,63.0,below,6.266233766233766,2824.0,False,,1.0,1.0,0.0007850705460641082,69.0,UP_CONFIRMED,-0.005628199569819346,0.017830425987893427,0.01433468642206136,0.050868140368546144,0.0007850705460641082,0.05416986767842347,-0.0012046789875298503,-0.002317093622920874,0.005101145598772172,3098.4386309699366,-0.5628199569819345,0.45647212259536385,-0.5123919764171116,,17.0,1.0,1070.0,1138.0,2026-07-02 09:00:00,2026-08-03 21:00:00,2983.0,3081.0,69.0,3.285283271873962,0.04761280104165162,16.0,-1.0,993.0,1069.0,2026-05-26 09:00:00,2026-07-01 21:00:00,2978.0,2974.0,77.0,-0.1343183344526544,-0.0017443939539305766,25286555.0,,366471.8115942029,,23145249.0,0.0,300587.6493506493,0.0,1.2191845286587162,,1.0925160062006678,,73.91304347826086,2.898550724637681,23.18840579710145,True,True,2026-07-28 21:00:00,3117.0,2026-07-29 21:00:00,3092.0,1.0,2.0,,,2026-07-27 09:00:00,3181.0,0.0,1.0,0.8039452580546523,23.376813053834425,
M:5m:0:-1:26036:26118:6,M,5m,26226.0,2026-08-04 14:35:00,0.0,-1.0,1.0,BOS,-1.0,3062.0,108.0,CHoCH,1.0,3073.0,48.0,30.0,6.0,11.0,4.0,active_bear_swing_ob,swing,-1.0,108.0,3080.0,3086.0,3083.0,0.09749756256093597,current_internal_low,internal,0.0,22.0,3075.0,3075.0,3075.0,0.06499837504062399,3077.0,3080.0,3077.0,3077.0,6652.0,1362447.0,0.0,0.0,0.0,0.0,0.0,0.0,,3086.0,12.0,above,0.29249268768280795,3084.0,False,,3075.0,22.0,below,0.06499837504062399,3070.0,False,,3086.0,138.0,above,0.29249268768280795,3122.0,False,,3045.0,58.0,below,1.0399740006499838,3062.0,False,,0.0,0.0,0.00019711771798929109,49.0,NONE,-0.002045619634803519,0.003125477253336322,0.003999554488943422,0.0980196718319995,0.00019711771798929109,0.009658768181475264,-0.0002760186185508662,-0.0006004094971225893,0.006624939486858716,3083.3072738996216,-0.2045619634803519,-0.03248862897985427,-0.30676578908260344,,345.0,1.0,26178.0,26226.0,2026-08-03 22:15:00,2026-08-04 14:30:00,3078.0,3077.0,49.0,-0.03248862897985427,-0.0006630332444868219,344.0,-1.0,26118.0,26177.0,2026-08-03 09:00:00,2026-08-03 22:10:00,3049.0,3072.0,60.0,0.7543456871105247,0.012572428118508746,484435.0,,9886.42857142857,,790009.0,0.0,13166.816666666668,0.0,0.7508594386718559,,0.613201874915349,,63.26530612244898,36.734693877551024,0.0,False,True,,,2026-08-04 11:05:00,3083.0,0.0,1.0,2026-08-04 14:25:00,3078.0,2026-08-04 13:55:00,3076.0,2.0,2.0,1.2796620051142773,3.2356396958970146,
M:5m:0:-1:26036:26118:6,M,15m,8741.0,2026-08-04 14:30:00,5.0,1.0,1.0,BOS,1.0,3098.0,262.0,CHoCH,1.0,3075.0,15.0,18.0,4.0,8.0,0.0,current_internal_high,internal,0.0,0.0,3086.0,3086.0,3086.0,0.29249268768280795,active_bull_internal_ob,internal,1.0,15.0,3060.0,3073.0,3066.5,0.12999675008124797,3076.0,3078.0,3075.0,3078.0,21824.0,1363596.0,0.0,0.0,0.0,0.0,0.0,0.0,,3086.0,0.0,above,0.29249268768280795,3075.0,False,,3060.0,15.0,below,0.5524861878453038,3045.0,False,,3229.0,109.0,above,4.939876503087423,3098.0,False,,3040.0,292.0,below,1.2024699382515438,2921.0,False,,0.0,0.0,6.586557364796075e-05,6.0,NONE,0.008244758781979116,0.008717593037140073,0.0008708814378469208,0.29358639222782346,6.586557364796075e-05,0.0003951934418877645,0.0003951934418877645,,,3052.8301517960886,0.8244758781979117,0.06501950585175997,-0.6098497883915011,,125.0,1.0,8736.0,8741.0,2026-08-04 11:00:00,2026-08-04 14:15:00,3081.0,3078.0,6.0,-0.09737098344693162,-0.01622849724115527,124.0,-1.0,8606.0,8735.0,2026-07-27 21:00:00,2026-08-04 10:45:00,3125.0,3080.0,130.0,-1.4399999999999968,-0.011076923076923052,141333.0,,23555.5,,5942438.0,0.0,45711.06153846154,0.0,0.5153129069247336,,0.023783672627295395,,100.0,0.0,0.0,False,False,,,,,0.0,0.0,,,,,0.0,0.0,0.09989929951268126,6.1833702745048695,
M:5m:0:-1:26036:26118:6,M,1h,2664.0,2026-08-04 14:00:00,35.0,1.0,-1.0,CHoCH,1.0,3073.0,95.0,BOS,-1.0,3062.0,10.0,11.0,3.0,2.0,0.0,current_internal_high,internal,0.0,13.0,3086.0,3086.0,3086.0,0.29249268768280795,current_swing_high,swing,0.0,356.0,3073.0,3073.0,3073.0,0.12999675008124797,3081.0,3084.0,3076.0,3076.0,53197.0,1378451.0,1.0,1.0,0.0,1.0,1.0,0.0,active_bear_internal_ob,3086.0,13.0,above,0.29249268768280795,3122.0,False,,3045.0,5.0,below,1.0399740006499838,3062.0,False,,3073.0,356.0,below,0.12999675008124797,3001.0,True,95.0,2887.0,219.0,below,6.174845628859278,2933.0,False,,0.0,0.0,-0.0004897573163256407,-27.0,NONE,-0.023949556950028397,-0.030688488592253635,0.004231660225233881,0.9443641362389094,-0.0004897573163256407,-0.013223447540792299,-0.0019124685999637459,-0.0041284931096321476,-0.00978558079620595,3151.4764650770367,-2.3949556950028397,-0.12987012987012436,-0.7953178350383914,,34.0,-1.0,2638.0,2664.0,2026-07-29 21:00:00,2026-08-04 13:30:00,3090.0,3076.0,27.0,-0.45307443365695255,-0.01678053457988713,33.0,1.0,2470.0,2637.0,2026-06-25 21:00:00,2026-07-29 14:00:00,2964.0,3109.0,168.0,4.892037786774628,0.029119272540325165,3304063.0,,122372.70370370371,,26577713.0,0.0,158200.67261904763,0.0,0.7735283401631368,,0.12431705466907556,,0.0,0.0,100.0,True,True,,,,,0.0,0.0,,,,,0.0,0.0,0.13789079942835744,12.515922066863343,2.0
M:5m:0:-1:26036:26118:6,M,4h,1139.0,2026-08-04 11:30:00,185.0,1.0,1.0,BOS,1.0,3073.0,40.0,BOS,1.0,3098.0,32.0,9.0,0.0,2.0,0.0,current_internal_high,internal,0.0,15.0,3229.0,3229.0,3229.0,4.939876503087423,current_swing_high,swing,0.0,123.0,3073.0,3073.0,3073.0,0.12999675008124797,3083.0,3086.0,3070.0,3080.0,282685.0,1389398.0,0.0,0.0,0.0,0.0,0.0,0.0,,3229.0,15.0,above,4.939876503087423,3098.0,False,,3040.0,38.0,below,1.2024699382515438,3034.0,False,,3073.0,123.0,below,0.12999675008124797,3203.0,True,40.0,2887.0,64.0,below,6.174845628859278,2824.0,False,,1.0,1.0,0.0007713375616427979,70.0,UP_CONFIRMED,-0.0057847277437323655,0.0174930666488702,0.014505197046779859,0.054270019602637554,0.0007713375616427979,0.05399362931499585,-0.0011922213498738454,-0.002329076980421174,0.002991583017587063,3097.9206274012085,-0.5784727743732365,-0.03245699448231054,-0.551430595218343,,17.0,1.0,1070.0,1139.0,2026-07-02 09:00:00,2026-08-04 09:00:00,2983.0,3080.0,70.0,3.2517599731813673,0.04645371390259096,16.0,-1.0,993.0,1069.0,2026-05-26 09:00:00,2026-07-01 21:00:00,2978.0,2974.0,77.0,-0.1343183344526544,-0.0017443939539305766,25569240.0,,365274.85714285716,,23145249.0,0.0,300587.6493506493,0.0,1.2152024806473243,,1.104729527861204,,72.85714285714285,2.857142857142857,24.285714285714285,True,True,2026-07-28 21:00:00,3117.0,2026-07-29 21:00:00,3092.0,1.0,2.0,,,2026-07-27 09:00:00,3181.0,0.0,1.0,0.8291969234403327,22.849897835703395,
M:5m:0:-1:26036:26118:7,M,5m,26231.0,2026-08-04 15:00:00,0.0,-1.0,-1.0,BOS,-1.0,3062.0,113.0,CHoCH,-1.0,3075.0,3.0,30.0,7.0,11.0,4.0,active_bear_swing_ob,swing,-1.0,113.0,3080.0,3086.0,3083.0,0.03247807729782397,current_internal_low,internal,0.0,27.0,3075.0,3075.0,3075.0,0.12991230919129587,3079.0,3080.0,3076.0,3079.0,17324.0,1354542.0,0.0,0.0,0.0,0.0,0.0,0.0,,3086.0,17.0,above,0.22734654108476776,3084.0,False,,3075.0,27.0,below,0.12991230919129587,3070.0,True,3.0,3086.0,143.0,above,0.22734654108476776,3122.0,False,,3045.0,63.0,below,1.1042546281260148,3062.0,False,,1.0,1.0,0.00017237040843896153,54.0,UP_CONFIRMED,-0.0010499196894799155,0.002664867528703658,0.004078967035601428,0.18122208450962035,0.00017237040843896153,0.009308002055703923,-0.00034741056763476497,-0.0006233332944007852,-0.0011129700843703905,3082.2361003694036,-0.10499196894799155,0.0,2.5455475253596656,,345.0,1.0,26178.0,26231.0,2026-08-03 22:15:00,2026-08-04 14:55:00,3078.0,3079.0,54.0,0.032488628979865375,0.0006016412774049143,344.0,-1.0,26118.0,26177.0,2026-08-03 09:00:00,2026-08-03 22:10:00,3049.0,3072.0,60.0,0.7543456871105247,0.012572428118508746,534374.0,,9895.814814814816,,790009.0,0.0,13166.816666666668,0.0,0.7515723097950643,,0.6764150788155578,,57.407407407407405,42.592592592592595,0.0,True,True,,,2026-08-04 11:05:00,3083.0,0.0,1.0,2026-08-04 14:50:00,3079.0,2026-08-04 14:40:00,3074.0,3.0,3.0,1.5306453291453732,3.3664439846654117,
M:5m:0:-1:26036:26118:7,M,15m,8743.0,2026-08-04 15:00:00,0.0,1.0,1.0,BOS,1.0,3098.0,264.0,CHoCH,1.0,3075.0,17.0,18.0,4.0,8.0,0.0,current_internal_high,internal,0.0,2.0,3086.0,3086.0,3086.0,0.22734654108476776,active_bull_internal_ob,internal,1.0,17.0,3060.0,3073.0,3066.5,0.1948684637869438,3074.0,3080.0,3074.0,3079.0,34276.0,1354542.0,0.0,0.0,0.0,0.0,0.0,0.0,,3086.0,2.0,above,0.22734654108476776,3075.0,False,,3060.0,17.0,below,0.6170834686586554,3045.0,False,,3229.0,111.0,above,4.871711594673595,3098.0,False,,3040.0,294.0,below,1.2666450146151347,2921.0,False,,0.0,0.0,7.409290276225167e-05,8.0,NONE,0.008373198470118429,0.008442409110759051,0.0009690291113031452,0.4715306861953473,7.409290276225167e-05,0.0005927432220980133,0.00042957823550371366,,,3053.4329994801437,0.8373198470118428,0.16265452179571316,0.4047220610800667,,125.0,1.0,8736.0,8743.0,2026-08-04 11:00:00,2026-08-04 14:45:00,3081.0,3079.0,8.0,-0.06491398896462108,-0.008114248620577635,124.0,-1.0,8606.0,8735.0,2026-07-27 21:00:00,2026-08-04 10:45:00,3125.0,3080.0,130.0,-1.4399999999999968,-0.011076923076923052,197924.0,,24740.5,,5942438.0,0.0,45711.06153846154,0.0,0.5412366102936202,,0.03330686832576125,,100.0,0.0,0.0,False,False,,,,,0.0,0.0,,,,,0.0,0.0,0.1147811126646551,6.224436614241444,
M:5m:0:-1:26036:26118:7,M,1h,2665.0,2026-08-04 15:00:00,0.0,1.0,-1.0,CHoCH,1.0,3073.0,96.0,BOS,-1.0,3062.0,11.0,11.0,3.0,2.0,0.0,current_internal_high,internal,0.0,14.0,3086.0,3086.0,3086.0,0.22734654108476776,current_swing_high,swing,0.0,357.0,3073.0,3073.0,3073.0,0.1948684637869438,3076.0,3080.0,3073.0,3079.0,99123.0,1354542.0,1.0,1.0,0.0,1.0,1.0,0.0,active_bear_internal_ob,3086.0,14.0,above,0.22734654108476776,3122.0,False,,3045.0,6.0,below,1.1042546281260148,3062.0,False,,3073.0,357.0,below,0.1948684637869438,3001.0,True,96.0,2887.0,220.0,below,6.235790841182202,2933.0,False,,0.0,0.0,-0.0004871444314702711,-28.0,NONE,-0.022584977890690753,-0.030399077495769245,0.0044191516753871035,0.9614892051809507,-0.0004871444314702711,-0.01364004408116759,-0.0017817780935716065,-0.004163139445476194,-0.009447224617899375,3150.1459772486082,-2.258497789069075,0.09752925877763996,-0.0769096442471713,,34.0,-1.0,2638.0,2665.0,2026-07-29 21:00:00,2026-08-04 14:00:00,3090.0,3079.0,28.0,-0.35598705501618255,-0.012713823393435091,33.0,1.0,2470.0,2637.0,2026-06-25 21:00:00,2026-07-29 14:00:00,2964.0,3109.0,168.0,4.892037786774628,0.029119272540325165,3403186.0,,121542.35714285714,,26577713.0,0.0,158200.67261904763,0.0,0.7682796484407819,,0.12804660807346366,,0.0,0.0,100.0,True,True,,,,,0.0,0.0,,,,,0.0,0.0,0.14537124279518462,12.121927633515963,4.0
M:5m:0:-1:26036:26118:7,M,4h,1140.0,2026-08-04 15:00:00,0.0,1.0,1.0,BOS,1.0,3073.0,41.0,BOS,1.0,3098.0,33.0,9.0,0.0,2.0,0.0,current_internal_high,internal,0.0,16.0,3229.0,3229.0,3229.0,4.871711594673595,current_swing_high,swing,0.0,124.0,3073.0,3073.0,3073.0,0.1948684637869438,3081.0,3084.0,3073.0,3079.0,152320.0,1354542.0,0.0,0.0,0.0,0.0,0.0,0.0,,3229.0,16.0,above,4.871711594673595,3098.0,False,,3040.0,39.0,below,1.2666450146151347,3034.0,False,,3073.0,124.0,below,0.1948684637869438,3203.0,True,41.0,2887.0,65.0,below,6.235790841182202,2824.0,False,,1.0,1.0,0.0007591446770471354,71.0,UP_CONFIRMED,-0.006018540167472445,0.017161917257090726,0.014666749640590504,0.056998858798404495,0.0007591446770471354,0.053899272070346615,-0.0010627624542070002,-0.0020446545499096525,0.00015657103008259732,3097.64329056879,-0.6018540167472445,-0.032467532467528315,-1.3152669554280818,,17.0,1.0,1070.0,1140.0,2026-07-02 09:00:00,2026-08-04 13:30:00,2983.0,3079.0,71.0,3.2182366744887725,0.04532727710547567,16.0,-1.0,993.0,1069.0,2026-05-26 09:00:00,2026-07-01 21:00:00,2978.0,2974.0,77.0,-0.1343183344526544,-0.0017443939539305766,25721560.0,,362275.4929577465,,23145249.0,0.0,300587.6493506493,0.0,1.2052241459033983,,1.1113105760927438,,71.83098591549296,2.8169014084507045,25.352112676056336,True,True,2026-07-28 21:00:00,3117.0,2026-07-29 21:00:00,3092.0,1.0,2.0,,,2026-07-27 09:00:00,3181.0,0.0,1.0,0.8546102058923922,22.00347656172458,
M:5m:0:-1:26036:26118:8,M,5m,26325.0,2026-08-06 09:05:00,0.0,-1.0,1.0,BOS,-1.0,3062.0,207.0,BOS,1.0,3079.0,0.0,31.0,7.0,11.0,4.0,active_bear_internal_ob,internal,-1.0,97.0,3081.0,3086.0,3083.5,0.032467532467532464,current_internal_high,internal,0.0,4.0,3079.0,3079.0,3079.0,0.032467532467532464,3076.0,3082.0,3075.0,3080.0,34340.0,1213063.0,1.0,1.0,0.0,1.0,0.0,1.0,active_bear_swing_ob,3079.0,4.0,below,0.032467532467532464,3073.0,True,0.0,3061.0,18.0,below,0.6168831168831169,3060.0,False,,3086.0,66.0,above,0.19480519480519481,3086.0,False,,3053.0,19.0,below,0.8766233766233765,3045.0,False,,0.0,0.0,7.98357230399486e-05,30.0,NONE,0.0047212671926517135,0.0025715363698627287,0.0011301202271682407,0.9714284259874326,7.98357230399486e-05,0.002395071691198458,0.0006334101697658134,0.0011271028281969464,0.0016997315862334883,3065.5268287552044,0.47212671926517136,0.2930641484858443,3.51292258970062,,347.0,1.0,26296.0,26325.0,2026-08-05 14:35:00,2026-08-06 09:00:00,3070.0,3080.0,30.0,0.32573289902280145,0.010857763300760048,346.0,-1.0,26232.0,26295.0,2026-08-04 21:00:00,2026-08-05 14:30:00,3067.0,3068.0,64.0,0.03260515161396249,0.0005094554939681639,365821.0,,12194.033333333333,,657348.0,0.0,10271.0625,0.0,1.1872221917969374,,0.5565104024048145,,36.666666666666664,63.33333333333333,0.0,False,False,,,,,0.0,0.0,2026-08-05 22:55:00,3071.0,2026-08-05 22:45:00,3070.0,5.0,5.0,0.43947277604654983,4.333958879281157,
M:5m:0:-1:26036:26118:8,M,15m,8774.0,2026-08-05 23:00:00,605.0,1.0,1.0,BOS,1.0,3098.0,295.0,CHoCH,1.0,3073.0,3.0,18.0,5.0,8.0,0.0,active_bear_internal_ob,internal,-1.0,122.0,3111.0,3119.0,3115.0,1.0064935064935066,current_internal_high,internal,0.0,4.0,3073.0,3073.0,3073.0,0.22727272727272727,3072.0,3073.0,3068.0,3071.0,19415.0,1212123.0,1.0,1.0,0.0,1.0,1.0,0.0,active_bear_internal_ob,3073.0,4.0,below,0.22727272727272727,3086.0,True,3.0,3059.0,0.0,below,0.6818181818181818,3053.0,False,,3229.0,142.0,above,4.837662337662338,3098.0,False,,3045.0,18.0,below,1.1363636363636365,3040.0,False,,0.0,0.0,6.146067814410249e-05,39.0,NONE,0.003942932521163496,0.004125653328832465,0.002485218242768138,0.47069495402582373,6.146067814410249e-05,0.002396966447619997,0.00045927823165281545,0.0008524104818046219,0.00121287532073322,3058.9388106831084,0.3942932521163496,-0.032552083333337034,-0.7818483809631064,,125.0,1.0,8736.0,8774.0,2026-08-04 11:00:00,2026-08-05 22:45:00,3081.0,3071.0,39.0,-0.3245699448231054,-0.008322306277515524,124.0,-1.0,8606.0,8735.0,2026-07-27 21:00:00,2026-08-04 10:45:00,3125.0,3080.0,130.0,-1.4399999999999968,-0.011076923076923052,1186753.0,,30429.5641025641,,5942438.0,0.0,45711.06153846154,0.0,0.6656936653496988,,0.19970809960490962,,20.51282051282051,33.33333333333333,46.15384615384615,False,False,,,,,0.0,0.0,2026-08-05 21:45:00,3071.0,2026-08-05 21:30:00,3062.0,3.0,3.0,0.6023817428866327,6.481221900206365,
M:5m:0:-1:26036:26118:8,M,1h,2674.0,2026-08-05 23:00:00,605.0,1.0,-1.0,CHoCH,1.0,3073.0,105.0,BOS,-1.0,3062.0,20.0,11.0,3.0,2.0,0.0,current_internal_high,internal,0.0,6.0,3086.0,3086.0,3086.0,0.19480519480519481,current_internal_low,internal,0.0,1.0,3053.0,3053.0,3053.0,0.8766233766233765,3070.0,3079.0,3068.0,3071.0,117847.0,1212123.0,1.0,1.0,0.0,1.0,1.0,0.0,active_bear_internal_ob,3086.0,6.0,above,0.19480519480519481,3086.0,False,,3053.0,1.0,below,0.8766233766233765,3045.0,False,,3229.0,8.0,above,4.837662337662338,3073.0,False,,2887.0,229.0,below,6.266233766233766,2933.0,False,,0.0,0.0,-0.0004942233132305415,-37.0,NONE,-0.020510688193212386,-0.028894889408576343,0.004831647754181024,0.9586532803616524,-0.0004942233132305415,-0.018286262589530033,-0.002185102646415249,-0.005130660062929504,-0.009237971277844093,3135.3073106384036,-2.0510688193212387,0.0,0.3478651931698805,,34.0,-1.0,2638.0,2674.0,2026-07-29 21:00:00,2026-08-05 22:00:00,3090.0,3071.0,37.0,-0.614886731391584,-0.01661856030788065,33.0,1.0,2470.0,2637.0,2026-06-25 21:00:00,2026-07-29 14:00:00,2964.0,3109.0,168.0,4.892037786774628,0.029119272540325165,4392015.0,,118703.1081081081,,26577713.0,0.0,158200.67261904763,0.0,0.7503325121376004,,0.1652518032684001,,0.0,0.0,100.0,True,True,,,,,0.0,0.0,,,,,0.0,0.0,0.16721461314009853,11.518344837806815,4.0
M:5m:0:-1:26036:26118:8,M,4h,1144.0,2026-08-05 23:00:00,605.0,1.0,1.0,BOS,1.0,3073.0,45.0,BOS,1.0,3098.0,37.0,9.0,0.0,2.0,0.0,current_internal_high,internal,0.0,0.0,3086.0,3086.0,3086.0,0.19480519480519481,current_swing_high,swing,0.0,128.0,3073.0,3073.0,3073.0,0.22727272727272727,3061.0,3079.0,3059.0,3071.0,269598.0,1212123.0,0.0,0.0,0.0,0.0,0.0,0.0,,3086.0,0.0,above,0.19480519480519481,3229.0,False,,3045.0,3.0,below,1.1363636363636365,3040.0,False,,3073.0,128.0,below,0.22727272727272727,3203.0,True,45.0,2887.0,69.0,below,6.266233766233766,2824.0,False,,1.0,1.0,0.0007049770891881864,75.0,UP_CONFIRMED,-0.007635063131403968,0.015732618862498802,0.015495756368813758,0.06577659137022196,0.0007049770891881864,0.05287328168911398,-0.0010629548364633479,-0.0022539089088872144,-0.003381820802822455,3094.627677687333,-0.7635063131403967,0.03257328990227126,-0.2284053286223745,,17.0,1.0,1070.0,1144.0,2026-07-02 09:00:00,2026-08-05 21:00:00,2983.0,3071.0,75.0,2.950050284948036,0.03933400379930715,16.0,-1.0,993.0,1069.0,2026-05-26 09:00:00,2026-07-01 21:00:00,2978.0,2974.0,77.0,-0.1343183344526544,-0.0017443939539305766,26710389.0,,356138.52,,23145249.0,0.0,300587.6493506493,0.0,1.1848075620184515,,1.1540333396283617,,68.0,2.666666666666667,29.333333333333332,True,True,2026-07-28 21:00:00,3117.0,2026-07-29 21:00:00,3092.0,1.0,2.0,,,2026-07-27 09:00:00,3181.0,0.0,1.0,0.9849444967964207,21.06482439815222,
M:5m:0:-1:26036:26118:9,M,5m,26330.0,2026-08-06 09:30:00,0.0,-1.0,1.0,BOS,-1.0,3062.0,212.0,BOS,1.0,3079.0,5.0,31.0,7.0,11.0,4.0,active_bear_swing_ob,swing,-1.0,212.0,3080.0,3086.0,3083.0,0.03247807729782397,active_bull_internal_ob,internal,1.0,5.0,3068.0,3071.0,3069.5,0.25982461838259174,3078.0,3081.0,3078.0,3079.0,11076.0,1204252.0,0.0,0.0,0.0,0.0,0.0,0.0,,3082.0,0.0,above,0.0974342318934719,3079.0,False,,3068.0,3.0,below,0.3572588502760637,3061.0,False,,3086.0,71.0,above,0.22734654108476776,3086.0,False,,3053.0,24.0,below,0.8444300097434233,3045.0,False,,0.0,0.0,8.579567164311694e-05,35.0,NONE,0.003786438552716084,0.0027124938615448076,0.0011255578677426524,0.8299947128202335,8.579567164311694e-05,0.0030028485075090927,0.0006063246253646959,0.0012401188473145641,0.002161190982330252,3067.385533161195,0.3786438552716084,0.0,-0.07914220151644301,,347.0,1.0,26296.0,26330.0,2026-08-05 14:35:00,2026-08-06 09:25:00,3070.0,3079.0,35.0,0.2931596091205302,0.008375988832015149,346.0,-1.0,26232.0,26295.0,2026-08-04 21:00:00,2026-08-05 14:30:00,3067.0,3068.0,64.0,0.03260515161396249,0.0005094554939681639,427237.0,,12206.771428571428,,657348.0,0.0,10271.0625,0.0,1.1884623843513198,,0.649940366442128,,45.714285714285715,54.285714285714285,0.0,False,False,,,,,0.0,0.0,2026-08-05 22:55:00,3071.0,2026-08-05 22:45:00,3070.0,5.0,5.0,0.41495314835537717,4.472797037999306,
M:5m:0:-1:26036:26118:9,M,15m,8776.0,2026-08-06 09:30:00,0.0,1.0,1.0,BOS,1.0,3098.0,297.0,CHoCH,1.0,3073.0,5.0,18.0,5.0,8.0,0.0,active_bear_internal_ob,internal,-1.0,124.0,3111.0,3119.0,3115.0,1.039298473530367,current_internal_high,internal,0.0,6.0,3073.0,3073.0,3073.0,0.1948684637869438,3079.0,3081.0,3072.0,3079.0,35144.0,1204252.0,1.0,1.0,0.0,1.0,1.0,0.0,active_bear_internal_ob,3073.0,6.0,below,0.1948684637869438,3086.0,True,5.0,3059.0,2.0,below,0.6495615459564794,3053.0,False,,3229.0,144.0,above,4.871711594673595,3098.0,False,,3045.0,20.0,below,1.1042546281260148,3040.0,False,,0.0,0.0,6.900841546155183e-05,41.0,NONE,0.006124232248833455,0.004226763085120256,0.0024646798447141207,0.7793098205362115,6.900841546155183e-05,0.002829345033923625,0.0006934157202864721,0.001082730121480413,0.0015780001145040412,3060.2582676276356,0.6124232248833456,0.0,0.31251468964036117,,125.0,1.0,8736.0,8776.0,2026-08-04 11:00:00,2026-08-06 09:15:00,3081.0,3079.0,41.0,-0.06491398896462108,-0.0015832680235273436,124.0,-1.0,8606.0,8735.0,2026-07-27 21:00:00,2026-08-04 10:45:00,3125.0,3080.0,130.0,-1.4399999999999968,-0.011076923076923052,1282509.0,,31280.70731707317,,5942438.0,0.0,45711.06153846154,0.0,0.6843137364192124,,0.2158220245629824,,24.390243902439025,31.70731707317073,43.90243902439025,False,False,,,,,0.0,0.0,2026-08-05 21:45:00,3071.0,2026-08-05 21:30:00,3062.0,3.0,3.0,0.5831128442922885,6.9608494955861016,
M:5m:0:-1:26036:26118:9,M,1h,2674.0,2026-08-05 23:00:00,630.0,1.0,-1.0,CHoCH,1.0,3073.0,105.0,BOS,-1.0,3062.0,20.0,11.0,3.0,2.0,0.0,current_internal_high,internal,0.0,6.0,3086.0,3086.0,3086.0,0.22734654108476776,current_internal_low,internal,0.0,1.0,3053.0,3053.0,3053.0,0.8444300097434233,3070.0,3079.0,3068.0,3071.0,117847.0,1212123.0,1.0,1.0,0.0,1.0,1.0,0.0,active_bear_internal_ob,3086.0,6.0,above,0.22734654108476776,3086.0,False,,3053.0,1.0,below,0.8444300097434233,3045.0,False,,3229.0,8.0,above,4.871711594673595,3073.0,False,,2887.0,229.0,below,6.235790841182202,2933.0,False,,0.0,0.0,-0.0004942233132305415,-37.0,NONE,-0.020510688193212386,-0.028894889408576343,0.004831647754181024,0.9586532803616524,-0.0004942233132305415,-0.018286262589530033,-0.002185102646415249,-0.005130660062929504,-0.009237971277844093,3135.3073106384036,-2.0510688193212387,0.0,0.3478651931698805,,34.0,-1.0,2638.0,2674.0,2026-07-29 21:00:00,2026-08-05 22:00:00,3090.0,3071.0,37.0,-0.614886731391584,-0.01661856030788065,33.0,1.0,2470.0,2637.0,2026-06-25 21:00:00,2026-07-29 14:00:00,2964.0,3109.0,168.0,4.892037786774628,0.029119272540325165,4392015.0,,118703.1081081081,,26577713.0,0.0,158200.67261904763,0.0,0.7503325121376004,,0.1652518032684001,,0.0,0.0,100.0,True,True,,,,,0.0,0.0,,,,,0.0,0.0,0.16721461314009853,11.518344837806815,4.0
M:5m:0:-1:26036:26118:9,M,4h,1144.0,2026-08-05 23:00:00,630.0,1.0,1.0,BOS,1.0,3073.0,45.0,BOS,1.0,3098.0,37.0,9.0,0.0,2.0,0.0,current_internal_high,internal,0.0,0.0,3086.0,3086.0,3086.0,0.22734654108476776,current_swing_high,swing,0.0,128.0,3073.0,3073.0,3073.0,0.1948684637869438,3061.0,3079.0,3059.0,3071.0,269598.0,1212123.0,0.0,0.0,0.0,0.0,0.0,0.0,,3086.0,0.0,above,0.22734654108476776,3229.0,False,,3045.0,3.0,below,1.1042546281260148,3040.0,False,,3073.0,128.0,below,0.1948684637869438,3203.0,True,45.0,2887.0,69.0,below,6.235790841182202,2824.0,False,,1.0,1.0,0.0007049770891881864,75.0,UP_CONFIRMED,-0.007635063131403968,0.015732618862498802,0.015495756368813758,0.06577659137022196,0.0007049770891881864,0.05287328168911398,-0.0010629548364633479,-0.0022539089088872144,-0.003381820802822455,3094.627677687333,-0.7635063131403967,0.03257328990227126,-0.2284053286223745,,17.0,1.0,1070.0,1144.0,2026-07-02 09:00:00,2026-08-05 21:00:00,2983.0,3071.0,75.0,2.950050284948036,0.03933400379930715,16.0,-1.0,993.0,1069.0,2026-05-26 09:00:00,2026-07-01 21:00:00,2978.0,2974.0,77.0,-0.1343183344526544,-0.0017443939539305766,26710389.0,,356138.52,,23145249.0,0.0,300587.6493506493,0.0,1.1848075620184515,,1.1540333396283617,,68.0,2.666666666666667,29.333333333333332,True,True,2026-07-28 21:00:00,3117.0,2026-07-29 21:00:00,3092.0,1.0,2.0,,,2026-07-27 09:00:00,3181.0,0.0,1.0,0.9849444967964207,21.06482439815222,
M:5m:0:-1:26036:26118:10,M,5m,26351.0,2026-08-06 11:30:00,0.0,-1.0,1.0,BOS,-1.0,3062.0,233.0,BOS,1.0,3082.0,17.0,32.0,7.0,11.0,4.0,active_bear_swing_ob,swing,-1.0,233.0,3080.0,3086.0,3083.0,0.03247807729782397,current_internal_low,internal,0.0,7.0,3077.0,3077.0,3077.0,0.06495615459564794,3079.0,3080.0,3078.0,3079.0,3988.0,1174704.0,1.0,1.0,1.0,0.0,1.0,0.0,active_bull_internal_ob,3086.0,1.0,above,0.22734654108476776,3086.0,False,,3077.0,7.0,below,0.06495615459564794,3072.0,False,,3086.0,92.0,above,0.22734654108476776,3086.0,False,,3053.0,45.0,below,0.8444300097434233,3045.0,False,,1.0,1.0,8.675218629581158e-05,56.0,UP_CONFIRMED,0.0019331432822714606,0.002931962598949827,0.001114525713256466,0.18507744028397188,8.675218629581158e-05,0.004858122432565448,0.00020846929519047208,0.0006121357823292151,0.0017356193930768704,3073.059335988612,0.19331432822714606,0.0,-1.1610770552849343,,347.0,1.0,26296.0,26351.0,2026-08-05 14:35:00,2026-08-06 11:25:00,3070.0,3079.0,56.0,0.2931596091205302,0.0052349930200094675,346.0,-1.0,26232.0,26295.0,2026-08-04 21:00:00,2026-08-05 14:30:00,3067.0,3068.0,64.0,0.03260515161396249,0.0005094554939681639,610683.0,,10905.05357142857,,657348.0,0.0,10271.0625,0.0,1.0617259481605308,,0.9290102046404645,,50.0,50.0,0.0,True,False,,,,,0.0,0.0,2026-08-06 11:20:00,3079.0,2026-08-06 11:15:00,3077.0,7.0,7.0,0.38012958066234126,3.6672828199533813,
M:5m:0:-1:26036:26118:10,M,15m,8783.0,2026-08-06 11:30:00,0.0,1.0,1.0,BOS,1.0,3098.0,304.0,CHoCH,1.0,3073.0,12.0,18.0,5.0,8.0,0.0,active_bear_internal_ob,internal,-1.0,131.0,3111.0,3119.0,3115.0,1.039298473530367,current_internal_high,internal,0.0,13.0,3073.0,3073.0,3073.0,0.1948684637869438,3082.0,3083.0,3077.0,3079.0,16152.0,1174704.0,1.0,1.0,0.0,1.0,1.0,0.0,active_bear_internal_ob,3073.0,13.0,below,0.1948684637869438,3086.0,True,12.0,3059.0,9.0,below,0.6495615459564794,3053.0,False,,3229.0,151.0,above,4.871711594673595,3098.0,False,,3045.0,27.0,below,1.1042546281260148,3040.0,False,,0.0,0.0,7.756200273050888e-05,48.0,NONE,0.005228463273822003,0.004501377910122977,0.002388489186225452,0.6195930813175418,7.756200273050888e-05,0.003722976131064426,0.0005510542084672387,0.00137832113012748,0.0022067727004424498,3062.9852938826775,0.5228463273822004,-0.12974375608173494,-1.1419882529440777,,125.0,1.0,8736.0,8783.0,2026-08-04 11:00:00,2026-08-06 11:15:00,3081.0,3079.0,48.0,-0.06491398896462108,-0.0013523747700962725,124.0,-1.0,8606.0,8735.0,2026-07-27 21:00:00,2026-08-04 10:45:00,3125.0,3080.0,130.0,-1.4399999999999968,-0.011076923076923052,1465955.0,,30540.729166666668,,5942438.0,0.0,45711.06153846154,0.0,0.668125572646558,,0.2466925191310368,,35.41666666666667,27.083333333333332,37.5,False,False,,,,,0.0,0.0,2026-08-05 21:45:00,3071.0,2026-08-05 21:30:00,3062.0,3.0,3.0,0.5306128998531916,6.532939858523496,
M:5m:0:-1:26036:26118:10,M,1h,2677.0,2026-08-06 11:30:00,0.0,1.0,-1.0,CHoCH,1.0,3073.0,108.0,BOS,-1.0,3062.0,23.0,11.0,3.0,2.0,0.0,current_internal_high,internal,0.0,9.0,3086.0,3086.0,3086.0,0.22734654108476776,current_internal_low,internal,0.0,4.0,3053.0,3053.0,3053.0,0.8444300097434233,3083.0,3084.0,3077.0,3079.0,31886.0,1174704.0,1.0,1.0,0.0,1.0,1.0,0.0,active_bear_internal_ob,3086.0,9.0,above,0.22734654108476776,3086.0,False,,3053.0,4.0,below,0.8444300097434233,3045.0,False,,3229.0,11.0,above,4.871711594673595,3073.0,False,,2887.0,232.0,below,6.235790841182202,2933.0,False,,0.0,0.0,-0.0004812894419068653,-40.0,NONE,-0.016992516961787857,-0.027942966694080758,0.005726932820013906,0.9720681082945684,-0.0004812894419068653,-0.01925157767627461,-0.002176970325941441,-0.004240377348168067,-0.009398987496969213,3132.224375834493,-1.6992516961787856,-0.1621271076523989,-1.5175297370609182,,34.0,-1.0,2638.0,2677.0,2026-07-29 21:00:00,2026-08-06 11:00:00,3090.0,3079.0,40.0,-0.35598705501618255,-0.008899676375404564,33.0,1.0,2470.0,2637.0,2026-06-25 21:00:00,2026-07-29 14:00:00,2964.0,3109.0,168.0,4.892037786774628,0.029119272540325165,4671217.0,,116780.425,,26577713.0,0.0,158200.67261904763,0.0,0.7381790675518243,,0.17575692084567246,,0.0,7.5,92.5,False,True,,,,,0.0,0.0,2026-08-06 09:00:00,3083.0,,,1.0,0.0,0.2049507800196126,11.243004230561798,2.0
M:5m:0:-1:26036:26118:10,M,4h,1145.0,2026-08-06 11:30:00,0.0,1.0,1.0,BOS,1.0,3073.0,46.0,BOS,1.0,3098.0,38.0,9.0,0.0,2.0,0.0,current_internal_high,internal,0.0,1.0,3086.0,3086.0,3086.0,0.22734654108476776,current_swing_high,swing,0.0,129.0,3073.0,3073.0,3073.0,0.1948684637869438,3076.0,3086.0,3072.0,3079.0,279202.0,1174704.0,0.0,0.0,0.0,0.0,0.0,0.0,,3086.0,1.0,above,0.22734654108476776,3229.0,False,,3045.0,4.0,below,1.1042546281260148,3040.0,False,,3073.0,129.0,below,0.1948684637869438,3203.0,True,46.0,2887.0,70.0,below,6.235790841182202,2824.0,False,,1.0,1.0,0.0006937626164419339,76.0,UP_CONFIRMED,-0.00491070048877212,0.01546099623945576,0.015572168302781011,0.09540071425843788,0.0006937626164419339,0.052725958849586974,-0.0011133067949222752,-0.0021748860684677185,-0.00352667182412425,3094.194663245154,-0.49107004887721195,0.26050146532075047,-0.07118073721259076,,17.0,1.0,1070.0,1145.0,2026-07-02 09:00:00,2026-08-06 09:00:00,2983.0,3079.0,76.0,3.2182366744887725,0.04234521940116806,16.0,-1.0,993.0,1069.0,2026-05-26 09:00:00,2026-07-01 21:00:00,2978.0,2974.0,77.0,-0.1343183344526544,-0.0017443939539305766,26989591.0,,355126.19736842107,,23145249.0,0.0,300587.6493506493,0.0,1.1814397502212408,,1.166096376841744,,67.10526315789474,2.631578947368421,30.263157894736842,True,True,2026-07-28 21:00:00,3117.0,2026-07-29 21:00:00,3092.0,1.0,2.0,,,2026-07-27 09:00:00,3181.0,0.0,1.0,1.0071904851151534,20.631622655427062,
M:5m:1:1:26172:26178:1,M,5m,26232.0,2026-08-04 21:05:00,0.0,-1.0,-1.0,BOS,-1.0,3062.0,114.0,CHoCH,-1.0,3075.0,4.0,30.0,7.0,11.0,4.0,current_internal_low,internal,0.0,28.0,3075.0,3075.0,3075.0,0.26084121291164003,active_bull_internal_ob,internal,1.0,1198.0,3040.0,3046.0,3043.0,0.6847081838930551,3065.0,3070.0,3065.0,3067.0,58735.0,1349460.0,1.0,1.0,1.0,0.0,1.0,0.0,active_bull_internal_ob,3086.0,18.0,above,0.6194978806651451,3084.0,False,,3075.0,28.0,above,0.26084121291164003,3070.0,True,4.0,3086.0,144.0,above,0.6194978806651451,3122.0,False,,3045.0,64.0,below,0.71731333550701,3062.0,False,,0.0,0.0,0.0,-1.0,UP_TO_DOWN,-0.0040770926944448255,-0.0040770926944448255,0.0,0.5,0.0,0.0,,,,3079.555633776607,-0.40770926944448255,-0.38973692757389156,4.14691131871619,,346.0,-1.0,26232.0,26232.0,2026-08-04 21:00:00,2026-08-04 21:00:00,3067.0,3067.0,1.0,0.0,0.0,345.0,1.0,26178.0,26231.0,2026-08-03 22:15:00,2026-08-04 14:55:00,3078.0,3079.0,54.0,0.032488628979865375,0.0006016412774049143,58735.0,,58735.0,,534374.0,0.0,9895.814814814816,0.0,5.935337422853657,,0.10991365597877142,,0.0,100.0,0.0,True,True,,,,,0.0,0.0,,,2026-08-04 21:00:00,3067.0,0.0,1.0,0.0,4.125983700046454,
M:5m:1:1:26172:26178:1,M,15m,8743.0,2026-08-04 15:00:00,365.0,1.0,1.0,BOS,1.0,3098.0,264.0,CHoCH,1.0,3075.0,17.0,18.0,4.0,8.0,0.0,current_internal_high,internal,0.0,2.0,3086.0,3086.0,3086.0,0.6194978806651451,current_internal_low,internal,0.0,17.0,3060.0,3060.0,3060.0,0.22823606129768503,3074.0,3080.0,3074.0,3079.0,34276.0,1354542.0,1.0,1.0,1.0,0.0,1.0,0.0,active_bull_internal_ob,3086.0,2.0,above,0.6194978806651451,3075.0,False,,3060.0,17.0,below,0.22823606129768503,3045.0,False,,3229.0,111.0,above,5.28203456146071,3098.0,False,,3040.0,294.0,below,0.8803390935767852,2921.0,False,,0.0,0.0,7.409290276225167e-05,8.0,NONE,0.008373198470118429,0.008442409110759051,0.0009690291113031452,0.4715306861953473,7.409290276225167e-05,0.0005927432220980133,0.00042957823550371366,,,3053.4329994801437,0.8373198470118428,0.16265452179571316,0.4047220610800667,,125.0,1.0,8736.0,8743.0,2026-08-04 11:00:00,2026-08-04 14:45:00,3081.0,3079.0,8.0,-0.06491398896462108,-0.008114248620577635,124.0,-1.0,8606.0,8735.0,2026-07-27 21:00:00,2026-08-04 10:45:00,3125.0,3080.0,130.0,-1.4399999999999968,-0.011076923076923052,197924.0,,24740.5,,5942438.0,0.0,45711.06153846154,0.0,0.5412366102936202,,0.03330686832576125,,100.0,0.0,0.0,False,False,,,,,0.0,0.0,,,,,0.0,0.0,0.1147811126646551,6.224436614241444,
M:5m:1:1:26172:26178:1,M,1h,2665.0,2026-08-04 15:00:00,365.0,1.0,-1.0,CHoCH,1.0,3073.0,96.0,BOS,-1.0,3062.0,11.0,11.0,3.0,2.0,0.0,active_bear_internal_ob,internal,-1.0,11.0,3072.0,3086.0,3079.0,0.16302575806977504,active_bull_internal_ob,internal,1.0,117.0,3034.0,3051.0,3042.5,0.5216824258232801,3076.0,3080.0,3073.0,3079.0,99123.0,1354542.0,0.0,0.0,0.0,0.0,0.0,0.0,,3086.0,14.0,above,0.6194978806651451,3122.0,False,,3045.0,6.0,below,0.71731333550701,3062.0,False,,3073.0,357.0,above,0.19563090968373,3001.0,True,96.0,2887.0,220.0,below,5.868927290511901,2933.0,False,,0.0,0.0,-0.0004871444314702711,-28.0,NONE,-0.022584977890690753,-0.030399077495769245,0.0044191516753871035,0.9614892051809507,-0.0004871444314702711,-0.01364004408116759,-0.0017817780935716065,-0.004163139445476194,-0.009447224617899375,3150.1459772486082,-2.258497789069075,0.09752925877763996,-0.0769096442471713,,34.0,-1.0,2638.0,2665.0,2026-07-29 21:00:00,2026-08-04 14:00:00,3090.0,3079.0,28.0,-0.35598705501618255,-0.012713823393435091,33.0,1.0,2470.0,2637.0,2026-06-25 21:00:00,2026-07-29 14:00:00,2964.0,3109.0,168.0,4.892037786774628,0.029119272540325165,3403186.0,,121542.35714285714,,26577713.0,0.0,158200.67261904763,0.0,0.7682796484407819,,0.12804660807346366,,0.0,0.0,100.0,True,True,,,,,0.0,0.0,,,,,0.0,0.0,0.14537124279518462,12.121927633515963,4.0
M:5m:1:1:26172:26178:1,M,4h,1140.0,2026-08-04 15:00:00,365.0,1.0,1.0,BOS,1.0,3073.0,41.0,BOS,1.0,3098.0,33.0,9.0,0.0,2.0,0.0,current_swing_high,swing,0.0,124.0,3073.0,3073.0,3073.0,0.19563090968373,active_bull_internal_ob,internal,1.0,50.0,3034.0,3054.0,3044.0,0.42386697098141507,3081.0,3084.0,3073.0,3079.0,152320.0,1354542.0,0.0,0.0,0.0,0.0,0.0,0.0,,3229.0,16.0,above,5.28203456146071,3098.0,False,,3040.0,39.0,below,0.8803390935767852,3034.0,False,,3073.0,124.0,above,0.19563090968373,3203.0,True,41.0,2887.0,65.0,below,5.868927290511901,2824.0,False,,1.0,1.0,0.0007591446770471354,71.0,UP_CONFIRMED,-0.006018540167472445,0.017161917257090726,0.014666749640590504,0.056998858798404495,0.0007591446770471354,0.053899272070346615,-0.0010627624542070002,-0.0020446545499096525,0.00015657103008259732,3097.64329056879,-0.6018540167472445,-0.032467532467528315,-1.3152669554280818,,17.0,1.0,1070.0,1140.0,2026-07-02 09:00:00,2026-08-04 13:30:00,2983.0,3079.0,71.0,3.2182366744887725,0.04532727710547567,16.0,-1.0,993.0,1069.0,2026-05-26 09:00:00,2026-07-01 21:00:00,2978.0,2974.0,77.0,-0.1343183344526544,-0.0017443939539305766,25721560.0,,362275.4929577465,,23145249.0,0.0,300587.6493506493,0.0,1.2052241459033983,,1.1113105760927438,,71.83098591549296,2.8169014084507045,25.352112676056336,True,True,2026-07-28 21:00:00,3117.0,2026-07-29 21:00:00,3092.0,1.0,2.0,,,2026-07-27 09:00:00,3181.0,0.0,1.0,0.8546102058923922,22.00347656172458,
M:5m:1:1:26172:26178:2,M,5m,26238.0,2026-08-04 21:35:00,0.0,-1.0,-1.0,BOS,-1.0,3062.0,120.0,CHoCH,-1.0,3075.0,10.0,30.0,7.0,11.0,4.0,active_bear_swing_ob,swing,-1.0,120.0,3080.0,3086.0,3083.0,0.3911342894393742,active_bull_internal_ob,internal,1.0,60.0,3063.0,3067.0,3065.0,0.03259452411994785,3070.0,3071.0,3067.0,3068.0,13142.0,1342065.0,0.0,0.0,0.0,0.0,0.0,0.0,,3086.0,24.0,above,0.5867014341590613,3084.0,False,,3064.0,0.0,below,0.1303780964797914,3075.0,False,,3086.0,150.0,above,0.5867014341590613,3122.0,False,,3045.0,70.0,below,0.7496740547588006,3062.0,False,,0.0,0.0,-0.00010917962052122856,-7.0,NONE,-0.0029903986110100733,-0.003316450476603724,0.00071794944211592,0.6751371233972621,-0.00010917962052122856,-0.0007642573436486,-0.0005224125124740908,,,3077.202060768319,-0.29903986110100733,-0.09768804949528143,0.09183990268742863,,346.0,-1.0,26232.0,26238.0,2026-08-04 21:00:00,2026-08-04 21:30:00,3067.0,3068.0,7.0,0.03260515161396249,0.0046578788019946415,345.0,1.0,26178.0,26231.0,2026-08-03 22:15:00,2026-08-04 14:55:00,3078.0,3079.0,54.0,0.032488628979865375,0.0006016412774049143,133567.0,,19081.0,,534374.0,0.0,9895.814814814816,0.0,1.9281888714645545,,0.24995040926392376,,0.0,14.285714285714285,85.71428571428571,True,True,,,,,0.0,0.0,,,2026-08-04 21:00:00,3067.0,0.0,1.0,0.21648127936200942,4.134472596616515,
M:5m:1:1:26172:26178:2,M,15m,8745.0,2026-08-04 21:30:00,5.0,1.0,1.0,BOS,1.0,3098.0,266.0,CHoCH,1.0,3075.0,19.0,18.0,4.0,8.0,0.0,current_internal_high,internal,0.0,4.0,3086.0,3086.0,3086.0,0.5867014341590613,current_internal_low,internal,0.0,19.0,3060.0,3060.0,3060.0,0.2607561929595828,3068.0,3072.0,3066.0,3071.0,32190.0,1342193.0,1.0,1.0,1.0,0.0,1.0,0.0,active_bull_internal_ob,3086.0,4.0,above,0.5867014341590613,3075.0,False,,3060.0,19.0,below,0.2607561929595828,3045.0,False,,3229.0,113.0,above,5.247718383311604,3098.0,False,,3040.0,296.0,below,0.9126466753585397,2921.0,False,,0.0,0.0,8.474138540921494e-05,10.0,NONE,0.0054972777223481085,0.007762718062064275,0.0016248797263365127,0.08162554109280384,8.474138540921494e-05,0.0008474138540921494,0.0005269790102808702,,,3054.21015853611,0.5497277722348108,0.09778357235983304,-0.031120489179115748,,125.0,1.0,8736.0,8745.0,2026-08-04 11:00:00,2026-08-04 21:15:00,3081.0,3071.0,10.0,-0.3245699448231054,-0.03245699448231054,124.0,-1.0,8606.0,8735.0,2026-07-27 21:00:00,2026-08-04 10:45:00,3125.0,3080.0,130.0,-1.4399999999999968,-0.011076923076923052,318349.0,,31834.9,,5942438.0,0.0,45711.06153846154,0.0,0.6964375564372738,,0.05357211972594413,,80.0,20.0,0.0,True,False,,,,,0.0,0.0,,,2026-08-04 21:00:00,3068.0,0.0,1.0,0.20931840024915474,6.7904581010551235,
M:5m:1:1:26172:26178:2,M,1h,2665.0,2026-08-04 15:00:00,395.0,1.0,-1.0,CHoCH,1.0,3073.0,96.0,BOS,-1.0,3062.0,11.0,11.0,3.0,2.0,0.0,active_bear_internal_ob,internal,-1.0,11.0,3072.0,3086.0,3079.0,0.1303780964797914,active_bull_internal_ob,internal,1.0,117.0,3034.0,3051.0,3042.5,0.5541069100391135,3076.0,3080.0,3073.0,3079.0,99123.0,1354542.0,0.0,0.0,0.0,0.0,0.0,0.0,,3086.0,14.0,above,0.5867014341590613,3122.0,False,,3045.0,6.0,below,0.7496740547588006,3062.0,False,,3073.0,357.0,above,0.16297262059973924,3001.0,True,96.0,2887.0,220.0,below,5.899608865710561,2933.0,False,,0.0,0.0,-0.0004871444314702711,-28.0,NONE,-0.022584977890690753,-0.030399077495769245,0.0044191516753871035,0.9614892051809507,-0.0004871444314702711,-0.01364004408116759,-0.0017817780935716065,-0.004163139445476194,-0.009447224617899375,3150.1459772486082,-2.258497789069075,0.09752925877763996,-0.0769096442471713,,34.0,-1.0,2638.0,2665.0,2026-07-29 21:00:00,2026-08-04 14:00:00,3090.0,3079.0,28.0,-0.35598705501618255,-0.012713823393435091,33.0,1.0,2470.0,2637.0,2026-06-25 21:00:00,2026-07-29 14:00:00,2964.0,3109.0,168.0,4.892037786774628,0.029119272540325165,3403186.0,,121542.35714285714,,26577713.0,0.0,158200.67261904763,0.0,0.7682796484407819,,0.12804660807346366,,0.0,0.0,100.0,True,True,,,,,0.0,0.0,,,,,0.0,0.0,0.14537124279518462,12.121927633515963,4.0
M:5m:1:1:26172:26178:2,M,4h,1140.0,2026-08-04 15:00:00,395.0,1.0,1.0,BOS,1.0,3073.0,41.0,BOS,1.0,3098.0,33.0,9.0,0.0,2.0,0.0,current_swing_high,swing,0.0,124.0,3073.0,3073.0,3073.0,0.16297262059973924,active_bull_internal_ob,internal,1.0,50.0,3034.0,3054.0,3044.0,0.45632333767926986,3081.0,3084.0,3073.0,3079.0,152320.0,1354542.0,0.0,0.0,0.0,0.0,0.0,0.0,,3229.0,16.0,above,5.247718383311604,3098.0,False,,3040.0,39.0,below,0.9126466753585397,3034.0,False,,3073.0,124.0,above,0.16297262059973924,3203.0,True,41.0,2887.0,65.0,below,5.899608865710561,2824.0,False,,1.0,1.0,0.0007591446770471354,71.0,UP_CONFIRMED,-0.006018540167472445,0.017161917257090726,0.014666749640590504,0.056998858798404495,0.0007591446770471354,0.053899272070346615,-0.0010627624542070002,-0.0020446545499096525,0.00015657103008259732,3097.64329056879,-0.6018540167472445,-0.032467532467528315,-1.3152669554280818,,17.0,1.0,1070.0,1140.0,2026-07-02 09:00:00,2026-08-04 13:30:00,2983.0,3079.0,71.0,3.2182366744887725,0.04532727710547567,16.0,-1.0,993.0,1069.0,2026-05-26 09:00:00,2026-07-01 21:00:00,2978.0,2974.0,77.0,-0.1343183344526544,-0.0017443939539305766,25721560.0,,362275.4929577465,,23145249.0,0.0,300587.6493506493,0.0,1.2052241459033983,,1.1113105760927438,,71.83098591549296,2.8169014084507045,25.352112676056336,True,True,2026-07-28 21:00:00,3117.0,2026-07-29 21:00:00,3092.0,1.0,2.0,,,2026-07-27 09:00:00,3181.0,0.0,1.0,0.8546102058923922,22.00347656172458,
M:5m:1:-1:26209:26228:1,M,5m,26325.0,2026-08-06 09:05:00,0.0,-1.0,1.0,BOS,-1.0,3062.0,207.0,BOS,1.0,3079.0,0.0,31.0,7.0,11.0,4.0,active_bear_internal_ob,internal,-1.0,97.0,3081.0,3086.0,3083.5,0.032467532467532464,current_internal_high,internal,0.0,4.0,3079.0,3079.0,3079.0,0.032467532467532464,3076.0,3082.0,3075.0,3080.0,34340.0,1213063.0,1.0,1.0,0.0,1.0,0.0,1.0,active_bear_swing_ob,3079.0,4.0,below,0.032467532467532464,3073.0,True,0.0,3061.0,18.0,below,0.6168831168831169,3060.0,False,,3086.0,66.0,above,0.19480519480519481,3086.0,False,,3053.0,19.0,below,0.8766233766233765,3045.0,False,,0.0,0.0,7.98357230399486e-05,30.0,NONE,0.0047212671926517135,0.0025715363698627287,0.0011301202271682407,0.9714284259874326,7.98357230399486e-05,0.002395071691198458,0.0006334101697658134,0.0011271028281969464,0.0016997315862334883,3065.5268287552044,0.47212671926517136,0.2930641484858443,3.51292258970062,,347.0,1.0,26296.0,26325.0,2026-08-05 14:35:00,2026-08-06 09:00:00,3070.0,3080.0,30.0,0.32573289902280145,0.010857763300760048,346.0,-1.0,26232.0,26295.0,2026-08-04 21:00:00,2026-08-05 14:30:00,3067.0,3068.0,64.0,0.03260515161396249,0.0005094554939681639,365821.0,,12194.033333333333,,657348.0,0.0,10271.0625,0.0,1.1872221917969374,,0.5565104024048145,,36.666666666666664,63.33333333333333,0.0,False,False,,,,,0.0,0.0,2026-08-05 22:55:00,3071.0,2026-08-05 22:45:00,3070.0,5.0,5.0,0.43947277604654983,4.333958879281157,
M:5m:1:-1:26209:26228:1,M,15m,8774.0,2026-08-05 23:00:00,605.0,1.0,1.0,BOS,1.0,3098.0,295.0,CHoCH,1.0,3073.0,3.0,18.0,5.0,8.0,0.0,active_bear_internal_ob,internal,-1.0,122.0,3111.0,3119.0,3115.0,1.0064935064935066,current_internal_high,internal,0.0,4.0,3073.0,3073.0,3073.0,0.22727272727272727,3072.0,3073.0,3068.0,3071.0,19415.0,1212123.0,1.0,1.0,0.0,1.0,1.0,0.0,active_bear_internal_ob,3073.0,4.0,below,0.22727272727272727,3086.0,True,3.0,3059.0,0.0,below,0.6818181818181818,3053.0,False,,3229.0,142.0,above,4.837662337662338,3098.0,False,,3045.0,18.0,below,1.1363636363636365,3040.0,False,,0.0,0.0,6.146067814410249e-05,39.0,NONE,0.003942932521163496,0.004125653328832465,0.002485218242768138,0.47069495402582373,6.146067814410249e-05,0.002396966447619997,0.00045927823165281545,0.0008524104818046219,0.00121287532073322,3058.9388106831084,0.3942932521163496,-0.032552083333337034,-0.7818483809631064,,125.0,1.0,8736.0,8774.0,2026-08-04 11:00:00,2026-08-05 22:45:00,3081.0,3071.0,39.0,-0.3245699448231054,-0.008322306277515524,124.0,-1.0,8606.0,8735.0,2026-07-27 21:00:00,2026-08-04 10:45:00,3125.0,3080.0,130.0,-1.4399999999999968,-0.011076923076923052,1186753.0,,30429.5641025641,,5942438.0,0.0,45711.06153846154,0.0,0.6656936653496988,,0.19970809960490962,,20.51282051282051,33.33333333333333,46.15384615384615,False,False,,,,,0.0,0.0,2026-08-05 21:45:00,3071.0,2026-08-05 21:30:00,3062.0,3.0,3.0,0.6023817428866327,6.481221900206365,
M:5m:1:-1:26209:26228:1,M,1h,2674.0,2026-08-05 23:00:00,605.0,1.0,-1.0,CHoCH,1.0,3073.0,105.0,BOS,-1.0,3062.0,20.0,11.0,3.0,2.0,0.0,current_internal_high,internal,0.0,6.0,3086.0,3086.0,3086.0,0.19480519480519481,current_internal_low,internal,0.0,1.0,3053.0,3053.0,3053.0,0.8766233766233765,3070.0,3079.0,3068.0,3071.0,117847.0,1212123.0,1.0,1.0,0.0,1.0,1.0,0.0,active_bear_internal_ob,3086.0,6.0,above,0.19480519480519481,3086.0,False,,3053.0,1.0,below,0.8766233766233765,3045.0,False,,3229.0,8.0,above,4.837662337662338,3073.0,False,,2887.0,229.0,below,6.266233766233766,2933.0,False,,0.0,0.0,-0.0004942233132305415,-37.0,NONE,-0.020510688193212386,-0.028894889408576343,0.004831647754181024,0.9586532803616524,-0.0004942233132305415,-0.018286262589530033,-0.002185102646415249,-0.005130660062929504,-0.009237971277844093,3135.3073106384036,-2.0510688193212387,0.0,0.3478651931698805,,34.0,-1.0,2638.0,2674.0,2026-07-29 21:00:00,2026-08-05 22:00:00,3090.0,3071.0,37.0,-0.614886731391584,-0.01661856030788065,33.0,1.0,2470.0,2637.0,2026-06-25 21:00:00,2026-07-29 14:00:00,2964.0,3109.0,168.0,4.892037786774628,0.029119272540325165,4392015.0,,118703.1081081081,,26577713.0,0.0,158200.67261904763,0.0,0.7503325121376004,,0.1652518032684001,,0.0,0.0,100.0,True,True,,,,,0.0,0.0,,,,,0.0,0.0,0.16721461314009853,11.518344837806815,4.0
M:5m:1:-1:26209:26228:1,M,4h,1144.0,2026-08-05 23:00:00,605.0,1.0,1.0,BOS,1.0,3073.0,45.0,BOS,1.0,3098.0,37.0,9.0,0.0,2.0,0.0,current_internal_high,internal,0.0,0.0,3086.0,3086.0,3086.0,0.19480519480519481,current_swing_high,swing,0.0,128.0,3073.0,3073.0,3073.0,0.22727272727272727,3061.0,3079.0,3059.0,3071.0,269598.0,1212123.0,0.0,0.0,0.0,0.0,0.0,0.0,,3086.0,0.0,above,0.19480519480519481,3229.0,False,,3045.0,3.0,below,1.1363636363636365,3040.0,False,,3073.0,128.0,below,0.22727272727272727,3203.0,True,45.0,2887.0,69.0,below,6.266233766233766,2824.0,False,,1.0,1.0,0.0007049770891881864,75.0,UP_CONFIRMED,-0.007635063131403968,0.015732618862498802,0.015495756368813758,0.06577659137022196,0.0007049770891881864,0.05287328168911398,-0.0010629548364633479,-0.0022539089088872144,-0.003381820802822455,3094.627677687333,-0.7635063131403967,0.03257328990227126,-0.2284053286223745,,17.0,1.0,1070.0,1144.0,2026-07-02 09:00:00,2026-08-05 21:00:00,2983.0,3071.0,75.0,2.950050284948036,0.03933400379930715,16.0,-1.0,993.0,1069.0,2026-05-26 09:00:00,2026-07-01 21:00:00,2978.0,2974.0,77.0,-0.1343183344526544,-0.0017443939539305766,26710389.0,,356138.52,,23145249.0,0.0,300587.6493506493,0.0,1.1848075620184515,,1.1540333396283617,,68.0,2.666666666666667,29.333333333333332,True,True,2026-07-28 21:00:00,3117.0,2026-07-29 21:00:00,3092.0,1.0,2.0,,,2026-07-27 09:00:00,3181.0,0.0,1.0,0.9849444967964207,21.06482439815222,
M:5m:1:-1:26209:26228:2,M,5m,26330.0,2026-08-06 09:30:00,0.0,-1.0,1.0,BOS,-1.0,3062.0,212.0,BOS,1.0,3079.0,5.0,31.0,7.0,11.0,4.0,active_bear_swing_ob,swing,-1.0,212.0,3080.0,3086.0,3083.0,0.03247807729782397,active_bull_internal_ob,internal,1.0,5.0,3068.0,3071.0,3069.5,0.25982461838259174,3078.0,3081.0,3078.0,3079.0,11076.0,1204252.0,0.0,0.0,0.0,0.0,0.0,0.0,,3082.0,0.0,above,0.0974342318934719,3079.0,False,,3068.0,3.0,below,0.3572588502760637,3061.0,False,,3086.0,71.0,above,0.22734654108476776,3086.0,False,,3053.0,24.0,below,0.8444300097434233,3045.0,False,,0.0,0.0,8.579567164311694e-05,35.0,NONE,0.003786438552716084,0.0027124938615448076,0.0011255578677426524,0.8299947128202335,8.579567164311694e-05,0.0030028485075090927,0.0006063246253646959,0.0012401188473145641,0.002161190982330252,3067.385533161195,0.3786438552716084,0.0,-0.07914220151644301,,347.0,1.0,26296.0,26330.0,2026-08-05 14:35:00,2026-08-06 09:25:00,3070.0,3079.0,35.0,0.2931596091205302,0.008375988832015149,346.0,-1.0,26232.0,26295.0,2026-08-04 21:00:00,2026-08-05 14:30:00,3067.0,3068.0,64.0,0.03260515161396249,0.0005094554939681639,427237.0,,12206.771428571428,,657348.0,0.0,10271.0625,0.0,1.1884623843513198,,0.649940366442128,,45.714285714285715,54.285714285714285,0.0,False,False,,,,,0.0,0.0,2026-08-05 22:55:00,3071.0,2026-08-05 22:45:00,3070.0,5.0,5.0,0.41495314835537717,4.472797037999306,
M:5m:1:-1:26209:26228:2,M,15m,8776.0,2026-08-06 09:30:00,0.0,1.0,1.0,BOS,1.0,3098.0,297.0,CHoCH,1.0,3073.0,5.0,18.0,5.0,8.0,0.0,active_bear_internal_ob,internal,-1.0,124.0,3111.0,3119.0,3115.0,1.039298473530367,current_internal_high,internal,0.0,6.0,3073.0,3073.0,3073.0,0.1948684637869438,3079.0,3081.0,3072.0,3079.0,35144.0,1204252.0,1.0,1.0,0.0,1.0,1.0,0.0,active_bear_internal_ob,3073.0,6.0,below,0.1948684637869438,3086.0,True,5.0,3059.0,2.0,below,0.6495615459564794,3053.0,False,,3229.0,144.0,above,4.871711594673595,3098.0,False,,3045.0,20.0,below,1.1042546281260148,3040.0,False,,0.0,0.0,6.900841546155183e-05,41.0,NONE,0.006124232248833455,0.004226763085120256,0.0024646798447141207,0.7793098205362115,6.900841546155183e-05,0.002829345033923625,0.0006934157202864721,0.001082730121480413,0.0015780001145040412,3060.2582676276356,0.6124232248833456,0.0,0.31251468964036117,,125.0,1.0,8736.0,8776.0,2026-08-04 11:00:00,2026-08-06 09:15:00,3081.0,3079.0,41.0,-0.06491398896462108,-0.0015832680235273436,124.0,-1.0,8606.0,8735.0,2026-07-27 21:00:00,2026-08-04 10:45:00,3125.0,3080.0,130.0,-1.4399999999999968,-0.011076923076923052,1282509.0,,31280.70731707317,,5942438.0,0.0,45711.06153846154,0.0,0.6843137364192124,,0.2158220245629824,,24.390243902439025,31.70731707317073,43.90243902439025,False,False,,,,,0.0,0.0,2026-08-05 21:45:00,3071.0,2026-08-05 21:30:00,3062.0,3.0,3.0,0.5831128442922885,6.9608494955861016,
M:5m:1:-1:26209:26228:2,M,1h,2674.0,2026-08-05 23:00:00,630.0,1.0,-1.0,CHoCH,1.0,3073.0,105.0,BOS,-1.0,3062.0,20.0,11.0,3.0,2.0,0.0,current_internal_high,internal,0.0,6.0,3086.0,3086.0,3086.0,0.22734654108476776,current_internal_low,internal,0.0,1.0,3053.0,3053.0,3053.0,0.8444300097434233,3070.0,3079.0,3068.0,3071.0,117847.0,1212123.0,1.0,1.0,0.0,1.0,1.0,0.0,active_bear_internal_ob,3086.0,6.0,above,0.22734654108476776,3086.0,False,,3053.0,1.0,below,0.8444300097434233,3045.0,False,,3229.0,8.0,above,4.871711594673595,3073.0,False,,2887.0,229.0,below,6.235790841182202,2933.0,False,,0.0,0.0,-0.0004942233132305415,-37.0,NONE,-0.020510688193212386,-0.028894889408576343,0.004831647754181024,0.9586532803616524,-0.0004942233132305415,-0.018286262589530033,-0.002185102646415249,-0.005130660062929504,-0.009237971277844093,3135.3073106384036,-2.0510688193212387,0.0,0.3478651931698805,,34.0,-1.0,2638.0,2674.0,2026-07-29 21:00:00,2026-08-05 22:00:00,3090.0,3071.0,37.0,-0.614886731391584,-0.01661856030788065,33.0,1.0,2470.0,2637.0,2026-06-25 21:00:00,2026-07-29 14:00:00,2964.0,3109.0,168.0,4.892037786774628,0.029119272540325165,4392015.0,,118703.1081081081,,26577713.0,0.0,158200.67261904763,0.0,0.7503325121376004,,0.1652518032684001,,0.0,0.0,100.0,True,True,,,,,0.0,0.0,,,,,0.0,0.0,0.16721461314009853,11.518344837806815,4.0
M:5m:1:-1:26209:26228:2,M,4h,1144.0,2026-08-05 23:00:00,630.0,1.0,1.0,BOS,1.0,3073.0,45.0,BOS,1.0,3098.0,37.0,9.0,0.0,2.0,0.0,current_internal_high,internal,0.0,0.0,3086.0,3086.0,3086.0,0.22734654108476776,current_swing_high,swing,0.0,128.0,3073.0,3073.0,3073.0,0.1948684637869438,3061.0,3079.0,3059.0,3071.0,269598.0,1212123.0,0.0,0.0,0.0,0.0,0.0,0.0,,3086.0,0.0,above,0.22734654108476776,3229.0,False,,3045.0,3.0,below,1.1042546281260148,3040.0,False,,3073.0,128.0,below,0.1948684637869438,3203.0,True,45.0,2887.0,69.0,below,6.235790841182202,2824.0,False,,1.0,1.0,0.0007049770891881864,75.0,UP_CONFIRMED,-0.007635063131403968,0.015732618862498802,0.015495756368813758,0.06577659137022196,0.0007049770891881864,0.05287328168911398,-0.0010629548364633479,-0.0022539089088872144,-0.003381820802822455,3094.627677687333,-0.7635063131403967,0.03257328990227126,-0.2284053286223745,,17.0,1.0,1070.0,1144.0,2026-07-02 09:00:00,2026-08-05 21:00:00,2983.0,3071.0,75.0,2.950050284948036,0.03933400379930715,16.0,-1.0,993.0,1069.0,2026-05-26 09:00:00,2026-07-01 21:00:00,2978.0,2974.0,77.0,-0.1343183344526544,-0.0017443939539305766,26710389.0,,356138.52,,23145249.0,0.0,300587.6493506493,0.0,1.1848075620184515,,1.1540333396283617,,68.0,2.666666666666667,29.333333333333332,True,True,2026-07-28 21:00:00,3117.0,2026-07-29 21:00:00,3092.0,1.0,2.0,,,2026-07-27 09:00:00,3181.0,0.0,1.0,0.9849444967964207,21.06482439815222,
M:5m:1:-1:26209:26228:3,M,5m,26352.0,2026-08-06 13:35:00,0.0,-1.0,1.0,BOS,-1.0,3062.0,234.0,BOS,1.0,3082.0,18.0,32.0,7.0,11.0,4.0,current_internal_high,internal,0.0,2.0,3086.0,3086.0,3086.0,0.12978585334198572,active_bull_internal_ob,internal,1.0,18.0,3072.0,3079.0,3075.5,0.0973393900064893,3080.0,3083.0,3077.0,3082.0,16494.0,1170479.0,2.0,2.0,0.0,2.0,1.0,1.0,active_bear_internal_ob|active_bear_swing_ob,3086.0,2.0,above,0.12978585334198572,3086.0,False,,3077.0,8.0,below,0.16223231667748217,3072.0,False,,3086.0,93.0,above,0.12978585334198572,3086.0,False,,3053.0,46.0,below,0.9409474367293965,3045.0,False,,1.0,1.0,8.754357173467117e-05,57.0,UP_CONFIRMED,0.002777780978214765,0.0029292576582351766,0.0011048913464766317,0.44547727966767203,8.754357173467117e-05,0.004989983588876257,0.0002705745523112757,0.0006562516103716387,0.0017951288919635378,3073.4625940689407,0.2777780978214765,0.09743423189347844,1.6804325871748949,,347.0,1.0,26296.0,26352.0,2026-08-05 14:35:00,2026-08-06 13:30:00,3070.0,3082.0,57.0,0.3908794788273662,0.006857534716269582,346.0,-1.0,26232.0,26295.0,2026-08-04 21:00:00,2026-08-05 14:30:00,3067.0,3068.0,64.0,0.03260515161396249,0.0005094554939681639,627177.0,,11003.105263157895,,657348.0,0.0,10271.0625,0.0,1.0712723501738886,,0.9541019368736194,,49.122807017543856,50.877192982456144,0.0,True,False,,,,,0.0,0.0,2026-08-06 11:20:00,3079.0,2026-08-06 11:15:00,3077.0,7.0,7.0,0.3771915875581625,3.833905475670997,
M:5m:1:-1:26209:26228:3,M,15m,8783.0,2026-08-06 11:30:00,125.0,1.0,1.0,BOS,1.0,3098.0,304.0,CHoCH,1.0,3073.0,12.0,18.0,5.0,8.0,0.0,active_bear_internal_ob,internal,-1.0,131.0,3111.0,3119.0,3115.0,0.9409474367293965,current_internal_high,internal,0.0,13.0,3073.0,3073.0,3073.0,0.2920181700194679,3082.0,3083.0,3077.0,3079.0,16152.0,1174704.0,1.0,1.0,0.0,1.0,1.0,0.0,active_bear_internal_ob,3073.0,13.0,below,0.2920181700194679,3086.0,True,12.0,3059.0,9.0,below,0.7462686567164178,3053.0,False,,3229.0,151.0,above,4.7696301103179755,3098.0,False,,3045.0,27.0,below,1.200519143413368,3040.0,False,,0.0,0.0,7.756200273050888e-05,48.0,NONE,0.005228463273822003,0.004501377910122977,0.002388489186225452,0.6195930813175418,7.756200273050888e-05,0.003722976131064426,0.0005510542084672387,0.00137832113012748,0.0022067727004424498,3062.9852938826775,0.5228463273822004,-0.12974375608173494,-1.1419882529440777,,125.0,1.0,8736.0,8783.0,2026-08-04 11:00:00,2026-08-06 11:15:00,3081.0,3079.0,48.0,-0.06491398896462108,-0.0013523747700962725,124.0,-1.0,8606.0,8735.0,2026-07-27 21:00:00,2026-08-04 10:45:00,3125.0,3080.0,130.0,-1.4399999999999968,-0.011076923076923052,1465955.0,,30540.729166666668,,5942438.0,0.0,45711.06153846154,0.0,0.668125572646558,,0.2466925191310368,,35.41666666666667,27.083333333333332,37.5,False,False,,,,,0.0,0.0,2026-08-05 21:45:00,3071.0,2026-08-05 21:30:00,3062.0,3.0,3.0,0.5306128998531916,6.532939858523496,
M:5m:1:-1:26209:26228:3,M,1h,2677.0,2026-08-06 11:30:00,125.0,1.0,-1.0,CHoCH,1.0,3073.0,108.0,BOS,-1.0,3062.0,23.0,11.0,3.0,2.0,0.0,current_internal_high,internal,0.0,9.0,3086.0,3086.0,3086.0,0.12978585334198572,current_internal_low,internal,0.0,4.0,3053.0,3053.0,3053.0,0.9409474367293965,3083.0,3084.0,3077.0,3079.0,31886.0,1174704.0,1.0,1.0,0.0,1.0,1.0,0.0,active_bear_internal_ob,3086.0,9.0,above,0.12978585334198572,3086.0,False,,3053.0,4.0,below,0.9409474367293965,3045.0,False,,3229.0,11.0,above,4.7696301103179755,3073.0,False,,2887.0,232.0,below,6.327060350421804,2933.0,False,,0.0,0.0,-0.0004812894419068653,-40.0,NONE,-0.016992516961787857,-0.027942966694080758,0.005726932820013906,0.9720681082945684,-0.0004812894419068653,-0.01925157767627461,-0.002176970325941441,-0.004240377348168067,-0.009398987496969213,3132.224375834493,-1.6992516961787856,-0.1621271076523989,-1.5175297370609182,,34.0,-1.0,2638.0,2677.0,2026-07-29 21:00:00,2026-08-06 11:00:00,3090.0,3079.0,40.0,-0.35598705501618255,-0.008899676375404564,33.0,1.0,2470.0,2637.0,2026-06-25 21:00:00,2026-07-29 14:00:00,2964.0,3109.0,168.0,4.892037786774628,0.029119272540325165,4671217.0,,116780.425,,26577713.0,0.0,158200.67261904763,0.0,0.7381790675518243,,0.17575692084567246,,0.0,7.5,92.5,False,True,,,,,0.0,0.0,2026-08-06 09:00:00,3083.0,,,1.0,0.0,0.2049507800196126,11.243004230561798,2.0
M:5m:1:-1:26209:26228:3,M,4h,1145.0,2026-08-06 11:30:00,125.0,1.0,1.0,BOS,1.0,3073.0,46.0,BOS,1.0,3098.0,38.0,9.0,0.0,2.0,0.0,current_internal_high,internal,0.0,1.0,3086.0,3086.0,3086.0,0.12978585334198572,current_swing_high,swing,0.0,129.0,3073.0,3073.0,3073.0,0.2920181700194679,3076.0,3086.0,3072.0,3079.0,279202.0,1174704.0,0.0,0.0,0.0,0.0,0.0,0.0,,3086.0,1.0,above,0.12978585334198572,3229.0,False,,3045.0,4.0,below,1.200519143413368,3040.0,False,,3073.0,129.0,below,0.2920181700194679,3203.0,True,46.0,2887.0,70.0,below,6.327060350421804,2824.0,False,,1.0,1.0,0.0006937626164419339,76.0,UP_CONFIRMED,-0.00491070048877212,0.01546099623945576,0.015572168302781011,0.09540071425843788,0.0006937626164419339,0.052725958849586974,-0.0011133067949222752,-0.0021748860684677185,-0.00352667182412425,3094.194663245154,-0.49107004887721195,0.26050146532075047,-0.07118073721259076,,17.0,1.0,1070.0,1145.0,2026-07-02 09:00:00,2026-08-06 09:00:00,2983.0,3079.0,76.0,3.2182366744887725,0.04234521940116806,16.0,-1.0,993.0,1069.0,2026-05-26 09:00:00,2026-07-01 21:00:00,2978.0,2974.0,77.0,-0.1343183344526544,-0.0017443939539305766,26989591.0,,355126.19736842107,,23145249.0,0.0,300587.6493506493,0.0,1.1814397502212408,,1.166096376841744,,67.10526315789474,2.631578947368421,30.263157894736842,True,True,2026-07-28 21:00:00,3117.0,2026-07-29 21:00:00,3092.0,1.0,2.0,,,2026-07-27 09:00:00,3181.0,0.0,1.0,1.0071904851151534,20.631622655427062,
M:5m:1:-1:26237:26241:1,M,5m,26259.0,2026-08-05 09:20:00,0.0,-1.0,-1.0,BOS,-1.0,3062.0,141.0,BOS,-1.0,3064.0,18.0,29.0,8.0,11.0,4.0,active_bear_internal_ob,internal,-1.0,18.0,3068.0,3072.0,3070.0,0.09787928221859706,current_internal_low,internal,0.0,6.0,3057.0,3057.0,3057.0,0.26101141924959215,3066.0,3068.0,3064.0,3065.0,7966.0,1311767.0,0.0,0.0,0.0,0.0,0.0,0.0,,3072.0,17.0,above,0.22838499184339314,3086.0,False,,3057.0,6.0,below,0.26101141924959215,3064.0,False,,3086.0,0.0,above,0.6851549755301795,3086.0,False,,3045.0,91.0,below,0.6525285481239804,3062.0,False,,0.0,0.0,-0.0003009701068142475,-28.0,NONE,0.003732076767800327,-0.0029563627950518075,0.0026591319715112034,0.9940529669505535,-0.0003009701068142475,-0.008427162990798931,-0.005861619226384063,-0.006167997261008251,-0.007536233403805936,3053.6037165115386,0.3732076767800327,0.0,-0.3754224852080295,,346.0,-1.0,26232.0,26259.0,2026-08-04 21:00:00,2026-08-05 09:15:00,3067.0,3065.0,28.0,-0.06521030322791388,-0.0023289394009969244,345.0,1.0,26178.0,26231.0,2026-08-03 22:15:00,2026-08-04 14:55:00,3078.0,3079.0,54.0,0.032488628979865375,0.0006016412774049143,357893.0,,12781.892857142857,,534374.0,0.0,9895.814814814816,0.0,1.2916463268903693,,0.6697425398690805,,0.0,14.285714285714285,85.71428571428571,False,False,2026-08-05 09:00:00,3058.0,,,1.0,0.0,2026-08-05 09:05:00,3065.0,2026-08-04 21:00:00,3067.0,1.0,1.0,0.8994606399329297,4.363033277247434,
M:5m:1:-1:26237:26241:1,M,15m,8752.0,2026-08-05 09:15:00,5.0,1.0,-1.0,BOS,1.0,3098.0,273.0,CHoCH,-1.0,3060.0,4.0,17.0,5.0,8.0,0.0,active_bear_internal_ob,internal,-1.0,4.0,3079.0,3086.0,3082.5,0.4567699836867863,current_internal_low,internal,0.0,26.0,3060.0,3060.0,3060.0,0.1631321370309951,3054.0,3067.0,3053.0,3065.0,59085.0,1313658.0,0.0,0.0,0.0,0.0,0.0,0.0,,3086.0,11.0,above,0.6851549755301795,3075.0,False,,3060.0,26.0,below,0.1631321370309951,3045.0,True,4.0,3229.0,120.0,above,5.35073409461664,3098.0,False,,3040.0,303.0,below,0.8156606851549755,2921.0,False,,0.0,0.0,6.504365440216636e-05,17.0,NONE,0.0032738218158779118,0.005474925711907106,0.003086410561491092,0.2378734436801958,6.504365440216636e-05,0.0011057421248368282,0.00014335896156492112,0.0006367423123876392,,3054.9984793308927,0.3273821815877912,0.26169447170427684,1.7240073472106061,,125.0,1.0,8736.0,8752.0,2026-08-04 11:00:00,2026-08-05 09:00:00,3081.0,3065.0,17.0,-0.5193119117169798,-0.030547759512763516,124.0,-1.0,8606.0,8735.0,2026-07-27 21:00:00,2026-08-04 10:45:00,3125.0,3080.0,130.0,-1.4399999999999968,-0.011076923076923052,547851.0,,32226.529411764706,,5942438.0,0.0,45711.06153846154,0.0,0.7050050540753495,,0.09219296860985339,,47.05882352941176,17.647058823529413,35.294117647058826,True,True,,,,,0.0,0.0,,,2026-08-04 21:00:00,3068.0,0.0,1.0,0.5637356055404793,7.172685072605549,
M:5m:1:-1:26237:26241:1,M,1h,2667.0,2026-08-04 23:00:00,620.0,1.0,-1.0,CHoCH,1.0,3073.0,98.0,BOS,-1.0,3062.0,13.0,11.0,3.0,2.0,0.0,active_bear_internal_ob,internal,-1.0,13.0,3072.0,3086.0,3079.0,0.22838499184339314,active_bull_internal_ob,internal,1.0,119.0,3034.0,3051.0,3042.5,0.4567699836867863,3062.0,3064.0,3054.0,3057.0,98441.0,1314783.0,0.0,0.0,0.0,0.0,0.0,0.0,,3086.0,16.0,above,0.6851549755301795,3122.0,False,,3045.0,8.0,below,0.6525285481239804,3062.0,False,,3229.0,1.0,above,5.35073409461664,3073.0,False,,2887.0,222.0,below,5.807504078303426,2933.0,False,,0.0,0.0,-0.0005025041514915599,-30.0,NONE,-0.02815481868675131,-0.030213055681349302,0.004327968548629729,0.6828083883134783,-0.0005025041514915599,-0.015075124544746799,-0.0022759420343272385,-0.005180577753356896,-0.010061985784004857,3145.562748862009,-2.815481868675131,-0.16329196603527274,-0.15185306681132557,,34.0,-1.0,2638.0,2667.0,2026-07-29 21:00:00,2026-08-04 22:00:00,3090.0,3057.0,30.0,-1.0679611650485477,-0.035598705501618255,33.0,1.0,2470.0,2637.0,2026-06-25 21:00:00,2026-07-29 14:00:00,2964.0,3109.0,168.0,4.892037786774628,0.029119272540325165,3694028.0,,123134.26666666666,,26577713.0,0.0,158200.67261904763,0.0,0.7783422448726118,,0.13898968658439498,,0.0,0.0,100.0,True,True,,,,,0.0,0.0,,,,,0.0,0.0,0.14324828955653796,12.426560051347948,4.0
M:5m:1:-1:26237:26241:1,M,4h,1141.0,2026-08-04 23:00:00,620.0,1.0,1.0,BOS,1.0,3073.0,42.0,BOS,1.0,3098.0,34.0,9.0,0.0,2.0,0.0,current_swing_high,swing,0.0,125.0,3073.0,3073.0,3073.0,0.26101141924959215,active_bull_internal_ob,internal,1.0,51.0,3034.0,3054.0,3044.0,0.35889070146818924,3065.0,3072.0,3054.0,3057.0,290842.0,1314783.0,0.0,0.0,0.0,0.0,0.0,0.0,,3229.0,17.0,above,5.35073409461664,3098.0,False,,3045.0,0.0,below,0.6525285481239804,3040.0,False,,3073.0,125.0,above,0.26101141924959215,3203.0,True,42.0,2887.0,66.0,below,5.807504078303426,2824.0,False,,1.0,1.0,0.0007438072466785609,72.0,UP_CONFIRMED,-0.012797406383166253,0.016745815539864938,0.014980615550405234,0.024299286473163484,0.0007438072466785609,0.05355412176085639,-0.000949654871165384,-0.002142863531733097,-0.0013212872732168979,3096.6288173940147,-1.2797406383166252,-0.7145177005521308,-0.3230215048115007,,17.0,1.0,1070.0,1141.0,2026-07-02 09:00:00,2026-08-04 21:00:00,2983.0,3057.0,72.0,2.4807241032517524,0.03445450143405212,16.0,-1.0,993.0,1069.0,2026-05-26 09:00:00,2026-07-01 21:00:00,2978.0,2974.0,77.0,-0.1343183344526544,-0.0017443939539305766,26012402.0,,361283.3611111111,,23145249.0,0.0,300587.6493506493,0.0,1.2019235051459398,,1.1238765242923072,,70.83333333333334,2.7777777777777777,26.38888888888889,True,True,2026-07-28 21:00:00,3117.0,2026-07-29 21:00:00,3092.0,1.0,2.0,,,2026-07-27 09:00:00,3181.0,0.0,1.0,0.8945885922810098,22.217513950172822,
M:5m:1:-1:26237:26241:2,M,5m,26269.0,2026-08-05 10:10:00,0.0,-1.0,-1.0,BOS,-1.0,3062.0,151.0,BOS,-1.0,3064.0,28.0,29.0,8.0,11.0,4.0,active_bear_internal_ob,internal,-1.0,28.0,3068.0,3072.0,3070.0,0.06523157208088715,current_internal_low,internal,0.0,16.0,3057.0,3057.0,3057.0,0.29354207436399216,3064.0,3068.0,3063.0,3066.0,9795.0,1289937.0,0.0,0.0,0.0,0.0,0.0,0.0,,3068.0,5.0,above,0.06523157208088715,3072.0,False,,3057.0,16.0,below,0.29354207436399216,3064.0,False,,3086.0,10.0,above,0.6523157208088715,3086.0,False,,3045.0,101.0,below,0.684931506849315,3062.0,False,,0.0,0.0,-0.00021324747426322053,-38.0,NONE,0.003731829677288788,-0.0015646924499861743,0.0032934851971588696,0.9461022885637503,-0.00021324747426322053,-0.00810340402200238,0.00013978290701688323,0.0003265105262191259,-0.005843500650820399,3054.6007502678817,0.37318296772887877,0.09794319294809117,-0.12413960124815465,,346.0,-1.0,26232.0,26269.0,2026-08-04 21:00:00,2026-08-05 10:05:00,3067.0,3066.0,38.0,-0.03260515161395139,-0.0008580303056302997,345.0,1.0,26178.0,26231.0,2026-08-03 22:15:00,2026-08-04 14:55:00,3078.0,3079.0,54.0,0.032488628979865375,0.0006016412774049143,458245.0,,12059.078947368422,,534374.0,0.0,9895.814814814816,0.0,1.2186039424782917,,0.8575361076699091,,0.0,36.84210526315789,63.1578947368421,False,False,2026-08-05 09:00:00,3058.0,,,1.0,0.0,2026-08-05 10:00:00,3063.0,2026-08-05 09:25:00,3062.0,2.0,2.0,2.104877030107719,4.016981560465255,
M:5m:1:-1:26237:26241:2,M,15m,8755.0,2026-08-05 10:00:00,10.0,1.0,-1.0,BOS,1.0,3098.0,276.0,CHoCH,-1.0,3060.0,7.0,17.0,5.0,8.0,0.0,active_bear_internal_ob,internal,-1.0,7.0,3079.0,3086.0,3082.5,0.42400521852576645,current_internal_low,internal,0.0,29.0,3060.0,3060.0,3060.0,0.19569471624266144,3060.0,3062.0,3058.0,3061.0,22841.0,1292164.0,0.0,0.0,0.0,0.0,0.0,0.0,,3086.0,14.0,above,0.6523157208088715,3075.0,False,,3060.0,29.0,below,0.19569471624266144,3045.0,True,7.0,3229.0,123.0,above,5.316373124592302,3098.0,False,,3040.0,306.0,below,0.8480104370515329,2921.0,False,,0.0,0.0,6.017701943583642e-05,20.0,NONE,0.0018666196010514713,0.004920951967635237,0.0031404226494800365,0.16537945170696206,6.017701943583642e-05,0.0012035403887167284,0.00018466050566323666,0.00035582500358688485,,3055.296922876726,0.18666196010514713,0.06538084341287664,-0.5575567101208473,,125.0,1.0,8736.0,8755.0,2026-08-04 11:00:00,2026-08-05 09:45:00,3081.0,3061.0,20.0,-0.6491398896462219,-0.0324569944823111,124.0,-1.0,8606.0,8735.0,2026-07-27 21:00:00,2026-08-04 10:45:00,3125.0,3080.0,130.0,-1.4399999999999968,-0.011076923076923052,637684.0,,31884.2,,5942438.0,0.0,45711.06153846154,0.0,0.6975160700035912,,0.10731016461593709,,40.0,15.0,45.0,True,False,,,,,0.0,0.0,,,2026-08-04 21:00:00,3068.0,0.0,1.0,0.6381738066403372,6.791322559954224,
M:5m:1:-1:26237:26241:2,M,1h,2668.0,2026-08-05 10:00:00,10.0,1.0,-1.0,CHoCH,1.0,3073.0,99.0,BOS,-1.0,3062.0,14.0,11.0,3.0,2.0,0.0,active_bear_internal_ob,internal,-1.0,14.0,3072.0,3086.0,3079.0,0.19569471624266144,active_bull_internal_ob,internal,1.0,120.0,3034.0,3051.0,3042.5,0.4892367906066536,3054.0,3068.0,3053.0,3061.0,148918.0,1292164.0,0.0,0.0,0.0,0.0,0.0,0.0,,3086.0,0.0,above,0.6523157208088715,3086.0,False,,3045.0,9.0,below,0.684931506849315,3062.0,False,,3229.0,2.0,above,5.316373124592302,3073.0,False,,2887.0,223.0,below,5.838225701239399,2933.0,False,,0.0,0.0,-0.0005099338591221319,-31.0,NONE,-0.026158607614766453,-0.03008226703404018,0.004317435118530174,0.81827058046129,-0.0005099338591221319,-0.01580794963278609,-0.0028394488487120118,-0.005343736515646791,-0.010599016478493817,3143.222319296452,-2.6158607614766454,0.13084723585214952,0.5053268686822178,,34.0,-1.0,2638.0,2668.0,2026-07-29 21:00:00,2026-08-05 09:00:00,3090.0,3061.0,31.0,-0.9385113268608469,-0.030274558930995062,33.0,1.0,2470.0,2637.0,2026-06-25 21:00:00,2026-07-29 14:00:00,2964.0,3109.0,168.0,4.892037786774628,0.029119272540325165,3842946.0,,123966.0,,26577713.0,0.0,158200.67261904763,0.0,0.7835997025026193,,0.14459280224750715,,0.0,0.0,100.0,True,True,,,,,0.0,0.0,,,,,0.0,0.0,0.14352093589371756,12.610377190537381,4.0
M:5m:1:-1:26237:26241:2,M,4h,1141.0,2026-08-04 23:00:00,670.0,1.0,1.0,BOS,1.0,3073.0,42.0,BOS,1.0,3098.0,34.0,9.0,0.0,2.0,0.0,current_swing_high,swing,0.0,125.0,3073.0,3073.0,3073.0,0.228310502283105,active_bull_internal_ob,internal,1.0,51.0,3034.0,3054.0,3044.0,0.3913894324853229,3065.0,3072.0,3054.0,3057.0,290842.0,1314783.0,0.0,0.0,0.0,0.0,0.0,0.0,,3229.0,17.0,above,5.316373124592302,3098.0,False,,3045.0,0.0,below,0.684931506849315,3040.0,False,,3073.0,125.0,above,0.228310502283105,3203.0,True,42.0,2887.0,66.0,below,5.838225701239399,2824.0,False,,1.0,1.0,0.0007438072466785609,72.0,UP_CONFIRMED,-0.012797406383166253,0.016745815539864938,0.014980615550405234,0.024299286473163484,0.0007438072466785609,0.05355412176085639,-0.000949654871165384,-0.002142863531733097,-0.0013212872732168979,3096.6288173940147,-1.2797406383166252,-0.7145177005521308,-0.3230215048115007,,17.0,1.0,1070.0,1141.0,2026-07-02 09:00:00,2026-08-04 21:00:00,2983.0,3057.0,72.0,2.4807241032517524,0.03445450143405212,16.0,-1.0,993.0,1069.0,2026-05-26 09:00:00,2026-07-01 21:00:00,2978.0,2974.0,77.0,-0.1343183344526544,-0.0017443939539305766,26012402.0,,361283.3611111111,,23145249.0,0.0,300587.6493506493,0.0,1.2019235051459398,,1.1238765242923072,,70.83333333333334,2.7777777777777777,26.38888888888889,True,True,2026-07-28 21:00:00,3117.0,2026-07-29 21:00:00,3092.0,1.0,2.0,,,2026-07-27 09:00:00,3181.0,0.0,1.0,0.8945885922810098,22.217513950172822,
M:5m:1:-1:26237:26241:3,M,5m,26279.0,2026-08-05 11:15:00,0.0,-1.0,-1.0,BOS,-1.0,3062.0,161.0,BOS,-1.0,3064.0,38.0,29.0,8.0,11.0,4.0,active_bear_internal_ob,internal,-1.0,38.0,3068.0,3072.0,3070.0,0.06523157208088715,current_internal_low,internal,0.0,0.0,3060.0,3060.0,3060.0,0.19569471624266144,3066.0,3068.0,3065.0,3066.0,7005.0,1277255.0,0.0,0.0,0.0,0.0,0.0,0.0,,3068.0,4.0,above,0.06523157208088715,3068.0,False,,3060.0,0.0,below,0.19569471624266144,3058.0,False,,3086.0,20.0,above,0.6523157208088715,3086.0,False,,3045.0,111.0,below,0.684931506849315,3062.0,False,,0.0,0.0,-0.00016163720892216812,-48.0,NONE,0.003383018600783501,-0.0006181580913001247,0.0034712321327389994,0.8754765704621107,-0.00016163720892216812,-0.0077585860282640695,0.0001724067653026129,0.0003476350207638479,0.0006742590534765114,3055.662636463126,0.33830186007835006,-0.03260515161395139,-0.5576212539549495,,346.0,-1.0,26232.0,26279.0,2026-08-04 21:00:00,2026-08-05 11:10:00,3067.0,3066.0,48.0,-0.03260515161395139,-0.0006792739919573206,345.0,1.0,26178.0,26231.0,2026-08-03 22:15:00,2026-08-04 14:55:00,3078.0,3079.0,54.0,0.032488628979865375,0.0006016412774049143,529955.0,,11040.729166666666,,534374.0,0.0,9895.814814814816,0.0,1.115696824695812,,0.9917305108407221,,0.0,50.0,50.0,False,False,2026-08-05 09:00:00,3058.0,,,1.0,0.0,2026-08-05 10:45:00,3064.0,2026-08-05 10:35:00,3062.0,3.0,3.0,5.615443980419672,3.7732656451303823,
M:5m:1:-1:26237:26241:3,M,15m,8759.0,2026-08-05 11:15:00,0.0,1.0,-1.0,BOS,1.0,3098.0,280.0,CHoCH,-1.0,3060.0,11.0,17.0,5.0,8.0,0.0,active_bear_internal_ob,internal,-1.0,11.0,3079.0,3086.0,3082.5,0.42400521852576645,current_internal_low,internal,0.0,2.0,3053.0,3053.0,3053.0,0.42400521852576645,3065.0,3068.0,3062.0,3066.0,19573.0,1277255.0,0.0,0.0,0.0,0.0,0.0,0.0,,3086.0,18.0,above,0.6523157208088715,3075.0,False,,3053.0,2.0,below,0.42400521852576645,3060.0,False,,3229.0,127.0,above,5.316373124592302,3098.0,False,,3045.0,3.0,below,0.684931506849315,3040.0,False,,0.0,0.0,5.617648342094254e-05,24.0,NONE,0.0033581151612762576,0.004587124247540436,0.002974614879367812,0.33974257774026806,5.617648342094254e-05,0.001348235602102621,0.0001653832986860948,0.00034546792930267856,0.0010966686362541278,3055.7384782871686,0.3358115161276258,0.0,-0.7287789204055036,,125.0,1.0,8736.0,8759.0,2026-08-04 11:00:00,2026-08-05 11:00:00,3081.0,3066.0,24.0,-0.4868549172346692,-0.02028562155144455,124.0,-1.0,8606.0,8735.0,2026-07-27 21:00:00,2026-08-04 10:45:00,3125.0,3080.0,130.0,-1.4399999999999968,-0.011076923076923052,727879.0,,30328.291666666668,,5942438.0,0.0,45711.06153846154,0.0,0.6634781745584333,,0.12248827838001844,,33.33333333333333,12.5,54.166666666666664,True,False,,,,,0.0,0.0,,,2026-08-04 21:00:00,3068.0,0.0,1.0,0.6484705272508734,6.650248949262095,
M:5m:1:-1:26237:26241:3,M,1h,2669.0,2026-08-05 11:00:00,15.0,1.0,-1.0,CHoCH,1.0,3073.0,100.0,BOS,-1.0,3062.0,15.0,11.0,3.0,2.0,0.0,active_bear_internal_ob,internal,-1.0,15.0,3072.0,3086.0,3079.0,0.19569471624266144,active_bull_internal_ob,internal,1.0,121.0,3034.0,3051.0,3042.5,0.4892367906066536,3061.0,3068.0,3060.0,3066.0,70622.0,1280077.0,0.0,0.0,0.0,0.0,0.0,0.0,,3086.0,1.0,above,0.6523157208088715,3086.0,False,,3045.0,10.0,below,0.684931506849315,3062.0,False,,3229.0,3.0,above,5.316373124592302,3073.0,False,,2887.0,224.0,below,5.838225701239399,2933.0,False,,0.0,0.0,-0.0005042631148891689,-32.0,NONE,-0.0242422282161669,-0.02989976582098164,0.004369238582514776,0.9023151562354295,-0.0005042631148891689,-0.016136419676453406,-0.00295200785669425,-0.004858830834325256,-0.010776642784859458,3142.1732817919424,-2.42422282161669,0.16334531198953783,-0.6788474833770651,,34.0,-1.0,2638.0,2669.0,2026-07-29 21:00:00,2026-08-05 10:00:00,3090.0,3066.0,32.0,-0.7766990291262155,-0.024271844660194233,33.0,1.0,2470.0,2637.0,2026-06-25 21:00:00,2026-07-29 14:00:00,2964.0,3109.0,168.0,4.892037786774628,0.029119272540325165,3913568.0,,122299.0,,26577713.0,0.0,158200.67261904763,0.0,0.7730624527400081,,0.1472499909980968,,0.0,0.0,100.0,True,True,,,,,0.0,0.0,,,,,0.0,0.0,0.1461295251833959,12.281064534070426,3.0
M:5m:1:-1:26237:26241:3,M,4h,1141.0,2026-08-04 23:00:00,735.0,1.0,1.0,BOS,1.0,3073.0,42.0,BOS,1.0,3098.0,34.0,9.0,0.0,2.0,0.0,current_swing_high,swing,0.0,125.0,3073.0,3073.0,3073.0,0.228310502283105,active_bull_internal_ob,internal,1.0,51.0,3034.0,3054.0,3044.0,0.3913894324853229,3065.0,3072.0,3054.0,3057.0,290842.0,1314783.0,0.0,0.0,0.0,0.0,0.0,0.0,,3229.0,17.0,above,5.316373124592302,3098.0,False,,3045.0,0.0,below,0.684931506849315,3040.0,False,,3073.0,125.0,above,0.228310502283105,3203.0,True,42.0,2887.0,66.0,below,5.838225701239399,2824.0,False,,1.0,1.0,0.0007438072466785609,72.0,UP_CONFIRMED,-0.012797406383166253,0.016745815539864938,0.014980615550405234,0.024299286473163484,0.0007438072466785609,0.05355412176085639,-0.000949654871165384,-0.002142863531733097,-0.0013212872732168979,3096.6288173940147,-1.2797406383166252,-0.7145177005521308,-0.3230215048115007,,17.0,1.0,1070.0,1141.0,2026-07-02 09:00:00,2026-08-04 21:00:00,2983.0,3057.0,72.0,2.4807241032517524,0.03445450143405212,16.0,-1.0,993.0,1069.0,2026-05-26 09:00:00,2026-07-01 21:00:00,2978.0,2974.0,77.0,-0.1343183344526544,-0.0017443939539305766,26012402.0,,361283.3611111111,,23145249.0,0.0,300587.6493506493,0.0,1.2019235051459398,,1.1238765242923072,,70.83333333333334,2.7777777777777777,26.38888888888889,True,True,2026-07-28 21:00:00,3117.0,2026-07-29 21:00:00,3092.0,1.0,2.0,,,2026-07-27 09:00:00,3181.0,0.0,1.0,0.8945885922810098,22.217513950172822,
M:5m:1:-1:26237:26241:4,M,5m,26295.0,2026-08-05 14:35:00,0.0,-1.0,-1.0,BOS,-1.0,3062.0,177.0,BOS,-1.0,3064.0,54.0,29.0,8.0,11.0,4.0,current_internal_high,internal,0.0,9.0,3069.0,3069.0,3069.0,0.03259452411994785,current_internal_low,internal,0.0,16.0,3060.0,3060.0,3060.0,0.2607561929595828,3063.0,3068.0,3063.0,3068.0,10281.0,1251306.0,1.0,1.0,0.0,1.0,1.0,0.0,active_bear_internal_ob,3069.0,9.0,above,0.03259452411994785,3068.0,False,,3060.0,16.0,below,0.2607561929595828,3058.0,False,,3086.0,36.0,above,0.5867014341590613,3086.0,False,,3045.0,127.0,below,0.7496740547588006,3062.0,False,,-1.0,-1.0,-0.00011110980480740461,-64.0,DOWN_CONFIRMED,0.0033827115419394474,0.00013165328159772145,0.0032973913608646682,0.8379208217584033,-0.00011110980480740461,-0.007111027507673895,0.00017930001411725627,0.00037248518663068886,0.0007987086810212762,3057.6568289534093,0.3382711541939447,0.13054830287206887,1.5915337096040596,,346.0,-1.0,26232.0,26295.0,2026-08-04 21:00:00,2026-08-05 14:30:00,3067.0,3068.0,64.0,0.03260515161396249,0.0005094554939681639,345.0,1.0,26178.0,26231.0,2026-08-03 22:15:00,2026-08-04 14:55:00,3078.0,3079.0,54.0,0.032488628979865375,0.0006016412774049143,657348.0,,10271.0625,,534374.0,0.0,9895.814814814816,0.0,1.0379198370429699,,1.2301272142731494,,1.5625,60.9375,37.5,False,False,2026-08-05 09:00:00,3058.0,,,1.0,0.0,2026-08-05 14:20:00,3063.0,2026-08-05 14:00:00,3062.0,4.0,4.0,25.04602483772601,3.414255683389279,
M:5m:1:-1:26237:26241:4,M,15m,8764.0,2026-08-05 14:30:00,5.0,1.0,-1.0,BOS,1.0,3098.0,285.0,CHoCH,-1.0,3060.0,16.0,17.0,5.0,8.0,0.0,active_bear_internal_ob,internal,-1.0,16.0,3079.0,3086.0,3082.5,0.35853976531942633,current_internal_low,internal,0.0,7.0,3053.0,3053.0,3053.0,0.48891786179921776,3061.0,3065.0,3060.0,3064.0,20833.0,1252453.0,0.0,0.0,0.0,0.0,0.0,0.0,,3086.0,23.0,above,0.5867014341590613,3075.0,False,,3053.0,7.0,below,0.48891786179921776,3060.0,False,,3229.0,132.0,above,5.247718383311604,3098.0,False,,3045.0,8.0,below,0.7496740547588006,3040.0,False,,0.0,0.0,5.321518936015891e-05,29.0,NONE,0.002508378070964891,0.00424080805653134,0.0028152448037925236,0.26915369953600593,5.321518936015891e-05,0.0015432404914446085,0.0001947423307984142,0.0003601578366136948,0.0007705529622799023,3056.3335599207408,0.2508378070964891,0.06531678641410466,-0.7278814391946282,,125.0,1.0,8736.0,8764.0,2026-08-04 11:00:00,2026-08-05 14:15:00,3081.0,3064.0,29.0,-0.5517689061992903,-0.01902651400687208,124.0,-1.0,8606.0,8735.0,2026-07-27 21:00:00,2026-08-04 10:45:00,3125.0,3080.0,130.0,-1.4399999999999968,-0.011076923076923052,844991.0,,29137.620689655174,,5942438.0,0.0,45711.06153846154,0.0,0.6374304098175148,,0.1421960144977533,,27.586206896551722,10.344827586206897,62.06896551724138,True,False,,,,,0.0,0.0,,,2026-08-04 21:00:00,3068.0,0.0,1.0,0.6638463156701274,6.020489757092229,
M:5m:1:-1:26237:26241:4,M,1h,2671.0,2026-08-05 14:00:00,35.0,1.0,-1.0,CHoCH,1.0,3073.0,102.0,BOS,-1.0,3062.0,17.0,11.0,3.0,2.0,0.0,active_bear_internal_ob,internal,-1.0,17.0,3072.0,3086.0,3079.0,0.1303780964797914,active_bull_internal_ob,internal,1.0,123.0,3034.0,3051.0,3042.5,0.5541069100391135,3066.0,3067.0,3062.0,3064.0,53166.0,1262911.0,0.0,0.0,0.0,0.0,0.0,0.0,,3086.0,3.0,above,0.5867014341590613,3086.0,False,,3045.0,12.0,below,0.7496740547588006,3062.0,False,,3229.0,5.0,above,5.247718383311604,3073.0,False,,2887.0,226.0,below,5.899608865710561,2933.0,False,,0.0,0.0,-0.0004876112041122946,-34.0,NONE,-0.024440102559568747,-0.029576709926954766,0.0044313872824651235,0.8768008572669321,-0.0004876112041122946,-0.016578780939818016,-0.0020368692151132572,-0.004037193866895827,-0.010275818741603993,3140.760508953876,-2.444010255956875,-0.032626427406201586,-0.837472136446327,,34.0,-1.0,2638.0,2671.0,2026-07-29 21:00:00,2026-08-05 13:30:00,3090.0,3064.0,34.0,-0.8414239482200658,-0.02474776318294311,33.0,1.0,2470.0,2637.0,2026-06-25 21:00:00,2026-07-29 14:00:00,2964.0,3109.0,168.0,4.892037786774628,0.029119272540325165,4006643.0,,117842.44117647059,,26577713.0,0.0,158200.67261904763,0.0,0.7448921627548261,,0.1507519853194291,,0.0,0.0,100.0,True,True,,,,,0.0,0.0,,,,,0.0,0.0,0.14982691764598788,11.410713807438277,2.0
M:5m:1:-1:26237:26241:4,M,4h,1142.0,2026-08-05 11:30:00,185.0,1.0,1.0,BOS,1.0,3073.0,43.0,BOS,1.0,3098.0,35.0,9.0,0.0,2.0,0.0,current_swing_high,swing,0.0,126.0,3073.0,3073.0,3073.0,0.16297262059973924,active_bull_internal_ob,internal,1.0,52.0,3034.0,3054.0,3044.0,0.45632333767926986,3054.0,3069.0,3053.0,3065.0,259449.0,1275031.0,0.0,0.0,0.0,0.0,0.0,0.0,,3229.0,18.0,above,5.247718383311604,3098.0,False,,3045.0,1.0,below,0.7496740547588006,3040.0,False,,3073.0,126.0,above,0.16297262059973924,3203.0,True,43.0,2887.0,67.0,below,5.899608865710561,2824.0,False,,1.0,1.0,0.0007296332753679968,73.0,UP_CONFIRMED,-0.00994059038583995,0.016380248335403226,0.015197586880272843,0.04164487585544413,0.0007296332753679968,0.05326322910186376,-0.0010783796685287506,-0.0022288683636566553,-0.002192463384643406,3095.773819466524,-0.9940590385839949,0.26169447170427684,-0.5157478280084545,,17.0,1.0,1070.0,1142.0,2026-07-02 09:00:00,2026-08-05 09:00:00,2983.0,3065.0,73.0,2.748910492792489,0.037656308120445056,16.0,-1.0,993.0,1069.0,2026-05-26 09:00:00,2026-07-01 21:00:00,2978.0,2974.0,77.0,-0.1343183344526544,-0.0017443939539305766,26271851.0,,359888.3698630137,,23145249.0,0.0,300587.6493506493,0.0,1.1972826250195907,,1.1350861250185729,,69.86301369863014,2.73972602739726,27.397260273972602,True,True,2026-07-28 21:00:00,3117.0,2026-07-29 21:00:00,3092.0,1.0,2.0,,,2026-07-27 09:00:00,3181.0,0.0,1.0,0.9277995405860695,21.773405810874763,
M:5m:1:1:26290:26296:1,M,5m,26301.0,2026-08-05 21:05:00,0.0,-1.0,1.0,BOS,-1.0,3062.0,183.0,CHoCH,1.0,3069.0,5.0,30.0,7.0,11.0,4.0,current_internal_high,internal,0.0,15.0,3069.0,3069.0,3069.0,0.13050570962479607,active_bull_internal_ob,internal,1.0,5.0,3060.0,3062.0,3061.0,0.09787928221859706,3061.0,3067.0,3061.0,3065.0,42862.0,1236036.0,0.0,0.0,0.0,0.0,0.0,0.0,,3069.0,15.0,above,0.13050570962479607,3068.0,True,5.0,3060.0,3.0,below,0.1631321370309951,3060.0,False,,3086.0,42.0,above,0.6851549755301795,3086.0,False,,3045.0,133.0,below,0.6525285481239804,3062.0,False,,0.0,0.0,9.22854365081142e-05,6.0,NONE,0.0016681679175553931,0.0033830674575259633,0.0007806945060002914,0.014023323408104138,9.22854365081142e-05,0.0005537126190486852,0.0005537126190486852,,,3059.895580361771,0.16681679175553932,-0.16286644951140072,4.037723223523742,,347.0,1.0,26296.0,26301.0,2026-08-05 14:35:00,2026-08-05 21:00:00,3070.0,3065.0,6.0,-0.16286644951140072,-0.02714440825190012,346.0,-1.0,26232.0,26295.0,2026-08-04 21:00:00,2026-08-05 14:30:00,3067.0,3068.0,64.0,0.03260515161396249,0.0005094554939681639,104745.0,,17457.5,,657348.0,0.0,10271.0625,0.0,1.69967810048863,,0.15934482192080907,,83.33333333333334,16.666666666666664,0.0,True,False,,,,,0.0,0.0,,,2026-08-05 21:00:00,3065.0,0.0,1.0,0.23076527908527522,3.8989625736412616,
M:5m:1:1:26290:26296:1,M,15m,8766.0,2026-08-05 15:00:00,365.0,1.0,-1.0,BOS,1.0,3098.0,287.0,CHoCH,-1.0,3060.0,18.0,17.0,5.0,8.0,0.0,active_bear_internal_ob,internal,-1.0,18.0,3079.0,3086.0,3082.5,0.4567699836867863,current_internal_low,internal,0.0,9.0,3053.0,3053.0,3053.0,0.3915171288743882,3069.0,3072.0,3068.0,3070.0,31545.0,1243670.0,0.0,0.0,0.0,0.0,0.0,0.0,,3086.0,25.0,above,0.6851549755301795,3075.0,False,,3053.0,9.0,below,0.3915171288743882,3060.0,False,,3229.0,134.0,above,5.35073409461664,3098.0,False,,3045.0,10.0,below,0.6525285481239804,3040.0,False,,0.0,0.0,5.6281478877960905e-05,31.0,NONE,0.004269480776679105,0.0042456535643679546,0.0027230045172013935,0.5034908356010801,5.6281478877960905e-05,0.001744725845216788,0.0003073571877862946,0.000494734329263169,0.0008295329119518691,3056.9484174962004,0.4269480776679105,0.0,0.33132847240096097,,125.0,1.0,8736.0,8766.0,2026-08-04 11:00:00,2026-08-05 14:45:00,3081.0,3070.0,31.0,-0.35702693930541596,-0.011516998042110193,124.0,-1.0,8606.0,8735.0,2026-07-27 21:00:00,2026-08-04 10:45:00,3125.0,3080.0,130.0,-1.4399999999999968,-0.011076923076923052,917155.0,,29585.645161290322,,5942438.0,0.0,45711.06153846154,0.0,0.6472316364037356,,0.15433985175781387,,25.806451612903224,16.129032258064516,58.06451612903226,False,False,,,,,0.0,0.0,2026-08-05 14:30:00,3070.0,2026-08-04 21:00:00,3068.0,1.0,1.0,0.6413628610809097,6.140116168105035,
M:5m:1:1:26290:26296:1,M,1h,2672.0,2026-08-05 15:00:00,365.0,1.0,-1.0,CHoCH,1.0,3073.0,103.0,BOS,-1.0,3062.0,18.0,11.0,3.0,2.0,0.0,active_bear_internal_ob,internal,-1.0,18.0,3072.0,3086.0,3079.0,0.22838499184339314,active_bull_internal_ob,internal,1.0,124.0,3034.0,3051.0,3042.5,0.4567699836867863,3064.0,3073.0,3060.0,3070.0,115774.0,1243670.0,0.0,0.0,0.0,0.0,0.0,0.0,,3086.0,4.0,above,0.6851549755301795,3086.0,False,,3045.0,13.0,below,0.6525285481239804,3062.0,False,,3229.0,6.0,above,5.35073409461664,3073.0,False,,2887.0,227.0,below,5.807504078303426,2933.0,False,,0.0,0.0,-0.0004889102674394939,-35.0,NONE,-0.021999597240467433,-0.029360220993055127,0.004546385836246431,0.9472769619903518,-0.0004889102674394939,-0.017111859360382287,-0.0020679087983173083,-0.0043391443920873796,-0.00979405306356329,3139.058011977978,-2.1999597240467432,0.1958224543080922,0.17059368860668084,,34.0,-1.0,2638.0,2672.0,2026-07-29 21:00:00,2026-08-05 14:00:00,3090.0,3070.0,35.0,-0.6472491909385147,-0.018492834026814706,33.0,1.0,2470.0,2637.0,2026-06-25 21:00:00,2026-07-29 14:00:00,2964.0,3109.0,168.0,4.892037786774628,0.029119272540325165,4122417.0,,117783.34285714285,,26577713.0,0.0,158200.67261904763,0.0,0.7445185972171495,,0.15510804108690615,,0.0,0.0,100.0,True,True,,,,,0.0,0.0,,,,,0.0,0.0,0.15484848827676856,11.524234249764115,4.0
M:5m:1:1:26290:26296:1,M,4h,1143.0,2026-08-05 15:00:00,365.0,1.0,1.0,BOS,1.0,3073.0,44.0,BOS,1.0,3098.0,36.0,9.0,0.0,2.0,0.0,current_swing_high,swing,0.0,127.0,3073.0,3073.0,3073.0,0.26101141924959215,active_bull_internal_ob,internal,1.0,53.0,3034.0,3054.0,3044.0,0.35889070146818924,3066.0,3073.0,3060.0,3070.0,168940.0,1243670.0,0.0,0.0,0.0,0.0,0.0,0.0,,3229.0,19.0,above,5.35073409461664,3098.0,False,,3045.0,2.0,below,0.6525285481239804,3040.0,False,,3073.0,127.0,above,0.26101141924959215,3203.0,True,44.0,2887.0,68.0,below,5.807504078303426,2824.0,False,,1.0,1.0,0.0007176374957398043,74.0,UP_CONFIRMED,-0.008176650665621437,0.01604839834890289,0.01535853372775863,0.05736300339133216,0.0007176374957398043,0.053105174684745515,-0.001009982381703578,-0.0022134446646804307,-0.0029259006526887177,3095.309262541867,-0.8176650665621437,0.16313213703098572,-1.2921216190636882,,17.0,1.0,1070.0,1143.0,2026-07-02 09:00:00,2026-08-05 13:30:00,2983.0,3070.0,74.0,2.916526986255441,0.03941252684128974,16.0,-1.0,993.0,1069.0,2026-05-26 09:00:00,2026-07-01 21:00:00,2978.0,2974.0,77.0,-0.1343183344526544,-0.0017443939539305766,26440791.0,,357307.9864864865,,23145249.0,0.0,300587.6493506493,0.0,1.1886981626103683,,1.1423852471839901,,68.91891891891892,2.7027027027027026,28.37837837837838,True,True,2026-07-28 21:00:00,3117.0,2026-07-29 21:00:00,3092.0,1.0,2.0,,,2026-07-27 09:00:00,3181.0,0.0,1.0,0.9570134909324817,21.146733967240852,
M:5m:1:1:26290:26296:2,M,5m,26308.0,2026-08-05 21:40:00,0.0,-1.0,1.0,BOS,-1.0,3062.0,190.0,CHoCH,1.0,3069.0,12.0,30.0,7.0,11.0,4.0,current_internal_high,internal,0.0,6.0,3073.0,3073.0,3073.0,0.3920287487749101,current_swing_low,swing,0.0,2.0,3053.0,3053.0,3053.0,0.2613524991832734,3064.0,3065.0,3060.0,3061.0,11695.0,1228244.0,2.0,1.0,1.0,0.0,2.0,0.0,active_bull_internal_ob|current_internal_low,3073.0,6.0,above,0.3920287487749101,3069.0,False,,3061.0,1.0,overlap,0.0,3060.0,False,,3086.0,49.0,above,0.8167265599477294,3086.0,False,,3053.0,2.0,below,0.2613524991832734,3045.0,False,,0.0,0.0,5.919215886828456e-05,13.0,NONE,0.0001452364151310086,0.002362200233374393,0.0011925285273211136,0.031510402535190885,5.919215886828456e-05,0.0007694980652876993,0.00013411627371584522,0.0005630397527780495,,3060.555495891467,0.014523641513100859,-0.13050570962479524,0.06127954832548485,,347.0,1.0,26296.0,26308.0,2026-08-05 14:35:00,2026-08-05 21:35:00,3070.0,3061.0,13.0,-0.2931596091205191,-0.022550739163116854,346.0,-1.0,26232.0,26295.0,2026-08-04 21:00:00,2026-08-05 14:30:00,3067.0,3068.0,64.0,0.03260515161396249,0.0005094554939681639,170052.0,,13080.923076923076,,657348.0,0.0,10271.0625,0.0,1.2735705850220536,,0.25869402508260464,,38.46153846153847,61.53846153846154,0.0,True,True,,,,,0.0,0.0,2026-08-05 21:20:00,3066.0,2026-08-05 21:30:00,3065.0,2.0,3.0,0.5048380363664564,3.8940134684688266,
M:5m:1:1:26290:26296:2,M,15m,8768.0,2026-08-05 21:30:00,10.0,1.0,-1.0,BOS,1.0,3098.0,289.0,CHoCH,-1.0,3060.0,20.0,17.0,5.0,8.0,0.0,active_bear_internal_ob,internal,-1.0,20.0,3079.0,3086.0,3082.5,0.5880431231623653,current_internal_low,internal,0.0,11.0,3053.0,3053.0,3053.0,0.2613524991832734,3065.0,3068.0,3064.0,3068.0,16729.0,1232508.0,0.0,0.0,0.0,0.0,0.0,0.0,,3086.0,27.0,above,0.8167265599477294,3075.0,False,,3053.0,11.0,below,0.2613524991832734,3060.0,False,,3229.0,136.0,above,5.488402482848742,3098.0,False,,3045.0,12.0,below,0.5227049983665468,3040.0,False,,0.0,0.0,5.744100936585472e-05,33.0,NONE,0.003464147209793936,0.004179524711970701,0.0026531050573714784,0.3937194451835777,5.744100936585472e-05,0.0018955533090732057,0.0003821103460484032,0.0005836941353978276,0.0009070828473316528,3057.4086862303952,0.3464147209793936,0.0652315720808927,-0.8934063749042374,,125.0,1.0,8736.0,8768.0,2026-08-04 11:00:00,2026-08-05 21:15:00,3081.0,3068.0,33.0,-0.42194092827003704,-0.012786088735455668,124.0,-1.0,8606.0,8735.0,2026-07-27 21:00:00,2026-08-04 10:45:00,3125.0,3080.0,130.0,-1.4399999999999968,-0.011076923076923052,1002950.0,,30392.424242424244,,5942438.0,0.0,45711.06153846154,0.0,0.6648811736050341,,0.1687775286843548,,24.242424242424242,21.21212121212121,54.54545454545454,True,False,,,,,0.0,0.0,2026-08-05 21:15:00,3068.0,2026-08-05 21:00:00,3066.0,2.0,2.0,0.634786307106318,6.176936900049749,
M:5m:1:1:26290:26296:2,M,1h,2672.0,2026-08-05 15:00:00,400.0,1.0,-1.0,CHoCH,1.0,3073.0,103.0,BOS,-1.0,3062.0,18.0,11.0,3.0,2.0,0.0,active_bear_internal_ob,internal,-1.0,18.0,3072.0,3086.0,3079.0,0.35935968637700094,active_bull_internal_ob,internal,1.0,124.0,3034.0,3051.0,3042.5,0.3266906239790918,3064.0,3073.0,3060.0,3070.0,115774.0,1243670.0,0.0,0.0,0.0,0.0,0.0,0.0,,3086.0,4.0,above,0.8167265599477294,3086.0,False,,3045.0,13.0,below,0.5227049983665468,3062.0,False,,3229.0,6.0,above,5.488402482848742,3073.0,False,,2887.0,227.0,below,5.684416857236197,2933.0,False,,0.0,0.0,-0.0004889102674394939,-35.0,NONE,-0.021999597240467433,-0.029360220993055127,0.004546385836246431,0.9472769619903518,-0.0004889102674394939,-0.017111859360382287,-0.0020679087983173083,-0.0043391443920873796,-0.00979405306356329,3139.058011977978,-2.1999597240467432,0.1958224543080922,0.17059368860668084,,34.0,-1.0,2638.0,2672.0,2026-07-29 21:00:00,2026-08-05 14:00:00,3090.0,3070.0,35.0,-0.6472491909385147,-0.018492834026814706,33.0,1.0,2470.0,2637.0,2026-06-25 21:00:00,2026-07-29 14:00:00,2964.0,3109.0,168.0,4.892037786774628,0.029119272540325165,4122417.0,,117783.34285714285,,26577713.0,0.0,158200.67261904763,0.0,0.7445185972171495,,0.15510804108690615,,0.0,0.0,100.0,True,True,,,,,0.0,0.0,,,,,0.0,0.0,0.15484848827676856,11.524234249764115,4.0
M:5m:1:1:26290:26296:2,M,4h,1143.0,2026-08-05 15:00:00,400.0,1.0,1.0,BOS,1.0,3073.0,44.0,BOS,1.0,3098.0,36.0,9.0,0.0,2.0,0.0,current_swing_high,swing,0.0,127.0,3073.0,3073.0,3073.0,0.3920287487749101,active_bull_internal_ob,internal,1.0,53.0,3034.0,3054.0,3044.0,0.22868343678536426,3066.0,3073.0,3060.0,3070.0,168940.0,1243670.0,0.0,0.0,0.0,0.0,0.0,0.0,,3229.0,19.0,above,5.488402482848742,3098.0,False,,3045.0,2.0,below,0.5227049983665468,3040.0,False,,3073.0,127.0,above,0.3920287487749101,3203.0,True,44.0,2887.0,68.0,below,5.684416857236197,2824.0,False,,1.0,1.0,0.0007176374957398043,74.0,UP_CONFIRMED,-0.008176650665621437,0.01604839834890289,0.01535853372775863,0.05736300339133216,0.0007176374957398043,0.053105174684745515,-0.001009982381703578,-0.0022134446646804307,-0.0029259006526887177,3095.309262541867,-0.8176650665621437,0.16313213703098572,-1.2921216190636882,,17.0,1.0,1070.0,1143.0,2026-07-02 09:00:00,2026-08-05 13:30:00,2983.0,3070.0,74.0,2.916526986255441,0.03941252684128974,16.0,-1.0,993.0,1069.0,2026-05-26 09:00:00,2026-07-01 21:00:00,2978.0,2974.0,77.0,-0.1343183344526544,-0.0017443939539305766,26440791.0,,357307.9864864865,,23145249.0,0.0,300587.6493506493,0.0,1.1886981626103683,,1.1423852471839901,,68.91891891891892,2.7027027027027026,28.37837837837838,True,True,2026-07-28 21:00:00,3117.0,2026-07-29 21:00:00,3092.0,1.0,2.0,,,2026-07-27 09:00:00,3181.0,0.0,1.0,0.9570134909324817,21.146733967240852,
M:5m:1:1:26329:26334:1,M,5m,26336.0,2026-08-06 10:00:00,0.0,-1.0,1.0,BOS,-1.0,3062.0,218.0,BOS,1.0,3082.0,2.0,32.0,7.0,11.0,4.0,current_swing_high,swing,0.0,77.0,3086.0,3086.0,3086.0,0.09730781706130393,current_internal_high,internal,0.0,6.0,3082.0,3082.0,3082.0,0.03243593902043464,3082.0,3083.0,3079.0,3083.0,11482.0,1199813.0,2.0,2.0,0.0,2.0,1.0,1.0,active_bear_internal_ob|active_bear_swing_ob,3082.0,6.0,below,0.03243593902043464,3079.0,True,2.0,3072.0,2.0,below,0.3567953292247811,3068.0,False,,3086.0,77.0,above,0.09730781706130393,3086.0,False,,3053.0,30.0,below,0.9730781706130393,3045.0,False,,0.0,0.0,9.31156865621743e-05,41.0,NONE,0.004274552850344922,0.002942199653125307,0.0011976587647914228,0.8670308179155698,9.31156865621743e-05,0.0038177431490491465,0.0006984729913002141,0.0012793258733412305,0.002328853218863003,3069.8776457591102,0.4274552850344922,0.032446463335489284,0.006739656208914684,,347.0,1.0,26296.0,26336.0,2026-08-05 14:35:00,2026-08-06 09:55:00,3070.0,3083.0,41.0,0.42345276872963744,0.010328116310478962,346.0,-1.0,26232.0,26295.0,2026-08-04 21:00:00,2026-08-05 14:30:00,3067.0,3068.0,64.0,0.03260515161396249,0.0005094554939681639,495276.0,,12079.90243902439,,657348.0,0.0,10271.0625,0.0,1.1761103039753082,,0.7534456634841818,,53.65853658536586,46.34146341463415,0.0,False,False,,,,,0.0,0.0,2026-08-05 22:55:00,3071.0,2026-08-05 22:45:00,3070.0,5.0,5.0,0.40706237033208403,4.562011390633951,
M:5m:1:1:26329:26334:1,M,15m,8778.0,2026-08-06 10:00:00,0.0,1.0,1.0,BOS,1.0,3098.0,299.0,CHoCH,1.0,3073.0,7.0,18.0,5.0,8.0,0.0,active_bear_internal_ob,internal,-1.0,126.0,3111.0,3119.0,3115.0,0.9082062925721699,current_internal_high,internal,0.0,8.0,3073.0,3073.0,3073.0,0.3243593902043464,3077.0,3086.0,3077.0,3083.0,44843.0,1199813.0,1.0,1.0,0.0,1.0,1.0,0.0,active_bear_internal_ob,3073.0,8.0,below,0.3243593902043464,3086.0,True,7.0,3059.0,4.0,below,0.7784625364904314,3053.0,False,,3229.0,146.0,above,4.735647096983458,3098.0,False,,3045.0,22.0,below,1.2325656827765163,3040.0,False,,0.0,0.0,7.37249996355873e-05,43.0,NONE,0.007089033788504699,0.004327379654162719,0.002454051206328417,0.8697785557261267,7.37249996355873e-05,0.003170174984330254,0.0008268113038116809,0.0012722101331292812,0.0018566468501206579,3061.298352542135,0.7089033788504698,0.16244314489928247,0.9349404866920515,,125.0,1.0,8736.0,8778.0,2026-08-04 11:00:00,2026-08-06 09:45:00,3081.0,3083.0,43.0,0.06491398896462108,0.0015096276503400253,124.0,-1.0,8606.0,8735.0,2026-07-27 21:00:00,2026-08-04 10:45:00,3125.0,3080.0,130.0,-1.4399999999999968,-0.011076923076923052,1350548.0,,31408.093023255813,,5942438.0,0.0,45711.06153846154,0.0,0.6871004952888454,,0.22727170228784885,,27.906976744186046,30.23255813953488,41.86046511627907,False,False,,,,,0.0,0.0,2026-08-05 21:45:00,3071.0,2026-08-05 21:30:00,3062.0,3.0,3.0,0.5670986607259534,6.9764467589492405,
M:5m:1:1:26329:26334:1,M,1h,2675.0,2026-08-06 10:00:00,0.0,1.0,-1.0,CHoCH,1.0,3073.0,106.0,BOS,-1.0,3062.0,21.0,11.0,3.0,2.0,0.0,current_internal_high,internal,0.0,7.0,3086.0,3086.0,3086.0,0.09730781706130393,current_internal_low,internal,0.0,2.0,3053.0,3053.0,3053.0,0.9730781706130393,3076.0,3086.0,3072.0,3083.0,163795.0,1199813.0,1.0,1.0,0.0,1.0,1.0,0.0,active_bear_internal_ob,3086.0,7.0,above,0.09730781706130393,3086.0,False,,3053.0,2.0,below,0.9730781706130393,3045.0,False,,3229.0,9.0,above,4.735647096983458,3073.0,False,,2887.0,230.0,below,6.35744404800519,2933.0,False,,0.0,0.0,-0.0004963627077162352,-38.0,NONE,-0.016106514017865673,-0.02855835321408396,0.0051885428811034124,0.9917995989272012,-0.0004963627077162352,-0.01886178289321694,-0.002580979878173073,-0.005293948502993584,-0.009435048502634658,3133.4692666681417,-1.6106514017865674,0.3907521979811035,1.1824495931956482,,34.0,-1.0,2638.0,2675.0,2026-07-29 21:00:00,2026-08-06 09:00:00,3090.0,3083.0,38.0,-0.22653721682848182,-0.0059615057060126795,33.0,1.0,2470.0,2637.0,2026-06-25 21:00:00,2026-07-29 14:00:00,2964.0,3109.0,168.0,4.892037786774628,0.029119272540325165,4555810.0,,119889.73684210527,,26577713.0,0.0,158200.67261904763,0.0,0.7578332939886018,,0.17141467364027899,,0.0,2.631578947368421,97.36842105263158,True,True,,,,,0.0,0.0,2026-08-06 09:00:00,3083.0,,,1.0,0.0,0.1816821454027191,11.767034492249186,4.0
M:5m:1:1:26329:26334:1,M,4h,1144.0,2026-08-05 23:00:00,660.0,1.0,1.0,BOS,1.0,3073.0,45.0,BOS,1.0,3098.0,37.0,9.0,0.0,2.0,0.0,current_internal_high,internal,0.0,0.0,3086.0,3086.0,3086.0,0.09730781706130393,current_swing_high,swing,0.0,128.0,3073.0,3073.0,3073.0,0.3243593902043464,3061.0,3079.0,3059.0,3071.0,269598.0,1212123.0,0.0,0.0,0.0,0.0,0.0,0.0,,3086.0,0.0,above,0.09730781706130393,3229.0,False,,3045.0,3.0,below,1.2325656827765163,3040.0,False,,3073.0,128.0,below,0.3243593902043464,3203.0,True,45.0,2887.0,69.0,below,6.35744404800519,2824.0,False,,1.0,1.0,0.0007049770891881864,75.0,UP_CONFIRMED,-0.007635063131403968,0.015732618862498802,0.015495756368813758,0.06577659137022196,0.0007049770891881864,0.05287328168911398,-0.0010629548364633479,-0.0022539089088872144,-0.003381820802822455,3094.627677687333,-0.7635063131403967,0.03257328990227126,-0.2284053286223745,,17.0,1.0,1070.0,1144.0,2026-07-02 09:00:00,2026-08-05 21:00:00,2983.0,3071.0,75.0,2.950050284948036,0.03933400379930715,16.0,-1.0,993.0,1069.0,2026-05-26 09:00:00,2026-07-01 21:00:00,2978.0,2974.0,77.0,-0.1343183344526544,-0.0017443939539305766,26710389.0,,356138.52,,23145249.0,0.0,300587.6493506493,0.0,1.1848075620184515,,1.1540333396283617,,68.0,2.666666666666667,29.333333333333332,True,True,2026-07-28 21:00:00,3117.0,2026-07-29 21:00:00,3092.0,1.0,2.0,,,2026-07-27 09:00:00,3181.0,0.0,1.0,0.9849444967964207,21.06482439815222,
M:5m:1:1:26329:26334:2,M,5m,26338.0,2026-08-06 10:10:00,0.0,-1.0,1.0,BOS,-1.0,3062.0,220.0,BOS,1.0,3082.0,4.0,32.0,7.0,11.0,4.0,active_bear_swing_ob,swing,-1.0,220.0,3080.0,3086.0,3083.0,0.09749756256093597,current_internal_low,internal,0.0,4.0,3072.0,3072.0,3072.0,0.16249593760155995,3083.0,3084.0,3077.0,3077.0,11735.0,1193736.0,1.0,1.0,1.0,0.0,1.0,0.0,active_bull_internal_ob,3082.0,8.0,above,0.16249593760155995,3079.0,True,4.0,3072.0,4.0,below,0.16249593760155995,3068.0,False,,3086.0,79.0,above,0.29249268768280795,3086.0,False,,3053.0,32.0,below,0.7799805004874878,3045.0,False,,0.0,0.0,9.445589652534984e-05,43.0,NONE,0.0020766401307277574,0.0029571618912657403,0.0011990917227907266,0.23137566472936255,9.445589652534984e-05,0.004061603550590043,0.0007929485400528513,0.001285125739888926,0.0023645647514871637,3070.623420179303,0.20766401307277574,-0.22697795071335847,0.05070193419161016,,347.0,1.0,26296.0,26338.0,2026-08-05 14:35:00,2026-08-06 10:05:00,3070.0,3077.0,43.0,0.22801302931596545,0.005302628588743382,346.0,-1.0,26232.0,26295.0,2026-08-04 21:00:00,2026-08-05 14:30:00,3067.0,3068.0,64.0,0.03260515161396249,0.0005094554939681639,519079.0,,12071.60465116279,,657348.0,0.0,10271.0625,0.0,1.1753024237913838,,0.789656315984836,,53.48837209302325,46.51162790697674,0.0,True,False,,,,,0.0,0.0,2026-08-05 22:55:00,3071.0,2026-08-06 10:05:00,3077.0,5.0,6.0,0.4054873445827766,4.63255063784254,
M:5m:1:1:26329:26334:2,M,15m,8778.0,2026-08-06 10:00:00,10.0,1.0,1.0,BOS,1.0,3098.0,299.0,CHoCH,1.0,3073.0,7.0,18.0,5.0,8.0,0.0,active_bear_internal_ob,internal,-1.0,30.0,3079.0,3086.0,3082.5,0.06499837504062399,current_internal_high,internal,0.0,8.0,3073.0,3073.0,3073.0,0.12999675008124797,3077.0,3086.0,3077.0,3083.0,44843.0,1199813.0,0.0,0.0,0.0,0.0,0.0,0.0,,3073.0,8.0,below,0.12999675008124797,3086.0,True,7.0,3059.0,4.0,below,0.5849853753656159,3053.0,False,,3229.0,146.0,above,4.939876503087423,3098.0,False,,3045.0,22.0,below,1.0399740006499838,3040.0,False,,0.0,0.0,7.37249996355873e-05,43.0,NONE,0.007089033788504699,0.004327379654162719,0.002454051206328417,0.8697785557261267,7.37249996355873e-05,0.003170174984330254,0.0008268113038116809,0.0012722101331292812,0.0018566468501206579,3061.298352542135,0.7089033788504698,0.16244314489928247,0.9349404866920515,,125.0,1.0,8736.0,8778.0,2026-08-04 11:00:00,2026-08-06 09:45:00,3081.0,3083.0,43.0,0.06491398896462108,0.0015096276503400253,124.0,-1.0,8606.0,8735.0,2026-07-27 21:00:00,2026-08-04 10:45:00,3125.0,3080.0,130.0,-1.4399999999999968,-0.011076923076923052,1350548.0,,31408.093023255813,,5942438.0,0.0,45711.06153846154,0.0,0.6871004952888454,,0.22727170228784885,,27.906976744186046,30.23255813953488,41.86046511627907,False,False,,,,,0.0,0.0,2026-08-05 21:45:00,3071.0,2026-08-05 21:30:00,3062.0,3.0,3.0,0.5670986607259534,6.9764467589492405,
M:5m:1:1:26329:26334:2,M,1h,2675.0,2026-08-06 10:00:00,10.0,1.0,-1.0,CHoCH,1.0,3073.0,106.0,BOS,-1.0,3062.0,21.0,11.0,3.0,2.0,0.0,current_internal_high,internal,0.0,7.0,3086.0,3086.0,3086.0,0.29249268768280795,current_internal_low,internal,0.0,2.0,3053.0,3053.0,3053.0,0.7799805004874878,3076.0,3086.0,3072.0,3083.0,163795.0,1199813.0,1.0,1.0,0.0,1.0,1.0,0.0,active_bear_internal_ob,3086.0,7.0,above,0.29249268768280795,3086.0,False,,3053.0,2.0,below,0.7799805004874878,3045.0,False,,3229.0,9.0,above,4.939876503087423,3073.0,False,,2887.0,230.0,below,6.174845628859278,2933.0,False,,0.0,0.0,-0.0004963627077162352,-38.0,NONE,-0.016106514017865673,-0.02855835321408396,0.0051885428811034124,0.9917995989272012,-0.0004963627077162352,-0.01886178289321694,-0.002580979878173073,-0.005293948502993584,-0.009435048502634658,3133.4692666681417,-1.6106514017865674,0.3907521979811035,1.1824495931956482,,34.0,-1.0,2638.0,2675.0,2026-07-29 21:00:00,2026-08-06 09:00:00,3090.0,3083.0,38.0,-0.22653721682848182,-0.0059615057060126795,33.0,1.0,2470.0,2637.0,2026-06-25 21:00:00,2026-07-29 14:00:00,2964.0,3109.0,168.0,4.892037786774628,0.029119272540325165,4555810.0,,119889.73684210527,,26577713.0,0.0,158200.67261904763,0.0,0.7578332939886018,,0.17141467364027899,,0.0,2.631578947368421,97.36842105263158,True,True,,,,,0.0,0.0,2026-08-06 09:00:00,3083.0,,,1.0,0.0,0.1816821454027191,11.767034492249186,4.0
M:5m:1:1:26329:26334:2,M,4h,1144.0,2026-08-05 23:00:00,670.0,1.0,1.0,BOS,1.0,3073.0,45.0,BOS,1.0,3098.0,37.0,9.0,0.0,2.0,0.0,current_internal_high,internal,0.0,0.0,3086.0,3086.0,3086.0,0.29249268768280795,current_swing_high,swing,0.0,128.0,3073.0,3073.0,3073.0,0.12999675008124797,3061.0,3079.0,3059.0,3071.0,269598.0,1212123.0,0.0,0.0,0.0,0.0,0.0,0.0,,3086.0,0.0,above,0.29249268768280795,3229.0,False,,3045.0,3.0,below,1.0399740006499838,3040.0,False,,3073.0,128.0,below,0.12999675008124797,3203.0,True,45.0,2887.0,69.0,below,6.174845628859278,2824.0,False,,1.0,1.0,0.0007049770891881864,75.0,UP_CONFIRMED,-0.007635063131403968,0.015732618862498802,0.015495756368813758,0.06577659137022196,0.0007049770891881864,0.05287328168911398,-0.0010629548364633479,-0.0022539089088872144,-0.003381820802822455,3094.627677687333,-0.7635063131403967,0.03257328990227126,-0.2284053286223745,,17.0,1.0,1070.0,1144.0,2026-07-02 09:00:00,2026-08-05 21:00:00,2983.0,3071.0,75.0,2.950050284948036,0.03933400379930715,16.0,-1.0,993.0,1069.0,2026-05-26 09:00:00,2026-07-01 21:00:00,2978.0,2974.0,77.0,-0.1343183344526544,-0.0017443939539305766,26710389.0,,356138.52,,23145249.0,0.0,300587.6493506493,0.0,1.1848075620184515,,1.1540333396283617,,68.0,2.666666666666667,29.333333333333332,True,True,2026-07-28 21:00:00,3117.0,2026-07-29 21:00:00,3092.0,1.0,2.0,,,2026-07-27 09:00:00,3181.0,0.0,1.0,0.9849444967964207,21.06482439815222,
M:5m:1:1:26329:26334:3,M,5m,26349.0,2026-08-06 11:20:00,0.0,-1.0,1.0,BOS,-1.0,3062.0,231.0,BOS,1.0,3082.0,15.0,32.0,7.0,11.0,4.0,active_bear_swing_ob,swing,-1.0,231.0,3080.0,3086.0,3083.0,0.09749756256093597,active_bull_internal_ob,internal,1.0,24.0,3068.0,3071.0,3069.5,0.19499512512187195,3082.0,3083.0,3077.0,3077.0,8883.0,1178223.0,2.0,1.0,1.0,0.0,2.0,0.0,active_bull_internal_ob|current_internal_low,3086.0,9.0,above,0.29249268768280795,3082.0,False,,3077.0,5.0,overlap,0.0,3072.0,False,,3086.0,90.0,above,0.29249268768280795,3086.0,False,,3053.0,43.0,below,0.7799805004874878,3045.0,False,,1.0,1.0,8.914388914548498e-05,54.0,UP_CONFIRMED,0.0013265225817630552,0.002968480771044232,0.0011184040071773893,0.0710349773497993,8.914388914548498e-05,0.004813770013856189,0.00027984541908065985,0.0006722004913626289,0.0019252643082823262,3072.9236973234656,0.13265225817630552,-0.19461563412260796,-0.12961587015945625,,347.0,1.0,26296.0,26349.0,2026-08-05 14:35:00,2026-08-06 11:15:00,3070.0,3077.0,54.0,0.22801302931596545,0.004222463505851212,346.0,-1.0,26232.0,26295.0,2026-08-04 21:00:00,2026-08-05 14:30:00,3067.0,3068.0,64.0,0.03260515161396249,0.0005094554939681639,603414.0,,11174.333333333334,,657348.0,0.0,10271.0625,0.0,1.087943271042634,,0.9179521349422224,,51.85185185185185,48.148148148148145,0.0,True,False,,,,,0.0,0.0,2026-08-06 10:10:00,3079.0,2026-08-06 11:15:00,3077.0,6.0,7.0,0.37675972776605343,3.9336534479932705,
M:5m:1:1:26329:26334:3,M,15m,8782.0,2026-08-06 11:15:00,5.0,1.0,1.0,BOS,1.0,3098.0,303.0,CHoCH,1.0,3073.0,11.0,18.0,5.0,8.0,0.0,active_bear_internal_ob,internal,-1.0,34.0,3079.0,3086.0,3082.5,0.06499837504062399,current_internal_high,internal,0.0,12.0,3073.0,3073.0,3073.0,0.12999675008124797,3083.0,3084.0,3081.0,3083.0,15734.0,1179998.0,0.0,0.0,0.0,0.0,0.0,0.0,,3073.0,12.0,below,0.12999675008124797,3086.0,True,11.0,3059.0,8.0,below,0.5849853753656159,3053.0,False,,3229.0,150.0,above,4.939876503087423,3098.0,False,,3045.0,26.0,below,1.0399740006499838,3040.0,False,,0.0,0.0,7.766987855386684e-05,47.0,NONE,0.0066070789205668785,0.004485908008767679,0.0024113842029335696,0.8104751684164538,7.766987855386684e-05,0.0036504842920317415,0.0007128918932428618,0.001369938236309265,0.002164163495076199,3062.7640760345625,0.6607078920566879,-0.03242542153047978,-1.2225643848930354,,125.0,1.0,8736.0,8782.0,2026-08-04 11:00:00,2026-08-06 11:00:00,3081.0,3083.0,47.0,0.06491398896462108,0.0013811487013749167,124.0,-1.0,8606.0,8735.0,2026-07-27 21:00:00,2026-08-04 10:45:00,3125.0,3080.0,130.0,-1.4399999999999968,-0.011076923076923052,1449803.0,,30846.872340425532,,5942438.0,0.0,45711.06153846154,0.0,0.674822926929203,,0.2439744428128657,,34.04255319148936,27.659574468085108,38.297872340425535,False,False,,,,,0.0,0.0,2026-08-05 21:45:00,3071.0,2026-08-05 21:30:00,3062.0,3.0,3.0,0.5375465119259099,6.573935232256072,
M:5m:1:1:26329:26334:3,M,1h,2676.0,2026-08-06 11:00:00,20.0,1.0,-1.0,CHoCH,1.0,3073.0,107.0,BOS,-1.0,3062.0,22.0,11.0,3.0,2.0,0.0,current_internal_high,internal,0.0,8.0,3086.0,3086.0,3086.0,0.29249268768280795,current_internal_low,internal,0.0,3.0,3053.0,3053.0,3053.0,0.7799805004874878,3083.0,3086.0,3077.0,3084.0,83521.0,1185380.0,1.0,1.0,0.0,1.0,1.0,0.0,active_bear_internal_ob,3086.0,8.0,above,0.29249268768280795,3086.0,False,,3053.0,3.0,below,0.7799805004874878,3045.0,False,,3229.0,10.0,above,4.939876503087423,3073.0,False,,2887.0,231.0,below,6.174845628859278,2933.0,False,,0.0,0.0,-0.0004907560027110361,-39.0,NONE,-0.015508728666251977,-0.028223747456447238,0.00552134170807203,0.9893573621498161,-0.0004907560027110361,-0.01913948410573041,-0.002603872192588619,-0.004635437660592712,-0.009473642037208463,3132.5823700010305,-1.5508728666251976,0.03243593902042541,-0.48160099112958255,,34.0,-1.0,2638.0,2676.0,2026-07-29 21:00:00,2026-08-06 10:00:00,3090.0,3084.0,39.0,-0.1941747572815511,-0.004978839930296182,33.0,1.0,2470.0,2637.0,2026-06-25 21:00:00,2026-07-29 14:00:00,2964.0,3109.0,168.0,4.892037786774628,0.029119272540325165,4639331.0,,118957.20512820513,,26577713.0,0.0,158200.67261904763,0.0,0.751938681162614,,0.17455719384132112,,0.0,5.128205128205128,94.87179487179486,False,True,,,,,0.0,0.0,2026-08-06 09:00:00,3083.0,,,1.0,0.0,0.1956275195769856,11.569389171374244,3.0
M:5m:1:1:26329:26334:3,M,4h,1144.0,2026-08-05 23:00:00,740.0,1.0,1.0,BOS,1.0,3073.0,45.0,BOS,1.0,3098.0,37.0,9.0,0.0,2.0,0.0,current_internal_high,internal,0.0,0.0,3086.0,3086.0,3086.0,0.29249268768280795,current_swing_high,swing,0.0,128.0,3073.0,3073.0,3073.0,0.12999675008124797,3061.0,3079.0,3059.0,3071.0,269598.0,1212123.0,0.0,0.0,0.0,0.0,0.0,0.0,,3086.0,0.0,above,0.29249268768280795,3229.0,False,,3045.0,3.0,below,1.0399740006499838,3040.0,False,,3073.0,128.0,below,0.12999675008124797,3203.0,True,45.0,2887.0,69.0,below,6.174845628859278,2824.0,False,,1.0,1.0,0.0007049770891881864,75.0,UP_CONFIRMED,-0.007635063131403968,0.015732618862498802,0.015495756368813758,0.06577659137022196,0.0007049770891881864,0.05287328168911398,-0.0010629548364633479,-0.0022539089088872144,-0.003381820802822455,3094.627677687333,-0.7635063131403967,0.03257328990227126,-0.2284053286223745,,17.0,1.0,1070.0,1144.0,2026-07-02 09:00:00,2026-08-05 21:00:00,2983.0,3071.0,75.0,2.950050284948036,0.03933400379930715,16.0,-1.0,993.0,1069.0,2026-05-26 09:00:00,2026-07-01 21:00:00,2978.0,2974.0,77.0,-0.1343183344526544,-0.0017443939539305766,26710389.0,,356138.52,,23145249.0,0.0,300587.6493506493,0.0,1.1848075620184515,,1.1540333396283617,,68.0,2.666666666666667,29.333333333333332,True,True,2026-07-28 21:00:00,3117.0,2026-07-29 21:00:00,3092.0,1.0,2.0,,,2026-07-27 09:00:00,3181.0,0.0,1.0,0.9849444967964207,21.06482439815222,
M:5m:1:1:26370:26371:1,M,5m,26377.0,2026-08-06 21:40:00,0.0,1.0,1.0,CHoCH,1.0,3086.0,18.0,BOS,1.0,3090.0,6.0,33.0,4.0,12.0,3.0,current_internal_high,internal,0.0,11.0,3090.0,3090.0,3090.0,0.09718172983479105,current_swing_high,swing,0.0,118.0,3086.0,3086.0,3086.0,0.032393909944930355,3097.0,3097.0,3087.0,3087.0,23312.0,1121790.0,1.0,1.0,1.0,0.0,1.0,0.0,active_bull_internal_ob,3090.0,11.0,above,0.09718172983479105,3086.0,True,6.0,3083.0,2.0,below,0.12957563977972142,3077.0,False,,3086.0,118.0,below,0.032393909944930355,3086.0,True,18.0,3053.0,71.0,below,1.101392938127632,3045.0,False,,1.0,1.0,0.00010660258396488764,82.0,UP_CONFIRMED,0.0006693105228454577,0.0030864886442007198,0.001097652005744672,0.013827879777288998,0.00010660258396488764,0.008741411885120787,0.0005620951670313179,0.00220780266636611,0.0031208313227317763,3084.9352203946933,0.06693105228454577,-0.29069767441860517,0.7829040474664255,,347.0,1.0,26296.0,26377.0,2026-08-05 14:35:00,2026-08-06 21:35:00,3070.0,3087.0,82.0,0.5537459283387669,0.006752999126082523,346.0,-1.0,26232.0,26295.0,2026-08-04 21:00:00,2026-08-05 14:30:00,3067.0,3068.0,64.0,0.03260515161396249,0.0005094554939681639,966841.0,,11790.743902439024,,657348.0,0.0,10271.0625,0.0,1.1479575654844885,,1.4708206307770009,,63.41463414634146,36.58536585365854,0.0,True,False,,,,,0.0,0.0,2026-08-06 11:20:00,3079.0,2026-08-06 21:35:00,3087.0,7.0,8.0,0.35563131191396985,4.710544236540413,
M:5m:1:1:26370:26371:1,M,15m,8791.0,2026-08-06 21:30:00,10.0,1.0,1.0,BOS,1.0,3098.0,312.0,CHoCH,1.0,3073.0,20.0,18.0,4.0,8.0,0.0,active_bear_internal_ob,internal,-1.0,139.0,3111.0,3119.0,3115.0,0.7774538386783284,current_internal_high,internal,0.0,21.0,3073.0,3073.0,3073.0,0.45351473922902497,3101.0,3102.0,3094.0,3099.0,30496.0,1128994.0,0.0,0.0,0.0,0.0,0.0,0.0,,3073.0,21.0,below,0.45351473922902497,3086.0,True,20.0,3059.0,17.0,below,0.9070294784580499,3053.0,False,,3229.0,159.0,above,4.59993521218011,3098.0,False,,3045.0,35.0,below,1.3605442176870748,3040.0,False,,1.0,1.0,0.00010574127561451183,56.0,UP_CONFIRMED,0.009546749237460505,0.004969237420357454,0.002543571226273736,0.9640412277372432,0.00010574127561451183,0.005921511434412663,0.0016136735587048978,0.002345070071238853,0.0037789961060261668,3069.694397352835,0.9546749237460505,-0.06449532408900893,-0.180170724714272,,125.0,1.0,8736.0,8791.0,2026-08-04 11:00:00,2026-08-06 21:15:00,3081.0,3099.0,56.0,0.5842259006815897,0.010432605369314103,124.0,-1.0,8606.0,8735.0,2026-07-27 21:00:00,2026-08-04 10:45:00,3125.0,3080.0,130.0,-1.4399999999999968,-0.011076923076923052,1791638.0,,31993.535714285714,,5942438.0,0.0,45711.06153846154,0.0,0.6999079574506529,,0.30149881244028126,,44.642857142857146,23.214285714285715,32.142857142857146,False,False,,,,,0.0,0.0,2026-08-05 21:45:00,3071.0,2026-08-05 21:30:00,3062.0,3.0,3.0,0.5118634935520485,7.17582215357139,
M:5m:1:1:26370:26371:1,M,1h,2679.0,2026-08-06 15:00:00,400.0,1.0,1.0,CHoCH,1.0,3073.0,110.0,CHoCH,1.0,3086.0,0.0,12.0,2.0,2.0,0.0,active_bear_internal_ob,internal,-1.0,41.0,3106.0,3122.0,3114.0,0.6154842889536767,current_internal_high,internal,0.0,11.0,3086.0,3086.0,3086.0,0.032393909944930355,3084.0,3090.0,3084.0,3089.0,107509.0,1140075.0,0.0,0.0,0.0,0.0,0.0,0.0,,3086.0,11.0,below,0.032393909944930355,3086.0,True,0.0,3053.0,6.0,below,1.101392938127632,3045.0,False,,3229.0,13.0,above,4.59993521218011,3073.0,False,,2887.0,234.0,below,6.478781988986071,2933.0,False,,0.0,0.0,-0.0004718270050688356,-42.0,NONE,-0.013231271920548834,-0.027288194786291114,0.006313042692799607,0.9870145904524621,-0.0004718270050688356,-0.019816734212891096,-0.0015589795324635336,-0.003740675648576608,-0.008581331172719309,3130.419430713135,-1.3231271920548835,0.1621271076523989,0.14663260425162708,,34.0,-1.0,2638.0,2679.0,2026-07-29 21:00:00,2026-08-06 14:00:00,3090.0,3089.0,42.0,-0.03236245954693073,-0.0007705347511173984,33.0,1.0,2470.0,2637.0,2026-06-25 21:00:00,2026-07-29 14:00:00,2964.0,3109.0,168.0,4.892037786774628,0.029119272540325165,4850574.0,,115489.85714285714,,26577713.0,0.0,158200.67261904763,0.0,0.7300212776020268,,0.18250531940050674,,0.0,11.904761904761903,88.09523809523809,False,True,,,,,0.0,0.0,2026-08-06 09:00:00,3083.0,,,1.0,0.0,0.23134702541668742,10.852386300841552,4.0
M:5m:1:1:26370:26371:1,M,4h,1146.0,2026-08-06 15:00:00,400.0,1.0,1.0,BOS,1.0,3073.0,47.0,BOS,1.0,3086.0,0.0,10.0,0.0,2.0,0.0,,,,,,,,,current_internal_high,internal,0.0,2.0,3086.0,3086.0,3086.0,0.032393909944930355,3080.0,3090.0,3077.0,3089.0,179357.0,1140075.0,0.0,0.0,0.0,0.0,0.0,0.0,,3086.0,2.0,below,0.032393909944930355,3229.0,True,0.0,3045.0,5.0,below,1.3605442176870748,3040.0,False,,3073.0,130.0,below,0.45351473922902497,3203.0,True,47.0,2887.0,71.0,below,6.478781988986071,2824.0,False,,1.0,1.0,0.0006840442689723514,77.0,UP_CONFIRMED,-0.0016271080977275627,0.015239072806505329,0.015591221059814316,0.1396764336162456,0.0006840442689723514,0.05267140871087106,-0.0008378430986628604,-0.001786702308048227,-0.003619277162918766,3094.0343283102407,-0.1627108097727563,0.32478077297823926,-1.1060700645938502,,17.0,1.0,1070.0,1146.0,2026-07-02 09:00:00,2026-08-06 13:30:00,2983.0,3089.0,77.0,3.5534696614146766,0.04614895664174905,16.0,-1.0,993.0,1069.0,2026-05-26 09:00:00,2026-07-01 21:00:00,2978.0,2974.0,77.0,-0.1343183344526544,-0.0017443939539305766,27168948.0,,352843.48051948054,,23145249.0,0.0,300587.6493506493,0.0,1.1738455697754646,,1.1738455697754644,,66.23376623376623,2.5974025974025974,31.16883116883117,True,True,2026-07-28 21:00:00,3117.0,2026-07-29 21:00:00,3092.0,1.0,2.0,,,2026-07-27 09:00:00,3181.0,0.0,1.0,1.0231082466617432,20.086506751467986,
M:5m:1:1:26370:26371:2,M,5m,26382.0,2026-08-06 22:05:00,0.0,1.0,1.0,CHoCH,1.0,3086.0,23.0,BOS,1.0,3090.0,11.0,33.0,4.0,12.0,3.0,current_internal_high,internal,0.0,4.0,3102.0,3102.0,3102.0,0.3558718861209964,active_bull_internal_ob,internal,1.0,11.0,3083.0,3090.0,3086.5,0.03235198964736331,3094.0,3095.0,3090.0,3091.0,4707.0,1118643.0,0.0,0.0,0.0,0.0,0.0,0.0,,3102.0,4.0,above,0.3558718861209964,3090.0,False,,3083.0,7.0,below,0.2588159171789065,3077.0,False,,3086.0,123.0,below,0.16175994823681655,3086.0,True,23.0,3053.0,76.0,below,1.2293756065998058,3045.0,False,,1.0,1.0,0.00010254641809452417,87.0,UP_CONFIRMED,0.0017870495046413124,0.0030451877945996604,0.001087801022459108,0.12372023570272328,0.00010254641809452417,0.008921538374223603,0.00017856557387307959,0.0007407611117504764,0.0027602689950534387,3085.4860836226844,0.17870495046413123,-0.09696186166774368,-0.7292640962313677,,347.0,1.0,26296.0,26382.0,2026-08-05 14:35:00,2026-08-06 22:00:00,3070.0,3091.0,87.0,0.6840390879478742,0.007862518252274416,346.0,-1.0,26232.0,26295.0,2026-08-04 21:00:00,2026-08-05 14:30:00,3067.0,3068.0,64.0,0.03260515161396249,0.0005094554939681639,998026.0,,11471.563218390804,,657348.0,0.0,10271.0625,0.0,1.1168818433721734,,1.5182612558340483,,59.77011494252874,40.229885057471265,0.0,True,False,,,,,0.0,0.0,2026-08-06 21:50:00,3095.0,2026-08-06 21:55:00,3094.0,8.0,9.0,0.3572196842468026,4.4864976297409545,
M:5m:1:1:26370:26371:2,M,15m,8793.0,2026-08-06 22:00:00,5.0,1.0,1.0,BOS,1.0,3098.0,314.0,CHoCH,1.0,3073.0,22.0,18.0,4.0,8.0,0.0,active_bear_internal_ob,internal,-1.0,141.0,3111.0,3119.0,3115.0,0.6470397929472662,current_internal_high,internal,0.0,23.0,3073.0,3073.0,3073.0,0.5823358136525397,3090.0,3095.0,3089.0,3094.0,14738.0,1118421.0,0.0,0.0,0.0,0.0,0.0,0.0,,3073.0,23.0,below,0.5823358136525397,3086.0,True,22.0,3059.0,19.0,below,1.035263668715626,3053.0,False,,3229.0,161.0,above,4.464574571336137,3098.0,False,,3045.0,37.0,below,1.4881915237787124,3040.0,False,,1.0,1.0,0.00010795368610786947,58.0,UP_CONFIRMED,0.007577560824324722,0.005038257071568085,0.0025283865136502886,0.8423872880639909,0.00010795368610786947,0.006261313794256429,0.0017020864302290661,0.002528922544920098,0.0039107293424278655,3070.7313464471363,0.7577560824324722,0.12944983818770073,-0.8803207174209918,,125.0,1.0,8736.0,8793.0,2026-08-04 11:00:00,2026-08-06 21:45:00,3081.0,3094.0,58.0,0.42194092827003704,0.007274843590862707,124.0,-1.0,8606.0,8735.0,2026-07-27 21:00:00,2026-08-04 10:45:00,3125.0,3080.0,130.0,-1.4399999999999968,-0.011076923076923052,1848591.0,,31872.258620689656,,5942438.0,0.0,45711.06153846154,0.0,0.6972548339064969,,0.31108292589674474,,43.103448275862064,25.862068965517242,31.03448275862069,True,False,,,,,0.0,0.0,2026-08-06 21:45:00,3094.0,2026-08-06 21:30:00,3090.0,4.0,4.0,0.5018375358253335,7.411805836497781,
M:5m:1:1:26370:26371:2,M,1h,2680.0,2026-08-06 22:00:00,5.0,1.0,1.0,CHoCH,1.0,3073.0,111.0,CHoCH,1.0,3086.0,1.0,12.0,2.0,2.0,0.0,active_bear_internal_ob,internal,-1.0,42.0,3106.0,3122.0,3114.0,0.48527984471044966,current_internal_high,internal,0.0,12.0,3086.0,3086.0,3086.0,0.16175994823681655,3089.0,3102.0,3083.0,3094.0,203279.0,1118421.0,0.0,0.0,0.0,0.0,0.0,0.0,,3086.0,12.0,below,0.16175994823681655,3086.0,True,1.0,3053.0,7.0,below,1.2293756065998058,3045.0,False,,3229.0,14.0,above,4.464574571336137,3073.0,False,,2887.0,235.0,below,6.599805888062116,2933.0,False,,0.0,0.0,-0.0004729082585904894,-43.0,NONE,-0.011111117428770412,-0.02691198368495342,0.0066986655621270414,0.9908331319170705,-0.0004729082585904894,-0.020335055119391043,-0.0015015949847703158,-0.0040786992765025065,-0.008557278228300547,3128.7640649323807,-1.1111117428770412,0.16186468112657781,1.9126235066175001,,34.0,-1.0,2638.0,2680.0,2026-07-29 21:00:00,2026-08-06 21:00:00,3090.0,3094.0,43.0,0.12944983818770073,0.0030104613532023427,33.0,1.0,2470.0,2637.0,2026-06-25 21:00:00,2026-07-29 14:00:00,2964.0,3109.0,168.0,4.892037786774628,0.029119272540325165,5053853.0,,117531.46511627907,,26577713.0,0.0,158200.67261904763,0.0,0.7429264564462292,,0.19015379539992774,,2.3255813953488373,11.627906976744185,86.04651162790698,False,True,,,,,0.0,0.0,2026-08-06 09:00:00,3083.0,,,1.0,0.0,0.24891013760060682,11.434358707924298,4.0
M:5m:1:1:26370:26371:2,M,4h,1146.0,2026-08-06 15:00:00,425.0,1.0,1.0,BOS,1.0,3073.0,47.0,BOS,1.0,3086.0,0.0,10.0,0.0,2.0,0.0,,,,,,,,,current_internal_high,internal,0.0,2.0,3086.0,3086.0,3086.0,0.16175994823681655,3080.0,3090.0,3077.0,3089.0,179357.0,1140075.0,0.0,0.0,0.0,0.0,0.0,0.0,,3086.0,2.0,below,0.16175994823681655,3229.0,True,0.0,3045.0,5.0,below,1.4881915237787124,3040.0,False,,3073.0,130.0,below,0.5823358136525397,3203.0,True,47.0,2887.0,71.0,below,6.599805888062116,2824.0,False,,1.0,1.0,0.0006840442689723514,77.0,UP_CONFIRMED,-0.0016271080977275627,0.015239072806505329,0.015591221059814316,0.1396764336162456,0.0006840442689723514,0.05267140871087106,-0.0008378430986628604,-0.001786702308048227,-0.003619277162918766,3094.0343283102407,-0.1627108097727563,0.32478077297823926,-1.1060700645938502,,17.0,1.0,1070.0,1146.0,2026-07-02 09:00:00,2026-08-06 13:30:00,2983.0,3089.0,77.0,3.5534696614146766,0.04614895664174905,16.0,-1.0,993.0,1069.0,2026-05-26 09:00:00,2026-07-01 21:00:00,2978.0,2974.0,77.0,-0.1343183344526544,-0.0017443939539305766,27168948.0,,352843.48051948054,,23145249.0,0.0,300587.6493506493,0.0,1.1738455697754646,,1.1738455697754644,,66.23376623376623,2.5974025974025974,31.16883116883117,True,True,2026-07-28 21:00:00,3117.0,2026-07-29 21:00:00,3092.0,1.0,2.0,,,2026-07-27 09:00:00,3181.0,0.0,1.0,1.0231082466617432,20.086506751467986,
M:5m:1:1:26370:26371:3,M,5m,26397.0,2026-08-07 09:20:00,0.0,1.0,1.0,CHoCH,1.0,3086.0,38.0,BOS,1.0,3090.0,26.0,33.0,4.0,12.0,3.0,current_internal_high,internal,0.0,19.0,3102.0,3102.0,3102.0,0.4859086491739553,current_swing_high,swing,0.0,138.0,3086.0,3086.0,3086.0,0.032393909944930355,3093.0,3094.0,3086.0,3087.0,7666.0,1104985.0,1.0,1.0,1.0,0.0,1.0,0.0,active_bull_internal_ob,3102.0,19.0,above,0.4859086491739553,3090.0,False,,3083.0,6.0,below,0.12957563977972142,3083.0,False,,3086.0,138.0,below,0.032393909944930355,3086.0,True,38.0,3053.0,91.0,below,1.101392938127632,3045.0,False,,1.0,1.0,8.990933300832484e-05,102.0,UP_CONFIRMED,0.00024358728153515174,0.002703927921554038,0.001329484749939902,0.032113767683192296,8.990933300832484e-05,0.009170751966849133,0.00016540792672414817,0.0002137423566686003,0.0004256195657972306,3086.2482291837105,0.024358728153515176,-0.19398642095053154,0.30389729947268024,,347.0,1.0,26296.0,26397.0,2026-08-05 14:35:00,2026-08-07 09:15:00,3070.0,3087.0,102.0,0.5537459283387669,0.0054288816503800675,346.0,-1.0,26232.0,26295.0,2026-08-04 21:00:00,2026-08-05 14:30:00,3067.0,3068.0,64.0,0.03260515161396249,0.0005094554939681639,1095970.0,,10744.803921568628,,657348.0,0.0,10271.0625,0.0,1.0461238962929713,,1.667259959716923,,50.98039215686274,41.17647058823529,7.8431372549019605,True,True,2026-08-06 22:25:00,3086.0,2026-08-06 22:15:00,3083.0,1.0,1.0,2026-08-07 09:05:00,3092.0,2026-08-07 09:15:00,3087.0,10.0,11.0,0.4916864607751092,4.22881208065561,
M:5m:1:1:26370:26371:3,M,15m,8798.0,2026-08-07 09:15:00,5.0,1.0,1.0,BOS,1.0,3098.0,319.0,CHoCH,1.0,3073.0,27.0,18.0,4.0,8.0,0.0,current_internal_high,internal,0.0,2.0,3102.0,3102.0,3102.0,0.4859086491739553,active_bull_internal_ob,internal,1.0,27.0,3059.0,3068.0,3063.5,0.6154842889536767,3087.0,3094.0,3084.0,3093.0,31013.0,1105500.0,0.0,0.0,0.0,0.0,0.0,0.0,,3102.0,2.0,above,0.4859086491739553,3073.0,False,,3059.0,24.0,below,0.9070294784580499,3053.0,False,,3229.0,166.0,above,4.59993521218011,3098.0,False,,3045.0,42.0,below,1.3605442176870748,3040.0,False,,1.0,1.0,0.00010699512578539306,63.0,UP_CONFIRMED,0.00677228295006409,0.0050782794686692586,0.002436979495943098,0.7565112725347488,0.00010699512578539306,0.006740692924479763,0.0004763962637257535,0.002179293561570761,0.0035592345438353323,3072.1942313874893,0.677228295006409,0.16191709844559643,0.062167814355039895,,125.0,1.0,8736.0,8798.0,2026-08-04 11:00:00,2026-08-07 09:00:00,3081.0,3093.0,63.0,0.3894839337877265,0.006182284663297246,124.0,-1.0,8606.0,8735.0,2026-07-27 21:00:00,2026-08-04 10:45:00,3125.0,3080.0,130.0,-1.4399999999999968,-0.011076923076923052,1943576.0,,30850.4126984127,,5942438.0,0.0,45711.06153846154,0.0,0.6749003777226874,,0.3270671061271485,,39.682539682539684,31.746031746031743,28.57142857142857,True,False,,,,,0.0,0.0,2026-08-07 09:00:00,3093.0,2026-08-06 22:00:00,3088.0,5.0,5.0,0.47988290344755247,7.221357961806782,
M:5m:1:1:26370:26371:3,M,1h,2681.0,2026-08-06 23:00:00,620.0,1.0,1.0,CHoCH,1.0,3073.0,112.0,CHoCH,1.0,3086.0,2.0,12.0,2.0,2.0,0.0,active_bear_internal_ob,internal,-1.0,43.0,3106.0,3122.0,3114.0,0.6154842889536767,current_internal_high,internal,0.0,13.0,3086.0,3086.0,3086.0,0.032393909944930355,3094.0,3095.0,3083.0,3088.0,63972.0,1107993.0,0.0,0.0,0.0,0.0,0.0,0.0,,3086.0,13.0,below,0.032393909944930355,3086.0,True,2.0,3053.0,8.0,below,1.101392938127632,3045.0,False,,3229.0,15.0,above,4.59993521218011,3073.0,False,,2887.0,236.0,below,6.478781988986071,2933.0,False,,0.0,0.0,-0.00046621448881359074,-44.0,NONE,-0.01284906209331556,-0.026592371830598014,0.006945849415811622,0.9760715147857313,-0.00046621448881359074,-0.020513437507797994,-0.0014007632887688137,-0.004000988072781486,-0.008022029175168366,3128.1943636180886,-1.284906209331556,-0.19392372333548735,-0.698231518639893,,34.0,-1.0,2638.0,2681.0,2026-07-29 21:00:00,2026-08-06 22:00:00,3090.0,3088.0,44.0,-0.06472491909385036,-0.0014710208884965992,33.0,1.0,2470.0,2637.0,2026-06-25 21:00:00,2026-07-29 14:00:00,2964.0,3109.0,168.0,4.892037786774628,0.029119272540325165,5117825.0,,116314.20454545454,,26577713.0,0.0,158200.67261904763,0.0,0.7352320481313183,,0.19256077451058337,,4.545454545454546,11.363636363636363,84.0909090909091,False,True,,,,,0.0,0.0,2026-08-06 09:00:00,3083.0,,,1.0,0.0,0.26119706282910465,11.474761657358277,4.0
M:5m:1:1:26370:26371:3,M,4h,1147.0,2026-08-06 23:00:00,620.0,1.0,1.0,BOS,1.0,3073.0,48.0,BOS,1.0,3086.0,1.0,10.0,0.0,2.0,0.0,,,,,,,,,current_internal_high,internal,0.0,3.0,3086.0,3086.0,3086.0,0.032393909944930355,3089.0,3102.0,3083.0,3088.0,267251.0,1107993.0,0.0,0.0,0.0,0.0,0.0,0.0,,3086.0,3.0,below,0.032393909944930355,3229.0,True,1.0,3053.0,0.0,below,1.101392938127632,3045.0,False,,3073.0,131.0,below,0.45351473922902497,3203.0,True,48.0,2887.0,72.0,below,6.478781988986071,2824.0,False,,1.0,1.0,0.000674915084167308,78.0,UP_CONFIRMED,-0.0019237324144911248,0.01501903684213358,0.015610820071236068,0.1388894930220248,0.000674915084167308,0.052643376565050026,-0.000588506766102781,-0.001666251800900187,-0.0037234055270161104,3093.951935627444,-0.1923732414491125,-0.03237293622531112,-0.018503699249414838,,17.0,1.0,1070.0,1147.0,2026-07-02 09:00:00,2026-08-06 21:00:00,2983.0,3088.0,78.0,3.5199463627220817,0.04512751747079592,16.0,-1.0,993.0,1069.0,2026-05-26 09:00:00,2026-07-01 21:00:00,2978.0,2974.0,77.0,-0.1343183344526544,-0.0017443939539305766,27436199.0,,351746.141025641,,23145249.0,0.0,300587.6493506493,0.0,1.1701949224644055,,1.1853922591197874,,65.38461538461539,2.564102564102564,32.05128205128205,True,True,2026-07-28 21:00:00,3117.0,2026-07-29 21:00:00,3092.0,1.0,2.0,,,2026-07-27 09:00:00,3181.0,0.0,1.0,1.0394022090312964,20.008899126363133,
M:5m:1:1:26370:26371:4,M,5m,26457.0,2026-08-07 22:35:00,0.0,1.0,-1.0,CHoCH,1.0,3086.0,98.0,CHoCH,-1.0,3095.0,2.0,34.0,5.0,12.0,3.0,current_internal_low,internal,0.0,7.0,3095.0,3095.0,3095.0,0.09702457956015524,active_bull_internal_ob,internal,1.0,86.0,3083.0,3090.0,3086.5,0.0646830530401035,3093.0,3093.0,3090.0,3092.0,8503.0,1029629.0,0.0,0.0,0.0,0.0,0.0,0.0,,3106.0,1.0,above,0.45278137128072443,3118.0,False,,3095.0,7.0,above,0.09702457956015524,3092.0,True,2.0,3086.0,198.0,below,0.19404915912031048,3086.0,True,98.0,3053.0,151.0,below,1.261319534282018,3045.0,False,,0.0,0.0,0.0,-1.0,UP_TO_DOWN,-0.006209201136084772,-0.006209201136084772,0.0,0.5,0.0,0.0,,,,3111.3188042540964,-0.6209201136084772,-0.03233107015842007,-0.18835512854962566,,348.0,-1.0,26457.0,26457.0,2026-08-07 22:30:00,2026-08-07 22:30:00,3092.0,3092.0,1.0,0.0,0.0,347.0,1.0,26296.0,26456.0,2026-08-05 14:35:00,2026-08-07 22:25:00,3070.0,3093.0,161.0,0.7491856677524389,0.004653327128897136,8503.0,,8503.0,,1688366.0,0.0,10486.745341614907,0.0,0.8108330776620709,,0.005036230296037707,,0.0,0.0,100.0,True,True,,,,,0.0,0.0,,,,,0.0,0.0,0.0,3.957760817559988,
M:5m:1:1:26370:26371:4,M,15m,8818.0,2026-08-07 22:30:00,5.0,1.0,1.0,BOS,1.0,3098.0,339.0,BOS,1.0,3102.0,16.0,19.0,4.0,8.0,0.0,active_bear_internal_ob,internal,-1.0,166.0,3111.0,3119.0,3115.0,0.6144890038809833,active_bull_internal_ob,internal,1.0,16.0,3083.0,3088.0,3085.5,0.129366106080207,3100.0,3100.0,3093.0,3093.0,17044.0,1030930.0,0.0,0.0,0.0,0.0,0.0,0.0,,3118.0,2.0,above,0.8408796895213453,3102.0,False,,3083.0,18.0,below,0.2910737386804657,3059.0,False,,3229.0,186.0,above,4.43078913324709,3098.0,False,,3045.0,62.0,below,1.5200517464424321,3040.0,False,,1.0,1.0,0.0001324576932226655,83.0,UP_CONFIRMED,0.0025367482357999223,0.005468076412021303,0.0024402271706574557,0.11482669954495872,0.0001324576932226655,0.010993988537481236,0.0005568516159135672,0.0021576200467394724,0.004224817416137228,3085.1736910820114,0.2536748235799922,-0.19361084220715918,-0.7801237900251362,,125.0,1.0,8736.0,8818.0,2026-08-04 11:00:00,2026-08-07 22:15:00,3081.0,3093.0,83.0,0.3894839337877265,0.004692577515514777,124.0,-1.0,8606.0,8735.0,2026-07-27 21:00:00,2026-08-04 10:45:00,3125.0,3080.0,130.0,-1.4399999999999968,-0.011076923076923052,2543638.0,,30646.24096385542,,5942438.0,0.0,45711.06153846154,0.0,0.6704338060070976,,0.42804619921991616,,38.55421686746988,39.75903614457831,21.686746987951807,True,False,,,,,0.0,0.0,2026-08-07 21:30:00,3102.0,2026-08-07 22:00:00,3099.0,7.0,8.0,0.44626793533695575,7.614103678922589,
M:5m:1:1:26370:26371:4,M,1h,2687.0,2026-08-07 22:00:00,35.0,1.0,1.0,CHoCH,1.0,3073.0,118.0,CHoCH,1.0,3086.0,8.0,12.0,2.0,2.0,0.0,active_bear_internal_ob,internal,-1.0,49.0,3106.0,3122.0,3114.0,0.45278137128072443,current_internal_high,internal,0.0,19.0,3086.0,3086.0,3086.0,0.19404915912031048,3105.0,3106.0,3095.0,3105.0,127633.0,1037626.0,0.0,0.0,0.0,0.0,0.0,0.0,,3086.0,19.0,below,0.19404915912031048,3086.0,True,8.0,3053.0,14.0,below,1.261319534282018,3045.0,False,,3229.0,21.0,above,4.43078913324709,3073.0,False,,2887.0,242.0,below,6.6300129366106075,2933.0,False,,0.0,0.0,0.00018472356178644844,2.0,NONE,0.014325158463303138,0.0141857327610989,0.00013942570220423778,0.8413447460685429,0.00018472356178644844,0.0003694471235728969,,,,3061.148561772891,1.4325158463303138,0.06445375443120405,0.5858753489188774,,35.0,1.0,2686.0,2687.0,2026-08-07 14:00:00,2026-08-07 21:00:00,3103.0,3105.0,2.0,0.06445375443120405,0.03222687721560202,34.0,-1.0,2638.0,2685.0,2026-07-29 21:00:00,2026-08-07 13:30:00,3090.0,3104.0,48.0,0.45307443365696365,0.009439050701186743,272547.0,,136273.5,,5439219.0,0.0,113317.0625,0.0,1.2025858859516412,,0.05010774524798505,,100.0,0.0,0.0,False,False,2026-08-07 14:00:00,3103.0,,,1.0,0.0,,,,,0.0,0.0,0.009828586549055865,11.897778142051761,4.0
M:5m:1:1:26370:26371:4,M,4h,1149.0,2026-08-07 15:00:00,455.0,1.0,1.0,BOS,1.0,3073.0,50.0,BOS,1.0,3086.0,3.0,10.0,0.0,2.0,0.0,,,,,,,,,current_internal_high,internal,0.0,5.0,3086.0,3086.0,3086.0,0.19404915912031048,3099.0,3118.0,3097.0,3103.0,203302.0,1047001.0,0.0,0.0,0.0,0.0,0.0,0.0,,3086.0,5.0,below,0.19404915912031048,3229.0,True,3.0,3053.0,2.0,below,1.261319534282018,3045.0,False,,3073.0,133.0,below,0.6144890038809833,3203.0,True,50.0,2887.0,74.0,below,6.6300129366106075,2824.0,False,,1.0,1.0,0.0006594269840937223,80.0,UP_CONFIRMED,0.002818897442900603,0.014698896298852349,0.015543858422737176,0.22234754166703552,0.0006594269840937223,0.05275415872749778,-0.0001131408344079432,-0.0011759754072742101,-0.003502313450444716,3094.2775489296973,0.2818897442900603,0.1290738948047654,-0.724714598134094,,17.0,1.0,1070.0,1149.0,2026-07-02 09:00:00,2026-08-07 13:30:00,2983.0,3103.0,80.0,4.02279584311096,0.050284948038887,16.0,-1.0,993.0,1069.0,2026-05-26 09:00:00,2026-07-01 21:00:00,2978.0,2974.0,77.0,-0.1343183344526544,-0.0017443939539305766,27902507.0,,348781.3375,,23145249.0,0.0,300587.6493506493,0.0,1.160331564698224,,1.2055392879981546,,63.74999999999999,5.0,31.25,False,False,2026-08-07 09:00:00,3099.0,2026-07-29 21:00:00,3092.0,2.0,2.0,2026-08-07 09:00:00,3099.0,2026-07-27 09:00:00,3181.0,1.0,1.0,1.057484732642872,20.27808138956821,
M:5m:1:1:26398:26406:1,M,5m,26465.0,2026-08-10 09:15:00,0.0,1.0,-1.0,CHoCH,1.0,3086.0,106.0,CHoCH,-1.0,3095.0,10.0,34.0,5.0,12.0,3.0,current_internal_low,internal,0.0,15.0,3095.0,3095.0,3095.0,0.25915127955944284,current_swing_high,swing,0.0,206.0,3086.0,3086.0,3086.0,0.032393909944930355,3092.0,3092.0,3086.0,3087.0,10772.0,1017949.0,2.0,2.0,2.0,0.0,2.0,0.0,active_bull_internal_ob,3106.0,9.0,above,0.6154842889536767,3118.0,False,,3095.0,15.0,above,0.25915127955944284,3092.0,True,10.0,3086.0,206.0,below,0.032393909944930355,3086.0,True,106.0,3053.0,159.0,below,1.101392938127632,3045.0,False,,0.0,0.0,-0.0009013441974227771,-9.0,NONE,0.00029828074948289344,-0.00549803802703767,0.0020696466463025563,0.9974498683843833,-0.0009013441974227771,-0.008112097776804994,-0.00782129556605382,,,3086.0794818991753,0.029828074948289346,-0.12940795858945586,0.9863151248461108,,348.0,-1.0,26457.0,26465.0,2026-08-07 22:30:00,2026-08-10 09:10:00,3092.0,3087.0,9.0,-0.1617076326002609,-0.01796751473336232,347.0,1.0,26296.0,26456.0,2026-08-05 14:35:00,2026-08-07 22:25:00,3070.0,3093.0,161.0,0.7491856677524389,0.004653327128897136,70989.0,,7887.666666666667,,1688366.0,0.0,10486.745341614907,0.0,0.7521558319305964,,0.0420459781824557,,0.0,0.0,100.0,True,True,2026-08-10 09:10:00,3087.0,,,1.0,0.0,,,,,0.0,0.0,0.37643367254367227,3.983849208903309,
M:5m:1:1:26398:26406:1,M,15m,8821.0,2026-08-10 09:15:00,0.0,1.0,1.0,BOS,1.0,3098.0,342.0,BOS,1.0,3102.0,19.0,19.0,4.0,8.0,0.0,active_bear_internal_ob,internal,-1.0,169.0,3111.0,3119.0,3115.0,0.7774538386783284,current_internal_low,internal,0.0,21.0,3083.0,3083.0,3083.0,0.12957563977972142,3090.0,3097.0,3086.0,3087.0,34953.0,1017949.0,1.0,1.0,1.0,0.0,1.0,0.0,active_bull_internal_ob,3118.0,5.0,above,1.004211208292841,3102.0,False,,3083.0,21.0,below,0.12957563977972142,3059.0,False,,3229.0,189.0,above,4.59993521218011,3098.0,False,,3045.0,65.0,below,1.3605442176870748,3040.0,False,,1.0,1.0,0.00012927595686152647,86.0,UP_CONFIRMED,0.00046950750315224895,0.005321641905370798,0.002520344449296129,0.027102983115704193,0.00012927595686152647,0.011117732290091276,0.00028798816915331926,0.0015338510144125017,0.004101269183965028,3085.551310508355,0.046950750315224894,-0.0970873786407811,0.2495567118083261,,125.0,1.0,8736.0,8821.0,2026-08-04 11:00:00,2026-08-10 09:00:00,3081.0,3087.0,86.0,0.19474196689386325,0.002264441475510038,124.0,-1.0,8606.0,8735.0,2026-07-27 21:00:00,2026-08-04 10:45:00,3125.0,3080.0,130.0,-1.4399999999999968,-0.011076923076923052,2614627.0,,30402.63953488372,,5942438.0,0.0,45711.06153846154,0.0,0.6651046488890391,,0.43999230618813356,,37.2093023255814,39.53488372093023,23.25581395348837,True,False,,,,,0.0,0.0,2026-08-07 21:30:00,3102.0,2026-08-07 22:00:00,3099.0,7.0,8.0,0.47360278916033494,7.393653710857482,
M:5m:1:1:26398:26406:1,M,1h,2688.0,2026-08-07 23:00:00,3495.0,1.0,1.0,CHoCH,1.0,3073.0,119.0,CHoCH,1.0,3086.0,9.0,12.0,2.0,2.0,0.0,active_bear_internal_ob,internal,-1.0,50.0,3106.0,3122.0,3114.0,0.6154842889536767,current_internal_high,internal,0.0,20.0,3086.0,3086.0,3086.0,0.032393909944930355,3106.0,3106.0,3089.0,3090.0,73170.0,1024140.0,0.0,0.0,0.0,0.0,0.0,0.0,,3086.0,20.0,below,0.032393909944930355,3086.0,True,9.0,3053.0,15.0,below,1.101392938127632,3045.0,False,,3229.0,22.0,above,4.59993521218011,3073.0,False,,2887.0,243.0,below,6.478781988986071,2933.0,False,,0.0,0.0,0.00018115612333580167,3.0,NONE,0.009249470936286728,0.012540312152828177,0.0023297591378797287,0.0788978317203366,0.00018115612333580167,0.000543468370007405,,,,3061.681069927526,0.9249470936286728,-0.48309178743961567,-0.5360484839353546,,35.0,1.0,2686.0,2688.0,2026-08-07 14:00:00,2026-08-07 22:00:00,3103.0,3090.0,3.0,-0.4189494038027708,-0.13964980126759027,34.0,-1.0,2638.0,2685.0,2026-07-29 21:00:00,2026-08-07 13:30:00,3090.0,3104.0,48.0,0.45307443365696365,0.009439050701186743,345717.0,,115239.0,,5439219.0,0.0,113317.0625,0.0,1.0169607070426838,,0.06356004419016774,,100.0,0.0,0.0,False,False,2026-08-07 14:00:00,3103.0,,,1.0,0.0,,,,,0.0,0.0,0.1857815905606708,12.262222560476635,4.0
M:5m:1:1:26398:26406:1,M,4h,1150.0,2026-08-07 23:00:00,3495.0,1.0,1.0,BOS,1.0,3073.0,51.0,BOS,1.0,3086.0,4.0,10.0,0.0,2.0,0.0,,,,,,,,,current_internal_high,internal,0.0,6.0,3086.0,3086.0,3086.0,0.032393909944930355,3105.0,3106.0,3089.0,3090.0,200803.0,1024140.0,0.0,0.0,0.0,0.0,0.0,0.0,,3086.0,6.0,below,0.032393909944930355,3229.0,True,4.0,3053.0,3.0,below,1.101392938127632,3045.0,False,,3073.0,134.0,below,0.45351473922902497,3203.0,True,51.0,2887.0,75.0,below,6.478781988986071,2824.0,False,,1.0,1.0,0.0006513499646487237,81.0,UP_CONFIRMED,-0.0013873279265093081,0.014500300938045415,0.015549401454723345,0.15344919466769613,0.0006513499646487237,0.05275934713654662,3.171602892382275e-05,-0.0010816260756690843,-0.003124069073901836,3094.2927988125894,-0.1387327926509308,-0.4189494038027708,-0.7198326200471077,,17.0,1.0,1070.0,1150.0,2026-07-02 09:00:00,2026-08-07 21:00:00,2983.0,3090.0,81.0,3.5869929601072714,0.04428386370502804,16.0,-1.0,993.0,1069.0,2026-05-26 09:00:00,2026-07-01 21:00:00,2978.0,2974.0,77.0,-0.1343183344526544,-0.0017443939539305766,28103310.0,,346954.44444444444,,23145249.0,0.0,300587.6493506493,0.0,1.154253826442836,,1.2142150641801261,,62.96296296296296,6.172839506172839,30.864197530864196,True,True,2026-08-07 09:00:00,3099.0,2026-08-07 21:00:00,3090.0,2.0,3.0,2026-08-07 09:00:00,3099.0,2026-08-07 21:00:00,3090.0,1.0,2.0,1.0723502581884583,20.04393271888477,
M:5m:1:1:26416:26434:1,M,5m,26445.0,2026-08-07 21:35:00,0.0,1.0,1.0,CHoCH,1.0,3086.0,86.0,BOS,1.0,3107.0,11.0,35.0,4.0,12.0,3.0,active_bear_internal_ob,internal,-1.0,489.0,3113.0,3119.0,3116.0,0.5166289958023894,active_bull_internal_ob,internal,1.0,11.0,3092.0,3096.0,3094.0,0.03228931223764934,3098.0,3098.0,3095.0,3097.0,11074.0,1038522.0,0.0,0.0,0.0,0.0,0.0,0.0,,3118.0,5.0,above,0.6780755569906362,3107.0,False,,3092.0,24.0,below,0.16144656118824668,3084.0,False,,3086.0,186.0,below,0.35518243461414273,3086.0,True,86.0,3053.0,139.0,below,1.420729738456571,3045.0,False,,1.0,1.0,0.00012114343943746183,150.0,UP_CONFIRMED,-0.005387155058135652,0.002132021283971058,0.0022321667359459863,0.00037781664354441524,0.00012114343943746183,0.018171515915619274,-0.0004202686280361245,-0.0013115903129118367,0.0063739992417153335,3113.7743854303644,-0.5387155058135652,-0.032278889606196515,-0.1086251410163139,,347.0,1.0,26296.0,26445.0,2026-08-05 14:35:00,2026-08-07 21:30:00,3070.0,3097.0,150.0,0.8794788273615683,0.005863192182410455,346.0,-1.0,26232.0,26295.0,2026-08-04 21:00:00,2026-08-05 14:30:00,3067.0,3068.0,64.0,0.03260515161396249,0.0005094554939681639,1615162.0,,10767.746666666666,,657348.0,0.0,10271.0625,0.0,1.0483576228522284,,2.4570881785599106,,48.0,42.0,10.0,True,True,2026-08-07 09:35:00,3088.0,2026-08-07 14:40:00,3112.0,2.0,3.0,2026-08-07 13:35:00,3101.0,2026-08-07 14:50:00,3102.0,12.0,13.0,1.0469720695228706,4.596165263608438,
M:5m:1:1:26416:26434:1,M,15m,8814.0,2026-08-07 21:30:00,5.0,1.0,1.0,BOS,1.0,3098.0,335.0,BOS,1.0,3102.0,12.0,19.0,4.0,8.0,0.0,current_internal_high,internal,0.0,18.0,3102.0,3102.0,3102.0,0.16144656118824668,active_bull_internal_ob,internal,1.0,12.0,3083.0,3088.0,3085.5,0.290603810138844,3103.0,3105.0,3097.0,3098.0,25543.0,1036518.0,0.0,0.0,0.0,0.0,0.0,0.0,,3102.0,18.0,above,0.16144656118824668,3073.0,True,12.0,3083.0,14.0,below,0.4520503713270907,3059.0,False,,3229.0,182.0,above,4.2621892153697125,3098.0,False,,3045.0,58.0,below,1.6790442363577656,3040.0,False,,1.0,1.0,0.00013371888057109703,79.0,UP_CONFIRMED,0.004584872305747582,0.005499469908039807,0.0024736016542574978,0.3557868883520656,0.00013371888057109703,0.010563791565116665,0.001616456787723708,0.0025502043373035743,0.0041398190888326525,3083.86089160331,0.4584872305747582,-0.12894906511927706,-0.21149960302821574,,125.0,1.0,8736.0,8814.0,2026-08-04 11:00:00,2026-08-07 21:15:00,3081.0,3098.0,79.0,0.5517689061992792,0.006984416534168091,124.0,-1.0,8606.0,8735.0,2026-07-27 21:00:00,2026-08-04 10:45:00,3125.0,3080.0,130.0,-1.4399999999999968,-0.011076923076923052,2459360.0,,31131.13924050633,,5942438.0,0.0,45711.06153846154,0.0,0.6810417039716398,,0.4138638047212272,,40.50632911392405,36.708860759493675,22.78481012658228,True,False,,,,,0.0,0.0,2026-08-07 10:00:00,3106.0,2026-08-07 21:15:00,3098.0,6.0,7.0,0.4497891061539004,7.8378350523262545,
M:5m:1:1:26416:26434:1,M,1h,2686.0,2026-08-07 15:00:00,395.0,1.0,1.0,CHoCH,1.0,3073.0,117.0,CHoCH,1.0,3086.0,7.0,12.0,2.0,2.0,0.0,active_bear_internal_ob,internal,-1.0,48.0,3106.0,3122.0,3114.0,0.290603810138844,current_internal_high,internal,0.0,18.0,3086.0,3086.0,3086.0,0.35518243461414273,3105.0,3118.0,3101.0,3103.0,144914.0,1047001.0,0.0,0.0,0.0,0.0,0.0,0.0,,3086.0,18.0,below,0.35518243461414273,3086.0,True,7.0,3053.0,13.0,below,1.420729738456571,3045.0,False,,3229.0,20.0,above,4.2621892153697125,3073.0,False,,2887.0,241.0,below,6.78075556990636,2933.0,False,,0.0,0.0,0.0,1.0,DOWN_BROKEN,0.014046307058894663,0.014046307058894663,0.0,0.5,0.0,0.0,,,,3060.01804690738,1.4046307058894663,-0.03221649484536071,1.005501128686287,,35.0,1.0,2686.0,2686.0,2026-08-07 14:00:00,2026-08-07 14:00:00,3103.0,3103.0,1.0,0.0,0.0,34.0,-1.0,2638.0,2685.0,2026-07-29 21:00:00,2026-08-07 13:30:00,3090.0,3104.0,48.0,0.45307443365696365,0.009439050701186743,144914.0,,144914.0,,5439219.0,0.0,113317.0625,0.0,1.278836538848684,,0.026642427892680915,,100.0,0.0,0.0,False,False,2026-08-07 14:00:00,3103.0,,,1.0,0.0,,,,,0.0,0.0,0.0,11.966837999132665,4.0
M:5m:1:1:26416:26434:1,M,4h,1149.0,2026-08-07 15:00:00,395.0,1.0,1.0,BOS,1.0,3073.0,50.0,BOS,1.0,3086.0,3.0,10.0,0.0,2.0,0.0,,,,,,,,,current_internal_high,internal,0.0,5.0,3086.0,3086.0,3086.0,0.35518243461414273,3099.0,3118.0,3097.0,3103.0,203302.0,1047001.0,0.0,0.0,0.0,0.0,0.0,0.0,,3086.0,5.0,below,0.35518243461414273,3229.0,True,3.0,3053.0,2.0,below,1.420729738456571,3045.0,False,,3073.0,133.0,below,0.7749434937035841,3203.0,True,50.0,2887.0,74.0,below,6.78075556990636,2824.0,False,,1.0,1.0,0.0006594269840937223,80.0,UP_CONFIRMED,0.002818897442900603,0.014698896298852349,0.015543858422737176,0.22234754166703552,0.0006594269840937223,0.05275415872749778,-0.0001131408344079432,-0.0011759754072742101,-0.003502313450444716,3094.2775489296973,0.2818897442900603,0.1290738948047654,-0.724714598134094,,17.0,1.0,1070.0,1149.0,2026-07-02 09:00:00,2026-08-07 13:30:00,2983.0,3103.0,80.0,4.02279584311096,0.050284948038887,16.0,-1.0,993.0,1069.0,2026-05-26 09:00:00,2026-07-01 21:00:00,2978.0,2974.0,77.0,-0.1343183344526544,-0.0017443939539305766,27902507.0,,348781.3375,,23145249.0,0.0,300587.6493506493,0.0,1.160331564698224,,1.2055392879981546,,63.74999999999999,5.0,31.25,False,False,2026-08-07 09:00:00,3099.0,2026-07-29 21:00:00,3092.0,2.0,2.0,2026-08-07 09:00:00,3099.0,2026-07-27 09:00:00,3181.0,1.0,1.0,1.057484732642872,20.27808138956821,
M:5m:1:1:26416:26434:2,M,5m,26455.0,2026-08-07 22:25:00,0.0,1.0,-1.0,CHoCH,1.0,3086.0,96.0,CHoCH,-1.0,3095.0,0.0,35.0,5.0,12.0,3.0,current_internal_low,internal,0.0,5.0,3095.0,3095.0,3095.0,0.03232062055591467,active_bull_internal_ob,internal,1.0,84.0,3083.0,3090.0,3086.5,0.12928248222365868,3098.0,3098.0,3094.0,3094.0,6426.0,1031830.0,1.0,1.0,1.0,0.0,1.0,0.0,active_bull_internal_ob,3118.0,15.0,above,0.7756948933419522,3107.0,False,,3095.0,5.0,above,0.03232062055591467,3092.0,True,0.0,3086.0,196.0,below,0.25856496444731736,3086.0,True,96.0,3053.0,149.0,below,1.3251454427925016,3045.0,False,,1.0,1.0,0.00010994803370706352,160.0,UP_CONFIRMED,-0.005784427959683158,0.0017677345409563058,0.0025930716078420733,0.0017930920246242987,0.00010994803370706352,0.017591685393130163,-0.0003088624649846272,-0.0005694821682059592,-0.0018803255538225594,3112.0011464420454,-0.5784427959683158,-0.12911555842478606,-0.5789218408888528,,347.0,1.0,26296.0,26455.0,2026-08-05 14:35:00,2026-08-07 22:20:00,3070.0,3094.0,160.0,0.7817589576547324,0.004885993485342077,346.0,-1.0,26232.0,26295.0,2026-08-04 21:00:00,2026-08-05 14:30:00,3067.0,3068.0,64.0,0.03260515161396249,0.0005094554939681639,1682853.0,,10517.83125,,657348.0,0.0,10271.0625,0.0,1.024025630259771,,2.5600640756494277,,45.0,43.75,11.25,True,True,2026-08-07 09:35:00,3088.0,2026-08-07 14:40:00,3112.0,2.0,3.0,2026-08-07 21:45:00,3105.0,2026-08-07 22:05:00,3099.0,13.0,14.0,1.46688970983125,4.110775859418684,
M:5m:1:1:26416:26434:2,M,15m,8817.0,2026-08-07 22:15:00,10.0,1.0,1.0,BOS,1.0,3098.0,338.0,BOS,1.0,3102.0,15.0,19.0,4.0,8.0,0.0,active_bear_internal_ob,internal,-1.0,165.0,3111.0,3119.0,3115.0,0.5494505494505495,active_bull_internal_ob,internal,1.0,15.0,3083.0,3088.0,3085.5,0.19392372333548805,3106.0,3106.0,3099.0,3099.0,20090.0,1033123.0,0.0,0.0,0.0,0.0,0.0,0.0,,3118.0,1.0,above,0.7756948933419522,3102.0,False,,3083.0,17.0,below,0.3555268261150614,3059.0,False,,3229.0,185.0,above,4.3632837750484805,3098.0,False,,3045.0,61.0,below,1.583710407239819,3040.0,False,,1.0,1.0,0.0001333614336764009,82.0,UP_CONFIRMED,0.004539511839002036,0.005503824316609368,0.002433363986310968,0.3459463605904603,0.0001333614336764009,0.010935637561464873,0.000823592683365737,0.0023020252686056786,0.004338735329142418,3084.9956258332604,0.45395118390020356,-0.19323671497584183,-0.6492809779396671,,125.0,1.0,8736.0,8817.0,2026-08-04 11:00:00,2026-08-07 22:00:00,3081.0,3099.0,82.0,0.5842259006815897,0.007124706105873045,124.0,-1.0,8606.0,8735.0,2026-07-27 21:00:00,2026-08-04 10:45:00,3125.0,3080.0,130.0,-1.4399999999999968,-0.011076923076923052,2526594.0,,30812.121951219513,,5942438.0,0.0,45711.06153846154,0.0,0.6740627085479961,,0.42517801616104367,,39.02439024390244,39.02439024390244,21.951219512195124,True,False,,,,,0.0,0.0,2026-08-07 21:30:00,3102.0,2026-08-07 22:00:00,3099.0,7.0,8.0,0.4421223945988963,7.661342423455096,
M:5m:1:1:26416:26434:2,M,1h,2687.0,2026-08-07 22:00:00,25.0,1.0,1.0,CHoCH,1.0,3073.0,118.0,CHoCH,1.0,3086.0,8.0,12.0,2.0,2.0,0.0,active_bear_internal_ob,internal,-1.0,49.0,3106.0,3122.0,3114.0,0.3878474466709761,current_internal_high,internal,0.0,19.0,3086.0,3086.0,3086.0,0.25856496444731736,3105.0,3106.0,3095.0,3105.0,127633.0,1037626.0,0.0,0.0,0.0,0.0,0.0,0.0,,3086.0,19.0,below,0.25856496444731736,3086.0,True,8.0,3053.0,14.0,below,1.3251454427925016,3045.0,False,,3229.0,21.0,above,4.3632837750484805,3073.0,False,,2887.0,242.0,below,6.690368455074338,2933.0,False,,0.0,0.0,0.00018472356178644844,2.0,NONE,0.014325158463303138,0.0141857327610989,0.00013942570220423778,0.8413447460685429,0.00018472356178644844,0.0003694471235728969,,,,3061.148561772891,1.4325158463303138,0.06445375443120405,0.5858753489188774,,35.0,1.0,2686.0,2687.0,2026-08-07 14:00:00,2026-08-07 21:00:00,3103.0,3105.0,2.0,0.06445375443120405,0.03222687721560202,34.0,-1.0,2638.0,2685.0,2026-07-29 21:00:00,2026-08-07 13:30:00,3090.0,3104.0,48.0,0.45307443365696365,0.009439050701186743,272547.0,,136273.5,,5439219.0,0.0,113317.0625,0.0,1.2025858859516412,,0.05010774524798505,,100.0,0.0,0.0,False,False,2026-08-07 14:00:00,3103.0,,,1.0,0.0,,,,,0.0,0.0,0.009828586549055865,11.897778142051761,4.0
M:5m:1:1:26416:26434:2,M,4h,1149.0,2026-08-07 15:00:00,445.0,1.0,1.0,BOS,1.0,3073.0,50.0,BOS,1.0,3086.0,3.0,10.0,0.0,2.0,0.0,,,,,,,,,current_internal_high,internal,0.0,5.0,3086.0,3086.0,3086.0,0.25856496444731736,3099.0,3118.0,3097.0,3103.0,203302.0,1047001.0,0.0,0.0,0.0,0.0,0.0,0.0,,3086.0,5.0,below,0.25856496444731736,3229.0,True,3.0,3053.0,2.0,below,1.3251454427925016,3045.0,False,,3073.0,133.0,below,0.6787330316742082,3203.0,True,50.0,2887.0,74.0,below,6.690368455074338,2824.0,False,,1.0,1.0,0.0006594269840937223,80.0,UP_CONFIRMED,0.002818897442900603,0.014698896298852349,0.015543858422737176,0.22234754166703552,0.0006594269840937223,0.05275415872749778,-0.0001131408344079432,-0.0011759754072742101,-0.003502313450444716,3094.2775489296973,0.2818897442900603,0.1290738948047654,-0.724714598134094,,17.0,1.0,1070.0,1149.0,2026-07-02 09:00:00,2026-08-07 13:30:00,2983.0,3103.0,80.0,4.02279584311096,0.050284948038887,16.0,-1.0,993.0,1069.0,2026-05-26 09:00:00,2026-07-01 21:00:00,2978.0,2974.0,77.0,-0.1343183344526544,-0.0017443939539305766,27902507.0,,348781.3375,,23145249.0,0.0,300587.6493506493,0.0,1.160331564698224,,1.2055392879981546,,63.74999999999999,5.0,31.25,False,False,2026-08-07 09:00:00,3099.0,2026-07-29 21:00:00,3092.0,2.0,2.0,2026-08-07 09:00:00,3099.0,2026-07-27 09:00:00,3181.0,1.0,1.0,1.057484732642872,20.27808138956821,
M:5m:1:-1:26449:26455:1,M,5m,26483.0,2026-08-10 11:00:00,0.0,1.0,1.0,CHoCH,1.0,3086.0,124.0,CHoCH,1.0,3099.0,1.0,35.0,5.0,12.0,3.0,active_bear_internal_ob,internal,-1.0,28.0,3103.0,3106.0,3104.5,0.06449532408900355,current_internal_high,internal,0.0,10.0,3099.0,3099.0,3099.0,0.06449532408900355,3100.0,3103.0,3099.0,3101.0,3141.0,1006514.0,0.0,0.0,0.0,0.0,0.0,0.0,,3099.0,10.0,below,0.06449532408900355,3106.0,True,1.0,3093.0,7.0,below,0.2579812963560142,3086.0,False,,3086.0,224.0,below,0.4837149306675266,3086.0,True,124.0,3053.0,177.0,below,1.5478877781360851,3045.0,False,,0.0,0.0,-0.00026814778437672453,-27.0,NONE,0.003952065993982361,0.00011373673146516914,0.004163495340008209,0.8217098126324063,-0.00026814778437672453,-0.0072399901781715625,0.0002527362785855747,0.000491021531676683,-0.00646776951980077,3088.7928866701363,0.3952065993982361,0.0322580645161219,-0.6349475605740791,,348.0,-1.0,26457.0,26483.0,2026-08-07 22:30:00,2026-08-10 10:55:00,3092.0,3101.0,27.0,0.2910737386804696,0.010780508840017392,347.0,1.0,26296.0,26456.0,2026-08-05 14:35:00,2026-08-07 22:25:00,3070.0,3093.0,161.0,0.7491856677524389,0.004653327128897136,154324.0,,5715.7037037037035,,1688366.0,0.0,10486.745341614907,0.0,0.5450407650333495,,0.09140435190000272,,11.11111111111111,55.55555555555556,33.33333333333333,False,False,2026-08-10 09:10:00,3087.0,,,1.0,0.0,2026-08-10 09:15:00,3093.0,,,1.0,0.0,36.60642684534365,3.480873796790923,
M:5m:1:-1:26449:26455:1,M,15m,8827.0,2026-08-10 11:00:00,0.0,1.0,1.0,BOS,1.0,3098.0,348.0,BOS,1.0,3102.0,25.0,19.0,4.0,8.0,0.0,active_bear_internal_ob,internal,-1.0,175.0,3111.0,3119.0,3115.0,0.32247662044501774,active_bull_internal_ob,internal,1.0,25.0,3083.0,3088.0,3085.5,0.41921960657852303,3097.0,3103.0,3096.0,3101.0,11793.0,1006514.0,0.0,0.0,0.0,0.0,0.0,0.0,,3118.0,11.0,above,0.5482102547565302,3102.0,False,,3086.0,1.0,below,0.4837149306675266,3083.0,False,,3229.0,195.0,above,4.127700741696227,3098.0,False,,3045.0,71.0,below,1.805869074492099,3040.0,False,,1.0,1.0,0.00012420291028888853,92.0,UP_CONFIRMED,0.004699809647530638,0.005211476599106698,0.002477519847951926,0.41819086611179956,0.00012420291028888853,0.011426667746577746,0.00022153526907442433,0.0004857185431679234,0.0027888619481335475,3086.4940654143197,0.4699809647530638,0.12915724895059544,-0.818509356800821,,125.0,1.0,8736.0,8827.0,2026-08-04 11:00:00,2026-08-10 10:45:00,3081.0,3101.0,92.0,0.6491398896462108,0.007055868365719683,124.0,-1.0,8606.0,8735.0,2026-07-27 21:00:00,2026-08-04 10:45:00,3125.0,3080.0,130.0,-1.4399999999999968,-0.011076923076923052,2697962.0,,29325.67391304348,,5942438.0,0.0,45711.06153846154,0.0,0.6415443642315919,,0.4540160116100496,,34.78260869565217,38.04347826086957,27.173913043478258,True,False,,,,,0.0,0.0,2026-08-10 10:45:00,3101.0,2026-08-07 22:00:00,3099.0,8.0,8.0,0.4753969054330205,6.970037499581687,
M:5m:1:-1:26449:26455:1,M,1h,2690.0,2026-08-10 11:00:00,0.0,1.0,1.0,CHoCH,1.0,3073.0,121.0,CHoCH,1.0,3086.0,11.0,12.0,2.0,2.0,0.0,active_bear_internal_ob,internal,-1.0,52.0,3106.0,3122.0,3114.0,0.16123831022250887,current_internal_high,internal,0.0,22.0,3086.0,3086.0,3086.0,0.4837149306675266,3097.0,3103.0,3095.0,3101.0,32231.0,1006514.0,0.0,0.0,0.0,0.0,0.0,0.0,,3086.0,22.0,below,0.4837149306675266,3086.0,True,11.0,3053.0,17.0,below,1.5478877781360851,3045.0,False,,3229.0,24.0,above,4.127700741696227,3073.0,False,,2887.0,245.0,below,6.90099967752338,2933.0,False,,0.0,0.0,0.0001664725019366653,5.0,NONE,0.012549907560088011,0.01236609788689559,0.0018388717107342108,0.5398111079718131,0.0001664725019366653,0.0008323625096833265,,,,3062.56509120858,1.2549907560088012,0.09683666881858954,-1.4553498733252315,,35.0,1.0,2686.0,2690.0,2026-08-07 14:00:00,2026-08-10 10:00:00,3103.0,3101.0,5.0,-0.06445375443119294,-0.012890750886238589,34.0,-1.0,2638.0,2685.0,2026-07-29 21:00:00,2026-08-07 13:30:00,3090.0,3104.0,48.0,0.45307443365696365,0.009439050701186743,464005.0,,92801.0,,5439219.0,0.0,113317.0625,0.0,0.8189499264508379,,0.08530728400529561,,100.0,0.0,0.0,False,False,2026-08-07 14:00:00,3103.0,,,1.0,0.0,,,,,0.0,0.0,0.14870266494355278,12.006712309798731,3.0
M:5m:1:-1:26449:26455:1,M,4h,1150.0,2026-08-07 23:00:00,3600.0,1.0,1.0,BOS,1.0,3073.0,51.0,BOS,1.0,3086.0,4.0,10.0,0.0,2.0,0.0,,,,,,,,,current_internal_high,internal,0.0,6.0,3086.0,3086.0,3086.0,0.4837149306675266,3105.0,3106.0,3089.0,3090.0,200803.0,1024140.0,0.0,0.0,0.0,0.0,0.0,0.0,,3086.0,6.0,below,0.4837149306675266,3229.0,True,4.0,3053.0,3.0,below,1.5478877781360851,3045.0,False,,3073.0,134.0,below,0.9029345372460496,3203.0,True,51.0,2887.0,75.0,below,6.90099967752338,2824.0,False,,1.0,1.0,0.0006513499646487237,81.0,UP_CONFIRMED,-0.0013873279265093081,0.014500300938045415,0.015549401454723345,0.15344919466769613,0.0006513499646487237,0.05275934713654662,3.171602892382275e-05,-0.0010816260756690843,-0.003124069073901836,3094.2927988125894,-0.1387327926509308,-0.4189494038027708,-0.7198326200471077,,17.0,1.0,1070.0,1150.0,2026-07-02 09:00:00,2026-08-07 21:00:00,2983.0,3090.0,81.0,3.5869929601072714,0.04428386370502804,16.0,-1.0,993.0,1069.0,2026-05-26 09:00:00,2026-07-01 21:00:00,2978.0,2974.0,77.0,-0.1343183344526544,-0.0017443939539305766,28103310.0,,346954.44444444444,,23145249.0,0.0,300587.6493506493,0.0,1.154253826442836,,1.2142150641801261,,62.96296296296296,6.172839506172839,30.864197530864196,True,True,2026-08-07 09:00:00,3099.0,2026-08-07 21:00:00,3090.0,2.0,3.0,2026-08-07 09:00:00,3099.0,2026-08-07 21:00:00,3090.0,1.0,2.0,1.0723502581884583,20.04393271888477,
M:5m:1:-1:26449:26455:2,M,5m,26486.0,2026-08-10 11:15:00,0.0,1.0,1.0,CHoCH,1.0,3086.0,127.0,CHoCH,1.0,3099.0,4.0,35.0,5.0,12.0,3.0,active_bear_internal_ob,internal,-1.0,530.0,3113.0,3119.0,3116.0,0.28994845360824745,current_internal_high,internal,0.0,13.0,3099.0,3099.0,3099.0,0.1610824742268041,3100.0,3104.0,3098.0,3104.0,5733.0,1005210.0,1.0,1.0,0.0,1.0,1.0,0.0,active_bear_internal_ob,3099.0,13.0,below,0.1610824742268041,3106.0,True,4.0,3093.0,10.0,below,0.3543814432989691,3086.0,False,,3118.0,1.0,above,0.4510309278350515,3086.0,False,,3053.0,180.0,below,1.6430412371134022,3045.0,False,,0.0,0.0,-0.00023412541737229952,-30.0,NONE,0.0047044899827270465,0.0004631429667069505,0.004094063236465739,0.8498930887952804,-0.00023412541737229952,-0.007023762521168986,0.0003604011933213691,0.0005993427963377762,0.0010463660274584452,3089.465639845368,0.47044899827270464,0.16134236850597894,0.6457383071106731,,348.0,-1.0,26457.0,26486.0,2026-08-07 22:30:00,2026-08-10 11:10:00,3092.0,3104.0,30.0,0.38809831824062613,0.012936610608020871,347.0,1.0,26296.0,26456.0,2026-08-05 14:35:00,2026-08-07 22:25:00,3070.0,3093.0,161.0,0.7491856677524389,0.004653327128897136,167473.0,,5582.433333333333,,1688366.0,0.0,10486.745341614907,0.0,0.5323323063048335,,0.0991923552120808,,20.0,50.0,30.0,True,False,2026-08-10 09:10:00,3087.0,,,1.0,0.0,2026-08-10 09:15:00,3093.0,,,1.0,0.0,8.83973962851134,3.6608891149962313,
M:5m:1:-1:26449:26455:2,M,15m,8828.0,2026-08-10 11:15:00,0.0,1.0,1.0,BOS,1.0,3098.0,349.0,BOS,1.0,3102.0,26.0,19.0,4.0,8.0,0.0,active_bear_internal_ob,internal,-1.0,176.0,3111.0,3119.0,3115.0,0.22551546391752575,active_bull_internal_ob,internal,1.0,26.0,3083.0,3088.0,3085.5,0.5154639175257731,3101.0,3104.0,3097.0,3104.0,13149.0,1005210.0,0.0,0.0,0.0,0.0,0.0,0.0,,3118.0,12.0,above,0.4510309278350515,3102.0,False,,3086.0,2.0,below,0.5798969072164949,3083.0,False,,3229.0,196.0,above,4.027061855670103,3098.0,False,,3045.0,72.0,below,1.9007731958762886,3040.0,False,,1.0,1.0,0.00012370470390375652,93.0,UP_CONFIRMED,0.005594365557404495,0.005215593684679792,0.0024644802511908158,0.5610738593552339,0.00012370470390375652,0.011504537463049358,0.00025743630091268344,0.0005049969944002086,0.002663706632778373,3086.7316945232105,0.5594365557404496,0.0967429861335134,-0.6852768411545567,,125.0,1.0,8736.0,8828.0,2026-08-04 11:00:00,2026-08-10 11:00:00,3081.0,3104.0,93.0,0.7465108730931425,0.008026998635410135,124.0,-1.0,8606.0,8735.0,2026-07-27 21:00:00,2026-08-04 10:45:00,3125.0,3080.0,130.0,-1.4399999999999968,-0.011076923076923052,2711111.0,,29151.7311827957,,5942438.0,0.0,45711.06153846154,0.0,0.6377390986264292,,0.4562287397865994,,34.40860215053764,38.70967741935484,26.881720430107524,True,False,,,,,0.0,0.0,2026-08-10 10:45:00,3101.0,2026-08-07 22:00:00,3099.0,8.0,8.0,0.4725215191570508,6.972177678182995,
M:5m:1:-1:26449:26455:2,M,1h,2690.0,2026-08-10 11:00:00,15.0,1.0,1.0,CHoCH,1.0,3073.0,121.0,CHoCH,1.0,3086.0,11.0,12.0,2.0,2.0,0.0,active_bear_internal_ob,internal,-1.0,52.0,3106.0,3122.0,3114.0,0.06443298969072164,current_internal_high,internal,0.0,22.0,3086.0,3086.0,3086.0,0.5798969072164949,3097.0,3103.0,3095.0,3101.0,32231.0,1006514.0,0.0,0.0,0.0,0.0,0.0,0.0,,3086.0,22.0,below,0.5798969072164949,3086.0,True,11.0,3053.0,17.0,below,1.6430412371134022,3045.0,False,,3229.0,24.0,above,4.027061855670103,3073.0,False,,2887.0,245.0,below,6.9909793814432994,2933.0,False,,0.0,0.0,0.0001664725019366653,5.0,NONE,0.012549907560088011,0.01236609788689559,0.0018388717107342108,0.5398111079718131,0.0001664725019366653,0.0008323625096833265,,,,3062.56509120858,1.2549907560088012,0.09683666881858954,-1.4553498733252315,,35.0,1.0,2686.0,2690.0,2026-08-07 14:00:00,2026-08-10 10:00:00,3103.0,3101.0,5.0,-0.06445375443119294,-0.012890750886238589,34.0,-1.0,2638.0,2685.0,2026-07-29 21:00:00,2026-08-07 13:30:00,3090.0,3104.0,48.0,0.45307443365696365,0.009439050701186743,464005.0,,92801.0,,5439219.0,0.0,113317.0625,0.0,0.8189499264508379,,0.08530728400529561,,100.0,0.0,0.0,False,False,2026-08-07 14:00:00,3103.0,,,1.0,0.0,,,,,0.0,0.0,0.14870266494355278,12.006712309798731,3.0
M:5m:1:-1:26449:26455:2,M,4h,1150.0,2026-08-07 23:00:00,3615.0,1.0,1.0,BOS,1.0,3073.0,51.0,BOS,1.0,3086.0,4.0,10.0,0.0,2.0,0.0,,,,,,,,,current_internal_high,internal,0.0,6.0,3086.0,3086.0,3086.0,0.5798969072164949,3105.0,3106.0,3089.0,3090.0,200803.0,1024140.0,0.0,0.0,0.0,0.0,0.0,0.0,,3086.0,6.0,below,0.5798969072164949,3229.0,True,4.0,3053.0,3.0,below,1.6430412371134022,3045.0,False,,3073.0,134.0,below,0.9987113402061855,3203.0,True,51.0,2887.0,75.0,below,6.9909793814432994,2824.0,False,,1.0,1.0,0.0006513499646487237,81.0,UP_CONFIRMED,-0.0013873279265093081,0.014500300938045415,0.015549401454723345,0.15344919466769613,0.0006513499646487237,0.05275934713654662,3.171602892382275e-05,-0.0010816260756690843,-0.003124069073901836,3094.2927988125894,-0.1387327926509308,-0.4189494038027708,-0.7198326200471077,,17.0,1.0,1070.0,1150.0,2026-07-02 09:00:00,2026-08-07 21:00:00,2983.0,3090.0,81.0,3.5869929601072714,0.04428386370502804,16.0,-1.0,993.0,1069.0,2026-05-26 09:00:00,2026-07-01 21:00:00,2978.0,2974.0,77.0,-0.1343183344526544,-0.0017443939539305766,28103310.0,,346954.44444444444,,23145249.0,0.0,300587.6493506493,0.0,1.154253826442836,,1.2142150641801261,,62.96296296296296,6.172839506172839,30.864197530864196,True,True,2026-08-07 09:00:00,3099.0,2026-08-07 21:00:00,3090.0,2.0,3.0,2026-08-07 09:00:00,3099.0,2026-08-07 21:00:00,3090.0,1.0,2.0,1.0723502581884583,20.04393271888477,
M:5m:1:-1:26540:26547:1,M,5m,26561.0,2026-08-11 13:45:00,0.0,1.0,-1.0,BOS,1.0,3118.0,53.0,CHoCH,-1.0,3136.0,14.0,36.0,4.0,13.0,2.0,active_bear_internal_ob,internal,-1.0,14.0,3142.0,3145.0,3143.5,0.0955718381650207,current_internal_low,internal,0.0,8.0,3128.0,3128.0,3128.0,0.3504300732717426,3138.0,3142.0,3136.0,3139.0,11420.0,2208368.0,0.0,0.0,0.0,0.0,0.0,0.0,,3145.0,16.0,above,0.1911436763300414,3152.0,False,,3128.0,8.0,below,0.3504300732717426,3136.0,False,,3152.0,1.0,above,0.41414463204842306,3118.0,False,,3086.0,46.0,below,1.6884358075820325,3053.0,False,,1.0,1.0,0.0002211008432282543,73.0,UP_CONFIRMED,-0.0003669376535182963,-0.0002539954207826653,0.0034237525426354808,0.4868421386326206,0.0002211008432282543,0.016140361555662563,-6.792191922355695e-05,-0.0002675666900023854,-0.0016530076230908408,3140.1522400946706,-0.03669376535182963,0.031867431485022024,0.11714744081265106,,349.0,1.0,26489.0,26561.0,2026-08-10 11:25:00,2026-08-11 13:40:00,3105.0,3139.0,73.0,1.0950080515298,0.015000110294928766,348.0,-1.0,26457.0,26488.0,2026-08-07 22:30:00,2026-08-10 11:20:00,3092.0,3103.0,32.0,0.35575679172057395,0.011117399741267936,630561.0,,8637.82191780822,,174486.0,0.0,5452.6875,0.0,1.5841402827153068,,3.6138200199442934,,30.136986301369863,58.9041095890411,10.95890410958904,True,True,2026-08-11 11:15:00,3141.0,2026-08-11 11:20:00,3138.0,1.0,2.0,2026-08-11 11:10:00,3138.0,2026-08-11 10:05:00,3138.0,8.0,8.0,13.479583734562924,3.7419557934347396,
M:5m:1:-1:26540:26547:1,M,15m,8853.0,2026-08-11 13:45:00,0.0,1.0,-1.0,BOS,1.0,3098.0,374.0,CHoCH,-1.0,3136.0,4.0,20.0,3.0,8.0,0.0,current_internal_high,internal,0.0,2.0,3145.0,3145.0,3145.0,0.1911436763300414,current_internal_low,internal,0.0,8.0,3136.0,3136.0,3136.0,0.0955718381650207,3140.0,3142.0,3136.0,3139.0,29137.0,2208368.0,1.0,1.0,0.0,1.0,1.0,0.0,active_bear_internal_ob,3145.0,2.0,above,0.1911436763300414,3152.0,False,,3136.0,8.0,below,0.0955718381650207,3086.0,True,4.0,3229.0,221.0,above,2.867155144950621,3098.0,False,,3045.0,97.0,below,2.9945842625039822,3040.0,False,,1.0,1.0,0.000170956532012768,118.0,UP_CONFIRMED,0.008292413312524931,0.006132367923560477,0.003356456892897086,0.7400661228065843,0.000170956532012768,0.020172870777506624,0.0016808797746026283,0.003536347434164977,0.00808921954860442,3113.1841899786787,0.8292413312524931,-0.03184713375796733,0.07007699924876448,,125.0,1.0,8736.0,8853.0,2026-08-04 11:00:00,2026-08-11 13:30:00,3081.0,3139.0,118.0,1.8825056799740336,0.01595343796588164,124.0,-1.0,8606.0,8735.0,2026-07-27 21:00:00,2026-08-04 10:45:00,3125.0,3080.0,130.0,-1.4399999999999968,-0.011076923076923052,3348685.0,,28378.686440677968,,5942438.0,0.0,45711.06153846154,0.0,0.6208275521407436,,0.563520393481598,,38.13559322033898,40.67796610169492,21.1864406779661,False,False,,,,,0.0,0.0,2026-08-11 11:00:00,3138.0,2026-08-11 10:30:00,3130.0,10.0,10.0,0.547334558972175,6.984760147683678,
M:5m:1:-1:26540:26547:1,M,1h,2698.0,2026-08-11 11:30:00,135.0,1.0,1.0,CHoCH,1.0,3073.0,129.0,BOS,1.0,3118.0,4.0,13.0,1.0,2.0,0.0,active_bear_internal_ob,internal,-1.0,74.0,3164.0,3183.0,3173.5,0.796431984708506,current_internal_high,internal,0.0,7.0,3118.0,3118.0,3118.0,0.669002867155145,3135.0,3141.0,3132.0,3140.0,43920.0,2208773.0,0.0,0.0,0.0,0.0,0.0,0.0,,3118.0,7.0,below,0.669002867155145,3086.0,True,4.0,3086.0,4.0,below,1.6884358075820325,3053.0,False,,3229.0,32.0,above,2.867155144950621,3073.0,False,,2887.0,253.0,below,8.028034405861739,2933.0,False,,0.0,0.0,0.0003106663088165813,13.0,NONE,0.02201018530151875,0.016288732647902274,0.004978837818470038,0.8747538096553592,0.0003106663088165813,0.004038662014615557,0.0027905911945489414,0.003493295149187281,,3072.3764255574624,2.2010185301518748,0.19144862795150708,-0.9900558285379744,,35.0,1.0,2686.0,2698.0,2026-08-07 14:00:00,2026-08-11 11:00:00,3103.0,3140.0,13.0,1.1923944569771194,0.09172265053670149,34.0,-1.0,2638.0,2685.0,2026-07-29 21:00:00,2026-08-07 13:30:00,3090.0,3104.0,48.0,0.45307443365696365,0.009439050701186743,1085591.0,,83507.0,,5439219.0,0.0,113317.0625,0.0,0.7369322691364331,,0.19958582289111726,,100.0,0.0,0.0,False,False,2026-08-07 14:00:00,3103.0,,,1.0,0.0,,,,,0.0,0.0,0.30566146096769736,12.980188675631226,2.0
M:5m:1:-1:26540:26547:1,M,4h,1154.0,2026-08-11 11:30:00,135.0,1.0,1.0,BOS,1.0,3073.0,55.0,BOS,1.0,3086.0,8.0,10.0,0.0,2.0,0.0,,,,,,,,,current_internal_high,internal,0.0,10.0,3086.0,3086.0,3086.0,1.6884358075820325,3142.0,3145.0,3128.0,3140.0,261379.0,2208773.0,0.0,0.0,0.0,0.0,0.0,0.0,,3086.0,10.0,below,1.6884358075820325,3229.0,True,8.0,3053.0,7.0,below,2.73972602739726,3045.0,False,,3073.0,138.0,below,2.1025804396304557,3203.0,True,55.0,2887.0,79.0,below,8.028034405861739,2824.0,False,,1.0,1.0,0.0006308816434337254,85.0,UP_CONFIRMED,0.013937780221631352,0.014200749968661979,0.01528934887639855,0.49313871511717405,0.0006308816434337254,0.05362493969186666,0.0008271455943915651,0.0007139111760408046,-0.0015416068236062674,3096.836966972119,1.3937780221631353,0.06373486297004405,0.35266093870458226,,17.0,1.0,1070.0,1154.0,2026-07-02 09:00:00,2026-08-11 09:00:00,2983.0,3140.0,85.0,5.263157894736836,0.06191950464396278,16.0,-1.0,993.0,1069.0,2026-05-26 09:00:00,2026-07-01 21:00:00,2978.0,2974.0,77.0,-0.1343183344526544,-0.0017443939539305766,28843184.0,,339331.5764705882,,23145249.0,0.0,300587.6493506493,0.0,1.1288939422615543,,1.2461816245744428,,62.35294117647059,8.235294117647058,29.411764705882355,False,False,2026-08-10 09:00:00,3105.0,2026-08-07 21:00:00,3090.0,3.0,3.0,2026-08-10 09:00:00,3105.0,2026-08-07 21:00:00,3090.0,2.0,2.0,1.076657846250295,21.32967415618669,
M:5m:1:-1:26540:26547:2,M,5m,26633.0,2026-08-12 14:00:00,0.0,1.0,1.0,BOS,1.0,3118.0,125.0,BOS,1.0,3132.0,5.0,38.0,3.0,13.0,2.0,current_swing_high,swing,0.0,73.0,3152.0,3152.0,3152.0,0.19071837253655435,current_internal_high,internal,0.0,8.0,3132.0,3132.0,3132.0,0.44500953591862685,3141.0,3146.0,3140.0,3146.0,23086.0,2237686.0,0.0,0.0,0.0,0.0,0.0,0.0,,3132.0,8.0,below,0.44500953591862685,3133.0,True,5.0,3126.0,6.0,below,0.6357279084551812,3128.0,False,,3152.0,73.0,above,0.19071837253655435,3118.0,False,,3086.0,118.0,below,1.9071837253655435,3053.0,False,,0.0,0.0,0.00019850851703299513,6.0,NONE,0.006472288828719431,0.004935952899473467,0.000857255147753044,0.9634461005603625,0.00019850851703299513,0.0011910511021979708,0.0011910511021979708,,,3125.7691194470467,0.6472288828719431,0.15918497293856415,2.3219911446670856,,351.0,1.0,26628.0,26633.0,2026-08-12 13:30:00,2026-08-12 13:55:00,3136.0,3146.0,6.0,0.3188775510204023,0.05314625850340038,350.0,-1.0,26580.0,26627.0,2026-08-11 21:15:00,2026-08-12 11:25:00,3127.0,3130.0,48.0,0.09593859929644122,0.0019987208186758587,98634.0,,16439.0,,421331.0,0.0,8777.729166666666,0.0,1.872807839916835,,0.23410097998960439,,100.0,0.0,0.0,True,False,,,,,0.0,0.0,,,,,0.0,0.0,0.17367571474283922,3.383958917572887,
M:5m:1:-1:26540:26547:2,M,15m,8877.0,2026-08-12 14:00:00,0.0,1.0,1.0,BOS,1.0,3098.0,398.0,CHoCH,1.0,3133.0,1.0,21.0,2.0,8.0,0.0,active_bear_internal_ob,internal,-1.0,271.0,3170.0,3180.0,3175.0,0.7628734901462174,current_internal_high,internal,0.0,2.0,3133.0,3133.0,3133.0,0.4132231404958678,3134.0,3146.0,3134.0,3146.0,53202.0,2237686.0,0.0,0.0,0.0,0.0,0.0,0.0,,3133.0,2.0,below,0.4132231404958678,3142.0,True,1.0,3117.0,5.0,below,0.9218054672600127,3128.0,False,,3229.0,245.0,above,2.638270820089002,3098.0,False,,3045.0,121.0,below,3.210425937698665,3040.0,False,,1.0,1.0,0.00016507005249198137,142.0,UP_CONFIRMED,0.007315015296899453,0.005689183008343329,0.0033661715740584686,0.6854491174613413,0.00016507005249198137,0.023439947453861354,0.0007813924069441924,0.0011527307344607607,0.002420574593996694,3123.1540801292804,0.7315015296899453,0.35087719298245723,1.1156967398002353,,125.0,1.0,8736.0,8877.0,2026-08-04 11:00:00,2026-08-12 13:45:00,3081.0,3146.0,142.0,2.1097046413502074,0.014857074939085968,124.0,-1.0,8606.0,8735.0,2026-07-27 21:00:00,2026-08-04 10:45:00,3125.0,3080.0,130.0,-1.4399999999999968,-0.011076923076923052,4059344.0,,28586.929577464787,,5942438.0,0.0,45711.06153846154,0.0,0.6253831920619823,,0.6831108713292423,,32.3943661971831,43.66197183098591,23.943661971830984,True,False,,,,,0.0,0.0,2026-08-12 11:15:00,3130.0,2026-08-12 10:45:00,3129.0,12.0,12.0,0.5916792567793818,5.904806867180122,
M:5m:1:-1:26540:26547:2,M,1h,2706.0,2026-08-12 14:00:00,0.0,1.0,1.0,CHoCH,1.0,3073.0,137.0,BOS,1.0,3118.0,12.0,13.0,1.0,2.0,0.0,current_internal_high,internal,0.0,7.0,3152.0,3152.0,3152.0,0.19071837253655435,active_bull_internal_ob,internal,1.0,12.0,3086.0,3099.0,3092.5,1.4939605848696758,3132.0,3146.0,3131.0,3146.0,98634.0,2237686.0,0.0,0.0,0.0,0.0,0.0,0.0,,3152.0,7.0,above,0.19071837253655435,3118.0,False,,3086.0,12.0,below,1.9071837253655435,3053.0,False,,3229.0,40.0,above,2.638270820089002,3073.0,False,,3045.0,2.0,below,3.210425937698665,2887.0,False,,0.0,0.0,0.0003559744014046525,21.0,NONE,0.020470026422209468,0.01671947692103636,0.004280356992629337,0.8095457356001636,0.0003559744014046525,0.0074754624294977035,0.0016324108016709804,0.004301467071885057,0.0074754624294977035,3082.8930968506206,2.0470026422209466,0.5111821086261958,0.29385980317835536,,35.0,1.0,2686.0,2706.0,2026-08-07 14:00:00,2026-08-12 13:30:00,3103.0,3146.0,21.0,1.3857557202707094,0.06598836763193854,34.0,-1.0,2638.0,2685.0,2026-07-29 21:00:00,2026-08-07 13:30:00,3090.0,3104.0,48.0,0.45307443365696365,0.009439050701186743,1825387.0,,86923.19047619047,,5439219.0,0.0,113317.0625,0.0,0.7670794543954091,,0.3355972612979915,,80.95238095238095,19.047619047619047,0.0,False,False,2026-08-07 14:00:00,3103.0,,,1.0,0.0,2026-08-12 09:00:00,3132.0,2026-08-11 22:00:00,3121.0,1.0,1.0,0.2560102216621271,11.860292048465158,2.0
M:5m:1:-1:26540:26547:2,M,4h,1157.0,2026-08-12 11:30:00,150.0,1.0,1.0,BOS,1.0,3073.0,58.0,BOS,1.0,3086.0,11.0,10.0,0.0,2.0,0.0,,,,,,,,,current_internal_high,internal,0.0,13.0,3086.0,3086.0,3086.0,1.9071837253655435,3121.0,3133.0,3117.0,3130.0,217570.0,2227641.0,0.0,0.0,0.0,0.0,0.0,0.0,,3086.0,13.0,below,1.9071837253655435,3229.0,True,11.0,3053.0,10.0,below,2.9561347743165927,3045.0,False,,3073.0,141.0,below,2.320406865861411,3203.0,True,58.0,2887.0,82.0,below,8.232676414494597,2824.0,False,,1.0,1.0,0.0006182389509833307,88.0,UP_CONFIRMED,0.009960919197476159,0.014068343843511893,0.015050843254915552,0.3924637786011226,0.0006182389509833307,0.0544050276865331,0.0015147420244832066,0.0016735498087030454,4.509452420364823e-06,3099.12981829745,0.9960919197476159,0.2883691124639487,-0.13134285691095893,,17.0,1.0,1070.0,1157.0,2026-07-02 09:00:00,2026-08-12 09:00:00,2983.0,3130.0,88.0,4.927924907810932,0.05599914667966968,16.0,-1.0,993.0,1069.0,2026-05-26 09:00:00,2026-07-01 21:00:00,2978.0,2974.0,77.0,-0.1343183344526544,-0.0017443939539305766,29484346.0,,335049.38636363635,,23145249.0,0.0,300587.6493506493,0.0,1.1146478808674731,,1.2738832924199692,,63.63636363636363,7.954545454545454,28.40909090909091,False,False,2026-08-10 09:00:00,3105.0,2026-08-07 21:00:00,3090.0,3.0,3.0,2026-08-10 09:00:00,3105.0,2026-08-07 21:00:00,3090.0,2.0,2.0,1.0698376029426357,20.044567828404578,
M:5m:1:-1:26572:26577:1,M,5m,26631.0,2026-08-12 13:50:00,0.0,1.0,1.0,BOS,1.0,3118.0,123.0,BOS,1.0,3132.0,3.0,38.0,5.0,13.0,2.0,active_bear_internal_ob,internal,-1.0,84.0,3142.0,3145.0,3143.5,0.06369426751592357,current_internal_high,internal,0.0,6.0,3132.0,3132.0,3132.0,0.25477707006369427,3134.0,3140.0,3134.0,3140.0,14543.0,2232199.0,1.0,1.0,0.0,1.0,1.0,0.0,active_bear_internal_ob,3132.0,6.0,below,0.25477707006369427,3133.0,True,3.0,3126.0,4.0,below,0.445859872611465,3128.0,False,,3152.0,71.0,above,0.3821656050955414,3118.0,False,,3086.0,116.0,below,1.7197452229299364,3053.0,False,,0.0,0.0,0.00012685406494777896,4.0,NONE,0.005239160238064368,0.004459408118098215,0.000500955721137709,0.9402088268093717,0.00012685406494777896,0.0005074162597911158,,,,3123.634776878742,0.5239160238064369,0.15948963317384823,1.3322661962679785,,351.0,1.0,26628.0,26631.0,2026-08-12 13:30:00,2026-08-12 13:45:00,3136.0,3140.0,4.0,0.12755102040815647,0.03188775510203912,350.0,-1.0,26580.0,26627.0,2026-08-11 21:15:00,2026-08-12 11:25:00,3127.0,3130.0,48.0,0.09593859929644122,0.0019987208186758587,59975.0,,14993.75,,421331.0,0.0,8777.729166666666,0.0,1.7081581939140487,,0.14234651615950406,,100.0,0.0,0.0,True,False,,,,,0.0,0.0,,,,,0.0,0.0,0.11233681866986184,3.1967807564750634,
M:5m:1:-1:26572:26577:1,M,15m,8876.0,2026-08-12 13:45:00,5.0,1.0,1.0,BOS,1.0,3098.0,397.0,CHoCH,1.0,3133.0,0.0,21.0,4.0,8.0,0.0,active_bear_internal_ob,internal,-1.0,270.0,3170.0,3180.0,3175.0,0.9554140127388535,current_internal_high,internal,0.0,1.0,3133.0,3133.0,3133.0,0.2229299363057325,3132.0,3137.0,3131.0,3135.0,45432.0,2232296.0,2.0,2.0,0.0,2.0,2.0,0.0,active_bear_internal_ob,3133.0,1.0,below,0.2229299363057325,3142.0,True,0.0,3117.0,4.0,below,0.7324840764331211,3128.0,False,,3229.0,244.0,above,2.8343949044585988,3098.0,False,,3045.0,120.0,below,3.0254777070063694,3040.0,False,,1.0,1.0,0.00016325456089441877,141.0,UP_CONFIRMED,0.0042060761669493185,0.005677652282892577,0.0033752916277636396,0.3314238498146622,0.00016325456089441877,0.023018893086113046,0.0004355161471354396,0.0007736445698549588,0.0022897254623901464,3121.8691804438017,0.42060761669493185,0.15974440894568342,0.8061933823494857,,125.0,1.0,8736.0,8876.0,2026-08-04 11:00:00,2026-08-12 13:30:00,3081.0,3135.0,141.0,1.7526777020447915,0.012430338312374407,124.0,-1.0,8606.0,8735.0,2026-07-27 21:00:00,2026-08-04 10:45:00,3125.0,3080.0,130.0,-1.4399999999999968,-0.011076923076923052,4006142.0,,28412.35460992908,,5942438.0,0.0,45711.06153846154,0.0,0.6215640952906502,,0.674157980276782,,31.914893617021278,43.97163120567376,24.113475177304963,False,False,,,,,0.0,0.0,2026-08-12 11:15:00,3130.0,2026-08-12 10:45:00,3129.0,12.0,12.0,0.5944872034403699,5.435945856963209,
M:5m:1:-1:26572:26577:1,M,1h,2705.0,2026-08-12 11:30:00,140.0,1.0,1.0,CHoCH,1.0,3073.0,136.0,BOS,1.0,3118.0,11.0,13.0,1.0,2.0,0.0,current_internal_high,internal,0.0,6.0,3152.0,3152.0,3152.0,0.3821656050955414,active_bull_internal_ob,internal,1.0,11.0,3086.0,3099.0,3092.5,1.3057324840764333,3129.0,3131.0,3126.0,3130.0,20569.0,2227641.0,0.0,0.0,0.0,0.0,0.0,0.0,,3152.0,6.0,above,0.3821656050955414,3118.0,False,,3086.0,11.0,below,1.7197452229299364,3053.0,False,,3229.0,39.0,above,2.8343949044585988,3073.0,False,,3045.0,1.0,below,3.0254777070063694,2887.0,False,,0.0,0.0,0.00034727877022007193,20.0,NONE,0.015814369134893397,0.016531949445977703,0.004301050005711285,0.4337486007449832,0.00034727877022007193,0.006945575404401438,0.002061729494302833,0.004349309852892391,,3081.2716329910045,1.5814369134893398,0.03195909236177741,-1.2797029575299597,,35.0,1.0,2686.0,2705.0,2026-08-07 14:00:00,2026-08-12 11:00:00,3103.0,3130.0,20.0,0.8701256848211436,0.04350628424105718,34.0,-1.0,2638.0,2685.0,2026-07-29 21:00:00,2026-08-07 13:30:00,3090.0,3104.0,48.0,0.45307443365696365,0.009439050701186743,1726753.0,,86337.65,,5439219.0,0.0,113317.0625,0.0,0.7619121789359832,,0.31746340788999305,,80.0,20.0,0.0,False,False,2026-08-07 14:00:00,3103.0,,,1.0,0.0,2026-08-12 09:00:00,3132.0,2026-08-11 22:00:00,3121.0,1.0,1.0,0.26016593020478596,11.54185297527017,2.0
M:5m:1:-1:26572:26577:1,M,4h,1157.0,2026-08-12 11:30:00,140.0,1.0,1.0,BOS,1.0,3073.0,58.0,BOS,1.0,3086.0,11.0,10.0,0.0,2.0,0.0,,,,,,,,,current_internal_high,internal,0.0,13.0,3086.0,3086.0,3086.0,1.7197452229299364,3121.0,3133.0,3117.0,3130.0,217570.0,2227641.0,0.0,0.0,0.0,0.0,0.0,0.0,,3086.0,13.0,below,1.7197452229299364,3229.0,True,11.0,3053.0,10.0,below,2.770700636942675,3045.0,False,,3073.0,141.0,below,2.1337579617834392,3203.0,True,58.0,2887.0,82.0,below,8.05732484076433,2824.0,False,,1.0,1.0,0.0006182389509833307,88.0,UP_CONFIRMED,0.009960919197476159,0.014068343843511893,0.015050843254915552,0.3924637786011226,0.0006182389509833307,0.0544050276865331,0.0015147420244832066,0.0016735498087030454,4.509452420364823e-06,3099.12981829745,0.9960919197476159,0.2883691124639487,-0.13134285691095893,,17.0,1.0,1070.0,1157.0,2026-07-02 09:00:00,2026-08-12 09:00:00,2983.0,3130.0,88.0,4.927924907810932,0.05599914667966968,16.0,-1.0,993.0,1069.0,2026-05-26 09:00:00,2026-07-01 21:00:00,2978.0,2974.0,77.0,-0.1343183344526544,-0.0017443939539305766,29484346.0,,335049.38636363635,,23145249.0,0.0,300587.6493506493,0.0,1.1146478808674731,,1.2738832924199692,,63.63636363636363,7.954545454545454,28.40909090909091,False,False,2026-08-10 09:00:00,3105.0,2026-08-07 21:00:00,3090.0,3.0,3.0,2026-08-10 09:00:00,3105.0,2026-08-07 21:00:00,3090.0,2.0,2.0,1.0698376029426357,20.044567828404578,
M:5m:1:1:26621:26628:1,M,5m,26665.0,2026-08-12 22:40:00,0.0,1.0,-1.0,BOS,1.0,3118.0,157.0,CHoCH,-1.0,3136.0,1.0,38.0,4.0,13.0,2.0,current_internal_low,internal,0.0,2.0,3136.0,3136.0,3136.0,0.1277139208173691,active_bull_internal_ob,internal,1.0,37.0,3126.0,3131.0,3128.5,0.031928480204342274,3134.0,3136.0,3131.0,3132.0,15525.0,2266416.0,0.0,0.0,0.0,0.0,0.0,0.0,,3144.0,4.0,above,0.38314176245210724,3148.0,False,,3136.0,2.0,above,0.1277139208173691,3134.0,True,1.0,3152.0,105.0,above,0.6385696040868455,3118.0,False,,3117.0,12.0,below,0.4789272030651341,3086.0,False,,0.0,0.0,0.00010210098828457084,38.0,NONE,-0.0006903426375251555,0.0028526939867210004,0.0015551090253984952,0.011353747404158732,0.00010210098828457084,0.003879837554813692,0.00010052615600586456,0.00032729802331687985,0.0010464371785865456,3134.1636467983662,-0.06903426375251555,-0.06381620931716903,0.9779475051397882,,351.0,1.0,26628.0,26665.0,2026-08-12 13:30:00,2026-08-12 22:35:00,3136.0,3132.0,38.0,-0.12755102040816757,-0.003356605800214936,350.0,-1.0,26580.0,26627.0,2026-08-11 21:15:00,2026-08-12 11:25:00,3127.0,3130.0,48.0,0.09593859929644122,0.0019987208186758587,414791.0,,10915.552631578947,,421331.0,0.0,8777.729166666666,0.0,1.2435508574393754,,0.9844777621395056,,31.57894736842105,57.89473684210527,10.526315789473683,True,True,,,2026-08-12 22:30:00,3134.0,0.0,1.0,2026-08-12 22:05:00,3141.0,2026-08-12 22:15:00,3140.0,3.0,4.0,0.5451369942368053,3.4263497338986215,
M:5m:1:1:26621:26628:1,M,15m,8887.0,2026-08-12 22:30:00,10.0,1.0,1.0,BOS,1.0,3098.0,408.0,CHoCH,1.0,3133.0,11.0,21.0,2.0,8.0,0.0,current_internal_high,internal,0.0,4.0,3148.0,3148.0,3148.0,0.5108556832694764,current_internal_low,internal,0.0,8.0,3126.0,3126.0,3126.0,0.19157088122605362,3141.0,3142.0,3137.0,3138.0,18268.0,2264930.0,1.0,1.0,1.0,0.0,1.0,0.0,active_bull_internal_ob,3148.0,4.0,above,0.5108556832694764,3133.0,False,,3126.0,8.0,below,0.19157088122605362,3117.0,False,,3152.0,1.0,above,0.6385696040868455,3229.0,False,,3045.0,131.0,below,2.7777777777777777,3040.0,False,,1.0,1.0,0.0001648439017010757,152.0,UP_CONFIRMED,0.0031691903641278547,0.0055920856107638224,0.003282221220161719,0.23020020614892345,0.0001648439017010757,0.025056273058563505,0.0004923764573487865,0.0015793067377554149,0.002733857987631927,3128.086498411077,0.31691903641278546,-0.09551098376313627,-0.6557319548574991,,125.0,1.0,8736.0,8887.0,2026-08-04 11:00:00,2026-08-12 22:15:00,3081.0,3138.0,152.0,1.850048685491723,0.012171372930866599,124.0,-1.0,8606.0,8735.0,2026-07-27 21:00:00,2026-08-04 10:45:00,3125.0,3080.0,130.0,-1.4399999999999968,-0.011076923076923052,4350328.0,,28620.57894736842,,5942438.0,0.0,45711.06153846154,0.0,0.6261193239471569,,0.7320779787689834,,34.868421052631575,42.76315789473684,22.36842105263158,True,False,,,,,0.0,0.0,2026-08-12 22:00:00,3141.0,2026-08-12 21:45:00,3136.0,13.0,13.0,0.5869404455904602,5.7645184105037774,
M:5m:1:1:26621:26628:1,M,1h,2708.0,2026-08-12 22:00:00,40.0,1.0,1.0,CHoCH,1.0,3073.0,139.0,BOS,1.0,3118.0,14.0,13.0,1.0,2.0,0.0,current_internal_high,internal,0.0,9.0,3152.0,3152.0,3152.0,0.6385696040868455,current_internal_low,internal,0.0,0.0,3117.0,3117.0,3117.0,0.4789272030651341,3137.0,3144.0,3134.0,3136.0,132516.0,2258776.0,0.0,0.0,0.0,0.0,0.0,0.0,,3152.0,9.0,above,0.6385696040868455,3118.0,False,,3117.0,0.0,below,0.4789272030651341,3086.0,False,,3229.0,42.0,above,3.0970625798212006,3073.0,False,,3045.0,4.0,below,2.7777777777777777,2887.0,False,,0.0,0.0,0.0003815848873330525,23.0,NONE,0.01591443251407453,0.016761673970909195,0.004109958164784339,0.41833938204296905,0.0003815848873330525,0.008776452408660207,0.0021348089083375044,0.0047187330262146165,0.008228512102592678,3086.874149665704,1.5914432514074528,-0.19096117122852085,0.9032905772376977,,35.0,1.0,2686.0,2708.0,2026-08-07 14:00:00,2026-08-12 21:00:00,3103.0,3136.0,23.0,1.0634869481147335,0.04623856296151015,34.0,-1.0,2638.0,2685.0,2026-07-29 21:00:00,2026-08-07 13:30:00,3090.0,3104.0,48.0,0.45307443365696365,0.009439050701186743,2081869.0,,90516.04347826086,,5439219.0,0.0,113317.0625,0.0,0.798785650468665,,0.38275145751623535,,82.6086956521739,17.391304347826086,0.0,False,False,2026-08-07 14:00:00,3103.0,,,1.0,0.0,2026-08-12 09:00:00,3132.0,2026-08-11 22:00:00,3121.0,1.0,1.0,0.24519974388700064,11.537700796890876,4.0
M:5m:1:1:26621:26628:1,M,4h,1158.0,2026-08-12 15:00:00,460.0,1.0,1.0,BOS,1.0,3073.0,59.0,BOS,1.0,3086.0,12.0,10.0,0.0,2.0,0.0,current_internal_high,internal,0.0,0.0,3152.0,3152.0,3152.0,0.6385696040868455,current_swing_high,swing,0.0,142.0,3073.0,3073.0,3073.0,1.883780332056194,3132.0,3148.0,3131.0,3142.0,222600.0,2242701.0,0.0,0.0,0.0,0.0,0.0,0.0,,3152.0,0.0,above,0.6385696040868455,3086.0,False,,3053.0,11.0,below,2.5223499361430397,3045.0,False,,3073.0,142.0,below,1.883780332056194,3203.0,True,59.0,2887.0,83.0,below,7.822477650063857,2824.0,False,,1.0,1.0,0.0006153452819728657,89.0,UP_CONFIRMED,0.013486269367289156,0.014061803680857705,0.014966174850750988,0.48466218690540824,0.0006153452819728657,0.05476573009558505,0.001478026292986323,0.001992545873449325,0.0005652432643268313,3100.1900025360223,1.3486269367289156,0.383386581469658,0.029581147325280544,,17.0,1.0,1070.0,1158.0,2026-07-02 09:00:00,2026-08-12 13:30:00,2983.0,3142.0,89.0,5.330204492122026,0.059889938113730626,16.0,-1.0,993.0,1069.0,2026-05-26 09:00:00,2026-07-01 21:00:00,2978.0,2974.0,77.0,-0.1343183344526544,-0.0017443939539305766,29706946.0,,333785.91011235956,,23145249.0,0.0,300587.6493506493,0.0,1.11044452702374,,1.2835008169495175,,64.04494382022472,7.865168539325842,28.08988764044944,False,False,2026-08-10 09:00:00,3105.0,2026-08-07 21:00:00,3090.0,3.0,3.0,2026-08-10 09:00:00,3105.0,2026-08-07 21:00:00,3090.0,2.0,2.0,1.0643140233229398,19.898527269232822,
M:5m:1:1:26621:26628:2,M,5m,26669.0,2026-08-12 23:00:00,0.0,1.0,-1.0,BOS,1.0,3118.0,161.0,CHoCH,-1.0,3136.0,5.0,38.0,4.0,13.0,2.0,current_internal_low,internal,0.0,6.0,3136.0,3136.0,3136.0,0.15969338869370808,active_bull_internal_ob,internal,1.0,58.0,3117.0,3122.0,3119.5,0.28744809964867457,3134.0,3135.0,3131.0,3131.0,9607.0,2269806.0,1.0,1.0,1.0,0.0,1.0,0.0,active_bull_internal_ob,3142.0,3.0,above,0.35132545512615776,3144.0,False,,3136.0,6.0,above,0.15969338869370808,3134.0,True,5.0,3152.0,109.0,above,0.6707122325135739,3118.0,False,,3117.0,16.0,below,0.4471414883423826,3086.0,False,,0.0,0.0,9.056624498406305e-05,42.0,NONE,-0.0009337164393962902,0.0025209188004952413,0.0018050783167563424,0.027820154317330315,9.056624498406305e-05,0.0038037822893306483,-9.625404612711996e-05,7.187696440635882e-05,0.0005717507302402947,3133.9261984113114,-0.09337164393962902,-0.09572431397575354,0.27669998197263,,351.0,1.0,26628.0,26669.0,2026-08-12 13:30:00,2026-08-12 22:55:00,3136.0,3131.0,42.0,-0.15943877551020114,-0.0037961613216714557,350.0,-1.0,26580.0,26627.0,2026-08-11 21:15:00,2026-08-12 11:25:00,3127.0,3130.0,48.0,0.09593859929644122,0.0019987208186758587,454786.0,,10828.238095238095,,421331.0,0.0,8777.729166666666,0.0,1.2336035766925022,,1.0794031296059392,,28.57142857142857,52.38095238095239,19.047619047619047,True,True,2026-08-12 22:50:00,3134.0,2026-08-12 22:55:00,3131.0,1.0,2.0,2026-08-12 22:05:00,3141.0,2026-08-12 22:15:00,3140.0,3.0,4.0,0.716039848805019,3.5731719791201204,
M:5m:1:1:26621:26628:2,M,15m,8889.0,2026-08-12 23:00:00,0.0,1.0,1.0,BOS,1.0,3098.0,410.0,CHoCH,1.0,3133.0,13.0,21.0,2.0,8.0,0.0,current_internal_high,internal,0.0,6.0,3148.0,3148.0,3148.0,0.5429575215586074,current_internal_low,internal,0.0,10.0,3126.0,3126.0,3126.0,0.15969338869370808,3130.0,3136.0,3129.0,3131.0,27625.0,2269806.0,1.0,1.0,1.0,0.0,1.0,0.0,active_bull_internal_ob,3148.0,6.0,above,0.5429575215586074,3133.0,False,,3126.0,10.0,below,0.15969338869370808,3117.0,False,,3152.0,3.0,above,0.6707122325135739,3229.0,False,,3045.0,133.0,below,2.7467262855317793,3040.0,False,,1.0,1.0,0.00016339541234519243,154.0,UP_CONFIRMED,0.0008273002986362207,0.005528382167278341,0.0033078302658573443,0.0776295981325435,0.00016339541234519243,0.025162893501159633,0.00040641475907921,0.0011325693010511007,0.002742745784073408,3128.411863930713,0.08273002986362207,0.03194888178914557,-0.047187582263916776,,125.0,1.0,8736.0,8889.0,2026-08-04 11:00:00,2026-08-12 22:45:00,3081.0,3131.0,154.0,1.6228497241155493,0.010537985221529541,124.0,-1.0,8606.0,8735.0,2026-07-27 21:00:00,2026-08-04 10:45:00,3125.0,3080.0,130.0,-1.4399999999999968,-0.011076923076923052,4415496.0,,28672.051948051947,,5942438.0,0.0,45711.06153846154,0.0,0.6272453752562085,,0.7430445214573547,,34.41558441558442,43.506493506493506,22.07792207792208,True,False,,,,,0.0,0.0,2026-08-12 22:00:00,3141.0,2026-08-12 22:30:00,3130.0,13.0,14.0,0.5983360349861289,6.001038833546625,
M:5m:1:1:26621:26628:2,M,1h,2709.0,2026-08-12 23:00:00,0.0,1.0,1.0,CHoCH,1.0,3073.0,140.0,BOS,1.0,3118.0,15.0,13.0,1.0,2.0,0.0,current_internal_high,internal,0.0,10.0,3152.0,3152.0,3152.0,0.6707122325135739,current_internal_low,internal,0.0,1.0,3117.0,3117.0,3117.0,0.4471414883423826,3137.0,3142.0,3129.0,3131.0,99670.0,2269806.0,0.0,0.0,0.0,0.0,0.0,0.0,,3152.0,10.0,above,0.6707122325135739,3118.0,False,,3117.0,1.0,below,0.4471414883423826,3086.0,False,,3229.0,43.0,above,3.1299904183966785,3073.0,False,,3045.0,5.0,below,2.7467262855317793,2887.0,False,,0.0,0.0,0.0003833637574384985,24.0,NONE,0.013868251670685788,0.016641114708399886,0.0040647542690342335,0.24756498299261653,0.0003833637574384985,0.009200730178523964,0.0023273639532415125,0.004861367563060437,0.00845043351099295,3088.1724472983883,1.3868251670685787,-0.15943877551020114,0.24037113551337255,,35.0,1.0,2686.0,2709.0,2026-08-07 14:00:00,2026-08-12 22:00:00,3103.0,3131.0,24.0,0.9023525620367456,0.037598023418197735,34.0,-1.0,2638.0,2685.0,2026-07-29 21:00:00,2026-08-07 13:30:00,3090.0,3104.0,48.0,0.45307443365696365,0.009439050701186743,2181539.0,,90897.45833333333,,5439219.0,0.0,113317.0625,0.0,0.8021515588910834,,0.40107577944554174,,83.33333333333334,16.666666666666664,0.0,False,False,2026-08-07 14:00:00,3103.0,,,1.0,0.0,2026-08-12 09:00:00,3132.0,2026-08-11 22:00:00,3121.0,1.0,1.0,0.2442597350153761,11.6421507399701,4.0
M:5m:1:1:26621:26628:2,M,4h,1159.0,2026-08-12 23:00:00,0.0,1.0,1.0,BOS,1.0,3073.0,60.0,BOS,1.0,3086.0,13.0,10.0,0.0,2.0,0.0,current_internal_high,internal,0.0,1.0,3152.0,3152.0,3152.0,0.6707122325135739,current_swing_high,swing,0.0,143.0,3073.0,3073.0,3073.0,1.8524433088470138,3137.0,3144.0,3129.0,3131.0,232186.0,2269806.0,0.0,0.0,0.0,0.0,0.0,0.0,,3152.0,1.0,above,0.6707122325135739,3086.0,False,,3053.0,12.0,below,2.491216863621846,3045.0,False,,3073.0,143.0,below,1.8524433088470138,3203.0,True,60.0,2887.0,84.0,below,7.793037368252954,2824.0,False,,1.0,1.0,0.0006120314770836361,90.0,UP_CONFIRMED,0.009634565050936442,0.014012612140525247,0.014890030721268216,0.3843692510229637,0.0006120314770836361,0.05508283293752725,0.0013836928025707795,0.0022119829123679047,0.0010334062675876332,3101.1220379940537,0.9634565050936442,-0.35009548058561046,0.2652536770339442,,17.0,1.0,1070.0,1159.0,2026-07-02 09:00:00,2026-08-12 21:00:00,2983.0,3131.0,90.0,4.961448206503527,0.05512720229448363,16.0,-1.0,993.0,1069.0,2026-05-26 09:00:00,2026-07-01 21:00:00,2978.0,2974.0,77.0,-0.1343183344526544,-0.0017443939539305766,29939132.0,,332657.02222222224,,23145249.0,0.0,300587.6493506493,0.0,1.1066889239822442,,1.2935325085506748,,64.44444444444444,7.777777777777778,27.77777777777778,False,False,2026-08-10 09:00:00,3105.0,2026-08-07 21:00:00,3090.0,3.0,3.0,2026-08-10 09:00:00,3105.0,2026-08-07 21:00:00,3090.0,2.0,2.0,1.0626163467556078,19.54863246428762,
M:5m:1:-1:26703:26715:1,M,5m,26754.0,2026-08-14 10:35:00,0.0,1.0,1.0,BOS,1.0,3152.0,84.0,CHoCH,1.0,3153.0,0.0,40.0,3.0,14.0,2.0,active_bear_internal_ob,internal,-1.0,937.0,3175.0,3180.0,3177.5,0.347661188369153,current_internal_high,internal,0.0,25.0,3153.0,3153.0,3153.0,0.347661188369153,3153.0,3165.0,3153.0,3164.0,51044.0,2285016.0,0.0,0.0,0.0,0.0,0.0,0.0,,3153.0,25.0,below,0.347661188369153,3159.0,True,0.0,3141.0,12.0,below,0.7269279393173199,3139.0,False,,3175.0,28.0,above,0.347661188369153,3152.0,False,,3117.0,101.0,below,1.4854614412136535,3086.0,False,,1.0,1.0,7.449190720690301e-05,127.0,UP_CONFIRMED,0.003938755529274228,0.0011061093207137573,0.0023058346908434468,0.8903645016149107,7.449190720690301e-05,0.009460472215276683,0.0005570421161948946,0.0006164194416242719,0.0003047332653927093,3151.5866705752846,0.3938755529274228,0.34887408816999255,3.9219594544417555,,351.0,1.0,26628.0,26754.0,2026-08-12 13:30:00,2026-08-14 10:30:00,3136.0,3164.0,127.0,0.8928571428571397,0.007030371203599525,350.0,-1.0,26580.0,26627.0,2026-08-11 21:15:00,2026-08-12 11:25:00,3127.0,3130.0,48.0,0.09593859929644122,0.0019987208186758587,1710045.0,,13464.92125984252,,421331.0,0.0,8777.729166666666,0.0,1.5339868665548964,,4.058673584426496,,14.173228346456693,55.90551181102362,29.92125984251969,True,False,2026-08-14 09:40:00,3152.0,2026-08-14 09:30:00,3148.0,6.0,6.0,2026-08-14 09:25:00,3150.0,2026-08-14 09:20:00,3147.0,13.0,13.0,2.0846354403338028,4.2066549615940945,
M:5m:1:-1:26703:26715:1,M,15m,8917.0,2026-08-14 10:15:00,20.0,1.0,-1.0,BOS,1.0,3152.0,27.0,CHoCH,-1.0,3147.0,12.0,22.0,3.0,9.0,0.0,active_bear_internal_ob,internal,-1.0,311.0,3170.0,3180.0,3175.0,0.18963337547408343,active_bear_internal_ob,internal,-1.0,12.0,3154.0,3160.0,3157.0,0.12642225031605564,3150.0,3155.0,3149.0,3153.0,14381.0,2290159.0,0.0,0.0,0.0,0.0,0.0,0.0,,3153.0,4.0,below,0.347661188369153,3160.0,False,,3141.0,0.0,below,0.7269279393173199,3139.0,False,,3152.0,31.0,below,0.37926675094816686,3229.0,True,27.0,3117.0,0.0,below,1.4854614412136535,3045.0,False,,1.0,1.0,0.00016925908740310098,182.0,UP_CONFIRMED,0.0023429576978255626,0.005153589848462111,0.003325849240046822,0.19903111675376295,0.00016925908740310098,0.03080515390736438,0.00019072453159263425,0.0002459248014339277,0.000890234234346865,3145.6299221593663,0.23429576978255626,0.0634719136781925,-0.9680115118611649,,125.0,1.0,8736.0,8917.0,2026-08-04 11:00:00,2026-08-14 10:00:00,3081.0,3153.0,182.0,2.336903602726381,0.012840129685309787,124.0,-1.0,8606.0,8735.0,2026-07-27 21:00:00,2026-08-04 10:45:00,3125.0,3080.0,130.0,-1.4399999999999968,-0.011076923076923052,5619711.0,,30877.532967032967,,5942438.0,0.0,45711.06153846154,0.0,0.6754936754433594,,0.9456911456207031,,30.21978021978022,43.956043956043956,25.82417582417583,True,False,2026-08-14 09:00:00,3146.0,2026-08-13 22:45:00,3144.0,2.0,2.0,2026-08-13 14:30:00,3157.0,2026-08-13 14:45:00,3152.0,17.0,18.0,0.6453461252915368,6.596700632768516,
M:5m:1:-1:26703:26715:1,M,1h,2717.0,2026-08-14 10:00:00,35.0,1.0,1.0,CHoCH,1.0,3073.0,148.0,BOS,1.0,3152.0,7.0,14.0,1.0,2.0,0.0,current_internal_high,internal,0.0,2.0,3175.0,3175.0,3175.0,0.347661188369153,active_bull_internal_ob,internal,1.0,7.0,3117.0,3133.0,3125.0,0.9797724399494312,3147.0,3155.0,3145.0,3151.0,126933.0,2290245.0,1.0,1.0,0.0,1.0,1.0,0.0,active_bear_internal_ob,3175.0,2.0,above,0.347661188369153,3152.0,False,,3117.0,9.0,below,1.4854614412136535,3086.0,False,,3229.0,51.0,above,2.0543615676359037,3073.0,False,,3045.0,13.0,below,3.761061946902655,2887.0,False,,0.0,0.0,0.00046995601627693867,32.0,NONE,0.014476194938784062,0.016584925417491358,0.003684552698102738,0.2835537706550334,0.00046995601627693867,0.015038592520862037,0.0021768376607429474,0.006837275921727004,0.011198131942001144,3106.036411421304,1.4476194938784062,0.22264631043256156,0.10268270987479762,,35.0,1.0,2686.0,2717.0,2026-08-07 14:00:00,2026-08-14 09:00:00,3103.0,3151.0,32.0,1.5468901063486973,0.04834031582339679,34.0,-1.0,2638.0,2685.0,2026-07-29 21:00:00,2026-08-07 13:30:00,3090.0,3104.0,48.0,0.45307443365696365,0.009439050701186743,3371373.0,,105355.40625,,5439219.0,0.0,113317.0625,0.0,0.929740004952917,,0.6198266699686114,,87.5,12.5,0.0,False,False,2026-08-07 14:00:00,3103.0,,,1.0,0.0,2026-08-12 09:00:00,3132.0,2026-08-11 22:00:00,3121.0,1.0,1.0,0.22216275354586823,12.170197605196563,4.0
M:5m:1:-1:26703:26715:1,M,4h,1162.0,2026-08-13 23:00:00,695.0,1.0,1.0,BOS,1.0,3073.0,63.0,BOS,1.0,3152.0,2.0,11.0,0.0,2.0,0.0,,,,,,,,,current_internal_high,internal,0.0,4.0,3152.0,3152.0,3152.0,0.37926675094816686,3148.0,3153.0,3139.0,3144.0,266724.0,2286554.0,0.0,0.0,0.0,0.0,0.0,0.0,,3152.0,4.0,below,0.37926675094816686,3086.0,True,2.0,3117.0,0.0,below,1.4854614412136535,3053.0,False,,3073.0,146.0,below,2.8761061946902653,3203.0,True,63.0,2887.0,87.0,below,8.754740834386853,2824.0,False,,1.0,1.0,0.000615023955429154,93.0,UP_CONFIRMED,0.011798942506835646,0.014018189618311442,0.014651345541536135,0.439802277123695,0.000615023955429154,0.057197227854911326,0.002648128655555304,0.004166881911799258,0.003735057528213792,3107.3367127765696,1.1798942506835646,-0.25380710659898,0.2816499713271773,,17.0,1.0,1070.0,1162.0,2026-07-02 09:00:00,2026-08-13 21:00:00,2983.0,3144.0,93.0,5.397251089507216,0.05803495795169049,16.0,-1.0,993.0,1069.0,2026-05-26 09:00:00,2026-07-01 21:00:00,2978.0,2974.0,77.0,-0.1343183344526544,-0.0017443939539305766,31002033.0,,333355.1935483871,,23145249.0,0.0,300587.6493506493,0.0,1.1090116119824767,,1.3394555833035109,,65.59139784946237,7.526881720430108,26.881720430107524,False,False,2026-08-10 09:00:00,3105.0,2026-08-07 21:00:00,3090.0,3.0,3.0,2026-08-10 09:00:00,3105.0,2026-08-07 21:00:00,3090.0,2.0,2.0,1.0451667398190723,19.95858073033524,
M:5m:1:1:26756:26768:1,M,5m,26779.0,2026-08-14 14:40:00,0.0,1.0,1.0,BOS,1.0,3152.0,109.0,BOS,1.0,3165.0,11.0,41.0,3.0,14.0,2.0,current_internal_high,internal,0.0,2.0,3168.0,3168.0,3168.0,0.12642225031605564,active_bull_internal_ob,internal,1.0,11.0,3157.0,3162.0,3159.5,0.06321112515802782,3163.0,3166.0,3162.0,3164.0,11238.0,2299571.0,0.0,0.0,0.0,0.0,0.0,0.0,,3168.0,2.0,above,0.12642225031605564,3165.0,False,,3157.0,12.0,below,0.22123893805309736,3141.0,False,,3175.0,53.0,above,0.347661188369153,3152.0,False,,3139.0,11.0,below,0.7901390644753475,3117.0,False,,1.0,1.0,7.562503327912675e-05,152.0,UP_CONFIRMED,0.0019194214145021628,0.001325892910114219,0.002181739288218285,0.6072058042671554,7.562503327912675e-05,0.011495005058427266,0.0003582717426133808,0.0007991070086643681,0.0015700222992656165,3157.9385850541644,0.19194214145021626,0.03161555485298173,0.4868761141056394,,351.0,1.0,26628.0,26779.0,2026-08-12 13:30:00,2026-08-14 14:35:00,3136.0,3164.0,152.0,0.8928571428571397,0.005874060150375919,350.0,-1.0,26580.0,26627.0,2026-08-11 21:15:00,2026-08-12 11:25:00,3127.0,3130.0,48.0,0.09593859929644122,0.0019987208186758587,1947753.0,,12814.16447368421,,421331.0,0.0,8777.729166666666,0.0,1.4598496069286193,,4.622857088607295,,28.289473684210524,46.71052631578947,25.0,True,False,2026-08-14 09:40:00,3152.0,2026-08-14 09:30:00,3148.0,6.0,6.0,2026-08-14 09:25:00,3150.0,2026-08-14 09:20:00,3147.0,13.0,13.0,1.6454868048357987,3.396632207412795,
M:5m:1:1:26756:26768:1,M,15m,8925.0,2026-08-14 14:30:00,10.0,1.0,1.0,BOS,1.0,3152.0,35.0,CHoCH,1.0,3153.0,7.0,23.0,2.0,9.0,0.0,active_bear_internal_ob,internal,-1.0,319.0,3170.0,3180.0,3175.0,0.18963337547408343,current_internal_high,internal,0.0,12.0,3153.0,3153.0,3153.0,0.347661188369153,3165.0,3167.0,3163.0,3167.0,23683.0,2300529.0,0.0,0.0,0.0,0.0,0.0,0.0,,3153.0,12.0,below,0.347661188369153,3160.0,True,7.0,3141.0,8.0,below,0.7269279393173199,3139.0,False,,3152.0,39.0,below,0.37926675094816686,3229.0,True,35.0,3117.0,8.0,below,1.4854614412136535,3045.0,False,,1.0,1.0,0.0001689128956996361,190.0,UP_CONFIRMED,0.005536860542209018,0.005135754985603155,0.0032617293108696344,0.5489358721724533,0.0001689128956996361,0.03209345018293086,0.0007607805204625784,0.0013342194251733108,0.0015615548737120122,3149.5613182119246,0.5536860542209019,0.06319115323853985,-0.3542437706775467,,125.0,1.0,8736.0,8925.0,2026-08-04 11:00:00,2026-08-14 14:15:00,3081.0,3167.0,190.0,2.791301525478751,0.014691060660414479,124.0,-1.0,8606.0,8735.0,2026-07-27 21:00:00,2026-08-04 10:45:00,3125.0,3080.0,130.0,-1.4399999999999968,-0.011076923076923052,5886745.0,,30982.86842105263,,5942438.0,0.0,45711.06153846154,0.0,0.6777980510249904,,0.9906279207288322,,31.05263157894737,44.21052631578947,24.736842105263158,False,False,2026-08-14 09:00:00,3146.0,2026-08-13 22:45:00,3144.0,2.0,2.0,2026-08-14 10:30:00,3159.0,2026-08-13 14:45:00,3152.0,18.0,18.0,0.6351022040601825,6.025627751632696,
M:5m:1:1:26756:26768:1,M,1h,2720.0,2026-08-14 14:00:00,40.0,1.0,1.0,CHoCH,1.0,3073.0,151.0,BOS,1.0,3152.0,10.0,14.0,1.0,2.0,0.0,current_internal_high,internal,0.0,5.0,3175.0,3175.0,3175.0,0.347661188369153,current_internal_low,internal,0.0,0.0,3139.0,3139.0,3139.0,0.7901390644753475,3163.0,3168.0,3161.0,3167.0,73256.0,2291976.0,1.0,1.0,0.0,1.0,1.0,0.0,active_bear_internal_ob,3175.0,5.0,above,0.347661188369153,3152.0,False,,3139.0,0.0,below,0.7901390644753475,3117.0,False,,3229.0,54.0,above,2.0543615676359037,3073.0,False,,3045.0,16.0,below,3.761061946902655,2887.0,False,,0.0,0.0,0.0004602144592243919,35.0,NONE,0.01855483814814012,0.016650702736674867,0.0035389372238809474,0.7047297335754783,0.0004602144592243919,0.016107506072853717,0.0018329307764650693,0.0039258323482729285,0.011179223344403688,3109.3073061809823,1.8554838148140118,0.1898133502056254,-0.44111260324637286,,35.0,1.0,2686.0,2720.0,2026-08-07 14:00:00,2026-08-14 13:30:00,3103.0,3167.0,35.0,2.062520141798263,0.0589291469085218,34.0,-1.0,2638.0,2685.0,2026-07-29 21:00:00,2026-08-07 13:30:00,3090.0,3104.0,48.0,0.45307443365696365,0.009439050701186743,3597199.0,,102777.11428571428,,5439219.0,0.0,113317.0625,0.0,0.9069871034268496,,0.6613447629154112,,88.57142857142857,11.428571428571429,0.0,False,False,2026-08-07 14:00:00,3103.0,,,1.0,0.0,2026-08-12 09:00:00,3132.0,2026-08-11 22:00:00,3121.0,1.0,1.0,0.21253981167329822,11.56119684351926,2.0
M:5m:1:1:26756:26768:1,M,4h,1163.0,2026-08-14 11:30:00,190.0,1.0,1.0,BOS,1.0,3073.0,64.0,BOS,1.0,3152.0,3.0,11.0,0.0,2.0,0.0,,,,,,,,,current_internal_high,internal,0.0,5.0,3152.0,3152.0,3152.0,0.37926675094816686,3147.0,3165.0,3145.0,3161.0,279503.0,2285455.0,0.0,0.0,0.0,0.0,0.0,0.0,,3152.0,5.0,below,0.37926675094816686,3086.0,True,3.0,3117.0,1.0,below,1.4854614412136535,3053.0,False,,3073.0,147.0,below,2.8761061946902653,3203.0,True,64.0,2887.0,88.0,below,8.754740834386853,2824.0,False,,1.0,1.0,0.0006142320693094607,94.0,UP_CONFIRMED,0.01674996116537038,0.014047251017748239,0.014575899053030182,0.5735514516543251,0.0006142320693094607,0.0577378145150893,0.002817767334206911,0.004299958361400735,0.0043990286456723204,3108.9256166550035,1.6749961165370382,0.5407124681933828,0.3517919347339727,,17.0,1.0,1070.0,1163.0,2026-07-02 09:00:00,2026-08-14 09:00:00,2983.0,3161.0,94.0,5.9671471672812615,0.06348028901363044,16.0,-1.0,993.0,1069.0,2026-05-26 09:00:00,2026-07-01 21:00:00,2978.0,2974.0,77.0,-0.1343183344526544,-0.0017443939539305766,31281536.0,,332782.2978723404,,23145249.0,0.0,300587.6493506493,0.0,1.1071056931022956,,1.3515316253456595,,65.95744680851064,7.446808510638298,26.595744680851062,False,False,2026-08-10 09:00:00,3105.0,2026-08-07 21:00:00,3090.0,3.0,3.0,2026-08-10 09:00:00,3105.0,2026-08-07 21:00:00,3090.0,2.0,2.0,1.0376335579547924,20.03296782102558,
M:5m:1:1:26756:26768:2,M,5m,26781.0,2026-08-14 14:50:00,0.0,1.0,1.0,BOS,1.0,3152.0,111.0,BOS,1.0,3165.0,13.0,41.0,3.0,14.0,2.0,current_internal_high,internal,0.0,4.0,3168.0,3168.0,3168.0,0.18975332068311196,current_internal_low,internal,0.0,14.0,3157.0,3157.0,3157.0,0.15812776723592661,3164.0,3164.0,3160.0,3162.0,17104.0,2298040.0,1.0,1.0,1.0,0.0,1.0,0.0,active_bull_internal_ob,3168.0,4.0,above,0.18975332068311196,3165.0,False,,3157.0,14.0,below,0.15812776723592661,3141.0,False,,3175.0,55.0,above,0.41113219481340924,3152.0,False,,3139.0,13.0,below,0.7273877292852625,3117.0,False,,1.0,1.0,7.5574235242548e-05,154.0,UP_CONFIRMED,0.0011441374302675281,0.0013280766511483766,0.0021679761928967796,0.4661928074142401,7.5574235242548e-05,0.011638432227352391,0.0003636444068004785,0.000783284198978329,0.001656757361216954,3158.386371932625,0.1144137430267528,-0.06321112515802474,1.5264819265710363,,351.0,1.0,26628.0,26781.0,2026-08-12 13:30:00,2026-08-14 14:45:00,3136.0,3162.0,154.0,0.8290816326530503,0.005383646965279548,350.0,-1.0,26580.0,26627.0,2026-08-11 21:15:00,2026-08-12 11:25:00,3127.0,3130.0,48.0,0.09593859929644122,0.0019987208186758587,1976200.0,,12832.467532467532,,421331.0,0.0,8777.729166666666,0.0,1.4619347770718072,,4.690374076438714,,28.57142857142857,46.75324675324675,24.675324675324674,True,False,2026-08-14 09:40:00,3152.0,2026-08-14 09:30:00,3148.0,6.0,6.0,2026-08-14 09:25:00,3150.0,2026-08-14 14:45:00,3162.0,13.0,14.0,1.632417971524572,3.4134226686365428,
M:5m:1:1:26756:26768:2,M,15m,8926.0,2026-08-14 14:45:00,5.0,1.0,1.0,BOS,1.0,3152.0,36.0,CHoCH,1.0,3153.0,8.0,23.0,2.0,9.0,0.0,active_bear_internal_ob,internal,-1.0,320.0,3170.0,3180.0,3175.0,0.2530044275774826,current_internal_high,internal,0.0,13.0,3153.0,3153.0,3153.0,0.2846299810246679,3167.0,3167.0,3162.0,3164.0,33061.0,2302168.0,0.0,0.0,0.0,0.0,0.0,0.0,,3153.0,13.0,below,0.2846299810246679,3160.0,True,8.0,3141.0,9.0,below,0.6641366223908919,3139.0,False,,3152.0,40.0,below,0.31625553447185323,3229.0,True,36.0,3117.0,9.0,below,1.4231499051233396,3045.0,False,,1.0,1.0,0.00016887352339302163,191.0,UP_CONFIRMED,0.0044272804288769205,0.005132045694730243,0.0032535813105418507,0.4142553053544345,0.00016887352339302163,0.03225484296806713,0.0008625673221551722,0.0014374075773737616,0.0017144094172560909,3150.0538283358997,0.4427280428876921,-0.0947268708556992,0.18985048140781133,,125.0,1.0,8736.0,8926.0,2026-08-04 11:00:00,2026-08-14 14:30:00,3081.0,3164.0,191.0,2.693930542031797,0.014104348387601032,124.0,-1.0,8606.0,8735.0,2026-07-27 21:00:00,2026-08-04 10:45:00,3125.0,3080.0,130.0,-1.4399999999999968,-0.011076923076923052,5919806.0,,30993.748691099478,,5942438.0,0.0,45711.06153846154,0.0,0.6780360737197312,,0.9961914621574512,,31.413612565445025,43.97905759162304,24.60732984293194,False,False,2026-08-14 09:00:00,3146.0,2026-08-13 22:45:00,3144.0,2.0,2.0,2026-08-14 10:30:00,3159.0,2026-08-13 14:45:00,3152.0,18.0,18.0,0.6339735661127759,5.9523686265160745,
M:5m:1:1:26756:26768:2,M,1h,2720.0,2026-08-14 14:00:00,50.0,1.0,1.0,CHoCH,1.0,3073.0,151.0,BOS,1.0,3152.0,10.0,14.0,1.0,2.0,0.0,active_bear_internal_ob,internal,-1.0,96.0,3164.0,3183.0,3173.5,0.06325110689437065,current_internal_low,internal,0.0,0.0,3139.0,3139.0,3139.0,0.7273877292852625,3163.0,3168.0,3161.0,3167.0,73256.0,2291976.0,0.0,0.0,0.0,0.0,0.0,0.0,,3175.0,5.0,above,0.41113219481340924,3152.0,False,,3139.0,0.0,below,0.7273877292852625,3117.0,False,,3229.0,54.0,above,2.118912080961417,3073.0,False,,3045.0,16.0,below,3.700189753320683,2887.0,False,,0.0,0.0,0.0004602144592243919,35.0,NONE,0.01855483814814012,0.016650702736674867,0.0035389372238809474,0.7047297335754783,0.0004602144592243919,0.016107506072853717,0.0018329307764650693,0.0039258323482729285,0.011179223344403688,3109.3073061809823,1.8554838148140118,0.1898133502056254,-0.44111260324637286,,35.0,1.0,2686.0,2720.0,2026-08-07 14:00:00,2026-08-14 13:30:00,3103.0,3167.0,35.0,2.062520141798263,0.0589291469085218,34.0,-1.0,2638.0,2685.0,2026-07-29 21:00:00,2026-08-07 13:30:00,3090.0,3104.0,48.0,0.45307443365696365,0.009439050701186743,3597199.0,,102777.11428571428,,5439219.0,0.0,113317.0625,0.0,0.9069871034268496,,0.6613447629154112,,88.57142857142857,11.428571428571429,0.0,False,False,2026-08-07 14:00:00,3103.0,,,1.0,0.0,2026-08-12 09:00:00,3132.0,2026-08-11 22:00:00,3121.0,1.0,1.0,0.21253981167329822,11.56119684351926,2.0
M:5m:1:1:26756:26768:2,M,4h,1163.0,2026-08-14 11:30:00,200.0,1.0,1.0,BOS,1.0,3073.0,64.0,BOS,1.0,3152.0,3.0,11.0,0.0,2.0,0.0,,,,,,,,,current_internal_high,internal,0.0,5.0,3152.0,3152.0,3152.0,0.31625553447185323,3147.0,3165.0,3145.0,3161.0,279503.0,2285455.0,0.0,0.0,0.0,0.0,0.0,0.0,,3152.0,5.0,below,0.31625553447185323,3086.0,True,3.0,3117.0,1.0,below,1.4231499051233396,3053.0,False,,3073.0,147.0,below,2.814674256799494,3203.0,True,64.0,2887.0,88.0,below,8.697027197975965,2824.0,False,,1.0,1.0,0.0006142320693094607,94.0,UP_CONFIRMED,0.01674996116537038,0.014047251017748239,0.014575899053030182,0.5735514516543251,0.0006142320693094607,0.0577378145150893,0.002817767334206911,0.004299958361400735,0.0043990286456723204,3108.9256166550035,1.6749961165370382,0.5407124681933828,0.3517919347339727,,17.0,1.0,1070.0,1163.0,2026-07-02 09:00:00,2026-08-14 09:00:00,2983.0,3161.0,94.0,5.9671471672812615,0.06348028901363044,16.0,-1.0,993.0,1069.0,2026-05-26 09:00:00,2026-07-01 21:00:00,2978.0,2974.0,77.0,-0.1343183344526544,-0.0017443939539305766,31281536.0,,332782.2978723404,,23145249.0,0.0,300587.6493506493,0.0,1.1071056931022956,,1.3515316253456595,,65.95744680851064,7.446808510638298,26.595744680851062,False,False,2026-08-10 09:00:00,3105.0,2026-08-07 21:00:00,3090.0,3.0,3.0,2026-08-10 09:00:00,3105.0,2026-08-07 21:00:00,3090.0,2.0,2.0,1.0376335579547924,20.03296782102558,
M:5m:1:1:26799:26805:1,M,5m,26812.0,2026-08-17 09:25:00,0.0,1.0,1.0,BOS,1.0,3175.0,24.0,BOS,1.0,3179.0,7.0,43.0,1.0,15.0,2.0,current_swing_high,swing,0.0,86.0,3175.0,3175.0,3175.0,0.06303183107469272,active_bull_internal_ob,internal,1.0,7.0,3168.0,3172.0,3170.0,0.03151591553734636,3174.0,3174.0,3171.0,3173.0,13531.0,2326066.0,0.0,0.0,0.0,0.0,0.0,0.0,,3179.0,18.0,above,0.18909549322407815,3168.0,True,7.0,3168.0,7.0,below,0.15757957768673178,3160.0,False,,3175.0,86.0,above,0.06303183107469272,3152.0,True,24.0,3139.0,44.0,below,1.0715411282697762,3117.0,False,,1.0,1.0,8.389779040793255e-05,185.0,UP_CONFIRMED,0.0007859213858737385,0.0015680962453773742,0.0021072619629455233,0.35525149317997445,8.389779040793255e-05,0.01552109122546752,0.0009845315462158055,0.0017192697342747199,0.002080654987819619,3170.5082297781287,0.07859213858737385,-0.0315059861373701,0.2609944157804947,,351.0,1.0,26628.0,26812.0,2026-08-12 13:30:00,2026-08-17 09:20:00,3136.0,3173.0,185.0,1.1798469387755084,0.006377551020408154,350.0,-1.0,26580.0,26627.0,2026-08-11 21:15:00,2026-08-12 11:25:00,3127.0,3130.0,48.0,0.09593859929644122,0.0019987208186758587,2400195.0,,12974.027027027027,,421331.0,0.0,8777.729166666666,0.0,1.4780618974091566,,5.6966968962644575,,30.810810810810814,48.10810810810811,21.08108108108108,True,False,2026-08-14 09:40:00,3152.0,2026-08-14 09:30:00,3148.0,6.0,6.0,2026-08-14 22:30:00,3172.0,2026-08-17 09:05:00,3175.0,16.0,17.0,1.343834582320803,4.239070437982121,
M:5m:1:1:26799:26805:1,M,15m,8936.0,2026-08-17 09:15:00,10.0,1.0,1.0,BOS,1.0,3152.0,46.0,BOS,1.0,3179.0,1.0,24.0,1.0,9.0,0.0,current_internal_high,internal,0.0,2.0,3179.0,3179.0,3179.0,0.18909549322407815,active_bull_internal_ob,internal,1.0,1.0,3168.0,3172.0,3170.0,0.03151591553734636,3185.0,3187.0,3175.0,3176.0,81049.0,2323446.0,0.0,0.0,0.0,0.0,0.0,0.0,,3179.0,2.0,above,0.18909549322407815,3153.0,True,1.0,3141.0,19.0,below,1.0085092971950835,3139.0,False,,3152.0,50.0,below,0.6618342262842736,3229.0,True,46.0,3117.0,19.0,below,1.7648912700913961,3045.0,False,,1.0,1.0,0.00017351794810770873,201.0,UP_CONFIRMED,0.005681978298645702,0.005176386240936916,0.003186708120994121,0.563030256478636,0.00017351794810770873,0.03487710756964946,0.0011430232127054296,0.002540326760824385,0.003981385823133232,3158.0559943740586,0.5681978298645701,-0.15718327569946844,1.8559091593450452,,125.0,1.0,8736.0,8936.0,2026-08-04 11:00:00,2026-08-17 09:00:00,3081.0,3176.0,201.0,3.083414475819546,0.015340370526465402,124.0,-1.0,8606.0,8735.0,2026-07-27 21:00:00,2026-08-04 10:45:00,3125.0,3080.0,130.0,-1.4399999999999968,-0.011076923076923052,6332952.0,,31507.223880597016,,5942438.0,0.0,45711.06153846154,0.0,0.6892691357448932,,1.0657161252671041,,34.82587064676617,41.7910447761194,23.383084577114428,False,False,2026-08-14 09:00:00,3146.0,2026-08-13 22:45:00,3144.0,2.0,2.0,2026-08-14 10:30:00,3159.0,2026-08-13 14:45:00,3152.0,18.0,18.0,0.6156241000318656,6.547676287954482,
M:5m:1:1:26799:26805:1,M,1h,2723.0,2026-08-14 23:00:00,3505.0,1.0,1.0,CHoCH,1.0,3073.0,154.0,BOS,1.0,3175.0,0.0,15.0,1.0,2.0,0.0,current_internal_high,internal,0.0,8.0,3175.0,3175.0,3175.0,0.06303183107469272,active_bull_internal_ob,internal,1.0,0.0,3139.0,3153.0,3146.0,0.6303183107469271,3172.0,3182.0,3168.0,3181.0,90476.0,2316469.0,1.0,1.0,0.0,1.0,1.0,0.0,active_bear_internal_ob,3175.0,8.0,above,0.06303183107469272,3152.0,True,0.0,3139.0,3.0,below,1.0715411282697762,3117.0,False,,3229.0,57.0,above,1.7648912700913961,3073.0,False,,3045.0,19.0,below,4.034037188780334,2887.0,False,,0.0,0.0,0.0004821607538610764,38.0,NONE,0.020832547951462693,0.016823273199984758,0.0034727002227497032,0.8758548787934823,0.0004821607538610764,0.018322108646720903,0.0026880366869728167,0.00521253851625092,0.0116176178767593,3116.0840300237433,2.0832547951462694,0.28373266078183246,-0.27972652203941956,,35.0,1.0,2686.0,2723.0,2026-08-07 14:00:00,2026-08-14 22:00:00,3103.0,3181.0,38.0,2.5136964228166248,0.06614990586359538,34.0,-1.0,2638.0,2685.0,2026-07-29 21:00:00,2026-08-07 13:30:00,3090.0,3104.0,48.0,0.45307443365696365,0.009439050701186743,4017946.0,,105735.42105263157,,5439219.0,0.0,113317.0625,0.0,0.9330935581976595,,0.7386990669064805,,89.47368421052632,10.526315789473683,0.0,False,False,2026-08-07 14:00:00,3103.0,,,1.0,0.0,2026-08-12 09:00:00,3132.0,2026-08-11 22:00:00,3121.0,1.0,1.0,0.20642238769283314,11.744150679741916,4.0
M:5m:1:1:26799:26805:1,M,4h,1165.0,2026-08-14 23:00:00,3505.0,1.0,1.0,BOS,1.0,3073.0,66.0,BOS,1.0,3152.0,5.0,11.0,0.0,2.0,0.0,,,,,,,,,current_internal_high,internal,0.0,7.0,3152.0,3152.0,3152.0,0.6618342262842736,3165.0,3182.0,3164.0,3181.0,283116.0,2316469.0,0.0,0.0,0.0,0.0,0.0,0.0,,3152.0,7.0,below,0.6618342262842736,3086.0,True,5.0,3117.0,3.0,below,1.7648912700913961,3053.0,False,,3073.0,149.0,below,3.151591553734636,3203.0,True,66.0,2887.0,90.0,below,9.013551843681059,2824.0,False,,1.0,1.0,0.0006138187827905012,96.0,UP_CONFIRMED,0.022034390061871377,0.014167399921804193,0.014450321937122004,0.7069224684367132,0.0006138187827905012,0.05892660314788811,0.0022822098470052232,0.004799952690860643,0.005890083973114191,3112.4197296408297,2.203439006187138,0.5055292259083632,0.4111109627555386,,17.0,1.0,1070.0,1165.0,2026-07-02 09:00:00,2026-08-14 21:00:00,2983.0,3181.0,96.0,6.637613141133092,0.0691418035534697,16.0,-1.0,993.0,1069.0,2026-05-26 09:00:00,2026-07-01 21:00:00,2978.0,2974.0,77.0,-0.1343183344526544,-0.0017443939539305766,31775539.0,,330995.1979166667,,23145249.0,0.0,300587.6493506493,0.0,1.1011603391945939,,1.3728752280867662,,66.66666666666666,7.291666666666667,26.041666666666668,False,False,2026-08-10 09:00:00,3105.0,2026-08-07 21:00:00,3090.0,3.0,3.0,2026-08-10 09:00:00,3105.0,2026-08-07 21:00:00,3090.0,2.0,2.0,1.0199699321597029,19.089650825272056,
M:5m:1:1:26799:26805:2,M,5m,26829.0,2026-08-17 11:05:00,0.0,1.0,1.0,BOS,1.0,3175.0,41.0,BOS,1.0,3179.0,24.0,43.0,1.0,15.0,2.0,current_swing_high,swing,0.0,103.0,3175.0,3175.0,3175.0,0.12614317250078838,active_bull_internal_ob,internal,1.0,45.0,3160.0,3164.0,3162.0,0.22075055187637968,3174.0,3175.0,3168.0,3171.0,24047.0,2340417.0,2.0,1.0,1.0,0.0,2.0,0.0,active_bull_internal_ob|current_internal_low,3187.0,16.0,above,0.5045726900031535,3179.0,False,,3171.0,9.0,overlap,0.0,3168.0,False,,3175.0,103.0,above,0.12614317250078838,3152.0,True,41.0,3139.0,61.0,below,1.009145380006307,3117.0,False,,1.0,1.0,7.923362798533019e-05,202.0,UP_CONFIRMED,-0.0003214417551249381,0.0015543503641597485,0.0020271084681923565,0.17739100301519994,7.923362798533019e-05,0.016005192853036698,0.00010003015303827745,0.0002788606031749463,0.0006254398016161122,3172.0196195538,-0.03214417551249381,-0.0945179584120992,3.3970151191264413,,351.0,1.0,26628.0,26829.0,2026-08-12 13:30:00,2026-08-17 11:00:00,3136.0,3171.0,202.0,1.116071428571419,0.005525106082036728,350.0,-1.0,26580.0,26627.0,2026-08-11 21:15:00,2026-08-12 11:25:00,3127.0,3130.0,48.0,0.09593859929644122,0.0019987208186758587,2534742.0,,12548.227722772277,,421331.0,0.0,8777.729166666666,0.0,1.4295528472698884,,6.016034898927447,,28.217821782178216,44.05940594059406,27.722772277227726,True,True,2026-08-14 09:40:00,3152.0,2026-08-17 11:00:00,3171.0,6.0,7.0,2026-08-14 22:30:00,3172.0,2026-08-17 09:05:00,3175.0,16.0,17.0,1.3041515702852309,4.0187669142168305,
M:5m:1:1:26799:26805:2,M,15m,8942.0,2026-08-17 11:00:00,5.0,1.0,1.0,BOS,1.0,3152.0,52.0,BOS,1.0,3179.0,7.0,24.0,1.0,9.0,0.0,current_internal_high,internal,0.0,1.0,3187.0,3187.0,3187.0,0.5045726900031535,current_internal_low,internal,0.0,4.0,3168.0,3168.0,3168.0,0.0946073793755913,3178.0,3179.0,3173.0,3174.0,20705.0,2334609.0,1.0,1.0,1.0,0.0,1.0,0.0,active_bull_internal_ob,3187.0,1.0,above,0.5045726900031535,3179.0,False,,3168.0,4.0,below,0.0946073793755913,3141.0,False,,3152.0,56.0,below,0.5991800693787449,3229.0,True,52.0,3117.0,25.0,below,1.7029328287606436,3045.0,False,,1.0,1.0,0.00017207672331166077,207.0,UP_CONFIRMED,0.004327829630757172,0.00518243420416385,0.003141991804212832,0.3928131139411049,0.00017207672331166077,0.03561988172551378,0.0005366684052159343,0.0017765478559668146,0.003846908929699966,3160.322661940899,0.43278296307571723,-0.12586532410321372,-0.6461157224462314,,125.0,1.0,8736.0,8942.0,2026-08-04 11:00:00,2026-08-17 10:45:00,3081.0,3174.0,207.0,3.018500486854925,0.014582127955820893,124.0,-1.0,8606.0,8735.0,2026-07-27 21:00:00,2026-08-04 10:45:00,3125.0,3080.0,130.0,-1.4399999999999968,-0.011076923076923052,6471405.0,,31262.82608695652,,5942438.0,0.0,45711.06153846154,0.0,0.6839225569209721,,1.0890151483280095,,36.71497584541063,40.57971014492754,22.705314009661837,False,False,2026-08-14 09:00:00,3146.0,2026-08-13 22:45:00,3144.0,2.0,2.0,2026-08-14 10:30:00,3159.0,2026-08-13 14:45:00,3152.0,18.0,18.0,0.6062772204012516,6.043119102662541,
M:5m:1:1:26799:26805:2,M,1h,2725.0,2026-08-17 11:00:00,5.0,1.0,1.0,CHoCH,1.0,3073.0,156.0,BOS,1.0,3175.0,2.0,15.0,0.0,2.0,0.0,current_internal_high,internal,0.0,10.0,3175.0,3175.0,3175.0,0.12614317250078838,active_bull_internal_ob,internal,1.0,2.0,3139.0,3153.0,3146.0,0.5676442762535477,3178.0,3179.0,3173.0,3174.0,60630.0,2334609.0,0.0,0.0,0.0,0.0,0.0,0.0,,3175.0,10.0,above,0.12614317250078838,3152.0,True,2.0,3139.0,5.0,below,1.009145380006307,3117.0,False,,3229.0,59.0,above,1.829076001261432,3073.0,False,,3045.0,21.0,below,3.9735099337748347,2887.0,False,,0.0,0.0,0.00048765546047432884,40.0,NONE,0.017403097556073464,0.016884023014002224,0.0033980813589524275,0.560704329444391,0.00048765546047432884,0.019506218418973154,0.0033448353897660432,0.0051838970179591826,0.01247400388002795,3119.7074272963546,1.7403097556073464,-0.09442870632672129,-0.6689064163269074,,35.0,1.0,2686.0,2725.0,2026-08-07 14:00:00,2026-08-17 10:00:00,3103.0,3174.0,40.0,2.288108282307455,0.057202707057686375,34.0,-1.0,2638.0,2685.0,2026-07-29 21:00:00,2026-08-07 13:30:00,3090.0,3104.0,48.0,0.45307443365696365,0.009439050701186743,4237448.0,,105936.2,,5439219.0,0.0,113317.0625,0.0,0.9348653915203635,,0.7790544929336363,,90.0,10.0,0.0,False,False,2026-08-07 14:00:00,3103.0,,,1.0,0.0,2026-08-12 09:00:00,3132.0,2026-08-11 22:00:00,3121.0,1.0,1.0,0.20126017099919477,11.616129922838693,3.0
M:5m:1:1:26799:26805:2,M,4h,1165.0,2026-08-14 23:00:00,3605.0,1.0,1.0,BOS,1.0,3073.0,66.0,BOS,1.0,3152.0,5.0,11.0,0.0,2.0,0.0,,,,,,,,,current_internal_high,internal,0.0,7.0,3152.0,3152.0,3152.0,0.5991800693787449,3165.0,3182.0,3164.0,3181.0,283116.0,2316469.0,0.0,0.0,0.0,0.0,0.0,0.0,,3152.0,7.0,below,0.5991800693787449,3086.0,True,5.0,3117.0,3.0,below,1.7029328287606436,3053.0,False,,3073.0,149.0,below,3.090507726269316,3203.0,True,66.0,2887.0,90.0,below,8.956165247555976,2824.0,False,,1.0,1.0,0.0006138187827905012,96.0,UP_CONFIRMED,0.022034390061871377,0.014167399921804193,0.014450321937122004,0.7069224684367132,0.0006138187827905012,0.05892660314788811,0.0022822098470052232,0.004799952690860643,0.005890083973114191,3112.4197296408297,2.203439006187138,0.5055292259083632,0.4111109627555386,,17.0,1.0,1070.0,1165.0,2026-07-02 09:00:00,2026-08-14 21:00:00,2983.0,3181.0,96.0,6.637613141133092,0.0691418035534697,16.0,-1.0,993.0,1069.0,2026-05-26 09:00:00,2026-07-01 21:00:00,2978.0,2974.0,77.0,-0.1343183344526544,-0.0017443939539305766,31775539.0,,330995.1979166667,,23145249.0,0.0,300587.6493506493,0.0,1.1011603391945939,,1.3728752280867662,,66.66666666666666,7.291666666666667,26.041666666666668,False,False,2026-08-10 09:00:00,3105.0,2026-08-07 21:00:00,3090.0,3.0,3.0,2026-08-10 09:00:00,3105.0,2026-08-07 21:00:00,3090.0,2.0,2.0,1.0199699321597029,19.089650825272056,
M:5m:1:-1:26820:26830:1,M,5m,26844.0,2026-08-17 14:20:00,0.0,1.0,-1.0,BOS,1.0,3175.0,56.0,CHoCH,-1.0,3171.0,14.0,42.0,2.0,15.0,2.0,current_internal_high,internal,0.0,13.0,3179.0,3179.0,3179.0,0.09445843828715365,current_swing_high,swing,0.0,118.0,3175.0,3175.0,3175.0,0.031486146095717885,3174.0,3177.0,3173.0,3176.0,9747.0,2339092.0,1.0,1.0,0.0,1.0,1.0,0.0,active_bear_internal_ob,3179.0,13.0,above,0.09445843828715365,3187.0,False,,3165.0,9.0,below,0.34634760705289674,3171.0,False,,3175.0,118.0,below,0.031486146095717885,3152.0,True,56.0,3139.0,76.0,below,1.1649874055415617,3117.0,False,,1.0,1.0,7.317004545084051e-05,217.0,UP_CONFIRMED,0.001380301725808392,0.001432703285679712,0.0020150878599776325,0.48962683350299513,7.317004545084051e-05,0.01587789986283239,8.215377206832741e-05,6.111513308315608e-06,-2.5270115343256627e-05,3171.6222043976577,0.1380301725808392,0.0630119722747402,0.14695551905522589,,351.0,1.0,26628.0,26844.0,2026-08-12 13:30:00,2026-08-17 14:15:00,3136.0,3176.0,217.0,1.2755102040816313,0.005877927207749453,350.0,-1.0,26580.0,26627.0,2026-08-11 21:15:00,2026-08-12 11:25:00,3127.0,3130.0,48.0,0.09593859929644122,0.0019987208186758587,2664814.0,,12280.248847926267,,421331.0,0.0,8777.729166666666,0.0,1.3990234392922924,,6.324751798467238,,26.26728110599078,41.474654377880185,32.25806451612903,True,False,2026-08-17 14:05:00,3172.0,2026-08-17 14:00:00,3171.0,8.0,8.0,2026-08-17 14:15:00,3176.0,2026-08-17 09:05:00,3175.0,17.0,17.0,1.406493500865828,3.7045071006904142,
M:5m:1:-1:26820:26830:1,M,15m,8947.0,2026-08-17 14:15:00,5.0,1.0,1.0,BOS,1.0,3152.0,57.0,BOS,1.0,3179.0,12.0,23.0,1.0,9.0,0.0,current_internal_high,internal,0.0,6.0,3187.0,3187.0,3187.0,0.34634760705289674,current_internal_low,internal,0.0,9.0,3168.0,3168.0,3168.0,0.2518891687657431,3173.0,3175.0,3171.0,3174.0,19532.0,2338696.0,0.0,0.0,0.0,0.0,0.0,0.0,,3187.0,6.0,above,0.34634760705289674,3179.0,False,,3168.0,9.0,below,0.2518891687657431,3141.0,False,,3152.0,61.0,below,0.7556675062972292,3229.0,True,57.0,3117.0,30.0,below,1.857682619647355,3045.0,False,,1.0,1.0,0.0001702159441441379,212.0,UP_CONFIRMED,0.003876211848670351,0.005131501040376098,0.003122938492478908,0.3438575764840222,0.0001702159441441379,0.036085780158557235,0.00044987397525364514,0.000986783813618386,0.0035002587832053678,3161.74440885991,0.3876211848670351,0.06305170239595537,-0.654540401074185,,125.0,1.0,8736.0,8947.0,2026-08-04 11:00:00,2026-08-17 14:00:00,3081.0,3174.0,212.0,3.018500486854925,0.014238209843655305,124.0,-1.0,8606.0,8735.0,2026-07-27 21:00:00,2026-08-04 10:45:00,3125.0,3080.0,130.0,-1.4399999999999968,-0.011076923076923052,6615777.0,,31206.495283018867,,5942438.0,0.0,45711.06153846154,0.0,0.682690233670499,,1.113310227216506,,35.84905660377358,41.9811320754717,22.169811320754718,True,False,2026-08-14 09:00:00,3146.0,2026-08-13 22:45:00,3144.0,2.0,2.0,2026-08-17 13:45:00,3172.0,2026-08-17 11:00:00,3169.0,19.0,19.0,0.6085818687177,5.989349342879611,
M:5m:1:-1:26820:26830:1,M,1h,2727.0,2026-08-17 14:00:00,20.0,1.0,1.0,CHoCH,1.0,3073.0,158.0,BOS,1.0,3175.0,4.0,15.0,0.0,2.0,0.0,current_swing_high,swing,0.0,61.0,3229.0,3229.0,3229.0,1.6687657430730478,current_internal_high,internal,0.0,12.0,3175.0,3175.0,3175.0,0.031486146095717885,3170.0,3175.0,3166.0,3172.0,55105.0,2339638.0,0.0,0.0,0.0,0.0,0.0,0.0,,3175.0,12.0,below,0.031486146095717885,3152.0,True,4.0,3139.0,7.0,below,1.1649874055415617,3117.0,False,,3229.0,61.0,above,1.6687657430730478,3073.0,False,,3045.0,23.0,below,4.124685138539043,2887.0,False,,0.0,0.0,0.00047816969951763346,42.0,NONE,0.016186981097555488,0.016834071031841577,0.003324590853867155,0.42283838574741495,0.00047816969951763346,0.020083127379740606,0.002226111180446244,0.004969796120116277,0.011841051909191158,3121.4727791277255,1.6186981097555488,0.09466708740928365,-0.66347654832007,,35.0,1.0,2686.0,2727.0,2026-08-07 14:00:00,2026-08-17 13:30:00,3103.0,3172.0,42.0,2.223654527876251,0.05294415542562502,34.0,-1.0,2638.0,2685.0,2026-07-29 21:00:00,2026-08-07 13:30:00,3090.0,3104.0,48.0,0.45307443365696365,0.009439050701186743,4362288.0,,103864.0,,5439219.0,0.0,113317.0625,0.0,0.9165786485155314,,0.80200631745109,,90.47619047619048,9.523809523809524,0.0,False,False,2026-08-07 14:00:00,3103.0,,,1.0,0.0,2026-08-12 09:00:00,3132.0,2026-08-11 22:00:00,3121.0,1.0,1.0,0.1974917919485254,11.32207120897826,2.0
M:5m:1:-1:26820:26830:1,M,4h,1166.0,2026-08-17 11:30:00,170.0,1.0,1.0,BOS,1.0,3073.0,67.0,BOS,1.0,3152.0,6.0,11.0,0.0,2.0,0.0,,,,,,,,,current_internal_high,internal,0.0,8.0,3152.0,3152.0,3152.0,0.7556675062972292,3185.0,3187.0,3165.0,3169.0,289237.0,2344322.0,0.0,0.0,0.0,0.0,0.0,0.0,,3152.0,8.0,below,0.7556675062972292,3086.0,True,6.0,3117.0,4.0,below,1.857682619647355,3053.0,False,,3073.0,150.0,below,3.2430730478589425,3203.0,True,67.0,2887.0,91.0,below,9.099496221662468,2824.0,False,,1.0,1.0,0.0006146880933178226,97.0,UP_CONFIRMED,0.017508033972438854,0.014201839448099393,0.014379602527487564,0.5909240136952751,0.0006146880933178226,0.0596247450518288,0.0026814512377850708,0.005178779579284587,0.006605419586224626,3114.4717232629127,1.7508033972438855,-0.37723986167871315,0.4185647201395788,,17.0,1.0,1070.0,1166.0,2026-07-02 09:00:00,2026-08-17 09:00:00,2983.0,3169.0,97.0,6.235333556821998,0.06428178924558761,16.0,-1.0,993.0,1069.0,2026-05-26 09:00:00,2026-07-01 21:00:00,2978.0,2974.0,77.0,-0.1343183344526544,-0.0017443939539305766,32064776.0,,330564.7010309278,,23145249.0,0.0,300587.6493506493,0.0,1.0997281549825386,,1.3853718316013797,,67.0103092783505,7.216494845360824,25.773195876288657,False,False,2026-08-10 09:00:00,3105.0,2026-08-07 21:00:00,3090.0,3.0,3.0,2026-08-10 09:00:00,3105.0,2026-08-07 21:00:00,3090.0,2.0,2.0,1.0125169052951066,19.297532909181196,
