candidate_id,symbol,context_tf,bar_index,bar_end,lag_minutes,swing_bias,internal_bias,last_swing_structure_type,last_swing_structure_bias,last_swing_structure_level,last_swing_structure_age,last_internal_structure_type,last_internal_structure_bias,last_internal_structure_level,last_internal_structure_age,active_bull_internal_ob_count,active_bear_internal_ob_count,active_bull_swing_ob_count,active_bear_swing_ob_count,nearest_above_type,nearest_above_structure_class,nearest_above_bias,nearest_above_age_bars,nearest_above_zone_low,nearest_above_zone_high,nearest_above_object_price_center,nearest_above_distance_pct,nearest_below_type,nearest_below_structure_class,nearest_below_bias,nearest_below_age_bars,nearest_below_zone_low,nearest_below_zone_high,nearest_below_object_price_center,nearest_below_distance_pct,open,high,low,close,volume,close_oi,overlap_object_count,overlap_active_ob_count,overlap_bull_ob_count,overlap_bear_ob_count,overlap_internal_count,overlap_swing_count,overlap_types,current_internal_high_level,current_internal_high_age,current_internal_high_relation,current_internal_high_distance_pct,current_internal_high_last_level,current_internal_high_crossed,current_internal_high_crossed_age,current_internal_low_level,current_internal_low_age,current_internal_low_relation,current_internal_low_distance_pct,current_internal_low_last_level,current_internal_low_crossed,current_internal_low_crossed_age,current_swing_high_level,current_swing_high_age,current_swing_high_relation,current_swing_high_distance_pct,current_swing_high_last_level,current_swing_high_crossed,current_swing_high_crossed_age,current_swing_low_level,current_swing_low_age,current_swing_low_relation,current_swing_low_distance_pct,current_swing_low_last_level,current_swing_low_crossed,current_swing_low_crossed_age,dsa_direction,dsa_raw_regime_value,dsa_raw_regime_strength,dsa_raw_dsa_dir_bars,dsa_raw_trend_transition,dsa_raw_offset_rate,dsa_raw_offset_mean,dsa_raw_offset_std,dsa_raw_offset_percentile,dsa_raw_vwap_ret_avg,dsa_raw_vwap_ret_total,dsa_raw_vwap_ret_5,dsa_raw_vwap_ret_10,dsa_raw_vwap_ret_20,dsa_raw_dsa_vwap,dsa_raw_dsa_vwap_dev_pct,dsa_raw_change_pct,dsa_raw_vol_zscore,dsa_raw_avg_amount_20d,dsa_raw_segment_id,dsa_raw_segment_direction,dsa_raw_segment_start_bar_index,dsa_raw_segment_end_bar_index,dsa_raw_segment_start_time,dsa_raw_segment_end_time,dsa_raw_segment_start_price,dsa_raw_segment_end_price,dsa_raw_segment_bars,dsa_raw_segment_change_pct,dsa_raw_segment_slope,dsa_raw_prev_segment_id,dsa_raw_prev_segment_direction,dsa_raw_prev_segment_start_bar_index,dsa_raw_prev_segment_end_bar_index,dsa_raw_prev_segment_start_time,dsa_raw_prev_segment_end_time,dsa_raw_prev_segment_start_price,dsa_raw_prev_segment_end_price,dsa_raw_prev_segment_bars,dsa_raw_prev_segment_change_pct,dsa_raw_prev_segment_slope,dsa_raw_current_segment_volume_sum,dsa_raw_current_segment_amount_sum,dsa_raw_current_segment_volume_mean,dsa_raw_current_segment_amount_mean,dsa_raw_prev_segment_volume_sum,dsa_raw_prev_segment_amount_sum,dsa_raw_prev_segment_volume_mean,dsa_raw_prev_segment_amount_mean,dsa_raw_current_vs_prev_volume_mean_ratio,dsa_raw_current_vs_prev_amount_mean_ratio,dsa_raw_current_vs_prev_volume_ratio,dsa_raw_current_vs_prev_amount_ratio,dsa_raw_rope_dir1_pct,dsa_raw_rope_dir0_pct,dsa_raw_rope_dir_neg1_pct,dsa_raw_touch_rope,dsa_raw_touch_vwap,dsa_raw_last_cross_up_date,dsa_raw_last_cross_up_price,dsa_raw_last_cross_down_date,dsa_raw_last_cross_down_price,dsa_raw_cross_up_count,dsa_raw_cross_down_count,dsa_raw_rope_cross_up_date,dsa_raw_rope_cross_up_price,dsa_raw_rope_cross_down_date,dsa_raw_rope_cross_down_price,dsa_raw_rope_cross_up_count,dsa_raw_rope_cross_down_count,dsa_raw_offset_variance_rate,atr14,component_15m_count
CU:5m:1:-1:9749:9761:2,CU,5m,9862,2025-06-18 09:55:00,0.0,-1,1,BOS,-1,78510.0,267.0,BOS,1,78640.0,6.0,19,10,10,4,current_swing_high,swing,0.0,61.0,78730.0,78730.0,78730.0,0.050832380226204094,current_internal_high,internal,0.0,9.0,78640.0,78640.0,78640.0,0.06354047528275511,78670.0,78720.0,78670.0,78690.0,1469.0,182395.0,1,1,0,1,1,0,active_bear_internal_ob,78640.0,9.0,below,0.06354047528275511,78510.0,True,6.0,78510.0,5.0,below,0.2287457110179184,78440.0,False,,78730.0,61.0,above,0.050832380226204094,78880.0,False,,77810.0,194.0,below,1.11831236497649,78510.0,False,,0,0,0.0,1,DOWN_BROKEN,0.0027173394360619748,0.0027173394360619748,0.0,0.5,0.0,0.0,,,,78476.75202690324,0.27173394360619746,0.03813882532417434,2.3299328340910774,,147,1,9862,9862,2025-06-18 09:50:00,2025-06-18 09:50:00,78690.0,78690.0,1,0.0,0.0,146.0,-1.0,9822.0,9861.0,2025-06-17 22:30:00,2025-06-18 09:45:00,78390.0,78660.0,40.0,0.3444316877152742,0.008610792192881855,1469.0,,1469.0,,15587.0,0.0,389.675,0.0,3.769808173477898,,0.09424520433694746,,100.0,0.0,0.0,False,False,,,,,0,0,,,,,0,0,0.0,48.63801606424278,
CU:5m:1:-1:9749:9761:2,CU,15m,3286,2025-06-18 09:45:00,10.0,-1,-1,CHoCH,-1,78410.0,88.0,CHoCH,-1,78470.0,29.0,11,6,4,2,active_bear_internal_ob,internal,-1.0,142.0,79210.0,79340.0,79275.0,0.6608209429406532,current_internal_low,internal,0.0,7.0,78360.0,78360.0,78360.0,0.41936713686618377,78620.0,78680.0,78610.0,78630.0,1996.0,182508.0,2,1,0,1,2,0,active_bear_internal_ob|current_internal_high,78690.0,12.0,overlap,0.0,78730.0,False,,78360.0,7.0,below,0.41936713686618377,78430.0,False,,79470.0,146.0,above,0.9912314144109797,79180.0,False,,77810.0,30.0,below,1.11831236497649,78410.0,False,,0,0,7.908742106415695e-05,39,NONE,0.003251732437296907,0.003500055855551538,0.0015434072957236655,0.4360888408392212,7.908742106415695e-05,0.003084409421502121,0.00045517379791659707,0.0005226000226328242,0.001269331820219488,78375.14499872978,0.3251732437296907,0.0,0.4510514263427251,,47,1,3248,3286,2025-06-16 23:45:00,2025-06-18 09:30:00,78710.0,78630.0,39,-0.10163892770931326,-0.002606126351520853,46.0,-1.0,3144.0,3247.0,2025-06-11 21:00:00,2025-06-16 23:30:00,78550.0,78600.0,104.0,0.06365372374284028,0.0006120550359888489,71261.0,,1827.2051282051282,,274935.0,0.0,2643.605769230769,0.0,0.6911791271876383,,0.2591921726953644,,12.82051282051282,64.1025641025641,23.076923076923077,False,False,,,,,0,0,2025-06-18 09:00:00,78600.0,2025-06-18 00:45:00,78560.0,3,3,0.4409664757994142,82.19470587805354,
CU:5m:1:-1:9749:9761:2,CU,1h,955,2025-06-18 01:00:00,535.0,1,-1,CHoCH,1,78630.0,75.0,BOS,-1,78510.0,24.0,8,4,2,1,current_internal_high,internal,0.0,4.0,78730.0,78730.0,78730.0,0.050832380226204094,current_internal_low,internal,0.0,16.0,77810.0,77810.0,77810.0,1.11831236497649,78490.0,78640.0,78480.0,78560.0,2109.0,182485.0,0,0,0,0,0,0,,78730.0,4.0,above,0.050832380226204094,78880.0,False,,77810.0,16.0,below,1.11831236497649,78510.0,False,,79470.0,5.0,above,0.9912314144109797,78630.0,False,,77390.0,45.0,below,1.652052357351633,77520.0,False,,0,0,-0.00048138307907958034,-25,NONE,0.006374670008118771,0.004825851440925432,0.005514791381975851,0.6105865374368163,-0.00048138307907958034,-0.012034576976989508,0.0006570977303013148,0.0013912639494197965,0.003098678356926232,78062.37809956627,0.6374670008118771,0.10193679918450993,-1.5139732043277305,,14,-1,931,955,2025-06-13 11:00:00,2025-06-18 00:00:00,78330.0,78560.0,25,0.2936295161496183,0.011745180645984732,13.0,1.0,880.0,930.0,2025-06-05 21:00:00,2025-06-13 10:00:00,78890.0,78590.0,51.0,-0.3802763341361426,-0.007456398708551816,207286.0,,8291.44,,485721.0,0.0,9523.941176470587,0.0,0.8705891653850669,,0.42675939479660135,,60.0,20.0,20.0,False,False,2025-06-13 21:00:00,77960.0,,,1,0,2025-06-13 23:00:00,78440.0,,,1,0,1.1427602878961196,168.74373176550327,4.0
CU:5m:1:-1:9749:9761:2,CU,4h,423,2025-06-18 01:00:00,535.0,1,-1,CHoCH,1,79090.0,25.0,CHoCH,-1,78510.0,11.0,3,2,1,1,current_internal_high,internal,0.0,10.0,78880.0,78880.0,78880.0,0.24145380607446942,active_bull_internal_ob,internal,1.0,115.0,77160.0,77970.0,77565.0,0.9149828440716736,78490.0,78640.0,78480.0,78560.0,2109.0,182485.0,1,1,0,1,1,0,active_bear_internal_ob,78880.0,10.0,above,0.24145380607446942,79470.0,False,,77810.0,4.0,below,1.11831236497649,78510.0,False,,79090.0,41.0,above,0.5083238022620409,83320.0,True,25.0,71320.0,129.0,below,9.365866056678104,76550.0,False,,0,0,0.00021086352538328822,34,NONE,0.004968572689019604,0.009744575981371264,0.005220117342467322,0.180116134288689,0.00021086352538328822,0.007169359863031799,0.00041394245043391287,0.00091303152287181,0.0031081217405475314,78171.59872949563,0.49685726890196036,0.10193679918450993,-1.4358775890874909,,7,1,390,423,2025-06-05 21:00:00,2025-06-18 00:00:00,78620.0,78560.0,34,-0.07631645891630345,-0.0022446017328324546,6.0,-1.0,381.0,389.0,2025-06-03 13:30:00,2025-06-05 13:30:00,77650.0,78170.0,9.0,0.6696716033483652,0.07440795592759614,693007.0,,20382.558823529413,,210538.0,0.0,23393.11111111111,0.0,0.8713060322210942,,3.2916005661685777,,47.05882352941176,38.23529411764706,14.705882352941178,True,False,2025-06-13 21:00:00,78440.0,2025-06-13 13:30:00,78010.0,1,1,2025-06-18 00:00:00,78560.0,2025-06-17 21:00:00,78480.0,3,3,0.5356946625945178,284.2379173465024,
CU:5m:1:-1:9749:9761:3,CU,5m,9879,2025-06-18 13:35:00,0.0,-1,1,BOS,-1,78510.0,284.0,BOS,1,78640.0,23.0,19,10,10,4,active_bear_internal_ob,internal,-1.0,118.0,78690.0,78730.0,78710.0,0.012709710218607015,current_internal_low,internal,0.0,0.0,78620.0,78620.0,78620.0,0.0762582613116421,78690.0,78720.0,78650.0,78680.0,2539.0,182465.0,1,0,0,0,1,0,current_internal_high,78680.0,1.0,overlap,0.0,78720.0,False,,78620.0,0.0,below,0.0762582613116421,78600.0,False,,78730.0,78.0,above,0.06354855109303507,78880.0,False,,78360.0,7.0,below,0.4067107269954245,77810.0,False,,0,0,5.9530450611516234e-05,18,NONE,0.001516739792750776,0.0016233730154304807,0.00038185497657736676,0.39002626581938893,5.9530450611516234e-05,0.0010715481110072922,0.0003226449913706908,0.0005714419118409975,,78560.84364229566,0.15167397927507761,0.03814367450731826,3.5518569614578923,,147,1,9862,9879,2025-06-18 09:50:00,2025-06-18 13:30:00,78690.0,78680.0,18,-0.012708095056546131,-0.0007060052809192295,146.0,-1.0,9822.0,9861.0,2025-06-17 22:30:00,2025-06-18 09:45:00,78390.0,78660.0,40.0,0.3444316877152742,0.008610792192881855,15375.0,,854.1666666666666,,15587.0,0.0,389.675,0.0,2.1919976048416414,,0.9863989221787387,,22.22222222222222,77.77777777777779,0.0,False,False,,,,,0,0,2025-06-18 10:30:00,78640.0,2025-06-18 10:10:00,78600.0,1,1,0.23522318835397651,43.80382547147528,
CU:5m:1:-1:9749:9761:3,CU,15m,3292,2025-06-18 11:30:00,125.0,-1,-1,CHoCH,-1,78410.0,94.0,CHoCH,-1,78470.0,35.0,11,6,4,2,active_bear_internal_ob,internal,-1.0,35.0,78690.0,78730.0,78710.0,0.012709710218607015,current_internal_low,internal,0.0,13.0,78360.0,78360.0,78360.0,0.4067107269954245,78660.0,78670.0,78630.0,78650.0,1442.0,182735.0,0,0,0,0,0,0,,78720.0,0.0,above,0.05083884087442806,78690.0,False,,78360.0,13.0,below,0.4067107269954245,78430.0,False,,79470.0,152.0,above,1.0040671072699543,79180.0,False,,77810.0,36.0,below,1.1057447890188103,78410.0,False,,0,0,8.38004395323999e-05,45,NONE,0.002820485676375833,0.0034314669864912084,0.0014511086553174758,0.3368612957677274,8.38004395323999e-05,0.0037710197789579958,0.0005061748115595677,0.0010928674665178217,0.0013425378423490564,78428.79271353602,0.2820485676375833,0.0,-0.09020402361532047,,47,1,3248,3292,2025-06-16 23:45:00,2025-06-18 11:15:00,78710.0,78650.0,45,-0.07622919578198495,-0.0016939821284885543,46.0,-1.0,3144.0,3247.0,2025-06-11 21:00:00,2025-06-16 23:30:00,78550.0,78600.0,104.0,0.06365372374284028,0.0006120550359888489,84622.0,,1880.4888888888888,,274935.0,0.0,2643.605769230769,0.0,0.7113348407603414,,0.3077891137905323,,11.11111111111111,68.88888888888889,20.0,False,False,,,,,0,0,2025-06-18 09:00:00,78600.0,2025-06-18 00:45:00,78560.0,3,3,0.4228828839181938,75.79596884649226,
CU:5m:1:-1:9749:9761:3,CU,1h,958,2025-06-18 11:30:00,125.0,1,-1,CHoCH,1,78630.0,78.0,BOS,-1,78510.0,27.0,8,4,2,1,current_internal_high,internal,0.0,7.0,78730.0,78730.0,78730.0,0.06354855109303507,current_internal_low,internal,0.0,0.0,78360.0,78360.0,78360.0,0.4067107269954245,78670.0,78680.0,78620.0,78650.0,2968.0,182735.0,0,0,0,0,0,0,,78730.0,7.0,above,0.06354855109303507,78880.0,False,,78360.0,0.0,below,0.4067107269954245,77810.0,False,,79470.0,8.0,above,1.0040671072699543,78630.0,False,,77390.0,48.0,below,1.6395526182003053,77520.0,False,,0,0,-0.00041052897117260394,-28,NONE,0.0069774413216047,0.005082983204312557,0.005263911766381034,0.6405373559957954,-0.00041052897117260394,-0.01149481119283291,0.0006384564332742038,0.001432171843927188,0.00326977405167006,78105.02675886764,0.69774413216047,-0.02542265158256285,-1.2196373720450007,,14,-1,931,958,2025-06-13 11:00:00,2025-06-18 11:00:00,78330.0,78650.0,28,0.40852802246904574,0.014590286516751634,13.0,1.0,880.0,930.0,2025-06-05 21:00:00,2025-06-13 10:00:00,78890.0,78590.0,51.0,-0.3802763341361426,-0.007456398708551816,227675.0,,8131.25,,485721.0,0.0,9523.941176470587,0.0,0.8537694478929263,,0.46873616747062613,,64.28571428571429,17.857142857142858,17.857142857142858,False,False,2025-06-13 21:00:00,77960.0,,,1,0,2025-06-13 23:00:00,78440.0,,,1,0,1.035594955717141,157.63118756880857,2.0
CU:5m:1:-1:9749:9761:3,CU,4h,424,2025-06-18 11:30:00,125.0,1,-1,CHoCH,1,79090.0,26.0,CHoCH,-1,78510.0,12.0,3,2,1,1,current_internal_high,internal,0.0,0.0,78730.0,78730.0,78730.0,0.06354855109303507,active_bull_internal_ob,internal,1.0,116.0,77160.0,77970.0,77565.0,0.9023894255210982,78570.0,78720.0,78510.0,78650.0,20389.0,182735.0,1,1,0,1,1,0,active_bear_internal_ob,78730.0,0.0,above,0.06354855109303507,78880.0,False,,77810.0,5.0,below,1.1057447890188103,78510.0,False,,79090.0,42.0,above,0.5210981189628877,83320.0,True,26.0,71320.0,130.0,below,9.354346720894764,76550.0,False,,0,0,0.00020990452209037613,35,NONE,0.0059428034807632495,0.009635953909925322,0.005183842397550716,0.23809774396819428,0.00020990452209037613,0.007346658273163165,0.0005687410404762172,0.0010324301053388218,0.002827808027932921,78185.3597718034,0.5942803480763249,0.11456211812628236,0.124074624572841,,7,1,390,424,2025-06-05 21:00:00,2025-06-18 09:00:00,78620.0,78650.0,35,0.03815822945816283,0.0010902351273760808,6.0,-1.0,381.0,389.0,2025-06-03 13:30:00,2025-06-05 13:30:00,77650.0,78170.0,9.0,0.6696716033483652,0.07440795592759614,713396.0,,20382.742857142857,,210538.0,0.0,23393.11111111111,0.0,0.8713138992214504,,3.388442941416751,,45.714285714285715,40.0,14.285714285714285,False,False,2025-06-13 21:00:00,78440.0,2025-06-13 13:30:00,78010.0,1,1,2025-06-18 00:00:00,78560.0,2025-06-17 21:00:00,78480.0,3,3,0.5379687829568386,278.9352089646094,
CU:5m:1:1:9784:9787:1,CU,5m,9792,2025-06-17 14:05:00,0.0,-1,1,BOS,-1,78510.0,197.0,CHoCH,1,78520.0,5.0,19,10,10,4,current_internal_high,internal,0.0,1.0,78580.0,78580.0,78580.0,0.127420998980632,active_bull_internal_ob,internal,1.0,5.0,78430.0,78460.0,78445.0,0.025484199796126403,78530.0,78540.0,78460.0,78480.0,1176.0,184522.0,1,1,1,0,1,0,active_bull_internal_ob,78580.0,1.0,above,0.127420998980632,78520.0,False,,78430.0,3.0,below,0.063710499490316,78430.0,False,,78880.0,247.0,above,0.509683995922528,79290.0,False,,77810.0,124.0,below,0.8537206931702344,78510.0,False,,0,0,-7.64873839143979e-05,-34,NONE,0.00025980151306816536,-0.0005824828827737321,0.0009182025191471575,0.8205121850407628,-7.64873839143979e-05,-0.0026005710530895287,0.00015746720336706765,-0.000778251641005423,-0.0012171393527675711,78459.61607302948,0.025980151306816537,-0.06366993505666496,0.7411092336368693,,144,-1,9759,9792,2025-06-17 09:00:00,2025-06-17 14:00:00,78580.0,78480.0,34,-0.12725884448969715,-0.0037429071908734457,143.0,1.0,9651.0,9758.0,2025-06-13 23:45:00,2025-06-17 00:55:00,78370.0,78650.0,108.0,0.3572795712645238,0.0033081441783752203,30792.0,,905.6470588235294,,72055.0,0.0,667.175925925926,0.0,1.3574336597452108,,0.4273402262160849,,0.0,20.588235294117645,79.41176470588235,True,False,2025-06-17 11:20:00,78450.0,,,1,0,2025-06-17 13:55:00,78530.0,2025-06-17 14:00:00,78480.0,3,3,1.576359660175348,54.832110057533804,
CU:5m:1:1:9784:9787:1,CU,15m,3263,2025-06-17 14:00:00,5.0,-1,-1,CHoCH,-1,78410.0,65.0,CHoCH,-1,78470.0,6.0,11,6,4,2,active_bear_internal_ob,internal,-1.0,6.0,78690.0,78730.0,78710.0,0.2675840978593272,current_internal_low,internal,0.0,15.0,78470.0,78470.0,78470.0,0.012742099898063202,78520.0,78570.0,78490.0,78530.0,2050.0,184685.0,0,0,0,0,0,0,,78730.0,8.0,above,0.31855249745158,78640.0,False,,78470.0,15.0,below,0.012742099898063202,78480.0,True,6.0,79470.0,123.0,above,1.261467889908257,79180.0,False,,77810.0,7.0,below,0.8537206931702344,78410.0,False,,0,0,9.816050815908417e-05,16,NONE,0.0034902715449599206,0.004667409465811864,0.0015873349595407228,0.2291705288509388,9.816050815908417e-05,0.0015705681305453467,0.0005425993544063701,0.001186923593309075,,78256.86230031536,0.3490271544959921,0.012735608762093342,0.169464660805322,,47,1,3248,3263,2025-06-16 23:45:00,2025-06-17 13:45:00,78710.0,78530.0,16,-0.22868758734595485,-0.014292974209122178,46.0,-1.0,3144.0,3247.0,2025-06-11 21:00:00,2025-06-16 23:30:00,78550.0,78600.0,104.0,0.06365372374284028,0.0006120550359888489,34708.0,,2169.25,,274935.0,0.0,2643.605769230769,0.0,0.8205648607852766,,0.12624074781311947,,31.25,68.75,0.0,True,False,,,,,0,0,,,2025-06-17 09:00:00,78490.0,0,1,0.3400890732145389,85.42221171071284,
CU:5m:1:1:9784:9787:1,CU,1h,950,2025-06-17 14:00:00,5.0,1,-1,CHoCH,1,78630.0,70.0,BOS,-1,78510.0,19.0,8,4,2,1,active_bear_internal_ob,internal,-1.0,19.0,78770.0,78880.0,78825.0,0.36952089704383284,current_internal_low,internal,0.0,11.0,77810.0,77810.0,77810.0,0.8537206931702344,78490.0,78580.0,78490.0,78530.0,5899.0,184685.0,0,0,0,0,0,0,,78880.0,24.0,above,0.509683995922528,79290.0,False,,77810.0,11.0,below,0.8537206931702344,78510.0,False,,79470.0,0.0,above,1.261467889908257,78630.0,False,,77390.0,40.0,below,1.3888888888888888,77520.0,False,,0,0,-0.0006341670256513554,-20,NONE,0.006651395945586462,0.004526782196961681,0.006118127987480426,0.635804003557245,-0.0006341670256513554,-0.012683340513027108,0.000733684116950517,0.00170555511892867,,78011.11717153458,0.6651395945586461,0.0509619059752886,-0.5358558677868366,,14,-1,931,950,2025-06-13 11:00:00,2025-06-17 13:30:00,78330.0,78530.0,20,0.2553300140431425,0.012766500702157124,13.0,1.0,880.0,930.0,2025-06-05 21:00:00,2025-06-13 10:00:00,78890.0,78590.0,51.0,-0.3802763341361426,-0.007456398708551816,177761.0,,8888.05,,485721.0,0.0,9523.941176470587,0.0,0.9332323494351695,,0.36597347036673317,,50.0,25.0,25.0,False,False,2025-06-13 21:00:00,77960.0,,,1,0,2025-06-13 23:00:00,78440.0,,,1,0,1.3515401716448463,168.80738067523498,2.0
CU:5m:1:1:9784:9787:1,CU,4h,420,2025-06-17 11:30:00,155.0,1,-1,CHoCH,1,79090.0,22.0,CHoCH,-1,78510.0,8.0,3,2,1,1,active_bear_internal_ob,internal,-1.0,8.0,78570.0,78880.0,78725.0,0.11467889908256881,active_bull_internal_ob,internal,1.0,112.0,77160.0,77970.0,77565.0,0.6498470948012233,78480.0,78580.0,78430.0,78490.0,23717.0,185602.0,0,0,0,0,0,0,,78880.0,7.0,above,0.509683995922528,79470.0,False,,77810.0,1.0,below,0.8537206931702344,78510.0,False,,79090.0,38.0,above,0.7772680937818552,83320.0,True,22.0,71320.0,126.0,below,9.123343527013251,76550.0,False,,0,0,0.00022347836732120846,31,NONE,0.004313952519409522,0.01023086772817249,0.005213216533396769,0.12819109736050405,0.00022347836732120846,0.0069278293869574625,0.0005977392932905445,0.0009282191267216966,0.003616020445817991,78152.85230589594,0.4313952519409522,-0.20343293070566038,0.36680984676157824,,7,1,390,420,2025-06-05 21:00:00,2025-06-17 09:00:00,78620.0,78490.0,31,-0.16535232765200192,-0.005333946053290384,6.0,-1.0,381.0,389.0,2025-06-03 13:30:00,2025-06-05 13:30:00,77650.0,78170.0,9.0,0.6696716033483652,0.07440795592759614,657583.0,,21212.354838709678,,210538.0,0.0,23393.11111111111,0.0,0.906777843184542,,3.1233459043023113,,51.61290322580645,32.25806451612903,16.129032258064516,True,False,2025-06-13 21:00:00,78440.0,2025-06-13 13:30:00,78010.0,1,1,2025-06-16 13:30:00,78550.0,2025-06-17 09:00:00,78490.0,1,2,0.5095576125025312,301.8565522070107,
CU:5m:1:1:9784:9787:2,CU,5m,9821,2025-06-17 22:30:00,0.0,-1,-1,BOS,-1,78510.0,226.0,CHoCH,-1,78500.0,1.0,19,11,10,4,current_internal_low,internal,0.0,5.0,78500.0,78500.0,78500.0,0.0764915859255482,active_bull_internal_ob,internal,1.0,134.0,78150.0,78200.0,78175.0,0.3059663437021928,78480.0,78480.0,78440.0,78440.0,720.0,183099.0,2,2,2,0,2,0,active_bull_internal_ob,78590.0,1.0,above,0.19122896481387047,78690.0,False,,78500.0,5.0,above,0.0764915859255482,78460.0,True,1.0,78730.0,20.0,above,0.36970933197348294,78880.0,False,,77810.0,153.0,below,0.803161652218256,78510.0,False,,0,0,0.00012084227874675039,15,NONE,-0.0026383102812426672,-0.0012875058976096255,0.0012630375866620556,0.14242476664160642,0.00012084227874675039,0.0018126341812012559,-0.0002503833265877775,-0.0003645047365051779,,78647.49649860627,-0.26383102812426673,-0.050968399592254965,0.002783086681515831,,145,1,9807,9821,2025-06-17 21:15:00,2025-06-17 22:25:00,78640.0,78440.0,15,-0.254323499491349,-0.016954899966089936,144.0,-1.0,9759.0,9806.0,2025-06-17 09:00:00,2025-06-17 21:10:00,78580.0,78610.0,48.0,0.038177653346904705,0.0007953677780605147,8940.0,,596.0,,42167.0,0.0,878.4791666666666,0.0,0.6784452296819788,,0.21201413427561838,,20.0,73.33333333333333,6.666666666666667,True,True,,,2025-06-17 21:25:00,78620.0,0,1,2025-06-17 21:50:00,78570.0,2025-06-17 21:55:00,78550.0,1,2,0.9809955736956253,56.20007713863247,
CU:5m:1:1:9784:9787:2,CU,15m,3273,2025-06-17 22:30:00,0.0,-1,-1,CHoCH,-1,78410.0,75.0,CHoCH,-1,78470.0,16.0,11,6,4,2,active_bear_internal_ob,internal,-1.0,16.0,78690.0,78730.0,78710.0,0.3187149413564508,current_internal_low,internal,0.0,7.0,78430.0,78430.0,78430.0,0.012748597654258032,78500.0,78520.0,78440.0,78440.0,2083.0,183099.0,0,0,0,0,0,0,,78730.0,18.0,above,0.36970933197348294,78640.0,False,,78430.0,7.0,below,0.012748597654258032,78470.0,False,,79470.0,133.0,above,1.3131055583885771,79180.0,False,,77810.0,17.0,below,0.803161652218256,78410.0,False,,0,0,9.523772636765848e-05,26,NONE,0.0014347227328107162,0.004070701455395979,0.0015243049410757791,0.041877814646740175,9.523772636765848e-05,0.0024761808855591205,0.0003541158645681275,0.0009041926588400084,0.002092189459748761,78327.62158071116,0.14347227328107162,-0.08916061648197582,-0.38147061826285567,,47,1,3248,3273,2025-06-16 23:45:00,2025-06-17 22:15:00,78710.0,78440.0,26,-0.34303138101893227,-0.013193514654574318,46.0,-1.0,3144.0,3247.0,2025-06-11 21:00:00,2025-06-16 23:30:00,78550.0,78600.0,104.0,0.06365372374284028,0.0006120550359888489,56199.0,,2161.5,,274935.0,0.0,2643.605769230769,0.0,0.8176332587702548,,0.2044083146925637,,19.230769230769234,76.92307692307693,3.8461538461538463,True,False,,,,,0,0,2025-06-17 21:00:00,78610.0,2025-06-17 21:30:00,78550.0,1,2,0.37445756162128124,87.6847100100404,
CU:5m:1:1:9784:9787:2,CU,1h,952,2025-06-17 22:00:00,30.0,1,-1,CHoCH,1,78630.0,72.0,BOS,-1,78510.0,21.0,8,4,2,1,current_internal_high,internal,0.0,1.0,78730.0,78730.0,78730.0,0.36970933197348294,current_internal_low,internal,0.0,13.0,77810.0,77810.0,77810.0,0.803161652218256,78600.0,78690.0,78470.0,78550.0,9490.0,183210.0,0,0,0,0,0,0,,78730.0,1.0,above,0.36970933197348294,78880.0,False,,77810.0,13.0,below,0.803161652218256,78510.0,False,,79470.0,2.0,above,1.3131055583885771,78630.0,False,,77390.0,42.0,below,1.3386027536970933,77520.0,False,,0,0,-0.0005565570844360671,-22,NONE,0.006460171402908543,0.004724617185025498,0.005867313970564607,0.6163087671812641,-0.0005565570844360671,-0.012244255857593478,0.0008676661953930243,0.0016276378613551135,-0.011997282336549175,78045.81068569148,0.6460171402908543,-0.025455008272878832,0.16647602794123534,,14,-1,931,952,2025-06-13 11:00:00,2025-06-17 21:00:00,78330.0,78550.0,22,0.2808630154474745,0.01276650070215793,13.0,1.0,880.0,930.0,2025-06-05 21:00:00,2025-06-13 10:00:00,78890.0,78590.0,51.0,-0.3802763341361426,-0.007456398708551816,196404.0,,8927.454545454546,,485721.0,0.0,9523.941176470587,0.0,0.9373697695141489,,0.4043555868492406,,54.54545454545454,22.727272727272727,22.727272727272727,False,False,2025-06-13 21:00:00,77960.0,,,1,0,2025-06-13 23:00:00,78440.0,,,1,0,1.2418601848126118,171.21656803119754,4.0
CU:5m:1:1:9784:9787:2,CU,4h,421,2025-06-17 15:00:00,450.0,1,-1,CHoCH,1,79090.0,23.0,CHoCH,-1,78510.0,9.0,3,2,1,1,active_bear_internal_ob,internal,-1.0,9.0,78570.0,78880.0,78725.0,0.16573176950535443,active_bull_internal_ob,internal,1.0,113.0,77160.0,77970.0,77565.0,0.5991840897501275,78490.0,78610.0,78460.0,78570.0,15052.0,184424.0,0,0,0,0,0,0,,78880.0,8.0,above,0.5609382967873533,79470.0,False,,77810.0,2.0,below,0.803161652218256,78510.0,False,,79090.0,39.0,above,0.828658847526772,83320.0,True,23.0,71320.0,127.0,below,9.077001529831719,76550.0,False,,0,0,0.00021988318048792033,32,NONE,0.005229338099450205,0.010074569927274919,0.00520438515788434,0.1759293044000536,0.00021988318048792033,0.0070362617756134505,0.0005819896653804779,0.0010097771481378803,0.0033974557442104647,78161.26830176821,0.5229338099450205,0.1019238119505772,-0.34621770359314613,,7,1,390,421,2025-06-05 21:00:00,2025-06-17 13:30:00,78620.0,78570.0,32,-0.06359704909691954,-0.0019874077842787358,6.0,-1.0,381.0,389.0,2025-06-03 13:30:00,2025-06-05 13:30:00,77650.0,78170.0,9.0,0.6696716033483652,0.07440795592759614,672635.0,,21019.84375,,210538.0,0.0,23393.11111111111,0.0,0.8985484508734766,,3.1948389364390275,,50.0,34.375,15.625,True,False,2025-06-13 21:00:00,78440.0,2025-06-13 13:30:00,78010.0,1,1,2025-06-17 13:30:00,78570.0,2025-06-17 09:00:00,78490.0,2,2,0.5165863352434023,291.0096556207956,
CU:5m:1:1:9792:9801:1,CU,5m,9804,2025-06-17 21:05:00,0.0,-1,1,BOS,-1,78510.0,209.0,BOS,1,78580.0,3.0,20,10,10,4,current_internal_high,internal,0.0,13.0,78580.0,78580.0,78580.0,0.02545824847250509,active_bull_internal_ob,internal,1.0,3.0,78460.0,78540.0,78500.0,0.02545824847250509,78600.0,78600.0,78470.0,78560.0,1667.0,183836.0,0,0,0,0,0,0,,78580.0,13.0,above,0.02545824847250509,78520.0,True,3.0,78460.0,7.0,below,0.12729124236252545,78430.0,False,,78730.0,3.0,above,0.2163951120162933,78880.0,False,,77810.0,136.0,below,0.954684317718941,78510.0,False,,0,0,-4.796104804559382e-05,-46,NONE,0.0008836938479858532,-0.0002107239894510074,0.0010170689538753852,0.8590477258799301,-4.796104804559382e-05,-0.0022062082100973157,0.00027558248197867563,0.0003545536644873337,0.000765907728245141,78490.63830580468,0.08836938479858532,-0.012727504136433865,1.779333691216021,,144,-1,9759,9804,2025-06-17 09:00:00,2025-06-17 21:00:00,78580.0,78560.0,46,-0.02545176889794387,-0.0005532993238683451,143.0,1.0,9651.0,9758.0,2025-06-13 23:45:00,2025-06-17 00:55:00,78370.0,78650.0,108.0,0.3572795712645238,0.0033081441783752203,40436.0,,879.0434782608696,,72055.0,0.0,667.175925925926,0.0,1.3175587489025593,,0.5611824300881271,,8.695652173913043,32.608695652173914,58.69565217391305,True,True,2025-06-17 11:20:00,78450.0,,,1,0,2025-06-17 14:35:00,78540.0,2025-06-17 14:30:00,78510.0,5,4,4.826545646393289,55.387294602229765,
CU:5m:1:1:9792:9801:1,CU,15m,3267,2025-06-17 15:00:00,365.0,-1,-1,CHoCH,-1,78410.0,69.0,CHoCH,-1,78470.0,10.0,11,6,4,2,active_bear_internal_ob,internal,-1.0,10.0,78690.0,78730.0,78710.0,0.16547861507128309,current_internal_low,internal,0.0,1.0,78430.0,78430.0,78430.0,0.16547861507128309,78550.0,78610.0,78530.0,78570.0,3236.0,184424.0,0,0,0,0,0,0,,78730.0,12.0,above,0.2163951120162933,78640.0,False,,78430.0,1.0,below,0.16547861507128309,78470.0,False,,79470.0,127.0,above,1.1583503054989817,79180.0,False,,77810.0,11.0,below,0.954684317718941,78410.0,False,,0,0,9.840780337908584e-05,20,NONE,0.0036030140824326266,0.00441139494592273,0.0015114676704245053,0.2963831111945513,9.840780337908584e-05,0.0019681560675817167,0.0004887245410194474,0.0010898918939130642,,78287.92749475194,0.3603014082432627,0.025461489497136114,1.025820583398249,,47,1,3248,3267,2025-06-16 23:45:00,2025-06-17 14:45:00,78710.0,78570.0,20,-0.1778681234912982,-0.00889340617456491,46.0,-1.0,3144.0,3247.0,2025-06-11 21:00:00,2025-06-16 23:30:00,78550.0,78600.0,104.0,0.06365372374284028,0.0006120550359888489,43861.0,,2193.05,,274935.0,0.0,2643.605769230769,0.0,0.8295677160056014,,0.15953225307800026,,25.0,75.0,0.0,True,False,,,,,0,0,,,2025-06-17 09:00:00,78490.0,0,1,0.34262805506033694,81.52029853888143,
CU:5m:1:1:9792:9801:1,CU,1h,951,2025-06-17 15:00:00,365.0,1,-1,CHoCH,1,78630.0,71.0,BOS,-1,78510.0,20.0,8,4,2,1,current_internal_high,internal,0.0,0.0,78730.0,78730.0,78730.0,0.2163951120162933,current_internal_low,internal,0.0,12.0,77810.0,77810.0,77810.0,0.954684317718941,78530.0,78610.0,78460.0,78570.0,9153.0,184424.0,0,0,0,0,0,0,,78730.0,0.0,above,0.2163951120162933,78880.0,False,,77810.0,12.0,below,0.954684317718941,78510.0,False,,79470.0,1.0,above,1.1583503054989817,78630.0,False,,77390.0,41.0,below,1.489307535641548,77520.0,False,,0,0,-0.0005937722338898892,-21,NONE,0.006945762728418791,0.004641971746078686,0.005992863322949632,0.6496673045798095,-0.0005937722338898892,-0.012469216911687675,0.0008822435542019669,0.0017177123271852057,-0.012469216911687675,78028.03577732612,0.6945762728418791,0.05093594804532753,0.12302458353309778,,14,-1,931,951,2025-06-13 11:00:00,2025-06-17 14:00:00,78330.0,78570.0,21,0.3063960168517843,0.014590286516751634,13.0,1.0,880.0,930.0,2025-06-05 21:00:00,2025-06-13 10:00:00,78890.0,78590.0,51.0,-0.3802763341361426,-0.007456398708551816,186914.0,,8900.666666666666,,485721.0,0.0,9523.941176470587,0.0,0.9345570811227022,,0.3848176216387597,,52.38095238095239,23.809523809523807,23.809523809523807,False,False,2025-06-13 21:00:00,77960.0,,,1,0,2025-06-13 23:00:00,78440.0,,,1,0,1.2910167598525593,167.46399634128963,4.0
CU:5m:1:1:9792:9801:1,CU,4h,421,2025-06-17 15:00:00,365.0,1,-1,CHoCH,1,79090.0,23.0,CHoCH,-1,78510.0,9.0,3,2,1,1,active_bear_internal_ob,internal,-1.0,9.0,78570.0,78880.0,78725.0,0.012729124236252545,active_bull_internal_ob,internal,1.0,113.0,77160.0,77970.0,77565.0,0.7510183299389003,78490.0,78610.0,78460.0,78570.0,15052.0,184424.0,0,0,0,0,0,0,,78880.0,8.0,above,0.40733197556008144,79470.0,False,,77810.0,2.0,below,0.954684317718941,78510.0,False,,79090.0,39.0,above,0.674643584521385,83320.0,True,23.0,71320.0,127.0,below,9.215885947046845,76550.0,False,,0,0,0.00021988318048792033,32,NONE,0.005229338099450205,0.010074569927274919,0.00520438515788434,0.1759293044000536,0.00021988318048792033,0.0070362617756134505,0.0005819896653804779,0.0010097771481378803,0.0033974557442104647,78161.26830176821,0.5229338099450205,0.1019238119505772,-0.34621770359314613,,7,1,390,421,2025-06-05 21:00:00,2025-06-17 13:30:00,78620.0,78570.0,32,-0.06359704909691954,-0.0019874077842787358,6.0,-1.0,381.0,389.0,2025-06-03 13:30:00,2025-06-05 13:30:00,77650.0,78170.0,9.0,0.6696716033483652,0.07440795592759614,672635.0,,21019.84375,,210538.0,0.0,23393.11111111111,0.0,0.8985484508734766,,3.1948389364390275,,50.0,34.375,15.625,True,False,2025-06-13 21:00:00,78440.0,2025-06-13 13:30:00,78010.0,1,1,2025-06-17 13:30:00,78570.0,2025-06-17 09:00:00,78490.0,2,2,0.5165863352434023,291.0096556207956,
CU:5m:1:1:9792:9801:2,CU,5m,9806,2025-06-17 21:15:00,0.0,-1,1,BOS,-1,78510.0,211.0,BOS,1,78580.0,5.0,20,10,10,4,active_bear_internal_ob,internal,-1.0,45.0,78690.0,78730.0,78710.0,0.1017682228724081,current_internal_high,internal,0.0,15.0,78580.0,78580.0,78580.0,0.038163083577153034,78580.0,78620.0,78540.0,78610.0,849.0,183613.0,0,0,0,0,0,0,,78580.0,15.0,below,0.038163083577153034,78520.0,True,5.0,78460.0,9.0,below,0.19081541788576517,78430.0,False,,78730.0,5.0,above,0.15265233430861214,78880.0,False,,77810.0,138.0,below,1.017682228724081,78510.0,False,,0,0,-4.396156059373093e-05,-48,NONE,0.0014243096963506064,-0.00014694309435991847,0.0010417990688525388,0.9342497305303028,-4.396156059373093e-05,-0.0021101549084990845,0.00026213971170219175,0.00041338389952461085,0.0007025374227409564,78498.19426076837,0.14243096963506063,0.025448530347382814,0.12224352956900295,,144,-1,9759,9806,2025-06-17 09:00:00,2025-06-17 21:10:00,78580.0,78610.0,48,0.038177653346904705,0.0007953677780605147,143.0,1.0,9651.0,9758.0,2025-06-13 23:45:00,2025-06-17 00:55:00,78370.0,78650.0,108.0,0.3572795712645238,0.0033081441783752203,42167.0,,878.4791666666666,,72055.0,0.0,667.175925925926,0.0,1.316712927624731,,0.5852057456109916,,12.5,31.25,56.25,False,False,2025-06-17 11:20:00,78450.0,,,1,0,2025-06-17 14:35:00,78540.0,2025-06-17 14:30:00,78510.0,5,4,7.089813055799575,57.45128973355526,
CU:5m:1:1:9792:9801:2,CU,15m,3268,2025-06-17 21:15:00,0.0,-1,-1,CHoCH,-1,78410.0,70.0,CHoCH,-1,78470.0,11.0,11,6,4,2,active_bear_internal_ob,internal,-1.0,11.0,78690.0,78730.0,78710.0,0.1017682228724081,current_internal_low,internal,0.0,2.0,78430.0,78430.0,78430.0,0.22897850146291818,78600.0,78620.0,78470.0,78610.0,3398.0,183613.0,0,0,0,0,0,0,,78730.0,13.0,above,0.15265233430861214,78640.0,False,,78430.0,2.0,below,0.22897850146291818,78470.0,False,,79470.0,128.0,above,1.094008395878387,79180.0,False,,77810.0,12.0,below,1.017682228724081,78410.0,False,,0,0,0.00010101494429094946,21,NONE,0.0039604862389814015,0.004389923102735048,0.0014781637127533754,0.3857090342663037,0.00010101494429094946,0.002121313830109939,0.0005498820723062181,0.0010927797923701021,0.002121313830109939,78299.89434592925,0.39604862389814016,0.050910016545757664,1.128954199419966,,47,1,3248,3268,2025-06-16 23:45:00,2025-06-17 21:00:00,78710.0,78610.0,21,-0.12704865963664158,-0.0060499361731734085,46.0,-1.0,3144.0,3247.0,2025-06-11 21:00:00,2025-06-16 23:30:00,78550.0,78600.0,104.0,0.06365372374284028,0.0006120550359888489,47259.0,,2250.4285714285716,,274935.0,0.0,2643.605769230769,0.0,0.8512723786661264,,0.17189153799989088,,23.809523809523807,76.19047619047619,0.0,True,False,,,,,0,0,2025-06-17 21:00:00,78610.0,2025-06-17 09:00:00,78490.0,1,1,0.3367174499782096,86.41170578610418,
CU:5m:1:1:9792:9801:2,CU,1h,951,2025-06-17 15:00:00,375.0,1,-1,CHoCH,1,78630.0,71.0,BOS,-1,78510.0,20.0,8,4,2,1,current_internal_high,internal,0.0,0.0,78730.0,78730.0,78730.0,0.15265233430861214,current_internal_low,internal,0.0,12.0,77810.0,77810.0,77810.0,1.017682228724081,78530.0,78610.0,78460.0,78570.0,9153.0,184424.0,0,0,0,0,0,0,,78730.0,0.0,above,0.15265233430861214,78880.0,False,,77810.0,12.0,below,1.017682228724081,78510.0,False,,79470.0,1.0,above,1.094008395878387,78630.0,False,,77390.0,41.0,below,1.5519653988042235,77520.0,False,,0,0,-0.0005937722338898892,-21,NONE,0.006945762728418791,0.004641971746078686,0.005992863322949632,0.6496673045798095,-0.0005937722338898892,-0.012469216911687675,0.0008822435542019669,0.0017177123271852057,-0.012469216911687675,78028.03577732612,0.6945762728418791,0.05093594804532753,0.12302458353309778,,14,-1,931,951,2025-06-13 11:00:00,2025-06-17 14:00:00,78330.0,78570.0,21,0.3063960168517843,0.014590286516751634,13.0,1.0,880.0,930.0,2025-06-05 21:00:00,2025-06-13 10:00:00,78890.0,78590.0,51.0,-0.3802763341361426,-0.007456398708551816,186914.0,,8900.666666666666,,485721.0,0.0,9523.941176470587,0.0,0.9345570811227022,,0.3848176216387597,,52.38095238095239,23.809523809523807,23.809523809523807,False,False,2025-06-13 21:00:00,77960.0,,,1,0,2025-06-13 23:00:00,78440.0,,,1,0,1.2910167598525593,167.46399634128963,4.0
CU:5m:1:1:9792:9801:2,CU,4h,421,2025-06-17 15:00:00,375.0,1,-1,CHoCH,1,79090.0,23.0,CHoCH,-1,78510.0,9.0,3,2,1,1,current_internal_high,internal,0.0,8.0,78880.0,78880.0,78880.0,0.3434677521943773,active_bull_internal_ob,internal,1.0,113.0,77160.0,77970.0,77565.0,0.8141457829792648,78490.0,78610.0,78460.0,78570.0,15052.0,184424.0,1,1,0,1,1,0,active_bear_internal_ob,78880.0,8.0,above,0.3434677521943773,79470.0,False,,77810.0,2.0,below,1.017682228724081,78510.0,False,,79090.0,39.0,above,0.6106093372344485,83320.0,True,23.0,71320.0,127.0,below,9.273629309248186,76550.0,False,,0,0,0.00021988318048792033,32,NONE,0.005229338099450205,0.010074569927274919,0.00520438515788434,0.1759293044000536,0.00021988318048792033,0.0070362617756134505,0.0005819896653804779,0.0010097771481378803,0.0033974557442104647,78161.26830176821,0.5229338099450205,0.1019238119505772,-0.34621770359314613,,7,1,390,421,2025-06-05 21:00:00,2025-06-17 13:30:00,78620.0,78570.0,32,-0.06359704909691954,-0.0019874077842787358,6.0,-1.0,381.0,389.0,2025-06-03 13:30:00,2025-06-05 13:30:00,77650.0,78170.0,9.0,0.6696716033483652,0.07440795592759614,672635.0,,21019.84375,,210538.0,0.0,23393.11111111111,0.0,0.8985484508734766,,3.1948389364390275,,50.0,34.375,15.625,True,False,2025-06-13 21:00:00,78440.0,2025-06-13 13:30:00,78010.0,1,1,2025-06-17 13:30:00,78570.0,2025-06-17 09:00:00,78490.0,2,2,0.5165863352434023,291.0096556207956,
CU:5m:1:1:9792:9801:3,CU,5m,9810,2025-06-17 21:35:00,0.0,-1,1,BOS,-1,78510.0,215.0,BOS,1,78580.0,9.0,20,10,10,4,current_internal_high,internal,0.0,19.0,78580.0,78580.0,78580.0,0.05092946269416857,active_bull_internal_ob,internal,1.0,112.0,78430.0,78530.0,78480.0,0.012732365673542143,78620.0,78630.0,78510.0,78540.0,1406.0,183481.0,1,1,1,0,1,0,active_bull_internal_ob,78580.0,19.0,above,0.05092946269416857,78520.0,True,9.0,78460.0,13.0,below,0.10185892538833714,78430.0,False,,78730.0,9.0,above,0.24191494779730072,78880.0,False,,77810.0,142.0,below,0.9294626941685764,78510.0,False,,0,0,0.0005609601434473088,4,NONE,-0.0017964669323988914,0.00021755508806663387,0.001585155788110885,0.10194413012659342,0.0005609601434473088,0.0022438405737892353,,,,78681.34844067022,-0.17964669323988913,-0.10175527855507127,1.5151749608275913,,145,1,9807,9810,2025-06-17 21:15:00,2025-06-17 21:30:00,78640.0,78540.0,4,-0.1271617497456745,-0.03179043743641863,144.0,-1.0,9759.0,9806.0,2025-06-17 09:00:00,2025-06-17 21:10:00,78580.0,78610.0,48.0,0.038177653346904705,0.0007953677780605147,3787.0,,946.75,,42167.0,0.0,878.4791666666666,0.0,1.0777148006735124,,0.08980956672279271,,75.0,25.0,0.0,True,True,,,2025-06-17 21:25:00,78620.0,0,1,,,2025-06-17 21:30:00,78540.0,0,1,7.286227144572115,61.77832897959371,
CU:5m:1:1:9792:9801:3,CU,15m,3269,2025-06-17 21:30:00,5.0,-1,-1,CHoCH,-1,78410.0,71.0,CHoCH,-1,78470.0,12.0,11,6,4,2,active_bear_internal_ob,internal,-1.0,12.0,78690.0,78730.0,78710.0,0.19098548510313218,current_internal_low,internal,0.0,3.0,78430.0,78430.0,78430.0,0.1400560224089636,78610.0,78690.0,78590.0,78620.0,2381.0,183571.0,0,0,0,0,0,0,,78730.0,14.0,above,0.24191494779730072,78640.0,False,,78430.0,3.0,below,0.1400560224089636,78470.0,False,,79470.0,129.0,above,1.1841100076394193,79180.0,False,,77810.0,13.0,below,0.9294626941685764,78410.0,False,,0,0,0.00010228208015963045,22,NONE,0.0039590720279370824,0.004370338962971503,0.0014469642515642276,0.3881180467182874,0.00010228208015963045,0.00225020576351187,0.0005702867108081655,0.0011164245926498229,0.0021866486825525833,78309.9652072393,0.3959072027937082,0.012721027859052825,0.07908345902411165,,47,1,3248,3269,2025-06-16 23:45:00,2025-06-17 21:15:00,78710.0,78620.0,22,-0.11434379367297742,-0.005197445166953519,46.0,-1.0,3144.0,3247.0,2025-06-11 21:00:00,2025-06-16 23:30:00,78550.0,78600.0,104.0,0.06365372374284028,0.0006120550359888489,49640.0,,2256.3636363636365,,274935.0,0.0,2643.605769230769,0.0,0.8535174429658582,,0.18055176678123921,,22.727272727272727,77.27272727272727,0.0,False,False,,,,,0,0,2025-06-17 21:00:00,78610.0,2025-06-17 09:00:00,78490.0,1,1,0.33108741995160945,87.38229822995388,
CU:5m:1:1:9792:9801:3,CU,1h,951,2025-06-17 15:00:00,395.0,1,-1,CHoCH,1,78630.0,71.0,BOS,-1,78510.0,20.0,8,4,2,1,current_internal_high,internal,0.0,0.0,78730.0,78730.0,78730.0,0.24191494779730072,current_internal_low,internal,0.0,12.0,77810.0,77810.0,77810.0,0.9294626941685764,78530.0,78610.0,78460.0,78570.0,9153.0,184424.0,0,0,0,0,0,0,,78730.0,0.0,above,0.24191494779730072,78880.0,False,,77810.0,12.0,below,0.9294626941685764,78510.0,False,,79470.0,1.0,above,1.1841100076394193,78630.0,False,,77390.0,41.0,below,1.4642220524573466,77520.0,False,,0,0,-0.0005937722338898892,-21,NONE,0.006945762728418791,0.004641971746078686,0.005992863322949632,0.6496673045798095,-0.0005937722338898892,-0.012469216911687675,0.0008822435542019669,0.0017177123271852057,-0.012469216911687675,78028.03577732612,0.6945762728418791,0.05093594804532753,0.12302458353309778,,14,-1,931,951,2025-06-13 11:00:00,2025-06-17 14:00:00,78330.0,78570.0,21,0.3063960168517843,0.014590286516751634,13.0,1.0,880.0,930.0,2025-06-05 21:00:00,2025-06-13 10:00:00,78890.0,78590.0,51.0,-0.3802763341361426,-0.007456398708551816,186914.0,,8900.666666666666,,485721.0,0.0,9523.941176470587,0.0,0.9345570811227022,,0.3848176216387597,,52.38095238095239,23.809523809523807,23.809523809523807,False,False,2025-06-13 21:00:00,77960.0,,,1,0,2025-06-13 23:00:00,78440.0,,,1,0,1.2910167598525593,167.46399634128963,4.0
CU:5m:1:1:9792:9801:3,CU,4h,421,2025-06-17 15:00:00,395.0,1,-1,CHoCH,1,79090.0,23.0,CHoCH,-1,78510.0,9.0,3,2,1,1,active_bear_internal_ob,internal,-1.0,9.0,78570.0,78880.0,78725.0,0.03819709702062643,active_bull_internal_ob,internal,1.0,113.0,77160.0,77970.0,77565.0,0.7257448433919022,78490.0,78610.0,78460.0,78570.0,15052.0,184424.0,0,0,0,0,0,0,,78880.0,8.0,above,0.4329004329004329,79470.0,False,,77810.0,2.0,below,0.9294626941685764,78510.0,False,,79090.0,39.0,above,0.700280112044818,83320.0,True,23.0,71320.0,127.0,below,9.192768016297428,76550.0,False,,0,0,0.00021988318048792033,32,NONE,0.005229338099450205,0.010074569927274919,0.00520438515788434,0.1759293044000536,0.00021988318048792033,0.0070362617756134505,0.0005819896653804779,0.0010097771481378803,0.0033974557442104647,78161.26830176821,0.5229338099450205,0.1019238119505772,-0.34621770359314613,,7,1,390,421,2025-06-05 21:00:00,2025-06-17 13:30:00,78620.0,78570.0,32,-0.06359704909691954,-0.0019874077842787358,6.0,-1.0,381.0,389.0,2025-06-03 13:30:00,2025-06-05 13:30:00,77650.0,78170.0,9.0,0.6696716033483652,0.07440795592759614,672635.0,,21019.84375,,210538.0,0.0,23393.11111111111,0.0,0.8985484508734766,,3.1948389364390275,,50.0,34.375,15.625,True,False,2025-06-13 21:00:00,78440.0,2025-06-13 13:30:00,78010.0,1,1,2025-06-17 13:30:00,78570.0,2025-06-17 09:00:00,78490.0,2,2,0.5165863352434023,291.0096556207956,
CU:5m:1:1:9792:9801:4,CU,5m,9816,2025-06-17 22:05:00,0.0,-1,1,BOS,-1,78510.0,221.0,BOS,1,78580.0,15.0,20,10,10,4,active_bear_internal_ob,internal,-1.0,55.0,78690.0,78730.0,78710.0,0.2165053489556801,current_internal_low,internal,0.0,0.0,78500.0,78500.0,78500.0,0.025471217524197655,78550.0,78570.0,78520.0,78520.0,280.0,183171.0,2,2,2,0,2,0,active_bull_internal_ob,78690.0,2.0,above,0.2165053489556801,78580.0,False,,78500.0,0.0,below,0.025471217524197655,78460.0,False,,78730.0,15.0,above,0.26744778400407543,78880.0,False,,77810.0,148.0,below,0.9042282221090168,78510.0,False,,0,0,0.00020635341823420638,10,NONE,-0.0018710906762626203,-0.0009160561234185519,0.0013800241910348727,0.24445551055280135,0.00020635341823420638,0.002063534182342064,-0.00011414999117198565,,,78667.19345219615,-0.18710906762626203,-0.03819223424570417,-1.1491648632356513,,145,1,9807,9816,2025-06-17 21:15:00,2025-06-17 22:00:00,78640.0,78520.0,10,-0.15259409969481386,-0.015259409969481386,144.0,-1.0,9759.0,9806.0,2025-06-17 09:00:00,2025-06-17 21:10:00,78580.0,78610.0,48.0,0.038177653346904705,0.0007953677780605147,6372.0,,637.2,,42167.0,0.0,878.4791666666666,0.0,0.7253444636801291,,0.15111342993336022,,30.0,70.0,0.0,True,True,,,2025-06-17 21:25:00,78620.0,0,1,2025-06-17 21:50:00,78570.0,2025-06-17 21:55:00,78550.0,1,2,1.5064843253106348,59.187165626628754,
CU:5m:1:1:9792:9801:4,CU,15m,3271,2025-06-17 22:00:00,5.0,-1,-1,CHoCH,-1,78410.0,73.0,CHoCH,-1,78470.0,14.0,11,6,4,2,active_bear_internal_ob,internal,-1.0,14.0,78690.0,78730.0,78710.0,0.2165053489556801,current_internal_low,internal,0.0,5.0,78430.0,78430.0,78430.0,0.11462047885888946,78550.0,78590.0,78510.0,78550.0,1124.0,183210.0,0,0,0,0,0,0,,78730.0,16.0,above,0.26744778400407543,78640.0,False,,78430.0,5.0,below,0.11462047885888946,78470.0,False,,79470.0,131.0,above,1.2098828323993887,79180.0,False,,77810.0,15.0,below,0.9042282221090168,78410.0,False,,0,0,9.99400512263678e-05,24,NONE,0.0029167342193535378,0.004251006675193516,0.0014408022659045312,0.17720683920946267,9.99400512263678e-05,0.0023985612294328273,0.0005847246679666629,0.0010979558840020776,0.0022519435177348335,78321.55683506612,0.2916734219353538,0.0,-1.5656068421693448,,47,1,3248,3271,2025-06-16 23:45:00,2025-06-17 21:45:00,78710.0,78550.0,24,-0.20327785541862653,-0.008469910642442771,46.0,-1.0,3144.0,3247.0,2025-06-11 21:00:00,2025-06-16 23:30:00,78550.0,78600.0,104.0,0.06365372374284028,0.0006120550359888489,53351.0,,2222.9583333333335,,274935.0,0.0,2643.605769230769,0.0,0.8408811779754004,,0.19404950260970774,,20.833333333333336,79.16666666666666,0.0,True,False,,,,,0,0,2025-06-17 21:00:00,78610.0,2025-06-17 21:30:00,78550.0,1,2,0.3389320168119807,89.68167551460309,
CU:5m:1:1:9792:9801:4,CU,1h,952,2025-06-17 22:00:00,5.0,1,-1,CHoCH,1,78630.0,72.0,BOS,-1,78510.0,21.0,8,4,2,1,current_internal_high,internal,0.0,1.0,78730.0,78730.0,78730.0,0.26744778400407543,current_internal_low,internal,0.0,13.0,77810.0,77810.0,77810.0,0.9042282221090168,78600.0,78690.0,78470.0,78550.0,9490.0,183210.0,0,0,0,0,0,0,,78730.0,1.0,above,0.26744778400407543,78880.0,False,,77810.0,13.0,below,0.9042282221090168,78510.0,False,,79470.0,2.0,above,1.2098828323993887,78630.0,False,,77390.0,42.0,below,1.4391237901171676,77520.0,False,,0,0,-0.0005565570844360671,-22,NONE,0.006460171402908543,0.004724617185025498,0.005867313970564607,0.6163087671812641,-0.0005565570844360671,-0.012244255857593478,0.0008676661953930243,0.0016276378613551135,-0.011997282336549175,78045.81068569148,0.6460171402908543,-0.025455008272878832,0.16647602794123534,,14,-1,931,952,2025-06-13 11:00:00,2025-06-17 21:00:00,78330.0,78550.0,22,0.2808630154474745,0.01276650070215793,13.0,1.0,880.0,930.0,2025-06-05 21:00:00,2025-06-13 10:00:00,78890.0,78590.0,51.0,-0.3802763341361426,-0.007456398708551816,196404.0,,8927.454545454546,,485721.0,0.0,9523.941176470587,0.0,0.9373697695141489,,0.4043555868492406,,54.54545454545454,22.727272727272727,22.727272727272727,False,False,2025-06-13 21:00:00,77960.0,,,1,0,2025-06-13 23:00:00,78440.0,,,1,0,1.2418601848126118,171.21656803119754,4.0
CU:5m:1:1:9792:9801:4,CU,4h,421,2025-06-17 15:00:00,425.0,1,-1,CHoCH,1,79090.0,23.0,CHoCH,-1,78510.0,9.0,3,2,1,1,active_bear_internal_ob,internal,-1.0,9.0,78570.0,78880.0,78725.0,0.06367804381049415,active_bull_internal_ob,internal,1.0,113.0,77160.0,77970.0,77565.0,0.7004584819154356,78490.0,78610.0,78460.0,78570.0,15052.0,184424.0,0,0,0,0,0,0,,78880.0,8.0,above,0.45848191543555783,79470.0,False,,77810.0,2.0,below,0.9042282221090168,78510.0,False,,79090.0,39.0,above,0.7259296994396331,83320.0,True,23.0,71320.0,127.0,below,9.169638308711155,76550.0,False,,0,0,0.00021988318048792033,32,NONE,0.005229338099450205,0.010074569927274919,0.00520438515788434,0.1759293044000536,0.00021988318048792033,0.0070362617756134505,0.0005819896653804779,0.0010097771481378803,0.0033974557442104647,78161.26830176821,0.5229338099450205,0.1019238119505772,-0.34621770359314613,,7,1,390,421,2025-06-05 21:00:00,2025-06-17 13:30:00,78620.0,78570.0,32,-0.06359704909691954,-0.0019874077842787358,6.0,-1.0,381.0,389.0,2025-06-03 13:30:00,2025-06-05 13:30:00,77650.0,78170.0,9.0,0.6696716033483652,0.07440795592759614,672635.0,,21019.84375,,210538.0,0.0,23393.11111111111,0.0,0.8985484508734766,,3.1948389364390275,,50.0,34.375,15.625,True,False,2025-06-13 21:00:00,78440.0,2025-06-13 13:30:00,78010.0,1,1,2025-06-17 13:30:00,78570.0,2025-06-17 09:00:00,78490.0,2,2,0.5165863352434023,291.0096556207956,
CU:5m:1:-1:9814:9820:1,CU,5m,9831,2025-06-17 23:20:00,0.0,-1,-1,BOS,-1,78510.0,236.0,CHoCH,-1,78500.0,11.0,17,11,10,4,active_bear_internal_ob,internal,-1.0,11.0,78510.0,78590.0,78550.0,0.05097489486427934,current_internal_low,internal,0.0,4.0,78360.0,78360.0,78360.0,0.14018096087676818,78500.0,78510.0,78450.0,78470.0,265.0,182664.0,0,0,0,0,0,0,,78590.0,11.0,above,0.15292468459283803,78690.0,False,,78360.0,4.0,below,0.14018096087676818,78500.0,False,,78730.0,30.0,above,0.3313368166178157,78880.0,False,,77810.0,163.0,below,0.8410857652606092,78510.0,False,,0,0,7.657656004811387e-06,-10,NONE,0.0013096881838816033,0.0009265155027301601,0.00032906891811165215,0.8778720006952501,7.657656004811387e-06,7.657656004811386e-05,4.181287366722408e-05,,,78367.36319042754,0.13096881838816032,-0.012742099898066517,-0.610548301461892,,146,-1,9822,9831,2025-06-17 22:30:00,2025-06-17 23:15:00,78390.0,78470.0,10,0.10205383339711993,0.010205383339711993,145.0,1.0,9807.0,9821.0,2025-06-17 21:15:00,2025-06-17 22:25:00,78640.0,78440.0,15.0,-0.254323499491349,-0.016954899966089936,4786.0,,478.6,,8940.0,0.0,596.0,0.0,0.803020134228188,,0.5353467561521252,,0.0,20.0,80.0,True,False,2025-06-17 22:30:00,78390.0,,,1,0,2025-06-17 23:10:00,78480.0,2025-06-17 23:15:00,78470.0,1,1,0.3551682806623158,56.342743000528586,
CU:5m:1:-1:9814:9820:1,CU,15m,3276,2025-06-17 23:15:00,5.0,-1,-1,CHoCH,-1,78410.0,78.0,CHoCH,-1,78470.0,19.0,11,6,4,2,active_bear_internal_ob,internal,-1.0,19.0,78690.0,78730.0,78710.0,0.28036192175353636,current_internal_low,internal,0.0,10.0,78430.0,78430.0,78430.0,0.05097489486427934,78420.0,78500.0,78400.0,78480.0,838.0,182651.0,0,0,0,0,0,0,,78690.0,2.0,above,0.28036192175353636,78730.0,False,,78430.0,10.0,below,0.05097489486427934,78470.0,False,,79470.0,136.0,above,1.2743723716069835,79180.0,False,,77810.0,20.0,below,0.8410857652606092,78410.0,False,,0,0,8.829211367282533e-05,29,NONE,0.0018611595684933006,0.0038176585508741317,0.0016255032357628102,0.1143669609009601,8.829211367282533e-05,0.0025604712965119347,0.00016152264512481196,0.0007463417593664978,0.0018247982307930677,78334.20754009641,0.18611595684933008,0.05099439061704292,-1.603467538188279,,47,1,3248,3276,2025-06-16 23:45:00,2025-06-17 23:00:00,78710.0,78480.0,29,-0.29221191716427564,-0.010076273005664677,46.0,-1.0,3144.0,3247.0,2025-06-11 21:00:00,2025-06-16 23:30:00,78550.0,78600.0,104.0,0.06365372374284028,0.0006120550359888489,60720.0,,2093.793103448276,,274935.0,0.0,2643.605769230769,0.0,0.7920216878848481,,0.22085220142942877,,17.24137931034483,68.96551724137932,13.793103448275861,True,False,,,,,0,0,2025-06-17 21:00:00,78610.0,2025-06-17 21:30:00,78550.0,1,2,0.4257853902074657,88.76578275949664,
CU:5m:1:-1:9814:9820:1,CU,1h,953,2025-06-17 23:00:00,20.0,1,-1,CHoCH,1,78630.0,73.0,BOS,-1,78510.0,22.0,8,4,2,1,current_internal_high,internal,0.0,2.0,78730.0,78730.0,78730.0,0.3313368166178157,current_internal_low,internal,0.0,14.0,77810.0,77810.0,77810.0,0.8410857652606092,78550.0,78570.0,78360.0,78440.0,6531.0,182886.0,0,0,0,0,0,0,,78730.0,2.0,above,0.3313368166178157,78880.0,False,,77810.0,14.0,below,0.8410857652606092,78510.0,False,,79470.0,3.0,above,1.2743723716069835,78630.0,False,,77390.0,43.0,below,1.3763221613355423,77520.0,False,,0,0,-0.0005271967828705079,-23,NONE,0.0049299485543632775,0.00473354463586627,0.0057384990422339,0.5136513976933108,-0.0005271967828705079,-0.01212552600602168,0.0007932089812761056,0.0015240864611218985,-0.010693743958979929,78055.19191943623,0.49299485543632776,-0.14003819223424863,-0.3532274603132067,,14,-1,931,953,2025-06-13 11:00:00,2025-06-17 22:00:00,78330.0,78440.0,23,0.14043150772373725,0.006105717727119011,13.0,1.0,880.0,930.0,2025-06-05 21:00:00,2025-06-13 10:00:00,78890.0,78590.0,51.0,-0.3802763341361426,-0.007456398708551816,202935.0,,8823.260869565218,,485721.0,0.0,9523.941176470587,0.0,0.9264295847777348,,0.4178015774487823,,56.52173913043478,21.73913043478261,21.73913043478261,True,False,2025-06-13 21:00:00,77960.0,,,1,0,2025-06-13 23:00:00,78440.0,,,1,0,1.212304833623633,173.9868131718263,4.0
CU:5m:1:-1:9814:9820:1,CU,4h,421,2025-06-17 15:00:00,500.0,1,-1,CHoCH,1,79090.0,23.0,CHoCH,-1,78510.0,9.0,3,2,1,1,active_bear_internal_ob,internal,-1.0,9.0,78570.0,78880.0,78725.0,0.12743723716069835,active_bull_internal_ob,internal,1.0,113.0,77160.0,77970.0,77565.0,0.6371861858034917,78490.0,78610.0,78460.0,78570.0,15052.0,184424.0,0,0,0,0,0,0,,78880.0,8.0,above,0.5224926723588633,79470.0,False,,77810.0,2.0,below,0.8410857652606092,78510.0,False,,79090.0,39.0,above,0.7901108703963298,83320.0,True,23.0,71320.0,127.0,below,9.111762456989933,76550.0,False,,0,0,0.00021988318048792033,32,NONE,0.005229338099450205,0.010074569927274919,0.00520438515788434,0.1759293044000536,0.00021988318048792033,0.0070362617756134505,0.0005819896653804779,0.0010097771481378803,0.0033974557442104647,78161.26830176821,0.5229338099450205,0.1019238119505772,-0.34621770359314613,,7,1,390,421,2025-06-05 21:00:00,2025-06-17 13:30:00,78620.0,78570.0,32,-0.06359704909691954,-0.0019874077842787358,6.0,-1.0,381.0,389.0,2025-06-03 13:30:00,2025-06-05 13:30:00,77650.0,78170.0,9.0,0.6696716033483652,0.07440795592759614,672635.0,,21019.84375,,210538.0,0.0,23393.11111111111,0.0,0.8985484508734766,,3.1948389364390275,,50.0,34.375,15.625,True,False,2025-06-13 21:00:00,78440.0,2025-06-13 13:30:00,78010.0,1,1,2025-06-17 13:30:00,78570.0,2025-06-17 09:00:00,78490.0,2,2,0.5165863352434023,291.0096556207956,
CU:5m:1:-1:9814:9820:2,CU,5m,9840,2025-06-18 00:05:00,0.0,-1,-1,BOS,-1,78510.0,245.0,CHoCH,-1,78500.0,20.0,17,11,10,4,active_bear_internal_ob,internal,-1.0,20.0,78510.0,78590.0,78550.0,0.012738853503184712,current_internal_low,internal,0.0,13.0,78360.0,78360.0,78360.0,0.17834394904458598,78490.0,78520.0,78480.0,78500.0,205.0,182577.0,0,0,0,0,0,0,,78510.0,4.0,above,0.012738853503184712,78590.0,False,,78360.0,13.0,below,0.17834394904458598,78500.0,False,,78730.0,39.0,above,0.2929936305732484,78880.0,False,,77810.0,172.0,below,0.8789808917197452,78510.0,False,,0,0,7.0720495931539245e-06,-19,NONE,0.0016346181862305505,0.001113251648676706,0.0003339358756902085,0.9407708438381603,7.0720495931539245e-06,0.00013436894226992457,2.962362826530729e-05,6.829976604527666e-05,,78371.89188024326,0.16346181862305506,0.025484199796133034,-0.42772681056426176,,146,-1,9822,9840,2025-06-17 22:30:00,2025-06-18 00:00:00,78390.0,78500.0,19,0.14032402092103435,0.007385474785317598,145.0,1.0,9807.0,9821.0,2025-06-17 21:15:00,2025-06-17 22:25:00,78640.0,78440.0,15.0,-0.254323499491349,-0.016954899966089936,6130.0,,322.63157894736844,,8940.0,0.0,596.0,0.0,0.5413281525962558,,0.685682326621924,,0.0,57.89473684210527,42.10526315789473,False,False,2025-06-17 22:30:00,78390.0,,,1,0,2025-06-17 23:50:00,78480.0,2025-06-17 23:40:00,78470.0,3,2,0.2999644115390708,48.58315516760439,
CU:5m:1:-1:9814:9820:2,CU,15m,3279,2025-06-18 00:00:00,5.0,-1,-1,CHoCH,-1,78410.0,81.0,CHoCH,-1,78470.0,22.0,11,6,4,2,active_bear_internal_ob,internal,-1.0,22.0,78690.0,78730.0,78710.0,0.24203821656050956,current_internal_low,internal,0.0,0.0,78360.0,78360.0,78360.0,0.17834394904458598,78460.0,78490.0,78440.0,78480.0,329.0,182635.0,0,0,0,0,0,0,,78690.0,5.0,above,0.24203821656050956,78730.0,False,,78360.0,0.0,below,0.17834394904458598,78430.0,False,,79470.0,139.0,above,1.2356687898089171,79180.0,False,,77810.0,23.0,below,0.8789808917197452,78410.0,False,,0,0,8.111119973544523e-05,32,NONE,0.0018260981746831917,0.003615883898079616,0.0016704034098746995,0.1419792671980855,8.111119973544523e-05,0.0025955583915342473,7.226580948849204e-05,0.0003445772582897355,0.0014613865454649044,78336.94904034717,0.18260981746831917,0.0127437237160688,-1.5377784110563704,,47,1,3248,3279,2025-06-16 23:45:00,2025-06-17 23:45:00,78710.0,78480.0,32,-0.29221191716427564,-0.009131622411383614,46.0,-1.0,3144.0,3247.0,2025-06-11 21:00:00,2025-06-16 23:30:00,78550.0,78600.0,104.0,0.06365372374284028,0.0006120550359888489,62124.0,,1941.375,,274935.0,0.0,2643.605769230769,0.0,0.7343663047629441,,0.22595886300398277,,15.625,62.5,21.875,True,False,,,,,0,0,2025-06-17 21:00:00,78610.0,2025-06-17 21:30:00,78550.0,1,2,0.4619626782712368,82.93309938870779,
CU:5m:1:-1:9814:9820:2,CU,1h,954,2025-06-18 00:00:00,5.0,1,-1,CHoCH,1,78630.0,74.0,BOS,-1,78510.0,23.0,8,4,2,1,current_internal_high,internal,0.0,3.0,78730.0,78730.0,78730.0,0.2929936305732484,current_internal_low,internal,0.0,15.0,77810.0,77810.0,77810.0,0.8789808917197452,78420.0,78510.0,78400.0,78480.0,2242.0,182635.0,0,0,0,0,0,0,,78730.0,3.0,above,0.2929936305732484,78880.0,False,,77810.0,15.0,below,0.8789808917197452,78510.0,False,,79470.0,4.0,above,1.2356687898089171,78630.0,False,,77390.0,44.0,below,1.414012738853503,77520.0,False,,0,0,-0.0005034977744849308,-24,NONE,0.005400089390092826,0.004761317333959044,0.005619253765294775,0.5452525231548837,-0.0005034977744849308,-0.012083946587638339,0.0007459604944621834,0.0014702215413899822,0.0031392220879811195,78058.47724522128,0.5400089390092826,0.05099439061704292,-1.6637615933274421,,14,-1,931,954,2025-06-13 11:00:00,2025-06-17 23:00:00,78330.0,78480.0,24,0.19149751053235686,0.007979062938848203,13.0,1.0,880.0,930.0,2025-06-05 21:00:00,2025-06-13 10:00:00,78890.0,78590.0,51.0,-0.3802763341361426,-0.007456398708551816,205177.0,,8549.041666666666,,485721.0,0.0,9523.941176470587,0.0,0.8976369664889927,,0.4224173959948201,,58.333333333333336,20.833333333333336,20.833333333333336,True,False,2025-06-13 21:00:00,77960.0,,,1,0,2025-06-13 23:00:00,78440.0,,,1,0,1.180188878656898,169.41632651669585,4.0
CU:5m:1:-1:9814:9820:2,CU,4h,422,2025-06-18 00:00:00,5.0,1,-1,CHoCH,1,79090.0,24.0,CHoCH,-1,78510.0,10.0,3,2,1,1,active_bear_internal_ob,internal,-1.0,10.0,78570.0,78880.0,78725.0,0.08917197452229299,active_bull_internal_ob,internal,1.0,114.0,77160.0,77970.0,77565.0,0.6751592356687898,78600.0,78690.0,78360.0,78480.0,18263.0,182635.0,0,0,0,0,0,0,,78880.0,9.0,above,0.4840764331210191,79470.0,False,,77810.0,3.0,below,0.8789808917197452,78510.0,False,,79090.0,40.0,above,0.7515923566878981,83320.0,True,24.0,71320.0,128.0,below,9.146496815286625,76550.0,False,,0,0,0.00021677939811554921,33,NONE,0.003960773004805982,0.00988930335386677,0.005230985266989643,0.12853392414596565,0.00021677939811554921,0.007153720137813124,0.0005492790505463585,0.0008789246421632146,0.003126822418870745,78170.38484991118,0.3960773004805982,-0.11454753722794919,-0.06700438296232822,,7,1,390,422,2025-06-05 21:00:00,2025-06-17 21:00:00,78620.0,78480.0,33,-0.17807173747138583,-0.005396113256708661,6.0,-1.0,381.0,389.0,2025-06-03 13:30:00,2025-06-05 13:30:00,77650.0,78170.0,9.0,0.6696716033483652,0.07440795592759614,690898.0,,20936.303030303032,,210538.0,0.0,23393.11111111111,0.0,0.8949772833062312,,3.281583372122847,,48.484848484848484,36.36363636363637,15.151515151515152,True,False,2025-06-13 21:00:00,78440.0,2025-06-13 13:30:00,78010.0,1,1,2025-06-17 13:30:00,78570.0,2025-06-17 21:00:00,78480.0,2,3,0.5289538686205131,293.79468021931024,
CU:5m:1:-1:9814:9820:3,CU,5m,9842,2025-06-18 00:15:00,0.0,-1,-1,BOS,-1,78510.0,247.0,CHoCH,-1,78500.0,22.0,17,11,10,4,active_bear_internal_ob,internal,-1.0,22.0,78510.0,78590.0,78550.0,0.012738853503184712,current_internal_low,internal,0.0,15.0,78360.0,78360.0,78360.0,0.17834394904458598,78480.0,78520.0,78480.0,78500.0,118.0,182612.0,0,0,0,0,0,0,,78510.0,6.0,above,0.012738853503184712,78590.0,False,,78360.0,15.0,below,0.17834394904458598,78500.0,False,,78730.0,41.0,above,0.2929936305732484,78880.0,False,,77810.0,174.0,below,0.8789808917197452,78510.0,False,,0,0,6.933875012636394e-06,-21,NONE,0.0016233590156130911,0.001150041737240345,0.0003394276782675138,0.9184101666222886,6.933875012636394e-06,0.00014561137526536427,2.9738638854803767e-05,6.254564424956754e-05,0.00014561137526536427,78372.77285261112,0.16233590156130911,0.025484199796133034,-0.8064313284856744,,146,-1,9822,9842,2025-06-17 22:30:00,2025-06-18 00:10:00,78390.0,78500.0,21,0.14032402092103435,0.006682096234334969,145.0,1.0,9807.0,9821.0,2025-06-17 21:15:00,2025-06-17 22:25:00,78640.0,78440.0,15.0,-0.254323499491349,-0.016954899966089936,6314.0,,300.6666666666667,,8940.0,0.0,596.0,0.0,0.5044742729306488,,0.7062639821029083,,0.0,61.904761904761905,38.095238095238095,False,False,2025-06-17 22:30:00,78390.0,,,1,0,2025-06-17 23:50:00,78480.0,2025-06-17 23:40:00,78470.0,3,2,0.2951437911131894,46.074251139413995,
CU:5m:1:-1:9814:9820:3,CU,15m,3280,2025-06-18 00:15:00,0.0,-1,-1,CHoCH,-1,78410.0,82.0,CHoCH,-1,78470.0,23.0,11,6,4,2,active_bear_internal_ob,internal,-1.0,23.0,78690.0,78730.0,78710.0,0.24203821656050956,current_internal_low,internal,0.0,1.0,78360.0,78360.0,78360.0,0.17834394904458598,78490.0,78520.0,78480.0,78500.0,389.0,182612.0,0,0,0,0,0,0,,78690.0,6.0,above,0.24203821656050956,78730.0,False,,78360.0,1.0,below,0.17834394904458598,78430.0,False,,79470.0,140.0,above,1.2356687898089171,79180.0,False,,77810.0,24.0,below,0.8789808917197452,78410.0,False,,0,0,7.903674295506985e-05,33,NONE,0.0020687580621086966,0.0035690012969895883,0.0016661422210385278,0.18394592322870823,7.903674295506985e-05,0.0026082125175173054,6.659802987152297e-05,0.0002522674896150434,0.001383743933978332,78337.93775969067,0.20687580621086965,0.025484199796133034,-1.3238113020315534,,47,1,3248,3280,2025-06-16 23:45:00,2025-06-18 00:00:00,78710.0,78500.0,33,-0.2668021852369473,-0.00808491470414992,46.0,-1.0,3144.0,3247.0,2025-06-11 21:00:00,2025-06-16 23:30:00,78550.0,78600.0,104.0,0.06365372374284028,0.0006120550359888489,62513.0,,1894.3333333333333,,274935.0,0.0,2643.605769230769,0.0,0.7165717957577852,,0.22737374288468185,,15.151515151515152,60.60606060606061,24.242424242424242,True,False,,,,,0,0,2025-06-17 21:00:00,78610.0,2025-06-17 21:30:00,78550.0,1,2,0.4668371015846645,79.86644943237152,
CU:5m:1:-1:9814:9820:3,CU,1h,954,2025-06-18 00:00:00,15.0,1,-1,CHoCH,1,78630.0,74.0,BOS,-1,78510.0,23.0,8,4,2,1,current_internal_high,internal,0.0,3.0,78730.0,78730.0,78730.0,0.2929936305732484,current_internal_low,internal,0.0,15.0,77810.0,77810.0,77810.0,0.8789808917197452,78420.0,78510.0,78400.0,78480.0,2242.0,182635.0,0,0,0,0,0,0,,78730.0,3.0,above,0.2929936305732484,78880.0,False,,77810.0,15.0,below,0.8789808917197452,78510.0,False,,79470.0,4.0,above,1.2356687898089171,78630.0,False,,77390.0,44.0,below,1.414012738853503,77520.0,False,,0,0,-0.0005034977744849308,-24,NONE,0.005400089390092826,0.004761317333959044,0.005619253765294775,0.5452525231548837,-0.0005034977744849308,-0.012083946587638339,0.0007459604944621834,0.0014702215413899822,0.0031392220879811195,78058.47724522128,0.5400089390092826,0.05099439061704292,-1.6637615933274421,,14,-1,931,954,2025-06-13 11:00:00,2025-06-17 23:00:00,78330.0,78480.0,24,0.19149751053235686,0.007979062938848203,13.0,1.0,880.0,930.0,2025-06-05 21:00:00,2025-06-13 10:00:00,78890.0,78590.0,51.0,-0.3802763341361426,-0.007456398708551816,205177.0,,8549.041666666666,,485721.0,0.0,9523.941176470587,0.0,0.8976369664889927,,0.4224173959948201,,58.333333333333336,20.833333333333336,20.833333333333336,True,False,2025-06-13 21:00:00,77960.0,,,1,0,2025-06-13 23:00:00,78440.0,,,1,0,1.180188878656898,169.41632651669585,4.0
CU:5m:1:-1:9814:9820:3,CU,4h,422,2025-06-18 00:00:00,15.0,1,-1,CHoCH,1,79090.0,24.0,CHoCH,-1,78510.0,10.0,3,2,1,1,active_bear_internal_ob,internal,-1.0,10.0,78570.0,78880.0,78725.0,0.08917197452229299,active_bull_internal_ob,internal,1.0,114.0,77160.0,77970.0,77565.0,0.6751592356687898,78600.0,78690.0,78360.0,78480.0,18263.0,182635.0,0,0,0,0,0,0,,78880.0,9.0,above,0.4840764331210191,79470.0,False,,77810.0,3.0,below,0.8789808917197452,78510.0,False,,79090.0,40.0,above,0.7515923566878981,83320.0,True,24.0,71320.0,128.0,below,9.146496815286625,76550.0,False,,0,0,0.00021677939811554921,33,NONE,0.003960773004805982,0.00988930335386677,0.005230985266989643,0.12853392414596565,0.00021677939811554921,0.007153720137813124,0.0005492790505463585,0.0008789246421632146,0.003126822418870745,78170.38484991118,0.3960773004805982,-0.11454753722794919,-0.06700438296232822,,7,1,390,422,2025-06-05 21:00:00,2025-06-17 21:00:00,78620.0,78480.0,33,-0.17807173747138583,-0.005396113256708661,6.0,-1.0,381.0,389.0,2025-06-03 13:30:00,2025-06-05 13:30:00,77650.0,78170.0,9.0,0.6696716033483652,0.07440795592759614,690898.0,,20936.303030303032,,210538.0,0.0,23393.11111111111,0.0,0.8949772833062312,,3.281583372122847,,48.484848484848484,36.36363636363637,15.151515151515152,True,False,2025-06-13 21:00:00,78440.0,2025-06-13 13:30:00,78010.0,1,1,2025-06-17 13:30:00,78570.0,2025-06-17 21:00:00,78480.0,2,3,0.5289538686205131,293.79468021931024,
CU:5m:1:1:9832:9843:1,CU,5m,9957,2025-06-19 10:05:00,0.0,1,-1,CHoCH,1,78730.0,76.0,BOS,-1,78530.0,5.0,18,12,11,4,active_bear_internal_ob,internal,-1.0,5.0,78560.0,78640.0,78600.0,0.03820196103399975,active_bull_internal_ob,internal,1.0,114.0,78440.0,78490.0,78465.0,0.050935948045332996,78520.0,78550.0,78480.0,78530.0,1679.0,179665.0,1,0,0,0,1,0,current_internal_low,78620.0,14.0,above,0.11460588310199923,78640.0,False,,78530.0,22.0,overlap,0.0,78530.0,True,5.0,78870.0,11.0,above,0.4329555583853305,78730.0,False,,78360.0,85.0,below,0.21647777919266525,77810.0,False,,-1,-1,-3.73630940904469e-05,-55,DOWN_CONFIRMED,-0.0019108524205977456,-0.002641931179446565,0.0004977050142549358,0.9290700054473806,-3.73630940904469e-05,-0.0020549701749745797,-0.0004938912720976463,-0.0008788008343381115,-0.001268595087890012,78680.34653062151,-0.19108524205977456,0.012735608762093342,3.071203473753824,,148,-1,9903,9957,2025-06-18 21:30:00,2025-06-19 10:00:00,78600.0,78530.0,55,-0.08905852417302462,-0.001619245894054993,147.0,1.0,9862.0,9902.0,2025-06-18 09:50:00,2025-06-18 21:25:00,78690.0,78670.0,41.0,-0.025416190113103365,-0.0006199070759293503,21679.0,,394.1636363636364,,36197.0,0.0,882.8536585365854,0.0,0.4464654278229989,,0.5989170373235351,,0.0,67.27272727272727,32.72727272727273,True,True,,,,,0,0,2025-06-19 00:50:00,78600.0,2025-06-19 09:00:00,78580.0,5,5,0.18838682026501372,46.96492778477768,
CU:5m:1:1:9832:9843:1,CU,15m,3318,2025-06-19 10:00:00,5.0,-1,-1,CHoCH,-1,78410.0,120.0,CHoCH,-1,78600.0,17.0,11,6,4,2,current_internal_high,internal,0.0,6.0,78660.0,78660.0,78660.0,0.16554183114733223,current_internal_low,internal,0.0,9.0,78500.0,78500.0,78500.0,0.03820196103399975,78530.0,78590.0,78520.0,78520.0,1890.0,180198.0,0,0,0,0,0,0,,78660.0,6.0,above,0.16554183114733223,78870.0,False,,78500.0,9.0,below,0.03820196103399975,78600.0,False,,79470.0,178.0,above,1.1969947790653253,79180.0,False,,77810.0,62.0,below,0.9168470648159939,78410.0,False,,1,1,0.000122141338609357,71,UP_CONFIRMED,-0.0037015982813197105,0.0014678170667884142,0.003227151255358523,0.05459428510586506,0.000122141338609357,0.008672035041264348,-0.00029029512694256354,-0.00033194019019511245,-0.000720116756581457,78811.72936195404,-0.37015982813197107,0.0,0.5437091166746084,,47,1,3248,3318,2025-06-16 23:45:00,2025-06-19 09:45:00,78710.0,78520.0,71,-0.241392453309619,-0.003399893708586183,46.0,-1.0,3144.0,3247.0,2025-06-11 21:00:00,2025-06-16 23:30:00,78550.0,78600.0,104.0,0.06365372374284028,0.0006120550359888489,127983.0,,1802.5774647887324,,274935.0,0.0,2643.605769230769,0.0,0.6818631907106341,,0.4655027551966828,,15.492957746478872,46.478873239436616,38.028169014084504,True,True,,,2025-06-18 14:45:00,78860.0,0,1,2025-06-18 09:00:00,78600.0,2025-06-18 21:00:00,78680.0,3,4,2.198605894683821,74.33724702393252,
CU:5m:1:1:9832:9843:1,CU,1h,965,2025-06-19 10:00:00,5.0,1,1,CHoCH,1,78630.0,85.0,CHoCH,1,78730.0,5.0,9,4,2,1,active_bear_internal_ob,internal,-1.0,34.0,78770.0,78880.0,78825.0,0.305615688271998,current_internal_low,internal,0.0,7.0,78360.0,78360.0,78360.0,0.21647777919266525,78600.0,78640.0,78510.0,78520.0,7487.0,180198.0,1,1,1,0,1,0,active_bull_internal_ob,78870.0,0.0,above,0.4329555583853305,78730.0,False,,78360.0,7.0,below,0.21647777919266525,77810.0,False,,79470.0,15.0,above,1.1969947790653253,78630.0,False,,77390.0,55.0,below,1.4516745192919904,77520.0,False,,0,0,-0.00029794862461738345,-35,NONE,0.004229439806123038,0.005253950467526243,0.004771701271609104,0.41499845451692147,-0.00029794862461738345,-0.010428201861608422,0.0005424418516735141,0.0016259426473306249,0.003019468712139428,78189.3030492704,0.42294398061230376,-0.11448925073146432,0.374234345481454,,14,-1,931,965,2025-06-13 11:00:00,2025-06-19 09:00:00,78330.0,78520.0,35,0.24256351334099868,0.006930386095457105,13.0,1.0,880.0,930.0,2025-06-05 21:00:00,2025-06-13 10:00:00,78890.0,78590.0,51.0,-0.3802763341361426,-0.007456398708551816,271036.0,,7743.885714285714,,485721.0,0.0,9523.941176470587,0.0,0.8130967601330218,,0.5580075804834462,,57.14285714285714,28.57142857142857,14.285714285714285,True,False,2025-06-13 21:00:00,77960.0,,,1,0,2025-06-13 23:00:00,78440.0,2025-06-18 21:00:00,78570.0,1,1,0.9082120779596539,158.41550948625684,4.0
CU:5m:1:1:9832:9843:1,CU,4h,427,2025-06-19 01:00:00,545.0,1,1,CHoCH,1,79090.0,29.0,CHoCH,1,78730.0,2.0,4,2,1,1,active_bear_internal_ob,internal,-1.0,15.0,78570.0,78880.0,78725.0,0.050935948045332996,current_internal_low,internal,0.0,0.0,78360.0,78360.0,78360.0,0.21647777919266525,78540.0,78620.0,78540.0,78610.0,970.0,180888.0,1,1,1,0,1,0,active_bull_internal_ob,78730.0,3.0,above,0.25467974022666495,78880.0,True,2.0,78360.0,0.0,below,0.21647777919266525,77810.0,False,,79090.0,45.0,above,0.7131032726346619,83320.0,True,29.0,71320.0,133.0,below,9.181204635171273,76550.0,False,,0,0,0.000202265469459807,38,NONE,0.005092528721016749,0.009341635808754073,0.005101182835420475,0.20243221635021164,0.000202265469459807,0.007686087839472666,0.0005285863428938775,0.0010781557348447102,0.0023587460106497815,78211.7046477616,0.5092528721016749,0.08912655971480277,-1.5376629240443118,,7,1,390,427,2025-06-05 21:00:00,2025-06-19 00:00:00,78620.0,78610.0,38,-0.012719409819383909,-0.00033472131103641864,6.0,-1.0,381.0,389.0,2025-06-03 13:30:00,2025-06-05 13:30:00,77650.0,78170.0,9.0,0.6696716033483652,0.07440795592759614,749270.0,,19717.63157894737,,210538.0,0.0,23393.11111111111,0.0,0.8428819700506623,,3.5588349846583514,,42.10526315789473,44.73684210526316,13.157894736842104,False,False,2025-06-13 21:00:00,78440.0,2025-06-13 13:30:00,78010.0,1,1,2025-06-18 00:00:00,78560.0,2025-06-17 21:00:00,78480.0,3,3,0.5460695471172342,266.4725415799005,
CU:5m:1:1:9832:9843:2,CU,5m,9965,2025-06-19 11:00:00,0.0,1,-1,CHoCH,1,78730.0,84.0,BOS,-1,78530.0,13.0,18,12,11,4,active_bear_internal_ob,internal,-1.0,13.0,78560.0,78640.0,78600.0,0.07643312101910828,active_bull_internal_ob,internal,1.0,122.0,78440.0,78490.0,78465.0,0.012738853503184712,78530.0,78540.0,78480.0,78500.0,1488.0,178970.0,0,0,0,0,0,0,,78620.0,22.0,above,0.15286624203821655,78640.0,False,,78480.0,3.0,below,0.025477707006369425,78530.0,False,,78870.0,19.0,above,0.4713375796178344,78730.0,False,,78360.0,93.0,below,0.17834394904458598,77810.0,False,,-1,-1,-4.3157124770047925e-05,-63,DOWN_CONFIRMED,-0.0016279292537500934,-0.002503993390927091,0.0005919482107600373,0.9305590452281041,-4.3157124770047925e-05,-0.0027188988605130193,-0.00043977907579273445,-0.0009453273238428928,-0.0017171086393222845,78628.00082270316,-0.16279292537500933,-0.05092946269417142,1.9020583260004402,,148,-1,9903,9965,2025-06-18 21:30:00,2025-06-19 10:55:00,78600.0,78500.0,63,-0.12722646310432406,-0.0020194676683226043,147.0,1.0,9862.0,9902.0,2025-06-18 09:50:00,2025-06-18 21:25:00,78690.0,78670.0,41.0,-0.025416190113103365,-0.0006199070759293503,30005.0,,476.26984126984127,,36197.0,0.0,882.8536585365854,0.0,0.539466350583294,,0.8289360996767688,,0.0,58.730158730158735,41.269841269841265,True,True,,,,,0,0,2025-06-19 00:50:00,78600.0,2025-06-19 09:00:00,78580.0,5,5,0.23640166659580175,44.26871036072356,
CU:5m:1:1:9832:9843:2,CU,15m,3321,2025-06-19 11:00:00,0.0,-1,-1,CHoCH,-1,78410.0,123.0,CHoCH,-1,78600.0,20.0,11,6,4,2,current_internal_high,internal,0.0,9.0,78660.0,78660.0,78660.0,0.2038216560509554,active_bull_internal_ob,internal,1.0,90.0,78140.0,78260.0,78200.0,0.3057324840764331,78540.0,78560.0,78480.0,78500.0,3724.0,178970.0,1,0,0,0,1,0,current_internal_low,78660.0,9.0,above,0.2038216560509554,78870.0,False,,78500.0,12.0,overlap,0.0,78600.0,False,,79470.0,181.0,above,1.2356687898089171,79180.0,False,,77810.0,65.0,below,0.8789808917197452,78410.0,False,,1,1,0.00011202352015800239,74,UP_CONFIRMED,-0.0035777158157272973,0.0012732595916063818,0.0032999048881270344,0.07077614876128607,0.00011202352015800239,0.008289740491692177,-0.0005228934411327657,-0.0006800537259606942,-0.0009123200458162062,78781.8591033063,-0.35777158157272976,-0.05092946269417142,2.233402362214139,,47,1,3248,3321,2025-06-16 23:45:00,2025-06-19 10:45:00,78710.0,78500.0,74,-0.2668021852369473,-0.003605434935634423,46.0,-1.0,3144.0,3247.0,2025-06-11 21:00:00,2025-06-16 23:30:00,78550.0,78600.0,104.0,0.06365372374284028,0.0006120550359888489,137988.0,,1864.7027027027027,,274935.0,0.0,2643.605769230769,0.0,0.7053633807302857,,0.5018931747503955,,14.864864864864865,44.5945945945946,40.54054054054054,True,True,,,2025-06-18 14:45:00,78860.0,0,1,2025-06-18 09:00:00,78600.0,2025-06-18 21:00:00,78680.0,3,4,2.591698432810372,74.80281767914714,
CU:5m:1:1:9832:9843:2,CU,1h,966,2025-06-19 11:00:00,0.0,1,1,CHoCH,1,78630.0,86.0,CHoCH,1,78730.0,6.0,9,4,2,1,active_bear_internal_ob,internal,-1.0,35.0,78770.0,78880.0,78825.0,0.3439490445859873,current_internal_low,internal,0.0,8.0,78360.0,78360.0,78360.0,0.17834394904458598,78520.0,78570.0,78480.0,78500.0,10005.0,178970.0,1,1,1,0,1,0,active_bull_internal_ob,78870.0,1.0,above,0.4713375796178344,78730.0,False,,78360.0,8.0,below,0.17834394904458598,77810.0,False,,79470.0,16.0,above,1.2356687898089171,78630.0,False,,77390.0,56.0,below,1.414012738853503,77520.0,False,,0,0,-0.0002850102765993907,-36,NONE,0.003803404748976494,0.0052136575308998605,0.004710995683936765,0.38233519035011393,-0.0002850102765993907,-0.010260369957578064,0.000465509684498544,0.0015280194838387384,0.003120954218170491,78202.56399671276,0.3803404748976494,-0.025471217524197787,1.034904244305798,,14,-1,931,966,2025-06-13 11:00:00,2025-06-19 10:00:00,78330.0,78500.0,36,0.21703051193668887,0.006028625331574691,13.0,1.0,880.0,930.0,2025-06-05 21:00:00,2025-06-13 10:00:00,78890.0,78590.0,51.0,-0.3802763341361426,-0.007456398708551816,281041.0,,7806.694444444444,,485721.0,0.0,9523.941176470587,0.0,0.8196915856359241,,0.5786058251547699,,55.55555555555556,30.555555555555557,13.88888888888889,True,False,2025-06-13 21:00:00,77960.0,,,1,0,2025-06-13 23:00:00,78440.0,2025-06-18 21:00:00,78570.0,1,1,0.9035874826867775,153.52868738009562,3.0
CU:5m:1:1:9832:9843:2,CU,4h,427,2025-06-19 01:00:00,600.0,1,1,CHoCH,1,79090.0,29.0,CHoCH,1,78730.0,2.0,4,2,1,1,active_bear_internal_ob,internal,-1.0,15.0,78570.0,78880.0,78725.0,0.08917197452229299,current_internal_low,internal,0.0,0.0,78360.0,78360.0,78360.0,0.17834394904458598,78540.0,78620.0,78540.0,78610.0,970.0,180888.0,1,1,1,0,1,0,active_bull_internal_ob,78730.0,3.0,above,0.2929936305732484,78880.0,True,2.0,78360.0,0.0,below,0.17834394904458598,77810.0,False,,79090.0,45.0,above,0.7515923566878981,83320.0,True,29.0,71320.0,133.0,below,9.146496815286625,76550.0,False,,0,0,0.000202265469459807,38,NONE,0.005092528721016749,0.009341635808754073,0.005101182835420475,0.20243221635021164,0.000202265469459807,0.007686087839472666,0.0005285863428938775,0.0010781557348447102,0.0023587460106497815,78211.7046477616,0.5092528721016749,0.08912655971480277,-1.5376629240443118,,7,1,390,427,2025-06-05 21:00:00,2025-06-19 00:00:00,78620.0,78610.0,38,-0.012719409819383909,-0.00033472131103641864,6.0,-1.0,381.0,389.0,2025-06-03 13:30:00,2025-06-05 13:30:00,77650.0,78170.0,9.0,0.6696716033483652,0.07440795592759614,749270.0,,19717.63157894737,,210538.0,0.0,23393.11111111111,0.0,0.8428819700506623,,3.5588349846583514,,42.10526315789473,44.73684210526316,13.157894736842104,False,False,2025-06-13 21:00:00,78440.0,2025-06-13 13:30:00,78010.0,1,1,2025-06-18 00:00:00,78560.0,2025-06-17 21:00:00,78480.0,3,3,0.5460695471172342,266.4725415799005,
CU:5m:1:1:9832:9843:3,CU,5m,9971,2025-06-19 11:30:00,0.0,1,-1,CHoCH,1,78730.0,90.0,BOS,-1,78530.0,19.0,18,12,11,4,active_bear_internal_ob,internal,-1.0,19.0,78560.0,78640.0,78600.0,0.06368615462998345,active_bull_internal_ob,internal,1.0,128.0,78440.0,78490.0,78465.0,0.02547446185199338,78520.0,78520.0,78490.0,78510.0,912.0,178426.0,0,0,0,0,0,0,,78570.0,4.0,above,0.07642338555598013,78620.0,False,,78480.0,9.0,below,0.03821169277799007,78530.0,False,,78870.0,25.0,above,0.45854031333588074,78730.0,False,,78360.0,99.0,below,0.19105846388995032,77810.0,False,,-1,-1,-4.362348847726335e-05,-69,DOWN_CONFIRMED,-0.001209185545055404,-0.0023979021870573053,0.0006628188207547668,0.9635475996858609,-4.362348847726335e-05,-0.003010020704931171,-0.00020204914847232747,-0.000622943426497713,-0.0015520274631481978,78605.0480879163,-0.1209185545055404,0.0,0.04904996384573325,,148,-1,9903,9971,2025-06-18 21:30:00,2025-06-19 11:25:00,78600.0,78510.0,69,-0.11450381679389832,-0.0016594756057086713,147.0,1.0,9862.0,9902.0,2025-06-18 09:50:00,2025-06-18 21:25:00,78690.0,78670.0,41.0,-0.025416190113103365,-0.0006199070759293503,34701.0,,502.9130434782609,,36197.0,0.0,882.8536585365854,0.0,0.5696448540654943,,0.9586706080614416,,0.0,53.62318840579711,46.3768115942029,True,True,,,,,0,0,2025-06-19 00:50:00,78600.0,2025-06-19 09:00:00,78580.0,5,5,0.2764161208627843,38.35799969447438,
CU:5m:1:1:9832:9843:3,CU,15m,3323,2025-06-19 11:30:00,0.0,-1,-1,CHoCH,-1,78410.0,125.0,CHoCH,-1,78600.0,22.0,11,6,4,2,current_internal_high,internal,0.0,11.0,78660.0,78660.0,78660.0,0.19105846388995032,current_internal_low,internal,0.0,14.0,78500.0,78500.0,78500.0,0.01273723092599669,78510.0,78530.0,78490.0,78510.0,1725.0,178426.0,0,0,0,0,0,0,,78660.0,11.0,above,0.19105846388995032,78870.0,False,,78500.0,14.0,below,0.01273723092599669,78600.0,False,,79470.0,183.0,above,1.2227741688956821,79180.0,False,,77810.0,67.0,below,0.8916061648197683,78410.0,False,,1,1,0.00010678579639675077,76,UP_CONFIRMED,-0.0032787596738479254,0.0011543106915325677,0.003335617459332365,0.09192226584194008,0.00010678579639675077,0.008115720526153059,-0.0005515316136313064,-0.0008416666336341638,-0.0009840500272911834,78768.26220168597,-0.3278759673847925,-0.012735608762093342,0.2945407159240781,,47,1,3248,3323,2025-06-16 23:45:00,2025-06-19 11:15:00,78710.0,78510.0,76,-0.25409731927328316,-0.0033433857799116205,46.0,-1.0,3144.0,3247.0,2025-06-11 21:00:00,2025-06-16 23:30:00,78550.0,78600.0,104.0,0.06365372374284028,0.0006120550359888489,142684.0,,1877.421052631579,,274935.0,0.0,2643.605769230769,0.0,0.7101743665727689,,0.518973575572408,,14.473684210526317,43.42105263157895,42.10526315789473,True,True,,,2025-06-18 14:45:00,78860.0,0,1,2025-06-18 09:00:00,78600.0,2025-06-18 21:00:00,78680.0,3,4,2.8897050714341876,71.3350825906932,
CU:5m:1:1:9832:9843:3,CU,1h,967,2025-06-19 11:30:00,0.0,1,1,CHoCH,1,78630.0,87.0,CHoCH,1,78730.0,7.0,9,4,2,1,active_bear_internal_ob,internal,-1.0,36.0,78770.0,78880.0,78825.0,0.3311680040759139,current_internal_low,internal,0.0,9.0,78360.0,78360.0,78360.0,0.19105846388995032,78500.0,78540.0,78480.0,78510.0,4696.0,178426.0,1,1,1,0,1,0,active_bull_internal_ob,78870.0,2.0,above,0.45854031333588074,78730.0,False,,78360.0,9.0,below,0.19105846388995032,77810.0,False,,79470.0,17.0,above,1.2227741688956821,78630.0,False,,77390.0,57.0,below,1.426569863711629,77520.0,False,,0,0,-0.00027527730505916883,-37,NONE,0.0038550969248160338,0.005176939676681379,0.004652116912838805,0.38815234989826963,-0.00027527730505916883,-0.010185260287189246,0.0004546249076768927,0.0014042745705578064,0.002953993815837608,78208.49865733164,0.3855096924816034,0.012738853503191372,-0.5277567920283914,,14,-1,931,967,2025-06-13 11:00:00,2025-06-19 11:00:00,78330.0,78510.0,37,0.22979701263883268,0.006210730071319802,13.0,1.0,880.0,930.0,2025-06-05 21:00:00,2025-06-13 10:00:00,78890.0,78590.0,51.0,-0.3802763341361426,-0.007456398708551816,285737.0,,7722.621621621622,,485721.0,0.0,9523.941176470587,0.0,0.8108640612670704,,0.5882739268016001,,54.054054054054056,32.432432432432435,13.513513513513514,True,False,2025-06-13 21:00:00,77960.0,,,1,0,2025-06-13 23:00:00,78440.0,2025-06-18 21:00:00,78570.0,1,1,0.898622970979062,146.84806685294592,2.0
CU:5m:1:1:9832:9843:3,CU,4h,428,2025-06-19 11:30:00,0.0,1,1,CHoCH,1,79090.0,30.0,CHoCH,1,78730.0,3.0,4,2,1,1,active_bear_internal_ob,internal,-1.0,16.0,78570.0,78880.0,78725.0,0.07642338555598013,current_internal_low,internal,0.0,1.0,78360.0,78360.0,78360.0,0.19105846388995032,78600.0,78640.0,78480.0,78510.0,22188.0,178426.0,1,1,1,0,1,0,active_bull_internal_ob,78730.0,4.0,above,0.2802190803719271,78880.0,True,3.0,78360.0,1.0,below,0.19105846388995032,77810.0,False,,79090.0,46.0,above,0.738759393707808,83320.0,True,30.0,71320.0,134.0,below,9.15806903579162,76550.0,False,,0,0,0.0002008648955679745,39,NONE,0.0036668935075372232,0.009196129595902358,0.005114623354052179,0.13983428344630044,0.0002008648955679745,0.007833730927151006,0.0006596418542852422,0.0010738573584847533,0.0022135843721231563,78223.16398783399,0.36668935075372233,-0.12721027859050604,0.4206074680167482,,7,1,390,428,2025-06-05 21:00:00,2025-06-19 09:00:00,78620.0,78510.0,39,-0.139913508013223,-0.0035875258464928973,6.0,-1.0,381.0,389.0,2025-06-03 13:30:00,2025-06-05 13:30:00,77650.0,78170.0,9.0,0.6696716033483652,0.07440795592759614,771458.0,,19780.97435897436,,210538.0,0.0,23393.11111111111,0.0,0.8455897236164932,,3.66422213567147,,41.02564102564102,46.15384615384615,12.82051282051282,True,False,2025-06-13 21:00:00,78440.0,2025-06-13 13:30:00,78010.0,1,1,2025-06-18 00:00:00,78560.0,2025-06-17 21:00:00,78480.0,3,3,0.5561713001881976,258.86736003847903,
CU:5m:1:1:9852:9856:1,CU,5m,9903,2025-06-18 21:35:00,0.0,1,-1,CHoCH,1,78730.0,22.0,CHoCH,-1,78660.0,6.0,19,10,11,4,current_internal_high,internal,0.0,0.0,78700.0,78700.0,78700.0,0.1272264631043257,active_bull_internal_ob,internal,1.0,47.0,78510.0,78590.0,78550.0,0.01272264631043257,78670.0,78680.0,78580.0,78600.0,1204.0,182556.0,1,0,0,0,1,0,current_internal_low,78700.0,0.0,above,0.1272264631043257,78870.0,False,,78600.0,1.0,overlap,0.0,78660.0,False,,78730.0,102.0,above,0.16539440203562342,78880.0,True,22.0,78360.0,31.0,below,0.3053435114503817,77810.0,False,,0,0,0.0,-1,UP_BROKEN,-0.0030740483111672606,-0.0030740483111672606,0.0,0.5,0.0,0.0,,,,78842.36523971357,-0.30740483111672606,-0.08897928053895887,0.46154055280258993,,148,-1,9903,9903,2025-06-18 21:30:00,2025-06-18 21:30:00,78600.0,78600.0,1,0.0,0.0,147.0,1.0,9862.0,9902.0,2025-06-18 09:50:00,2025-06-18 21:25:00,78690.0,78670.0,41.0,-0.025416190113103365,-0.0006199070759293503,1204.0,,1204.0,,36197.0,0.0,882.8536585365854,0.0,1.363759427576871,,0.033262425062850515,,0.0,0.0,100.0,True,True,,,,,0,0,,,,,0,0,0.0,57.371212235345084,
CU:5m:1:1:9852:9856:1,CU,15m,3300,2025-06-18 21:30:00,5.0,-1,1,CHoCH,-1,78410.0,102.0,CHoCH,1,78720.0,7.0,12,5,4,2,current_internal_high,internal,0.0,8.0,78720.0,78720.0,78720.0,0.15267175572519084,active_bull_internal_ob,internal,1.0,69.0,78140.0,78260.0,78200.0,0.43256997455470736,78680.0,78690.0,78620.0,78670.0,1702.0,182694.0,2,1,1,0,2,0,active_bull_internal_ob|current_internal_low,78720.0,8.0,above,0.15267175572519084,78690.0,True,7.0,78600.0,6.0,overlap,0.0,78360.0,False,,79470.0,160.0,above,1.1068702290076335,79180.0,False,,77810.0,44.0,below,1.005089058524173,78410.0,False,,1,1,0.0001752560968817709,53,UP_CONFIRMED,-0.0024080937872293802,0.00311323362302433,0.0017933134524077243,0.001039036955220729,0.0001752560968817709,0.009288573134733857,0.005013941492714835,0.0056388554590478535,0.006662982143785134,78859.90204016444,-0.24080937872293803,-0.012709710218605785,-0.4376425094921952,,47,1,3248,3300,2025-06-16 23:45:00,2025-06-18 21:15:00,78710.0,78670.0,53,-0.05081946385465663,-0.000958857808578427,46.0,-1.0,3144.0,3247.0,2025-06-11 21:00:00,2025-06-16 23:30:00,78550.0,78600.0,104.0,0.06365372374284028,0.0006120550359888489,107983.0,,2037.4150943396226,,274935.0,0.0,2643.605769230769,0.0,0.7706955091615136,,0.39275828832269444,,20.754716981132077,62.264150943396224,16.9811320754717,True,True,,,2025-06-18 14:45:00,78860.0,0,1,2025-06-18 09:00:00,78600.0,2025-06-18 21:00:00,78680.0,3,4,0.5760291932944055,89.57008165131879,
CU:5m:1:1:9852:9856:1,CU,1h,960,2025-06-18 15:00:00,395.0,1,1,CHoCH,1,78630.0,80.0,CHoCH,1,78730.0,0.0,9,4,2,1,current_internal_high,internal,0.0,9.0,78730.0,78730.0,78730.0,0.16539440203562342,active_bull_internal_ob,internal,1.0,0.0,78360.0,78570.0,78465.0,0.03816793893129771,78670.0,78870.0,78660.0,78860.0,9685.0,184366.0,0,0,0,0,0,0,,78730.0,9.0,above,0.16539440203562342,78880.0,True,0.0,78360.0,2.0,below,0.3053435114503817,77810.0,False,,79470.0,10.0,above,1.1068702290076335,78630.0,False,,77390.0,50.0,below,1.5394402035623411,77520.0,False,,0,0,-0.00036548986677596614,-30,NONE,0.00912495555438052,0.005286334588833889,0.005148398367006156,0.7720439998321706,-0.00036548986677596614,-0.010964696003278984,0.0010829133781189437,0.0017407226883430216,0.003449246705763631,78146.91289313807,0.9124955554380519,0.22877478393492634,0.947923228658578,,14,-1,931,960,2025-06-13 11:00:00,2025-06-18 14:00:00,78330.0,78860.0,30,0.6766245372143542,0.022554151240478475,13.0,1.0,880.0,930.0,2025-06-05 21:00:00,2025-06-13 10:00:00,78890.0,78590.0,51.0,-0.3802763341361426,-0.007456398708551816,244927.0,,8164.233333333334,,485721.0,0.0,9523.941176470587,0.0,0.8572326500192499,,0.5042545000113233,,66.66666666666666,16.666666666666664,16.666666666666664,False,False,2025-06-13 21:00:00,77960.0,,,1,0,2025-06-13 23:00:00,78440.0,,,1,0,0.973907020164957,158.21260560779922,4.0
CU:5m:1:1:9852:9856:1,CU,4h,425,2025-06-18 15:00:00,395.0,1,1,CHoCH,1,79090.0,27.0,CHoCH,1,78730.0,0.0,4,2,1,1,current_internal_high,internal,0.0,1.0,78730.0,78730.0,78730.0,0.16539440203562342,active_bull_internal_ob,internal,1.0,117.0,77160.0,77970.0,77565.0,0.8015267175572519,78690.0,78870.0,78650.0,78860.0,17252.0,184366.0,2,2,1,1,2,0,active_bear_internal_ob|active_bull_internal_ob,78730.0,1.0,above,0.16539440203562342,78880.0,True,0.0,77810.0,6.0,below,1.005089058524173,78510.0,False,,79090.0,43.0,above,0.6234096692111959,83320.0,True,27.0,71320.0,131.0,below,9.26208651399491,76550.0,False,,0,0,0.00020968886215645533,36,NONE,0.008426370894928243,0.009602354381730958,0.005115201255256797,0.4090848355240468,0.00020968886215645533,0.007548799037632392,0.0006166972771552981,0.001214805194640567,0.002627860267527593,78201.04895711491,0.8426370894928243,0.2670057215511834,-0.1348107719113694,,7,1,390,425,2025-06-05 21:00:00,2025-06-18 13:30:00,78620.0,78860.0,36,0.305265835665236,0.008479606546256556,6.0,-1.0,381.0,389.0,2025-06-03 13:30:00,2025-06-05 13:30:00,77650.0,78170.0,9.0,0.6696716033483652,0.07440795592759614,730648.0,,20295.777777777777,,210538.0,0.0,23393.11111111111,0.0,0.8675963484026636,,3.4703853936106546,,44.44444444444444,41.66666666666667,13.88888888888889,False,False,2025-06-13 21:00:00,78440.0,2025-06-13 13:30:00,78010.0,1,1,2025-06-18 00:00:00,78560.0,2025-06-17 21:00:00,78480.0,3,3,0.5327028197364563,274.72555118142304,
CU:5m:1:1:9873:9880:1,CU,5m,9882,2025-06-18 13:50:00,0.0,1,1,CHoCH,1,78730.0,1.0,BOS,1,78680.0,2.0,20,9,11,4,current_swing_high,swing,0.0,81.0,78730.0,78730.0,78730.0,0.03811944091486658,active_bull_internal_ob,internal,1.0,2.0,78620.0,78680.0,78650.0,0.025412960609911054,78740.0,78760.0,78680.0,78700.0,956.0,183508.0,0,0,0,0,0,0,,78680.0,4.0,below,0.025412960609911054,78720.0,True,2.0,78620.0,3.0,below,0.10165184243964422,78600.0,False,,78730.0,81.0,above,0.03811944091486658,78880.0,True,1.0,78360.0,10.0,below,0.4320203303684879,77810.0,False,,0,0,6.520363846230728e-05,21,NONE,0.001473471710946384,0.0016402847584619917,0.0003670874511677687,0.3247621352180504,6.520363846230728e-05,0.001369276407708453,0.000535179547977549,0.0006911832642777505,0.001369276407708453,78584.20839200726,0.1473471710946384,-0.05080010160020132,0.1523007650241824,,147,1,9862,9882,2025-06-18 09:50:00,2025-06-18 13:45:00,78690.0,78700.0,21,0.012708095056557234,0.0006051473836455825,146.0,-1.0,9822.0,9861.0,2025-06-17 22:30:00,2025-06-18 09:45:00,78390.0,78660.0,40.0,0.3444316877152742,0.008610792192881855,19056.0,,907.4285714285714,,15587.0,0.0,389.675,0.0,2.3286804938181085,,1.2225572592545069,,33.33333333333333,66.66666666666666,0.0,False,False,,,,,0,0,2025-06-18 10:30:00,78640.0,2025-06-18 10:10:00,78600.0,1,1,0.22379495345184286,47.89249437348076,
CU:5m:1:1:9873:9880:1,CU,15m,3293,2025-06-18 13:45:00,5.0,-1,1,CHoCH,-1,78410.0,95.0,CHoCH,1,78720.0,0.0,12,5,4,2,current_internal_high,internal,0.0,1.0,78720.0,78720.0,78720.0,0.025412960609911054,active_bull_internal_ob,internal,1.0,0.0,78600.0,78670.0,78635.0,0.03811944091486658,78690.0,78760.0,78650.0,78740.0,5264.0,183367.0,0,0,0,0,0,0,,78720.0,1.0,above,0.025412960609911054,78690.0,True,0.0,78360.0,14.0,below,0.4320203303684879,78430.0,False,,79470.0,153.0,above,0.9783989834815756,79180.0,False,,77810.0,37.0,below,1.130876747141042,78410.0,False,,0,0,8.853261532476323e-05,46,NONE,0.0036665742662331602,0.003436578014311686,0.0014356585265420906,0.5636392657079422,8.853261532476323e-05,0.004072500304939108,0.0006937409081493318,0.0013744011153242752,0.001592376407357321,78452.3486373607,0.366657426623316,0.11443102352193257,2.9122796660896375,,47,1,3248,3293,2025-06-16 23:45:00,2025-06-18 13:30:00,78710.0,78740.0,46,0.03811459789098137,0.0008285782150213341,46.0,-1.0,3144.0,3247.0,2025-06-11 21:00:00,2025-06-16 23:30:00,78550.0,78600.0,104.0,0.06365372374284028,0.0006120550359888489,89886.0,,1954.0434782608695,,274935.0,0.0,2643.605769230769,0.0,0.7391584255883407,,0.32693545747176606,,13.043478260869565,67.3913043478261,19.565217391304348,False,False,,,,,0,0,2025-06-18 09:00:00,78600.0,2025-06-18 00:45:00,78560.0,3,3,0.41775816540851596,78.23911392888567,
CU:5m:1:1:9873:9880:1,CU,1h,958,2025-06-18 11:30:00,140.0,1,-1,CHoCH,1,78630.0,78.0,BOS,-1,78510.0,27.0,8,4,2,1,current_internal_high,internal,0.0,7.0,78730.0,78730.0,78730.0,0.03811944091486658,current_internal_low,internal,0.0,0.0,78360.0,78360.0,78360.0,0.4320203303684879,78670.0,78680.0,78620.0,78650.0,2968.0,182735.0,0,0,0,0,0,0,,78730.0,7.0,above,0.03811944091486658,78880.0,False,,78360.0,0.0,below,0.4320203303684879,77810.0,False,,79470.0,8.0,above,0.9783989834815756,78630.0,False,,77390.0,48.0,below,1.664548919949174,77520.0,False,,0,0,-0.00041052897117260394,-28,NONE,0.0069774413216047,0.005082983204312557,0.005263911766381034,0.6405373559957954,-0.00041052897117260394,-0.01149481119283291,0.0006384564332742038,0.001432171843927188,0.00326977405167006,78105.02675886764,0.69774413216047,-0.02542265158256285,-1.2196373720450007,,14,-1,931,958,2025-06-13 11:00:00,2025-06-18 11:00:00,78330.0,78650.0,28,0.40852802246904574,0.014590286516751634,13.0,1.0,880.0,930.0,2025-06-05 21:00:00,2025-06-13 10:00:00,78890.0,78590.0,51.0,-0.3802763341361426,-0.007456398708551816,227675.0,,8131.25,,485721.0,0.0,9523.941176470587,0.0,0.8537694478929263,,0.46873616747062613,,64.28571428571429,17.857142857142858,17.857142857142858,False,False,2025-06-13 21:00:00,77960.0,,,1,0,2025-06-13 23:00:00,78440.0,,,1,0,1.035594955717141,157.63118756880857,2.0
CU:5m:1:1:9873:9880:1,CU,4h,424,2025-06-18 11:30:00,140.0,1,-1,CHoCH,1,79090.0,26.0,CHoCH,-1,78510.0,12.0,3,2,1,1,current_internal_high,internal,0.0,0.0,78730.0,78730.0,78730.0,0.03811944091486658,active_bull_internal_ob,internal,1.0,116.0,77160.0,77970.0,77565.0,0.9275730622617535,78570.0,78720.0,78510.0,78650.0,20389.0,182735.0,1,1,0,1,1,0,active_bear_internal_ob,78730.0,0.0,above,0.03811944091486658,78880.0,False,,77810.0,5.0,below,1.130876747141042,78510.0,False,,79090.0,42.0,above,0.4955527318932656,83320.0,True,26.0,71320.0,130.0,below,9.37738246505718,76550.0,False,,0,0,0.00020990452209037613,35,NONE,0.0059428034807632495,0.009635953909925322,0.005183842397550716,0.23809774396819428,0.00020990452209037613,0.007346658273163165,0.0005687410404762172,0.0010324301053388218,0.002827808027932921,78185.3597718034,0.5942803480763249,0.11456211812628236,0.124074624572841,,7,1,390,424,2025-06-05 21:00:00,2025-06-18 09:00:00,78620.0,78650.0,35,0.03815822945816283,0.0010902351273760808,6.0,-1.0,381.0,389.0,2025-06-03 13:30:00,2025-06-05 13:30:00,77650.0,78170.0,9.0,0.6696716033483652,0.07440795592759614,713396.0,,20382.742857142857,,210538.0,0.0,23393.11111111111,0.0,0.8713138992214504,,3.388442941416751,,45.714285714285715,40.0,14.285714285714285,False,False,2025-06-13 21:00:00,78440.0,2025-06-13 13:30:00,78010.0,1,1,2025-06-18 00:00:00,78560.0,2025-06-17 21:00:00,78480.0,3,3,0.5379687829568386,278.9352089646094,
CU:5m:1:1:9873:9880:2,CU,5m,9891,2025-06-18 14:35:00,0.0,1,1,CHoCH,1,78730.0,10.0,BOS,1,78680.0,11.0,20,9,11,4,current_swing_high,swing,0.0,90.0,78730.0,78730.0,78730.0,0.012703252032520327,active_bull_internal_ob,internal,1.0,11.0,78620.0,78680.0,78650.0,0.05081300813008131,78710.0,78730.0,78680.0,78720.0,503.0,183534.0,0,0,0,0,0,0,,78760.0,4.0,above,0.05081300813008131,78680.0,False,,78620.0,12.0,below,0.12703252032520324,78600.0,False,,78730.0,90.0,above,0.012703252032520327,78880.0,True,10.0,78360.0,19.0,below,0.45731707317073167,77810.0,False,,0,0,5.454516234886242e-05,30,NONE,0.0014608728770808118,0.0015235041327537825,0.00038058529213755657,0.43464294558761707,5.454516234886242e-05,0.0016363548704658726,0.0001404922622989524,0.00033491077329594887,0.0010381153642924357,78605.1678423008,0.1460872877080812,0.02541296060991627,-0.46659054113476095,,147,1,9862,9891,2025-06-18 09:50:00,2025-06-18 14:30:00,78690.0,78720.0,30,0.0381242851696495,0.0012708095056549833,146.0,-1.0,9822.0,9861.0,2025-06-17 22:30:00,2025-06-18 09:45:00,78390.0,78660.0,40.0,0.3444316877152742,0.008610792192881855,23862.0,,795.4,,15587.0,0.0,389.675,0.0,2.0411881696285366,,1.5308911272214025,,30.0,70.0,0.0,False,False,,,,,0,0,2025-06-18 14:15:00,78730.0,2025-06-18 14:00:00,78670.0,2,2,0.249809162939149,42.943662775696424,
CU:5m:1:1:9873:9880:2,CU,15m,3296,2025-06-18 14:30:00,5.0,-1,1,CHoCH,-1,78410.0,98.0,CHoCH,1,78720.0,3.0,12,5,4,2,active_bear_internal_ob,internal,-1.0,152.0,79210.0,79340.0,79275.0,0.6224593495934959,active_bull_internal_ob,internal,1.0,3.0,78600.0,78670.0,78635.0,0.06351626016260162,78690.0,78730.0,78680.0,78700.0,1404.0,183416.0,1,0,0,0,1,0,current_internal_high,78720.0,4.0,overlap,0.0,78690.0,True,3.0,78600.0,2.0,below,0.1524390243902439,78360.0,False,,79470.0,156.0,above,0.9527439024390244,79180.0,False,,77810.0,40.0,below,1.1559959349593496,78410.0,False,,0,0,8.818022693811462e-05,49,NONE,0.002908667655018715,0.0033953501865856914,0.0014007200334614951,0.36412600610172086,8.818022693811462e-05,0.004320831119967616,0.000615905301891706,0.0012326197943586248,0.0017558639841237511,78471.75175384094,0.29086676550187146,0.038133977373844274,-0.2658585322830047,,47,1,3248,3296,2025-06-16 23:45:00,2025-06-18 14:15:00,78710.0,78700.0,49,-0.012704865963664158,-0.00025928297885028897,46.0,-1.0,3144.0,3247.0,2025-06-11 21:00:00,2025-06-16 23:30:00,78550.0,78600.0,104.0,0.06365372374284028,0.0006120550359888489,95145.0,,1941.734693877551,,274935.0,0.0,2643.605769230769,0.0,0.7345023666076176,,0.3460636150362813,,18.367346938775512,63.26530612244898,18.367346938775512,False,False,,,,,0,0,2025-06-18 09:00:00,78600.0,2025-06-18 00:45:00,78560.0,3,3,0.4125406678213761,74.46112729656043,
CU:5m:1:1:9873:9880:2,CU,1h,959,2025-06-18 14:00:00,35.0,1,-1,CHoCH,1,78630.0,79.0,BOS,-1,78510.0,28.0,8,4,2,1,current_internal_high,internal,0.0,8.0,78730.0,78730.0,78730.0,0.012703252032520327,current_internal_low,internal,0.0,1.0,78360.0,78360.0,78360.0,0.45731707317073167,78690.0,78760.0,78650.0,78680.0,7567.0,183206.0,0,0,0,0,0,0,,78730.0,8.0,above,0.012703252032520327,78880.0,False,,78360.0,1.0,below,0.45731707317073167,77810.0,False,,79470.0,9.0,above,0.9527439024390244,78630.0,False,,77390.0,49.0,below,1.6895325203252032,77520.0,False,,0,0,-0.0003889274052627167,-29,NONE,0.007141552389884566,0.005153968348642625,0.005185979299730908,0.6492369041350861,-0.0003889274052627167,-0.011278894752618784,0.0008148990313892046,0.0015614674083357372,0.0032585893763785734,78122.08702272012,0.7141552389884567,0.03814367450731826,0.32683952163852253,,14,-1,931,959,2025-06-13 11:00:00,2025-06-18 13:30:00,78330.0,78680.0,29,0.44682752457552155,0.015407845675017984,13.0,1.0,880.0,930.0,2025-06-05 21:00:00,2025-06-13 10:00:00,78890.0,78590.0,51.0,-0.3802763341361426,-0.007456398708551816,235242.0,,8111.793103448276,,485721.0,0.0,9523.941176470587,0.0,0.851726501995718,,0.48431506976227096,,65.51724137931035,17.24137931034483,17.24137931034483,False,False,2025-06-13 21:00:00,77960.0,,,1,0,2025-06-13 23:00:00,78440.0,,,1,0,1.0062109328041786,154.22895988532224,2.0
CU:5m:1:1:9873:9880:2,CU,4h,424,2025-06-18 11:30:00,185.0,1,-1,CHoCH,1,79090.0,26.0,CHoCH,-1,78510.0,12.0,3,2,1,1,current_internal_high,internal,0.0,0.0,78730.0,78730.0,78730.0,0.012703252032520327,active_bull_internal_ob,internal,1.0,116.0,77160.0,77970.0,77565.0,0.9527439024390244,78570.0,78720.0,78510.0,78650.0,20389.0,182735.0,1,1,0,1,1,0,active_bear_internal_ob,78730.0,0.0,above,0.012703252032520327,78880.0,False,,77810.0,5.0,below,1.1559959349593496,78510.0,False,,79090.0,42.0,above,0.4700203252032521,83320.0,True,26.0,71320.0,130.0,below,9.40040650406504,76550.0,False,,0,0,0.00020990452209037613,35,NONE,0.0059428034807632495,0.009635953909925322,0.005183842397550716,0.23809774396819428,0.00020990452209037613,0.007346658273163165,0.0005687410404762172,0.0010324301053388218,0.002827808027932921,78185.3597718034,0.5942803480763249,0.11456211812628236,0.124074624572841,,7,1,390,424,2025-06-05 21:00:00,2025-06-18 09:00:00,78620.0,78650.0,35,0.03815822945816283,0.0010902351273760808,6.0,-1.0,381.0,389.0,2025-06-03 13:30:00,2025-06-05 13:30:00,77650.0,78170.0,9.0,0.6696716033483652,0.07440795592759614,713396.0,,20382.742857142857,,210538.0,0.0,23393.11111111111,0.0,0.8713138992214504,,3.388442941416751,,45.714285714285715,40.0,14.285714285714285,False,False,2025-06-13 21:00:00,78440.0,2025-06-13 13:30:00,78010.0,1,1,2025-06-18 00:00:00,78560.0,2025-06-17 21:00:00,78480.0,3,3,0.5379687829568386,278.9352089646094,
CU:5m:1:1:9873:9880:3,CU,5m,9897,2025-06-18 21:05:00,0.0,1,-1,CHoCH,1,78730.0,16.0,CHoCH,-1,78660.0,0.0,19,10,11,4,current_internal_low,internal,0.0,5.0,78660.0,78660.0,78660.0,0.012714558169103624,active_bull_internal_ob,internal,1.0,41.0,78510.0,78590.0,78550.0,0.07628734901462174,78640.0,78680.0,78600.0,78650.0,3202.0,183484.0,0,0,0,0,0,0,,78760.0,10.0,above,0.13986013986013987,78680.0,True,3.0,78660.0,5.0,above,0.012714558169103624,78620.0,True,0.0,78730.0,96.0,above,0.101716465352829,78880.0,True,16.0,78360.0,25.0,below,0.3687221869040051,77810.0,False,,0,0,0.00013466335972724583,36,NONE,-0.0026275087550549294,0.0014053108794030962,0.0008273259164437674,5.453569665858637e-07,0.00013466335972724583,0.0048478809501808495,0.003163828125953838,0.0033301958010794053,0.0040108865648380565,78857.19797808652,-0.2627508755054929,-0.26629469946740647,2.7753042584450567,,147,1,9862,9897,2025-06-18 09:50:00,2025-06-18 21:00:00,78690.0,78650.0,36,-0.05083238022620673,-0.001412010561839076,146.0,-1.0,9822.0,9861.0,2025-06-17 22:30:00,2025-06-18 09:45:00,78390.0,78660.0,40.0,0.3444316877152742,0.008610792192881855,33290.0,,924.7222222222222,,15587.0,0.0,389.675,0.0,2.3730601712253088,,2.135754154102778,,36.11111111111111,63.888888888888886,0.0,True,True,,,2025-06-18 14:55:00,78860.0,0,1,2025-06-18 14:15:00,78730.0,2025-06-18 21:00:00,78650.0,2,3,0.5887138060122133,59.7172744746418,
CU:5m:1:1:9873:9880:3,CU,15m,3298,2025-06-18 15:00:00,365.0,-1,1,CHoCH,-1,78410.0,100.0,CHoCH,1,78720.0,5.0,12,5,4,2,current_internal_high,internal,0.0,6.0,78720.0,78720.0,78720.0,0.08900190718372536,current_internal_low,internal,0.0,4.0,78600.0,78600.0,78600.0,0.06357279084551812,78750.0,78870.0,78750.0,78860.0,5044.0,184366.0,1,1,1,0,1,0,active_bull_internal_ob,78720.0,6.0,above,0.08900190718372536,78690.0,True,5.0,78600.0,4.0,below,0.06357279084551812,78360.0,False,,79470.0,158.0,above,1.042593769866497,79180.0,False,,77810.0,42.0,below,1.0680228862047043,78410.0,False,,1,1,0.00018429255132776978,51,UP_CONFIRMED,-0.00010807743272500947,0.003327862484275899,0.0014564550300610749,0.009159373568920326,0.00018429255132776978,0.009398920117716258,0.005304815948210528,0.006002237024193446,0.006794314327080553,78868.52390758674,-0.010807743272500947,0.13968253968255073,2.294581030588383,,47,1,3248,3298,2025-06-16 23:45:00,2025-06-18 14:45:00,78710.0,78860.0,51,0.19057298945495127,0.003736725283430417,46.0,-1.0,3144.0,3247.0,2025-06-11 21:00:00,2025-06-16 23:30:00,78550.0,78600.0,104.0,0.06365372374284028,0.0006120550359888489,101874.0,,1997.5294117647059,,274935.0,0.0,2643.605769230769,0.0,0.7556079030444629,,0.3705384909160347,,21.568627450980394,60.78431372549019,17.647058823529413,False,True,,,2025-06-18 14:45:00,78860.0,0,1,2025-06-18 09:00:00,78600.0,2025-06-18 00:45:00,78560.0,3,3,0.43765481204310674,78.0812781281567,
CU:5m:1:1:9873:9880:3,CU,1h,960,2025-06-18 15:00:00,365.0,1,1,CHoCH,1,78630.0,80.0,CHoCH,1,78730.0,0.0,9,4,2,1,current_internal_high,internal,0.0,9.0,78730.0,78730.0,78730.0,0.101716465352829,active_bull_internal_ob,internal,1.0,0.0,78360.0,78570.0,78465.0,0.101716465352829,78670.0,78870.0,78660.0,78860.0,9685.0,184366.0,0,0,0,0,0,0,,78730.0,9.0,above,0.101716465352829,78880.0,True,0.0,78360.0,2.0,below,0.3687221869040051,77810.0,False,,79470.0,10.0,above,1.042593769866497,78630.0,False,,77390.0,50.0,below,1.6020343293070567,77520.0,False,,0,0,-0.00036548986677596614,-30,NONE,0.00912495555438052,0.005286334588833889,0.005148398367006156,0.7720439998321706,-0.00036548986677596614,-0.010964696003278984,0.0010829133781189437,0.0017407226883430216,0.003449246705763631,78146.91289313807,0.9124955554380519,0.22877478393492634,0.947923228658578,,14,-1,931,960,2025-06-13 11:00:00,2025-06-18 14:00:00,78330.0,78860.0,30,0.6766245372143542,0.022554151240478475,13.0,1.0,880.0,930.0,2025-06-05 21:00:00,2025-06-13 10:00:00,78890.0,78590.0,51.0,-0.3802763341361426,-0.007456398708551816,244927.0,,8164.233333333334,,485721.0,0.0,9523.941176470587,0.0,0.8572326500192499,,0.5042545000113233,,66.66666666666666,16.666666666666664,16.666666666666664,False,False,2025-06-13 21:00:00,77960.0,,,1,0,2025-06-13 23:00:00,78440.0,,,1,0,0.973907020164957,158.21260560779922,4.0
CU:5m:1:1:9873:9880:3,CU,4h,425,2025-06-18 15:00:00,365.0,1,1,CHoCH,1,79090.0,27.0,CHoCH,1,78730.0,0.0,4,2,1,1,current_internal_high,internal,0.0,1.0,78730.0,78730.0,78730.0,0.101716465352829,active_bull_internal_ob,internal,1.0,117.0,77160.0,77970.0,77565.0,0.8645899554990464,78690.0,78870.0,78650.0,78860.0,17252.0,184366.0,2,2,1,1,2,0,active_bear_internal_ob|active_bull_internal_ob,78730.0,1.0,above,0.101716465352829,78880.0,True,0.0,77810.0,6.0,below,1.0680228862047043,78510.0,False,,79090.0,43.0,above,0.5594405594405595,83320.0,True,27.0,71320.0,131.0,below,9.319771137952957,76550.0,False,,0,0,0.00020968886215645533,36,NONE,0.008426370894928243,0.009602354381730958,0.005115201255256797,0.4090848355240468,0.00020968886215645533,0.007548799037632392,0.0006166972771552981,0.001214805194640567,0.002627860267527593,78201.04895711491,0.8426370894928243,0.2670057215511834,-0.1348107719113694,,7,1,390,425,2025-06-05 21:00:00,2025-06-18 13:30:00,78620.0,78860.0,36,0.305265835665236,0.008479606546256556,6.0,-1.0,381.0,389.0,2025-06-03 13:30:00,2025-06-05 13:30:00,77650.0,78170.0,9.0,0.6696716033483652,0.07440795592759614,730648.0,,20295.777777777777,,210538.0,0.0,23393.11111111111,0.0,0.8675963484026636,,3.4703853936106546,,44.44444444444444,41.66666666666667,13.88888888888889,False,False,2025-06-13 21:00:00,78440.0,2025-06-13 13:30:00,78010.0,1,1,2025-06-18 00:00:00,78560.0,2025-06-17 21:00:00,78480.0,3,3,0.5327028197364563,274.72555118142304,
CU:5m:0:1:9822:9881:1,CU,5m,9972,2025-06-19 13:35:00,0.0,1,-1,CHoCH,1,78730.0,91.0,BOS,-1,78530.0,20.0,18,12,11,4,active_bear_internal_ob,internal,-1.0,20.0,78560.0,78640.0,78600.0,0.10193679918450561,active_bull_swing_ob,swing,1.0,91.0,78360.0,78450.0,78405.0,0.0382262996941896,78480.0,78490.0,78450.0,78480.0,1845.0,178384.0,2,1,1,0,2,0,active_bull_internal_ob|current_internal_low,78570.0,5.0,above,0.11467889908256881,78620.0,False,,78480.0,10.0,overlap,0.0,78530.0,False,,78870.0,26.0,above,0.4969418960244648,78730.0,False,,78360.0,100.0,below,0.1529051987767584,77810.0,False,,-1,-1,-4.4912544702643436e-05,-70,DOWN_CONFIRMED,-0.0014567744570603512,-0.0023844575052002054,0.000667476641564306,0.9177106542590876,-4.4912544702643436e-05,-0.0031438781291850404,-0.0002820913707959338,-0.0006908282963817847,-0.001584502597920312,78594.49445198322,-0.14567744570603514,-0.038211692777989636,2.249294494141939,,148,-1,9903,9972,2025-06-18 21:30:00,2025-06-19 13:30:00,78600.0,78480.0,70,-0.15267175572518665,-0.002181025081788381,147.0,1.0,9862.0,9902.0,2025-06-18 09:50:00,2025-06-18 21:25:00,78690.0,78670.0,41.0,-0.025416190113103365,-0.0006199070759293503,36546.0,,522.0857142857143,,36197.0,0.0,882.8536585365854,0.0,0.5913615571929797,,1.0096416830124044,,0.0,52.85714285714286,47.14285714285714,True,True,,,,,0,0,2025-06-19 00:50:00,78600.0,2025-06-19 09:00:00,78580.0,5,5,0.2799280927039473,39.90385685915478,
CU:5m:0:1:9822:9881:1,CU,15m,3323,2025-06-19 11:30:00,125.0,-1,-1,CHoCH,-1,78410.0,125.0,CHoCH,-1,78600.0,22.0,11,6,4,2,current_internal_low,internal,0.0,14.0,78500.0,78500.0,78500.0,0.025484199796126403,active_bull_internal_ob,internal,1.0,92.0,78140.0,78260.0,78200.0,0.2803261977573904,78510.0,78530.0,78490.0,78510.0,1725.0,178426.0,0,0,0,0,0,0,,78660.0,11.0,above,0.22935779816513763,78870.0,False,,78500.0,14.0,above,0.025484199796126403,78600.0,False,,79470.0,183.0,above,1.261467889908257,79180.0,False,,77810.0,67.0,below,0.8537206931702344,78410.0,False,,1,1,0.00010678579639675077,76,UP_CONFIRMED,-0.0032787596738479254,0.0011543106915325677,0.003335617459332365,0.09192226584194008,0.00010678579639675077,0.008115720526153059,-0.0005515316136313064,-0.0008416666336341638,-0.0009840500272911834,78768.26220168597,-0.3278759673847925,-0.012735608762093342,0.2945407159240781,,47,1,3248,3323,2025-06-16 23:45:00,2025-06-19 11:15:00,78710.0,78510.0,76,-0.25409731927328316,-0.0033433857799116205,46.0,-1.0,3144.0,3247.0,2025-06-11 21:00:00,2025-06-16 23:30:00,78550.0,78600.0,104.0,0.06365372374284028,0.0006120550359888489,142684.0,,1877.421052631579,,274935.0,0.0,2643.605769230769,0.0,0.7101743665727689,,0.518973575572408,,14.473684210526317,43.42105263157895,42.10526315789473,True,True,,,2025-06-18 14:45:00,78860.0,0,1,2025-06-18 09:00:00,78600.0,2025-06-18 21:00:00,78680.0,3,4,2.8897050714341876,71.3350825906932,
CU:5m:0:1:9822:9881:1,CU,1h,967,2025-06-19 11:30:00,125.0,1,1,CHoCH,1,78630.0,87.0,CHoCH,1,78730.0,7.0,9,4,2,1,active_bear_internal_ob,internal,-1.0,36.0,78770.0,78880.0,78825.0,0.36952089704383284,current_internal_low,internal,0.0,9.0,78360.0,78360.0,78360.0,0.1529051987767584,78500.0,78540.0,78480.0,78510.0,4696.0,178426.0,1,1,1,0,1,0,active_bull_internal_ob,78870.0,2.0,above,0.4969418960244648,78730.0,False,,78360.0,9.0,below,0.1529051987767584,77810.0,False,,79470.0,17.0,above,1.261467889908257,78630.0,False,,77390.0,57.0,below,1.3888888888888888,77520.0,False,,0,0,-0.00027527730505916883,-37,NONE,0.0038550969248160338,0.005176939676681379,0.004652116912838805,0.38815234989826963,-0.00027527730505916883,-0.010185260287189246,0.0004546249076768927,0.0014042745705578064,0.002953993815837608,78208.49865733164,0.3855096924816034,0.012738853503191372,-0.5277567920283914,,14,-1,931,967,2025-06-13 11:00:00,2025-06-19 11:00:00,78330.0,78510.0,37,0.22979701263883268,0.006210730071319802,13.0,1.0,880.0,930.0,2025-06-05 21:00:00,2025-06-13 10:00:00,78890.0,78590.0,51.0,-0.3802763341361426,-0.007456398708551816,285737.0,,7722.621621621622,,485721.0,0.0,9523.941176470587,0.0,0.8108640612670704,,0.5882739268016001,,54.054054054054056,32.432432432432435,13.513513513513514,True,False,2025-06-13 21:00:00,77960.0,,,1,0,2025-06-13 23:00:00,78440.0,2025-06-18 21:00:00,78570.0,1,1,0.898622970979062,146.84806685294592,2.0
CU:5m:0:1:9822:9881:1,CU,4h,428,2025-06-19 11:30:00,125.0,1,1,CHoCH,1,79090.0,30.0,CHoCH,1,78730.0,3.0,4,2,1,1,active_bear_internal_ob,internal,-1.0,16.0,78570.0,78880.0,78725.0,0.11467889908256881,current_internal_low,internal,0.0,1.0,78360.0,78360.0,78360.0,0.1529051987767584,78600.0,78640.0,78480.0,78510.0,22188.0,178426.0,1,1,1,0,1,0,active_bull_internal_ob,78730.0,4.0,above,0.31855249745158,78880.0,True,3.0,78360.0,1.0,below,0.1529051987767584,77810.0,False,,79090.0,46.0,above,0.7772680937818552,83320.0,True,30.0,71320.0,134.0,below,9.123343527013251,76550.0,False,,0,0,0.0002008648955679745,39,NONE,0.0036668935075372232,0.009196129595902358,0.005114623354052179,0.13983428344630044,0.0002008648955679745,0.007833730927151006,0.0006596418542852422,0.0010738573584847533,0.0022135843721231563,78223.16398783399,0.36668935075372233,-0.12721027859050604,0.4206074680167482,,7,1,390,428,2025-06-05 21:00:00,2025-06-19 09:00:00,78620.0,78510.0,39,-0.139913508013223,-0.0035875258464928973,6.0,-1.0,381.0,389.0,2025-06-03 13:30:00,2025-06-05 13:30:00,77650.0,78170.0,9.0,0.6696716033483652,0.07440795592759614,771458.0,,19780.97435897436,,210538.0,0.0,23393.11111111111,0.0,0.8455897236164932,,3.66422213567147,,41.02564102564102,46.15384615384615,12.82051282051282,True,False,2025-06-13 21:00:00,78440.0,2025-06-13 13:30:00,78010.0,1,1,2025-06-18 00:00:00,78560.0,2025-06-17 21:00:00,78480.0,3,3,0.5561713001881976,258.86736003847903,
CU:5m:0:1:9822:9881:2,CU,5m,9976,2025-06-19 13:55:00,0.0,1,-1,CHoCH,1,78730.0,95.0,BOS,-1,78480.0,0.0,17,13,11,4,current_internal_low,internal,0.0,14.0,78480.0,78480.0,78480.0,0.08927432725417676,current_swing_low,swing,0.0,104.0,78360.0,78360.0,78360.0,0.06376737661012626,78480.0,78480.0,78410.0,78410.0,1528.0,177833.0,1,1,1,0,0,1,active_bull_swing_ob,78570.0,9.0,above,0.20405560515240403,78620.0,False,,78480.0,14.0,above,0.08927432725417676,78530.0,True,0.0,78870.0,30.0,above,0.5866598648131616,78730.0,False,,78360.0,104.0,below,0.06376737661012626,77810.0,False,,-1,-1,-4.672132502750823e-05,-74,DOWN_CONFIRMED,-0.0020335729831261547,-0.0023304657428389205,0.0006938642489655009,0.6656318704242052,-4.672132502750823e-05,-0.003457378052035609,-0.0004487079673767269,-0.0006506664547863972,-0.001604980681770285,78569.77737656322,-0.20335729831261548,-0.08919469928644341,1.0307052774887473,,148,-1,9903,9976,2025-06-18 21:30:00,2025-06-19 13:50:00,78600.0,78410.0,74,-0.24173027989822238,-0.003266625404030032,147.0,1.0,9862.0,9902.0,2025-06-18 09:50:00,2025-06-18 21:25:00,78690.0,78670.0,41.0,-0.025416190113103365,-0.0006199070759293503,41913.0,,566.3918918918919,,36197.0,0.0,882.8536585365854,0.0,0.6415467460719829,,1.1579136392518716,,0.0,50.0,50.0,True,True,,,,,0,0,2025-06-19 00:50:00,78600.0,2025-06-19 09:00:00,78580.0,5,5,0.29773630060755635,41.49948083492086,
CU:5m:0:1:9822:9881:2,CU,15m,3324,2025-06-19 13:45:00,10.0,-1,-1,CHoCH,-1,78410.0,126.0,CHoCH,-1,78600.0,23.0,11,6,4,2,current_internal_low,internal,0.0,15.0,78500.0,78500.0,78500.0,0.11478127789822726,active_bull_internal_ob,internal,1.0,93.0,78140.0,78260.0,78200.0,0.19130212983037878,78480.0,78520.0,78450.0,78510.0,4948.0,178257.0,0,0,0,0,0,0,,78660.0,12.0,above,0.3188368830506313,78870.0,False,,78500.0,15.0,above,0.11478127789822726,78600.0,False,,79470.0,184.0,above,1.3518683841346766,79180.0,False,,77810.0,68.0,below,0.7652085193215151,78410.0,False,,1,1,0.00010296790155800789,77,UP_CONFIRMED,-0.003093648980979688,0.0010991423840973438,0.0033486049432801222,0.10526654436156208,0.00010296790155800789,0.007928528419966607,-0.0006199032956144546,-0.0010141473002600598,-0.0011368257031987294,78753.63610608804,-0.3093648980979688,0.0,2.4898657620730495,,47,1,3248,3324,2025-06-16 23:45:00,2025-06-19 13:30:00,78710.0,78510.0,77,-0.25409731927328316,-0.0032999651853673137,46.0,-1.0,3144.0,3247.0,2025-06-11 21:00:00,2025-06-16 23:30:00,78550.0,78600.0,104.0,0.06365372374284028,0.0006120550359888489,147632.0,,1917.2987012987012,,274935.0,0.0,2643.605769230769,0.0,0.7252589336936547,,0.5369705566770328,,14.285714285714285,42.857142857142854,42.857142857142854,True,True,,,2025-06-18 14:45:00,78860.0,0,1,2025-06-18 09:00:00,78600.0,2025-06-18 21:00:00,78680.0,3,4,3.0465615662980006,71.23971954850083,
CU:5m:0:1:9822:9881:2,CU,1h,967,2025-06-19 11:30:00,145.0,1,1,CHoCH,1,78630.0,87.0,CHoCH,1,78730.0,7.0,9,4,2,1,active_bear_internal_ob,internal,-1.0,36.0,78770.0,78880.0,78825.0,0.45912511159290903,current_internal_low,internal,0.0,9.0,78360.0,78360.0,78360.0,0.06376737661012626,78500.0,78540.0,78480.0,78510.0,4696.0,178426.0,1,1,1,0,1,0,active_bull_internal_ob,78870.0,2.0,above,0.5866598648131616,78730.0,False,,78360.0,9.0,below,0.06376737661012626,77810.0,False,,79470.0,17.0,above,1.3518683841346766,78630.0,False,,77390.0,57.0,below,1.3008544828465756,77520.0,False,,0,0,-0.00027527730505916883,-37,NONE,0.0038550969248160338,0.005176939676681379,0.004652116912838805,0.38815234989826963,-0.00027527730505916883,-0.010185260287189246,0.0004546249076768927,0.0014042745705578064,0.002953993815837608,78208.49865733164,0.3855096924816034,0.012738853503191372,-0.5277567920283914,,14,-1,931,967,2025-06-13 11:00:00,2025-06-19 11:00:00,78330.0,78510.0,37,0.22979701263883268,0.006210730071319802,13.0,1.0,880.0,930.0,2025-06-05 21:00:00,2025-06-13 10:00:00,78890.0,78590.0,51.0,-0.3802763341361426,-0.007456398708551816,285737.0,,7722.621621621622,,485721.0,0.0,9523.941176470587,0.0,0.8108640612670704,,0.5882739268016001,,54.054054054054056,32.432432432432435,13.513513513513514,True,False,2025-06-13 21:00:00,77960.0,,,1,0,2025-06-13 23:00:00,78440.0,2025-06-18 21:00:00,78570.0,1,1,0.898622970979062,146.84806685294592,2.0
CU:5m:0:1:9822:9881:2,CU,4h,428,2025-06-19 11:30:00,145.0,1,1,CHoCH,1,79090.0,30.0,CHoCH,1,78730.0,3.0,4,2,1,1,active_bear_internal_ob,internal,-1.0,16.0,78570.0,78880.0,78725.0,0.20405560515240403,current_internal_low,internal,0.0,1.0,78360.0,78360.0,78360.0,0.06376737661012626,78600.0,78640.0,78480.0,78510.0,22188.0,178426.0,1,1,1,0,1,0,active_bull_internal_ob,78730.0,4.0,above,0.40811121030480807,78880.0,True,3.0,78360.0,1.0,below,0.06376737661012626,77810.0,False,,79090.0,46.0,above,0.8672363218977173,83320.0,True,30.0,71320.0,134.0,below,9.042214003315904,76550.0,False,,0,0,0.0002008648955679745,39,NONE,0.0036668935075372232,0.009196129595902358,0.005114623354052179,0.13983428344630044,0.0002008648955679745,0.007833730927151006,0.0006596418542852422,0.0010738573584847533,0.0022135843721231563,78223.16398783399,0.36668935075372233,-0.12721027859050604,0.4206074680167482,,7,1,390,428,2025-06-05 21:00:00,2025-06-19 09:00:00,78620.0,78510.0,39,-0.139913508013223,-0.0035875258464928973,6.0,-1.0,381.0,389.0,2025-06-03 13:30:00,2025-06-05 13:30:00,77650.0,78170.0,9.0,0.6696716033483652,0.07440795592759614,771458.0,,19780.97435897436,,210538.0,0.0,23393.11111111111,0.0,0.8455897236164932,,3.66422213567147,,41.02564102564102,46.15384615384615,12.82051282051282,True,False,2025-06-13 21:00:00,78440.0,2025-06-13 13:30:00,78010.0,1,1,2025-06-18 00:00:00,78560.0,2025-06-17 21:00:00,78480.0,3,3,0.5561713001881976,258.86736003847903,
CU:5m:1:1:9885:9894:1,CU,5m,9897,2025-06-18 21:05:00,0.0,1,-1,CHoCH,1,78730.0,16.0,CHoCH,-1,78660.0,0.0,19,10,11,4,current_internal_low,internal,0.0,5.0,78660.0,78660.0,78660.0,0.012714558169103624,active_bull_internal_ob,internal,1.0,41.0,78510.0,78590.0,78550.0,0.07628734901462174,78640.0,78680.0,78600.0,78650.0,3202.0,183484.0,0,0,0,0,0,0,,78760.0,10.0,above,0.13986013986013987,78680.0,True,3.0,78660.0,5.0,above,0.012714558169103624,78620.0,True,0.0,78730.0,96.0,above,0.101716465352829,78880.0,True,16.0,78360.0,25.0,below,0.3687221869040051,77810.0,False,,0,0,0.00013466335972724583,36,NONE,-0.0026275087550549294,0.0014053108794030962,0.0008273259164437674,5.453569665858637e-07,0.00013466335972724583,0.0048478809501808495,0.003163828125953838,0.0033301958010794053,0.0040108865648380565,78857.19797808652,-0.2627508755054929,-0.26629469946740647,2.7753042584450567,,147,1,9862,9897,2025-06-18 09:50:00,2025-06-18 21:00:00,78690.0,78650.0,36,-0.05083238022620673,-0.001412010561839076,146.0,-1.0,9822.0,9861.0,2025-06-17 22:30:00,2025-06-18 09:45:00,78390.0,78660.0,40.0,0.3444316877152742,0.008610792192881855,33290.0,,924.7222222222222,,15587.0,0.0,389.675,0.0,2.3730601712253088,,2.135754154102778,,36.11111111111111,63.888888888888886,0.0,True,True,,,2025-06-18 14:55:00,78860.0,0,1,2025-06-18 14:15:00,78730.0,2025-06-18 21:00:00,78650.0,2,3,0.5887138060122133,59.7172744746418,
CU:5m:1:1:9885:9894:1,CU,15m,3298,2025-06-18 15:00:00,365.0,-1,1,CHoCH,-1,78410.0,100.0,CHoCH,1,78720.0,5.0,12,5,4,2,current_internal_high,internal,0.0,6.0,78720.0,78720.0,78720.0,0.08900190718372536,current_internal_low,internal,0.0,4.0,78600.0,78600.0,78600.0,0.06357279084551812,78750.0,78870.0,78750.0,78860.0,5044.0,184366.0,1,1,1,0,1,0,active_bull_internal_ob,78720.0,6.0,above,0.08900190718372536,78690.0,True,5.0,78600.0,4.0,below,0.06357279084551812,78360.0,False,,79470.0,158.0,above,1.042593769866497,79180.0,False,,77810.0,42.0,below,1.0680228862047043,78410.0,False,,1,1,0.00018429255132776978,51,UP_CONFIRMED,-0.00010807743272500947,0.003327862484275899,0.0014564550300610749,0.009159373568920326,0.00018429255132776978,0.009398920117716258,0.005304815948210528,0.006002237024193446,0.006794314327080553,78868.52390758674,-0.010807743272500947,0.13968253968255073,2.294581030588383,,47,1,3248,3298,2025-06-16 23:45:00,2025-06-18 14:45:00,78710.0,78860.0,51,0.19057298945495127,0.003736725283430417,46.0,-1.0,3144.0,3247.0,2025-06-11 21:00:00,2025-06-16 23:30:00,78550.0,78600.0,104.0,0.06365372374284028,0.0006120550359888489,101874.0,,1997.5294117647059,,274935.0,0.0,2643.605769230769,0.0,0.7556079030444629,,0.3705384909160347,,21.568627450980394,60.78431372549019,17.647058823529413,False,True,,,2025-06-18 14:45:00,78860.0,0,1,2025-06-18 09:00:00,78600.0,2025-06-18 00:45:00,78560.0,3,3,0.43765481204310674,78.0812781281567,
CU:5m:1:1:9885:9894:1,CU,1h,960,2025-06-18 15:00:00,365.0,1,1,CHoCH,1,78630.0,80.0,CHoCH,1,78730.0,0.0,9,4,2,1,current_internal_high,internal,0.0,9.0,78730.0,78730.0,78730.0,0.101716465352829,active_bull_internal_ob,internal,1.0,0.0,78360.0,78570.0,78465.0,0.101716465352829,78670.0,78870.0,78660.0,78860.0,9685.0,184366.0,0,0,0,0,0,0,,78730.0,9.0,above,0.101716465352829,78880.0,True,0.0,78360.0,2.0,below,0.3687221869040051,77810.0,False,,79470.0,10.0,above,1.042593769866497,78630.0,False,,77390.0,50.0,below,1.6020343293070567,77520.0,False,,0,0,-0.00036548986677596614,-30,NONE,0.00912495555438052,0.005286334588833889,0.005148398367006156,0.7720439998321706,-0.00036548986677596614,-0.010964696003278984,0.0010829133781189437,0.0017407226883430216,0.003449246705763631,78146.91289313807,0.9124955554380519,0.22877478393492634,0.947923228658578,,14,-1,931,960,2025-06-13 11:00:00,2025-06-18 14:00:00,78330.0,78860.0,30,0.6766245372143542,0.022554151240478475,13.0,1.0,880.0,930.0,2025-06-05 21:00:00,2025-06-13 10:00:00,78890.0,78590.0,51.0,-0.3802763341361426,-0.007456398708551816,244927.0,,8164.233333333334,,485721.0,0.0,9523.941176470587,0.0,0.8572326500192499,,0.5042545000113233,,66.66666666666666,16.666666666666664,16.666666666666664,False,False,2025-06-13 21:00:00,77960.0,,,1,0,2025-06-13 23:00:00,78440.0,,,1,0,0.973907020164957,158.21260560779922,4.0
CU:5m:1:1:9885:9894:1,CU,4h,425,2025-06-18 15:00:00,365.0,1,1,CHoCH,1,79090.0,27.0,CHoCH,1,78730.0,0.0,4,2,1,1,current_internal_high,internal,0.0,1.0,78730.0,78730.0,78730.0,0.101716465352829,active_bull_internal_ob,internal,1.0,117.0,77160.0,77970.0,77565.0,0.8645899554990464,78690.0,78870.0,78650.0,78860.0,17252.0,184366.0,2,2,1,1,2,0,active_bear_internal_ob|active_bull_internal_ob,78730.0,1.0,above,0.101716465352829,78880.0,True,0.0,77810.0,6.0,below,1.0680228862047043,78510.0,False,,79090.0,43.0,above,0.5594405594405595,83320.0,True,27.0,71320.0,131.0,below,9.319771137952957,76550.0,False,,0,0,0.00020968886215645533,36,NONE,0.008426370894928243,0.009602354381730958,0.005115201255256797,0.4090848355240468,0.00020968886215645533,0.007548799037632392,0.0006166972771552981,0.001214805194640567,0.002627860267527593,78201.04895711491,0.8426370894928243,0.2670057215511834,-0.1348107719113694,,7,1,390,425,2025-06-05 21:00:00,2025-06-18 13:30:00,78620.0,78860.0,36,0.305265835665236,0.008479606546256556,6.0,-1.0,381.0,389.0,2025-06-03 13:30:00,2025-06-05 13:30:00,77650.0,78170.0,9.0,0.6696716033483652,0.07440795592759614,730648.0,,20295.777777777777,,210538.0,0.0,23393.11111111111,0.0,0.8675963484026636,,3.4703853936106546,,44.44444444444444,41.66666666666667,13.88888888888889,False,False,2025-06-13 21:00:00,78440.0,2025-06-13 13:30:00,78010.0,1,1,2025-06-18 00:00:00,78560.0,2025-06-17 21:00:00,78480.0,3,3,0.5327028197364563,274.72555118142304,
CU:5m:1:-1:9896:9897:1,CU,5m,10357,2025-06-25 14:40:00,0.0,1,1,BOS,1,78690.0,8.0,BOS,1,78580.0,16.0,20,10,12,5,active_bear_swing_ob,swing,-1.0,762.0,78830.0,78880.0,78855.0,0.012687135244861711,current_swing_high,swing,0.0,40.0,78690.0,78690.0,78690.0,0.16493275818320224,78720.0,78840.0,78720.0,78820.0,1939.0,138185.0,2,2,0,2,1,1,active_bear_internal_ob|active_bear_swing_ob,78580.0,19.0,below,0.304491245876681,78600.0,True,16.0,78520.0,16.0,below,0.38061405734585135,78510.0,False,,78690.0,40.0,below,0.16493275818320224,78480.0,True,8.0,78300.0,29.0,below,0.659731032732809,78180.0,False,,1,1,3.312330802600376e-05,106,UP_CONFIRMED,0.0025970927694017815,0.0006681003764537878,0.001104022621004439,0.9597021348644191,3.312330802600376e-05,0.0035110706507563982,0.0005271654853311603,0.000988419278325603,0.0013108108349453307,78615.8274030909,0.25970927694017815,0.11431474660230645,1.9856289036610058,,155,1,10252,10357,2025-06-24 13:35:00,2025-06-25 14:35:00,78570.0,78820.0,106,0.31818760341097985,0.00300176984349981,154.0,-1.0,10232.0,10251.0,2025-06-24 09:40:00,2025-06-24 13:30:00,78310.0,78510.0,20.0,0.2553952241093116,0.01276976120546558,80997.0,,764.122641509434,,16090.0,0.0,804.5,0.0,0.949810617165238,,5.033996270975761,,44.339622641509436,37.735849056603776,17.92452830188679,True,False,2025-06-25 00:50:00,78460.0,2025-06-25 00:25:00,78440.0,7,7,2025-06-25 10:45:00,78530.0,2025-06-25 10:40:00,78520.0,4,4,1.6524801660260757,46.50123146646803,
CU:5m:1:-1:9896:9897:1,CU,15m,3451,2025-06-25 14:30:00,10.0,-1,1,CHoCH,-1,78410.0,253.0,BOS,1,78600.0,3.0,13,6,4,2,current_swing_high,swing,0.0,103.0,78870.0,78870.0,78870.0,0.06343567622430854,current_internal_high,internal,0.0,5.0,78600.0,78600.0,78600.0,0.2791169753869576,78690.0,78780.0,78680.0,78780.0,1946.0,138270.0,1,1,0,1,1,0,active_bear_internal_ob,78600.0,5.0,below,0.2791169753869576,78550.0,True,3.0,78510.0,4.0,below,0.393301192590713,78380.0,False,,78870.0,103.0,above,0.06343567622430854,79470.0,False,,77920.0,41.0,below,1.1418421720375538,77810.0,False,,0,0,7.836904882111114e-05,44,NONE,0.003908999503446837,0.0018385524260600501,0.0011047030496512177,0.9695493550128398,7.836904882111114e-05,0.0034482381481288904,0.0006216407561847603,0.0009552034068962545,0.00127011501704688,78473.24811209596,0.3908999503446837,0.10165184243964287,0.1640780456030875,,49,1,3408,3451,2025-06-24 09:00:00,2025-06-25 14:15:00,78480.0,78780.0,44,0.3822629969419067,0.008687795385043334,48.0,-1.0,3325.0,3407.0,2025-06-19 13:45:00,2025-06-24 00:45:00,78400.0,78450.0,83.0,0.06377551020408934,0.0007683796410131245,105396.0,,2395.3636363636365,,159727.0,0.0,1924.421686746988,0.0,1.2447186876243956,,0.6598508705478723,,43.18181818181818,47.72727272727273,9.090909090909092,False,False,2025-06-24 22:00:00,78400.0,2025-06-24 21:15:00,78370.0,1,1,2025-06-25 00:45:00,78470.0,2025-06-24 23:45:00,78400.0,3,3,0.6008547996744131,73.71930875337216,
CU:5m:1:-1:9896:9897:1,CU,1h,1004,2025-06-25 14:00:00,40.0,1,1,CHoCH,1,78630.0,124.0,BOS,1,78690.0,0.0,10,5,2,1,active_bear_internal_ob,internal,-1.0,88.0,79210.0,79340.0,79275.0,0.4947982745496067,current_internal_high,internal,0.0,3.0,78690.0,78690.0,78690.0,0.16493275818320224,78580.0,78710.0,78570.0,78710.0,7060.0,138953.0,2,2,0,2,2,0,active_bear_internal_ob,78690.0,3.0,below,0.16493275818320224,78480.0,True,0.0,78300.0,2.0,below,0.659731032732809,78180.0,False,,79470.0,54.0,above,0.8246637909160112,78630.0,False,,77810.0,20.0,below,1.2814006597310328,77390.0,False,,-1,-1,-0.00011546285111134518,-74,DOWN_CONFIRMED,0.004746598996184003,0.003278436943799263,0.003967959425184976,0.6443103570237626,-0.00011546285111134518,-0.008544250982239543,0.00043312356941593855,0.0009740675911702468,0.0014102726046334446,78338.16016758564,0.47465989961840027,0.15269118208423027,0.0213563842723585,,14,-1,931,1004,2025-06-13 11:00:00,2025-06-25 13:30:00,78330.0,78710.0,74,0.48512702668199736,0.006555770630837802,13.0,1.0,880.0,930.0,2025-06-05 21:00:00,2025-06-13 10:00:00,78890.0,78590.0,51.0,-0.3802763341361426,-0.007456398708551816,550851.0,,7443.9324324324325,,485721.0,0.0,9523.941176470587,0.0,0.7816021009057753,,1.1340893228828897,,36.486486486486484,41.891891891891895,21.62162162162162,False,False,2025-06-20 21:00:00,78420.0,2025-06-20 10:00:00,78150.0,3,2,2025-06-24 22:00:00,78470.0,2025-06-24 21:00:00,78360.0,3,2,1.2103204951645798,148.9388360087516,2.0
CU:5m:1:-1:9896:9897:1,CU,4h,444,2025-06-25 11:30:00,190.0,1,1,CHoCH,1,79090.0,46.0,CHoCH,1,78520.0,3.0,4,3,1,1,current_swing_high,swing,0.0,62.0,79090.0,79090.0,79090.0,0.3425526516112662,current_internal_high,internal,0.0,5.0,78520.0,78520.0,78520.0,0.38061405734585135,78470.0,78600.0,78470.0,78590.0,20615.0,139868.0,2,2,0,2,2,0,active_bear_internal_ob,78520.0,5.0,below,0.38061405734585135,78870.0,True,3.0,78170.0,3.0,below,0.8246637909160112,77920.0,False,,79090.0,62.0,above,0.3425526516112662,83320.0,True,46.0,77390.0,13.0,below,1.8142603400152244,71320.0,False,,1,1,0.00015436096877554853,55,UP_CONFIRMED,0.004035958546633355,0.0069499759918623975,0.005641718903393507,0.30274831048591977,0.00015436096877554853,0.008489853282655169,0.0004892521814099382,0.0006129911499097584,0.0011348575985270504,78274.089021434,0.4035958546633355,0.1529246845928478,0.5184796023022725,,7,1,390,444,2025-06-05 21:00:00,2025-06-25 09:00:00,78620.0,78590.0,55,-0.03815822945815173,-0.0006937859901482132,6.0,-1.0,381.0,389.0,2025-06-03 13:30:00,2025-06-05 13:30:00,77650.0,78170.0,9.0,0.6696716033483652,0.07440795592759614,1029512.0,,18718.4,,210538.0,0.0,23393.11111111111,0.0,0.8001671907209151,,4.889910609961147,,29.09090909090909,58.18181818181818,12.727272727272727,False,False,2025-06-20 21:00:00,78360.0,2025-06-20 09:00:00,78120.0,2,2,2025-06-23 21:00:00,78440.0,2025-06-23 09:00:00,78270.0,5,5,0.8117609197498372,238.35217242243573,
CU:5m:1:-1:9896:9897:2,CU,5m,10412,2025-06-26 09:15:00,0.0,1,1,BOS,1,78690.0,63.0,CHoCH,1,78710.0,6.0,20,10,12,5,active_bear_swing_ob,swing,-1.0,817.0,78830.0,78880.0,78855.0,0.012687135244861711,current_internal_high,internal,0.0,10.0,78710.0,78710.0,78710.0,0.1395584876934788,78750.0,78830.0,78740.0,78820.0,1981.0,177360.0,2,2,0,2,1,1,active_bear_internal_ob|active_bear_swing_ob,78710.0,10.0,below,0.1395584876934788,78710.0,True,6.0,78660.0,5.0,below,0.20299416391778738,78510.0,False,,78850.0,3.0,above,0.03806140573458513,78690.0,False,,78300.0,84.0,below,0.659731032732809,78180.0,False,,0,0,0.0,1,DOWN_BROKEN,0.001855090166278014,0.001855090166278014,0.0,0.5,0.0,0.0,,,,78674.05253879404,0.1855090166278014,0.10160020320040264,2.1146795882366027,,157,1,10412,10412,2025-06-26 09:10:00,2025-06-26 09:10:00,78820.0,78820.0,1,0.0,0.0,156.0,-1.0,10390.0,10411.0,2025-06-25 23:20:00,2025-06-26 09:05:00,78520.0,78740.0,22.0,0.28018339276616455,0.012735608762098389,1981.0,,1981.0,,8943.0,0.0,406.5,0.0,4.873308733087331,,0.22151403332215142,,100.0,0.0,0.0,True,False,,,,,0,0,,,,,0,0,0.0,45.55340743848968,
CU:5m:1:-1:9896:9897:2,CU,15m,3470,2025-06-26 09:15:00,0.0,-1,1,CHoCH,-1,78410.0,272.0,BOS,1,78600.0,22.0,13,6,4,2,current_internal_high,internal,0.0,12.0,78850.0,78850.0,78850.0,0.03806140573458513,active_bull_internal_ob,internal,1.0,22.0,78510.0,78590.0,78550.0,0.2918041106318193,78720.0,78830.0,78670.0,78820.0,5897.0,177360.0,1,1,0,1,1,0,active_bear_internal_ob,78850.0,12.0,above,0.03806140573458513,78600.0,False,,78510.0,1.0,below,0.393301192590713,78510.0,False,,78870.0,122.0,above,0.06343567622430854,79470.0,False,,77920.0,60.0,below,1.1418421720375538,77810.0,False,,1,1,7.488968432924444e-05,63,UP_CONFIRMED,0.003149293687078289,0.001794024464930519,0.0010987044120818823,0.8913083021692265,7.488968432924444e-05,0.0047180501127424,0.00034386544200204483,0.0004141391763134994,0.0013766438987190543,78572.5519581406,0.3149293687078289,0.12703252032519874,2.1932281110123832,,49,1,3408,3470,2025-06-24 09:00:00,2025-06-26 09:00:00,78480.0,78820.0,63,0.43323139653415055,0.006876688833875406,48.0,-1.0,3325.0,3407.0,2025-06-19 13:45:00,2025-06-24 00:45:00,78400.0,78450.0,83.0,0.06377551020408934,0.0007683796410131245,144886.0,,2299.777777777778,,159727.0,0.0,1924.421686746988,0.0,1.1950487741931894,,0.9070852141466377,,34.92063492063492,53.96825396825397,11.11111111111111,True,False,2025-06-25 23:30:00,78570.0,2025-06-25 23:15:00,78540.0,2,2,2025-06-25 23:45:00,78680.0,2025-06-25 21:00:00,78600.0,4,4,0.6124244309703069,80.62237333768866,
CU:5m:1:-1:9896:9897:2,CU,1h,1009,2025-06-26 01:00:00,495.0,1,1,CHoCH,1,78630.0,129.0,BOS,1,78690.0,5.0,10,5,2,1,active_bear_internal_ob,internal,-1.0,93.0,79210.0,79340.0,79275.0,0.4947982745496067,current_internal_high,internal,0.0,8.0,78690.0,78690.0,78690.0,0.16493275818320224,78680.0,78730.0,78660.0,78720.0,1961.0,175229.0,2,2,0,2,2,0,active_bear_internal_ob,78690.0,8.0,below,0.16493275818320224,78480.0,True,5.0,78300.0,7.0,below,0.659731032732809,78180.0,False,,79470.0,59.0,above,0.8246637909160112,78630.0,False,,77810.0,25.0,below,1.2814006597310328,77390.0,False,,-1,-1,-9.929021578109845e-05,-79,DOWN_CONFIRMED,0.004164949508049849,0.003320840416026008,0.003852224064848893,0.5867227004836294,-9.929021578109845e-05,-0.007843927046706778,0.0007063592462159818,0.0011397887564701392,0.0019483843188252692,78393.49505135157,0.4164949508049849,0.05083884087442314,-1.0240557429219552,,14,-1,931,1009,2025-06-13 11:00:00,2025-06-26 00:00:00,78330.0,78720.0,79,0.49789352738414117,0.006302449713723306,13.0,1.0,880.0,930.0,2025-06-05 21:00:00,2025-06-13 10:00:00,78890.0,78590.0,51.0,-0.3802763341361426,-0.007456398708551816,589401.0,,7460.772151898735,,485721.0,0.0,9523.941176470587,0.0,0.7833702470077174,,1.2134558728158757,,40.50632911392405,39.24050632911392,20.253164556962027,False,False,2025-06-20 21:00:00,78420.0,2025-06-20 10:00:00,78150.0,3,2,2025-06-24 22:00:00,78470.0,2025-06-24 21:00:00,78360.0,3,2,1.1600148101843395,155.81241677239657,4.0
CU:5m:1:-1:9896:9897:2,CU,4h,447,2025-06-26 01:00:00,495.0,1,1,CHoCH,1,79090.0,49.0,CHoCH,1,78520.0,6.0,4,3,1,1,current_swing_high,swing,0.0,65.0,79090.0,79090.0,79090.0,0.3425526516112662,current_internal_high,internal,0.0,8.0,78520.0,78520.0,78520.0,0.38061405734585135,78680.0,78730.0,78660.0,78720.0,1961.0,175229.0,2,2,0,2,2,0,active_bear_internal_ob,78520.0,8.0,below,0.38061405734585135,78870.0,True,6.0,78170.0,6.0,below,0.8246637909160112,77920.0,False,,79090.0,65.0,above,0.3425526516112662,83320.0,True,49.0,77390.0,16.0,below,1.8142603400152244,71320.0,False,,1,1,0.00015350475247699613,58,UP_CONFIRMED,0.005284680691988319,0.006878637732675453,0.005505215028892204,0.38608567989512754,0.00015350475247699613,0.008903275643665776,0.000547521869321832,0.000939655235982384,0.0012079037498700096,78306.17685908935,0.5284680691988319,0.05083884087442314,-1.5270090307144828,,7,1,390,447,2025-06-05 21:00:00,2025-06-26 00:00:00,78620.0,78720.0,58,0.1271940981938391,0.0021930016929972256,6.0,-1.0,381.0,389.0,2025-06-03 13:30:00,2025-06-05 13:30:00,77650.0,78170.0,9.0,0.6696716033483652,0.07440795592759614,1075122.0,,18536.58620689655,,210538.0,0.0,23393.11111111111,0.0,0.7923950824177534,,5.106546086692188,,32.758620689655174,55.172413793103445,12.068965517241379,False,False,2025-06-20 21:00:00,78360.0,2025-06-20 09:00:00,78120.0,2,2,2025-06-23 21:00:00,78440.0,2025-06-23 09:00:00,78270.0,5,5,0.800335072559628,232.98094854668048,
CU:5m:1:-1:9896:9897:3,CU,5m,10425,2025-06-26 10:35:00,0.0,1,1,BOS,1,78690.0,76.0,CHoCH,1,78710.0,19.0,20,10,12,5,active_bear_swing_ob,swing,-1.0,830.0,78830.0,78880.0,78855.0,0.05076786394212463,active_bull_internal_ob,internal,1.0,19.0,78660.0,78680.0,78670.0,0.13961162584084275,78820.0,78830.0,78770.0,78790.0,2906.0,182089.0,2,2,0,2,1,1,active_bear_internal_ob|active_bear_swing_ob,78840.0,7.0,above,0.0634598299276558,78710.0,False,,78670.0,2.0,below,0.1523035918263739,78660.0,False,,78850.0,16.0,above,0.07615179591318695,78690.0,False,,78300.0,97.0,below,0.6219063332910267,78180.0,False,,0,0,4.030490095174866e-05,14,NONE,0.0009089885085274344,0.0004101847199373004,0.0004939506206193647,0.843710479852288,4.030490095174866e-05,0.0005642686133244812,0.00025244218380859884,0.0002764685037626169,,78718.44583732473,0.09089885085274343,0.114358322744601,2.35822270722715,,157,1,10412,10425,2025-06-26 09:10:00,2025-06-26 10:30:00,78820.0,78790.0,14,-0.03806140573457961,-0.002718671838184258,156.0,-1.0,10390.0,10411.0,2025-06-25 23:20:00,2025-06-26 09:05:00,78520.0,78740.0,22.0,0.28018339276616455,0.012735608762098389,16262.0,,1161.5714285714287,,8943.0,0.0,406.5,0.0,2.857494289228607,,1.8184054567818406,,7.142857142857142,92.85714285714286,0.0,False,False,2025-06-26 10:30:00,78790.0,2025-06-26 10:10:00,78700.0,2,2,2025-06-26 10:30:00,78790.0,2025-06-26 09:15:00,78740.0,1,1,1.2042150685058879,49.34172422241486,
CU:5m:1:-1:9896:9897:3,CU,15m,3474,2025-06-26 10:15:00,20.0,-1,1,CHoCH,-1,78410.0,276.0,BOS,1,78600.0,26.0,13,6,4,2,current_internal_high,internal,0.0,16.0,78850.0,78850.0,78850.0,0.07615179591318695,active_bull_internal_ob,internal,1.0,26.0,78510.0,78590.0,78550.0,0.2538393197106232,78740.0,78760.0,78690.0,78700.0,2516.0,181345.0,1,1,0,1,1,0,active_bear_internal_ob,78850.0,16.0,above,0.07615179591318695,78600.0,False,,78510.0,5.0,below,0.35537504759487243,78510.0,False,,78870.0,126.0,above,0.10153572788424926,79470.0,False,,77920.0,64.0,below,1.1042010407412108,77810.0,False,,1,1,7.557349602206216e-05,67,UP_CONFIRMED,0.0012778512513703147,0.0017820603028232199,0.0010693197063672073,0.3186335775398217,7.557349602206216e-05,0.005063424233478164,0.0006210843547689304,0.0007287238848865396,0.0009959642571581995,78599.56145204135,0.12778512513703147,-0.06349206349206549,0.5273978509922204,,49,1,3408,3474,2025-06-24 09:00:00,2025-06-26 10:00:00,78480.0,78700.0,67,0.28032619775739676,0.004183973100856668,48.0,-1.0,3325.0,3407.0,2025-06-19 13:45:00,2025-06-24 00:45:00,78400.0,78450.0,83.0,0.06377551020408934,0.0007683796410131245,156261.0,,2332.2537313432836,,159727.0,0.0,1924.421686746988,0.0,1.2119244692600033,,0.9783004751857858,,34.32835820895522,55.223880597014926,10.44776119402985,True,False,2025-06-25 23:30:00,78570.0,2025-06-25 23:15:00,78540.0,2,2,2025-06-26 09:45:00,78750.0,2025-06-26 09:30:00,78690.0,5,5,0.6000468697232878,82.60791349692121,
CU:5m:1:-1:9896:9897:3,CU,1h,1010,2025-06-26 10:00:00,35.0,1,1,CHoCH,1,78630.0,130.0,BOS,1,78690.0,6.0,10,5,2,1,current_internal_high,internal,0.0,0.0,78850.0,78850.0,78850.0,0.07615179591318695,active_bull_internal_ob,internal,1.0,6.0,78300.0,78540.0,78420.0,0.31729914963827893,78720.0,78840.0,78670.0,78750.0,14756.0,180648.0,2,2,0,2,2,0,active_bear_internal_ob,78850.0,0.0,above,0.07615179591318695,78690.0,False,,78300.0,8.0,below,0.6219063332910267,78180.0,False,,78870.0,0.0,above,0.10153572788424926,79470.0,False,,77810.0,26.0,below,1.2438126665820535,77390.0,False,,-1,-1,-9.430998642166316e-05,-80,DOWN_CONFIRMED,0.004244861502755775,0.0033323906796101305,0.003829448282226641,0.5941670097087144,-9.430998642166316e-05,-0.007544798913733053,0.0006862485885952285,0.0014344361771727598,0.0022264475253639393,78417.13014309897,0.4244861502755775,0.038109756097570724,1.350990225312291,,14,-1,931,1010,2025-06-13 11:00:00,2025-06-26 09:00:00,78330.0,78750.0,80,0.536193029490617,0.006702412868632712,13.0,1.0,880.0,930.0,2025-06-05 21:00:00,2025-06-13 10:00:00,78890.0,78590.0,51.0,-0.3802763341361426,-0.007456398708551816,604157.0,,7551.9625,,485721.0,0.0,9523.941176470587,0.0,0.7929451012000717,,1.2438354528628575,,41.25,38.75,20.0,False,False,2025-06-20 21:00:00,78420.0,2025-06-20 10:00:00,78150.0,3,2,2025-06-24 22:00:00,78470.0,2025-06-24 21:00:00,78360.0,3,2,1.1491594625017567,156.82581557436825,4.0
CU:5m:1:-1:9896:9897:3,CU,4h,447,2025-06-26 01:00:00,575.0,1,1,CHoCH,1,79090.0,49.0,CHoCH,1,78520.0,6.0,4,3,1,1,current_swing_high,swing,0.0,65.0,79090.0,79090.0,79090.0,0.38075897956593474,current_internal_high,internal,0.0,8.0,78520.0,78520.0,78520.0,0.3426830816093413,78680.0,78730.0,78660.0,78720.0,1961.0,175229.0,2,2,0,2,2,0,active_bear_internal_ob,78520.0,8.0,below,0.3426830816093413,78870.0,True,6.0,78170.0,6.0,below,0.7869018911029318,77920.0,False,,79090.0,65.0,above,0.38075897956593474,83320.0,True,49.0,77390.0,16.0,below,1.776875237974362,71320.0,False,,1,1,0.00015350475247699613,58,UP_CONFIRMED,0.005284680691988319,0.006878637732675453,0.005505215028892204,0.38608567989512754,0.00015350475247699613,0.008903275643665776,0.000547521869321832,0.000939655235982384,0.0012079037498700096,78306.17685908935,0.5284680691988319,0.05083884087442314,-1.5270090307144828,,7,1,390,447,2025-06-05 21:00:00,2025-06-26 00:00:00,78620.0,78720.0,58,0.1271940981938391,0.0021930016929972256,6.0,-1.0,381.0,389.0,2025-06-03 13:30:00,2025-06-05 13:30:00,77650.0,78170.0,9.0,0.6696716033483652,0.07440795592759614,1075122.0,,18536.58620689655,,210538.0,0.0,23393.11111111111,0.0,0.7923950824177534,,5.106546086692188,,32.758620689655174,55.172413793103445,12.068965517241379,False,False,2025-06-20 21:00:00,78360.0,2025-06-20 09:00:00,78120.0,2,2,2025-06-23 21:00:00,78440.0,2025-06-23 09:00:00,78270.0,5,5,0.800335072559628,232.98094854668048,
CU:5m:1:-1:9898:9904:1,CU,5m,9921,2025-06-18 23:05:00,0.0,1,-1,CHoCH,1,78730.0,40.0,BOS,-1,78600.0,17.0,18,11,11,4,current_internal_high,internal,0.0,18.0,78700.0,78700.0,78700.0,0.06357279084551812,current_internal_low,internal,0.0,3.0,78500.0,78500.0,78500.0,0.19071837253655435,78630.0,78660.0,78600.0,78650.0,221.0,180541.0,1,1,0,1,1,0,active_bear_internal_ob,78700.0,18.0,above,0.06357279084551812,78870.0,False,,78500.0,3.0,below,0.19071837253655435,78600.0,False,,78730.0,120.0,above,0.101716465352829,78880.0,True,40.0,78360.0,49.0,below,0.3687221869040051,77810.0,False,,0,0,-3.153503067355793e-05,-19,NONE,-0.0018418094631586193,-0.002996809652196652,0.0005771895403971566,0.9773079047374862,-3.153503067355793e-05,-0.0005991655827976006,-8.334049603431204e-05,-0.00021338662599346137,,78795.12560799558,-0.18418094631586193,0.03815822945816283,-0.9013612823218136,,148,-1,9903,9921,2025-06-18 21:30:00,2025-06-18 23:00:00,78600.0,78650.0,19,0.06361323155217313,0.0033480648185354282,147.0,1.0,9862.0,9902.0,2025-06-18 09:50:00,2025-06-18 21:25:00,78690.0,78670.0,41.0,-0.025416190113103365,-0.0006199070759293503,9783.0,,514.8947368421053,,36197.0,0.0,882.8536585365854,0.0,0.5832164049652269,,0.27027101693510514,,0.0,36.84210526315789,63.1578947368421,False,True,,,,,0,0,2025-06-18 22:30:00,78590.0,,,1,0,0.1926013352146268,47.7008437168189,
CU:5m:1:-1:9898:9904:1,CU,15m,3306,2025-06-18 23:00:00,5.0,-1,-1,CHoCH,-1,78410.0,108.0,CHoCH,-1,78600.0,5.0,11,6,4,2,active_bear_internal_ob,internal,-1.0,5.0,78750.0,78870.0,78810.0,0.12714558169103624,current_internal_low,internal,0.0,12.0,78600.0,78600.0,78600.0,0.06357279084551812,78620.0,78640.0,78590.0,78620.0,838.0,180480.0,0,0,0,0,0,0,,78870.0,3.0,above,0.27972027972027974,78720.0,False,,78600.0,12.0,below,0.06357279084551812,78360.0,True,5.0,79470.0,166.0,above,1.042593769866497,79180.0,False,,77810.0,50.0,below,1.0680228862047043,78410.0,False,,1,1,0.00015315952630289643,59,UP_CONFIRMED,-0.002792986952765676,0.0024475678552816,0.0026129262414989517,0.022448041979148847,0.00015315952630289643,0.00903641205187089,-0.0001724629127038968,0.004695293362226183,0.005933700668123487,78840.19964897302,-0.2792986952765676,0.0,-1.168564484981337,,47,1,3248,3306,2025-06-16 23:45:00,2025-06-18 22:45:00,78710.0,78620.0,59,-0.11434379367297742,-0.0019380304012369056,46.0,-1.0,3144.0,3247.0,2025-06-11 21:00:00,2025-06-16 23:30:00,78550.0,78600.0,104.0,0.06365372374284028,0.0006120550359888489,117545.0,,1992.2881355932204,,274935.0,0.0,2643.605769230769,0.0,0.753625279072126,,0.4275374179351483,,18.64406779661017,55.932203389830505,25.423728813559322,True,True,,,2025-06-18 14:45:00,78860.0,0,1,2025-06-18 09:00:00,78600.0,2025-06-18 21:00:00,78680.0,3,4,1.0675602867804155,85.33128153518628,
CU:5m:1:-1:9898:9904:1,CU,1h,962,2025-06-18 23:00:00,5.0,1,1,CHoCH,1,78630.0,82.0,CHoCH,1,78730.0,2.0,9,4,2,1,current_internal_high,internal,0.0,11.0,78730.0,78730.0,78730.0,0.101716465352829,active_bull_internal_ob,internal,1.0,2.0,78360.0,78570.0,78465.0,0.101716465352829,78580.0,78640.0,78500.0,78620.0,4207.0,180480.0,0,0,0,0,0,0,,78730.0,11.0,above,0.101716465352829,78880.0,True,2.0,78360.0,4.0,below,0.3687221869040051,77810.0,False,,79470.0,12.0,above,1.042593769866497,78630.0,False,,77390.0,52.0,below,1.6020343293070567,77520.0,False,,0,0,-0.00033234531987920077,-32,NONE,0.005718610644470996,0.005296089414500954,0.004985536640952914,0.5337696884372586,-0.00033234531987920077,-0.010635050236134425,0.0009492181246786302,0.0016291533924273072,0.003259442925525935,78172.95928293481,0.5718610644470996,0.06363752068219153,-0.793151304521168,,14,-1,931,962,2025-06-13 11:00:00,2025-06-18 22:00:00,78330.0,78620.0,32,0.3702285203625699,0.01156964126133031,13.0,1.0,880.0,930.0,2025-06-05 21:00:00,2025-06-13 10:00:00,78890.0,78590.0,51.0,-0.3802763341361426,-0.007456398708551816,260598.0,,8143.6875,,485721.0,0.0,9523.941176470587,0.0,0.8550753673405104,,0.5365178775469869,,62.5,21.875,15.625,True,False,2025-06-13 21:00:00,77960.0,,,1,0,2025-06-13 23:00:00,78440.0,2025-06-18 21:00:00,78570.0,1,1,0.9413618711387819,169.63229769243912,4.0
CU:5m:1:-1:9898:9904:1,CU,4h,425,2025-06-18 15:00:00,485.0,1,1,CHoCH,1,79090.0,27.0,CHoCH,1,78730.0,0.0,4,2,1,1,current_internal_high,internal,0.0,1.0,78730.0,78730.0,78730.0,0.101716465352829,active_bull_internal_ob,internal,1.0,117.0,77160.0,77970.0,77565.0,0.8645899554990464,78690.0,78870.0,78650.0,78860.0,17252.0,184366.0,2,2,1,1,2,0,active_bear_internal_ob|active_bull_internal_ob,78730.0,1.0,above,0.101716465352829,78880.0,True,0.0,77810.0,6.0,below,1.0680228862047043,78510.0,False,,79090.0,43.0,above,0.5594405594405595,83320.0,True,27.0,71320.0,131.0,below,9.319771137952957,76550.0,False,,0,0,0.00020968886215645533,36,NONE,0.008426370894928243,0.009602354381730958,0.005115201255256797,0.4090848355240468,0.00020968886215645533,0.007548799037632392,0.0006166972771552981,0.001214805194640567,0.002627860267527593,78201.04895711491,0.8426370894928243,0.2670057215511834,-0.1348107719113694,,7,1,390,425,2025-06-05 21:00:00,2025-06-18 13:30:00,78620.0,78860.0,36,0.305265835665236,0.008479606546256556,6.0,-1.0,381.0,389.0,2025-06-03 13:30:00,2025-06-05 13:30:00,77650.0,78170.0,9.0,0.6696716033483652,0.07440795592759614,730648.0,,20295.777777777777,,210538.0,0.0,23393.11111111111,0.0,0.8675963484026636,,3.4703853936106546,,44.44444444444444,41.66666666666667,13.88888888888889,False,False,2025-06-13 21:00:00,78440.0,2025-06-13 13:30:00,78010.0,1,1,2025-06-18 00:00:00,78560.0,2025-06-17 21:00:00,78480.0,3,3,0.5327028197364563,274.72555118142304,
CU:5m:1:-1:9898:9904:2,CU,5m,10265,2025-06-24 14:45:00,0.0,1,1,CHoCH,1,78480.0,40.0,BOS,1,78600.0,0.0,19,11,11,5,active_bear_internal_ob,internal,-1.0,368.0,78790.0,78870.0,78830.0,0.17800381436745072,current_internal_high,internal,0.0,7.0,78600.0,78600.0,78600.0,0.06357279084551812,78610.0,78680.0,78600.0,78650.0,1987.0,150275.0,1,1,0,1,1,0,active_bear_internal_ob,78600.0,7.0,below,0.06357279084551812,78550.0,True,0.0,78450.0,1.0,below,0.25429116338207247,78280.0,False,,78480.0,53.0,below,0.2161474888747616,78520.0,True,40.0,78180.0,47.0,below,0.5975842339478703,78170.0,False,,0,0,6.345061785359032e-05,14,NONE,0.003056251626741884,0.0022042759428013915,0.0005305180544979093,0.9458555252448266,6.345061785359032e-05,0.0008883086499502646,0.00046047023814166366,0.000630094978404605,,78410.35821515153,0.3056251626741884,0.07634559104212624,2.350350338012482,,155,1,10252,10265,2025-06-24 13:35:00,2025-06-24 14:40:00,78570.0,78650.0,14,0.10182003309151533,0.0072728595065368095,154.0,-1.0,10232.0,10251.0,2025-06-24 09:40:00,2025-06-24 13:30:00,78310.0,78510.0,20.0,0.2553952241093116,0.01276976120546558,12768.0,,912.0,,16090.0,0.0,804.5,0.0,1.1336233685518955,,0.7935363579863269,,35.714285714285715,64.28571428571429,0.0,False,False,,,,,0,0,2025-06-24 14:20:00,78570.0,2025-06-24 13:50:00,78510.0,1,1,0.24067678832609288,51.998807118563455,
CU:5m:1:-1:9898:9904:2,CU,15m,3421,2025-06-24 14:45:00,0.0,-1,1,CHoCH,-1,78410.0,223.0,CHoCH,1,78550.0,4.0,11,6,4,2,active_bear_internal_ob,internal,-1.0,120.0,78750.0,78870.0,78810.0,0.12714558169103624,current_internal_high,internal,0.0,8.0,78550.0,78550.0,78550.0,0.12714558169103624,78560.0,78680.0,78540.0,78650.0,3533.0,150275.0,0,0,0,0,0,0,,78550.0,8.0,below,0.12714558169103624,78480.0,True,4.0,78280.0,6.0,below,0.47043865225683407,78180.0,False,,78870.0,73.0,above,0.27972027972027974,79470.0,False,,77920.0,11.0,below,0.9281627463445645,77810.0,False,,0,0,0.00010405426008901803,14,NONE,0.004245444663560647,0.002530445939328135,0.0008317706064843765,0.9803897060190699,0.00010405426008901803,0.0014567596412462525,0.0007621784948950161,0.0011285402542120515,,78317.5073563307,0.4245444663560647,0.12730744748568057,0.8729385174907104,,49,1,3408,3421,2025-06-24 09:00:00,2025-06-24 14:30:00,78480.0,78650.0,14,0.21661569826707527,0.015472549876219663,48.0,-1.0,3325.0,3407.0,2025-06-19 13:45:00,2025-06-24 00:45:00,78400.0,78450.0,83.0,0.06377551020408934,0.0007683796410131245,40806.0,,2914.714285714286,,159727.0,0.0,1924.421686746988,0.0,1.514592308841246,,0.2554734014912945,,50.0,50.0,0.0,False,False,,,,,0,0,2025-06-24 10:00:00,78400.0,2025-06-24 09:30:00,78310.0,1,1,0.32870514779905635,88.16769127122888,
CU:5m:1:-1:9898:9904:2,CU,1h,995,2025-06-24 14:00:00,45.0,1,1,CHoCH,1,78630.0,115.0,CHoCH,1,78480.0,0.0,9,5,2,1,active_bear_internal_ob,internal,-1.0,26.0,78660.0,78870.0,78765.0,0.012714558169103624,current_internal_high,internal,0.0,4.0,78480.0,78480.0,78480.0,0.2161474888747616,78450.0,78600.0,78420.0,78500.0,7100.0,151064.0,0,0,0,0,0,0,,78480.0,4.0,below,0.2161474888747616,78520.0,True,0.0,78180.0,3.0,below,0.5975842339478703,78170.0,False,,79470.0,45.0,above,1.042593769866497,78630.0,False,,77810.0,11.0,below,1.0680228862047043,77390.0,False,,-1,-1,-0.00014474373218693434,-65,DOWN_CONFIRMED,0.0029400136998399182,0.0033493163062775656,0.004202461689700008,0.4612059938680714,-0.00014474373218693434,-0.009408342592150731,0.00034455627366347663,0.0005316845893059696,0.0005199669210664837,78269.88546444962,0.29400136998399184,0.12755102040815647,0.057758219233482656,,14,-1,931,995,2025-06-13 11:00:00,2025-06-24 13:30:00,78330.0,78500.0,65,0.21703051193668887,0.0033389309528721366,13.0,1.0,880.0,930.0,2025-06-05 21:00:00,2025-06-13 10:00:00,78890.0,78590.0,51.0,-0.3802763341361426,-0.007456398708551816,483692.0,,7441.415384615385,,485721.0,0.0,9523.941176470587,0.0,0.7813378145383557,,0.9958227048037865,,38.46153846153847,36.92307692307693,24.615384615384617,False,False,2025-06-20 21:00:00,78420.0,2025-06-20 10:00:00,78150.0,3,2,2025-06-20 21:00:00,78420.0,2025-06-18 21:00:00,78570.0,2,1,1.254722249380689,155.3433924401554,2.0
CU:5m:1:-1:9898:9904:2,CU,4h,440,2025-06-24 11:30:00,195.0,1,-1,CHoCH,1,79090.0,42.0,CHoCH,-1,78360.0,11.0,3,3,1,1,current_swing_high,swing,0.0,58.0,79090.0,79090.0,79090.0,0.5594405594405595,current_internal_high,internal,0.0,1.0,78520.0,78520.0,78520.0,0.1652892561983471,78490.0,78550.0,78280.0,78400.0,26180.0,151009.0,2,2,0,2,2,0,active_bear_internal_ob,78520.0,1.0,below,0.1652892561983471,78870.0,False,,77920.0,2.0,below,0.9281627463445645,78360.0,False,,79090.0,58.0,above,0.5594405594405595,83320.0,True,42.0,77390.0,9.0,below,1.6020343293070567,71320.0,False,,1,1,0.00015877795971842122,51,UP_CONFIRMED,0.001998243695241335,0.007234107976265963,0.0057531965409230255,0.18139038183484457,0.00015877795971842122,0.008097675945639482,0.00021970968140561098,0.00019587890483263593,0.00116179782159187,78243.65011945613,0.1998243695241335,-0.06373486297004405,1.2295803274567534,,7,1,390,440,2025-06-05 21:00:00,2025-06-24 09:00:00,78620.0,78400.0,51,-0.2798270160264571,-0.0054868042358128845,6.0,-1.0,381.0,389.0,2025-06-03 13:30:00,2025-06-05 13:30:00,77650.0,78170.0,9.0,0.6696716033483652,0.07440795592759614,962313.0,,18868.882352941175,,210538.0,0.0,23393.11111111111,0.0,0.8065999542907721,,4.570733074314376,,31.372549019607842,54.90196078431373,13.725490196078432,True,False,2025-06-20 21:00:00,78360.0,2025-06-20 09:00:00,78120.0,2,2,2025-06-23 21:00:00,78440.0,2025-06-23 09:00:00,78270.0,5,5,0.7952876235464568,249.603552248881,
CU:5m:1:-1:9898:9904:3,CU,5m,10348,2025-06-25 13:55:00,0.0,1,1,CHoCH,1,78480.0,123.0,BOS,1,78580.0,7.0,20,12,11,5,active_bear_internal_ob,internal,-1.0,444.0,78650.0,78700.0,78675.0,0.012716174974567649,current_internal_high,internal,0.0,10.0,78580.0,78580.0,78580.0,0.0762970498474059,78610.0,78650.0,78610.0,78640.0,1053.0,138978.0,1,1,0,1,1,0,active_bear_internal_ob,78580.0,10.0,below,0.0762970498474059,78600.0,True,7.0,78520.0,7.0,below,0.1525940996948118,78510.0,False,,78690.0,31.0,above,0.06358087487283826,78480.0,False,,78300.0,20.0,below,0.4323499491353001,78180.0,False,,1,1,2.6626865620410216e-05,97,UP_CONFIRMED,0.001233635504839236,0.000550307092302651,0.0010755304487695715,0.7373969265250679,2.6626865620410216e-05,0.0025828059651797908,0.0002580986956102205,0.00036384070153960835,0.0006213436314157494,78543.10643524112,0.1233635504839236,0.025438819638767818,0.8448359960732554,,155,1,10252,10348,2025-06-24 13:35:00,2025-06-25 13:50:00,78570.0,78640.0,97,0.08909252895508146,0.0009184796799492934,154.0,-1.0,10232.0,10251.0,2025-06-24 09:40:00,2025-06-24 13:30:00,78310.0,78510.0,20.0,0.2553952241093116,0.01276976120546558,70682.0,,728.680412371134,,16090.0,0.0,804.5,0.0,0.9057556399889796,,4.392914853946551,,39.175257731958766,41.23711340206185,19.587628865979383,False,False,2025-06-25 00:50:00,78460.0,2025-06-25 00:25:00,78440.0,7,7,2025-06-25 10:45:00,78530.0,2025-06-25 10:40:00,78520.0,4,4,1.954418657897407,32.681040683042234,
CU:5m:1:-1:9898:9904:3,CU,15m,3448,2025-06-25 13:45:00,10.0,-1,1,CHoCH,-1,78410.0,250.0,BOS,1,78600.0,0.0,13,6,4,2,active_bear_internal_ob,internal,-1.0,147.0,78750.0,78870.0,78810.0,0.13987792472024413,current_internal_high,internal,0.0,2.0,78600.0,78600.0,78600.0,0.050864699898270596,78580.0,78610.0,78570.0,78610.0,2870.0,139785.0,0,0,0,0,0,0,,78600.0,2.0,below,0.050864699898270596,78550.0,True,0.0,78510.0,1.0,below,0.16531027466937945,78380.0,False,,78870.0,100.0,above,0.29247202441505593,79470.0,False,,77920.0,38.0,below,0.9155645981688708,77810.0,False,,0,0,7.277379482171004e-05,41,NONE,0.002206593926330623,0.0017245197181969842,0.0010528052496077997,0.6764860427503127,7.277379482171004e-05,0.0029837255876901114,0.00035461887956445004,0.0007661053401470941,0.000835763527211153,78436.921565274,0.2206593926330623,0.025448530347382814,1.438452883337968,,49,1,3408,3448,2025-06-24 09:00:00,2025-06-25 13:30:00,78480.0,78610.0,41,0.1656472986748314,0.004040178016459303,48.0,-1.0,3325.0,3407.0,2025-06-19 13:45:00,2025-06-24 00:45:00,78400.0,78450.0,83.0,0.06377551020408934,0.0007683796410131245,96249.0,,2347.5365853658536,,159727.0,0.0,1924.421686746988,0.0,1.2198660000210726,,0.6025844096489635,,39.02439024390244,51.21951219512195,9.75609756097561,False,False,2025-06-24 22:00:00,78400.0,2025-06-24 21:15:00,78370.0,1,1,2025-06-25 00:45:00,78470.0,2025-06-24 23:45:00,78400.0,3,3,0.610491859558745,66.46599145164005,
CU:5m:1:-1:9898:9904:3,CU,1h,1003,2025-06-25 11:30:00,145.0,1,1,CHoCH,1,78630.0,123.0,CHoCH,1,78480.0,8.0,9,5,2,1,active_bear_internal_ob,internal,-1.0,34.0,78660.0,78870.0,78765.0,0.025432349949135298,active_bull_internal_ob,internal,1.0,8.0,78180.0,78450.0,78315.0,0.24160732451678535,78560.0,78600.0,78530.0,78590.0,3481.0,139868.0,0,0,0,0,0,0,,78690.0,2.0,above,0.06358087487283826,78480.0,False,,78300.0,1.0,below,0.4323499491353001,78180.0,False,,79470.0,53.0,above,1.055442522889115,78630.0,False,,77810.0,19.0,below,1.055442522889115,77390.0,False,,-1,-1,-0.0001189424142369774,-73,DOWN_CONFIRMED,0.00335498653933872,0.0032583251348624856,0.003991296903223773,0.509660657385406,-0.0001189424142369774,-0.00868279623929935,0.00031038991748433276,0.0008599941740166095,0.0012764842260974962,78327.21325386935,0.33549865393387196,0.02545500827286773,-0.7301583435275218,,14,-1,931,1003,2025-06-13 11:00:00,2025-06-25 11:00:00,78330.0,78590.0,73,0.3319290182560941,0.004546972852823207,13.0,1.0,880.0,930.0,2025-06-05 21:00:00,2025-06-13 10:00:00,78890.0,78590.0,51.0,-0.3802763341361426,-0.007456398708551816,543791.0,,7449.191780821918,,485721.0,0.0,9523.941176470587,0.0,0.7821543248529873,,1.1195542296915308,,35.61643835616438,42.465753424657535,21.91780821917808,False,False,2025-06-20 21:00:00,78420.0,2025-06-20 10:00:00,78150.0,3,2,2025-06-24 22:00:00,78470.0,2025-06-24 21:00:00,78360.0,3,2,1.2249535384050068,149.62643877865557,2.0
CU:5m:1:-1:9898:9904:3,CU,4h,444,2025-06-25 11:30:00,145.0,1,1,CHoCH,1,79090.0,46.0,CHoCH,1,78520.0,3.0,4,3,1,1,active_bear_internal_ob,internal,-1.0,15.0,78650.0,78870.0,78760.0,0.012716174974567649,current_internal_high,internal,0.0,5.0,78520.0,78520.0,78520.0,0.1525940996948118,78470.0,78600.0,78470.0,78590.0,20615.0,139868.0,1,1,0,1,1,0,active_bear_internal_ob,78520.0,5.0,below,0.1525940996948118,78870.0,True,3.0,78170.0,3.0,below,0.5976602238046796,77920.0,False,,79090.0,62.0,above,0.5722278738555442,83320.0,True,46.0,77390.0,13.0,below,1.5895218718209563,71320.0,False,,1,1,0.00015436096877554853,55,UP_CONFIRMED,0.004035958546633355,0.0069499759918623975,0.005641718903393507,0.30274831048591977,0.00015436096877554853,0.008489853282655169,0.0004892521814099382,0.0006129911499097584,0.0011348575985270504,78274.089021434,0.4035958546633355,0.1529246845928478,0.5184796023022725,,7,1,390,444,2025-06-05 21:00:00,2025-06-25 09:00:00,78620.0,78590.0,55,-0.03815822945815173,-0.0006937859901482132,6.0,-1.0,381.0,389.0,2025-06-03 13:30:00,2025-06-05 13:30:00,77650.0,78170.0,9.0,0.6696716033483652,0.07440795592759614,1029512.0,,18718.4,,210538.0,0.0,23393.11111111111,0.0,0.8001671907209151,,4.889910609961147,,29.09090909090909,58.18181818181818,12.727272727272727,False,False,2025-06-20 21:00:00,78360.0,2025-06-20 09:00:00,78120.0,2,2,2025-06-23 21:00:00,78440.0,2025-06-23 09:00:00,78270.0,5,5,0.8117609197498372,238.35217242243573,
CU:5m:1:-1:9945:9952:1,CU,5m,9954,2025-06-19 09:50:00,0.0,1,-1,CHoCH,1,78730.0,73.0,BOS,-1,78530.0,2.0,18,12,11,4,current_internal_high,internal,0.0,11.0,78620.0,78620.0,78620.0,0.06363752068219422,current_internal_low,internal,0.0,19.0,78530.0,78530.0,78530.0,0.050910016545755374,78530.0,78590.0,78530.0,78570.0,595.0,180643.0,1,1,0,1,1,0,active_bear_internal_ob,78620.0,11.0,above,0.06363752068219422,78640.0,False,,78530.0,19.0,below,0.050910016545755374,78530.0,True,2.0,78870.0,8.0,above,0.3818251240931653,78730.0,False,,78360.0,82.0,below,0.26727758686521574,77810.0,False,,-1,-1,-3.279008630774776e-05,-52,DOWN_CONFIRMED,-0.0017524580005478505,-0.0026748919440445188,0.000490974786583032,0.9698627769539971,-3.279008630774776e-05,-0.0017050844880028837,-0.0003979825842452822,-0.0008327857570955555,-0.0009342116612374163,78707.93234574588,-0.17524580005478504,0.06367804381048892,0.8312532575943022,,148,-1,9903,9954,2025-06-18 21:30:00,2025-06-19 09:45:00,78600.0,78570.0,52,-0.03816793893129944,-0.0007339988256019123,147.0,1.0,9862.0,9902.0,2025-06-18 09:50:00,2025-06-18 21:25:00,78690.0,78670.0,41.0,-0.025416190113103365,-0.0006199070759293503,18705.0,,359.71153846153845,,36197.0,0.0,882.8536585365854,0.0,0.4074418619477602,,0.5167555322264276,,0.0,71.15384615384616,28.846153846153843,True,True,,,,,0,0,2025-06-19 00:50:00,78600.0,2025-06-19 09:00:00,78580.0,5,5,0.18354939072442047,46.08182150269911,
CU:5m:1:-1:9945:9952:1,CU,15m,3317,2025-06-19 09:45:00,5.0,-1,-1,CHoCH,-1,78410.0,119.0,CHoCH,-1,78600.0,16.0,11,6,4,2,current_internal_high,internal,0.0,5.0,78660.0,78660.0,78660.0,0.11454753722794961,current_internal_low,internal,0.0,8.0,78500.0,78500.0,78500.0,0.08909252895507191,78540.0,78580.0,78510.0,78520.0,1870.0,180622.0,0,0,0,0,0,0,,78660.0,5.0,above,0.11454753722794961,78870.0,False,,78500.0,8.0,below,0.08909252895507191,78600.0,False,,79470.0,177.0,above,1.145475372279496,79180.0,False,,77810.0,61.0,below,0.9672903143693522,78410.0,False,,1,1,0.00012491322934359442,70,UP_CONFIRMED,-0.003772602328321172,0.001541665857475673,0.003189996105817226,0.047864990954317066,0.00012491322934359442,0.00874392605405161,-0.00022406993420609478,-0.0002774475675428878,0.004315055024991743,78817.34650493662,-0.3772602328321172,-0.03819223424570417,0.30217921002941744,,47,1,3248,3317,2025-06-16 23:45:00,2025-06-19 09:30:00,78710.0,78520.0,70,-0.241392453309619,-0.003448463618708843,46.0,-1.0,3144.0,3247.0,2025-06-11 21:00:00,2025-06-16 23:30:00,78550.0,78600.0,104.0,0.06365372374284028,0.0006120550359888489,126093.0,,1801.3285714285714,,274935.0,0.0,2643.605769230769,0.0,0.6813907702859637,,0.45862840307709096,,15.714285714285714,47.14285714285714,37.142857142857146,True,True,,,2025-06-18 14:45:00,78860.0,0,1,2025-06-18 09:00:00,78600.0,2025-06-18 21:00:00,78680.0,3,4,2.069187749309395,74.67088141038886,
CU:5m:1:-1:9945:9952:1,CU,1h,964,2025-06-19 01:00:00,530.0,1,1,CHoCH,1,78630.0,84.0,CHoCH,1,78730.0,4.0,9,4,2,1,current_internal_high,internal,0.0,13.0,78730.0,78730.0,78730.0,0.2036400661830215,current_internal_low,internal,0.0,6.0,78360.0,78360.0,78360.0,0.26727758686521574,78540.0,78620.0,78540.0,78610.0,970.0,180888.0,1,1,1,0,1,0,active_bull_internal_ob,78730.0,13.0,above,0.2036400661830215,78880.0,True,4.0,78360.0,6.0,below,0.26727758686521574,77810.0,False,,79470.0,14.0,above,1.145475372279496,78630.0,False,,77390.0,54.0,below,1.5018454880997836,77520.0,False,,0,0,-0.00031101628437144854,-34,NONE,0.005529204211723042,0.005284083134038102,0.00483808166455354,0.5202037394526071,-0.00031101628437144854,-0.01057455366862925,0.0007123758967533256,0.0015278554425708357,0.0030003232699444826,78177.73931451917,0.5529204211723042,0.08912655971480277,-1.5592146754515113,,14,-1,931,964,2025-06-13 11:00:00,2025-06-19 00:00:00,78330.0,78610.0,34,0.3574620196604039,0.010513588813541292,13.0,1.0,880.0,930.0,2025-06-05 21:00:00,2025-06-13 10:00:00,78890.0,78590.0,51.0,-0.3802763341361426,-0.007456398708551816,263549.0,,7751.441176470588,,485721.0,0.0,9523.941176470587,0.0,0.813890072696054,,0.5425933817973693,,58.82352941176471,26.47058823529412,14.705882352941178,True,False,2025-06-13 21:00:00,77960.0,,,1,0,2025-06-13 23:00:00,78440.0,2025-06-18 21:00:00,78570.0,1,1,0.9155952966349855,160.6013179082766,4.0
CU:5m:1:-1:9945:9952:1,CU,4h,427,2025-06-19 01:00:00,530.0,1,1,CHoCH,1,79090.0,29.0,CHoCH,1,78730.0,2.0,4,2,1,1,current_internal_high,internal,0.0,3.0,78730.0,78730.0,78730.0,0.2036400661830215,current_internal_low,internal,0.0,0.0,78360.0,78360.0,78360.0,0.26727758686521574,78540.0,78620.0,78540.0,78610.0,970.0,180888.0,2,2,1,1,2,0,active_bear_internal_ob|active_bull_internal_ob,78730.0,3.0,above,0.2036400661830215,78880.0,True,2.0,78360.0,0.0,below,0.26727758686521574,77810.0,False,,79090.0,45.0,above,0.6618302150948199,83320.0,True,29.0,71320.0,133.0,below,9.227440498918162,76550.0,False,,0,0,0.000202265469459807,38,NONE,0.005092528721016749,0.009341635808754073,0.005101182835420475,0.20243221635021164,0.000202265469459807,0.007686087839472666,0.0005285863428938775,0.0010781557348447102,0.0023587460106497815,78211.7046477616,0.5092528721016749,0.08912655971480277,-1.5376629240443118,,7,1,390,427,2025-06-05 21:00:00,2025-06-19 00:00:00,78620.0,78610.0,38,-0.012719409819383909,-0.00033472131103641864,6.0,-1.0,381.0,389.0,2025-06-03 13:30:00,2025-06-05 13:30:00,77650.0,78170.0,9.0,0.6696716033483652,0.07440795592759614,749270.0,,19717.63157894737,,210538.0,0.0,23393.11111111111,0.0,0.8428819700506623,,3.5588349846583514,,42.10526315789473,44.73684210526316,13.157894736842104,False,False,2025-06-13 21:00:00,78440.0,2025-06-13 13:30:00,78010.0,1,1,2025-06-18 00:00:00,78560.0,2025-06-17 21:00:00,78480.0,3,3,0.5460695471172342,266.4725415799005,
CU:5m:1:-1:9945:9952:2,CU,5m,9959,2025-06-19 10:15:00,0.0,1,-1,CHoCH,1,78730.0,78.0,BOS,-1,78530.0,7.0,18,12,11,4,active_bear_internal_ob,internal,-1.0,7.0,78560.0,78640.0,78600.0,0.012730744748567792,current_internal_low,internal,0.0,24.0,78530.0,78530.0,78530.0,0.025461489497135583,78540.0,78560.0,78520.0,78550.0,821.0,179408.0,0,0,0,0,0,0,,78620.0,16.0,above,0.08911521323997454,78640.0,False,,78530.0,24.0,below,0.025461489497135583,78530.0,True,7.0,78870.0,13.0,above,0.40738383195416933,78730.0,False,,78360.0,87.0,below,0.24188415022278806,77810.0,False,,-1,-1,-3.8233183976535366e-05,-57,DOWN_CONFIRMED,-0.0015322729078594546,-0.002606515220538943,0.0005233208205712387,0.9799511676075249,-3.8233183976535366e-05,-0.0021792914866625157,-0.00047501694268015093,-0.0008728104784549995,-0.0013744448851318314,78670.54474435833,-0.15322729078594546,0.01273236567354008,0.7352815725382954,,148,-1,9903,9959,2025-06-18 21:30:00,2025-06-19 10:10:00,78600.0,78550.0,57,-0.06361323155216203,-0.0011160216061782812,147.0,1.0,9862.0,9902.0,2025-06-18 09:50:00,2025-06-18 21:25:00,78690.0,78670.0,41.0,-0.025416190113103365,-0.0006199070759293503,23021.0,,403.87719298245617,,36197.0,0.0,882.8536585365854,0.0,0.4574678816554052,,0.6359919330331243,,0.0,64.91228070175438,35.08771929824561,True,True,,,,,0,0,2025-06-19 00:50:00,78600.0,2025-06-19 09:00:00,78580.0,5,5,0.20077412801872416,45.34220814095627,
CU:5m:1:-1:9945:9952:2,CU,15m,3319,2025-06-19 10:15:00,0.0,-1,-1,CHoCH,-1,78410.0,121.0,CHoCH,-1,78600.0,18.0,11,6,4,2,current_internal_high,internal,0.0,7.0,78660.0,78660.0,78660.0,0.1400381922342457,current_internal_low,internal,0.0,10.0,78500.0,78500.0,78500.0,0.06365372374283895,78520.0,78560.0,78480.0,78550.0,3021.0,179408.0,0,0,0,0,0,0,,78660.0,7.0,above,0.1400381922342457,78870.0,False,,78500.0,10.0,below,0.06365372374283895,78600.0,False,,79470.0,179.0,above,1.1712285168682368,79180.0,False,,77810.0,63.0,below,0.9420751113940166,78410.0,False,,1,1,0.00011880186393894061,72,UP_CONFIRMED,-0.0032040363141918604,0.0014029302142747992,0.00325096768312569,0.07822593697929525,0.00011880186393894061,0.008553734203603724,-0.0003944885493973871,-0.0004382620935881043,-0.000758347455198094,78802.48602687872,-0.32040363141918604,0.03820682628630223,1.9743560455011107,,47,1,3248,3319,2025-06-16 23:45:00,2025-06-19 10:00:00,78710.0,78550.0,72,-0.20327785541862653,-0.002823303547480924,46.0,-1.0,3144.0,3247.0,2025-06-11 21:00:00,2025-06-16 23:30:00,78550.0,78600.0,104.0,0.06365372374284028,0.0006120550359888489,131004.0,,1819.5,,274935.0,0.0,2643.605769230769,0.0,0.6882644988815538,,0.4764908069179988,,15.277777777777779,45.83333333333333,38.88888888888889,True,True,,,2025-06-18 14:45:00,78860.0,0,1,2025-06-18 09:00:00,78600.0,2025-06-18 21:00:00,78680.0,3,4,2.317269704542058,74.7417293793659,
CU:5m:1:-1:9945:9952:2,CU,1h,965,2025-06-19 10:00:00,15.0,1,1,CHoCH,1,78630.0,85.0,CHoCH,1,78730.0,5.0,9,4,2,1,active_bear_internal_ob,internal,-1.0,34.0,78770.0,78880.0,78825.0,0.2800763844684914,current_internal_low,internal,0.0,7.0,78360.0,78360.0,78360.0,0.24188415022278806,78600.0,78640.0,78510.0,78520.0,7487.0,180198.0,1,1,1,0,1,0,active_bull_internal_ob,78870.0,0.0,above,0.40738383195416933,78730.0,False,,78360.0,7.0,below,0.24188415022278806,77810.0,False,,79470.0,15.0,above,1.1712285168682368,78630.0,False,,77390.0,55.0,below,1.4767663908338637,77520.0,False,,0,0,-0.00029794862461738345,-35,NONE,0.004229439806123038,0.005253950467526243,0.004771701271609104,0.41499845451692147,-0.00029794862461738345,-0.010428201861608422,0.0005424418516735141,0.0016259426473306249,0.003019468712139428,78189.3030492704,0.42294398061230376,-0.11448925073146432,0.374234345481454,,14,-1,931,965,2025-06-13 11:00:00,2025-06-19 09:00:00,78330.0,78520.0,35,0.24256351334099868,0.006930386095457105,13.0,1.0,880.0,930.0,2025-06-05 21:00:00,2025-06-13 10:00:00,78890.0,78590.0,51.0,-0.3802763341361426,-0.007456398708551816,271036.0,,7743.885714285714,,485721.0,0.0,9523.941176470587,0.0,0.8130967601330218,,0.5580075804834462,,57.14285714285714,28.57142857142857,14.285714285714285,True,False,2025-06-13 21:00:00,77960.0,,,1,0,2025-06-13 23:00:00,78440.0,2025-06-18 21:00:00,78570.0,1,1,0.9082120779596539,158.41550948625684,4.0
CU:5m:1:-1:9945:9952:2,CU,4h,427,2025-06-19 01:00:00,555.0,1,1,CHoCH,1,79090.0,29.0,CHoCH,1,78730.0,2.0,4,2,1,1,active_bear_internal_ob,internal,-1.0,15.0,78570.0,78880.0,78725.0,0.025461489497135583,current_internal_low,internal,0.0,0.0,78360.0,78360.0,78360.0,0.24188415022278806,78540.0,78620.0,78540.0,78610.0,970.0,180888.0,1,1,1,0,1,0,active_bull_internal_ob,78730.0,3.0,above,0.22915340547422025,78880.0,True,2.0,78360.0,0.0,below,0.24188415022278806,77810.0,False,,79090.0,45.0,above,0.6874602164226608,83320.0,True,29.0,71320.0,133.0,below,9.204328453214513,76550.0,False,,0,0,0.000202265469459807,38,NONE,0.005092528721016749,0.009341635808754073,0.005101182835420475,0.20243221635021164,0.000202265469459807,0.007686087839472666,0.0005285863428938775,0.0010781557348447102,0.0023587460106497815,78211.7046477616,0.5092528721016749,0.08912655971480277,-1.5376629240443118,,7,1,390,427,2025-06-05 21:00:00,2025-06-19 00:00:00,78620.0,78610.0,38,-0.012719409819383909,-0.00033472131103641864,6.0,-1.0,381.0,389.0,2025-06-03 13:30:00,2025-06-05 13:30:00,77650.0,78170.0,9.0,0.6696716033483652,0.07440795592759614,749270.0,,19717.63157894737,,210538.0,0.0,23393.11111111111,0.0,0.8428819700506623,,3.5588349846583514,,42.10526315789473,44.73684210526316,13.157894736842104,False,False,2025-06-13 21:00:00,78440.0,2025-06-13 13:30:00,78010.0,1,1,2025-06-18 00:00:00,78560.0,2025-06-17 21:00:00,78480.0,3,3,0.5460695471172342,266.4725415799005,
CU:5m:1:-1:9945:9952:3,CU,5m,9962,2025-06-19 10:45:00,0.0,1,-1,CHoCH,1,78730.0,81.0,BOS,-1,78530.0,10.0,18,12,11,4,active_bear_internal_ob,internal,-1.0,10.0,78560.0,78640.0,78600.0,0.025464731347084286,active_bull_internal_ob,internal,1.0,119.0,78440.0,78490.0,78465.0,0.06366182836771073,78520.0,78570.0,78520.0,78540.0,949.0,179241.0,0,0,0,0,0,0,,78620.0,19.0,above,0.10185892538833714,78640.0,False,,78480.0,0.0,below,0.07639419404125286,78530.0,False,,78870.0,16.0,above,0.42016806722689076,78730.0,False,,78360.0,90.0,below,0.2291825821237586,77810.0,False,,-1,-1,-4.0912427342535786e-05,-60,DOWN_CONFIRMED,-0.001383711507267015,-0.002555748874687892,0.0005569719180018309,0.9823239634262483,-4.0912427342535786e-05,-0.0024547456405521473,-0.0004005986839251685,-0.0008942921038291862,-0.0016241115586307364,78648.82728735056,-0.1383711507267015,0.025471217524186684,0.7055475451797616,,148,-1,9903,9962,2025-06-18 21:30:00,2025-06-19 10:40:00,78600.0,78540.0,60,-0.07633587786259888,-0.0012722646310433146,147.0,1.0,9862.0,9902.0,2025-06-18 09:50:00,2025-06-18 21:25:00,78690.0,78670.0,41.0,-0.025416190113103365,-0.0006199070759293503,26281.0,,438.01666666666665,,36197.0,0.0,882.8536585365854,0.0,0.4961373410319455,,0.7260546454126032,,0.0,61.66666666666667,38.333333333333336,True,True,,,,,0,0,2025-06-19 00:50:00,78600.0,2025-06-19 09:00:00,78580.0,5,5,0.21792904753595882,44.375667378163605,
CU:5m:1:-1:9945:9952:3,CU,15m,3320,2025-06-19 10:45:00,0.0,-1,-1,CHoCH,-1,78410.0,122.0,CHoCH,-1,78600.0,19.0,11,6,4,2,current_internal_high,internal,0.0,8.0,78660.0,78660.0,78660.0,0.15278838808250572,current_internal_low,internal,0.0,11.0,78500.0,78500.0,78500.0,0.05092946269416857,78550.0,78570.0,78500.0,78540.0,3260.0,179241.0,0,0,0,0,0,0,,78660.0,8.0,above,0.15278838808250572,78870.0,False,,78500.0,11.0,below,0.05092946269416857,78600.0,False,,79470.0,180.0,above,1.1841100076394193,79180.0,False,,77810.0,64.0,below,0.9294626941685764,78410.0,False,,1,1,0.00011552664216411766,73,UP_CONFIRMED,-0.0032120498331859853,0.0013397113095150624,0.003272884091085668,0.08215073646831289,0.00011552664216411766,0.00843344487798059,-0.0004350964535825286,-0.0005434088620325239,-0.0008472584348174772,78793.08732299203,-0.32120498331859854,-0.012730744748568057,1.940982928833293,,47,1,3248,3320,2025-06-16 23:45:00,2025-06-19 10:30:00,78710.0,78540.0,73,-0.2159827213822907,-0.0029586674161957626,46.0,-1.0,3144.0,3247.0,2025-06-11 21:00:00,2025-06-16 23:30:00,78550.0,78600.0,104.0,0.06365372374284028,0.0006120550359888489,134264.0,,1839.2328767123288,,274935.0,0.0,2643.605769230769,0.0,0.6957288783824621,,0.4883481550184589,,15.068493150684931,45.20547945205479,39.726027397260275,True,True,,,2025-06-18 14:45:00,78860.0,0,1,2025-06-18 09:00:00,78600.0,2025-06-18 21:00:00,78680.0,3,4,2.442977130849451,74.40303442369692,
CU:5m:1:-1:9945:9952:3,CU,1h,965,2025-06-19 10:00:00,45.0,1,1,CHoCH,1,78630.0,85.0,CHoCH,1,78730.0,5.0,9,4,2,1,active_bear_internal_ob,internal,-1.0,34.0,78770.0,78880.0,78825.0,0.2928444104914693,current_internal_low,internal,0.0,7.0,78360.0,78360.0,78360.0,0.2291825821237586,78600.0,78640.0,78510.0,78520.0,7487.0,180198.0,1,1,1,0,1,0,active_bull_internal_ob,78870.0,0.0,above,0.42016806722689076,78730.0,False,,78360.0,7.0,below,0.2291825821237586,77810.0,False,,79470.0,15.0,above,1.1841100076394193,78630.0,False,,77390.0,55.0,below,1.4642220524573466,77520.0,False,,0,0,-0.00029794862461738345,-35,NONE,0.004229439806123038,0.005253950467526243,0.004771701271609104,0.41499845451692147,-0.00029794862461738345,-0.010428201861608422,0.0005424418516735141,0.0016259426473306249,0.003019468712139428,78189.3030492704,0.42294398061230376,-0.11448925073146432,0.374234345481454,,14,-1,931,965,2025-06-13 11:00:00,2025-06-19 09:00:00,78330.0,78520.0,35,0.24256351334099868,0.006930386095457105,13.0,1.0,880.0,930.0,2025-06-05 21:00:00,2025-06-13 10:00:00,78890.0,78590.0,51.0,-0.3802763341361426,-0.007456398708551816,271036.0,,7743.885714285714,,485721.0,0.0,9523.941176470587,0.0,0.8130967601330218,,0.5580075804834462,,57.14285714285714,28.57142857142857,14.285714285714285,True,False,2025-06-13 21:00:00,77960.0,,,1,0,2025-06-13 23:00:00,78440.0,2025-06-18 21:00:00,78570.0,1,1,0.9082120779596539,158.41550948625684,4.0
CU:5m:1:-1:9945:9952:3,CU,4h,427,2025-06-19 01:00:00,585.0,1,1,CHoCH,1,79090.0,29.0,CHoCH,1,78730.0,2.0,4,2,1,1,active_bear_internal_ob,internal,-1.0,15.0,78570.0,78880.0,78725.0,0.03819709702062643,current_internal_low,internal,0.0,0.0,78360.0,78360.0,78360.0,0.2291825821237586,78540.0,78620.0,78540.0,78610.0,970.0,180888.0,1,1,1,0,1,0,active_bull_internal_ob,78730.0,3.0,above,0.24191494779730072,78880.0,True,2.0,78360.0,0.0,below,0.2291825821237586,77810.0,False,,79090.0,45.0,above,0.700280112044818,83320.0,True,29.0,71320.0,133.0,below,9.192768016297428,76550.0,False,,0,0,0.000202265469459807,38,NONE,0.005092528721016749,0.009341635808754073,0.005101182835420475,0.20243221635021164,0.000202265469459807,0.007686087839472666,0.0005285863428938775,0.0010781557348447102,0.0023587460106497815,78211.7046477616,0.5092528721016749,0.08912655971480277,-1.5376629240443118,,7,1,390,427,2025-06-05 21:00:00,2025-06-19 00:00:00,78620.0,78610.0,38,-0.012719409819383909,-0.00033472131103641864,6.0,-1.0,381.0,389.0,2025-06-03 13:30:00,2025-06-05 13:30:00,77650.0,78170.0,9.0,0.6696716033483652,0.07440795592759614,749270.0,,19717.63157894737,,210538.0,0.0,23393.11111111111,0.0,0.8428819700506623,,3.5588349846583514,,42.10526315789473,44.73684210526316,13.157894736842104,False,False,2025-06-13 21:00:00,78440.0,2025-06-13 13:30:00,78010.0,1,1,2025-06-18 00:00:00,78560.0,2025-06-17 21:00:00,78480.0,3,3,0.5460695471172342,266.4725415799005,
CU:5m:1:-1:9945:9952:4,CU,5m,10252,2025-06-24 13:40:00,0.0,1,1,CHoCH,1,78480.0,27.0,CHoCH,1,78550.0,0.0,18,12,11,5,active_bear_internal_ob,internal,-1.0,348.0,78650.0,78700.0,78675.0,0.10182003309151075,current_internal_high,internal,0.0,23.0,78550.0,78550.0,78550.0,0.025455008272877687,78510.0,78580.0,78510.0,78570.0,1767.0,151279.0,1,1,0,1,1,0,active_bear_internal_ob,78550.0,23.0,below,0.025455008272877687,78460.0,True,0.0,78280.0,15.0,below,0.3690976199567265,78400.0,False,,78480.0,40.0,below,0.11454753722794961,78520.0,True,27.0,78180.0,34.0,below,0.4963726613211149,78170.0,False,,0,0,0.0,1,DOWN_BROKEN,0.0029260954891380626,0.0029260954891380626,0.0,0.5,0.0,0.0,,,,78340.76743379635,0.29260954891380625,0.07642338555597927,2.012278084491754,,155,1,10252,10252,2025-06-24 13:35:00,2025-06-24 13:35:00,78570.0,78570.0,1,0.0,0.0,154.0,-1.0,10232.0,10251.0,2025-06-24 09:40:00,2025-06-24 13:30:00,78310.0,78510.0,20.0,0.2553952241093116,0.01276976120546558,1767.0,,1767.0,,16090.0,0.0,804.5,0.0,2.1963952765692976,,0.10981976382846488,,100.0,0.0,0.0,False,False,,,,,0,0,,,,,0,0,0.0,48.408464807703304,
CU:5m:1:-1:9945:9952:4,CU,15m,3416,2025-06-24 11:30:00,130.0,-1,-1,CHoCH,-1,78410.0,218.0,BOS,-1,78260.0,38.0,10,7,4,2,active_bear_internal_ob,internal,-1.0,91.0,78600.0,78660.0,78630.0,0.038182512409316534,current_internal_high,internal,0.0,3.0,78550.0,78550.0,78550.0,0.025455008272877687,78410.0,78420.0,78380.0,78400.0,1278.0,151009.0,0,0,0,0,0,0,,78550.0,3.0,below,0.025455008272877687,78480.0,False,,78280.0,1.0,below,0.3690976199567265,78180.0,False,,78870.0,68.0,above,0.3818251240931653,79470.0,False,,77920.0,6.0,below,0.827287768868525,77810.0,False,,0,0,7.711690608052596e-05,9,NONE,0.0018162916884199242,0.002113125116583447,0.0006265621006270991,0.3178393056480192,7.711690608052596e-05,0.0006940521547247336,0.0003660827389260213,,,78257.86089769799,0.18162916884199243,-0.012753475322024865,-0.2053325953742299,,49,1,3408,3416,2025-06-24 09:00:00,2025-06-24 11:15:00,78480.0,78400.0,9,-0.10193679918450993,-0.011326311020501103,48.0,-1.0,3325.0,3407.0,2025-06-19 13:45:00,2025-06-24 00:45:00,78400.0,78450.0,83.0,0.06377551020408934,0.0007683796410131245,26180.0,,2908.8888888888887,,159727.0,0.0,1924.421686746988,0.0,1.5115652192664846,,0.16390466233010073,,22.22222222222222,77.77777777777779,0.0,False,False,,,,,0,0,2025-06-24 10:00:00,78400.0,2025-06-24 09:30:00,78310.0,1,1,0.2965097029560371,72.04935291065922,
CU:5m:1:-1:9945:9952:4,CU,1h,994,2025-06-24 11:30:00,130.0,1,-1,CHoCH,1,78630.0,114.0,CHoCH,-1,78360.0,25.0,8,5,2,1,active_bear_internal_ob,internal,-1.0,25.0,78660.0,78870.0,78765.0,0.11454753722794961,current_internal_high,internal,0.0,3.0,78480.0,78480.0,78480.0,0.11454753722794961,78420.0,78450.0,78380.0,78400.0,2940.0,151009.0,0,0,0,0,0,0,,78480.0,3.0,below,0.11454753722794961,78520.0,False,,78180.0,2.0,below,0.4963726613211149,78170.0,False,,79470.0,44.0,above,1.145475372279496,78630.0,False,,77810.0,10.0,below,0.9672903143693522,77390.0,False,,-1,-1,-0.00014857900171922657,-64,DOWN_CONFIRMED,0.0017642325434559407,0.003355711659503154,0.004234852288990534,0.3535308955458696,-0.00014857900171922657,-0.0095090561100305,0.0002668208832325991,0.00043578053376824855,0.0004077955934751465,78261.92776013198,0.17642325434559408,-0.02550369803621111,-0.9585710592533916,,14,-1,931,994,2025-06-13 11:00:00,2025-06-24 11:00:00,78330.0,78400.0,64,0.08936550491509543,0.001396336014298366,13.0,1.0,880.0,930.0,2025-06-05 21:00:00,2025-06-13 10:00:00,78890.0,78590.0,51.0,-0.3802763341361426,-0.007456398708551816,476592.0,,7446.75,,485721.0,0.0,9523.941176470587,0.0,0.7818979414108099,,0.9812052598096438,,37.5,37.5,25.0,False,False,2025-06-20 21:00:00,78420.0,2025-06-20 10:00:00,78150.0,3,2,2025-06-20 21:00:00,78420.0,2025-06-18 21:00:00,78570.0,2,1,1.2619833640943827,151.90826878170583,2.0
CU:5m:1:-1:9945:9952:4,CU,4h,440,2025-06-24 11:30:00,130.0,1,-1,CHoCH,1,79090.0,42.0,CHoCH,-1,78360.0,11.0,3,3,1,1,active_bear_internal_ob,internal,-1.0,11.0,78650.0,78870.0,78760.0,0.10182003309151075,current_internal_high,internal,0.0,1.0,78520.0,78520.0,78520.0,0.06363752068219422,78490.0,78550.0,78280.0,78400.0,26180.0,151009.0,1,1,0,1,1,0,active_bear_internal_ob,78520.0,1.0,below,0.06363752068219422,78870.0,False,,77920.0,2.0,below,0.827287768868525,78360.0,False,,79090.0,58.0,above,0.6618302150948199,83320.0,True,42.0,77390.0,9.0,below,1.5018454880997836,71320.0,False,,1,1,0.00015877795971842122,51,UP_CONFIRMED,0.001998243695241335,0.007234107976265963,0.0057531965409230255,0.18139038183484457,0.00015877795971842122,0.008097675945639482,0.00021970968140561098,0.00019587890483263593,0.00116179782159187,78243.65011945613,0.1998243695241335,-0.06373486297004405,1.2295803274567534,,7,1,390,440,2025-06-05 21:00:00,2025-06-24 09:00:00,78620.0,78400.0,51,-0.2798270160264571,-0.0054868042358128845,6.0,-1.0,381.0,389.0,2025-06-03 13:30:00,2025-06-05 13:30:00,77650.0,78170.0,9.0,0.6696716033483652,0.07440795592759614,962313.0,,18868.882352941175,,210538.0,0.0,23393.11111111111,0.0,0.8065999542907721,,4.570733074314376,,31.372549019607842,54.90196078431373,13.725490196078432,True,False,2025-06-20 21:00:00,78360.0,2025-06-20 09:00:00,78120.0,2,2,2025-06-23 21:00:00,78440.0,2025-06-23 09:00:00,78270.0,5,5,0.7952876235464568,249.603552248881,
CU:5m:1:-1:9945:9952:5,CU,5m,10261,2025-06-24 14:25:00,0.0,1,1,CHoCH,1,78480.0,36.0,CHoCH,1,78550.0,9.0,18,12,11,5,current_internal_high,internal,0.0,3.0,78600.0,78600.0,78600.0,0.038182512409316534,current_swing_high,swing,0.0,49.0,78480.0,78480.0,78480.0,0.11454753722794961,78510.0,78570.0,78510.0,78570.0,610.0,150503.0,1,1,0,1,1,0,active_bear_internal_ob,78600.0,3.0,above,0.038182512409316534,78550.0,False,,78280.0,24.0,below,0.3690976199567265,78400.0,False,,78480.0,49.0,below,0.11454753722794961,78520.0,True,36.0,78180.0,43.0,below,0.4963726613211149,78170.0,False,,0,0,4.759184598128741e-05,10,NONE,0.002449011499544216,0.002094000293516964,0.0005471135900660954,0.7417921110564668,4.759184598128741e-05,0.00047591845981287406,0.0001893411791362709,,,78378.05125117401,0.24490114995442158,0.07642338555597927,-0.35960889247959893,,155,1,10252,10261,2025-06-24 13:35:00,2025-06-24 14:20:00,78570.0,78570.0,10,0.0,0.0,154.0,-1.0,10232.0,10251.0,2025-06-24 09:40:00,2025-06-24 13:30:00,78310.0,78510.0,20.0,0.2553952241093116,0.01276976120546558,8521.0,,852.1,,16090.0,0.0,804.5,0.0,1.0591671845867,,0.52958359229335,,30.0,70.0,0.0,True,False,,,,,0,0,2025-06-24 14:20:00,78570.0,2025-06-24 13:50:00,78510.0,1,1,0.2612767494636758,49.551002215144216,
CU:5m:1:-1:9945:9952:5,CU,15m,3419,2025-06-24 14:15:00,10.0,-1,1,CHoCH,-1,78410.0,221.0,CHoCH,1,78550.0,2.0,11,7,4,2,active_bear_internal_ob,internal,-1.0,94.0,78600.0,78660.0,78630.0,0.038182512409316534,current_internal_high,internal,0.0,6.0,78550.0,78550.0,78550.0,0.025455008272877687,78500.0,78520.0,78450.0,78500.0,2248.0,150677.0,0,0,0,0,0,0,,78550.0,6.0,below,0.025455008272877687,78480.0,True,2.0,78280.0,4.0,below,0.3690976199567265,78180.0,False,,78870.0,71.0,above,0.3818251240931653,79470.0,False,,77920.0,9.0,below,0.827287768868525,77810.0,False,,0,0,9.5823110261406e-05,12,NONE,0.0026374082064582302,0.002332444617497424,0.0006974461880973964,0.6690376996393526,9.5823110261406e-05,0.001149877323136872,0.0005512283159820885,0.000949501768865213,,78293.50805933191,0.26374082064582305,0.0,0.17993835681174547,,49,1,3408,3419,2025-06-24 09:00:00,2025-06-24 14:00:00,78480.0,78500.0,12,0.025484199796133034,0.0021236833163444193,48.0,-1.0,3325.0,3407.0,2025-06-19 13:45:00,2025-06-24 00:45:00,78400.0,78450.0,83.0,0.06377551020408934,0.0007683796410131245,35528.0,,2960.6666666666665,,159727.0,0.0,1924.421686746988,0.0,1.5384708492198147,,0.22242952036912983,,41.66666666666667,58.333333333333336,0.0,False,False,,,,,0,0,2025-06-24 10:00:00,78400.0,2025-06-24 09:30:00,78310.0,1,1,0.29901939915971726,82.96371295361455,
CU:5m:1:-1:9945:9952:5,CU,1h,995,2025-06-24 14:00:00,25.0,1,1,CHoCH,1,78630.0,115.0,CHoCH,1,78480.0,0.0,9,5,2,1,active_bear_internal_ob,internal,-1.0,26.0,78660.0,78870.0,78765.0,0.11454753722794961,current_internal_high,internal,0.0,4.0,78480.0,78480.0,78480.0,0.11454753722794961,78450.0,78600.0,78420.0,78500.0,7100.0,151064.0,0,0,0,0,0,0,,78480.0,4.0,below,0.11454753722794961,78520.0,True,0.0,78180.0,3.0,below,0.4963726613211149,78170.0,False,,79470.0,45.0,above,1.145475372279496,78630.0,False,,77810.0,11.0,below,0.9672903143693522,77390.0,False,,-1,-1,-0.00014474373218693434,-65,DOWN_CONFIRMED,0.0029400136998399182,0.0033493163062775656,0.004202461689700008,0.4612059938680714,-0.00014474373218693434,-0.009408342592150731,0.00034455627366347663,0.0005316845893059696,0.0005199669210664837,78269.88546444962,0.29400136998399184,0.12755102040815647,0.057758219233482656,,14,-1,931,995,2025-06-13 11:00:00,2025-06-24 13:30:00,78330.0,78500.0,65,0.21703051193668887,0.0033389309528721366,13.0,1.0,880.0,930.0,2025-06-05 21:00:00,2025-06-13 10:00:00,78890.0,78590.0,51.0,-0.3802763341361426,-0.007456398708551816,483692.0,,7441.415384615385,,485721.0,0.0,9523.941176470587,0.0,0.7813378145383557,,0.9958227048037865,,38.46153846153847,36.92307692307693,24.615384615384617,False,False,2025-06-20 21:00:00,78420.0,2025-06-20 10:00:00,78150.0,3,2,2025-06-20 21:00:00,78420.0,2025-06-18 21:00:00,78570.0,2,1,1.254722249380689,155.3433924401554,2.0
CU:5m:1:-1:9945:9952:5,CU,4h,440,2025-06-24 11:30:00,175.0,1,-1,CHoCH,1,79090.0,42.0,CHoCH,-1,78360.0,11.0,3,3,1,1,active_bear_internal_ob,internal,-1.0,11.0,78650.0,78870.0,78760.0,0.10182003309151075,current_internal_high,internal,0.0,1.0,78520.0,78520.0,78520.0,0.06363752068219422,78490.0,78550.0,78280.0,78400.0,26180.0,151009.0,1,1,0,1,1,0,active_bear_internal_ob,78520.0,1.0,below,0.06363752068219422,78870.0,False,,77920.0,2.0,below,0.827287768868525,78360.0,False,,79090.0,58.0,above,0.6618302150948199,83320.0,True,42.0,77390.0,9.0,below,1.5018454880997836,71320.0,False,,1,1,0.00015877795971842122,51,UP_CONFIRMED,0.001998243695241335,0.007234107976265963,0.0057531965409230255,0.18139038183484457,0.00015877795971842122,0.008097675945639482,0.00021970968140561098,0.00019587890483263593,0.00116179782159187,78243.65011945613,0.1998243695241335,-0.06373486297004405,1.2295803274567534,,7,1,390,440,2025-06-05 21:00:00,2025-06-24 09:00:00,78620.0,78400.0,51,-0.2798270160264571,-0.0054868042358128845,6.0,-1.0,381.0,389.0,2025-06-03 13:30:00,2025-06-05 13:30:00,77650.0,78170.0,9.0,0.6696716033483652,0.07440795592759614,962313.0,,18868.882352941175,,210538.0,0.0,23393.11111111111,0.0,0.8065999542907721,,4.570733074314376,,31.372549019607842,54.90196078431373,13.725490196078432,True,False,2025-06-20 21:00:00,78360.0,2025-06-20 09:00:00,78120.0,2,2,2025-06-23 21:00:00,78440.0,2025-06-23 09:00:00,78270.0,5,5,0.7952876235464568,249.603552248881,
CU:5m:1:-1:9962:9976:1,CU,5m,10083,2025-06-20 21:05:00,0.0,-1,-1,CHoCH,-1,78360.0,104.0,CHoCH,-1,78220.0,27.0,16,13,10,5,current_internal_high,internal,0.0,39.0,78480.0,78480.0,78480.0,0.012743723716069836,current_swing_low,swing,0.0,211.0,78360.0,78360.0,78360.0,0.14018096087676818,78480.0,78520.0,78410.0,78470.0,4820.0,165498.0,0,0,0,0,0,0,,78480.0,39.0,above,0.012743723716069836,78310.0,False,,78220.0,45.0,below,0.31859309290174587,78260.0,True,27.0,78870.0,137.0,above,0.5097489486427934,78730.0,False,,78360.0,211.0,below,0.14018096087676818,77810.0,True,104.0,0,0,0.0,1,DOWN_BROKEN,-0.0006136574850409515,-0.0006136574850409515,0.0,0.5,0.0,0.0,,,,78518.18327087599,-0.06136574850409515,0.6154635209642212,3.626156776745076,,151,1,10083,10083,2025-06-20 21:00:00,2025-06-20 21:00:00,78470.0,78470.0,1,0.0,0.0,150.0,-1.0,10059.0,10082.0,2025-06-20 11:00:00,2025-06-20 14:55:00,78140.0,77990.0,24.0,-0.1919631430765345,-0.007998464294855604,4820.0,,4820.0,,27610.0,0.0,1150.4166666666667,0.0,4.1897863093082215,,0.17457442955450925,,0.0,100.0,0.0,False,True,,,2025-06-20 21:00:00,78470.0,0,1,2025-06-20 21:00:00,78470.0,,,1,0,0.0,83.71879676986518,
CU:5m:1:-1:9962:9976:1,CU,15m,3360,2025-06-20 15:00:00,365.0,-1,-1,CHoCH,-1,78410.0,162.0,CHoCH,-1,78220.0,8.0,10,8,4,2,current_internal_high,internal,0.0,9.0,78480.0,78480.0,78480.0,0.012743723716069836,current_internal_low,internal,0.0,11.0,78220.0,78220.0,78220.0,0.31859309290174587,77940.0,78020.0,77920.0,77990.0,3499.0,166882.0,1,1,0,1,1,0,active_bear_internal_ob,78480.0,9.0,above,0.012743723716069836,78330.0,False,,78220.0,11.0,below,0.31859309290174587,78130.0,True,8.0,78870.0,12.0,above,0.5097489486427934,79470.0,False,,77810.0,104.0,below,0.8410857652606092,78410.0,False,,0,0,-0.00028890848992856814,-36,NONE,0.00087356312999135,-0.004395915288089684,0.0012959639711690406,0.9999760935671338,-0.00028890848992856814,-0.010400705637428453,-0.006783021006808165,-0.008155627520353703,-0.008808291622031339,77921.93027469427,0.087356312999135,0.07699217246246448,0.5846434863752528,,48,-1,3325,3360,2025-06-19 13:45:00,2025-06-20 14:45:00,78400.0,77990.0,36,-0.5229591836734659,-0.01452664399092961,47.0,1.0,3248.0,3324.0,2025-06-16 23:45:00,2025-06-19 13:30:00,78710.0,78510.0,77.0,-0.25409731927328316,-0.0032999651853673137,83464.0,,2318.4444444444443,,147632.0,0.0,1917.2987012987012,0.0,1.2092244379417891,,0.5653516852714858,,0.0,33.33333333333333,66.66666666666666,True,True,2025-06-20 14:45:00,77990.0,,,1,0,2025-06-20 09:00:00,78420.0,2025-06-20 10:00:00,78300.0,2,2,0.29481095204002955,80.35612886394553,
CU:5m:1:-1:9962:9976:1,CU,1h,978,2025-06-20 15:00:00,365.0,1,-1,CHoCH,1,78630.0,98.0,CHoCH,-1,78360.0,9.0,8,5,2,1,active_bear_internal_ob,internal,-1.0,9.0,78660.0,78870.0,78765.0,0.24213075060532688,current_internal_low,internal,0.0,20.0,78360.0,78360.0,78360.0,0.14018096087676818,78020.0,78070.0,77920.0,77990.0,11689.0,166882.0,0,0,0,0,0,0,,78870.0,13.0,above,0.5097489486427934,78730.0,False,,78360.0,20.0,below,0.14018096087676818,77810.0,True,9.0,79470.0,28.0,above,1.2743723716069835,78630.0,False,,77390.0,68.0,below,1.3763221613355423,77520.0,False,,0,0,-0.00021201158315927357,-48,NONE,-0.0028025660697325325,0.003957437076348074,0.004715972680075894,0.07586790605351201,-0.00021201158315927357,-0.010176555991645131,-0.0001752429352487317,-9.304857475267436e-05,0.001333584503262486,78209.18641218016,-0.2802566069732533,-0.038451679056650256,1.1306653500171688,,14,-1,931,978,2025-06-13 11:00:00,2025-06-20 14:00:00,78330.0,77990.0,48,-0.43406102387335554,-0.009042937997361574,13.0,1.0,880.0,930.0,2025-06-05 21:00:00,2025-06-13 10:00:00,78890.0,78590.0,51.0,-0.3802763341361426,-0.007456398708551816,374149.0,,7794.770833333333,,485721.0,0.0,9523.941176470587,0.0,0.818439623775789,,0.7702961164948602,,41.66666666666667,25.0,33.33333333333333,True,True,2025-06-19 22:00:00,78240.0,2025-06-20 10:00:00,78150.0,2,2,2025-06-13 23:00:00,78440.0,2025-06-18 21:00:00,78570.0,1,1,1.191673446499318,145.38863080647693,4.0
CU:5m:1:-1:9962:9976:1,CU,4h,433,2025-06-20 15:00:00,365.0,1,-1,CHoCH,1,79090.0,35.0,CHoCH,-1,78360.0,4.0,3,3,1,1,active_bear_internal_ob,internal,-1.0,21.0,78570.0,78880.0,78725.0,0.12743723716069835,current_internal_low,internal,0.0,6.0,78360.0,78360.0,78360.0,0.14018096087676818,78120.0,78130.0,77920.0,77990.0,20622.0,166882.0,0,0,0,0,0,0,,78870.0,3.0,above,0.5097489486427934,78730.0,False,,78360.0,6.0,below,0.14018096087676818,77810.0,True,4.0,79090.0,51.0,above,0.7901108703963298,83320.0,True,35.0,77390.0,2.0,below,1.3763221613355423,71320.0,False,,0,0,0.00017764298282014655,44,NONE,-0.002963500883669942,0.008106013444421151,0.005720715616926101,0.02649590281510822,0.00017764298282014655,0.007816291244086448,-1.7304127188366714e-05,0.0006423263125703293,0.0015559442996135875,78221.81040425527,-0.29635008836699417,-0.16641065028162316,0.5094757648537691,,7,1,390,433,2025-06-05 21:00:00,2025-06-20 13:30:00,78620.0,77990.0,44,-0.8013228186212196,-0.018211882241391354,6.0,-1.0,381.0,389.0,2025-06-03 13:30:00,2025-06-05 13:30:00,77650.0,78170.0,9.0,0.6696716033483652,0.07440795592759614,859870.0,,19542.5,,210538.0,0.0,23393.11111111111,0.0,0.8353955105491646,,4.084155829351471,,36.36363636363637,50.0,13.636363636363635,True,True,2025-06-13 21:00:00,78440.0,2025-06-20 09:00:00,78120.0,1,2,2025-06-18 00:00:00,78560.0,2025-06-19 13:30:00,78310.0,3,4,0.7057372475570346,251.11473030353238,
CU:5m:1:-1:9962:9976:2,CU,5m,10224,2025-06-24 09:05:00,0.0,-1,1,CHoCH,-1,78360.0,245.0,BOS,1,78460.0,0.0,19,13,10,5,current_swing_high,swing,0.0,12.0,78480.0,78480.0,78480.0,0.012743723716069836,current_internal_high,internal,0.0,6.0,78460.0,78460.0,78460.0,0.012743723716069836,78490.0,78550.0,78400.0,78470.0,3043.0,154132.0,0,0,0,0,0,0,,78460.0,6.0,below,0.012743723716069836,78390.0,True,0.0,78400.0,1.0,below,0.08920606601248886,78330.0,False,,78480.0,12.0,above,0.012743723716069836,78520.0,False,,78180.0,6.0,below,0.36956798776602523,78170.0,False,,1,1,6.046289770372539e-05,63,UP_CONFIRMED,-0.0009852453838315016,0.0010106801013145782,0.0008046158906040183,0.00655818066860403,6.046289770372539e-05,0.0038091625553346997,0.0030860067876397057,0.003126371815523221,0.0033362498426035003,78547.38845188424,-0.09852453838315016,0.0254939451880265,4.320653340984475,,153,1,10162,10224,2025-06-23 13:50:00,2025-06-24 09:00:00,78450.0,78470.0,63,0.0254939451880265,0.0004046657966353413,152.0,-1.0,10135.0,10161.0,2025-06-23 09:20:00,2025-06-23 13:45:00,78260.0,78460.0,27.0,0.2555583950932805,0.009465125744195573,32102.0,,509.55555555555554,,23837.0,0.0,882.8518518518518,0.0,0.5771699458824516,,1.3467298737257205,,44.44444444444444,33.33333333333333,22.22222222222222,True,True,2025-06-23 21:20:00,78270.0,2025-06-24 09:00:00,78470.0,2,3,2025-06-24 00:35:00,78430.0,2025-06-24 00:30:00,78410.0,4,4,0.7961133196918245,37.42729781057758,
CU:5m:1:-1:9962:9976:2,CU,15m,3407,2025-06-24 01:00:00,485.0,-1,-1,CHoCH,-1,78410.0,209.0,BOS,-1,78260.0,29.0,10,8,4,2,current_internal_high,internal,0.0,15.0,78480.0,78480.0,78480.0,0.012743723716069836,current_internal_low,internal,0.0,13.0,78180.0,78180.0,78180.0,0.36956798776602523,78440.0,78460.0,78430.0,78450.0,447.0,154041.0,1,1,0,1,1,0,active_bear_internal_ob,78480.0,15.0,above,0.012743723716069836,78480.0,False,,78180.0,13.0,below,0.36956798776602523,78170.0,False,,78870.0,59.0,above,0.5097489486427934,79470.0,False,,77810.0,151.0,below,0.8410857652606092,78410.0,False,,-1,-1,-8.659607843082044e-05,-83,DOWN_CONFIRMED,0.0035184808914903365,3.8674118186882904e-05,0.004085352342216219,0.802830900591305,-8.659607843082044e-05,-0.007187474509758096,0.00010249131147754831,0.0002370602544536915,0.0008111723956190087,78174.9429570124,0.35184808914903365,0.0,-0.6215592248433927,,48,-1,3325,3407,2025-06-19 13:45:00,2025-06-24 00:45:00,78400.0,78450.0,83,0.06377551020408934,0.0007683796410131245,47.0,1.0,3248.0,3324.0,2025-06-16 23:45:00,2025-06-19 13:30:00,78710.0,78510.0,77.0,-0.25409731927328316,-0.0032999651853673137,159727.0,,1924.421686746988,,147632.0,0.0,1917.2987012987012,0.0,1.0037151151479224,,1.0819266825620462,,8.433734939759036,62.65060240963856,28.915662650602407,False,False,2025-06-20 14:45:00,77990.0,,,1,0,2025-06-23 21:45:00,78350.0,2025-06-23 21:30:00,78290.0,6,5,105.63530686012766,66.50028646232599,
CU:5m:1:-1:9962:9976:2,CU,1h,991,2025-06-24 01:00:00,485.0,1,-1,CHoCH,1,78630.0,111.0,CHoCH,-1,78360.0,22.0,8,5,2,1,current_internal_high,internal,0.0,0.0,78480.0,78480.0,78480.0,0.012743723716069836,current_internal_low,internal,0.0,3.0,78170.0,78170.0,78170.0,0.38231171148209503,78450.0,78460.0,78400.0,78450.0,1230.0,154041.0,0,0,0,0,0,0,,78480.0,0.0,above,0.012743723716069836,78520.0,False,,78170.0,3.0,below,0.38231171148209503,77920.0,False,,79470.0,41.0,above,1.2743723716069835,78630.0,False,,77810.0,7.0,below,0.8410857652606092,77390.0,False,,-1,-1,-0.0001595986011417023,-61,DOWN_CONFIRMED,0.0026323472745276673,0.0034340674438468706,0.004322308297435987,0.42642461117574937,-0.0001595986011417023,-0.009735514669643841,0.00013514229110178633,0.00026504678631167344,0.00027699453954999065,78244.03452895964,0.2632347274527667,0.012748597654255178,-1.2148313918159996,,14,-1,931,991,2025-06-13 11:00:00,2025-06-24 00:00:00,78330.0,78450.0,61,0.15319800842588105,0.002511442761080017,13.0,1.0,880.0,930.0,2025-06-05 21:00:00,2025-06-13 10:00:00,78890.0,78590.0,51.0,-0.3802763341361426,-0.007456398708551816,450412.0,,7383.803278688524,,485721.0,0.0,9523.941176470587,0.0,0.7752886270371566,,0.9273060048875795,,34.42622950819672,39.34426229508197,26.229508196721312,False,False,2025-06-20 21:00:00,78420.0,2025-06-20 10:00:00,78150.0,3,2,2025-06-20 21:00:00,78420.0,2025-06-18 21:00:00,78570.0,2,1,1.2586556228476693,154.43162928402404,4.0
CU:5m:1:-1:9962:9976:2,CU,4h,439,2025-06-24 01:00:00,485.0,1,-1,CHoCH,1,79090.0,41.0,CHoCH,-1,78360.0,10.0,3,3,1,1,current_internal_high,internal,0.0,0.0,78520.0,78520.0,78520.0,0.06371861858034918,active_bull_internal_ob,internal,1.0,131.0,77160.0,77970.0,77565.0,0.6371861858034917,78450.0,78460.0,78400.0,78450.0,1230.0,154041.0,0,0,0,0,0,0,,78520.0,0.0,above,0.06371861858034918,78870.0,False,,77920.0,1.0,below,0.700904804383841,78360.0,False,,79090.0,57.0,above,0.7901108703963298,83320.0,True,41.0,77390.0,8.0,below,1.3763221613355423,71320.0,False,,0,0,0.00015993377407705456,50,NONE,0.0027377234903229668,0.0073388252618864554,0.005762118069075339,0.21228765497442592,0.00015993377407705456,0.007996688703852728,0.00012367845854410753,0.00010320688970977265,0.0012143977509357917,78235.81197975852,0.2737723490322967,0.012748597654255178,-1.5841496761455374,,7,1,390,439,2025-06-05 21:00:00,2025-06-24 00:00:00,78620.0,78450.0,50,-0.21622996692953755,-0.004324599338590751,6.0,-1.0,381.0,389.0,2025-06-03 13:30:00,2025-06-05 13:30:00,77650.0,78170.0,9.0,0.6696716033483652,0.07440795592759614,936133.0,,18722.66,,210538.0,0.0,23393.11111111111,0.0,0.8003492956140935,,4.446384975633852,,32.0,54.0,14.000000000000002,False,False,2025-06-20 21:00:00,78360.0,2025-06-20 09:00:00,78120.0,2,2,2025-06-23 21:00:00,78440.0,2025-06-23 09:00:00,78270.0,5,5,0.7851553707104042,248.03459472956413,
CU:5m:1:-1:9962:9976:3,CU,5m,10251,2025-06-24 13:35:00,0.0,1,-1,CHoCH,1,78480.0,26.0,CHoCH,-1,78400.0,20.0,17,14,11,5,active_bear_internal_ob,internal,-1.0,275.0,78520.0,78570.0,78545.0,0.01273723092599669,current_swing_high,swing,0.0,39.0,78480.0,78480.0,78480.0,0.03821169277799007,78450.0,78520.0,78420.0,78510.0,1858.0,151005.0,1,1,0,1,1,0,active_bear_internal_ob,78550.0,22.0,above,0.05094892370398676,78460.0,False,,78280.0,14.0,below,0.2929563112979238,78400.0,False,,78480.0,39.0,below,0.03821169277799007,78520.0,True,26.0,78180.0,33.0,below,0.42032862055789066,78170.0,False,,0,0,2.9677034599540075e-05,-20,NONE,0.0023257926207476947,0.0011898959789182688,0.000392584329078375,0.9980944159292227,2.9677034599540075e-05,0.0005935406919908015,0.00019796289026863256,0.000334333189038194,,78327.82572093903,0.23257926207476948,0.14030612244897434,2.477169092932887,,154,-1,10232,10251,2025-06-24 09:40:00,2025-06-24 13:30:00,78310.0,78510.0,20,0.2553952241093116,0.01276976120546558,153.0,1.0,10162.0,10231.0,2025-06-23 13:50:00,2025-06-24 09:35:00,78450.0,78350.0,70.0,-0.1274697259400881,-0.0018209960848584014,16090.0,,804.5,,41007.0,0.0,585.8142857142857,0.0,1.373302119150389,,0.3923720340429683,,5.0,65.0,30.0,True,False,2025-06-24 09:40:00,78310.0,,,1,0,2025-06-24 11:20:00,78390.0,2025-06-24 11:15:00,78380.0,3,2,0.32993163775145484,46.74757748521894,
CU:5m:1:-1:9962:9976:3,CU,15m,3416,2025-06-24 11:30:00,125.0,-1,-1,CHoCH,-1,78410.0,218.0,BOS,-1,78260.0,38.0,10,7,4,2,current_internal_high,internal,0.0,3.0,78550.0,78550.0,78550.0,0.05094892370398676,current_internal_low,internal,0.0,1.0,78280.0,78280.0,78280.0,0.2929563112979238,78410.0,78420.0,78380.0,78400.0,1278.0,151009.0,0,0,0,0,0,0,,78550.0,3.0,above,0.05094892370398676,78480.0,False,,78280.0,1.0,below,0.2929563112979238,78180.0,False,,78870.0,68.0,above,0.45854031333588074,79470.0,False,,77920.0,6.0,below,0.7514966246338046,77810.0,False,,0,0,7.711690608052596e-05,9,NONE,0.0018162916884199242,0.002113125116583447,0.0006265621006270991,0.3178393056480192,7.711690608052596e-05,0.0006940521547247336,0.0003660827389260213,,,78257.86089769799,0.18162916884199243,-0.012753475322024865,-0.2053325953742299,,49,1,3408,3416,2025-06-24 09:00:00,2025-06-24 11:15:00,78480.0,78400.0,9,-0.10193679918450993,-0.011326311020501103,48.0,-1.0,3325.0,3407.0,2025-06-19 13:45:00,2025-06-24 00:45:00,78400.0,78450.0,83.0,0.06377551020408934,0.0007683796410131245,26180.0,,2908.8888888888887,,159727.0,0.0,1924.421686746988,0.0,1.5115652192664846,,0.16390466233010073,,22.22222222222222,77.77777777777779,0.0,False,False,,,,,0,0,2025-06-24 10:00:00,78400.0,2025-06-24 09:30:00,78310.0,1,1,0.2965097029560371,72.04935291065922,
CU:5m:1:-1:9962:9976:3,CU,1h,994,2025-06-24 11:30:00,125.0,1,-1,CHoCH,1,78630.0,114.0,CHoCH,-1,78360.0,25.0,8,5,2,1,active_bear_internal_ob,internal,-1.0,25.0,78660.0,78870.0,78765.0,0.19105846388995032,current_internal_high,internal,0.0,3.0,78480.0,78480.0,78480.0,0.03821169277799007,78420.0,78450.0,78380.0,78400.0,2940.0,151009.0,0,0,0,0,0,0,,78480.0,3.0,below,0.03821169277799007,78520.0,False,,78180.0,2.0,below,0.42032862055789066,78170.0,False,,79470.0,44.0,above,1.2227741688956821,78630.0,False,,77810.0,10.0,below,0.8916061648197683,77390.0,False,,-1,-1,-0.00014857900171922657,-64,DOWN_CONFIRMED,0.0017642325434559407,0.003355711659503154,0.004234852288990534,0.3535308955458696,-0.00014857900171922657,-0.0095090561100305,0.0002668208832325991,0.00043578053376824855,0.0004077955934751465,78261.92776013198,0.17642325434559408,-0.02550369803621111,-0.9585710592533916,,14,-1,931,994,2025-06-13 11:00:00,2025-06-24 11:00:00,78330.0,78400.0,64,0.08936550491509543,0.001396336014298366,13.0,1.0,880.0,930.0,2025-06-05 21:00:00,2025-06-13 10:00:00,78890.0,78590.0,51.0,-0.3802763341361426,-0.007456398708551816,476592.0,,7446.75,,485721.0,0.0,9523.941176470587,0.0,0.7818979414108099,,0.9812052598096438,,37.5,37.5,25.0,False,False,2025-06-20 21:00:00,78420.0,2025-06-20 10:00:00,78150.0,3,2,2025-06-20 21:00:00,78420.0,2025-06-18 21:00:00,78570.0,2,1,1.2619833640943827,151.90826878170583,2.0
CU:5m:1:-1:9962:9976:3,CU,4h,440,2025-06-24 11:30:00,125.0,1,-1,CHoCH,1,79090.0,42.0,CHoCH,-1,78360.0,11.0,3,3,1,1,current_internal_high,internal,0.0,1.0,78520.0,78520.0,78520.0,0.01273723092599669,active_bull_internal_ob,internal,1.0,132.0,77160.0,77970.0,77565.0,0.6878104700038212,78490.0,78550.0,78280.0,78400.0,26180.0,151009.0,0,0,0,0,0,0,,78520.0,1.0,above,0.01273723092599669,78870.0,False,,77920.0,2.0,below,0.7514966246338046,78360.0,False,,79090.0,58.0,above,0.738759393707808,83320.0,True,42.0,77390.0,9.0,below,1.426569863711629,71320.0,False,,1,1,0.00015877795971842122,51,UP_CONFIRMED,0.001998243695241335,0.007234107976265963,0.0057531965409230255,0.18139038183484457,0.00015877795971842122,0.008097675945639482,0.00021970968140561098,0.00019587890483263593,0.00116179782159187,78243.65011945613,0.1998243695241335,-0.06373486297004405,1.2295803274567534,,7,1,390,440,2025-06-05 21:00:00,2025-06-24 09:00:00,78620.0,78400.0,51,-0.2798270160264571,-0.0054868042358128845,6.0,-1.0,381.0,389.0,2025-06-03 13:30:00,2025-06-05 13:30:00,77650.0,78170.0,9.0,0.6696716033483652,0.07440795592759614,962313.0,,18868.882352941175,,210538.0,0.0,23393.11111111111,0.0,0.8065999542907721,,4.570733074314376,,31.372549019607842,54.90196078431373,13.725490196078432,True,False,2025-06-20 21:00:00,78360.0,2025-06-20 09:00:00,78120.0,2,2,2025-06-23 21:00:00,78440.0,2025-06-23 09:00:00,78270.0,5,5,0.7952876235464568,249.603552248881,
CU:5m:0:-1:9896:9979:1,CU,5m,10357,2025-06-25 14:40:00,0.0,1,1,BOS,1,78690.0,8.0,BOS,1,78580.0,16.0,20,10,12,5,active_bear_swing_ob,swing,-1.0,762.0,78830.0,78880.0,78855.0,0.012687135244861711,current_swing_high,swing,0.0,40.0,78690.0,78690.0,78690.0,0.16493275818320224,78720.0,78840.0,78720.0,78820.0,1939.0,138185.0,2,2,0,2,1,1,active_bear_internal_ob|active_bear_swing_ob,78580.0,19.0,below,0.304491245876681,78600.0,True,16.0,78520.0,16.0,below,0.38061405734585135,78510.0,False,,78690.0,40.0,below,0.16493275818320224,78480.0,True,8.0,78300.0,29.0,below,0.659731032732809,78180.0,False,,1,1,3.312330802600376e-05,106,UP_CONFIRMED,0.0025970927694017815,0.0006681003764537878,0.001104022621004439,0.9597021348644191,3.312330802600376e-05,0.0035110706507563982,0.0005271654853311603,0.000988419278325603,0.0013108108349453307,78615.8274030909,0.25970927694017815,0.11431474660230645,1.9856289036610058,,155,1,10252,10357,2025-06-24 13:35:00,2025-06-25 14:35:00,78570.0,78820.0,106,0.31818760341097985,0.00300176984349981,154.0,-1.0,10232.0,10251.0,2025-06-24 09:40:00,2025-06-24 13:30:00,78310.0,78510.0,20.0,0.2553952241093116,0.01276976120546558,80997.0,,764.122641509434,,16090.0,0.0,804.5,0.0,0.949810617165238,,5.033996270975761,,44.339622641509436,37.735849056603776,17.92452830188679,True,False,2025-06-25 00:50:00,78460.0,2025-06-25 00:25:00,78440.0,7,7,2025-06-25 10:45:00,78530.0,2025-06-25 10:40:00,78520.0,4,4,1.6524801660260757,46.50123146646803,
CU:5m:0:-1:9896:9979:1,CU,15m,3451,2025-06-25 14:30:00,10.0,-1,1,CHoCH,-1,78410.0,253.0,BOS,1,78600.0,3.0,13,6,4,2,current_swing_high,swing,0.0,103.0,78870.0,78870.0,78870.0,0.06343567622430854,current_internal_high,internal,0.0,5.0,78600.0,78600.0,78600.0,0.2791169753869576,78690.0,78780.0,78680.0,78780.0,1946.0,138270.0,1,1,0,1,1,0,active_bear_internal_ob,78600.0,5.0,below,0.2791169753869576,78550.0,True,3.0,78510.0,4.0,below,0.393301192590713,78380.0,False,,78870.0,103.0,above,0.06343567622430854,79470.0,False,,77920.0,41.0,below,1.1418421720375538,77810.0,False,,0,0,7.836904882111114e-05,44,NONE,0.003908999503446837,0.0018385524260600501,0.0011047030496512177,0.9695493550128398,7.836904882111114e-05,0.0034482381481288904,0.0006216407561847603,0.0009552034068962545,0.00127011501704688,78473.24811209596,0.3908999503446837,0.10165184243964287,0.1640780456030875,,49,1,3408,3451,2025-06-24 09:00:00,2025-06-25 14:15:00,78480.0,78780.0,44,0.3822629969419067,0.008687795385043334,48.0,-1.0,3325.0,3407.0,2025-06-19 13:45:00,2025-06-24 00:45:00,78400.0,78450.0,83.0,0.06377551020408934,0.0007683796410131245,105396.0,,2395.3636363636365,,159727.0,0.0,1924.421686746988,0.0,1.2447186876243956,,0.6598508705478723,,43.18181818181818,47.72727272727273,9.090909090909092,False,False,2025-06-24 22:00:00,78400.0,2025-06-24 21:15:00,78370.0,1,1,2025-06-25 00:45:00,78470.0,2025-06-24 23:45:00,78400.0,3,3,0.6008547996744131,73.71930875337216,
CU:5m:0:-1:9896:9979:1,CU,1h,1004,2025-06-25 14:00:00,40.0,1,1,CHoCH,1,78630.0,124.0,BOS,1,78690.0,0.0,10,5,2,1,active_bear_internal_ob,internal,-1.0,88.0,79210.0,79340.0,79275.0,0.4947982745496067,current_internal_high,internal,0.0,3.0,78690.0,78690.0,78690.0,0.16493275818320224,78580.0,78710.0,78570.0,78710.0,7060.0,138953.0,2,2,0,2,2,0,active_bear_internal_ob,78690.0,3.0,below,0.16493275818320224,78480.0,True,0.0,78300.0,2.0,below,0.659731032732809,78180.0,False,,79470.0,54.0,above,0.8246637909160112,78630.0,False,,77810.0,20.0,below,1.2814006597310328,77390.0,False,,-1,-1,-0.00011546285111134518,-74,DOWN_CONFIRMED,0.004746598996184003,0.003278436943799263,0.003967959425184976,0.6443103570237626,-0.00011546285111134518,-0.008544250982239543,0.00043312356941593855,0.0009740675911702468,0.0014102726046334446,78338.16016758564,0.47465989961840027,0.15269118208423027,0.0213563842723585,,14,-1,931,1004,2025-06-13 11:00:00,2025-06-25 13:30:00,78330.0,78710.0,74,0.48512702668199736,0.006555770630837802,13.0,1.0,880.0,930.0,2025-06-05 21:00:00,2025-06-13 10:00:00,78890.0,78590.0,51.0,-0.3802763341361426,-0.007456398708551816,550851.0,,7443.9324324324325,,485721.0,0.0,9523.941176470587,0.0,0.7816021009057753,,1.1340893228828897,,36.486486486486484,41.891891891891895,21.62162162162162,False,False,2025-06-20 21:00:00,78420.0,2025-06-20 10:00:00,78150.0,3,2,2025-06-24 22:00:00,78470.0,2025-06-24 21:00:00,78360.0,3,2,1.2103204951645798,148.9388360087516,2.0
CU:5m:0:-1:9896:9979:1,CU,4h,444,2025-06-25 11:30:00,190.0,1,1,CHoCH,1,79090.0,46.0,CHoCH,1,78520.0,3.0,4,3,1,1,current_swing_high,swing,0.0,62.0,79090.0,79090.0,79090.0,0.3425526516112662,current_internal_high,internal,0.0,5.0,78520.0,78520.0,78520.0,0.38061405734585135,78470.0,78600.0,78470.0,78590.0,20615.0,139868.0,2,2,0,2,2,0,active_bear_internal_ob,78520.0,5.0,below,0.38061405734585135,78870.0,True,3.0,78170.0,3.0,below,0.8246637909160112,77920.0,False,,79090.0,62.0,above,0.3425526516112662,83320.0,True,46.0,77390.0,13.0,below,1.8142603400152244,71320.0,False,,1,1,0.00015436096877554853,55,UP_CONFIRMED,0.004035958546633355,0.0069499759918623975,0.005641718903393507,0.30274831048591977,0.00015436096877554853,0.008489853282655169,0.0004892521814099382,0.0006129911499097584,0.0011348575985270504,78274.089021434,0.4035958546633355,0.1529246845928478,0.5184796023022725,,7,1,390,444,2025-06-05 21:00:00,2025-06-25 09:00:00,78620.0,78590.0,55,-0.03815822945815173,-0.0006937859901482132,6.0,-1.0,381.0,389.0,2025-06-03 13:30:00,2025-06-05 13:30:00,77650.0,78170.0,9.0,0.6696716033483652,0.07440795592759614,1029512.0,,18718.4,,210538.0,0.0,23393.11111111111,0.0,0.8001671907209151,,4.889910609961147,,29.09090909090909,58.18181818181818,12.727272727272727,False,False,2025-06-20 21:00:00,78360.0,2025-06-20 09:00:00,78120.0,2,2,2025-06-23 21:00:00,78440.0,2025-06-23 09:00:00,78270.0,5,5,0.8117609197498372,238.35217242243573,
CU:5m:0:-1:9896:9979:2,CU,5m,10412,2025-06-26 09:15:00,0.0,1,1,BOS,1,78690.0,63.0,CHoCH,1,78710.0,6.0,20,10,12,5,active_bear_swing_ob,swing,-1.0,817.0,78830.0,78880.0,78855.0,0.012687135244861711,current_internal_high,internal,0.0,10.0,78710.0,78710.0,78710.0,0.1395584876934788,78750.0,78830.0,78740.0,78820.0,1981.0,177360.0,2,2,0,2,1,1,active_bear_internal_ob|active_bear_swing_ob,78710.0,10.0,below,0.1395584876934788,78710.0,True,6.0,78660.0,5.0,below,0.20299416391778738,78510.0,False,,78850.0,3.0,above,0.03806140573458513,78690.0,False,,78300.0,84.0,below,0.659731032732809,78180.0,False,,0,0,0.0,1,DOWN_BROKEN,0.001855090166278014,0.001855090166278014,0.0,0.5,0.0,0.0,,,,78674.05253879404,0.1855090166278014,0.10160020320040264,2.1146795882366027,,157,1,10412,10412,2025-06-26 09:10:00,2025-06-26 09:10:00,78820.0,78820.0,1,0.0,0.0,156.0,-1.0,10390.0,10411.0,2025-06-25 23:20:00,2025-06-26 09:05:00,78520.0,78740.0,22.0,0.28018339276616455,0.012735608762098389,1981.0,,1981.0,,8943.0,0.0,406.5,0.0,4.873308733087331,,0.22151403332215142,,100.0,0.0,0.0,True,False,,,,,0,0,,,,,0,0,0.0,45.55340743848968,
CU:5m:0:-1:9896:9979:2,CU,15m,3470,2025-06-26 09:15:00,0.0,-1,1,CHoCH,-1,78410.0,272.0,BOS,1,78600.0,22.0,13,6,4,2,current_internal_high,internal,0.0,12.0,78850.0,78850.0,78850.0,0.03806140573458513,active_bull_internal_ob,internal,1.0,22.0,78510.0,78590.0,78550.0,0.2918041106318193,78720.0,78830.0,78670.0,78820.0,5897.0,177360.0,1,1,0,1,1,0,active_bear_internal_ob,78850.0,12.0,above,0.03806140573458513,78600.0,False,,78510.0,1.0,below,0.393301192590713,78510.0,False,,78870.0,122.0,above,0.06343567622430854,79470.0,False,,77920.0,60.0,below,1.1418421720375538,77810.0,False,,1,1,7.488968432924444e-05,63,UP_CONFIRMED,0.003149293687078289,0.001794024464930519,0.0010987044120818823,0.8913083021692265,7.488968432924444e-05,0.0047180501127424,0.00034386544200204483,0.0004141391763134994,0.0013766438987190543,78572.5519581406,0.3149293687078289,0.12703252032519874,2.1932281110123832,,49,1,3408,3470,2025-06-24 09:00:00,2025-06-26 09:00:00,78480.0,78820.0,63,0.43323139653415055,0.006876688833875406,48.0,-1.0,3325.0,3407.0,2025-06-19 13:45:00,2025-06-24 00:45:00,78400.0,78450.0,83.0,0.06377551020408934,0.0007683796410131245,144886.0,,2299.777777777778,,159727.0,0.0,1924.421686746988,0.0,1.1950487741931894,,0.9070852141466377,,34.92063492063492,53.96825396825397,11.11111111111111,True,False,2025-06-25 23:30:00,78570.0,2025-06-25 23:15:00,78540.0,2,2,2025-06-25 23:45:00,78680.0,2025-06-25 21:00:00,78600.0,4,4,0.6124244309703069,80.62237333768866,
CU:5m:0:-1:9896:9979:2,CU,1h,1009,2025-06-26 01:00:00,495.0,1,1,CHoCH,1,78630.0,129.0,BOS,1,78690.0,5.0,10,5,2,1,active_bear_internal_ob,internal,-1.0,93.0,79210.0,79340.0,79275.0,0.4947982745496067,current_internal_high,internal,0.0,8.0,78690.0,78690.0,78690.0,0.16493275818320224,78680.0,78730.0,78660.0,78720.0,1961.0,175229.0,2,2,0,2,2,0,active_bear_internal_ob,78690.0,8.0,below,0.16493275818320224,78480.0,True,5.0,78300.0,7.0,below,0.659731032732809,78180.0,False,,79470.0,59.0,above,0.8246637909160112,78630.0,False,,77810.0,25.0,below,1.2814006597310328,77390.0,False,,-1,-1,-9.929021578109845e-05,-79,DOWN_CONFIRMED,0.004164949508049849,0.003320840416026008,0.003852224064848893,0.5867227004836294,-9.929021578109845e-05,-0.007843927046706778,0.0007063592462159818,0.0011397887564701392,0.0019483843188252692,78393.49505135157,0.4164949508049849,0.05083884087442314,-1.0240557429219552,,14,-1,931,1009,2025-06-13 11:00:00,2025-06-26 00:00:00,78330.0,78720.0,79,0.49789352738414117,0.006302449713723306,13.0,1.0,880.0,930.0,2025-06-05 21:00:00,2025-06-13 10:00:00,78890.0,78590.0,51.0,-0.3802763341361426,-0.007456398708551816,589401.0,,7460.772151898735,,485721.0,0.0,9523.941176470587,0.0,0.7833702470077174,,1.2134558728158757,,40.50632911392405,39.24050632911392,20.253164556962027,False,False,2025-06-20 21:00:00,78420.0,2025-06-20 10:00:00,78150.0,3,2,2025-06-24 22:00:00,78470.0,2025-06-24 21:00:00,78360.0,3,2,1.1600148101843395,155.81241677239657,4.0
CU:5m:0:-1:9896:9979:2,CU,4h,447,2025-06-26 01:00:00,495.0,1,1,CHoCH,1,79090.0,49.0,CHoCH,1,78520.0,6.0,4,3,1,1,current_swing_high,swing,0.0,65.0,79090.0,79090.0,79090.0,0.3425526516112662,current_internal_high,internal,0.0,8.0,78520.0,78520.0,78520.0,0.38061405734585135,78680.0,78730.0,78660.0,78720.0,1961.0,175229.0,2,2,0,2,2,0,active_bear_internal_ob,78520.0,8.0,below,0.38061405734585135,78870.0,True,6.0,78170.0,6.0,below,0.8246637909160112,77920.0,False,,79090.0,65.0,above,0.3425526516112662,83320.0,True,49.0,77390.0,16.0,below,1.8142603400152244,71320.0,False,,1,1,0.00015350475247699613,58,UP_CONFIRMED,0.005284680691988319,0.006878637732675453,0.005505215028892204,0.38608567989512754,0.00015350475247699613,0.008903275643665776,0.000547521869321832,0.000939655235982384,0.0012079037498700096,78306.17685908935,0.5284680691988319,0.05083884087442314,-1.5270090307144828,,7,1,390,447,2025-06-05 21:00:00,2025-06-26 00:00:00,78620.0,78720.0,58,0.1271940981938391,0.0021930016929972256,6.0,-1.0,381.0,389.0,2025-06-03 13:30:00,2025-06-05 13:30:00,77650.0,78170.0,9.0,0.6696716033483652,0.07440795592759614,1075122.0,,18536.58620689655,,210538.0,0.0,23393.11111111111,0.0,0.7923950824177534,,5.106546086692188,,32.758620689655174,55.172413793103445,12.068965517241379,False,False,2025-06-20 21:00:00,78360.0,2025-06-20 09:00:00,78120.0,2,2,2025-06-23 21:00:00,78440.0,2025-06-23 09:00:00,78270.0,5,5,0.800335072559628,232.98094854668048,
CU:5m:0:-1:9896:9979:3,CU,5m,10425,2025-06-26 10:35:00,0.0,1,1,BOS,1,78690.0,76.0,CHoCH,1,78710.0,19.0,20,10,12,5,active_bear_swing_ob,swing,-1.0,830.0,78830.0,78880.0,78855.0,0.05076786394212463,active_bull_internal_ob,internal,1.0,19.0,78660.0,78680.0,78670.0,0.13961162584084275,78820.0,78830.0,78770.0,78790.0,2906.0,182089.0,2,2,0,2,1,1,active_bear_internal_ob|active_bear_swing_ob,78840.0,7.0,above,0.0634598299276558,78710.0,False,,78670.0,2.0,below,0.1523035918263739,78660.0,False,,78850.0,16.0,above,0.07615179591318695,78690.0,False,,78300.0,97.0,below,0.6219063332910267,78180.0,False,,0,0,4.030490095174866e-05,14,NONE,0.0009089885085274344,0.0004101847199373004,0.0004939506206193647,0.843710479852288,4.030490095174866e-05,0.0005642686133244812,0.00025244218380859884,0.0002764685037626169,,78718.44583732473,0.09089885085274343,0.114358322744601,2.35822270722715,,157,1,10412,10425,2025-06-26 09:10:00,2025-06-26 10:30:00,78820.0,78790.0,14,-0.03806140573457961,-0.002718671838184258,156.0,-1.0,10390.0,10411.0,2025-06-25 23:20:00,2025-06-26 09:05:00,78520.0,78740.0,22.0,0.28018339276616455,0.012735608762098389,16262.0,,1161.5714285714287,,8943.0,0.0,406.5,0.0,2.857494289228607,,1.8184054567818406,,7.142857142857142,92.85714285714286,0.0,False,False,2025-06-26 10:30:00,78790.0,2025-06-26 10:10:00,78700.0,2,2,2025-06-26 10:30:00,78790.0,2025-06-26 09:15:00,78740.0,1,1,1.2042150685058879,49.34172422241486,
CU:5m:0:-1:9896:9979:3,CU,15m,3474,2025-06-26 10:15:00,20.0,-1,1,CHoCH,-1,78410.0,276.0,BOS,1,78600.0,26.0,13,6,4,2,current_internal_high,internal,0.0,16.0,78850.0,78850.0,78850.0,0.07615179591318695,active_bull_internal_ob,internal,1.0,26.0,78510.0,78590.0,78550.0,0.2538393197106232,78740.0,78760.0,78690.0,78700.0,2516.0,181345.0,1,1,0,1,1,0,active_bear_internal_ob,78850.0,16.0,above,0.07615179591318695,78600.0,False,,78510.0,5.0,below,0.35537504759487243,78510.0,False,,78870.0,126.0,above,0.10153572788424926,79470.0,False,,77920.0,64.0,below,1.1042010407412108,77810.0,False,,1,1,7.557349602206216e-05,67,UP_CONFIRMED,0.0012778512513703147,0.0017820603028232199,0.0010693197063672073,0.3186335775398217,7.557349602206216e-05,0.005063424233478164,0.0006210843547689304,0.0007287238848865396,0.0009959642571581995,78599.56145204135,0.12778512513703147,-0.06349206349206549,0.5273978509922204,,49,1,3408,3474,2025-06-24 09:00:00,2025-06-26 10:00:00,78480.0,78700.0,67,0.28032619775739676,0.004183973100856668,48.0,-1.0,3325.0,3407.0,2025-06-19 13:45:00,2025-06-24 00:45:00,78400.0,78450.0,83.0,0.06377551020408934,0.0007683796410131245,156261.0,,2332.2537313432836,,159727.0,0.0,1924.421686746988,0.0,1.2119244692600033,,0.9783004751857858,,34.32835820895522,55.223880597014926,10.44776119402985,True,False,2025-06-25 23:30:00,78570.0,2025-06-25 23:15:00,78540.0,2,2,2025-06-26 09:45:00,78750.0,2025-06-26 09:30:00,78690.0,5,5,0.6000468697232878,82.60791349692121,
CU:5m:0:-1:9896:9979:3,CU,1h,1010,2025-06-26 10:00:00,35.0,1,1,CHoCH,1,78630.0,130.0,BOS,1,78690.0,6.0,10,5,2,1,current_internal_high,internal,0.0,0.0,78850.0,78850.0,78850.0,0.07615179591318695,active_bull_internal_ob,internal,1.0,6.0,78300.0,78540.0,78420.0,0.31729914963827893,78720.0,78840.0,78670.0,78750.0,14756.0,180648.0,2,2,0,2,2,0,active_bear_internal_ob,78850.0,0.0,above,0.07615179591318695,78690.0,False,,78300.0,8.0,below,0.6219063332910267,78180.0,False,,78870.0,0.0,above,0.10153572788424926,79470.0,False,,77810.0,26.0,below,1.2438126665820535,77390.0,False,,-1,-1,-9.430998642166316e-05,-80,DOWN_CONFIRMED,0.004244861502755775,0.0033323906796101305,0.003829448282226641,0.5941670097087144,-9.430998642166316e-05,-0.007544798913733053,0.0006862485885952285,0.0014344361771727598,0.0022264475253639393,78417.13014309897,0.4244861502755775,0.038109756097570724,1.350990225312291,,14,-1,931,1010,2025-06-13 11:00:00,2025-06-26 09:00:00,78330.0,78750.0,80,0.536193029490617,0.006702412868632712,13.0,1.0,880.0,930.0,2025-06-05 21:00:00,2025-06-13 10:00:00,78890.0,78590.0,51.0,-0.3802763341361426,-0.007456398708551816,604157.0,,7551.9625,,485721.0,0.0,9523.941176470587,0.0,0.7929451012000717,,1.2438354528628575,,41.25,38.75,20.0,False,False,2025-06-20 21:00:00,78420.0,2025-06-20 10:00:00,78150.0,3,2,2025-06-24 22:00:00,78470.0,2025-06-24 21:00:00,78360.0,3,2,1.1491594625017567,156.82581557436825,4.0
CU:5m:0:-1:9896:9979:3,CU,4h,447,2025-06-26 01:00:00,575.0,1,1,CHoCH,1,79090.0,49.0,CHoCH,1,78520.0,6.0,4,3,1,1,current_swing_high,swing,0.0,65.0,79090.0,79090.0,79090.0,0.38075897956593474,current_internal_high,internal,0.0,8.0,78520.0,78520.0,78520.0,0.3426830816093413,78680.0,78730.0,78660.0,78720.0,1961.0,175229.0,2,2,0,2,2,0,active_bear_internal_ob,78520.0,8.0,below,0.3426830816093413,78870.0,True,6.0,78170.0,6.0,below,0.7869018911029318,77920.0,False,,79090.0,65.0,above,0.38075897956593474,83320.0,True,49.0,77390.0,16.0,below,1.776875237974362,71320.0,False,,1,1,0.00015350475247699613,58,UP_CONFIRMED,0.005284680691988319,0.006878637732675453,0.005505215028892204,0.38608567989512754,0.00015350475247699613,0.008903275643665776,0.000547521869321832,0.000939655235982384,0.0012079037498700096,78306.17685908935,0.5284680691988319,0.05083884087442314,-1.5270090307144828,,7,1,390,447,2025-06-05 21:00:00,2025-06-26 00:00:00,78620.0,78720.0,58,0.1271940981938391,0.0021930016929972256,6.0,-1.0,381.0,389.0,2025-06-03 13:30:00,2025-06-05 13:30:00,77650.0,78170.0,9.0,0.6696716033483652,0.07440795592759614,1075122.0,,18536.58620689655,,210538.0,0.0,23393.11111111111,0.0,0.7923950824177534,,5.106546086692188,,32.758620689655174,55.172413793103445,12.068965517241379,False,False,2025-06-20 21:00:00,78360.0,2025-06-20 09:00:00,78120.0,2,2,2025-06-23 21:00:00,78440.0,2025-06-23 09:00:00,78270.0,5,5,0.800335072559628,232.98094854668048,
CU:5m:1:1:10009:10016:1,CU,5m,10055,2025-06-20 10:45:00,0.0,-1,1,CHoCH,-1,78360.0,76.0,CHoCH,1,78310.0,17.0,17,13,10,5,current_swing_low,swing,0.0,183.0,78360.0,78360.0,78360.0,0.17898235745333674,active_bull_internal_ob,internal,1.0,39.0,78130.0,78190.0,78160.0,0.0383533623114293,78240.0,78260.0,78180.0,78220.0,1162.0,170546.0,1,0,0,0,1,0,current_internal_low,78480.0,11.0,above,0.33239580669905394,78310.0,False,,78220.0,17.0,overlap,0.0,78260.0,False,,78870.0,109.0,above,0.8309895167476348,78730.0,False,,78360.0,183.0,above,0.17898235745333674,77810.0,True,76.0,0,0,0.00017271138995389457,18,NONE,-0.0025201533970183898,-0.0010080856911767703,0.001244581322403626,0.1121981545019235,0.00017271138995389457,0.003108805019170102,-0.0004521608026507584,-0.0006761935894633586,,78417.6244426252,-0.252015339701839,-0.02556237218813706,0.5178930767075792,,149,1,10038,10055,2025-06-20 09:00:00,2025-06-20 10:40:00,78440.0,78220.0,18,-0.28046914839368053,-0.015581619355204475,148.0,-1.0,9903.0,10037.0,2025-06-18 21:30:00,2025-06-20 00:55:00,78600.0,78280.0,135.0,-0.4071246819338459,-0.0030157383846951547,18325.0,,1018.0555555555555,,72973.0,0.0,540.5407407407407,0.0,1.8834020802214517,,0.25112027736286024,,61.111111111111114,22.22222222222222,16.666666666666664,True,True,,,2025-06-20 09:05:00,78440.0,0,1,,,2025-06-20 09:55:00,78330.0,0,1,1.2345987382786743,55.06071024346255,
CU:5m:1:1:10009:10016:1,CU,15m,3351,2025-06-20 10:45:00,0.0,-1,1,CHoCH,-1,78410.0,153.0,CHoCH,1,78330.0,5.0,10,7,4,2,current_internal_high,internal,0.0,0.0,78480.0,78480.0,78480.0,0.33239580669905394,current_swing_low,swing,0.0,95.0,77810.0,77810.0,77810.0,0.5241626182562005,78300.0,78300.0,78180.0,78220.0,4053.0,170546.0,1,0,0,0,1,0,current_internal_low,78480.0,0.0,above,0.33239580669905394,78330.0,False,,78220.0,2.0,overlap,0.0,78130.0,False,,78870.0,3.0,above,0.8309895167476348,79470.0,False,,77810.0,95.0,below,0.5241626182562005,78410.0,False,,0,0,-9.281595274528513e-05,-27,NONE,-0.004119548385900108,-0.004378716975771474,0.0009931651718136506,0.6029352972721915,-9.281595274528513e-05,-0.0025060307241226987,-0.000682330267239295,-0.0008856745481762296,-0.0014489978719089969,78543.56401234992,-0.41195483859001075,-0.10217113665389466,2.015657299053707,,48,-1,3325,3351,2025-06-19 13:45:00,2025-06-20 10:30:00,78400.0,78220.0,27,-0.2295918367346994,-0.008503401360544423,47.0,1.0,3248.0,3324.0,2025-06-16 23:45:00,2025-06-19 13:30:00,78710.0,78510.0,77.0,-0.25409731927328316,-0.0032999651853673137,51649.0,,1912.9259259259259,,147632.0,0.0,1917.2987012987012,0.0,0.9977193040553288,,0.34984962609732306,,0.0,44.44444444444444,55.55555555555556,True,True,,,,,0,0,2025-06-20 09:00:00,78420.0,2025-06-20 10:00:00,78300.0,2,2,0.22681648010343658,83.20803390829822,
CU:5m:1:1:10009:10016:1,CU,1h,974,2025-06-20 10:00:00,45.0,1,-1,CHoCH,1,78630.0,94.0,CHoCH,-1,78360.0,5.0,8,5,2,1,current_internal_low,internal,0.0,16.0,78360.0,78360.0,78360.0,0.17898235745333674,active_bull_internal_ob,internal,1.0,112.0,77390.0,77720.0,77555.0,0.6392227051904884,78400.0,78480.0,78320.0,78330.0,10874.0,171120.0,0,0,0,0,0,0,,78870.0,9.0,above,0.8309895167476348,78730.0,False,,78360.0,16.0,above,0.17898235745333674,77810.0,True,5.0,79470.0,24.0,above,1.5980567629762208,78630.0,False,,77390.0,64.0,below,1.0611096906162107,77520.0,False,,0,0,-0.0002252911205352875,-44,NONE,0.0012779504871316535,0.004493063263393255,0.0045570597243959595,0.24024225297469187,-0.0002252911205352875,-0.00991280930355265,0.00010163841194033019,0.000668816804267891,0.0021976941022330276,78230.0259002924,0.12779504871316535,0.06387327542156651,1.1391233726861556,,14,-1,931,974,2025-06-13 11:00:00,2025-06-20 09:00:00,78330.0,78330.0,44,0.0,0.0,13.0,1.0,880.0,930.0,2025-06-05 21:00:00,2025-06-13 10:00:00,78890.0,78590.0,51.0,-0.3802763341361426,-0.007456398708551816,334883.0,,7610.977272727273,,485721.0,0.0,9523.941176470587,0.0,0.7991415666794126,,0.6894554692920422,,45.45454545454545,27.27272727272727,27.27272727272727,True,False,2025-06-19 22:00:00,78240.0,2025-06-19 21:00:00,78200.0,2,1,2025-06-13 23:00:00,78440.0,2025-06-18 21:00:00,78570.0,1,1,1.0142433919246383,148.48568471207648,4.0
CU:5m:1:1:10009:10016:1,CU,4h,431,2025-06-20 01:00:00,585.0,1,-1,CHoCH,1,79090.0,33.0,CHoCH,-1,78360.0,2.0,3,3,1,1,current_internal_low,internal,0.0,4.0,78360.0,78360.0,78360.0,0.17898235745333674,active_bull_internal_ob,internal,1.0,123.0,77160.0,77970.0,77565.0,0.3196113525952442,78280.0,78310.0,78220.0,78280.0,1069.0,173829.0,0,0,0,0,0,0,,78870.0,1.0,above,0.8309895167476348,78730.0,False,,78360.0,4.0,above,0.17898235745333674,77810.0,True,2.0,79090.0,49.0,above,1.1122475070314497,83320.0,True,33.0,77390.0,0.0,below,1.0611096906162107,71320.0,False,,0,0,0.0001881234019748638,42,NONE,0.0006596161895357288,0.008595732848966529,0.005383258262182983,0.07021094171126774,0.0001881234019748638,0.00790118288294428,0.00022077749708526717,0.0008588778181688461,0.0018695222415008317,78228.39928135255,0.06596161895357289,0.0,-1.4908349384496347,,7,1,390,431,2025-06-05 21:00:00,2025-06-20 00:00:00,78620.0,78280.0,42,-0.432459933859064,-0.010296665091882476,6.0,-1.0,381.0,389.0,2025-06-03 13:30:00,2025-06-05 13:30:00,77650.0,78170.0,9.0,0.6696716033483652,0.07440795592759614,809730.0,,19279.285714285714,,210538.0,0.0,23393.11111111111,0.0,0.8241437243090152,,3.8460040467754038,,38.095238095238095,50.0,11.904761904761903,True,True,2025-06-13 21:00:00,78440.0,2025-06-13 13:30:00,78010.0,1,1,2025-06-18 00:00:00,78560.0,2025-06-19 13:30:00,78310.0,3,4,0.6262710064133992,246.14489431652274,
CU:5m:1:1:10033:10038:1,CU,5m,10053,2025-06-20 10:35:00,0.0,-1,1,CHoCH,-1,78360.0,74.0,CHoCH,1,78310.0,15.0,18,13,10,5,current_swing_low,swing,0.0,181.0,78360.0,78360.0,78360.0,0.1021972406745018,active_bull_internal_ob,internal,1.0,15.0,78220.0,78260.0,78240.0,0.02554931016862545,78300.0,78300.0,78250.0,78280.0,1211.0,170837.0,0,0,0,0,0,0,,78480.0,9.0,above,0.25549310168625444,78310.0,False,,78220.0,15.0,below,0.07664793050587634,78260.0,False,,78870.0,107.0,above,0.7537046499744506,78730.0,False,,78360.0,181.0,above,0.1021972406745018,77810.0,True,74.0,0,0,0.000209022040671053,16,NONE,-0.001989369768165366,-0.0008286269974019191,0.0012050008762942322,0.1677056939474968,0.000209022040671053,0.003344352650736848,-0.00036360269228363773,-0.00048462043529218235,,78436.03828329545,-0.1989369768165366,-0.025542784163479215,0.8750378360866082,,149,1,10038,10053,2025-06-20 09:00:00,2025-06-20 10:30:00,78440.0,78280.0,16,-0.20397756246812726,-0.012748597654257954,148.0,-1.0,9903.0,10037.0,2025-06-18 21:30:00,2025-06-20 00:55:00,78600.0,78280.0,135.0,-0.4071246819338459,-0.0030157383846951547,15483.0,,967.6875,,72973.0,0.0,540.5407407407407,0.0,1.7902212119551069,,0.21217436586134597,,68.75,25.0,6.25,True,True,,,2025-06-20 09:05:00,78440.0,0,1,,,2025-06-20 09:55:00,78330.0,0,1,1.4542138743637336,52.61478821135301,
CU:5m:1:1:10033:10038:1,CU,15m,3350,2025-06-20 10:15:00,20.0,-1,1,CHoCH,-1,78410.0,152.0,CHoCH,1,78330.0,4.0,11,7,4,2,current_internal_high,internal,0.0,5.0,78330.0,78330.0,78330.0,0.06387327542156361,current_internal_low,internal,0.0,1.0,78220.0,78220.0,78220.0,0.07664793050587634,78330.0,78350.0,78270.0,78300.0,3398.0,170722.0,1,1,1,0,1,0,active_bull_internal_ob,78330.0,5.0,above,0.06387327542156361,78660.0,True,4.0,78220.0,1.0,below,0.07664793050587634,78130.0,False,,78870.0,2.0,above,0.7537046499744506,79470.0,False,,77810.0,94.0,below,0.600408788962698,78410.0,False,,0,0,-8.705918059822058e-05,-26,NONE,-0.0033432938406373945,-0.004388684998458834,0.0010107580708640768,0.8494937283533739,-8.705918059822058e-05,-0.002263538695553735,-0.0005755943348759729,-0.0006580307554158171,-0.0012820626391555345,78562.65805076523,-0.33432938406373947,-0.03829950210647581,1.8226745775399062,,48,-1,3325,3350,2025-06-19 13:45:00,2025-06-20 10:00:00,78400.0,78300.0,26,-0.12755102040816757,-0.004905808477237214,47.0,1.0,3248.0,3324.0,2025-06-16 23:45:00,2025-06-19 13:30:00,78710.0,78510.0,77.0,-0.25409731927328316,-0.0032999651853673137,47596.0,,1830.6153846153845,,147632.0,0.0,1917.2987012987012,0.0,0.954788830439096,,0.32239622845995447,,0.0,42.30769230769231,57.692307692307686,True,True,,,,,0,0,2025-06-20 09:00:00,78420.0,2025-06-20 10:00:00,78300.0,2,2,0.2303100065780576,80.377882670475,
CU:5m:1:1:10033:10038:1,CU,1h,974,2025-06-20 10:00:00,35.0,1,-1,CHoCH,1,78630.0,94.0,CHoCH,-1,78360.0,5.0,8,5,2,1,current_internal_low,internal,0.0,16.0,78360.0,78360.0,78360.0,0.1021972406745018,active_bull_internal_ob,internal,1.0,112.0,77390.0,77720.0,77555.0,0.7153806847215125,78400.0,78480.0,78320.0,78330.0,10874.0,171120.0,0,0,0,0,0,0,,78870.0,9.0,above,0.7537046499744506,78730.0,False,,78360.0,16.0,above,0.1021972406745018,77810.0,True,5.0,79470.0,24.0,above,1.5201839550332141,78630.0,False,,77390.0,64.0,below,1.1369443025038324,77520.0,False,,0,0,-0.0002252911205352875,-44,NONE,0.0012779504871316535,0.004493063263393255,0.0045570597243959595,0.24024225297469187,-0.0002252911205352875,-0.00991280930355265,0.00010163841194033019,0.000668816804267891,0.0021976941022330276,78230.0259002924,0.12779504871316535,0.06387327542156651,1.1391233726861556,,14,-1,931,974,2025-06-13 11:00:00,2025-06-20 09:00:00,78330.0,78330.0,44,0.0,0.0,13.0,1.0,880.0,930.0,2025-06-05 21:00:00,2025-06-13 10:00:00,78890.0,78590.0,51.0,-0.3802763341361426,-0.007456398708551816,334883.0,,7610.977272727273,,485721.0,0.0,9523.941176470587,0.0,0.7991415666794126,,0.6894554692920422,,45.45454545454545,27.27272727272727,27.27272727272727,True,False,2025-06-19 22:00:00,78240.0,2025-06-19 21:00:00,78200.0,2,1,2025-06-13 23:00:00,78440.0,2025-06-18 21:00:00,78570.0,1,1,1.0142433919246383,148.48568471207648,4.0
CU:5m:1:1:10033:10038:1,CU,4h,431,2025-06-20 01:00:00,575.0,1,-1,CHoCH,1,79090.0,33.0,CHoCH,-1,78360.0,2.0,3,3,1,1,current_internal_low,internal,0.0,4.0,78360.0,78360.0,78360.0,0.1021972406745018,active_bull_internal_ob,internal,1.0,123.0,77160.0,77970.0,77565.0,0.39601430761369444,78280.0,78310.0,78220.0,78280.0,1069.0,173829.0,0,0,0,0,0,0,,78870.0,1.0,above,0.7537046499744506,78730.0,False,,78360.0,4.0,above,0.1021972406745018,77810.0,True,2.0,79090.0,49.0,above,1.0347470618293306,83320.0,True,33.0,77390.0,0.0,below,1.1369443025038324,71320.0,False,,0,0,0.0001881234019748638,42,NONE,0.0006596161895357288,0.008595732848966529,0.005383258262182983,0.07021094171126774,0.0001881234019748638,0.00790118288294428,0.00022077749708526717,0.0008588778181688461,0.0018695222415008317,78228.39928135255,0.06596161895357289,0.0,-1.4908349384496347,,7,1,390,431,2025-06-05 21:00:00,2025-06-20 00:00:00,78620.0,78280.0,42,-0.432459933859064,-0.010296665091882476,6.0,-1.0,381.0,389.0,2025-06-03 13:30:00,2025-06-05 13:30:00,77650.0,78170.0,9.0,0.6696716033483652,0.07440795592759614,809730.0,,19279.285714285714,,210538.0,0.0,23393.11111111111,0.0,0.8241437243090152,,3.8460040467754038,,38.095238095238095,50.0,11.904761904761903,True,True,2025-06-13 21:00:00,78440.0,2025-06-13 13:30:00,78010.0,1,1,2025-06-18 00:00:00,78560.0,2025-06-19 13:30:00,78310.0,3,4,0.6262710064133992,246.14489431652274,
CU:5m:1:-1:10039:10056:1,CU,5m,10083,2025-06-20 21:05:00,0.0,-1,-1,CHoCH,-1,78360.0,104.0,CHoCH,-1,78220.0,27.0,16,13,10,5,current_internal_high,internal,0.0,39.0,78480.0,78480.0,78480.0,0.012743723716069836,current_swing_low,swing,0.0,211.0,78360.0,78360.0,78360.0,0.14018096087676818,78480.0,78520.0,78410.0,78470.0,4820.0,165498.0,0,0,0,0,0,0,,78480.0,39.0,above,0.012743723716069836,78310.0,False,,78220.0,45.0,below,0.31859309290174587,78260.0,True,27.0,78870.0,137.0,above,0.5097489486427934,78730.0,False,,78360.0,211.0,below,0.14018096087676818,77810.0,True,104.0,0,0,0.0,1,DOWN_BROKEN,-0.0006136574850409515,-0.0006136574850409515,0.0,0.5,0.0,0.0,,,,78518.18327087599,-0.06136574850409515,0.6154635209642212,3.626156776745076,,151,1,10083,10083,2025-06-20 21:00:00,2025-06-20 21:00:00,78470.0,78470.0,1,0.0,0.0,150.0,-1.0,10059.0,10082.0,2025-06-20 11:00:00,2025-06-20 14:55:00,78140.0,77990.0,24.0,-0.1919631430765345,-0.007998464294855604,4820.0,,4820.0,,27610.0,0.0,1150.4166666666667,0.0,4.1897863093082215,,0.17457442955450925,,0.0,100.0,0.0,False,True,,,2025-06-20 21:00:00,78470.0,0,1,2025-06-20 21:00:00,78470.0,,,1,0,0.0,83.71879676986518,
CU:5m:1:-1:10039:10056:1,CU,15m,3360,2025-06-20 15:00:00,365.0,-1,-1,CHoCH,-1,78410.0,162.0,CHoCH,-1,78220.0,8.0,10,8,4,2,current_internal_high,internal,0.0,9.0,78480.0,78480.0,78480.0,0.012743723716069836,current_internal_low,internal,0.0,11.0,78220.0,78220.0,78220.0,0.31859309290174587,77940.0,78020.0,77920.0,77990.0,3499.0,166882.0,1,1,0,1,1,0,active_bear_internal_ob,78480.0,9.0,above,0.012743723716069836,78330.0,False,,78220.0,11.0,below,0.31859309290174587,78130.0,True,8.0,78870.0,12.0,above,0.5097489486427934,79470.0,False,,77810.0,104.0,below,0.8410857652606092,78410.0,False,,0,0,-0.00028890848992856814,-36,NONE,0.00087356312999135,-0.004395915288089684,0.0012959639711690406,0.9999760935671338,-0.00028890848992856814,-0.010400705637428453,-0.006783021006808165,-0.008155627520353703,-0.008808291622031339,77921.93027469427,0.087356312999135,0.07699217246246448,0.5846434863752528,,48,-1,3325,3360,2025-06-19 13:45:00,2025-06-20 14:45:00,78400.0,77990.0,36,-0.5229591836734659,-0.01452664399092961,47.0,1.0,3248.0,3324.0,2025-06-16 23:45:00,2025-06-19 13:30:00,78710.0,78510.0,77.0,-0.25409731927328316,-0.0032999651853673137,83464.0,,2318.4444444444443,,147632.0,0.0,1917.2987012987012,0.0,1.2092244379417891,,0.5653516852714858,,0.0,33.33333333333333,66.66666666666666,True,True,2025-06-20 14:45:00,77990.0,,,1,0,2025-06-20 09:00:00,78420.0,2025-06-20 10:00:00,78300.0,2,2,0.29481095204002955,80.35612886394553,
CU:5m:1:-1:10039:10056:1,CU,1h,978,2025-06-20 15:00:00,365.0,1,-1,CHoCH,1,78630.0,98.0,CHoCH,-1,78360.0,9.0,8,5,2,1,active_bear_internal_ob,internal,-1.0,9.0,78660.0,78870.0,78765.0,0.24213075060532688,current_internal_low,internal,0.0,20.0,78360.0,78360.0,78360.0,0.14018096087676818,78020.0,78070.0,77920.0,77990.0,11689.0,166882.0,0,0,0,0,0,0,,78870.0,13.0,above,0.5097489486427934,78730.0,False,,78360.0,20.0,below,0.14018096087676818,77810.0,True,9.0,79470.0,28.0,above,1.2743723716069835,78630.0,False,,77390.0,68.0,below,1.3763221613355423,77520.0,False,,0,0,-0.00021201158315927357,-48,NONE,-0.0028025660697325325,0.003957437076348074,0.004715972680075894,0.07586790605351201,-0.00021201158315927357,-0.010176555991645131,-0.0001752429352487317,-9.304857475267436e-05,0.001333584503262486,78209.18641218016,-0.2802566069732533,-0.038451679056650256,1.1306653500171688,,14,-1,931,978,2025-06-13 11:00:00,2025-06-20 14:00:00,78330.0,77990.0,48,-0.43406102387335554,-0.009042937997361574,13.0,1.0,880.0,930.0,2025-06-05 21:00:00,2025-06-13 10:00:00,78890.0,78590.0,51.0,-0.3802763341361426,-0.007456398708551816,374149.0,,7794.770833333333,,485721.0,0.0,9523.941176470587,0.0,0.818439623775789,,0.7702961164948602,,41.66666666666667,25.0,33.33333333333333,True,True,2025-06-19 22:00:00,78240.0,2025-06-20 10:00:00,78150.0,2,2,2025-06-13 23:00:00,78440.0,2025-06-18 21:00:00,78570.0,1,1,1.191673446499318,145.38863080647693,4.0
CU:5m:1:-1:10039:10056:1,CU,4h,433,2025-06-20 15:00:00,365.0,1,-1,CHoCH,1,79090.0,35.0,CHoCH,-1,78360.0,4.0,3,3,1,1,active_bear_internal_ob,internal,-1.0,21.0,78570.0,78880.0,78725.0,0.12743723716069835,current_internal_low,internal,0.0,6.0,78360.0,78360.0,78360.0,0.14018096087676818,78120.0,78130.0,77920.0,77990.0,20622.0,166882.0,0,0,0,0,0,0,,78870.0,3.0,above,0.5097489486427934,78730.0,False,,78360.0,6.0,below,0.14018096087676818,77810.0,True,4.0,79090.0,51.0,above,0.7901108703963298,83320.0,True,35.0,77390.0,2.0,below,1.3763221613355423,71320.0,False,,0,0,0.00017764298282014655,44,NONE,-0.002963500883669942,0.008106013444421151,0.005720715616926101,0.02649590281510822,0.00017764298282014655,0.007816291244086448,-1.7304127188366714e-05,0.0006423263125703293,0.0015559442996135875,78221.81040425527,-0.29635008836699417,-0.16641065028162316,0.5094757648537691,,7,1,390,433,2025-06-05 21:00:00,2025-06-20 13:30:00,78620.0,77990.0,44,-0.8013228186212196,-0.018211882241391354,6.0,-1.0,381.0,389.0,2025-06-03 13:30:00,2025-06-05 13:30:00,77650.0,78170.0,9.0,0.6696716033483652,0.07440795592759614,859870.0,,19542.5,,210538.0,0.0,23393.11111111111,0.0,0.8353955105491646,,4.084155829351471,,36.36363636363637,50.0,13.636363636363635,True,True,2025-06-13 21:00:00,78440.0,2025-06-20 09:00:00,78120.0,1,2,2025-06-18 00:00:00,78560.0,2025-06-19 13:30:00,78310.0,3,4,0.7057372475570346,251.11473030353238,
CU:5m:1:-1:10092:10096:1,CU,5m,10102,2025-06-20 22:40:00,0.0,-1,-1,CHoCH,-1,78360.0,123.0,BOS,-1,78370.0,6.0,16,14,10,5,active_bear_internal_ob,internal,-1.0,6.0,78400.0,78430.0,78415.0,0.012756729174639624,current_internal_low,internal,0.0,8.0,78370.0,78370.0,78370.0,0.025513458349279247,78360.0,78400.0,78360.0,78390.0,229.0,162589.0,0,0,0,0,0,0,,78430.0,3.0,above,0.051026916698558494,78520.0,False,,78370.0,8.0,below,0.025513458349279247,77920.0,True,6.0,78870.0,156.0,above,0.6123230003827019,78730.0,False,,78360.0,230.0,below,0.03827018752391887,77810.0,True,123.0,0,0,-5.217798535034346e-06,20,NONE,-0.0015283332798131373,-0.0015655994134210244,0.0005470687914875112,0.5271548051514782,-5.217798535034346e-06,-0.00010435597070068692,-2.007800143799532e-05,-4.1774478759526446e-05,,78509.9894296431,-0.15283332798131372,0.02551996937603107,-0.4506083499975373,,151,1,10083,10102,2025-06-20 21:00:00,2025-06-20 22:35:00,78470.0,78390.0,20,-0.1019497897285615,-0.005097489486428075,150.0,-1.0,10059.0,10082.0,2025-06-20 11:00:00,2025-06-20 14:55:00,78140.0,77990.0,24.0,-0.1919631430765345,-0.007998464294855604,14066.0,,703.3,,27610.0,0.0,1150.4166666666667,0.0,0.6113437160449112,,0.5094530967040927,,55.00000000000001,45.0,0.0,False,True,,,2025-06-20 21:00:00,78470.0,0,1,2025-06-20 22:30:00,78370.0,2025-06-20 22:05:00,78330.0,2,1,0.3494308868525312,46.84658601914295,
CU:5m:1:-1:10092:10096:1,CU,15m,3366,2025-06-20 22:30:00,10.0,-1,-1,CHoCH,-1,78410.0,168.0,CHoCH,-1,78220.0,14.0,10,7,4,2,current_internal_high,internal,0.0,0.0,78520.0,78520.0,78520.0,0.16583747927031509,current_internal_low,internal,0.0,1.0,77920.0,77920.0,77920.0,0.5995662712080623,78330.0,78360.0,78310.0,78330.0,465.0,162559.0,0,0,0,0,0,0,,78520.0,0.0,above,0.16583747927031509,78480.0,False,,77920.0,1.0,below,0.5995662712080623,78220.0,False,,78870.0,18.0,above,0.6123230003827019,79470.0,False,,77810.0,110.0,below,0.7398902921290981,78410.0,False,,0,0,-0.00022828252432475056,-42,NONE,0.004411898300478166,-0.003014959935414747,0.0036003349403074983,0.9804353355861061,-0.00022828252432475056,-0.009587866021639524,0.00031237752800028495,-0.005763296908816495,-0.007777113158090487,77985.9339903667,0.4411898300478166,0.012768130745666184,-1.4803157840545964,,48,-1,3325,3366,2025-06-19 13:45:00,2025-06-20 22:15:00,78400.0,78330.0,42,-0.08928571428571397,-0.002125850340136047,47.0,1.0,3248.0,3324.0,2025-06-16 23:45:00,2025-06-19 13:30:00,78710.0,78510.0,77.0,-0.25409731927328316,-0.0032999651853673137,97168.0,,2313.5238095238096,,147632.0,0.0,1917.2987012987012,0.0,1.2066579964596655,,0.6581770889779993,,0.0,42.857142857142854,57.14285714285714,False,False,2025-06-20 14:45:00,77990.0,,,1,0,2025-06-20 21:00:00,78470.0,2025-06-20 10:00:00,78300.0,3,2,1.194156810515701,97.91311124691511,
CU:5m:1:-1:10092:10096:1,CU,1h,979,2025-06-20 22:00:00,40.0,1,-1,CHoCH,1,78630.0,99.0,CHoCH,-1,78360.0,10.0,8,5,2,1,active_bear_internal_ob,internal,-1.0,10.0,78660.0,78870.0,78765.0,0.3444316877152698,current_internal_low,internal,0.0,21.0,78360.0,78360.0,78360.0,0.03827018752391887,78480.0,78520.0,78370.0,78420.0,12528.0,162862.0,0,0,0,0,0,0,,78870.0,14.0,above,0.6123230003827019,78730.0,False,,78360.0,21.0,below,0.03827018752391887,77810.0,True,10.0,79470.0,29.0,above,1.377726750861079,78630.0,False,,77390.0,69.0,below,1.2756729174639623,77520.0,False,,0,0,-0.00020468971626030896,-49,NONE,0.0025468629003904462,0.0039286498482673056,0.004671861562082683,0.38370364780723704,-0.00020468971626030896,-0.01002979609675514,-0.00011815807163439995,-1.6531669092767487e-05,0.0012633478229950867,78220.78239128811,0.25468629003904464,0.5513527375304417,1.2315532564409444,,14,-1,931,979,2025-06-13 11:00:00,2025-06-20 21:00:00,78330.0,78420.0,49,0.11489850631942744,0.0023448674759066826,13.0,1.0,880.0,930.0,2025-06-05 21:00:00,2025-06-13 10:00:00,78890.0,78590.0,51.0,-0.3802763341361426,-0.007456398708551816,386677.0,,7891.367346938776,,485721.0,0.0,9523.941176470587,0.0,0.8285821174993002,,0.7960887011267785,,40.816326530612244,26.53061224489796,32.6530612244898,False,False,2025-06-20 21:00:00,78420.0,2025-06-20 10:00:00,78150.0,3,2,2025-06-20 21:00:00,78420.0,2025-06-18 21:00:00,78570.0,2,1,1.1891773872754692,172.86087146315717,4.0
CU:5m:1:-1:10092:10096:1,CU,4h,433,2025-06-20 15:00:00,460.0,1,-1,CHoCH,1,79090.0,35.0,CHoCH,-1,78360.0,4.0,3,3,1,1,active_bear_internal_ob,internal,-1.0,21.0,78570.0,78880.0,78725.0,0.2296211251435132,current_internal_low,internal,0.0,6.0,78360.0,78360.0,78360.0,0.03827018752391887,78120.0,78130.0,77920.0,77990.0,20622.0,166882.0,0,0,0,0,0,0,,78870.0,3.0,above,0.6123230003827019,78730.0,False,,78360.0,6.0,below,0.03827018752391887,77810.0,True,4.0,79090.0,51.0,above,0.8929710422247735,83320.0,True,35.0,77390.0,2.0,below,1.2756729174639623,71320.0,False,,0,0,0.00017764298282014655,44,NONE,-0.002963500883669942,0.008106013444421151,0.005720715616926101,0.02649590281510822,0.00017764298282014655,0.007816291244086448,-1.7304127188366714e-05,0.0006423263125703293,0.0015559442996135875,78221.81040425527,-0.29635008836699417,-0.16641065028162316,0.5094757648537691,,7,1,390,433,2025-06-05 21:00:00,2025-06-20 13:30:00,78620.0,77990.0,44,-0.8013228186212196,-0.018211882241391354,6.0,-1.0,381.0,389.0,2025-06-03 13:30:00,2025-06-05 13:30:00,77650.0,78170.0,9.0,0.6696716033483652,0.07440795592759614,859870.0,,19542.5,,210538.0,0.0,23393.11111111111,0.0,0.8353955105491646,,4.084155829351471,,36.36363636363637,50.0,13.636363636363635,True,True,2025-06-13 21:00:00,78440.0,2025-06-20 09:00:00,78120.0,1,2,2025-06-18 00:00:00,78560.0,2025-06-19 13:30:00,78310.0,3,4,0.7057372475570346,251.11473030353238,
CU:5m:1:-1:10092:10096:2,CU,5m,10106,2025-06-20 23:00:00,0.0,-1,-1,CHoCH,-1,78360.0,127.0,BOS,-1,78370.0,10.0,16,14,10,5,active_bear_internal_ob,internal,-1.0,10.0,78400.0,78430.0,78415.0,0.025516713447307986,current_internal_low,internal,0.0,12.0,78370.0,78370.0,78370.0,0.012758356723653993,78370.0,78410.0,78370.0,78380.0,285.0,162537.0,0,0,0,0,0,0,,78430.0,7.0,above,0.06379178361826997,78520.0,False,,78370.0,12.0,below,0.012758356723653993,77920.0,True,10.0,78870.0,160.0,above,0.6251594794590457,78730.0,False,,78360.0,234.0,below,0.025516713447307986,77810.0,True,127.0,0,0,-5.168566708309748e-06,24,NONE,-0.0016360461374840252,-0.0016155793096341577,0.0005177344261705615,0.4842333126613737,-5.168566708309748e-06,-0.00012404560099943396,-2.4369177511696094e-05,-4.458921474881361e-05,-0.00010169058618902937,78508.44343564277,-0.16360461374840252,0.012759984688015535,-0.0958317245723387,,151,1,10083,10106,2025-06-20 21:00:00,2025-06-20 22:55:00,78470.0,78380.0,24,-0.1146935134446303,-0.004778896393526262,150.0,-1.0,10059.0,10082.0,2025-06-20 11:00:00,2025-06-20 14:55:00,78140.0,77990.0,24.0,-0.1919631430765345,-0.007998464294855604,14859.0,,619.125,,27610.0,0.0,1150.4166666666667,0.0,0.5381745744295545,,0.5381745744295545,,45.83333333333333,54.166666666666664,0.0,False,True,,,2025-06-20 21:00:00,78470.0,0,1,2025-06-20 22:45:00,78360.0,2025-06-20 22:40:00,78340.0,3,2,0.32046363993594384,46.67053684123131,
CU:5m:1:-1:10092:10096:2,CU,15m,3368,2025-06-20 23:00:00,0.0,-1,-1,CHoCH,-1,78410.0,170.0,CHoCH,-1,78220.0,16.0,10,7,4,2,current_internal_high,internal,0.0,2.0,78520.0,78520.0,78520.0,0.17861699413115592,current_internal_low,internal,0.0,3.0,77920.0,77920.0,77920.0,0.5868844092880837,78350.0,78410.0,78340.0,78380.0,470.0,162537.0,0,0,0,0,0,0,,78520.0,2.0,above,0.17861699413115592,78480.0,False,,77920.0,3.0,below,0.5868844092880837,78220.0,False,,78870.0,20.0,above,0.6251594794590457,79470.0,False,,77810.0,112.0,below,0.7272263332482776,78410.0,False,,0,0,-0.00021654602491915693,-44,NONE,0.004992317697528221,-0.0026620566330729577,0.003871854814888695,0.9759750589208602,-0.00021654602491915693,-0.009528025096442905,0.0001726135012340979,-0.005325936105303519,-0.007587127767625823,77990.6459181412,0.49923176975282213,0.05105948429919849,-1.306050319584679,,48,-1,3325,3368,2025-06-19 13:45:00,2025-06-20 22:45:00,78400.0,78380.0,44,-0.025510204081635734,-0.0005797773654917213,47.0,1.0,3248.0,3324.0,2025-06-16 23:45:00,2025-06-19 13:30:00,78710.0,78510.0,77.0,-0.25409731927328316,-0.0032999651853673137,98323.0,,2234.6136363636365,,147632.0,0.0,1917.2987012987012,0.0,1.16550104313428,,0.6660005960767313,,0.0,45.45454545454545,54.54545454545454,False,False,2025-06-20 14:45:00,77990.0,,,1,0,2025-06-20 21:00:00,78470.0,2025-06-20 10:00:00,78300.0,3,2,1.454459971581897,95.39446837106456,
CU:5m:1:-1:10092:10096:2,CU,1h,980,2025-06-20 23:00:00,0.0,1,-1,CHoCH,1,78630.0,100.0,CHoCH,-1,78360.0,11.0,8,5,2,1,active_bear_internal_ob,internal,-1.0,11.0,78660.0,78870.0,78765.0,0.35723398826231184,current_internal_low,internal,0.0,22.0,78360.0,78360.0,78360.0,0.025516713447307986,78420.0,78420.0,78310.0,78380.0,2331.0,162537.0,0,0,0,0,0,0,,78870.0,15.0,above,0.6251594794590457,78730.0,False,,78360.0,22.0,below,0.025516713447307986,77810.0,True,11.0,79470.0,30.0,above,1.3906608828782852,78630.0,False,,77390.0,70.0,below,1.2630773156417454,77520.0,False,,0,0,-0.0002002286547161014,-50,NONE,0.00201690303113515,0.003890414911924662,0.004632644844325917,0.34295372107330635,-0.0002002286547161014,-0.01001143273580507,-8.916775725154036e-05,-4.535015695417144e-06,0.0009638313856155101,78222.23334047344,0.201690303113515,-0.05100739607243332,-1.1746385726887199,,14,-1,931,980,2025-06-13 11:00:00,2025-06-20 22:00:00,78330.0,78380.0,50,0.06383250351078562,0.0012766500702157124,13.0,1.0,880.0,930.0,2025-06-05 21:00:00,2025-06-13 10:00:00,78890.0,78590.0,51.0,-0.3802763341361426,-0.007456398708551816,389008.0,,7780.16,,485721.0,0.0,9523.941176470587,0.0,0.8169055074826908,,0.8008877524340104,,40.0,28.000000000000004,32.0,False,False,2025-06-20 21:00:00,78420.0,2025-06-20 10:00:00,78150.0,3,2,2025-06-20 21:00:00,78420.0,2025-06-18 21:00:00,78570.0,2,1,1.1907842606006411,168.3708092157888,4.0
CU:5m:1:-1:10092:10096:2,CU,4h,433,2025-06-20 15:00:00,480.0,1,-1,CHoCH,1,79090.0,35.0,CHoCH,-1,78360.0,4.0,3,3,1,1,active_bear_internal_ob,internal,-1.0,21.0,78570.0,78880.0,78725.0,0.24240877774942587,current_internal_low,internal,0.0,6.0,78360.0,78360.0,78360.0,0.025516713447307986,78120.0,78130.0,77920.0,77990.0,20622.0,166882.0,0,0,0,0,0,0,,78870.0,3.0,above,0.6251594794590457,78730.0,False,,78360.0,6.0,below,0.025516713447307986,77810.0,True,4.0,79090.0,51.0,above,0.9058433273794335,83320.0,True,35.0,77390.0,2.0,below,1.2630773156417454,71320.0,False,,0,0,0.00017764298282014655,44,NONE,-0.002963500883669942,0.008106013444421151,0.005720715616926101,0.02649590281510822,0.00017764298282014655,0.007816291244086448,-1.7304127188366714e-05,0.0006423263125703293,0.0015559442996135875,78221.81040425527,-0.29635008836699417,-0.16641065028162316,0.5094757648537691,,7,1,390,433,2025-06-05 21:00:00,2025-06-20 13:30:00,78620.0,77990.0,44,-0.8013228186212196,-0.018211882241391354,6.0,-1.0,381.0,389.0,2025-06-03 13:30:00,2025-06-05 13:30:00,77650.0,78170.0,9.0,0.6696716033483652,0.07440795592759614,859870.0,,19542.5,,210538.0,0.0,23393.11111111111,0.0,0.8353955105491646,,4.084155829351471,,36.36363636363637,50.0,13.636363636363635,True,True,2025-06-13 21:00:00,78440.0,2025-06-20 09:00:00,78120.0,1,2,2025-06-18 00:00:00,78560.0,2025-06-19 13:30:00,78310.0,3,4,0.7057372475570346,251.11473030353238,
CU:5m:1:-1:10092:10096:3,CU,5m,10127,2025-06-21 00:45:00,0.0,-1,-1,CHoCH,-1,78360.0,148.0,BOS,-1,78310.0,14.0,16,15,10,5,active_bear_internal_ob,internal,-1.0,14.0,78370.0,78410.0,78390.0,0.012761613067891782,current_internal_low,internal,0.0,9.0,78260.0,78260.0,78260.0,0.1276161306789178,78380.0,78400.0,78360.0,78360.0,162.0,162439.0,1,0,0,0,0,1,current_swing_low,78410.0,13.0,above,0.0638080653394589,78430.0,False,,78260.0,9.0,below,0.1276161306789178,78310.0,False,,78870.0,181.0,above,0.6508422664624809,78730.0,False,,78360.0,255.0,overlap,0.0,77810.0,True,148.0,0,0,-5.392833075721112e-06,45,NONE,-0.0017723594861908522,-0.0017528460513067676,0.00047517284450375626,0.4836216509277522,-5.392833075721112e-06,-0.00024267748840745007,-2.2285497411567157e-05,-4.035288982184859e-05,-0.00011634253466874522,78499.1286753655,-0.1772359486190852,-0.02551671344730444,0.1902814409743165,,151,1,10083,10127,2025-06-20 21:00:00,2025-06-21 00:40:00,78470.0,78360.0,45,-0.1401809608767679,-0.0031151324639281754,150.0,-1.0,10059.0,10082.0,2025-06-20 11:00:00,2025-06-20 14:55:00,78140.0,77990.0,24.0,-0.1919631430765345,-0.007998464294855604,17689.0,,393.0888888888889,,27610.0,0.0,1150.4166666666667,0.0,0.34169262344561147,,0.6406736689605216,,24.444444444444443,75.55555555555556,0.0,False,True,,,2025-06-20 21:00:00,78470.0,0,1,2025-06-21 00:20:00,78360.0,2025-06-21 00:15:00,78350.0,6,5,0.2710864677188902,33.85903313562916,
CU:5m:1:-1:10092:10096:3,CU,15m,3375,2025-06-21 00:45:00,0.0,-1,-1,CHoCH,-1,78410.0,177.0,CHoCH,-1,78220.0,23.0,10,7,4,2,current_internal_high,internal,0.0,9.0,78520.0,78520.0,78520.0,0.20418580908626852,current_internal_low,internal,0.0,10.0,77920.0,77920.0,77920.0,0.5615109749872383,78370.0,78400.0,78350.0,78360.0,309.0,162439.0,0,0,0,0,0,0,,78520.0,9.0,above,0.20418580908626852,78480.0,False,,77920.0,10.0,below,0.5615109749872383,78220.0,False,,78870.0,27.0,above,0.6508422664624809,79470.0,False,,77810.0,119.0,below,0.701888718734048,78410.0,False,,-1,-1,-0.00018386418174535824,-51,DOWN_CONFIRMED,0.004582774318853815,-0.0016718677316188842,0.0043723025009363495,0.9237152939208408,-0.00018386418174535824,-0.00937707326901327,0.0001186714358138996,0.00023466884690326317,-0.005755646538830206,78002.5319995469,0.4582774318853815,-0.012759984688015535,-0.7264770757473491,,48,-1,3325,3375,2025-06-19 13:45:00,2025-06-21 00:30:00,78400.0,78360.0,51,-0.05102040816326037,-0.0010004001600639287,47.0,1.0,3248.0,3324.0,2025-06-16 23:45:00,2025-06-19 13:30:00,78710.0,78510.0,77.0,-0.25409731927328316,-0.0032999651853673137,101153.0,,1983.3921568627452,,147632.0,0.0,1917.2987012987012,0.0,1.0344721745856684,,0.6851698818684296,,0.0,52.94117647058824,47.05882352941176,False,False,2025-06-20 14:45:00,77990.0,,,1,0,2025-06-20 21:00:00,78470.0,2025-06-20 10:00:00,78300.0,3,2,2.6152203420438114,80.12296944694778,
CU:5m:1:-1:10092:10096:3,CU,1h,981,2025-06-21 00:00:00,45.0,1,-1,CHoCH,1,78630.0,101.0,CHoCH,-1,78360.0,12.0,8,5,2,1,active_bear_internal_ob,internal,-1.0,12.0,78660.0,78870.0,78765.0,0.38284839203675347,active_bull_internal_ob,internal,1.0,119.0,77390.0,77720.0,77555.0,0.8167432363450741,78380.0,78410.0,78260.0,78360.0,2061.0,162484.0,1,0,0,0,1,0,current_internal_low,78870.0,16.0,above,0.6508422664624809,78730.0,False,,78360.0,23.0,overlap,0.0,77810.0,True,12.0,79470.0,31.0,above,1.4165390505359876,78630.0,False,,77390.0,71.0,below,1.237876467585503,77520.0,False,,-1,-1,-0.00019603748120846165,-51,DOWN_CONFIRMED,0.0017475394519070476,0.0038483977460419642,0.004596613822656445,0.3238194343152925,-0.00019603748120846165,-0.009997911541631543,-4.3147353236738795e-05,1.1944587363865722e-05,0.0007308123811984313,78223.3016942309,0.17475394519070475,-0.02551671344730444,-1.120092766131279,,14,-1,931,981,2025-06-13 11:00:00,2025-06-20 23:00:00,78330.0,78360.0,51,0.03829950210647581,0.0007509706295387415,13.0,1.0,880.0,930.0,2025-06-05 21:00:00,2025-06-13 10:00:00,78890.0,78590.0,51.0,-0.3802763341361426,-0.007456398708551816,391069.0,,7668.019607843137,,485721.0,0.0,9523.941176470587,0.0,0.8051309290724511,,0.8051309290724511,,39.21568627450981,29.411764705882355,31.372549019607842,False,False,2025-06-20 21:00:00,78420.0,2025-06-20 10:00:00,78150.0,3,2,2025-06-20 21:00:00,78420.0,2025-06-18 21:00:00,78570.0,2,1,1.1944227509705858,167.05860855751817,4.0
CU:5m:1:-1:10092:10096:3,CU,4h,434,2025-06-21 00:00:00,45.0,1,-1,CHoCH,1,79090.0,36.0,CHoCH,-1,78360.0,5.0,3,3,1,1,active_bear_internal_ob,internal,-1.0,22.0,78570.0,78880.0,78725.0,0.2679938744257274,active_bull_internal_ob,internal,1.0,126.0,77160.0,77970.0,77565.0,0.49770290964777947,78480.0,78520.0,78260.0,78360.0,16920.0,162484.0,1,0,0,0,1,0,current_internal_low,78870.0,4.0,above,0.6508422664624809,78730.0,False,,78360.0,7.0,overlap,0.0,77810.0,True,5.0,79090.0,52.0,above,0.9315977539561001,83320.0,True,36.0,77390.0,3.0,below,1.237876467585503,71320.0,False,,0,0,0.00017493414764335253,45,NONE,0.001711229945279259,0.007963907144440221,0.005734795070342892,0.13778935066059794,0.00017493414764335253,0.007872036643950864,-2.04690372553884e-05,0.0005215467450783162,0.0015545153109779442,78226.13709170515,0.1711229945279259,0.4744197974099196,0.14609615228276587,,7,1,390,434,2025-06-05 21:00:00,2025-06-20 21:00:00,78620.0,78360.0,45,-0.33070465530399273,-0.0073489923400887275,6.0,-1.0,381.0,389.0,2025-06-03 13:30:00,2025-06-05 13:30:00,77650.0,78170.0,9.0,0.6696716033483652,0.07440795592759614,876790.0,,19484.222222222223,,210538.0,0.0,23393.11111111111,0.0,0.8329042738128035,,4.164521369064017,,35.55555555555556,48.888888888888886,15.555555555555555,True,False,2025-06-20 21:00:00,78360.0,2025-06-20 09:00:00,78120.0,2,2,2025-06-18 00:00:00,78560.0,2025-06-19 13:30:00,78310.0,3,4,0.7200981837597741,271.03510671042295,
CU:5m:1:-1:10092:10096:4,CU,5m,10130,2025-06-21 01:00:00,0.0,-1,-1,CHoCH,-1,78360.0,151.0,BOS,-1,78310.0,17.0,16,15,10,5,active_bear_internal_ob,internal,-1.0,34.0,78400.0,78430.0,78415.0,0.025516713447307986,current_internal_low,internal,0.0,12.0,78260.0,78260.0,78260.0,0.1531002806838479,78360.0,78400.0,78340.0,78380.0,331.0,162379.0,1,1,0,1,1,0,active_bear_internal_ob,78410.0,16.0,above,0.038275070170961975,78430.0,False,,78260.0,12.0,below,0.1531002806838479,78310.0,False,,78870.0,184.0,above,0.6251594794590457,78730.0,False,,77920.0,0.0,below,0.5868844092880837,78360.0,False,,0,0,-5.6458467996636785e-06,48,NONE,-0.0014892917467993294,-0.0017504877721228813,0.000462110680218225,0.7140392767528418,-5.6458467996636785e-06,-0.00027100064638385657,-4.0106318518584594e-05,-5.361676547854799e-05,-0.00013847446742099034,78496.9047924567,-0.14892917467993294,0.02552322613578184,1.2835592089756684,,151,1,10083,10130,2025-06-20 21:00:00,2025-06-21 00:55:00,78470.0,78380.0,48,-0.1146935134446303,-0.002389448196763131,150.0,-1.0,10059.0,10082.0,2025-06-20 11:00:00,2025-06-20 14:55:00,78140.0,77990.0,24.0,-0.1919631430765345,-0.007998464294855604,18246.0,,380.125,,27610.0,0.0,1150.4166666666667,0.0,0.3304237595074248,,0.6608475190148497,,22.916666666666664,77.08333333333334,0.0,True,True,,,2025-06-20 21:00:00,78470.0,0,1,2025-06-21 00:50:00,78360.0,2025-06-21 00:45:00,78350.0,7,6,0.263989664810858,35.23261508709084,
CU:5m:1:-1:10092:10096:4,CU,15m,3376,2025-06-21 01:00:00,0.0,-1,-1,CHoCH,-1,78410.0,178.0,CHoCH,-1,78220.0,24.0,10,7,4,2,current_internal_high,internal,0.0,10.0,78520.0,78520.0,78520.0,0.17861699413115592,current_internal_low,internal,0.0,0.0,78260.0,78260.0,78260.0,0.1531002806838479,78370.0,78400.0,78340.0,78380.0,557.0,162379.0,0,0,0,0,0,0,,78520.0,10.0,above,0.17861699413115592,78480.0,False,,78260.0,0.0,below,0.1531002806838479,77920.0,False,,78870.0,28.0,above,0.6251594794590457,79470.0,False,,77810.0,120.0,below,0.7272263332482776,78410.0,False,,-1,-1,-0.00017962065011919564,-52,DOWN_CONFIRMED,0.004801850073434215,-0.001547373158444786,0.004420388876534069,0.9245485384645038,-0.00017962065011919564,-0.009340273806198174,0.00010558058204668264,0.0002499890772205138,-0.005514748592871821,78005.42962204113,0.4801850073434215,0.02552322613578184,-0.5256566493879052,,48,-1,3325,3376,2025-06-19 13:45:00,2025-06-21 00:45:00,78400.0,78380.0,52,-0.025510204081635734,-0.0004905808477237641,47.0,1.0,3248.0,3324.0,2025-06-16 23:45:00,2025-06-19 13:30:00,78710.0,78510.0,77.0,-0.25409731927328316,-0.0032999651853673137,101710.0,,1955.9615384615386,,147632.0,0.0,1917.2987012987012,0.0,1.0201652654000384,,0.6889427766337921,,0.0,53.84615384615385,46.15384615384615,False,False,2025-06-20 14:45:00,77990.0,,,1,0,2025-06-20 21:00:00,78470.0,2025-06-20 10:00:00,78300.0,3,2,2.856705153769668,78.68561448645151,
CU:5m:1:-1:10092:10096:4,CU,1h,982,2025-06-21 01:00:00,0.0,1,-1,CHoCH,1,78630.0,102.0,CHoCH,-1,78360.0,13.0,8,5,2,1,active_bear_internal_ob,internal,-1.0,13.0,78660.0,78870.0,78765.0,0.35723398826231184,current_internal_low,internal,0.0,24.0,78360.0,78360.0,78360.0,0.025516713447307986,78360.0,78400.0,78340.0,78380.0,1326.0,162379.0,0,0,0,0,0,0,,78870.0,17.0,above,0.6251594794590457,78730.0,False,,78360.0,24.0,below,0.025516713447307986,77810.0,True,13.0,79470.0,32.0,above,1.3906608828782852,78630.0,False,,77390.0,72.0,below,1.2630773156417454,77520.0,False,,-1,-1,-0.00019205421386252945,-52,DOWN_CONFIRMED,0.001991990980765987,0.0038126976159405033,0.004559334808267142,0.3448228133195715,-0.00019205421386252945,-0.009986819120851531,5.127592996889696e-05,1.920501412810971e-05,0.0006551991916001754,78224.17814266199,0.1991990980765987,0.02552322613578184,-1.2229316393402747,,14,-1,931,982,2025-06-13 11:00:00,2025-06-21 00:00:00,78330.0,78380.0,52,0.06383250351078562,0.0012275481444381851,13.0,1.0,880.0,930.0,2025-06-05 21:00:00,2025-06-13 10:00:00,78890.0,78590.0,51.0,-0.3802763341361426,-0.007456398708551816,392395.0,,7546.057692307692,,485721.0,0.0,9523.941176470587,0.0,0.7923251049629156,,0.8078608913347375,,38.46153846153847,30.76923076923077,30.76923076923077,False,False,2025-06-20 21:00:00,78420.0,2025-06-20 10:00:00,78150.0,3,2,2025-06-20 21:00:00,78420.0,2025-06-18 21:00:00,78570.0,2,1,1.1958291130156833,159.41156508912403,4.0
CU:5m:1:-1:10092:10096:4,CU,4h,435,2025-06-21 01:00:00,0.0,1,-1,CHoCH,1,79090.0,37.0,CHoCH,-1,78360.0,6.0,3,3,1,1,active_bear_internal_ob,internal,-1.0,23.0,78570.0,78880.0,78725.0,0.24240877774942587,current_internal_low,internal,0.0,8.0,78360.0,78360.0,78360.0,0.025516713447307986,78360.0,78400.0,78340.0,78380.0,1326.0,162379.0,0,0,0,0,0,0,,78870.0,5.0,above,0.6251594794590457,78730.0,False,,78360.0,8.0,below,0.025516713447307986,77810.0,True,6.0,79090.0,53.0,above,0.9058433273794335,83320.0,True,37.0,77390.0,4.0,below,1.2630773156417454,71320.0,False,,0,0,0.00017122251693435508,46,NONE,0.0019627244528850384,0.007833446651145543,0.005739234968125753,0.15317514455839987,0.00017122251693435508,0.007876235778980334,-2.382554187063679e-05,0.0003249835061693851,0.0015401834924613222,78226.46300819112,0.19627244528850385,0.02552322613578184,-1.611854146492863,,7,1,390,435,2025-06-05 21:00:00,2025-06-21 00:00:00,78620.0,78380.0,46,-0.3052658356652249,-0.006636213818809238,6.0,-1.0,381.0,389.0,2025-06-03 13:30:00,2025-06-05 13:30:00,77650.0,78170.0,9.0,0.6696716033483652,0.07440795592759614,878116.0,,19089.478260869564,,210538.0,0.0,23393.11111111111,0.0,0.8160299059923913,,4.170819519516667,,34.78260869565217,50.0,15.217391304347828,True,False,2025-06-20 21:00:00,78360.0,2025-06-20 09:00:00,78120.0,2,2,2025-06-21 00:00:00,78380.0,2025-06-19 13:30:00,78310.0,4,4,0.7326576951011038,255.9611705168213,
CU:5m:1:-1:10106:10113:1,CU,5m,10118,2025-06-21 00:00:00,0.0,-1,-1,CHoCH,-1,78360.0,139.0,BOS,-1,78310.0,5.0,16,15,10,5,active_bear_internal_ob,internal,-1.0,5.0,78370.0,78410.0,78390.0,0.012761613067891782,current_internal_low,internal,0.0,0.0,78260.0,78260.0,78260.0,0.1276161306789178,78340.0,78370.0,78340.0,78360.0,190.0,162484.0,1,0,0,0,0,1,current_swing_low,78410.0,4.0,above,0.0638080653394589,78430.0,False,,78260.0,0.0,below,0.1276161306789178,78310.0,False,,78870.0,172.0,above,0.6508422664624809,78730.0,False,,78360.0,246.0,overlap,0.0,77810.0,True,139.0,0,0,-5.825429408557521e-06,36,NONE,-0.0018052699971671218,-0.0017472918845151165,0.0005279024696027063,0.4562731625436095,-5.825429408557521e-06,-0.00020971545870807073,-3.5503052339014296e-05,-8.109390817323536e-05,-0.00012120206955446022,78501.71679405442,-0.18052699971671218,0.012763241863433805,0.10848110009319814,,151,1,10083,10118,2025-06-20 21:00:00,2025-06-20 23:55:00,78470.0,78360.0,36,-0.1401809608767679,-0.0038939155799102196,150.0,-1.0,10059.0,10082.0,2025-06-20 11:00:00,2025-06-20 14:55:00,78140.0,77990.0,24.0,-0.1919631430765345,-0.007998464294855604,16920.0,,470.0,,27610.0,0.0,1150.4166666666667,0.0,0.4085476276711336,,0.6128214415067005,,30.555555555555557,69.44444444444444,0.0,True,True,,,2025-06-20 21:00:00,78470.0,0,1,2025-06-20 23:55:00,78360.0,2025-06-20 23:20:00,78350.0,4,3,0.3021260925441786,41.042888213506615,
CU:5m:1:-1:10106:10113:1,CU,15m,3372,2025-06-21 00:00:00,0.0,-1,-1,CHoCH,-1,78410.0,174.0,CHoCH,-1,78220.0,20.0,10,7,4,2,current_internal_high,internal,0.0,6.0,78520.0,78520.0,78520.0,0.20418580908626852,current_internal_low,internal,0.0,7.0,77920.0,77920.0,77920.0,0.5615109749872383,78300.0,78370.0,78280.0,78360.0,381.0,162484.0,0,0,0,0,0,0,,78520.0,6.0,above,0.20418580908626852,78480.0,False,,77920.0,7.0,below,0.5615109749872383,78220.0,False,,78870.0,24.0,above,0.6508422664624809,79470.0,False,,77810.0,116.0,below,0.701888718734048,78410.0,False,,0,0,-0.00019634228110213905,-48,NONE,0.004630800181990919,-0.002066576390843904,0.00420274650783263,0.9444839660620014,-0.00019634228110213905,-0.009424429492902675,0.00013055066465161858,0.00032380045314028827,-0.006661283727435352,77998.8031282785,0.4630800181990919,0.06384880602732235,-0.93296994264618,,48,-1,3325,3372,2025-06-19 13:45:00,2025-06-20 23:45:00,78400.0,78360.0,48,-0.05102040816326037,-0.0010629251700679243,47.0,1.0,3248.0,3324.0,2025-06-16 23:45:00,2025-06-19 13:30:00,78710.0,78510.0,77.0,-0.25409731927328316,-0.0032999651853673137,100384.0,,2091.3333333333335,,147632.0,0.0,1917.2987012987012,0.0,1.0907707452765436,,0.6799609840684946,,0.0,50.0,50.0,True,False,2025-06-20 14:45:00,77990.0,,,1,0,2025-06-20 21:00:00,78470.0,2025-06-20 10:00:00,78300.0,3,2,2.033675854642084,89.16132369705268,
CU:5m:1:-1:10106:10113:1,CU,1h,981,2025-06-21 00:00:00,0.0,1,-1,CHoCH,1,78630.0,101.0,CHoCH,-1,78360.0,12.0,8,5,2,1,active_bear_internal_ob,internal,-1.0,12.0,78660.0,78870.0,78765.0,0.38284839203675347,active_bull_internal_ob,internal,1.0,119.0,77390.0,77720.0,77555.0,0.8167432363450741,78380.0,78410.0,78260.0,78360.0,2061.0,162484.0,1,0,0,0,1,0,current_internal_low,78870.0,16.0,above,0.6508422664624809,78730.0,False,,78360.0,23.0,overlap,0.0,77810.0,True,12.0,79470.0,31.0,above,1.4165390505359876,78630.0,False,,77390.0,71.0,below,1.237876467585503,77520.0,False,,-1,-1,-0.00019603748120846165,-51,DOWN_CONFIRMED,0.0017475394519070476,0.0038483977460419642,0.004596613822656445,0.3238194343152925,-0.00019603748120846165,-0.009997911541631543,-4.3147353236738795e-05,1.1944587363865722e-05,0.0007308123811984313,78223.3016942309,0.17475394519070475,-0.02551671344730444,-1.120092766131279,,14,-1,931,981,2025-06-13 11:00:00,2025-06-20 23:00:00,78330.0,78360.0,51,0.03829950210647581,0.0007509706295387415,13.0,1.0,880.0,930.0,2025-06-05 21:00:00,2025-06-13 10:00:00,78890.0,78590.0,51.0,-0.3802763341361426,-0.007456398708551816,391069.0,,7668.019607843137,,485721.0,0.0,9523.941176470587,0.0,0.8051309290724511,,0.8051309290724511,,39.21568627450981,29.411764705882355,31.372549019607842,False,False,2025-06-20 21:00:00,78420.0,2025-06-20 10:00:00,78150.0,3,2,2025-06-20 21:00:00,78420.0,2025-06-18 21:00:00,78570.0,2,1,1.1944227509705858,167.05860855751817,4.0
CU:5m:1:-1:10106:10113:1,CU,4h,434,2025-06-21 00:00:00,0.0,1,-1,CHoCH,1,79090.0,36.0,CHoCH,-1,78360.0,5.0,3,3,1,1,active_bear_internal_ob,internal,-1.0,22.0,78570.0,78880.0,78725.0,0.2679938744257274,active_bull_internal_ob,internal,1.0,126.0,77160.0,77970.0,77565.0,0.49770290964777947,78480.0,78520.0,78260.0,78360.0,16920.0,162484.0,1,0,0,0,1,0,current_internal_low,78870.0,4.0,above,0.6508422664624809,78730.0,False,,78360.0,7.0,overlap,0.0,77810.0,True,5.0,79090.0,52.0,above,0.9315977539561001,83320.0,True,36.0,77390.0,3.0,below,1.237876467585503,71320.0,False,,0,0,0.00017493414764335253,45,NONE,0.001711229945279259,0.007963907144440221,0.005734795070342892,0.13778935066059794,0.00017493414764335253,0.007872036643950864,-2.04690372553884e-05,0.0005215467450783162,0.0015545153109779442,78226.13709170515,0.1711229945279259,0.4744197974099196,0.14609615228276587,,7,1,390,434,2025-06-05 21:00:00,2025-06-20 21:00:00,78620.0,78360.0,45,-0.33070465530399273,-0.0073489923400887275,6.0,-1.0,381.0,389.0,2025-06-03 13:30:00,2025-06-05 13:30:00,77650.0,78170.0,9.0,0.6696716033483652,0.07440795592759614,876790.0,,19484.222222222223,,210538.0,0.0,23393.11111111111,0.0,0.8329042738128035,,4.164521369064017,,35.55555555555556,48.888888888888886,15.555555555555555,True,False,2025-06-20 21:00:00,78360.0,2025-06-20 09:00:00,78120.0,2,2,2025-06-18 00:00:00,78560.0,2025-06-19 13:30:00,78310.0,3,4,0.7200981837597741,271.03510671042295,
CU:5m:1:-1:10106:10113:2,CU,5m,10124,2025-06-21 00:30:00,0.0,-1,-1,CHoCH,-1,78360.0,145.0,BOS,-1,78310.0,11.0,16,15,10,5,active_bear_internal_ob,internal,-1.0,28.0,78400.0,78430.0,78415.0,0.03827995406405512,current_swing_low,swing,0.0,252.0,78360.0,78360.0,78360.0,0.012759984688018373,78370.0,78390.0,78360.0,78370.0,160.0,162455.0,1,1,0,1,1,0,active_bear_internal_ob,78410.0,10.0,above,0.051039938752073494,78430.0,False,,78260.0,6.0,below,0.14035983156820211,78310.0,False,,78870.0,178.0,above,0.6379992344009188,78730.0,False,,78360.0,252.0,below,0.012759984688018373,77810.0,True,145.0,0,0,-5.452835549915999e-06,42,NONE,-0.0016586085884415908,-0.001757064506670016,0.0004905401486817935,0.5795370151697914,-5.452835549915999e-06,-0.00022901909309647195,-1.464575949639002e-05,-4.345231824787188e-05,-0.0001136510133898927,78500.20110775171,-0.16586085884415908,0.01276161306789092,0.11042805707224011,,151,1,10083,10124,2025-06-20 21:00:00,2025-06-21 00:25:00,78470.0,78370.0,42,-0.1274372371606991,-0.003034219932397598,150.0,-1.0,10059.0,10082.0,2025-06-20 11:00:00,2025-06-20 14:55:00,78140.0,77990.0,24.0,-0.1919631430765345,-0.007998464294855604,17380.0,,413.8095238095238,,27610.0,0.0,1150.4166666666667,0.0,0.3597040409789413,,0.6294820717131474,,26.190476190476193,73.80952380952381,0.0,False,True,,,2025-06-20 21:00:00,78470.0,0,1,2025-06-21 00:20:00,78360.0,2025-06-21 00:15:00,78350.0,6,5,0.2791816389322347,34.69694443521457,
CU:5m:1:-1:10106:10113:2,CU,15m,3374,2025-06-21 00:30:00,0.0,-1,-1,CHoCH,-1,78410.0,176.0,CHoCH,-1,78220.0,22.0,10,7,4,2,current_internal_high,internal,0.0,8.0,78520.0,78520.0,78520.0,0.1913997703202756,current_internal_low,internal,0.0,9.0,77920.0,77920.0,77920.0,0.5741993109608269,78350.0,78390.0,78340.0,78370.0,220.0,162455.0,0,0,0,0,0,0,,78520.0,8.0,above,0.1913997703202756,78480.0,False,,77920.0,9.0,below,0.5741993109608269,78220.0,False,,78870.0,26.0,above,0.6379992344009188,79470.0,False,,77810.0,118.0,below,0.714559142529029,78410.0,False,,0,0,-0.00018793705548188376,-50,NONE,0.004731036483423362,-0.0017969605726283382,0.00432450119440676,0.934419270058726,-0.00018793705548188376,-0.009396852774094189,0.00011640420851244393,0.0002492130409394999,-0.006195329512121206,78000.97454369122,0.4731036483423362,0.01276161306789092,-0.8380972673982268,,48,-1,3325,3374,2025-06-19 13:45:00,2025-06-21 00:15:00,78400.0,78370.0,50,-0.0382653061224536,-0.000765306122449072,47.0,1.0,3248.0,3324.0,2025-06-16 23:45:00,2025-06-19 13:30:00,78710.0,78510.0,77.0,-0.25409731927328316,-0.0032999651853673137,100844.0,,2016.88,,147632.0,0.0,1917.2987012987012,0.0,1.0519383331527041,,0.683076839709548,,0.0,52.0,48.0,False,False,2025-06-20 14:45:00,77990.0,,,1,0,2025-06-20 21:00:00,78470.0,2025-06-20 10:00:00,78300.0,3,2,2.4065643177031397,82.44012094286684,
CU:5m:1:-1:10106:10113:2,CU,1h,981,2025-06-21 00:00:00,30.0,1,-1,CHoCH,1,78630.0,101.0,CHoCH,-1,78360.0,12.0,8,5,2,1,active_bear_internal_ob,internal,-1.0,12.0,78660.0,78870.0,78765.0,0.37003955595253285,current_internal_low,internal,0.0,23.0,78360.0,78360.0,78360.0,0.012759984688018373,78380.0,78410.0,78260.0,78360.0,2061.0,162484.0,0,0,0,0,0,0,,78870.0,16.0,above,0.6379992344009188,78730.0,False,,78360.0,23.0,below,0.012759984688018373,77810.0,True,12.0,79470.0,31.0,above,1.403598315682021,78630.0,False,,77390.0,71.0,below,1.2504784994258007,77520.0,False,,-1,-1,-0.00019603748120846165,-51,DOWN_CONFIRMED,0.0017475394519070476,0.0038483977460419642,0.004596613822656445,0.3238194343152925,-0.00019603748120846165,-0.009997911541631543,-4.3147353236738795e-05,1.1944587363865722e-05,0.0007308123811984313,78223.3016942309,0.17475394519070475,-0.02551671344730444,-1.120092766131279,,14,-1,931,981,2025-06-13 11:00:00,2025-06-20 23:00:00,78330.0,78360.0,51,0.03829950210647581,0.0007509706295387415,13.0,1.0,880.0,930.0,2025-06-05 21:00:00,2025-06-13 10:00:00,78890.0,78590.0,51.0,-0.3802763341361426,-0.007456398708551816,391069.0,,7668.019607843137,,485721.0,0.0,9523.941176470587,0.0,0.8051309290724511,,0.8051309290724511,,39.21568627450981,29.411764705882355,31.372549019607842,False,False,2025-06-20 21:00:00,78420.0,2025-06-20 10:00:00,78150.0,3,2,2025-06-20 21:00:00,78420.0,2025-06-18 21:00:00,78570.0,2,1,1.1944227509705858,167.05860855751817,4.0
CU:5m:1:-1:10106:10113:2,CU,4h,434,2025-06-21 00:00:00,30.0,1,-1,CHoCH,1,79090.0,36.0,CHoCH,-1,78360.0,5.0,3,3,1,1,active_bear_internal_ob,internal,-1.0,22.0,78570.0,78880.0,78725.0,0.2551996937603675,current_internal_low,internal,0.0,7.0,78360.0,78360.0,78360.0,0.012759984688018373,78480.0,78520.0,78260.0,78360.0,16920.0,162484.0,0,0,0,0,0,0,,78870.0,4.0,above,0.6379992344009188,78730.0,False,,78360.0,7.0,below,0.012759984688018373,77810.0,True,5.0,79090.0,52.0,above,0.9187188975373229,83320.0,True,36.0,77390.0,3.0,below,1.2504784994258007,71320.0,False,,0,0,0.00017493414764335253,45,NONE,0.001711229945279259,0.007963907144440221,0.005734795070342892,0.13778935066059794,0.00017493414764335253,0.007872036643950864,-2.04690372553884e-05,0.0005215467450783162,0.0015545153109779442,78226.13709170515,0.1711229945279259,0.4744197974099196,0.14609615228276587,,7,1,390,434,2025-06-05 21:00:00,2025-06-20 21:00:00,78620.0,78360.0,45,-0.33070465530399273,-0.0073489923400887275,6.0,-1.0,381.0,389.0,2025-06-03 13:30:00,2025-06-05 13:30:00,77650.0,78170.0,9.0,0.6696716033483652,0.07440795592759614,876790.0,,19484.222222222223,,210538.0,0.0,23393.11111111111,0.0,0.8329042738128035,,4.164521369064017,,35.55555555555556,48.888888888888886,15.555555555555555,True,False,2025-06-20 21:00:00,78360.0,2025-06-20 09:00:00,78120.0,2,2,2025-06-18 00:00:00,78560.0,2025-06-19 13:30:00,78310.0,3,4,0.7200981837597741,271.03510671042295,
CU:5m:1:1:10113:10131:1,CU,5m,10133,2025-06-23 09:15:00,0.0,-1,1,CHoCH,-1,78360.0,154.0,CHoCH,1,78410.0,2.0,17,13,10,5,current_internal_high,internal,0.0,19.0,78410.0,78410.0,78410.0,0.10213200561726031,active_bull_internal_ob,internal,1.0,2.0,78260.0,78320.0,78290.0,0.012766500702157539,78330.0,78360.0,78300.0,78330.0,736.0,161849.0,0,0,0,0,0,0,,78410.0,19.0,above,0.10213200561726031,78430.0,True,2.0,78260.0,15.0,below,0.08936550491510277,78310.0,False,,78520.0,0.0,above,0.24256351334099321,78870.0,False,,77920.0,3.0,below,0.5234265287884591,78360.0,False,,1,1,-8.224453547856166e-06,51,UP_CONFIRMED,-0.0019780665292782264,-0.0017338935457655751,0.0004808632667383875,0.3058036480203447,-8.224453547856166e-06,-0.00041944713094066444,-0.00017293560078712744,-0.0001970946231981685,-0.0002452712700949933,78485.24904417635,-0.19780665292782265,-0.012764871074799622,0.6738357781701939,,151,1,10083,10133,2025-06-20 21:00:00,2025-06-23 09:10:00,78470.0,78330.0,51,-0.1784121320249743,-0.003498277098528908,150.0,-1.0,10059.0,10082.0,2025-06-20 11:00:00,2025-06-20 14:55:00,78140.0,77990.0,24.0,-0.1919631430765345,-0.007998464294855604,22710.0,,445.29411764705884,,27610.0,0.0,1150.4166666666667,0.0,0.3870720327247161,,0.8225280695400218,,23.52941176470588,76.47058823529412,0.0,True,True,,,2025-06-20 21:00:00,78470.0,0,1,2025-06-21 00:50:00,78360.0,2025-06-23 09:05:00,78340.0,7,7,0.2773314820351727,47.98690063642078,
CU:5m:1:1:10113:10131:1,CU,15m,3377,2025-06-23 09:15:00,0.0,-1,-1,CHoCH,-1,78410.0,179.0,CHoCH,-1,78220.0,25.0,10,7,4,2,current_internal_high,internal,0.0,11.0,78520.0,78520.0,78520.0,0.24256351334099321,current_internal_low,internal,0.0,1.0,78260.0,78260.0,78260.0,0.08936550491510277,78380.0,78480.0,78300.0,78330.0,4464.0,161849.0,0,0,0,0,0,0,,78520.0,11.0,above,0.24256351334099321,78480.0,False,,78260.0,1.0,below,0.08936550491510277,77920.0,False,,78870.0,29.0,above,0.689391037916507,79470.0,False,,77810.0,121.0,below,0.663858036512192,78410.0,False,,-1,-1,-0.00017091241978507986,-53,DOWN_CONFIRMED,0.003875192721596402,-0.0014450605946704242,0.004440212876791321,0.8845799898566769,-0.00017091241978507986,-0.009058358248609233,0.00036955408067052,0.0005001529908532643,-0.005070923322139875,78027.62790426197,0.3875192721596402,-0.0637917836182722,1.5127956907306142,,48,-1,3325,3377,2025-06-19 13:45:00,2025-06-23 09:00:00,78400.0,78330.0,53,-0.08928571428571397,-0.0016846361185983768,47.0,1.0,3248.0,3324.0,2025-06-16 23:45:00,2025-06-19 13:30:00,78710.0,78510.0,77.0,-0.25409731927328316,-0.0032999651853673137,106174.0,,2003.2830188679245,,147632.0,0.0,1917.2987012987012,0.0,1.044846594592163,,0.7191801235504498,,0.0,54.71698113207547,45.28301886792453,True,False,2025-06-20 14:45:00,77990.0,,,1,0,2025-06-20 21:00:00,78470.0,2025-06-20 10:00:00,78300.0,3,2,3.0726828294726305,85.92235630884784,
CU:5m:1:1:10113:10131:1,CU,1h,982,2025-06-21 01:00:00,3375.0,1,-1,CHoCH,1,78630.0,102.0,CHoCH,-1,78360.0,13.0,8,5,2,1,current_internal_low,internal,0.0,24.0,78360.0,78360.0,78360.0,0.038299502106472615,active_bull_internal_ob,internal,1.0,120.0,77390.0,77720.0,77555.0,0.7787565428316099,78360.0,78400.0,78340.0,78380.0,1326.0,162379.0,0,0,0,0,0,0,,78870.0,17.0,above,0.689391037916507,78730.0,False,,78360.0,24.0,above,0.038299502106472615,77810.0,True,13.0,79470.0,32.0,above,1.4553810800459595,78630.0,False,,77390.0,72.0,below,1.2000510660028088,77520.0,False,,-1,-1,-0.00019205421386252945,-52,DOWN_CONFIRMED,0.001991990980765987,0.0038126976159405033,0.004559334808267142,0.3448228133195715,-0.00019205421386252945,-0.009986819120851531,5.127592996889696e-05,1.920501412810971e-05,0.0006551991916001754,78224.17814266199,0.1991990980765987,0.02552322613578184,-1.2229316393402747,,14,-1,931,982,2025-06-13 11:00:00,2025-06-21 00:00:00,78330.0,78380.0,52,0.06383250351078562,0.0012275481444381851,13.0,1.0,880.0,930.0,2025-06-05 21:00:00,2025-06-13 10:00:00,78890.0,78590.0,51.0,-0.3802763341361426,-0.007456398708551816,392395.0,,7546.057692307692,,485721.0,0.0,9523.941176470587,0.0,0.7923251049629156,,0.8078608913347375,,38.46153846153847,30.76923076923077,30.76923076923077,False,False,2025-06-20 21:00:00,78420.0,2025-06-20 10:00:00,78150.0,3,2,2025-06-20 21:00:00,78420.0,2025-06-18 21:00:00,78570.0,2,1,1.1958291130156833,159.41156508912403,4.0
CU:5m:1:1:10113:10131:1,CU,4h,435,2025-06-21 01:00:00,3375.0,1,-1,CHoCH,1,79090.0,37.0,CHoCH,-1,78360.0,6.0,3,3,1,1,current_internal_low,internal,0.0,8.0,78360.0,78360.0,78360.0,0.038299502106472615,active_bull_internal_ob,internal,1.0,127.0,77160.0,77970.0,77565.0,0.4595940252776714,78360.0,78400.0,78340.0,78380.0,1326.0,162379.0,0,0,0,0,0,0,,78870.0,5.0,above,0.689391037916507,78730.0,False,,78360.0,8.0,above,0.038299502106472615,77810.0,True,6.0,79090.0,53.0,above,0.9702540533639729,83320.0,True,37.0,77390.0,4.0,below,1.2000510660028088,71320.0,False,,0,0,0.00017122251693435508,46,NONE,0.0019627244528850384,0.007833446651145543,0.005739234968125753,0.15317514455839987,0.00017122251693435508,0.007876235778980334,-2.382554187063679e-05,0.0003249835061693851,0.0015401834924613222,78226.46300819112,0.19627244528850385,0.02552322613578184,-1.611854146492863,,7,1,390,435,2025-06-05 21:00:00,2025-06-21 00:00:00,78620.0,78380.0,46,-0.3052658356652249,-0.006636213818809238,6.0,-1.0,381.0,389.0,2025-06-03 13:30:00,2025-06-05 13:30:00,77650.0,78170.0,9.0,0.6696716033483652,0.07440795592759614,878116.0,,19089.478260869564,,210538.0,0.0,23393.11111111111,0.0,0.8160299059923913,,4.170819519516667,,34.78260869565217,50.0,15.217391304347828,True,False,2025-06-20 21:00:00,78360.0,2025-06-20 09:00:00,78120.0,2,2,2025-06-21 00:00:00,78380.0,2025-06-19 13:30:00,78310.0,4,4,0.7326576951011038,255.9611705168213,
CU:5m:1:-1:10131:10136:1,CU,5m,10160,2025-06-23 13:45:00,0.0,-1,1,CHoCH,-1,78360.0,181.0,CHoCH,1,78290.0,2.0,17,14,10,5,active_bear_internal_ob,internal,-1.0,184.0,78520.0,78570.0,78545.0,0.10198878123406425,current_internal_high,internal,0.0,11.0,78290.0,78290.0,78290.0,0.19122896481387047,78350.0,78440.0,78340.0,78440.0,1496.0,157522.0,1,1,0,1,1,0,active_bear_internal_ob,78290.0,11.0,below,0.19122896481387047,78480.0,True,2.0,78190.0,3.0,below,0.3187149413564508,78170.0,False,,78520.0,27.0,above,0.10198878123406425,78870.0,False,,77920.0,30.0,below,0.6629270780214177,78360.0,False,,0,0,-0.00012380141726866864,-26,NONE,0.002750852452861298,-9.151577841287973e-05,0.0017323984437300518,0.949571472493058,-0.00012380141726866864,-0.0032188368489853847,0.00033090994322049205,0.00040976264184644506,-0.002953582488798956,78224.81507557473,0.2750852452861298,0.12764871074801842,1.8995733384666789,,152,-1,10135,10160,2025-06-23 09:20:00,2025-06-23 13:40:00,78260.0,78440.0,26,0.23000255558394134,0.008846252137843898,151.0,1.0,10083.0,10134.0,2025-06-20 21:00:00,2025-06-23 09:15:00,78470.0,78270.0,52.0,-0.2548744743213982,-0.004901432198488427,22060.0,,848.4615384615385,,23367.0,0.0,449.36538461538464,0.0,1.8881328369067487,,0.9440664184533745,,7.6923076923076925,53.84615384615385,38.46153846153847,True,False,2025-06-23 09:55:00,78230.0,,,1,0,2025-06-23 11:15:00,78270.0,2025-06-23 10:40:00,78230.0,3,2,18.93005199512391,51.79173996053265,
CU:5m:1:-1:10131:10136:1,CU,15m,3386,2025-06-23 13:45:00,0.0,-1,-1,CHoCH,-1,78410.0,188.0,BOS,-1,78260.0,8.0,10,8,4,2,current_internal_high,internal,0.0,4.0,78480.0,78480.0,78480.0,0.05099439061703213,current_internal_low,internal,0.0,1.0,78170.0,78170.0,78170.0,0.34421213666496686,78290.0,78440.0,78260.0,78440.0,3798.0,157522.0,1,1,0,1,1,0,active_bear_internal_ob,78480.0,4.0,above,0.05099439061703213,78520.0,False,,78170.0,1.0,below,0.34421213666496686,78260.0,False,,78870.0,38.0,above,0.5481896991330953,79470.0,False,,77810.0,130.0,below,0.803161652218256,78410.0,False,,-1,-1,-0.0001324737153268232,-62,DOWN_CONFIRMED,0.004428461518056006,-0.0008483073325373455,0.0043608445312833186,0.8868670194316826,-0.0001324737153268232,-0.008213370350263038,0.000493029261571909,0.0011375282815471177,0.0013878017284130184,78094.16300435044,0.4428461518056006,0.21719688258592384,1.6922007668436694,,48,-1,3325,3386,2025-06-19 13:45:00,2025-06-23 13:30:00,78400.0,78440.0,62,0.05102040816327147,0.0008229098090850237,47.0,1.0,3248.0,3324.0,2025-06-16 23:45:00,2025-06-19 13:30:00,78710.0,78510.0,77.0,-0.25409731927328316,-0.0032999651853673137,128891.0,,2078.8870967741937,,147632.0,0.0,1917.2987012987012,0.0,1.0842791972716816,,0.8730559770239514,,0.0,61.29032258064516,38.70967741935484,True,False,2025-06-20 14:45:00,77990.0,,,1,0,2025-06-23 13:30:00,78440.0,2025-06-23 09:15:00,78250.0,4,3,5.14064226963562,85.90621636065212,
CU:5m:1:-1:10131:10136:1,CU,1h,985,2025-06-23 11:30:00,135.0,1,-1,CHoCH,1,78630.0,105.0,CHoCH,-1,78360.0,16.0,8,5,2,1,current_internal_high,internal,0.0,1.0,78520.0,78520.0,78520.0,0.10198878123406425,current_internal_low,internal,0.0,2.0,77920.0,77920.0,77920.0,0.6629270780214177,78230.0,78300.0,78190.0,78270.0,4051.0,158245.0,0,0,0,0,0,0,,78520.0,1.0,above,0.10198878123406425,78870.0,False,,77920.0,2.0,below,0.6629270780214177,78360.0,False,,79470.0,35.0,above,1.3131055583885771,78630.0,False,,77810.0,1.0,below,0.803161652218256,77390.0,False,,-1,-1,-0.00018063172782955097,-55,DOWN_CONFIRMED,0.0005331487085709523,0.003615542725688886,0.0045089329338049095,0.24710776621686736,-0.00018063172782955097,-0.009934745030625303,7.746322302670805e-05,-1.1711441446737858e-05,0.0004986569260678753,78228.29268678033,0.053314870857095235,0.051131279560268084,-0.7778872747056453,,14,-1,931,985,2025-06-13 11:00:00,2025-06-23 11:00:00,78330.0,78270.0,55,-0.07659900421294052,-0.0013927091675080096,13.0,1.0,880.0,930.0,2025-06-05 21:00:00,2025-06-13 10:00:00,78890.0,78590.0,51.0,-0.3802763341361426,-0.007456398708551816,415778.0,,7559.6,,485721.0,0.0,9523.941176470587,0.0,0.7937470276146184,,0.8560016964471373,,36.36363636363637,34.54545454545455,29.09090909090909,True,True,2025-06-20 21:00:00,78420.0,2025-06-20 10:00:00,78150.0,3,2,2025-06-20 21:00:00,78420.0,2025-06-18 21:00:00,78570.0,2,1,1.2470971236955308,160.55291854985623,2.0
CU:5m:1:-1:10131:10136:1,CU,4h,436,2025-06-23 11:30:00,135.0,1,-1,CHoCH,1,79090.0,38.0,CHoCH,-1,78360.0,7.0,3,3,1,1,active_bear_internal_ob,internal,-1.0,24.0,78570.0,78880.0,78725.0,0.16573176950535443,current_internal_low,internal,0.0,9.0,78360.0,78360.0,78360.0,0.10198878123406425,78380.0,78480.0,78170.0,78270.0,23383.0,158245.0,0,0,0,0,0,0,,78870.0,6.0,above,0.5481896991330953,78730.0,False,,78360.0,9.0,below,0.10198878123406425,77810.0,True,7.0,79090.0,54.0,above,0.828658847526772,83320.0,True,38.0,77390.0,5.0,below,1.3386027536970933,71320.0,False,,0,0,0.00016843368180889277,47,NONE,0.0005166965783955304,0.0076777711176827775,0.005775187979894863,0.10749277454990197,0.00016843368180889277,0.00791638304501796,1.5081004300698808e-05,0.00023586183093238233,0.0014564700831312116,78229.57904417855,0.051669657839553046,-0.14034192396019662,0.931606019739448,,7,1,390,436,2025-06-05 21:00:00,2025-06-23 09:00:00,78620.0,78270.0,47,-0.4451793436784479,-0.009471900929328678,6.0,-1.0,381.0,389.0,2025-06-03 13:30:00,2025-06-05 13:30:00,77650.0,78170.0,9.0,0.6696716033483652,0.07440795592759614,901499.0,,19180.82978723404,,210538.0,0.0,23393.11111111111,0.0,0.819934967013586,,4.281882605515394,,34.04255319148936,51.06382978723404,14.893617021276595,True,True,2025-06-20 21:00:00,78360.0,2025-06-20 09:00:00,78120.0,2,2,2025-06-21 00:00:00,78380.0,2025-06-23 09:00:00,78270.0,4,5,0.7521959031305258,259.82108690847696,
CU:5m:1:1:10152:10158:1,CU,5m,10167,2025-06-23 14:20:00,0.0,-1,1,CHoCH,-1,78360.0,188.0,CHoCH,1,78290.0,9.0,17,13,10,5,current_internal_high,internal,0.0,0.0,78480.0,78480.0,78480.0,0.33239580669905394,current_internal_low,internal,0.0,10.0,78190.0,78190.0,78190.0,0.0383533623114293,78330.0,78340.0,78220.0,78220.0,2654.0,157503.0,1,1,1,0,1,0,active_bull_internal_ob,78480.0,0.0,above,0.33239580669905394,78290.0,False,,78190.0,10.0,below,0.0383533623114293,78170.0,False,,78520.0,34.0,above,0.383533623114293,78870.0,False,,77920.0,37.0,below,0.383533623114293,78360.0,False,,0,0,3.604570118161584e-05,6,NONE,-0.0005908979768233983,0.0013344993853006569,0.001021535523829681,0.029727946071014588,3.604570118161584e-05,0.00021627420708969503,0.00021627420708969503,,,78266.24736722285,-0.05908979768233983,-0.14043150772373725,3.153864628688362,,153,1,10162,10167,2025-06-23 13:50:00,2025-06-23 14:15:00,78450.0,78220.0,6,-0.29318036966220484,-0.04886339494370081,152.0,-1.0,10135.0,10161.0,2025-06-23 09:20:00,2025-06-23 13:45:00,78260.0,78460.0,27.0,0.2555583950932805,0.009465125744195573,7212.0,,1202.0,,23837.0,0.0,882.8518518518518,0.0,1.361496832655116,,0.3025548517011369,,50.0,33.33333333333333,16.666666666666664,True,True,,,2025-06-23 14:15:00,78220.0,0,1,,,2025-06-23 14:05:00,78370.0,0,1,0.7654821988543169,57.538925803785666,
CU:5m:1:1:10152:10158:1,CU,15m,3388,2025-06-23 14:15:00,5.0,-1,-1,CHoCH,-1,78410.0,190.0,BOS,-1,78260.0,10.0,10,8,4,2,active_bear_internal_ob,internal,-1.0,10.0,78300.0,78480.0,78390.0,0.10227563283047815,current_internal_low,internal,0.0,3.0,78170.0,78170.0,78170.0,0.06392227051904883,78410.0,78450.0,78310.0,78330.0,2400.0,157392.0,0,0,0,0,0,0,,78480.0,6.0,above,0.33239580669905394,78520.0,False,,78170.0,3.0,below,0.06392227051904883,78260.0,False,,78870.0,40.0,above,0.8309895167476348,79470.0,False,,77810.0,132.0,below,0.5241626182562005,78410.0,False,,-1,-1,-0.00012327807468887932,-64,DOWN_CONFIRMED,0.0026927738072346735,-0.0007220294277459543,0.004350266759134917,0.7837626915055705,-0.00012327807468887932,-0.007889796780088276,0.0006513358279209847,0.0010899063466296433,0.001653987551252234,78119.64147560393,0.26927738072346735,-0.08928571428571397,0.408213154428484,,48,-1,3325,3388,2025-06-19 13:45:00,2025-06-23 14:00:00,78400.0,78330.0,64,-0.08928571428571397,-0.0013950892857142808,47.0,1.0,3248.0,3324.0,2025-06-16 23:45:00,2025-06-19 13:30:00,78710.0,78510.0,77.0,-0.25409731927328316,-0.0032999651853673137,135226.0,,2112.90625,,147632.0,0.0,1917.2987012987012,0.0,1.1020224697220116,,0.915966728080633,,0.0,62.5,37.5,True,False,2025-06-20 14:45:00,77990.0,,,1,0,2025-06-23 13:30:00,78440.0,2025-06-23 09:15:00,78250.0,4,3,6.02505464730941,89.37831920892964,
CU:5m:1:1:10152:10158:1,CU,1h,986,2025-06-23 14:00:00,20.0,1,-1,CHoCH,1,78630.0,106.0,CHoCH,-1,78360.0,17.0,8,5,2,1,current_internal_high,internal,0.0,2.0,78520.0,78520.0,78520.0,0.383533623114293,current_internal_low,internal,0.0,3.0,77920.0,77920.0,77920.0,0.383533623114293,78290.0,78480.0,78260.0,78400.0,7733.0,157524.0,0,0,0,0,0,0,,78520.0,2.0,above,0.383533623114293,78870.0,False,,77920.0,3.0,below,0.383533623114293,78360.0,False,,79470.0,36.0,above,1.5980567629762208,78630.0,False,,77810.0,2.0,below,0.5241626182562005,77390.0,False,,-1,-1,-0.00017623791424637675,-56,DOWN_CONFIRMED,0.002128732594956994,0.0035889925447829597,0.004472829322643921,0.37203309278406005,-0.00017623791424637675,-0.009869323197797097,0.00012988694199078665,8.673398447633929e-05,0.0003951006385025657,78233.4618796804,0.2128732594956994,0.16609173374217967,0.1505410387357341,,14,-1,931,986,2025-06-13 11:00:00,2025-06-23 13:30:00,78330.0,78400.0,56,0.08936550491509543,0.0015958125877695612,13.0,1.0,880.0,930.0,2025-06-05 21:00:00,2025-06-13 10:00:00,78890.0,78590.0,51.0,-0.3802763341361426,-0.007456398708551816,423511.0,,7562.696428571428,,485721.0,0.0,9523.941176470587,0.0,0.7940721481203055,,0.8719223587203353,,35.714285714285715,35.714285714285715,28.57142857142857,False,False,2025-06-20 21:00:00,78420.0,2025-06-20 10:00:00,78150.0,3,2,2025-06-20 21:00:00,78420.0,2025-06-18 21:00:00,78570.0,2,1,1.2462631969369027,164.79913865343795,2.0
CU:5m:1:1:10152:10158:1,CU,4h,436,2025-06-23 11:30:00,170.0,1,-1,CHoCH,1,79090.0,38.0,CHoCH,-1,78360.0,7.0,3,3,1,1,current_internal_low,internal,0.0,9.0,78360.0,78360.0,78360.0,0.17898235745333674,active_bull_internal_ob,internal,1.0,128.0,77160.0,77970.0,77565.0,0.3196113525952442,78380.0,78480.0,78170.0,78270.0,23383.0,158245.0,0,0,0,0,0,0,,78870.0,6.0,above,0.8309895167476348,78730.0,False,,78360.0,9.0,above,0.17898235745333674,77810.0,True,7.0,79090.0,54.0,above,1.1122475070314497,83320.0,True,38.0,77390.0,5.0,below,1.0611096906162107,71320.0,False,,0,0,0.00016843368180889277,47,NONE,0.0005166965783955304,0.0076777711176827775,0.005775187979894863,0.10749277454990197,0.00016843368180889277,0.00791638304501796,1.5081004300698808e-05,0.00023586183093238233,0.0014564700831312116,78229.57904417855,0.051669657839553046,-0.14034192396019662,0.931606019739448,,7,1,390,436,2025-06-05 21:00:00,2025-06-23 09:00:00,78620.0,78270.0,47,-0.4451793436784479,-0.009471900929328678,6.0,-1.0,381.0,389.0,2025-06-03 13:30:00,2025-06-05 13:30:00,77650.0,78170.0,9.0,0.6696716033483652,0.07440795592759614,901499.0,,19180.82978723404,,210538.0,0.0,23393.11111111111,0.0,0.819934967013586,,4.281882605515394,,34.04255319148936,51.06382978723404,14.893617021276595,True,True,2025-06-20 21:00:00,78360.0,2025-06-20 09:00:00,78120.0,2,2,2025-06-21 00:00:00,78380.0,2025-06-23 09:00:00,78270.0,4,5,0.7521959031305258,259.82108690847696,
