candidate_id,symbol,context_tf,bar_index,bar_end,lag_minutes,swing_bias,internal_bias,last_swing_structure_type,last_swing_structure_bias,last_swing_structure_level,last_swing_structure_age,last_internal_structure_type,last_internal_structure_bias,last_internal_structure_level,last_internal_structure_age,active_bull_internal_ob_count,active_bear_internal_ob_count,active_bull_swing_ob_count,active_bear_swing_ob_count,nearest_above_type,nearest_above_structure_class,nearest_above_bias,nearest_above_age_bars,nearest_above_zone_low,nearest_above_zone_high,nearest_above_object_price_center,nearest_above_distance_pct,nearest_below_type,nearest_below_structure_class,nearest_below_bias,nearest_below_age_bars,nearest_below_zone_low,nearest_below_zone_high,nearest_below_object_price_center,nearest_below_distance_pct,open,high,low,close,volume,close_oi,overlap_object_count,overlap_active_ob_count,overlap_bull_ob_count,overlap_bear_ob_count,overlap_internal_count,overlap_swing_count,overlap_types,current_internal_high_level,current_internal_high_age,current_internal_high_relation,current_internal_high_distance_pct,current_internal_high_last_level,current_internal_high_crossed,current_internal_high_crossed_age,current_internal_low_level,current_internal_low_age,current_internal_low_relation,current_internal_low_distance_pct,current_internal_low_last_level,current_internal_low_crossed,current_internal_low_crossed_age,current_swing_high_level,current_swing_high_age,current_swing_high_relation,current_swing_high_distance_pct,current_swing_high_last_level,current_swing_high_crossed,current_swing_high_crossed_age,current_swing_low_level,current_swing_low_age,current_swing_low_relation,current_swing_low_distance_pct,current_swing_low_last_level,current_swing_low_crossed,current_swing_low_crossed_age,dsa_direction,dsa_raw_regime_value,dsa_raw_regime_strength,dsa_raw_dsa_dir_bars,dsa_raw_trend_transition,dsa_raw_offset_rate,dsa_raw_offset_mean,dsa_raw_offset_std,dsa_raw_offset_percentile,dsa_raw_vwap_ret_avg,dsa_raw_vwap_ret_total,dsa_raw_vwap_ret_5,dsa_raw_vwap_ret_10,dsa_raw_vwap_ret_20,dsa_raw_dsa_vwap,dsa_raw_dsa_vwap_dev_pct,dsa_raw_change_pct,dsa_raw_vol_zscore,dsa_raw_avg_amount_20d,dsa_raw_segment_id,dsa_raw_segment_direction,dsa_raw_segment_start_bar_index,dsa_raw_segment_end_bar_index,dsa_raw_segment_start_time,dsa_raw_segment_end_time,dsa_raw_segment_start_price,dsa_raw_segment_end_price,dsa_raw_segment_bars,dsa_raw_segment_change_pct,dsa_raw_segment_slope,dsa_raw_prev_segment_id,dsa_raw_prev_segment_direction,dsa_raw_prev_segment_start_bar_index,dsa_raw_prev_segment_end_bar_index,dsa_raw_prev_segment_start_time,dsa_raw_prev_segment_end_time,dsa_raw_prev_segment_start_price,dsa_raw_prev_segment_end_price,dsa_raw_prev_segment_bars,dsa_raw_prev_segment_change_pct,dsa_raw_prev_segment_slope,dsa_raw_current_segment_volume_sum,dsa_raw_current_segment_amount_sum,dsa_raw_current_segment_volume_mean,dsa_raw_current_segment_amount_mean,dsa_raw_prev_segment_volume_sum,dsa_raw_prev_segment_amount_sum,dsa_raw_prev_segment_volume_mean,dsa_raw_prev_segment_amount_mean,dsa_raw_current_vs_prev_volume_mean_ratio,dsa_raw_current_vs_prev_amount_mean_ratio,dsa_raw_current_vs_prev_volume_ratio,dsa_raw_current_vs_prev_amount_ratio,dsa_raw_rope_dir1_pct,dsa_raw_rope_dir0_pct,dsa_raw_rope_dir_neg1_pct,dsa_raw_touch_rope,dsa_raw_touch_vwap,dsa_raw_last_cross_up_date,dsa_raw_last_cross_up_price,dsa_raw_last_cross_down_date,dsa_raw_last_cross_down_price,dsa_raw_cross_up_count,dsa_raw_cross_down_count,dsa_raw_rope_cross_up_date,dsa_raw_rope_cross_up_price,dsa_raw_rope_cross_down_date,dsa_raw_rope_cross_down_price,dsa_raw_rope_cross_up_count,dsa_raw_rope_cross_down_count,dsa_raw_offset_variance_rate,atr14,component_15m_count
CU:5m:1:1:12451:12456:3,CU,5m,12589,2025-07-29 14:40:00,0.0,-1,-1,BOS,-1,79180.0,181.0,CHoCH,-1,78860.0,1.0,25,15,11,4,active_bear_internal_ob,internal,-1.0,1.0,78950.0,79020.0,78985.0,0.10143273741600102,current_internal_low,internal,0.0,23.0,78860.0,78860.0,78860.0,0.012679092177000128,78850.0,78880.0,78840.0,78870.0,679.0,173855.0,0,0,0,0,0,0,,79020.0,9.0,above,0.1901863826550019,78980.0,False,,78860.0,23.0,below,0.012679092177000128,78870.0,True,1.0,79210.0,19.0,above,0.4310891340180043,79240.0,False,,78810.0,21.0,below,0.07607455306200077,78730.0,False,,-1,-1,-3.45394098837777e-05,-73,DOWN_CONFIRMED,-0.0017389712362302888,-0.001934173745218637,0.0006352342263995097,0.6206895055526999,-3.45394098837777e-05,-0.002521376921515772,-0.00030778327350911017,-0.0005391632940673352,-0.0011134939868600036,79007.39158140965,-0.17389712362302887,0.025364616360179504,-0.26885629769100017,,184,-1,12517,12589,2025-07-28 22:20:00,2025-07-29 14:35:00,78850.0,78870.0,73,0.025364616360179504,0.00034746049808465074,183.0,1.0,12501.0,12516.0,2025-07-28 21:00:00,2025-07-28 22:15:00,79190.0,78970.0,16.0,-0.27781285515847687,-0.017363303447404804,45694.0,,625.945205479452,,15651.0,0.0,978.1875,0.0,0.639903091666426,,2.9195578557280686,,36.986301369863014,19.17808219178082,43.83561643835616,True,True,,,,,0,0,2025-07-29 10:45:00,78960.0,2025-07-29 13:30:00,78920.0,2,2,0.3284266617566477,45.05559508524976,
CU:5m:1:1:12451:12456:3,CU,15m,4195,2025-07-29 14:30:00,10.0,1,1,CHoCH,1,78160.0,235.0,CHoCH,1,79110.0,28.0,12,9,5,1,active_bear_internal_ob,internal,-1.0,52.0,79110.0,79300.0,79205.0,0.3042982122480031,current_internal_low,internal,0.0,18.0,78810.0,78810.0,78810.0,0.07607455306200077,78880.0,78920.0,78850.0,78900.0,2574.0,174099.0,0,0,0,0,0,0,,79210.0,17.0,above,0.4310891340180043,79240.0,False,,78810.0,18.0,below,0.07607455306200077,78840.0,False,,80130.0,102.0,above,1.597565614302016,78160.0,False,,77770.0,220.0,below,1.394700139470014,77700.0,False,,-1,-1,-0.00013363911935383797,-91,DOWN_CONFIRMED,-0.00037316495643871603,-0.0017835391172626865,0.0034412648728041517,0.6590389964041813,-0.00013363911935383797,-0.012161159861199256,-7.195890165712093e-05,-7.468313758174361e-05,-1.184671097442802e-06,78929.45370615399,-0.0373164956438716,0.012675877804535496,1.20294837923376,,54,-1,4105,4195,2025-07-24 21:00:00,2025-07-29 14:15:00,79440.0,78900.0,91,-0.6797583081570968,-0.007469871518209855,53.0,1.0,3957.0,4104.0,2025-07-17 22:45:00,2025-07-24 14:45:00,78120.0,79890.0,148.0,2.2657450076804864,0.015309087889733015,223461.0,,2455.6153846153848,,366855.0,0.0,2478.75,0.0,0.9906668218317235,,0.6091262215316678,,18.681318681318682,29.67032967032967,51.64835164835166,True,True,2025-07-29 10:45:00,78980.0,2025-07-29 13:30:00,78880.0,2,2,2025-07-29 11:15:00,78980.0,2025-07-29 13:30:00,78880.0,5,6,1.929458591346,81.7123937944931,
CU:5m:1:1:12451:12456:3,CU,1h,1220,2025-07-29 14:00:00,40.0,-1,-1,CHoCH,-1,77920.0,92.0,BOS,-1,79180.0,15.0,9,4,2,2,active_bear_internal_ob,internal,-1.0,15.0,79180.0,79550.0,79365.0,0.39305185748700394,current_internal_low,internal,0.0,9.0,78730.0,78730.0,78730.0,0.1775072904780018,78940.0,78960.0,78850.0,78880.0,5752.0,174532.0,0,0,0,0,0,0,,79240.0,2.0,above,0.46912641054900467,79550.0,False,,78730.0,9.0,below,0.1775072904780018,79180.0,False,,80990.0,117.0,above,2.687967541524027,78870.0,False,,77700.0,42.0,below,1.4834537847090148,77920.0,False,,1,1,0.0003639785371777875,62,UP_CONFIRMED,-0.009710235802506299,-0.0004428062697422737,0.010844893662288269,0.19640205729374488,0.0003639785371777875,0.022566669305022824,-0.0006390822365844873,-0.0017689783185581565,-0.003932647177112281,79653.45381906719,-0.9710235802506298,-0.12661433274246958,-0.5734267827177959,,17,1,1159,1220,2025-07-18 21:00:00,2025-07-29 13:30:00,78760.0,78880.0,62,0.1523616048755727,0.002457445239928592,16.0,-1.0,1073.0,1158.0,2025-07-07 09:00:00,2025-07-18 14:00:00,79550.0,78410.0,86.0,-1.4330609679446882,-0.016663499627263816,532185.0,,8583.629032258064,,801655.0,0.0,9321.56976744186,0.0,0.9208351432651122,,0.6638578939818252,,37.096774193548384,24.193548387096776,38.70967741935484,True,True,,,2025-07-22 21:00:00,79750.0,0,1,2025-07-23 21:00:00,79880.0,2025-07-24 21:00:00,79380.0,2,3,24.49128299064129,185.46341209643703,2.0
CU:5m:1:1:12451:12456:3,CU,4h,540,2025-07-29 11:30:00,190.0,1,1,BOS,1,79470.0,90.0,CHoCH,1,78160.0,30.0,4,2,1,1,active_bear_internal_ob,internal,-1.0,56.0,79440.0,80160.0,79800.0,0.7227082540890073,current_internal_low,internal,0.0,0.0,78750.0,78750.0,78750.0,0.15214910612400154,78950.0,79020.0,78860.0,78980.0,16424.0,175250.0,0,0,0,0,0,0,,80130.0,13.0,above,1.597565614302016,78160.0,False,,78750.0,0.0,below,0.15214910612400154,77770.0,False,,80990.0,24.0,above,2.687967541524027,79470.0,False,,77810.0,76.0,below,1.3439837707620135,77390.0,False,,-1,-1,-0.0003763540350247477,-55,DOWN_CONFIRMED,0.00467639270560234,0.0028417602296101894,0.015074780037094202,0.5484325273014127,-0.0003763540350247477,-0.020699471926361124,0.0006805944657983787,0.0016584230144283119,0.007210864078245782,78612.37765058475,0.467639270560234,-0.03796987723072576,-0.2648208590311126,,8,-1,486,540,2025-07-09 21:00:00,2025-07-29 09:00:00,78310.0,78980.0,55,0.8555740007661905,0.015555890923021646,7.0,1.0,390.0,485.0,2025-06-05 21:00:00,2025-07-09 13:30:00,78620.0,78400.0,96.0,-0.2798270160264571,-0.0029148647502755948,1046714.0,,19031.163636363635,,2057966.0,0.0,21437.145833333332,0.0,0.8877657401001324,,0.5086157885990342,,29.09090909090909,12.727272727272727,58.18181818181818,True,False,2025-07-15 09:00:00,77830.0,,,1,0,2025-07-18 00:00:00,78260.0,2025-07-24 21:00:00,79260.0,1,1,5.304733270604622,288.9189253516781,
CU:5m:1:1:12485:12501:1,CU,5m,12517,2025-07-28 22:25:00,0.0,-1,1,BOS,-1,79180.0,109.0,BOS,1,79110.0,16.0,25,12,11,4,current_internal_high,internal,0.0,11.0,79240.0,79240.0,79240.0,0.49461001902346224,active_bull_internal_ob,internal,1.0,61.0,78790.0,78840.0,78815.0,0.012682308180088777,78970.0,78980.0,78830.0,78850.0,3121.0,174410.0,0,0,0,0,0,0,,79240.0,11.0,above,0.49461001902346224,79110.0,False,,78840.0,27.0,below,0.012682308180088777,78790.0,False,,79550.0,133.0,above,0.8877615726062142,80020.0,False,,78730.0,25.0,below,0.1521876981610653,79180.0,False,,0,0,0.0,-1,UP_BROKEN,-0.0045084661642593475,-0.0045084661642593475,0.0,0.5,0.0,0.0,,,,79207.10254177863,-0.45084661642593477,-0.1519564391541106,2.0542398814001412,,184,-1,12517,12517,2025-07-28 22:20:00,2025-07-28 22:20:00,78850.0,78850.0,1,0.0,0.0,183.0,1.0,12501.0,12516.0,2025-07-28 21:00:00,2025-07-28 22:15:00,79190.0,78970.0,16.0,-0.27781285515847687,-0.017363303447404804,3121.0,,3121.0,,15651.0,0.0,978.1875,0.0,3.1905948501693184,,0.1994121781355824,,0.0,0.0,100.0,True,True,,,,,0,0,,,,,0,0,0.0,66.9471681239007,
CU:5m:1:1:12485:12501:1,CU,15m,4171,2025-07-28 22:15:00,10.0,1,1,CHoCH,1,78160.0,211.0,CHoCH,1,79110.0,4.0,13,9,5,1,active_bear_internal_ob,internal,-1.0,28.0,79110.0,79300.0,79205.0,0.3297400126823082,current_internal_low,internal,0.0,5.0,78840.0,78840.0,78840.0,0.012682308180088777,78950.0,79000.0,78920.0,78970.0,1311.0,174081.0,1,1,1,0,1,0,active_bull_internal_ob,79110.0,9.0,above,0.3297400126823082,79300.0,True,4.0,78840.0,5.0,below,0.012682308180088777,78730.0,False,,80130.0,78.0,above,1.6233354470513635,78160.0,False,,77770.0,196.0,below,1.369689283449588,77700.0,False,,-1,-1,-0.0001869503766452465,-67,DOWN_CONFIRMED,0.0008830316762864156,-0.0026808068708748132,0.003554961053176988,0.8419482439686812,-0.0001869503766452465,-0.012525675235231515,0.0006112660013701809,0.0008638058237968593,0.0020800049191433967,78900.32851065569,0.08830316762864156,0.025332488917029217,-0.9664488866452048,,54,-1,4105,4171,2025-07-24 21:00:00,2025-07-28 22:00:00,79440.0,78970.0,67,-0.5916414904330258,-0.008830470006463071,53.0,1.0,3957.0,4104.0,2025-07-17 22:45:00,2025-07-24 14:45:00,78120.0,79890.0,148.0,2.2657450076804864,0.015309087889733015,178869.0,,2669.686567164179,,366855.0,0.0,2478.75,0.0,1.0770293765664867,,0.4875741096618555,,10.44776119402985,19.402985074626866,70.1492537313433,True,False,2025-07-25 23:45:00,78780.0,,,1,0,2025-07-28 22:00:00,78970.0,2025-07-28 21:45:00,78950.0,3,3,1.3260787607638878,106.29592909697466,
CU:5m:1:1:12485:12501:1,CU,1h,1213,2025-07-28 22:00:00,25.0,-1,-1,CHoCH,-1,77920.0,85.0,BOS,-1,79180.0,8.0,9,4,2,2,active_bear_internal_ob,internal,-1.0,8.0,79180.0,79550.0,79365.0,0.4185161699429296,current_internal_low,internal,0.0,2.0,78730.0,78730.0,78730.0,0.1521876981610653,79130.0,79240.0,78920.0,78950.0,13781.0,174253.0,0,0,0,0,0,0,,79550.0,12.0,above,0.8877615726062142,80010.0,False,,78730.0,2.0,below,0.1521876981610653,79180.0,False,,80990.0,110.0,above,2.714013950538998,78870.0,False,,77700.0,35.0,below,1.4584654407102093,77920.0,False,,1,1,0.00042980828950817823,55,UP_CONFIRMED,-0.009870185698146643,0.0006245171097713851,0.011064629327915033,0.1714397423552581,0.00042980828950817823,0.023639455922949804,-0.0010172385649541704,-0.002329496801172559,-0.003996832565508424,79737.01918638631,-0.9870185698146643,-0.06329113924050667,0.8596518636806336,,17,1,1159,1213,2025-07-18 21:00:00,2025-07-28 21:00:00,78760.0,78950.0,55,0.2412392077196568,0.004386167413084669,16.0,-1.0,1073.0,1158.0,2025-07-07 09:00:00,2025-07-18 14:00:00,79550.0,78410.0,86.0,-1.4330609679446882,-0.016663499627263816,490432.0,,8916.945454545454,,801655.0,0.0,9321.56976744186,0.0,0.9565926852460335,,0.6117743917271146,,41.81818181818181,27.27272727272727,30.909090909090907,True,True,,,2025-07-22 21:00:00,79750.0,0,1,2025-07-23 21:00:00,79880.0,2025-07-24 21:00:00,79380.0,2,3,17.717095584403484,211.36527533999575,4.0
CU:5m:1:1:12485:12501:1,CU,4h,537,2025-07-28 15:00:00,445.0,1,1,BOS,1,79470.0,87.0,CHoCH,1,78160.0,27.0,4,2,1,1,active_bear_internal_ob,internal,-1.0,53.0,79440.0,80160.0,79800.0,0.7482561826252377,active_bull_internal_ob,internal,1.0,27.0,77770.0,78090.0,77930.0,0.9638554216867471,78900.0,79050.0,78840.0,79000.0,14330.0,176073.0,0,0,0,0,0,0,,80130.0,10.0,above,1.6233354470513635,78160.0,False,,77770.0,26.0,below,1.369689283449588,77700.0,False,,80990.0,21.0,above,2.714013950538998,79470.0,False,,77810.0,73.0,below,1.3189600507292327,77390.0,False,,-1,-1,-0.00040534867034926095,-52,DOWN_CONFIRMED,0.005319525073755365,0.0027093799513039554,0.01549292201321747,0.5668945626851187,-0.00040534867034926095,-0.02107813085816157,0.0007811178896239834,0.002988121887062656,0.00835991835166583,78581.98118076356,0.5319525073755365,0.06333122229258414,-0.468853370053906,,8,-1,486,537,2025-07-09 21:00:00,2025-07-28 13:30:00,78310.0,79000.0,52,0.8811135231771239,0.016944490830329305,7.0,1.0,390.0,485.0,2025-06-05 21:00:00,2025-07-09 13:30:00,78620.0,78400.0,96.0,-0.2798270160264571,-0.0029148647502755948,996932.0,,19171.76923076923,,2057966.0,0.0,21437.145833333332,0.0,0.8943247100067961,,0.4844258845870146,,30.76923076923077,13.461538461538462,55.769230769230774,True,False,2025-07-15 09:00:00,77830.0,,,1,0,2025-07-18 00:00:00,78260.0,2025-07-24 21:00:00,79260.0,1,1,5.718253730253346,304.3894088142943,
CU:5m:1:-1:12531:12538:1,CU,5m,12540,2025-07-29 00:20:00,0.0,-1,-1,BOS,-1,79180.0,132.0,CHoCH,-1,79030.0,2.0,25,13,11,4,current_internal_high,internal,0.0,4.0,79120.0,79120.0,79120.0,0.06323510813203491,current_internal_low,internal,0.0,8.0,79030.0,79030.0,79030.0,0.05058808650562792,79050.0,79080.0,79030.0,79070.0,217.0,175131.0,1,1,0,1,1,0,active_bear_internal_ob,79120.0,4.0,above,0.06323510813203491,79210.0,False,,79030.0,8.0,below,0.05058808650562792,78810.0,True,2.0,79550.0,156.0,above,0.6070570380675351,80020.0,False,,78730.0,48.0,below,0.4299987352978374,79180.0,False,,0,0,-1.2345576647092757e-05,-24,NONE,-0.001435068833773544,-0.0016191180984836443,0.0007007499063132597,0.6035883368988142,-1.2345576647092757e-05,-0.00029629383953022614,-2.367686990012441e-05,-4.825526084428766e-05,-0.00010679396927903984,79183.63396524846,-0.1435068833773544,0.0506136910034094,-0.2694515229076613,,184,-1,12517,12540,2025-07-28 22:20:00,2025-07-29 00:15:00,78850.0,79070.0,24,0.27901077996195234,0.011625449165081347,183.0,1.0,12501.0,12516.0,2025-07-28 21:00:00,2025-07-28 22:15:00,79190.0,78970.0,16.0,-0.27781285515847687,-0.017363303447404804,16689.0,,695.375,,15651.0,0.0,978.1875,0.0,0.7108810938598172,,1.0663216407897258,,87.5,8.333333333333332,4.166666666666666,False,True,,,,,0,0,2025-07-28 22:25:00,79040.0,,,1,0,0.4327972783267226,52.456393354031384,
CU:5m:1:-1:12531:12538:1,CU,15m,4179,2025-07-29 00:15:00,5.0,1,1,CHoCH,1,78160.0,219.0,CHoCH,1,79110.0,12.0,12,9,5,1,active_bear_internal_ob,internal,-1.0,36.0,79110.0,79300.0,79205.0,0.05058808650562792,current_internal_low,internal,0.0,2.0,78810.0,78810.0,78810.0,0.3288225622865815,79020.0,79040.0,79010.0,79030.0,295.0,175139.0,0,0,0,0,0,0,,79210.0,1.0,above,0.17705830276969772,79240.0,False,,78810.0,2.0,below,0.3288225622865815,78840.0,False,,80130.0,86.0,above,1.34058429239914,78160.0,False,,77770.0,204.0,below,1.6441128114329078,77700.0,False,,-1,-1,-0.0001614812326555981,-75,DOWN_CONFIRMED,0.0012231296776891293,-0.00219702702534985,0.0036434647557716396,0.8260601642128593,-0.0001614812326555981,-0.012111092449169858,8.23638619287248e-05,0.0004501460000152502,0.00145436925184117,78933.45414966703,0.12231296776891293,-0.012651821862352808,-1.069914971510042,,54,-1,4105,4179,2025-07-24 21:00:00,2025-07-29 00:00:00,79440.0,79030.0,75,-0.5161127895266904,-0.006881503860355871,53.0,1.0,3957.0,4104.0,2025-07-17 22:45:00,2025-07-24 14:45:00,78120.0,79890.0,148.0,2.2657450076804864,0.015309087889733015,195900.0,,2612.0,,366855.0,0.0,2478.75,0.0,1.0537569339384771,,0.5339984462526066,,18.666666666666668,18.666666666666668,62.66666666666667,False,False,2025-07-25 23:45:00,78780.0,,,1,0,2025-07-28 22:00:00,78970.0,2025-07-28 21:45:00,78950.0,3,3,1.6583613736801721,104.34980440838832,
CU:5m:1:-1:12531:12538:1,CU,1h,1215,2025-07-29 00:00:00,20.0,-1,-1,CHoCH,-1,77920.0,87.0,BOS,-1,79180.0,10.0,9,4,2,2,active_bear_internal_ob,internal,-1.0,10.0,79180.0,79550.0,79365.0,0.1391172378904768,current_internal_low,internal,0.0,4.0,78730.0,78730.0,78730.0,0.4299987352978374,79100.0,79120.0,79020.0,79040.0,2813.0,175184.0,0,0,0,0,0,0,,79550.0,14.0,above,0.6070570380675351,80010.0,False,,78730.0,4.0,below,0.4299987352978374,79180.0,False,,80990.0,112.0,above,2.4282281522701403,78870.0,False,,77700.0,37.0,below,1.7326419628177565,77920.0,False,,1,1,0.00040737879665087213,57,UP_CONFIRMED,-0.008335694777969426,0.0003200633904813629,0.010985545950603848,0.21537103725948037,0.00040737879665087213,0.02322059140909971,-0.0011306186402629814,-0.0022297788329228574,-0.003912416377519157,79704.39147983973,-0.8335694777969426,-0.06321911746112185,-1.5908459338235188,,17,1,1159,1215,2025-07-18 21:00:00,2025-07-28 23:00:00,78760.0,79040.0,57,0.3555104113763363,0.006237024760988356,16.0,-1.0,1073.0,1158.0,2025-07-07 09:00:00,2025-07-18 14:00:00,79550.0,78410.0,86.0,-1.4330609679446882,-0.016663499627263816,508479.0,,8920.684210526315,,801655.0,0.0,9321.56976744186,0.0,0.9569937717662375,,0.6342865696590179,,40.35087719298245,26.31578947368421,33.33333333333333,True,True,,,2025-07-22 21:00:00,79750.0,0,1,2025-07-23 21:00:00,79880.0,2025-07-24 21:00:00,79380.0,2,3,34.323031865912604,215.92209965540454,4.0
CU:5m:1:-1:12531:12538:1,CU,4h,538,2025-07-29 00:00:00,20.0,1,1,BOS,1,79470.0,88.0,CHoCH,1,78160.0,28.0,4,2,1,1,active_bear_internal_ob,internal,-1.0,54.0,79440.0,80160.0,79800.0,0.46793980017705833,active_bull_internal_ob,internal,1.0,28.0,77770.0,78090.0,77930.0,1.239408119387884,79130.0,79240.0,78810.0,79040.0,31828.0,175184.0,0,0,0,0,0,0,,80130.0,11.0,above,1.34058429239914,78160.0,False,,77770.0,27.0,below,1.6441128114329078,77700.0,False,,80990.0,22.0,above,2.4282281522701403,79470.0,False,,77810.0,74.0,below,1.5935247249272797,77390.0,False,,-1,-1,-0.0003928301508578107,-53,DOWN_CONFIRMED,0.005563389626871016,0.002763229190465598,0.015350978443019022,0.5723692157122154,-0.0003928301508578107,-0.020819997995463968,0.0008101787490741863,0.0027616053262609075,0.00792075856556429,78602.70254004469,0.5563389626871016,0.05063291139240089,0.969178301802998,,8,-1,486,538,2025-07-09 21:00:00,2025-07-28 21:00:00,78310.0,79040.0,53,0.9321925679989684,0.01758853901884846,7.0,1.0,390.0,485.0,2025-06-05 21:00:00,2025-07-09 13:30:00,78620.0,78400.0,96.0,-0.2798270160264571,-0.0029148647502755948,1028760.0,,19410.56603773585,,2057966.0,0.0,21437.145833333332,0.0,0.9054641036939589,,0.49989164058103974,,30.18867924528302,13.20754716981132,56.60377358490566,True,False,2025-07-15 09:00:00,77830.0,,,1,0,2025-07-18 00:00:00,78260.0,2025-07-24 21:00:00,79260.0,1,1,5.555448855269373,313.3615938989876,
CU:5m:1:-1:12531:12538:2,CU,5m,12597,2025-07-29 21:20:00,0.0,-1,1,BOS,-1,79180.0,189.0,CHoCH,1,79020.0,1.0,26,12,11,4,current_swing_high,swing,0.0,27.0,79210.0,79210.0,79210.0,0.11375126390293225,current_internal_high,internal,0.0,17.0,79020.0,79020.0,79020.0,0.1263902932254803,79020.0,79130.0,79020.0,79120.0,1845.0,173309.0,0,0,0,0,0,0,,79020.0,17.0,below,0.1263902932254803,78980.0,True,1.0,78860.0,31.0,below,0.32861476238624876,78870.0,True,9.0,79210.0,27.0,above,0.11375126390293225,79240.0,False,,78810.0,29.0,below,0.3918099089989888,78730.0,False,,0,0,5.3245022646364326e-05,2,NONE,0.0035363887493117764,0.003018993623018772,0.0005173951262930041,0.841344746068543,5.3245022646364326e-05,0.00010649004529272865,,,,78841.1869136163,0.3536388749311776,0.11388080475769335,1.4149633064031233,,185,1,12596,12597,2025-07-29 21:10:00,2025-07-29 21:15:00,79030.0,79120.0,2,0.11388080475769335,0.05694040237884668,184.0,-1.0,12517.0,12595.0,2025-07-28 22:20:00,2025-07-29 21:05:00,78850.0,78980.0,79.0,0.16487000634115567,0.002086962105584249,3194.0,,1597.0,,53834.0,0.0,681.4430379746835,0.0,2.343556116952112,,0.05933053460638258,,100.0,0.0,0.0,True,False,,,,,0,0,,,,,0,0,0.17137999972840184,55.682559705860044,
CU:5m:1:-1:12531:12538:2,CU,15m,4198,2025-07-29 21:15:00,5.0,1,1,CHoCH,1,78160.0,238.0,CHoCH,1,79110.0,31.0,12,9,5,1,current_internal_high,internal,0.0,20.0,79210.0,79210.0,79210.0,0.11375126390293225,current_internal_low,internal,0.0,21.0,78810.0,78810.0,78810.0,0.3918099089989888,78910.0,79040.0,78870.0,79030.0,5430.0,173329.0,1,1,0,1,1,0,active_bear_internal_ob,79210.0,20.0,above,0.11375126390293225,79240.0,False,,78810.0,21.0,below,0.3918099089989888,78840.0,False,,80130.0,105.0,above,1.2765419615773508,78160.0,False,,78730.0,1.0,below,0.4929221435793731,77770.0,False,,-1,-1,-0.00012968103469319245,-94,DOWN_CONFIRMED,0.0013031261837489268,-0.001734215708645802,0.0034023637812702857,0.8139951481080979,-0.00012968103469319245,-0.012190017261160091,-6.471964023813115e-05,-7.190513309751623e-05,-7.423941379725019e-05,78927.14796687574,0.1303126183748927,0.24099441907661223,2.85136839459581,,54,-1,4105,4198,2025-07-24 21:00:00,2025-07-29 21:00:00,79440.0,79030.0,94,-0.5161127895266904,-0.005490561590709472,53.0,1.0,3957.0,4104.0,2025-07-17 22:45:00,2025-07-24 14:45:00,78120.0,79890.0,148.0,2.2657450076804864,0.015309087889733015,234611.0,,2495.8617021276596,,366855.0,0.0,2478.75,0.0,1.006903359406015,,0.6395197012443609,,18.085106382978726,30.851063829787233,51.06382978723404,True,True,2025-07-29 21:00:00,79030.0,2025-07-29 13:30:00,78880.0,3,2,2025-07-29 21:00:00,79030.0,2025-07-29 13:30:00,78880.0,6,6,1.9619034496735652,87.33678176621768,
CU:5m:1:-1:12531:12538:2,CU,1h,1221,2025-07-29 15:00:00,380.0,-1,-1,CHoCH,-1,77920.0,93.0,BOS,-1,79180.0,16.0,9,4,2,2,active_bear_internal_ob,internal,-1.0,16.0,79180.0,79550.0,79365.0,0.07583417593528817,current_internal_low,internal,0.0,10.0,78730.0,78730.0,78730.0,0.4929221435793731,78890.0,78920.0,78820.0,78840.0,9870.0,173684.0,0,0,0,0,0,0,,79240.0,3.0,above,0.15166835187057634,79550.0,False,,78730.0,10.0,below,0.4929221435793731,79180.0,False,,80990.0,118.0,above,2.3634984833164814,78870.0,False,,77700.0,43.0,below,1.79474216380182,77920.0,False,,1,1,0.0003534427605614437,63,UP_CONFIRMED,-0.009922160166810943,-0.0005932722046163796,0.010823518176617478,0.19436879205433977,0.0003534427605614437,0.022266893915370956,-0.0008962487565205013,-0.0018750590318971083,-0.004036426486143774,79630.10263241845,-0.9922160166810943,-0.050709939148074756,0.5036537663665593,,17,1,1159,1221,2025-07-18 21:00:00,2025-07-29 14:00:00,78760.0,78840.0,63,0.1015744032503818,0.0016122921150854255,16.0,-1.0,1073.0,1158.0,2025-07-07 09:00:00,2025-07-18 14:00:00,79550.0,78410.0,86.0,-1.4330609679446882,-0.016663499627263816,542055.0,,8604.047619047618,,801655.0,0.0,9321.56976744186,0.0,0.9230256098173094,,0.6761699234708197,,36.507936507936506,23.809523809523807,39.682539682539684,True,True,,,2025-07-22 21:00:00,79750.0,0,1,2025-07-23 21:00:00,79880.0,2025-07-24 21:00:00,79380.0,2,3,18.243764148054364,179.35888266097723,4.0
CU:5m:1:-1:12531:12538:2,CU,4h,541,2025-07-29 15:00:00,380.0,1,1,BOS,1,79470.0,91.0,CHoCH,1,78160.0,31.0,4,2,1,1,active_bear_internal_ob,internal,-1.0,57.0,79440.0,80160.0,79800.0,0.40444893832153694,current_internal_low,internal,0.0,1.0,78750.0,78750.0,78750.0,0.467644084934277,78940.0,78960.0,78820.0,78840.0,15622.0,173684.0,0,0,0,0,0,0,,80130.0,14.0,above,1.2765419615773508,78160.0,False,,78750.0,1.0,below,0.467644084934277,77770.0,False,,80990.0,25.0,above,2.3634984833164814,79470.0,False,,77810.0,77.0,below,1.6557128412537918,77390.0,False,,-1,-1,-0.00036824491304935606,-56,DOWN_CONFIRMED,0.0028158787479660953,0.002841298060295116,0.014939577878229325,0.4993212101696277,-0.00036824491304935606,-0.02062171513076394,0.0005708552654366539,0.001694205068534238,0.006749529680358357,78618.61950015508,0.2815878747966095,-0.17726006583945741,-0.31394837087857264,,8,-1,486,541,2025-07-09 21:00:00,2025-07-29 13:30:00,78310.0,78840.0,56,0.676797343889679,0.01208566685517284,7.0,1.0,390.0,485.0,2025-06-05 21:00:00,2025-07-09 13:30:00,78620.0,78400.0,96.0,-0.2798270160264571,-0.0029148647502755948,1062336.0,,18970.285714285714,,2057966.0,0.0,21437.145833333332,0.0,0.8849259067309317,,0.5162067789263768,,28.57142857142857,12.5,58.92857142857143,True,False,2025-07-15 09:00:00,77830.0,,,1,0,2025-07-18 00:00:00,78260.0,2025-07-24 21:00:00,79260.0,1,1,5.2580115007989,279.71043068370113,
CU:5m:1:-1:12541:12549:1,CU,5m,12597,2025-07-29 21:20:00,0.0,-1,1,BOS,-1,79180.0,189.0,CHoCH,1,79020.0,1.0,26,12,11,4,current_swing_high,swing,0.0,27.0,79210.0,79210.0,79210.0,0.11375126390293225,current_internal_high,internal,0.0,17.0,79020.0,79020.0,79020.0,0.1263902932254803,79020.0,79130.0,79020.0,79120.0,1845.0,173309.0,0,0,0,0,0,0,,79020.0,17.0,below,0.1263902932254803,78980.0,True,1.0,78860.0,31.0,below,0.32861476238624876,78870.0,True,9.0,79210.0,27.0,above,0.11375126390293225,79240.0,False,,78810.0,29.0,below,0.3918099089989888,78730.0,False,,0,0,5.3245022646364326e-05,2,NONE,0.0035363887493117764,0.003018993623018772,0.0005173951262930041,0.841344746068543,5.3245022646364326e-05,0.00010649004529272865,,,,78841.1869136163,0.3536388749311776,0.11388080475769335,1.4149633064031233,,185,1,12596,12597,2025-07-29 21:10:00,2025-07-29 21:15:00,79030.0,79120.0,2,0.11388080475769335,0.05694040237884668,184.0,-1.0,12517.0,12595.0,2025-07-28 22:20:00,2025-07-29 21:05:00,78850.0,78980.0,79.0,0.16487000634115567,0.002086962105584249,3194.0,,1597.0,,53834.0,0.0,681.4430379746835,0.0,2.343556116952112,,0.05933053460638258,,100.0,0.0,0.0,True,False,,,,,0,0,,,,,0,0,0.17137999972840184,55.682559705860044,
CU:5m:1:-1:12541:12549:1,CU,15m,4198,2025-07-29 21:15:00,5.0,1,1,CHoCH,1,78160.0,238.0,CHoCH,1,79110.0,31.0,12,9,5,1,current_internal_high,internal,0.0,20.0,79210.0,79210.0,79210.0,0.11375126390293225,current_internal_low,internal,0.0,21.0,78810.0,78810.0,78810.0,0.3918099089989888,78910.0,79040.0,78870.0,79030.0,5430.0,173329.0,1,1,0,1,1,0,active_bear_internal_ob,79210.0,20.0,above,0.11375126390293225,79240.0,False,,78810.0,21.0,below,0.3918099089989888,78840.0,False,,80130.0,105.0,above,1.2765419615773508,78160.0,False,,78730.0,1.0,below,0.4929221435793731,77770.0,False,,-1,-1,-0.00012968103469319245,-94,DOWN_CONFIRMED,0.0013031261837489268,-0.001734215708645802,0.0034023637812702857,0.8139951481080979,-0.00012968103469319245,-0.012190017261160091,-6.471964023813115e-05,-7.190513309751623e-05,-7.423941379725019e-05,78927.14796687574,0.1303126183748927,0.24099441907661223,2.85136839459581,,54,-1,4105,4198,2025-07-24 21:00:00,2025-07-29 21:00:00,79440.0,79030.0,94,-0.5161127895266904,-0.005490561590709472,53.0,1.0,3957.0,4104.0,2025-07-17 22:45:00,2025-07-24 14:45:00,78120.0,79890.0,148.0,2.2657450076804864,0.015309087889733015,234611.0,,2495.8617021276596,,366855.0,0.0,2478.75,0.0,1.006903359406015,,0.6395197012443609,,18.085106382978726,30.851063829787233,51.06382978723404,True,True,2025-07-29 21:00:00,79030.0,2025-07-29 13:30:00,78880.0,3,2,2025-07-29 21:00:00,79030.0,2025-07-29 13:30:00,78880.0,6,6,1.9619034496735652,87.33678176621768,
CU:5m:1:-1:12541:12549:1,CU,1h,1221,2025-07-29 15:00:00,380.0,-1,-1,CHoCH,-1,77920.0,93.0,BOS,-1,79180.0,16.0,9,4,2,2,active_bear_internal_ob,internal,-1.0,16.0,79180.0,79550.0,79365.0,0.07583417593528817,current_internal_low,internal,0.0,10.0,78730.0,78730.0,78730.0,0.4929221435793731,78890.0,78920.0,78820.0,78840.0,9870.0,173684.0,0,0,0,0,0,0,,79240.0,3.0,above,0.15166835187057634,79550.0,False,,78730.0,10.0,below,0.4929221435793731,79180.0,False,,80990.0,118.0,above,2.3634984833164814,78870.0,False,,77700.0,43.0,below,1.79474216380182,77920.0,False,,1,1,0.0003534427605614437,63,UP_CONFIRMED,-0.009922160166810943,-0.0005932722046163796,0.010823518176617478,0.19436879205433977,0.0003534427605614437,0.022266893915370956,-0.0008962487565205013,-0.0018750590318971083,-0.004036426486143774,79630.10263241845,-0.9922160166810943,-0.050709939148074756,0.5036537663665593,,17,1,1159,1221,2025-07-18 21:00:00,2025-07-29 14:00:00,78760.0,78840.0,63,0.1015744032503818,0.0016122921150854255,16.0,-1.0,1073.0,1158.0,2025-07-07 09:00:00,2025-07-18 14:00:00,79550.0,78410.0,86.0,-1.4330609679446882,-0.016663499627263816,542055.0,,8604.047619047618,,801655.0,0.0,9321.56976744186,0.0,0.9230256098173094,,0.6761699234708197,,36.507936507936506,23.809523809523807,39.682539682539684,True,True,,,2025-07-22 21:00:00,79750.0,0,1,2025-07-23 21:00:00,79880.0,2025-07-24 21:00:00,79380.0,2,3,18.243764148054364,179.35888266097723,4.0
CU:5m:1:-1:12541:12549:1,CU,4h,541,2025-07-29 15:00:00,380.0,1,1,BOS,1,79470.0,91.0,CHoCH,1,78160.0,31.0,4,2,1,1,active_bear_internal_ob,internal,-1.0,57.0,79440.0,80160.0,79800.0,0.40444893832153694,current_internal_low,internal,0.0,1.0,78750.0,78750.0,78750.0,0.467644084934277,78940.0,78960.0,78820.0,78840.0,15622.0,173684.0,0,0,0,0,0,0,,80130.0,14.0,above,1.2765419615773508,78160.0,False,,78750.0,1.0,below,0.467644084934277,77770.0,False,,80990.0,25.0,above,2.3634984833164814,79470.0,False,,77810.0,77.0,below,1.6557128412537918,77390.0,False,,-1,-1,-0.00036824491304935606,-56,DOWN_CONFIRMED,0.0028158787479660953,0.002841298060295116,0.014939577878229325,0.4993212101696277,-0.00036824491304935606,-0.02062171513076394,0.0005708552654366539,0.001694205068534238,0.006749529680358357,78618.61950015508,0.2815878747966095,-0.17726006583945741,-0.31394837087857264,,8,-1,486,541,2025-07-09 21:00:00,2025-07-29 13:30:00,78310.0,78840.0,56,0.676797343889679,0.01208566685517284,7.0,1.0,390.0,485.0,2025-06-05 21:00:00,2025-07-09 13:30:00,78620.0,78400.0,96.0,-0.2798270160264571,-0.0029148647502755948,1062336.0,,18970.285714285714,,2057966.0,0.0,21437.145833333332,0.0,0.8849259067309317,,0.5162067789263768,,28.57142857142857,12.5,58.92857142857143,True,False,2025-07-15 09:00:00,77830.0,,,1,0,2025-07-18 00:00:00,78260.0,2025-07-24 21:00:00,79260.0,1,1,5.2580115007989,279.71043068370113,
CU:5m:1:1:12561:12574:1,CU,5m,12576,2025-07-29 13:35:00,0.0,-1,1,BOS,-1,79180.0,168.0,CHoCH,1,78980.0,2.0,26,14,11,4,current_internal_high,internal,0.0,16.0,78980.0,78980.0,78980.0,0.07602635580334516,current_internal_low,internal,0.0,10.0,78860.0,78860.0,78860.0,0.07602635580334516,78940.0,78960.0,78910.0,78920.0,1299.0,175030.0,1,1,1,0,1,0,active_bull_internal_ob,78980.0,16.0,above,0.07602635580334516,79090.0,True,2.0,78860.0,10.0,below,0.07602635580334516,78870.0,False,,79210.0,6.0,above,0.3674607197161683,79240.0,False,,78810.0,8.0,below,0.1393816523061328,78730.0,False,,-1,-1,-2.85013341927709e-05,-60,DOWN_CONFIRMED,-0.0019179067571851646,-0.0019344892762560766,0.0006861726443757782,0.5096401745921397,-2.85013341927709e-05,-0.001710080051566254,-0.0002463783253292551,-0.00042151218484254294,-0.0009319077445546498,79071.65205577957,-0.19179067571851646,-0.07596859964548175,2.597424306596454,,184,-1,12517,12576,2025-07-28 22:20:00,2025-07-29 13:30:00,78850.0,78920.0,60,0.08877615726061716,0.001479602621010286,183.0,1.0,12501.0,12516.0,2025-07-28 21:00:00,2025-07-28 22:15:00,79190.0,78970.0,16.0,-0.27781285515847687,-0.017363303447404804,35430.0,,590.5,,15651.0,0.0,978.1875,0.0,0.6036674972845185,,2.2637531148169447,,45.0,23.333333333333332,31.666666666666664,True,True,,,,,0,0,2025-07-29 10:45:00,78960.0,2025-07-29 13:30:00,78920.0,2,2,0.3547048064819288,48.299823465601584,
CU:5m:1:1:12561:12574:1,CU,15m,4191,2025-07-29 11:30:00,125.0,1,1,CHoCH,1,78160.0,231.0,CHoCH,1,79110.0,24.0,12,9,5,1,active_bear_internal_ob,internal,-1.0,48.0,79110.0,79300.0,79205.0,0.240750126710593,current_internal_low,internal,0.0,14.0,78810.0,78810.0,78810.0,0.1393816523061328,78960.0,79020.0,78950.0,78980.0,2072.0,175250.0,0,0,0,0,0,0,,79210.0,13.0,above,0.3674607197161683,79240.0,False,,78810.0,14.0,below,0.1393816523061328,78840.0,False,,80130.0,98.0,above,1.5331981753674606,78160.0,False,,77770.0,216.0,below,1.4571718195641155,77700.0,False,,-1,-1,-0.00013870998637807431,-87,DOWN_CONFIRMED,0.0005458060017379321,-0.0018397068144053758,0.00350917040299826,0.7516825316094327,-0.00013870998637807431,-0.012067768814892466,3.32517798276033e-05,2.9407609275500235e-05,0.0004637147608350656,78936.91575762081,0.05458060017379321,0.02532928064842288,0.19029811494892465,,54,-1,4105,4191,2025-07-24 21:00:00,2025-07-29 11:15:00,79440.0,78980.0,87,-0.5790533736153125,-0.006655785903624281,53.0,1.0,3957.0,4104.0,2025-07-17 22:45:00,2025-07-24 14:45:00,78120.0,79890.0,148.0,2.2657450076804864,0.015309087889733015,213559.0,,2454.7011494252874,,366855.0,0.0,2478.75,0.0,0.9902979927081341,,0.5821346308487004,,19.54022988505747,26.436781609195403,54.02298850574713,True,False,2025-07-29 10:45:00,78980.0,2025-07-29 09:15:00,78930.0,2,1,2025-07-29 11:15:00,78980.0,2025-07-29 11:00:00,78960.0,5,5,1.9074617626681363,85.47156332093576,
CU:5m:1:1:12561:12574:1,CU,1h,1219,2025-07-29 11:30:00,125.0,-1,-1,CHoCH,-1,77920.0,91.0,BOS,-1,79180.0,14.0,9,4,2,2,active_bear_internal_ob,internal,-1.0,14.0,79180.0,79550.0,79365.0,0.3294475418144957,current_internal_low,internal,0.0,8.0,78730.0,78730.0,78730.0,0.240750126710593,78970.0,79020.0,78950.0,78980.0,3705.0,175250.0,0,0,0,0,0,0,,79240.0,1.0,above,0.40547389761784086,79550.0,False,,78730.0,8.0,below,0.240750126710593,79180.0,False,,80990.0,116.0,above,2.622909275215408,78870.0,False,,77700.0,41.0,below,1.5458692346680183,77920.0,False,,1,1,0.0003727111840986526,61,UP_CONFIRMED,-0.008618365177293818,-0.00029088119543466676,0.010867784657302853,0.22176257743930822,0.0003727111840986526,0.02273538223001781,-0.0005353971872442687,-0.0017315397262096521,-0.003957402346380312,79666.59581516698,-0.8618365177293817,0.0,-1.177522348848953,,17,1,1159,1219,2025-07-18 21:00:00,2025-07-29 11:00:00,78760.0,78980.0,61,0.27932960893854997,0.004579173917025409,16.0,-1.0,1073.0,1158.0,2025-07-07 09:00:00,2025-07-18 14:00:00,79550.0,78410.0,86.0,-1.4330609679446882,-0.016663499627263816,526433.0,,8630.04918032787,,801655.0,0.0,9321.56976744186,0.0,0.9258150070893298,,0.6566827375866177,,37.704918032786885,24.59016393442623,37.704918032786885,True,True,,,2025-07-22 21:00:00,79750.0,0,1,2025-07-23 21:00:00,79880.0,2025-07-24 21:00:00,79380.0,2,3,37.361592388476716,189.72982841154757,2.0
CU:5m:1:1:12561:12574:1,CU,4h,540,2025-07-29 11:30:00,125.0,1,1,BOS,1,79470.0,90.0,CHoCH,1,78160.0,30.0,4,2,1,1,active_bear_internal_ob,internal,-1.0,56.0,79440.0,80160.0,79800.0,0.6588950836289914,current_internal_low,internal,0.0,0.0,78750.0,78750.0,78750.0,0.21540800810947794,78950.0,79020.0,78860.0,78980.0,16424.0,175250.0,0,0,0,0,0,0,,80130.0,13.0,above,1.5331981753674606,78160.0,False,,78750.0,0.0,below,0.21540800810947794,77770.0,False,,80990.0,24.0,above,2.622909275215408,79470.0,False,,77810.0,76.0,below,1.4064875823618854,77390.0,False,,-1,-1,-0.0003763540350247477,-55,DOWN_CONFIRMED,0.00467639270560234,0.0028417602296101894,0.015074780037094202,0.5484325273014127,-0.0003763540350247477,-0.020699471926361124,0.0006805944657983787,0.0016584230144283119,0.007210864078245782,78612.37765058475,0.467639270560234,-0.03796987723072576,-0.2648208590311126,,8,-1,486,540,2025-07-09 21:00:00,2025-07-29 09:00:00,78310.0,78980.0,55,0.8555740007661905,0.015555890923021646,7.0,1.0,390.0,485.0,2025-06-05 21:00:00,2025-07-09 13:30:00,78620.0,78400.0,96.0,-0.2798270160264571,-0.0029148647502755948,1046714.0,,19031.163636363635,,2057966.0,0.0,21437.145833333332,0.0,0.8877657401001324,,0.5086157885990342,,29.09090909090909,12.727272727272727,58.18181818181818,True,False,2025-07-15 09:00:00,77830.0,,,1,0,2025-07-18 00:00:00,78260.0,2025-07-24 21:00:00,79260.0,1,1,5.304733270604622,288.9189253516781,
CU:5m:1:-1:12575:12588:1,CU,5m,12594,2025-07-29 21:05:00,0.0,-1,-1,BOS,-1,79180.0,186.0,CHoCH,-1,78860.0,6.0,25,15,11,4,active_bear_internal_ob,internal,-1.0,6.0,78950.0,79020.0,78985.0,0.02533890789306981,current_internal_low,internal,0.0,28.0,78860.0,78860.0,78860.0,0.08868617762574432,78910.0,78950.0,78870.0,78930.0,2643.0,173286.0,0,0,0,0,0,0,,79020.0,14.0,above,0.11402508551881414,78980.0,False,,78860.0,28.0,below,0.08868617762574432,78870.0,True,6.0,79210.0,24.0,above,0.3547447105029773,79240.0,False,,78810.0,26.0,below,0.15203344735841884,78730.0,False,,-1,-1,-6.183524011151056e-05,-78,DOWN_CONFIRMED,0.0013311131549815654,-0.0018625330034266262,0.0007551718166506811,0.9999882650780285,-6.183524011151056e-05,-0.004823148728697824,-0.0023075901116338393,-0.002614663147504359,-0.003262698849732071,78825.07490585042,0.13311131549815655,0.11415525114155667,3.1118630323584413,,184,-1,12517,12594,2025-07-28 22:20:00,2025-07-29 21:00:00,78850.0,78930.0,78,0.10145846544071802,0.0013007495569322823,183.0,1.0,12501.0,12516.0,2025-07-28 21:00:00,2025-07-28 22:15:00,79190.0,78970.0,16.0,-0.27781285515847687,-0.017363303447404804,52396.0,,671.7435897435897,,15651.0,0.0,978.1875,0.0,0.6867227292759207,,3.3477733052201137,,34.61538461538461,19.230769230769234,46.15384615384615,True,False,2025-07-29 14:55:00,78840.0,,,1,0,2025-07-29 21:00:00,78930.0,2025-07-29 13:30:00,78920.0,3,2,0.40545419343514516,48.49018836271277,
CU:5m:1:-1:12575:12588:1,CU,15m,4197,2025-07-29 15:00:00,365.0,1,1,CHoCH,1,78160.0,237.0,CHoCH,1,79110.0,30.0,12,9,5,1,active_bear_internal_ob,internal,-1.0,54.0,79110.0,79300.0,79205.0,0.22805017103762829,current_internal_low,internal,0.0,20.0,78810.0,78810.0,78810.0,0.15203344735841884,78850.0,78870.0,78820.0,78840.0,3466.0,173684.0,0,0,0,0,0,0,,79210.0,19.0,above,0.3547447105029773,79240.0,False,,78810.0,20.0,below,0.15203344735841884,78840.0,False,,80130.0,104.0,above,1.5203344735841884,78160.0,False,,78730.0,0.0,below,0.25338907893069806,77770.0,False,,-1,-1,-0.00013174308067490063,-93,DOWN_CONFIRMED,-0.0010413670551102038,-0.0017668752988866056,0.003405919593972694,0.5843419427757518,-0.00013174308067490063,-0.012252106502765758,-0.00015490038707388631,-0.00014275693233600784,-0.00012296778838682965,78922.18696542304,-0.10413670551102037,-0.012682308180089752,1.833492970398565,,54,-1,4105,4197,2025-07-24 21:00:00,2025-07-29 14:45:00,79440.0,78840.0,93,-0.7552870090634434,-0.008121365688854229,53.0,1.0,3957.0,4104.0,2025-07-17 22:45:00,2025-07-24 14:45:00,78120.0,79890.0,148.0,2.2657450076804864,0.015309087889733015,229181.0,,2464.3118279569894,,366855.0,0.0,2478.75,0.0,0.9941752205575348,,0.6247182129179103,,18.27956989247312,30.107526881720432,51.61290322580645,True,True,2025-07-29 10:45:00,78980.0,2025-07-29 13:30:00,78880.0,2,2,2025-07-29 11:15:00,78980.0,2025-07-29 13:30:00,78880.0,5,6,1.9276513719552988,78.67038036361905,
CU:5m:1:-1:12575:12588:1,CU,1h,1221,2025-07-29 15:00:00,365.0,-1,-1,CHoCH,-1,77920.0,93.0,BOS,-1,79180.0,16.0,9,4,2,2,active_bear_internal_ob,internal,-1.0,16.0,79180.0,79550.0,79365.0,0.31673634866337264,current_internal_low,internal,0.0,10.0,78730.0,78730.0,78730.0,0.25338907893069806,78890.0,78920.0,78820.0,78840.0,9870.0,173684.0,0,0,0,0,0,0,,79240.0,3.0,above,0.39275307234258205,79550.0,False,,78730.0,10.0,below,0.25338907893069806,79180.0,False,,80990.0,118.0,above,2.60990751298619,78870.0,False,,77700.0,43.0,below,1.5583428354237931,77920.0,False,,1,1,0.0003534427605614437,63,UP_CONFIRMED,-0.009922160166810943,-0.0005932722046163796,0.010823518176617478,0.19436879205433977,0.0003534427605614437,0.022266893915370956,-0.0008962487565205013,-0.0018750590318971083,-0.004036426486143774,79630.10263241845,-0.9922160166810943,-0.050709939148074756,0.5036537663665593,,17,1,1159,1221,2025-07-18 21:00:00,2025-07-29 14:00:00,78760.0,78840.0,63,0.1015744032503818,0.0016122921150854255,16.0,-1.0,1073.0,1158.0,2025-07-07 09:00:00,2025-07-18 14:00:00,79550.0,78410.0,86.0,-1.4330609679446882,-0.016663499627263816,542055.0,,8604.047619047618,,801655.0,0.0,9321.56976744186,0.0,0.9230256098173094,,0.6761699234708197,,36.507936507936506,23.809523809523807,39.682539682539684,True,True,,,2025-07-22 21:00:00,79750.0,0,1,2025-07-23 21:00:00,79880.0,2025-07-24 21:00:00,79380.0,2,3,18.243764148054364,179.35888266097723,4.0
CU:5m:1:-1:12575:12588:1,CU,4h,541,2025-07-29 15:00:00,365.0,1,1,BOS,1,79470.0,91.0,CHoCH,1,78160.0,31.0,4,2,1,1,active_bear_internal_ob,internal,-1.0,57.0,79440.0,80160.0,79800.0,0.6461421512732801,current_internal_low,internal,0.0,1.0,78750.0,78750.0,78750.0,0.22805017103762829,78940.0,78960.0,78820.0,78840.0,15622.0,173684.0,0,0,0,0,0,0,,80130.0,14.0,above,1.5203344735841884,78160.0,False,,78750.0,1.0,below,0.22805017103762829,77770.0,False,,80990.0,25.0,above,2.60990751298619,79470.0,False,,77810.0,77.0,below,1.4189788420119092,77390.0,False,,-1,-1,-0.00036824491304935606,-56,DOWN_CONFIRMED,0.0028158787479660953,0.002841298060295116,0.014939577878229325,0.4993212101696277,-0.00036824491304935606,-0.02062171513076394,0.0005708552654366539,0.001694205068534238,0.006749529680358357,78618.61950015508,0.2815878747966095,-0.17726006583945741,-0.31394837087857264,,8,-1,486,541,2025-07-09 21:00:00,2025-07-29 13:30:00,78310.0,78840.0,56,0.676797343889679,0.01208566685517284,7.0,1.0,390.0,485.0,2025-06-05 21:00:00,2025-07-09 13:30:00,78620.0,78400.0,96.0,-0.2798270160264571,-0.0029148647502755948,1062336.0,,18970.285714285714,,2057966.0,0.0,21437.145833333332,0.0,0.8849259067309317,,0.5162067789263768,,28.57142857142857,12.5,58.92857142857143,True,False,2025-07-15 09:00:00,77830.0,,,1,0,2025-07-18 00:00:00,78260.0,2025-07-24 21:00:00,79260.0,1,1,5.2580115007989,279.71043068370113,
CU:5m:1:-1:12618:12622:1,CU,5m,12627,2025-07-29 23:50:00,0.0,-1,-1,BOS,-1,79180.0,219.0,CHoCH,-1,79110.0,5.0,26,13,11,4,active_bear_internal_ob,internal,-1.0,5.0,79130.0,79180.0,79155.0,0.025281253950195932,active_bull_internal_ob,internal,1.0,31.0,78820.0,78860.0,78840.0,0.3160156743774491,79110.0,79130.0,79100.0,79110.0,73.0,172454.0,1,0,0,0,1,0,current_internal_low,79180.0,4.0,above,0.08848438882568575,79220.0,False,,79110.0,6.0,overlap,0.0,79050.0,True,5.0,79210.0,57.0,above,0.12640626975097966,79240.0,False,,78810.0,59.0,below,0.37921880925293894,78730.0,False,,0,0,0.00014939201332025281,32,NONE,-0.001258125282978448,-0.0008559930031486639,0.0010671439222322068,0.35314982063725425,0.00014939201332025281,0.00478054442624809,-3.2915394554078325e-05,-6.528545305317657e-05,-0.00012607289790989018,79209.65567045502,-0.1258125282978448,0.0,-1.1024987868528804,,185,1,12596,12627,2025-07-29 21:10:00,2025-07-29 23:45:00,79030.0,79110.0,32,0.101227382006841,0.0031633556877137814,184.0,-1.0,12517.0,12595.0,2025-07-28 22:20:00,2025-07-29 21:05:00,78850.0,78980.0,79.0,0.16487000634115567,0.002086962105584249,16420.0,,513.125,,53834.0,0.0,681.4430379746835,0.0,0.752997640896088,,0.30501170264145333,,65.625,34.375,0.0,False,True,,,2025-07-29 21:20:00,79180.0,0,1,2025-07-29 23:35:00,79120.0,2025-07-29 23:25:00,79080.0,3,3,1.2466736507271092,43.18573544233003,
CU:5m:1:-1:12618:12622:1,CU,15m,4208,2025-07-29 23:45:00,5.0,1,1,CHoCH,1,78160.0,248.0,CHoCH,1,79110.0,41.0,12,9,5,1,current_internal_high,internal,0.0,0.0,79220.0,79220.0,79220.0,0.13904689672607762,current_internal_low,internal,0.0,1.0,79050.0,79050.0,79050.0,0.07584376185058779,79080.0,79120.0,79070.0,79110.0,442.0,172455.0,1,1,0,1,1,0,active_bear_internal_ob,79220.0,0.0,above,0.13904689672607762,79230.0,False,,79050.0,1.0,below,0.07584376185058779,78820.0,False,,80130.0,115.0,above,1.2893439514599925,78160.0,False,,78730.0,11.0,below,0.48034382505372264,77770.0,False,,-1,-1,-0.00011199956582642248,-104,DOWN_CONFIRMED,0.0017669977732863106,-0.0013621942395276201,0.0034315574215191065,0.8190858519489906,-0.00011199956582642248,-0.011647954845947939,0.00011844532293858734,0.0005487517080049464,0.0004768071168426147,78970.45937413051,0.17669977732863107,0.03793626707131459,-1.2239413037510747,,54,-1,4105,4208,2025-07-24 21:00:00,2025-07-29 23:30:00,79440.0,79110.0,104,-0.41540785498489496,-0.003994306297931682,53.0,1.0,3957.0,4104.0,2025-07-17 22:45:00,2025-07-24 14:45:00,78120.0,79890.0,148.0,2.2657450076804864,0.015309087889733015,249609.0,,2400.0865384615386,,366855.0,0.0,2478.75,0.0,0.9682648667520075,,0.6804023387987079,,25.961538461538463,27.884615384615387,46.15384615384615,False,False,2025-07-29 21:00:00,79030.0,2025-07-29 13:30:00,78880.0,3,2,2025-07-29 21:00:00,79030.0,2025-07-29 13:30:00,78880.0,6,6,2.5191395778542547,85.25478107106741,
CU:5m:1:-1:12618:12622:1,CU,1h,1223,2025-07-29 23:00:00,50.0,-1,-1,CHoCH,-1,77920.0,95.0,BOS,-1,79180.0,18.0,9,4,2,2,active_bear_internal_ob,internal,-1.0,18.0,79180.0,79550.0,79365.0,0.08848438882568575,current_internal_low,internal,0.0,12.0,78730.0,78730.0,78730.0,0.48034382505372264,79110.0,79220.0,79050.0,79160.0,4783.0,172601.0,0,0,0,0,0,0,,79240.0,5.0,above,0.16432815067627354,79550.0,False,,78730.0,12.0,below,0.48034382505372264,79180.0,False,,80990.0,120.0,above,2.3764378713184175,78870.0,False,,77700.0,45.0,below,1.782328403488813,77920.0,False,,1,1,0.000336751783396511,65,UP_CONFIRMED,-0.00553583266843444,-0.0007563026950316297,0.01069509746396182,0.32747731426294036,0.000336751783396511,0.021888865920773215,-0.0009212893213010886,-0.0017101626867226383,-0.004035675669387118,79600.65591142327,-0.5535832668434439,0.06320313487548912,-0.7899963220548467,,17,1,1159,1223,2025-07-18 21:00:00,2025-07-29 22:00:00,78760.0,79160.0,65,0.507872016251909,0.007813415634644754,16.0,-1.0,1073.0,1158.0,2025-07-07 09:00:00,2025-07-18 14:00:00,79550.0,78410.0,86.0,-1.4330609679446882,-0.016663499627263816,560547.0,,8623.8,,801655.0,0.0,9321.56976744186,0.0,0.9251446070940741,,0.6992372030362188,,35.38461538461539,26.153846153846157,38.46153846153847,True,True,,,2025-07-22 21:00:00,79750.0,0,1,2025-07-29 21:00:00,79110.0,2025-07-24 21:00:00,79380.0,3,3,14.141292281808587,192.66148555972018,4.0
CU:5m:1:-1:12618:12622:1,CU,4h,541,2025-07-29 15:00:00,530.0,1,1,BOS,1,79470.0,91.0,CHoCH,1,78160.0,31.0,4,2,1,1,active_bear_internal_ob,internal,-1.0,57.0,79440.0,80160.0,79800.0,0.41714069017823285,current_internal_low,internal,0.0,1.0,78750.0,78750.0,78750.0,0.4550625711035267,78940.0,78960.0,78820.0,78840.0,15622.0,173684.0,0,0,0,0,0,0,,80130.0,14.0,above,1.2893439514599925,78160.0,False,,78750.0,1.0,below,0.4550625711035267,77770.0,False,,80990.0,25.0,above,2.3764378713184175,79470.0,False,,77810.0,77.0,below,1.6432815067627355,77390.0,False,,-1,-1,-0.00036824491304935606,-56,DOWN_CONFIRMED,0.0028158787479660953,0.002841298060295116,0.014939577878229325,0.4993212101696277,-0.00036824491304935606,-0.02062171513076394,0.0005708552654366539,0.001694205068534238,0.006749529680358357,78618.61950015508,0.2815878747966095,-0.17726006583945741,-0.31394837087857264,,8,-1,486,541,2025-07-09 21:00:00,2025-07-29 13:30:00,78310.0,78840.0,56,0.676797343889679,0.01208566685517284,7.0,1.0,390.0,485.0,2025-06-05 21:00:00,2025-07-09 13:30:00,78620.0,78400.0,96.0,-0.2798270160264571,-0.0029148647502755948,1062336.0,,18970.285714285714,,2057966.0,0.0,21437.145833333332,0.0,0.8849259067309317,,0.5162067789263768,,28.57142857142857,12.5,58.92857142857143,True,False,2025-07-15 09:00:00,77830.0,,,1,0,2025-07-18 00:00:00,78260.0,2025-07-24 21:00:00,79260.0,1,1,5.2580115007989,279.71043068370113,
CU:5m:1:-1:12618:12622:2,CU,5m,12634,2025-07-30 00:25:00,0.0,-1,-1,BOS,-1,79180.0,226.0,CHoCH,-1,79110.0,12.0,26,13,11,4,active_bear_internal_ob,internal,-1.0,12.0,79130.0,79180.0,79155.0,0.01263902932254803,current_internal_low,internal,0.0,5.0,79070.0,79070.0,79070.0,0.06319514661274014,79110.0,79130.0,79110.0,79120.0,40.0,172442.0,0,0,0,0,0,0,,79180.0,11.0,above,0.07583417593528817,79220.0,False,,79070.0,5.0,below,0.06319514661274014,79110.0,False,,79210.0,64.0,above,0.11375126390293225,79240.0,False,,78810.0,66.0,below,0.3918099089989888,78730.0,False,,0,0,0.0001221046628403727,39,NONE,-0.0011135237746145656,-0.0009098598289096744,0.0009741917377573239,0.4172009320145538,0.0001221046628403727,0.0047620818507745355,-1.2150403684074718e-05,-3.1615694106146286e-05,-0.00010598655470661633,79208.20021408281,-0.11135237746145656,0.012640626975102265,-1.0597128224463537,,185,1,12596,12634,2025-07-29 21:10:00,2025-07-30 00:20:00,79030.0,79120.0,39,0.11388080475769335,0.00292002063481265,184.0,-1.0,12517.0,12595.0,2025-07-28 22:20:00,2025-07-29 21:05:00,78850.0,78980.0,79.0,0.16487000634115567,0.002086962105584249,16882.0,,432.87179487179486,,53834.0,0.0,681.4430379746835,0.0,0.6352281419710926,,0.3135936397072482,,53.84615384615385,46.15384615384615,0.0,False,True,,,2025-07-29 21:20:00,79180.0,0,1,2025-07-29 23:35:00,79120.0,2025-07-29 23:25:00,79080.0,3,3,1.0707052963583867,34.53550566500996,
CU:5m:1:-1:12618:12622:2,CU,15m,4210,2025-07-30 00:15:00,10.0,1,1,CHoCH,1,78160.0,250.0,CHoCH,1,79110.0,43.0,12,9,5,1,current_internal_high,internal,0.0,2.0,79220.0,79220.0,79220.0,0.1263902932254803,current_internal_low,internal,0.0,3.0,79050.0,79050.0,79050.0,0.0884732052578362,79120.0,79140.0,79100.0,79120.0,223.0,172453.0,1,1,0,1,1,0,active_bear_internal_ob,79220.0,2.0,above,0.1263902932254803,79230.0,False,,79050.0,3.0,below,0.0884732052578362,78820.0,False,,80130.0,117.0,above,1.2765419615773508,78160.0,False,,78730.0,13.0,below,0.4929221435793731,77770.0,False,,-1,-1,-0.00010973288071624283,-106,DOWN_CONFIRMED,0.0018771352729932845,-0.0012998059197812733,0.0034286864138943535,0.822926840431351,-0.00010973288071624283,-0.01163168535592174,7.95681665641812e-05,0.00029732153524908433,0.00046399532828522716,78971.7593250007,0.18771352729932844,-0.01263743207380319,-1.176447475105181,,54,-1,4105,4210,2025-07-24 21:00:00,2025-07-30 00:00:00,79440.0,79120.0,106,-0.40281973816717054,-0.0038001862091242506,53.0,1.0,3957.0,4104.0,2025-07-17 22:45:00,2025-07-24 14:45:00,78120.0,79890.0,148.0,2.2657450076804864,0.015309087889733015,250077.0,,2359.2169811320755,,366855.0,0.0,2478.75,0.0,0.9517768960694203,,0.681678047184855,,27.358490566037734,27.358490566037734,45.28301886792453,False,False,2025-07-29 21:00:00,79030.0,2025-07-29 13:30:00,78880.0,3,2,2025-07-29 21:00:00,79030.0,2025-07-29 13:30:00,78880.0,6,6,2.6378448980070197,79.02070408678773,
CU:5m:1:-1:12618:12622:2,CU,1h,1224,2025-07-30 00:00:00,25.0,-1,-1,CHoCH,-1,77920.0,96.0,BOS,-1,79180.0,19.0,9,4,2,2,active_bear_internal_ob,internal,-1.0,19.0,79180.0,79550.0,79365.0,0.07583417593528817,current_internal_low,internal,0.0,13.0,78730.0,78730.0,78730.0,0.4929221435793731,79150.0,79180.0,79070.0,79130.0,2181.0,172446.0,0,0,0,0,0,0,,79240.0,6.0,above,0.15166835187057634,79550.0,False,,78730.0,13.0,below,0.4929221435793731,79180.0,False,,80990.0,121.0,above,2.3634984833164814,78870.0,False,,77700.0,46.0,below,1.79474216380182,77920.0,False,,1,1,0.0003310247196488233,66,UP_CONFIRMED,-0.005872599769020612,-0.0008338223476678264,0.01063214965636608,0.3177788452915078,0.0003310247196488233,0.02184763149682234,-0.0008680160563722117,-0.0014029485102614592,-0.0038312137095962706,79597.4439308429,-0.5872599769020612,-0.03789792824658855,-1.2860443213213075,,17,1,1159,1224,2025-07-18 21:00:00,2025-07-29 23:00:00,78760.0,79130.0,66,0.46978161503301585,0.007117903258075998,16.0,-1.0,1073.0,1158.0,2025-07-07 09:00:00,2025-07-18 14:00:00,79550.0,78410.0,86.0,-1.4330609679446882,-0.016663499627263816,562728.0,,8526.181818181818,,801655.0,0.0,9321.56976744186,0.0,0.9146723170985478,,0.7019578247500483,,34.84848484848485,27.27272727272727,37.878787878787875,True,True,,,2025-07-22 21:00:00,79750.0,0,1,2025-07-29 21:00:00,79110.0,2025-07-24 21:00:00,79380.0,3,3,12.751097024568665,186.7570937340259,4.0
CU:5m:1:-1:12618:12622:2,CU,4h,542,2025-07-30 00:00:00,25.0,1,1,BOS,1,79470.0,92.0,CHoCH,1,78160.0,32.0,4,2,1,1,active_bear_internal_ob,internal,-1.0,58.0,79440.0,80160.0,79800.0,0.40444893832153694,current_internal_low,internal,0.0,2.0,78750.0,78750.0,78750.0,0.467644084934277,78910.0,79230.0,78870.0,79130.0,20673.0,172446.0,0,0,0,0,0,0,,80130.0,15.0,above,1.2765419615773508,78160.0,False,,78750.0,2.0,below,0.467644084934277,77770.0,False,,80990.0,26.0,above,2.3634984833164814,79470.0,False,,77810.0,78.0,below,1.6557128412537918,77390.0,False,,-1,-1,-0.0003586081719597603,-57,DOWN_CONFIRMED,0.006318542820602604,0.0029023023543355985,0.014814984345707785,0.591184727122926,-0.0003586081719597603,-0.020440665801706337,0.0006511909443949193,0.0014328174909152835,0.005810351939375957,78633.15305530108,0.6318542820602604,0.3678335870116678,0.1749353077625345,,8,-1,486,542,2025-07-09 21:00:00,2025-07-29 21:00:00,78310.0,79130.0,57,1.0471204188481575,0.018370533664002764,7.0,1.0,390.0,485.0,2025-06-05 21:00:00,2025-07-09 13:30:00,78620.0,78400.0,96.0,-0.2798270160264571,-0.0029148647502755948,1083009.0,,19000.157894736843,,2057966.0,0.0,21437.145833333332,0.0,0.8863193842341113,,0.5262521343890035,,28.07017543859649,12.280701754385964,59.64912280701754,True,False,2025-07-15 09:00:00,77830.0,,,1,0,2025-07-18 00:00:00,78260.0,2025-07-24 21:00:00,79260.0,1,1,5.104562701255592,287.58825706343674,
CU:5m:1:-1:12618:12622:3,CU,5m,12642,2025-07-30 09:05:00,0.0,-1,1,BOS,-1,79180.0,234.0,CHoCH,1,79140.0,0.0,27,13,11,4,current_swing_high,swing,0.0,72.0,79210.0,79210.0,79210.0,0.07580543272267846,current_internal_high,internal,0.0,7.0,79140.0,79140.0,79140.0,0.012634238787113077,79140.0,79180.0,79110.0,79150.0,1619.0,172296.0,1,1,0,1,1,0,active_bear_internal_ob,79140.0,7.0,below,0.012634238787113077,79180.0,True,0.0,79070.0,13.0,below,0.10107391029690461,79110.0,False,,79210.0,72.0,above,0.07580543272267846,79240.0,False,,78810.0,74.0,below,0.42956411876184464,78730.0,False,,0,0,9.890491195921631e-05,47,NONE,-0.0006218325733467463,-0.0009758030464817564,0.0009089544218734037,0.6515194743988052,9.890491195921631e-05,0.004648530862083167,-9.224222223458423e-05,-0.00011602929211362856,-0.00016429654003780048,79199.24867260922,-0.06218325733467463,0.07586294095334178,4.256080971910198,,185,1,12596,12642,2025-07-29 21:10:00,2025-07-30 09:00:00,79030.0,79150.0,47,0.1518410730102504,0.003230661127877668,184.0,-1.0,12517.0,12595.0,2025-07-28 22:20:00,2025-07-29 21:05:00,78850.0,78980.0,79.0,0.16487000634115567,0.002086962105584249,19421.0,,413.21276595744683,,53834.0,0.0,681.4430379746835,0.0,0.6063790264635416,,0.3607571423264108,,44.680851063829785,55.319148936170215,0.0,False,True,,,2025-07-29 21:20:00,79180.0,0,1,2025-07-30 09:00:00,79150.0,2025-07-30 00:50:00,79090.0,5,5,0.9314937324192885,37.49557933177828,
CU:5m:1:-1:12618:12622:3,CU,15m,4213,2025-07-30 01:00:00,485.0,1,1,CHoCH,1,78160.0,253.0,CHoCH,1,79110.0,46.0,12,9,5,1,current_internal_high,internal,0.0,5.0,79220.0,79220.0,79220.0,0.08843967150979153,current_internal_low,internal,0.0,6.0,79050.0,79050.0,79050.0,0.12634238787113075,79090.0,79120.0,79070.0,79090.0,541.0,172310.0,1,1,0,1,1,0,active_bear_internal_ob,79220.0,5.0,above,0.08843967150979153,79230.0,False,,79050.0,6.0,below,0.12634238787113075,78820.0,False,,80130.0,120.0,above,1.2381554011370814,78160.0,False,,78730.0,16.0,below,0.5306380290587492,77770.0,False,,-1,-1,-0.00010642547861061364,-109,DOWN_CONFIRMED,0.001465529575155957,-0.0012186422426950123,0.0034156675634454013,0.7840196958538497,-0.00010642547861061364,-0.011600377168556886,4.813839119810481e-05,0.0001665894159039727,0.000532158242767089,78974.26088499695,0.14655295751559572,0.0,-0.7001404440329434,,54,-1,4105,4213,2025-07-24 21:00:00,2025-07-30 00:45:00,79440.0,79090.0,109,-0.4405840886203438,-0.004042055858902237,53.0,1.0,3957.0,4104.0,2025-07-17 22:45:00,2025-07-24 14:45:00,78120.0,79890.0,148.0,2.2657450076804864,0.015309087889733015,251064.0,,2303.3394495412845,,366855.0,0.0,2478.75,0.0,0.9292342711210426,,0.6843684834607678,,29.357798165137616,26.605504587155966,44.03669724770643,False,False,2025-07-29 21:00:00,79030.0,2025-07-29 13:30:00,78880.0,3,2,2025-07-29 21:00:00,79030.0,2025-07-29 13:30:00,78880.0,6,6,2.8028468436246676,72.71446314820432,
CU:5m:1:-1:12618:12622:3,CU,1h,1225,2025-07-30 01:00:00,485.0,-1,-1,CHoCH,-1,77920.0,97.0,BOS,-1,79180.0,20.0,9,4,2,2,active_bear_internal_ob,internal,-1.0,20.0,79180.0,79550.0,79365.0,0.03790271636133923,current_internal_low,internal,0.0,14.0,78730.0,78730.0,78730.0,0.5306380290587492,79120.0,79140.0,79070.0,79090.0,1210.0,172310.0,0,0,0,0,0,0,,79240.0,7.0,above,0.11370814908401769,79550.0,False,,78730.0,14.0,below,0.5306380290587492,79180.0,False,,80990.0,122.0,above,2.324699936828806,78870.0,False,,77700.0,47.0,below,1.831964624131396,77920.0,False,,1,1,0.0003257145177345329,67,UP_CONFIRMED,-0.00635105289882005,-0.0009161690723118894,0.0105736913194005,0.30362578082352176,0.0003257145177345329,0.0218228726882137,-0.0007273820271440634,-0.0013659994067958259,-0.003592732363155604,79595.51532835925,-0.635105289882005,-0.05054972829521276,-1.3578858615247609,,17,1,1159,1225,2025-07-18 21:00:00,2025-07-30 00:00:00,78760.0,79090.0,67,0.41899441340782495,0.00625364796131082,16.0,-1.0,1073.0,1158.0,2025-07-07 09:00:00,2025-07-18 14:00:00,79550.0,78410.0,86.0,-1.4330609679446882,-0.016663499627263816,563938.0,,8416.985074626866,,801655.0,0.0,9321.56976744186,0.0,0.9029579013639414,,0.7034672022253962,,34.32835820895522,28.35820895522388,37.3134328358209,True,True,,,2025-07-22 21:00:00,79750.0,0,1,2025-07-29 21:00:00,79110.0,2025-07-30 00:00:00,79090.0,3,4,11.541200897251988,178.4173013244526,4.0
CU:5m:1:-1:12618:12622:3,CU,4h,543,2025-07-30 01:00:00,485.0,1,1,BOS,1,79470.0,93.0,CHoCH,1,78160.0,33.0,4,2,1,1,current_internal_high,internal,0.0,0.0,79240.0,79240.0,79240.0,0.11370814908401769,current_internal_low,internal,0.0,3.0,78750.0,78750.0,78750.0,0.505369551484523,79120.0,79140.0,79070.0,79090.0,1210.0,172310.0,0,0,0,0,0,0,,79240.0,0.0,above,0.11370814908401769,80130.0,False,,78750.0,3.0,below,0.505369551484523,77770.0,False,,80990.0,27.0,above,2.324699936828806,79470.0,False,,77810.0,79.0,below,1.6929879974731523,77390.0,False,,-1,-1,-0.0003522328603222026,-58,DOWN_CONFIRMED,0.005798392692609181,0.0029522349463747977,0.014691551123639277,0.5768053784217091,-0.0003522328603222026,-0.02042950589868775,0.0003987950080441838,0.0012092968523593761,0.005767428470788927,78634.04890543644,0.5798392692609181,-0.05054972829521276,-1.5053540050362517,,8,-1,486,543,2025-07-09 21:00:00,2025-07-30 00:00:00,78310.0,79090.0,58,0.996041374026313,0.017173127138384706,7.0,1.0,390.0,485.0,2025-06-05 21:00:00,2025-07-09 13:30:00,78620.0,78400.0,96.0,-0.2798270160264571,-0.0029148647502755948,1084219.0,,18693.431034482757,,2057966.0,0.0,21437.145833333332,0.0,0.8720111893541219,,0.5268400935681153,,27.586206896551722,12.068965517241379,60.3448275862069,True,False,2025-07-15 09:00:00,77830.0,,,1,0,2025-07-18 00:00:00,78260.0,2025-07-24 21:00:00,79260.0,1,1,4.976416643831072,272.0462387017627,
CU:5m:1:-1:12618:12622:4,CU,5m,12650,2025-07-30 09:45:00,0.0,-1,1,BOS,-1,79180.0,242.0,CHoCH,1,79140.0,8.0,26,13,11,4,active_bear_internal_ob,internal,-1.0,28.0,79130.0,79180.0,79155.0,0.01263902932254803,current_internal_low,internal,0.0,4.0,79070.0,79070.0,79070.0,0.06319514661274014,79100.0,79140.0,79100.0,79120.0,389.0,171701.0,0,0,0,0,0,0,,79180.0,3.0,above,0.07583417593528817,79140.0,False,,79070.0,4.0,below,0.06319514661274014,79070.0,False,,79230.0,2.0,above,0.1390293225480283,79210.0,False,,78820.0,7.0,below,0.3791708796764408,78810.0,False,,0,0,1.0116339996886955e-05,-3,NONE,0.001094042268399228,0.0008561143246337884,0.00026162633117081743,0.8184354890488494,1.0116339996886955e-05,3.0349019990660864e-05,,,,79033.53397321234,0.10940422683992279,0.012640626975102265,-0.014375446298603265,,186,-1,12648,12650,2025-07-30 09:30:00,2025-07-30 09:40:00,79070.0,79120.0,3,0.06323510813204258,0.021078369377347528,185.0,1.0,12596.0,12647.0,2025-07-29 21:10:00,2025-07-30 09:25:00,79030.0,79070.0,52.0,0.0506136910034094,0.0009733402116040269,1948.0,,649.3333333333334,,22646.0,0.0,435.5,0.0,1.4910065059318791,,0.08601960611145457,,0.0,100.0,0.0,False,False,2025-07-30 09:30:00,79070.0,,,1,0,2025-07-30 09:35:00,79110.0,,,1,0,0.3055974227305807,42.81410674224717,
CU:5m:1:-1:12618:12622:4,CU,15m,4216,2025-07-30 09:45:00,0.0,1,1,CHoCH,1,78160.0,256.0,CHoCH,1,79110.0,49.0,12,9,5,1,current_internal_high,internal,0.0,8.0,79220.0,79220.0,79220.0,0.1263902932254803,current_internal_low,internal,0.0,9.0,79050.0,79050.0,79050.0,0.0884732052578362,79080.0,79140.0,79030.0,79120.0,1948.0,171701.0,1,1,0,1,1,0,active_bear_internal_ob,79220.0,8.0,above,0.1263902932254803,79230.0,False,,79050.0,9.0,below,0.0884732052578362,78820.0,False,,80130.0,123.0,above,1.2765419615773508,78160.0,False,,78730.0,19.0,below,0.4929221435793731,77770.0,False,,-1,-1,-0.00010151561165396006,-112,DOWN_CONFIRMED,0.0016116886702991946,-0.0011448662110529336,0.0033994121364072137,0.7912860491095406,-0.00010151561165396006,-0.011369748505243527,0.00026082934060012164,0.0003171218675903642,0.0008318757831988766,78992.68837910292,0.16116886702991945,0.06323510813204258,0.22496489297981925,,54,-1,4105,4216,2025-07-24 21:00:00,2025-07-30 09:30:00,79440.0,79120.0,112,-0.40281973816717054,-0.0035966048050640226,53.0,1.0,3957.0,4104.0,2025-07-17 22:45:00,2025-07-24 14:45:00,78120.0,79890.0,148.0,2.2657450076804864,0.015309087889733015,257856.0,,2302.285714285714,,366855.0,0.0,2478.75,0.0,0.9288091636049276,,0.7028826102956209,,31.25,25.892857142857146,42.857142857142854,False,False,2025-07-29 21:00:00,79030.0,2025-07-29 13:30:00,78880.0,3,2,2025-07-29 21:00:00,79030.0,2025-07-29 13:30:00,78880.0,6,6,2.9692658439808213,76.92553773199887,
CU:5m:1:-1:12618:12622:4,CU,1h,1225,2025-07-30 01:00:00,525.0,-1,-1,CHoCH,-1,77920.0,97.0,BOS,-1,79180.0,20.0,9,4,2,2,active_bear_internal_ob,internal,-1.0,20.0,79180.0,79550.0,79365.0,0.07583417593528817,current_internal_low,internal,0.0,14.0,78730.0,78730.0,78730.0,0.4929221435793731,79120.0,79140.0,79070.0,79090.0,1210.0,172310.0,0,0,0,0,0,0,,79240.0,7.0,above,0.15166835187057634,79550.0,False,,78730.0,14.0,below,0.4929221435793731,79180.0,False,,80990.0,122.0,above,2.3634984833164814,78870.0,False,,77700.0,47.0,below,1.79474216380182,77920.0,False,,1,1,0.0003257145177345329,67,UP_CONFIRMED,-0.00635105289882005,-0.0009161690723118894,0.0105736913194005,0.30362578082352176,0.0003257145177345329,0.0218228726882137,-0.0007273820271440634,-0.0013659994067958259,-0.003592732363155604,79595.51532835925,-0.635105289882005,-0.05054972829521276,-1.3578858615247609,,17,1,1159,1225,2025-07-18 21:00:00,2025-07-30 00:00:00,78760.0,79090.0,67,0.41899441340782495,0.00625364796131082,16.0,-1.0,1073.0,1158.0,2025-07-07 09:00:00,2025-07-18 14:00:00,79550.0,78410.0,86.0,-1.4330609679446882,-0.016663499627263816,563938.0,,8416.985074626866,,801655.0,0.0,9321.56976744186,0.0,0.9029579013639414,,0.7034672022253962,,34.32835820895522,28.35820895522388,37.3134328358209,True,True,,,2025-07-22 21:00:00,79750.0,0,1,2025-07-29 21:00:00,79110.0,2025-07-30 00:00:00,79090.0,3,4,11.541200897251988,178.4173013244526,4.0
CU:5m:1:-1:12618:12622:4,CU,4h,543,2025-07-30 01:00:00,525.0,1,1,BOS,1,79470.0,93.0,CHoCH,1,78160.0,33.0,4,2,1,1,current_internal_high,internal,0.0,0.0,79240.0,79240.0,79240.0,0.15166835187057634,current_internal_low,internal,0.0,3.0,78750.0,78750.0,78750.0,0.467644084934277,79120.0,79140.0,79070.0,79090.0,1210.0,172310.0,0,0,0,0,0,0,,79240.0,0.0,above,0.15166835187057634,80130.0,False,,78750.0,3.0,below,0.467644084934277,77770.0,False,,80990.0,27.0,above,2.3634984833164814,79470.0,False,,77810.0,79.0,below,1.6557128412537918,77390.0,False,,-1,-1,-0.0003522328603222026,-58,DOWN_CONFIRMED,0.005798392692609181,0.0029522349463747977,0.014691551123639277,0.5768053784217091,-0.0003522328603222026,-0.02042950589868775,0.0003987950080441838,0.0012092968523593761,0.005767428470788927,78634.04890543644,0.5798392692609181,-0.05054972829521276,-1.5053540050362517,,8,-1,486,543,2025-07-09 21:00:00,2025-07-30 00:00:00,78310.0,79090.0,58,0.996041374026313,0.017173127138384706,7.0,1.0,390.0,485.0,2025-06-05 21:00:00,2025-07-09 13:30:00,78620.0,78400.0,96.0,-0.2798270160264571,-0.0029148647502755948,1084219.0,,18693.431034482757,,2057966.0,0.0,21437.145833333332,0.0,0.8720111893541219,,0.5268400935681153,,27.586206896551722,12.068965517241379,60.3448275862069,True,False,2025-07-15 09:00:00,77830.0,,,1,0,2025-07-18 00:00:00,78260.0,2025-07-24 21:00:00,79260.0,1,1,4.976416643831072,272.0462387017627,
CU:5m:1:-1:12618:12622:5,CU,5m,12655,2025-07-30 10:10:00,0.0,-1,1,BOS,-1,79180.0,247.0,CHoCH,1,79140.0,13.0,26,13,11,4,current_internal_high,internal,0.0,8.0,79180.0,79180.0,79180.0,0.03790271636133923,current_internal_low,internal,0.0,2.0,79030.0,79030.0,79030.0,0.15161086544535693,79090.0,79160.0,79090.0,79150.0,492.0,171701.0,1,1,0,1,1,0,active_bear_internal_ob,79180.0,8.0,above,0.03790271636133923,79140.0,False,,79030.0,2.0,below,0.15161086544535693,79070.0,False,,79230.0,7.0,above,0.10107391029690461,79210.0,False,,78820.0,12.0,below,0.4169298799747315,78810.0,False,,0,0,1.9801868046648297e-05,-8,NONE,0.0013453936453679588,0.0009816106299973997,0.00028176595033997713,0.9016624197682288,1.9801868046648297e-05,0.00015841494437318637,0.0001280620378252273,,,79043.65516862947,0.13453936453679588,0.06321112515803584,-0.1542553144473943,,186,-1,12648,12655,2025-07-30 09:30:00,2025-07-30 10:05:00,79070.0,79150.0,8,0.10117617301126369,0.012647021626407962,185.0,1.0,12596.0,12647.0,2025-07-29 21:10:00,2025-07-30 09:25:00,79030.0,79070.0,52.0,0.0506136910034094,0.0009733402116040269,5262.0,,657.75,,22646.0,0.0,435.5,0.0,1.510332950631458,,0.2323589154817628,,0.0,100.0,0.0,True,False,2025-07-30 09:30:00,79070.0,,,1,0,2025-07-30 09:35:00,79110.0,,,1,0,0.28704451819223226,45.36137869386487,
CU:5m:1:-1:12618:12622:5,CU,15m,4217,2025-07-30 10:00:00,10.0,1,1,CHoCH,1,78160.0,257.0,CHoCH,1,79110.0,50.0,12,9,5,1,current_internal_high,internal,0.0,9.0,79220.0,79220.0,79220.0,0.08843967150979153,current_internal_low,internal,0.0,10.0,79050.0,79050.0,79050.0,0.12634238787113075,79130.0,79160.0,79090.0,79100.0,2249.0,171885.0,1,1,0,1,1,0,active_bear_internal_ob,79220.0,9.0,above,0.08843967150979153,79230.0,False,,79050.0,10.0,below,0.12634238787113075,78820.0,False,,79240.0,0.0,above,0.11370814908401769,80130.0,False,,78730.0,20.0,below,0.5306380290587492,77770.0,False,,-1,-1,-0.0001000158935249787,-113,DOWN_CONFIRMED,0.0012896780099750874,-0.001123321571928792,0.0033920089277889123,0.7615748995939632,-0.0001000158935249787,-0.011301795968322592,0.00031886448223339414,0.00036310132631189873,0.0009620982648501641,78998.11786456066,0.12896780099750874,-0.025278058645095136,0.4803042002718622,,54,-1,4105,4217,2025-07-24 21:00:00,2025-07-30 09:45:00,79440.0,79100.0,113,-0.4279959718026194,-0.0037875749717045963,53.0,1.0,3957.0,4104.0,2025-07-17 22:45:00,2025-07-24 14:45:00,78120.0,79890.0,148.0,2.2657450076804864,0.015309087889733015,260105.0,,2301.8141592920356,,366855.0,0.0,2478.75,0.0,0.9286189245757077,,0.709013097817939,,31.858407079646017,25.663716814159294,42.47787610619469,False,False,2025-07-29 21:00:00,79030.0,2025-07-29 13:30:00,78880.0,3,2,2025-07-29 21:00:00,79030.0,2025-07-29 13:30:00,78880.0,6,6,3.0196241330651965,76.43085646542752,
CU:5m:1:-1:12618:12622:5,CU,1h,1226,2025-07-30 10:00:00,10.0,-1,-1,CHoCH,-1,77920.0,98.0,BOS,-1,79180.0,21.0,9,4,2,2,active_bear_internal_ob,internal,-1.0,21.0,79180.0,79550.0,79365.0,0.03790271636133923,current_internal_low,internal,0.0,0.0,78820.0,78820.0,78820.0,0.4169298799747315,79140.0,79180.0,79030.0,79100.0,9041.0,171885.0,0,0,0,0,0,0,,79240.0,8.0,above,0.11370814908401769,79550.0,False,,78820.0,0.0,below,0.4169298799747315,78730.0,False,,80990.0,123.0,above,2.324699936828806,78870.0,False,,77700.0,48.0,below,1.831964624131396,77920.0,False,,1,1,0.00031821907137818636,68,UP_CONFIRMED,-0.006046459626586951,-0.000991614521639464,0.010513807691624131,0.3153358704952819,0.00031821907137818636,0.02163889685371667,-0.0006143181055672242,-0.0015100162802494932,-0.003436170237280045,79581.18441862318,-0.6046459626586951,0.01264382349221993,0.501047039846498,,17,1,1159,1226,2025-07-18 21:00:00,2025-07-30 09:00:00,78760.0,79100.0,68,0.4316912138141227,0.006348400203148863,16.0,-1.0,1073.0,1158.0,2025-07-07 09:00:00,2025-07-18 14:00:00,79550.0,78410.0,86.0,-1.4330609679446882,-0.016663499627263816,572979.0,,8426.161764705883,,801655.0,0.0,9321.56976744186,0.0,0.9039423589508029,,0.7147451210308674,,33.82352941176471,29.411764705882355,36.76470588235294,True,True,,,2025-07-22 21:00:00,79750.0,0,1,2025-07-29 21:00:00,79110.0,2025-07-30 00:00:00,79090.0,3,4,10.602716541747855,176.38749408699172,4.0
CU:5m:1:-1:12618:12622:5,CU,4h,543,2025-07-30 01:00:00,550.0,1,1,BOS,1,79470.0,93.0,CHoCH,1,78160.0,33.0,4,2,1,1,current_internal_high,internal,0.0,0.0,79240.0,79240.0,79240.0,0.11370814908401769,current_internal_low,internal,0.0,3.0,78750.0,78750.0,78750.0,0.505369551484523,79120.0,79140.0,79070.0,79090.0,1210.0,172310.0,0,0,0,0,0,0,,79240.0,0.0,above,0.11370814908401769,80130.0,False,,78750.0,3.0,below,0.505369551484523,77770.0,False,,80990.0,27.0,above,2.324699936828806,79470.0,False,,77810.0,79.0,below,1.6929879974731523,77390.0,False,,-1,-1,-0.0003522328603222026,-58,DOWN_CONFIRMED,0.005798392692609181,0.0029522349463747977,0.014691551123639277,0.5768053784217091,-0.0003522328603222026,-0.02042950589868775,0.0003987950080441838,0.0012092968523593761,0.005767428470788927,78634.04890543644,0.5798392692609181,-0.05054972829521276,-1.5053540050362517,,8,-1,486,543,2025-07-09 21:00:00,2025-07-30 00:00:00,78310.0,79090.0,58,0.996041374026313,0.017173127138384706,7.0,1.0,390.0,485.0,2025-06-05 21:00:00,2025-07-09 13:30:00,78620.0,78400.0,96.0,-0.2798270160264571,-0.0029148647502755948,1084219.0,,18693.431034482757,,2057966.0,0.0,21437.145833333332,0.0,0.8720111893541219,,0.5268400935681153,,27.586206896551722,12.068965517241379,60.3448275862069,True,False,2025-07-15 09:00:00,77830.0,,,1,0,2025-07-18 00:00:00,78260.0,2025-07-24 21:00:00,79260.0,1,1,4.976416643831072,272.0462387017627,
CU:5m:1:1:12637:12642:1,CU,5m,12645,2025-07-30 09:20:00,0.0,-1,1,BOS,-1,79180.0,237.0,CHoCH,1,79140.0,3.0,27,13,11,4,current_swing_high,swing,0.0,75.0,79210.0,79210.0,79210.0,0.07580543272267846,current_internal_high,internal,0.0,10.0,79140.0,79140.0,79140.0,0.012634238787113077,79140.0,79150.0,79080.0,79150.0,509.0,172132.0,1,1,0,1,1,0,active_bear_internal_ob,79140.0,10.0,below,0.012634238787113077,79180.0,True,3.0,79070.0,16.0,below,0.10107391029690461,79110.0,False,,79210.0,75.0,above,0.07580543272267846,79240.0,False,,78820.0,2.0,below,0.4169298799747315,78810.0,False,,0,0,9.148373368306651e-05,50,NONE,-0.0005478729302631077,-0.0009540832989171364,0.0008855727654598993,0.6767744391949267,9.148373368306651e-05,0.004574186684153325,-0.00014901328737870756,-0.00018506219896452514,-0.00021464176191643425,79193.38791349363,-0.05478729302631077,0.012635835228702597,0.6362371283458237,,185,1,12596,12645,2025-07-29 21:10:00,2025-07-30 09:15:00,79030.0,79150.0,50,0.1518410730102504,0.003036821460205008,184.0,-1.0,12517.0,12595.0,2025-07-28 22:20:00,2025-07-29 21:05:00,78850.0,78980.0,79.0,0.16487000634115567,0.002086962105584249,21490.0,,429.8,,53834.0,0.0,681.4430379746835,0.0,0.6307203625961288,,0.3991901029089423,,42.0,57.99999999999999,0.0,True,True,,,2025-07-29 21:20:00,79180.0,0,1,2025-07-30 09:00:00,79150.0,2025-07-30 00:50:00,79090.0,5,5,0.9281922935502644,40.75356697956155,
CU:5m:1:1:12637:12642:1,CU,15m,4214,2025-07-30 09:15:00,5.0,1,1,CHoCH,1,78160.0,254.0,CHoCH,1,79110.0,47.0,12,9,5,1,current_internal_high,internal,0.0,6.0,79220.0,79220.0,79220.0,0.08843967150979153,current_internal_low,internal,0.0,7.0,79050.0,79050.0,79050.0,0.12634238787113075,79140.0,79180.0,79110.0,79140.0,3179.0,172142.0,1,1,0,1,1,0,active_bear_internal_ob,79220.0,6.0,above,0.08843967150979153,79230.0,False,,79050.0,7.0,below,0.12634238787113075,78820.0,False,,80130.0,121.0,above,1.2381554011370814,78160.0,False,,78730.0,17.0,below,0.5306380290587492,77770.0,False,,-1,-1,-0.00010425118582627321,-110,DOWN_CONFIRMED,0.001964078746605308,-0.001189708415519555,0.003413498843668316,0.8222350475582029,-0.00010425118582627321,-0.011467630440890053,0.00017384648641138867,0.0002821685671290375,0.0006788959284498297,78984.86750043895,0.1964078746605308,0.06321911746112185,0.9847599436653275,,54,-1,4105,4214,2025-07-24 21:00:00,2025-07-30 09:00:00,79440.0,79140.0,110,-0.3776435045317217,-0.003433122768470197,53.0,1.0,3957.0,4104.0,2025-07-17 22:45:00,2025-07-24 14:45:00,78120.0,79890.0,148.0,2.2657450076804864,0.015309087889733015,254243.0,,2311.3,,366855.0,0.0,2478.75,0.0,0.9324457892082704,,0.6930340325196603,,30.0,26.36363636363636,43.63636363636363,False,False,2025-07-29 21:00:00,79030.0,2025-07-29 13:30:00,78880.0,3,2,2025-07-29 21:00:00,79030.0,2025-07-29 13:30:00,78880.0,6,6,2.869189457803082,73.94914435190401,
CU:5m:1:1:12637:12642:1,CU,1h,1225,2025-07-30 01:00:00,500.0,-1,-1,CHoCH,-1,77920.0,97.0,BOS,-1,79180.0,20.0,9,4,2,2,active_bear_internal_ob,internal,-1.0,20.0,79180.0,79550.0,79365.0,0.03790271636133923,current_internal_low,internal,0.0,14.0,78730.0,78730.0,78730.0,0.5306380290587492,79120.0,79140.0,79070.0,79090.0,1210.0,172310.0,0,0,0,0,0,0,,79240.0,7.0,above,0.11370814908401769,79550.0,False,,78730.0,14.0,below,0.5306380290587492,79180.0,False,,80990.0,122.0,above,2.324699936828806,78870.0,False,,77700.0,47.0,below,1.831964624131396,77920.0,False,,1,1,0.0003257145177345329,67,UP_CONFIRMED,-0.00635105289882005,-0.0009161690723118894,0.0105736913194005,0.30362578082352176,0.0003257145177345329,0.0218228726882137,-0.0007273820271440634,-0.0013659994067958259,-0.003592732363155604,79595.51532835925,-0.635105289882005,-0.05054972829521276,-1.3578858615247609,,17,1,1159,1225,2025-07-18 21:00:00,2025-07-30 00:00:00,78760.0,79090.0,67,0.41899441340782495,0.00625364796131082,16.0,-1.0,1073.0,1158.0,2025-07-07 09:00:00,2025-07-18 14:00:00,79550.0,78410.0,86.0,-1.4330609679446882,-0.016663499627263816,563938.0,,8416.985074626866,,801655.0,0.0,9321.56976744186,0.0,0.9029579013639414,,0.7034672022253962,,34.32835820895522,28.35820895522388,37.3134328358209,True,True,,,2025-07-22 21:00:00,79750.0,0,1,2025-07-29 21:00:00,79110.0,2025-07-30 00:00:00,79090.0,3,4,11.541200897251988,178.4173013244526,4.0
CU:5m:1:1:12637:12642:1,CU,4h,543,2025-07-30 01:00:00,500.0,1,1,BOS,1,79470.0,93.0,CHoCH,1,78160.0,33.0,4,2,1,1,current_internal_high,internal,0.0,0.0,79240.0,79240.0,79240.0,0.11370814908401769,current_internal_low,internal,0.0,3.0,78750.0,78750.0,78750.0,0.505369551484523,79120.0,79140.0,79070.0,79090.0,1210.0,172310.0,0,0,0,0,0,0,,79240.0,0.0,above,0.11370814908401769,80130.0,False,,78750.0,3.0,below,0.505369551484523,77770.0,False,,80990.0,27.0,above,2.324699936828806,79470.0,False,,77810.0,79.0,below,1.6929879974731523,77390.0,False,,-1,-1,-0.0003522328603222026,-58,DOWN_CONFIRMED,0.005798392692609181,0.0029522349463747977,0.014691551123639277,0.5768053784217091,-0.0003522328603222026,-0.02042950589868775,0.0003987950080441838,0.0012092968523593761,0.005767428470788927,78634.04890543644,0.5798392692609181,-0.05054972829521276,-1.5053540050362517,,8,-1,486,543,2025-07-09 21:00:00,2025-07-30 00:00:00,78310.0,79090.0,58,0.996041374026313,0.017173127138384706,7.0,1.0,390.0,485.0,2025-06-05 21:00:00,2025-07-09 13:30:00,78620.0,78400.0,96.0,-0.2798270160264571,-0.0029148647502755948,1084219.0,,18693.431034482757,,2057966.0,0.0,21437.145833333332,0.0,0.8720111893541219,,0.5268400935681153,,27.586206896551722,12.068965517241379,60.3448275862069,True,False,2025-07-15 09:00:00,77830.0,,,1,0,2025-07-18 00:00:00,78260.0,2025-07-24 21:00:00,79260.0,1,1,4.976416643831072,272.0462387017627,
CU:5m:1:1:12648:12660:1,CU,5m,12665,2025-07-30 11:15:00,0.0,-1,1,BOS,-1,79180.0,257.0,BOS,1,79180.0,5.0,27,12,11,4,current_swing_high,swing,0.0,17.0,79230.0,79230.0,79230.0,0.16434892541087232,active_bull_internal_ob,internal,1.0,5.0,79030.0,79090.0,79060.0,0.012642225031605562,79110.0,79120.0,79080.0,79100.0,763.0,171726.0,0,0,0,0,0,0,,79240.0,3.0,above,0.17699115044247787,79180.0,False,,79030.0,12.0,below,0.08849557522123894,79070.0,False,,79230.0,17.0,above,0.16434892541087232,79210.0,False,,78820.0,22.0,below,0.35398230088495575,78810.0,False,,0,0,-1.749092846895876e-05,9,NONE,-0.0015852982450850572,-0.0010869659751378592,0.0003058025294324148,0.05159425355488301,-1.749092846895876e-05,-0.00015741835622062883,-0.00010882412346158166,,,79225.59619861949,-0.15852982450850572,-0.025278058645095136,0.499069796024199,,187,1,12657,12665,2025-07-30 10:30:00,2025-07-30 11:10:00,79160.0,79100.0,9,-0.0757958564931771,-0.008421761832575234,186.0,-1.0,12648.0,12656.0,2025-07-30 09:30:00,2025-07-30 10:10:00,79070.0,79180.0,9.0,0.1391172378904848,0.015457470876720534,5908.0,,656.4444444444445,,6064.0,0.0,673.7777777777778,0.0,0.9742744063324538,,0.9742744063324539,,88.88888888888889,11.11111111111111,0.0,True,True,,,2025-07-30 10:30:00,79160.0,0,1,,,2025-07-30 11:10:00,79100.0,0,1,0.281335880263989,45.48531936006085,
CU:5m:1:1:12648:12660:1,CU,15m,4221,2025-07-30 11:15:00,0.0,1,1,CHoCH,1,78160.0,261.0,CHoCH,1,79110.0,54.0,12,9,5,1,active_bear_internal_ob,internal,-1.0,78.0,79110.0,79300.0,79205.0,0.012642225031605562,current_internal_low,internal,0.0,0.0,79030.0,79030.0,79030.0,0.08849557522123894,79150.0,79160.0,79080.0,79100.0,1992.0,171726.0,0,0,0,0,0,0,,79220.0,13.0,above,0.15170670037926676,79230.0,False,,79030.0,0.0,below,0.08849557522123894,79050.0,False,,79240.0,4.0,above,0.17699115044247787,80130.0,False,,78730.0,24.0,below,0.46776232616940583,77770.0,False,,0,0,-2.122672443579295e-05,3,NONE,-0.0016746020819713413,-0.0012897588157509971,0.0002722435221460479,0.07873978597768688,-2.122672443579295e-05,-6.368017330737885e-05,,,,79232.68321627415,-0.1674602081971341,-0.06317119393556281,0.8696957023324872,,55,1,4219,4221,2025-07-30 10:30:00,2025-07-30 11:00:00,79150.0,79100.0,3,-0.06317119393556281,-0.0210570646451876,54.0,-1.0,4105.0,4218.0,2025-07-24 21:00:00,2025-07-30 10:00:00,79440.0,79180.0,114.0,-0.327291037260824,-0.0028709740110598593,5908.0,,1969.3333333333333,,261972.0,0.0,2298.0,0.0,0.8569770815201624,,0.022552028461056906,,100.0,0.0,0.0,False,True,,,2025-07-30 10:30:00,79150.0,0,1,,,,,0,0,0.21108095468804894,80.72708484769564,
CU:5m:1:1:12648:12660:1,CU,1h,1227,2025-07-30 11:00:00,15.0,-1,-1,CHoCH,-1,77920.0,99.0,BOS,-1,79180.0,22.0,9,4,2,2,active_bear_internal_ob,internal,-1.0,22.0,79180.0,79550.0,79365.0,0.1011378002528445,current_internal_low,internal,0.0,1.0,78820.0,78820.0,78820.0,0.35398230088495575,79110.0,79240.0,79070.0,79150.0,5783.0,171964.0,0,0,0,0,0,0,,79240.0,9.0,above,0.17699115044247787,79550.0,False,,78820.0,1.0,below,0.35398230088495575,78730.0,False,,80130.0,0.0,above,1.302149178255373,80990.0,False,,77700.0,49.0,below,1.7699115044247788,77920.0,False,,1,1,0.00031210138177511013,69,UP_CONFIRMED,-0.005317010336738602,-0.0010543014175104658,0.01045013573957964,0.34167008444466374,0.00031210138177511013,0.0215349953424826,-0.0004305061985337977,-0.001408863733370791,-0.003440468055408319,79573.09094709193,-0.5317010336738602,0.06321112515803584,-0.3106935906603635,,17,1,1159,1227,2025-07-18 21:00:00,2025-07-30 10:00:00,78760.0,79150.0,69,0.4951752158456113,0.007176452403559584,16.0,-1.0,1073.0,1158.0,2025-07-07 09:00:00,2025-07-18 14:00:00,79550.0,78410.0,86.0,-1.4330609679446882,-0.016663499627263816,578762.0,,8387.855072463768,,801655.0,0.0,9321.56976744186,0.0,0.8998328909966058,,0.7219589474275093,,33.33333333333333,30.434782608695656,36.231884057971016,True,True,,,2025-07-22 21:00:00,79750.0,0,1,2025-07-30 10:00:00,79150.0,2025-07-30 00:00:00,79090.0,4,4,9.911905235085111,175.93124450934945,3.0
CU:5m:1:1:12648:12660:1,CU,4h,543,2025-07-30 01:00:00,615.0,1,1,BOS,1,79470.0,93.0,CHoCH,1,78160.0,33.0,4,2,1,1,current_internal_high,internal,0.0,0.0,79240.0,79240.0,79240.0,0.17699115044247787,current_internal_low,internal,0.0,3.0,78750.0,78750.0,78750.0,0.4424778761061947,79120.0,79140.0,79070.0,79090.0,1210.0,172310.0,0,0,0,0,0,0,,79240.0,0.0,above,0.17699115044247787,80130.0,False,,78750.0,3.0,below,0.4424778761061947,77770.0,False,,80990.0,27.0,above,2.3893805309734515,79470.0,False,,77810.0,79.0,below,1.6308470290771178,77390.0,False,,-1,-1,-0.0003522328603222026,-58,DOWN_CONFIRMED,0.005798392692609181,0.0029522349463747977,0.014691551123639277,0.5768053784217091,-0.0003522328603222026,-0.02042950589868775,0.0003987950080441838,0.0012092968523593761,0.005767428470788927,78634.04890543644,0.5798392692609181,-0.05054972829521276,-1.5053540050362517,,8,-1,486,543,2025-07-09 21:00:00,2025-07-30 00:00:00,78310.0,79090.0,58,0.996041374026313,0.017173127138384706,7.0,1.0,390.0,485.0,2025-06-05 21:00:00,2025-07-09 13:30:00,78620.0,78400.0,96.0,-0.2798270160264571,-0.0029148647502755948,1084219.0,,18693.431034482757,,2057966.0,0.0,21437.145833333332,0.0,0.8720111893541219,,0.5268400935681153,,27.586206896551722,12.068965517241379,60.3448275862069,True,False,2025-07-15 09:00:00,77830.0,,,1,0,2025-07-18 00:00:00,78260.0,2025-07-24 21:00:00,79260.0,1,1,4.976416643831072,272.0462387017627,
CU:5m:1:-1:12657:12668:1,CU,5m,13417,2025-08-11 13:55:00,0.0,1,1,BOS,1,78610.0,74.0,BOS,1,79100.0,0.0,30,13,14,5,active_bear_internal_ob,internal,-1.0,987.0,79250.0,79300.0,79275.0,0.12634238787113075,current_internal_high,internal,0.0,20.0,79100.0,79100.0,79100.0,0.06317119393556538,79070.0,79150.0,79070.0,79150.0,996.0,160315.0,2,2,0,2,1,1,active_bear_internal_ob|active_bear_swing_ob,79100.0,20.0,below,0.06317119393556538,78990.0,True,0.0,78930.0,17.0,below,0.2779532533164877,78790.0,False,,78610.0,113.0,below,0.6822488945041061,78490.0,True,74.0,78320.0,75.0,below,1.0486418193303852,78230.0,False,,1,1,7.188190410675838e-05,99,UP_CONFIRMED,0.0024588226494084717,0.00191155218605887,0.0009833749910313158,0.7110731950962681,7.188190410675838e-05,0.00711630850656908,0.00033172948343596076,0.0005462211869544653,0.0010696947128960854,78955.8615393435,0.24588226494084717,0.08851795649975625,1.0241504568713162,,195,1,13319,13417,2025-08-08 11:25:00,2025-08-11 13:50:00,78470.0,79150.0,99,0.866573212692745,0.008753264774674191,194.0,-1.0,13289.0,13318.0,2025-08-08 00:40:00,2025-08-08 11:20:00,78350.0,78480.0,30.0,0.16592214422463947,0.005530738140821316,69727.0,,704.3131313131313,,16768.0,0.0,558.9333333333333,0.0,1.2601022148970622,,4.158337309160306,,72.72727272727273,26.262626262626267,1.0101010101010102,True,False,,,,,0,0,2025-08-11 10:40:00,79020.0,2025-08-11 10:30:00,78980.0,5,5,0.514437951630702,49.5705487348398,
CU:5m:1:-1:12657:12668:1,CU,15m,4471,2025-08-11 13:45:00,10.0,1,1,CHoCH,1,78590.0,54.0,BOS,1,78610.0,24.0,13,10,6,2,active_bear_internal_ob,internal,-1.0,343.0,79400.0,79510.0,79455.0,0.3158559696778269,current_internal_high,internal,0.0,2.0,79100.0,79100.0,79100.0,0.06317119393556538,78980.0,79070.0,78980.0,79060.0,2417.0,159963.0,3,3,0,3,2,1,active_bear_internal_ob|active_bear_swing_ob,79100.0,2.0,below,0.06317119393556538,79090.0,False,,78930.0,1.0,below,0.2779532533164877,78790.0,False,,78590.0,69.0,below,0.7075173720783322,78790.0,True,54.0,78050.0,52.0,below,1.3897662665824384,78030.0,False,,1,1,0.00010541448718732431,56,UP_CONFIRMED,0.004046955274161056,0.00286107200375892,0.001561948824970902,0.7761434397363299,0.00010541448718732431,0.005903211282490162,0.0007371196966172722,0.002056005838238617,0.0034261663760668526,78741.33732959948,0.40469552741610565,0.03796026825255705,0.34383592753352327,,59,1,4416,4471,2025-08-07 21:15:00,2025-08-11 13:30:00,78480.0,79060.0,56,0.7390417940876581,0.013197174894422467,58.0,-1.0,4358.0,4415.0,2025-08-05 22:15:00,2025-08-07 21:00:00,78080.0,78380.0,58.0,0.38422131147541894,0.006624505370265843,95936.0,,1713.142857142857,,82128.0,0.0,1416.0,0.0,1.2098466505246166,,1.1681278005065263,,51.78571428571429,42.857142857142854,5.357142857142857,False,False,,,,,0,0,2025-08-08 14:30:00,78480.0,2025-08-08 14:00:00,78440.0,3,3,0.5459313232658213,85.20029610680378,
CU:5m:1:-1:12657:12668:1,CU,1h,1300,2025-08-11 11:30:00,145.0,-1,1,CHoCH,-1,77920.0,172.0,BOS,1,78610.0,6.0,11,5,2,2,active_bear_internal_ob,internal,-1.0,95.0,79180.0,79550.0,79365.0,0.03790271636133923,current_internal_high,internal,0.0,10.0,78610.0,78610.0,78610.0,0.6822488945041061,79040.0,79070.0,79020.0,79030.0,3786.0,159814.0,1,1,0,1,1,0,active_bear_internal_ob,78610.0,10.0,below,0.6822488945041061,78490.0,True,6.0,78320.0,7.0,below,1.0486418193303852,78230.0,False,,80130.0,73.0,above,1.2381554011370814,80990.0,False,,77950.0,11.0,below,1.5161086544535691,77700.0,False,,0,0,0.0002133124670957403,7,NONE,0.009056694627952444,0.008968779977832754,0.0004898926428729189,0.5712105497668478,0.0002133124670957403,0.001493187269670182,0.0012572601636773317,,,78320.67357636333,0.9056694627952444,-0.012651821862352808,-0.5754351038503468,,19,1,1294,1300,2025-08-08 21:00:00,2025-08-11 11:00:00,78820.0,79030.0,7,0.2664298401420906,0.03806140573458437,18.0,-1.0,1231.0,1293.0,2025-07-30 21:00:00,2025-08-08 14:00:00,78670.0,78490.0,63.0,-0.22880386424304344,-0.0036318073689371975,53726.0,,7675.142857142857,,437140.0,0.0,6938.730158730159,0.0,1.1061307590245688,,0.12290341766939653,,100.0,0.0,0.0,False,False,,,,,0,0,,,,,0,0,0.05462199363611751,148.76290316101168,2.0
CU:5m:1:-1:12657:12668:1,CU,4h,576,2025-08-11 11:30:00,145.0,1,1,BOS,1,79470.0,126.0,CHoCH,1,78590.0,2.0,5,3,1,1,active_bear_internal_ob,internal,-1.0,92.0,79440.0,80160.0,79800.0,0.3663929248262792,current_internal_high,internal,0.0,10.0,78590.0,78590.0,78590.0,0.7075173720783322,78910.0,79100.0,78790.0,79030.0,23264.0,159814.0,1,1,0,1,1,0,active_bear_internal_ob,78590.0,10.0,below,0.7075173720783322,78790.0,True,2.0,78050.0,7.0,below,1.3897662665824384,78030.0,False,,80130.0,4.0,above,1.2381554011370814,80990.0,False,,77700.0,26.0,below,1.831964624131396,77810.0,False,,-1,-1,-0.0002380133693141766,-91,DOWN_CONFIRMED,0.0062986285122600275,0.0013282632492404513,0.012114040374588003,0.6592062818978918,-0.0002380133693141766,-0.02165921660759007,0.0005013716331305762,0.0004270513809983001,-0.00019641558893535027,78535.33509912476,0.6298628512260027,0.11401064099316738,1.3600187270273272,,8,-1,486,576,2025-07-09 21:00:00,2025-08-11 09:00:00,78310.0,79030.0,91,0.9194228067935128,0.01010354732740124,7.0,1.0,390.0,485.0,2025-06-05 21:00:00,2025-07-09 13:30:00,78620.0,78400.0,96.0,-0.2798270160264571,-0.0029148647502755948,1609090.0,,17682.30769230769,,2057966.0,0.0,21437.145833333332,0.0,0.8248443066899738,,0.7818836657165376,,20.87912087912088,23.076923076923077,56.043956043956044,False,False,2025-08-08 21:00:00,78950.0,2025-08-05 21:00:00,78120.0,3,2,2025-08-08 09:00:00,78470.0,2025-08-08 00:00:00,78360.0,4,3,9.120210456410089,236.86282813615708,
CU:5m:1:-1:12657:12668:2,CU,5m,13524,2025-08-12 21:05:00,0.0,1,1,BOS,1,79170.0,0.0,BOS,1,79030.0,7.0,30,12,15,4,active_bear_internal_ob,internal,-1.0,1094.0,79250.0,79300.0,79275.0,0.012619888944977283,current_swing_high,swing,0.0,55.0,79170.0,79170.0,79170.0,0.08833922261484099,79220.0,79280.0,79180.0,79240.0,3223.0,155969.0,0,0,0,0,0,0,,79030.0,31.0,below,0.26501766784452296,78970.0,True,7.0,78910.0,22.0,below,0.41645633518425035,78860.0,False,,79170.0,55.0,below,0.08833922261484099,78610.0,True,0.0,78750.0,43.0,below,0.6183745583038869,78320.0,False,,0,0,5.8579099907864306e-05,37,NONE,0.0032212243121875163,0.0016463941252894726,0.00041863974589789396,0.9999156454413143,5.8579099907864306e-05,0.0021674266965909794,0.0007725316357636292,0.0010923588402180773,0.0015140787085909935,78985.56976236947,0.3221224312187516,0.27841052898001095,3.6639305206064288,,197,1,13488,13524,2025-08-12 09:45:00,2025-08-12 21:00:00,78980.0,79240.0,37,0.3291972651304098,0.008897223381902969,196.0,-1.0,13431.0,13487.0,2025-08-11 21:00:00,2025-08-12 09:40:00,78820.0,78940.0,57.0,0.15224562293834065,0.0026709758410235203,27908.0,,754.2702702702703,,23800.0,0.0,417.5438596491228,0.0,1.806445605269135,,1.1726050420168068,,89.1891891891892,10.81081081081081,0.0,False,False,,,,,0,0,2025-08-12 21:00:00,79240.0,2025-08-12 14:45:00,79040.0,1,1,0.2542767490890359,57.935888386292405,
CU:5m:1:-1:12657:12668:2,CU,15m,4507,2025-08-12 15:00:00,365.0,1,1,CHoCH,1,78590.0,90.0,BOS,1,79030.0,2.0,15,11,6,2,active_bear_internal_ob,internal,-1.0,379.0,79400.0,79510.0,79455.0,0.20191822311963653,active_bear_internal_ob,internal,-1.0,30.0,79050.0,79170.0,79110.0,0.08833922261484099,79100.0,79120.0,79010.0,79020.0,3791.0,156044.0,3,3,0,3,2,1,active_bear_internal_ob|active_bear_swing_ob,79030.0,6.0,below,0.26501766784452296,78990.0,True,2.0,78910.0,3.0,below,0.41645633518425035,78780.0,False,,78590.0,105.0,below,0.8202927814235236,78790.0,True,90.0,78050.0,88.0,below,1.5017667844522968,78030.0,False,,1,1,8.762903778925934e-05,92,UP_CONFIRMED,0.0013899880326047895,0.0023166434159414364,0.0015898790036387189,0.27999832554923065,8.762903778925934e-05,0.00806187147661186,0.000472197753038861,0.0007198826784347023,0.001024662967817891,78910.31560565907,0.13899880326047895,-0.10113780025284846,2.0467348350398558,,59,1,4416,4507,2025-08-07 21:15:00,2025-08-12 14:45:00,78480.0,79020.0,92,0.6880733944954143,0.00747905863581972,58.0,-1.0,4358.0,4415.0,2025-08-05 22:15:00,2025-08-07 21:00:00,78080.0,78380.0,58.0,0.38422131147541894,0.006624505370265843,158319.0,,1720.858695652174,,82128.0,0.0,1416.0,0.0,1.215295689019897,,1.9277104032729397,,43.47826086956522,46.73913043478261,9.782608695652174,False,False,2025-08-12 09:00:00,78910.0,2025-08-12 00:30:00,78820.0,2,2,2025-08-12 09:30:00,78940.0,2025-08-12 09:15:00,78870.0,5,5,0.6862855943639581,75.32837504514552,
CU:5m:1:-1:12657:12668:2,CU,1h,1311,2025-08-12 15:00:00,365.0,-1,1,CHoCH,-1,77920.0,183.0,BOS,1,78610.0,17.0,11,5,2,2,active_bear_internal_ob,internal,-1.0,116.0,79750.0,80010.0,79880.0,0.6436143361938416,current_internal_high,internal,0.0,4.0,79170.0,79170.0,79170.0,0.08833922261484099,79020.0,79120.0,78980.0,79020.0,10057.0,156044.0,2,2,0,2,2,0,active_bear_internal_ob,79170.0,4.0,below,0.08833922261484099,78610.0,False,,78750.0,3.0,below,0.6183745583038869,78320.0,False,,80130.0,84.0,above,1.1231701161029783,80990.0,False,,77950.0,22.0,below,1.6279656739020696,77700.0,False,,0,0,0.00020124938168530893,18,NONE,0.006788454408040563,0.00777083141408387,0.0014537387243945806,0.24959683935675236,0.00020124938168530893,0.0036224888703355607,0.0010601096735702864,0.0018955133094256116,,78487.19326689263,0.6788454408040563,-0.01265342275085235,0.9382372638592571,,19,1,1294,1311,2025-08-08 21:00:00,2025-08-12 14:00:00,78820.0,79020.0,18,0.2537427048972418,0.014096816938735657,18.0,-1.0,1231.0,1293.0,2025-07-30 21:00:00,2025-08-08 14:00:00,78670.0,78490.0,63.0,-0.22880386424304344,-0.0036318073689371975,118526.0,,6584.777777777777,,437140.0,0.0,6938.730158730159,0.0,0.9489888822802762,,0.2711396806515075,,61.111111111111114,38.88888888888889,0.0,False,False,,,,,0,0,2025-08-12 09:00:00,78990.0,2025-08-11 23:00:00,78790.0,1,1,0.18707634317736216,140.3214597085457,4.0
CU:5m:1:-1:12657:12668:2,CU,4h,581,2025-08-12 15:00:00,365.0,1,1,BOS,1,79470.0,131.0,CHoCH,1,78590.0,7.0,5,3,1,1,active_bear_internal_ob,internal,-1.0,97.0,79440.0,80160.0,79800.0,0.2523977788995457,current_internal_high,internal,0.0,15.0,78590.0,78590.0,78590.0,0.8202927814235236,78980.0,79120.0,78970.0,79020.0,13742.0,156044.0,1,1,0,1,1,0,active_bear_internal_ob,78590.0,15.0,below,0.8202927814235236,78790.0,True,7.0,78050.0,12.0,below,1.5017667844522968,78030.0,False,,80130.0,9.0,above,1.1231701161029783,80990.0,False,,77700.0,31.0,below,1.9434628975265018,77810.0,False,,-1,-1,-0.00021850872716086892,-96,DOWN_CONFIRMED,0.005469996251883251,0.0014948762938636975,0.011819155809361085,0.6316884520539895,-0.00021850872716086892,-0.020976837807443416,0.0006974857960846403,0.0011992071288080552,0.0006215632469945831,78590.11237984715,0.5469996251883251,0.05064573309698783,0.08900539820836467,,8,-1,486,581,2025-07-09 21:00:00,2025-08-12 13:30:00,78310.0,79020.0,96,0.9066530455880573,0.00944430255820893,7.0,1.0,390.0,485.0,2025-06-05 21:00:00,2025-07-09 13:30:00,78620.0,78400.0,96.0,-0.2798270160264571,-0.0029148647502755948,1673890.0,,17436.354166666668,,2057966.0,0.0,21437.145833333332,0.0,0.813371066383021,,0.8133710663830209,,25.0,21.875,53.125,False,False,2025-08-08 21:00:00,78950.0,2025-08-05 21:00:00,78120.0,3,2,2025-08-08 09:00:00,78470.0,2025-08-08 00:00:00,78360.0,4,3,7.906444070240071,217.4376748660495,
CU:5m:1:-1:12681:12687:1,CU,5m,13362,2025-08-08 23:05:00,0.0,1,1,BOS,1,78610.0,19.0,BOS,1,78870.0,1.0,28,13,14,5,active_bear_internal_ob,internal,-1.0,694.0,79150.0,79240.0,79195.0,0.15184107301024927,current_internal_high,internal,0.0,9.0,78870.0,78870.0,78870.0,0.2024547640136657,78950.0,79090.0,78950.0,79030.0,2905.0,157809.0,0,0,0,0,0,0,,78870.0,9.0,below,0.2024547640136657,78500.0,True,1.0,78700.0,5.0,below,0.4175629507781855,78420.0,False,,78610.0,58.0,below,0.5314437555358724,78490.0,True,19.0,78320.0,20.0,below,0.8983930153106415,78230.0,False,,0,0,8.26260094460397e-05,44,NONE,0.004410398160342812,0.0016468043922853789,0.0011507692223130803,0.9918364119779224,8.26260094460397e-05,0.0036355444156257466,0.001151949760409332,0.001304701522124807,0.002798626652344982,78682.97674411745,0.4410398160342812,0.08865248226950229,2.5953948678699876,,195,1,13319,13362,2025-08-08 11:25:00,2025-08-08 23:00:00,78470.0,79030.0,44,0.7136485280999194,0.016219284729543624,194.0,-1.0,13289.0,13318.0,2025-08-08 00:40:00,2025-08-08 11:20:00,78350.0,78480.0,30.0,0.16592214422463947,0.005530738140821316,35583.0,,808.7045454545455,,16768.0,0.0,558.9333333333333,0.0,1.446871204892436,,2.1220777671755724,,77.27272727272727,22.727272727272727,0.0,False,False,,,,,0,0,2025-08-08 22:30:00,78760.0,2025-08-08 22:25:00,78750.0,2,2,0.6987892597955013,65.91763057446053,
CU:5m:1:-1:12681:12687:1,CU,15m,4453,2025-08-08 23:00:00,5.0,1,1,CHoCH,1,78590.0,36.0,BOS,1,78610.0,6.0,13,10,6,2,active_bear_internal_ob,internal,-1.0,310.0,79110.0,79300.0,79205.0,0.10122738200683284,current_internal_high,internal,0.0,30.0,78610.0,78610.0,78610.0,0.5314437555358724,78770.0,78960.0,78760.0,78960.0,2913.0,157265.0,0,0,0,0,0,0,,78610.0,30.0,below,0.5314437555358724,78460.0,True,6.0,78320.0,18.0,below,0.8983930153106415,78330.0,False,,78590.0,51.0,below,0.5567506010375807,78790.0,True,36.0,78050.0,34.0,below,1.2400354295837024,78030.0,False,,0,0,7.383246492117932e-05,38,NONE,0.005874463392920145,0.002050212221019564,0.0011820734668038671,0.9993922250154322,7.383246492117932e-05,0.0028056336670048143,0.0010119864338884454,0.0016762670509682387,0.002147480219065745,78498.86131283185,0.5874463392920145,0.22848438690021844,0.8284977676912555,,59,1,4416,4453,2025-08-07 21:15:00,2025-08-08 22:45:00,78480.0,78960.0,38,0.6116207951070374,0.016095284081764142,58.0,-1.0,4358.0,4415.0,2025-08-05 22:15:00,2025-08-07 21:00:00,78080.0,78380.0,58.0,0.38422131147541894,0.006624505370265843,60706.0,,1597.5263157894738,,82128.0,0.0,1416.0,0.0,1.128196550698781,,0.7391632573543737,,28.947368421052634,63.1578947368421,7.894736842105263,True,False,,,,,0,0,2025-08-08 14:30:00,78480.0,2025-08-08 14:00:00,78440.0,3,3,0.5765615162590465,95.50824742030778,
CU:5m:1:-1:12681:12687:1,CU,1h,1295,2025-08-08 23:00:00,5.0,-1,1,CHoCH,-1,77920.0,167.0,BOS,1,78610.0,1.0,11,5,2,2,active_bear_internal_ob,internal,-1.0,64.0,79070.0,79240.0,79155.0,0.05061369100341642,current_internal_high,internal,0.0,5.0,78610.0,78610.0,78610.0,0.5314437555358724,78820.0,78960.0,78700.0,78960.0,6808.0,157265.0,0,0,0,0,0,0,,78610.0,5.0,below,0.5314437555358724,78490.0,True,1.0,78320.0,2.0,below,0.8983930153106415,78230.0,False,,80130.0,68.0,above,1.3918765025939517,80990.0,False,,77950.0,6.0,below,1.3665696570922434,77700.0,False,,0,0,0.00011781542835165304,2,NONE,0.009430456256744189,0.008654286719527275,0.0007761695372169135,0.8413447460685429,0.00011781542835165304,0.00023563085670330608,,,,78222.32775976087,0.9430456256744189,0.1776198934280604,0.48846962848745584,,19,1,1294,1295,2025-08-08 21:00:00,2025-08-08 22:00:00,78820.0,78960.0,2,0.1776198934280604,0.0888099467140302,18.0,-1.0,1231.0,1293.0,2025-07-30 21:00:00,2025-08-08 14:00:00,78670.0,78490.0,63.0,-0.22880386424304344,-0.0036318073689371975,20913.0,,10456.5,,437140.0,0.0,6938.730158730159,0.0,1.506976025987098,,0.047840508761495176,,100.0,0.0,0.0,True,False,,,,,0,0,,,,,0,0,0.08968613617406361,157.69222589617345,4.0
CU:5m:1:-1:12681:12687:1,CU,4h,573,2025-08-08 15:00:00,485.0,1,-1,BOS,1,79470.0,123.0,CHoCH,-1,78750.0,27.0,4,3,1,1,active_bear_internal_ob,internal,-1.0,89.0,79440.0,80160.0,79800.0,0.5187903327850183,current_internal_high,internal,0.0,7.0,78590.0,78590.0,78590.0,0.5567506010375807,78460.0,78520.0,78420.0,78490.0,11341.0,156892.0,1,1,0,1,1,0,active_bear_internal_ob,78590.0,7.0,below,0.5567506010375807,78790.0,False,,78050.0,4.0,below,1.2400354295837024,78030.0,False,,80130.0,1.0,above,1.3918765025939517,80990.0,False,,77700.0,23.0,below,1.6829052258635961,77810.0,False,,-1,-1,-0.00025198786802385,-88,DOWN_CONFIRMED,-5.015071452661104e-05,0.0011769508643438053,0.012290377216368636,0.4602346964304728,-0.00025198786802385,-0.0221749323860988,-6.202103390995362e-05,-0.00033922372270300816,-0.0010803999862424307,78493.93652700284,-0.005015071452661104,0.0254874474321376,-0.13002977993704806,,8,-1,486,573,2025-07-09 21:00:00,2025-08-08 13:30:00,78310.0,78490.0,88,0.2298557016983782,0.002611996610208843,7.0,1.0,390.0,485.0,2025-06-05 21:00:00,2025-07-09 13:30:00,78620.0,78400.0,96.0,-0.2798270160264571,-0.0029148647502755948,1555364.0,,17674.590909090908,,2057966.0,0.0,21437.145833333332,0.0,0.8244843341788578,,0.7557773063306197,,18.181818181818183,23.863636363636363,57.95454545454546,True,True,2025-08-05 13:30:00,78580.0,2025-08-05 21:00:00,78120.0,2,2,2025-08-08 09:00:00,78470.0,2025-08-08 00:00:00,78360.0,4,3,10.442557619617356,211.67118816823623,
CU:5m:0:-1:12657:12687:1,CU,5m,13417,2025-08-11 13:55:00,0.0,1,1,BOS,1,78610.0,74.0,BOS,1,79100.0,0.0,30,13,14,5,active_bear_internal_ob,internal,-1.0,987.0,79250.0,79300.0,79275.0,0.12634238787113075,current_internal_high,internal,0.0,20.0,79100.0,79100.0,79100.0,0.06317119393556538,79070.0,79150.0,79070.0,79150.0,996.0,160315.0,2,2,0,2,1,1,active_bear_internal_ob|active_bear_swing_ob,79100.0,20.0,below,0.06317119393556538,78990.0,True,0.0,78930.0,17.0,below,0.2779532533164877,78790.0,False,,78610.0,113.0,below,0.6822488945041061,78490.0,True,74.0,78320.0,75.0,below,1.0486418193303852,78230.0,False,,1,1,7.188190410675838e-05,99,UP_CONFIRMED,0.0024588226494084717,0.00191155218605887,0.0009833749910313158,0.7110731950962681,7.188190410675838e-05,0.00711630850656908,0.00033172948343596076,0.0005462211869544653,0.0010696947128960854,78955.8615393435,0.24588226494084717,0.08851795649975625,1.0241504568713162,,195,1,13319,13417,2025-08-08 11:25:00,2025-08-11 13:50:00,78470.0,79150.0,99,0.866573212692745,0.008753264774674191,194.0,-1.0,13289.0,13318.0,2025-08-08 00:40:00,2025-08-08 11:20:00,78350.0,78480.0,30.0,0.16592214422463947,0.005530738140821316,69727.0,,704.3131313131313,,16768.0,0.0,558.9333333333333,0.0,1.2601022148970622,,4.158337309160306,,72.72727272727273,26.262626262626267,1.0101010101010102,True,False,,,,,0,0,2025-08-11 10:40:00,79020.0,2025-08-11 10:30:00,78980.0,5,5,0.514437951630702,49.5705487348398,
CU:5m:0:-1:12657:12687:1,CU,15m,4471,2025-08-11 13:45:00,10.0,1,1,CHoCH,1,78590.0,54.0,BOS,1,78610.0,24.0,13,10,6,2,active_bear_internal_ob,internal,-1.0,343.0,79400.0,79510.0,79455.0,0.3158559696778269,current_internal_high,internal,0.0,2.0,79100.0,79100.0,79100.0,0.06317119393556538,78980.0,79070.0,78980.0,79060.0,2417.0,159963.0,3,3,0,3,2,1,active_bear_internal_ob|active_bear_swing_ob,79100.0,2.0,below,0.06317119393556538,79090.0,False,,78930.0,1.0,below,0.2779532533164877,78790.0,False,,78590.0,69.0,below,0.7075173720783322,78790.0,True,54.0,78050.0,52.0,below,1.3897662665824384,78030.0,False,,1,1,0.00010541448718732431,56,UP_CONFIRMED,0.004046955274161056,0.00286107200375892,0.001561948824970902,0.7761434397363299,0.00010541448718732431,0.005903211282490162,0.0007371196966172722,0.002056005838238617,0.0034261663760668526,78741.33732959948,0.40469552741610565,0.03796026825255705,0.34383592753352327,,59,1,4416,4471,2025-08-07 21:15:00,2025-08-11 13:30:00,78480.0,79060.0,56,0.7390417940876581,0.013197174894422467,58.0,-1.0,4358.0,4415.0,2025-08-05 22:15:00,2025-08-07 21:00:00,78080.0,78380.0,58.0,0.38422131147541894,0.006624505370265843,95936.0,,1713.142857142857,,82128.0,0.0,1416.0,0.0,1.2098466505246166,,1.1681278005065263,,51.78571428571429,42.857142857142854,5.357142857142857,False,False,,,,,0,0,2025-08-08 14:30:00,78480.0,2025-08-08 14:00:00,78440.0,3,3,0.5459313232658213,85.20029610680378,
CU:5m:0:-1:12657:12687:1,CU,1h,1300,2025-08-11 11:30:00,145.0,-1,1,CHoCH,-1,77920.0,172.0,BOS,1,78610.0,6.0,11,5,2,2,active_bear_internal_ob,internal,-1.0,95.0,79180.0,79550.0,79365.0,0.03790271636133923,current_internal_high,internal,0.0,10.0,78610.0,78610.0,78610.0,0.6822488945041061,79040.0,79070.0,79020.0,79030.0,3786.0,159814.0,1,1,0,1,1,0,active_bear_internal_ob,78610.0,10.0,below,0.6822488945041061,78490.0,True,6.0,78320.0,7.0,below,1.0486418193303852,78230.0,False,,80130.0,73.0,above,1.2381554011370814,80990.0,False,,77950.0,11.0,below,1.5161086544535691,77700.0,False,,0,0,0.0002133124670957403,7,NONE,0.009056694627952444,0.008968779977832754,0.0004898926428729189,0.5712105497668478,0.0002133124670957403,0.001493187269670182,0.0012572601636773317,,,78320.67357636333,0.9056694627952444,-0.012651821862352808,-0.5754351038503468,,19,1,1294,1300,2025-08-08 21:00:00,2025-08-11 11:00:00,78820.0,79030.0,7,0.2664298401420906,0.03806140573458437,18.0,-1.0,1231.0,1293.0,2025-07-30 21:00:00,2025-08-08 14:00:00,78670.0,78490.0,63.0,-0.22880386424304344,-0.0036318073689371975,53726.0,,7675.142857142857,,437140.0,0.0,6938.730158730159,0.0,1.1061307590245688,,0.12290341766939653,,100.0,0.0,0.0,False,False,,,,,0,0,,,,,0,0,0.05462199363611751,148.76290316101168,2.0
CU:5m:0:-1:12657:12687:1,CU,4h,576,2025-08-11 11:30:00,145.0,1,1,BOS,1,79470.0,126.0,CHoCH,1,78590.0,2.0,5,3,1,1,active_bear_internal_ob,internal,-1.0,92.0,79440.0,80160.0,79800.0,0.3663929248262792,current_internal_high,internal,0.0,10.0,78590.0,78590.0,78590.0,0.7075173720783322,78910.0,79100.0,78790.0,79030.0,23264.0,159814.0,1,1,0,1,1,0,active_bear_internal_ob,78590.0,10.0,below,0.7075173720783322,78790.0,True,2.0,78050.0,7.0,below,1.3897662665824384,78030.0,False,,80130.0,4.0,above,1.2381554011370814,80990.0,False,,77700.0,26.0,below,1.831964624131396,77810.0,False,,-1,-1,-0.0002380133693141766,-91,DOWN_CONFIRMED,0.0062986285122600275,0.0013282632492404513,0.012114040374588003,0.6592062818978918,-0.0002380133693141766,-0.02165921660759007,0.0005013716331305762,0.0004270513809983001,-0.00019641558893535027,78535.33509912476,0.6298628512260027,0.11401064099316738,1.3600187270273272,,8,-1,486,576,2025-07-09 21:00:00,2025-08-11 09:00:00,78310.0,79030.0,91,0.9194228067935128,0.01010354732740124,7.0,1.0,390.0,485.0,2025-06-05 21:00:00,2025-07-09 13:30:00,78620.0,78400.0,96.0,-0.2798270160264571,-0.0029148647502755948,1609090.0,,17682.30769230769,,2057966.0,0.0,21437.145833333332,0.0,0.8248443066899738,,0.7818836657165376,,20.87912087912088,23.076923076923077,56.043956043956044,False,False,2025-08-08 21:00:00,78950.0,2025-08-05 21:00:00,78120.0,3,2,2025-08-08 09:00:00,78470.0,2025-08-08 00:00:00,78360.0,4,3,9.120210456410089,236.86282813615708,
CU:5m:0:-1:12657:12687:2,CU,5m,13524,2025-08-12 21:05:00,0.0,1,1,BOS,1,79170.0,0.0,BOS,1,79030.0,7.0,30,12,15,4,active_bear_internal_ob,internal,-1.0,1094.0,79250.0,79300.0,79275.0,0.012619888944977283,current_swing_high,swing,0.0,55.0,79170.0,79170.0,79170.0,0.08833922261484099,79220.0,79280.0,79180.0,79240.0,3223.0,155969.0,0,0,0,0,0,0,,79030.0,31.0,below,0.26501766784452296,78970.0,True,7.0,78910.0,22.0,below,0.41645633518425035,78860.0,False,,79170.0,55.0,below,0.08833922261484099,78610.0,True,0.0,78750.0,43.0,below,0.6183745583038869,78320.0,False,,0,0,5.8579099907864306e-05,37,NONE,0.0032212243121875163,0.0016463941252894726,0.00041863974589789396,0.9999156454413143,5.8579099907864306e-05,0.0021674266965909794,0.0007725316357636292,0.0010923588402180773,0.0015140787085909935,78985.56976236947,0.3221224312187516,0.27841052898001095,3.6639305206064288,,197,1,13488,13524,2025-08-12 09:45:00,2025-08-12 21:00:00,78980.0,79240.0,37,0.3291972651304098,0.008897223381902969,196.0,-1.0,13431.0,13487.0,2025-08-11 21:00:00,2025-08-12 09:40:00,78820.0,78940.0,57.0,0.15224562293834065,0.0026709758410235203,27908.0,,754.2702702702703,,23800.0,0.0,417.5438596491228,0.0,1.806445605269135,,1.1726050420168068,,89.1891891891892,10.81081081081081,0.0,False,False,,,,,0,0,2025-08-12 21:00:00,79240.0,2025-08-12 14:45:00,79040.0,1,1,0.2542767490890359,57.935888386292405,
CU:5m:0:-1:12657:12687:2,CU,15m,4507,2025-08-12 15:00:00,365.0,1,1,CHoCH,1,78590.0,90.0,BOS,1,79030.0,2.0,15,11,6,2,active_bear_internal_ob,internal,-1.0,379.0,79400.0,79510.0,79455.0,0.20191822311963653,active_bear_internal_ob,internal,-1.0,30.0,79050.0,79170.0,79110.0,0.08833922261484099,79100.0,79120.0,79010.0,79020.0,3791.0,156044.0,3,3,0,3,2,1,active_bear_internal_ob|active_bear_swing_ob,79030.0,6.0,below,0.26501766784452296,78990.0,True,2.0,78910.0,3.0,below,0.41645633518425035,78780.0,False,,78590.0,105.0,below,0.8202927814235236,78790.0,True,90.0,78050.0,88.0,below,1.5017667844522968,78030.0,False,,1,1,8.762903778925934e-05,92,UP_CONFIRMED,0.0013899880326047895,0.0023166434159414364,0.0015898790036387189,0.27999832554923065,8.762903778925934e-05,0.00806187147661186,0.000472197753038861,0.0007198826784347023,0.001024662967817891,78910.31560565907,0.13899880326047895,-0.10113780025284846,2.0467348350398558,,59,1,4416,4507,2025-08-07 21:15:00,2025-08-12 14:45:00,78480.0,79020.0,92,0.6880733944954143,0.00747905863581972,58.0,-1.0,4358.0,4415.0,2025-08-05 22:15:00,2025-08-07 21:00:00,78080.0,78380.0,58.0,0.38422131147541894,0.006624505370265843,158319.0,,1720.858695652174,,82128.0,0.0,1416.0,0.0,1.215295689019897,,1.9277104032729397,,43.47826086956522,46.73913043478261,9.782608695652174,False,False,2025-08-12 09:00:00,78910.0,2025-08-12 00:30:00,78820.0,2,2,2025-08-12 09:30:00,78940.0,2025-08-12 09:15:00,78870.0,5,5,0.6862855943639581,75.32837504514552,
CU:5m:0:-1:12657:12687:2,CU,1h,1311,2025-08-12 15:00:00,365.0,-1,1,CHoCH,-1,77920.0,183.0,BOS,1,78610.0,17.0,11,5,2,2,active_bear_internal_ob,internal,-1.0,116.0,79750.0,80010.0,79880.0,0.6436143361938416,current_internal_high,internal,0.0,4.0,79170.0,79170.0,79170.0,0.08833922261484099,79020.0,79120.0,78980.0,79020.0,10057.0,156044.0,2,2,0,2,2,0,active_bear_internal_ob,79170.0,4.0,below,0.08833922261484099,78610.0,False,,78750.0,3.0,below,0.6183745583038869,78320.0,False,,80130.0,84.0,above,1.1231701161029783,80990.0,False,,77950.0,22.0,below,1.6279656739020696,77700.0,False,,0,0,0.00020124938168530893,18,NONE,0.006788454408040563,0.00777083141408387,0.0014537387243945806,0.24959683935675236,0.00020124938168530893,0.0036224888703355607,0.0010601096735702864,0.0018955133094256116,,78487.19326689263,0.6788454408040563,-0.01265342275085235,0.9382372638592571,,19,1,1294,1311,2025-08-08 21:00:00,2025-08-12 14:00:00,78820.0,79020.0,18,0.2537427048972418,0.014096816938735657,18.0,-1.0,1231.0,1293.0,2025-07-30 21:00:00,2025-08-08 14:00:00,78670.0,78490.0,63.0,-0.22880386424304344,-0.0036318073689371975,118526.0,,6584.777777777777,,437140.0,0.0,6938.730158730159,0.0,0.9489888822802762,,0.2711396806515075,,61.111111111111114,38.88888888888889,0.0,False,False,,,,,0,0,2025-08-12 09:00:00,78990.0,2025-08-11 23:00:00,78790.0,1,1,0.18707634317736216,140.3214597085457,4.0
CU:5m:0:-1:12657:12687:2,CU,4h,581,2025-08-12 15:00:00,365.0,1,1,BOS,1,79470.0,131.0,CHoCH,1,78590.0,7.0,5,3,1,1,active_bear_internal_ob,internal,-1.0,97.0,79440.0,80160.0,79800.0,0.2523977788995457,current_internal_high,internal,0.0,15.0,78590.0,78590.0,78590.0,0.8202927814235236,78980.0,79120.0,78970.0,79020.0,13742.0,156044.0,1,1,0,1,1,0,active_bear_internal_ob,78590.0,15.0,below,0.8202927814235236,78790.0,True,7.0,78050.0,12.0,below,1.5017667844522968,78030.0,False,,80130.0,9.0,above,1.1231701161029783,80990.0,False,,77700.0,31.0,below,1.9434628975265018,77810.0,False,,-1,-1,-0.00021850872716086892,-96,DOWN_CONFIRMED,0.005469996251883251,0.0014948762938636975,0.011819155809361085,0.6316884520539895,-0.00021850872716086892,-0.020976837807443416,0.0006974857960846403,0.0011992071288080552,0.0006215632469945831,78590.11237984715,0.5469996251883251,0.05064573309698783,0.08900539820836467,,8,-1,486,581,2025-07-09 21:00:00,2025-08-12 13:30:00,78310.0,79020.0,96,0.9066530455880573,0.00944430255820893,7.0,1.0,390.0,485.0,2025-06-05 21:00:00,2025-07-09 13:30:00,78620.0,78400.0,96.0,-0.2798270160264571,-0.0029148647502755948,1673890.0,,17436.354166666668,,2057966.0,0.0,21437.145833333332,0.0,0.813371066383021,,0.8133710663830209,,25.0,21.875,53.125,False,False,2025-08-08 21:00:00,78950.0,2025-08-05 21:00:00,78120.0,3,2,2025-08-08 09:00:00,78470.0,2025-08-08 00:00:00,78360.0,4,3,7.906444070240071,217.4376748660495,
CU:5m:1:-1:12695:12704:1,CU,5m,12723,2025-07-31 00:05:00,0.0,-1,1,BOS,-1,78820.0,36.0,CHoCH,1,78620.0,3.0,23,15,11,5,current_swing_low,swing,0.0,80.0,78820.0,78820.0,78820.0,0.1779359430604982,current_internal_high,internal,0.0,4.0,78620.0,78620.0,78620.0,0.0762582613116421,78660.0,78680.0,78660.0,78680.0,214.0,170355.0,1,1,0,1,1,0,active_bear_internal_ob,78620.0,4.0,below,0.0762582613116421,78720.0,True,3.0,78550.0,5.0,below,0.16522623284189122,78640.0,False,,79230.0,75.0,above,0.6990340620233858,79210.0,False,,78820.0,80.0,above,0.1779359430604982,78810.0,True,36.0,-1,-1,-8.529067317782542e-05,-57,DOWN_CONFIRMED,-0.0019033921572179488,-0.0030573175717382474,0.0007672738632170816,0.9337001755913281,-8.529067317782542e-05,-0.004861568371136049,-0.00012336992426131843,-0.0003148906674526053,-0.001366966385097923,78830.04448843242,-0.19033921572179488,0.012711325791281425,-0.5815920729072341,,188,-1,12667,12723,2025-07-30 11:20:00,2025-07-31 00:00:00,79040.0,78680.0,57,-0.45546558704453455,-0.00799062433411464,187.0,1.0,12657.0,12666.0,2025-07-30 10:30:00,2025-07-30 11:15:00,79160.0,79080.0,10.0,-0.1010611419908991,-0.01010611419908991,41995.0,,736.7543859649123,,6658.0,0.0,665.8,0.0,1.1065701201035032,,6.307449684589967,,0.0,19.298245614035086,80.7017543859649,False,True,,,,,0,0,2025-07-30 23:50:00,78650.0,2025-07-30 14:35:00,78980.0,3,2,0.2509630894447271,39.75901619422268,
CU:5m:1:-1:12695:12704:1,CU,15m,4240,2025-07-31 00:00:00,5.0,-1,-1,CHoCH,-1,78810.0,11.0,CHoCH,-1,79030.0,18.0,12,10,5,2,current_swing_low,swing,0.0,18.0,78810.0,78810.0,78810.0,0.16522623284189122,active_bull_internal_ob,internal,1.0,259.0,78250.0,78440.0,78345.0,0.3050330452465684,78610.0,78670.0,78600.0,78670.0,579.0,170415.0,0,0,0,0,0,0,,79240.0,16.0,above,0.7117437722419928,79220.0,False,,79030.0,19.0,above,0.4448398576512456,79050.0,True,18.0,79240.0,23.0,above,0.7117437722419928,80130.0,False,,78810.0,18.0,above,0.16522623284189122,78730.0,True,11.0,0,0,-0.00011287564837802096,-12,NONE,-0.004451884521215413,-0.005400744983016716,0.00039268543909695496,0.9921612338978316,-0.00011287564837802096,-0.0013545077805362515,-0.00038256262581459755,-0.0012224980213597636,,79021.7959100506,-0.44518845212154134,0.07632616715431695,-1.0783061403857197,,56,-1,4229,4240,2025-07-30 21:00:00,2025-07-30 23:45:00,78710.0,78670.0,12,-0.05081946385465663,-0.004234955321221386,55.0,1.0,4219.0,4228.0,2025-07-30 10:30:00,2025-07-30 14:45:00,79150.0,78930.0,10.0,-0.27795325331648746,-0.027795325331648746,25342.0,,2111.8333333333335,,23097.0,0.0,2309.7,0.0,0.9143323086692356,,1.0971987704030826,,0.0,0.0,100.0,True,True,,,,,0,0,,,,,0,0,0.07270949477003653,82.49317701204522,
CU:5m:1:-1:12695:12704:1,CU,1h,1233,2025-07-31 00:00:00,5.0,-1,-1,CHoCH,-1,77920.0,105.0,BOS,-1,78820.0,2.0,9,5,2,2,current_internal_low,internal,0.0,7.0,78820.0,78820.0,78820.0,0.1779359430604982,active_bull_internal_ob,internal,1.0,82.0,77800.0,78030.0,77915.0,0.826131164209456,78590.0,78670.0,78550.0,78670.0,3395.0,170415.0,0,0,0,0,0,0,,79240.0,1.0,above,0.7117437722419928,79240.0,False,,78820.0,7.0,above,0.1779359430604982,78730.0,True,2.0,80130.0,6.0,above,1.8429079816980172,80990.0,False,,77700.0,55.0,below,1.2455516014234875,77920.0,False,,0,0,-0.00014798280926268484,-3,NONE,-0.00998206932597193,-0.010505206380517185,0.0004650516149182894,0.8696845186070319,-0.00014798280926268484,-0.00044394842778805454,,,,79463.20724356938,-0.998206932597193,0.10179412138948685,-0.8231556588412812,,18,-1,1231,1233,2025-07-30 21:00:00,2025-07-30 23:00:00,78670.0,78670.0,3,0.0,0.0,17.0,1.0,1159.0,1230.0,2025-07-18 21:00:00,2025-07-30 14:00:00,78760.0,78930.0,72.0,0.21584560690706134,0.002997855651486963,25342.0,,8447.333333333334,,597943.0,0.0,8304.763888888889,0.0,1.0171671881767996,,0.04238196617403331,,0.0,0.0,100.0,True,True,,,,,0,0,,,,,0,0,0.04426867955500311,176.93931264541786,4.0
CU:5m:1:-1:12695:12704:1,CU,4h,546,2025-07-31 00:00:00,5.0,1,-1,BOS,1,79470.0,96.0,CHoCH,-1,78750.0,0.0,4,3,1,1,current_internal_low,internal,0.0,6.0,78750.0,78750.0,78750.0,0.0889679715302491,active_bull_internal_ob,internal,1.0,36.0,77770.0,78090.0,77930.0,0.7498729028978139,78640.0,78770.0,78550.0,78670.0,25342.0,170415.0,0,0,0,0,0,0,,79240.0,3.0,above,0.7117437722419928,80130.0,False,,78750.0,6.0,above,0.0889679715302491,77770.0,True,0.0,80990.0,30.0,above,2.9359430604982206,79470.0,False,,77810.0,82.0,below,1.1057447890188103,77390.0,False,,-1,-1,-0.0003303952531760882,-61,DOWN_CONFIRMED,0.00017600653949350782,0.0029444997158646585,0.014332093061073015,0.4234139338197902,-0.0003303952531760882,-0.02015411044374138,0.0004774505359641523,0.0010485783565532536,0.003986578394927998,78656.1560021722,0.017600653949350783,-0.3294058026099056,0.6942539159858933,,8,-1,486,546,2025-07-09 21:00:00,2025-07-30 21:00:00,78310.0,78670.0,61,0.4597114033967564,0.007536252514700925,7.0,1.0,390.0,485.0,2025-06-05 21:00:00,2025-07-09 13:30:00,78620.0,78400.0,96.0,-0.2798270160264571,-0.0029148647502755948,1143566.0,,18746.983606557376,,2057966.0,0.0,21437.145833333332,0.0,0.8745093097891355,,0.5556777905951799,,26.229508196721312,11.475409836065573,62.295081967213115,True,True,2025-07-15 09:00:00,77830.0,,,1,0,2025-07-18 00:00:00,78260.0,2025-07-24 21:00:00,79260.0,1,1,4.867411935498987,274.378858027614,
CU:5m:1:1:12716:12720:1,CU,5m,12735,2025-07-31 09:05:00,0.0,-1,1,BOS,-1,78820.0,48.0,CHoCH,1,78620.0,15.0,22,14,11,5,current_internal_high,internal,0.0,2.0,78770.0,78770.0,78770.0,0.06351626016260162,current_internal_low,internal,0.0,11.0,78560.0,78560.0,78560.0,0.20325203252032523,78800.0,78810.0,78510.0,78720.0,10925.0,171269.0,0,0,0,0,0,0,,78770.0,2.0,above,0.06351626016260162,78620.0,False,,78560.0,11.0,below,0.20325203252032523,78550.0,False,,79230.0,87.0,above,0.6478658536585366,79210.0,False,,78820.0,92.0,above,0.12703252032520324,78810.0,True,48.0,-1,-1,-8.367683831462416e-05,-69,DOWN_CONFIRMED,-0.0004798216752429971,-0.002747781696950031,0.0009801107693510976,0.98966568283318,-8.367683831462416e-05,-0.005773701843709067,-0.0008110821114126754,-0.0008748780962373193,-0.0011733354497267534,78757.7896945897,-0.047982167524299714,0.02541296060991627,4.355735122167327,,188,-1,12667,12735,2025-07-30 11:20:00,2025-07-31 09:00:00,79040.0,78720.0,69,-0.4048582995951455,-0.005867511588335443,187.0,1.0,12657.0,12666.0,2025-07-30 10:30:00,2025-07-30 11:15:00,79160.0,79080.0,10.0,-0.1010611419908991,-0.01010611419908991,54910.0,,795.7971014492754,,6658.0,0.0,665.8,0.0,1.1952494764933546,,8.247221387804146,,14.492753623188406,18.84057971014493,66.66666666666666,True,True,,,,,0,0,2025-07-30 23:50:00,78650.0,2025-07-30 14:35:00,78980.0,3,2,0.35669164345879295,55.79240127024602,
CU:5m:1:1:12716:12720:1,CU,15m,4244,2025-07-31 01:00:00,485.0,-1,-1,CHoCH,-1,78810.0,15.0,CHoCH,-1,79030.0,22.0,12,10,5,2,current_swing_low,swing,0.0,22.0,78810.0,78810.0,78810.0,0.11432926829268292,current_internal_low,internal,0.0,2.0,78550.0,78550.0,78550.0,0.21595528455284554,78710.0,78730.0,78670.0,78700.0,485.0,170190.0,0,0,0,0,0,0,,79240.0,20.0,above,0.660569105691057,79220.0,False,,78550.0,2.0,below,0.21595528455284554,79030.0,False,,79240.0,27.0,above,0.660569105691057,80130.0,False,,78810.0,22.0,above,0.11432926829268292,78730.0,True,15.0,0,0,-9.317885220946204e-05,-16,NONE,-0.003936241080058499,-0.0050063314234890235,0.0007769231089468749,0.9157970333751664,-9.317885220946204e-05,-0.0014908616353513926,-0.000178476081878709,-0.0007216745555751469,,79011.0063690466,-0.3936241080058499,-0.012704865963664158,-0.8195156751812049,,56,-1,4229,4244,2025-07-30 21:00:00,2025-07-31 00:45:00,78710.0,78700.0,16,-0.012704865963664158,-0.0007940541227290099,55.0,1.0,4219.0,4228.0,2025-07-30 10:30:00,2025-07-30 14:45:00,79150.0,78930.0,10.0,-0.27795325331648746,-0.027795325331648746,27546.0,,1721.625,,23097.0,0.0,2309.7,0.0,0.7453890115599429,,1.1926224184959087,,0.0,18.75,81.25,True,True,,,,,0,0,2025-07-31 00:15:00,78750.0,,,1,0,0.15518810946108316,77.95469670556602,
CU:5m:1:1:12716:12720:1,CU,1h,1234,2025-07-31 01:00:00,485.0,-1,-1,CHoCH,-1,77920.0,106.0,BOS,-1,78820.0,3.0,9,5,2,2,current_internal_low,internal,0.0,8.0,78820.0,78820.0,78820.0,0.12703252032520324,active_bull_internal_ob,internal,1.0,83.0,77800.0,78030.0,77915.0,0.8765243902439025,78660.0,78770.0,78660.0,78700.0,2204.0,170190.0,0,0,0,0,0,0,,79240.0,2.0,above,0.660569105691057,79240.0,False,,78820.0,8.0,above,0.12703252032520324,78730.0,True,3.0,80130.0,7.0,above,1.7911585365853657,80990.0,False,,77700.0,56.0,below,1.295731707317073,77920.0,False,,0,0,-0.00012952417772313374,-4,NONE,-0.009531061922313875,-0.010261670265966357,0.00058321031427361,0.894849033690351,-0.00012952417772313374,-0.000518096710892535,,,,79457.31256624957,-0.9531061922313875,0.038133977373844274,-1.0739216991813094,,18,-1,1231,1234,2025-07-30 21:00:00,2025-07-31 00:00:00,78670.0,78700.0,4,0.038133977373844274,0.009533494343461069,17.0,1.0,1159.0,1230.0,2025-07-18 21:00:00,2025-07-30 14:00:00,78760.0,78930.0,72.0,0.21584560690706134,0.002997855651486963,27546.0,,6886.5,,597943.0,0.0,8304.763888888889,0.0,0.8292228523454577,,0.046067936241414316,,0.0,0.0,100.0,True,True,,,,,0,0,,,,,0,0,0.05683385834447178,172.15793317074517,4.0
CU:5m:1:1:12716:12720:1,CU,4h,547,2025-07-31 01:00:00,485.0,1,-1,BOS,1,79470.0,97.0,CHoCH,-1,78750.0,1.0,4,3,1,1,current_internal_low,internal,0.0,7.0,78750.0,78750.0,78750.0,0.038109756097560975,active_bull_internal_ob,internal,1.0,37.0,77770.0,78090.0,77930.0,0.8003048780487805,78660.0,78770.0,78660.0,78700.0,2204.0,170190.0,0,0,0,0,0,0,,79240.0,4.0,above,0.660569105691057,80130.0,False,,78750.0,7.0,above,0.038109756097560975,77770.0,True,1.0,80990.0,31.0,above,2.8836382113821135,79470.0,False,,77810.0,83.0,below,1.1559959349593496,77390.0,False,,-1,-1,-0.00032502699661210536,-62,DOWN_CONFIRMED,0.0005549252790748888,0.0029059581926906297,0.01421922843418383,0.4343374774730778,-0.00032502699661210536,-0.02015167378995053,0.000295022467416306,0.0009464055277703665,0.003937355389904473,78656.35160213617,0.05549252790748888,0.038133977373844274,-1.432703105009347,,8,-1,486,547,2025-07-09 21:00:00,2025-07-31 00:00:00,78310.0,78700.0,62,0.4980206870131454,0.008032591726018475,7.0,1.0,390.0,485.0,2025-06-05 21:00:00,2025-07-09 13:30:00,78620.0,78400.0,96.0,-0.2798270160264571,-0.0029148647502755948,1145770.0,,18480.16129032258,,2057966.0,0.0,21437.145833333332,0.0,0.862062582117959,,0.5567487509511819,,25.806451612903224,11.29032258064516,62.903225806451616,True,False,2025-07-15 09:00:00,77830.0,,,1,0,2025-07-18 00:00:00,78260.0,2025-07-24 21:00:00,79260.0,1,1,4.893129044302675,262.6375110256416,
CU:5m:1:-1:12728:12743:1,CU,5m,12860,2025-08-01 14:00:00,0.0,1,1,CHoCH,1,78270.0,8.0,BOS,1,78220.0,10.0,22,14,12,5,active_bear_internal_ob,internal,-1.0,173.0,78970.0,79050.0,79010.0,0.33032651505526617,current_swing_high,swing,0.0,30.0,78270.0,78270.0,78270.0,0.5590141024012196,78570.0,78790.0,78560.0,78710.0,5210.0,168481.0,0,0,0,0,0,0,,78220.0,14.0,below,0.6225384322195401,78230.0,True,10.0,78120.0,11.0,below,0.7495870918561809,78060.0,False,,78270.0,30.0,below,0.5590141024012196,79230.0,True,8.0,77950.0,33.0,below,0.9655698132384702,78820.0,False,,0,0,0.0007449406835461173,12,NONE,-0.000970726033673229,0.00231834259850445,0.0012605356081181228,0.004536876810110946,0.0007449406835461173,0.008939288202553408,0.008392139862540837,0.008869564365892035,,78786.48008732224,-0.0970726033673229,0.19093686354378914,3.677885510197802,,189,1,12849,12860,2025-08-01 11:00:00,2025-08-01 13:55:00,78210.0,78710.0,12,0.6393044367727807,0.05327536973106506,188.0,-1.0,12667.0,12848.0,2025-07-30 11:20:00,2025-08-01 10:55:00,79040.0,78190.0,182.0,-1.0754048582996,-0.005908817902745055,18866.0,,1572.1666666666667,,170240.0,0.0,935.3846153846154,0.0,1.6807702850877195,,0.11082001879699248,,100.0,0.0,0.0,True,True,,,2025-08-01 13:55:00,78710.0,0,1,,,,,0,0,0.5437227478506789,79.17183229367242,
CU:5m:1:-1:12728:12743:1,CU,15m,4286,2025-08-01 14:00:00,0.0,-1,1,CHoCH,-1,78810.0,57.0,CHoCH,1,78230.0,3.0,12,10,5,2,current_swing_low,swing,0.0,64.0,78810.0,78810.0,78810.0,0.12704865963664083,current_internal_high,internal,0.0,5.0,78230.0,78230.0,78230.0,0.609833566255876,78390.0,78790.0,78370.0,78710.0,9848.0,168481.0,0,0,0,0,0,0,,78230.0,5.0,below,0.609833566255876,78270.0,True,3.0,78060.0,2.0,below,0.8258162876381654,77980.0,False,,79240.0,17.0,above,0.6733578960741964,79240.0,False,,78810.0,64.0,above,0.12704865963664083,78730.0,True,57.0,-1,-1,-0.00023420752088940984,-58,DOWN_CONFIRMED,0.008403328966952344,-0.0016824466358310263,0.0038667706021108792,0.9954506091832698,-0.00023420752088940984,-0.01358403621158577,0.0008438202998177768,0.0010258859268501563,0.001156816005394301,78054.08583947615,0.8403328966952345,0.433839479392617,3.379433667073388,,56,-1,4229,4286,2025-07-30 21:00:00,2025-08-01 13:45:00,78710.0,78710.0,58,0.0,0.0,55.0,1.0,4219.0,4228.0,2025-07-30 10:30:00,2025-07-30 14:45:00,79150.0,78930.0,10.0,-0.27795325331648746,-0.027795325331648746,172667.0,,2977.0172413793102,,23097.0,0.0,2309.7,0.0,1.288919444680829,,7.4757327791488075,,3.4482758620689653,24.137931034482758,72.41379310344827,True,False,2025-07-31 14:45:00,78040.0,,,1,0,2025-08-01 09:45:00,78150.0,2025-08-01 09:30:00,78110.0,3,2,2.2983020796977196,125.79864880631922,
CU:5m:1:-1:12728:12743:1,CU,1h,1247,2025-08-01 14:00:00,0.0,-1,-1,CHoCH,-1,77920.0,119.0,BOS,-1,78820.0,16.0,9,5,2,2,current_internal_low,internal,0.0,21.0,78820.0,78820.0,78820.0,0.1397535256003049,active_bull_internal_ob,internal,1.0,96.0,77800.0,78030.0,77915.0,0.8639308855291578,78240.0,78790.0,78210.0,78710.0,14350.0,168481.0,0,0,0,0,0,0,,79240.0,15.0,above,0.6733578960741964,79240.0,False,,78820.0,21.0,above,0.1397535256003049,78730.0,True,16.0,80130.0,20.0,above,1.8040909668402998,80990.0,False,,77700.0,69.0,below,1.2831914623300724,77920.0,False,,0,0,-0.0011205560203383957,-17,NONE,0.009308339021114963,-0.0037438626981572557,0.007154928635547943,0.9659409896496546,-0.0011205560203383957,-0.019049452345752727,0.0003026843077655883,-0.01649657791472714,,77984.0975814561,0.9308339021114963,0.5750063889598866,0.6241356843261948,,18,-1,1231,1247,2025-07-30 21:00:00,2025-08-01 13:30:00,78670.0,78710.0,17,0.0508453031651257,0.0029909001861838647,17.0,1.0,1159.0,1230.0,2025-07-18 21:00:00,2025-07-30 14:00:00,78760.0,78930.0,72.0,0.21584560690706134,0.002997855651486963,172667.0,,10156.882352941177,,597943.0,0.0,8304.763888888889,0.0,1.2230187984670189,,0.2887683274158239,,0.0,5.88235294117647,94.11764705882352,True,False,2025-07-31 14:00:00,78040.0,,,1,0,2025-08-01 13:30:00,78710.0,,,1,0,1.9111087164253187,214.33948678103263,2.0
CU:5m:1:-1:12728:12743:1,CU,4h,552,2025-08-01 11:30:00,150.0,1,-1,BOS,1,79470.0,102.0,CHoCH,-1,78750.0,6.0,4,3,1,1,current_internal_low,internal,0.0,12.0,78750.0,78750.0,78750.0,0.05081946385465633,active_bull_internal_ob,internal,1.0,42.0,77770.0,78090.0,77930.0,0.7877016897471731,78180.0,78310.0,78060.0,78260.0,24819.0,169047.0,0,0,0,0,0,0,,79240.0,9.0,above,0.6733578960741964,80130.0,False,,78750.0,12.0,above,0.05081946385465633,77770.0,True,6.0,80990.0,36.0,above,2.896709439715411,79470.0,False,,77700.0,2.0,below,1.2831914623300724,77810.0,False,,-1,-1,-0.0003140996360018338,-67,DOWN_CONFIRMED,-0.004131426406453037,0.0022658148363544914,0.013872219216598841,0.3223437541275731,-0.0003140996360018338,-0.021044675612122865,-0.0009113674007347194,-0.0006166138071778127,0.0008153201886893502,78584.66676742525,-0.41314264064530365,0.3204717343930241,0.48736318771669723,,8,-1,486,552,2025-07-09 21:00:00,2025-08-01 09:00:00,78310.0,78260.0,67,-0.06384880602732235,-0.0009529672541391395,7.0,1.0,390.0,485.0,2025-06-05 21:00:00,2025-07-09 13:30:00,78620.0,78400.0,96.0,-0.2798270160264571,-0.0029148647502755948,1276541.0,,19052.850746268658,,2057966.0,0.0,21437.145833333332,0.0,0.8887774004243953,,0.6202925607128592,,23.88059701492537,10.44776119402985,65.67164179104478,True,True,2025-07-15 09:00:00,77830.0,2025-07-31 09:00:00,78420.0,1,1,2025-07-18 00:00:00,78260.0,2025-07-24 21:00:00,79260.0,1,1,6.1223975560677735,289.1607837903172,
CU:5m:1:-1:12761:12770:1,CU,5m,12855,2025-08-01 13:35:00,0.0,1,1,CHoCH,1,78270.0,3.0,BOS,1,78220.0,5.0,22,16,12,5,active_bear_internal_ob,internal,-1.0,112.0,78730.0,78770.0,78750.0,0.45935944876866147,current_swing_high,swing,0.0,25.0,78270.0,78270.0,78270.0,0.12759984688018375,78240.0,78380.0,78210.0,78370.0,2036.0,168843.0,1,1,0,1,1,0,active_bear_internal_ob,78220.0,9.0,below,0.1913997703202756,78230.0,True,5.0,78120.0,6.0,below,0.3189996172004594,78060.0,False,,78270.0,25.0,below,0.12759984688018375,79230.0,True,3.0,77950.0,28.0,below,0.5359193568967717,78820.0,False,,0,0,7.751354407013546e-05,7,NONE,0.0030615901794030804,0.0021479782901480332,0.00043614935756422496,0.9819021677410451,7.751354407013546e-05,0.0005425948084909482,0.00047345123437425585,,,78130.79552371564,0.30615901794030803,0.14055711730129872,3.0822721851003583,,189,1,12849,12855,2025-08-01 11:00:00,2025-08-01 13:30:00,78210.0,78370.0,7,0.20457741976729338,0.02922534568104191,188.0,-1.0,12667.0,12848.0,2025-07-30 11:20:00,2025-08-01 10:55:00,79040.0,78190.0,182.0,-1.0754048582996,-0.005908817902745055,6552.0,,936.0,,170240.0,0.0,935.3846153846154,0.0,1.000657894736842,,0.03848684210526316,,100.0,0.0,0.0,True,False,,,,,0,0,,,,,0,0,0.20305110138434715,60.82477054916758,
CU:5m:1:-1:12761:12770:1,CU,15m,4284,2025-08-01 11:30:00,125.0,-1,1,CHoCH,-1,78810.0,55.0,CHoCH,1,78230.0,1.0,12,12,5,2,active_bear_internal_ob,internal,-1.0,37.0,78690.0,78770.0,78730.0,0.40831951001658795,current_internal_high,internal,0.0,3.0,78230.0,78230.0,78230.0,0.17863978563225724,78250.0,78310.0,78220.0,78260.0,2213.0,169047.0,1,1,0,1,1,0,active_bear_internal_ob,78230.0,3.0,below,0.17863978563225724,78270.0,True,1.0,78060.0,0.0,below,0.39555952532856964,77980.0,False,,79240.0,15.0,above,1.1101186678575985,79240.0,False,,78810.0,62.0,above,0.5614393262728085,78730.0,True,55.0,-1,-1,-0.000254762281766007,-56,DOWN_CONFIRMED,0.0033324545235005557,-0.0019747124782121895,0.00358880289791292,0.9304047984606246,-0.000254762281766007,-0.014266687778896392,0.00024486805474577267,0.0004309968710962675,0.0004793729059771046,78000.06831949535,0.3332454523500556,0.012779552715658227,0.4229308658857926,,56,-1,4229,4284,2025-07-30 21:00:00,2025-08-01 11:15:00,78710.0,78260.0,56,-0.5717189683648871,-0.010209267292230127,55.0,1.0,4219.0,4228.0,2025-07-30 10:30:00,2025-07-30 14:45:00,79150.0,78930.0,10.0,-0.27795325331648746,-0.027795325331648746,158317.0,,2827.089285714286,,23097.0,0.0,2309.7,0.0,1.224007137599812,,6.854439970558947,,0.0,25.0,75.0,False,False,2025-07-31 14:45:00,78040.0,,,1,0,2025-08-01 09:45:00,78150.0,2025-08-01 09:30:00,78110.0,3,2,1.817379966708901,94.18068145584951,
CU:5m:1:-1:12761:12770:1,CU,1h,1246,2025-08-01 11:30:00,125.0,-1,-1,CHoCH,-1,77920.0,118.0,BOS,-1,78820.0,15.0,9,5,2,2,current_internal_low,internal,0.0,20.0,78820.0,78820.0,78820.0,0.5741993109608269,active_bull_internal_ob,internal,1.0,95.0,77800.0,78030.0,77915.0,0.43383947939262474,78190.0,78310.0,78190.0,78260.0,4516.0,169047.0,0,0,0,0,0,0,,79240.0,14.0,above,1.1101186678575985,79240.0,False,,78820.0,20.0,above,0.5741993109608269,78730.0,True,15.0,80130.0,19.0,above,2.245757305091234,80990.0,False,,77700.0,68.0,below,0.8549189740972309,77920.0,False,,0,0,-0.0012021394774456712,-16,NONE,0.003727001436793676,-0.00455962530561177,0.006563505144110399,0.8966210566620019,-0.0012021394774456712,-0.01923423163913074,0.00011947328474182228,-0.016853558550258052,,77969.40790471318,0.3727001436793676,0.08952551477170445,-0.6128817767283385,,18,-1,1231,1246,2025-07-30 21:00:00,2025-08-01 11:00:00,78670.0,78260.0,16,-0.5211643574424829,-0.03257277234015518,17.0,1.0,1159.0,1230.0,2025-07-18 21:00:00,2025-07-30 14:00:00,78760.0,78930.0,72.0,0.21584560690706134,0.002997855651486963,158317.0,,9894.8125,,597943.0,0.0,8304.763888888889,0.0,1.1914622296774107,,0.26476938437275793,,0.0,0.0,100.0,True,False,2025-07-31 14:00:00,78040.0,,,1,0,,,,,0,0,1.4394834452805474,186.21175499495823,2.0
CU:5m:1:-1:12761:12770:1,CU,4h,552,2025-08-01 11:30:00,125.0,1,-1,BOS,1,79470.0,102.0,CHoCH,-1,78750.0,6.0,4,3,1,1,current_internal_low,internal,0.0,12.0,78750.0,78750.0,78750.0,0.48487941814469826,active_bull_internal_ob,internal,1.0,42.0,77770.0,78090.0,77930.0,0.3572795712645145,78180.0,78310.0,78060.0,78260.0,24819.0,169047.0,0,0,0,0,0,0,,79240.0,9.0,above,1.1101186678575985,80130.0,False,,78750.0,12.0,above,0.48487941814469826,77770.0,True,6.0,80990.0,36.0,above,3.343115988260814,79470.0,False,,77700.0,2.0,below,0.8549189740972309,77810.0,False,,-1,-1,-0.0003140996360018338,-67,DOWN_CONFIRMED,-0.004131426406453037,0.0022658148363544914,0.013872219216598841,0.3223437541275731,-0.0003140996360018338,-0.021044675612122865,-0.0009113674007347194,-0.0006166138071778127,0.0008153201886893502,78584.66676742525,-0.41314264064530365,0.3204717343930241,0.48736318771669723,,8,-1,486,552,2025-07-09 21:00:00,2025-08-01 09:00:00,78310.0,78260.0,67,-0.06384880602732235,-0.0009529672541391395,7.0,1.0,390.0,485.0,2025-06-05 21:00:00,2025-07-09 13:30:00,78620.0,78400.0,96.0,-0.2798270160264571,-0.0029148647502755948,1276541.0,,19052.850746268658,,2057966.0,0.0,21437.145833333332,0.0,0.8887774004243953,,0.6202925607128592,,23.88059701492537,10.44776119402985,65.67164179104478,True,True,2025-07-15 09:00:00,77830.0,2025-07-31 09:00:00,78420.0,1,1,2025-07-18 00:00:00,78260.0,2025-07-24 21:00:00,79260.0,1,1,6.1223975560677735,289.1607837903172,
CU:5m:1:1:12827:12828:1,CU,5m,12885,2025-08-01 22:05:00,0.0,1,-1,CHoCH,1,78270.0,33.0,CHoCH,-1,78230.0,3.0,21,15,12,5,current_internal_low,internal,0.0,7.0,78230.0,78230.0,78230.0,0.23062139654067906,active_bull_internal_ob,internal,1.0,57.0,77960.0,78040.0,78000.0,0.012812299807815503,78090.0,78120.0,78030.0,78050.0,2451.0,167341.0,0,0,0,0,0,0,,78500.0,1.0,above,0.5765534913516976,78790.0,False,,78230.0,7.0,above,0.23062139654067906,78120.0,True,3.0,78270.0,55.0,above,0.28187059577194107,79230.0,True,33.0,77960.0,8.0,below,0.11531069827033953,77950.0,False,,0,0,-0.002719687838976433,-3,NONE,0.00024030114815852603,-0.0047122272215398275,0.0035043275394421023,0.9212104566993293,-0.002719687838976433,-0.008159063516929299,,,,78031.24900127275,0.024030114815852602,-0.05122294788064696,1.2921586620619807,,190,-1,12883,12885,2025-08-01 21:50:00,2025-08-01 22:00:00,78120.0,78050.0,3,-0.08960573476702871,-0.029868578255676237,189.0,1.0,12849.0,12882.0,2025-08-01 11:00:00,2025-08-01 21:45:00,78210.0,78120.0,34.0,-0.11507479861909697,-0.003384552900561676,5470.0,,1823.3333333333333,,51948.0,0.0,1527.8823529411766,0.0,1.1933728600395266,,0.1052976052976053,,0.0,0.0,100.0,True,True,2025-08-01 22:00:00,78050.0,,,1,0,,,,,0,0,0.7436669274825384,91.07158391100069,
CU:5m:1:1:12827:12828:1,CU,15m,4294,2025-08-01 22:00:00,5.0,-1,1,CHoCH,-1,78810.0,65.0,CHoCH,1,78230.0,11.0,12,10,5,2,active_bull_internal_ob,internal,1.0,11.0,78060.0,78150.0,78105.0,0.012812299807815503,active_bull_internal_ob,internal,1.0,366.0,77770.0,77860.0,77815.0,0.24343369634849454,78250.0,78280.0,78060.0,78090.0,5154.0,167566.0,0,0,0,0,0,0,,78790.0,3.0,above,0.9481101857783472,78230.0,False,,78060.0,10.0,above,0.012812299807815503,77980.0,False,,79240.0,25.0,above,1.5246636771300448,79240.0,False,,78810.0,72.0,above,0.9737347853939782,78730.0,True,65.0,-1,-1,-0.00019209919614242667,-66,DOWN_CONFIRMED,-0.0004574200544771855,-0.0011047970938817318,0.0039901395688175705,0.5644432265184167,-0.00019209919614242667,-0.01267854694540016,0.00038730219340776806,0.0016111262689477712,0.0020428175304247898,78125.7362785446,-0.04574200544771855,-0.20447284345047612,0.6100581625699365,,56,-1,4229,4294,2025-07-30 21:00:00,2025-08-01 21:45:00,78710.0,78090.0,66,-0.7877016897471778,-0.011934874087078452,55.0,1.0,4219.0,4228.0,2025-07-30 10:30:00,2025-07-30 14:45:00,79150.0,78930.0,10.0,-0.27795325331648746,-0.027795325331648746,208768.0,,3163.151515151515,,23097.0,0.0,2309.7,0.0,1.3695075183580185,,9.038749621162921,,3.0303030303030303,27.27272727272727,69.6969696969697,True,True,2025-07-31 14:45:00,78040.0,2025-08-01 21:45:00,78090.0,1,1,2025-08-01 09:45:00,78150.0,2025-08-01 14:00:00,78460.0,3,3,3.6116492258303436,150.91389936530646,
CU:5m:1:1:12827:12828:1,CU,1h,1249,2025-08-01 22:00:00,5.0,-1,-1,CHoCH,-1,77920.0,121.0,BOS,-1,78820.0,18.0,9,5,2,2,active_bear_internal_ob,internal,-1.0,18.0,79070.0,79240.0,79155.0,1.3068545803971814,active_bull_internal_ob,internal,1.0,98.0,77800.0,78030.0,77915.0,0.025624599615631006,78380.0,78500.0,78060.0,78090.0,18814.0,167566.0,0,0,0,0,0,0,,79240.0,17.0,above,1.5246636771300448,79240.0,False,,77960.0,1.0,below,0.11531069827033953,78820.0,False,,80130.0,22.0,above,2.6649583600256244,80990.0,False,,77700.0,71.0,below,0.4484304932735426,77920.0,False,,0,0,-0.0009880391302442325,-19,NONE,0.0010756143819315304,-0.0030226261188975763,0.007117623554569113,0.717620675049619,-0.0009880391302442325,-0.01877274347464042,0.0005344366397102007,0.000648212730643305,,78006.09552177845,0.10756143819315303,-0.3954081632653095,1.0109737199178652,,18,-1,1231,1249,2025-07-30 21:00:00,2025-08-01 21:00:00,78670.0,78090.0,19,-0.7372568958942449,-0.038802994520749735,17.0,1.0,1159.0,1230.0,2025-07-18 21:00:00,2025-07-30 14:00:00,78760.0,78930.0,72.0,0.21584560690706134,0.002997855651486963,208768.0,,10987.78947368421,,597943.0,0.0,8304.763888888889,0.0,1.3230706641022023,,0.3491436474714145,,0.0,15.789473684210526,84.21052631578947,True,False,2025-07-31 14:00:00,78040.0,,,1,0,2025-08-01 13:30:00,78710.0,2025-08-01 21:00:00,78090.0,1,1,2.3547813307340437,242.10904727548223,4.0
CU:5m:1:1:12827:12828:1,CU,4h,553,2025-08-01 15:00:00,425.0,1,-1,BOS,1,79470.0,103.0,CHoCH,-1,78750.0,7.0,4,3,1,1,current_internal_low,internal,0.0,13.0,78750.0,78750.0,78750.0,0.8968609865470852,active_bull_internal_ob,internal,1.0,245.0,77160.0,77970.0,77565.0,0.10249839846252402,78240.0,78790.0,78210.0,78400.0,31637.0,167666.0,1,1,1,0,1,0,active_bull_internal_ob,79240.0,10.0,above,1.5246636771300448,80130.0,False,,78750.0,13.0,above,0.8968609865470852,77770.0,True,7.0,80990.0,37.0,above,3.766816143497758,79470.0,False,,77700.0,3.0,below,0.4484304932735426,77810.0,False,,-1,-1,-0.00031054922914549,-68,DOWN_CONFIRMED,-0.0022758431265934524,0.0021990257486640802,0.01378068797128822,0.3726963917407217,-0.00031054922914549,-0.02111734758189332,-0.000817701073326571,-0.0007021870170115241,0.000506260682798354,78578.8330972,-0.22758431265934523,0.17889087656528524,0.9508102880750933,,8,-1,486,553,2025-07-09 21:00:00,2025-08-01 13:30:00,78310.0,78400.0,68,0.1149278508491891,0.0016901154536645457,7.0,1.0,390.0,485.0,2025-06-05 21:00:00,2025-07-09 13:30:00,78620.0,78400.0,96.0,-0.2798270160264571,-0.0029148647502755948,1308178.0,,19237.91176470588,,2057966.0,0.0,21437.145833333332,0.0,0.897410126995181,,0.6356655066215866,,23.52941176470588,10.294117647058822,66.17647058823529,True,True,2025-07-15 09:00:00,77830.0,2025-07-31 09:00:00,78420.0,1,1,2025-07-18 00:00:00,78260.0,2025-07-24 21:00:00,79260.0,1,1,6.266724243524688,309.9350135195803,
CU:5m:1:1:12843:12850:1,CU,5m,12882,2025-08-01 21:50:00,0.0,1,-1,CHoCH,1,78270.0,30.0,CHoCH,-1,78230.0,0.0,22,15,12,5,current_internal_low,internal,0.0,4.0,78230.0,78230.0,78230.0,0.1408090117767537,active_bull_internal_ob,internal,1.0,54.0,77960.0,78040.0,78000.0,0.10240655401945725,78250.0,78280.0,78120.0,78120.0,2135.0,167497.0,1,1,1,0,1,0,active_bull_internal_ob,78790.0,17.0,above,0.8576548899129545,78220.0,False,,78230.0,4.0,above,0.1408090117767537,78120.0,True,0.0,78270.0,52.0,above,0.19201228878648233,79230.0,True,30.0,77960.0,5.0,below,0.2048131080389145,77950.0,False,,0,0,0.00022533542912497057,34,NONE,-0.007201880685227774,-0.0021558400880536364,0.0034796414468680685,0.07350680281402333,0.00022533542912497057,0.007661404590248999,-0.00036545069122240204,-0.0007964918624063788,-0.001166424010626499,78686.69216851288,-0.7201880685227774,-0.16613418530351254,1.0683155724409168,,189,1,12849,12882,2025-08-01 11:00:00,2025-08-01 21:45:00,78210.0,78120.0,34,-0.11507479861909697,-0.003384552900561676,188.0,-1.0,12667.0,12848.0,2025-07-30 11:20:00,2025-08-01 10:55:00,79040.0,78190.0,182.0,-1.0754048582996,-0.005908817902745055,51948.0,,1527.8823529411766,,170240.0,0.0,935.3846153846154,0.0,1.6334268575851394,,0.3051456766917293,,38.23529411764706,17.647058823529413,44.11764705882353,True,True,,,2025-08-01 13:55:00,78710.0,0,1,2025-08-01 21:25:00,78450.0,2025-08-01 21:30:00,78320.0,1,2,1.6140535961596314,96.24962505770864,
CU:5m:1:1:12843:12850:1,CU,15m,4293,2025-08-01 21:45:00,5.0,-1,1,CHoCH,-1,78810.0,64.0,CHoCH,1,78230.0,10.0,12,10,5,2,current_internal_high,internal,0.0,2.0,78790.0,78790.0,78790.0,0.8576548899129545,current_internal_low,internal,0.0,9.0,78060.0,78060.0,78060.0,0.07680491551459294,78440.0,78500.0,78230.0,78250.0,3437.0,167407.0,1,1,1,0,1,0,active_bull_internal_ob,78790.0,2.0,above,0.8576548899129545,78230.0,False,,78060.0,9.0,below,0.07680491551459294,77980.0,False,,79240.0,24.0,above,1.4336917562724014,79240.0,False,,78810.0,71.0,above,0.8832565284178187,78730.0,True,64.0,-1,-1,-0.0001951867587574639,-65,DOWN_CONFIRMED,0.001599277274225535,-0.0011147567406418017,0.004019901576890621,0.7502095649070509,-0.0001951867587574639,-0.012687139319235152,0.0004602670682567478,0.0016584951071716425,0.0020366472318789075,78125.0563727954,0.15992772742255348,-0.2549394518801762,-0.0584859885488242,,56,-1,4229,4293,2025-07-30 21:00:00,2025-08-01 21:30:00,78710.0,78250.0,65,-0.5844238343285513,-0.008991135912746943,55.0,1.0,4219.0,4228.0,2025-07-30 10:30:00,2025-07-30 14:45:00,79150.0,78930.0,10.0,-0.27795325331648746,-0.027795325331648746,203614.0,,3132.523076923077,,23097.0,0.0,2309.7,0.0,1.3562467320098184,,8.815603758063817,,3.076923076923077,27.692307692307693,69.23076923076923,True,False,2025-07-31 14:45:00,78040.0,,,1,0,2025-08-01 09:45:00,78150.0,2025-08-01 14:00:00,78460.0,3,3,3.6060796318452697,145.5995839318685,
CU:5m:1:1:12843:12850:1,CU,1h,1248,2025-08-01 15:00:00,410.0,-1,-1,CHoCH,-1,77920.0,120.0,BOS,-1,78820.0,17.0,9,5,2,2,active_bear_internal_ob,internal,-1.0,17.0,79070.0,79240.0,79155.0,1.2160778289810548,active_bull_internal_ob,internal,1.0,97.0,77800.0,78030.0,77915.0,0.1152073732718894,78700.0,78730.0,78340.0,78400.0,17287.0,167666.0,0,0,0,0,0,0,,79240.0,16.0,above,1.4336917562724014,79240.0,False,,77960.0,0.0,below,0.2048131080389145,78820.0,False,,80130.0,21.0,above,2.5729646697388633,80990.0,False,,77700.0,70.0,below,0.5376344086021506,77920.0,False,,0,0,-0.001047837946584233,-18,NONE,0.0051401552276878724,-0.0032503061467214155,0.007245006224645322,0.8765889387788823,-0.001047837946584233,-0.01886108303851619,0.0004914461665488368,-0.016074780519047316,,77999.07265891746,0.5140155227687873,-0.3938508448735889,0.9171672675984959,,18,-1,1231,1248,2025-07-30 21:00:00,2025-08-01 14:00:00,78670.0,78400.0,18,-0.34320579636456516,-0.019066988686920288,17.0,1.0,1159.0,1230.0,2025-07-18 21:00:00,2025-07-30 14:00:00,78760.0,78930.0,72.0,0.21584560690706134,0.002997855651486963,189954.0,,10553.0,,597943.0,0.0,8304.763888888889,0.0,1.2707164395268447,,0.3176791098817111,,0.0,11.11111111111111,88.88888888888889,True,False,2025-07-31 14:00:00,78040.0,,,1,0,2025-08-01 13:30:00,78710.0,,,1,0,2.2290227128153335,226.88666629667318,4.0
CU:5m:1:1:12843:12850:1,CU,4h,553,2025-08-01 15:00:00,410.0,1,-1,BOS,1,79470.0,103.0,CHoCH,-1,78750.0,7.0,4,3,1,1,current_internal_low,internal,0.0,13.0,78750.0,78750.0,78750.0,0.8064516129032258,active_bull_internal_ob,internal,1.0,43.0,77770.0,78090.0,77930.0,0.03840245775729647,78240.0,78790.0,78210.0,78400.0,31637.0,167666.0,0,0,0,0,0,0,,79240.0,10.0,above,1.4336917562724014,80130.0,False,,78750.0,13.0,above,0.8064516129032258,77770.0,True,7.0,80990.0,37.0,above,3.673835125448029,79470.0,False,,77700.0,3.0,below,0.5376344086021506,77810.0,False,,-1,-1,-0.00031054922914549,-68,DOWN_CONFIRMED,-0.0022758431265934524,0.0021990257486640802,0.01378068797128822,0.3726963917407217,-0.00031054922914549,-0.02111734758189332,-0.000817701073326571,-0.0007021870170115241,0.000506260682798354,78578.8330972,-0.22758431265934523,0.17889087656528524,0.9508102880750933,,8,-1,486,553,2025-07-09 21:00:00,2025-08-01 13:30:00,78310.0,78400.0,68,0.1149278508491891,0.0016901154536645457,7.0,1.0,390.0,485.0,2025-06-05 21:00:00,2025-07-09 13:30:00,78620.0,78400.0,96.0,-0.2798270160264571,-0.0029148647502755948,1308178.0,,19237.91176470588,,2057966.0,0.0,21437.145833333332,0.0,0.897410126995181,,0.6356655066215866,,23.52941176470588,10.294117647058822,66.17647058823529,True,True,2025-07-15 09:00:00,77830.0,2025-07-31 09:00:00,78420.0,1,1,2025-07-18 00:00:00,78260.0,2025-07-24 21:00:00,79260.0,1,1,6.266724243524688,309.9350135195803,
CU:5m:0:1:12827:12852:1,CU,5m,12885,2025-08-01 22:05:00,0.0,1,-1,CHoCH,1,78270.0,33.0,CHoCH,-1,78230.0,3.0,21,15,12,5,current_internal_low,internal,0.0,7.0,78230.0,78230.0,78230.0,0.23062139654067906,active_bull_internal_ob,internal,1.0,57.0,77960.0,78040.0,78000.0,0.012812299807815503,78090.0,78120.0,78030.0,78050.0,2451.0,167341.0,0,0,0,0,0,0,,78500.0,1.0,above,0.5765534913516976,78790.0,False,,78230.0,7.0,above,0.23062139654067906,78120.0,True,3.0,78270.0,55.0,above,0.28187059577194107,79230.0,True,33.0,77960.0,8.0,below,0.11531069827033953,77950.0,False,,0,0,-0.002719687838976433,-3,NONE,0.00024030114815852603,-0.0047122272215398275,0.0035043275394421023,0.9212104566993293,-0.002719687838976433,-0.008159063516929299,,,,78031.24900127275,0.024030114815852602,-0.05122294788064696,1.2921586620619807,,190,-1,12883,12885,2025-08-01 21:50:00,2025-08-01 22:00:00,78120.0,78050.0,3,-0.08960573476702871,-0.029868578255676237,189.0,1.0,12849.0,12882.0,2025-08-01 11:00:00,2025-08-01 21:45:00,78210.0,78120.0,34.0,-0.11507479861909697,-0.003384552900561676,5470.0,,1823.3333333333333,,51948.0,0.0,1527.8823529411766,0.0,1.1933728600395266,,0.1052976052976053,,0.0,0.0,100.0,True,True,2025-08-01 22:00:00,78050.0,,,1,0,,,,,0,0,0.7436669274825384,91.07158391100069,
CU:5m:0:1:12827:12852:1,CU,15m,4294,2025-08-01 22:00:00,5.0,-1,1,CHoCH,-1,78810.0,65.0,CHoCH,1,78230.0,11.0,12,10,5,2,active_bull_internal_ob,internal,1.0,11.0,78060.0,78150.0,78105.0,0.012812299807815503,active_bull_internal_ob,internal,1.0,366.0,77770.0,77860.0,77815.0,0.24343369634849454,78250.0,78280.0,78060.0,78090.0,5154.0,167566.0,0,0,0,0,0,0,,78790.0,3.0,above,0.9481101857783472,78230.0,False,,78060.0,10.0,above,0.012812299807815503,77980.0,False,,79240.0,25.0,above,1.5246636771300448,79240.0,False,,78810.0,72.0,above,0.9737347853939782,78730.0,True,65.0,-1,-1,-0.00019209919614242667,-66,DOWN_CONFIRMED,-0.0004574200544771855,-0.0011047970938817318,0.0039901395688175705,0.5644432265184167,-0.00019209919614242667,-0.01267854694540016,0.00038730219340776806,0.0016111262689477712,0.0020428175304247898,78125.7362785446,-0.04574200544771855,-0.20447284345047612,0.6100581625699365,,56,-1,4229,4294,2025-07-30 21:00:00,2025-08-01 21:45:00,78710.0,78090.0,66,-0.7877016897471778,-0.011934874087078452,55.0,1.0,4219.0,4228.0,2025-07-30 10:30:00,2025-07-30 14:45:00,79150.0,78930.0,10.0,-0.27795325331648746,-0.027795325331648746,208768.0,,3163.151515151515,,23097.0,0.0,2309.7,0.0,1.3695075183580185,,9.038749621162921,,3.0303030303030303,27.27272727272727,69.6969696969697,True,True,2025-07-31 14:45:00,78040.0,2025-08-01 21:45:00,78090.0,1,1,2025-08-01 09:45:00,78150.0,2025-08-01 14:00:00,78460.0,3,3,3.6116492258303436,150.91389936530646,
CU:5m:0:1:12827:12852:1,CU,1h,1249,2025-08-01 22:00:00,5.0,-1,-1,CHoCH,-1,77920.0,121.0,BOS,-1,78820.0,18.0,9,5,2,2,active_bear_internal_ob,internal,-1.0,18.0,79070.0,79240.0,79155.0,1.3068545803971814,active_bull_internal_ob,internal,1.0,98.0,77800.0,78030.0,77915.0,0.025624599615631006,78380.0,78500.0,78060.0,78090.0,18814.0,167566.0,0,0,0,0,0,0,,79240.0,17.0,above,1.5246636771300448,79240.0,False,,77960.0,1.0,below,0.11531069827033953,78820.0,False,,80130.0,22.0,above,2.6649583600256244,80990.0,False,,77700.0,71.0,below,0.4484304932735426,77920.0,False,,0,0,-0.0009880391302442325,-19,NONE,0.0010756143819315304,-0.0030226261188975763,0.007117623554569113,0.717620675049619,-0.0009880391302442325,-0.01877274347464042,0.0005344366397102007,0.000648212730643305,,78006.09552177845,0.10756143819315303,-0.3954081632653095,1.0109737199178652,,18,-1,1231,1249,2025-07-30 21:00:00,2025-08-01 21:00:00,78670.0,78090.0,19,-0.7372568958942449,-0.038802994520749735,17.0,1.0,1159.0,1230.0,2025-07-18 21:00:00,2025-07-30 14:00:00,78760.0,78930.0,72.0,0.21584560690706134,0.002997855651486963,208768.0,,10987.78947368421,,597943.0,0.0,8304.763888888889,0.0,1.3230706641022023,,0.3491436474714145,,0.0,15.789473684210526,84.21052631578947,True,False,2025-07-31 14:00:00,78040.0,,,1,0,2025-08-01 13:30:00,78710.0,2025-08-01 21:00:00,78090.0,1,1,2.3547813307340437,242.10904727548223,4.0
CU:5m:0:1:12827:12852:1,CU,4h,553,2025-08-01 15:00:00,425.0,1,-1,BOS,1,79470.0,103.0,CHoCH,-1,78750.0,7.0,4,3,1,1,current_internal_low,internal,0.0,13.0,78750.0,78750.0,78750.0,0.8968609865470852,active_bull_internal_ob,internal,1.0,245.0,77160.0,77970.0,77565.0,0.10249839846252402,78240.0,78790.0,78210.0,78400.0,31637.0,167666.0,1,1,1,0,1,0,active_bull_internal_ob,79240.0,10.0,above,1.5246636771300448,80130.0,False,,78750.0,13.0,above,0.8968609865470852,77770.0,True,7.0,80990.0,37.0,above,3.766816143497758,79470.0,False,,77700.0,3.0,below,0.4484304932735426,77810.0,False,,-1,-1,-0.00031054922914549,-68,DOWN_CONFIRMED,-0.0022758431265934524,0.0021990257486640802,0.01378068797128822,0.3726963917407217,-0.00031054922914549,-0.02111734758189332,-0.000817701073326571,-0.0007021870170115241,0.000506260682798354,78578.8330972,-0.22758431265934523,0.17889087656528524,0.9508102880750933,,8,-1,486,553,2025-07-09 21:00:00,2025-08-01 13:30:00,78310.0,78400.0,68,0.1149278508491891,0.0016901154536645457,7.0,1.0,390.0,485.0,2025-06-05 21:00:00,2025-07-09 13:30:00,78620.0,78400.0,96.0,-0.2798270160264571,-0.0029148647502755948,1308178.0,,19237.91176470588,,2057966.0,0.0,21437.145833333332,0.0,0.897410126995181,,0.6356655066215866,,23.52941176470588,10.294117647058822,66.17647058823529,True,True,2025-07-15 09:00:00,77830.0,2025-07-31 09:00:00,78420.0,1,1,2025-07-18 00:00:00,78260.0,2025-07-24 21:00:00,79260.0,1,1,6.266724243524688,309.9350135195803,
CU:5m:1:-1:12878:12882:1,CU,5m,12956,2025-08-04 14:15:00,0.0,1,1,CHoCH,1,78270.0,104.0,BOS,1,78290.0,0.0,24,15,12,5,active_bear_internal_ob,internal,-1.0,74.0,78340.0,78460.0,78400.0,0.02553626149131767,current_internal_high,internal,0.0,8.0,78290.0,78290.0,78290.0,0.03830439223697651,78250.0,78340.0,78240.0,78320.0,739.0,164363.0,0,0,0,0,0,0,,78290.0,8.0,below,0.03830439223697651,78230.0,True,0.0,78060.0,27.0,below,0.3319713993871297,78120.0,False,,78790.0,46.0,above,0.6001021450459653,78270.0,False,,78030.0,21.0,below,0.37027579162410623,77960.0,False,,0,0,3.5926495109796695e-05,24,NONE,0.0020790827961950334,0.0015126604012857764,0.0003332211817090804,0.9554194030399323,3.5926495109796695e-05,0.0008622358826351206,0.00013839381194391542,0.00033115911194370184,0.0007232128441287955,78157.50407787814,0.20790827961950334,0.08945686900958538,1.0544743779739587,,191,1,12933,12956,2025-08-04 10:00:00,2025-08-04 14:10:00,78220.0,78320.0,24,0.12784454103809129,0.005326855876587137,190.0,-1.0,12883.0,12932.0,2025-08-01 21:50:00,2025-08-04 09:55:00,78120.0,78210.0,50.0,0.11520737327188613,0.0023041474654377225,13269.0,,552.875,,26198.0,0.0,523.96,0.0,1.055185510344301,,0.5064890449652645,,58.333333333333336,41.66666666666667,0.0,True,False,,,,,0,0,2025-08-04 13:50:00,78230.0,2025-08-04 13:45:00,78210.0,1,1,0.22028816344094093,45.63556037267712,
CU:5m:1:-1:12878:12882:1,CU,15m,4318,2025-08-04 14:15:00,0.0,-1,1,CHoCH,-1,78810.0,89.0,BOS,1,78230.0,6.0,12,10,5,2,active_bear_internal_ob,internal,-1.0,175.0,79110.0,79300.0,79205.0,1.008682328907048,current_internal_high,internal,0.0,10.0,78230.0,78230.0,78230.0,0.11491317671092952,78230.0,78340.0,78200.0,78320.0,1446.0,164363.0,0,0,0,0,0,0,,78230.0,10.0,below,0.11491317671092952,78790.0,True,6.0,78060.0,5.0,below,0.3319713993871297,78030.0,False,,79240.0,49.0,above,1.1746680286006128,79240.0,False,,77950.0,9.0,below,0.4724208375893769,78810.0,False,,-1,-1,-0.0001381433359613271,-90,DOWN_CONFIRMED,0.002237194438024029,-0.0006189121562415117,0.0035289321972877376,0.7908402476408888,-0.0001381433359613271,-0.01243290023651944,0.0001383266802739147,0.00023295247787680218,0.000265134065193795,78145.17405125411,0.2237194438024029,0.11504537901061429,0.04876866480465364,,56,-1,4229,4318,2025-07-30 21:00:00,2025-08-04 14:00:00,78710.0,78320.0,90,-0.49548977258290217,-0.0055054419175878016,55.0,1.0,4219.0,4228.0,2025-07-30 10:30:00,2025-07-30 14:45:00,79150.0,78930.0,10.0,-0.27795325331648746,-0.027795325331648746,245216.0,,2724.6222222222223,,23097.0,0.0,2309.7,0.0,1.179643339923896,,10.616790059315063,,2.2222222222222223,21.11111111111111,76.66666666666667,True,False,2025-08-01 22:45:00,78180.0,2025-08-01 21:45:00,78090.0,2,1,2025-08-04 14:00:00,78320.0,2025-08-01 14:00:00,78460.0,4,3,5.701830480625879,88.8423314557254,
CU:5m:1:-1:12878:12882:1,CU,1h,1256,2025-08-04 14:00:00,15.0,-1,-1,CHoCH,-1,77920.0,128.0,BOS,-1,78820.0,25.0,9,5,2,2,current_internal_high,internal,0.0,4.0,78790.0,78790.0,78790.0,0.6001021450459653,active_bull_internal_ob,internal,1.0,105.0,77800.0,78030.0,77915.0,0.37027579162410623,78230.0,78280.0,78210.0,78230.0,3190.0,164167.0,0,0,0,0,0,0,,78790.0,4.0,above,0.6001021450459653,79240.0,False,,78030.0,1.0,below,0.37027579162410623,77960.0,False,,80130.0,29.0,above,2.3110316649642493,80990.0,False,,77700.0,78.0,below,0.7916241062308479,77920.0,False,,0,0,-0.0007164330058287555,-26,NONE,0.0027216736495263255,-0.0015369289487991865,0.006561099359411646,0.7418529335653888,-0.0007164330058287555,-0.018627258151547643,0.00011248292304677499,0.0006188771133373017,-0.016245111718585892,78017.66138680586,0.27216736495263255,-0.01278118609406853,-0.8440351052619823,,18,-1,1231,1256,2025-07-30 21:00:00,2025-08-04 13:30:00,78670.0,78230.0,26,-0.5592983348163161,-0.021511474416012158,17.0,1.0,1159.0,1230.0,2025-07-18 21:00:00,2025-07-30 14:00:00,78760.0,78930.0,72.0,0.21584560690706134,0.002997855651486963,243770.0,,9375.76923076923,,597943.0,0.0,8304.763888888889,0.0,1.1289627683832482,,0.4076809996939508,,0.0,38.46153846153847,61.53846153846154,True,False,2025-07-31 14:00:00,78040.0,,,1,0,2025-08-01 13:30:00,78710.0,2025-08-01 21:00:00,78090.0,1,1,4.268967257424541,187.58296696805942,2.0
CU:5m:1:-1:12878:12882:1,CU,4h,556,2025-08-04 11:30:00,165.0,1,-1,BOS,1,79470.0,106.0,CHoCH,-1,78750.0,10.0,4,3,1,1,active_bear_internal_ob,internal,-1.0,10.0,78810.0,79240.0,79025.0,0.625638406537283,active_bull_internal_ob,internal,1.0,46.0,77770.0,78090.0,77930.0,0.2936670071501532,78180.0,78290.0,78060.0,78240.0,18439.0,164375.0,0,0,0,0,0,0,,79240.0,13.0,above,1.1746680286006128,80130.0,False,,77950.0,2.0,below,0.4724208375893769,78750.0,False,,80990.0,40.0,above,3.4090909090909087,79470.0,False,,77700.0,6.0,below,0.7916241062308479,77810.0,False,,-1,-1,-0.00030235235881034947,-71,DOWN_CONFIRMED,-0.003956214796956083,0.0019097985865152102,0.013556890514136829,0.3326177889843156,-0.00030235235881034947,-0.02146701747553481,-0.0006269061498100914,-0.0013399117614179001,-0.00029273840733734513,78550.76369363697,-0.3956214796956083,0.0895484201100194,-0.029013599714201137,,8,-1,486,556,2025-07-09 21:00:00,2025-08-04 09:00:00,78310.0,78240.0,71,-0.08938832843825573,-0.0012589905413838834,7.0,1.0,390.0,485.0,2025-06-05 21:00:00,2025-07-09 13:30:00,78620.0,78400.0,96.0,-0.2798270160264571,-0.0029148647502755948,1358804.0,,19138.084507042255,,2057966.0,0.0,21437.145833333332,0.0,0.8927533849811204,,0.6602655243089536,,22.535211267605636,9.859154929577464,67.6056338028169,True,True,2025-07-15 09:00:00,77830.0,2025-07-31 09:00:00,78420.0,1,1,2025-07-18 00:00:00,78260.0,2025-07-24 21:00:00,79260.0,1,1,7.098596998583996,300.8226037545619,
CU:5m:1:-1:12878:12882:2,CU,5m,12961,2025-08-04 14:40:00,0.0,1,1,CHoCH,1,78270.0,109.0,BOS,1,78290.0,5.0,24,15,12,5,active_bear_internal_ob,internal,-1.0,79.0,78340.0,78460.0,78400.0,0.02553626149131767,current_internal_high,internal,0.0,13.0,78290.0,78290.0,78290.0,0.03830439223697651,78310.0,78340.0,78300.0,78320.0,512.0,164186.0,0,0,0,0,0,0,,78290.0,13.0,below,0.03830439223697651,78230.0,True,5.0,78200.0,2.0,below,0.15321756894790603,78060.0,False,,78790.0,51.0,above,0.6001021450459653,78270.0,False,,78030.0,26.0,below,0.37027579162410623,77960.0,False,,0,0,4.20858115056004e-05,29,NONE,0.0017205229264541124,0.0015723817694278228,0.0003546262431381644,0.6619309658387346,4.20858115056004e-05,0.0012204885336624116,0.0003579440188501426,0.0004963873680312592,0.0009303305937367057,78185.48008899107,0.17205229264541125,0.012769761205455588,-0.2647950619237278,,191,1,12933,12961,2025-08-04 10:00:00,2025-08-04 14:35:00,78220.0,78320.0,29,0.12784454103809129,0.004408432449589355,190.0,-1.0,12883.0,12932.0,2025-08-01 21:50:00,2025-08-04 09:55:00,78120.0,78210.0,50.0,0.11520737327188613,0.0023041474654377225,16792.0,,579.0344827586207,,26198.0,0.0,523.96,0.0,1.1051119985468751,,0.6409649591571875,,65.51724137931035,34.48275862068966,0.0,False,False,,,,,0,0,2025-08-04 13:50:00,78230.0,2025-08-04 13:45:00,78210.0,1,1,0.22553444082934776,50.998196654393276,
CU:5m:1:-1:12878:12882:2,CU,15m,4319,2025-08-04 14:30:00,10.0,-1,1,CHoCH,-1,78810.0,90.0,BOS,1,78230.0,7.0,12,10,5,2,active_bear_internal_ob,internal,-1.0,176.0,79110.0,79300.0,79205.0,1.008682328907048,current_internal_high,internal,0.0,11.0,78230.0,78230.0,78230.0,0.11491317671092952,78330.0,78430.0,78260.0,78300.0,2474.0,164296.0,0,0,0,0,0,0,,78230.0,11.0,below,0.11491317671092952,78790.0,True,7.0,78060.0,6.0,below,0.3319713993871297,78030.0,False,,79240.0,50.0,above,1.1746680286006128,79240.0,False,,77950.0,10.0,below,0.4724208375893769,78810.0,False,,-1,-1,-0.00013588087176083722,-91,DOWN_CONFIRMED,0.0019125356141207696,-0.0005910940488748933,0.003519397470445584,0.7615756661868898,-0.00013588087176083722,-0.012365159330236186,0.00017143868420022024,0.00028677647307873144,0.0003298273409653163,78150.53431985072,0.19125356141207694,-0.025536261491321266,1.0634666435047015,,56,-1,4229,4319,2025-07-30 21:00:00,2025-08-04 14:15:00,78710.0,78300.0,91,-0.5208995045102305,-0.005724170379233302,55.0,1.0,4219.0,4228.0,2025-07-30 10:30:00,2025-07-30 14:45:00,79150.0,78930.0,10.0,-0.27795325331648746,-0.027795325331648746,247690.0,,2721.868131868132,,23097.0,0.0,2309.7,0.0,1.1784509381599915,,10.723903537255921,,2.197802197802198,21.978021978021978,75.82417582417582,True,False,2025-08-01 22:45:00,78180.0,2025-08-01 21:45:00,78090.0,2,1,2025-08-04 14:00:00,78320.0,2025-08-01 14:00:00,78460.0,4,3,5.9540397626139425,94.63930778031644,
CU:5m:1:-1:12878:12882:2,CU,1h,1256,2025-08-04 14:00:00,40.0,-1,-1,CHoCH,-1,77920.0,128.0,BOS,-1,78820.0,25.0,9,5,2,2,current_internal_high,internal,0.0,4.0,78790.0,78790.0,78790.0,0.6001021450459653,active_bull_internal_ob,internal,1.0,105.0,77800.0,78030.0,77915.0,0.37027579162410623,78230.0,78280.0,78210.0,78230.0,3190.0,164167.0,0,0,0,0,0,0,,78790.0,4.0,above,0.6001021450459653,79240.0,False,,78030.0,1.0,below,0.37027579162410623,77960.0,False,,80130.0,29.0,above,2.3110316649642493,80990.0,False,,77700.0,78.0,below,0.7916241062308479,77920.0,False,,0,0,-0.0007164330058287555,-26,NONE,0.0027216736495263255,-0.0015369289487991865,0.006561099359411646,0.7418529335653888,-0.0007164330058287555,-0.018627258151547643,0.00011248292304677499,0.0006188771133373017,-0.016245111718585892,78017.66138680586,0.27216736495263255,-0.01278118609406853,-0.8440351052619823,,18,-1,1231,1256,2025-07-30 21:00:00,2025-08-04 13:30:00,78670.0,78230.0,26,-0.5592983348163161,-0.021511474416012158,17.0,1.0,1159.0,1230.0,2025-07-18 21:00:00,2025-07-30 14:00:00,78760.0,78930.0,72.0,0.21584560690706134,0.002997855651486963,243770.0,,9375.76923076923,,597943.0,0.0,8304.763888888889,0.0,1.1289627683832482,,0.4076809996939508,,0.0,38.46153846153847,61.53846153846154,True,False,2025-07-31 14:00:00,78040.0,,,1,0,2025-08-01 13:30:00,78710.0,2025-08-01 21:00:00,78090.0,1,1,4.268967257424541,187.58296696805942,2.0
CU:5m:1:-1:12878:12882:2,CU,4h,556,2025-08-04 11:30:00,190.0,1,-1,BOS,1,79470.0,106.0,CHoCH,-1,78750.0,10.0,4,3,1,1,active_bear_internal_ob,internal,-1.0,10.0,78810.0,79240.0,79025.0,0.625638406537283,active_bull_internal_ob,internal,1.0,46.0,77770.0,78090.0,77930.0,0.2936670071501532,78180.0,78290.0,78060.0,78240.0,18439.0,164375.0,0,0,0,0,0,0,,79240.0,13.0,above,1.1746680286006128,80130.0,False,,77950.0,2.0,below,0.4724208375893769,78750.0,False,,80990.0,40.0,above,3.4090909090909087,79470.0,False,,77700.0,6.0,below,0.7916241062308479,77810.0,False,,-1,-1,-0.00030235235881034947,-71,DOWN_CONFIRMED,-0.003956214796956083,0.0019097985865152102,0.013556890514136829,0.3326177889843156,-0.00030235235881034947,-0.02146701747553481,-0.0006269061498100914,-0.0013399117614179001,-0.00029273840733734513,78550.76369363697,-0.3956214796956083,0.0895484201100194,-0.029013599714201137,,8,-1,486,556,2025-07-09 21:00:00,2025-08-04 09:00:00,78310.0,78240.0,71,-0.08938832843825573,-0.0012589905413838834,7.0,1.0,390.0,485.0,2025-06-05 21:00:00,2025-07-09 13:30:00,78620.0,78400.0,96.0,-0.2798270160264571,-0.0029148647502755948,1358804.0,,19138.084507042255,,2057966.0,0.0,21437.145833333332,0.0,0.8927533849811204,,0.6602655243089536,,22.535211267605636,9.859154929577464,67.6056338028169,True,True,2025-07-15 09:00:00,77830.0,2025-07-31 09:00:00,78420.0,1,1,2025-07-18 00:00:00,78260.0,2025-07-24 21:00:00,79260.0,1,1,7.098596998583996,300.8226037545619,
CU:5m:1:-1:12878:12882:3,CU,5m,12966,2025-08-04 21:05:00,0.0,1,1,CHoCH,1,78270.0,114.0,BOS,1,78430.0,0.0,25,14,12,5,current_swing_high,swing,0.0,56.0,78790.0,78790.0,78790.0,0.3438614365766684,current_internal_high,internal,0.0,4.0,78430.0,78430.0,78430.0,0.11462047885888946,78460.0,78540.0,78400.0,78520.0,3085.0,162935.0,0,0,0,0,0,0,,78430.0,4.0,below,0.11462047885888946,78290.0,True,0.0,78260.0,2.0,below,0.33112582781456956,78200.0,False,,78790.0,56.0,above,0.3438614365766684,78270.0,False,,78030.0,31.0,below,0.6240448293428426,77960.0,False,,0,0,5.86882049844538e-05,34,NONE,0.003501866503542082,0.001644848311011444,0.0004661673035263345,0.9999660586538771,5.86882049844538e-05,0.001995398969471429,0.0007739658194010346,0.001132186874686969,0.00146372092063074,78245.99297815342,0.3501866503542082,0.24256351334099868,3.73182756682211,,191,1,12933,12966,2025-08-04 10:00:00,2025-08-04 21:00:00,78220.0,78520.0,34,0.38353362311429606,0.011280400679832237,190.0,-1.0,12883.0,12932.0,2025-08-01 21:50:00,2025-08-04 09:55:00,78120.0,78210.0,50.0,0.11520737327188613,0.0023041474654377225,23481.0,,690.6176470588235,,26198.0,0.0,523.96,0.0,1.3180732251676148,,0.8962897931139782,,70.58823529411765,29.411764705882355,0.0,True,False,,,,,0,0,2025-08-04 13:50:00,78230.0,2025-08-04 13:45:00,78210.0,1,1,0.28341051293640607,59.02833162967745,
CU:5m:1:-1:12878:12882:3,CU,15m,4321,2025-08-04 15:00:00,365.0,-1,1,CHoCH,-1,78810.0,92.0,BOS,1,78230.0,9.0,12,10,5,2,active_bear_internal_ob,internal,-1.0,178.0,79110.0,79300.0,79205.0,0.7514009169638309,current_internal_high,internal,0.0,13.0,78230.0,78230.0,78230.0,0.369332654100866,78330.0,78360.0,78300.0,78330.0,2954.0,163558.0,0,0,0,0,0,0,,78230.0,13.0,below,0.369332654100866,78790.0,True,9.0,78060.0,8.0,below,0.5858380030565461,78030.0,False,,79240.0,52.0,above,0.9169638308711157,79240.0,False,,77950.0,12.0,below,0.7259296994396331,78810.0,False,,-1,-1,-0.00013163643083833284,-93,DOWN_CONFIRMED,0.0021716288985798734,-0.0005294537748790443,0.0035061229955878786,0.7794657571978341,-0.00013163643083833284,-0.012242188067964954,0.0002437183509880203,0.0003800916007639099,0.00044974828008848,78160.26491000078,0.21716288985798735,-0.012764871074799622,1.382662438091635,,56,-1,4229,4321,2025-07-30 21:00:00,2025-08-04 14:45:00,78710.0,78330.0,93,-0.482784906619238,-0.00519123555504557,55.0,1.0,4219.0,4228.0,2025-07-30 10:30:00,2025-07-30 14:45:00,79150.0,78930.0,10.0,-0.27795325331648746,-0.027795325331648746,252343.0,,2713.3655913978496,,23097.0,0.0,2309.7,0.0,1.1747697066276355,,10.925358271637009,,2.1505376344086025,23.655913978494624,74.19354838709677,False,False,2025-08-01 22:45:00,78180.0,2025-08-01 21:45:00,78090.0,2,1,2025-08-04 14:00:00,78320.0,2025-08-01 14:00:00,78460.0,4,3,6.622151284857428,91.1940970146606,
CU:5m:1:-1:12878:12882:3,CU,1h,1257,2025-08-04 15:00:00,365.0,-1,-1,CHoCH,-1,77920.0,129.0,BOS,-1,78820.0,26.0,9,5,2,2,current_internal_high,internal,0.0,5.0,78790.0,78790.0,78790.0,0.3438614365766684,active_bull_internal_ob,internal,1.0,106.0,77800.0,78030.0,77915.0,0.6240448293428426,78230.0,78430.0,78200.0,78330.0,8573.0,163558.0,0,0,0,0,0,0,,78790.0,5.0,above,0.3438614365766684,79240.0,False,,78030.0,2.0,below,0.6240448293428426,77960.0,False,,80130.0,30.0,above,2.0504330106979114,80990.0,False,,77700.0,79.0,below,1.044319918492104,77920.0,False,,0,0,-0.0006873855634013639,-27,NONE,0.003934026973879287,-0.0013343009516629469,0.006520825427109804,0.7904326811416592,-0.0006873855634013639,-0.018559410211836824,0.00017436937102410788,0.0004995584487799132,-0.016005260470820515,78023.05519627339,0.3934026973879287,0.1278281989006702,-0.013366093932193696,,18,-1,1231,1257,2025-07-30 21:00:00,2025-08-04 14:00:00,78670.0,78330.0,27,-0.43218507690352403,-0.01600685470013052,17.0,1.0,1159.0,1230.0,2025-07-18 21:00:00,2025-07-30 14:00:00,78760.0,78930.0,72.0,0.21584560690706134,0.002997855651486963,252343.0,,9346.037037037036,,597943.0,0.0,8304.763888888889,0.0,1.125382631231851,,0.42201848671194414,,0.0,40.74074074074074,59.25925925925925,True,False,2025-07-31 14:00:00,78040.0,,,1,0,2025-08-01 13:30:00,78710.0,2025-08-01 21:00:00,78090.0,1,1,4.887072454668388,190.61275504176945,4.0
CU:5m:1:-1:12878:12882:3,CU,4h,557,2025-08-04 15:00:00,365.0,1,-1,BOS,1,79470.0,107.0,CHoCH,-1,78750.0,11.0,4,3,1,1,active_bear_internal_ob,internal,-1.0,11.0,78810.0,79240.0,79025.0,0.369332654100866,active_bull_internal_ob,internal,1.0,47.0,77770.0,78090.0,77930.0,0.5476311767702496,78230.0,78430.0,78200.0,78330.0,11763.0,163558.0,0,0,0,0,0,0,,79240.0,14.0,above,0.9169638308711157,80130.0,False,,77950.0,3.0,below,0.7259296994396331,78750.0,False,,80990.0,41.0,above,3.145695364238411,79470.0,False,,77700.0,7.0,below,1.044319918492104,77810.0,False,,-1,-1,-0.00029891577167308185,-72,DOWN_CONFIRMED,-0.0027544906233238965,0.0018450167919341115,0.01347347823920117,0.3664106805731631,-0.00029891577167308185,-0.02152193556046189,-0.0004875196410392135,-0.0013984427322658588,-0.0004533606984277183,78546.35519889162,-0.27544906233238964,0.11503067484661678,-0.538523928465248,,8,-1,486,557,2025-07-09 21:00:00,2025-08-04 13:30:00,78310.0,78330.0,72,0.02553952241093338,0.0003547155890407414,7.0,1.0,390.0,485.0,2025-06-05 21:00:00,2025-07-09 13:30:00,78620.0,78400.0,96.0,-0.2798270160264571,-0.0029148647502755948,1370567.0,,19035.652777777777,,2057966.0,0.0,21437.145833333332,0.0,0.8879751495732519,,0.6659813621799389,,22.22222222222222,9.722222222222223,68.05555555555556,True,True,2025-07-15 09:00:00,77830.0,2025-07-31 09:00:00,78420.0,1,1,2025-07-18 00:00:00,78260.0,2025-07-24 21:00:00,79260.0,1,1,7.302631769045888,295.7638463435218,
CU:5m:1:1:12890:12895:1,CU,5m,12897,2025-08-01 23:05:00,0.0,1,1,CHoCH,1,78270.0,45.0,CHoCH,1,78150.0,2.0,22,15,12,5,current_swing_high,swing,0.0,67.0,78270.0,78270.0,78270.0,0.15355086372360846,active_bull_internal_ob,internal,1.0,2.0,78050.0,78130.0,78090.0,0.02559181062060141,78190.0,78200.0,78110.0,78150.0,650.0,165953.0,1,0,0,0,1,0,current_internal_high,78150.0,4.0,overlap,0.0,78500.0,True,2.0,78050.0,2.0,below,0.12795905310300704,78030.0,False,,78270.0,67.0,above,0.15355086372360846,79230.0,True,45.0,77960.0,20.0,below,0.2431222008957134,77950.0,False,,0,0,-0.0005361752064069858,-15,NONE,0.0014042809171652714,-3.445638629889439e-05,0.002836979645888334,0.6939706469540521,-0.0005361752064069858,-0.008042628096104787,6.519848356867364e-05,9.751086205356252e-05,,78040.40934239271,0.14042809171652715,-0.038372985418266836,-0.46765795651290526,,190,-1,12883,12897,2025-08-01 21:50:00,2025-08-01 23:00:00,78120.0,78150.0,15,0.03840245775730278,0.002560163850486852,189.0,1.0,12849.0,12882.0,2025-08-01 11:00:00,2025-08-01 21:45:00,78210.0,78120.0,34.0,-0.11507479861909697,-0.003384552900561676,12092.0,,806.1333333333333,,51948.0,0.0,1527.8823529411766,0.0,0.5276147942814609,,0.23277123277123277,,0.0,0.0,100.0,True,False,2025-08-01 22:00:00,78050.0,,,1,0,,,,,0,0,82.33537960942134,74.83606903656708,
CU:5m:1:1:12890:12895:1,CU,15m,4298,2025-08-01 23:00:00,5.0,-1,1,CHoCH,-1,78810.0,69.0,CHoCH,1,78230.0,15.0,11,10,5,2,current_internal_high,internal,0.0,7.0,78790.0,78790.0,78790.0,0.8189379398592451,current_internal_low,internal,0.0,14.0,78060.0,78060.0,78060.0,0.11516314779270634,78100.0,78200.0,78100.0,78180.0,1490.0,165993.0,0,0,0,0,0,0,,78790.0,7.0,above,0.8189379398592451,78230.0,False,,78060.0,14.0,below,0.11516314779270634,77980.0,False,,79240.0,29.0,above,1.3947536788227768,79240.0,False,,78810.0,76.0,above,0.8445297504798465,78730.0,True,69.0,-1,-1,-0.00018135240732348892,-70,DOWN_CONFIRMED,0.0007109092869419917,-0.0010503483995275439,0.0038826514965893976,0.6749496855361443,-0.00018135240732348892,-0.012694668512644225,-7.625944833611342e-06,0.0004526376134519339,0.0018770097585636414,78124.46059542538,0.07109092869419917,0.11525163273147232,-1.0242296217034856,,56,-1,4229,4298,2025-07-30 21:00:00,2025-08-01 22:45:00,78710.0,78180.0,70,-0.6733578960742004,-0.00961939851534572,55.0,1.0,4219.0,4228.0,2025-07-30 10:30:00,2025-07-30 14:45:00,79150.0,78930.0,10.0,-0.27795325331648746,-0.027795325331648746,217191.0,,3102.7285714285713,,23097.0,0.0,2309.7,0.0,1.3433470023936318,,9.403429016755423,,2.857142857142857,25.71428571428571,71.42857142857143,True,True,2025-08-01 22:45:00,78180.0,2025-08-01 21:45:00,78090.0,2,1,2025-08-01 09:45:00,78150.0,2025-08-01 14:00:00,78460.0,3,3,3.696536785637841,137.81241877791854,
CU:5m:1:1:12890:12895:1,CU,1h,1250,2025-08-01 23:00:00,5.0,-1,-1,CHoCH,-1,77920.0,122.0,BOS,-1,78820.0,19.0,9,5,2,2,active_bear_internal_ob,internal,-1.0,19.0,79070.0,79240.0,79155.0,1.1772232885476648,active_bull_internal_ob,internal,1.0,99.0,77800.0,78030.0,77915.0,0.15355086372360846,78090.0,78200.0,78030.0,78180.0,8423.0,165993.0,0,0,0,0,0,0,,79240.0,18.0,above,1.3947536788227768,79240.0,False,,77960.0,2.0,below,0.2431222008957134,78820.0,False,,80130.0,23.0,above,2.5335892514395395,80990.0,False,,77700.0,72.0,below,0.5758157389635317,77920.0,False,,0,0,-0.0009374268148249043,-20,NONE,0.0022046456756001183,-0.0027612625291726913,0.007030323207788735,0.7600164891647303,-0.0009374268148249043,-0.018748536296498086,0.0005232017930103527,0.0006237902212977708,,78008.01995614156,0.22046456756001181,0.11525163273147232,-0.3095561646385801,,18,-1,1231,1250,2025-07-30 21:00:00,2025-08-01 22:00:00,78670.0,78180.0,20,-0.6228549637727232,-0.03114274818863616,17.0,1.0,1159.0,1230.0,2025-07-18 21:00:00,2025-07-30 14:00:00,78760.0,78930.0,72.0,0.21584560690706134,0.002997855651486963,217191.0,,10859.55,,597943.0,0.0,8304.763888888889,0.0,1.3076289880473557,,0.3632302744575988,,0.0,20.0,80.0,True,False,2025-07-31 14:00:00,78040.0,,,1,0,2025-08-01 13:30:00,78710.0,2025-08-01 21:00:00,78090.0,1,1,2.546053891476631,236.9584010415192,4.0
CU:5m:1:1:12890:12895:1,CU,4h,553,2025-08-01 15:00:00,485.0,1,-1,BOS,1,79470.0,103.0,CHoCH,-1,78750.0,7.0,4,3,1,1,current_internal_low,internal,0.0,13.0,78750.0,78750.0,78750.0,0.7677543186180422,active_bull_internal_ob,internal,1.0,43.0,77770.0,78090.0,77930.0,0.07677543186180423,78240.0,78790.0,78210.0,78400.0,31637.0,167666.0,0,0,0,0,0,0,,79240.0,10.0,above,1.3947536788227768,80130.0,False,,78750.0,13.0,above,0.7677543186180422,77770.0,True,7.0,80990.0,37.0,above,3.6340371081254,79470.0,False,,77700.0,3.0,below,0.5758157389635317,77810.0,False,,-1,-1,-0.00031054922914549,-68,DOWN_CONFIRMED,-0.0022758431265934524,0.0021990257486640802,0.01378068797128822,0.3726963917407217,-0.00031054922914549,-0.02111734758189332,-0.000817701073326571,-0.0007021870170115241,0.000506260682798354,78578.8330972,-0.22758431265934523,0.17889087656528524,0.9508102880750933,,8,-1,486,553,2025-07-09 21:00:00,2025-08-01 13:30:00,78310.0,78400.0,68,0.1149278508491891,0.0016901154536645457,7.0,1.0,390.0,485.0,2025-06-05 21:00:00,2025-07-09 13:30:00,78620.0,78400.0,96.0,-0.2798270160264571,-0.0029148647502755948,1308178.0,,19237.91176470588,,2057966.0,0.0,21437.145833333332,0.0,0.897410126995181,,0.6356655066215866,,23.52941176470588,10.294117647058822,66.17647058823529,True,True,2025-07-15 09:00:00,77830.0,2025-07-31 09:00:00,78420.0,1,1,2025-07-18 00:00:00,78260.0,2025-07-24 21:00:00,79260.0,1,1,6.266724243524688,309.9350135195803,
CU:5m:1:1:12890:12895:2,CU,5m,12900,2025-08-01 23:20:00,0.0,1,1,CHoCH,1,78270.0,48.0,CHoCH,1,78150.0,5.0,22,15,12,5,current_internal_high,internal,0.0,7.0,78150.0,78150.0,78150.0,0.01279754287176862,active_bull_internal_ob,internal,1.0,5.0,78050.0,78130.0,78090.0,0.01279754287176862,78160.0,78170.0,78130.0,78140.0,114.0,165901.0,0,0,0,0,0,0,,78150.0,7.0,above,0.01279754287176862,78500.0,True,5.0,78050.0,5.0,below,0.1151778858459176,78030.0,False,,78270.0,70.0,above,0.16636805733299206,79230.0,True,48.0,77960.0,23.0,below,0.2303557716918352,77950.0,False,,0,0,-0.00044580832289485713,-18,NONE,0.0012578943888903675,0.00023853784313073226,0.0026629925969965315,0.6490608150440019,-0.00044580832289485713,-0.008024549812107429,4.860746533519311e-05,9.692652878090513e-05,,78041.8316179091,0.12578943888903674,-0.03837789433286387,-1.0127245343574267,,190,-1,12883,12900,2025-08-01 21:50:00,2025-08-01 23:15:00,78120.0,78140.0,18,0.025601638504868518,0.0014223132502704733,189.0,1.0,12849.0,12882.0,2025-08-01 11:00:00,2025-08-01 21:45:00,78210.0,78120.0,34.0,-0.11507479861909697,-0.003384552900561676,12634.0,,701.8888888888889,,51948.0,0.0,1527.8823529411766,0.0,0.45938673716451495,,0.2432047432047432,,0.0,16.666666666666664,83.33333333333334,True,False,2025-08-01 22:00:00,78050.0,,,1,0,2025-08-01 23:05:00,78190.0,2025-08-01 23:10:00,78170.0,1,1,11.16381603038584,67.84433078474413,
CU:5m:1:1:12890:12895:2,CU,15m,4299,2025-08-01 23:15:00,5.0,-1,1,CHoCH,-1,78810.0,70.0,CHoCH,1,78230.0,16.0,11,10,5,2,current_internal_high,internal,0.0,8.0,78790.0,78790.0,78790.0,0.8318402866649603,current_internal_low,internal,0.0,15.0,78060.0,78060.0,78060.0,0.10238034297414896,78190.0,78200.0,78110.0,78170.0,1078.0,165898.0,0,0,0,0,0,0,,78790.0,8.0,above,0.8318402866649603,78230.0,False,,78060.0,15.0,below,0.10238034297414896,77980.0,False,,79240.0,30.0,above,1.4077297158945483,79240.0,False,,78810.0,77.0,above,0.8574353724084975,78730.0,True,70.0,-1,-1,-0.00017874367462093657,-71,DOWN_CONFIRMED,0.0005789887911367023,-0.0010273999883914278,0.0038599900278257367,0.6613549892003157,-0.00017874367462093657,-0.012690800898086496,-1.2411310063686898e-05,0.0003748860764163364,0.0018439544867676627,78124.7666358077,0.057898879113670226,-0.012790995139422279,-1.1327054738043931,,56,-1,4229,4299,2025-07-30 21:00:00,2025-08-01 23:00:00,78710.0,78170.0,71,-0.6860627620378645,-0.009662855803350206,55.0,1.0,4219.0,4228.0,2025-07-30 10:30:00,2025-07-30 14:45:00,79150.0,78930.0,10.0,-0.27795325331648746,-0.027795325331648746,218269.0,,3074.211267605634,,23097.0,0.0,2309.7,0.0,1.3310002457486403,,9.450101744815344,,2.8169014084507045,25.352112676056336,71.83098591549296,True,True,2025-08-01 22:45:00,78180.0,2025-08-01 21:45:00,78090.0,2,1,2025-08-01 09:45:00,78150.0,2025-08-01 14:00:00,78460.0,3,3,3.7570469840760055,134.3972460080672,
CU:5m:1:1:12890:12895:2,CU,1h,1250,2025-08-01 23:00:00,20.0,-1,-1,CHoCH,-1,77920.0,122.0,BOS,-1,78820.0,19.0,9,5,2,2,active_bear_internal_ob,internal,-1.0,19.0,79070.0,79240.0,79155.0,1.1901714870744817,active_bull_internal_ob,internal,1.0,99.0,77800.0,78030.0,77915.0,0.14077297158945482,78090.0,78200.0,78030.0,78180.0,8423.0,165993.0,0,0,0,0,0,0,,79240.0,18.0,above,1.4077297158945483,79240.0,False,,77960.0,2.0,below,0.2303557716918352,78820.0,False,,80130.0,23.0,above,2.5467110314819554,80990.0,False,,77700.0,72.0,below,0.5630918863578193,77920.0,False,,0,0,-0.0009374268148249043,-20,NONE,0.0022046456756001183,-0.0027612625291726913,0.007030323207788735,0.7600164891647303,-0.0009374268148249043,-0.018748536296498086,0.0005232017930103527,0.0006237902212977708,,78008.01995614156,0.22046456756001181,0.11525163273147232,-0.3095561646385801,,18,-1,1231,1250,2025-07-30 21:00:00,2025-08-01 22:00:00,78670.0,78180.0,20,-0.6228549637727232,-0.03114274818863616,17.0,1.0,1159.0,1230.0,2025-07-18 21:00:00,2025-07-30 14:00:00,78760.0,78930.0,72.0,0.21584560690706134,0.002997855651486963,217191.0,,10859.55,,597943.0,0.0,8304.763888888889,0.0,1.3076289880473557,,0.3632302744575988,,0.0,20.0,80.0,True,False,2025-07-31 14:00:00,78040.0,,,1,0,2025-08-01 13:30:00,78710.0,2025-08-01 21:00:00,78090.0,1,1,2.546053891476631,236.9584010415192,4.0
CU:5m:1:1:12890:12895:2,CU,4h,553,2025-08-01 15:00:00,500.0,1,-1,BOS,1,79470.0,103.0,CHoCH,-1,78750.0,7.0,4,3,1,1,current_internal_low,internal,0.0,13.0,78750.0,78750.0,78750.0,0.7806501151778859,active_bull_internal_ob,internal,1.0,43.0,77770.0,78090.0,77930.0,0.06398771435884311,78240.0,78790.0,78210.0,78400.0,31637.0,167666.0,0,0,0,0,0,0,,79240.0,10.0,above,1.4077297158945483,80130.0,False,,78750.0,13.0,above,0.7806501151778859,77770.0,True,7.0,80990.0,37.0,above,3.647299718454057,79470.0,False,,77700.0,3.0,below,0.5630918863578193,77810.0,False,,-1,-1,-0.00031054922914549,-68,DOWN_CONFIRMED,-0.0022758431265934524,0.0021990257486640802,0.01378068797128822,0.3726963917407217,-0.00031054922914549,-0.02111734758189332,-0.000817701073326571,-0.0007021870170115241,0.000506260682798354,78578.8330972,-0.22758431265934523,0.17889087656528524,0.9508102880750933,,8,-1,486,553,2025-07-09 21:00:00,2025-08-01 13:30:00,78310.0,78400.0,68,0.1149278508491891,0.0016901154536645457,7.0,1.0,390.0,485.0,2025-06-05 21:00:00,2025-07-09 13:30:00,78620.0,78400.0,96.0,-0.2798270160264571,-0.0029148647502755948,1308178.0,,19237.91176470588,,2057966.0,0.0,21437.145833333332,0.0,0.897410126995181,,0.6356655066215866,,23.52941176470588,10.294117647058822,66.17647058823529,True,True,2025-07-15 09:00:00,77830.0,2025-07-31 09:00:00,78420.0,1,1,2025-07-18 00:00:00,78260.0,2025-07-24 21:00:00,79260.0,1,1,6.266724243524688,309.9350135195803,
CU:5m:1:1:12890:12895:3,CU,5m,12905,2025-08-01 23:45:00,0.0,1,1,CHoCH,1,78270.0,53.0,CHoCH,1,78150.0,10.0,22,15,12,5,current_swing_high,swing,0.0,75.0,78270.0,78270.0,78270.0,0.1279263144428809,current_internal_high,internal,0.0,12.0,78150.0,78150.0,78150.0,0.025585262888576182,78160.0,78180.0,78120.0,78170.0,246.0,165764.0,0,0,0,0,0,0,,78150.0,12.0,below,0.025585262888576182,78500.0,True,10.0,78050.0,10.0,below,0.1535115773314571,78030.0,False,,78270.0,75.0,above,0.1279263144428809,79230.0,True,53.0,77960.0,28.0,below,0.2686452603300499,77950.0,False,,0,0,-0.0003470785295671396,-23,NONE,0.0016001549614614403,0.0005161912162190607,0.0024188404003881157,0.6729716231740901,-0.0003470785295671396,-0.00798280618004421,4.2081315676956166e-05,9.069082647839011e-05,0.00017770726172083862,78045.11572086143,0.16001549614614402,0.0,-0.7109937002336492,,190,-1,12883,12905,2025-08-01 21:50:00,2025-08-01 23:40:00,78120.0,78170.0,23,0.0640040962621713,0.0027827867940074477,189.0,1.0,12849.0,12882.0,2025-08-01 11:00:00,2025-08-01 21:45:00,78210.0,78120.0,34.0,-0.11507479861909697,-0.003384552900561676,13835.0,,601.5217391304348,,51948.0,0.0,1527.8823529411766,0.0,0.3936963719572415,,0.2663240163240163,,0.0,34.78260869565217,65.21739130434783,True,False,2025-08-01 22:00:00,78050.0,,,1,0,2025-08-01 23:30:00,78200.0,2025-08-01 23:35:00,78170.0,2,2,4.685938707181741,62.98594913960703,
CU:5m:1:1:12890:12895:3,CU,15m,4301,2025-08-01 23:45:00,0.0,-1,1,CHoCH,-1,78810.0,72.0,CHoCH,1,78230.0,18.0,11,10,5,2,current_internal_high,internal,0.0,10.0,78790.0,78790.0,78790.0,0.7931431495458616,current_internal_low,internal,0.0,1.0,78030.0,78030.0,78030.0,0.17909684022003328,78150.0,78210.0,78120.0,78170.0,798.0,165764.0,0,0,0,0,0,0,,78790.0,10.0,above,0.7931431495458616,78230.0,False,,78030.0,1.0,below,0.17909684022003328,78060.0,False,,79240.0,32.0,above,1.3688115645388255,79240.0,False,,78810.0,79.0,above,0.8187284124344378,78730.0,True,72.0,-1,-1,-0.00017378398270682805,-73,DOWN_CONFIRMED,0.0005743572274918306,-0.0009869735071900293,0.003814416186609894,0.6588489170080932,-0.00017378398270682805,-0.012686230737598447,1.0125534938287828e-05,0.00015121451080579718,0.0017547575650873615,78125.12826793059,0.05743572274918306,0.02559181062060656,-1.0860757343955274,,56,-1,4229,4301,2025-07-30 21:00:00,2025-08-01 23:30:00,78710.0,78170.0,73,-0.6860627620378645,-0.009398120027915952,55.0,1.0,4219.0,4228.0,2025-07-30 10:30:00,2025-07-30 14:45:00,79150.0,78930.0,10.0,-0.27795325331648746,-0.027795325331648746,219584.0,,3008.0,,23097.0,0.0,2309.7,0.0,1.3023336364029963,,9.507035545741871,,2.73972602739726,24.65753424657534,72.6027397260274,True,True,2025-08-01 22:45:00,78180.0,2025-08-01 21:45:00,78090.0,2,1,2025-08-01 09:45:00,78150.0,2025-08-01 14:00:00,78460.0,3,3,3.864760460966939,126.29150293552736,
CU:5m:1:1:12890:12895:3,CU,1h,1250,2025-08-01 23:00:00,45.0,-1,-1,CHoCH,-1,77920.0,122.0,BOS,-1,78820.0,19.0,9,5,2,2,active_bear_internal_ob,internal,-1.0,19.0,79070.0,79240.0,79155.0,1.1513368299859281,active_bull_internal_ob,internal,1.0,99.0,77800.0,78030.0,77915.0,0.17909684022003328,78090.0,78200.0,78030.0,78180.0,8423.0,165993.0,0,0,0,0,0,0,,79240.0,18.0,above,1.3688115645388255,79240.0,False,,77960.0,2.0,below,0.2686452603300499,78820.0,False,,80130.0,23.0,above,2.5073557630804655,80990.0,False,,77700.0,72.0,below,0.6012536778815403,77920.0,False,,0,0,-0.0009374268148249043,-20,NONE,0.0022046456756001183,-0.0027612625291726913,0.007030323207788735,0.7600164891647303,-0.0009374268148249043,-0.018748536296498086,0.0005232017930103527,0.0006237902212977708,,78008.01995614156,0.22046456756001181,0.11525163273147232,-0.3095561646385801,,18,-1,1231,1250,2025-07-30 21:00:00,2025-08-01 22:00:00,78670.0,78180.0,20,-0.6228549637727232,-0.03114274818863616,17.0,1.0,1159.0,1230.0,2025-07-18 21:00:00,2025-07-30 14:00:00,78760.0,78930.0,72.0,0.21584560690706134,0.002997855651486963,217191.0,,10859.55,,597943.0,0.0,8304.763888888889,0.0,1.3076289880473557,,0.3632302744575988,,0.0,20.0,80.0,True,False,2025-07-31 14:00:00,78040.0,,,1,0,2025-08-01 13:30:00,78710.0,2025-08-01 21:00:00,78090.0,1,1,2.546053891476631,236.9584010415192,4.0
CU:5m:1:1:12890:12895:3,CU,4h,553,2025-08-01 15:00:00,525.0,1,-1,BOS,1,79470.0,103.0,CHoCH,-1,78750.0,7.0,4,3,1,1,current_internal_low,internal,0.0,13.0,78750.0,78750.0,78750.0,0.7419726237687092,active_bull_internal_ob,internal,1.0,43.0,77770.0,78090.0,77930.0,0.10234105155430473,78240.0,78790.0,78210.0,78400.0,31637.0,167666.0,0,0,0,0,0,0,,79240.0,10.0,above,1.3688115645388255,80130.0,False,,78750.0,13.0,above,0.7419726237687092,77770.0,True,7.0,80990.0,37.0,above,3.607522067289241,79470.0,False,,77700.0,3.0,below,0.6012536778815403,77810.0,False,,-1,-1,-0.00031054922914549,-68,DOWN_CONFIRMED,-0.0022758431265934524,0.0021990257486640802,0.01378068797128822,0.3726963917407217,-0.00031054922914549,-0.02111734758189332,-0.000817701073326571,-0.0007021870170115241,0.000506260682798354,78578.8330972,-0.22758431265934523,0.17889087656528524,0.9508102880750933,,8,-1,486,553,2025-07-09 21:00:00,2025-08-01 13:30:00,78310.0,78400.0,68,0.1149278508491891,0.0016901154536645457,7.0,1.0,390.0,485.0,2025-06-05 21:00:00,2025-07-09 13:30:00,78620.0,78400.0,96.0,-0.2798270160264571,-0.0029148647502755948,1308178.0,,19237.91176470588,,2057966.0,0.0,21437.145833333332,0.0,0.897410126995181,,0.6356655066215866,,23.52941176470588,10.294117647058822,66.17647058823529,True,True,2025-07-15 09:00:00,77830.0,2025-07-31 09:00:00,78420.0,1,1,2025-07-18 00:00:00,78260.0,2025-07-24 21:00:00,79260.0,1,1,6.266724243524688,309.9350135195803,
CU:5m:1:1:12890:12895:4,CU,5m,12917,2025-08-02 00:45:00,0.0,1,1,CHoCH,1,78270.0,65.0,CHoCH,1,78150.0,22.0,22,15,12,5,current_internal_high,internal,0.0,2.0,78230.0,78230.0,78230.0,0.1151778858459176,active_bull_internal_ob,internal,1.0,22.0,78050.0,78130.0,78090.0,0.01279754287176862,78140.0,78150.0,78130.0,78140.0,140.0,165442.0,0,0,0,0,0,0,,78230.0,2.0,above,0.1151778858459176,78210.0,False,,78120.0,5.0,below,0.02559508574353724,78050.0,False,,78790.0,7.0,above,0.8318402866649603,78270.0,False,,77960.0,40.0,below,0.2303557716918352,77950.0,False,,0,0,-0.00022599646540792304,-35,NONE,0.001142161183542547,0.0008577598477451682,0.002027236232539503,0.5557846385571685,-0.00022599646540792304,-0.007909876289277307,2.3413100739277937e-05,5.5569014141276796e-05,0.00013382813676021676,78050.853344967,0.11421611835425471,0.0,-0.33792722717357054,,190,-1,12883,12917,2025-08-01 21:50:00,2025-08-02 00:40:00,78120.0,78140.0,35,0.025601638504868518,0.0007314753858533862,189.0,1.0,12849.0,12882.0,2025-08-01 11:00:00,2025-08-01 21:45:00,78210.0,78120.0,34.0,-0.11507479861909697,-0.003384552900561676,15573.0,,444.9428571428571,,51948.0,0.0,1527.8823529411766,0.0,0.2912153912153912,,0.2997805497805498,,0.0,57.14285714285714,42.857142857142854,True,False,2025-08-01 22:00:00,78050.0,,,1,0,2025-08-02 00:00:00,78190.0,2025-08-02 00:20:00,78170.0,3,3,2.3634077042293247,46.32341175080621,
CU:5m:1:1:12890:12895:4,CU,15m,4305,2025-08-02 00:45:00,0.0,-1,1,CHoCH,-1,78810.0,76.0,CHoCH,1,78230.0,22.0,11,10,5,2,current_internal_high,internal,0.0,14.0,78790.0,78790.0,78790.0,0.8318402866649603,current_internal_low,internal,0.0,5.0,78030.0,78030.0,78030.0,0.14077297158945482,78150.0,78180.0,78130.0,78140.0,358.0,165442.0,0,0,0,0,0,0,,78790.0,14.0,above,0.8318402866649603,78230.0,False,,78030.0,5.0,below,0.14077297158945482,78060.0,False,,79240.0,36.0,above,1.4077297158945483,79240.0,False,,78810.0,83.0,above,0.8574353724084975,78730.0,True,76.0,-1,-1,-0.00016464089150113428,-77,DOWN_CONFIRMED,0.00018136000626332765,-0.0009095373788875594,0.0037293257915441335,0.6150549527622834,-0.00016464089150113428,-0.012677348645587339,1.261337676461416e-05,1.523531612290796e-05,0.0014687459327964447,78125.8310987826,0.018136000626332766,-0.01279590531030328,-0.962964433669705,,56,-1,4229,4305,2025-07-30 21:00:00,2025-08-02 00:30:00,78710.0,78140.0,77,-0.724177359928857,-0.009404900778296844,55.0,1.0,4219.0,4228.0,2025-07-30 10:30:00,2025-07-30 14:45:00,79150.0,78930.0,10.0,-0.27795325331648746,-0.027795325331648746,221322.0,,2874.311688311688,,23097.0,0.0,2309.7,0.0,1.2444523913545864,,9.582283413430316,,2.5974025974025974,23.376623376623375,74.02597402597402,True,False,2025-08-01 22:45:00,78180.0,2025-08-01 21:45:00,78090.0,2,1,2025-08-01 09:45:00,78150.0,2025-08-01 14:00:00,78460.0,3,3,4.100244671753251,109.05173925816321,
CU:5m:1:1:12890:12895:4,CU,1h,1251,2025-08-02 00:00:00,45.0,-1,-1,CHoCH,-1,77920.0,123.0,BOS,-1,78820.0,20.0,9,5,2,2,active_bear_internal_ob,internal,-1.0,20.0,79070.0,79240.0,79155.0,1.1901714870744817,active_bull_internal_ob,internal,1.0,100.0,77800.0,78030.0,77915.0,0.14077297158945482,78190.0,78210.0,78110.0,78170.0,3098.0,165645.0,0,0,0,0,0,0,,79240.0,19.0,above,1.4077297158945483,79240.0,False,,77960.0,3.0,below,0.2303557716918352,78820.0,False,,80130.0,24.0,above,2.5467110314819554,80990.0,False,,77700.0,73.0,below,0.5630918863578193,77920.0,False,,0,0,-0.0008922682576579693,-21,NONE,0.0020653195753949152,-0.0025314252860980436,0.006937460268808418,0.7462058617281792,-0.0008922682576579693,-0.018737633410817356,0.0005063372359981333,0.0006258710145128354,-0.018737633410817356,78008.88671920406,0.20653195753949152,-0.012790995139422279,-0.9033126130785784,,18,-1,1231,1251,2025-07-30 21:00:00,2025-08-01 23:00:00,78670.0,78170.0,21,-0.6355662895640046,-0.030265061407809744,17.0,1.0,1159.0,1230.0,2025-07-18 21:00:00,2025-07-30 14:00:00,78760.0,78930.0,72.0,0.21584560690706134,0.002997855651486963,220289.0,,10489.952380952382,,597943.0,0.0,8304.763888888889,0.0,1.2631246982213546,,0.3684113703145618,,0.0,23.809523809523807,76.19047619047619,True,False,2025-07-31 14:00:00,78040.0,,,1,0,2025-08-01 13:30:00,78710.0,2025-08-01 21:00:00,78090.0,1,1,2.740535265609939,227.17565810998212,4.0
CU:5m:1:1:12890:12895:4,CU,4h,554,2025-08-02 00:00:00,45.0,1,-1,BOS,1,79470.0,104.0,CHoCH,-1,78750.0,8.0,4,3,1,1,active_bear_internal_ob,internal,-1.0,8.0,78810.0,79240.0,79025.0,0.8574353724084975,active_bull_internal_ob,internal,1.0,44.0,77770.0,78090.0,77930.0,0.06398771435884311,78380.0,78500.0,78030.0,78170.0,30335.0,165645.0,0,0,0,0,0,0,,79240.0,11.0,above,1.4077297158945483,80130.0,False,,77950.0,0.0,below,0.2431533145636038,78750.0,False,,80990.0,38.0,above,3.647299718454057,79470.0,False,,77700.0,4.0,below,0.5630918863578193,77810.0,False,,-1,-1,-0.000308966459412952,-69,DOWN_CONFIRMED,-0.004998186483470617,0.0020947183250099545,0.013707476901135092,0.302421773091047,-0.000308966459412952,-0.02131868569949369,-0.0007225385792064554,-0.0010913961539696926,6.189639621356768e-05,78562.67087969625,-0.4998186483470617,-0.29336734693877764,0.8718935406476026,,8,-1,486,554,2025-07-09 21:00:00,2025-08-01 21:00:00,78310.0,78170.0,69,-0.17877665687651145,-0.002590966041688572,7.0,1.0,390.0,485.0,2025-06-05 21:00:00,2025-07-09 13:30:00,78620.0,78400.0,96.0,-0.2798270160264571,-0.0029148647502755948,1338513.0,,19398.739130434784,,2057966.0,0.0,21437.145833333332,0.0,0.9049124021105011,,0.6504057890169226,,23.18840579710145,10.144927536231885,66.66666666666666,True,True,2025-07-15 09:00:00,77830.0,2025-07-31 09:00:00,78420.0,1,1,2025-07-18 00:00:00,78260.0,2025-07-24 21:00:00,79260.0,1,1,6.543828226198361,321.36822683961026,
CU:5m:1:1:12890:12895:5,CU,5m,12921,2025-08-04 09:05:00,0.0,1,1,CHoCH,1,78270.0,69.0,CHoCH,1,78150.0,26.0,22,15,12,5,current_internal_high,internal,0.0,6.0,78230.0,78230.0,78230.0,0.12799180852425446,current_internal_low,internal,0.0,9.0,78120.0,78120.0,78120.0,0.012799180852425445,78180.0,78220.0,78100.0,78130.0,2617.0,164984.0,1,1,1,0,1,0,active_bull_internal_ob,78230.0,6.0,above,0.12799180852425446,78210.0,False,,78120.0,9.0,below,0.012799180852425445,78050.0,False,,78790.0,11.0,above,0.8447459362600794,78270.0,False,,77960.0,44.0,below,0.21758607449123257,77950.0,False,,0,0,-0.0001988320097121918,-39,NONE,0.0008572381571137565,0.0009074650171581295,0.0019284054028441194,0.48961040414408835,-0.0001988320097121918,-0.00775444837877548,0.0001622349621164254,0.00018405428951506764,0.0002673974412705782,78063.08134800661,0.08572381571137565,-0.05117052577715553,4.239443561884458,,190,-1,12883,12921,2025-08-01 21:50:00,2025-08-04 09:00:00,78120.0,78130.0,39,0.012800819252434259,0.0003282261346778015,189.0,1.0,12849.0,12882.0,2025-08-01 11:00:00,2025-08-01 21:45:00,78210.0,78120.0,34.0,-0.11507479861909697,-0.003384552900561676,19009.0,,487.4102564102564,,51948.0,0.0,1527.8823529411766,0.0,0.31901033183084465,,0.36592361592361594,,0.0,61.53846153846154,38.46153846153847,True,False,2025-08-01 22:00:00,78050.0,,,1,0,2025-08-02 00:00:00,78190.0,2025-08-02 00:20:00,78170.0,3,3,2.1250465487730055,51.60669937043878,
CU:5m:1:1:12890:12895:5,CU,15m,4306,2025-08-02 01:00:00,3365.0,-1,1,CHoCH,-1,78810.0,77.0,CHoCH,1,78230.0,23.0,11,10,5,2,current_internal_high,internal,0.0,15.0,78790.0,78790.0,78790.0,0.8447459362600794,current_internal_low,internal,0.0,6.0,78030.0,78030.0,78030.0,0.12799180852425446,78130.0,78190.0,78120.0,78170.0,819.0,165134.0,0,0,0,0,0,0,,78790.0,15.0,above,0.8447459362600794,78230.0,False,,78030.0,6.0,below,0.12799180852425446,78060.0,False,,79240.0,37.0,above,1.4207090746192244,79240.0,False,,78810.0,84.0,above,0.8703442979649303,78730.0,True,77.0,-1,-1,-0.00016248552969347422,-78,DOWN_CONFIRMED,0.000561831963679581,-0.000890673669367468,0.0037090382132238028,0.6523277153573527,-0.00016248552969347422,-0.01267387131609099,1.251823067005553e-05,2.2643892362284035e-05,0.0009226988703621153,78126.10625630738,0.05618319636795809,0.03839262861531356,-0.7609426408525798,,56,-1,4229,4306,2025-07-30 21:00:00,2025-08-02 00:45:00,78710.0,78170.0,78,-0.6860627620378645,-0.008795676436382878,55.0,1.0,4219.0,4228.0,2025-07-30 10:30:00,2025-07-30 14:45:00,79150.0,78930.0,10.0,-0.27795325331648746,-0.027795325331648746,222141.0,,2847.9615384615386,,23097.0,0.0,2309.7,0.0,1.2330439184576087,,9.617742563969347,,2.564102564102564,23.076923076923077,74.35897435897436,True,True,2025-08-01 22:45:00,78180.0,2025-08-01 21:45:00,78090.0,2,1,2025-08-01 09:45:00,78150.0,2025-08-01 14:00:00,78460.0,3,3,4.164306570169364,106.26232931115156,
CU:5m:1:1:12890:12895:5,CU,1h,1252,2025-08-02 01:00:00,3365.0,-1,-1,CHoCH,-1,77920.0,124.0,BOS,-1,78820.0,21.0,9,5,2,2,current_internal_high,internal,0.0,0.0,78790.0,78790.0,78790.0,0.8447459362600794,active_bull_internal_ob,internal,1.0,101.0,77800.0,78030.0,77915.0,0.12799180852425446,78170.0,78230.0,78120.0,78170.0,1852.0,165134.0,0,0,0,0,0,0,,78790.0,0.0,above,0.8447459362600794,79240.0,False,,77960.0,4.0,below,0.21758607449123257,78820.0,False,,80130.0,25.0,above,2.559836170485089,80990.0,False,,77700.0,74.0,below,0.5503647766542942,77920.0,False,,0,0,-0.0008513869797724293,-22,NONE,0.0020580488299981373,-0.00232281282627549,0.0068450423525646,0.7389153410696109,-0.0008513869797724293,-0.018730513554993444,0.000325132384626281,0.0006279151048627085,-0.018416916415536333,78009.45273706569,0.20580488299981373,0.0,-0.9912282802157206,,18,-1,1231,1252,2025-07-30 21:00:00,2025-08-02 00:00:00,78670.0,78170.0,22,-0.6355662895640046,-0.028889376798363845,17.0,1.0,1159.0,1230.0,2025-07-18 21:00:00,2025-07-30 14:00:00,78760.0,78930.0,72.0,0.21584560690706134,0.002997855651486963,222141.0,,10097.318181818182,,597943.0,0.0,8304.763888888889,0.0,1.2158465089329737,,0.3715086555072975,,0.0,27.27272727272727,72.72727272727273,True,False,2025-07-31 14:00:00,78040.0,,,1,0,2025-08-01 13:30:00,78710.0,2025-08-01 21:00:00,78090.0,1,1,2.9468764229015694,218.8059682449834,4.0
CU:5m:1:1:12890:12895:5,CU,4h,555,2025-08-02 01:00:00,3365.0,1,-1,BOS,1,79470.0,105.0,CHoCH,-1,78750.0,9.0,4,3,1,1,active_bear_internal_ob,internal,-1.0,9.0,78810.0,79240.0,79025.0,0.8703442979649303,active_bull_internal_ob,internal,1.0,45.0,77770.0,78090.0,77930.0,0.05119672340970178,78170.0,78230.0,78120.0,78170.0,1852.0,165134.0,0,0,0,0,0,0,,79240.0,12.0,above,1.4207090746192244,80130.0,False,,77950.0,1.0,below,0.230385255343658,78750.0,False,,80990.0,39.0,above,3.6605657237936775,79470.0,False,,77700.0,5.0,below,0.5503647766542942,77810.0,False,,-1,-1,-0.0003047569079042118,-70,DOWN_CONFIRMED,-0.004983649986150846,0.0019935987777076575,0.01363511078231211,0.30442632004023484,-0.0003047569079042118,-0.021332983553294826,-0.0005146503842662353,-0.0011992745706901342,3.325202773374336e-05,78561.52313367714,-0.49836499861508454,0.0,-1.343918357140566,,8,-1,486,555,2025-07-09 21:00:00,2025-08-02 00:00:00,78310.0,78170.0,70,-0.17877665687651145,-0.002553952241093021,7.0,1.0,390.0,485.0,2025-06-05 21:00:00,2025-07-09 13:30:00,78620.0,78400.0,96.0,-0.2798270160264571,-0.0029148647502755948,1340365.0,,19148.071428571428,,2057966.0,0.0,21437.145833333332,0.0,0.8932192549064742,,0.6513057067026374,,22.857142857142858,10.0,67.14285714285714,True,True,2025-07-15 09:00:00,77830.0,2025-07-31 09:00:00,78420.0,1,1,2025-07-18 00:00:00,78260.0,2025-07-24 21:00:00,79260.0,1,1,6.839445797609518,306.27049635106664,
CU:5m:1:1:12890:12895:6,CU,5m,13059,2025-08-05 21:05:00,0.0,-1,-1,CHoCH,-1,78330.0,0.0,CHoCH,-1,78480.0,0.0,23,15,12,6,current_swing_low,swing,0.0,12.0,78330.0,78330.0,78330.0,0.19186492709132769,active_bull_internal_ob,internal,1.0,121.0,78060.0,78160.0,78110.0,0.025581990278843697,78170.0,78180.0,78100.0,78180.0,7145.0,160091.0,0,0,0,0,0,0,,78580.0,12.0,above,0.5116398055768739,78540.0,False,,78480.0,8.0,above,0.38372985418265537,78420.0,True,0.0,78570.0,25.0,above,0.49884881043745205,78790.0,True,1.0,78330.0,12.0,above,0.19186492709132769,78030.0,True,0.0,0,0,0.0,-1,UP_TO_DOWN,-0.004479846677999456,-0.004479846677999456,0.0,0.5,0.0,0.0,,,,78531.81047025244,-0.4479846677999456,-0.5090353779587664,4.242631918586234,,192,-1,13059,13059,2025-08-05 21:00:00,2025-08-05 21:00:00,78180.0,78180.0,1,0.0,0.0,191.0,1.0,12933.0,13058.0,2025-08-04 10:00:00,2025-08-05 14:55:00,78220.0,78580.0,126.0,0.46024034773715083,0.00365270117251707,7145.0,,7145.0,,63188.0,0.0,501.4920634920635,0.0,14.247483699436602,,0.11307526745584605,,0.0,100.0,0.0,True,True,,,,,0,0,,,2025-08-05 21:00:00,78180.0,0,1,0.0,70.52175027317804,
CU:5m:1:1:12890:12895:6,CU,15m,4352,2025-08-05 15:00:00,365.0,-1,1,CHoCH,-1,78810.0,123.0,BOS,1,78520.0,10.0,13,10,5,2,active_bull_internal_ob,internal,1.0,10.0,78360.0,78440.0,78400.0,0.23023791250959325,active_bull_internal_ob,internal,1.0,40.0,78060.0,78170.0,78115.0,0.012790995139421849,78560.0,78590.0,78540.0,78580.0,3242.0,159866.0,0,0,0,0,0,0,,78520.0,13.0,above,0.4348938347403428,78570.0,True,10.0,78360.0,10.0,above,0.23023791250959325,78330.0,False,,78790.0,16.0,above,0.7802507035047326,79240.0,False,,78030.0,7.0,below,0.19186492709132769,77950.0,False,,0,0,0.0006503704629585346,6,NONE,-0.00011857497595717152,0.0025806569414770796,0.0012358226062544545,0.01447531744197722,0.0006503704629585346,0.0039022227777512075,0.0039022227777512075,,,78589.3187265785,-0.011857497595717153,0.012727504136433865,2.6619211048019604,,57,1,4347,4352,2025-08-05 13:30:00,2025-08-05 14:45:00,78550.0,78580.0,6,0.03819223424570417,0.0063653723742840285,56.0,-1.0,4229.0,4346.0,2025-07-30 21:00:00,2025-08-05 11:15:00,78710.0,78470.0,118.0,-0.3049167831279398,-0.0025840405349825406,11369.0,,1894.8333333333333,,283766.0,0.0,2404.7966101694915,0.0,0.7879391235501552,,0.04006470119746552,,100.0,0.0,0.0,False,True,,,2025-08-05 14:45:00,78580.0,0,1,,,,,0,0,0.47887907392569273,75.07928165822243,
CU:5m:1:1:12890:12895:6,CU,1h,1266,2025-08-05 15:00:00,365.0,-1,1,CHoCH,-1,77920.0,138.0,CHoCH,1,78570.0,0.0,10,5,2,2,active_bull_internal_ob,internal,1.0,0.0,78330.0,78430.0,78380.0,0.19186492709132769,active_bull_internal_ob,internal,1.0,115.0,77800.0,78030.0,77915.0,0.19186492709132769,78510.0,78590.0,78490.0,78580.0,7074.0,159866.0,0,0,0,0,0,0,,78570.0,2.0,above,0.49884881043745205,78790.0,True,0.0,78330.0,1.0,above,0.19186492709132769,78030.0,False,,80130.0,39.0,above,2.49424405218726,80990.0,False,,77700.0,88.0,below,0.6139677666922486,77920.0,False,,0,0,-0.0005003520730446415,-36,NONE,0.0065774693906395345,0.0002986711196209318,0.006325838121489164,0.8395387266631644,-0.0005003520730446415,-0.018012674629607095,0.00033756688465746976,0.0006262488203849781,0.0012455135047844124,78066.51985521855,0.6577469390639534,0.10191082802548657,0.04766829503089319,,18,-1,1231,1266,2025-07-30 21:00:00,2025-08-05 14:00:00,78670.0,78580.0,36,-0.11440193212152172,-0.003177831447820048,17.0,1.0,1159.0,1230.0,2025-07-18 21:00:00,2025-07-30 14:00:00,78760.0,78930.0,72.0,0.21584560690706134,0.002997855651486963,295135.0,,8198.194444444445,,597943.0,0.0,8304.763888888889,0.0,0.987167673172861,,0.49358383658643046,,0.0,55.55555555555556,44.44444444444444,False,False,2025-07-31 14:00:00,78040.0,,,1,0,2025-08-05 09:00:00,78450.0,2025-08-05 00:00:00,78370.0,4,3,21.179945786247455,160.1584677456315,4.0
CU:5m:1:1:12890:12895:6,CU,4h,561,2025-08-05 15:00:00,365.0,1,-1,BOS,1,79470.0,111.0,CHoCH,-1,78750.0,15.0,4,3,1,1,current_internal_high,internal,0.0,3.0,78790.0,78790.0,78790.0,0.7802507035047326,active_bull_internal_ob,internal,1.0,51.0,77770.0,78090.0,77930.0,0.11511895625479662,78490.0,78590.0,78470.0,78580.0,11369.0,159866.0,0,0,0,0,0,0,,78790.0,3.0,above,0.7802507035047326,79240.0,False,,78030.0,2.0,below,0.19186492709132769,77950.0,False,,80990.0,45.0,above,3.594269634177539,79470.0,False,,77700.0,11.0,below,0.6139677666922486,77810.0,False,,-1,-1,-0.00028401295554355817,-76,DOWN_CONFIRMED,0.0004928108502312253,0.0016911885692597547,0.013132424479291601,0.4636456425388971,-0.00028401295554355817,-0.02158498462131042,-0.00012055510430653005,-0.0007473856773803078,-0.0009835520201216807,78541.29399812652,0.04928108502312253,0.140180960876779,-0.49094484690803597,,8,-1,486,561,2025-07-09 21:00:00,2025-08-05 13:30:00,78310.0,78580.0,76,0.3447835525475673,0.00453662569141536,7.0,1.0,390.0,485.0,2025-06-05 21:00:00,2025-07-09 13:30:00,78620.0,78400.0,96.0,-0.2798270160264571,-0.0029148647502755948,1413359.0,,18596.82894736842,,2057966.0,0.0,21437.145833333332,0.0,0.8675048950990291,,0.6867747086200646,,21.052631578947366,11.842105263157894,67.10526315789474,False,True,2025-08-05 13:30:00,78580.0,2025-07-31 09:00:00,78420.0,2,1,2025-08-05 09:00:00,78470.0,2025-07-24 21:00:00,79260.0,2,1,7.765204139855177,263.31713909353726,
CU:5m:1:1:12890:12895:7,CU,5m,13068,2025-08-05 21:50:00,0.0,-1,-1,CHoCH,-1,78330.0,9.0,CHoCH,-1,78480.0,9.0,23,15,12,6,current_swing_low,swing,0.0,21.0,78330.0,78330.0,78330.0,0.2431533145636038,active_bull_internal_ob,internal,1.0,173.0,78050.0,78130.0,78090.0,0.01279754287176862,78190.0,78200.0,78130.0,78140.0,500.0,159631.0,1,1,1,0,1,0,active_bull_internal_ob,78590.0,5.0,above,0.5758894292295879,78580.0,False,,78070.0,0.0,below,0.08958280010238034,78480.0,False,,78570.0,34.0,above,0.5502943434860507,78790.0,True,10.0,78330.0,21.0,above,0.2431533145636038,78030.0,True,9.0,0,0,-8.419635620504629e-05,-10,NONE,-0.004150725613365084,-0.0044464823378102866,0.0005411037192044035,0.7076665047740963,-8.419635620504629e-05,-0.0008419635620504629,-0.0002407204117498285,,,78465.68954737464,-0.4150725613365084,-0.0639467962655016,-0.4339406324992705,,192,-1,13059,13068,2025-08-05 21:00:00,2025-08-05 21:45:00,78180.0,78140.0,10,-0.051163980557689115,-0.0051163980557689115,191.0,1.0,12933.0,13058.0,2025-08-04 10:00:00,2025-08-05 14:55:00,78220.0,78580.0,126.0,0.46024034773715083,0.00365270117251707,16480.0,,1648.0,,63188.0,0.0,501.4920634920635,0.0,3.286193581059695,,0.26080901436981707,,0.0,30.0,70.0,True,True,,,,,0,0,2025-08-05 21:40:00,78190.0,2025-08-05 21:45:00,78140.0,1,2,0.12169253762759244,65.76547776935615,
CU:5m:1:1:12890:12895:7,CU,15m,4355,2025-08-05 21:45:00,5.0,-1,-1,CHoCH,-1,78810.0,126.0,CHoCH,-1,78360.0,2.0,12,11,5,2,current_internal_low,internal,0.0,13.0,78360.0,78360.0,78360.0,0.28154594317890963,current_swing_low,swing,0.0,10.0,78030.0,78030.0,78030.0,0.14077297158945482,78140.0,78210.0,78110.0,78190.0,1825.0,159772.0,1,1,1,0,1,0,active_bull_internal_ob,78520.0,16.0,above,0.4863066291272076,78570.0,True,13.0,78360.0,13.0,above,0.28154594317890963,78330.0,True,2.0,78790.0,19.0,above,0.8318402866649603,79240.0,False,,78030.0,10.0,below,0.14077297158945482,77950.0,False,,0,0,0.0003364715886085741,9,NONE,-0.004214168910568749,0.0001250928114866484,0.003624440387792479,0.11560991360396977,0.0003364715886085741,0.0030282442974771673,0.002802870476856567,,,78520.90033703018,-0.42141689105687485,0.06398771435884854,-0.08446190356475759,,57,1,4347,4355,2025-08-05 13:30:00,2025-08-05 21:30:00,78550.0,78190.0,9,-0.45830681094843895,-0.05092297899427099,56.0,-1.0,4229.0,4346.0,2025-07-30 21:00:00,2025-08-05 11:15:00,78710.0,78470.0,118.0,-0.3049167831279398,-0.0025840405349825406,27349.0,,3038.777777777778,,283766.0,0.0,2404.7966101694915,0.0,1.2636319283415836,,0.09637870639893434,,66.66666666666666,33.33333333333333,0.0,True,True,,,2025-08-05 14:45:00,78580.0,0,1,,,2025-08-05 21:00:00,78130.0,0,1,28.974010134701693,103.3561158174616,
CU:5m:1:1:12890:12895:7,CU,1h,1266,2025-08-05 15:00:00,410.0,-1,1,CHoCH,-1,77920.0,138.0,CHoCH,1,78570.0,0.0,10,5,2,2,active_bull_internal_ob,internal,1.0,0.0,78330.0,78430.0,78380.0,0.2431533145636038,active_bull_internal_ob,internal,1.0,115.0,77800.0,78030.0,77915.0,0.14077297158945482,78510.0,78590.0,78490.0,78580.0,7074.0,159866.0,0,0,0,0,0,0,,78570.0,2.0,above,0.5502943434860507,78790.0,True,0.0,78330.0,1.0,above,0.2431533145636038,78030.0,False,,80130.0,39.0,above,2.5467110314819554,80990.0,False,,77700.0,88.0,below,0.5630918863578193,77920.0,False,,0,0,-0.0005003520730446415,-36,NONE,0.0065774693906395345,0.0002986711196209318,0.006325838121489164,0.8395387266631644,-0.0005003520730446415,-0.018012674629607095,0.00033756688465746976,0.0006262488203849781,0.0012455135047844124,78066.51985521855,0.6577469390639534,0.10191082802548657,0.04766829503089319,,18,-1,1231,1266,2025-07-30 21:00:00,2025-08-05 14:00:00,78670.0,78580.0,36,-0.11440193212152172,-0.003177831447820048,17.0,1.0,1159.0,1230.0,2025-07-18 21:00:00,2025-07-30 14:00:00,78760.0,78930.0,72.0,0.21584560690706134,0.002997855651486963,295135.0,,8198.194444444445,,597943.0,0.0,8304.763888888889,0.0,0.987167673172861,,0.49358383658643046,,0.0,55.55555555555556,44.44444444444444,False,False,2025-07-31 14:00:00,78040.0,,,1,0,2025-08-05 09:00:00,78450.0,2025-08-05 00:00:00,78370.0,4,3,21.179945786247455,160.1584677456315,4.0
CU:5m:1:1:12890:12895:7,CU,4h,561,2025-08-05 15:00:00,410.0,1,-1,BOS,1,79470.0,111.0,CHoCH,-1,78750.0,15.0,4,3,1,1,current_internal_high,internal,0.0,3.0,78790.0,78790.0,78790.0,0.8318402866649603,active_bull_internal_ob,internal,1.0,51.0,77770.0,78090.0,77930.0,0.06398771435884311,78490.0,78590.0,78470.0,78580.0,11369.0,159866.0,0,0,0,0,0,0,,78790.0,3.0,above,0.8318402866649603,79240.0,False,,78030.0,2.0,below,0.14077297158945482,77950.0,False,,80990.0,45.0,above,3.647299718454057,79470.0,False,,77700.0,11.0,below,0.5630918863578193,77810.0,False,,-1,-1,-0.00028401295554355817,-76,DOWN_CONFIRMED,0.0004928108502312253,0.0016911885692597547,0.013132424479291601,0.4636456425388971,-0.00028401295554355817,-0.02158498462131042,-0.00012055510430653005,-0.0007473856773803078,-0.0009835520201216807,78541.29399812652,0.04928108502312253,0.140180960876779,-0.49094484690803597,,8,-1,486,561,2025-07-09 21:00:00,2025-08-05 13:30:00,78310.0,78580.0,76,0.3447835525475673,0.00453662569141536,7.0,1.0,390.0,485.0,2025-06-05 21:00:00,2025-07-09 13:30:00,78620.0,78400.0,96.0,-0.2798270160264571,-0.0029148647502755948,1413359.0,,18596.82894736842,,2057966.0,0.0,21437.145833333332,0.0,0.8675048950990291,,0.6867747086200646,,21.052631578947366,11.842105263157894,67.10526315789474,False,True,2025-08-05 13:30:00,78580.0,2025-07-31 09:00:00,78420.0,2,1,2025-08-05 09:00:00,78470.0,2025-07-24 21:00:00,79260.0,2,1,7.765204139855177,263.31713909353726,
CU:5m:1:1:12890:12895:8,CU,5m,13102,2025-08-06 00:40:00,0.0,-1,-1,CHoCH,-1,78330.0,43.0,CHoCH,-1,78480.0,43.0,22,15,12,6,current_internal_high,internal,0.0,30.0,78210.0,78210.0,78210.0,0.10239344681940356,current_internal_low,internal,0.0,21.0,78050.0,78050.0,78050.0,0.10239344681940356,78150.0,78160.0,78130.0,78130.0,50.0,160228.0,1,1,1,0,1,0,active_bull_internal_ob,78210.0,30.0,above,0.10239344681940356,78590.0,False,,78050.0,21.0,below,0.10239344681940356,78070.0,False,,78570.0,68.0,above,0.5631639575067195,78790.0,True,44.0,78330.0,55.0,above,0.2559836170485089,78030.0,True,43.0,0,0,-4.943004459446883e-05,-44,NONE,-0.002948021103803323,-0.0038992201073442894,0.000638253929374664,0.9319292022669434,-4.943004459446883e-05,-0.0021749219621566285,-6.119429503925744e-05,-0.00010639582062255126,-0.0004924786597265696,78361.00991093277,-0.2948021103803323,-0.03838280450357834,-1.0555791883144998,,192,-1,13059,13102,2025-08-05 21:00:00,2025-08-06 00:35:00,78180.0,78130.0,44,-0.0639549756971114,-0.0014535221749343498,191.0,1.0,12933.0,13058.0,2025-08-04 10:00:00,2025-08-05 14:55:00,78220.0,78580.0,126.0,0.46024034773715083,0.00365270117251707,28575.0,,649.4318181818181,,63188.0,0.0,501.4920634920635,0.0,1.294999194323433,,0.4522219408748497,,0.0,34.090909090909086,65.9090909090909,False,True,,,,,0,0,2025-08-06 00:20:00,78130.0,2025-08-06 00:15:00,78110.0,4,4,0.16368758669778477,33.92167444701743,
CU:5m:1:1:12890:12895:8,CU,15m,4366,2025-08-06 00:30:00,10.0,-1,-1,CHoCH,-1,78810.0,137.0,CHoCH,-1,78360.0,13.0,11,11,5,2,current_internal_low,internal,0.0,24.0,78360.0,78360.0,78360.0,0.2943811596057852,current_swing_low,swing,0.0,21.0,78030.0,78030.0,78030.0,0.12799180852425446,78120.0,78160.0,78100.0,78160.0,251.0,160272.0,0,0,0,0,0,0,,78590.0,9.0,above,0.5887623192115704,78520.0,False,,78360.0,24.0,above,0.2943811596057852,78330.0,True,13.0,78790.0,30.0,above,0.8447459362600794,79240.0,False,,78030.0,21.0,below,0.12799180852425446,77950.0,False,,0,0,-3.9029411433534454e-05,-9,NONE,-0.0039277209472501524,-0.00472152061746139,0.00039789723657957085,0.9769778313809729,-3.9029411433534454e-05,-0.0003512647029018101,-0.00014297470626700726,,,78468.2011975366,-0.39277209472501523,0.03839754255727801,-0.7627984948961621,,58,-1,4358,4366,2025-08-05 22:15:00,2025-08-06 00:15:00,78080.0,78160.0,9,0.10245901639345245,0.01138433515482805,57.0,1.0,4347.0,4357.0,2025-08-05 13:30:00,2025-08-05 22:00:00,78550.0,78080.0,11.0,-0.5983450031826876,-0.054395000289335235,8279.0,,919.8888888888889,,31453.0,0.0,2859.3636363636365,0.0,0.3217110538828658,,0.263218134995072,,0.0,0.0,100.0,True,True,,,,,0,0,,,,,0,0,0.0842731121639171,77.96397483593081,
CU:5m:1:1:12890:12895:8,CU,1h,1269,2025-08-06 00:00:00,40.0,-1,-1,CHoCH,-1,77920.0,141.0,CHoCH,-1,78330.0,2.0,9,6,2,2,current_internal_low,internal,0.0,4.0,78330.0,78330.0,78330.0,0.2559836170485089,active_bull_internal_ob,internal,1.0,118.0,77800.0,78030.0,77915.0,0.12799180852425446,78090.0,78130.0,78050.0,78120.0,3434.0,160346.0,0,0,0,0,0,0,,78570.0,5.0,above,0.5631639575067195,78790.0,True,3.0,78330.0,4.0,above,0.2559836170485089,78030.0,True,2.0,80130.0,42.0,above,2.559836170485089,80990.0,False,,77700.0,91.0,below,0.5503647766542942,77920.0,False,,0,0,-0.0004606347854737569,-39,NONE,0.0006362306450018131,0.0003184261027373223,0.006078147589707866,0.5208497607844613,-0.0004606347854737569,-0.01796475663347652,0.0002289746626149558,0.00042773333043721884,0.000823445166031167,78070.32926405683,0.06362306450018132,0.02560819462227304,-0.6187144128994083,,18,-1,1231,1269,2025-07-30 21:00:00,2025-08-05 23:00:00,78670.0,78120.0,39,-0.6991229185204006,-0.017926228680010273,17.0,1.0,1159.0,1230.0,2025-07-18 21:00:00,2025-07-30 14:00:00,78760.0,78930.0,72.0,0.21584560690706134,0.002997855651486963,323077.0,,8284.02564102564,,597943.0,0.0,8304.763888888889,0.0,0.9975028491910536,,0.5403140433118206,,0.0,53.84615384615385,46.15384615384615,True,True,2025-07-31 14:00:00,78040.0,,,1,0,2025-08-05 09:00:00,78450.0,2025-08-05 21:00:00,78120.0,4,4,19.08809465511024,171.9891230456095,4.0
CU:5m:1:1:12890:12895:8,CU,4h,562,2025-08-06 00:00:00,40.0,1,-1,BOS,1,79470.0,112.0,CHoCH,-1,78750.0,16.0,4,3,1,1,current_internal_high,internal,0.0,4.0,78790.0,78790.0,78790.0,0.8447459362600794,active_bull_internal_ob,internal,1.0,52.0,77770.0,78090.0,77930.0,0.05119672340970178,78170.0,78210.0,78050.0,78120.0,27942.0,160346.0,0,0,0,0,0,0,,78790.0,4.0,above,0.8447459362600794,79240.0,False,,78030.0,3.0,below,0.12799180852425446,77950.0,False,,80990.0,46.0,above,3.6605657237936775,79470.0,False,,77700.0,12.0,below,0.5503647766542942,77810.0,False,,-1,-1,-0.0002835291798823553,-77,DOWN_CONFIRMED,-0.005113064316788309,0.0016028216486617278,0.013069593994026485,0.3036764249934928,-0.0002835291798823553,-0.021831746850941358,-0.000316625688136396,-0.0008039909679337098,-0.0014201090231799052,78521.48540512616,-0.5113064316788308,-0.5853906846525869,0.7845733395643941,,8,-1,486,562,2025-07-09 21:00:00,2025-08-05 21:00:00,78310.0,78120.0,77,-0.2426254629038449,-0.0031509800377122715,7.0,1.0,390.0,485.0,2025-06-05 21:00:00,2025-07-09 13:30:00,78620.0,78400.0,96.0,-0.2798270160264571,-0.0029148647502755948,1441301.0,,18718.194805194806,,2057966.0,0.0,21437.145833333332,0.0,0.8731663697547488,,0.7003521924074547,,20.77922077922078,12.987012987012985,66.23376623376623,True,True,2025-08-05 13:30:00,78580.0,2025-08-05 21:00:00,78120.0,2,2,2025-08-05 09:00:00,78470.0,2025-08-05 21:00:00,78120.0,2,2,8.154116214326724,282.36591487257033,
CU:5m:1:-1:12910:12922:1,CU,5m,12927,2025-08-04 09:35:00,0.0,1,-1,CHoCH,1,78270.0,75.0,CHoCH,-1,78120.0,5.0,22,16,12,5,active_bear_internal_ob,internal,-1.0,5.0,78180.0,78230.0,78205.0,0.012792631444288091,active_bull_internal_ob,internal,1.0,32.0,78050.0,78130.0,78090.0,0.051170525777152365,78130.0,78190.0,78130.0,78170.0,768.0,164785.0,0,0,0,0,0,0,,78230.0,12.0,above,0.07675578866572855,78210.0,False,,78120.0,15.0,below,0.06396315722144046,78050.0,True,5.0,78790.0,17.0,above,0.7931431495458616,78270.0,False,,77960.0,50.0,below,0.2686452603300499,77950.0,False,,0,0,-0.00016914146370799403,-45,NONE,0.0012252668758382004,0.0008977695464113972,0.001796892759552667,0.5723097071196536,-0.00016914146370799403,-0.007611365866859732,0.00010893024702540721,0.00030089042848358005,0.000356476162809205,78074.33809967348,0.12252668758382004,0.05119672340969661,0.5103171675892292,,190,-1,12883,12927,2025-08-01 21:50:00,2025-08-04 09:30:00,78120.0,78170.0,45,0.0640040962621713,0.0014223132502704733,189.0,1.0,12849.0,12882.0,2025-08-01 11:00:00,2025-08-01 21:45:00,78210.0,78120.0,34.0,-0.11507479861909697,-0.003384552900561676,23695.0,,526.5555555555555,,51948.0,0.0,1527.8823529411766,0.0,0.3446309557420668,,0.45612920612920616,,0.0,66.66666666666666,33.33333333333333,True,False,2025-08-01 22:00:00,78050.0,,,1,0,2025-08-02 00:00:00,78190.0,2025-08-02 00:20:00,78170.0,3,3,2.0015078109246227,54.88877946549805,
CU:5m:1:-1:12910:12922:1,CU,15m,4308,2025-08-04 09:30:00,5.0,-1,1,CHoCH,-1,78810.0,79.0,CHoCH,1,78230.0,25.0,11,10,5,2,current_internal_high,internal,0.0,0.0,78230.0,78230.0,78230.0,0.07675578866572855,current_internal_low,internal,0.0,8.0,78030.0,78030.0,78030.0,0.17909684022003328,78130.0,78170.0,78060.0,78130.0,2156.0,164775.0,0,0,0,0,0,0,,78230.0,0.0,above,0.07675578866572855,78790.0,False,,78030.0,8.0,below,0.17909684022003328,78060.0,False,,79240.0,39.0,above,1.3688115645388255,79240.0,False,,78810.0,86.0,above,0.8187284124344378,78730.0,True,79.0,-1,-1,-0.00015828628574747483,-80,DOWN_CONFIRMED,3.8729529739316345e-05,-0.0008674628608898009,0.0036652491460495667,0.5976383527372068,-0.00015828628574747483,-0.012662902859797986,1.683034372468306e-05,3.217409228239987e-05,0.00048482626893853187,78126.97417903009,0.0038729529739316344,0.0,-0.05041428099320329,,56,-1,4229,4308,2025-07-30 21:00:00,2025-08-04 09:15:00,78710.0,78130.0,80,-0.7368822258925212,-0.009211027823656515,55.0,1.0,4219.0,4228.0,2025-07-30 10:30:00,2025-07-30 14:45:00,79150.0,78930.0,10.0,-0.27795325331648746,-0.027795325331648746,228676.0,,2858.45,,23097.0,0.0,2309.7,0.0,1.2375849677447288,,9.90067974195783,,2.5,22.5,75.0,True,True,2025-08-01 22:45:00,78180.0,2025-08-01 21:45:00,78090.0,2,1,2025-08-01 09:45:00,78150.0,2025-08-01 14:00:00,78460.0,3,3,4.225251951754953,107.4404778244113,
CU:5m:1:-1:12910:12922:1,CU,1h,1252,2025-08-02 01:00:00,3395.0,-1,-1,CHoCH,-1,77920.0,124.0,BOS,-1,78820.0,21.0,9,5,2,2,current_internal_high,internal,0.0,0.0,78790.0,78790.0,78790.0,0.7931431495458616,active_bull_internal_ob,internal,1.0,101.0,77800.0,78030.0,77915.0,0.17909684022003328,78170.0,78230.0,78120.0,78170.0,1852.0,165134.0,0,0,0,0,0,0,,78790.0,0.0,above,0.7931431495458616,79240.0,False,,77960.0,4.0,below,0.2686452603300499,78820.0,False,,80130.0,25.0,above,2.5073557630804655,80990.0,False,,77700.0,74.0,below,0.6012536778815403,77920.0,False,,0,0,-0.0008513869797724293,-22,NONE,0.0020580488299981373,-0.00232281282627549,0.0068450423525646,0.7389153410696109,-0.0008513869797724293,-0.018730513554993444,0.000325132384626281,0.0006279151048627085,-0.018416916415536333,78009.45273706569,0.20580488299981373,0.0,-0.9912282802157206,,18,-1,1231,1252,2025-07-30 21:00:00,2025-08-02 00:00:00,78670.0,78170.0,22,-0.6355662895640046,-0.028889376798363845,17.0,1.0,1159.0,1230.0,2025-07-18 21:00:00,2025-07-30 14:00:00,78760.0,78930.0,72.0,0.21584560690706134,0.002997855651486963,222141.0,,10097.318181818182,,597943.0,0.0,8304.763888888889,0.0,1.2158465089329737,,0.3715086555072975,,0.0,27.27272727272727,72.72727272727273,True,False,2025-07-31 14:00:00,78040.0,,,1,0,2025-08-01 13:30:00,78710.0,2025-08-01 21:00:00,78090.0,1,1,2.9468764229015694,218.8059682449834,4.0
CU:5m:1:-1:12910:12922:1,CU,4h,555,2025-08-02 01:00:00,3395.0,1,-1,BOS,1,79470.0,105.0,CHoCH,-1,78750.0,9.0,4,3,1,1,active_bear_internal_ob,internal,-1.0,9.0,78810.0,79240.0,79025.0,0.8187284124344378,active_bull_internal_ob,internal,1.0,45.0,77770.0,78090.0,77930.0,0.10234105155430473,78170.0,78230.0,78120.0,78170.0,1852.0,165134.0,0,0,0,0,0,0,,79240.0,12.0,above,1.3688115645388255,80130.0,False,,77950.0,1.0,below,0.281437891774338,78750.0,False,,80990.0,39.0,above,3.607522067289241,79470.0,False,,77700.0,5.0,below,0.6012536778815403,77810.0,False,,-1,-1,-0.0003047569079042118,-70,DOWN_CONFIRMED,-0.004983649986150846,0.0019935987777076575,0.01363511078231211,0.30442632004023484,-0.0003047569079042118,-0.021332983553294826,-0.0005146503842662353,-0.0011992745706901342,3.325202773374336e-05,78561.52313367714,-0.49836499861508454,0.0,-1.343918357140566,,8,-1,486,555,2025-07-09 21:00:00,2025-08-02 00:00:00,78310.0,78170.0,70,-0.17877665687651145,-0.002553952241093021,7.0,1.0,390.0,485.0,2025-06-05 21:00:00,2025-07-09 13:30:00,78620.0,78400.0,96.0,-0.2798270160264571,-0.0029148647502755948,1340365.0,,19148.071428571428,,2057966.0,0.0,21437.145833333332,0.0,0.8932192549064742,,0.6513057067026374,,22.857142857142858,10.0,67.14285714285714,True,True,2025-07-15 09:00:00,77830.0,2025-07-31 09:00:00,78420.0,1,1,2025-07-18 00:00:00,78260.0,2025-07-24 21:00:00,79260.0,1,1,6.839445797609518,306.27049635106664,
CU:5m:1:1:12924:12938:1,CU,5m,13059,2025-08-05 21:05:00,0.0,-1,-1,CHoCH,-1,78330.0,0.0,CHoCH,-1,78480.0,0.0,23,15,12,6,current_swing_low,swing,0.0,12.0,78330.0,78330.0,78330.0,0.19186492709132769,active_bull_internal_ob,internal,1.0,121.0,78060.0,78160.0,78110.0,0.025581990278843697,78170.0,78180.0,78100.0,78180.0,7145.0,160091.0,0,0,0,0,0,0,,78580.0,12.0,above,0.5116398055768739,78540.0,False,,78480.0,8.0,above,0.38372985418265537,78420.0,True,0.0,78570.0,25.0,above,0.49884881043745205,78790.0,True,1.0,78330.0,12.0,above,0.19186492709132769,78030.0,True,0.0,0,0,0.0,-1,UP_TO_DOWN,-0.004479846677999456,-0.004479846677999456,0.0,0.5,0.0,0.0,,,,78531.81047025244,-0.4479846677999456,-0.5090353779587664,4.242631918586234,,192,-1,13059,13059,2025-08-05 21:00:00,2025-08-05 21:00:00,78180.0,78180.0,1,0.0,0.0,191.0,1.0,12933.0,13058.0,2025-08-04 10:00:00,2025-08-05 14:55:00,78220.0,78580.0,126.0,0.46024034773715083,0.00365270117251707,7145.0,,7145.0,,63188.0,0.0,501.4920634920635,0.0,14.247483699436602,,0.11307526745584605,,0.0,100.0,0.0,True,True,,,,,0,0,,,2025-08-05 21:00:00,78180.0,0,1,0.0,70.52175027317804,
CU:5m:1:1:12924:12938:1,CU,15m,4352,2025-08-05 15:00:00,365.0,-1,1,CHoCH,-1,78810.0,123.0,BOS,1,78520.0,10.0,13,10,5,2,active_bull_internal_ob,internal,1.0,10.0,78360.0,78440.0,78400.0,0.23023791250959325,active_bull_internal_ob,internal,1.0,40.0,78060.0,78170.0,78115.0,0.012790995139421849,78560.0,78590.0,78540.0,78580.0,3242.0,159866.0,0,0,0,0,0,0,,78520.0,13.0,above,0.4348938347403428,78570.0,True,10.0,78360.0,10.0,above,0.23023791250959325,78330.0,False,,78790.0,16.0,above,0.7802507035047326,79240.0,False,,78030.0,7.0,below,0.19186492709132769,77950.0,False,,0,0,0.0006503704629585346,6,NONE,-0.00011857497595717152,0.0025806569414770796,0.0012358226062544545,0.01447531744197722,0.0006503704629585346,0.0039022227777512075,0.0039022227777512075,,,78589.3187265785,-0.011857497595717153,0.012727504136433865,2.6619211048019604,,57,1,4347,4352,2025-08-05 13:30:00,2025-08-05 14:45:00,78550.0,78580.0,6,0.03819223424570417,0.0063653723742840285,56.0,-1.0,4229.0,4346.0,2025-07-30 21:00:00,2025-08-05 11:15:00,78710.0,78470.0,118.0,-0.3049167831279398,-0.0025840405349825406,11369.0,,1894.8333333333333,,283766.0,0.0,2404.7966101694915,0.0,0.7879391235501552,,0.04006470119746552,,100.0,0.0,0.0,False,True,,,2025-08-05 14:45:00,78580.0,0,1,,,,,0,0,0.47887907392569273,75.07928165822243,
CU:5m:1:1:12924:12938:1,CU,1h,1266,2025-08-05 15:00:00,365.0,-1,1,CHoCH,-1,77920.0,138.0,CHoCH,1,78570.0,0.0,10,5,2,2,active_bull_internal_ob,internal,1.0,0.0,78330.0,78430.0,78380.0,0.19186492709132769,active_bull_internal_ob,internal,1.0,115.0,77800.0,78030.0,77915.0,0.19186492709132769,78510.0,78590.0,78490.0,78580.0,7074.0,159866.0,0,0,0,0,0,0,,78570.0,2.0,above,0.49884881043745205,78790.0,True,0.0,78330.0,1.0,above,0.19186492709132769,78030.0,False,,80130.0,39.0,above,2.49424405218726,80990.0,False,,77700.0,88.0,below,0.6139677666922486,77920.0,False,,0,0,-0.0005003520730446415,-36,NONE,0.0065774693906395345,0.0002986711196209318,0.006325838121489164,0.8395387266631644,-0.0005003520730446415,-0.018012674629607095,0.00033756688465746976,0.0006262488203849781,0.0012455135047844124,78066.51985521855,0.6577469390639534,0.10191082802548657,0.04766829503089319,,18,-1,1231,1266,2025-07-30 21:00:00,2025-08-05 14:00:00,78670.0,78580.0,36,-0.11440193212152172,-0.003177831447820048,17.0,1.0,1159.0,1230.0,2025-07-18 21:00:00,2025-07-30 14:00:00,78760.0,78930.0,72.0,0.21584560690706134,0.002997855651486963,295135.0,,8198.194444444445,,597943.0,0.0,8304.763888888889,0.0,0.987167673172861,,0.49358383658643046,,0.0,55.55555555555556,44.44444444444444,False,False,2025-07-31 14:00:00,78040.0,,,1,0,2025-08-05 09:00:00,78450.0,2025-08-05 00:00:00,78370.0,4,3,21.179945786247455,160.1584677456315,4.0
CU:5m:1:1:12924:12938:1,CU,4h,561,2025-08-05 15:00:00,365.0,1,-1,BOS,1,79470.0,111.0,CHoCH,-1,78750.0,15.0,4,3,1,1,current_internal_high,internal,0.0,3.0,78790.0,78790.0,78790.0,0.7802507035047326,active_bull_internal_ob,internal,1.0,51.0,77770.0,78090.0,77930.0,0.11511895625479662,78490.0,78590.0,78470.0,78580.0,11369.0,159866.0,0,0,0,0,0,0,,78790.0,3.0,above,0.7802507035047326,79240.0,False,,78030.0,2.0,below,0.19186492709132769,77950.0,False,,80990.0,45.0,above,3.594269634177539,79470.0,False,,77700.0,11.0,below,0.6139677666922486,77810.0,False,,-1,-1,-0.00028401295554355817,-76,DOWN_CONFIRMED,0.0004928108502312253,0.0016911885692597547,0.013132424479291601,0.4636456425388971,-0.00028401295554355817,-0.02158498462131042,-0.00012055510430653005,-0.0007473856773803078,-0.0009835520201216807,78541.29399812652,0.04928108502312253,0.140180960876779,-0.49094484690803597,,8,-1,486,561,2025-07-09 21:00:00,2025-08-05 13:30:00,78310.0,78580.0,76,0.3447835525475673,0.00453662569141536,7.0,1.0,390.0,485.0,2025-06-05 21:00:00,2025-07-09 13:30:00,78620.0,78400.0,96.0,-0.2798270160264571,-0.0029148647502755948,1413359.0,,18596.82894736842,,2057966.0,0.0,21437.145833333332,0.0,0.8675048950990291,,0.6867747086200646,,21.052631578947366,11.842105263157894,67.10526315789474,False,True,2025-08-05 13:30:00,78580.0,2025-07-31 09:00:00,78420.0,2,1,2025-08-05 09:00:00,78470.0,2025-07-24 21:00:00,79260.0,2,1,7.765204139855177,263.31713909353726,
CU:5m:1:1:12924:12938:2,CU,5m,13068,2025-08-05 21:50:00,0.0,-1,-1,CHoCH,-1,78330.0,9.0,CHoCH,-1,78480.0,9.0,23,15,12,6,current_swing_low,swing,0.0,21.0,78330.0,78330.0,78330.0,0.2431533145636038,active_bull_internal_ob,internal,1.0,173.0,78050.0,78130.0,78090.0,0.01279754287176862,78190.0,78200.0,78130.0,78140.0,500.0,159631.0,1,1,1,0,1,0,active_bull_internal_ob,78590.0,5.0,above,0.5758894292295879,78580.0,False,,78070.0,0.0,below,0.08958280010238034,78480.0,False,,78570.0,34.0,above,0.5502943434860507,78790.0,True,10.0,78330.0,21.0,above,0.2431533145636038,78030.0,True,9.0,0,0,-8.419635620504629e-05,-10,NONE,-0.004150725613365084,-0.0044464823378102866,0.0005411037192044035,0.7076665047740963,-8.419635620504629e-05,-0.0008419635620504629,-0.0002407204117498285,,,78465.68954737464,-0.4150725613365084,-0.0639467962655016,-0.4339406324992705,,192,-1,13059,13068,2025-08-05 21:00:00,2025-08-05 21:45:00,78180.0,78140.0,10,-0.051163980557689115,-0.0051163980557689115,191.0,1.0,12933.0,13058.0,2025-08-04 10:00:00,2025-08-05 14:55:00,78220.0,78580.0,126.0,0.46024034773715083,0.00365270117251707,16480.0,,1648.0,,63188.0,0.0,501.4920634920635,0.0,3.286193581059695,,0.26080901436981707,,0.0,30.0,70.0,True,True,,,,,0,0,2025-08-05 21:40:00,78190.0,2025-08-05 21:45:00,78140.0,1,2,0.12169253762759244,65.76547776935615,
CU:5m:1:1:12924:12938:2,CU,15m,4355,2025-08-05 21:45:00,5.0,-1,-1,CHoCH,-1,78810.0,126.0,CHoCH,-1,78360.0,2.0,12,11,5,2,current_internal_low,internal,0.0,13.0,78360.0,78360.0,78360.0,0.28154594317890963,current_swing_low,swing,0.0,10.0,78030.0,78030.0,78030.0,0.14077297158945482,78140.0,78210.0,78110.0,78190.0,1825.0,159772.0,1,1,1,0,1,0,active_bull_internal_ob,78520.0,16.0,above,0.4863066291272076,78570.0,True,13.0,78360.0,13.0,above,0.28154594317890963,78330.0,True,2.0,78790.0,19.0,above,0.8318402866649603,79240.0,False,,78030.0,10.0,below,0.14077297158945482,77950.0,False,,0,0,0.0003364715886085741,9,NONE,-0.004214168910568749,0.0001250928114866484,0.003624440387792479,0.11560991360396977,0.0003364715886085741,0.0030282442974771673,0.002802870476856567,,,78520.90033703018,-0.42141689105687485,0.06398771435884854,-0.08446190356475759,,57,1,4347,4355,2025-08-05 13:30:00,2025-08-05 21:30:00,78550.0,78190.0,9,-0.45830681094843895,-0.05092297899427099,56.0,-1.0,4229.0,4346.0,2025-07-30 21:00:00,2025-08-05 11:15:00,78710.0,78470.0,118.0,-0.3049167831279398,-0.0025840405349825406,27349.0,,3038.777777777778,,283766.0,0.0,2404.7966101694915,0.0,1.2636319283415836,,0.09637870639893434,,66.66666666666666,33.33333333333333,0.0,True,True,,,2025-08-05 14:45:00,78580.0,0,1,,,2025-08-05 21:00:00,78130.0,0,1,28.974010134701693,103.3561158174616,
CU:5m:1:1:12924:12938:2,CU,1h,1266,2025-08-05 15:00:00,410.0,-1,1,CHoCH,-1,77920.0,138.0,CHoCH,1,78570.0,0.0,10,5,2,2,active_bull_internal_ob,internal,1.0,0.0,78330.0,78430.0,78380.0,0.2431533145636038,active_bull_internal_ob,internal,1.0,115.0,77800.0,78030.0,77915.0,0.14077297158945482,78510.0,78590.0,78490.0,78580.0,7074.0,159866.0,0,0,0,0,0,0,,78570.0,2.0,above,0.5502943434860507,78790.0,True,0.0,78330.0,1.0,above,0.2431533145636038,78030.0,False,,80130.0,39.0,above,2.5467110314819554,80990.0,False,,77700.0,88.0,below,0.5630918863578193,77920.0,False,,0,0,-0.0005003520730446415,-36,NONE,0.0065774693906395345,0.0002986711196209318,0.006325838121489164,0.8395387266631644,-0.0005003520730446415,-0.018012674629607095,0.00033756688465746976,0.0006262488203849781,0.0012455135047844124,78066.51985521855,0.6577469390639534,0.10191082802548657,0.04766829503089319,,18,-1,1231,1266,2025-07-30 21:00:00,2025-08-05 14:00:00,78670.0,78580.0,36,-0.11440193212152172,-0.003177831447820048,17.0,1.0,1159.0,1230.0,2025-07-18 21:00:00,2025-07-30 14:00:00,78760.0,78930.0,72.0,0.21584560690706134,0.002997855651486963,295135.0,,8198.194444444445,,597943.0,0.0,8304.763888888889,0.0,0.987167673172861,,0.49358383658643046,,0.0,55.55555555555556,44.44444444444444,False,False,2025-07-31 14:00:00,78040.0,,,1,0,2025-08-05 09:00:00,78450.0,2025-08-05 00:00:00,78370.0,4,3,21.179945786247455,160.1584677456315,4.0
CU:5m:1:1:12924:12938:2,CU,4h,561,2025-08-05 15:00:00,410.0,1,-1,BOS,1,79470.0,111.0,CHoCH,-1,78750.0,15.0,4,3,1,1,current_internal_high,internal,0.0,3.0,78790.0,78790.0,78790.0,0.8318402866649603,active_bull_internal_ob,internal,1.0,51.0,77770.0,78090.0,77930.0,0.06398771435884311,78490.0,78590.0,78470.0,78580.0,11369.0,159866.0,0,0,0,0,0,0,,78790.0,3.0,above,0.8318402866649603,79240.0,False,,78030.0,2.0,below,0.14077297158945482,77950.0,False,,80990.0,45.0,above,3.647299718454057,79470.0,False,,77700.0,11.0,below,0.5630918863578193,77810.0,False,,-1,-1,-0.00028401295554355817,-76,DOWN_CONFIRMED,0.0004928108502312253,0.0016911885692597547,0.013132424479291601,0.4636456425388971,-0.00028401295554355817,-0.02158498462131042,-0.00012055510430653005,-0.0007473856773803078,-0.0009835520201216807,78541.29399812652,0.04928108502312253,0.140180960876779,-0.49094484690803597,,8,-1,486,561,2025-07-09 21:00:00,2025-08-05 13:30:00,78310.0,78580.0,76,0.3447835525475673,0.00453662569141536,7.0,1.0,390.0,485.0,2025-06-05 21:00:00,2025-07-09 13:30:00,78620.0,78400.0,96.0,-0.2798270160264571,-0.0029148647502755948,1413359.0,,18596.82894736842,,2057966.0,0.0,21437.145833333332,0.0,0.8675048950990291,,0.6867747086200646,,21.052631578947366,11.842105263157894,67.10526315789474,False,True,2025-08-05 13:30:00,78580.0,2025-07-31 09:00:00,78420.0,2,1,2025-08-05 09:00:00,78470.0,2025-07-24 21:00:00,79260.0,2,1,7.765204139855177,263.31713909353726,
CU:5m:1:-1:12984:12989:1,CU,5m,13004,2025-08-05 00:15:00,0.0,1,1,CHoCH,1,78270.0,152.0,CHoCH,1,78400.0,3.0,26,15,12,5,active_bear_internal_ob,internal,-1.0,15.0,78510.0,78570.0,78540.0,0.025480952987641737,current_internal_high,internal,0.0,7.0,78400.0,78400.0,78400.0,0.11466428844438782,78490.0,78520.0,78490.0,78490.0,301.0,160623.0,0,0,0,0,0,0,,78400.0,7.0,below,0.11466428844438782,78570.0,True,3.0,78330.0,2.0,below,0.2038476239011339,78340.0,False,,78790.0,94.0,above,0.3822142948146261,78270.0,False,,78030.0,69.0,below,0.58606191871576,77960.0,False,,1,1,4.769511177802702e-05,72,UP_CONFIRMED,0.0016802636763293694,0.0015732628543987572,0.0008017924138847787,0.5530820486720074,4.769511177802702e-05,0.003434048048017946,0.0001136648808497398,0.00012240300934274195,0.0002696155274464207,78358.3373320434,0.16802636763293693,0.0,0.2927603191321651,,191,1,12933,13004,2025-08-04 10:00:00,2025-08-05 00:10:00,78220.0,78490.0,72,0.3451802608028576,0.004794170288928578,190.0,-1.0,12883.0,12932.0,2025-08-01 21:50:00,2025-08-04 09:55:00,78120.0,78210.0,50.0,0.11520737327188613,0.0023041474654377225,38498.0,,534.6944444444445,,26198.0,0.0,523.96,0.0,1.0204871449050394,,1.4695014886632567,,54.166666666666664,27.77777777777778,18.055555555555554,False,False,,,,,0,0,2025-08-05 00:00:00,78470.0,2025-08-04 22:45:00,78450.0,4,4,0.5096366520337087,44.01034076658675,
CU:5m:1:-1:12984:12989:1,CU,15m,4334,2025-08-05 00:15:00,0.0,-1,1,CHoCH,-1,78810.0,105.0,BOS,1,78230.0,22.0,12,10,5,2,current_internal_high,internal,0.0,1.0,78570.0,78570.0,78570.0,0.10192381195056695,active_bull_internal_ob,internal,1.0,22.0,78060.0,78170.0,78115.0,0.4076952478022678,78420.0,78520.0,78420.0,78490.0,848.0,160623.0,0,0,0,0,0,0,,78570.0,1.0,above,0.10192381195056695,78230.0,False,,78060.0,21.0,below,0.5478404892342974,78030.0,False,,79240.0,65.0,above,0.9555357370365651,79240.0,False,,77950.0,25.0,below,0.687985730666327,78810.0,False,,-1,-1,-0.00010809367365852821,-106,DOWN_CONFIRMED,0.0034220091681553167,-9.006119119789789e-05,0.0035008949029686678,0.8421159252475745,-0.00010809367365852821,-0.01145792940780399,9.610083153122062e-05,0.00039585184945245544,0.00109018458032617,78222.3224952668,0.34220091681553166,0.10202780257619892,-0.7155195023937015,,56,-1,4229,4334,2025-07-30 21:00:00,2025-08-05 00:00:00,78710.0,78490.0,106,-0.2795070512006115,-0.0026368589735906744,55.0,1.0,4219.0,4228.0,2025-07-30 10:30:00,2025-07-30 14:45:00,79150.0,78930.0,10.0,-0.27795325331648746,-0.027795325331648746,270445.0,,2551.367924528302,,23097.0,0.0,2309.7,0.0,1.1046317376838126,,11.709096419448413,,8.49056603773585,26.41509433962264,65.09433962264151,False,False,2025-08-01 22:45:00,78180.0,2025-08-01 21:45:00,78090.0,2,1,2025-08-04 23:45:00,78410.0,2025-08-04 22:45:00,78360.0,5,4,38.872402823052845,89.47588767187872,
CU:5m:1:-1:12984:12989:1,CU,1h,1260,2025-08-05 00:00:00,15.0,-1,-1,CHoCH,-1,77920.0,132.0,BOS,-1,78820.0,29.0,9,5,2,2,current_internal_high,internal,0.0,8.0,78790.0,78790.0,78790.0,0.3822142948146261,active_bull_internal_ob,internal,1.0,109.0,77800.0,78030.0,77915.0,0.58606191871576,78340.0,78430.0,78330.0,78410.0,1950.0,160884.0,0,0,0,0,0,0,,78790.0,8.0,above,0.3822142948146261,79240.0,False,,78030.0,5.0,below,0.58606191871576,77960.0,False,,80130.0,33.0,above,2.0894381449866226,80990.0,False,,77700.0,82.0,below,1.0064976430118486,77920.0,False,,0,0,-0.0006121787104996038,-30,NONE,0.0047607052171410435,-0.000721287992858118,0.006456115746989463,0.8020917134548498,-0.0006121787104996038,-0.018365361314988116,0.00028560126492704896,0.0003904962139509305,0.001014530022968252,78038.48179259224,0.47607052171410436,0.0638080653394546,-1.0655933199047083,,18,-1,1231,1260,2025-07-30 21:00:00,2025-08-04 23:00:00,78670.0,78410.0,30,-0.33049447057328374,-0.011016482352442791,17.0,1.0,1159.0,1230.0,2025-07-18 21:00:00,2025-07-30 14:00:00,78760.0,78930.0,72.0,0.21584560690706134,0.002997855651486963,269597.0,,8986.566666666668,,597943.0,0.0,8304.763888888889,0.0,1.08209779193,,0.45087407997083334,,0.0,46.666666666666664,53.333333333333336,True,False,2025-07-31 14:00:00,78040.0,,,1,0,2025-08-04 23:00:00,78410.0,2025-08-04 22:00:00,78360.0,3,2,8.950815500764092,187.8994981147112,4.0
CU:5m:1:-1:12984:12989:1,CU,4h,558,2025-08-05 00:00:00,15.0,1,-1,BOS,1,79470.0,108.0,CHoCH,-1,78750.0,12.0,4,3,1,1,current_internal_high,internal,0.0,0.0,78790.0,78790.0,78790.0,0.3822142948146261,active_bull_internal_ob,internal,1.0,48.0,77770.0,78090.0,77930.0,0.5096190597528347,78460.0,78570.0,78330.0,78410.0,17254.0,160884.0,0,0,0,0,0,0,,78790.0,0.0,above,0.3822142948146261,79240.0,False,,77950.0,4.0,below,0.687985730666327,78750.0,False,,80990.0,42.0,above,3.185119123455217,79470.0,False,,77700.0,8.0,below,1.0064976430118486,77810.0,False,,-1,-1,-0.000295348738503954,-73,DOWN_CONFIRMED,-0.0016966809197753218,0.0017965003849243933,0.013387207210931205,0.39707159349274784,-0.000295348738503954,-0.021560457910788644,-0.0004526695082406329,-0.0012700004332244497,-0.0007562040828130723,78543.26285546376,-0.1696680919775322,0.10213200561726143,-0.055970402642662655,,8,-1,486,558,2025-07-09 21:00:00,2025-08-04 21:00:00,78310.0,78410.0,73,0.1276976120546447,0.001749282356912941,7.0,1.0,390.0,485.0,2025-06-05 21:00:00,2025-07-09 13:30:00,78620.0,78400.0,96.0,-0.2798270160264571,-0.0029148647502755948,1387821.0,,19011.246575342466,,2057966.0,0.0,21437.145833333332,0.0,0.8868366490179511,,0.6743653685240669,,21.91780821917808,9.58904109589041,68.4931506849315,True,True,2025-07-15 09:00:00,77830.0,2025-07-31 09:00:00,78420.0,1,1,2025-07-18 00:00:00,78260.0,2025-07-24 21:00:00,79260.0,1,1,7.451825406368957,291.7807144618417,
CU:5m:1:-1:12984:12989:2,CU,5m,13014,2025-08-05 09:05:00,0.0,1,1,CHoCH,1,78270.0,162.0,CHoCH,1,78400.0,13.0,26,15,12,5,active_bear_internal_ob,internal,-1.0,25.0,78510.0,78570.0,78540.0,0.05097489486427934,active_bull_internal_ob,internal,1.0,13.0,78330.0,78370.0,78350.0,0.12743723716069835,78480.0,78510.0,78440.0,78470.0,1025.0,160115.0,0,0,0,0,0,0,,78520.0,5.0,above,0.06371861858034918,78400.0,False,,78330.0,12.0,below,0.17841213202497772,78340.0,False,,78790.0,104.0,above,0.40779915891423474,78270.0,False,,78030.0,79.0,below,0.5607238435070727,77960.0,False,,1,1,4.423515292961158e-05,82,UP_CONFIRMED,0.0012322155209514459,0.0014761208101308721,0.0008083069543658204,0.3814219538828101,4.423515292961158e-05,0.0036272825402281494,0.00014054388760187386,0.00019257318663457035,0.000314999767514923,78373.42704676282,0.12322155209514458,0.12759984688017756,3.9291173320565456,,191,1,12933,13014,2025-08-04 10:00:00,2025-08-05 09:00:00,78220.0,78470.0,82,0.3196113525952393,0.0038976994218931625,190.0,-1.0,12883.0,12932.0,2025-08-01 21:50:00,2025-08-04 09:55:00,78120.0,78210.0,50.0,0.11520737327188613,0.0023041474654377225,40629.0,,495.4756097560976,,26198.0,0.0,523.96,0.0,0.9456363267350514,,1.5508435758454844,,50.0,34.146341463414636,15.853658536585366,False,False,,,,,0,0,2025-08-05 09:00:00,78470.0,2025-08-05 00:25:00,78410.0,5,5,0.5475886179628863,47.43539949533627,
CU:5m:1:-1:12984:12989:2,CU,15m,4337,2025-08-05 01:00:00,485.0,-1,1,CHoCH,-1,78810.0,108.0,BOS,1,78230.0,25.0,12,10,5,2,current_internal_high,internal,0.0,4.0,78570.0,78570.0,78570.0,0.12743723716069835,current_internal_low,internal,0.0,0.0,78330.0,78330.0,78330.0,0.17841213202497772,78410.0,78440.0,78360.0,78370.0,404.0,160257.0,0,0,0,0,0,0,,78570.0,4.0,above,0.12743723716069835,78230.0,False,,78330.0,0.0,below,0.17841213202497772,78060.0,False,,78790.0,1.0,above,0.40779915891423474,79240.0,False,,77950.0,28.0,below,0.6626736332356314,78810.0,False,,-1,-1,-0.00010473274916475454,-109,DOWN_CONFIRMED,0.001845294461145027,-2.7047293597565185e-05,0.003472889755750009,0.7051016899586112,-0.00010473274916475454,-0.011415869658958244,9.692525414806141e-05,0.00023669091710165624,0.0010609229300455603,78225.65064015426,0.1845294461145027,-0.05101390128809946,-0.9060955171144311,,56,-1,4229,4337,2025-07-30 21:00:00,2025-08-05 00:45:00,78710.0,78370.0,109,-0.4319654427645814,-0.0039629857134365265,55.0,1.0,4219.0,4228.0,2025-07-30 10:30:00,2025-07-30 14:45:00,79150.0,78930.0,10.0,-0.27795325331648746,-0.027795325331648746,271551.0,,2491.293577981651,,23097.0,0.0,2309.7,0.0,1.0786221491889212,,11.756981426159241,,8.256880733944955,28.440366972477065,63.30275229357798,True,False,2025-08-01 22:45:00,78180.0,2025-08-01 21:45:00,78090.0,2,1,2025-08-04 23:45:00,78410.0,2025-08-05 00:45:00,78370.0,5,5,128.40063806097925,86.8289086060924,
CU:5m:1:-1:12984:12989:2,CU,1h,1261,2025-08-05 01:00:00,485.0,-1,-1,CHoCH,-1,77920.0,133.0,BOS,-1,78820.0,30.0,9,5,2,2,current_internal_high,internal,0.0,9.0,78790.0,78790.0,78790.0,0.40779915891423474,active_bull_internal_ob,internal,1.0,110.0,77800.0,78030.0,77915.0,0.5607238435070727,78420.0,78520.0,78360.0,78370.0,1954.0,160257.0,0,0,0,0,0,0,,78790.0,9.0,above,0.40779915891423474,79240.0,False,,78030.0,6.0,below,0.5607238435070727,77960.0,False,,80130.0,34.0,above,2.115458136867593,80990.0,False,,77700.0,83.0,below,0.9812667261373774,77920.0,False,,0,0,-0.0005917435216365792,-31,NONE,0.004226334953113713,-0.0005616872526654783,0.006411009292708142,0.7724210575932442,-0.0005917435216365792,-0.018344049170733956,0.000288584519150481,0.000401099903027502,0.0010272219543434602,78040.17607610242,0.4226334953113713,-0.05101390128809946,-1.0135250441260637,,18,-1,1231,1261,2025-07-30 21:00:00,2025-08-05 00:00:00,78670.0,78370.0,31,-0.38133977373839834,-0.0123012830238193,17.0,1.0,1159.0,1230.0,2025-07-18 21:00:00,2025-07-30 14:00:00,78760.0,78930.0,72.0,0.21584560690706134,0.002997855651486963,271551.0,,8759.709677419354,,597943.0,0.0,8304.763888888889,0.0,1.0547813031914304,,0.45414194998519924,,0.0,48.38709677419355,51.61290322580645,True,False,2025-07-31 14:00:00,78040.0,,,1,0,2025-08-04 23:00:00,78410.0,2025-08-05 00:00:00,78370.0,3,3,11.413841532427156,185.90667682080326,4.0
CU:5m:1:-1:12984:12989:2,CU,4h,559,2025-08-05 01:00:00,485.0,1,-1,BOS,1,79470.0,109.0,CHoCH,-1,78750.0,13.0,4,3,1,1,current_internal_high,internal,0.0,1.0,78790.0,78790.0,78790.0,0.40779915891423474,active_bull_internal_ob,internal,1.0,49.0,77770.0,78090.0,77930.0,0.48426150121065376,78420.0,78520.0,78360.0,78370.0,1954.0,160257.0,0,0,0,0,0,0,,78790.0,1.0,above,0.40779915891423474,79240.0,False,,78030.0,0.0,below,0.5607238435070727,77950.0,False,,80990.0,43.0,above,3.2114183764495987,79470.0,False,,77700.0,9.0,below,0.9812667261373774,77810.0,False,,-1,-1,-0.00029142774846891773,-74,DOWN_CONFIRMED,-0.0022006561138209545,0.0017424847565629697,0.013304452356498648,0.3834708875784793,-0.00029142774846891773,-0.021565653386699912,-0.0002523474021599581,-0.0009747036506330131,-0.0007738869458200348,78542.845793793,-0.22006561138209543,-0.05101390128809946,-1.2855206166378605,,8,-1,486,559,2025-07-09 21:00:00,2025-08-05 00:00:00,78310.0,78370.0,74,0.07661856723280014,0.0010353860436864884,7.0,1.0,390.0,485.0,2025-06-05 21:00:00,2025-07-09 13:30:00,78620.0,78400.0,96.0,-0.2798270160264571,-0.0029148647502755948,1389775.0,,18780.743243243243,,2057966.0,0.0,21437.145833333332,0.0,0.8760841293545916,,0.675314849710831,,21.62162162162162,9.45945945945946,68.91891891891892,True,True,2025-07-15 09:00:00,77830.0,2025-07-31 09:00:00,78420.0,1,1,2025-07-18 00:00:00,78260.0,2025-07-24 21:00:00,79260.0,1,1,7.635333569713127,282.36780628599587,
CU:5m:1:-1:12984:12989:3,CU,5m,13027,2025-08-05 10:10:00,0.0,1,1,CHoCH,1,78270.0,175.0,CHoCH,1,78400.0,26.0,26,15,12,5,current_swing_high,swing,0.0,117.0,78790.0,78790.0,78790.0,0.35664246592790727,current_internal_low,internal,0.0,3.0,78380.0,78380.0,78380.0,0.16558400203795695,78470.0,78510.0,78460.0,78510.0,597.0,159800.0,2,1,0,1,2,0,active_bear_internal_ob|current_internal_high,78510.0,8.0,overlap,0.0,78520.0,False,,78380.0,3.0,below,0.16558400203795695,78360.0,False,,78790.0,117.0,above,0.35664246592790727,78270.0,False,,78030.0,92.0,below,0.6113870844478411,77960.0,False,,1,1,4.1988083943579395e-05,95,UP_CONFIRMED,0.0013818161492410758,0.0013839761623994126,0.0007931094279750884,0.49891349228818255,4.1988083943579395e-05,0.003988867974640042,0.00015179155988809256,0.00026998643132580824,0.0005148893125350718,78401.66331550328,0.13818161492410758,0.03822629969418845,1.0863255719715175,,191,1,12933,13027,2025-08-04 10:00:00,2025-08-05 10:05:00,78220.0,78510.0,95,0.37074916901047583,0.0039026228316892194,190.0,-1.0,12883.0,12932.0,2025-08-01 21:50:00,2025-08-04 09:55:00,78120.0,78210.0,50.0,0.11520737327188613,0.0023041474654377225,45753.0,,481.61052631578946,,26198.0,0.0,523.96,0.0,0.9191742238258443,,1.7464310252691044,,44.21052631578947,42.10526315789473,13.684210526315791,False,False,,,,,0,0,2025-08-05 09:30:00,78450.0,2025-08-05 09:10:00,78410.0,6,6,0.5730658153823018,44.8511141971653,
CU:5m:1:-1:12984:12989:3,CU,15m,4341,2025-08-05 10:00:00,10.0,-1,1,CHoCH,-1,78810.0,112.0,BOS,1,78230.0,29.0,12,10,5,2,current_internal_high,internal,0.0,2.0,78520.0,78520.0,78520.0,0.01273723092599669,current_internal_low,internal,0.0,4.0,78330.0,78330.0,78330.0,0.22927015666794037,78480.0,78480.0,78440.0,78450.0,785.0,159816.0,0,0,0,0,0,0,,78520.0,2.0,above,0.01273723092599669,78570.0,False,,78330.0,4.0,below,0.22927015666794037,78060.0,False,,78790.0,5.0,above,0.35664246592790727,79240.0,False,,77950.0,32.0,below,0.7132849318558145,78810.0,False,,-1,-1,-9.902092166024253e-05,-113,DOWN_CONFIRMED,0.0026382513031092897,6.292343486849291e-05,0.0034432927570020493,0.7727475758516462,-9.902092166024253e-05,-0.011189364147607406,0.0002429503667427113,0.000338383447108237,0.0010658725323551277,78243.57378948995,0.26382513031092897,-0.012745347947995533,-0.433646132971011,,56,-1,4229,4341,2025-07-30 21:00:00,2025-08-05 09:45:00,78710.0,78450.0,113,-0.3303265150552681,-0.0029232434960643197,55.0,1.0,4219.0,4228.0,2025-07-30 10:30:00,2025-07-30 14:45:00,79150.0,78930.0,10.0,-0.27795325331648746,-0.027795325331648746,276767.0,,2449.265486725664,,23097.0,0.0,2309.7,0.0,1.060425807128919,,11.982811620556783,,7.964601769911504,30.973451327433626,61.06194690265486,False,False,2025-08-01 22:45:00,78180.0,2025-08-01 21:45:00,78090.0,2,1,2025-08-05 09:00:00,78410.0,2025-08-05 00:45:00,78370.0,6,5,54.72194523707063,83.14037012439101,
CU:5m:1:-1:12984:12989:3,CU,1h,1262,2025-08-05 10:00:00,10.0,-1,-1,CHoCH,-1,77920.0,134.0,BOS,-1,78820.0,31.0,9,5,2,2,current_internal_high,internal,0.0,10.0,78790.0,78790.0,78790.0,0.35664246592790727,active_bull_internal_ob,internal,1.0,111.0,77800.0,78030.0,77915.0,0.6113870844478411,78480.0,78510.0,78380.0,78450.0,5216.0,159816.0,0,0,0,0,0,0,,78790.0,10.0,above,0.35664246592790727,79240.0,False,,78030.0,7.0,below,0.6113870844478411,77960.0,False,,80130.0,35.0,above,2.0634314100114635,80990.0,False,,77700.0,84.0,below,1.0317157050057317,77920.0,False,,0,0,-0.0005712974483880022,-32,NONE,0.005187418204771493,-0.000382027707120573,0.006388836886940605,0.8083266445768164,-0.0005712974483880022,-0.01828151834841607,0.0002831469029427325,0.0004575656461140998,0.001085768063357584,78045.14718271034,0.5187418204771493,0.10207987750414649,-0.41043147495089094,,18,-1,1231,1262,2025-07-30 21:00:00,2025-08-05 09:00:00,78670.0,78450.0,32,-0.27964916740815804,-0.008739036481504939,17.0,1.0,1159.0,1230.0,2025-07-18 21:00:00,2025-07-30 14:00:00,78760.0,78930.0,72.0,0.21584560690706134,0.002997855651486963,276767.0,,8648.96875,,597943.0,0.0,8304.763888888889,0.0,1.0414466763554386,,0.462865189491306,,0.0,50.0,50.0,True,False,2025-07-31 14:00:00,78040.0,,,1,0,2025-08-05 09:00:00,78450.0,2025-08-05 00:00:00,78370.0,4,3,16.723490908799985,182.62762847646016,4.0
CU:5m:1:-1:12984:12989:3,CU,4h,559,2025-08-05 01:00:00,550.0,1,-1,BOS,1,79470.0,109.0,CHoCH,-1,78750.0,13.0,4,3,1,1,current_internal_high,internal,0.0,1.0,78790.0,78790.0,78790.0,0.35664246592790727,active_bull_internal_ob,internal,1.0,49.0,77770.0,78090.0,77930.0,0.5349636988918609,78420.0,78520.0,78360.0,78370.0,1954.0,160257.0,0,0,0,0,0,0,,78790.0,1.0,above,0.35664246592790727,79240.0,False,,78030.0,0.0,below,0.6113870844478411,77950.0,False,,80990.0,43.0,above,3.158833269647179,79470.0,False,,77700.0,9.0,below,1.0317157050057317,77810.0,False,,-1,-1,-0.00029142774846891773,-74,DOWN_CONFIRMED,-0.0022006561138209545,0.0017424847565629697,0.013304452356498648,0.3834708875784793,-0.00029142774846891773,-0.021565653386699912,-0.0002523474021599581,-0.0009747036506330131,-0.0007738869458200348,78542.845793793,-0.22006561138209543,-0.05101390128809946,-1.2855206166378605,,8,-1,486,559,2025-07-09 21:00:00,2025-08-05 00:00:00,78310.0,78370.0,74,0.07661856723280014,0.0010353860436864884,7.0,1.0,390.0,485.0,2025-06-05 21:00:00,2025-07-09 13:30:00,78620.0,78400.0,96.0,-0.2798270160264571,-0.0029148647502755948,1389775.0,,18780.743243243243,,2057966.0,0.0,21437.145833333332,0.0,0.8760841293545916,,0.675314849710831,,21.62162162162162,9.45945945945946,68.91891891891892,True,True,2025-07-15 09:00:00,77830.0,2025-07-31 09:00:00,78420.0,1,1,2025-07-18 00:00:00,78260.0,2025-07-24 21:00:00,79260.0,1,1,7.635333569713127,282.36780628599587,
CU:5m:1:-1:12984:12989:4,CU,5m,13038,2025-08-05 11:20:00,0.0,1,1,CHoCH,1,78270.0,186.0,BOS,1,78510.0,10.0,27,15,12,5,active_bear_internal_ob,internal,-1.0,49.0,78510.0,78570.0,78540.0,0.012738853503184712,active_bull_internal_ob,internal,1.0,10.0,78380.0,78430.0,78405.0,0.08917197452229299,78480.0,78510.0,78480.0,78500.0,454.0,159674.0,0,0,0,0,0,0,,78540.0,4.0,above,0.05095541401273885,78510.0,False,,78420.0,0.0,below,0.1019108280254777,78380.0,False,,78570.0,4.0,above,0.08917197452229299,78790.0,False,,78030.0,103.0,below,0.5987261146496815,77960.0,False,,1,1,4.1172718820509624e-05,106,UP_CONFIRMED,0.0008799901749991,0.0013189237493560076,0.0007833391754081636,0.28762494925740734,4.1172718820509624e-05,0.00436430819497402,0.00011623845503172525,0.00027793341708703956,0.0006293718523815439,78430.98150685843,0.08799901749991,0.025484199796133034,0.13162668150309575,,191,1,12933,13038,2025-08-04 10:00:00,2025-08-05 11:15:00,78220.0,78500.0,106,0.3579647149066778,0.003377025612327149,190.0,-1.0,12883.0,12932.0,2025-08-01 21:50:00,2025-08-04 09:55:00,78120.0,78210.0,50.0,0.11520737327188613,0.0023041474654377225,51096.0,,482.0377358490566,,26198.0,0.0,523.96,0.0,0.9199895714349503,,1.9503778914420948,,42.45283018867924,45.28301886792453,12.264150943396226,False,False,,,,,0,0,2025-08-05 11:00:00,78480.0,2025-08-05 10:40:00,78460.0,7,7,0.5939230192728316,38.46781875974489,
CU:5m:1:-1:12984:12989:4,CU,15m,4345,2025-08-05 11:15:00,5.0,-1,1,CHoCH,-1,78810.0,116.0,BOS,1,78520.0,3.0,13,10,5,2,current_internal_high,internal,0.0,6.0,78520.0,78520.0,78520.0,0.025477707006369425,active_bull_internal_ob,internal,1.0,3.0,78360.0,78440.0,78400.0,0.07643312101910828,78470.0,78500.0,78460.0,78480.0,1137.0,159562.0,0,0,0,0,0,0,,78520.0,6.0,above,0.025477707006369425,78570.0,True,3.0,78360.0,3.0,below,0.17834394904458598,78330.0,False,,78790.0,9.0,above,0.36942675159235666,79240.0,False,,78030.0,0.0,below,0.5987261146496815,77950.0,False,,-1,-1,-9.311701433063555e-05,-117,DOWN_CONFIRMED,0.0027228499505464942,0.0001603559976877885,0.003424343865784489,0.7728654452605164,-9.311701433063555e-05,-0.01089469067668436,0.00033493869320411207,0.0005530568940623759,0.0009249280918954828,78266.890999712,0.2722849950546494,0.0127437237160688,0.1602500437167171,,56,-1,4229,4345,2025-07-30 21:00:00,2025-08-05 11:00:00,78710.0,78480.0,117,-0.29221191716427564,-0.0024975377535408176,55.0,1.0,4219.0,4228.0,2025-07-30 10:30:00,2025-07-30 14:45:00,79150.0,78930.0,10.0,-0.27795325331648746,-0.027795325331648746,282589.0,,2415.290598290598,,23097.0,0.0,2309.7,0.0,1.0457161528729264,,12.23487898861324,,11.11111111111111,29.914529914529915,58.97435897435898,False,False,2025-08-01 22:45:00,78180.0,2025-08-01 21:45:00,78090.0,2,1,2025-08-05 09:00:00,78410.0,2025-08-05 00:45:00,78370.0,6,5,21.35463540597747,79.29488002714318,
CU:5m:1:-1:12984:12989:4,CU,1h,1263,2025-08-05 11:00:00,20.0,-1,-1,CHoCH,-1,77920.0,135.0,BOS,-1,78820.0,32.0,9,5,2,2,current_internal_high,internal,0.0,11.0,78790.0,78790.0,78790.0,0.36942675159235666,active_bull_internal_ob,internal,1.0,112.0,77800.0,78030.0,77915.0,0.5987261146496815,78460.0,78540.0,78420.0,78470.0,4685.0,159580.0,0,0,0,0,0,0,,78790.0,11.0,above,0.36942675159235666,79240.0,False,,78030.0,8.0,below,0.5987261146496815,77960.0,False,,80130.0,36.0,above,2.0764331210191083,80990.0,False,,77700.0,85.0,below,1.019108280254777,77920.0,False,,0,0,-0.0005521359535372028,-33,NONE,0.005381177180248476,-0.00020738513477605637,0.006368386899652989,0.809905347951326,-0.0005521359535372028,-0.018220486466727692,0.0002328013176808863,0.0004824251752155728,0.001144678221090878,78049.99912578591,0.5381177180248475,0.0254939451880265,-0.5529419826000732,,18,-1,1231,1263,2025-07-30 21:00:00,2025-08-05 10:00:00,78670.0,78470.0,33,-0.2542265158255952,-0.007703833812896824,17.0,1.0,1159.0,1230.0,2025-07-18 21:00:00,2025-07-30 14:00:00,78760.0,78930.0,72.0,0.21584560690706134,0.002997855651486963,281452.0,,8528.848484848484,,597943.0,0.0,8304.763888888889,0.0,1.0269826570577645,,0.4707003844848088,,0.0,51.515151515151516,48.484848484848484,False,False,2025-07-31 14:00:00,78040.0,,,1,0,2025-08-05 09:00:00,78450.0,2025-08-05 00:00:00,78370.0,4,3,30.708020160315993,178.1542264424273,3.0
CU:5m:1:-1:12984:12989:4,CU,4h,559,2025-08-05 01:00:00,620.0,1,-1,BOS,1,79470.0,109.0,CHoCH,-1,78750.0,13.0,4,3,1,1,current_internal_high,internal,0.0,1.0,78790.0,78790.0,78790.0,0.36942675159235666,active_bull_internal_ob,internal,1.0,49.0,77770.0,78090.0,77930.0,0.5222929936305732,78420.0,78520.0,78360.0,78370.0,1954.0,160257.0,0,0,0,0,0,0,,78790.0,1.0,above,0.36942675159235666,79240.0,False,,78030.0,0.0,below,0.5987261146496815,77950.0,False,,80990.0,43.0,above,3.171974522292994,79470.0,False,,77700.0,9.0,below,1.019108280254777,77810.0,False,,-1,-1,-0.00029142774846891773,-74,DOWN_CONFIRMED,-0.0022006561138209545,0.0017424847565629697,0.013304452356498648,0.3834708875784793,-0.00029142774846891773,-0.021565653386699912,-0.0002523474021599581,-0.0009747036506330131,-0.0007738869458200348,78542.845793793,-0.22006561138209543,-0.05101390128809946,-1.2855206166378605,,8,-1,486,559,2025-07-09 21:00:00,2025-08-05 00:00:00,78310.0,78370.0,74,0.07661856723280014,0.0010353860436864884,7.0,1.0,390.0,485.0,2025-06-05 21:00:00,2025-07-09 13:30:00,78620.0,78400.0,96.0,-0.2798270160264571,-0.0029148647502755948,1389775.0,,18780.743243243243,,2057966.0,0.0,21437.145833333332,0.0,0.8760841293545916,,0.675314849710831,,21.62162162162162,9.45945945945946,68.91891891891892,True,True,2025-07-15 09:00:00,77830.0,2025-07-31 09:00:00,78420.0,1,1,2025-07-18 00:00:00,78260.0,2025-07-24 21:00:00,79260.0,1,1,7.635333569713127,282.36780628599587,
CU:5m:1:-1:12984:12989:5,CU,5m,13041,2025-08-05 13:35:00,0.0,1,1,CHoCH,1,78270.0,189.0,BOS,1,78510.0,13.0,27,15,12,5,current_internal_high,internal,0.0,7.0,78540.0,78540.0,78540.0,0.03821169277799007,active_bull_internal_ob,internal,1.0,13.0,78380.0,78430.0,78405.0,0.10189784740797352,78490.0,78540.0,78470.0,78510.0,1115.0,159871.0,1,1,0,1,1,0,active_bear_internal_ob,78540.0,7.0,above,0.03821169277799007,78510.0,False,,78420.0,3.0,below,0.11463507833397019,78380.0,False,,78570.0,7.0,above,0.07642338555598013,78790.0,False,,78030.0,106.0,below,0.6113870844478411,77960.0,False,,1,1,4.1134128544094595e-05,109,UP_CONFIRMED,0.0008885918863957488,0.0013028793292351177,0.0007790290972790402,0.29743236412584556,4.1134128544094595e-05,0.004483620011306311,0.00017502006764158473,0.00026475876638332174,0.0006749422121268278,78440.29858710903,0.08885918863957488,0.0509748948642752,3.3062983153002192,,191,1,12933,13041,2025-08-04 10:00:00,2025-08-05 13:30:00,78220.0,78510.0,109,0.37074916901047583,0.0034013685230318883,190.0,-1.0,12883.0,12932.0,2025-08-01 21:50:00,2025-08-04 09:55:00,78120.0,78210.0,50.0,0.11520737327188613,0.0023041474654377225,52934.0,,485.6330275229358,,26198.0,0.0,523.96,0.0,0.9268513388864336,,2.0205359187724254,,41.284403669724774,46.788990825688074,11.926605504587156,True,False,,,,,0,0,2025-08-05 13:30:00,78510.0,2025-08-05 11:25:00,78470.0,8,8,0.5979288179638135,40.30021786266747,
CU:5m:1:-1:12984:12989:5,CU,15m,4346,2025-08-05 11:30:00,125.0,-1,1,CHoCH,-1,78810.0,117.0,BOS,1,78520.0,4.0,13,10,5,2,current_internal_high,internal,0.0,7.0,78520.0,78520.0,78520.0,0.01273723092599669,active_bull_internal_ob,internal,1.0,4.0,78360.0,78440.0,78400.0,0.08916061648197682,78480.0,78510.0,78460.0,78470.0,1177.0,159683.0,0,0,0,0,0,0,,78520.0,7.0,above,0.01273723092599669,78570.0,True,4.0,78360.0,4.0,below,0.19105846388995032,78330.0,False,,78790.0,10.0,above,0.35664246592790727,79240.0,False,,78030.0,1.0,below,0.6113870844478411,77950.0,False,,-1,-1,-9.184686445643294e-05,-118,DOWN_CONFIRMED,0.0025375505116042433,0.0001805017139074195,0.0034167588964628074,0.7548555249664742,-9.184686445643294e-05,-0.010837930005859087,0.00035541096445168563,0.0005984476784184345,0.0009330103654352495,78271.38241351262,0.25375505116042435,-0.012742099898066517,0.24001374155471258,,56,-1,4229,4346,2025-07-30 21:00:00,2025-08-05 11:15:00,78710.0,78470.0,118,-0.3049167831279398,-0.0025840405349825406,55.0,1.0,4219.0,4228.0,2025-07-30 10:30:00,2025-07-30 14:45:00,79150.0,78930.0,10.0,-0.27795325331648746,-0.027795325331648746,283766.0,,2404.7966101694915,,23097.0,0.0,2309.7,0.0,1.0411727108150373,,12.28583798761744,,11.864406779661017,29.66101694915254,58.47457627118644,False,False,2025-08-01 22:45:00,78180.0,2025-08-01 21:45:00,78090.0,2,1,2025-08-05 09:00:00,78410.0,2025-08-05 00:45:00,78370.0,6,5,18.929232429423276,77.20238859663296,
CU:5m:1:-1:12984:12989:5,CU,1h,1264,2025-08-05 11:30:00,125.0,-1,-1,CHoCH,-1,77920.0,136.0,BOS,-1,78820.0,33.0,9,5,2,2,current_internal_high,internal,0.0,0.0,78570.0,78570.0,78570.0,0.07642338555598013,active_bull_internal_ob,internal,1.0,113.0,77800.0,78030.0,77915.0,0.6113870844478411,78470.0,78510.0,78460.0,78470.0,2314.0,159683.0,0,0,0,0,0,0,,78570.0,0.0,above,0.07642338555598013,78790.0,False,,78030.0,9.0,below,0.6113870844478411,77960.0,False,,80130.0,37.0,above,2.0634314100114635,80990.0,False,,77700.0,86.0,below,1.0317157050057317,77920.0,False,,0,0,-0.0005349872454786568,-34,NONE,0.005349514747222321,-4.394690295257469e-05,0.006343895937477753,0.8023878496815383,-0.0005349872454786568,-0.018189566346274333,0.00019871316754183077,0.00048590368808398843,0.0011290886896919705,78052.45722899654,0.5349514747222321,0.0,-0.937547319049721,,18,-1,1231,1264,2025-07-30 21:00:00,2025-08-05 11:00:00,78670.0,78470.0,34,-0.2542265158255952,-0.007477250465458682,17.0,1.0,1159.0,1230.0,2025-07-18 21:00:00,2025-07-30 14:00:00,78760.0,78930.0,72.0,0.21584560690706134,0.002997855651486963,283766.0,,8346.058823529413,,597943.0,0.0,8304.763888888889,0.0,1.0049724393363877,,0.4745703185755164,,0.0,52.94117647058824,47.05882352941176,False,False,2025-07-31 14:00:00,78040.0,,,1,0,2025-08-05 09:00:00,78450.0,2025-08-05 00:00:00,78370.0,4,3,144.35365204969665,169.00035312511108,2.0
CU:5m:1:-1:12984:12989:5,CU,4h,560,2025-08-05 11:30:00,125.0,1,-1,BOS,1,79470.0,110.0,CHoCH,-1,78750.0,14.0,4,3,1,1,current_internal_high,internal,0.0,2.0,78790.0,78790.0,78790.0,0.35664246592790727,active_bull_internal_ob,internal,1.0,50.0,77770.0,78090.0,77930.0,0.5349636988918609,78480.0,78540.0,78380.0,78470.0,12215.0,159683.0,0,0,0,0,0,0,,78790.0,2.0,above,0.35664246592790727,79240.0,False,,78030.0,1.0,below,0.6113870844478411,77950.0,False,,80990.0,44.0,above,3.158833269647179,79470.0,False,,77700.0,10.0,below,1.0317157050057317,77810.0,False,,-1,-1,-0.00028781774526648687,-75,DOWN_CONFIRMED,-0.0009063515721496246,0.0017071669388468017,0.01321895016923156,0.42163598640267885,-0.00028781774526648687,-0.021586330894986516,-0.00025886980702738427,-0.0007733869638479884,-0.0009056045036245353,78541.18592734374,-0.09063515721496246,0.12759984688017756,-0.44312870772733587,,8,-1,486,560,2025-07-09 21:00:00,2025-08-05 09:00:00,78310.0,78470.0,75,0.20431617928744483,0.002724215723832598,7.0,1.0,390.0,485.0,2025-06-05 21:00:00,2025-07-09 13:30:00,78620.0,78400.0,96.0,-0.2798270160264571,-0.0029148647502755948,1401990.0,,18693.2,,2057966.0,0.0,21437.145833333332,0.0,0.8720004120573421,,0.6812503219197985,,21.333333333333336,10.666666666666668,68.0,True,True,2025-07-15 09:00:00,77830.0,2025-07-31 09:00:00,78420.0,1,1,2025-08-05 09:00:00,78470.0,2025-07-24 21:00:00,79260.0,2,1,7.743208861671732,274.34153440842476,
CU:5m:1:1:12997:13001:1,CU,5m,13013,2025-08-05 01:00:00,0.0,1,1,CHoCH,1,78270.0,161.0,CHoCH,1,78400.0,12.0,26,15,12,5,active_bear_internal_ob,internal,-1.0,24.0,78510.0,78570.0,78540.0,0.17863978563225724,current_internal_low,internal,0.0,11.0,78330.0,78330.0,78330.0,0.051039938752073494,78410.0,78410.0,78360.0,78370.0,302.0,160257.0,1,1,1,0,1,0,active_bull_internal_ob,78520.0,4.0,above,0.1913997703202756,78400.0,False,,78330.0,11.0,below,0.051039938752073494,78340.0,False,,78790.0,103.0,above,0.5359193568967717,78270.0,False,,78030.0,78.0,below,0.43383947939262474,77960.0,False,,1,1,4.3229367889412946e-05,81,UP_CONFIRMED,8.153248595490828e-05,0.0014791319865404948,0.0008128239648994322,0.04276742603823236,4.3229367889412946e-05,0.0035015787990424485,2.3670016239263347e-05,0.0001087863579971593,0.00019186072985033498,78363.61082000144,0.008153248595490827,-0.0382653061224536,1.6594396084949057,,191,1,12933,13013,2025-08-04 10:00:00,2025-08-05 00:55:00,78220.0,78370.0,81,0.19176681155714803,0.002367491500705531,190.0,-1.0,12883.0,12932.0,2025-08-01 21:50:00,2025-08-04 09:55:00,78120.0,78210.0,50.0,0.11520737327188613,0.0023041474654377225,39604.0,,488.9382716049383,,26198.0,0.0,523.96,0.0,0.9331595381421067,,1.511718451790213,,50.617283950617285,33.33333333333333,16.049382716049383,True,True,,,,,0,0,2025-08-05 00:00:00,78470.0,2025-08-05 00:25:00,78410.0,4,5,0.5495276772430067,40.315045610362134,
CU:5m:1:1:12997:13001:1,CU,15m,4337,2025-08-05 01:00:00,0.0,-1,1,CHoCH,-1,78810.0,108.0,BOS,1,78230.0,25.0,12,10,5,2,current_internal_high,internal,0.0,4.0,78570.0,78570.0,78570.0,0.2551996937603675,current_internal_low,internal,0.0,0.0,78330.0,78330.0,78330.0,0.051039938752073494,78410.0,78440.0,78360.0,78370.0,404.0,160257.0,0,0,0,0,0,0,,78570.0,4.0,above,0.2551996937603675,78230.0,False,,78330.0,0.0,below,0.051039938752073494,78060.0,False,,78790.0,1.0,above,0.5359193568967717,79240.0,False,,77950.0,28.0,below,0.5359193568967717,78810.0,False,,-1,-1,-0.00010473274916475454,-109,DOWN_CONFIRMED,0.001845294461145027,-2.7047293597565185e-05,0.003472889755750009,0.7051016899586112,-0.00010473274916475454,-0.011415869658958244,9.692525414806141e-05,0.00023669091710165624,0.0010609229300455603,78225.65064015426,0.1845294461145027,-0.05101390128809946,-0.9060955171144311,,56,-1,4229,4337,2025-07-30 21:00:00,2025-08-05 00:45:00,78710.0,78370.0,109,-0.4319654427645814,-0.0039629857134365265,55.0,1.0,4219.0,4228.0,2025-07-30 10:30:00,2025-07-30 14:45:00,79150.0,78930.0,10.0,-0.27795325331648746,-0.027795325331648746,271551.0,,2491.293577981651,,23097.0,0.0,2309.7,0.0,1.0786221491889212,,11.756981426159241,,8.256880733944955,28.440366972477065,63.30275229357798,True,False,2025-08-01 22:45:00,78180.0,2025-08-01 21:45:00,78090.0,2,1,2025-08-04 23:45:00,78410.0,2025-08-05 00:45:00,78370.0,5,5,128.40063806097925,86.8289086060924,
CU:5m:1:1:12997:13001:1,CU,1h,1261,2025-08-05 01:00:00,0.0,-1,-1,CHoCH,-1,77920.0,133.0,BOS,-1,78820.0,30.0,9,5,2,2,current_internal_high,internal,0.0,9.0,78790.0,78790.0,78790.0,0.5359193568967717,active_bull_internal_ob,internal,1.0,110.0,77800.0,78030.0,77915.0,0.43383947939262474,78420.0,78520.0,78360.0,78370.0,1954.0,160257.0,0,0,0,0,0,0,,78790.0,9.0,above,0.5359193568967717,79240.0,False,,78030.0,6.0,below,0.43383947939262474,77960.0,False,,80130.0,34.0,above,2.245757305091234,80990.0,False,,77700.0,83.0,below,0.8549189740972309,77920.0,False,,0,0,-0.0005917435216365792,-31,NONE,0.004226334953113713,-0.0005616872526654783,0.006411009292708142,0.7724210575932442,-0.0005917435216365792,-0.018344049170733956,0.000288584519150481,0.000401099903027502,0.0010272219543434602,78040.17607610242,0.4226334953113713,-0.05101390128809946,-1.0135250441260637,,18,-1,1231,1261,2025-07-30 21:00:00,2025-08-05 00:00:00,78670.0,78370.0,31,-0.38133977373839834,-0.0123012830238193,17.0,1.0,1159.0,1230.0,2025-07-18 21:00:00,2025-07-30 14:00:00,78760.0,78930.0,72.0,0.21584560690706134,0.002997855651486963,271551.0,,8759.709677419354,,597943.0,0.0,8304.763888888889,0.0,1.0547813031914304,,0.45414194998519924,,0.0,48.38709677419355,51.61290322580645,True,False,2025-07-31 14:00:00,78040.0,,,1,0,2025-08-04 23:00:00,78410.0,2025-08-05 00:00:00,78370.0,3,3,11.413841532427156,185.90667682080326,4.0
CU:5m:1:1:12997:13001:1,CU,4h,559,2025-08-05 01:00:00,0.0,1,-1,BOS,1,79470.0,109.0,CHoCH,-1,78750.0,13.0,4,3,1,1,current_internal_high,internal,0.0,1.0,78790.0,78790.0,78790.0,0.5359193568967717,active_bull_internal_ob,internal,1.0,49.0,77770.0,78090.0,77930.0,0.3572795712645145,78420.0,78520.0,78360.0,78370.0,1954.0,160257.0,0,0,0,0,0,0,,78790.0,1.0,above,0.5359193568967717,79240.0,False,,78030.0,0.0,below,0.43383947939262474,77950.0,False,,80990.0,43.0,above,3.343115988260814,79470.0,False,,77700.0,9.0,below,0.8549189740972309,77810.0,False,,-1,-1,-0.00029142774846891773,-74,DOWN_CONFIRMED,-0.0022006561138209545,0.0017424847565629697,0.013304452356498648,0.3834708875784793,-0.00029142774846891773,-0.021565653386699912,-0.0002523474021599581,-0.0009747036506330131,-0.0007738869458200348,78542.845793793,-0.22006561138209543,-0.05101390128809946,-1.2855206166378605,,8,-1,486,559,2025-07-09 21:00:00,2025-08-05 00:00:00,78310.0,78370.0,74,0.07661856723280014,0.0010353860436864884,7.0,1.0,390.0,485.0,2025-06-05 21:00:00,2025-07-09 13:30:00,78620.0,78400.0,96.0,-0.2798270160264571,-0.0029148647502755948,1389775.0,,18780.743243243243,,2057966.0,0.0,21437.145833333332,0.0,0.8760841293545916,,0.675314849710831,,21.62162162162162,9.45945945945946,68.91891891891892,True,True,2025-07-15 09:00:00,77830.0,2025-07-31 09:00:00,78420.0,1,1,2025-07-18 00:00:00,78260.0,2025-07-24 21:00:00,79260.0,1,1,7.635333569713127,282.36780628599587,
CU:5m:1:1:13019:13028:1,CU,5m,13032,2025-08-05 10:50:00,0.0,1,1,CHoCH,1,78270.0,180.0,BOS,1,78510.0,4.0,27,15,12,5,active_bear_internal_ob,internal,-1.0,43.0,78510.0,78570.0,78540.0,0.10200178503123804,current_internal_low,internal,0.0,8.0,78380.0,78380.0,78380.0,0.06375111564452378,78460.0,78470.0,78430.0,78430.0,408.0,159649.0,1,1,1,0,1,0,active_bull_internal_ob,78510.0,13.0,above,0.10200178503123804,78520.0,True,4.0,78380.0,8.0,below,0.06375111564452378,78360.0,False,,78790.0,122.0,above,0.4590080326405712,78270.0,False,,78030.0,97.0,below,0.5100089251561902,77960.0,False,,1,1,4.2279167412977435e-05,100,UP_CONFIRMED,0.00012330125524428288,0.0013555092751176604,0.0007912964534075395,0.05971132683254382,4.2279167412977435e-05,0.004227916741297744,0.0002380990210977263,0.0003899267224074521,0.0007298243699742635,78420.33067479113,0.012330125524428288,-0.0382360438439977,-0.2791231472470114,,191,1,12933,13032,2025-08-04 10:00:00,2025-08-05 10:45:00,78220.0,78430.0,100,0.2684735361800028,0.002684735361800028,190.0,-1.0,12883.0,12932.0,2025-08-01 21:50:00,2025-08-04 09:55:00,78120.0,78210.0,50.0,0.11520737327188613,0.0023041474654377225,48547.0,,485.47,,26198.0,0.0,523.96,0.0,0.9265401939079319,,1.8530803878158637,,45.0,42.0,13.0,True,False,,,,,0,0,2025-08-05 09:30:00,78450.0,2025-08-05 10:40:00,78460.0,6,7,0.5837632157396,42.641765231019995,
CU:5m:1:1:13019:13028:1,CU,15m,4343,2025-08-05 10:45:00,5.0,-1,1,CHoCH,-1,78810.0,114.0,BOS,1,78520.0,1.0,13,10,5,2,current_internal_high,internal,0.0,4.0,78520.0,78520.0,78520.0,0.1147520081601428,current_internal_low,internal,0.0,1.0,78360.0,78360.0,78360.0,0.08925156190233328,78540.0,78540.0,78460.0,78460.0,1677.0,159668.0,1,1,1,0,1,0,active_bull_internal_ob,78520.0,4.0,above,0.1147520081601428,78570.0,True,1.0,78360.0,1.0,below,0.08925156190233328,78330.0,False,,78790.0,7.0,above,0.4590080326405712,79240.0,False,,77950.0,34.0,below,0.6120107101874283,78810.0,False,,-1,-1,-9.57365126195858e-05,-115,DOWN_CONFIRMED,0.0025838895532936564,0.00011641521951117644,0.0034375994354069847,0.7635565951187049,-9.57365126195858e-05,-0.011009698951252367,0.0003190882987444965,0.0004948899359473735,0.0009055255056540368,78257.79051263057,0.2583889553293656,-0.10185892538833174,1.1621510330512046,,56,-1,4229,4343,2025-07-30 21:00:00,2025-08-05 10:30:00,78710.0,78460.0,115,-0.31762164909160395,-0.002761927383405252,55.0,1.0,4219.0,4228.0,2025-07-30 10:30:00,2025-07-30 14:45:00,79150.0,78930.0,10.0,-0.27795325331648746,-0.027795325331648746,280086.0,,2435.5304347826086,,23097.0,0.0,2309.7,0.0,1.054479124900467,,12.12650993635537,,9.565217391304348,30.434782608695656,60.0,False,False,2025-08-01 22:45:00,78180.0,2025-08-01 21:45:00,78090.0,2,1,2025-08-05 09:00:00,78410.0,2025-08-05 00:45:00,78370.0,6,5,29.528780256064014,84.03429872970449,
CU:5m:1:1:13019:13028:1,CU,1h,1262,2025-08-05 10:00:00,50.0,-1,-1,CHoCH,-1,77920.0,134.0,BOS,-1,78820.0,31.0,9,5,2,2,current_internal_high,internal,0.0,10.0,78790.0,78790.0,78790.0,0.4590080326405712,active_bull_internal_ob,internal,1.0,111.0,77800.0,78030.0,77915.0,0.5100089251561902,78480.0,78510.0,78380.0,78450.0,5216.0,159816.0,0,0,0,0,0,0,,78790.0,10.0,above,0.4590080326405712,79240.0,False,,78030.0,7.0,below,0.5100089251561902,77960.0,False,,80130.0,35.0,above,2.1675379319138086,80990.0,False,,77700.0,84.0,below,0.9307662884100472,77920.0,False,,0,0,-0.0005712974483880022,-32,NONE,0.005187418204771493,-0.000382027707120573,0.006388836886940605,0.8083266445768164,-0.0005712974483880022,-0.01828151834841607,0.0002831469029427325,0.0004575656461140998,0.001085768063357584,78045.14718271034,0.5187418204771493,0.10207987750414649,-0.41043147495089094,,18,-1,1231,1262,2025-07-30 21:00:00,2025-08-05 09:00:00,78670.0,78450.0,32,-0.27964916740815804,-0.008739036481504939,17.0,1.0,1159.0,1230.0,2025-07-18 21:00:00,2025-07-30 14:00:00,78760.0,78930.0,72.0,0.21584560690706134,0.002997855651486963,276767.0,,8648.96875,,597943.0,0.0,8304.763888888889,0.0,1.0414466763554386,,0.462865189491306,,0.0,50.0,50.0,True,False,2025-07-31 14:00:00,78040.0,,,1,0,2025-08-05 09:00:00,78450.0,2025-08-05 00:00:00,78370.0,4,3,16.723490908799985,182.62762847646016,4.0
CU:5m:1:1:13019:13028:1,CU,4h,559,2025-08-05 01:00:00,590.0,1,-1,BOS,1,79470.0,109.0,CHoCH,-1,78750.0,13.0,4,3,1,1,current_internal_high,internal,0.0,1.0,78790.0,78790.0,78790.0,0.4590080326405712,active_bull_internal_ob,internal,1.0,49.0,77770.0,78090.0,77930.0,0.4335075863827617,78420.0,78520.0,78360.0,78370.0,1954.0,160257.0,0,0,0,0,0,0,,78790.0,1.0,above,0.4590080326405712,79240.0,False,,78030.0,0.0,below,0.5100089251561902,77950.0,False,,80990.0,43.0,above,3.264057120999617,79470.0,False,,77700.0,9.0,below,0.9307662884100472,77810.0,False,,-1,-1,-0.00029142774846891773,-74,DOWN_CONFIRMED,-0.0022006561138209545,0.0017424847565629697,0.013304452356498648,0.3834708875784793,-0.00029142774846891773,-0.021565653386699912,-0.0002523474021599581,-0.0009747036506330131,-0.0007738869458200348,78542.845793793,-0.22006561138209543,-0.05101390128809946,-1.2855206166378605,,8,-1,486,559,2025-07-09 21:00:00,2025-08-05 00:00:00,78310.0,78370.0,74,0.07661856723280014,0.0010353860436864884,7.0,1.0,390.0,485.0,2025-06-05 21:00:00,2025-07-09 13:30:00,78620.0,78400.0,96.0,-0.2798270160264571,-0.0029148647502755948,1389775.0,,18780.743243243243,,2057966.0,0.0,21437.145833333332,0.0,0.8760841293545916,,0.675314849710831,,21.62162162162162,9.45945945945946,68.91891891891892,True,True,2025-07-15 09:00:00,77830.0,2025-07-31 09:00:00,78420.0,1,1,2025-07-18 00:00:00,78260.0,2025-07-24 21:00:00,79260.0,1,1,7.635333569713127,282.36780628599587,
CU:5m:1:-1:13055:13059:1,CU,5m,13252,2025-08-07 21:40:00,0.0,1,1,CHoCH,1,78490.0,3.0,BOS,1,78470.0,3.0,26,15,13,6,active_bear_internal_ob,internal,-1.0,193.0,78550.0,78590.0,78570.0,0.012732365673542143,current_swing_high,swing,0.0,47.0,78490.0,78490.0,78490.0,0.06366182836771073,78500.0,78550.0,78500.0,78540.0,603.0,156447.0,0,0,0,0,0,0,,78470.0,18.0,below,0.08912655971479501,78460.0,True,3.0,78350.0,11.0,below,0.24191494779730072,78330.0,False,,78490.0,47.0,below,0.06366182836771073,78590.0,True,3.0,78230.0,22.0,below,0.3947033358798065,78050.0,False,,1,1,3.177604915821483e-05,140,UP_CONFIRMED,0.001650081567602773,0.0011735434808297608,0.0007003128019459221,0.7518948426597587,3.177604915821483e-05,0.004448646882150076,0.00021282293312085976,0.0003184416441068816,0.0005117631800801714,78410.61608768933,0.1650081567602773,0.03821169277800074,-0.2254946410584192,,193,1,13113,13252,2025-08-06 09:30:00,2025-08-07 21:35:00,78230.0,78540.0,140,0.39626741659211095,0.002830481547086507,192.0,-1.0,13059.0,13112.0,2025-08-05 21:00:00,2025-08-06 09:25:00,78180.0,78200.0,54.0,0.025581990278844557,0.0004737405607193437,72193.0,,515.6642857142857,,33481.0,0.0,620.0185185185185,0.0,0.8316917484116791,,2.1562378662525012,,46.42857142857143,44.285714285714285,9.285714285714286,False,False,2025-08-07 21:15:00,78450.0,2025-08-07 21:05:00,78390.0,3,3,2025-08-07 21:15:00,78450.0,2025-08-07 21:05:00,78390.0,10,10,0.5967506218438211,48.381151712920165,
CU:5m:1:-1:13055:13059:1,CU,15m,4416,2025-08-07 21:30:00,10.0,-1,1,CHoCH,-1,78810.0,187.0,BOS,1,78460.0,0.0,13,11,5,2,current_swing_high,swing,0.0,14.0,78590.0,78590.0,78590.0,0.06366182836771073,current_internal_high,internal,0.0,8.0,78460.0,78460.0,78460.0,0.10185892538833714,78370.0,78530.0,78370.0,78480.0,2500.0,156382.0,1,1,0,1,1,0,active_bear_internal_ob,78460.0,8.0,below,0.10185892538833714,78490.0,True,0.0,78330.0,4.0,below,0.267379679144385,78230.0,False,,78590.0,14.0,above,0.06366182836771073,78790.0,False,,78030.0,71.0,below,0.6493506493506493,77950.0,False,,0,0,0.0,1,DOWN_TO_UP,0.002564684557045609,0.002564684557045609,0.0,0.5,0.0,0.0,,,,78279.2384460202,0.2564684557045609,0.1275835672365444,1.183434801697115,,59,1,4416,4416,2025-08-07 21:15:00,2025-08-07 21:15:00,78480.0,78480.0,1,0.0,0.0,58.0,-1.0,4358.0,4415.0,2025-08-05 22:15:00,2025-08-07 21:00:00,78080.0,78380.0,58.0,0.38422131147541894,0.006624505370265843,2500.0,,2500.0,,82128.0,0.0,1416.0,0.0,1.765536723163842,,0.030440288330411066,,100.0,0.0,0.0,False,False,,,,,0,0,,,,,0,0,0.0,73.998729298845,
CU:5m:1:-1:13055:13059:1,CU,1h,1284,2025-08-07 15:00:00,400.0,-1,-1,CHoCH,-1,77920.0,156.0,CHoCH,-1,78330.0,17.0,9,6,2,2,active_bear_internal_ob,internal,-1.0,53.0,79070.0,79240.0,79155.0,0.6748153806977336,current_internal_high,internal,0.0,3.0,78490.0,78490.0,78490.0,0.06366182836771073,78400.0,78470.0,78350.0,78460.0,7111.0,157601.0,1,1,0,1,1,0,active_bear_internal_ob,78490.0,3.0,below,0.06366182836771073,78590.0,False,,78230.0,1.0,below,0.3947033358798065,78050.0,False,,80130.0,57.0,above,2.024446142093201,80990.0,False,,77700.0,106.0,below,1.06951871657754,77920.0,False,,-1,-1,-0.0003204762747140289,-54,DOWN_CONFIRMED,0.004317287102683219,0.0010108111052311286,0.00531639116724521,0.7330093189986324,-0.0003204762747140289,-0.01730571883455756,0.00033277539520915056,0.0005784675625823965,0.0009002221624672124,78122.72178082912,0.43172871026832194,0.0765306122449072,0.45333270613132354,,18,-1,1231,1284,2025-07-30 21:00:00,2025-08-07 14:00:00,78670.0,78460.0,54,-0.2669378416168766,-0.004943293363275493,17.0,1.0,1159.0,1230.0,2025-07-18 21:00:00,2025-07-30 14:00:00,78760.0,78930.0,72.0,0.21584560690706134,0.002997855651486963,394234.0,,7300.62962962963,,597943.0,0.0,8304.763888888889,0.0,0.8790893669351985,,0.6593170252013988,,0.0,55.55555555555556,44.44444444444444,False,False,2025-08-06 09:00:00,78250.0,2025-08-06 00:00:00,78070.0,2,1,2025-08-06 23:00:00,78380.0,2025-08-06 22:00:00,78310.0,6,5,5.259529836714232,137.98777660680503,4.0
CU:5m:1:-1:13055:13059:1,CU,4h,569,2025-08-07 15:00:00,400.0,1,-1,BOS,1,79470.0,119.0,CHoCH,-1,78750.0,23.0,4,3,1,1,current_internal_high,internal,0.0,3.0,78590.0,78590.0,78590.0,0.06366182836771073,active_bull_internal_ob,internal,1.0,59.0,77770.0,78090.0,77930.0,0.5729564553093965,78410.0,78470.0,78350.0,78460.0,11750.0,157601.0,0,0,0,0,0,0,,78590.0,3.0,above,0.06366182836771073,78790.0,False,,78050.0,0.0,below,0.6238859180035651,78030.0,False,,80990.0,53.0,above,3.119429590017825,79470.0,False,,77700.0,19.0,below,1.06951871657754,77810.0,False,,-1,-1,-0.0002635053110700902,-84,DOWN_CONFIRMED,-0.0004737306223816126,0.0012649707178044637,0.012572045354454928,0.445002056652398,-0.0002635053110700902,-0.022134446129887575,-0.0001821885931478917,-0.0005813294935489433,-0.001555466520202331,78497.18652102581,-0.04737306223816126,0.0765306122449072,-0.2664548403033529,,8,-1,486,569,2025-07-09 21:00:00,2025-08-07 13:30:00,78310.0,78460.0,84,0.19154641808198924,0.0022803145009760626,7.0,1.0,390.0,485.0,2025-06-05 21:00:00,2025-07-09 13:30:00,78620.0,78400.0,96.0,-0.2798270160264571,-0.0029148647502755948,1512458.0,,18005.45238095238,,2057966.0,0.0,21437.145833333332,0.0,0.8399183604449387,,0.7349285653893213,,19.047619047619047,20.238095238095237,60.71428571428571,True,True,2025-08-05 13:30:00,78580.0,2025-08-05 21:00:00,78120.0,2,2,2025-08-07 13:30:00,78460.0,2025-08-05 21:00:00,78120.0,3,2,9.938605832928289,231.7828635086643,
CU:5m:0:-1:13055:13059:1,CU,5m,13252,2025-08-07 21:40:00,0.0,1,1,CHoCH,1,78490.0,3.0,BOS,1,78470.0,3.0,26,15,13,6,active_bear_internal_ob,internal,-1.0,193.0,78550.0,78590.0,78570.0,0.012732365673542143,current_swing_high,swing,0.0,47.0,78490.0,78490.0,78490.0,0.06366182836771073,78500.0,78550.0,78500.0,78540.0,603.0,156447.0,0,0,0,0,0,0,,78470.0,18.0,below,0.08912655971479501,78460.0,True,3.0,78350.0,11.0,below,0.24191494779730072,78330.0,False,,78490.0,47.0,below,0.06366182836771073,78590.0,True,3.0,78230.0,22.0,below,0.3947033358798065,78050.0,False,,1,1,3.177604915821483e-05,140,UP_CONFIRMED,0.001650081567602773,0.0011735434808297608,0.0007003128019459221,0.7518948426597587,3.177604915821483e-05,0.004448646882150076,0.00021282293312085976,0.0003184416441068816,0.0005117631800801714,78410.61608768933,0.1650081567602773,0.03821169277800074,-0.2254946410584192,,193,1,13113,13252,2025-08-06 09:30:00,2025-08-07 21:35:00,78230.0,78540.0,140,0.39626741659211095,0.002830481547086507,192.0,-1.0,13059.0,13112.0,2025-08-05 21:00:00,2025-08-06 09:25:00,78180.0,78200.0,54.0,0.025581990278844557,0.0004737405607193437,72193.0,,515.6642857142857,,33481.0,0.0,620.0185185185185,0.0,0.8316917484116791,,2.1562378662525012,,46.42857142857143,44.285714285714285,9.285714285714286,False,False,2025-08-07 21:15:00,78450.0,2025-08-07 21:05:00,78390.0,3,3,2025-08-07 21:15:00,78450.0,2025-08-07 21:05:00,78390.0,10,10,0.5967506218438211,48.381151712920165,
CU:5m:0:-1:13055:13059:1,CU,15m,4416,2025-08-07 21:30:00,10.0,-1,1,CHoCH,-1,78810.0,187.0,BOS,1,78460.0,0.0,13,11,5,2,current_swing_high,swing,0.0,14.0,78590.0,78590.0,78590.0,0.06366182836771073,current_internal_high,internal,0.0,8.0,78460.0,78460.0,78460.0,0.10185892538833714,78370.0,78530.0,78370.0,78480.0,2500.0,156382.0,1,1,0,1,1,0,active_bear_internal_ob,78460.0,8.0,below,0.10185892538833714,78490.0,True,0.0,78330.0,4.0,below,0.267379679144385,78230.0,False,,78590.0,14.0,above,0.06366182836771073,78790.0,False,,78030.0,71.0,below,0.6493506493506493,77950.0,False,,0,0,0.0,1,DOWN_TO_UP,0.002564684557045609,0.002564684557045609,0.0,0.5,0.0,0.0,,,,78279.2384460202,0.2564684557045609,0.1275835672365444,1.183434801697115,,59,1,4416,4416,2025-08-07 21:15:00,2025-08-07 21:15:00,78480.0,78480.0,1,0.0,0.0,58.0,-1.0,4358.0,4415.0,2025-08-05 22:15:00,2025-08-07 21:00:00,78080.0,78380.0,58.0,0.38422131147541894,0.006624505370265843,2500.0,,2500.0,,82128.0,0.0,1416.0,0.0,1.765536723163842,,0.030440288330411066,,100.0,0.0,0.0,False,False,,,,,0,0,,,,,0,0,0.0,73.998729298845,
CU:5m:0:-1:13055:13059:1,CU,1h,1284,2025-08-07 15:00:00,400.0,-1,-1,CHoCH,-1,77920.0,156.0,CHoCH,-1,78330.0,17.0,9,6,2,2,active_bear_internal_ob,internal,-1.0,53.0,79070.0,79240.0,79155.0,0.6748153806977336,current_internal_high,internal,0.0,3.0,78490.0,78490.0,78490.0,0.06366182836771073,78400.0,78470.0,78350.0,78460.0,7111.0,157601.0,1,1,0,1,1,0,active_bear_internal_ob,78490.0,3.0,below,0.06366182836771073,78590.0,False,,78230.0,1.0,below,0.3947033358798065,78050.0,False,,80130.0,57.0,above,2.024446142093201,80990.0,False,,77700.0,106.0,below,1.06951871657754,77920.0,False,,-1,-1,-0.0003204762747140289,-54,DOWN_CONFIRMED,0.004317287102683219,0.0010108111052311286,0.00531639116724521,0.7330093189986324,-0.0003204762747140289,-0.01730571883455756,0.00033277539520915056,0.0005784675625823965,0.0009002221624672124,78122.72178082912,0.43172871026832194,0.0765306122449072,0.45333270613132354,,18,-1,1231,1284,2025-07-30 21:00:00,2025-08-07 14:00:00,78670.0,78460.0,54,-0.2669378416168766,-0.004943293363275493,17.0,1.0,1159.0,1230.0,2025-07-18 21:00:00,2025-07-30 14:00:00,78760.0,78930.0,72.0,0.21584560690706134,0.002997855651486963,394234.0,,7300.62962962963,,597943.0,0.0,8304.763888888889,0.0,0.8790893669351985,,0.6593170252013988,,0.0,55.55555555555556,44.44444444444444,False,False,2025-08-06 09:00:00,78250.0,2025-08-06 00:00:00,78070.0,2,1,2025-08-06 23:00:00,78380.0,2025-08-06 22:00:00,78310.0,6,5,5.259529836714232,137.98777660680503,4.0
CU:5m:0:-1:13055:13059:1,CU,4h,569,2025-08-07 15:00:00,400.0,1,-1,BOS,1,79470.0,119.0,CHoCH,-1,78750.0,23.0,4,3,1,1,current_internal_high,internal,0.0,3.0,78590.0,78590.0,78590.0,0.06366182836771073,active_bull_internal_ob,internal,1.0,59.0,77770.0,78090.0,77930.0,0.5729564553093965,78410.0,78470.0,78350.0,78460.0,11750.0,157601.0,0,0,0,0,0,0,,78590.0,3.0,above,0.06366182836771073,78790.0,False,,78050.0,0.0,below,0.6238859180035651,78030.0,False,,80990.0,53.0,above,3.119429590017825,79470.0,False,,77700.0,19.0,below,1.06951871657754,77810.0,False,,-1,-1,-0.0002635053110700902,-84,DOWN_CONFIRMED,-0.0004737306223816126,0.0012649707178044637,0.012572045354454928,0.445002056652398,-0.0002635053110700902,-0.022134446129887575,-0.0001821885931478917,-0.0005813294935489433,-0.001555466520202331,78497.18652102581,-0.04737306223816126,0.0765306122449072,-0.2664548403033529,,8,-1,486,569,2025-07-09 21:00:00,2025-08-07 13:30:00,78310.0,78460.0,84,0.19154641808198924,0.0022803145009760626,7.0,1.0,390.0,485.0,2025-06-05 21:00:00,2025-07-09 13:30:00,78620.0,78400.0,96.0,-0.2798270160264571,-0.0029148647502755948,1512458.0,,18005.45238095238,,2057966.0,0.0,21437.145833333332,0.0,0.8399183604449387,,0.7349285653893213,,19.047619047619047,20.238095238095237,60.71428571428571,True,True,2025-08-05 13:30:00,78580.0,2025-08-05 21:00:00,78120.0,2,2,2025-08-07 13:30:00,78460.0,2025-08-05 21:00:00,78120.0,3,2,9.938605832928289,231.7828635086643,
CU:5m:1:1:13107:13112:1,CU,5m,13134,2025-08-06 13:35:00,0.0,-1,1,CHoCH,-1,78330.0,75.0,CHoCH,1,78170.0,22.0,23,15,12,6,current_internal_high,internal,0.0,8.0,78280.0,78280.0,78280.0,0.10230179028132991,active_bull_internal_ob,internal,1.0,22.0,78050.0,78150.0,78100.0,0.0639386189258312,78160.0,78210.0,78140.0,78200.0,1103.0,159393.0,0,0,0,0,0,0,,78280.0,8.0,above,0.10230179028132991,78170.0,False,,78050.0,22.0,below,0.1918158567774936,78050.0,False,,78590.0,26.0,above,0.49872122762148335,78570.0,False,,78330.0,87.0,above,0.16624040920716113,78030.0,True,75.0,0,0,2.9619653524558633e-05,22,NONE,0.0010982834968625323,0.0017702928433489542,0.0004073364637028774,0.049495528698357716,2.9619653524558633e-05,0.0006516323775402899,0.00012842672628665674,0.00025066110849514267,0.0006136598383446046,78114.20845398451,0.10982834968625323,-0.05112474437627412,2.669525300735851,,193,1,13113,13134,2025-08-06 09:30:00,2025-08-06 13:30:00,78230.0,78200.0,22,-0.03834845967020106,-0.0017431118031909574,192.0,-1.0,13059.0,13112.0,2025-08-05 21:00:00,2025-08-06 09:25:00,78180.0,78200.0,54.0,0.025581990278844557,0.0004737405607193437,12250.0,,556.8181818181819,,33481.0,0.0,620.0185185185185,0.0,0.8980670176572332,,0.3658791553418357,,59.09090909090909,40.909090909090914,0.0,True,False,,,,,0,0,2025-08-06 11:25:00,78240.0,2025-08-06 13:30:00,78200.0,2,3,0.2300955264171424,44.023445596501205,
CU:5m:1:1:13107:13112:1,CU,15m,4377,2025-08-06 11:30:00,125.0,-1,-1,CHoCH,-1,78810.0,148.0,CHoCH,-1,78360.0,24.0,11,11,5,2,active_bear_internal_ob,internal,-1.0,24.0,78520.0,78590.0,78555.0,0.40920716112531963,current_internal_low,internal,0.0,10.0,78050.0,78050.0,78050.0,0.1918158567774936,78200.0,78240.0,78160.0,78240.0,1407.0,159228.0,0,0,0,0,0,0,,78590.0,20.0,above,0.49872122762148335,78520.0,False,,78050.0,10.0,below,0.1918158567774936,78360.0,False,,78790.0,41.0,above,0.7544757033248082,79240.0,False,,78030.0,32.0,below,0.21739130434782608,77950.0,False,,0,0,-0.00026442670922435796,-20,NONE,0.0020408846386313147,-0.001667188307065502,0.003410765524502222,0.8615185731903842,-0.00026442670922435796,-0.005288534184487159,0.00019512410666577829,-0.004923332200119757,,78080.64640817116,0.20408846386313148,0.0511508951406725,0.2688653748434795,,58,-1,4358,4377,2025-08-05 22:15:00,2025-08-06 11:15:00,78080.0,78240.0,20,0.2049180327868827,0.010245901639344135,57.0,1.0,4347.0,4357.0,2025-08-05 13:30:00,2025-08-05 22:00:00,78550.0,78080.0,11.0,-0.5983450031826876,-0.054395000289335235,24544.0,,1227.2,,31453.0,0.0,2859.3636363636365,0.0,0.4291864051123899,,0.7803389183861634,,0.0,40.0,60.0,True,False,2025-08-06 09:00:00,78170.0,,,1,0,2025-08-06 09:15:00,78200.0,,,1,0,2.045819005596119,72.8307617081623,
CU:5m:1:1:13107:13112:1,CU,1h,1273,2025-08-06 11:30:00,125.0,-1,-1,CHoCH,-1,77920.0,145.0,CHoCH,-1,78330.0,6.0,9,6,2,2,current_internal_low,internal,0.0,8.0,78330.0,78330.0,78330.0,0.16624040920716113,active_bull_internal_ob,internal,1.0,122.0,77800.0,78030.0,77915.0,0.21739130434782608,78220.0,78250.0,78160.0,78240.0,2942.0,159228.0,0,0,0,0,0,0,,78590.0,2.0,above,0.49872122762148335,78570.0,False,,78330.0,8.0,above,0.16624040920716113,78030.0,True,6.0,80130.0,46.0,above,2.468030690537084,80990.0,False,,77700.0,95.0,below,0.639386189258312,77920.0,False,,0,0,-0.0004160439231658206,-43,NONE,0.002096908879021136,0.0004362363128434993,0.005807058155914486,0.6125513066114006,-0.0004160439231658206,-0.017889888696130285,7.973113693005018e-05,0.0003367332135579826,0.0008193208373528105,78076.28115280972,0.2096908879021136,0.012782819890078123,-0.6761670558120875,,18,-1,1231,1273,2025-07-30 21:00:00,2025-08-06 11:00:00,78670.0,78240.0,43,-0.5465870090250458,-0.012711325791280134,17.0,1.0,1159.0,1230.0,2025-07-18 21:00:00,2025-07-30 14:00:00,78760.0,78930.0,72.0,0.21584560690706134,0.002997855651486963,339763.0,,7901.46511627907,,597943.0,0.0,8304.763888888889,0.0,0.9514376593957836,,0.5682197132502597,,0.0,48.837209302325576,51.162790697674424,True,False,2025-08-06 09:00:00,78250.0,2025-08-06 00:00:00,78070.0,2,1,2025-08-05 09:00:00,78450.0,2025-08-05 21:00:00,78120.0,4,4,13.311725743468266,159.53460389696096,2.0
CU:5m:1:1:13107:13112:1,CU,4h,564,2025-08-06 11:30:00,125.0,1,-1,BOS,1,79470.0,114.0,CHoCH,-1,78750.0,18.0,4,3,1,1,current_internal_high,internal,0.0,6.0,78790.0,78790.0,78790.0,0.7544757033248082,active_bull_internal_ob,internal,1.0,54.0,77770.0,78090.0,77930.0,0.14066496163682865,78070.0,78280.0,78050.0,78240.0,15450.0,159228.0,0,0,0,0,0,0,,78790.0,6.0,above,0.7544757033248082,79240.0,False,,78030.0,5.0,below,0.21739130434782608,77950.0,False,,80990.0,48.0,above,3.5677749360613813,79470.0,False,,77700.0,14.0,below,0.639386189258312,77810.0,False,,-1,-1,-0.00027792731286637617,-79,DOWN_CONFIRMED,-0.003457970515682111,0.001445835725703532,0.01294108191743177,0.3523687158187848,-0.00027792731286637617,-0.021956257716443717,-0.00039921363257100495,-0.0006514602942079284,-0.0017421454469180864,78511.4904190112,-0.3457970515682111,0.21775329832200985,-0.1753443157185418,,8,-1,486,564,2025-07-09 21:00:00,2025-08-06 09:00:00,78310.0,78240.0,79,-0.08938832843825573,-0.001131497828332351,7.0,1.0,390.0,485.0,2025-06-05 21:00:00,2025-07-09 13:30:00,78620.0,78400.0,96.0,-0.2798270160264571,-0.0029148647502755948,1457987.0,,18455.53164556962,,2057966.0,0.0,21437.145833333332,0.0,0.8609136584252041,,0.7084601980790742,,20.253164556962027,15.18987341772152,64.55696202531645,True,True,2025-08-05 13:30:00,78580.0,2025-08-05 21:00:00,78120.0,2,2,2025-08-05 09:00:00,78470.0,2025-08-05 21:00:00,78120.0,2,2,8.950589397792577,266.5297939462469,
