candidate_id,symbol,context_tf,bar_index,bar_end,lag_minutes,swing_bias,internal_bias,last_swing_structure_type,last_swing_structure_bias,last_swing_structure_level,last_swing_structure_age,last_internal_structure_type,last_internal_structure_bias,last_internal_structure_level,last_internal_structure_age,active_bull_internal_ob_count,active_bear_internal_ob_count,active_bull_swing_ob_count,active_bear_swing_ob_count,nearest_above_type,nearest_above_structure_class,nearest_above_bias,nearest_above_age_bars,nearest_above_zone_low,nearest_above_zone_high,nearest_above_object_price_center,nearest_above_distance_pct,nearest_below_type,nearest_below_structure_class,nearest_below_bias,nearest_below_age_bars,nearest_below_zone_low,nearest_below_zone_high,nearest_below_object_price_center,nearest_below_distance_pct,open,high,low,close,volume,close_oi,overlap_object_count,overlap_active_ob_count,overlap_bull_ob_count,overlap_bear_ob_count,overlap_internal_count,overlap_swing_count,overlap_types,current_internal_high_level,current_internal_high_age,current_internal_high_relation,current_internal_high_distance_pct,current_internal_high_last_level,current_internal_high_crossed,current_internal_high_crossed_age,current_internal_low_level,current_internal_low_age,current_internal_low_relation,current_internal_low_distance_pct,current_internal_low_last_level,current_internal_low_crossed,current_internal_low_crossed_age,current_swing_high_level,current_swing_high_age,current_swing_high_relation,current_swing_high_distance_pct,current_swing_high_last_level,current_swing_high_crossed,current_swing_high_crossed_age,current_swing_low_level,current_swing_low_age,current_swing_low_relation,current_swing_low_distance_pct,current_swing_low_last_level,current_swing_low_crossed,current_swing_low_crossed_age,dsa_direction,dsa_raw_regime_value,dsa_raw_regime_strength,dsa_raw_dsa_dir_bars,dsa_raw_trend_transition,dsa_raw_offset_rate,dsa_raw_offset_mean,dsa_raw_offset_std,dsa_raw_offset_percentile,dsa_raw_vwap_ret_avg,dsa_raw_vwap_ret_total,dsa_raw_vwap_ret_5,dsa_raw_vwap_ret_10,dsa_raw_vwap_ret_20,dsa_raw_dsa_vwap,dsa_raw_dsa_vwap_dev_pct,dsa_raw_change_pct,dsa_raw_vol_zscore,dsa_raw_avg_amount_20d,dsa_raw_segment_id,dsa_raw_segment_direction,dsa_raw_segment_start_bar_index,dsa_raw_segment_end_bar_index,dsa_raw_segment_start_time,dsa_raw_segment_end_time,dsa_raw_segment_start_price,dsa_raw_segment_end_price,dsa_raw_segment_bars,dsa_raw_segment_change_pct,dsa_raw_segment_slope,dsa_raw_prev_segment_id,dsa_raw_prev_segment_direction,dsa_raw_prev_segment_start_bar_index,dsa_raw_prev_segment_end_bar_index,dsa_raw_prev_segment_start_time,dsa_raw_prev_segment_end_time,dsa_raw_prev_segment_start_price,dsa_raw_prev_segment_end_price,dsa_raw_prev_segment_bars,dsa_raw_prev_segment_change_pct,dsa_raw_prev_segment_slope,dsa_raw_current_segment_volume_sum,dsa_raw_current_segment_amount_sum,dsa_raw_current_segment_volume_mean,dsa_raw_current_segment_amount_mean,dsa_raw_prev_segment_volume_sum,dsa_raw_prev_segment_amount_sum,dsa_raw_prev_segment_volume_mean,dsa_raw_prev_segment_amount_mean,dsa_raw_current_vs_prev_volume_mean_ratio,dsa_raw_current_vs_prev_amount_mean_ratio,dsa_raw_current_vs_prev_volume_ratio,dsa_raw_current_vs_prev_amount_ratio,dsa_raw_rope_dir1_pct,dsa_raw_rope_dir0_pct,dsa_raw_rope_dir_neg1_pct,dsa_raw_touch_rope,dsa_raw_touch_vwap,dsa_raw_last_cross_up_date,dsa_raw_last_cross_up_price,dsa_raw_last_cross_down_date,dsa_raw_last_cross_down_price,dsa_raw_cross_up_count,dsa_raw_cross_down_count,dsa_raw_rope_cross_up_date,dsa_raw_rope_cross_up_price,dsa_raw_rope_cross_down_date,dsa_raw_rope_cross_down_price,dsa_raw_rope_cross_up_count,dsa_raw_rope_cross_down_count,dsa_raw_offset_variance_rate,atr14,component_15m_count
CU:15m:1:-1:4253:4256:1,CU,5m,12855,2025-08-01 13:35:00,0.0,1,1,CHoCH,1,78270.0,3.0,BOS,1,78220.0,5.0,22,16,12,5,active_bear_internal_ob,internal,-1.0,112.0,78730.0,78770.0,78750.0,0.45935944876866147,current_swing_high,swing,0.0,25.0,78270.0,78270.0,78270.0,0.12759984688018375,78240.0,78380.0,78210.0,78370.0,2036.0,168843.0,1,1,0,1,1,0,active_bear_internal_ob,78220.0,9.0,below,0.1913997703202756,78230.0,True,5.0,78120.0,6.0,below,0.3189996172004594,78060.0,False,,78270.0,25.0,below,0.12759984688018375,79230.0,True,3.0,77950.0,28.0,below,0.5359193568967717,78820.0,False,,0,0,7.751354407013546e-05,7,NONE,0.0030615901794030804,0.0021479782901480332,0.00043614935756422496,0.9819021677410451,7.751354407013546e-05,0.0005425948084909482,0.00047345123437425585,,,78130.79552371564,0.30615901794030803,0.14055711730129872,3.0822721851003583,,189,1,12849,12855,2025-08-01 11:00:00,2025-08-01 13:30:00,78210.0,78370.0,7,0.20457741976729338,0.02922534568104191,188.0,-1.0,12667.0,12848.0,2025-07-30 11:20:00,2025-08-01 10:55:00,79040.0,78190.0,182.0,-1.0754048582996,-0.005908817902745055,6552.0,,936.0,,170240.0,0.0,935.3846153846154,0.0,1.000657894736842,,0.03848684210526316,,100.0,0.0,0.0,True,False,,,,,0,0,,,,,0,0,0.20305110138434715,60.82477054916758,
CU:15m:1:-1:4253:4256:1,CU,15m,4284,2025-08-01 11:30:00,125.0,-1,1,CHoCH,-1,78810.0,55.0,CHoCH,1,78230.0,1.0,12,12,5,2,active_bear_internal_ob,internal,-1.0,37.0,78690.0,78770.0,78730.0,0.40831951001658795,current_internal_high,internal,0.0,3.0,78230.0,78230.0,78230.0,0.17863978563225724,78250.0,78310.0,78220.0,78260.0,2213.0,169047.0,1,1,0,1,1,0,active_bear_internal_ob,78230.0,3.0,below,0.17863978563225724,78270.0,True,1.0,78060.0,0.0,below,0.39555952532856964,77980.0,False,,79240.0,15.0,above,1.1101186678575985,79240.0,False,,78810.0,62.0,above,0.5614393262728085,78730.0,True,55.0,-1,-1,-0.000254762281766007,-56,DOWN_CONFIRMED,0.0033324545235005557,-0.0019747124782121895,0.00358880289791292,0.9304047984606246,-0.000254762281766007,-0.014266687778896392,0.00024486805474577267,0.0004309968710962675,0.0004793729059771046,78000.06831949535,0.3332454523500556,0.012779552715658227,0.4229308658857926,,56,-1,4229,4284,2025-07-30 21:00:00,2025-08-01 11:15:00,78710.0,78260.0,56,-0.5717189683648871,-0.010209267292230127,55.0,1.0,4219.0,4228.0,2025-07-30 10:30:00,2025-07-30 14:45:00,79150.0,78930.0,10.0,-0.27795325331648746,-0.027795325331648746,158317.0,,2827.089285714286,,23097.0,0.0,2309.7,0.0,1.224007137599812,,6.854439970558947,,0.0,25.0,75.0,False,False,2025-07-31 14:45:00,78040.0,,,1,0,2025-08-01 09:45:00,78150.0,2025-08-01 09:30:00,78110.0,3,2,1.817379966708901,94.18068145584951,
CU:15m:1:-1:4253:4256:1,CU,1h,1246,2025-08-01 11:30:00,125.0,-1,-1,CHoCH,-1,77920.0,118.0,BOS,-1,78820.0,15.0,9,5,2,2,current_internal_low,internal,0.0,20.0,78820.0,78820.0,78820.0,0.5741993109608269,active_bull_internal_ob,internal,1.0,95.0,77800.0,78030.0,77915.0,0.43383947939262474,78190.0,78310.0,78190.0,78260.0,4516.0,169047.0,0,0,0,0,0,0,,79240.0,14.0,above,1.1101186678575985,79240.0,False,,78820.0,20.0,above,0.5741993109608269,78730.0,True,15.0,80130.0,19.0,above,2.245757305091234,80990.0,False,,77700.0,68.0,below,0.8549189740972309,77920.0,False,,0,0,-0.0012021394774456712,-16,NONE,0.003727001436793676,-0.00455962530561177,0.006563505144110399,0.8966210566620019,-0.0012021394774456712,-0.01923423163913074,0.00011947328474182228,-0.016853558550258052,,77969.40790471318,0.3727001436793676,0.08952551477170445,-0.6128817767283385,,18,-1,1231,1246,2025-07-30 21:00:00,2025-08-01 11:00:00,78670.0,78260.0,16,-0.5211643574424829,-0.03257277234015518,17.0,1.0,1159.0,1230.0,2025-07-18 21:00:00,2025-07-30 14:00:00,78760.0,78930.0,72.0,0.21584560690706134,0.002997855651486963,158317.0,,9894.8125,,597943.0,0.0,8304.763888888889,0.0,1.1914622296774107,,0.26476938437275793,,0.0,0.0,100.0,True,False,2025-07-31 14:00:00,78040.0,,,1,0,,,,,0,0,1.4394834452805474,186.21175499495823,2.0
CU:15m:1:-1:4253:4256:1,CU,4h,552,2025-08-01 11:30:00,125.0,1,-1,BOS,1,79470.0,102.0,CHoCH,-1,78750.0,6.0,4,3,1,1,current_internal_low,internal,0.0,12.0,78750.0,78750.0,78750.0,0.48487941814469826,active_bull_internal_ob,internal,1.0,42.0,77770.0,78090.0,77930.0,0.3572795712645145,78180.0,78310.0,78060.0,78260.0,24819.0,169047.0,0,0,0,0,0,0,,79240.0,9.0,above,1.1101186678575985,80130.0,False,,78750.0,12.0,above,0.48487941814469826,77770.0,True,6.0,80990.0,36.0,above,3.343115988260814,79470.0,False,,77700.0,2.0,below,0.8549189740972309,77810.0,False,,-1,-1,-0.0003140996360018338,-67,DOWN_CONFIRMED,-0.004131426406453037,0.0022658148363544914,0.013872219216598841,0.3223437541275731,-0.0003140996360018338,-0.021044675612122865,-0.0009113674007347194,-0.0006166138071778127,0.0008153201886893502,78584.66676742525,-0.41314264064530365,0.3204717343930241,0.48736318771669723,,8,-1,486,552,2025-07-09 21:00:00,2025-08-01 09:00:00,78310.0,78260.0,67,-0.06384880602732235,-0.0009529672541391395,7.0,1.0,390.0,485.0,2025-06-05 21:00:00,2025-07-09 13:30:00,78620.0,78400.0,96.0,-0.2798270160264571,-0.0029148647502755948,1276541.0,,19052.850746268658,,2057966.0,0.0,21437.145833333332,0.0,0.8887774004243953,,0.6202925607128592,,23.88059701492537,10.44776119402985,65.67164179104478,True,True,2025-07-15 09:00:00,77830.0,2025-07-31 09:00:00,78420.0,1,1,2025-07-18 00:00:00,78260.0,2025-07-24 21:00:00,79260.0,1,1,6.1223975560677735,289.1607837903172,
CU:15m:1:1:4279:4283:1,CU,5m,12882,2025-08-01 21:50:00,0.0,1,-1,CHoCH,1,78270.0,30.0,CHoCH,-1,78230.0,0.0,22,15,12,5,current_internal_low,internal,0.0,4.0,78230.0,78230.0,78230.0,0.1408090117767537,active_bull_internal_ob,internal,1.0,54.0,77960.0,78040.0,78000.0,0.10240655401945725,78250.0,78280.0,78120.0,78120.0,2135.0,167497.0,1,1,1,0,1,0,active_bull_internal_ob,78790.0,17.0,above,0.8576548899129545,78220.0,False,,78230.0,4.0,above,0.1408090117767537,78120.0,True,0.0,78270.0,52.0,above,0.19201228878648233,79230.0,True,30.0,77960.0,5.0,below,0.2048131080389145,77950.0,False,,0,0,0.00022533542912497057,34,NONE,-0.007201880685227774,-0.0021558400880536364,0.0034796414468680685,0.07350680281402333,0.00022533542912497057,0.007661404590248999,-0.00036545069122240204,-0.0007964918624063788,-0.001166424010626499,78686.69216851288,-0.7201880685227774,-0.16613418530351254,1.0683155724409168,,189,1,12849,12882,2025-08-01 11:00:00,2025-08-01 21:45:00,78210.0,78120.0,34,-0.11507479861909697,-0.003384552900561676,188.0,-1.0,12667.0,12848.0,2025-07-30 11:20:00,2025-08-01 10:55:00,79040.0,78190.0,182.0,-1.0754048582996,-0.005908817902745055,51948.0,,1527.8823529411766,,170240.0,0.0,935.3846153846154,0.0,1.6334268575851394,,0.3051456766917293,,38.23529411764706,17.647058823529413,44.11764705882353,True,True,,,2025-08-01 13:55:00,78710.0,0,1,2025-08-01 21:25:00,78450.0,2025-08-01 21:30:00,78320.0,1,2,1.6140535961596314,96.24962505770864,
CU:15m:1:1:4279:4283:1,CU,15m,4293,2025-08-01 21:45:00,5.0,-1,1,CHoCH,-1,78810.0,64.0,CHoCH,1,78230.0,10.0,12,10,5,2,current_internal_high,internal,0.0,2.0,78790.0,78790.0,78790.0,0.8576548899129545,current_internal_low,internal,0.0,9.0,78060.0,78060.0,78060.0,0.07680491551459294,78440.0,78500.0,78230.0,78250.0,3437.0,167407.0,1,1,1,0,1,0,active_bull_internal_ob,78790.0,2.0,above,0.8576548899129545,78230.0,False,,78060.0,9.0,below,0.07680491551459294,77980.0,False,,79240.0,24.0,above,1.4336917562724014,79240.0,False,,78810.0,71.0,above,0.8832565284178187,78730.0,True,64.0,-1,-1,-0.0001951867587574639,-65,DOWN_CONFIRMED,0.001599277274225535,-0.0011147567406418017,0.004019901576890621,0.7502095649070509,-0.0001951867587574639,-0.012687139319235152,0.0004602670682567478,0.0016584951071716425,0.0020366472318789075,78125.0563727954,0.15992772742255348,-0.2549394518801762,-0.0584859885488242,,56,-1,4229,4293,2025-07-30 21:00:00,2025-08-01 21:30:00,78710.0,78250.0,65,-0.5844238343285513,-0.008991135912746943,55.0,1.0,4219.0,4228.0,2025-07-30 10:30:00,2025-07-30 14:45:00,79150.0,78930.0,10.0,-0.27795325331648746,-0.027795325331648746,203614.0,,3132.523076923077,,23097.0,0.0,2309.7,0.0,1.3562467320098184,,8.815603758063817,,3.076923076923077,27.692307692307693,69.23076923076923,True,False,2025-07-31 14:45:00,78040.0,,,1,0,2025-08-01 09:45:00,78150.0,2025-08-01 14:00:00,78460.0,3,3,3.6060796318452697,145.5995839318685,
CU:15m:1:1:4279:4283:1,CU,1h,1248,2025-08-01 15:00:00,410.0,-1,-1,CHoCH,-1,77920.0,120.0,BOS,-1,78820.0,17.0,9,5,2,2,active_bear_internal_ob,internal,-1.0,17.0,79070.0,79240.0,79155.0,1.2160778289810548,active_bull_internal_ob,internal,1.0,97.0,77800.0,78030.0,77915.0,0.1152073732718894,78700.0,78730.0,78340.0,78400.0,17287.0,167666.0,0,0,0,0,0,0,,79240.0,16.0,above,1.4336917562724014,79240.0,False,,77960.0,0.0,below,0.2048131080389145,78820.0,False,,80130.0,21.0,above,2.5729646697388633,80990.0,False,,77700.0,70.0,below,0.5376344086021506,77920.0,False,,0,0,-0.001047837946584233,-18,NONE,0.0051401552276878724,-0.0032503061467214155,0.007245006224645322,0.8765889387788823,-0.001047837946584233,-0.01886108303851619,0.0004914461665488368,-0.016074780519047316,,77999.07265891746,0.5140155227687873,-0.3938508448735889,0.9171672675984959,,18,-1,1231,1248,2025-07-30 21:00:00,2025-08-01 14:00:00,78670.0,78400.0,18,-0.34320579636456516,-0.019066988686920288,17.0,1.0,1159.0,1230.0,2025-07-18 21:00:00,2025-07-30 14:00:00,78760.0,78930.0,72.0,0.21584560690706134,0.002997855651486963,189954.0,,10553.0,,597943.0,0.0,8304.763888888889,0.0,1.2707164395268447,,0.3176791098817111,,0.0,11.11111111111111,88.88888888888889,True,False,2025-07-31 14:00:00,78040.0,,,1,0,2025-08-01 13:30:00,78710.0,,,1,0,2.2290227128153335,226.88666629667318,4.0
CU:15m:1:1:4279:4283:1,CU,4h,553,2025-08-01 15:00:00,410.0,1,-1,BOS,1,79470.0,103.0,CHoCH,-1,78750.0,7.0,4,3,1,1,current_internal_low,internal,0.0,13.0,78750.0,78750.0,78750.0,0.8064516129032258,active_bull_internal_ob,internal,1.0,43.0,77770.0,78090.0,77930.0,0.03840245775729647,78240.0,78790.0,78210.0,78400.0,31637.0,167666.0,0,0,0,0,0,0,,79240.0,10.0,above,1.4336917562724014,80130.0,False,,78750.0,13.0,above,0.8064516129032258,77770.0,True,7.0,80990.0,37.0,above,3.673835125448029,79470.0,False,,77700.0,3.0,below,0.5376344086021506,77810.0,False,,-1,-1,-0.00031054922914549,-68,DOWN_CONFIRMED,-0.0022758431265934524,0.0021990257486640802,0.01378068797128822,0.3726963917407217,-0.00031054922914549,-0.02111734758189332,-0.000817701073326571,-0.0007021870170115241,0.000506260682798354,78578.8330972,-0.22758431265934523,0.17889087656528524,0.9508102880750933,,8,-1,486,553,2025-07-09 21:00:00,2025-08-01 13:30:00,78310.0,78400.0,68,0.1149278508491891,0.0016901154536645457,7.0,1.0,390.0,485.0,2025-06-05 21:00:00,2025-07-09 13:30:00,78620.0,78400.0,96.0,-0.2798270160264571,-0.0029148647502755948,1308178.0,,19237.91176470588,,2057966.0,0.0,21437.145833333332,0.0,0.897410126995181,,0.6356655066215866,,23.52941176470588,10.294117647058822,66.17647058823529,True,True,2025-07-15 09:00:00,77830.0,2025-07-31 09:00:00,78420.0,1,1,2025-07-18 00:00:00,78260.0,2025-07-24 21:00:00,79260.0,1,1,6.266724243524688,309.9350135195803,
CU:15m:1:1:4308:4312:1,CU,5m,13059,2025-08-05 21:05:00,0.0,-1,-1,CHoCH,-1,78330.0,0.0,CHoCH,-1,78480.0,0.0,23,15,12,6,current_swing_low,swing,0.0,12.0,78330.0,78330.0,78330.0,0.19186492709132769,active_bull_internal_ob,internal,1.0,121.0,78060.0,78160.0,78110.0,0.025581990278843697,78170.0,78180.0,78100.0,78180.0,7145.0,160091.0,0,0,0,0,0,0,,78580.0,12.0,above,0.5116398055768739,78540.0,False,,78480.0,8.0,above,0.38372985418265537,78420.0,True,0.0,78570.0,25.0,above,0.49884881043745205,78790.0,True,1.0,78330.0,12.0,above,0.19186492709132769,78030.0,True,0.0,0,0,0.0,-1,UP_TO_DOWN,-0.004479846677999456,-0.004479846677999456,0.0,0.5,0.0,0.0,,,,78531.81047025244,-0.4479846677999456,-0.5090353779587664,4.242631918586234,,192,-1,13059,13059,2025-08-05 21:00:00,2025-08-05 21:00:00,78180.0,78180.0,1,0.0,0.0,191.0,1.0,12933.0,13058.0,2025-08-04 10:00:00,2025-08-05 14:55:00,78220.0,78580.0,126.0,0.46024034773715083,0.00365270117251707,7145.0,,7145.0,,63188.0,0.0,501.4920634920635,0.0,14.247483699436602,,0.11307526745584605,,0.0,100.0,0.0,True,True,,,,,0,0,,,2025-08-05 21:00:00,78180.0,0,1,0.0,70.52175027317804,
CU:15m:1:1:4308:4312:1,CU,15m,4352,2025-08-05 15:00:00,365.0,-1,1,CHoCH,-1,78810.0,123.0,BOS,1,78520.0,10.0,13,10,5,2,active_bull_internal_ob,internal,1.0,10.0,78360.0,78440.0,78400.0,0.23023791250959325,active_bull_internal_ob,internal,1.0,40.0,78060.0,78170.0,78115.0,0.012790995139421849,78560.0,78590.0,78540.0,78580.0,3242.0,159866.0,0,0,0,0,0,0,,78520.0,13.0,above,0.4348938347403428,78570.0,True,10.0,78360.0,10.0,above,0.23023791250959325,78330.0,False,,78790.0,16.0,above,0.7802507035047326,79240.0,False,,78030.0,7.0,below,0.19186492709132769,77950.0,False,,0,0,0.0006503704629585346,6,NONE,-0.00011857497595717152,0.0025806569414770796,0.0012358226062544545,0.01447531744197722,0.0006503704629585346,0.0039022227777512075,0.0039022227777512075,,,78589.3187265785,-0.011857497595717153,0.012727504136433865,2.6619211048019604,,57,1,4347,4352,2025-08-05 13:30:00,2025-08-05 14:45:00,78550.0,78580.0,6,0.03819223424570417,0.0063653723742840285,56.0,-1.0,4229.0,4346.0,2025-07-30 21:00:00,2025-08-05 11:15:00,78710.0,78470.0,118.0,-0.3049167831279398,-0.0025840405349825406,11369.0,,1894.8333333333333,,283766.0,0.0,2404.7966101694915,0.0,0.7879391235501552,,0.04006470119746552,,100.0,0.0,0.0,False,True,,,2025-08-05 14:45:00,78580.0,0,1,,,,,0,0,0.47887907392569273,75.07928165822243,
CU:15m:1:1:4308:4312:1,CU,1h,1266,2025-08-05 15:00:00,365.0,-1,1,CHoCH,-1,77920.0,138.0,CHoCH,1,78570.0,0.0,10,5,2,2,active_bull_internal_ob,internal,1.0,0.0,78330.0,78430.0,78380.0,0.19186492709132769,active_bull_internal_ob,internal,1.0,115.0,77800.0,78030.0,77915.0,0.19186492709132769,78510.0,78590.0,78490.0,78580.0,7074.0,159866.0,0,0,0,0,0,0,,78570.0,2.0,above,0.49884881043745205,78790.0,True,0.0,78330.0,1.0,above,0.19186492709132769,78030.0,False,,80130.0,39.0,above,2.49424405218726,80990.0,False,,77700.0,88.0,below,0.6139677666922486,77920.0,False,,0,0,-0.0005003520730446415,-36,NONE,0.0065774693906395345,0.0002986711196209318,0.006325838121489164,0.8395387266631644,-0.0005003520730446415,-0.018012674629607095,0.00033756688465746976,0.0006262488203849781,0.0012455135047844124,78066.51985521855,0.6577469390639534,0.10191082802548657,0.04766829503089319,,18,-1,1231,1266,2025-07-30 21:00:00,2025-08-05 14:00:00,78670.0,78580.0,36,-0.11440193212152172,-0.003177831447820048,17.0,1.0,1159.0,1230.0,2025-07-18 21:00:00,2025-07-30 14:00:00,78760.0,78930.0,72.0,0.21584560690706134,0.002997855651486963,295135.0,,8198.194444444445,,597943.0,0.0,8304.763888888889,0.0,0.987167673172861,,0.49358383658643046,,0.0,55.55555555555556,44.44444444444444,False,False,2025-07-31 14:00:00,78040.0,,,1,0,2025-08-05 09:00:00,78450.0,2025-08-05 00:00:00,78370.0,4,3,21.179945786247455,160.1584677456315,4.0
CU:15m:1:1:4308:4312:1,CU,4h,561,2025-08-05 15:00:00,365.0,1,-1,BOS,1,79470.0,111.0,CHoCH,-1,78750.0,15.0,4,3,1,1,current_internal_high,internal,0.0,3.0,78790.0,78790.0,78790.0,0.7802507035047326,active_bull_internal_ob,internal,1.0,51.0,77770.0,78090.0,77930.0,0.11511895625479662,78490.0,78590.0,78470.0,78580.0,11369.0,159866.0,0,0,0,0,0,0,,78790.0,3.0,above,0.7802507035047326,79240.0,False,,78030.0,2.0,below,0.19186492709132769,77950.0,False,,80990.0,45.0,above,3.594269634177539,79470.0,False,,77700.0,11.0,below,0.6139677666922486,77810.0,False,,-1,-1,-0.00028401295554355817,-76,DOWN_CONFIRMED,0.0004928108502312253,0.0016911885692597547,0.013132424479291601,0.4636456425388971,-0.00028401295554355817,-0.02158498462131042,-0.00012055510430653005,-0.0007473856773803078,-0.0009835520201216807,78541.29399812652,0.04928108502312253,0.140180960876779,-0.49094484690803597,,8,-1,486,561,2025-07-09 21:00:00,2025-08-05 13:30:00,78310.0,78580.0,76,0.3447835525475673,0.00453662569141536,7.0,1.0,390.0,485.0,2025-06-05 21:00:00,2025-07-09 13:30:00,78620.0,78400.0,96.0,-0.2798270160264571,-0.0029148647502755948,1413359.0,,18596.82894736842,,2057966.0,0.0,21437.145833333332,0.0,0.8675048950990291,,0.6867747086200646,,21.052631578947366,11.842105263157894,67.10526315789474,False,True,2025-08-05 13:30:00,78580.0,2025-07-31 09:00:00,78420.0,2,1,2025-08-05 09:00:00,78470.0,2025-07-24 21:00:00,79260.0,2,1,7.765204139855177,263.31713909353726,
CU:15m:1:1:4308:4312:2,CU,5m,13068,2025-08-05 21:50:00,0.0,-1,-1,CHoCH,-1,78330.0,9.0,CHoCH,-1,78480.0,9.0,23,15,12,6,current_swing_low,swing,0.0,21.0,78330.0,78330.0,78330.0,0.2431533145636038,active_bull_internal_ob,internal,1.0,173.0,78050.0,78130.0,78090.0,0.01279754287176862,78190.0,78200.0,78130.0,78140.0,500.0,159631.0,1,1,1,0,1,0,active_bull_internal_ob,78590.0,5.0,above,0.5758894292295879,78580.0,False,,78070.0,0.0,below,0.08958280010238034,78480.0,False,,78570.0,34.0,above,0.5502943434860507,78790.0,True,10.0,78330.0,21.0,above,0.2431533145636038,78030.0,True,9.0,0,0,-8.419635620504629e-05,-10,NONE,-0.004150725613365084,-0.0044464823378102866,0.0005411037192044035,0.7076665047740963,-8.419635620504629e-05,-0.0008419635620504629,-0.0002407204117498285,,,78465.68954737464,-0.4150725613365084,-0.0639467962655016,-0.4339406324992705,,192,-1,13059,13068,2025-08-05 21:00:00,2025-08-05 21:45:00,78180.0,78140.0,10,-0.051163980557689115,-0.0051163980557689115,191.0,1.0,12933.0,13058.0,2025-08-04 10:00:00,2025-08-05 14:55:00,78220.0,78580.0,126.0,0.46024034773715083,0.00365270117251707,16480.0,,1648.0,,63188.0,0.0,501.4920634920635,0.0,3.286193581059695,,0.26080901436981707,,0.0,30.0,70.0,True,True,,,,,0,0,2025-08-05 21:40:00,78190.0,2025-08-05 21:45:00,78140.0,1,2,0.12169253762759244,65.76547776935615,
CU:15m:1:1:4308:4312:2,CU,15m,4355,2025-08-05 21:45:00,5.0,-1,-1,CHoCH,-1,78810.0,126.0,CHoCH,-1,78360.0,2.0,12,11,5,2,current_internal_low,internal,0.0,13.0,78360.0,78360.0,78360.0,0.28154594317890963,current_swing_low,swing,0.0,10.0,78030.0,78030.0,78030.0,0.14077297158945482,78140.0,78210.0,78110.0,78190.0,1825.0,159772.0,1,1,1,0,1,0,active_bull_internal_ob,78520.0,16.0,above,0.4863066291272076,78570.0,True,13.0,78360.0,13.0,above,0.28154594317890963,78330.0,True,2.0,78790.0,19.0,above,0.8318402866649603,79240.0,False,,78030.0,10.0,below,0.14077297158945482,77950.0,False,,0,0,0.0003364715886085741,9,NONE,-0.004214168910568749,0.0001250928114866484,0.003624440387792479,0.11560991360396977,0.0003364715886085741,0.0030282442974771673,0.002802870476856567,,,78520.90033703018,-0.42141689105687485,0.06398771435884854,-0.08446190356475759,,57,1,4347,4355,2025-08-05 13:30:00,2025-08-05 21:30:00,78550.0,78190.0,9,-0.45830681094843895,-0.05092297899427099,56.0,-1.0,4229.0,4346.0,2025-07-30 21:00:00,2025-08-05 11:15:00,78710.0,78470.0,118.0,-0.3049167831279398,-0.0025840405349825406,27349.0,,3038.777777777778,,283766.0,0.0,2404.7966101694915,0.0,1.2636319283415836,,0.09637870639893434,,66.66666666666666,33.33333333333333,0.0,True,True,,,2025-08-05 14:45:00,78580.0,0,1,,,2025-08-05 21:00:00,78130.0,0,1,28.974010134701693,103.3561158174616,
CU:15m:1:1:4308:4312:2,CU,1h,1266,2025-08-05 15:00:00,410.0,-1,1,CHoCH,-1,77920.0,138.0,CHoCH,1,78570.0,0.0,10,5,2,2,active_bull_internal_ob,internal,1.0,0.0,78330.0,78430.0,78380.0,0.2431533145636038,active_bull_internal_ob,internal,1.0,115.0,77800.0,78030.0,77915.0,0.14077297158945482,78510.0,78590.0,78490.0,78580.0,7074.0,159866.0,0,0,0,0,0,0,,78570.0,2.0,above,0.5502943434860507,78790.0,True,0.0,78330.0,1.0,above,0.2431533145636038,78030.0,False,,80130.0,39.0,above,2.5467110314819554,80990.0,False,,77700.0,88.0,below,0.5630918863578193,77920.0,False,,0,0,-0.0005003520730446415,-36,NONE,0.0065774693906395345,0.0002986711196209318,0.006325838121489164,0.8395387266631644,-0.0005003520730446415,-0.018012674629607095,0.00033756688465746976,0.0006262488203849781,0.0012455135047844124,78066.51985521855,0.6577469390639534,0.10191082802548657,0.04766829503089319,,18,-1,1231,1266,2025-07-30 21:00:00,2025-08-05 14:00:00,78670.0,78580.0,36,-0.11440193212152172,-0.003177831447820048,17.0,1.0,1159.0,1230.0,2025-07-18 21:00:00,2025-07-30 14:00:00,78760.0,78930.0,72.0,0.21584560690706134,0.002997855651486963,295135.0,,8198.194444444445,,597943.0,0.0,8304.763888888889,0.0,0.987167673172861,,0.49358383658643046,,0.0,55.55555555555556,44.44444444444444,False,False,2025-07-31 14:00:00,78040.0,,,1,0,2025-08-05 09:00:00,78450.0,2025-08-05 00:00:00,78370.0,4,3,21.179945786247455,160.1584677456315,4.0
CU:15m:1:1:4308:4312:2,CU,4h,561,2025-08-05 15:00:00,410.0,1,-1,BOS,1,79470.0,111.0,CHoCH,-1,78750.0,15.0,4,3,1,1,current_internal_high,internal,0.0,3.0,78790.0,78790.0,78790.0,0.8318402866649603,active_bull_internal_ob,internal,1.0,51.0,77770.0,78090.0,77930.0,0.06398771435884311,78490.0,78590.0,78470.0,78580.0,11369.0,159866.0,0,0,0,0,0,0,,78790.0,3.0,above,0.8318402866649603,79240.0,False,,78030.0,2.0,below,0.14077297158945482,77950.0,False,,80990.0,45.0,above,3.647299718454057,79470.0,False,,77700.0,11.0,below,0.5630918863578193,77810.0,False,,-1,-1,-0.00028401295554355817,-76,DOWN_CONFIRMED,0.0004928108502312253,0.0016911885692597547,0.013132424479291601,0.4636456425388971,-0.00028401295554355817,-0.02158498462131042,-0.00012055510430653005,-0.0007473856773803078,-0.0009835520201216807,78541.29399812652,0.04928108502312253,0.140180960876779,-0.49094484690803597,,8,-1,486,561,2025-07-09 21:00:00,2025-08-05 13:30:00,78310.0,78580.0,76,0.3447835525475673,0.00453662569141536,7.0,1.0,390.0,485.0,2025-06-05 21:00:00,2025-07-09 13:30:00,78620.0,78400.0,96.0,-0.2798270160264571,-0.0029148647502755948,1413359.0,,18596.82894736842,,2057966.0,0.0,21437.145833333332,0.0,0.8675048950990291,,0.6867747086200646,,21.052631578947366,11.842105263157894,67.10526315789474,False,True,2025-08-05 13:30:00,78580.0,2025-07-31 09:00:00,78420.0,2,1,2025-08-05 09:00:00,78470.0,2025-07-24 21:00:00,79260.0,2,1,7.765204139855177,263.31713909353726,
CU:15m:1:1:4337:4342:1,CU,5m,13032,2025-08-05 10:50:00,0.0,1,1,CHoCH,1,78270.0,180.0,BOS,1,78510.0,4.0,27,15,12,5,active_bear_internal_ob,internal,-1.0,43.0,78510.0,78570.0,78540.0,0.10200178503123804,current_internal_low,internal,0.0,8.0,78380.0,78380.0,78380.0,0.06375111564452378,78460.0,78470.0,78430.0,78430.0,408.0,159649.0,1,1,1,0,1,0,active_bull_internal_ob,78510.0,13.0,above,0.10200178503123804,78520.0,True,4.0,78380.0,8.0,below,0.06375111564452378,78360.0,False,,78790.0,122.0,above,0.4590080326405712,78270.0,False,,78030.0,97.0,below,0.5100089251561902,77960.0,False,,1,1,4.2279167412977435e-05,100,UP_CONFIRMED,0.00012330125524428288,0.0013555092751176604,0.0007912964534075395,0.05971132683254382,4.2279167412977435e-05,0.004227916741297744,0.0002380990210977263,0.0003899267224074521,0.0007298243699742635,78420.33067479113,0.012330125524428288,-0.0382360438439977,-0.2791231472470114,,191,1,12933,13032,2025-08-04 10:00:00,2025-08-05 10:45:00,78220.0,78430.0,100,0.2684735361800028,0.002684735361800028,190.0,-1.0,12883.0,12932.0,2025-08-01 21:50:00,2025-08-04 09:55:00,78120.0,78210.0,50.0,0.11520737327188613,0.0023041474654377225,48547.0,,485.47,,26198.0,0.0,523.96,0.0,0.9265401939079319,,1.8530803878158637,,45.0,42.0,13.0,True,False,,,,,0,0,2025-08-05 09:30:00,78450.0,2025-08-05 10:40:00,78460.0,6,7,0.5837632157396,42.641765231019995,
CU:15m:1:1:4337:4342:1,CU,15m,4343,2025-08-05 10:45:00,5.0,-1,1,CHoCH,-1,78810.0,114.0,BOS,1,78520.0,1.0,13,10,5,2,current_internal_high,internal,0.0,4.0,78520.0,78520.0,78520.0,0.1147520081601428,current_internal_low,internal,0.0,1.0,78360.0,78360.0,78360.0,0.08925156190233328,78540.0,78540.0,78460.0,78460.0,1677.0,159668.0,1,1,1,0,1,0,active_bull_internal_ob,78520.0,4.0,above,0.1147520081601428,78570.0,True,1.0,78360.0,1.0,below,0.08925156190233328,78330.0,False,,78790.0,7.0,above,0.4590080326405712,79240.0,False,,77950.0,34.0,below,0.6120107101874283,78810.0,False,,-1,-1,-9.57365126195858e-05,-115,DOWN_CONFIRMED,0.0025838895532936564,0.00011641521951117644,0.0034375994354069847,0.7635565951187049,-9.57365126195858e-05,-0.011009698951252367,0.0003190882987444965,0.0004948899359473735,0.0009055255056540368,78257.79051263057,0.2583889553293656,-0.10185892538833174,1.1621510330512046,,56,-1,4229,4343,2025-07-30 21:00:00,2025-08-05 10:30:00,78710.0,78460.0,115,-0.31762164909160395,-0.002761927383405252,55.0,1.0,4219.0,4228.0,2025-07-30 10:30:00,2025-07-30 14:45:00,79150.0,78930.0,10.0,-0.27795325331648746,-0.027795325331648746,280086.0,,2435.5304347826086,,23097.0,0.0,2309.7,0.0,1.054479124900467,,12.12650993635537,,9.565217391304348,30.434782608695656,60.0,False,False,2025-08-01 22:45:00,78180.0,2025-08-01 21:45:00,78090.0,2,1,2025-08-05 09:00:00,78410.0,2025-08-05 00:45:00,78370.0,6,5,29.528780256064014,84.03429872970449,
CU:15m:1:1:4337:4342:1,CU,1h,1262,2025-08-05 10:00:00,50.0,-1,-1,CHoCH,-1,77920.0,134.0,BOS,-1,78820.0,31.0,9,5,2,2,current_internal_high,internal,0.0,10.0,78790.0,78790.0,78790.0,0.4590080326405712,active_bull_internal_ob,internal,1.0,111.0,77800.0,78030.0,77915.0,0.5100089251561902,78480.0,78510.0,78380.0,78450.0,5216.0,159816.0,0,0,0,0,0,0,,78790.0,10.0,above,0.4590080326405712,79240.0,False,,78030.0,7.0,below,0.5100089251561902,77960.0,False,,80130.0,35.0,above,2.1675379319138086,80990.0,False,,77700.0,84.0,below,0.9307662884100472,77920.0,False,,0,0,-0.0005712974483880022,-32,NONE,0.005187418204771493,-0.000382027707120573,0.006388836886940605,0.8083266445768164,-0.0005712974483880022,-0.01828151834841607,0.0002831469029427325,0.0004575656461140998,0.001085768063357584,78045.14718271034,0.5187418204771493,0.10207987750414649,-0.41043147495089094,,18,-1,1231,1262,2025-07-30 21:00:00,2025-08-05 09:00:00,78670.0,78450.0,32,-0.27964916740815804,-0.008739036481504939,17.0,1.0,1159.0,1230.0,2025-07-18 21:00:00,2025-07-30 14:00:00,78760.0,78930.0,72.0,0.21584560690706134,0.002997855651486963,276767.0,,8648.96875,,597943.0,0.0,8304.763888888889,0.0,1.0414466763554386,,0.462865189491306,,0.0,50.0,50.0,True,False,2025-07-31 14:00:00,78040.0,,,1,0,2025-08-05 09:00:00,78450.0,2025-08-05 00:00:00,78370.0,4,3,16.723490908799985,182.62762847646016,4.0
CU:15m:1:1:4337:4342:1,CU,4h,559,2025-08-05 01:00:00,590.0,1,-1,BOS,1,79470.0,109.0,CHoCH,-1,78750.0,13.0,4,3,1,1,current_internal_high,internal,0.0,1.0,78790.0,78790.0,78790.0,0.4590080326405712,active_bull_internal_ob,internal,1.0,49.0,77770.0,78090.0,77930.0,0.4335075863827617,78420.0,78520.0,78360.0,78370.0,1954.0,160257.0,0,0,0,0,0,0,,78790.0,1.0,above,0.4590080326405712,79240.0,False,,78030.0,0.0,below,0.5100089251561902,77950.0,False,,80990.0,43.0,above,3.264057120999617,79470.0,False,,77700.0,9.0,below,0.9307662884100472,77810.0,False,,-1,-1,-0.00029142774846891773,-74,DOWN_CONFIRMED,-0.0022006561138209545,0.0017424847565629697,0.013304452356498648,0.3834708875784793,-0.00029142774846891773,-0.021565653386699912,-0.0002523474021599581,-0.0009747036506330131,-0.0007738869458200348,78542.845793793,-0.22006561138209543,-0.05101390128809946,-1.2855206166378605,,8,-1,486,559,2025-07-09 21:00:00,2025-08-05 00:00:00,78310.0,78370.0,74,0.07661856723280014,0.0010353860436864884,7.0,1.0,390.0,485.0,2025-06-05 21:00:00,2025-07-09 13:30:00,78620.0,78400.0,96.0,-0.2798270160264571,-0.0029148647502755948,1389775.0,,18780.743243243243,,2057966.0,0.0,21437.145833333332,0.0,0.8760841293545916,,0.675314849710831,,21.62162162162162,9.45945945945946,68.91891891891892,True,True,2025-07-15 09:00:00,77830.0,2025-07-31 09:00:00,78420.0,1,1,2025-07-18 00:00:00,78260.0,2025-07-24 21:00:00,79260.0,1,1,7.635333569713127,282.36780628599587,
CU:15m:1:-1:4351:4353:1,CU,5m,13249,2025-08-07 21:25:00,0.0,1,1,CHoCH,1,78490.0,0.0,BOS,1,78470.0,0.0,26,15,13,6,active_bear_internal_ob,internal,-1.0,190.0,78550.0,78590.0,78570.0,0.038206826286296486,current_swing_high,swing,0.0,44.0,78490.0,78490.0,78490.0,0.038206826286296486,78450.0,78530.0,78440.0,78520.0,1102.0,156485.0,0,0,0,0,0,0,,78470.0,15.0,below,0.06367804381049415,78460.0,True,0.0,78350.0,8.0,below,0.2165053489556801,78330.0,False,,78490.0,44.0,below,0.038206826286296486,78590.0,True,0.0,78230.0,19.0,below,0.369332654100866,78050.0,False,,1,1,3.1640582821180865e-05,137,UP_CONFIRMED,0.0015085677470185114,0.0011705203098901049,0.00070641868877063,0.6838659552781838,3.1640582821180865e-05,0.004334759846501779,0.00011863150254365351,0.0002722383065827394,0.0004288066213775643,78401.72568532053,0.15085677470185113,0.08922880815807055,1.1566146735680032,,193,1,13113,13249,2025-08-06 09:30:00,2025-08-07 21:20:00,78230.0,78520.0,137,0.3707017768119547,0.0027058523854887207,192.0,-1.0,13059.0,13112.0,2025-08-05 21:00:00,2025-08-06 09:25:00,78180.0,78200.0,54.0,0.025581990278844557,0.0004737405607193437,70651.0,,515.7007299270073,,33481.0,0.0,620.0185185185185,0.0,0.8317505276442877,,2.110181894208656,,45.25547445255474,45.25547445255474,9.48905109489051,True,False,2025-08-07 21:15:00,78450.0,2025-08-07 21:05:00,78390.0,3,3,2025-08-07 21:15:00,78450.0,2025-08-07 21:05:00,78390.0,10,10,0.6035082713233337,48.8064999090819,
CU:15m:1:-1:4351:4353:1,CU,15m,4415,2025-08-07 21:15:00,10.0,-1,1,CHoCH,-1,78810.0,186.0,CHoCH,1,78280.0,31.0,12,11,5,2,current_swing_high,swing,0.0,13.0,78590.0,78590.0,78590.0,0.0891492613346918,current_internal_high,internal,0.0,7.0,78460.0,78460.0,78460.0,0.07641365257259297,78420.0,78440.0,78360.0,78380.0,3113.0,156900.0,1,1,0,1,1,0,active_bear_internal_ob,78460.0,7.0,below,0.07641365257259297,78490.0,False,,78330.0,3.0,below,0.24197656647987775,78230.0,False,,78590.0,13.0,above,0.0891492613346918,78790.0,False,,78030.0,70.0,below,0.6240448293428426,77950.0,False,,-1,-1,-4.9535078781836394e-05,-58,DOWN_CONFIRMED,0.0014021556832384827,0.0009435793461197281,0.002805204046673253,0.5649271556119068,-4.9535078781836394e-05,-0.002873034569346511,0.0004237142756295942,0.0008245736891785427,0.0014031350663810116,78270.25292003965,0.14021556832384827,-0.10196278358398647,2.076605672553696,,58,-1,4358,4415,2025-08-05 22:15:00,2025-08-07 21:00:00,78080.0,78380.0,58,0.38422131147541894,0.006624505370265843,57.0,1.0,4347.0,4357.0,2025-08-05 13:30:00,2025-08-05 22:00:00,78550.0,78080.0,11.0,-0.5983450031826876,-0.054395000289335235,82128.0,,1416.0,,31453.0,0.0,2859.3636363636365,0.0,0.49521508282198834,,2.6111340730613932,,18.96551724137931,60.3448275862069,20.689655172413794,True,False,2025-08-06 09:00:00,78170.0,,,1,0,2025-08-06 23:45:00,78380.0,2025-08-06 22:45:00,78310.0,4,3,2.9729392214963855,67.38324693721769,
CU:15m:1:-1:4351:4353:1,CU,1h,1284,2025-08-07 15:00:00,385.0,-1,-1,CHoCH,-1,77920.0,156.0,CHoCH,-1,78330.0,17.0,9,6,2,2,active_bear_internal_ob,internal,-1.0,53.0,79070.0,79240.0,79155.0,0.7004584819154356,current_internal_high,internal,0.0,3.0,78490.0,78490.0,78490.0,0.038206826286296486,78400.0,78470.0,78350.0,78460.0,7111.0,157601.0,1,1,0,1,1,0,active_bear_internal_ob,78490.0,3.0,below,0.038206826286296486,78590.0,False,,78230.0,1.0,below,0.369332654100866,78050.0,False,,80130.0,57.0,above,2.0504330106979114,80990.0,False,,77700.0,106.0,below,1.044319918492104,77920.0,False,,-1,-1,-0.0003204762747140289,-54,DOWN_CONFIRMED,0.004317287102683219,0.0010108111052311286,0.00531639116724521,0.7330093189986324,-0.0003204762747140289,-0.01730571883455756,0.00033277539520915056,0.0005784675625823965,0.0009002221624672124,78122.72178082912,0.43172871026832194,0.0765306122449072,0.45333270613132354,,18,-1,1231,1284,2025-07-30 21:00:00,2025-08-07 14:00:00,78670.0,78460.0,54,-0.2669378416168766,-0.004943293363275493,17.0,1.0,1159.0,1230.0,2025-07-18 21:00:00,2025-07-30 14:00:00,78760.0,78930.0,72.0,0.21584560690706134,0.002997855651486963,394234.0,,7300.62962962963,,597943.0,0.0,8304.763888888889,0.0,0.8790893669351985,,0.6593170252013988,,0.0,55.55555555555556,44.44444444444444,False,False,2025-08-06 09:00:00,78250.0,2025-08-06 00:00:00,78070.0,2,1,2025-08-06 23:00:00,78380.0,2025-08-06 22:00:00,78310.0,6,5,5.259529836714232,137.98777660680503,4.0
CU:15m:1:-1:4351:4353:1,CU,4h,569,2025-08-07 15:00:00,385.0,1,-1,BOS,1,79470.0,119.0,CHoCH,-1,78750.0,23.0,4,3,1,1,current_internal_high,internal,0.0,3.0,78590.0,78590.0,78590.0,0.0891492613346918,active_bull_internal_ob,internal,1.0,59.0,77770.0,78090.0,77930.0,0.5476311767702496,78410.0,78470.0,78350.0,78460.0,11750.0,157601.0,0,0,0,0,0,0,,78590.0,3.0,above,0.0891492613346918,78790.0,False,,78050.0,0.0,below,0.598573611818645,78030.0,False,,80990.0,53.0,above,3.145695364238411,79470.0,False,,77700.0,19.0,below,1.044319918492104,77810.0,False,,-1,-1,-0.0002635053110700902,-84,DOWN_CONFIRMED,-0.0004737306223816126,0.0012649707178044637,0.012572045354454928,0.445002056652398,-0.0002635053110700902,-0.022134446129887575,-0.0001821885931478917,-0.0005813294935489433,-0.001555466520202331,78497.18652102581,-0.04737306223816126,0.0765306122449072,-0.2664548403033529,,8,-1,486,569,2025-07-09 21:00:00,2025-08-07 13:30:00,78310.0,78460.0,84,0.19154641808198924,0.0022803145009760626,7.0,1.0,390.0,485.0,2025-06-05 21:00:00,2025-07-09 13:30:00,78620.0,78400.0,96.0,-0.2798270160264571,-0.0029148647502755948,1512458.0,,18005.45238095238,,2057966.0,0.0,21437.145833333332,0.0,0.8399183604449387,,0.7349285653893213,,19.047619047619047,20.238095238095237,60.71428571428571,True,True,2025-08-05 13:30:00,78580.0,2025-08-05 21:00:00,78120.0,2,2,2025-08-07 13:30:00,78460.0,2025-08-05 21:00:00,78120.0,3,2,9.938605832928289,231.7828635086643,
CU:15m:1:-1:4351:4353:2,CU,5m,13252,2025-08-07 21:40:00,0.0,1,1,CHoCH,1,78490.0,3.0,BOS,1,78470.0,3.0,26,15,13,6,active_bear_internal_ob,internal,-1.0,193.0,78550.0,78590.0,78570.0,0.012732365673542143,current_swing_high,swing,0.0,47.0,78490.0,78490.0,78490.0,0.06366182836771073,78500.0,78550.0,78500.0,78540.0,603.0,156447.0,0,0,0,0,0,0,,78470.0,18.0,below,0.08912655971479501,78460.0,True,3.0,78350.0,11.0,below,0.24191494779730072,78330.0,False,,78490.0,47.0,below,0.06366182836771073,78590.0,True,3.0,78230.0,22.0,below,0.3947033358798065,78050.0,False,,1,1,3.177604915821483e-05,140,UP_CONFIRMED,0.001650081567602773,0.0011735434808297608,0.0007003128019459221,0.7518948426597587,3.177604915821483e-05,0.004448646882150076,0.00021282293312085976,0.0003184416441068816,0.0005117631800801714,78410.61608768933,0.1650081567602773,0.03821169277800074,-0.2254946410584192,,193,1,13113,13252,2025-08-06 09:30:00,2025-08-07 21:35:00,78230.0,78540.0,140,0.39626741659211095,0.002830481547086507,192.0,-1.0,13059.0,13112.0,2025-08-05 21:00:00,2025-08-06 09:25:00,78180.0,78200.0,54.0,0.025581990278844557,0.0004737405607193437,72193.0,,515.6642857142857,,33481.0,0.0,620.0185185185185,0.0,0.8316917484116791,,2.1562378662525012,,46.42857142857143,44.285714285714285,9.285714285714286,False,False,2025-08-07 21:15:00,78450.0,2025-08-07 21:05:00,78390.0,3,3,2025-08-07 21:15:00,78450.0,2025-08-07 21:05:00,78390.0,10,10,0.5967506218438211,48.381151712920165,
CU:15m:1:-1:4351:4353:2,CU,15m,4416,2025-08-07 21:30:00,10.0,-1,1,CHoCH,-1,78810.0,187.0,BOS,1,78460.0,0.0,13,11,5,2,current_swing_high,swing,0.0,14.0,78590.0,78590.0,78590.0,0.06366182836771073,current_internal_high,internal,0.0,8.0,78460.0,78460.0,78460.0,0.10185892538833714,78370.0,78530.0,78370.0,78480.0,2500.0,156382.0,1,1,0,1,1,0,active_bear_internal_ob,78460.0,8.0,below,0.10185892538833714,78490.0,True,0.0,78330.0,4.0,below,0.267379679144385,78230.0,False,,78590.0,14.0,above,0.06366182836771073,78790.0,False,,78030.0,71.0,below,0.6493506493506493,77950.0,False,,0,0,0.0,1,DOWN_TO_UP,0.002564684557045609,0.002564684557045609,0.0,0.5,0.0,0.0,,,,78279.2384460202,0.2564684557045609,0.1275835672365444,1.183434801697115,,59,1,4416,4416,2025-08-07 21:15:00,2025-08-07 21:15:00,78480.0,78480.0,1,0.0,0.0,58.0,-1.0,4358.0,4415.0,2025-08-05 22:15:00,2025-08-07 21:00:00,78080.0,78380.0,58.0,0.38422131147541894,0.006624505370265843,2500.0,,2500.0,,82128.0,0.0,1416.0,0.0,1.765536723163842,,0.030440288330411066,,100.0,0.0,0.0,False,False,,,,,0,0,,,,,0,0,0.0,73.998729298845,
CU:15m:1:-1:4351:4353:2,CU,1h,1284,2025-08-07 15:00:00,400.0,-1,-1,CHoCH,-1,77920.0,156.0,CHoCH,-1,78330.0,17.0,9,6,2,2,active_bear_internal_ob,internal,-1.0,53.0,79070.0,79240.0,79155.0,0.6748153806977336,current_internal_high,internal,0.0,3.0,78490.0,78490.0,78490.0,0.06366182836771073,78400.0,78470.0,78350.0,78460.0,7111.0,157601.0,1,1,0,1,1,0,active_bear_internal_ob,78490.0,3.0,below,0.06366182836771073,78590.0,False,,78230.0,1.0,below,0.3947033358798065,78050.0,False,,80130.0,57.0,above,2.024446142093201,80990.0,False,,77700.0,106.0,below,1.06951871657754,77920.0,False,,-1,-1,-0.0003204762747140289,-54,DOWN_CONFIRMED,0.004317287102683219,0.0010108111052311286,0.00531639116724521,0.7330093189986324,-0.0003204762747140289,-0.01730571883455756,0.00033277539520915056,0.0005784675625823965,0.0009002221624672124,78122.72178082912,0.43172871026832194,0.0765306122449072,0.45333270613132354,,18,-1,1231,1284,2025-07-30 21:00:00,2025-08-07 14:00:00,78670.0,78460.0,54,-0.2669378416168766,-0.004943293363275493,17.0,1.0,1159.0,1230.0,2025-07-18 21:00:00,2025-07-30 14:00:00,78760.0,78930.0,72.0,0.21584560690706134,0.002997855651486963,394234.0,,7300.62962962963,,597943.0,0.0,8304.763888888889,0.0,0.8790893669351985,,0.6593170252013988,,0.0,55.55555555555556,44.44444444444444,False,False,2025-08-06 09:00:00,78250.0,2025-08-06 00:00:00,78070.0,2,1,2025-08-06 23:00:00,78380.0,2025-08-06 22:00:00,78310.0,6,5,5.259529836714232,137.98777660680503,4.0
CU:15m:1:-1:4351:4353:2,CU,4h,569,2025-08-07 15:00:00,400.0,1,-1,BOS,1,79470.0,119.0,CHoCH,-1,78750.0,23.0,4,3,1,1,current_internal_high,internal,0.0,3.0,78590.0,78590.0,78590.0,0.06366182836771073,active_bull_internal_ob,internal,1.0,59.0,77770.0,78090.0,77930.0,0.5729564553093965,78410.0,78470.0,78350.0,78460.0,11750.0,157601.0,0,0,0,0,0,0,,78590.0,3.0,above,0.06366182836771073,78790.0,False,,78050.0,0.0,below,0.6238859180035651,78030.0,False,,80990.0,53.0,above,3.119429590017825,79470.0,False,,77700.0,19.0,below,1.06951871657754,77810.0,False,,-1,-1,-0.0002635053110700902,-84,DOWN_CONFIRMED,-0.0004737306223816126,0.0012649707178044637,0.012572045354454928,0.445002056652398,-0.0002635053110700902,-0.022134446129887575,-0.0001821885931478917,-0.0005813294935489433,-0.001555466520202331,78497.18652102581,-0.04737306223816126,0.0765306122449072,-0.2664548403033529,,8,-1,486,569,2025-07-09 21:00:00,2025-08-07 13:30:00,78310.0,78460.0,84,0.19154641808198924,0.0022803145009760626,7.0,1.0,390.0,485.0,2025-06-05 21:00:00,2025-07-09 13:30:00,78620.0,78400.0,96.0,-0.2798270160264571,-0.0029148647502755948,1512458.0,,18005.45238095238,,2057966.0,0.0,21437.145833333332,0.0,0.8399183604449387,,0.7349285653893213,,19.047619047619047,20.238095238095237,60.71428571428571,True,True,2025-08-05 13:30:00,78580.0,2025-08-05 21:00:00,78120.0,2,2,2025-08-07 13:30:00,78460.0,2025-08-05 21:00:00,78120.0,3,2,9.938605832928289,231.7828635086643,
CU:15m:1:1:4378:4384:1,CU,5m,13180,2025-08-06 23:25:00,0.0,-1,-1,CHoCH,-1,78330.0,121.0,CHoCH,-1,78270.0,0.0,24,16,12,6,current_internal_low,internal,0.0,6.0,78270.0,78270.0,78270.0,0.03834355828220859,active_bull_internal_ob,internal,1.0,34.0,78170.0,78190.0,78180.0,0.06390593047034765,78280.0,78300.0,78230.0,78240.0,742.0,157367.0,0,0,0,0,0,0,,78390.0,3.0,above,0.19171779141104295,78490.0,False,,78270.0,6.0,above,0.03834355828220859,78170.0,True,0.0,78590.0,72.0,above,0.44734151329243355,78570.0,False,,78050.0,23.0,below,0.24284253578732107,78330.0,False,,1,1,3.607201205242579e-05,68,UP_CONFIRMED,-0.0001893962834188401,0.0015170859648114677,0.0007147731031097064,0.008482945483403004,3.607201205242579e-05,0.0024528968195649536,3.855209728254039e-05,0.0001109456558825439,0.0003403872100387062,78254.82117228964,-0.018939628341884007,-0.06386511687316299,1.5995820767011601,,193,1,13113,13180,2025-08-06 09:30:00,2025-08-06 23:20:00,78230.0,78240.0,68,0.012782819890078123,0.00018798264544232535,192.0,-1.0,13059.0,13112.0,2025-08-05 21:00:00,2025-08-06 09:25:00,78180.0,78200.0,54.0,0.025581990278844557,0.0004737405607193437,37764.0,,555.3529411764706,,33481.0,0.0,620.0185185185185,0.0,0.8957037968856789,,1.127923299781966,,39.705882352941174,47.05882352941176,13.23529411764706,True,True,,,2025-08-06 23:20:00,78240.0,0,1,2025-08-06 22:35:00,78370.0,2025-08-06 22:40:00,78340.0,5,6,0.4711487151609982,47.45706195838795,
CU:15m:1:1:4378:4384:1,CU,15m,4392,2025-08-06 23:15:00,10.0,-1,1,CHoCH,-1,78810.0,163.0,CHoCH,1,78280.0,8.0,12,11,5,2,current_internal_high,internal,0.0,2.0,78490.0,78490.0,78490.0,0.31952965235173825,active_bull_internal_ob,internal,1.0,8.0,78140.0,78230.0,78185.0,0.012781186094069532,78310.0,78320.0,78270.0,78280.0,961.0,157504.0,0,0,0,0,0,0,,78490.0,2.0,above,0.31952965235173825,78280.0,False,,78140.0,9.0,below,0.1278118609406953,78050.0,False,,78790.0,56.0,above,0.7029652351738241,79240.0,False,,78030.0,47.0,below,0.2684049079754601,77950.0,False,,0,0,-0.00012401528233794146,-35,NONE,0.0015986124541069108,2.6301668935968098e-05,0.003283526625374993,0.6839766848412728,-0.00012401528233794146,-0.004340534881827951,0.00019124081408095073,0.0007162651548831,0.0011483495521964482,78155.06034717752,0.15986124541069108,-0.03830928361640007,-0.8351979662711506,,58,-1,4358,4392,2025-08-05 22:15:00,2025-08-06 23:00:00,78080.0,78280.0,35,0.2561475409835978,0.007318501170959938,57.0,1.0,4347.0,4357.0,2025-08-05 13:30:00,2025-08-05 22:00:00,78550.0,78080.0,11.0,-0.5983450031826876,-0.054395000289335235,50113.0,,1431.8,,31453.0,0.0,2859.3636363636365,0.0,0.5007407878421771,,1.5932661431342003,,11.428571428571429,54.285714285714285,34.285714285714285,True,False,2025-08-06 09:00:00,78170.0,,,1,0,2025-08-06 22:30:00,78340.0,2025-08-06 22:45:00,78310.0,3,3,124.84099900157665,77.53429754252686,
CU:15m:1:1:4378:4384:1,CU,1h,1277,2025-08-06 23:00:00,25.0,-1,-1,CHoCH,-1,77920.0,149.0,CHoCH,-1,78330.0,10.0,9,6,2,2,active_bear_internal_ob,internal,-1.0,10.0,78490.0,78590.0,78540.0,0.31952965235173825,current_internal_low,internal,0.0,1.0,78050.0,78050.0,78050.0,0.24284253578732107,78360.0,78390.0,78270.0,78310.0,4766.0,157405.0,0,0,0,0,0,0,,78590.0,6.0,above,0.44734151329243355,78570.0,False,,78050.0,1.0,below,0.24284253578732107,78330.0,False,,80130.0,50.0,above,2.415644171779141,80990.0,False,,77700.0,99.0,below,0.6901840490797546,77920.0,False,,0,0,-0.0003761596589444912,-47,NONE,0.0027786556941489667,0.0006138083782655363,0.005589485127267853,0.6507355677490209,-0.0003761596589444912,-0.017679503970391086,0.00022972705963564266,0.00030091765473883036,0.0008965455989908833,78093.00642302944,0.27786556941489665,-0.0638080653394546,-0.2313189756808286,,18,-1,1231,1277,2025-07-30 21:00:00,2025-08-06 22:00:00,78670.0,78310.0,47,-0.4576077284860758,-0.00973633464863991,17.0,1.0,1159.0,1230.0,2025-07-18 21:00:00,2025-07-30 14:00:00,78760.0,78930.0,72.0,0.21584560690706134,0.002997855651486963,364371.0,,7752.574468085107,,597943.0,0.0,8304.763888888889,0.0,0.9335093172796198,,0.6093741376686407,,0.0,48.93617021276596,51.06382978723404,True,False,2025-08-06 09:00:00,78250.0,2025-08-06 00:00:00,78070.0,2,1,2025-08-06 21:00:00,78360.0,2025-08-06 22:00:00,78310.0,5,5,9.106237915914887,157.20969965381883,4.0
CU:15m:1:1:4378:4384:1,CU,4h,565,2025-08-06 15:00:00,505.0,1,-1,BOS,1,79470.0,115.0,CHoCH,-1,78750.0,19.0,4,3,1,1,current_internal_high,internal,0.0,7.0,78790.0,78790.0,78790.0,0.7029652351738241,active_bull_internal_ob,internal,1.0,55.0,77770.0,78090.0,77930.0,0.19171779141104295,78160.0,78320.0,78140.0,78280.0,11761.0,158574.0,0,0,0,0,0,0,,78790.0,7.0,above,0.7029652351738241,79240.0,False,,78030.0,6.0,below,0.2684049079754601,77950.0,False,,80990.0,49.0,above,3.514826175869121,79470.0,False,,77700.0,15.0,below,0.6901840490797546,77810.0,False,,-1,-1,-0.0002753271547365946,-80,DOWN_CONFIRMED,-0.002877212437967773,0.0013917976236576407,0.012868911973438297,0.370046399852095,-0.0002753271547365946,-0.022026172378927567,-0.00044954552233866796,-0.0007082989556034258,-0.0019067240813676056,78505.87808889094,-0.28772124379677727,0.05112474437627412,-0.4534893241353869,,8,-1,486,565,2025-07-09 21:00:00,2025-08-06 13:30:00,78310.0,78280.0,80,-0.03830928361640007,-0.00047886604520500087,7.0,1.0,390.0,485.0,2025-06-05 21:00:00,2025-07-09 13:30:00,78620.0,78400.0,96.0,-0.2798270160264571,-0.0029148647502755948,1469748.0,,18371.85,,2057966.0,0.0,21437.145833333332,0.0,0.8570100769400466,,0.7141750641167055,,20.0,16.25,63.74999999999999,True,True,2025-08-05 13:30:00,78580.0,2025-08-05 21:00:00,78120.0,2,2,2025-08-05 09:00:00,78470.0,2025-08-05 21:00:00,78120.0,2,2,9.246252296090885,260.34909437865787,
CU:15m:1:1:4407:4416:1,CU,5m,13286,2025-08-08 00:30:00,0.0,1,-1,CHoCH,1,78490.0,37.0,CHoCH,-1,78420.0,8.0,26,15,13,5,active_bear_internal_ob,internal,-1.0,8.0,78470.0,78500.0,78485.0,0.10205383339711699,active_bull_swing_ob,swing,1.0,37.0,78230.0,78300.0,78265.0,0.1148105625717566,78400.0,78410.0,78380.0,78390.0,167.0,156027.0,3,2,2,0,3,0,active_bull_internal_ob|current_internal_low,78500.0,9.0,above,0.14032402092103585,78610.0,False,,78390.0,2.0,overlap,0.0,78420.0,False,,78490.0,81.0,above,0.12756729174639622,78590.0,True,37.0,78230.0,56.0,below,0.20410766679423398,78050.0,False,,1,1,3.630593821374381e-05,174,UP_CONFIRMED,-0.0021192926598464354,0.0006542142454867622,0.0012690286424616726,0.014424810013574096,3.630593821374381e-05,0.006317233249191423,-0.00010743720055417239,-0.000266443840151509,-0.00039995498610023716,78556.48418030667,-0.21192926598464354,-0.012755102040817867,0.31066787848761884,,193,1,13113,13286,2025-08-06 09:30:00,2025-08-08 00:25:00,78230.0,78390.0,174,0.20452511824109454,0.001175431714029279,192.0,-1.0,13059.0,13112.0,2025-08-05 21:00:00,2025-08-06 09:25:00,78180.0,78200.0,54.0,0.025581990278844557,0.0004737405607193437,79572.0,,457.3103448275862,,33481.0,0.0,620.0185185185185,0.0,0.7375753000415058,,2.376631522355963,,39.6551724137931,37.93103448275862,22.413793103448278,True,True,2025-08-07 21:15:00,78450.0,2025-08-07 21:45:00,78550.0,3,4,2025-08-07 21:15:00,78450.0,2025-08-07 22:00:00,78500.0,10,11,1.9397753124704022,36.88050374857821,
CU:15m:1:1:4407:4416:1,CU,15m,4428,2025-08-08 00:30:00,0.0,1,1,CHoCH,1,78590.0,11.0,BOS,1,78460.0,12.0,13,10,6,2,current_swing_high,swing,0.0,26.0,78590.0,78590.0,78590.0,0.25513458349279244,active_bull_internal_ob,internal,1.0,12.0,78330.0,78380.0,78355.0,0.012756729174639624,78440.0,78450.0,78380.0,78390.0,385.0,156027.0,0,0,0,0,0,0,,78610.0,5.0,above,0.2806480418420717,78460.0,False,,78330.0,16.0,below,0.07654037504783774,78230.0,False,,78590.0,26.0,above,0.25513458349279244,78790.0,True,11.0,78050.0,9.0,below,0.4337287919377471,78030.0,False,,0,0,3.223499369040197e-05,13,NONE,0.0009954823344617643,0.002097820124182969,0.000698860890282982,0.057359223739247844,3.223499369040197e-05,0.00041905491797522565,7.00933448862795e-05,0.00019880196033228437,,78312.04174586636,0.09954823344617643,-0.0764818355640573,-0.9644823688329405,,59,1,4416,4428,2025-08-07 21:15:00,2025-08-08 00:15:00,78480.0,78390.0,13,-0.11467889908256534,-0.00882145377558195,58.0,-1.0,4358.0,4415.0,2025-08-05 22:15:00,2025-08-07 21:00:00,78080.0,78380.0,58.0,0.38422131147541894,0.006624505370265843,10841.0,,833.9230769230769,,82128.0,0.0,1416.0,0.0,0.588928726640591,,0.13200126631599454,,23.076923076923077,76.92307692307693,0.0,True,False,,,,,0,0,,,2025-08-07 22:00:00,78470.0,0,1,0.33313670806507545,68.53372508654208,
CU:15m:1:1:4407:4416:1,CU,1h,1287,2025-08-08 00:00:00,30.0,-1,1,CHoCH,-1,77920.0,159.0,CHoCH,1,78490.0,2.0,10,5,2,2,current_internal_high,internal,0.0,6.0,78490.0,78490.0,78490.0,0.12756729174639622,current_internal_low,internal,0.0,4.0,78230.0,78230.0,78230.0,0.20410766679423398,78440.0,78500.0,78390.0,78450.0,1641.0,156014.0,1,1,1,0,1,0,active_bull_internal_ob,78490.0,6.0,above,0.12756729174639622,78590.0,True,2.0,78230.0,4.0,below,0.20410766679423398,78050.0,False,,80130.0,60.0,above,2.219670876387294,80990.0,False,,77700.0,109.0,below,0.8802143130501339,77920.0,False,,-1,-1,-0.0002997988183878295,-57,DOWN_CONFIRMED,0.003967395592480278,0.001183746826405935,0.005227822347562884,0.7027990938181988,-0.0002997988183878295,-0.01708853264810628,0.0003857378940339551,0.0006016074434702645,0.0009027061325099783,78139.98775697651,0.3967395592480278,0.012748597654255178,-1.2814686844231733,,18,-1,1231,1287,2025-07-30 21:00:00,2025-08-07 23:00:00,78670.0,78450.0,57,-0.27964916740815804,-0.0049061257440027725,17.0,1.0,1159.0,1230.0,2025-07-18 21:00:00,2025-07-30 14:00:00,78760.0,78930.0,72.0,0.21584560690706134,0.002997855651486963,407581.0,,7150.543859649123,,597943.0,0.0,8304.763888888889,0.0,0.8610171168401284,,0.6816385508317683,,0.0,57.89473684210527,42.10526315789473,False,False,2025-08-06 09:00:00,78250.0,2025-08-06 00:00:00,78070.0,2,1,2025-08-06 23:00:00,78380.0,2025-08-06 22:00:00,78310.0,6,5,4.416334836930865,141.0310295937138,4.0
CU:15m:1:1:4407:4416:1,CU,4h,570,2025-08-08 00:00:00,30.0,1,-1,BOS,1,79470.0,120.0,CHoCH,-1,78750.0,24.0,4,3,1,1,current_internal_high,internal,0.0,4.0,78590.0,78590.0,78590.0,0.25513458349279244,active_bull_internal_ob,internal,1.0,60.0,77770.0,78090.0,77930.0,0.3827018752391887,78420.0,78610.0,78360.0,78450.0,13347.0,156014.0,0,0,0,0,0,0,,78590.0,4.0,above,0.25513458349279244,78790.0,False,,78050.0,1.0,below,0.4337287919377471,78030.0,False,,80990.0,54.0,above,3.316749585406302,79470.0,False,,77700.0,20.0,below,0.8802143130501339,77810.0,False,,-1,-1,-0.00026049511710675026,-85,DOWN_CONFIRMED,-0.0005933166255165141,0.0012431085137653934,0.012499479450210016,0.4415975316533661,-0.00026049511710675026,-0.02214208495407377,-0.00011852318730054545,-0.0005680154280710559,-0.001340963096191694,78496.57332199802,-0.05933166255165141,-0.012745347947995533,-0.05026068939236579,,8,-1,486,570,2025-07-09 21:00:00,2025-08-07 21:00:00,78310.0,78450.0,85,0.17877665687651145,0.002103254786782488,7.0,1.0,390.0,485.0,2025-06-05 21:00:00,2025-07-09 13:30:00,78620.0,78400.0,96.0,-0.2798270160264571,-0.0029148647502755948,1525805.0,,17950.647058823528,,2057966.0,0.0,21437.145833333332,0.0,0.8373618017241581,,0.7414140952765983,,18.823529411764707,21.176470588235293,60.0,True,True,2025-08-05 13:30:00,78580.0,2025-08-05 21:00:00,78120.0,2,2,2025-08-07 13:30:00,78460.0,2025-08-05 21:00:00,78120.0,3,2,10.055018778971204,233.08408754375972,
CU:15m:1:1:4465:4472:1,CU,5m,13430,2025-08-11 15:00:00,0.0,1,1,BOS,1,78610.0,87.0,BOS,1,79100.0,13.0,30,13,14,5,active_bear_internal_ob,internal,-1.0,762.0,79150.0,79240.0,79195.0,0.1645153125790939,active_bull_internal_ob,internal,1.0,13.0,78930.0,78990.0,78960.0,0.037965072133637055,79060.0,79060.0,79000.0,79020.0,1881.0,160884.0,0,0,0,0,0,0,,79170.0,6.0,above,0.18982536066818526,79100.0,False,,78930.0,30.0,below,0.11389521640091116,78790.0,False,,78610.0,126.0,below,0.518855985826373,78490.0,True,87.0,78320.0,88.0,below,0.885851683118198,78230.0,False,,1,1,8.512143471373277e-05,112,UP_CONFIRMED,-0.0015840763061171885,0.0016245630852496998,0.0012527565407005174,0.005214613608414798,8.512143471373277e-05,0.00953360068793807,-0.0001915161531630405,-0.0002928730847031602,0.0028029060728069766,79145.37230901353,-0.15840763061171884,-0.050594485201116424,2.360308417631766,,195,1,13319,13430,2025-08-08 11:25:00,2025-08-11 14:55:00,78470.0,79020.0,112,0.7009048043838506,0.006258078610570095,194.0,-1.0,13289.0,13318.0,2025-08-08 00:40:00,2025-08-08 11:20:00,78350.0,78480.0,30.0,0.16592214422463947,0.005530738140821316,81806.0,,730.4107142857143,,16768.0,0.0,558.9333333333333,0.0,1.3067939783260634,,4.878697519083969,,71.42857142857143,27.67857142857143,0.8928571428571428,True,True,,,2025-08-11 14:00:00,79160.0,0,1,2025-08-11 14:40:00,79090.0,2025-08-11 14:50:00,79060.0,6,7,0.771134437360409,45.82205975200973,
CU:15m:1:1:4465:4472:1,CU,15m,4476,2025-08-11 15:00:00,0.0,1,1,CHoCH,1,78590.0,59.0,BOS,1,79100.0,4.0,14,10,6,2,current_internal_high,internal,0.0,7.0,79100.0,79100.0,79100.0,0.10124019235636549,current_internal_low,internal,0.0,6.0,78930.0,78930.0,78930.0,0.11389521640091116,79080.0,79120.0,79000.0,79020.0,3445.0,160884.0,1,1,1,0,1,0,active_bull_internal_ob,79100.0,7.0,above,0.10124019235636549,79090.0,True,4.0,78930.0,6.0,below,0.11389521640091116,78790.0,False,,78590.0,74.0,below,0.5441660339154645,78790.0,True,59.0,78050.0,57.0,below,1.2275373323209315,78030.0,False,,1,1,0.00011288351679999703,61,UP_CONFIRMED,0.0025595461246439646,0.0029425086726850556,0.0015361928843031429,0.40156696825335325,0.00011288351679999703,0.006885894524799818,0.000976916298991437,0.0017147560998544975,0.003283137144284076,78818.26102544116,0.25595461246439644,-0.08850676444557282,1.0917789781034613,,59,1,4416,4476,2025-08-07 21:15:00,2025-08-11 14:45:00,78480.0,79020.0,61,0.6880733944954143,0.011279891713039579,58.0,-1.0,4358.0,4415.0,2025-08-05 22:15:00,2025-08-07 21:00:00,78080.0,78380.0,58.0,0.38422131147541894,0.006624505370265843,109834.0,,1800.5573770491803,,82128.0,0.0,1416.0,0.0,1.2715800685375567,,1.3373514513929476,,55.73770491803278,39.34426229508197,4.918032786885246,True,False,,,,,0,0,2025-08-08 14:30:00,78480.0,2025-08-08 14:00:00,78440.0,3,3,0.5220691101315797,85.44121040039772,
CU:15m:1:1:4465:4472:1,CU,1h,1302,2025-08-11 15:00:00,0.0,-1,1,CHoCH,-1,77920.0,174.0,BOS,1,78610.0,8.0,11,5,2,2,active_bear_internal_ob,internal,-1.0,71.0,79070.0,79240.0,79155.0,0.06327512022272842,current_internal_high,internal,0.0,12.0,78610.0,78610.0,78610.0,0.518855985826373,79130.0,79170.0,79000.0,79020.0,10836.0,160884.0,0,0,0,0,0,0,,78610.0,12.0,below,0.518855985826373,78490.0,True,8.0,78320.0,9.0,below,0.885851683118198,78230.0,False,,80130.0,75.0,above,1.404707668944571,80990.0,False,,77950.0,13.0,below,1.3540875727663884,77700.0,False,,0,0,0.00023827138361768677,9,NONE,0.008273350202956734,0.009031495032832617,0.000642516586702906,0.11900776557548792,0.00023827138361768677,0.002144442452559181,0.0015317205627227715,,,78371.6042718911,0.8273350202956733,-0.15163002274450887,1.2880935237582112,,19,1,1294,1302,2025-08-08 21:00:00,2025-08-11 14:00:00,78820.0,79020.0,9,0.2537427048972418,0.028193633877471314,18.0,-1.0,1231.0,1293.0,2025-07-30 21:00:00,2025-08-08 14:00:00,78670.0,78490.0,63.0,-0.22880386424304344,-0.0036318073689371975,70041.0,,7782.333333333333,,437140.0,0.0,6938.730158730159,0.0,1.1215788992084914,,0.1602255570297845,,100.0,0.0,0.0,False,False,,,,,0,0,,,,,0,0,0.07114177490738081,153.01495221536214,4.0
CU:15m:1:1:4465:4472:1,CU,4h,577,2025-08-11 15:00:00,0.0,1,1,BOS,1,79470.0,127.0,CHoCH,1,78590.0,3.0,5,3,1,1,active_bear_internal_ob,internal,-1.0,93.0,79440.0,80160.0,79800.0,0.5315110098709187,current_internal_high,internal,0.0,11.0,78590.0,78590.0,78590.0,0.5441660339154645,78980.0,79170.0,78980.0,79020.0,16315.0,160884.0,1,1,0,1,1,0,active_bear_internal_ob,78590.0,11.0,below,0.5441660339154645,78790.0,True,3.0,78050.0,8.0,below,1.2275373323209315,78030.0,False,,80130.0,5.0,above,1.404707668944571,80990.0,False,,77700.0,27.0,below,1.6704631738800304,77810.0,False,,-1,-1,-0.00023311718431382153,-92,DOWN_CONFIRMED,0.005952865990083226,0.0013785306703365684,0.01205756218402851,0.6477952218596235,-0.00023311718431382153,-0.02144678095687158,0.0007395203988864729,0.0006485965963427542,7.680765294759695e-05,78552.38816008203,0.5952865990083226,-0.01265342275085235,0.4497517117068758,,8,-1,486,577,2025-07-09 21:00:00,2025-08-11 13:30:00,78310.0,79020.0,92,0.9066530455880573,0.00985492440856584,7.0,1.0,390.0,485.0,2025-06-05 21:00:00,2025-07-09 13:30:00,78620.0,78400.0,96.0,-0.2798270160264571,-0.0029148647502755948,1625405.0,,17667.445652173912,,2057966.0,0.0,21437.145833333332,0.0,0.8241510222271387,,0.7898113963010079,,21.73913043478261,22.82608695652174,55.434782608695656,False,False,2025-08-08 21:00:00,78950.0,2025-08-05 21:00:00,78120.0,3,2,2025-08-08 09:00:00,78470.0,2025-08-08 00:00:00,78360.0,4,3,8.746676764967917,233.51548326928872,
CU:15m:1:-1:4472:4477:1,CU,5m,13512,2025-08-12 14:05:00,0.0,1,1,BOS,1,78610.0,169.0,CHoCH,1,78970.0,24.0,29,14,14,5,current_internal_high,internal,0.0,19.0,79030.0,79030.0,79030.0,0.0506393214330928,current_internal_low,internal,0.0,10.0,78910.0,78910.0,78910.0,0.1012786428661856,79020.0,79050.0,78980.0,78990.0,938.0,155979.0,0,0,0,0,0,0,,79030.0,19.0,above,0.0506393214330928,78970.0,False,,78910.0,10.0,below,0.1012786428661856,78860.0,False,,79170.0,43.0,above,0.22787694644891757,78610.0,False,,78750.0,31.0,below,0.3038359285985568,78320.0,False,,0,0,4.1053280097118617e-05,25,NONE,0.0011960778930507946,0.0016324160457202208,0.00028906470085263337,0.06558774202808326,4.1053280097118617e-05,0.0010263320024279654,0.00025386666179727513,0.0004247481617929427,0.0007996560570953104,78895.63467550642,0.11960778930507945,-0.0506136910034205,1.71759738594989,,197,1,13488,13512,2025-08-12 09:45:00,2025-08-12 14:00:00,78980.0,78990.0,25,0.01266143327425251,0.0005064573309701004,196.0,-1.0,13431.0,13487.0,2025-08-11 21:00:00,2025-08-12 09:40:00,78820.0,78940.0,57.0,0.15224562293834065,0.0026709758410235203,15566.0,,622.64,,23800.0,0.0,417.5438596491228,0.0,1.4911966386554623,,0.6540336134453781,,100.0,0.0,0.0,False,False,,,,,0,0,,,,,0,0,0.17707783601520422,39.62684632519128,
CU:15m:1:-1:4472:4477:1,CU,15m,4503,2025-08-12 14:00:00,5.0,1,1,CHoCH,1,78590.0,86.0,CHoCH,1,78990.0,3.0,14,11,6,2,current_internal_high,internal,0.0,2.0,79030.0,79030.0,79030.0,0.0506393214330928,active_bull_internal_ob,internal,1.0,3.0,78780.0,78860.0,78820.0,0.1645777946575516,79030.0,79040.0,78990.0,79030.0,2012.0,156019.0,0,0,0,0,0,0,,79030.0,2.0,above,0.0506393214330928,78990.0,False,,78780.0,6.0,below,0.2658564375237372,78750.0,False,,78590.0,101.0,below,0.506393214330928,78790.0,True,86.0,78050.0,84.0,below,1.1900240536776807,78030.0,False,,1,1,8.707077095122428e-05,88,UP_CONFIRMED,0.001913920469320161,0.0023359305408609905,0.0016202516606214914,0.39725464395519794,8.707077095122428e-05,0.007662227843707736,0.00027332003305668984,0.0005640142223022337,0.0006732919995091624,78879.03180642553,0.1913920469320161,0.0,0.6794240683550727,,59,1,4416,4503,2025-08-07 21:15:00,2025-08-12 13:45:00,78480.0,79030.0,88,0.7008154943934697,0.007963812436289429,58.0,-1.0,4358.0,4415.0,2025-08-05 22:15:00,2025-08-07 21:00:00,78080.0,78380.0,58.0,0.38422131147541894,0.006624505370265843,148262.0,,1684.7954545454545,,82128.0,0.0,1416.0,0.0,1.1898272984078069,,1.8052552113773621,,40.909090909090914,48.86363636363637,10.227272727272728,False,False,2025-08-12 09:00:00,78910.0,2025-08-12 00:30:00,78820.0,2,2,2025-08-12 09:30:00,78940.0,2025-08-12 09:15:00,78870.0,5,5,0.6936215064101563,69.88287720087916,
CU:15m:1:-1:4472:4477:1,CU,1h,1310,2025-08-12 14:00:00,5.0,-1,1,CHoCH,-1,77920.0,182.0,BOS,1,78610.0,16.0,11,5,2,2,active_bear_internal_ob,internal,-1.0,79.0,79070.0,79240.0,79155.0,0.1012786428661856,current_internal_low,internal,0.0,2.0,78750.0,78750.0,78750.0,0.3038359285985568,78980.0,79040.0,78970.0,79030.0,3685.0,156019.0,0,0,0,0,0,0,,79170.0,3.0,above,0.22787694644891757,78610.0,False,,78750.0,2.0,below,0.3038359285985568,78320.0,False,,80130.0,83.0,above,1.4432206608431448,80990.0,False,,77950.0,21.0,below,1.3166223572604128,77700.0,False,,0,0,0.000192927628299177,17,NONE,0.007259825003723038,0.0078286182967923,0.0014756569809380934,0.34995169334076004,0.000192927628299177,0.003279769681086009,0.0007534566807281262,0.0017839186867427692,,78460.39128951449,0.7259825003723037,0.06330716637124034,-0.6385140807499677,,19,1,1294,1310,2025-08-08 21:00:00,2025-08-12 13:30:00,78820.0,79030.0,17,0.2664298401420906,0.015672343537770035,18.0,-1.0,1231.0,1293.0,2025-07-30 21:00:00,2025-08-08 14:00:00,78670.0,78490.0,63.0,-0.22880386424304344,-0.0036318073689371975,108469.0,,6380.529411764706,,437140.0,0.0,6938.730158730159,0.0,0.9195528959627957,,0.24813332113281786,,64.70588235294117,35.294117647058826,0.0,False,False,,,,,0,0,2025-08-12 09:00:00,78990.0,2025-08-11 23:00:00,78790.0,1,1,0.18849520119568602,140.34618737843383,2.0
CU:15m:1:-1:4472:4477:1,CU,4h,580,2025-08-12 11:30:00,155.0,1,1,BOS,1,79470.0,130.0,CHoCH,1,78590.0,6.0,5,3,1,1,active_bear_internal_ob,internal,-1.0,96.0,79440.0,80160.0,79800.0,0.569692366122294,current_internal_high,internal,0.0,14.0,78590.0,78590.0,78590.0,0.506393214330928,78950.0,79030.0,78850.0,78980.0,19196.0,155453.0,1,1,0,1,1,0,active_bear_internal_ob,78590.0,14.0,below,0.506393214330928,78790.0,True,6.0,78050.0,11.0,below,1.1900240536776807,78030.0,False,,80130.0,8.0,above,1.4432206608431448,80990.0,False,,77700.0,30.0,below,1.6331181162172428,77810.0,False,,-1,-1,-0.00022253263273685575,-95,DOWN_CONFIRMED,0.005129155454072873,0.001453032925884544,0.011874123443470531,0.6215640242783573,-0.00022253263273685575,-0.021140600110001295,0.0008027747712253674,0.0010241619244093503,0.00045556475656449713,78576.96652359102,0.5129155454072873,0.21570866641289488,0.7816789195013757,,8,-1,486,580,2025-07-09 21:00:00,2025-08-12 09:00:00,78310.0,78980.0,95,0.8555740007661905,0.009006042113328321,7.0,1.0,390.0,485.0,2025-06-05 21:00:00,2025-07-09 13:30:00,78620.0,78400.0,96.0,-0.2798270160264571,-0.0029148647502755948,1660148.0,,17475.242105263158,,2057966.0,0.0,21437.145833333332,0.0,0.8151851109810674,,0.8066935994083478,,24.210526315789473,22.105263157894736,53.68421052631579,False,False,2025-08-08 21:00:00,78950.0,2025-08-05 21:00:00,78120.0,3,2,2025-08-08 09:00:00,78470.0,2025-08-08 00:00:00,78360.0,4,3,8.171957587431871,222.62518831728406,
CU:15m:1:-1:4472:4477:2,CU,5m,13517,2025-08-12 14:30:00,0.0,1,1,BOS,1,78610.0,174.0,BOS,1,79030.0,0.0,30,14,14,5,active_bear_internal_ob,internal,-1.0,86.0,79130.0,79170.0,79150.0,0.10120177103099305,current_internal_high,internal,0.0,24.0,79030.0,79030.0,79030.0,0.025300442757748263,79020.0,79070.0,79020.0,79050.0,500.0,156403.0,0,0,0,0,0,0,,79030.0,24.0,below,0.025300442757748263,78970.0,True,0.0,78910.0,15.0,below,0.17710309930423782,78860.0,False,,79170.0,48.0,above,0.15180265654648956,78610.0,False,,78750.0,36.0,below,0.3795066413662239,78320.0,False,,0,0,4.034420628576581e-05,30,NONE,0.001772444917307663,0.0016066322666477072,0.0002798930996931367,0.7232133747743532,4.034420628576581e-05,0.0012103261885729744,0.00018380554063646137,0.00043771886453281006,0.0008064926997917166,78910.13613029181,0.17724449173076628,0.0253068455017047,-0.28486527799044503,,197,1,13488,13517,2025-08-12 09:45:00,2025-08-12 14:25:00,78980.0,79050.0,30,0.08863003291972316,0.0029543344306574384,196.0,-1.0,13431.0,13487.0,2025-08-11 21:00:00,2025-08-12 09:40:00,78820.0,78940.0,57.0,0.15224562293834065,0.0026709758410235203,18234.0,,607.8,,23800.0,0.0,417.5438596491228,0.0,1.4556554621848738,,0.7661344537815126,,100.0,0.0,0.0,False,False,,,,,0,0,,,,,0,0,0.17421105345851368,38.25731215531335,
CU:15m:1:-1:4472:4477:2,CU,15m,4505,2025-08-12 14:30:00,0.0,1,1,CHoCH,1,78590.0,88.0,BOS,1,79030.0,0.0,15,11,6,2,active_bear_internal_ob,internal,-1.0,362.0,79110.0,79300.0,79205.0,0.07590132827324478,current_internal_high,internal,0.0,4.0,79030.0,79030.0,79030.0,0.025300442757748263,79010.0,79070.0,78980.0,79050.0,1913.0,156403.0,1,1,0,1,1,0,active_bear_internal_ob,79030.0,4.0,below,0.025300442757748263,78990.0,True,0.0,78910.0,1.0,below,0.17710309930423782,78780.0,False,,78590.0,103.0,below,0.58191018342821,78790.0,True,88.0,78050.0,86.0,below,1.265022137887413,78030.0,False,,1,1,8.660235746123204e-05,90,UP_CONFIRMED,0.002036225847242949,0.0023244475317390056,0.0016042835968739148,0.4287107047790548,8.660235746123204e-05,0.007794212171510884,0.0003016847116448229,0.0006105430157203884,0.000770602218669536,78889.36343909278,0.2036225847242949,0.05062650297431581,0.4642497020956932,,59,1,4416,4505,2025-08-07 21:15:00,2025-08-12 14:15:00,78480.0,79050.0,90,0.7262996941896027,0.008069996602106697,58.0,-1.0,4358.0,4415.0,2025-08-05 22:15:00,2025-08-07 21:00:00,78080.0,78380.0,58.0,0.38422131147541894,0.006624505370265843,151868.0,,1687.4222222222222,,82128.0,0.0,1416.0,0.0,1.1916823603264282,,1.849162283265147,,42.22222222222222,47.77777777777778,10.0,False,False,2025-08-12 09:00:00,78910.0,2025-08-12 00:30:00,78820.0,2,2,2025-08-12 09:30:00,78940.0,2025-08-12 09:15:00,78870.0,5,5,0.6901784509946287,71.3275828925948,
CU:15m:1:-1:4472:4477:2,CU,1h,1310,2025-08-12 14:00:00,30.0,-1,1,CHoCH,-1,77920.0,182.0,BOS,1,78610.0,16.0,11,5,2,2,active_bear_internal_ob,internal,-1.0,79.0,79070.0,79240.0,79155.0,0.025300442757748263,current_internal_low,internal,0.0,2.0,78750.0,78750.0,78750.0,0.3795066413662239,78980.0,79040.0,78970.0,79030.0,3685.0,156019.0,0,0,0,0,0,0,,79170.0,3.0,above,0.15180265654648956,78610.0,False,,78750.0,2.0,below,0.3795066413662239,78320.0,False,,80130.0,83.0,above,1.366223908918406,80990.0,False,,77950.0,21.0,below,1.3915243516761544,77700.0,False,,0,0,0.000192927628299177,17,NONE,0.007259825003723038,0.0078286182967923,0.0014756569809380934,0.34995169334076004,0.000192927628299177,0.003279769681086009,0.0007534566807281262,0.0017839186867427692,,78460.39128951449,0.7259825003723037,0.06330716637124034,-0.6385140807499677,,19,1,1294,1310,2025-08-08 21:00:00,2025-08-12 13:30:00,78820.0,79030.0,17,0.2664298401420906,0.015672343537770035,18.0,-1.0,1231.0,1293.0,2025-07-30 21:00:00,2025-08-08 14:00:00,78670.0,78490.0,63.0,-0.22880386424304344,-0.0036318073689371975,108469.0,,6380.529411764706,,437140.0,0.0,6938.730158730159,0.0,0.9195528959627957,,0.24813332113281786,,64.70588235294117,35.294117647058826,0.0,False,False,,,,,0,0,2025-08-12 09:00:00,78990.0,2025-08-11 23:00:00,78790.0,1,1,0.18849520119568602,140.34618737843383,2.0
CU:15m:1:-1:4472:4477:2,CU,4h,580,2025-08-12 11:30:00,180.0,1,1,BOS,1,79470.0,130.0,CHoCH,1,78590.0,6.0,5,3,1,1,active_bear_internal_ob,internal,-1.0,96.0,79440.0,80160.0,79800.0,0.49335863377609107,current_internal_high,internal,0.0,14.0,78590.0,78590.0,78590.0,0.58191018342821,78950.0,79030.0,78850.0,78980.0,19196.0,155453.0,1,1,0,1,1,0,active_bear_internal_ob,78590.0,14.0,below,0.58191018342821,78790.0,True,6.0,78050.0,11.0,below,1.265022137887413,78030.0,False,,80130.0,8.0,above,1.366223908918406,80990.0,False,,77700.0,30.0,below,1.7077798861480076,77810.0,False,,-1,-1,-0.00022253263273685575,-95,DOWN_CONFIRMED,0.005129155454072873,0.001453032925884544,0.011874123443470531,0.6215640242783573,-0.00022253263273685575,-0.021140600110001295,0.0008027747712253674,0.0010241619244093503,0.00045556475656449713,78576.96652359102,0.5129155454072873,0.21570866641289488,0.7816789195013757,,8,-1,486,580,2025-07-09 21:00:00,2025-08-12 09:00:00,78310.0,78980.0,95,0.8555740007661905,0.009006042113328321,7.0,1.0,390.0,485.0,2025-06-05 21:00:00,2025-07-09 13:30:00,78620.0,78400.0,96.0,-0.2798270160264571,-0.0029148647502755948,1660148.0,,17475.242105263158,,2057966.0,0.0,21437.145833333332,0.0,0.8151851109810674,,0.8066935994083478,,24.210526315789473,22.105263157894736,53.68421052631579,False,False,2025-08-08 21:00:00,78950.0,2025-08-05 21:00:00,78120.0,3,2,2025-08-08 09:00:00,78470.0,2025-08-08 00:00:00,78360.0,4,3,8.171957587431871,222.62518831728406,
CU:15m:1:1:4488:4500:1,CU,5m,13710,2025-08-14 21:05:00,0.0,1,-1,BOS,1,79170.0,186.0,BOS,-1,78940.0,4.0,28,15,14,4,current_internal_low,internal,0.0,6.0,78940.0,78940.0,78940.0,0.07606490872210953,active_bull_internal_ob,internal,1.0,349.0,78700.0,78760.0,78730.0,0.15212981744421905,78760.0,78890.0,78760.0,78880.0,3904.0,151580.0,0,0,0,0,0,0,,79030.0,2.0,above,0.19016227180527384,79290.0,False,,78940.0,6.0,above,0.07606490872210953,79140.0,True,4.0,79510.0,98.0,above,0.7986815415821502,79170.0,False,,78750.0,229.0,below,0.16480730223123732,78320.0,False,,0,0,-0.0001107544645779136,-19,NONE,-0.0023464647359095216,-0.0022403159308009802,0.00033611152000920724,0.3760717534899744,-0.0001107544645779136,-0.0021043348269803586,-0.0009360333458651171,-0.0012786108332470958,,79065.52446498327,-0.23464647359095217,-0.08866371120962446,3.2394074416736296,,202,-1,13692,13710,2025-08-14 13:30:00,2025-08-14 21:00:00,79080.0,78880.0,19,-0.25290844714213057,-0.013310970902217398,201.0,1.0,13678.0,13691.0,2025-08-14 10:05:00,2025-08-14 11:25:00,79270.0,79100.0,14.0,-0.21445691938942746,-0.015318351384959104,23468.0,,1235.157894736842,,9866.0,0.0,704.7142857142857,0.0,1.7527073308651724,,2.3786742347455907,,0.0,0.0,100.0,True,True,,,,,0,0,,,,,0,0,0.15002862560060326,59.20444542697151,
CU:15m:1:1:4488:4500:1,CU,15m,4569,2025-08-14 15:00:00,365.0,1,-1,CHoCH,1,78590.0,152.0,BOS,-1,79060.0,5.0,14,11,6,1,current_internal_low,internal,0.0,10.0,79060.0,79060.0,79060.0,0.2281947261663286,active_bull_internal_ob,internal,1.0,69.0,78780.0,78860.0,78820.0,0.02535496957403651,78920.0,78950.0,78880.0,78950.0,3542.0,152341.0,0,0,0,0,0,0,,79290.0,5.0,above,0.5197768762677485,79290.0,False,,79060.0,10.0,above,0.2281947261663286,79150.0,True,5.0,78590.0,167.0,below,0.3676470588235294,78790.0,True,152.0,78050.0,150.0,below,1.0522312373225153,78030.0,False,,0,0,-0.00015168758423382092,-6,NONE,-0.0031857000712660014,-0.0032991721732424507,0.00024753012574851266,0.6766736821030641,-0.00015168758423382092,-0.0009101255054029256,-0.0009101255054029256,,,79202.3148199664,-0.31857000712660016,0.025338907893068807,1.2003845967237616,,60,-1,4564,4569,2025-08-14 13:30:00,2025-08-14 14:45:00,79010.0,78950.0,6,-0.07593975446146262,-0.012656625743577102,59.0,1.0,4416.0,4563.0,2025-08-07 21:15:00,2025-08-14 11:15:00,78480.0,79100.0,148.0,0.7900101936799242,0.005337906714053542,19564.0,,3260.6666666666665,,242538.0,0.0,1638.7702702702702,0.0,1.9897033317115944,,0.08066364858290247,,0.0,0.0,100.0,True,True,,,,,0,0,,,,,0,0,0.07502795027070025,77.6649869697967,
CU:15m:1:1:4488:4500:1,CU,1h,1329,2025-08-14 15:00:00,365.0,-1,1,CHoCH,-1,77920.0,201.0,BOS,1,79170.0,17.0,12,4,2,2,active_bear_internal_ob,internal,-1.0,124.0,79180.0,79550.0,79365.0,0.3803245436105477,current_internal_low,internal,0.0,21.0,78750.0,78750.0,78750.0,0.16480730223123732,79000.0,79030.0,78880.0,78950.0,11274.0,152341.0,1,1,1,0,1,0,active_bull_internal_ob,79510.0,9.0,above,0.7986815415821502,79170.0,False,,78750.0,21.0,below,0.16480730223123732,78320.0,False,,80130.0,102.0,above,1.584685598377282,80990.0,False,,77950.0,40.0,below,1.1790060851926978,77700.0,False,,0,0,0.0004040849354714123,36,NONE,-0.004934832030690225,0.003561690400451981,0.005675290000004003,0.06718257076264189,0.0004040849354714123,0.014547057676970843,-0.0011846392490252322,-0.0016793637172480835,0.011354894933109039,79341.53715893612,-0.4934832030690225,-0.06329113924050667,1.7209572508274011,,19,1,1294,1329,2025-08-08 21:00:00,2025-08-14 14:00:00,78820.0,78950.0,36,0.16493275818321163,0.004581465505089212,18.0,-1.0,1231.0,1293.0,2025-07-30 21:00:00,2025-08-08 14:00:00,78670.0,78490.0,63.0,-0.22880386424304344,-0.0036318073689371975,222309.0,,6175.25,,437140.0,0.0,6938.730158730159,0.0,0.8899683167863842,,0.5085533238779338,,58.333333333333336,36.11111111111111,5.555555555555555,True,True,,,2025-08-13 00:00:00,79410.0,0,1,2025-08-14 09:00:00,79230.0,2025-08-14 10:00:00,79190.0,2,3,1.5934259752851636,144.00913354051036,4.0
CU:15m:1:1:4488:4500:1,CU,4h,589,2025-08-14 15:00:00,365.0,1,1,BOS,1,79470.0,139.0,CHoCH,1,78590.0,15.0,5,2,1,1,active_bear_internal_ob,internal,-1.0,105.0,79440.0,80160.0,79800.0,0.7099391480730223,active_bull_internal_ob,internal,1.0,15.0,78050.0,78210.0,78130.0,0.8493914807302232,79020.0,79100.0,78880.0,78950.0,19564.0,152341.0,0,0,0,0,0,0,,79510.0,1.0,above,0.7986815415821502,78590.0,False,,78050.0,20.0,below,1.0522312373225153,78030.0,False,,80130.0,17.0,above,1.584685598377282,80990.0,False,,77700.0,39.0,below,1.4959432048681542,77810.0,False,,0,0,0.00015192507365013874,8,NONE,0.002959581582299309,0.007088050609873898,0.0026076339420282204,0.05668519212676937,0.00015192507365013874,0.00121540058920111,0.0008379694677349558,,,78717.03052624124,0.2959581582299309,-0.18963337547408532,0.8476681200365097,,9,1,582,589,2025-08-12 21:00:00,2025-08-14 13:30:00,79460.0,78950.0,8,-0.641832368487294,-0.08022904606091175,8.0,-1.0,486.0,581.0,2025-07-09 21:00:00,2025-08-12 13:30:00,78310.0,79020.0,96.0,0.9066530455880573,0.00944430255820893,103783.0,,12972.875,,1673890.0,0.0,17436.354166666668,0.0,0.7440130474523415,,0.06200108728769513,,50.0,50.0,0.0,True,False,,,,,0,0,2025-08-14 00:00:00,79110.0,2025-08-14 09:00:00,79100.0,1,2,0.36789155235371723,219.14661746959462,
CU:15m:1:1:4499:4505:1,CU,5m,13693,2025-08-14 13:40:00,0.0,1,-1,BOS,1,79170.0,169.0,CHoCH,-1,79140.0,3.0,30,14,15,4,current_internal_low,internal,0.0,19.0,79140.0,79140.0,79140.0,0.21527162213498796,active_bull_internal_ob,internal,1.0,176.0,78910.0,78940.0,78925.0,0.03798910978852729,79080.0,79090.0,78960.0,78970.0,2390.0,152819.0,0,0,0,0,0,0,,79290.0,9.0,above,0.40521717107762445,79240.0,False,,79140.0,19.0,above,0.21527162213498796,79060.0,True,3.0,79510.0,81.0,above,0.6838039761934912,79170.0,False,,78750.0,212.0,below,0.2785868051158668,78320.0,False,,0,0,-0.0001400524459068686,-2,NONE,-0.003030704819123716,-0.002476171073125994,0.0005545337459977217,0.15865525393145696,-0.0001400524459068686,-0.0002801048918137372,,,,79210.062317589,-0.30307048191237157,-0.1390996459281757,2.4895316760573243,,202,-1,13692,13693,2025-08-14 13:30:00,2025-08-14 13:35:00,79080.0,78970.0,2,-0.1390996459281757,-0.06954982296408785,201.0,1.0,13678.0,13691.0,2025-08-14 10:05:00,2025-08-14 11:25:00,79270.0,79100.0,14.0,-0.21445691938942746,-0.015318351384959104,5097.0,,2548.5,,9866.0,0.0,704.7142857142857,0.0,3.616359213460369,,0.5166227447800527,,0.0,0.0,100.0,True,True,,,,,0,0,,,,,0,0,0.22394807532326969,51.59716825045409,
CU:15m:1:1:4499:4505:1,CU,15m,4563,2025-08-14 11:30:00,130.0,1,-1,CHoCH,1,78590.0,146.0,BOS,-1,79150.0,17.0,15,10,6,1,current_internal_low,internal,0.0,4.0,79060.0,79060.0,79060.0,0.11396732936558188,active_bull_internal_ob,internal,1.0,63.0,78780.0,78860.0,78820.0,0.1392934025579334,79190.0,79200.0,79090.0,79100.0,2247.0,153708.0,1,1,1,0,1,0,active_bull_internal_ob,79290.0,16.0,above,0.40521717107762445,79470.0,False,,79060.0,4.0,above,0.11396732936558188,79150.0,False,,78590.0,161.0,below,0.481195390654679,78790.0,True,146.0,78050.0,144.0,below,1.1649993668481702,78030.0,False,,1,1,8.904089149091832e-05,148,UP_CONFIRMED,-0.0026579772155708977,0.0012175482704037859,0.0025673779357774386,0.06558212151854648,8.904089149091832e-05,0.01317805194065591,-0.0004033272439728508,-0.0007601839136793798,-0.0010830767714802292,79310.80631613685,-0.26579772155708975,-0.11365071347392286,1.4343748926631128,,59,1,4416,4563,2025-08-07 21:15:00,2025-08-14 11:15:00,78480.0,79100.0,148,0.7900101936799242,0.005337906714053542,58.0,-1.0,4358.0,4415.0,2025-08-05 22:15:00,2025-08-07 21:00:00,78080.0,78380.0,58.0,0.38422131147541894,0.006624505370265843,242538.0,,1638.7702702702702,,82128.0,0.0,1416.0,0.0,1.1573236371965185,,2.9531706604324954,,38.513513513513516,47.97297297297297,13.513513513513514,True,True,2025-08-13 14:30:00,79450.0,2025-08-13 14:45:00,79380.0,3,4,2025-08-14 09:30:00,79220.0,2025-08-14 11:15:00,79100.0,7,8,2.1086457089097563,74.23302544778863,
CU:15m:1:1:4499:4505:1,CU,1h,1327,2025-08-14 11:30:00,130.0,-1,1,CHoCH,-1,77920.0,199.0,BOS,1,79170.0,15.0,12,4,2,2,active_bear_internal_ob,internal,-1.0,122.0,79180.0,79550.0,79365.0,0.265923768519691,active_bull_internal_ob,internal,1.0,15.0,78750.0,78940.0,78845.0,0.03798910978852729,79190.0,79210.0,79090.0,79100.0,3649.0,153708.0,0,0,0,0,0,0,,79510.0,7.0,above,0.6838039761934912,79170.0,False,,78750.0,19.0,below,0.2785868051158668,78320.0,False,,80130.0,100.0,above,1.4689122451563885,80990.0,False,,77950.0,38.0,below,1.291629732809928,77700.0,False,,0,0,0.0004511283296248993,34,NONE,-0.003821250225818735,0.004056368791160545,0.0054496231815743985,0.07415388690696217,0.0004511283296248993,0.015338363207246575,-0.0005418326454498246,-0.0010096738232858726,0.012406867094902685,79403.42033789697,-0.3821250225818735,-0.11365071347392286,-0.5842301836595817,,19,1,1294,1327,2025-08-08 21:00:00,2025-08-14 11:00:00,78820.0,79100.0,34,0.3552397868561208,0.010448229025180023,18.0,-1.0,1231.0,1293.0,2025-07-30 21:00:00,2025-08-08 14:00:00,78670.0,78490.0,63.0,-0.22880386424304344,-0.0036318073689371975,202745.0,,5963.088235294118,,437140.0,0.0,6938.730158730159,0.0,0.859391862615019,,0.4637987829985817,,61.76470588235294,38.23529411764706,0.0,True,True,,,2025-08-13 00:00:00,79410.0,0,1,2025-08-14 09:00:00,79230.0,2025-08-14 10:00:00,79190.0,2,3,1.3434733038697,143.82124363278123,2.0
CU:15m:1:1:4499:4505:1,CU,4h,588,2025-08-14 11:30:00,130.0,1,1,BOS,1,79470.0,138.0,CHoCH,1,78590.0,14.0,5,2,1,1,active_bear_internal_ob,internal,-1.0,104.0,79440.0,80160.0,79800.0,0.5951627200202609,active_bull_internal_ob,internal,1.0,14.0,78050.0,78210.0,78130.0,0.962390781309358,79160.0,79290.0,79090.0,79100.0,16419.0,153708.0,0,0,0,0,0,0,,79510.0,0.0,above,0.6838039761934912,78590.0,False,,78050.0,19.0,below,1.1649993668481702,78030.0,False,,80130.0,16.0,above,1.4689122451563885,80990.0,False,,77700.0,38.0,below,1.6082056477143218,77810.0,False,,0,0,0.000152519795687248,7,NONE,0.005013463816265746,0.007677831899527411,0.002233475443784574,0.11644942715990692,0.000152519795687248,0.001067638569810736,0.0009912946742360873,,,78705.41325848435,0.5013463816265746,-0.012640626975102265,0.4862540744911836,,9,1,582,588,2025-08-12 21:00:00,2025-08-14 09:00:00,79460.0,79100.0,7,-0.45305814246161535,-0.06472259178023076,8.0,-1.0,486.0,581.0,2025-07-09 21:00:00,2025-08-12 13:30:00,78310.0,79020.0,96.0,0.9066530455880573,0.00944430255820893,84219.0,,12031.285714285714,,1673890.0,0.0,17436.354166666668,0.0,0.6900115470977355,,0.05031334197587655,,57.14285714285714,42.857142857142854,0.0,True,False,,,,,0,0,2025-08-14 00:00:00,79110.0,2025-08-14 09:00:00,79100.0,1,2,0.29089923731230033,219.08097265956343,
CU:15m:1:1:4499:4505:2,CU,5m,13698,2025-08-14 14:05:00,0.0,1,-1,BOS,1,79170.0,174.0,CHoCH,-1,79140.0,8.0,30,14,15,4,current_internal_low,internal,0.0,24.0,79140.0,79140.0,79140.0,0.22796352583586624,active_bull_internal_ob,internal,1.0,181.0,78910.0,78940.0,78925.0,0.025329280648429587,79000.0,79020.0,78960.0,78960.0,803.0,152538.0,0,0,0,0,0,0,,79290.0,14.0,above,0.4179331306990881,79240.0,False,,79140.0,24.0,above,0.22796352583586624,79060.0,True,8.0,79510.0,86.0,above,0.6965552178318136,79170.0,False,,78750.0,217.0,below,0.26595744680851063,78320.0,False,,0,0,-9.768444908707176e-05,-7,NONE,-0.002754264217976697,-0.002400843547169758,0.0003504319211897208,0.15660034412554336,-9.768444908707176e-05,-0.0006837911436095023,-0.00040379935797130173,,,79178.0773452803,-0.27542642179766974,-0.05063291139240089,-0.19902632417565372,,202,-1,13692,13698,2025-08-14 13:30:00,2025-08-14 14:00:00,79080.0,78960.0,7,-0.15174506828528056,-0.021677866897897222,201.0,1.0,13678.0,13691.0,2025-08-14 10:05:00,2025-08-14 11:25:00,79270.0,79100.0,14.0,-0.21445691938942746,-0.015318351384959104,9093.0,,1299.0,,9866.0,0.0,704.7142857142857,0.0,1.8433002229880397,,0.9216501114940199,,0.0,0.0,100.0,True,True,,,,,0,0,,,,,0,0,0.14596199806639987,52.13089670824628,
CU:15m:1:1:4499:4505:2,CU,15m,4565,2025-08-14 14:00:00,5.0,1,-1,CHoCH,1,78590.0,148.0,BOS,-1,79060.0,1.0,15,11,6,1,current_internal_low,internal,0.0,6.0,79060.0,79060.0,79060.0,0.12664640324214793,active_bull_internal_ob,internal,1.0,65.0,78780.0,78860.0,78820.0,0.12664640324214793,79010.0,79030.0,78980.0,79000.0,2119.0,152643.0,1,1,1,0,1,0,active_bull_internal_ob,79290.0,1.0,above,0.4179331306990881,79290.0,False,,79060.0,6.0,above,0.12664640324214793,79150.0,True,1.0,78590.0,163.0,below,0.4685916919959473,78790.0,True,148.0,78050.0,146.0,below,1.152482269503546,78030.0,False,,0,0,-7.354629755113029e-05,-2,NONE,-0.003315601172317532,-0.003325831607404066,1.0230435086533928e-05,0.8413447460685455,-7.354629755113029e-05,-0.00014709259510226058,,,,79262.80384535082,-0.33156011723175316,-0.012656625743578953,0.4816792879888337,,60,-1,4564,4565,2025-08-14 13:30:00,2025-08-14 13:45:00,79010.0,79000.0,2,-0.012656625743578953,-0.0063283128717894765,59.0,1.0,4416.0,4563.0,2025-08-07 21:15:00,2025-08-14 11:15:00,78480.0,79100.0,148.0,0.7900101936799242,0.005337906714053542,8290.0,,4145.0,,242538.0,0.0,1638.7702702702702,0.0,2.5293356092653525,,0.03418021093601827,,0.0,0.0,100.0,True,True,,,,,0,0,,,,,0,0,0.003076053238461811,76.86419030957285,
CU:15m:1:1:4499:4505:2,CU,1h,1328,2025-08-14 14:00:00,5.0,-1,1,CHoCH,-1,77920.0,200.0,BOS,1,79170.0,16.0,12,4,2,2,active_bear_internal_ob,internal,-1.0,123.0,79180.0,79550.0,79365.0,0.2786220871327254,active_bull_internal_ob,internal,1.0,16.0,78750.0,78940.0,78845.0,0.025329280648429587,79020.0,79100.0,78960.0,79000.0,8290.0,152643.0,0,0,0,0,0,0,,79510.0,8.0,above,0.6965552178318136,79170.0,False,,78750.0,20.0,below,0.26595744680851063,78320.0,False,,80130.0,101.0,above,1.4817629179331306,80990.0,False,,77950.0,39.0,below,1.279128672745694,77700.0,False,,0,0,0.0004289175879721187,35,NONE,-0.004760852452497001,0.003804448184198901,0.005568450686428197,0.06200184042507606,0.0004289175879721187,0.015012115579024154,-0.0007732255981937053,-0.0012747227072456013,0.011913556378625234,79377.9065008386,-0.4760852452497001,-0.12642225031606058,0.962850087162377,,19,1,1294,1328,2025-08-08 21:00:00,2025-08-14 13:30:00,78820.0,79000.0,35,0.22836843440749988,0.006524812411642854,18.0,-1.0,1231.0,1293.0,2025-07-30 21:00:00,2025-08-08 14:00:00,78670.0,78490.0,63.0,-0.22880386424304344,-0.0036318073689371975,211035.0,,6029.571428571428,,437140.0,0.0,6938.730158730159,0.0,0.8689733266230498,,0.48276295923502766,,60.0,37.142857142857146,2.857142857142857,True,True,,,2025-08-13 00:00:00,79410.0,0,1,2025-08-14 09:00:00,79230.0,2025-08-14 10:00:00,79190.0,2,3,1.463668426226901,143.54829765901115,2.0
CU:15m:1:1:4499:4505:2,CU,4h,588,2025-08-14 11:30:00,155.0,1,1,BOS,1,79470.0,138.0,CHoCH,1,78590.0,14.0,5,2,1,1,active_bear_internal_ob,internal,-1.0,104.0,79440.0,80160.0,79800.0,0.60790273556231,active_bull_internal_ob,internal,1.0,14.0,78050.0,78210.0,78130.0,0.9498480243161094,79160.0,79290.0,79090.0,79100.0,16419.0,153708.0,0,0,0,0,0,0,,79510.0,0.0,above,0.6965552178318136,78590.0,False,,78050.0,19.0,below,1.152482269503546,78030.0,False,,80130.0,16.0,above,1.4817629179331306,80990.0,False,,77700.0,38.0,below,1.5957446808510638,77810.0,False,,0,0,0.000152519795687248,7,NONE,0.005013463816265746,0.007677831899527411,0.002233475443784574,0.11644942715990692,0.000152519795687248,0.001067638569810736,0.0009912946742360873,,,78705.41325848435,0.5013463816265746,-0.012640626975102265,0.4862540744911836,,9,1,582,588,2025-08-12 21:00:00,2025-08-14 09:00:00,79460.0,79100.0,7,-0.45305814246161535,-0.06472259178023076,8.0,-1.0,486.0,581.0,2025-07-09 21:00:00,2025-08-12 13:30:00,78310.0,79020.0,96.0,0.9066530455880573,0.00944430255820893,84219.0,,12031.285714285714,,1673890.0,0.0,17436.354166666668,0.0,0.6900115470977355,,0.05031334197587655,,57.14285714285714,42.857142857142854,0.0,True,False,,,,,0,0,2025-08-14 00:00:00,79110.0,2025-08-14 09:00:00,79100.0,1,2,0.29089923731230033,219.08097265956343,
CU:15m:1:1:4499:4505:3,CU,5m,13705,2025-08-14 14:40:00,0.0,1,-1,BOS,1,79170.0,181.0,CHoCH,-1,79140.0,15.0,30,14,15,4,active_bear_internal_ob,internal,-1.0,15.0,79240.0,79290.0,79265.0,0.32919726513041275,active_bull_internal_ob,internal,1.0,188.0,78910.0,78940.0,78925.0,0.05064573309698658,79020.0,79020.0,78960.0,78980.0,783.0,152025.0,0,0,0,0,0,0,,79290.0,21.0,above,0.392504431501646,79240.0,False,,78940.0,1.0,below,0.05064573309698658,79140.0,False,,79510.0,93.0,above,0.6710559635350721,79170.0,False,,78750.0,224.0,below,0.2912129653076728,78320.0,False,,0,0,-8.352829105970747e-05,-14,NONE,-0.002016711831340813,-0.002214204568894574,0.00036733665246996473,0.7045851836668916,-8.352829105970747e-05,-0.0011693960748359045,-0.0003428984517671596,-0.0007050314674242886,,79139.60177121962,-0.2016711831340813,-0.050620096178177754,-0.22248644758197492,,202,-1,13692,13705,2025-08-14 13:30:00,2025-08-14 14:35:00,79080.0,78980.0,14,-0.12645422357107083,-0.009032444540790774,201.0,1.0,13678.0,13691.0,2025-08-14 10:05:00,2025-08-14 11:25:00,79270.0,79100.0,14.0,-0.21445691938942746,-0.015318351384959104,14604.0,,1043.142857142857,,9866.0,0.0,704.7142857142857,0.0,1.480235151023718,,1.4802351510237177,,0.0,0.0,100.0,True,True,,,,,0,0,,,,,0,0,0.16590005170721647,48.843074491885176,
CU:15m:1:1:4499:4505:3,CU,15m,4567,2025-08-14 14:30:00,10.0,1,-1,CHoCH,1,78590.0,150.0,BOS,-1,79060.0,3.0,15,11,6,1,current_internal_low,internal,0.0,8.0,79060.0,79060.0,79060.0,0.10129146619397315,active_bull_internal_ob,internal,1.0,67.0,78780.0,78860.0,78820.0,0.15193719929095975,78970.0,79030.0,78960.0,79010.0,2823.0,151974.0,1,1,1,0,1,0,active_bull_internal_ob,79290.0,3.0,above,0.392504431501646,79290.0,False,,79060.0,8.0,above,0.10129146619397315,79150.0,True,3.0,78590.0,165.0,below,0.49379589769561916,78790.0,True,150.0,78050.0,148.0,below,1.177513294504938,78030.0,False,,0,0,-0.00011923576157735205,-4,NONE,-0.0028604832837924353,-0.003231527368769049,0.00021734325754930948,0.9561057090380944,-0.00011923576157735205,-0.0004769430463094082,,,,79236.65512745571,-0.28604832837924354,0.03798429982273532,0.8722442519587241,,60,-1,4564,4567,2025-08-14 13:30:00,2025-08-14 14:15:00,79010.0,79010.0,4,0.0,0.0,59.0,1.0,4416.0,4563.0,2025-08-07 21:15:00,2025-08-14 11:15:00,78480.0,79100.0,148.0,0.7900101936799242,0.005337906714053542,13267.0,,3316.75,,242538.0,0.0,1638.7702702702702,0.0,2.023926147655213,,0.05470070669338413,,0.0,0.0,100.0,True,True,,,,,0,0,,,,,0,0,0.06725713037426626,76.58187837917251,
CU:15m:1:1:4499:4505:3,CU,1h,1328,2025-08-14 14:00:00,40.0,-1,1,CHoCH,-1,77920.0,200.0,BOS,1,79170.0,16.0,12,4,2,2,active_bear_internal_ob,internal,-1.0,123.0,79180.0,79550.0,79365.0,0.2532286654849329,active_bull_internal_ob,internal,1.0,16.0,78750.0,78940.0,78845.0,0.05064573309698658,79020.0,79100.0,78960.0,79000.0,8290.0,152643.0,0,0,0,0,0,0,,79510.0,8.0,above,0.6710559635350721,79170.0,False,,78750.0,20.0,below,0.2912129653076728,78320.0,False,,80130.0,101.0,above,1.456064826538364,80990.0,False,,77950.0,39.0,below,1.3041276272474045,77700.0,False,,0,0,0.0004289175879721187,35,NONE,-0.004760852452497001,0.003804448184198901,0.005568450686428197,0.06200184042507606,0.0004289175879721187,0.015012115579024154,-0.0007732255981937053,-0.0012747227072456013,0.011913556378625234,79377.9065008386,-0.4760852452497001,-0.12642225031606058,0.962850087162377,,19,1,1294,1328,2025-08-08 21:00:00,2025-08-14 13:30:00,78820.0,79000.0,35,0.22836843440749988,0.006524812411642854,18.0,-1.0,1231.0,1293.0,2025-07-30 21:00:00,2025-08-08 14:00:00,78670.0,78490.0,63.0,-0.22880386424304344,-0.0036318073689371975,211035.0,,6029.571428571428,,437140.0,0.0,6938.730158730159,0.0,0.8689733266230498,,0.48276295923502766,,60.0,37.142857142857146,2.857142857142857,True,True,,,2025-08-13 00:00:00,79410.0,0,1,2025-08-14 09:00:00,79230.0,2025-08-14 10:00:00,79190.0,2,3,1.463668426226901,143.54829765901115,2.0
CU:15m:1:1:4499:4505:3,CU,4h,588,2025-08-14 11:30:00,190.0,1,1,BOS,1,79470.0,138.0,CHoCH,1,78590.0,14.0,5,2,1,1,active_bear_internal_ob,internal,-1.0,104.0,79440.0,80160.0,79800.0,0.5824259306153456,active_bull_internal_ob,internal,1.0,14.0,78050.0,78210.0,78130.0,0.9749303621169917,79160.0,79290.0,79090.0,79100.0,16419.0,153708.0,0,0,0,0,0,0,,79510.0,0.0,above,0.6710559635350721,78590.0,False,,78050.0,19.0,below,1.177513294504938,78030.0,False,,80130.0,16.0,above,1.456064826538364,80990.0,False,,77700.0,38.0,below,1.6206634591035705,77810.0,False,,0,0,0.000152519795687248,7,NONE,0.005013463816265746,0.007677831899527411,0.002233475443784574,0.11644942715990692,0.000152519795687248,0.001067638569810736,0.0009912946742360873,,,78705.41325848435,0.5013463816265746,-0.012640626975102265,0.4862540744911836,,9,1,582,588,2025-08-12 21:00:00,2025-08-14 09:00:00,79460.0,79100.0,7,-0.45305814246161535,-0.06472259178023076,8.0,-1.0,486.0,581.0,2025-07-09 21:00:00,2025-08-12 13:30:00,78310.0,79020.0,96.0,0.9066530455880573,0.00944430255820893,84219.0,,12031.285714285714,,1673890.0,0.0,17436.354166666668,0.0,0.6900115470977355,,0.05031334197587655,,57.14285714285714,42.857142857142854,0.0,True,False,,,,,0,0,2025-08-14 00:00:00,79110.0,2025-08-14 09:00:00,79100.0,1,2,0.29089923731230033,219.08097265956343,
CU:15m:1:-1:4537:4539:1,CU,5m,14337,2025-08-25 11:05:00,0.0,1,1,BOS,1,78890.0,66.0,CHoCH,1,79270.0,6.0,32,12,16,4,active_bear_internal_ob,internal,-1.0,1952.0,79410.0,79510.0,79460.0,0.025192089683839278,current_internal_high,internal,0.0,16.0,79270.0,79270.0,79270.0,0.15115253810303564,79330.0,79390.0,79330.0,79390.0,862.0,113976.0,1,1,0,1,1,0,active_bear_internal_ob,79270.0,16.0,below,0.15115253810303564,79260.0,True,6.0,79160.0,9.0,below,0.28970903136415166,79040.0,False,,78890.0,98.0,below,0.6298022420959819,78800.0,True,66.0,78630.0,52.0,below,0.9572994079858924,78530.0,False,,1,1,8.818519684803723e-05,70,UP_CONFIRMED,0.002854056625666629,0.0025732800542780715,0.0008825016911192756,0.6248181419683951,8.818519684803723e-05,0.006172963779362606,0.0004944949517065034,0.0010616014444311261,0.0019824406892776647,79164.06128637095,0.2854056625666629,0.08825012607160954,0.454047903345409,,213,1,14268,14337,2025-08-22 21:00:00,2025-08-25 11:00:00,78790.0,79390.0,70,0.7615179591318633,0.010878827987598047,212.0,-1.0,14234.0,14267.0,2025-08-22 09:55:00,2025-08-22 14:55:00,78670.0,78690.0,34.0,0.02542265158256285,0.0007477250465459662,38385.0,,548.3571428571429,,19983.0,0.0,587.7352941176471,0.0,0.933000193021211,,1.9208827503377872,,52.85714285714286,34.285714285714285,12.857142857142856,False,False,,,,,0,0,2025-08-25 09:00:00,79210.0,2025-08-22 23:50:00,79140.0,5,4,0.342948172178974,42.63941935333363,
CU:15m:1:-1:4537:4539:1,CU,15m,4778,2025-08-25 11:00:00,5.0,1,1,CHoCH,1,79290.0,1.0,CHoCH,1,78850.0,22.0,16,9,7,1,active_bear_internal_ob,internal,-1.0,650.0,79400.0,79510.0,79455.0,0.012596044841919639,current_internal_high,internal,0.0,12.0,79320.0,79320.0,79320.0,0.08817231389343747,79310.0,79330.0,79290.0,79320.0,2105.0,114178.0,1,1,0,1,1,0,active_bear_internal_ob,79320.0,12.0,below,0.08817231389343747,78850.0,False,,79040.0,3.0,below,0.44086156946718735,78630.0,False,,79290.0,119.0,below,0.12596044841919637,79510.0,True,1.0,78480.0,30.0,below,1.1462400806146869,78740.0,False,,0,0,9.084699379600991e-05,50,NONE,0.004498320785084251,0.0025407362396967976,0.0016361393586244051,0.88424255274657,9.084699379600991e-05,0.004542349689800496,0.0009977026033689551,0.001875691445209604,0.0035300312165649217,78964.79103917863,0.4498320785084251,0.012608750472820063,0.36849936874908307,,63,1,4729,4778,2025-08-21 22:00:00,2025-08-25 10:45:00,78850.0,79320.0,50,0.5960684844641628,0.011921369689283257,62.0,-1.0,4629.0,4728.0,2025-08-18 14:15:00,2025-08-21 21:45:00,78930.0,78730.0,100.0,-0.2533890789306992,-0.0025338907893069917,69442.0,,1388.84,,149402.0,0.0,1494.02,0.0,0.9295993360195981,,0.46479966800979905,,56.00000000000001,44.0,0.0,False,False,,,,,0,0,2025-08-25 09:00:00,79210.0,2025-08-23 00:15:00,79080.0,2,2,0.643962695954483,76.55447414412686,
CU:15m:1:-1:4537:4539:1,CU,1h,1389,2025-08-25 11:00:00,5.0,-1,1,CHoCH,-1,77920.0,261.0,CHoCH,1,78890.0,4.0,12,4,2,2,current_swing_high,swing,0.0,24.0,79510.0,79510.0,79510.0,0.15115253810303564,current_internal_high,internal,0.0,8.0,78890.0,78890.0,78890.0,0.6298022420959819,79200.0,79330.0,79190.0,79320.0,6963.0,114178.0,1,1,0,1,1,0,active_bear_internal_ob,78890.0,8.0,below,0.6298022420959819,78800.0,True,4.0,78630.0,4.0,below,0.9572994079858924,78530.0,False,,79510.0,24.0,above,0.15115253810303564,80130.0,False,,77950.0,100.0,below,1.8138304572364279,77700.0,False,,0,0,0.00023766653375738577,5,NONE,0.007326047108266845,0.00640770867732708,0.0006067325174880573,0.9349338490833841,0.00023766653375738577,0.001188332668786929,,,,78743.12416293027,0.7326047108266844,0.164162141684554,0.6668042793297297,,21,1,1385,1389,2025-08-22 22:00:00,2025-08-25 10:00:00,79190.0,79320.0,5,0.164162141684554,0.0328324283369108,20.0,-1.0,1357.0,1384.0,2025-08-19 21:00:00,2025-08-22 21:00:00,78600.0,78890.0,28.0,0.36895674300254644,0.01317702653580523,31083.0,,6216.6,,143546.0,0.0,5126.642857142857,0.0,1.2126064118819055,,0.21653685926462599,,100.0,0.0,0.0,False,False,,,,,0,0,,,,,0,0,0.09468790608956812,141.11942065971965,3.0
CU:15m:1:-1:4537:4539:1,CU,4h,615,2025-08-23 01:00:00,3485.0,1,-1,BOS,1,79470.0,165.0,CHoCH,-1,78740.0,13.0,5,2,1,1,active_bear_internal_ob,internal,-1.0,131.0,79440.0,80160.0,79800.0,0.06298022420959819,current_internal_high,internal,0.0,16.0,79290.0,79290.0,79290.0,0.12596044841919637,79140.0,79140.0,79040.0,79110.0,1797.0,117530.0,0,0,0,0,0,0,,79290.0,16.0,below,0.12596044841919637,79510.0,False,,78480.0,4.0,below,1.1462400806146869,78740.0,False,,80130.0,43.0,above,0.9321073183020532,80990.0,False,,77950.0,16.0,below,1.8138304572364279,77700.0,False,,0,0,5.172596155209858e-05,34,NONE,0.004447142861109492,0.0023903147144533113,0.0036321467137846804,0.7143997799058073,5.172596155209858e-05,0.0017586826927713517,0.00018440883939918606,3.181556205689162e-05,5.3361466956225456e-05,78759.74416598941,0.4447142861109492,-0.037907505686129994,-1.3633094635623237,,9,1,582,615,2025-08-12 21:00:00,2025-08-23 00:00:00,79460.0,79110.0,34,-0.44047319405990937,-0.012955093942938511,8.0,-1.0,486.0,581.0,2025-07-09 21:00:00,2025-08-12 13:30:00,78310.0,79020.0,96.0,0.9066530455880573,0.00944430255820893,396188.0,,11652.588235294117,,1673890.0,0.0,17436.354166666668,0.0,0.6682927017834118,,0.2366869985482917,,11.76470588235294,41.17647058823529,47.05882352941176,False,False,2025-08-22 21:00:00,79140.0,2025-08-22 09:00:00,78700.0,2,2,2025-08-22 21:00:00,79140.0,2025-08-16 00:00:00,79080.0,3,3,1.5195265677036123,203.0300980984515,
CU:15m:1:-1:4542:4546:1,CU,5m,13666,2025-08-14 09:10:00,0.0,1,1,BOS,1,79170.0,142.0,CHoCH,1,79160.0,1.0,31,13,15,4,active_bear_internal_ob,internal,-1.0,22.0,79260.0,79290.0,79275.0,0.03786444528587656,current_internal_high,internal,0.0,3.0,79160.0,79160.0,79160.0,0.08835037233371199,79220.0,79240.0,79200.0,79230.0,670.0,156078.0,0,0,0,0,0,0,,79160.0,3.0,below,0.08835037233371199,79170.0,True,1.0,79060.0,9.0,below,0.2145651899533005,79100.0,False,,79510.0,54.0,above,0.35340148933484794,79170.0,False,,78750.0,185.0,below,0.605831124574025,78320.0,False,,0,0,-9.25059647076476e-05,-50,NONE,0.0017865224960954182,-0.002637903781933231,0.0011486870865203126,0.9999413555503477,-9.25059647076476e-05,-0.00462529823538238,-0.003437695007330932,-0.003540928354867634,-0.003796315964595065,79088.70624710247,0.17865224960954182,0.025249337204891198,1.6851746830797498,,200,-1,13617,13666,2025-08-13 21:00:00,2025-08-14 09:05:00,79340.0,79230.0,50,-0.13864381144441662,-0.0027728762288883324,199.0,1.0,13613.0,13616.0,2025-08-13 14:40:00,2025-08-13 14:55:00,79450.0,79380.0,4.0,-0.08810572687224516,-0.02202643171806129,17577.0,,351.54,,4382.0,0.0,1095.5,0.0,0.32089456869009586,,4.0111821086261985,,2.0,28.000000000000004,70.0,False,False,2025-08-14 00:55:00,79110.0,,,1,0,2025-08-14 09:00:00,79210.0,2025-08-13 22:30:00,79220.0,3,2,0.4354545053491218,42.82650113611213,
CU:15m:1:-1:4542:4546:1,CU,15m,4554,2025-08-14 01:00:00,490.0,1,-1,CHoCH,1,78590.0,137.0,BOS,-1,79150.0,8.0,15,10,6,1,active_bear_internal_ob,internal,-1.0,8.0,79240.0,79290.0,79265.0,0.012621481761958856,current_internal_low,internal,0.0,9.0,79150.0,79150.0,79150.0,0.10097185409567085,79070.0,79110.0,79060.0,79110.0,598.0,156424.0,0,0,0,0,0,0,,79290.0,7.0,above,0.07572889057175312,79470.0,False,,79150.0,9.0,below,0.10097185409567085,79250.0,True,8.0,78590.0,152.0,below,0.8077748327653668,78790.0,True,137.0,78050.0,135.0,below,1.4893348479111448,78030.0,False,,1,1,9.99750902119342e-05,139,UP_CONFIRMED,-0.0032387347830358827,0.001414610853858785,0.0025229656042000037,0.03256278355415587,9.99750902119342e-05,0.013896537539458853,-0.00018818169460455003,-0.0003635493114386712,-0.0009443643751955166,79367.04882164557,-0.32387347830358826,0.050588086505620744,-0.4203569076455419,,59,1,4416,4554,2025-08-07 21:15:00,2025-08-14 00:45:00,78480.0,79110.0,139,0.8027522935779796,0.005775196356676112,58.0,-1.0,4358.0,4415.0,2025-08-05 22:15:00,2025-08-07 21:00:00,78080.0,78380.0,58.0,0.38422131147541894,0.006624505370265843,226119.0,,1626.7553956834533,,82128.0,0.0,1416.0,0.0,1.1488385562736252,,2.753251022793688,,41.007194244604314,46.043165467625904,12.949640287769784,True,True,2025-08-13 14:30:00,79450.0,2025-08-13 14:45:00,79380.0,3,4,2025-08-13 13:30:00,79370.0,2025-08-13 21:00:00,79160.0,6,7,1.7835050518083055,75.5448908323136,
CU:15m:1:-1:4542:4546:1,CU,1h,1324,2025-08-14 01:00:00,490.0,-1,1,CHoCH,-1,77920.0,196.0,BOS,1,79170.0,12.0,12,4,2,2,current_internal_high,internal,0.0,4.0,79510.0,79510.0,79510.0,0.35340148933484794,active_bull_internal_ob,internal,1.0,12.0,78750.0,78940.0,78845.0,0.36602297109680676,79110.0,79160.0,79060.0,79110.0,1301.0,156424.0,1,1,0,1,1,0,active_bear_internal_ob,79510.0,4.0,above,0.35340148933484794,79170.0,False,,78750.0,16.0,below,0.605831124574025,78320.0,False,,80130.0,97.0,above,1.135933358576297,80990.0,False,,77950.0,35.0,below,1.6155496655307335,77700.0,False,,0,0,0.0005080759811357159,31,NONE,-0.004099416038221682,0.004740923933586035,0.005218058088814329,0.04511535421480295,0.0005080759811357159,0.015750355415207196,-0.0004953112333503373,0.0111611809617147,0.01325347864386539,79435.63973553827,-0.40994160382216815,0.01264222503161161,-1.2110855378228738,,19,1,1294,1324,2025-08-08 21:00:00,2025-08-14 00:00:00,78820.0,79110.0,31,0.36792692210099176,0.011868610390354573,18.0,-1.0,1231.0,1293.0,2025-07-30 21:00:00,2025-08-08 14:00:00,78670.0,78490.0,63.0,-0.22880386424304344,-0.0036318073689371975,186326.0,,6010.5161290322585,,437140.0,0.0,6938.730158730159,0.0,0.8662271037402943,,0.42623873358649406,,67.74193548387096,32.25806451612903,0.0,True,True,,,2025-08-13 00:00:00,79410.0,0,1,2025-08-12 09:00:00,78990.0,2025-08-13 22:00:00,79140.0,1,2,1.1006415968516479,147.3261231353444,4.0
CU:15m:1:-1:4542:4546:1,CU,4h,587,2025-08-14 01:00:00,490.0,1,1,BOS,1,79470.0,137.0,CHoCH,1,78590.0,13.0,5,2,1,1,active_bear_internal_ob,internal,-1.0,103.0,79440.0,80160.0,79800.0,0.2650511170011359,current_internal_high,internal,0.0,21.0,78590.0,78590.0,78590.0,0.8077748327653668,79110.0,79160.0,79060.0,79110.0,1301.0,156424.0,0,0,0,0,0,0,,78590.0,21.0,below,0.8077748327653668,78790.0,True,13.0,78050.0,18.0,below,1.4893348479111448,78030.0,False,,80130.0,15.0,above,1.135933358576297,80990.0,False,,77700.0,37.0,below,1.9310867095797046,77810.0,False,,0,0,0.0001416698544666195,6,NONE,0.005359072226368881,0.008121893246737689,0.002107007662630435,0.09488607853737285,0.0001416698544666195,0.000850019126799717,0.000850019126799717,,,78688.3036971167,0.5359072226368882,0.01264222503161161,-1.5744062897068487,,9,1,582,587,2025-08-12 21:00:00,2025-08-14 00:00:00,79460.0,79110.0,6,-0.44047319405990937,-0.0734121990099849,8.0,-1.0,486.0,581.0,2025-07-09 21:00:00,2025-08-12 13:30:00,78310.0,79020.0,96.0,0.9066530455880573,0.00944430255820893,67800.0,,11300.0,,1673890.0,0.0,17436.354166666668,0.0,0.6480712591627884,,0.04050445369767428,,66.66666666666666,33.33333333333333,0.0,True,False,,,,,0,0,2025-08-14 00:00:00,79110.0,2025-08-13 21:00:00,79100.0,1,1,0.2594232155755992,220.54873978722216,
CU:15m:1:-1:4542:4546:2,CU,5m,13674,2025-08-14 09:50:00,0.0,1,1,BOS,1,79170.0,150.0,CHoCH,1,79160.0,9.0,31,13,15,4,active_bear_internal_ob,internal,-1.0,30.0,79260.0,79290.0,79275.0,0.025239777889954566,current_internal_low,internal,0.0,0.0,79140.0,79140.0,79140.0,0.12619888944977284,79220.0,79240.0,79200.0,79240.0,793.0,155790.0,1,0,0,0,1,0,current_internal_high,79240.0,3.0,overlap,0.0,79160.0,False,,79140.0,0.0,below,0.12619888944977284,79060.0,False,,79510.0,62.0,above,0.3407370015143867,79170.0,False,,78750.0,193.0,below,0.6183745583038869,78320.0,False,,-1,-1,-7.256493099330645e-05,-58,DOWN_CONFIRMED,0.0014938698868800925,-0.0021255357532819633,0.0016691984139405023,0.9849339496972827,-7.256493099330645e-05,-0.004208765997611774,0.0002524283835769747,0.0007673411982149769,-0.0031404135802638455,79121.80232211531,0.14938698868800926,0.02524614996213259,1.5484057297021985,,200,-1,13617,13674,2025-08-13 21:00:00,2025-08-14 09:45:00,79340.0,79240.0,58,-0.1260398285858333,-0.0021731004928591947,199.0,1.0,13613.0,13616.0,2025-08-13 14:40:00,2025-08-13 14:55:00,79450.0,79380.0,4.0,-0.08810572687224516,-0.02202643171806129,21377.0,,368.5689655172414,,4382.0,0.0,1095.5,0.0,0.33643903744157133,,4.878366042902784,,8.620689655172415,31.03448275862069,60.3448275862069,False,False,2025-08-14 00:55:00,79110.0,,,1,0,2025-08-14 09:30:00,79190.0,2025-08-14 09:25:00,79160.0,4,3,0.7853071449695227,39.863789191609285,
CU:15m:1:-1:4542:4546:2,CU,15m,4557,2025-08-14 09:45:00,5.0,1,-1,CHoCH,1,78590.0,140.0,BOS,-1,79150.0,11.0,15,10,6,1,current_internal_high,internal,0.0,10.0,79290.0,79290.0,79290.0,0.06309944472488642,current_internal_low,internal,0.0,12.0,79150.0,79150.0,79150.0,0.11357900050479555,79170.0,79230.0,79160.0,79220.0,1093.0,156051.0,1,1,0,1,1,0,active_bear_internal_ob,79290.0,10.0,above,0.06309944472488642,79470.0,False,,79150.0,12.0,below,0.11357900050479555,79250.0,True,11.0,78590.0,155.0,below,0.8202927814235236,78790.0,True,140.0,78050.0,138.0,below,1.5017667844522968,78030.0,False,,1,1,9.603806480252658e-05,142,UP_CONFIRMED,-0.0015975968394411728,0.0013408010134610946,0.0025467314472889654,0.12429276903034547,9.603806480252658e-05,0.013637405201958774,-0.00034039668453511585,-0.0005072370801569859,-0.0011353435393811617,79346.76413960932,-0.15975968394411727,0.0757958564931771,-0.05167479103225958,,59,1,4416,4557,2025-08-07 21:15:00,2025-08-14 09:30:00,78480.0,79220.0,142,0.942915392456678,0.006640249242652662,58.0,-1.0,4358.0,4415.0,2025-08-05 22:15:00,2025-08-07 21:00:00,78080.0,78380.0,58.0,0.38422131147541894,0.006624505370265843,230952.0,,1626.4225352112676,,82128.0,0.0,1416.0,0.0,1.1486034853186917,,2.812098188194039,,40.140845070422536,45.774647887323944,14.084507042253522,True,True,2025-08-13 14:30:00,79450.0,2025-08-13 14:45:00,79380.0,3,4,2025-08-14 09:30:00,79220.0,2025-08-13 21:00:00,79160.0,7,7,1.8994104432505805,76.80835464963302,
CU:15m:1:-1:4542:4546:2,CU,1h,1324,2025-08-14 01:00:00,530.0,-1,1,CHoCH,-1,77920.0,196.0,BOS,1,79170.0,12.0,12,4,2,2,current_internal_high,internal,0.0,4.0,79510.0,79510.0,79510.0,0.3407370015143867,active_bull_internal_ob,internal,1.0,12.0,78750.0,78940.0,78845.0,0.37859666834931854,79110.0,79160.0,79060.0,79110.0,1301.0,156424.0,1,1,0,1,1,0,active_bear_internal_ob,79510.0,4.0,above,0.3407370015143867,79170.0,False,,78750.0,16.0,below,0.6183745583038869,78320.0,False,,80130.0,97.0,above,1.1231701161029783,80990.0,False,,77950.0,35.0,below,1.6279656739020696,77700.0,False,,0,0,0.0005080759811357159,31,NONE,-0.004099416038221682,0.004740923933586035,0.005218058088814329,0.04511535421480295,0.0005080759811357159,0.015750355415207196,-0.0004953112333503373,0.0111611809617147,0.01325347864386539,79435.63973553827,-0.40994160382216815,0.01264222503161161,-1.2110855378228738,,19,1,1294,1324,2025-08-08 21:00:00,2025-08-14 00:00:00,78820.0,79110.0,31,0.36792692210099176,0.011868610390354573,18.0,-1.0,1231.0,1293.0,2025-07-30 21:00:00,2025-08-08 14:00:00,78670.0,78490.0,63.0,-0.22880386424304344,-0.0036318073689371975,186326.0,,6010.5161290322585,,437140.0,0.0,6938.730158730159,0.0,0.8662271037402943,,0.42623873358649406,,67.74193548387096,32.25806451612903,0.0,True,True,,,2025-08-13 00:00:00,79410.0,0,1,2025-08-12 09:00:00,78990.0,2025-08-13 22:00:00,79140.0,1,2,1.1006415968516479,147.3261231353444,4.0
CU:15m:1:-1:4542:4546:2,CU,4h,587,2025-08-14 01:00:00,530.0,1,1,BOS,1,79470.0,137.0,CHoCH,1,78590.0,13.0,5,2,1,1,active_bear_internal_ob,internal,-1.0,103.0,79440.0,80160.0,79800.0,0.2523977788995457,current_internal_high,internal,0.0,21.0,78590.0,78590.0,78590.0,0.8202927814235236,79110.0,79160.0,79060.0,79110.0,1301.0,156424.0,0,0,0,0,0,0,,78590.0,21.0,below,0.8202927814235236,78790.0,True,13.0,78050.0,18.0,below,1.5017667844522968,78030.0,False,,80130.0,15.0,above,1.1231701161029783,80990.0,False,,77700.0,37.0,below,1.9434628975265018,77810.0,False,,0,0,0.0001416698544666195,6,NONE,0.005359072226368881,0.008121893246737689,0.002107007662630435,0.09488607853737285,0.0001416698544666195,0.000850019126799717,0.000850019126799717,,,78688.3036971167,0.5359072226368882,0.01264222503161161,-1.5744062897068487,,9,1,582,587,2025-08-12 21:00:00,2025-08-14 00:00:00,79460.0,79110.0,6,-0.44047319405990937,-0.0734121990099849,8.0,-1.0,486.0,581.0,2025-07-09 21:00:00,2025-08-12 13:30:00,78310.0,79020.0,96.0,0.9066530455880573,0.00944430255820893,67800.0,,11300.0,,1673890.0,0.0,17436.354166666668,0.0,0.6480712591627884,,0.04050445369767428,,66.66666666666666,33.33333333333333,0.0,True,False,,,,,0,0,2025-08-14 00:00:00,79110.0,2025-08-13 21:00:00,79100.0,1,1,0.2594232155755992,220.54873978722216,
CU:15m:1:-1:4542:4546:3,CU,5m,13827,2025-08-15 23:05:00,0.0,1,1,BOS,1,79170.0,303.0,BOS,1,79150.0,5.0,32,14,14,4,active_bear_internal_ob,internal,-1.0,137.0,79240.0,79290.0,79265.0,0.012621481761958856,current_internal_high,internal,0.0,6.0,79150.0,79150.0,79150.0,0.10097185409567085,79170.0,79250.0,79160.0,79230.0,728.0,150325.0,0,0,0,0,0,0,,79150.0,6.0,below,0.10097185409567085,79080.0,True,5.0,79060.0,2.0,below,0.2145651899533005,78920.0,False,,79510.0,215.0,above,0.35340148933484794,79170.0,False,,78740.0,54.0,below,0.6184526063359839,78750.0,False,,1,1,4.5383032006882403e-05,72,UP_CONFIRMED,0.002544075139944895,0.001091854496001481,0.0008538774338352224,0.9555037748628155,4.5383032006882403e-05,0.003267578304495533,0.00018566759328719762,0.00024571447411081415,0.00027610054415494467,79028.94442714681,0.25440751399448946,0.0757862826828326,2.1038224620467054,,203,1,13756,13827,2025-08-15 00:50:00,2025-08-15 23:00:00,78950.0,79230.0,72,0.35465484483849785,0.004925761733868026,202.0,-1.0,13692.0,13755.0,2025-08-14 13:30:00,2025-08-15 00:45:00,79080.0,78940.0,64.0,-0.17703591299949029,-0.0027661861406170357,42364.0,,588.3888888888889,,37256.0,0.0,582.125,0.0,1.010760384606208,,1.137105432681984,,37.5,56.94444444444444,5.555555555555555,False,False,2025-08-15 22:00:00,79030.0,2025-08-15 21:45:00,78960.0,3,3,2025-08-15 22:00:00,79030.0,2025-08-15 21:30:00,78980.0,6,6,0.7820432456542856,55.16979677246061,
CU:15m:1:-1:4542:4546:3,CU,15m,4608,2025-08-15 23:00:00,5.0,1,-1,CHoCH,1,78590.0,191.0,BOS,-1,79060.0,44.0,13,11,6,1,active_bear_internal_ob,internal,-1.0,62.0,79240.0,79290.0,79265.0,0.012621481761958856,current_internal_high,internal,0.0,8.0,79200.0,79200.0,79200.0,0.03786444528587656,79130.0,79180.0,79120.0,79170.0,336.0,150218.0,1,1,0,1,1,0,active_bear_internal_ob,79200.0,8.0,below,0.03786444528587656,79290.0,False,,78900.0,2.0,below,0.41650889814464215,78740.0,False,,79510.0,38.0,above,0.35340148933484794,78590.0,False,,78050.0,189.0,below,1.4893348479111448,78030.0,False,,0,0,-0.00010046416676182545,-45,NONE,0.0032176766085395356,0.0008978996246558104,0.0024020826719471887,0.8329117739209477,-0.00010046416676182545,-0.004520887504282145,0.0001426508344648525,0.0004228577128861932,0.001746536308044,78916.07359595252,0.3217676608539536,0.05054972829521276,-1.2761867309039276,,60,-1,4564,4608,2025-08-14 13:30:00,2025-08-15 22:45:00,79010.0,79170.0,45,0.20250601189721884,0.004500133597715974,59.0,1.0,4416.0,4563.0,2025-08-07 21:15:00,2025-08-14 11:15:00,78480.0,79100.0,148.0,0.7900101936799242,0.005337906714053542,78892.0,,1753.1555555555556,,242538.0,0.0,1638.7702702702702,0.0,1.069799463268528,,0.325276863831647,,15.555555555555555,55.55555555555556,28.888888888888886,False,False,2025-08-14 22:00:00,78850.0,,,1,0,2025-08-15 22:00:00,79090.0,2025-08-15 21:45:00,79000.0,5,4,2.67522405176188,93.87406943725503,
CU:15m:1:-1:4542:4546:3,CU,1h,1340,2025-08-15 23:00:00,5.0,-1,1,CHoCH,-1,77920.0,212.0,BOS,1,79170.0,28.0,11,4,2,2,current_internal_high,internal,0.0,20.0,79510.0,79510.0,79510.0,0.35340148933484794,current_internal_low,internal,0.0,4.0,78740.0,78740.0,78740.0,0.6184526063359839,79000.0,79180.0,78990.0,79170.0,2390.0,150218.0,1,1,0,1,1,0,active_bear_internal_ob,79510.0,20.0,above,0.35340148933484794,79170.0,False,,78740.0,4.0,below,0.6184526063359839,78750.0,False,,80130.0,113.0,above,1.135933358576297,80990.0,False,,77950.0,51.0,below,1.6155496655307335,77700.0,False,,0,0,0.0002739983510872667,47,NONE,-0.000517658854125735,0.0019461108995827124,0.0058166003694586545,0.3359376915011665,0.0002739983510872667,0.012877922501101535,-0.00047553622373219806,-0.0010895215210979803,-0.003244546988417474,79211.00427770855,-0.0517658854125735,0.21518987341773155,-0.9908268944134465,,19,1,1294,1340,2025-08-08 21:00:00,2025-08-15 22:00:00,78820.0,79170.0,47,0.444049733570151,0.00944786667170534,18.0,-1.0,1231.0,1293.0,2025-07-30 21:00:00,2025-08-08 14:00:00,78670.0,78490.0,63.0,-0.22880386424304344,-0.0036318073689371975,281637.0,,5992.276595744681,,437140.0,0.0,6938.730158730159,0.0,0.8635984479386807,,0.644271857986,,44.680851063829785,38.297872340425535,17.02127659574468,True,True,,,2025-08-13 00:00:00,79410.0,0,1,2025-08-15 22:00:00,79170.0,2025-08-15 21:00:00,79000.0,4,4,2.9888329440556842,150.9157054611263,4.0
CU:15m:1:-1:4542:4546:3,CU,4h,593,2025-08-15 15:00:00,485.0,1,1,BOS,1,79470.0,143.0,CHoCH,1,78590.0,19.0,5,2,1,1,active_bear_internal_ob,internal,-1.0,109.0,79440.0,80160.0,79800.0,0.2650511170011359,active_bull_internal_ob,internal,1.0,19.0,78050.0,78210.0,78130.0,1.2873911397198032,79000.0,79200.0,78970.0,79060.0,13693.0,152557.0,0,0,0,0,0,0,,79510.0,5.0,above,0.35340148933484794,78590.0,False,,78050.0,24.0,below,1.4893348479111448,78030.0,False,,80130.0,21.0,above,1.135933358576297,80990.0,False,,77700.0,43.0,below,1.9310867095797046,77810.0,False,,0,0,0.00013026573010901007,12,NONE,0.004008233711625408,0.005800220968675103,0.002824412823559374,0.26288914243881695,0.00013026573010901007,0.0015631887613081208,0.0004950216872512403,0.0014868070738494055,,78744.37414495136,0.4008233711625408,0.050620096178177754,0.00937474879721425,,9,1,582,593,2025-08-12 21:00:00,2025-08-15 13:30:00,79460.0,79060.0,12,-0.5033979360684615,-0.041949828005705125,8.0,-1.0,486.0,581.0,2025-07-09 21:00:00,2025-08-12 13:30:00,78310.0,79020.0,96.0,0.9066530455880573,0.00944430255820893,153899.0,,12824.916666666666,,1673890.0,0.0,17436.354166666668,0.0,0.7355274241437608,,0.09194092801797012,,33.33333333333333,66.66666666666666,0.0,True,False,,,,,0,0,2025-08-14 00:00:00,79110.0,2025-08-14 09:00:00,79100.0,1,2,0.48694917638707336,209.23069922816254,
CU:15m:1:-1:4542:4546:4,CU,5m,14282,2025-08-22 22:15:00,0.0,1,1,BOS,1,78890.0,11.0,BOS,1,78940.0,2.0,31,14,16,4,active_bear_internal_ob,internal,-1.0,638.0,79260.0,79290.0,79275.0,0.025239777889954566,current_internal_high,internal,0.0,5.0,78940.0,78940.0,78940.0,0.37859666834931854,79160.0,79250.0,79160.0,79240.0,1886.0,118071.0,1,1,0,1,1,0,active_bear_internal_ob,78940.0,5.0,below,0.37859666834931854,78730.0,True,2.0,78660.0,12.0,below,0.7319535588086825,78630.0,False,,78890.0,43.0,below,0.441696113074205,78800.0,True,11.0,78530.0,58.0,below,0.8960121150933871,78480.0,False,,0,0,0.00012066219266038125,15,NONE,0.005318583497193694,0.002709885189601159,0.0010853892908627564,0.991879803372723,0.00012066219266038125,0.0018099328899057188,0.0013755932666046355,0.0015126267316005748,,78820.78507327344,0.5318583497193694,0.10106114199091021,1.5388413795992029,,213,1,14268,14282,2025-08-22 21:00:00,2025-08-22 22:10:00,78790.0,79240.0,15,0.5711384693489086,0.038075897956593906,212.0,-1.0,14234.0,14267.0,2025-08-22 09:55:00,2025-08-22 14:55:00,78670.0,78690.0,34.0,0.02542265158256285,0.0007477250465459662,12117.0,,807.8,,19983.0,0.0,587.7352941176471,0.0,1.3744282640244208,,0.6063654105990092,,73.33333333333333,26.666666666666668,0.0,False,False,,,,,0,0,2025-08-22 21:50:00,78870.0,2025-08-22 21:45:00,78860.0,2,1,0.4005296220769058,60.20514248026088,
CU:15m:1:-1:4542:4546:4,CU,15m,4760,2025-08-22 22:15:00,0.0,-1,1,CHoCH,-1,78740.0,97.0,CHoCH,1,78850.0,4.0,16,11,6,2,current_swing_high,swing,0.0,101.0,79290.0,79290.0,79290.0,0.06309944472488642,current_internal_high,internal,0.0,16.0,78850.0,78850.0,78850.0,0.4921756688541141,78890.0,79250.0,78890.0,79240.0,5677.0,118071.0,3,3,0,3,2,1,active_bear_internal_ob|active_bear_swing_ob,78850.0,16.0,below,0.4921756688541141,78890.0,True,4.0,78630.0,10.0,below,0.7698132256436143,78700.0,False,,79290.0,101.0,above,0.06309944472488642,79510.0,False,,78480.0,12.0,below,0.9591115598182737,78740.0,False,,0,0,5.5150242137154415e-05,32,NONE,0.006267523046815466,0.0015955370736029982,0.0012399896831575955,0.9999176411765375,5.5150242137154415e-05,0.0017648077483889413,0.001089715411164649,0.0011891192117505778,0.0015585178393935362,78746.45477981251,0.6267523046815466,0.4436557231588312,3.212210829791238,,63,1,4729,4760,2025-08-21 22:00:00,2025-08-22 22:00:00,78850.0,79240.0,32,0.494610019023467,0.015456563094483344,62.0,-1.0,4629.0,4728.0,2025-08-18 14:15:00,2025-08-21 21:45:00,78930.0,78730.0,100.0,-0.2533890789306992,-0.0025338907893069917,44036.0,,1376.125,,149402.0,0.0,1494.02,0.0,0.9210887404452417,,0.29474839694247734,,53.125,46.875,0.0,True,False,,,,,0,0,2025-08-22 21:00:00,78880.0,2025-08-22 09:15:00,78720.0,1,1,0.7771613105532451,85.70734685428828,
CU:15m:1:-1:4542:4546:4,CU,1h,1384,2025-08-22 22:00:00,15.0,-1,-1,CHoCH,-1,77920.0,256.0,CHoCH,-1,78760.0,27.0,11,5,2,2,current_swing_high,swing,0.0,19.0,79510.0,79510.0,79510.0,0.3407370015143867,active_bear_internal_ob,internal,-1.0,27.0,78840.0,78980.0,78910.0,0.3281171125694094,78710.0,78940.0,78710.0,78890.0,6440.0,118505.0,1,1,0,1,1,0,active_bear_internal_ob,78890.0,3.0,below,0.441696113074205,78800.0,False,,78530.0,5.0,below,0.8960121150933871,78480.0,False,,79510.0,19.0,above,0.3407370015143867,80130.0,False,,77950.0,95.0,below,1.6279656739020696,77700.0,False,,0,0,-0.0002045467729485741,-28,NONE,0.0037048961540926835,-0.0006781096225780711,0.0035867339819119115,0.8891470748217467,-0.0002045467729485741,-0.0057273096425600745,0.000477389038717968,0.0009483619894610218,-0.004438923972671205,78598.79960961005,0.37048961540926834,0.25416190113101145,0.6633301833922235,,20,-1,1357,1384,2025-08-19 21:00:00,2025-08-22 21:00:00,78600.0,78890.0,28,0.36895674300254644,0.01317702653580523,19.0,1.0,1294.0,1356.0,2025-08-08 21:00:00,2025-08-19 14:00:00,78820.0,78890.0,63.0,0.0888099467140302,0.0014096816938734952,143546.0,,5126.642857142857,,356396.0,0.0,5657.079365079365,0.0,0.9062349184614866,,0.40277107487177183,,0.0,60.71428571428571,39.285714285714285,False,False,2025-08-20 22:00:00,78570.0,,,1,0,2025-08-22 21:00:00,78890.0,2025-08-22 09:00:00,78670.0,3,2,5.289312911201122,120.96080803272093,4.0
CU:15m:1:-1:4542:4546:4,CU,4h,613,2025-08-22 15:00:00,435.0,1,-1,BOS,1,79470.0,163.0,CHoCH,-1,78740.0,11.0,5,3,1,1,current_internal_high,internal,0.0,14.0,79290.0,79290.0,79290.0,0.06309944472488642,current_internal_low,internal,0.0,2.0,78480.0,78480.0,78480.0,0.9591115598182737,78660.0,78730.0,78660.0,78690.0,10583.0,120902.0,1,1,0,1,1,0,active_bear_internal_ob,79290.0,14.0,above,0.06309944472488642,79510.0,False,,78480.0,2.0,below,0.9591115598182737,78740.0,False,,80130.0,41.0,above,1.1231701161029783,80990.0,False,,77950.0,14.0,below,1.6279656739020696,77700.0,False,,0,0,4.811325465915034e-05,32,NONE,-0.0006670025220435856,0.002249219747325591,0.003698117172437312,0.2151818426293587,4.811325465915034e-05,0.0015396241490928109,-9.398482271250064e-05,-0.00039813527259080495,-2.3527833769909634e-05,78742.52146040616,-0.06670025220435856,-0.012706480304958134,-0.06866113456637543,,9,1,582,613,2025-08-12 21:00:00,2025-08-22 13:30:00,79460.0,78690.0,32,-0.969041026931794,-0.03028253209161856,8.0,-1.0,486.0,581.0,2025-07-09 21:00:00,2025-08-12 13:30:00,78310.0,79020.0,96.0,0.9066530455880573,0.00944430255820893,374976.0,,11718.0,,1673890.0,0.0,17436.354166666668,0.0,0.6720441606079252,,0.22401472020264174,,12.5,37.5,50.0,True,True,2025-08-22 00:00:00,78760.0,2025-08-22 09:00:00,78700.0,1,2,2025-08-15 21:00:00,79150.0,2025-08-16 00:00:00,79080.0,2,3,1.6441777984718995,178.72129720293785,
CU:15m:1:-1:4559:4564:1,CU,5m,13827,2025-08-15 23:05:00,0.0,1,1,BOS,1,79170.0,303.0,BOS,1,79150.0,5.0,32,14,14,4,active_bear_internal_ob,internal,-1.0,137.0,79240.0,79290.0,79265.0,0.012621481761958856,current_internal_high,internal,0.0,6.0,79150.0,79150.0,79150.0,0.10097185409567085,79170.0,79250.0,79160.0,79230.0,728.0,150325.0,0,0,0,0,0,0,,79150.0,6.0,below,0.10097185409567085,79080.0,True,5.0,79060.0,2.0,below,0.2145651899533005,78920.0,False,,79510.0,215.0,above,0.35340148933484794,79170.0,False,,78740.0,54.0,below,0.6184526063359839,78750.0,False,,1,1,4.5383032006882403e-05,72,UP_CONFIRMED,0.002544075139944895,0.001091854496001481,0.0008538774338352224,0.9555037748628155,4.5383032006882403e-05,0.003267578304495533,0.00018566759328719762,0.00024571447411081415,0.00027610054415494467,79028.94442714681,0.25440751399448946,0.0757862826828326,2.1038224620467054,,203,1,13756,13827,2025-08-15 00:50:00,2025-08-15 23:00:00,78950.0,79230.0,72,0.35465484483849785,0.004925761733868026,202.0,-1.0,13692.0,13755.0,2025-08-14 13:30:00,2025-08-15 00:45:00,79080.0,78940.0,64.0,-0.17703591299949029,-0.0027661861406170357,42364.0,,588.3888888888889,,37256.0,0.0,582.125,0.0,1.010760384606208,,1.137105432681984,,37.5,56.94444444444444,5.555555555555555,False,False,2025-08-15 22:00:00,79030.0,2025-08-15 21:45:00,78960.0,3,3,2025-08-15 22:00:00,79030.0,2025-08-15 21:30:00,78980.0,6,6,0.7820432456542856,55.16979677246061,
CU:15m:1:-1:4559:4564:1,CU,15m,4608,2025-08-15 23:00:00,5.0,1,-1,CHoCH,1,78590.0,191.0,BOS,-1,79060.0,44.0,13,11,6,1,active_bear_internal_ob,internal,-1.0,62.0,79240.0,79290.0,79265.0,0.012621481761958856,current_internal_high,internal,0.0,8.0,79200.0,79200.0,79200.0,0.03786444528587656,79130.0,79180.0,79120.0,79170.0,336.0,150218.0,1,1,0,1,1,0,active_bear_internal_ob,79200.0,8.0,below,0.03786444528587656,79290.0,False,,78900.0,2.0,below,0.41650889814464215,78740.0,False,,79510.0,38.0,above,0.35340148933484794,78590.0,False,,78050.0,189.0,below,1.4893348479111448,78030.0,False,,0,0,-0.00010046416676182545,-45,NONE,0.0032176766085395356,0.0008978996246558104,0.0024020826719471887,0.8329117739209477,-0.00010046416676182545,-0.004520887504282145,0.0001426508344648525,0.0004228577128861932,0.001746536308044,78916.07359595252,0.3217676608539536,0.05054972829521276,-1.2761867309039276,,60,-1,4564,4608,2025-08-14 13:30:00,2025-08-15 22:45:00,79010.0,79170.0,45,0.20250601189721884,0.004500133597715974,59.0,1.0,4416.0,4563.0,2025-08-07 21:15:00,2025-08-14 11:15:00,78480.0,79100.0,148.0,0.7900101936799242,0.005337906714053542,78892.0,,1753.1555555555556,,242538.0,0.0,1638.7702702702702,0.0,1.069799463268528,,0.325276863831647,,15.555555555555555,55.55555555555556,28.888888888888886,False,False,2025-08-14 22:00:00,78850.0,,,1,0,2025-08-15 22:00:00,79090.0,2025-08-15 21:45:00,79000.0,5,4,2.67522405176188,93.87406943725503,
CU:15m:1:-1:4559:4564:1,CU,1h,1340,2025-08-15 23:00:00,5.0,-1,1,CHoCH,-1,77920.0,212.0,BOS,1,79170.0,28.0,11,4,2,2,current_internal_high,internal,0.0,20.0,79510.0,79510.0,79510.0,0.35340148933484794,current_internal_low,internal,0.0,4.0,78740.0,78740.0,78740.0,0.6184526063359839,79000.0,79180.0,78990.0,79170.0,2390.0,150218.0,1,1,0,1,1,0,active_bear_internal_ob,79510.0,20.0,above,0.35340148933484794,79170.0,False,,78740.0,4.0,below,0.6184526063359839,78750.0,False,,80130.0,113.0,above,1.135933358576297,80990.0,False,,77950.0,51.0,below,1.6155496655307335,77700.0,False,,0,0,0.0002739983510872667,47,NONE,-0.000517658854125735,0.0019461108995827124,0.0058166003694586545,0.3359376915011665,0.0002739983510872667,0.012877922501101535,-0.00047553622373219806,-0.0010895215210979803,-0.003244546988417474,79211.00427770855,-0.0517658854125735,0.21518987341773155,-0.9908268944134465,,19,1,1294,1340,2025-08-08 21:00:00,2025-08-15 22:00:00,78820.0,79170.0,47,0.444049733570151,0.00944786667170534,18.0,-1.0,1231.0,1293.0,2025-07-30 21:00:00,2025-08-08 14:00:00,78670.0,78490.0,63.0,-0.22880386424304344,-0.0036318073689371975,281637.0,,5992.276595744681,,437140.0,0.0,6938.730158730159,0.0,0.8635984479386807,,0.644271857986,,44.680851063829785,38.297872340425535,17.02127659574468,True,True,,,2025-08-13 00:00:00,79410.0,0,1,2025-08-15 22:00:00,79170.0,2025-08-15 21:00:00,79000.0,4,4,2.9888329440556842,150.9157054611263,4.0
CU:15m:1:-1:4559:4564:1,CU,4h,593,2025-08-15 15:00:00,485.0,1,1,BOS,1,79470.0,143.0,CHoCH,1,78590.0,19.0,5,2,1,1,active_bear_internal_ob,internal,-1.0,109.0,79440.0,80160.0,79800.0,0.2650511170011359,active_bull_internal_ob,internal,1.0,19.0,78050.0,78210.0,78130.0,1.2873911397198032,79000.0,79200.0,78970.0,79060.0,13693.0,152557.0,0,0,0,0,0,0,,79510.0,5.0,above,0.35340148933484794,78590.0,False,,78050.0,24.0,below,1.4893348479111448,78030.0,False,,80130.0,21.0,above,1.135933358576297,80990.0,False,,77700.0,43.0,below,1.9310867095797046,77810.0,False,,0,0,0.00013026573010901007,12,NONE,0.004008233711625408,0.005800220968675103,0.002824412823559374,0.26288914243881695,0.00013026573010901007,0.0015631887613081208,0.0004950216872512403,0.0014868070738494055,,78744.37414495136,0.4008233711625408,0.050620096178177754,0.00937474879721425,,9,1,582,593,2025-08-12 21:00:00,2025-08-15 13:30:00,79460.0,79060.0,12,-0.5033979360684615,-0.041949828005705125,8.0,-1.0,486.0,581.0,2025-07-09 21:00:00,2025-08-12 13:30:00,78310.0,79020.0,96.0,0.9066530455880573,0.00944430255820893,153899.0,,12824.916666666666,,1673890.0,0.0,17436.354166666668,0.0,0.7355274241437608,,0.09194092801797012,,33.33333333333333,66.66666666666666,0.0,True,False,,,,,0,0,2025-08-14 00:00:00,79110.0,2025-08-14 09:00:00,79100.0,1,2,0.48694917638707336,209.23069922816254,
CU:15m:1:-1:4559:4564:2,CU,5m,14282,2025-08-22 22:15:00,0.0,1,1,BOS,1,78890.0,11.0,BOS,1,78940.0,2.0,31,14,16,4,active_bear_internal_ob,internal,-1.0,638.0,79260.0,79290.0,79275.0,0.025239777889954566,current_internal_high,internal,0.0,5.0,78940.0,78940.0,78940.0,0.37859666834931854,79160.0,79250.0,79160.0,79240.0,1886.0,118071.0,1,1,0,1,1,0,active_bear_internal_ob,78940.0,5.0,below,0.37859666834931854,78730.0,True,2.0,78660.0,12.0,below,0.7319535588086825,78630.0,False,,78890.0,43.0,below,0.441696113074205,78800.0,True,11.0,78530.0,58.0,below,0.8960121150933871,78480.0,False,,0,0,0.00012066219266038125,15,NONE,0.005318583497193694,0.002709885189601159,0.0010853892908627564,0.991879803372723,0.00012066219266038125,0.0018099328899057188,0.0013755932666046355,0.0015126267316005748,,78820.78507327344,0.5318583497193694,0.10106114199091021,1.5388413795992029,,213,1,14268,14282,2025-08-22 21:00:00,2025-08-22 22:10:00,78790.0,79240.0,15,0.5711384693489086,0.038075897956593906,212.0,-1.0,14234.0,14267.0,2025-08-22 09:55:00,2025-08-22 14:55:00,78670.0,78690.0,34.0,0.02542265158256285,0.0007477250465459662,12117.0,,807.8,,19983.0,0.0,587.7352941176471,0.0,1.3744282640244208,,0.6063654105990092,,73.33333333333333,26.666666666666668,0.0,False,False,,,,,0,0,2025-08-22 21:50:00,78870.0,2025-08-22 21:45:00,78860.0,2,1,0.4005296220769058,60.20514248026088,
CU:15m:1:-1:4559:4564:2,CU,15m,4760,2025-08-22 22:15:00,0.0,-1,1,CHoCH,-1,78740.0,97.0,CHoCH,1,78850.0,4.0,16,11,6,2,current_swing_high,swing,0.0,101.0,79290.0,79290.0,79290.0,0.06309944472488642,current_internal_high,internal,0.0,16.0,78850.0,78850.0,78850.0,0.4921756688541141,78890.0,79250.0,78890.0,79240.0,5677.0,118071.0,3,3,0,3,2,1,active_bear_internal_ob|active_bear_swing_ob,78850.0,16.0,below,0.4921756688541141,78890.0,True,4.0,78630.0,10.0,below,0.7698132256436143,78700.0,False,,79290.0,101.0,above,0.06309944472488642,79510.0,False,,78480.0,12.0,below,0.9591115598182737,78740.0,False,,0,0,5.5150242137154415e-05,32,NONE,0.006267523046815466,0.0015955370736029982,0.0012399896831575955,0.9999176411765375,5.5150242137154415e-05,0.0017648077483889413,0.001089715411164649,0.0011891192117505778,0.0015585178393935362,78746.45477981251,0.6267523046815466,0.4436557231588312,3.212210829791238,,63,1,4729,4760,2025-08-21 22:00:00,2025-08-22 22:00:00,78850.0,79240.0,32,0.494610019023467,0.015456563094483344,62.0,-1.0,4629.0,4728.0,2025-08-18 14:15:00,2025-08-21 21:45:00,78930.0,78730.0,100.0,-0.2533890789306992,-0.0025338907893069917,44036.0,,1376.125,,149402.0,0.0,1494.02,0.0,0.9210887404452417,,0.29474839694247734,,53.125,46.875,0.0,True,False,,,,,0,0,2025-08-22 21:00:00,78880.0,2025-08-22 09:15:00,78720.0,1,1,0.7771613105532451,85.70734685428828,
CU:15m:1:-1:4559:4564:2,CU,1h,1384,2025-08-22 22:00:00,15.0,-1,-1,CHoCH,-1,77920.0,256.0,CHoCH,-1,78760.0,27.0,11,5,2,2,current_swing_high,swing,0.0,19.0,79510.0,79510.0,79510.0,0.3407370015143867,active_bear_internal_ob,internal,-1.0,27.0,78840.0,78980.0,78910.0,0.3281171125694094,78710.0,78940.0,78710.0,78890.0,6440.0,118505.0,1,1,0,1,1,0,active_bear_internal_ob,78890.0,3.0,below,0.441696113074205,78800.0,False,,78530.0,5.0,below,0.8960121150933871,78480.0,False,,79510.0,19.0,above,0.3407370015143867,80130.0,False,,77950.0,95.0,below,1.6279656739020696,77700.0,False,,0,0,-0.0002045467729485741,-28,NONE,0.0037048961540926835,-0.0006781096225780711,0.0035867339819119115,0.8891470748217467,-0.0002045467729485741,-0.0057273096425600745,0.000477389038717968,0.0009483619894610218,-0.004438923972671205,78598.79960961005,0.37048961540926834,0.25416190113101145,0.6633301833922235,,20,-1,1357,1384,2025-08-19 21:00:00,2025-08-22 21:00:00,78600.0,78890.0,28,0.36895674300254644,0.01317702653580523,19.0,1.0,1294.0,1356.0,2025-08-08 21:00:00,2025-08-19 14:00:00,78820.0,78890.0,63.0,0.0888099467140302,0.0014096816938734952,143546.0,,5126.642857142857,,356396.0,0.0,5657.079365079365,0.0,0.9062349184614866,,0.40277107487177183,,0.0,60.71428571428571,39.285714285714285,False,False,2025-08-20 22:00:00,78570.0,,,1,0,2025-08-22 21:00:00,78890.0,2025-08-22 09:00:00,78670.0,3,2,5.289312911201122,120.96080803272093,4.0
CU:15m:1:-1:4559:4564:2,CU,4h,613,2025-08-22 15:00:00,435.0,1,-1,BOS,1,79470.0,163.0,CHoCH,-1,78740.0,11.0,5,3,1,1,current_internal_high,internal,0.0,14.0,79290.0,79290.0,79290.0,0.06309944472488642,current_internal_low,internal,0.0,2.0,78480.0,78480.0,78480.0,0.9591115598182737,78660.0,78730.0,78660.0,78690.0,10583.0,120902.0,1,1,0,1,1,0,active_bear_internal_ob,79290.0,14.0,above,0.06309944472488642,79510.0,False,,78480.0,2.0,below,0.9591115598182737,78740.0,False,,80130.0,41.0,above,1.1231701161029783,80990.0,False,,77950.0,14.0,below,1.6279656739020696,77700.0,False,,0,0,4.811325465915034e-05,32,NONE,-0.0006670025220435856,0.002249219747325591,0.003698117172437312,0.2151818426293587,4.811325465915034e-05,0.0015396241490928109,-9.398482271250064e-05,-0.00039813527259080495,-2.3527833769909634e-05,78742.52146040616,-0.06670025220435856,-0.012706480304958134,-0.06866113456637543,,9,1,582,613,2025-08-12 21:00:00,2025-08-22 13:30:00,79460.0,78690.0,32,-0.969041026931794,-0.03028253209161856,8.0,-1.0,486.0,581.0,2025-07-09 21:00:00,2025-08-12 13:30:00,78310.0,79020.0,96.0,0.9066530455880573,0.00944430255820893,374976.0,,11718.0,,1673890.0,0.0,17436.354166666668,0.0,0.6720441606079252,,0.22401472020264174,,12.5,37.5,50.0,True,True,2025-08-22 00:00:00,78760.0,2025-08-22 09:00:00,78700.0,1,2,2025-08-15 21:00:00,79150.0,2025-08-16 00:00:00,79080.0,2,3,1.6441777984718995,178.72129720293785,
CU:15m:1:1:4601:4609:1,CU,5m,13846,2025-08-16 00:40:00,0.0,1,-1,BOS,1,79170.0,322.0,CHoCH,-1,79080.0,0.0,31,15,14,4,current_internal_low,internal,0.0,5.0,79080.0,79080.0,79080.0,0.03795066413662239,active_bull_internal_ob,internal,1.0,30.0,78920.0,78980.0,78950.0,0.08855154965211891,79090.0,79090.0,79040.0,79050.0,196.0,150524.0,0,0,0,0,0,0,,79160.0,2.0,above,0.1391524351676154,79290.0,False,,79080.0,5.0,above,0.03795066413662239,79060.0,True,0.0,79510.0,234.0,above,0.58191018342821,79170.0,False,,78740.0,73.0,below,0.39215686274509803,78750.0,False,,1,1,6.880060133544249e-05,91,UP_CONFIRMED,-0.002709016458996994,0.0005271544735856498,0.001365500530506594,0.008895193499671994,6.880060133544249e-05,0.006260854721525266,-9.953720022504164e-05,-0.00017917219810836826,0.003113192536490006,79264.72945671619,-0.2709016458996994,-0.05057529396889082,0.09055194932532853,,203,1,13756,13846,2025-08-15 00:50:00,2025-08-16 00:35:00,78950.0,79050.0,91,0.1266624445851905,0.0013918949954416537,202.0,-1.0,13692.0,13755.0,2025-08-14 13:30:00,2025-08-15 00:45:00,79080.0,78940.0,64.0,-0.17703591299949029,-0.0027661861406170357,45257.0,,497.3296703296703,,37256.0,0.0,582.125,0.0,0.854334842739395,,1.2147573545200774,,35.16483516483517,48.35164835164835,16.483516483516482,True,True,2025-08-15 22:00:00,79030.0,2025-08-15 23:05:00,79270.0,3,4,2025-08-15 22:00:00,79030.0,2025-08-15 23:30:00,79150.0,6,7,2.5903233282240814,40.63835566818135,
CU:15m:1:1:4601:4609:1,CU,15m,4614,2025-08-16 00:30:00,10.0,1,1,CHoCH,1,78590.0,197.0,CHoCH,1,79200.0,5.0,14,11,6,1,active_bear_internal_ob,internal,-1.0,50.0,79220.0,79290.0,79255.0,0.21505376344086022,current_internal_low,internal,0.0,8.0,78900.0,78900.0,78900.0,0.18975332068311196,79140.0,79150.0,79110.0,79110.0,181.0,150498.0,1,1,1,0,1,0,active_bull_internal_ob,79290.0,0.0,above,0.3036053130929791,79200.0,False,,78900.0,8.0,below,0.18975332068311196,78740.0,False,,79510.0,44.0,above,0.58191018342821,78590.0,False,,78050.0,195.0,below,1.265022137887413,78030.0,False,,0,0,-1.2295320620007525e-05,6,NONE,-0.0021693881557797684,-0.0015535619382741398,0.0004603230904667244,0.09047870049795625,-1.2295320620007525e-05,-7.377192372004515e-05,-7.377192372004515e-05,,,79281.9934174865,-0.21693881557797684,-0.037907505686129994,-0.9733919369109443,,61,1,4609,4614,2025-08-15 23:00:00,2025-08-16 00:15:00,79230.0,79110.0,6,-0.15145778114350472,-0.025242963523917455,60.0,-1.0,4564.0,4608.0,2025-08-14 13:30:00,2025-08-15 22:45:00,79010.0,79170.0,45.0,0.20250601189721884,0.004500133597715974,3355.0,,559.1666666666666,,78892.0,0.0,1753.1555555555556,0.0,0.31894868934746234,,0.04252649191299498,,100.0,0.0,0.0,False,True,,,2025-08-15 23:00:00,79230.0,0,1,,,,,0,0,0.2963017303179426,85.50103395831663,
CU:15m:1:1:4601:4609:1,CU,1h,1341,2025-08-16 00:00:00,40.0,-1,1,CHoCH,-1,77920.0,213.0,BOS,1,79170.0,29.0,11,4,2,2,active_bear_internal_ob,internal,-1.0,136.0,79180.0,79550.0,79365.0,0.1644528779253637,current_internal_low,internal,0.0,5.0,78740.0,78740.0,78740.0,0.39215686274509803,79170.0,79290.0,79080.0,79150.0,2857.0,150396.0,0,0,0,0,0,0,,79510.0,21.0,above,0.58191018342821,79170.0,False,,78740.0,5.0,below,0.39215686274509803,78750.0,False,,80130.0,114.0,above,1.366223908918406,80990.0,False,,77950.0,52.0,below,1.3915243516761544,77700.0,False,,0,0,0.00026808220222882445,48,NONE,-0.0007603065666534543,0.001889727202369459,0.005768657359321086,0.32297891449859195,0.00026808220222882445,0.012867945706983575,-0.0003550174895473601,-0.0009433670115311932,-0.0030386598355828243,79210.22405349396,-0.07603065666534543,-0.025262094227607168,-0.7604729738291917,,19,1,1294,1341,2025-08-08 21:00:00,2025-08-15 23:00:00,78820.0,79150.0,48,0.41867546308043124,0.008722405480842318,18.0,-1.0,1231.0,1293.0,2025-07-30 21:00:00,2025-08-08 14:00:00,78670.0,78490.0,63.0,-0.22880386424304344,-0.0036318073689371975,284494.0,,5926.958333333333,,437140.0,0.0,6938.730158730159,0.0,0.8541848721233471,,0.6508075216177883,,43.75,39.58333333333333,16.666666666666664,False,True,,,2025-08-13 00:00:00,79410.0,0,1,2025-08-15 22:00:00,79170.0,2025-08-15 21:00:00,79000.0,4,4,3.052640271086737,155.136012213903,4.0
CU:15m:1:1:4601:4609:1,CU,4h,594,2025-08-16 00:00:00,40.0,1,1,BOS,1,79470.0,144.0,CHoCH,1,78590.0,20.0,5,2,1,1,active_bear_internal_ob,internal,-1.0,110.0,79440.0,80160.0,79800.0,0.49335863377609107,active_bull_internal_ob,internal,1.0,20.0,78050.0,78210.0,78130.0,1.0626185958254268,79060.0,79290.0,78900.0,79150.0,12069.0,150396.0,0,0,0,0,0,0,,79510.0,6.0,above,0.58191018342821,78590.0,False,,78050.0,25.0,below,1.265022137887413,78030.0,False,,80130.0,22.0,above,1.366223908918406,80990.0,False,,77700.0,44.0,below,1.7077798861480076,77810.0,False,,0,0,0.00013009565443700133,13,NONE,0.005022675446732284,0.005740409774679502,0.0027215064364496536,0.3959952010707675,0.00013009565443700133,0.0016912435076810173,0.0004752652807773483,0.0013136330063068247,,78754.44199785627,0.5022675446732284,0.11383759170251473,-0.10598009540566955,,9,1,582,594,2025-08-12 21:00:00,2025-08-15 21:00:00,79460.0,79150.0,13,-0.3901334004530632,-0.030010261573312554,8.0,-1.0,486.0,581.0,2025-07-09 21:00:00,2025-08-12 13:30:00,78310.0,79020.0,96.0,0.9066530455880573,0.00944430255820893,165968.0,,12766.76923076923,,1673890.0,0.0,17436.354166666668,0.0,0.7321925850287928,,0.09915107922264904,,30.76923076923077,69.23076923076923,0.0,True,False,,,,,0,0,2025-08-15 21:00:00,79150.0,2025-08-14 09:00:00,79100.0,2,2,0.4740961957897161,222.14279214043665,
CU:15m:1:1:4601:4609:2,CU,5m,13853,2025-08-18 09:15:00,0.0,1,-1,BOS,1,79170.0,329.0,CHoCH,-1,79080.0,7.0,31,14,14,4,current_internal_high,internal,0.0,9.0,79160.0,79160.0,79160.0,0.11382319463766283,current_internal_low,internal,0.0,0.0,78990.0,78990.0,78990.0,0.10117617301125584,79090.0,79100.0,79060.0,79070.0,432.0,149822.0,0,0,0,0,0,0,,79160.0,9.0,above,0.11382319463766283,79290.0,False,,78990.0,0.0,below,0.10117617301125584,79080.0,False,,79510.0,241.0,above,0.5564689515619072,79170.0,False,,78740.0,80.0,below,0.41735171367143037,78750.0,False,,1,1,5.7082050003832956e-05,98,UP_CONFIRMED,-0.0017952220833389063,0.0003320142378857091,0.001501116509939542,0.07822644560541192,5.7082050003832956e-05,0.00559404090037563,-0.0005487976947657902,-0.0007462330115904914,-0.0009136250275024738,79212.20349698773,-0.17952220833389063,-0.025287646984450962,0.389075973637361,,203,1,13756,13853,2025-08-15 00:50:00,2025-08-18 09:10:00,78950.0,79070.0,98,0.1519949335022197,0.0015509687092063237,202.0,-1.0,13692.0,13755.0,2025-08-14 13:30:00,2025-08-15 00:45:00,79080.0,78940.0,64.0,-0.17703591299949029,-0.0027661861406170357,49072.0,,500.734693877551,,37256.0,0.0,582.125,0.0,0.8601841423707125,,1.3171569680051536,,32.6530612244898,47.95918367346938,19.387755102040817,True,True,2025-08-15 22:00:00,79030.0,2025-08-15 23:05:00,79270.0,3,4,2025-08-18 09:00:00,79120.0,2025-08-18 09:10:00,79070.0,7,8,4.521241376570961,48.637066665547174,
CU:15m:1:1:4601:4609:2,CU,15m,4617,2025-08-18 09:15:00,0.0,1,1,CHoCH,1,78590.0,200.0,CHoCH,1,79200.0,8.0,14,11,6,1,active_bear_internal_ob,internal,-1.0,53.0,79220.0,79290.0,79255.0,0.1897053243961047,active_bull_internal_ob,internal,1.0,8.0,78900.0,79060.0,78980.0,0.01264702162640698,79100.0,79180.0,79060.0,79070.0,3116.0,149822.0,0,0,0,0,0,0,,79290.0,3.0,above,0.2782344757809536,79200.0,False,,78900.0,11.0,below,0.2149993676489187,78740.0,False,,79510.0,47.0,above,0.5564689515619072,78590.0,False,,78050.0,198.0,below,1.2899962058935122,78030.0,False,,0,0,-3.575439090285225e-05,9,NONE,-0.002426482299938276,-0.0019437991639953559,0.0007043130736738898,0.24656952883188588,-3.575439090285225e-05,-0.00032178951812567025,-0.00027243274595367684,,,79262.32863749076,-0.24264822999382757,-0.012645422357104863,2.015457516180878,,61,1,4609,4617,2025-08-15 23:00:00,2025-08-18 09:00:00,79230.0,79070.0,9,-0.20194370819134333,-0.02243818979903815,60.0,-1.0,4564.0,4608.0,2025-08-14 13:30:00,2025-08-15 22:45:00,79010.0,79170.0,45.0,0.20250601189721884,0.004500133597715974,7436.0,,826.2222222222222,,78892.0,0.0,1753.1555555555556,0.0,0.47127718906860006,,0.09425543781372002,,66.66666666666666,33.33333333333333,0.0,True,True,,,2025-08-15 23:00:00,79230.0,0,1,,,2025-08-16 00:30:00,79020.0,0,1,0.3623383972581915,89.2039983988417,
CU:15m:1:1:4601:4609:2,CU,1h,1342,2025-08-16 01:00:00,3375.0,-1,1,CHoCH,-1,77920.0,214.0,BOS,1,79170.0,30.0,11,4,2,2,active_bear_internal_ob,internal,-1.0,137.0,79180.0,79550.0,79365.0,0.1391172378904768,current_internal_low,internal,0.0,6.0,78740.0,78740.0,78740.0,0.41735171367143037,79150.0,79160.0,78990.0,79080.0,1463.0,150446.0,0,0,0,0,0,0,,79510.0,22.0,above,0.5564689515619072,79170.0,False,,78740.0,6.0,below,0.41735171367143037,78750.0,False,,80130.0,115.0,above,1.34058429239914,80990.0,False,,77950.0,53.0,below,1.4164664221575818,77700.0,False,,0,0,0.0002622326076669989,49,NONE,-0.0016257483505458692,0.0018179828033303704,0.005731085881519459,0.2739578498322508,0.0002622326076669989,0.012849397775682947,-0.0002983370363035531,-0.0009207487847504581,-0.002991869912811085,79208.7735329199,-0.16257483505458692,-0.08843967150978793,-1.178676903615405,,19,1,1294,1342,2025-08-08 21:00:00,2025-08-16 00:00:00,78820.0,79080.0,49,0.32986551636640105,0.006731949313600021,18.0,-1.0,1231.0,1293.0,2025-07-30 21:00:00,2025-08-08 14:00:00,78670.0,78490.0,63.0,-0.22880386424304344,-0.0036318073689371975,285957.0,,5835.857142857143,,437140.0,0.0,6938.730158730159,0.0,0.8410554970947522,,0.6541542755181406,,42.857142857142854,40.816326530612244,16.3265306122449,True,True,,,2025-08-13 00:00:00,79410.0,0,1,2025-08-15 22:00:00,79170.0,2025-08-15 21:00:00,79000.0,4,4,3.152442295395016,156.19772562719564,4.0
CU:15m:1:1:4601:4609:2,CU,4h,595,2025-08-16 01:00:00,3375.0,1,1,BOS,1,79470.0,145.0,CHoCH,1,78590.0,21.0,5,2,1,1,active_bear_internal_ob,internal,-1.0,111.0,79440.0,80160.0,79800.0,0.46793980017705833,current_internal_low,internal,0.0,0.0,78740.0,78740.0,78740.0,0.41735171367143037,79150.0,79160.0,78990.0,79080.0,1463.0,150446.0,0,0,0,0,0,0,,79510.0,7.0,above,0.5564689515619072,78590.0,False,,78740.0,0.0,below,0.41735171367143037,78050.0,False,,80130.0,23.0,above,1.34058429239914,80990.0,False,,77700.0,45.0,below,1.7326419628177565,77810.0,False,,0,0,0.00012180215944489005,14,NONE,0.004119816058996322,0.005624653080702132,0.0026555130538423997,0.2854644130685242,0.00012180215944489005,0.0017052302322284607,0.00041454402135765456,0.0010651396956109505,,78755.54165475578,0.4119816058996322,-0.08843967150978793,-1.6466854676234512,,9,1,582,595,2025-08-12 21:00:00,2025-08-16 00:00:00,79460.0,79080.0,14,-0.47822803926503843,-0.03415914566178846,8.0,-1.0,486.0,581.0,2025-07-09 21:00:00,2025-08-12 13:30:00,78310.0,79020.0,96.0,0.9066530455880573,0.00944430255820893,167431.0,,11959.357142857143,,1673890.0,0.0,17436.354166666668,0.0,0.6858863400308776,,0.10002509125450298,,28.57142857142857,71.42857142857143,0.0,True,False,,,,,0,0,2025-08-15 21:00:00,79150.0,2025-08-16 00:00:00,79080.0,2,3,0.472120327376868,218.41830698754833,
CU:15m:1:1:4601:4609:3,CU,5m,13867,2025-08-18 10:40:00,0.0,1,-1,BOS,1,79170.0,343.0,CHoCH,-1,79080.0,21.0,31,14,14,4,current_internal_high,internal,0.0,0.0,79140.0,79140.0,79140.0,0.10118897040222614,current_internal_low,internal,0.0,8.0,79040.0,79040.0,79040.0,0.025297242600556536,79090.0,79100.0,79030.0,79060.0,2063.0,148923.0,0,0,0,0,0,0,,79140.0,0.0,above,0.10118897040222614,79180.0,False,,79040.0,8.0,below,0.025297242600556536,78990.0,False,,79510.0,255.0,above,0.5691879585125221,79170.0,False,,78740.0,94.0,below,0.4047558816089046,78750.0,False,,1,1,4.279047204545123e-05,112,UP_CONFIRMED,-0.0011253128824547207,0.0001593608511336309,0.0014788476722349562,0.19250584995437536,4.279047204545123e-05,0.004792532869090538,-0.0003331471069036862,-0.0006228494493849546,-0.001414827221124848,79149.06746525293,-0.11253128824547207,-0.03793147047667089,2.80833252348681,,203,1,13756,13867,2025-08-15 00:50:00,2025-08-18 10:35:00,78950.0,79060.0,112,0.139328689043694,0.0012440061521758392,202.0,-1.0,13692.0,13755.0,2025-08-14 13:30:00,2025-08-15 00:45:00,79080.0,78940.0,64.0,-0.17703591299949029,-0.0027661861406170357,57939.0,,517.3125,,37256.0,0.0,582.125,0.0,0.8886622289027271,,1.5551589005797724,,28.57142857142857,54.46428571428571,16.964285714285715,True,True,2025-08-15 22:00:00,79030.0,2025-08-15 23:05:00,79270.0,3,4,2025-08-18 09:15:00,79110.0,2025-08-18 10:35:00,79060.0,8,9,9.279868058654374,45.36181480430148,
CU:15m:1:1:4601:4609:3,CU,15m,4621,2025-08-18 10:15:00,25.0,1,1,CHoCH,1,78590.0,204.0,CHoCH,1,79200.0,12.0,14,11,6,1,active_bear_internal_ob,internal,-1.0,57.0,79220.0,79290.0,79255.0,0.2023779408044523,current_internal_low,internal,0.0,0.0,78990.0,78990.0,78990.0,0.08854034910194788,79100.0,79130.0,79080.0,79110.0,1341.0,148771.0,1,1,1,0,1,0,active_bull_internal_ob,79290.0,7.0,above,0.29091828990640023,79200.0,False,,78990.0,0.0,below,0.08854034910194788,78900.0,False,,79510.0,51.0,above,0.5691879585125221,78590.0,False,,78050.0,202.0,below,1.2775107513281052,78030.0,False,,0,0,-4.7131840363380845e-05,13,NONE,-0.0016312856262567516,-0.0019010221285351142,0.0005985194684251423,0.6738873401975988,-4.7131840363380845e-05,-0.000612713924723951,-0.00046485771061133274,-0.0005841634667839157,,79239.26186892197,-0.16312856262567516,0.02528764698443986,0.5855634009543934,,61,1,4609,4621,2025-08-15 23:00:00,2025-08-18 10:00:00,79230.0,79110.0,13,-0.15145778114350472,-0.011650598549500363,60.0,-1.0,4564.0,4608.0,2025-08-14 13:30:00,2025-08-15 22:45:00,79010.0,79170.0,45.0,0.20250601189721884,0.004500133597715974,13414.0,,1031.8461538461538,,78892.0,0.0,1753.1555555555556,0.0,0.5885650880073635,,0.17002991431323836,,46.15384615384615,53.84615384615385,0.0,True,True,,,2025-08-15 23:00:00,79230.0,0,1,2025-08-18 09:15:00,79130.0,2025-08-16 00:30:00,79020.0,1,1,0.3148408739914817,83.99274776836002,
CU:15m:1:1:4601:4609:3,CU,1h,1343,2025-08-18 10:00:00,40.0,-1,1,CHoCH,-1,77920.0,215.0,BOS,1,79170.0,31.0,11,4,2,2,active_bear_internal_ob,internal,-1.0,138.0,79180.0,79550.0,79365.0,0.15178345560333922,current_internal_low,internal,0.0,7.0,78740.0,78740.0,78740.0,0.4047558816089046,79100.0,79180.0,79040.0,79090.0,7753.0,148914.0,0,0,0,0,0,0,,79510.0,23.0,above,0.5691879585125221,79170.0,False,,78740.0,7.0,below,0.4047558816089046,78750.0,False,,80130.0,116.0,above,1.3534024791297747,80990.0,False,,77950.0,54.0,below,1.403996964330888,77700.0,False,,0,0,0.0002554715855899925,50,NONE,-0.0014247497281653987,0.0017531281527004552,0.005691620035932893,0.2883049932641339,0.0002554715855899925,0.012773579279499625,-0.0002638610695766541,-0.0009637674214609815,-0.0029769484618160647,79202.84423078774,-0.14247497281653987,0.012645422357104863,0.7400227662979971,,19,1,1294,1343,2025-08-08 21:00:00,2025-08-18 09:00:00,78820.0,79090.0,50,0.342552651611272,0.00685105303222544,18.0,-1.0,1231.0,1293.0,2025-07-30 21:00:00,2025-08-08 14:00:00,78670.0,78490.0,63.0,-0.22880386424304344,-0.0036318073689371975,293710.0,,5874.2,,437140.0,0.0,6938.730158730159,0.0,0.8465814155648076,,0.6718900123530219,,42.0,42.0,16.0,False,True,,,2025-08-13 00:00:00,79410.0,0,1,2025-08-15 22:00:00,79170.0,2025-08-15 21:00:00,79000.0,4,4,3.2465510448655603,155.0407452252531,4.0
CU:15m:1:1:4601:4609:3,CU,4h,595,2025-08-16 01:00:00,3460.0,1,1,BOS,1,79470.0,145.0,CHoCH,1,78590.0,21.0,5,2,1,1,active_bear_internal_ob,internal,-1.0,111.0,79440.0,80160.0,79800.0,0.4806476094105743,current_internal_low,internal,0.0,0.0,78740.0,78740.0,78740.0,0.4047558816089046,79150.0,79160.0,78990.0,79080.0,1463.0,150446.0,0,0,0,0,0,0,,79510.0,7.0,above,0.5691879585125221,78590.0,False,,78740.0,0.0,below,0.4047558816089046,78050.0,False,,80130.0,23.0,above,1.3534024791297747,80990.0,False,,77700.0,45.0,below,1.7202124968378447,77810.0,False,,0,0,0.00012180215944489005,14,NONE,0.004119816058996322,0.005624653080702132,0.0026555130538423997,0.2854644130685242,0.00012180215944489005,0.0017052302322284607,0.00041454402135765456,0.0010651396956109505,,78755.54165475578,0.4119816058996322,-0.08843967150978793,-1.6466854676234512,,9,1,582,595,2025-08-12 21:00:00,2025-08-16 00:00:00,79460.0,79080.0,14,-0.47822803926503843,-0.03415914566178846,8.0,-1.0,486.0,581.0,2025-07-09 21:00:00,2025-08-12 13:30:00,78310.0,79020.0,96.0,0.9066530455880573,0.00944430255820893,167431.0,,11959.357142857143,,1673890.0,0.0,17436.354166666668,0.0,0.6858863400308776,,0.10002509125450298,,28.57142857142857,71.42857142857143,0.0,True,False,,,,,0,0,2025-08-15 21:00:00,79150.0,2025-08-16 00:00:00,79080.0,2,3,0.472120327376868,218.41830698754833,
CU:15m:1:-1:4617:4623:1,CU,5m,14281,2025-08-22 22:10:00,0.0,1,1,BOS,1,78890.0,10.0,BOS,1,78940.0,1.0,31,14,16,4,active_bear_internal_ob,internal,-1.0,591.0,79240.0,79290.0,79265.0,0.1010611419909045,current_internal_high,internal,0.0,4.0,78940.0,78940.0,78940.0,0.27791814047498736,79050.0,79190.0,79030.0,79160.0,2095.0,118234.0,0,0,0,0,0,0,,78940.0,4.0,below,0.27791814047498736,78730.0,True,1.0,78660.0,11.0,below,0.631632137443153,78630.0,False,,78890.0,42.0,below,0.3410813542193027,78800.0,True,10.0,78530.0,57.0,below,0.7958564931783729,78480.0,False,,0,0,9.394221081989887e-05,14,NONE,0.004799841285976479,0.0025235495962016925,0.0008610478866562102,0.9958988822006902,9.394221081989887e-05,0.0013151909514785842,0.0009099687833302728,0.0010686993871367179,,78781.85957781241,0.4799841285976479,0.1391524351676221,2.0692722556342074,,213,1,14268,14281,2025-08-22 21:00:00,2025-08-22 22:05:00,78790.0,79160.0,14,0.46960274146465864,0.033543052961761334,212.0,-1.0,14234.0,14267.0,2025-08-22 09:55:00,2025-08-22 14:55:00,78670.0,78690.0,34.0,0.02542265158256285,0.0007477250465459662,10231.0,,730.7857142857143,,19983.0,0.0,587.7352941176471,0.0,1.2433925979940093,,0.5119851874092979,,71.42857142857143,28.57142857142857,0.0,True,False,,,,,0,0,2025-08-22 21:50:00,78870.0,2025-08-22 21:45:00,78860.0,2,1,0.34120505812614577,57.91323036335787,
CU:15m:1:-1:4617:4623:1,CU,15m,4759,2025-08-22 22:00:00,10.0,-1,1,CHoCH,-1,78740.0,96.0,CHoCH,1,78850.0,3.0,16,13,6,2,active_bear_internal_ob,internal,-1.0,195.0,79220.0,79290.0,79255.0,0.07579585649317837,active_bear_internal_ob,internal,-1.0,96.0,78930.0,78980.0,78955.0,0.22738756947953515,78890.0,78900.0,78840.0,78890.0,562.0,118505.0,2,2,0,2,1,1,active_bear_internal_ob|active_bear_swing_ob,78850.0,15.0,below,0.39161192521475496,78890.0,True,3.0,78630.0,9.0,below,0.6695300656897423,78700.0,False,,79290.0,100.0,above,0.16422435573521982,79510.0,False,,78480.0,11.0,below,0.8590197069226881,78740.0,False,,0,0,3.365084291328374e-05,31,NONE,0.0025450722000173614,0.0014448278486606605,0.0009275499628301813,0.8822250561719958,3.365084291328374e-05,0.001043176130311796,0.0003970339049548244,0.0004824691419420546,0.0008539244311427385,78689.72895840107,0.25450722000173615,0.012677484787015914,-1.2394336411092246,,63,1,4729,4759,2025-08-21 22:00:00,2025-08-22 21:45:00,78850.0,78890.0,31,0.05072923272035901,0.0016364268619470648,62.0,-1.0,4629.0,4728.0,2025-08-18 14:15:00,2025-08-21 21:45:00,78930.0,78730.0,100.0,-0.2533890789306992,-0.0025338907893069917,38359.0,,1237.3870967741937,,149402.0,0.0,1494.02,0.0,0.828226594539694,,0.25675024430730514,,51.61290322580645,48.38709677419355,0.0,False,False,,,,,0,0,2025-08-22 21:00:00,78880.0,2025-08-22 09:15:00,78720.0,1,1,0.6419795712617319,64.60791199692584,
CU:15m:1:-1:4617:4623:1,CU,1h,1384,2025-08-22 22:00:00,10.0,-1,-1,CHoCH,-1,77920.0,256.0,CHoCH,-1,78760.0,27.0,11,5,2,2,active_bear_internal_ob,internal,-1.0,179.0,79180.0,79550.0,79365.0,0.025265285497726126,active_bear_internal_ob,internal,-1.0,27.0,78840.0,78980.0,78910.0,0.22738756947953515,78710.0,78940.0,78710.0,78890.0,6440.0,118505.0,0,0,0,0,0,0,,78890.0,3.0,below,0.3410813542193027,78800.0,False,,78530.0,5.0,below,0.7958564931783729,78480.0,False,,79510.0,19.0,above,0.4421424962102072,80130.0,False,,77950.0,95.0,below,1.5285497726124304,77700.0,False,,0,0,-0.0002045467729485741,-28,NONE,0.0037048961540926835,-0.0006781096225780711,0.0035867339819119115,0.8891470748217467,-0.0002045467729485741,-0.0057273096425600745,0.000477389038717968,0.0009483619894610218,-0.004438923972671205,78598.79960961005,0.37048961540926834,0.25416190113101145,0.6633301833922235,,20,-1,1357,1384,2025-08-19 21:00:00,2025-08-22 21:00:00,78600.0,78890.0,28,0.36895674300254644,0.01317702653580523,19.0,1.0,1294.0,1356.0,2025-08-08 21:00:00,2025-08-19 14:00:00,78820.0,78890.0,63.0,0.0888099467140302,0.0014096816938734952,143546.0,,5126.642857142857,,356396.0,0.0,5657.079365079365,0.0,0.9062349184614866,,0.40277107487177183,,0.0,60.71428571428571,39.285714285714285,False,False,2025-08-20 22:00:00,78570.0,,,1,0,2025-08-22 21:00:00,78890.0,2025-08-22 09:00:00,78670.0,3,2,5.289312911201122,120.96080803272093,4.0
CU:15m:1:-1:4617:4623:1,CU,4h,613,2025-08-22 15:00:00,430.0,1,-1,BOS,1,79470.0,163.0,CHoCH,-1,78740.0,11.0,5,3,1,1,current_internal_high,internal,0.0,14.0,79290.0,79290.0,79290.0,0.16422435573521982,current_internal_low,internal,0.0,2.0,78480.0,78480.0,78480.0,0.8590197069226881,78660.0,78730.0,78660.0,78690.0,10583.0,120902.0,1,1,0,1,1,0,active_bear_internal_ob,79290.0,14.0,above,0.16422435573521982,79510.0,False,,78480.0,2.0,below,0.8590197069226881,78740.0,False,,80130.0,41.0,above,1.225366346639717,80990.0,False,,77950.0,14.0,below,1.5285497726124304,77700.0,False,,0,0,4.811325465915034e-05,32,NONE,-0.0006670025220435856,0.002249219747325591,0.003698117172437312,0.2151818426293587,4.811325465915034e-05,0.0015396241490928109,-9.398482271250064e-05,-0.00039813527259080495,-2.3527833769909634e-05,78742.52146040616,-0.06670025220435856,-0.012706480304958134,-0.06866113456637543,,9,1,582,613,2025-08-12 21:00:00,2025-08-22 13:30:00,79460.0,78690.0,32,-0.969041026931794,-0.03028253209161856,8.0,-1.0,486.0,581.0,2025-07-09 21:00:00,2025-08-12 13:30:00,78310.0,79020.0,96.0,0.9066530455880573,0.00944430255820893,374976.0,,11718.0,,1673890.0,0.0,17436.354166666668,0.0,0.6720441606079252,,0.22401472020264174,,12.5,37.5,50.0,True,True,2025-08-22 00:00:00,78760.0,2025-08-22 09:00:00,78700.0,1,2,2025-08-15 21:00:00,79150.0,2025-08-16 00:00:00,79080.0,2,3,1.6441777984718995,178.72129720293785,
CU:15m:1:-1:4657:4663:1,CU,5m,14272,2025-08-22 21:25:00,0.0,1,1,BOS,1,78890.0,1.0,CHoCH,1,78730.0,4.0,30,16,16,5,active_bear_internal_ob,internal,-1.0,283.0,78910.0,78940.0,78925.0,0.012674271229404309,current_swing_high,swing,0.0,33.0,78890.0,78890.0,78890.0,0.012674271229404309,78890.0,78940.0,78890.0,78900.0,384.0,119108.0,0,0,0,0,0,0,,78730.0,13.0,below,0.21546261089987326,78850.0,True,4.0,78660.0,2.0,below,0.3041825095057034,78630.0,False,,78890.0,33.0,below,0.012674271229404309,78800.0,True,1.0,78530.0,48.0,below,0.4689480354879595,78480.0,False,,0,0,5.937142485668012e-05,5,NONE,0.0025191474008444447,0.0021022004922130813,0.0004925801851796113,0.8013504868763169,5.937142485668012e-05,0.0002968571242834006,,,,78701.73871946293,0.2519147400844445,0.0,-0.7450677366694829,,213,1,14268,14272,2025-08-22 21:00:00,2025-08-22 21:20:00,78790.0,78900.0,5,0.13961162584084086,0.02792232516816817,212.0,-1.0,14234.0,14267.0,2025-08-22 09:55:00,2025-08-22 14:55:00,78670.0,78690.0,34.0,0.02542265158256285,0.0007477250465459662,5063.0,,1012.6,,19983.0,0.0,587.7352941176471,0.0,1.7228844517840165,,0.253365360556473,,80.0,20.0,0.0,False,False,,,,,0,0,2025-08-22 21:00:00,78790.0,,,1,0,0.23431646363142553,43.71893751064923,
CU:15m:1:-1:4657:4663:1,CU,15m,4756,2025-08-22 21:15:00,10.0,-1,1,CHoCH,-1,78740.0,93.0,CHoCH,1,78850.0,0.0,16,13,6,2,active_bear_internal_ob,internal,-1.0,93.0,78930.0,78980.0,78955.0,0.03802281368821293,current_internal_high,internal,0.0,12.0,78850.0,78850.0,78850.0,0.06337135614702154,78710.0,78880.0,78710.0,78880.0,3923.0,119310.0,0,0,0,0,0,0,,78850.0,12.0,below,0.06337135614702154,78890.0,True,0.0,78630.0,6.0,below,0.3422053231939164,78700.0,False,,79290.0,97.0,above,0.494296577946768,79510.0,False,,78480.0,8.0,below,0.532319391634981,78740.0,False,,0,0,3.114565618625046e-05,28,NONE,0.0025893528405119665,0.0013140418456183572,0.0008773069598358994,0.9269804874567605,3.114565618625046e-05,0.0008720783732150128,0.00027183619715631657,0.00038562051303414613,0.000724561820946823,78676.27935257749,0.25893528405119665,0.24145380607447642,2.5031744875372666,,63,1,4729,4756,2025-08-21 22:00:00,2025-08-22 21:00:00,78850.0,78880.0,28,0.038046924540258154,0.0013588187335806484,62.0,-1.0,4629.0,4728.0,2025-08-18 14:15:00,2025-08-21 21:45:00,78930.0,78730.0,100.0,-0.2533890789306992,-0.0025338907893069917,35842.0,,1280.0714285714287,,149402.0,0.0,1494.02,0.0,0.8567967152858922,,0.2399030802800498,,46.42857142857143,53.57142857142857,0.0,True,False,,,,,0,0,2025-08-22 21:00:00,78880.0,2025-08-22 09:15:00,78720.0,1,1,0.6676400472034125,64.21670938532748,
CU:15m:1:-1:4657:4663:1,CU,1h,1383,2025-08-22 15:00:00,385.0,-1,-1,CHoCH,-1,77920.0,255.0,CHoCH,-1,78760.0,26.0,11,5,2,2,active_bear_internal_ob,internal,-1.0,178.0,79180.0,79550.0,79365.0,0.3548795944233207,current_internal_high,internal,0.0,2.0,78890.0,78890.0,78890.0,0.012674271229404309,78680.0,78700.0,78660.0,78690.0,8061.0,120902.0,1,1,0,1,1,0,active_bear_internal_ob,78890.0,2.0,below,0.012674271229404309,78800.0,False,,78530.0,4.0,below,0.4689480354879595,78480.0,False,,79510.0,18.0,above,0.7731305449936628,80130.0,False,,77950.0,94.0,below,1.2040557667934093,77700.0,False,,0,0,-0.00021958951364138608,-27,NONE,0.0013633730241571352,-0.0008404431698621731,0.003550108239780366,0.7326259543979974,-0.00021958951364138608,-0.005928916868317424,0.0004119576053351892,0.0008009142471958608,-0.004764726887049431,78582.86224545349,0.1363373024157135,0.0,1.365005501281687,,20,-1,1357,1383,2025-08-19 21:00:00,2025-08-22 14:00:00,78600.0,78690.0,27,0.11450381679389832,0.004240882103477716,19.0,1.0,1294.0,1356.0,2025-08-08 21:00:00,2025-08-19 14:00:00,78820.0,78890.0,63.0,0.0888099467140302,0.0014096816938734952,137106.0,,5078.0,,356396.0,0.0,5657.079365079365,0.0,0.8976363371081606,,0.3847012873320688,,0.0,59.25925925925925,40.74074074074074,True,False,2025-08-20 22:00:00,78570.0,,,1,0,2025-08-21 21:00:00,78730.0,2025-08-22 09:00:00,78670.0,2,2,4.224090773874169,111.03471634293022,4.0
CU:15m:1:-1:4657:4663:1,CU,4h,613,2025-08-22 15:00:00,385.0,1,-1,BOS,1,79470.0,163.0,CHoCH,-1,78740.0,11.0,5,3,1,1,current_internal_high,internal,0.0,14.0,79290.0,79290.0,79290.0,0.494296577946768,current_internal_low,internal,0.0,2.0,78480.0,78480.0,78480.0,0.532319391634981,78660.0,78730.0,78660.0,78690.0,10583.0,120902.0,1,1,0,1,1,0,active_bear_internal_ob,79290.0,14.0,above,0.494296577946768,79510.0,False,,78480.0,2.0,below,0.532319391634981,78740.0,False,,80130.0,41.0,above,1.55893536121673,80990.0,False,,77950.0,14.0,below,1.2040557667934093,77700.0,False,,0,0,4.811325465915034e-05,32,NONE,-0.0006670025220435856,0.002249219747325591,0.003698117172437312,0.2151818426293587,4.811325465915034e-05,0.0015396241490928109,-9.398482271250064e-05,-0.00039813527259080495,-2.3527833769909634e-05,78742.52146040616,-0.06670025220435856,-0.012706480304958134,-0.06866113456637543,,9,1,582,613,2025-08-12 21:00:00,2025-08-22 13:30:00,79460.0,78690.0,32,-0.969041026931794,-0.03028253209161856,8.0,-1.0,486.0,581.0,2025-07-09 21:00:00,2025-08-12 13:30:00,78310.0,79020.0,96.0,0.9066530455880573,0.00944430255820893,374976.0,,11718.0,,1673890.0,0.0,17436.354166666668,0.0,0.6720441606079252,,0.22401472020264174,,12.5,37.5,50.0,True,True,2025-08-22 00:00:00,78760.0,2025-08-22 09:00:00,78700.0,1,2,2025-08-15 21:00:00,79150.0,2025-08-16 00:00:00,79080.0,2,3,1.6441777984718995,178.72129720293785,
CU:15m:1:-1:4657:4663:2,CU,5m,14280,2025-08-22 22:05:00,0.0,1,1,BOS,1,78890.0,9.0,BOS,1,78940.0,0.0,31,15,16,4,active_bear_internal_ob,internal,-1.0,411.0,79100.0,79140.0,79120.0,0.06325110689437065,current_internal_high,internal,0.0,3.0,78940.0,78940.0,78940.0,0.1391524351676154,78890.0,79050.0,78890.0,79050.0,1696.0,118262.0,0,0,0,0,0,0,,78940.0,3.0,below,0.1391524351676154,78730.0,True,0.0,78660.0,10.0,below,0.49335863377609107,78630.0,False,,78890.0,41.0,below,0.2024035420619861,78800.0,True,9.0,78530.0,56.0,below,0.6578115117014548,78480.0,False,,0,0,6.140750749646842e-05,13,NONE,0.0039218197021857895,0.0023484502354497857,0.0006076162381299546,0.995193016218894,6.140750749646842e-05,0.0007982975974540896,0.0004043529109225563,0.0006458000680089615,,78741.19124480255,0.392181970218579,0.20281404487261234,1.7627470037694468,,213,1,14268,14280,2025-08-22 21:00:00,2025-08-22 22:00:00,78790.0,79050.0,13,0.3299911156238178,0.025383931971062906,212.0,-1.0,14234.0,14267.0,2025-08-22 09:55:00,2025-08-22 14:55:00,78670.0,78690.0,34.0,0.02542265158256285,0.0007477250465459662,8136.0,,625.8461538461538,,19983.0,0.0,587.7352941176471,0.0,1.0648435785802546,,0.4071460741630386,,69.23076923076923,30.76923076923077,0.0,True,False,,,,,0,0,2025-08-22 21:50:00,78870.0,2025-08-22 21:45:00,78860.0,2,1,0.25873072759133053,50.06040192977001,
CU:15m:1:-1:4657:4663:2,CU,15m,4759,2025-08-22 22:00:00,5.0,-1,1,CHoCH,-1,78740.0,96.0,CHoCH,1,78850.0,3.0,16,13,6,2,active_bear_internal_ob,internal,-1.0,136.0,79060.0,79180.0,79120.0,0.012650221378874131,active_bear_internal_ob,internal,-1.0,96.0,78930.0,78980.0,78955.0,0.08855154965211891,78890.0,78900.0,78840.0,78890.0,562.0,118505.0,0,0,0,0,0,0,,78850.0,15.0,below,0.2530044275774826,78890.0,True,3.0,78630.0,9.0,below,0.5313092979127134,78700.0,False,,79290.0,100.0,above,0.3036053130929791,79510.0,False,,78480.0,11.0,below,0.7210626185958254,78740.0,False,,0,0,3.365084291328374e-05,31,NONE,0.0025450722000173614,0.0014448278486606605,0.0009275499628301813,0.8822250561719958,3.365084291328374e-05,0.001043176130311796,0.0003970339049548244,0.0004824691419420546,0.0008539244311427385,78689.72895840107,0.25450722000173615,0.012677484787015914,-1.2394336411092246,,63,1,4729,4759,2025-08-21 22:00:00,2025-08-22 21:45:00,78850.0,78890.0,31,0.05072923272035901,0.0016364268619470648,62.0,-1.0,4629.0,4728.0,2025-08-18 14:15:00,2025-08-21 21:45:00,78930.0,78730.0,100.0,-0.2533890789306992,-0.0025338907893069917,38359.0,,1237.3870967741937,,149402.0,0.0,1494.02,0.0,0.828226594539694,,0.25675024430730514,,51.61290322580645,48.38709677419355,0.0,False,False,,,,,0,0,2025-08-22 21:00:00,78880.0,2025-08-22 09:15:00,78720.0,1,1,0.6419795712617319,64.60791199692584,
CU:15m:1:-1:4657:4663:2,CU,1h,1384,2025-08-22 22:00:00,5.0,-1,-1,CHoCH,-1,77920.0,256.0,CHoCH,-1,78760.0,27.0,11,5,2,2,active_bear_internal_ob,internal,-1.0,179.0,79180.0,79550.0,79365.0,0.1644528779253637,active_bear_internal_ob,internal,-1.0,27.0,78840.0,78980.0,78910.0,0.08855154965211891,78710.0,78940.0,78710.0,78890.0,6440.0,118505.0,0,0,0,0,0,0,,78890.0,3.0,below,0.2024035420619861,78800.0,False,,78530.0,5.0,below,0.6578115117014548,78480.0,False,,79510.0,19.0,above,0.58191018342821,80130.0,False,,77950.0,95.0,below,1.3915243516761544,77700.0,False,,0,0,-0.0002045467729485741,-28,NONE,0.0037048961540926835,-0.0006781096225780711,0.0035867339819119115,0.8891470748217467,-0.0002045467729485741,-0.0057273096425600745,0.000477389038717968,0.0009483619894610218,-0.004438923972671205,78598.79960961005,0.37048961540926834,0.25416190113101145,0.6633301833922235,,20,-1,1357,1384,2025-08-19 21:00:00,2025-08-22 21:00:00,78600.0,78890.0,28,0.36895674300254644,0.01317702653580523,19.0,1.0,1294.0,1356.0,2025-08-08 21:00:00,2025-08-19 14:00:00,78820.0,78890.0,63.0,0.0888099467140302,0.0014096816938734952,143546.0,,5126.642857142857,,356396.0,0.0,5657.079365079365,0.0,0.9062349184614866,,0.40277107487177183,,0.0,60.71428571428571,39.285714285714285,False,False,2025-08-20 22:00:00,78570.0,,,1,0,2025-08-22 21:00:00,78890.0,2025-08-22 09:00:00,78670.0,3,2,5.289312911201122,120.96080803272093,4.0
CU:15m:1:-1:4657:4663:2,CU,4h,613,2025-08-22 15:00:00,425.0,1,-1,BOS,1,79470.0,163.0,CHoCH,-1,78740.0,11.0,5,3,1,1,current_internal_high,internal,0.0,14.0,79290.0,79290.0,79290.0,0.3036053130929791,current_internal_low,internal,0.0,2.0,78480.0,78480.0,78480.0,0.7210626185958254,78660.0,78730.0,78660.0,78690.0,10583.0,120902.0,1,1,0,1,1,0,active_bear_internal_ob,79290.0,14.0,above,0.3036053130929791,79510.0,False,,78480.0,2.0,below,0.7210626185958254,78740.0,False,,80130.0,41.0,above,1.366223908918406,80990.0,False,,77950.0,14.0,below,1.3915243516761544,77700.0,False,,0,0,4.811325465915034e-05,32,NONE,-0.0006670025220435856,0.002249219747325591,0.003698117172437312,0.2151818426293587,4.811325465915034e-05,0.0015396241490928109,-9.398482271250064e-05,-0.00039813527259080495,-2.3527833769909634e-05,78742.52146040616,-0.06670025220435856,-0.012706480304958134,-0.06866113456637543,,9,1,582,613,2025-08-12 21:00:00,2025-08-22 13:30:00,79460.0,78690.0,32,-0.969041026931794,-0.03028253209161856,8.0,-1.0,486.0,581.0,2025-07-09 21:00:00,2025-08-12 13:30:00,78310.0,79020.0,96.0,0.9066530455880573,0.00944430255820893,374976.0,,11718.0,,1673890.0,0.0,17436.354166666668,0.0,0.6720441606079252,,0.22401472020264174,,12.5,37.5,50.0,True,True,2025-08-22 00:00:00,78760.0,2025-08-22 09:00:00,78700.0,1,2,2025-08-15 21:00:00,79150.0,2025-08-16 00:00:00,79080.0,2,3,1.6441777984718995,178.72129720293785,
CU:15m:0:-1:4609:4663:1,CU,5m,14281,2025-08-22 22:10:00,0.0,1,1,BOS,1,78890.0,10.0,BOS,1,78940.0,1.0,31,14,16,4,active_bear_internal_ob,internal,-1.0,591.0,79240.0,79290.0,79265.0,0.1010611419909045,current_internal_high,internal,0.0,4.0,78940.0,78940.0,78940.0,0.27791814047498736,79050.0,79190.0,79030.0,79160.0,2095.0,118234.0,0,0,0,0,0,0,,78940.0,4.0,below,0.27791814047498736,78730.0,True,1.0,78660.0,11.0,below,0.631632137443153,78630.0,False,,78890.0,42.0,below,0.3410813542193027,78800.0,True,10.0,78530.0,57.0,below,0.7958564931783729,78480.0,False,,0,0,9.394221081989887e-05,14,NONE,0.004799841285976479,0.0025235495962016925,0.0008610478866562102,0.9958988822006902,9.394221081989887e-05,0.0013151909514785842,0.0009099687833302728,0.0010686993871367179,,78781.85957781241,0.4799841285976479,0.1391524351676221,2.0692722556342074,,213,1,14268,14281,2025-08-22 21:00:00,2025-08-22 22:05:00,78790.0,79160.0,14,0.46960274146465864,0.033543052961761334,212.0,-1.0,14234.0,14267.0,2025-08-22 09:55:00,2025-08-22 14:55:00,78670.0,78690.0,34.0,0.02542265158256285,0.0007477250465459662,10231.0,,730.7857142857143,,19983.0,0.0,587.7352941176471,0.0,1.2433925979940093,,0.5119851874092979,,71.42857142857143,28.57142857142857,0.0,True,False,,,,,0,0,2025-08-22 21:50:00,78870.0,2025-08-22 21:45:00,78860.0,2,1,0.34120505812614577,57.91323036335787,
CU:15m:0:-1:4609:4663:1,CU,15m,4759,2025-08-22 22:00:00,10.0,-1,1,CHoCH,-1,78740.0,96.0,CHoCH,1,78850.0,3.0,16,13,6,2,active_bear_internal_ob,internal,-1.0,195.0,79220.0,79290.0,79255.0,0.07579585649317837,active_bear_internal_ob,internal,-1.0,96.0,78930.0,78980.0,78955.0,0.22738756947953515,78890.0,78900.0,78840.0,78890.0,562.0,118505.0,2,2,0,2,1,1,active_bear_internal_ob|active_bear_swing_ob,78850.0,15.0,below,0.39161192521475496,78890.0,True,3.0,78630.0,9.0,below,0.6695300656897423,78700.0,False,,79290.0,100.0,above,0.16422435573521982,79510.0,False,,78480.0,11.0,below,0.8590197069226881,78740.0,False,,0,0,3.365084291328374e-05,31,NONE,0.0025450722000173614,0.0014448278486606605,0.0009275499628301813,0.8822250561719958,3.365084291328374e-05,0.001043176130311796,0.0003970339049548244,0.0004824691419420546,0.0008539244311427385,78689.72895840107,0.25450722000173615,0.012677484787015914,-1.2394336411092246,,63,1,4729,4759,2025-08-21 22:00:00,2025-08-22 21:45:00,78850.0,78890.0,31,0.05072923272035901,0.0016364268619470648,62.0,-1.0,4629.0,4728.0,2025-08-18 14:15:00,2025-08-21 21:45:00,78930.0,78730.0,100.0,-0.2533890789306992,-0.0025338907893069917,38359.0,,1237.3870967741937,,149402.0,0.0,1494.02,0.0,0.828226594539694,,0.25675024430730514,,51.61290322580645,48.38709677419355,0.0,False,False,,,,,0,0,2025-08-22 21:00:00,78880.0,2025-08-22 09:15:00,78720.0,1,1,0.6419795712617319,64.60791199692584,
CU:15m:0:-1:4609:4663:1,CU,1h,1384,2025-08-22 22:00:00,10.0,-1,-1,CHoCH,-1,77920.0,256.0,CHoCH,-1,78760.0,27.0,11,5,2,2,active_bear_internal_ob,internal,-1.0,179.0,79180.0,79550.0,79365.0,0.025265285497726126,active_bear_internal_ob,internal,-1.0,27.0,78840.0,78980.0,78910.0,0.22738756947953515,78710.0,78940.0,78710.0,78890.0,6440.0,118505.0,0,0,0,0,0,0,,78890.0,3.0,below,0.3410813542193027,78800.0,False,,78530.0,5.0,below,0.7958564931783729,78480.0,False,,79510.0,19.0,above,0.4421424962102072,80130.0,False,,77950.0,95.0,below,1.5285497726124304,77700.0,False,,0,0,-0.0002045467729485741,-28,NONE,0.0037048961540926835,-0.0006781096225780711,0.0035867339819119115,0.8891470748217467,-0.0002045467729485741,-0.0057273096425600745,0.000477389038717968,0.0009483619894610218,-0.004438923972671205,78598.79960961005,0.37048961540926834,0.25416190113101145,0.6633301833922235,,20,-1,1357,1384,2025-08-19 21:00:00,2025-08-22 21:00:00,78600.0,78890.0,28,0.36895674300254644,0.01317702653580523,19.0,1.0,1294.0,1356.0,2025-08-08 21:00:00,2025-08-19 14:00:00,78820.0,78890.0,63.0,0.0888099467140302,0.0014096816938734952,143546.0,,5126.642857142857,,356396.0,0.0,5657.079365079365,0.0,0.9062349184614866,,0.40277107487177183,,0.0,60.71428571428571,39.285714285714285,False,False,2025-08-20 22:00:00,78570.0,,,1,0,2025-08-22 21:00:00,78890.0,2025-08-22 09:00:00,78670.0,3,2,5.289312911201122,120.96080803272093,4.0
CU:15m:0:-1:4609:4663:1,CU,4h,613,2025-08-22 15:00:00,430.0,1,-1,BOS,1,79470.0,163.0,CHoCH,-1,78740.0,11.0,5,3,1,1,current_internal_high,internal,0.0,14.0,79290.0,79290.0,79290.0,0.16422435573521982,current_internal_low,internal,0.0,2.0,78480.0,78480.0,78480.0,0.8590197069226881,78660.0,78730.0,78660.0,78690.0,10583.0,120902.0,1,1,0,1,1,0,active_bear_internal_ob,79290.0,14.0,above,0.16422435573521982,79510.0,False,,78480.0,2.0,below,0.8590197069226881,78740.0,False,,80130.0,41.0,above,1.225366346639717,80990.0,False,,77950.0,14.0,below,1.5285497726124304,77700.0,False,,0,0,4.811325465915034e-05,32,NONE,-0.0006670025220435856,0.002249219747325591,0.003698117172437312,0.2151818426293587,4.811325465915034e-05,0.0015396241490928109,-9.398482271250064e-05,-0.00039813527259080495,-2.3527833769909634e-05,78742.52146040616,-0.06670025220435856,-0.012706480304958134,-0.06866113456637543,,9,1,582,613,2025-08-12 21:00:00,2025-08-22 13:30:00,79460.0,78690.0,32,-0.969041026931794,-0.03028253209161856,8.0,-1.0,486.0,581.0,2025-07-09 21:00:00,2025-08-12 13:30:00,78310.0,79020.0,96.0,0.9066530455880573,0.00944430255820893,374976.0,,11718.0,,1673890.0,0.0,17436.354166666668,0.0,0.6720441606079252,,0.22401472020264174,,12.5,37.5,50.0,True,True,2025-08-22 00:00:00,78760.0,2025-08-22 09:00:00,78700.0,1,2,2025-08-15 21:00:00,79150.0,2025-08-16 00:00:00,79080.0,2,3,1.6441777984718995,178.72129720293785,
CU:15m:1:1:4674:4681:1,CU,5m,14048,2025-08-20 10:00:00,0.0,-1,1,CHoCH,-1,78760.0,59.0,BOS,1,78580.0,11.0,29,16,14,5,current_internal_high,internal,0.0,5.0,78640.0,78640.0,78640.0,0.07635530669381523,active_bull_internal_ob,internal,1.0,11.0,78540.0,78570.0,78555.0,0.012725884448969204,78580.0,78630.0,78570.0,78580.0,772.0,138306.0,0,0,0,0,0,0,,78640.0,5.0,above,0.07635530669381523,78580.0,False,,78540.0,0.0,below,0.050903537795876815,78540.0,False,,78980.0,27.0,above,0.5090353779587682,79290.0,False,,78760.0,90.0,above,0.22906592008144566,78740.0,True,59.0,0,0,-8.86482138970357e-06,4,NONE,-0.000968631963595525,-0.0006689292278326688,0.00021611547532966375,0.08275575764831145,-8.86482138970357e-06,-3.545928555881428e-05,,,,78656.18889870189,-0.0968631963595525,-0.025445292620862592,0.32852089999544226,,207,1,14045,14048,2025-08-20 09:40:00,2025-08-20 09:55:00,78630.0,78580.0,4,-0.06358896095637334,-0.015897240239093335,206.0,-1.0,13989.0,14044.0,2025-08-19 21:00:00,2025-08-20 09:35:00,78750.0,78620.0,56.0,-0.16507936507936805,-0.002947845804988715,4403.0,,1100.75,,28346.0,0.0,506.17857142857144,0.0,2.1746278134481054,,0.1553305581034361,,0.0,100.0,0.0,True,True,,,2025-08-20 09:40:00,78630.0,0,1,,,2025-08-20 09:55:00,78580.0,0,1,0.32307674166051625,40.82949478441114,
CU:15m:1:1:4674:4681:1,CU,15m,4682,2025-08-20 10:00:00,0.0,-1,1,CHoCH,-1,78740.0,19.0,CHoCH,1,78620.0,1.0,14,13,6,2,current_internal_high,internal,0.0,4.0,78620.0,78620.0,78620.0,0.050903537795876815,active_bull_internal_ob,internal,1.0,1.0,78520.0,78570.0,78545.0,0.012725884448969204,78620.0,78640.0,78570.0,78580.0,2649.0,138306.0,0,0,0,0,0,0,,78620.0,4.0,above,0.050903537795876815,78980.0,True,1.0,78520.0,2.0,below,0.07635530669381523,78510.0,False,,79290.0,23.0,above,0.9035377958768135,79510.0,False,,78740.0,58.0,above,0.20361415118350726,78050.0,True,19.0,-1,-1,-8.525669503974039e-05,-54,DOWN_CONFIRMED,-0.0025843096019764165,-0.002817830275012214,0.001074720041031507,0.5860069236769065,-8.525669503974039e-05,-0.004603861532145981,-0.0007869534542322976,-0.0009184727252814495,-0.002529521585827754,78783.60121710364,-0.25843096019764167,-0.06358896095637334,0.5840036320087504,,62,-1,4629,4682,2025-08-18 14:15:00,2025-08-20 09:45:00,78930.0,78580.0,54,-0.44343088812872633,-0.008211683113494931,61.0,1.0,4609.0,4628.0,2025-08-15 23:00:00,2025-08-18 14:00:00,79230.0,78900.0,20.0,-0.41650889814464076,-0.020825444907232038,76964.0,,1425.2592592592594,,30544.0,0.0,1527.2,0.0,0.9332499078439361,,2.5197747511786277,,0.0,33.33333333333333,66.66666666666666,True,True,,,,,0,0,2025-08-20 09:30:00,78630.0,2025-08-20 09:45:00,78580.0,4,4,0.3813998488701909,68.09460295794645,
CU:15m:1:1:4674:4681:1,CU,1h,1361,2025-08-20 10:00:00,0.0,-1,-1,CHoCH,-1,77920.0,233.0,CHoCH,-1,78760.0,4.0,11,5,2,2,current_internal_low,internal,0.0,7.0,78760.0,78760.0,78760.0,0.22906592008144566,active_bull_internal_ob,internal,1.0,67.0,78320.0,78460.0,78390.0,0.15271061338763045,78590.0,78660.0,78540.0,78580.0,11248.0,138306.0,0,0,0,0,0,0,,78980.0,1.0,above,0.5090353779587682,79290.0,False,,78760.0,7.0,above,0.22906592008144566,78740.0,True,4.0,80130.0,134.0,above,1.9725120895902264,80990.0,False,,77950.0,72.0,below,0.8017307202850599,77700.0,False,,0,0,-0.0001444730404787542,-5,NONE,-0.005246548917908275,-0.005958856849133448,0.00043858168197154077,0.9478245714253086,-0.0001444730404787542,-0.000722365202393771,,,,78994.44823691816,-0.5246548917908275,0.03819223424570417,1.676848911004353,,20,-1,1357,1361,2025-08-19 21:00:00,2025-08-20 09:00:00,78600.0,78580.0,5,-0.025445292620862592,-0.005089058524172518,19.0,1.0,1294.0,1356.0,2025-08-08 21:00:00,2025-08-19 14:00:00,78820.0,78890.0,63.0,0.0888099467140302,0.0014096816938734952,32749.0,,6549.8,,356396.0,0.0,5657.079365079365,0.0,1.1578059237477414,,0.09188935902759851,,0.0,0.0,100.0,True,True,,,,,0,0,,,,,0,0,0.07360164761053463,129.75383459516715,4.0
CU:15m:1:1:4674:4681:1,CU,4h,603,2025-08-20 01:00:00,540.0,1,-1,BOS,1,79470.0,153.0,CHoCH,-1,78740.0,1.0,5,3,1,1,current_internal_low,internal,0.0,8.0,78740.0,78740.0,78740.0,0.20361415118350726,active_bull_internal_ob,internal,1.0,29.0,78050.0,78210.0,78130.0,0.4708577246118605,78520.0,78580.0,78520.0,78550.0,1100.0,139326.0,0,0,0,0,0,0,,79290.0,4.0,above,0.9035377958768135,79510.0,False,,78740.0,8.0,above,0.20361415118350726,78050.0,True,1.0,80130.0,31.0,above,1.9725120895902264,80990.0,False,,77950.0,4.0,below,0.8017307202850599,77700.0,False,,0,0,8.811505542450814e-05,22,NONE,-0.0028421109956543273,0.0037330208193757015,0.003513842452413898,0.030658094513182133,8.811505542450814e-05,0.001938531219339179,-7.683199835573085e-06,0.00037475664265884667,0.0018621209073355072,78773.8841222342,-0.2842110995654327,0.025467974022674866,-1.5551843771234553,,9,1,582,603,2025-08-12 21:00:00,2025-08-20 00:00:00,79460.0,78550.0,22,-1.1452303045557555,-0.05205592293435252,8.0,-1.0,486.0,581.0,2025-07-09 21:00:00,2025-08-12 13:30:00,78310.0,79020.0,96.0,0.9066530455880573,0.00944430255820893,259371.0,,11789.59090909091,,1673890.0,0.0,17436.354166666668,0.0,0.6761500022538681,,0.1549510421831781,,18.181818181818183,54.54545454545454,27.27272727272727,True,True,,,2025-08-19 21:00:00,78530.0,0,1,2025-08-15 21:00:00,79150.0,2025-08-16 00:00:00,79080.0,2,3,0.94128659400339,196.30351929412342,
CU:15m:1:1:4695:4703:1,CU,5m,14157,2025-08-21 13:35:00,0.0,-1,-1,CHoCH,-1,78760.0,168.0,BOS,-1,78590.0,0.0,28,18,14,5,current_internal_low,internal,0.0,10.0,78590.0,78590.0,78590.0,0.025455008272877687,current_swing_low,swing,0.0,11.0,78480.0,78480.0,78480.0,0.11454753722794961,78640.0,78640.0,78570.0,78570.0,875.0,129201.0,1,1,1,0,1,0,active_bull_internal_ob,78680.0,6.0,above,0.14000254550082727,78760.0,False,,78590.0,10.0,above,0.025455008272877687,78670.0,True,0.0,78980.0,136.0,above,0.5218276695939926,79290.0,False,,78480.0,11.0,below,0.11454753722794961,78760.0,False,,0,0,0.0,-1,UP_BROKEN,-0.0012028843666546712,-0.0012028843666546712,0.0,0.5,0.0,0.0,,,,78664.624446956,-0.12028843666546712,-0.0890132248219766,1.0483130856114973,,210,-1,14157,14157,2025-08-21 13:30:00,2025-08-21 13:30:00,78570.0,78570.0,1,0.0,0.0,209.0,1.0,14109.0,14156.0,2025-08-20 23:15:00,2025-08-21 11:25:00,78620.0,78640.0,48.0,0.025438819638767818,0.0005299754091409962,875.0,,875.0,,19608.0,0.0,408.5,0.0,2.141982864137087,,0.04462464300285598,,0.0,0.0,100.0,True,True,,,,,0,0,,,,,0,0,0.0,38.393238226926805,
CU:15m:1:1:4695:4703:1,CU,15m,4718,2025-08-21 11:30:00,125.0,-1,1,CHoCH,-1,78740.0,55.0,BOS,1,78640.0,15.0,14,13,6,2,current_swing_low,swing,0.0,94.0,78740.0,78740.0,78740.0,0.21636757031946036,current_internal_low,internal,0.0,15.0,78480.0,78480.0,78480.0,0.11454753722794961,78630.0,78660.0,78600.0,78640.0,1600.0,129421.0,1,1,1,0,1,0,active_bull_internal_ob,78800.0,9.0,above,0.2927325951380934,78640.0,False,,78480.0,15.0,below,0.11454753722794961,78500.0,False,,79290.0,59.0,above,0.9163802978235969,79510.0,False,,78740.0,94.0,above,0.21636757031946036,78050.0,True,55.0,-1,-1,-8.186324412171844e-05,-90,DOWN_CONFIRMED,0.0009565397319262614,-0.0016301844501570761,0.002058568424504435,0.8955443276060466,-8.186324412171844e-05,-0.0073676919709546596,0.00031635941565366643,0.0007286657045038059,0.0010652302252587287,78564.84959982496,0.09565397319262614,0.012717792191274668,0.7067095772306604,,62,-1,4629,4718,2025-08-18 14:15:00,2025-08-21 11:15:00,78930.0,78640.0,90,-0.3674141644495088,-0.004082379604994542,61.0,1.0,4609.0,4628.0,2025-08-15 23:00:00,2025-08-18 14:00:00,79230.0,78900.0,20.0,-0.41650889814464076,-0.020825444907232038,132676.0,,1474.1777777777777,,30544.0,0.0,1527.2,0.0,0.965281415517141,,4.343766369827135,,8.88888888888889,35.55555555555556,55.55555555555556,True,False,2025-08-20 22:00:00,78510.0,,,1,0,2025-08-21 11:15:00,78640.0,2025-08-21 11:00:00,78630.0,8,7,1.2627825178347651,64.18857980380214,
CU:15m:1:1:4695:4703:1,CU,1h,1372,2025-08-21 11:30:00,125.0,-1,-1,CHoCH,-1,77920.0,244.0,CHoCH,-1,78760.0,15.0,11,5,2,2,active_bear_internal_ob,internal,-1.0,15.0,78840.0,78980.0,78910.0,0.3436426116838488,current_internal_low,internal,0.0,0.0,78480.0,78480.0,78480.0,0.11454753722794961,78640.0,78670.0,78600.0,78640.0,3695.0,129421.0,0,0,0,0,0,0,,78980.0,12.0,above,0.5218276695939926,79290.0,False,,78480.0,0.0,below,0.11454753722794961,78760.0,False,,79510.0,7.0,above,1.1963853888252514,80130.0,False,,77950.0,83.0,below,0.7891052564592084,77700.0,False,,0,0,-0.0004224494172752613,-16,NONE,0.0015636337572500604,-0.0026014063934487173,0.003645626562617587,0.8733718517656794,-0.0004224494172752613,-0.006759190676404181,0.0004410692160821128,-0.005774815490794949,,78517.22781206736,0.15636337572500605,0.0,-0.5204642623932396,,20,-1,1357,1372,2025-08-19 21:00:00,2025-08-21 11:00:00,78600.0,78640.0,16,0.050890585241725184,0.003180661577607824,19.0,1.0,1294.0,1356.0,2025-08-08 21:00:00,2025-08-19 14:00:00,78820.0,78890.0,63.0,0.0888099467140302,0.0014096816938734952,88461.0,,5528.8125,,356396.0,0.0,5657.079365079365,0.0,0.9773263097790099,,0.24820985645181204,,0.0,31.25,68.75,True,False,2025-08-20 22:00:00,78570.0,,,1,0,2025-08-20 23:00:00,78740.0,2025-08-21 09:00:00,78610.0,1,1,1.4014060132236907,122.89928605872039,2.0
CU:15m:1:1:4695:4703:1,CU,4h,608,2025-08-21 11:30:00,125.0,1,-1,BOS,1,79470.0,158.0,CHoCH,-1,78740.0,6.0,5,3,1,1,current_internal_low,internal,0.0,13.0,78740.0,78740.0,78740.0,0.21636757031946036,active_bull_internal_ob,internal,1.0,34.0,78050.0,78210.0,78130.0,0.45819014891179843,78710.0,78720.0,78590.0,78640.0,16162.0,129421.0,0,0,0,0,0,0,,79290.0,9.0,above,0.9163802978235969,79510.0,False,,78740.0,13.0,above,0.21636757031946036,78050.0,True,6.0,80130.0,36.0,above,1.9854906452844596,80990.0,False,,77950.0,9.0,below,0.7891052564592084,77700.0,False,,0,0,6.05097229883757e-05,27,NONE,-0.0013958459143264376,0.002803146228491451,0.003750464139106734,0.13144369122947736,6.05097229883757e-05,0.001633762520686144,-0.0003041790380913234,-0.00031185990085857984,0.0005655201797194476,78749.92275793519,-0.13958459143264376,-0.11431474660230645,0.5552654947505626,,9,1,582,608,2025-08-12 21:00:00,2025-08-21 09:00:00,79460.0,78640.0,27,-1.031965768940346,-0.038220954405198,8.0,-1.0,486.0,581.0,2025-07-09 21:00:00,2025-08-12 13:30:00,78310.0,79020.0,96.0,0.9066530455880573,0.00944430255820893,326331.0,,12086.333333333334,,1673890.0,0.0,17436.354166666668,0.0,0.6931686072561518,,0.1949536707907927,,14.814814814814813,44.44444444444444,40.74074074074074,True,True,,,2025-08-19 21:00:00,78530.0,0,1,2025-08-15 21:00:00,79150.0,2025-08-16 00:00:00,79080.0,2,3,1.337948088824854,186.37502712648185,
CU:15m:1:1:4695:4703:2,CU,5m,14163,2025-08-21 14:05:00,0.0,-1,-1,CHoCH,-1,78760.0,174.0,BOS,-1,78590.0,6.0,28,18,14,5,current_internal_low,internal,0.0,16.0,78590.0,78590.0,78590.0,0.012725884448969204,current_swing_low,swing,0.0,17.0,78480.0,78480.0,78480.0,0.12725884448969205,78600.0,78610.0,78570.0,78580.0,1063.0,128942.0,1,1,1,0,1,0,active_bull_internal_ob,78680.0,12.0,above,0.12725884448969205,78760.0,False,,78590.0,16.0,above,0.012725884448969204,78670.0,True,6.0,78980.0,142.0,above,0.5090353779587682,79290.0,False,,78480.0,17.0,below,0.12725884448969205,78760.0,False,,0,0,-2.5688121433648753e-05,-7,NONE,-0.0008961067074976487,-0.0007920872119915525,0.0002834677257841216,0.3568268236618678,-2.5688121433648753e-05,-0.00017981685003554126,-0.00014658049416327312,,,78650.47922197872,-0.08961067074976486,-0.025445292620862592,1.8883348263761868,,210,-1,14157,14163,2025-08-21 13:30:00,2025-08-21 14:00:00,78570.0,78580.0,7,0.012727504136433865,0.0018182148766334092,209.0,1.0,14109.0,14156.0,2025-08-20 23:15:00,2025-08-21 11:25:00,78620.0,78640.0,48.0,0.025438819638767818,0.0005299754091409962,3971.0,,567.2857142857143,,19608.0,0.0,408.5,0.0,1.3887043189368773,,0.20251937984496124,,0.0,0.0,100.0,True,True,,,,,0,0,,,,,0,0,0.3578743874319041,36.08871088641775,
CU:15m:1:1:4695:4703:2,CU,15m,4720,2025-08-21 14:00:00,5.0,-1,1,CHoCH,-1,78740.0,57.0,BOS,1,78640.0,17.0,14,13,6,2,current_swing_low,swing,0.0,96.0,78740.0,78740.0,78740.0,0.20361415118350726,current_internal_low,internal,0.0,17.0,78480.0,78480.0,78480.0,0.12725884448969205,78610.0,78630.0,78590.0,78600.0,969.0,129179.0,1,1,1,0,1,0,active_bull_internal_ob,78800.0,11.0,above,0.27996945787732247,78640.0,False,,78480.0,17.0,below,0.12725884448969205,78500.0,False,,79290.0,61.0,above,0.9035377958768135,79510.0,False,,78740.0,96.0,above,0.20361415118350726,78050.0,True,57.0,-1,-1,-7.961138572121218e-05,-92,DOWN_CONFIRMED,0.0004036215806159627,-0.001584434582475886,0.0020590958823063967,0.83285267122565,-7.961138572121218e-05,-0.0073242474863515206,0.00020390490440469478,0.0005757675047990407,0.0010656800680017842,78568.28814335329,0.04036215806159627,-0.012721027859052825,-0.25680788573547497,,62,-1,4629,4720,2025-08-18 14:15:00,2025-08-21 13:45:00,78930.0,78600.0,92,-0.4180919802356464,-0.004544478046039635,61.0,1.0,4609.0,4628.0,2025-08-15 23:00:00,2025-08-18 14:00:00,79230.0,78900.0,20.0,-0.41650889814464076,-0.020825444907232038,135584.0,,1473.7391304347825,,30544.0,0.0,1527.2,0.0,0.9649941922700251,,4.438973284442116,,8.695652173913043,36.95652173913043,54.347826086956516,True,False,2025-08-20 22:00:00,78510.0,,,1,0,2025-08-21 11:15:00,78640.0,2025-08-21 13:30:00,78610.0,8,8,1.2995777200777772,62.8462754430743,
CU:15m:1:1:4695:4703:2,CU,1h,1373,2025-08-21 14:00:00,5.0,-1,-1,CHoCH,-1,77920.0,245.0,CHoCH,-1,78760.0,16.0,11,5,2,2,current_internal_high,internal,0.0,0.0,78800.0,78800.0,78800.0,0.27996945787732247,current_internal_low,internal,0.0,1.0,78480.0,78480.0,78480.0,0.12725884448969205,78640.0,78640.0,78570.0,78600.0,2908.0,129179.0,0,0,0,0,0,0,,78800.0,0.0,above,0.27996945787732247,78980.0,False,,78480.0,1.0,below,0.12725884448969205,78760.0,False,,79510.0,8.0,above,1.1835072537541358,80130.0,False,,77950.0,84.0,below,0.8017307202850599,77700.0,False,,0,0,-0.00039555561243404306,-17,NONE,0.0010191740551003905,-0.002388431072945829,0.003637929251389705,0.8255404967215916,-0.00039555561243404306,-0.006724445411378732,0.000391855631497684,-0.005561187100265319,,78519.97447920365,0.10191740551003904,-0.050864699898267585,-0.6897229762710024,,20,-1,1357,1373,2025-08-19 21:00:00,2025-08-21 13:30:00,78600.0,78600.0,17,0.0,0.0,19.0,1.0,1294.0,1356.0,2025-08-08 21:00:00,2025-08-19 14:00:00,78820.0,78890.0,63.0,0.0888099467140302,0.0014096816938734952,91369.0,,5374.64705882353,,356396.0,0.0,5657.079365079365,0.0,0.9500745370483462,,0.2563693195209823,,0.0,35.294117647058826,64.70588235294117,True,False,2025-08-20 22:00:00,78570.0,,,1,0,2025-08-20 23:00:00,78740.0,2025-08-21 09:00:00,78610.0,1,1,1.5231460068482434,119.12076562595465,2.0
CU:15m:1:1:4695:4703:2,CU,4h,608,2025-08-21 11:30:00,155.0,1,-1,BOS,1,79470.0,158.0,CHoCH,-1,78740.0,6.0,5,3,1,1,current_internal_low,internal,0.0,13.0,78740.0,78740.0,78740.0,0.20361415118350726,active_bull_internal_ob,internal,1.0,34.0,78050.0,78210.0,78130.0,0.4708577246118605,78710.0,78720.0,78590.0,78640.0,16162.0,129421.0,0,0,0,0,0,0,,79290.0,9.0,above,0.9035377958768135,79510.0,False,,78740.0,13.0,above,0.20361415118350726,78050.0,True,6.0,80130.0,36.0,above,1.9725120895902264,80990.0,False,,77950.0,9.0,below,0.8017307202850599,77700.0,False,,0,0,6.05097229883757e-05,27,NONE,-0.0013958459143264376,0.002803146228491451,0.003750464139106734,0.13144369122947736,6.05097229883757e-05,0.001633762520686144,-0.0003041790380913234,-0.00031185990085857984,0.0005655201797194476,78749.92275793519,-0.13958459143264376,-0.11431474660230645,0.5552654947505626,,9,1,582,608,2025-08-12 21:00:00,2025-08-21 09:00:00,79460.0,78640.0,27,-1.031965768940346,-0.038220954405198,8.0,-1.0,486.0,581.0,2025-07-09 21:00:00,2025-08-12 13:30:00,78310.0,79020.0,96.0,0.9066530455880573,0.00944430255820893,326331.0,,12086.333333333334,,1673890.0,0.0,17436.354166666668,0.0,0.6931686072561518,,0.1949536707907927,,14.814814814814813,44.44444444444444,40.74074074074074,True,True,,,2025-08-19 21:00:00,78530.0,0,1,2025-08-15 21:00:00,79150.0,2025-08-16 00:00:00,79080.0,2,3,1.337948088824854,186.37502712648185,
CU:15m:1:1:4695:4703:3,CU,5m,14169,2025-08-21 14:35:00,0.0,-1,-1,CHoCH,-1,78760.0,180.0,BOS,-1,78590.0,12.0,28,18,14,5,current_internal_low,internal,0.0,22.0,78590.0,78590.0,78590.0,0.012725884448969204,current_swing_low,swing,0.0,23.0,78480.0,78480.0,78480.0,0.12725884448969205,78610.0,78620.0,78570.0,78580.0,562.0,128366.0,1,1,1,0,1,0,active_bull_internal_ob,78680.0,18.0,above,0.12725884448969205,78760.0,False,,78590.0,22.0,above,0.012725884448969204,78670.0,True,12.0,78800.0,5.0,above,0.27996945787732247,78980.0,False,,78480.0,23.0,below,0.12725884448969205,78760.0,False,,0,0,-2.2236387618540094e-05,-13,NONE,-0.0007869168598549186,-0.000624549303134279,0.0003181221249956448,0.3048878036857977,-2.2236387618540094e-05,-0.0002890730390410212,-7.86590002292975e-05,-0.0002188187321684465,,78641.8846249021,-0.07869168598549187,-0.038163083577158474,-0.03156247347991089,,210,-1,14157,14169,2025-08-21 13:30:00,2025-08-21 14:30:00,78570.0,78580.0,13,0.012727504136433865,0.0009790387797256818,209.0,1.0,14109.0,14156.0,2025-08-20 23:15:00,2025-08-21 11:25:00,78620.0,78640.0,48.0,0.025438819638767818,0.0005299754091409962,7322.0,,563.2307692307693,,19608.0,0.0,408.5,0.0,1.3787778928537804,,0.37341901264789884,,0.0,38.46153846153847,61.53846153846154,True,True,,,,,0,0,2025-08-21 14:10:00,78630.0,2025-08-21 14:20:00,78610.0,1,1,0.5093627090754244,38.74406132130309,
CU:15m:1:1:4695:4703:3,CU,15m,4722,2025-08-21 14:30:00,5.0,-1,1,CHoCH,-1,78740.0,59.0,BOS,1,78640.0,19.0,14,13,6,2,current_swing_low,swing,0.0,98.0,78740.0,78740.0,78740.0,0.20361415118350726,current_internal_low,internal,0.0,19.0,78480.0,78480.0,78480.0,0.12725884448969205,78620.0,78650.0,78590.0,78610.0,1663.0,128314.0,1,1,1,0,1,0,active_bull_internal_ob,78800.0,13.0,above,0.27996945787732247,78640.0,False,,78480.0,19.0,below,0.12725884448969205,78500.0,False,,79290.0,63.0,above,0.9035377958768135,79510.0,False,,78740.0,98.0,above,0.20361415118350726,78050.0,True,59.0,-1,-1,-7.728828145062563e-05,-94,DOWN_CONFIRMED,0.0004712858647221899,-0.0015377014256843108,0.002061686349184354,0.8350806580748973,-7.728828145062563e-05,-0.0072650984563588095,0.0001464121863337109,0.000488362029639422,0.0010994020131724902,78572.96967004526,0.04712858647221899,-0.025435584382549337,0.4788100840041141,,62,-1,4629,4722,2025-08-18 14:15:00,2025-08-21 14:15:00,78930.0,78610.0,94,-0.405422526289112,-0.0043130055988203405,61.0,1.0,4609.0,4628.0,2025-08-15 23:00:00,2025-08-18 14:00:00,79230.0,78900.0,20.0,-0.41650889814464076,-0.020825444907232038,139436.0,,1483.3617021276596,,30544.0,0.0,1527.2,0.0,0.9712949856781427,,4.565086432687271,,8.51063829787234,38.297872340425535,53.191489361702125,True,False,2025-08-20 22:00:00,78510.0,,,1,0,2025-08-21 11:15:00,78640.0,2025-08-21 13:30:00,78610.0,8,8,1.3407585599830334,62.45418647897733,
CU:15m:1:1:4695:4703:3,CU,1h,1373,2025-08-21 14:00:00,35.0,-1,-1,CHoCH,-1,77920.0,245.0,CHoCH,-1,78760.0,16.0,11,5,2,2,current_internal_high,internal,0.0,0.0,78800.0,78800.0,78800.0,0.27996945787732247,current_internal_low,internal,0.0,1.0,78480.0,78480.0,78480.0,0.12725884448969205,78640.0,78640.0,78570.0,78600.0,2908.0,129179.0,0,0,0,0,0,0,,78800.0,0.0,above,0.27996945787732247,78980.0,False,,78480.0,1.0,below,0.12725884448969205,78760.0,False,,79510.0,8.0,above,1.1835072537541358,80130.0,False,,77950.0,84.0,below,0.8017307202850599,77700.0,False,,0,0,-0.00039555561243404306,-17,NONE,0.0010191740551003905,-0.002388431072945829,0.003637929251389705,0.8255404967215916,-0.00039555561243404306,-0.006724445411378732,0.000391855631497684,-0.005561187100265319,,78519.97447920365,0.10191740551003904,-0.050864699898267585,-0.6897229762710024,,20,-1,1357,1373,2025-08-19 21:00:00,2025-08-21 13:30:00,78600.0,78600.0,17,0.0,0.0,19.0,1.0,1294.0,1356.0,2025-08-08 21:00:00,2025-08-19 14:00:00,78820.0,78890.0,63.0,0.0888099467140302,0.0014096816938734952,91369.0,,5374.64705882353,,356396.0,0.0,5657.079365079365,0.0,0.9500745370483462,,0.2563693195209823,,0.0,35.294117647058826,64.70588235294117,True,False,2025-08-20 22:00:00,78570.0,,,1,0,2025-08-20 23:00:00,78740.0,2025-08-21 09:00:00,78610.0,1,1,1.5231460068482434,119.12076562595465,2.0
CU:15m:1:1:4695:4703:3,CU,4h,608,2025-08-21 11:30:00,185.0,1,-1,BOS,1,79470.0,158.0,CHoCH,-1,78740.0,6.0,5,3,1,1,current_internal_low,internal,0.0,13.0,78740.0,78740.0,78740.0,0.20361415118350726,active_bull_internal_ob,internal,1.0,34.0,78050.0,78210.0,78130.0,0.4708577246118605,78710.0,78720.0,78590.0,78640.0,16162.0,129421.0,0,0,0,0,0,0,,79290.0,9.0,above,0.9035377958768135,79510.0,False,,78740.0,13.0,above,0.20361415118350726,78050.0,True,6.0,80130.0,36.0,above,1.9725120895902264,80990.0,False,,77950.0,9.0,below,0.8017307202850599,77700.0,False,,0,0,6.05097229883757e-05,27,NONE,-0.0013958459143264376,0.002803146228491451,0.003750464139106734,0.13144369122947736,6.05097229883757e-05,0.001633762520686144,-0.0003041790380913234,-0.00031185990085857984,0.0005655201797194476,78749.92275793519,-0.13958459143264376,-0.11431474660230645,0.5552654947505626,,9,1,582,608,2025-08-12 21:00:00,2025-08-21 09:00:00,79460.0,78640.0,27,-1.031965768940346,-0.038220954405198,8.0,-1.0,486.0,581.0,2025-07-09 21:00:00,2025-08-12 13:30:00,78310.0,79020.0,96.0,0.9066530455880573,0.00944430255820893,326331.0,,12086.333333333334,,1673890.0,0.0,17436.354166666668,0.0,0.6931686072561518,,0.1949536707907927,,14.814814814814813,44.44444444444444,40.74074074074074,True,True,,,2025-08-19 21:00:00,78530.0,0,1,2025-08-15 21:00:00,79150.0,2025-08-16 00:00:00,79080.0,2,3,1.337948088824854,186.37502712648185,
CU:15m:1:-1:4738:4744:1,CU,5m,14268,2025-08-22 21:05:00,0.0,1,1,CHoCH,1,78800.0,81.0,CHoCH,1,78730.0,0.0,30,17,15,5,active_bear_internal_ob,internal,-1.0,42.0,78800.0,78850.0,78825.0,0.012691965985531158,current_internal_high,internal,0.0,9.0,78730.0,78730.0,78730.0,0.07615179591318695,78710.0,78820.0,78710.0,78790.0,2294.0,119911.0,0,0,0,0,0,0,,78730.0,9.0,below,0.07615179591318695,78850.0,True,0.0,78630.0,28.0,below,0.20307145576849853,78730.0,False,,78890.0,29.0,above,0.1269196598553116,78800.0,False,,78530.0,44.0,below,0.3299911156238101,78480.0,False,,0,0,0.0,1,DOWN_BROKEN,0.0014186554855840537,0.0014186554855840537,0.0,0.5,0.0,0.0,,,,78678.38248109631,0.14186554855840536,0.12708095056550572,3.3677237877068227,,213,1,14268,14268,2025-08-22 21:00:00,2025-08-22 21:00:00,78790.0,78790.0,1,0.0,0.0,212.0,-1.0,14234.0,14267.0,2025-08-22 09:55:00,2025-08-22 14:55:00,78670.0,78690.0,34.0,0.02542265158256285,0.0007477250465459662,2294.0,,2294.0,,19983.0,0.0,587.7352941176471,0.0,3.903117650002502,,0.11479757794125006,,0.0,100.0,0.0,True,False,,,,,0,0,2025-08-22 21:00:00,78790.0,,,1,0,0.0,38.23348984311126,
CU:15m:1:-1:4738:4744:1,CU,15m,4755,2025-08-22 15:00:00,365.0,-1,-1,CHoCH,-1,78740.0,92.0,CHoCH,-1,78700.0,11.0,15,14,6,2,current_internal_high,internal,0.0,11.0,78850.0,78850.0,78850.0,0.07615179591318695,current_internal_low,internal,0.0,5.0,78630.0,78630.0,78630.0,0.20307145576849853,78670.0,78700.0,78660.0,78690.0,3463.0,120902.0,1,1,0,1,1,0,active_bear_internal_ob,78850.0,11.0,above,0.07615179591318695,78890.0,False,,78630.0,5.0,below,0.20307145576849853,78700.0,False,,79290.0,96.0,above,0.6345982992765579,79510.0,False,,78480.0,7.0,below,0.3934509455514659,78740.0,False,,0,0,2.4976202943936974e-05,27,NONE,0.00037201580660292004,0.0012668081050667421,0.0008577324586630055,0.14842627183334844,2.4976202943936974e-05,0.0006743574794862983,9.929559664412224e-05,0.0002173032613876913,0.0005313588576401074,78660.73696249092,0.03720158066029201,0.012709710218605785,2.5530283056776195,,63,1,4729,4755,2025-08-21 22:00:00,2025-08-22 14:45:00,78850.0,78690.0,27,-0.20291693088142493,-0.00751544188449722,62.0,-1.0,4629.0,4728.0,2025-08-18 14:15:00,2025-08-21 21:45:00,78930.0,78730.0,100.0,-0.2533890789306992,-0.0025338907893069917,31919.0,,1182.1851851851852,,149402.0,0.0,1494.02,0.0,0.7912780184905056,,0.21364506499243652,,48.148148148148145,51.85185185185185,0.0,True,True,,,,,0,0,,,2025-08-22 09:15:00,78720.0,0,1,0.6770815999932489,54.541071645737276,
CU:15m:1:-1:4738:4744:1,CU,1h,1383,2025-08-22 15:00:00,365.0,-1,-1,CHoCH,-1,77920.0,255.0,CHoCH,-1,78760.0,26.0,11,5,2,2,active_bear_internal_ob,internal,-1.0,26.0,78840.0,78980.0,78910.0,0.0634598299276558,current_internal_low,internal,0.0,4.0,78530.0,78530.0,78530.0,0.3299911156238101,78680.0,78700.0,78660.0,78690.0,8061.0,120902.0,0,0,0,0,0,0,,78890.0,2.0,above,0.1269196598553116,78800.0,False,,78530.0,4.0,below,0.3299911156238101,78480.0,False,,79510.0,18.0,above,0.9138215509582435,80130.0,False,,77950.0,94.0,below,1.0661251427846175,77700.0,False,,0,0,-0.00021958951364138608,-27,NONE,0.0013633730241571352,-0.0008404431698621731,0.003550108239780366,0.7326259543979974,-0.00021958951364138608,-0.005928916868317424,0.0004119576053351892,0.0008009142471958608,-0.004764726887049431,78582.86224545349,0.1363373024157135,0.0,1.365005501281687,,20,-1,1357,1383,2025-08-19 21:00:00,2025-08-22 14:00:00,78600.0,78690.0,27,0.11450381679389832,0.004240882103477716,19.0,1.0,1294.0,1356.0,2025-08-08 21:00:00,2025-08-19 14:00:00,78820.0,78890.0,63.0,0.0888099467140302,0.0014096816938734952,137106.0,,5078.0,,356396.0,0.0,5657.079365079365,0.0,0.8976363371081606,,0.3847012873320688,,0.0,59.25925925925925,40.74074074074074,True,False,2025-08-20 22:00:00,78570.0,,,1,0,2025-08-21 21:00:00,78730.0,2025-08-22 09:00:00,78670.0,2,2,4.224090773874169,111.03471634293022,4.0
CU:15m:1:-1:4738:4744:1,CU,4h,613,2025-08-22 15:00:00,365.0,1,-1,BOS,1,79470.0,163.0,CHoCH,-1,78740.0,11.0,5,3,1,1,active_bear_internal_ob,internal,-1.0,11.0,78900.0,79290.0,79095.0,0.13961162584084275,current_internal_low,internal,0.0,2.0,78480.0,78480.0,78480.0,0.3934509455514659,78660.0,78730.0,78660.0,78690.0,10583.0,120902.0,0,0,0,0,0,0,,79290.0,14.0,above,0.6345982992765579,79510.0,False,,78480.0,2.0,below,0.3934509455514659,78740.0,False,,80130.0,41.0,above,1.7007234420611754,80990.0,False,,77950.0,14.0,below,1.0661251427846175,77700.0,False,,0,0,4.811325465915034e-05,32,NONE,-0.0006670025220435856,0.002249219747325591,0.003698117172437312,0.2151818426293587,4.811325465915034e-05,0.0015396241490928109,-9.398482271250064e-05,-0.00039813527259080495,-2.3527833769909634e-05,78742.52146040616,-0.06670025220435856,-0.012706480304958134,-0.06866113456637543,,9,1,582,613,2025-08-12 21:00:00,2025-08-22 13:30:00,79460.0,78690.0,32,-0.969041026931794,-0.03028253209161856,8.0,-1.0,486.0,581.0,2025-07-09 21:00:00,2025-08-12 13:30:00,78310.0,79020.0,96.0,0.9066530455880573,0.00944430255820893,374976.0,,11718.0,,1673890.0,0.0,17436.354166666668,0.0,0.6720441606079252,,0.22401472020264174,,12.5,37.5,50.0,True,True,2025-08-22 00:00:00,78760.0,2025-08-22 09:00:00,78700.0,1,2,2025-08-15 21:00:00,79150.0,2025-08-16 00:00:00,79080.0,2,3,1.6441777984718995,178.72129720293785,
CU:15m:1:1:4745:4756:1,CU,5m,14547,2025-08-27 21:05:00,0.0,-1,-1,CHoCH,-1,79040.0,0.0,BOS,-1,79310.0,17.0,30,14,16,4,current_swing_low,swing,0.0,45.0,79040.0,79040.0,79040.0,0.4703190542773611,active_bull_internal_ob,internal,1.0,370.0,78530.0,78570.0,78550.0,0.12711325791280031,78820.0,78820.0,78660.0,78670.0,12229.0,171650.0,3,3,3,0,2,1,active_bull_internal_ob|active_bull_swing_ob,79420.0,16.0,above,0.9533494343460023,79500.0,False,,79310.0,23.0,above,0.813524850641922,79350.0,True,17.0,79580.0,27.0,above,1.1567306470064829,79830.0,False,,79040.0,45.0,above,0.4703190542773611,78630.0,True,0.0,0,0,-0.00013732560525175748,-35,NONE,-0.0055360798094752405,-0.0014648558265730263,0.0008125863032595953,2.7186038664694934e-07,-0.00013732560525175748,-0.004806396183811512,-0.0031998949674972854,-0.0034320151449962477,-0.004145513373654319,79107.94791321135,-0.5536079809475241,-0.6566485667382271,4.302633268766747,,216,-1,14513,14547,2025-08-27 09:55:00,2025-08-27 21:00:00,79390.0,78670.0,35,-0.9069152286182103,-0.025911863674806006,215.0,1.0,14466.0,14512.0,2025-08-26 22:00:00,2025-08-27 09:50:00,79530.0,79400.0,47.0,-0.16346032943543864,-0.003477879349690184,40317.0,,1151.9142857142858,,18722.0,0.0,398.3404255319149,0.0,2.891783539609627,,2.153455827368871,,0.0,42.857142857142854,57.14285714285714,True,True,,,,,0,0,2025-08-27 14:00:00,79320.0,2025-08-27 14:05:00,79280.0,2,2,0.5547210097533009,86.47333552407915,
CU:15m:1:1:4745:4756:1,CU,15m,4848,2025-08-27 15:00:00,365.0,1,-1,CHoCH,1,79290.0,71.0,CHoCH,-1,79600.0,45.0,17,8,7,1,active_bull_internal_ob,internal,1.0,69.0,79040.0,79110.0,79075.0,0.4703190542773611,active_bull_internal_ob,internal,1.0,119.0,78530.0,78580.0,78555.0,0.11440193212152026,79230.0,79230.0,79160.0,79190.0,2936.0,174953.0,1,1,1,0,1,0,active_bull_internal_ob,79580.0,20.0,above,1.1567306470064829,79700.0,False,,79040.0,26.0,above,0.4703190542773611,79600.0,False,,79830.0,12.0,above,1.4745137917884836,79290.0,False,,78480.0,100.0,below,0.24151519003432056,78740.0,False,,0,0,-5.326944341566692e-05,-32,NONE,-0.0049892022162599334,-0.0037888202109182152,0.0008221865651805853,0.07214677181831614,-5.326944341566692e-05,-0.0017046221893013414,-0.0005357132098843254,-0.0009825658187107011,-0.0013153644133019338,79587.0760160449,-0.49892022162599337,-0.05048592704783861,0.9050481604223661,,64,-1,4817,4848,2025-08-26 14:45:00,2025-08-27 14:45:00,79190.0,79190.0,32,0.0,0.0,63.0,1.0,4729.0,4816.0,2025-08-21 22:00:00,2025-08-26 14:30:00,78850.0,79150.0,88.0,0.38046924540267035,0.004323514152303073,64454.0,,2014.1875,,162200.0,0.0,1843.1818181818182,0.0,1.0927774352651047,,0.39737361282367445,,59.375,21.875,18.75,True,True,,,,,0,0,2025-08-27 10:45:00,79370.0,2025-08-27 11:15:00,79350.0,2,2,0.2170033201394187,82.18753202124354,
CU:15m:1:1:4745:4756:1,CU,1h,1410,2025-08-27 15:00:00,365.0,1,1,CHoCH,1,79510.0,18.0,CHoCH,1,78890.0,25.0,12,3,3,2,current_internal_low,internal,0.0,4.0,79040.0,79040.0,79040.0,0.4703190542773611,active_bull_swing_ob,swing,1.0,18.0,78480.0,78630.0,78555.0,0.05084530316512013,79240.0,79330.0,79160.0,79190.0,9945.0,174953.0,1,1,1,0,1,0,active_bull_internal_ob,79580.0,2.0,above,1.1567306470064829,79830.0,False,,79040.0,4.0,above,0.4703190542773611,78630.0,False,,79510.0,45.0,above,1.0677513664675227,80130.0,True,18.0,77950.0,121.0,below,0.9152154569721621,77700.0,False,,0,0,0.00026316263381746916,26,NONE,2.77674266818975e-05,0.00498594926429212,0.002651583050412652,0.03074920146404747,0.00026316263381746916,0.006842228479254198,0.00043803518502860683,0.0009953011857835037,0.005214528266064722,79187.80115853723,0.00277674266818975,-0.06309944472489004,0.4427022101900204,,21,1,1385,1410,2025-08-22 22:00:00,2025-08-27 14:00:00,79190.0,79190.0,26,0.0,0.0,20.0,-1.0,1357.0,1384.0,2025-08-19 21:00:00,2025-08-22 21:00:00,78600.0,78890.0,28.0,0.36895674300254644,0.01317702653580523,188295.0,,7242.115384615385,,143546.0,0.0,5126.642857142857,0.0,1.41264285155442,,1.3117397907291042,,50.0,42.30769230769231,7.6923076923076925,True,True,,,,,0,0,2025-08-26 21:00:00,79450.0,2025-08-26 22:00:00,79400.0,1,2,0.5318110774617179,151.02000049658753,4.0
CU:15m:1:1:4745:4756:1,CU,4h,625,2025-08-27 15:00:00,365.0,1,1,BOS,1,79470.0,175.0,CHoCH,1,79290.0,9.0,6,2,1,1,active_bear_internal_ob,internal,-1.0,141.0,79440.0,80160.0,79800.0,0.9787720859285624,current_internal_low,internal,0.0,14.0,78480.0,78480.0,78480.0,0.24151519003432056,79290.0,79340.0,79160.0,79190.0,16463.0,174953.0,1,1,1,0,1,0,active_bull_internal_ob,79830.0,3.0,above,1.4745137917884836,79290.0,False,,78480.0,14.0,below,0.24151519003432056,78740.0,False,,80130.0,53.0,above,1.8558535655268844,80990.0,False,,77950.0,26.0,below,0.9152154569721621,77700.0,False,,0,0,0.00010721593863640486,44,NONE,0.0025018764707395004,0.0033509188569475806,0.0038664603353921255,0.4130945993785115,0.00010721593863640486,0.004717501300001814,0.0008891890244684397,0.0029536241196106428,0.0029855336528790133,78992.37084601243,0.25018764707395,-0.20163831127913978,0.31829019343318654,,9,1,582,625,2025-08-12 21:00:00,2025-08-27 13:30:00,79460.0,79190.0,44,-0.33979360684621707,-0.007722581973777661,8.0,-1.0,486.0,581.0,2025-07-09 21:00:00,2025-08-12 13:30:00,78310.0,79020.0,96.0,0.9066530455880573,0.00944430255820893,569711.0,,12947.977272727272,,1673890.0,0.0,17436.354166666668,0.0,0.742585126968808,,0.3403515165273704,,20.454545454545457,43.18181818181818,36.36363636363637,True,False,2025-08-22 21:00:00,79140.0,2025-08-22 09:00:00,78700.0,2,2,2025-08-26 21:00:00,79410.0,2025-08-27 13:30:00,79190.0,4,5,1.1538507795781607,231.9156094795537,
CU:15m:1:1:4745:4756:2,CU,5m,14553,2025-08-27 21:35:00,0.0,-1,-1,CHoCH,-1,79040.0,6.0,BOS,-1,79310.0,23.0,30,14,16,4,current_swing_low,swing,0.0,51.0,79040.0,79040.0,79040.0,0.40650406504065045,active_bull_internal_ob,internal,1.0,285.0,78660.0,78690.0,78675.0,0.038109756097560975,78750.0,78750.0,78680.0,78720.0,1596.0,170075.0,0,0,0,0,0,0,,79420.0,22.0,above,0.8892276422764227,79500.0,False,,79310.0,29.0,above,0.7494918699186992,79350.0,True,23.0,79580.0,33.0,above,1.092479674796748,79830.0,False,,79040.0,51.0,above,0.40650406504065045,78630.0,True,6.0,0,0,-0.00025286758844509966,-41,NONE,0.0006878448785305745,-0.0012541919869509567,0.0011731589131522226,0.9510774085266922,-0.00025286758844509966,-0.010367571126249087,-0.005044760591970787,-0.008631918115557191,-0.009201878114154516,78665.89007040003,0.06878448785305745,-0.03809523809523707,-0.05900580821554246,,216,-1,14513,14553,2025-08-27 09:55:00,2025-08-27 21:30:00,79390.0,78720.0,41,-0.8439350044086136,-0.02058378059533204,215.0,1.0,14466.0,14512.0,2025-08-26 22:00:00,2025-08-27 09:50:00,79530.0,79400.0,47.0,-0.16346032943543864,-0.003477879349690184,52028.0,,1268.9756097560976,,18722.0,0.0,398.3404255319149,0.0,3.1856561082435952,,2.7789766050635616,,0.0,36.58536585365854,63.41463414634146,True,False,2025-08-27 21:10:00,78710.0,,,1,0,2025-08-27 14:00:00,79320.0,2025-08-27 14:05:00,79280.0,2,2,0.9353902156593009,77.82885481491093,
CU:15m:1:1:4745:4756:2,CU,15m,4850,2025-08-27 21:30:00,5.0,1,-1,CHoCH,1,79290.0,73.0,BOS,-1,79040.0,1.0,16,9,7,1,current_internal_low,internal,0.0,28.0,79040.0,79040.0,79040.0,0.40650406504065045,active_bull_internal_ob,internal,1.0,94.0,78630.0,78700.0,78665.0,0.025406504065040653,78720.0,78760.0,78690.0,78750.0,3536.0,170169.0,0,0,0,0,0,0,,79580.0,22.0,above,1.092479674796748,79700.0,False,,79040.0,28.0,above,0.40650406504065045,79600.0,True,1.0,79830.0,14.0,above,1.4100609756097562,79290.0,False,,78480.0,102.0,below,0.3048780487804878,78740.0,False,,0,0,-0.0003911049982704744,-34,NONE,0.0011078704775047458,-0.0035155606175010234,0.0013545012424191418,0.9996791911260337,-0.0003911049982704744,-0.01329756994119613,-0.011964839890907353,-0.012419155857458786,-0.01289779083515219,78662.8517488711,0.11078704775047457,0.05081946385465663,0.1366796862860162,,64,-1,4817,4850,2025-08-26 14:45:00,2025-08-27 21:15:00,79190.0,78750.0,34,-0.5556257103169537,-0.01634193265638099,63.0,1.0,4729.0,4816.0,2025-08-21 22:00:00,2025-08-26 14:30:00,78850.0,79150.0,88.0,0.38046924540267035,0.004323514152303073,86798.0,,2552.8823529411766,,162200.0,0.0,1843.1818181818182,0.0,1.3850409806339306,,0.5351294697903822,,55.88235294117647,20.588235294117645,23.52941176470588,True,False,2025-08-27 21:00:00,78710.0,,,1,0,2025-08-27 10:45:00,79370.0,2025-08-27 11:15:00,79350.0,2,2,0.38528740926161753,111.01884138566408,
CU:15m:1:1:4745:4756:2,CU,1h,1410,2025-08-27 15:00:00,395.0,1,1,CHoCH,1,79510.0,18.0,CHoCH,1,78890.0,25.0,12,3,3,2,current_internal_low,internal,0.0,4.0,79040.0,79040.0,79040.0,0.40650406504065045,active_bull_internal_ob,internal,1.0,25.0,78630.0,78710.0,78670.0,0.012703252032520327,79240.0,79330.0,79160.0,79190.0,9945.0,174953.0,0,0,0,0,0,0,,79580.0,2.0,above,1.092479674796748,79830.0,False,,79040.0,4.0,above,0.40650406504065045,78630.0,False,,79510.0,45.0,above,1.0035569105691058,80130.0,True,18.0,77950.0,121.0,below,0.9781504065040649,77700.0,False,,0,0,0.00026316263381746916,26,NONE,2.77674266818975e-05,0.00498594926429212,0.002651583050412652,0.03074920146404747,0.00026316263381746916,0.006842228479254198,0.00043803518502860683,0.0009953011857835037,0.005214528266064722,79187.80115853723,0.00277674266818975,-0.06309944472489004,0.4427022101900204,,21,1,1385,1410,2025-08-22 22:00:00,2025-08-27 14:00:00,79190.0,79190.0,26,0.0,0.0,20.0,-1.0,1357.0,1384.0,2025-08-19 21:00:00,2025-08-22 21:00:00,78600.0,78890.0,28.0,0.36895674300254644,0.01317702653580523,188295.0,,7242.115384615385,,143546.0,0.0,5126.642857142857,0.0,1.41264285155442,,1.3117397907291042,,50.0,42.30769230769231,7.6923076923076925,True,True,,,,,0,0,2025-08-26 21:00:00,79450.0,2025-08-26 22:00:00,79400.0,1,2,0.5318110774617179,151.02000049658753,4.0
CU:15m:1:1:4745:4756:2,CU,4h,625,2025-08-27 15:00:00,395.0,1,1,BOS,1,79470.0,175.0,CHoCH,1,79290.0,9.0,6,2,1,1,active_bear_internal_ob,internal,-1.0,141.0,79440.0,80160.0,79800.0,0.9146341463414633,current_internal_low,internal,0.0,14.0,78480.0,78480.0,78480.0,0.3048780487804878,79290.0,79340.0,79160.0,79190.0,16463.0,174953.0,1,1,1,0,1,0,active_bull_internal_ob,79830.0,3.0,above,1.4100609756097562,79290.0,False,,78480.0,14.0,below,0.3048780487804878,78740.0,False,,80130.0,53.0,above,1.7911585365853657,80990.0,False,,77950.0,26.0,below,0.9781504065040649,77700.0,False,,0,0,0.00010721593863640486,44,NONE,0.0025018764707395004,0.0033509188569475806,0.0038664603353921255,0.4130945993785115,0.00010721593863640486,0.004717501300001814,0.0008891890244684397,0.0029536241196106428,0.0029855336528790133,78992.37084601243,0.25018764707395,-0.20163831127913978,0.31829019343318654,,9,1,582,625,2025-08-12 21:00:00,2025-08-27 13:30:00,79460.0,79190.0,44,-0.33979360684621707,-0.007722581973777661,8.0,-1.0,486.0,581.0,2025-07-09 21:00:00,2025-08-12 13:30:00,78310.0,79020.0,96.0,0.9066530455880573,0.00944430255820893,569711.0,,12947.977272727272,,1673890.0,0.0,17436.354166666668,0.0,0.742585126968808,,0.3403515165273704,,20.454545454545457,43.18181818181818,36.36363636363637,True,False,2025-08-22 21:00:00,79140.0,2025-08-22 09:00:00,78700.0,2,2,2025-08-26 21:00:00,79410.0,2025-08-27 13:30:00,79190.0,4,5,1.1538507795781607,231.9156094795537,
CU:15m:1:1:4770:4779:1,CU,5m,14451,2025-08-26 14:50:00,0.0,1,-1,BOS,1,78890.0,180.0,BOS,-1,79280.0,5.0,31,14,16,3,current_internal_low,internal,0.0,6.0,79280.0,79280.0,79280.0,0.2402326463522569,active_bull_internal_ob,internal,1.0,171.0,78840.0,78890.0,78865.0,0.252876469844481,79150.0,79170.0,79070.0,79090.0,1801.0,174890.0,0,0,0,0,0,0,,79360.0,4.0,above,0.3413832342900493,79470.0,False,,79280.0,6.0,above,0.2402326463522569,79330.0,True,5.0,79830.0,42.0,above,0.9356429384245796,78890.0,False,,78630.0,166.0,below,0.5816158806423062,78530.0,False,,0,0,-9.732082971485518e-05,-43,NONE,-0.003945749094151031,-0.0024510365890350536,0.0005649244708046058,0.004074145806740093,-9.732082971485518e-05,-0.004184795677738773,-0.0011487291760043927,-0.0015657536444657616,-0.0024206041064239736,79403.30552083142,-0.3945749094151031,-0.07580543272267537,1.4485033639235667,,214,-1,14409,14451,2025-08-26 09:00:00,2025-08-26 14:45:00,79560.0,79090.0,43,-0.5907491201608828,-0.013738351631648436,213.0,1.0,14268.0,14408.0,2025-08-22 21:00:00,2025-08-26 00:55:00,78790.0,79640.0,141.0,1.0788171087701581,0.007651185168582682,44101.0,,1025.6046511627908,,87981.0,0.0,623.9787234042553,0.0,1.643653241199276,,0.50125595298985,,0.0,37.2093023255814,62.7906976744186,True,True,,,,,0,0,2025-08-26 11:15:00,79440.0,2025-08-26 13:30:00,79370.0,2,2,0.2304838994782246,55.00677585379083,
CU:15m:1:1:4770:4779:1,CU,15m,4816,2025-08-26 14:45:00,5.0,1,-1,CHoCH,1,79290.0,39.0,CHoCH,-1,79600.0,13.0,17,8,7,1,current_swing_high,swing,0.0,157.0,79290.0,79290.0,79290.0,0.252876469844481,active_bull_internal_ob,internal,1.0,60.0,78630.0,78700.0,78665.0,0.4931091161967379,79170.0,79220.0,79120.0,79150.0,4334.0,174865.0,1,1,1,0,1,0,active_bull_internal_ob,79700.0,12.0,above,0.771273233025667,79730.0,False,,79600.0,14.0,above,0.6448349981034265,79640.0,True,13.0,79290.0,157.0,above,0.252876469844481,79510.0,True,39.0,78480.0,68.0,below,0.771273233025667,78740.0,False,,1,1,0.00016405867229395512,88,UP_CONFIRMED,-0.007431408544769144,0.0006794840706238246,0.003326116687656118,0.007373215897210406,0.00016405867229395512,0.01443716316186805,-0.0004932923246330212,-0.0007419443947462856,-0.000944131974161766,79742.59983781686,-0.7431408544769145,0.0,1.2322854863878814,,63,1,4729,4816,2025-08-21 22:00:00,2025-08-26 14:30:00,78850.0,79150.0,88,0.38046924540267035,0.004323514152303073,62.0,-1.0,4629.0,4728.0,2025-08-18 14:15:00,2025-08-21 21:45:00,78930.0,78730.0,100.0,-0.2533890789306992,-0.0025338907893069917,162200.0,,1843.1818181818182,,149402.0,0.0,1494.02,0.0,1.2337062543887085,,1.0856615038620634,,59.09090909090909,30.681818181818183,10.227272727272728,True,True,,,2025-08-25 14:45:00,79690.0,0,1,2025-08-25 09:00:00,79210.0,2025-08-26 09:00:00,79530.0,2,3,4.8950620499498365,87.03153387780023,
CU:15m:1:1:4770:4779:1,CU,1h,1400,2025-08-26 14:00:00,50.0,1,1,CHoCH,1,79510.0,8.0,CHoCH,1,78890.0,15.0,12,3,3,2,current_swing_high,swing,0.0,35.0,79510.0,79510.0,79510.0,0.53104058667341,active_bull_internal_ob,internal,1.0,15.0,78630.0,78710.0,78670.0,0.4804652927045138,79390.0,79410.0,79280.0,79350.0,5421.0,176769.0,0,0,0,0,0,0,,79830.0,3.0,above,0.9356429384245796,78890.0,False,,78630.0,15.0,below,0.5816158806423062,78530.0,False,,79510.0,35.0,above,0.53104058667341,80130.0,True,8.0,77950.0,111.0,below,1.4413958781135416,77700.0,False,,0,0,0.00036506960163451563,16,NONE,0.003045620499953667,0.006679956822822278,0.001728689910238428,0.017760678611765446,0.00036506960163451563,0.00584111362615225,0.0011400396052219097,0.004215031854078566,,79109.06381351741,0.30456204999536673,-0.11329305135951984,-0.2522813538101537,,21,1,1385,1400,2025-08-22 22:00:00,2025-08-26 13:30:00,79190.0,79350.0,16,0.2020457128425246,0.012627857052657787,20.0,-1.0,1357.0,1384.0,2025-08-19 21:00:00,2025-08-22 21:00:00,78600.0,78890.0,28.0,0.36895674300254644,0.01317702653580523,113563.0,,7097.6875,,143546.0,0.0,5126.642857142857,0.0,1.384470831649785,,0.7911261895141627,,81.25,18.75,0.0,True,False,,,,,0,0,,,2025-08-26 10:00:00,79430.0,0,1,0.2587875874185752,152.3046425931727,2.0
CU:15m:1:1:4770:4779:1,CU,4h,620,2025-08-26 11:30:00,200.0,1,1,BOS,1,79470.0,170.0,CHoCH,1,79290.0,4.0,6,2,1,1,current_internal_high,internal,0.0,21.0,79290.0,79290.0,79290.0,0.252876469844481,active_bull_internal_ob,internal,1.0,4.0,78480.0,78800.0,78640.0,0.36667088127449743,79510.0,79610.0,79330.0,79440.0,26601.0,177004.0,0,0,0,0,0,0,,79290.0,21.0,above,0.252876469844481,79510.0,True,4.0,78480.0,9.0,below,0.771273233025667,78740.0,False,,80130.0,48.0,above,1.314957643191301,80990.0,False,,77950.0,21.0,below,1.4413958781135416,77700.0,False,,0,0,9.807464631972351e-05,39,NONE,0.006560966895165597,0.0032200424565917863,0.004060758792544369,0.7946703699592997,9.807464631972351e-05,0.003824911206469217,0.0020626010529241068,0.0022473902541895185,0.0017971391971376427,78922.19409723421,0.6560966895165596,-0.2511300853842324,1.6207898745156202,,9,1,582,620,2025-08-12 21:00:00,2025-08-26 09:00:00,79460.0,79440.0,39,-0.025169896803423075,-0.0006453819693185404,8.0,-1.0,486.0,581.0,2025-07-09 21:00:00,2025-08-12 13:30:00,78310.0,79020.0,96.0,0.9066530455880573,0.00944430255820893,489558.0,,12552.76923076923,,1673890.0,0.0,17436.354166666668,0.0,0.7199193771119047,,0.2924672469517113,,23.076923076923077,35.8974358974359,41.02564102564102,True,False,2025-08-22 21:00:00,79140.0,2025-08-22 09:00:00,78700.0,2,2,2025-08-22 21:00:00,79140.0,2025-08-16 00:00:00,79080.0,3,3,1.2610885872736064,228.69906179952616,
CU:15m:1:1:4781:4786:1,CU,5m,14425,2025-08-26 10:40:00,0.0,1,-1,BOS,1,78890.0,154.0,BOS,-1,79440.0,0.0,33,12,16,3,current_internal_low,internal,0.0,9.0,79440.0,79440.0,79440.0,0.01258970162407151,active_bull_internal_ob,internal,1.0,67.0,79320.0,79380.0,79350.0,0.06294850812035754,79460.0,79490.0,79380.0,79430.0,1926.0,176073.0,0,0,0,0,0,0,,79580.0,8.0,above,0.18884552436107266,79700.0,False,,79440.0,9.0,above,0.01258970162407151,79600.0,True,0.0,79830.0,16.0,above,0.5035880649628603,78890.0,False,,78630.0,140.0,below,1.0071761299257207,78530.0,False,,0,0,-7.705359114300069e-05,-17,NONE,-0.002543434669244195,-0.0021274617612879834,0.0003197606143520802,0.09664831044558964,-7.705359114300069e-05,-0.0013099110494310118,-0.0004454144721375286,-0.0007068999056892844,,79632.5401634517,-0.2543434669244195,-0.05033345916698462,1.0844260223741262,,214,-1,14409,14425,2025-08-26 09:00:00,2025-08-26 10:35:00,79560.0,79430.0,17,-0.16339869281045694,-0.00961168781237982,213.0,1.0,14268.0,14408.0,2025-08-22 21:00:00,2025-08-26 00:55:00,78790.0,79640.0,141.0,1.0788171087701581,0.007651185168582682,18709.0,,1100.5294117647059,,87981.0,0.0,623.9787234042553,0.0,1.7637290671715884,,0.2126481854036667,,0.0,70.58823529411765,29.411764705882355,True,True,,,,,0,0,2025-08-26 09:15:00,79570.0,2025-08-26 09:20:00,79530.0,1,1,0.1503014626023146,50.8220259392202,
CU:15m:1:1:4781:4786:1,CU,15m,4807,2025-08-26 10:15:00,25.0,1,-1,CHoCH,1,79290.0,30.0,CHoCH,-1,79600.0,4.0,18,8,7,1,current_internal_low,internal,0.0,5.0,79600.0,79600.0,79600.0,0.21402492760921565,active_bull_internal_ob,internal,1.0,21.0,79320.0,79380.0,79350.0,0.06294850812035754,79510.0,79540.0,79490.0,79520.0,1518.0,175633.0,0,0,0,0,0,0,,79700.0,3.0,above,0.33992194384993074,79730.0,False,,79600.0,5.0,above,0.21402492760921565,79640.0,True,4.0,79290.0,148.0,below,0.17625582273700113,79510.0,True,30.0,78480.0,59.0,below,1.1960216542867934,78740.0,False,,1,1,0.00019199469630529667,79,UP_CONFIRMED,-0.0035089757816203614,0.0013907760999060219,0.00268828578728457,0.03417968048572895,0.00019199469630529667,0.015167581008118436,-0.00021304959872314733,-0.0002194903310290819,-0.0002676763737913257,79800.01632465613,-0.35089757816203615,0.012577034335303772,0.12703272058645426,,63,1,4729,4807,2025-08-21 22:00:00,2025-08-26 10:00:00,78850.0,79520.0,79,0.8497146480659579,0.010755881621088073,62.0,-1.0,4629.0,4728.0,2025-08-18 14:15:00,2025-08-21 21:45:00,78930.0,78730.0,100.0,-0.2533890789306992,-0.0025338907893069917,135264.0,,1712.2025316455697,,149402.0,0.0,1494.02,0.0,1.146037222825377,,0.9053694060320477,,65.82278481012658,34.177215189873415,0.0,True,True,,,2025-08-25 14:45:00,79690.0,0,1,2025-08-25 09:00:00,79210.0,2025-08-26 09:00:00,79530.0,2,3,1.9329393045122245,73.71997029892334,
CU:15m:1:1:4781:4786:1,CU,1h,1397,2025-08-26 10:00:00,40.0,1,1,CHoCH,1,79510.0,5.0,CHoCH,1,78890.0,12.0,12,3,3,2,current_swing_high,swing,0.0,32.0,79510.0,79510.0,79510.0,0.10071761299257208,active_bull_internal_ob,internal,1.0,12.0,78630.0,78710.0,78670.0,0.9064585169331486,79510.0,79610.0,79440.0,79510.0,13846.0,175513.0,0,0,0,0,0,0,,79830.0,0.0,above,0.5035880649628603,78890.0,False,,78630.0,12.0,below,1.0071761299257207,78530.0,False,,79510.0,32.0,above,0.10071761299257208,80130.0,True,5.0,77950.0,108.0,below,1.8632758403625833,77700.0,False,,0,0,0.0004107535031413393,13,NONE,0.005569327375679267,0.007324017850465982,0.001176240011097569,0.06787850897425202,0.0004107535031413393,0.005339795540837411,0.0018732022217320399,0.005120390507327821,,79069.63531545267,0.5569327375679267,-0.1632345554997472,1.4485688067491724,,21,1,1385,1397,2025-08-22 22:00:00,2025-08-26 09:00:00,79190.0,79510.0,13,0.4040914256850714,0.03108395582192857,20.0,-1.0,1357.0,1384.0,2025-08-19 21:00:00,2025-08-22 21:00:00,78600.0,78890.0,28.0,0.36895674300254644,0.01317702653580523,95387.0,,7337.461538461538,,143546.0,0.0,5126.642857142857,0.0,1.4312410173527863,,0.6645047580566509,,100.0,0.0,0.0,True,False,,,,,0,0,,,,,0,0,0.16060037470044292,152.04548897390347,4.0
CU:15m:1:1:4781:4786:1,CU,4h,619,2025-08-26 01:00:00,580.0,1,1,BOS,1,79470.0,169.0,CHoCH,1,79290.0,3.0,6,2,1,1,active_bear_internal_ob,internal,-1.0,135.0,79440.0,80160.0,79800.0,0.01258970162407151,current_internal_high,internal,0.0,20.0,79290.0,79290.0,79290.0,0.17625582273700113,79670.0,79700.0,79630.0,79640.0,796.0,173018.0,0,0,0,0,0,0,,79290.0,20.0,below,0.17625582273700113,79510.0,True,3.0,78480.0,8.0,below,1.1960216542867934,78740.0,False,,80130.0,47.0,above,0.8812791136850056,80990.0,False,,77950.0,20.0,below,1.8632758403625833,77700.0,False,,0,0,8.80163203951877e-05,38,NONE,0.009578152034839492,0.003132123392418791,0.00407703843050016,0.9430674550400096,8.80163203951877e-05,0.0033446201750171323,0.0016035644956227113,0.001768395268381795,0.0013943454273954714,78884.43290842105,0.9578152034839492,-0.025106703489830018,-1.499221119695985,,9,1,582,619,2025-08-12 21:00:00,2025-08-26 00:00:00,79460.0,79640.0,38,0.22652907123081878,0.0059612913481794415,8.0,-1.0,486.0,581.0,2025-07-09 21:00:00,2025-08-12 13:30:00,78310.0,79020.0,96.0,0.9066530455880573,0.00944430255820893,462957.0,,12183.078947368422,,1673890.0,0.0,17436.354166666668,0.0,0.6987171074248418,,0.27657552168899985,,21.052631578947366,36.84210526315789,42.10526315789473,False,False,2025-08-22 21:00:00,79140.0,2025-08-22 09:00:00,78700.0,2,2,2025-08-22 21:00:00,79140.0,2025-08-16 00:00:00,79080.0,3,3,1.3016851252950334,222.4451434764128,
CU:15m:1:1:4781:4786:2,CU,5m,14431,2025-08-26 11:10:00,0.0,1,-1,BOS,1,78890.0,160.0,BOS,-1,79440.0,6.0,33,12,16,3,current_internal_low,internal,0.0,15.0,79440.0,79440.0,79440.0,0.10080645161290322,active_bull_internal_ob,internal,1.0,100.0,79160.0,79200.0,79180.0,0.20161290322580644,79430.0,79430.0,79330.0,79360.0,1513.0,176148.0,1,1,1,0,1,0,active_bull_internal_ob,79580.0,14.0,above,0.2772177419354839,79700.0,False,,79440.0,15.0,above,0.10080645161290322,79600.0,True,6.0,79830.0,22.0,above,0.5922379032258065,78890.0,False,,78630.0,146.0,below,0.919858870967742,78530.0,False,,0,0,-7.6890101857813e-05,-23,NONE,-0.0029646708178347435,-0.0022297926559926985,0.00035296700876852045,0.01867112493302281,-7.6890101857813e-05,-0.0017684723427296989,-0.00036694681402127394,-0.0008508803235879325,-0.0014705224078253032,79595.97586686959,-0.29646708178347436,-0.08812791136849629,1.648790134154371,,214,-1,14409,14431,2025-08-26 09:00:00,2025-08-26 11:05:00,79560.0,79360.0,23,-0.2513826043237799,-0.010929678448859996,213.0,1.0,14268.0,14408.0,2025-08-22 21:00:00,2025-08-26 00:55:00,78790.0,79640.0,141.0,1.0788171087701581,0.007651185168582682,22943.0,,997.5217391304348,,87981.0,0.0,623.9787234042553,0.0,1.5986470398994248,,0.2607722121821757,,0.0,52.17391304347826,47.82608695652174,True,True,,,,,0,0,2025-08-26 09:15:00,79570.0,2025-08-26 09:20:00,79530.0,1,1,0.1582958881041701,49.331272498286964,
CU:15m:1:1:4781:4786:2,CU,15m,4809,2025-08-26 11:00:00,10.0,1,-1,CHoCH,1,79290.0,32.0,CHoCH,-1,79600.0,6.0,18,8,7,1,current_internal_low,internal,0.0,7.0,79600.0,79600.0,79600.0,0.3024193548387097,current_swing_high,swing,0.0,150.0,79290.0,79290.0,79290.0,0.08820564516129031,79400.0,79450.0,79400.0,79430.0,1481.0,176159.0,1,1,1,0,1,0,active_bull_internal_ob,79700.0,5.0,above,0.4284274193548387,79730.0,False,,79600.0,7.0,above,0.3024193548387097,79640.0,True,6.0,79290.0,150.0,below,0.08820564516129031,79510.0,True,32.0,78480.0,61.0,below,1.1088709677419355,78740.0,False,,1,1,0.00018587322046575503,81,UP_CONFIRMED,-0.004527114891311149,0.0012396512212370634,0.002819855127696127,0.020424590705848178,0.00018587322046575503,0.015055730857726157,-0.0001957704678464678,-0.000327913114574363,-0.00035625786188131503,79791.22403854082,-0.45271148913111486,0.03778337531485931,0.06340795261835637,,63,1,4729,4809,2025-08-21 22:00:00,2025-08-26 10:45:00,78850.0,79430.0,81,0.735573874445139,0.009081158943767148,62.0,-1.0,4629.0,4728.0,2025-08-18 14:15:00,2025-08-21 21:45:00,78930.0,78730.0,100.0,-0.2533890789306992,-0.0025338907893069917,140915.0,,1739.6913580246915,,149402.0,0.0,1494.02,0.0,1.1644364586984721,,0.9431935315457625,,64.19753086419753,33.33333333333333,2.4691358024691357,True,True,,,2025-08-25 14:45:00,79690.0,0,1,2025-08-25 09:00:00,79210.0,2025-08-26 09:00:00,79530.0,2,3,2.274716532672923,76.42181112509206,
CU:15m:1:1:4781:4786:2,CU,1h,1398,2025-08-26 11:00:00,10.0,1,1,CHoCH,1,79510.0,6.0,CHoCH,1,78890.0,13.0,12,3,3,2,current_swing_high,swing,0.0,33.0,79510.0,79510.0,79510.0,0.18901209677419356,active_bull_internal_ob,internal,1.0,13.0,78630.0,78710.0,78670.0,0.8190524193548386,79510.0,79540.0,79380.0,79430.0,7169.0,176159.0,0,0,0,0,0,0,,79830.0,1.0,above,0.5922379032258065,78890.0,False,,78630.0,13.0,below,0.919858870967742,78530.0,False,,79510.0,33.0,above,0.18901209677419356,80130.0,True,6.0,77950.0,109.0,below,1.7767137096774195,77700.0,False,,0,0,0.00039805707192115084,14,NONE,0.00432479275608339,0.007109787486581511,0.001371621913013458,0.02115596399998776,0.00039805707192115084,0.005572799006896112,0.001160692713671363,0.00480629765913454,,79087.9609593496,0.43247927560833904,-0.10061627468243017,0.08724260436183612,,21,1,1385,1398,2025-08-22 22:00:00,2025-08-26 10:00:00,79190.0,79430.0,14,0.3030685692637869,0.02164775494741335,20.0,-1.0,1357.0,1384.0,2025-08-19 21:00:00,2025-08-22 21:00:00,78600.0,78890.0,28.0,0.36895674300254644,0.01317702653580523,102556.0,,7325.428571428572,,143546.0,0.0,5126.642857142857,0.0,1.4288938737408219,,0.7144469368704108,,92.85714285714286,7.142857142857142,0.0,True,False,,,,,0,0,,,2025-08-26 10:00:00,79430.0,0,1,0.192920240668537,152.61366833291035,3.0
CU:15m:1:1:4781:4786:2,CU,4h,619,2025-08-26 01:00:00,610.0,1,1,BOS,1,79470.0,169.0,CHoCH,1,79290.0,3.0,6,2,1,1,active_bear_internal_ob,internal,-1.0,135.0,79440.0,80160.0,79800.0,0.10080645161290322,current_internal_high,internal,0.0,20.0,79290.0,79290.0,79290.0,0.08820564516129031,79670.0,79700.0,79630.0,79640.0,796.0,173018.0,0,0,0,0,0,0,,79290.0,20.0,below,0.08820564516129031,79510.0,True,3.0,78480.0,8.0,below,1.1088709677419355,78740.0,False,,80130.0,47.0,above,0.9702620967741935,80990.0,False,,77950.0,20.0,below,1.7767137096774195,77700.0,False,,0,0,8.80163203951877e-05,38,NONE,0.009578152034839492,0.003132123392418791,0.00407703843050016,0.9430674550400096,8.80163203951877e-05,0.0033446201750171323,0.0016035644956227113,0.001768395268381795,0.0013943454273954714,78884.43290842105,0.9578152034839492,-0.025106703489830018,-1.499221119695985,,9,1,582,619,2025-08-12 21:00:00,2025-08-26 00:00:00,79460.0,79640.0,38,0.22652907123081878,0.0059612913481794415,8.0,-1.0,486.0,581.0,2025-07-09 21:00:00,2025-08-12 13:30:00,78310.0,79020.0,96.0,0.9066530455880573,0.00944430255820893,462957.0,,12183.078947368422,,1673890.0,0.0,17436.354166666668,0.0,0.6987171074248418,,0.27657552168899985,,21.052631578947366,36.84210526315789,42.10526315789473,False,False,2025-08-22 21:00:00,79140.0,2025-08-22 09:00:00,78700.0,2,2,2025-08-22 21:00:00,79140.0,2025-08-16 00:00:00,79080.0,3,3,1.3016851252950334,222.4451434764128,
CU:15m:1:1:4781:4786:3,CU,5m,14436,2025-08-26 13:35:00,0.0,1,-1,BOS,1,78890.0,165.0,BOS,-1,79440.0,11.0,33,12,16,3,active_bear_internal_ob,internal,-1.0,11.0,79510.0,79580.0,79545.0,0.17638906387803957,current_internal_low,internal,0.0,0.0,79330.0,79330.0,79330.0,0.05039687539372559,79390.0,79410.0,79350.0,79370.0,1362.0,176825.0,1,1,1,0,1,0,active_bull_internal_ob,79580.0,19.0,above,0.2645835958170593,79700.0,False,,79330.0,0.0,below,0.05039687539372559,79440.0,False,,79830.0,27.0,above,0.5795640670278442,78890.0,False,,78630.0,151.0,below,0.9323421947839234,78530.0,False,,0,0,-7.807798061004734e-05,-28,NONE,-0.002421598512784917,-0.002178694331760543,0.0003589170944280531,0.24927607222185327,-7.807798061004734e-05,-0.0021861834570813254,-0.00041845113360816644,-0.0007852443983191737,-0.0015447353821519405,79562.66884053744,-0.2421598512784917,-0.08811681772407098,1.181148424405861,,214,-1,14409,14436,2025-08-26 09:00:00,2025-08-26 13:30:00,79560.0,79370.0,28,-0.2388134741075909,-0.008529052646699675,213.0,1.0,14268.0,14408.0,2025-08-22 21:00:00,2025-08-26 00:55:00,78790.0,79640.0,141.0,1.0788171087701581,0.007651185168582682,27963.0,,998.6785714285714,,87981.0,0.0,623.9787234042553,0.0,1.6005010010278193,,0.3178299860197088,,0.0,57.14285714285714,42.857142857142854,True,True,,,,,0,0,2025-08-26 11:15:00,79440.0,2025-08-26 13:30:00,79370.0,2,2,0.16473953651773723,50.807896560410974,
CU:15m:1:1:4781:4786:3,CU,15m,4811,2025-08-26 11:30:00,125.0,1,-1,CHoCH,1,79290.0,34.0,CHoCH,-1,79600.0,8.0,18,8,7,1,current_internal_low,internal,0.0,9.0,79600.0,79600.0,79600.0,0.2897820335139221,current_swing_high,swing,0.0,152.0,79290.0,79290.0,79290.0,0.10079375078745118,79420.0,79470.0,79410.0,79440.0,2727.0,177004.0,1,1,1,0,1,0,active_bull_internal_ob,79700.0,7.0,above,0.4157742219982361,79730.0,False,,79600.0,9.0,above,0.2897820335139221,79640.0,True,8.0,79290.0,152.0,below,0.10079375078745118,79510.0,True,34.0,78480.0,63.0,below,1.1213304775103943,78740.0,False,,1,1,0.0001799737855485037,83,UP_CONFIRMED,-0.004286127876202233,0.0011028371434459,0.002918667164077625,0.03241861550589065,0.0001799737855485037,0.014937824200525807,-0.0002487747888071379,-0.0004420488425688207,-0.00046449475139942464,79781.95566419022,-0.4286127876202233,0.025182573659021656,0.6953879312870641,,63,1,4729,4811,2025-08-21 22:00:00,2025-08-26 11:15:00,78850.0,79440.0,83,0.7482561826252399,0.009015134730424576,62.0,-1.0,4629.0,4728.0,2025-08-18 14:15:00,2025-08-21 21:45:00,78930.0,78730.0,100.0,-0.2533890789306992,-0.0025338907893069917,146501.0,,1765.0722891566265,,149402.0,0.0,1494.02,0.0,1.1814248063323292,,0.9805825892558333,,62.65060240963856,32.53012048192771,4.819277108433735,True,True,,,2025-08-25 14:45:00,79690.0,0,1,2025-08-25 09:00:00,79210.0,2025-08-26 09:00:00,79530.0,2,3,2.646507856053908,77.47594938847226,
CU:15m:1:1:4781:4786:3,CU,1h,1399,2025-08-26 11:30:00,125.0,1,1,CHoCH,1,79510.0,7.0,CHoCH,1,78890.0,14.0,12,3,3,2,current_swing_high,swing,0.0,34.0,79510.0,79510.0,79510.0,0.17638906387803957,active_bull_internal_ob,internal,1.0,14.0,78630.0,78710.0,78670.0,0.8315484439964722,79420.0,79470.0,79330.0,79440.0,5586.0,177004.0,0,0,0,0,0,0,,79830.0,2.0,above,0.5795640670278442,78890.0,False,,78630.0,14.0,below,0.9323421947839234,78530.0,False,,79510.0,34.0,above,0.17638906387803957,80130.0,True,7.0,77950.0,110.0,below,1.7890890764772585,77700.0,False,,0,0,0.00038183772089854057,15,NONE,0.004296663853061625,0.0069222459110135194,0.0014994430154914643,0.039969661694083225,0.00038183772089854057,0.005727565813478108,0.0011192969499091987,0.004533845428053684,,79100.13331640704,0.42966638530616247,0.012589701624077243,-0.21915408516335672,,21,1,1385,1399,2025-08-22 22:00:00,2025-08-26 11:00:00,79190.0,79440.0,15,0.31569642631645856,0.021046428421097236,20.0,-1.0,1357.0,1384.0,2025-08-19 21:00:00,2025-08-22 21:00:00,78600.0,78890.0,28.0,0.36895674300254644,0.01317702653580523,108142.0,,7209.466666666666,,143546.0,0.0,5126.642857142857,0.0,1.4062744114546324,,0.7533612918506959,,86.66666666666667,13.333333333333334,0.0,True,False,,,,,0,0,,,2025-08-26 10:00:00,79430.0,0,1,0.21661221441234865,151.71269202341676,2.0
CU:15m:1:1:4781:4786:3,CU,4h,620,2025-08-26 11:30:00,125.0,1,1,BOS,1,79470.0,170.0,CHoCH,1,79290.0,4.0,6,2,1,1,active_bear_internal_ob,internal,-1.0,136.0,79440.0,80160.0,79800.0,0.08819453193901979,current_internal_high,internal,0.0,21.0,79290.0,79290.0,79290.0,0.10079375078745118,79510.0,79610.0,79330.0,79440.0,26601.0,177004.0,0,0,0,0,0,0,,79290.0,21.0,below,0.10079375078745118,79510.0,True,4.0,78480.0,9.0,below,1.1213304775103943,78740.0,False,,80130.0,48.0,above,0.9575406324807862,80990.0,False,,77950.0,21.0,below,1.7890890764772585,77700.0,False,,0,0,9.807464631972351e-05,39,NONE,0.006560966895165597,0.0032200424565917863,0.004060758792544369,0.7946703699592997,9.807464631972351e-05,0.003824911206469217,0.0020626010529241068,0.0022473902541895185,0.0017971391971376427,78922.19409723421,0.6560966895165596,-0.2511300853842324,1.6207898745156202,,9,1,582,620,2025-08-12 21:00:00,2025-08-26 09:00:00,79460.0,79440.0,39,-0.025169896803423075,-0.0006453819693185404,8.0,-1.0,486.0,581.0,2025-07-09 21:00:00,2025-08-12 13:30:00,78310.0,79020.0,96.0,0.9066530455880573,0.00944430255820893,489558.0,,12552.76923076923,,1673890.0,0.0,17436.354166666668,0.0,0.7199193771119047,,0.2924672469517113,,23.076923076923077,35.8974358974359,41.02564102564102,True,False,2025-08-22 21:00:00,79140.0,2025-08-22 09:00:00,78700.0,2,2,2025-08-22 21:00:00,79140.0,2025-08-16 00:00:00,79080.0,3,3,1.2610885872736064,228.69906179952616,
CU:15m:1:-1:4799:4803:1,CU,5m,14733,2025-08-29 21:05:00,0.0,1,1,CHoCH,1,79580.0,13.0,BOS,1,79180.0,19.0,33,9,17,3,current_internal_high,internal,0.0,7.0,79630.0,79630.0,79630.0,0.025122472051249845,current_swing_high,swing,0.0,213.0,79580.0,79580.0,79580.0,0.03768370807687476,79670.0,79730.0,79570.0,79610.0,3868.0,173772.0,0,0,0,0,0,0,,79630.0,7.0,above,0.025122472051249845,79180.0,False,,79310.0,2.0,below,0.37683708076874767,79090.0,False,,79580.0,213.0,below,0.03768370807687476,79830.0,True,13.0,78660.0,134.0,below,1.1933174224343674,79040.0,False,,1,1,6.0010506177258755e-05,138,UP_CONFIRMED,0.0030605359974466844,0.0012366012266024492,0.0008075057100088283,0.9880498071633597,6.0010506177258755e-05,0.008281449852461709,0.000758902130746586,0.0009712354663722333,0.0036512350168638186,79367.09415133709,0.30605359974466845,0.25185744868403415,1.4137298064928192,,217,1,14596,14733,2025-08-28 09:05:00,2025-08-29 21:00:00,78890.0,79610.0,138,0.9126632019267333,0.006613501463237198,216.0,-1.0,14513.0,14595.0,2025-08-27 09:55:00,2025-08-28 09:00:00,79390.0,78880.0,83.0,-0.6423982869379063,-0.007739738396842245,110150.0,,798.1884057971015,,66270.0,0.0,798.433734939759,0.0,0.9996927370025566,,1.662139731401841,,42.028985507246375,50.0,7.971014492753622,False,False,2025-08-28 21:15:00,78880.0,2025-08-28 21:05:00,78850.0,2,2,2025-08-29 21:00:00,79610.0,2025-08-29 14:55:00,79410.0,9,9,0.6530041315157378,93.16680594247208,
CU:15m:1:-1:4799:4803:1,CU,15m,4910,2025-08-29 15:00:00,365.0,1,1,CHoCH,1,79290.0,133.0,BOS,1,79060.0,14.0,18,8,7,1,active_bear_internal_ob,internal,-1.0,107.0,79670.0,79700.0,79685.0,0.07536741615374952,current_internal_high,internal,0.0,19.0,79060.0,79060.0,79060.0,0.6908679814093707,79500.0,79540.0,79380.0,79410.0,5304.0,173666.0,0,0,0,0,0,0,,79060.0,19.0,below,0.6908679814093707,79010.0,True,14.0,78920.0,14.0,below,0.8667252857681196,78760.0,False,,79830.0,74.0,above,0.2763471925637483,79290.0,False,,78660.0,11.0,below,1.1933174224343674,78480.0,False,,0,0,0.00022852327091820167,10,NONE,0.006072260478775617,0.006179178939747574,0.001456490692113959,0.4707406186974825,0.00022852327091820167,0.002285232709182017,0.0017981354236982217,,,78930.71215601343,0.6072260478775616,-0.11320754716981352,1.0120842485206825,,65,1,4901,4910,2025-08-29 10:30:00,2025-08-29 14:45:00,79160.0,79410.0,10,0.31581606872157497,0.0315816068721575,64.0,-1.0,4817.0,4900.0,2025-08-26 14:45:00,2025-08-29 10:00:00,79190.0,79160.0,84.0,-0.037883571157970586,-0.0004509948947377451,43543.0,,4354.3,,165375.0,0.0,1968.75,0.0,2.2117079365079366,,0.26329856386999245,,70.0,30.0,0.0,True,False,,,,,0,0,2025-08-29 14:30:00,79500.0,2025-08-29 14:45:00,79410.0,1,2,0.23570942131892011,111.91334655900488,
CU:15m:1:-1:4799:4803:1,CU,1h,1428,2025-08-29 15:00:00,365.0,1,1,CHoCH,1,79510.0,36.0,CHoCH,1,79580.0,1.0,13,3,3,2,active_bear_internal_ob,internal,-1.0,233.0,79750.0,80010.0,79880.0,0.17585730435874888,current_internal_high,internal,0.0,20.0,79580.0,79580.0,79580.0,0.03768370807687476,79590.0,79630.0,79310.0,79410.0,21070.0,173666.0,0,0,0,0,0,0,,79580.0,20.0,below,0.03768370807687476,79830.0,True,1.0,78660.0,12.0,below,1.1933174224343674,79040.0,False,,79510.0,63.0,below,0.12561236025624922,80130.0,True,36.0,78480.0,11.0,below,1.4194196708956162,77950.0,False,,0,0,0.00013912531250190067,44,NONE,0.003524312828669766,0.002477748319421248,0.004037717686472692,0.6022583960807779,0.00013912531250190067,0.006121513750083629,0.0009164136868056172,0.000654666010640792,-0.0006411062311162397,79131.11718854544,0.3524312828669766,-0.22615906520919715,2.0130212433170396,,21,1,1385,1428,2025-08-22 22:00:00,2025-08-29 14:00:00,79190.0,79410.0,44,0.27781285515848797,0.006313928526329272,20.0,-1.0,1357.0,1384.0,2025-08-19 21:00:00,2025-08-22 21:00:00,78600.0,78890.0,28.0,0.36895674300254644,0.01317702653580523,332759.0,,7562.704545454545,,143546.0,0.0,5126.642857142857,0.0,1.475176788435256,,2.3181349532554023,,34.090909090909086,31.818181818181817,34.090909090909086,True,False,2025-08-29 09:00:00,79120.0,2025-08-27 21:00:00,78760.0,1,1,2025-08-29 09:00:00,79120.0,2025-08-26 22:00:00,79400.0,2,2,1.6295915347107657,174.40775643725974,4.0
CU:15m:1:-1:4799:4803:1,CU,4h,633,2025-08-29 15:00:00,365.0,1,1,BOS,1,79470.0,183.0,CHoCH,1,79290.0,17.0,6,2,1,1,current_internal_high,internal,0.0,11.0,79830.0,79830.0,79830.0,0.2763471925637483,active_bull_internal_ob,internal,1.0,17.0,78480.0,78800.0,78640.0,1.0174601180756186,79180.0,79630.0,79140.0,79410.0,34833.0,173666.0,1,1,0,1,1,0,active_bear_internal_ob,79830.0,11.0,above,0.2763471925637483,79290.0,False,,78660.0,2.0,below,1.1933174224343674,78480.0,False,,80130.0,61.0,above,0.653184273332496,80990.0,False,,77950.0,34.0,below,2.0851651802537368,77700.0,False,,1,1,9.44248562171474e-05,52,UP_CONFIRMED,0.005094292107613546,0.0028762096832690865,0.003837805463926862,0.7183530633056949,9.44248562171474e-05,0.004910092523291665,0.0004668092853283845,0.0005881717271016829,0.0033652870969156368,79007.51265185548,0.5094292107613546,0.27781285515848797,1.7269520344775582,,9,1,582,633,2025-08-12 21:00:00,2025-08-29 13:30:00,79460.0,79410.0,52,-0.06292474200856324,-0.00121009119247237,8.0,-1.0,486.0,581.0,2025-07-09 21:00:00,2025-08-12 13:30:00,78310.0,79020.0,96.0,0.9066530455880573,0.00944430255820893,714175.0,,13734.134615384615,,1673890.0,0.0,17436.354166666668,0.0,0.7876723817436767,,0.4266558734444916,,17.307692307692307,40.38461538461539,42.30769230769231,True,False,2025-08-29 00:00:00,78990.0,2025-08-27 21:00:00,78770.0,3,3,2025-08-29 09:00:00,79190.0,2025-08-27 13:30:00,79190.0,5,5,1.3343274262135263,240.37250749331403,
CU:15m:1:-1:4799:4803:2,CU,5m,14735,2025-08-29 21:15:00,0.0,1,1,CHoCH,1,79580.0,15.0,BOS,1,79630.0,0.0,34,9,17,3,active_bear_internal_ob,internal,-1.0,2420.0,79910.0,79990.0,79950.0,0.3138337936228973,current_internal_high,internal,0.0,9.0,79630.0,79630.0,79630.0,0.03766005523474768,79550.0,79670.0,79550.0,79660.0,1958.0,173642.0,0,0,0,0,0,0,,79630.0,9.0,below,0.03766005523474768,79180.0,True,0.0,79310.0,4.0,below,0.4393673110720563,79090.0,False,,79580.0,215.0,below,0.10042681395932714,79830.0,True,15.0,78660.0,136.0,below,1.2553351744915893,79040.0,False,,1,1,6.120896203245835e-05,140,UP_CONFIRMED,0.003404107365752836,0.0012597148302348924,0.0008269988755344641,0.9952426014012468,6.120896203245835e-05,0.00856925468454417,0.0008411705844739714,0.0011383610632313967,0.003792347819814079,79389.74877144187,0.3404107365752836,0.12569130216188995,-0.05230292723263517,,217,1,14596,14735,2025-08-28 09:05:00,2025-08-29 21:10:00,78890.0,79660.0,140,0.976042590949433,0.00697173279249595,216.0,-1.0,14513.0,14595.0,2025-08-27 09:55:00,2025-08-28 09:00:00,79390.0,78880.0,83.0,-0.6423982869379063,-0.007739738396842245,113872.0,,813.3714285714286,,66270.0,0.0,798.433734939759,0.0,1.018708745607795,,1.718303908254112,,42.142857142857146,50.0,7.857142857142857,False,False,2025-08-28 21:15:00,78880.0,2025-08-28 21:05:00,78850.0,2,2,2025-08-29 21:00:00,79610.0,2025-08-29 14:55:00,79410.0,9,9,0.6564968957142927,92.88362349121317,
CU:15m:1:-1:4799:4803:2,CU,15m,4911,2025-08-29 21:15:00,0.0,1,1,CHoCH,1,79290.0,134.0,BOS,1,79060.0,15.0,18,7,7,1,active_bear_internal_ob,internal,-1.0,806.0,79810.0,80010.0,79910.0,0.18830027617373837,current_internal_high,internal,0.0,20.0,79060.0,79060.0,79060.0,0.7532011046949535,79670.0,79730.0,79550.0,79660.0,7590.0,173642.0,0,0,0,0,0,0,,79060.0,20.0,below,0.7532011046949535,79010.0,True,15.0,78920.0,15.0,below,0.928948029123776,78760.0,False,,79830.0,75.0,above,0.21340697966357017,79290.0,False,,78660.0,12.0,below,1.2553351744915893,78480.0,False,,0,0,0.0002543438346562586,11,NONE,0.008723753379529594,0.006410503888818667,0.0015695942408222982,0.9297306884997788,0.0002543438346562586,0.002797782181218844,0.0016919046088874623,0.002797782181218844,,78971.07581051295,0.8723753379529594,0.31482181085504823,1.6973838113035304,,65,1,4901,4911,2025-08-29 10:30:00,2025-08-29 21:00:00,79160.0,79660.0,11,0.6316321374431499,0.05742110340392272,64.0,-1.0,4817.0,4900.0,2025-08-26 14:45:00,2025-08-29 10:00:00,79190.0,79160.0,84.0,-0.037883571157970586,-0.0004509948947377451,51133.0,,4648.454545454545,,165375.0,0.0,1968.75,0.0,2.3611197691197687,,0.30919425547996976,,63.63636363636363,36.36363636363637,0.0,False,False,,,,,0,0,2025-08-29 21:00:00,79660.0,2025-08-29 14:45:00,79410.0,2,2,0.24484724883484071,126.77667894764738,
CU:15m:1:-1:4799:4803:2,CU,1h,1428,2025-08-29 15:00:00,375.0,1,1,CHoCH,1,79510.0,36.0,CHoCH,1,79580.0,1.0,13,3,3,2,active_bear_internal_ob,internal,-1.0,233.0,79750.0,80010.0,79880.0,0.11298016570424303,current_internal_high,internal,0.0,20.0,79580.0,79580.0,79580.0,0.10042681395932714,79590.0,79630.0,79310.0,79410.0,21070.0,173666.0,0,0,0,0,0,0,,79580.0,20.0,below,0.10042681395932714,79830.0,True,1.0,78660.0,12.0,below,1.2553351744915893,79040.0,False,,79510.0,63.0,below,0.18830027617373837,80130.0,True,36.0,78480.0,11.0,below,1.4812955059000754,77950.0,False,,0,0,0.00013912531250190067,44,NONE,0.003524312828669766,0.002477748319421248,0.004037717686472692,0.6022583960807779,0.00013912531250190067,0.006121513750083629,0.0009164136868056172,0.000654666010640792,-0.0006411062311162397,79131.11718854544,0.3524312828669766,-0.22615906520919715,2.0130212433170396,,21,1,1385,1428,2025-08-22 22:00:00,2025-08-29 14:00:00,79190.0,79410.0,44,0.27781285515848797,0.006313928526329272,20.0,-1.0,1357.0,1384.0,2025-08-19 21:00:00,2025-08-22 21:00:00,78600.0,78890.0,28.0,0.36895674300254644,0.01317702653580523,332759.0,,7562.704545454545,,143546.0,0.0,5126.642857142857,0.0,1.475176788435256,,2.3181349532554023,,34.090909090909086,31.818181818181817,34.090909090909086,True,False,2025-08-29 09:00:00,79120.0,2025-08-27 21:00:00,78760.0,1,1,2025-08-29 09:00:00,79120.0,2025-08-26 22:00:00,79400.0,2,2,1.6295915347107657,174.40775643725974,4.0
CU:15m:1:-1:4799:4803:2,CU,4h,633,2025-08-29 15:00:00,375.0,1,1,BOS,1,79470.0,183.0,CHoCH,1,79290.0,17.0,6,2,1,1,current_internal_high,internal,0.0,11.0,79830.0,79830.0,79830.0,0.21340697966357017,active_bull_internal_ob,internal,1.0,17.0,78480.0,78800.0,78640.0,1.0795882500627667,79180.0,79630.0,79140.0,79410.0,34833.0,173666.0,1,1,0,1,1,0,active_bear_internal_ob,79830.0,11.0,above,0.21340697966357017,79290.0,False,,78660.0,2.0,below,1.2553351744915893,78480.0,False,,80130.0,61.0,above,0.5900075320110469,80990.0,False,,77950.0,34.0,below,2.146623148380618,77700.0,False,,1,1,9.44248562171474e-05,52,UP_CONFIRMED,0.005094292107613546,0.0028762096832690865,0.003837805463926862,0.7183530633056949,9.44248562171474e-05,0.004910092523291665,0.0004668092853283845,0.0005881717271016829,0.0033652870969156368,79007.51265185548,0.5094292107613546,0.27781285515848797,1.7269520344775582,,9,1,582,633,2025-08-12 21:00:00,2025-08-29 13:30:00,79460.0,79410.0,52,-0.06292474200856324,-0.00121009119247237,8.0,-1.0,486.0,581.0,2025-07-09 21:00:00,2025-08-12 13:30:00,78310.0,79020.0,96.0,0.9066530455880573,0.00944430255820893,714175.0,,13734.134615384615,,1673890.0,0.0,17436.354166666668,0.0,0.7876723817436767,,0.4266558734444916,,17.307692307692307,40.38461538461539,42.30769230769231,True,False,2025-08-29 00:00:00,78990.0,2025-08-27 21:00:00,78770.0,3,3,2025-08-29 09:00:00,79190.0,2025-08-27 13:30:00,79190.0,5,5,1.3343274262135263,240.37250749331403,
CU:15m:1:-1:4823:4849:1,CU,5m,14720,2025-08-29 14:00:00,0.0,1,1,CHoCH,1,79580.0,0.0,BOS,1,79180.0,6.0,33,11,17,3,active_bear_internal_ob,internal,-1.0,311.0,79670.0,79700.0,79685.0,0.1005151400929765,current_swing_high,swing,0.0,200.0,79580.0,79580.0,79580.0,0.012564392511622063,79330.0,79610.0,79330.0,79590.0,6148.0,171150.0,0,0,0,0,0,0,,79180.0,12.0,below,0.5151400929765045,79170.0,True,6.0,79090.0,6.0,below,0.6282196255811031,79080.0,False,,79580.0,200.0,below,0.012564392511622063,79830.0,True,0.0,78660.0,121.0,below,1.1684885035808519,79040.0,False,,1,1,5.143944563273628e-05,125,UP_CONFIRMED,0.004653399310895328,0.0011812898163400887,0.0007869993043452954,0.9999948750417655,5.143944563273628e-05,0.006429930704092035,0.0016631563625979506,0.0019492503514983994,0.0025579416099472674,79221.35141790373,0.46533993108953275,0.31509957146458323,4.047800925801895,,217,1,14596,14720,2025-08-28 09:05:00,2025-08-29 13:55:00,78890.0,79590.0,125,0.8873114463176623,0.007098491570541298,216.0,-1.0,14513.0,14595.0,2025-08-27 09:55:00,2025-08-28 09:00:00,79390.0,78880.0,83.0,-0.6423982869379063,-0.007739738396842245,85212.0,,681.696,,66270.0,0.0,798.433734939759,0.0,0.8537915799004074,,1.2858306926210956,,46.400000000000006,47.199999999999996,6.4,True,False,2025-08-28 21:15:00,78880.0,2025-08-28 21:05:00,78850.0,2,2,2025-08-29 00:25:00,78970.0,2025-08-29 00:20:00,78940.0,7,7,0.6662203410705789,64.03238903453266,
CU:15m:1:-1:4823:4849:1,CU,15m,4906,2025-08-29 14:00:00,0.0,1,1,CHoCH,1,79290.0,129.0,BOS,1,79060.0,10.0,18,8,7,1,active_bear_internal_ob,internal,-1.0,103.0,79670.0,79700.0,79685.0,0.1005151400929765,current_internal_high,internal,0.0,15.0,79060.0,79060.0,79060.0,0.6659128031159693,79230.0,79610.0,79230.0,79590.0,9075.0,171150.0,0,0,0,0,0,0,,79060.0,15.0,below,0.6659128031159693,79010.0,True,10.0,78920.0,10.0,below,0.8418142982786783,78760.0,False,,79830.0,70.0,above,0.3015454202789295,79290.0,False,,78660.0,7.0,below,1.1684885035808519,78480.0,False,,0,0,0.00018400161554047814,6,NONE,0.00954251755562493,0.00583078001636867,0.001696442844785809,0.9856634940028899,0.00018400161554047814,0.001104009693242869,0.001104009693242869,,,78837.6899595164,0.954251755562493,0.45437334343052527,3.4649830609023513,,65,1,4901,4906,2025-08-29 10:30:00,2025-08-29 13:45:00,79160.0,79590.0,6,0.5432036382011063,0.09053393970018438,64.0,-1.0,4817.0,4900.0,2025-08-26 14:45:00,2025-08-29 10:00:00,79190.0,79160.0,84.0,-0.037883571157970586,-0.0004509948947377451,22473.0,,3745.5,,165375.0,0.0,1968.75,0.0,1.9024761904761904,,0.13589115646258504,,100.0,0.0,0.0,True,False,,,,,0,0,,,,,0,0,0.2909461238502238,93.9646063306863,
CU:15m:1:-1:4823:4849:1,CU,1h,1427,2025-08-29 14:00:00,0.0,1,1,CHoCH,1,79510.0,35.0,CHoCH,1,79580.0,0.0,13,3,3,2,active_bear_internal_ob,internal,-1.0,232.0,79750.0,80010.0,79880.0,0.201030280185953,current_internal_high,internal,0.0,19.0,79580.0,79580.0,79580.0,0.012564392511622063,79180.0,79610.0,79140.0,79590.0,13763.0,171150.0,0,0,0,0,0,0,,79580.0,19.0,below,0.012564392511622063,79830.0,True,0.0,78660.0,11.0,below,1.1684885035808519,79040.0,False,,79510.0,62.0,below,0.1005151400929765,80130.0,True,35.0,78480.0,10.0,below,1.394647568790049,77950.0,False,,0,0,0.00013132468744701646,43,NONE,0.006273642430381494,0.0024534096099038407,0.004081206079680176,0.8253775308891925,0.00013132468744701646,0.005646961560221708,0.0004362257430137184,7.707991651084711e-05,-0.0010534408852846955,79093.79381911654,0.6273642430381494,0.5051142821063337,1.1358071829493892,,21,1,1385,1427,2025-08-22 22:00:00,2025-08-29 13:30:00,79190.0,79590.0,43,0.5051142821063337,0.011746843769914738,20.0,-1.0,1357.0,1384.0,2025-08-19 21:00:00,2025-08-22 21:00:00,78600.0,78890.0,28.0,0.36895674300254644,0.01317702653580523,311689.0,,7248.581395348837,,143546.0,0.0,5126.642857142857,0.0,1.413904107880174,,2.1713527371016954,,32.55813953488372,32.55813953488372,34.883720930232556,True,False,2025-08-29 09:00:00,79120.0,2025-08-27 21:00:00,78760.0,1,1,2025-08-29 09:00:00,79120.0,2025-08-26 22:00:00,79400.0,2,2,1.6634833674757374,163.20835308627971,2.0
CU:15m:1:-1:4823:4849:1,CU,4h,632,2025-08-29 11:30:00,150.0,1,1,BOS,1,79470.0,182.0,CHoCH,1,79290.0,16.0,6,2,1,1,current_internal_high,internal,0.0,10.0,79830.0,79830.0,79830.0,0.3015454202789295,active_bull_internal_ob,internal,1.0,16.0,78480.0,78800.0,78640.0,0.992587008418143,79040.0,79190.0,79030.0,79190.0,19690.0,167841.0,1,1,0,1,1,0,active_bear_internal_ob,79830.0,10.0,above,0.3015454202789295,79290.0,False,,78660.0,1.0,below,1.1684885035808519,78480.0,False,,80130.0,60.0,above,0.6784771956275913,80990.0,False,,77950.0,33.0,below,2.060560371906018,77700.0,False,,1,1,8.808222472035365e-05,51,UP_CONFIRMED,0.002726737881426515,0.002832717871027038,0.003862536712027358,0.48905522523632616,8.808222472035365e-05,0.0044921934607380365,9.05074038071163e-06,0.00018562261666610347,0.002930284273136463,78974.65681159915,0.27267378814265153,0.25319660716547343,0.4117054728309822,,9,1,582,632,2025-08-12 21:00:00,2025-08-29 09:00:00,79460.0,79190.0,51,-0.33979360684621707,-0.006662619742082688,8.0,-1.0,486.0,581.0,2025-07-09 21:00:00,2025-08-12 13:30:00,78310.0,79020.0,96.0,0.9066530455880573,0.00944430255820893,679342.0,,13320.43137254902,,1673890.0,0.0,17436.354166666668,0.0,0.7639459055043675,,0.4058462622991953,,17.647058823529413,39.21568627450981,43.13725490196079,True,False,2025-08-29 00:00:00,78990.0,2025-08-27 21:00:00,78770.0,3,3,2025-08-29 09:00:00,79190.0,2025-08-27 13:30:00,79190.0,5,5,1.3635444431417894,221.1703926851074,
CU:15m:1:1:4860:4865:1,CU,5m,14622,2025-08-28 13:35:00,0.0,-1,-1,CHoCH,-1,79040.0,75.0,CHoCH,-1,78890.0,2.0,31,15,16,4,current_internal_low,internal,0.0,10.0,78890.0,78890.0,78890.0,0.10150996066489024,active_bull_internal_ob,internal,1.0,27.0,78750.0,78800.0,78775.0,0.01268874508311128,78830.0,78840.0,78760.0,78810.0,2481.0,168212.0,0,0,0,0,0,0,,79010.0,3.0,above,0.2537749016622256,78990.0,False,,78890.0,10.0,above,0.10150996066489024,78750.0,True,2.0,79580.0,102.0,above,0.9770333713995686,79830.0,False,,78660.0,23.0,below,0.1903311762466692,79040.0,False,,0,0,5.622289213644991e-05,27,NONE,-0.00031342977823531153,0.0019010337028538481,0.0007530917777296681,0.0016384353121404738,5.622289213644991e-05,0.0015180180876841476,8.042140508202067e-05,0.00034147036163978406,0.0009036230705719017,78834.70914540469,-0.031342977823531154,-0.0887423935091225,4.077551757187652,,217,1,14596,14622,2025-08-28 09:05:00,2025-08-28 13:30:00,78890.0,78810.0,27,-0.10140702243630617,-0.0037558156457891175,216.0,-1.0,14513.0,14595.0,2025-08-27 09:55:00,2025-08-28 09:00:00,79390.0,78880.0,83.0,-0.6423982869379063,-0.007739738396842245,21943.0,,812.7037037037037,,66270.0,0.0,798.433734939759,0.0,1.0178724522017113,,0.3311151350535687,,37.03703703703704,59.25925925925925,3.7037037037037033,True,True,,,2025-08-28 13:30:00,78810.0,0,1,2025-08-28 10:05:00,78980.0,2025-08-28 11:15:00,78890.0,1,2,0.3961485672763824,51.20689356934524,
CU:15m:1:1:4860:4865:1,CU,15m,4873,2025-08-28 11:30:00,125.0,1,1,CHoCH,1,79290.0,96.0,CHoCH,1,78860.0,8.0,17,9,7,1,current_internal_high,internal,0.0,10.0,78860.0,78860.0,78860.0,0.0634437254155564,active_bull_internal_ob,internal,1.0,8.0,78750.0,78800.0,78775.0,0.01268874508311128,78950.0,78950.0,78860.0,78880.0,2647.0,168145.0,0,0,0,0,0,0,,78860.0,10.0,above,0.0634437254155564,78880.0,True,8.0,78750.0,6.0,below,0.07613247049866768,78740.0,False,,79830.0,37.0,above,1.2942519984773506,79290.0,False,,78480.0,125.0,below,0.41872858774267224,78740.0,False,,-1,-1,-0.00022853122180024643,-57,DOWN_CONFIRMED,0.0024848633717627962,-0.0011700876954664394,0.003097008831851319,0.881030752624776,-0.00022853122180024643,-0.013026279642614047,0.00011948016180185483,0.00023431638930015986,0.0002577970455492906,78684.47981817361,0.24848633717627963,-0.10131712259371373,1.2800157434847628,,64,-1,4817,4873,2025-08-26 14:45:00,2025-08-28 11:15:00,79190.0,78880.0,57,-0.3914635686323997,-0.0068677819058315746,63.0,1.0,4729.0,4816.0,2025-08-21 22:00:00,2025-08-26 14:30:00,78850.0,79150.0,88.0,0.38046924540267035,0.004323514152303073,122098.0,,2142.0701754385964,,162200.0,0.0,1843.1818181818182,0.0,1.1621589114586712,,0.7527620221948212,,40.35087719298245,21.052631578947366,38.59649122807017,True,False,2025-08-27 21:00:00,78710.0,,,1,0,2025-08-28 09:00:00,78910.0,2025-08-27 11:15:00,79350.0,3,2,2.646817707639203,76.00987953959698,
CU:15m:1:1:4860:4865:1,CU,1h,1417,2025-08-28 11:30:00,125.0,1,-1,CHoCH,1,79510.0,25.0,CHoCH,-1,79040.0,6.0,12,4,3,2,active_bear_internal_ob,internal,-1.0,6.0,79390.0,79580.0,79485.0,0.7359472148204543,active_bull_internal_ob,internal,1.0,32.0,78630.0,78710.0,78670.0,0.1268874508311128,78950.0,78970.0,78860.0,78880.0,4498.0,168145.0,0,0,0,0,0,0,,79580.0,9.0,above,0.9770333713995686,79830.0,False,,78660.0,1.0,below,0.1903311762466692,79040.0,False,,79510.0,52.0,above,0.8882121558177896,80130.0,True,25.0,78480.0,0.0,below,0.41872858774267224,77950.0,False,,0,0,0.00016877128335722848,33,NONE,-0.0026261700858248908,0.0032254692509831647,0.004153854237847378,0.07945821328200381,0.00016877128335722848,0.00556945235078854,-0.00033966532390106163,-0.001130433668062758,0.0002284370030607441,79087.69774597725,-0.2626170085824891,-0.08866371120962446,-0.504331449708299,,21,1,1385,1417,2025-08-22 22:00:00,2025-08-28 11:00:00,79190.0,78880.0,33,-0.3914635686323997,-0.011862532382799992,20.0,-1.0,1357.0,1384.0,2025-08-19 21:00:00,2025-08-22 21:00:00,78600.0,78890.0,28.0,0.36895674300254644,0.01317702653580523,245939.0,,7452.69696969697,,143546.0,0.0,5126.642857142857,0.0,1.453718774131743,,1.713311412369554,,39.39393939393939,33.33333333333333,27.27272727272727,True,True,,,2025-08-27 21:00:00,78760.0,0,1,2025-08-26 21:00:00,79450.0,2025-08-26 22:00:00,79400.0,1,2,1.287829433370425,158.87115182605194,2.0
CU:15m:1:1:4860:4865:1,CU,4h,628,2025-08-28 11:30:00,125.0,1,1,BOS,1,79470.0,178.0,CHoCH,1,79290.0,12.0,6,2,1,1,active_bear_internal_ob,internal,-1.0,144.0,79440.0,80160.0,79800.0,0.7993909402360105,active_bull_internal_ob,internal,1.0,12.0,78480.0,78800.0,78640.0,0.01268874508311128,78850.0,79010.0,78830.0,78880.0,21038.0,168145.0,0,0,0,0,0,0,,79830.0,6.0,above,1.2942519984773506,79290.0,False,,78480.0,17.0,below,0.41872858774267224,78740.0,False,,80130.0,56.0,above,1.674914350970689,80990.0,False,,77950.0,29.0,below,1.09123207714757,77700.0,False,,0,0,9.449383063571316e-05,47,NONE,-0.0011478748334780738,0.003024119457117995,0.003947789346346092,0.14530314216892637,9.449383063571316e-05,0.004441210039878518,0.00012130581509239846,0.0011128643777758018,0.0028028682980165698,78970.64841990465,-0.11478748334780738,0.038046924540258154,0.6192221107034597,,9,1,582,628,2025-08-12 21:00:00,2025-08-28 09:00:00,79460.0,78880.0,47,-0.7299270072992692,-0.01553036185743126,8.0,-1.0,486.0,581.0,2025-07-09 21:00:00,2025-08-12 13:30:00,78310.0,79020.0,96.0,0.9066530455880573,0.00944430255820893,627355.0,,13347.978723404256,,1673890.0,0.0,17436.354166666668,0.0,0.7655257857128058,,0.3747886659218945,,19.148936170212767,40.42553191489361,40.42553191489361,True,True,2025-08-22 21:00:00,79140.0,2025-08-27 21:00:00,78770.0,2,3,2025-08-26 21:00:00,79410.0,2025-08-27 13:30:00,79190.0,4,5,1.3054343263636683,238.47980831872434,
CU:15m:1:1:4915:4931:1,CU,5m,14847,2025-09-01 22:50:00,0.0,1,-1,BOS,1,79730.0,52.0,CHoCH,-1,79630.0,1.0,35,10,18,3,current_internal_low,internal,0.0,4.0,79630.0,79630.0,79630.0,0.03768844221105527,active_bull_internal_ob,internal,1.0,53.0,79510.0,79560.0,79535.0,0.05025125628140704,79590.0,79610.0,79560.0,79600.0,755.0,179555.0,0,0,0,0,0,0,,79700.0,0.0,above,0.12562814070351758,79810.0,False,,79630.0,4.0,above,0.03768844221105527,79640.0,True,1.0,79730.0,64.0,above,0.16331658291457288,79580.0,True,52.0,79470.0,49.0,below,0.16331658291457288,78660.0,False,,0,0,-0.0020478027131839993,-2,NONE,0.0004899143944101656,-0.001621479022985342,0.002111393417395508,0.8413447460685428,-0.0020478027131839993,-0.004095605426367999,,,,79561.02191013224,0.04899143944101656,0.012564392511626998,1.2231755104595294,,218,-1,14846,14847,2025-09-01 22:40:00,2025-09-01 22:45:00,79590.0,79600.0,2,0.012564392511626998,0.006282196255813499,217.0,1.0,14596.0,14845.0,2025-08-28 09:05:00,2025-09-01 22:35:00,78890.0,79660.0,250.0,0.976042590949433,0.003904170363797732,1547.0,,773.5,,196888.0,0.0,787.552,0.0,0.9821573686562919,,0.007857258949250335,,0.0,0.0,100.0,True,True,2025-09-01 22:45:00,79600.0,,,1,0,,,,,0,0,1.3021404455224919,48.85079377848433,
CU:15m:1:1:4915:4931:1,CU,15m,4948,2025-09-01 22:45:00,5.0,1,1,BOS,1,79830.0,11.0,BOS,1,79730.0,17.0,19,7,8,1,active_bear_internal_ob,internal,-1.0,843.0,79810.0,80010.0,79910.0,0.2638190954773869,active_bull_internal_ob,internal,1.0,17.0,79470.0,79560.0,79515.0,0.05025125628140704,79680.0,79690.0,79590.0,79590.0,1023.0,179824.0,0,0,0,0,0,0,,79980.0,3.0,above,0.47738693467336685,79730.0,False,,79470.0,27.0,below,0.16331658291457288,78920.0,False,,79830.0,112.0,above,0.2889447236180904,79290.0,True,11.0,78660.0,49.0,below,1.1809045226130652,78480.0,False,,0,0,0.00017639198366225148,48,NONE,0.002171858341705166,0.006395735664865084,0.0015783541109906365,0.0037239118954599526,0.00017639198366225148,0.00846681521578807,0.00019774673752226413,0.001278301300094098,0.004183563081469277,79417.51640451934,0.2171858341705166,-0.11295180722891152,-1.0077663158091383,,65,1,4901,4948,2025-08-29 10:30:00,2025-09-01 22:30:00,79160.0,79590.0,48,0.5432036382011063,0.011316742462523047,64.0,-1.0,4817.0,4900.0,2025-08-26 14:45:00,2025-08-29 10:00:00,79190.0,79160.0,84.0,-0.037883571157970586,-0.0004509948947377451,134941.0,,2811.2708333333335,,165375.0,0.0,1968.75,0.0,1.42794708994709,,0.8159697656840514,,50.0,47.91666666666667,2.083333333333333,True,False,,,,,0,0,2025-09-01 10:00:00,79740.0,2025-09-01 21:15:00,79720.0,3,4,0.24678226144668713,105.16758392946696,
CU:15m:1:1:4915:4931:1,CU,1h,1438,2025-09-01 22:00:00,50.0,1,1,CHoCH,1,79510.0,46.0,CHoCH,1,79580.0,11.0,13,3,3,2,active_bear_internal_ob,internal,-1.0,243.0,79750.0,80010.0,79880.0,0.18844221105527637,current_internal_high,internal,0.0,30.0,79580.0,79580.0,79580.0,0.02512562814070352,79640.0,79810.0,79640.0,79670.0,10306.0,180340.0,0,0,0,0,0,0,,79580.0,30.0,below,0.02512562814070352,79830.0,True,11.0,78660.0,22.0,below,1.1809045226130652,79040.0,False,,79510.0,73.0,below,0.11306532663316582,80130.0,True,46.0,78480.0,21.0,below,1.407035175879397,77950.0,False,,1,1,0.0001612936324660781,54,UP_CONFIRMED,0.004226531396835878,0.003055499840589868,0.0038745435558519975,0.6187644115079354,0.0001612936324660781,0.008709856153168216,0.0016623307510863494,0.0025725942321193074,0.0032289444327628924,79334.68944420584,0.4226531396835878,-0.1378791677112079,0.36379424499058916,,21,1,1385,1438,2025-08-22 22:00:00,2025-09-01 21:00:00,79190.0,79670.0,54,0.606137138527596,0.01122476182458511,20.0,-1.0,1357.0,1384.0,2025-08-19 21:00:00,2025-08-22 21:00:00,78600.0,78890.0,28.0,0.36895674300254644,0.01317702653580523,421546.0,,7806.407407407408,,143546.0,0.0,5126.642857142857,0.0,1.5227133281833518,,2.9366614186393214,,46.2962962962963,25.925925925925924,27.77777777777778,True,False,2025-08-29 09:00:00,79120.0,2025-08-27 21:00:00,78760.0,1,1,2025-08-29 09:00:00,79120.0,2025-08-26 22:00:00,79400.0,2,2,1.2680555581714619,189.7161896228828,4.0
CU:15m:1:1:4915:4931:1,CU,4h,637,2025-09-01 15:00:00,470.0,1,1,BOS,1,79470.0,187.0,CHoCH,1,79290.0,21.0,6,2,1,1,current_internal_high,internal,0.0,15.0,79830.0,79830.0,79830.0,0.2889447236180904,active_bull_internal_ob,internal,1.0,21.0,78480.0,78800.0,78640.0,1.0050251256281406,79730.0,79980.0,79710.0,79780.0,26088.0,180640.0,1,1,0,1,1,0,active_bear_internal_ob,79830.0,15.0,above,0.2889447236180904,79290.0,False,,78660.0,6.0,below,1.1809045226130652,78480.0,False,,80130.0,65.0,above,0.6658291457286432,80990.0,False,,77950.0,38.0,below,2.0728643216080402,77700.0,False,,1,1,0.0001135805832284041,56,UP_CONFIRMED,0.008322046339562558,0.003236141725007229,0.003920208014829369,0.902745603814934,0.0001135805832284041,0.006360512660790629,0.0018599638824625675,0.001869031456893655,0.003533536957373684,79121.54682089861,0.8322046339562559,0.11293763332915763,0.807369740917934,,9,1,582,637,2025-08-12 21:00:00,2025-09-01 13:30:00,79460.0,79780.0,56,0.4027183488547692,0.007191399086692307,8.0,-1.0,486.0,581.0,2025-07-09 21:00:00,2025-08-12 13:30:00,78310.0,79020.0,96.0,0.9066530455880573,0.00944430255820893,792656.0,,14154.57142857143,,1673890.0,0.0,17436.354166666668,0.0,0.81178503793132,,0.4735412721266033,,23.214285714285715,37.5,39.285714285714285,False,False,2025-08-29 00:00:00,78990.0,2025-08-27 21:00:00,78770.0,3,3,2025-08-29 09:00:00,79190.0,2025-08-27 13:30:00,79190.0,5,5,1.2113832915709561,244.39658440536607,
CU:15m:1:1:4915:4931:2,CU,5m,14912,2025-09-02 14:30:00,0.0,1,-1,BOS,1,79980.0,13.0,CHoCH,-1,79830.0,5.0,35,9,18,3,current_internal_low,internal,0.0,23.0,79830.0,79830.0,79830.0,0.32675631519416865,active_bull_internal_ob,internal,1.0,118.0,79510.0,79560.0,79535.0,0.012567550584391103,79680.0,79700.0,79550.0,79570.0,2721.0,180131.0,0,0,0,0,0,0,,80020.0,18.0,above,0.5655397762975997,79960.0,False,,79830.0,23.0,above,0.32675631519416865,79620.0,True,5.0,79980.0,40.0,above,0.5152695739600353,79730.0,True,13.0,79560.0,15.0,below,0.012567550584391103,79470.0,False,,0,0,0.0,-1,UP_BROKEN,-0.0049203182490534705,-0.0049203182490534705,0.0,0.5,0.0,0.0,,,,79963.44560064605,-0.492031824905347,-0.13805220883533753,2.736438111935238,,220,-1,14912,14912,2025-09-02 14:25:00,2025-09-02 14:25:00,79570.0,79570.0,1,0.0,0.0,219.0,1.0,14878.0,14911.0,2025-09-02 09:20:00,2025-09-02 14:20:00,79770.0,79680.0,34.0,-0.11282437006393531,-0.003318363825409862,2721.0,,2721.0,,32980.0,0.0,970.0,0.0,2.8051546391752575,,0.08250454821103699,,0.0,0.0,100.0,True,True,,,,,0,0,,,,,0,0,0.0,73.16556455246685,
CU:15m:1:1:4915:4931:2,CU,15m,4970,2025-09-02 14:30:00,0.0,1,1,BOS,1,79830.0,33.0,BOS,1,79730.0,39.0,19,6,8,1,current_swing_high,swing,0.0,134.0,79830.0,79830.0,79830.0,0.32675631519416865,active_bull_internal_ob,internal,1.0,39.0,79470.0,79560.0,79515.0,0.012567550584391103,79850.0,79860.0,79550.0,79570.0,5822.0,180131.0,0,0,0,0,0,0,,80020.0,2.0,above,0.5655397762975997,79980.0,False,,79560.0,16.0,below,0.012567550584391103,79470.0,False,,79830.0,134.0,above,0.32675631519416865,79290.0,True,33.0,78660.0,71.0,below,1.1436471031795903,78480.0,False,,1,1,0.00022459030443930305,70,UP_CONFIRMED,-0.005235909455601127,0.00484289752748251,0.0030810462129011633,0.0005354062669044035,0.00022459030443930305,0.015721321310751213,-0.000312922511794711,0.006545390020904485,0.007142339570645584,79988.81418855216,-0.5235909455601127,-0.35065748278021447,2.395109572962793,,65,1,4901,4970,2025-08-29 10:30:00,2025-09-02 14:15:00,79160.0,79570.0,70,0.5179383527033954,0.00739911932433422,64.0,-1.0,4817.0,4900.0,2025-08-26 14:45:00,2025-08-29 10:00:00,79190.0,79160.0,84.0,-0.037883571157970586,-0.0004509948947377451,177572.0,,2536.7428571428572,,165375.0,0.0,1968.75,0.0,1.2885043083900227,,1.0737535903250188,,48.57142857142857,37.142857142857146,14.285714285714285,True,True,,,2025-09-02 10:30:00,79920.0,0,1,2025-09-02 09:00:00,79760.0,2025-09-02 14:15:00,79570.0,4,5,0.6361989274843872,109.87575077993603,
CU:15m:1:1:4915:4931:2,CU,1h,1445,2025-09-02 14:00:00,30.0,1,1,CHoCH,1,79510.0,53.0,CHoCH,1,79580.0,18.0,13,2,3,2,current_internal_high,internal,0.0,3.0,79980.0,79980.0,79980.0,0.5152695739600353,current_internal_low,internal,0.0,1.0,79560.0,79560.0,79560.0,0.012567550584391103,79870.0,79960.0,79830.0,79850.0,5049.0,181631.0,0,0,0,0,0,0,,79980.0,3.0,above,0.5152695739600353,79580.0,False,,79560.0,1.0,below,0.012567550584391103,78660.0,False,,79510.0,80.0,below,0.07540530350634661,80130.0,True,53.0,78480.0,28.0,below,1.36986301369863,77950.0,False,,1,1,0.0001604510713124764,61,UP_CONFIRMED,0.00542125437012851,0.0033061449843570937,0.0037348916319961405,0.7144087325413631,0.0001604510713124764,0.00978751535006106,0.0009749278072590517,0.002210112581316981,0.0045067164017884576,79419.44697600813,0.542125437012851,-0.11258443832874443,-0.6262229286868003,,21,1,1385,1445,2025-08-22 22:00:00,2025-09-02 13:30:00,79190.0,79850.0,61,0.8334385654754417,0.013662927302876094,20.0,-1.0,1357.0,1384.0,2025-08-19 21:00:00,2025-08-22 21:00:00,78600.0,78890.0,28.0,0.36895674300254644,0.01317702653580523,458967.0,,7524.049180327869,,143546.0,0.0,5126.642857142857,0.0,1.467636695200008,,3.1973513716857314,,44.26229508196721,31.147540983606557,24.59016393442623,False,False,2025-08-29 09:00:00,79120.0,2025-08-27 21:00:00,78760.0,1,1,2025-09-02 09:00:00,79890.0,2025-09-01 22:00:00,79650.0,3,3,1.1296817440456017,173.90277937944927,2.0
CU:15m:1:1:4915:4931:2,CU,4h,640,2025-09-02 11:30:00,180.0,1,1,BOS,1,79470.0,190.0,BOS,1,79830.0,0.0,7,2,1,1,current_internal_high,internal,0.0,18.0,79830.0,79830.0,79830.0,0.32675631519416865,active_bull_internal_ob,internal,1.0,0.0,78660.0,78880.0,78770.0,0.8671609903229861,79710.0,80020.0,79630.0,79940.0,25823.0,181566.0,1,1,0,1,1,0,active_bear_internal_ob,79830.0,18.0,above,0.32675631519416865,79290.0,True,0.0,78660.0,9.0,below,1.1436471031795903,78480.0,False,,80130.0,68.0,above,0.7037828327259017,80990.0,False,,77950.0,41.0,below,2.0359431946713586,77700.0,False,,1,1,0.00012089064214276331,59,UP_CONFIRMED,0.009569754282717172,0.0034518847036620498,0.003945508742009682,0.9395001115377106,0.00012089064214276331,0.007132547886423035,0.0018082208257834687,0.0027292712507289707,0.0032950334695107664,79182.24536827182,0.9569754282717172,0.35149384885764245,0.8052167684800887,,9,1,582,640,2025-08-12 21:00:00,2025-09-02 09:00:00,79460.0,79940.0,59,0.6040775232821538,0.01023860208952803,8.0,-1.0,486.0,581.0,2025-07-09 21:00:00,2025-08-12 13:30:00,78310.0,79020.0,96.0,0.9066530455880573,0.00944430255820893,835334.0,,14158.203389830509,,1673890.0,0.0,17436.354166666668,0.0,0.8119933361354263,,0.4990375711665641,,27.11864406779661,35.59322033898305,37.28813559322034,False,False,2025-08-29 00:00:00,78990.0,2025-08-27 21:00:00,78770.0,3,3,2025-08-29 09:00:00,79190.0,2025-08-27 13:30:00,79190.0,5,5,1.1430013110878108,242.24828569190575,
CU:15m:1:1:4915:4931:3,CU,5m,14919,2025-09-02 21:05:00,0.0,1,-1,BOS,1,79980.0,20.0,CHoCH,-1,79830.0,12.0,34,9,18,3,active_bear_swing_ob,swing,-1.0,2604.0,79920.0,80020.0,79970.0,0.38939831679437253,current_swing_low,swing,0.0,22.0,79560.0,79560.0,79560.0,0.06280618012812461,79500.0,79620.0,79500.0,79610.0,3793.0,179899.0,0,0,0,0,0,0,,80020.0,25.0,above,0.5150106770506218,79960.0,False,,79540.0,1.0,below,0.08792865217937444,79830.0,False,,79980.0,47.0,above,0.4647657329481221,79730.0,True,20.0,79560.0,22.0,below,0.06280618012812461,79470.0,False,,0,0,-0.0007203823713897439,-8,NONE,0.0013507537651044428,-0.0031300634244923013,0.0017572440299164914,0.9946124904005308,-0.0007203823713897439,-0.005763058971117951,-0.00557168933049057,,,79502.61154811575,0.13507537651044427,-0.06276675872457504,2.960619871130066,,220,-1,14912,14919,2025-09-02 14:25:00,2025-09-02 21:00:00,79570.0,79610.0,8,0.05027020233756563,0.0062837752921957035,219.0,1.0,14878.0,14911.0,2025-09-02 09:20:00,2025-09-02 14:20:00,79770.0,79680.0,34.0,-0.11282437006393531,-0.003318363825409862,12643.0,,1580.375,,32980.0,0.0,970.0,0.0,1.6292525773195876,,0.3833535476046089,,0.0,50.0,50.0,True,True,2025-09-02 21:00:00,79610.0,,,1,0,2025-09-02 14:45:00,79680.0,2025-09-02 14:50:00,79640.0,1,1,0.5614084418118517,79.312268674183,
CU:15m:1:1:4915:4931:3,CU,15m,4972,2025-09-02 15:00:00,365.0,1,1,BOS,1,79830.0,35.0,BOS,1,79730.0,41.0,19,6,8,1,current_swing_high,swing,0.0,136.0,79830.0,79830.0,79830.0,0.2763471925637483,active_bull_internal_ob,internal,1.0,41.0,79470.0,79560.0,79515.0,0.06280618012812461,79660.0,79700.0,79630.0,79660.0,2823.0,180065.0,0,0,0,0,0,0,,80020.0,4.0,above,0.5150106770506218,79980.0,False,,79560.0,18.0,below,0.06280618012812461,79470.0,False,,79830.0,136.0,above,0.2763471925637483,79290.0,True,35.0,78660.0,73.0,below,1.1933174224343674,78480.0,False,,1,1,0.00021546669634784417,72,UP_CONFIRMED,-0.003907047041209866,0.004598620202991769,0.0033641802676740136,0.005730768543418696,0.00021546669634784417,0.01551360213704478,-0.00046001515998317366,0.005899506630109075,0.006915465254174746,79972.456148172,-0.39070470412098657,0.0,0.3388724662170506,,65,1,4901,4972,2025-08-29 10:30:00,2025-09-02 14:45:00,79160.0,79660.0,72,0.6316321374431499,0.008772668575599305,64.0,-1.0,4817.0,4900.0,2025-08-26 14:45:00,2025-08-29 10:00:00,79190.0,79160.0,84.0,-0.037883571157970586,-0.0004509948947377451,183701.0,,2551.402777777778,,165375.0,0.0,1968.75,0.0,1.2959506172839506,,1.110814814814815,,47.22222222222222,38.88888888888889,13.88888888888889,True,True,,,2025-09-02 10:30:00,79920.0,0,1,2025-09-02 09:00:00,79760.0,2025-09-02 14:15:00,79570.0,4,5,0.7315629730599075,109.68878511127137,
CU:15m:1:1:4915:4931:3,CU,1h,1446,2025-09-02 15:00:00,365.0,1,1,CHoCH,1,79510.0,54.0,CHoCH,1,79580.0,19.0,13,2,3,2,current_internal_high,internal,0.0,4.0,79980.0,79980.0,79980.0,0.4647657329481221,current_internal_low,internal,0.0,2.0,79560.0,79560.0,79560.0,0.06280618012812461,79860.0,79880.0,79540.0,79660.0,13950.0,180065.0,0,0,0,0,0,0,,79980.0,4.0,above,0.4647657329481221,79580.0,False,,79560.0,2.0,below,0.06280618012812461,78660.0,False,,79510.0,81.0,below,0.12561236025624922,80130.0,True,54.0,78480.0,29.0,below,1.4194196708956162,77950.0,False,,1,1,0.00016152733056576832,62,UP_CONFIRMED,0.0028032853611641103,0.0032980343452733356,0.0037051906375484764,0.4468876666352558,0.00016152733056576832,0.010014694495077636,0.001177149441016656,0.001949867086164403,0.004700626056463042,79437.31453902257,0.280328536116411,-0.23794614902943323,0.9893862495257489,,21,1,1385,1446,2025-08-22 22:00:00,2025-09-02 14:00:00,79190.0,79660.0,62,0.5935092814749243,0.009572730346369747,20.0,-1.0,1357.0,1384.0,2025-08-19 21:00:00,2025-08-22 21:00:00,78600.0,78890.0,28.0,0.36895674300254644,0.01317702653580523,472917.0,,7627.693548387097,,143546.0,0.0,5126.642857142857,0.0,1.4878535058785247,,3.294532763016733,,43.54838709677419,32.25806451612903,24.193548387096776,True,False,2025-08-29 09:00:00,79120.0,2025-08-27 21:00:00,78760.0,1,1,2025-09-02 09:00:00,79890.0,2025-09-02 14:00:00,79660.0,3,4,1.123454230505109,185.76686656663145,4.0
CU:15m:1:1:4915:4931:3,CU,4h,641,2025-09-02 15:00:00,365.0,1,1,BOS,1,79470.0,191.0,BOS,1,79830.0,1.0,7,2,1,1,current_internal_high,internal,0.0,19.0,79830.0,79830.0,79830.0,0.2763471925637483,active_bull_internal_ob,internal,1.0,1.0,78660.0,78880.0,78770.0,0.9169702298706194,79870.0,79960.0,79540.0,79660.0,18999.0,180065.0,1,1,0,1,1,0,active_bear_internal_ob,79830.0,19.0,above,0.2763471925637483,79290.0,True,1.0,78660.0,10.0,below,1.1933174224343674,78480.0,False,,80130.0,69.0,above,0.653184273332496,80990.0,False,,77950.0,42.0,below,2.0851651802537368,77700.0,False,,1,1,0.00012357327376520954,60,UP_CONFIRMED,0.0057521458024952146,0.0034902223886426028,0.003923557758804797,0.7178607076852085,0.00012357327376520954,0.007414396425912573,0.0015793152230858531,0.0030094730077545595,0.0033761127020406345,79204.40471587445,0.5752145802495214,-0.3502626970227629,0.17801563356662284,,9,1,582,641,2025-08-12 21:00:00,2025-09-02 13:30:00,79460.0,79660.0,60,0.25169896803423075,0.0041949828005705125,8.0,-1.0,486.0,581.0,2025-07-09 21:00:00,2025-08-12 13:30:00,78310.0,79020.0,96.0,0.9066530455880573,0.00944430255820893,854333.0,,14238.883333333333,,1673890.0,0.0,17436.354166666668,0.0,0.8166204469827766,,0.5103877793642354,,28.333333333333332,35.0,36.666666666666664,True,False,2025-08-29 00:00:00,78990.0,2025-08-27 21:00:00,78770.0,3,3,2025-08-29 09:00:00,79190.0,2025-08-27 13:30:00,79190.0,5,5,1.1241569510218874,254.94483671391248,
CU:15m:1:1:4915:4931:4,CU,5m,15088,2025-09-04 13:40:00,0.0,-1,-1,CHoCH,-1,79910.0,15.0,BOS,-1,80090.0,23.0,34,8,18,3,current_swing_low,swing,0.0,41.0,79910.0,79910.0,79910.0,0.41467705453631565,active_bull_swing_ob,swing,1.0,293.0,79470.0,79550.0,79510.0,0.03769791404875597,79650.0,79660.0,79550.0,79580.0,2028.0,184754.0,0,0,0,0,0,0,,80330.0,31.0,above,0.9424478512188993,80430.0,False,,80090.0,48.0,above,0.6408645388288514,80250.0,True,23.0,80430.0,9.0,above,1.0681075647147524,80700.0,False,,79910.0,41.0,above,0.41467705453631565,79500.0,True,15.0,0,0,-0.00017819852183631913,-25,NONE,-0.004589420608821315,-0.0029485547177777773,0.0007167851455656096,0.011033813188069952,-0.00017819852183631913,-0.004454963045907978,-0.0010056407710843374,-0.00202673273892906,-0.004060156116902136,79946.90999634883,-0.45894206088213146,-0.07533902561527306,0.6787211236974806,,224,-1,15064,15088,2025-09-04 09:20:00,2025-09-04 13:35:00,80090.0,79580.0,25,-0.6367836184292708,-0.02547134473717083,223.0,1.0,15029.0,15063.0,2025-09-03 22:25:00,2025-09-04 09:15:00,80380.0,80130.0,35.0,-0.3110226424483664,-0.00888636121281047,33585.0,,1343.4,,15264.0,0.0,436.1142857142857,0.0,3.0803852201257866,,2.2002751572327046,,0.0,8.0,92.0,True,True,,,,,0,0,2025-09-04 11:20:00,79800.0,2025-09-04 11:25:00,79760.0,1,1,0.2430971150862093,85.33906577946509,
CU:15m:1:1:4915:4931:4,CU,15m,5028,2025-09-04 11:30:00,130.0,1,-1,BOS,1,79830.0,91.0,CHoCH,-1,80090.0,7.0,20,4,8,1,current_swing_high,swing,0.0,192.0,79830.0,79830.0,79830.0,0.3141492837396331,active_bull_internal_ob,internal,1.0,97.0,79470.0,79560.0,79515.0,0.025131942699170642,79670.0,79820.0,79650.0,79760.0,3200.0,185463.0,1,1,1,0,1,0,active_bull_internal_ob,80330.0,6.0,above,0.9424478512188993,80430.0,False,,80090.0,12.0,above,0.6408645388288514,79910.0,True,7.0,79830.0,192.0,above,0.3141492837396331,79290.0,True,91.0,78660.0,129.0,below,1.1560693641618496,78480.0,False,,0,0,-9.692248060494402e-05,-2,NONE,-0.008551820275151523,-0.009331453004295734,0.0007796327291442109,0.8413447460685429,-9.692248060494402e-05,-0.00019384496120988803,,,,80447.97663770524,-0.8551820275151523,0.13810420590081307,0.5661865314744637,,68,-1,5027,5028,2025-09-04 11:00:00,2025-09-04 11:15:00,79650.0,79760.0,2,0.13810420590081307,0.06905210295040654,67.0,1.0,4980.0,5026.0,2025-09-02 22:45:00,2025-09-04 10:45:00,80220.0,79880.0,47.0,-0.4238344552480733,-0.009017754366980282,9273.0,,4636.5,,131273.0,0.0,2793.0425531914893,0.0,1.660017673093477,,0.07063904991887136,,0.0,0.0,100.0,True,True,,,,,0,0,,,,,0,0,0.08354891020565683,134.04786027268028,
CU:15m:1:1:4915:4931:4,CU,1h,1462,2025-09-04 11:30:00,130.0,1,-1,CHoCH,1,79510.0,70.0,CHoCH,-1,79910.0,1.0,14,3,3,2,current_internal_low,internal,0.0,3.0,79910.0,79910.0,79910.0,0.41467705453631565,current_swing_high,swing,0.0,97.0,79510.0,79510.0,79510.0,0.08796179944709727,79890.0,79910.0,79650.0,79760.0,9273.0,185463.0,1,1,1,0,1,0,active_bull_internal_ob,80430.0,0.0,above,1.0681075647147524,80700.0,False,,79910.0,3.0,above,0.41467705453631565,79560.0,True,1.0,79510.0,97.0,below,0.08796179944709727,80130.0,True,70.0,78480.0,45.0,below,1.3822568484543856,77950.0,False,,1,1,0.0001844266545230636,78,UP_CONFIRMED,-0.00026396663851771155,0.003857161601439196,0.0037356787691265442,0.13497437833532916,0.0001844266545230636,0.01438527905279896,0.0004085777249465128,0.0015968732665931906,0.005167743310933615,79781.05953810365,-0.026396663851771154,-0.1502253380070151,-0.060923396253185394,,21,1,1385,1462,2025-08-22 22:00:00,2025-09-04 11:00:00,79190.0,79760.0,78,0.7197878520015077,0.009228049384634715,20.0,-1.0,1357.0,1384.0,2025-08-19 21:00:00,2025-08-22 21:00:00,78600.0,78890.0,28.0,0.36895674300254644,0.01317702653580523,631145.0,,8091.602564102564,,143546.0,0.0,5126.642857142857,0.0,1.578343331021915,,4.39681356498962,,42.30769230769231,38.46153846153847,19.230769230769234,True,True,2025-08-29 09:00:00,79120.0,2025-09-04 11:00:00,79760.0,1,2,2025-09-03 14:00:00,80110.0,2025-09-04 09:00:00,80060.0,5,6,0.9685046039379517,231.82962377613586,2.0
CU:15m:1:1:4915:4931:4,CU,4h,648,2025-09-04 11:30:00,130.0,1,1,BOS,1,80130.0,6.0,BOS,1,79830.0,8.0,7,1,2,1,current_internal_high,internal,0.0,26.0,79830.0,79830.0,79830.0,0.3141492837396331,active_bull_internal_ob,internal,1.0,8.0,78660.0,78880.0,78770.0,0.8796179944709727,80160.0,80230.0,79650.0,79760.0,32721.0,185463.0,0,0,0,0,0,0,,79830.0,26.0,above,0.3141492837396331,79290.0,True,8.0,78660.0,17.0,below,1.1560693641618496,78480.0,False,,80130.0,76.0,above,0.6911284242271928,80990.0,True,6.0,77950.0,49.0,below,2.0482533299824075,77700.0,False,,1,1,0.00015987191047451052,67,UP_CONFIRMED,0.003729739256161585,0.004180783556140458,0.004346733287390824,0.45867741727889416,0.00015987191047451052,0.010711418001792206,0.0023824393596314497,0.004087476805393564,0.006242483780275032,79463.62141178371,0.3729739256161585,-0.6229753301769225,1.1469627668331794,,9,1,582,648,2025-08-12 21:00:00,2025-09-04 09:00:00,79460.0,79760.0,67,0.37754845205135723,0.005635051523154586,8.0,-1.0,486.0,581.0,2025-07-09 21:00:00,2025-08-12 13:30:00,78310.0,79020.0,96.0,0.9066530455880573,0.00944430255820893,1012561.0,,15112.850746268658,,1673890.0,0.0,17436.354166666668,0.0,0.8667437356348332,,0.6049148988284774,,34.32835820895522,32.83582089552239,32.83582089552239,True,False,2025-08-29 00:00:00,78990.0,2025-08-27 21:00:00,78770.0,3,3,2025-08-29 09:00:00,79190.0,2025-09-04 09:00:00,79760.0,5,6,1.0396934519622836,326.31585314349445,
CU:15m:1:1:4915:4931:5,CU,5m,15216,2025-09-05 22:35:00,0.0,-1,1,CHoCH,-1,79620.0,1.0,CHoCH,1,79860.0,45.0,34,7,18,4,current_internal_low,internal,0.0,62.0,79620.0,79620.0,79620.0,0.1383473776883411,active_bull_internal_ob,internal,1.0,481.0,79310.0,79380.0,79345.0,0.16350144635894856,79600.0,79630.0,79480.0,79510.0,5134.0,183639.0,1,1,1,0,0,1,active_bull_swing_ob,80280.0,19.0,above,0.9684316438183876,79860.0,False,,79620.0,62.0,above,0.1383473776883411,79680.0,False,,79880.0,54.0,above,0.4653502704062383,80430.0,True,44.0,79620.0,17.0,above,0.1383473776883411,79550.0,True,1.0,0,0,-0.00028640361214721244,-4,NONE,-0.00911291930240475,-0.008019877299919053,0.0008470419817299809,0.09845200806477894,-0.00028640361214721244,-0.0011456144485888498,,,,80241.23187076382,-0.911291930240475,-0.11306532663316604,2.1997674161944403,,226,-1,15213,15216,2025-09-05 22:15:00,2025-09-05 22:30:00,79780.0,79510.0,4,-0.3384306843820517,-0.08460767109551293,225.0,1.0,15168.0,15212.0,2025-09-05 10:30:00,2025-09-05 22:10:00,79850.0,79940.0,45.0,0.11271133375079234,0.002504696305573163,14311.0,,3577.75,,50901.0,0.0,1131.1333333333334,0.0,3.1629781340248715,,0.28115361191332194,,0.0,0.0,100.0,True,True,,,,,0,0,,,,,0,0,0.10561782307299519,106.59061102677238,
CU:15m:1:1:4915:4931:5,CU,15m,5071,2025-09-05 22:30:00,5.0,1,-1,BOS,1,79830.0,134.0,CHoCH,-1,79620.0,0.0,20,4,8,1,active_bull_internal_ob,internal,1.0,91.0,79540.0,79690.0,79615.0,0.037731103005911204,active_bull_internal_ob,internal,1.0,175.0,78920.0,78990.0,78955.0,0.6540057854357942,79950.0,79950.0,79580.0,79600.0,9177.0,184487.0,1,1,1,0,1,0,active_bull_internal_ob,80400.0,0.0,above,1.1193560558420323,79860.0,False,,79620.0,17.0,above,0.1383473776883411,79680.0,True,0.0,80700.0,32.0,above,1.4966670859011444,79830.0,False,,78660.0,172.0,below,1.0690479185008175,78480.0,False,,0,0,-0.00010908200841880378,6,NONE,-0.009224887016403014,-0.005528348796031796,0.002038105854757145,0.0348609939412729,-0.00010908200841880378,-0.0006544920505128227,-0.0006544920505128227,,,80341.13792008201,-0.9224887016403014,-0.42531898924192957,2.9029707844610817,,69,1,5066,5071,2025-09-05 21:00:00,2025-09-05 22:15:00,80210.0,79600.0,6,-0.7605036778456586,-0.12675061297427645,68.0,-1.0,5027.0,5065.0,2025-09-04 11:00:00,2025-09-05 14:45:00,79650.0,80140.0,39.0,0.6151914626491006,0.015774140067925657,30218.0,,5036.333333333333,,82602.0,0.0,2118.0,0.0,2.3778722064841045,,0.36582649330524686,,16.666666666666664,33.33333333333333,50.0,True,True,,,2025-09-05 21:00:00,80210.0,0,1,,,2025-09-05 21:15:00,80000.0,0,1,0.36866448372795885,150.590485553707,
CU:15m:1:1:4915:4931:5,CU,1h,1474,2025-09-05 22:00:00,35.0,1,-1,CHoCH,1,79510.0,82.0,CHoCH,-1,79910.0,13.0,14,3,3,2,current_internal_low,internal,0.0,6.0,79550.0,79550.0,79550.0,0.05030813734121495,active_bull_internal_ob,internal,1.0,47.0,78660.0,78820.0,78740.0,0.8678153691359578,80290.0,80400.0,79850.0,79890.0,19476.0,185442.0,2,1,1,0,1,1,active_bull_internal_ob|current_swing_high,80430.0,12.0,above,1.1570871588479437,80700.0,False,,79550.0,6.0,above,0.05030813734121495,79910.0,False,,79510.0,109.0,overlap,0.0,80130.0,True,82.0,78480.0,57.0,below,1.2954345365362847,77950.0,False,,1,1,0.000167435051605189,90,UP_CONFIRMED,0.0006908496765976189,0.0034843700463109946,0.0036824668944506213,0.22404585643462038,0.000167435051605189,0.015069154644467009,0.0007650208454397234,0.0007441138041002215,0.0019017611184319883,79834.84612237514,0.06908496765976188,-0.3119540803593668,2.6028013327106465,,21,1,1385,1474,2025-08-22 22:00:00,2025-09-05 21:00:00,79190.0,79890.0,90,0.8839499936860618,0.009821666596511798,20.0,-1.0,1357.0,1384.0,2025-08-19 21:00:00,2025-08-22 21:00:00,78600.0,78890.0,28.0,0.36895674300254644,0.01317702653580523,723950.0,,8043.888888888889,,143546.0,0.0,5126.642857142857,0.0,1.569036329043574,,5.04333105764006,,36.666666666666664,37.77777777777778,25.555555555555554,True,False,2025-09-05 09:00:00,79820.0,2025-09-04 23:00:00,79700.0,3,3,2025-09-05 11:00:00,80070.0,2025-09-05 21:00:00,79890.0,6,7,1.0568529879165267,230.18397081369244,4.0
CU:15m:1:1:4915:4931:5,CU,4h,653,2025-09-05 15:00:00,455.0,1,1,BOS,1,80130.0,11.0,BOS,1,79830.0,13.0,7,1,2,1,current_swing_high,swing,0.0,81.0,80130.0,80130.0,80130.0,0.7797761287888316,active_bull_internal_ob,internal,1.0,13.0,78660.0,78880.0,78770.0,0.7923531631241354,80080.0,80280.0,80060.0,80140.0,19948.0,187152.0,0,0,0,0,0,0,,80700.0,4.0,above,1.4966670859011444,79830.0,False,,78660.0,22.0,below,1.0690479185008175,78480.0,False,,80130.0,81.0,above,0.7797761287888316,80990.0,True,11.0,77950.0,54.0,below,1.9620173563073828,77700.0,False,,1,1,0.0001597208422587093,72,UP_CONFIRMED,0.007725648341819558,0.0042174385976985335,0.00423907079016951,0.7960484427652813,0.0001597208422587093,0.01149990064262707,0.0007801263810729431,0.0031644243445001496,0.006557609649225915,79525.61307918263,0.7725648341819558,0.08742350443362579,0.12266771908950763,,9,1,582,653,2025-08-12 21:00:00,2025-09-05 13:30:00,79460.0,80140.0,72,0.8557764913163846,0.011885784601616453,8.0,-1.0,486.0,581.0,2025-07-09 21:00:00,2025-08-12 13:30:00,78310.0,79020.0,96.0,0.9066530455880573,0.00944430255820893,1085890.0,,15081.805555555555,,1673890.0,0.0,17436.354166666668,0.0,0.8649632492776307,,0.6487224369582231,,31.944444444444443,37.5,30.555555555555557,False,False,2025-08-29 00:00:00,78990.0,2025-08-27 21:00:00,78770.0,3,3,2025-09-05 09:00:00,80070.0,2025-09-04 09:00:00,79760.0,6,6,1.0051292252322965,303.9160432803437,
