candidate_id,symbol,context_tf,bar_index,bar_end,lag_minutes,swing_bias,internal_bias,last_swing_structure_type,last_swing_structure_bias,last_swing_structure_level,last_swing_structure_age,last_internal_structure_type,last_internal_structure_bias,last_internal_structure_level,last_internal_structure_age,active_bull_internal_ob_count,active_bear_internal_ob_count,active_bull_swing_ob_count,active_bear_swing_ob_count,nearest_above_type,nearest_above_structure_class,nearest_above_bias,nearest_above_age_bars,nearest_above_zone_low,nearest_above_zone_high,nearest_above_object_price_center,nearest_above_distance_pct,nearest_below_type,nearest_below_structure_class,nearest_below_bias,nearest_below_age_bars,nearest_below_zone_low,nearest_below_zone_high,nearest_below_object_price_center,nearest_below_distance_pct,open,high,low,close,volume,close_oi,overlap_object_count,overlap_active_ob_count,overlap_bull_ob_count,overlap_bear_ob_count,overlap_internal_count,overlap_swing_count,overlap_types,current_internal_high_level,current_internal_high_age,current_internal_high_relation,current_internal_high_distance_pct,current_internal_high_last_level,current_internal_high_crossed,current_internal_high_crossed_age,current_internal_low_level,current_internal_low_age,current_internal_low_relation,current_internal_low_distance_pct,current_internal_low_last_level,current_internal_low_crossed,current_internal_low_crossed_age,current_swing_high_level,current_swing_high_age,current_swing_high_relation,current_swing_high_distance_pct,current_swing_high_last_level,current_swing_high_crossed,current_swing_high_crossed_age,current_swing_low_level,current_swing_low_age,current_swing_low_relation,current_swing_low_distance_pct,current_swing_low_last_level,current_swing_low_crossed,current_swing_low_crossed_age,dsa_direction,dsa_raw_regime_value,dsa_raw_regime_strength,dsa_raw_dsa_dir_bars,dsa_raw_trend_transition,dsa_raw_offset_rate,dsa_raw_offset_mean,dsa_raw_offset_std,dsa_raw_offset_percentile,dsa_raw_vwap_ret_avg,dsa_raw_vwap_ret_total,dsa_raw_vwap_ret_5,dsa_raw_vwap_ret_10,dsa_raw_vwap_ret_20,dsa_raw_dsa_vwap,dsa_raw_dsa_vwap_dev_pct,dsa_raw_change_pct,dsa_raw_vol_zscore,dsa_raw_avg_amount_20d,dsa_raw_segment_id,dsa_raw_segment_direction,dsa_raw_segment_start_bar_index,dsa_raw_segment_end_bar_index,dsa_raw_segment_start_time,dsa_raw_segment_end_time,dsa_raw_segment_start_price,dsa_raw_segment_end_price,dsa_raw_segment_bars,dsa_raw_segment_change_pct,dsa_raw_segment_slope,dsa_raw_prev_segment_id,dsa_raw_prev_segment_direction,dsa_raw_prev_segment_start_bar_index,dsa_raw_prev_segment_end_bar_index,dsa_raw_prev_segment_start_time,dsa_raw_prev_segment_end_time,dsa_raw_prev_segment_start_price,dsa_raw_prev_segment_end_price,dsa_raw_prev_segment_bars,dsa_raw_prev_segment_change_pct,dsa_raw_prev_segment_slope,dsa_raw_current_segment_volume_sum,dsa_raw_current_segment_amount_sum,dsa_raw_current_segment_volume_mean,dsa_raw_current_segment_amount_mean,dsa_raw_prev_segment_volume_sum,dsa_raw_prev_segment_amount_sum,dsa_raw_prev_segment_volume_mean,dsa_raw_prev_segment_amount_mean,dsa_raw_current_vs_prev_volume_mean_ratio,dsa_raw_current_vs_prev_amount_mean_ratio,dsa_raw_current_vs_prev_volume_ratio,dsa_raw_current_vs_prev_amount_ratio,dsa_raw_rope_dir1_pct,dsa_raw_rope_dir0_pct,dsa_raw_rope_dir_neg1_pct,dsa_raw_touch_rope,dsa_raw_touch_vwap,dsa_raw_last_cross_up_date,dsa_raw_last_cross_up_price,dsa_raw_last_cross_down_date,dsa_raw_last_cross_down_price,dsa_raw_cross_up_count,dsa_raw_cross_down_count,dsa_raw_rope_cross_up_date,dsa_raw_rope_cross_up_price,dsa_raw_rope_cross_down_date,dsa_raw_rope_cross_down_price,dsa_raw_rope_cross_up_count,dsa_raw_rope_cross_down_count,dsa_raw_offset_variance_rate,atr14,component_15m_count
CU:5m:0:1:27664:27705:1,CU,5m,27747,2026-04-07 21:05:00,0.0,1,-1,BOS,1,96680.0,42.0,BOS,-1,96410.0,0.0,70,24,32,7,current_internal_low,internal,0.0,13.0,96410.0,96410.0,96410.0,0.24955807424352708,current_swing_low,swing,0.0,33.0,96030.0,96030.0,96030.0,0.14557554330872413,96040.0,96250.0,96040.0,96170.0,4408.0,176607.0,1,1,1,0,0,1,active_bull_swing_ob,96680.0,14.0,above,0.5303109077674951,96870.0,False,,96410.0,13.0,above,0.24955807424352708,96360.0,True,0.0,96680.0,68.0,above,0.5303109077674951,97250.0,True,42.0,96030.0,33.0,below,0.14557554330872413,95370.0,False,,0,0,0.0,-1,UP_TO_DOWN,-0.006112711464030326,-0.006112711464030326,0.0,0.5,0.0,0.0,,,,96761.47497737066,-0.6112711464030326,-0.4038939519469764,4.033727550706153,,376,-1,27747,27747,2026-04-07 21:00:00,2026-04-07 21:00:00,96170.0,96170.0,1,0.0,0.0,375.0,1.0,27625.0,27746.0,2026-04-02 22:20:00,2026-04-07 14:55:00,96370.0,96560.0,122.0,0.19715679153262666,0.0016160392748575956,4408.0,,4408.0,,102868.0,0.0,843.1803278688525,0.0,5.227825951705098,,0.04285103239102539,,0.0,0.0,100.0,True,True,,,,,0,0,,,,,0,0,0.0,141.45903359143162,
CU:5m:0:1:27664:27705:1,CU,15m,9248,2026-04-07 15:00:00,365.0,1,1,CHoCH,1,96550.0,93.0,CHoCH,1,96680.0,13.0,40,13,16,6,current_internal_low,internal,0.0,1.0,96360.0,96360.0,96360.0,0.1975668087761256,active_bull_internal_ob,internal,1.0,103.0,95160.0,95520.0,95340.0,0.6758864510762191,96690.0,96730.0,96530.0,96560.0,2552.0,176030.0,1,1,1,0,1,0,active_bull_internal_ob,97040.0,7.0,above,0.9046480191327857,96680.0,False,,96360.0,1.0,above,0.1975668087761256,96030.0,False,,97250.0,40.0,above,1.1230113340958718,96550.0,False,,94800.0,103.0,below,1.4245606738068006,94680.0,False,,0,0,-6.24415995997829e-05,13,NONE,-0.004089089222101805,-0.0030989641014775907,0.0010280201729989864,0.16773917920259485,-6.24415995997829e-05,-0.0008117407947971778,-0.0002979697015033089,-0.0007047317798016817,,96956.46363044436,-0.40890892221018044,-0.14477766287487315,-0.3383585655140844,,123,1,9236,9248,2026-04-07 09:30:00,2026-04-07 14:45:00,96930.0,96560.0,13,-0.3817187661198762,-0.029362982009221248,122.0,-1.0,9197.0,9235.0,2026-04-02 13:30:00,2026-04-07 09:15:00,95690.0,96870.0,39.0,1.23314870937401,0.03161919767625667,35391.0,,2722.3846153846152,,108193.0,0.0,2774.1794871794873,0.0,0.9813296608837909,,0.32710988696126364,,53.84615384615385,46.15384615384615,0.0,True,True,,,2026-04-07 09:30:00,96930.0,0,1,2026-04-07 14:15:00,96700.0,2026-04-07 14:45:00,96560.0,1,2,0.33173026189907295,206.2208017292486,
CU:5m:0:1:27664:27705:1,CU,1h,2690,2026-04-07 15:00:00,365.0,-1,1,BOS,-1,98390.0,114.0,BOS,1,96680.0,4.0,24,5,8,2,current_internal_high,internal,0.0,7.0,96680.0,96680.0,96680.0,0.5303109077674951,current_internal_low,internal,0.0,4.0,96030.0,96030.0,96030.0,0.14557554330872413,96580.0,96770.0,96530.0,96560.0,8585.0,176030.0,1,1,1,0,1,0,active_bull_internal_ob,96680.0,7.0,above,0.5303109077674951,97250.0,True,4.0,96030.0,4.0,below,0.14557554330872413,95370.0,False,,101980.0,120.0,above,6.041385047312051,104520.0,False,,91500.0,40.0,below,4.855984194655298,98390.0,False,,0,0,0.0004236825558764253,29,NONE,0.01429923289128517,0.01865725796746607,0.005835603091440329,0.22759231915235822,0.0004236825558764253,0.012286794120416333,0.0021048465804096583,0.0034585766116623784,0.007031722088283843,95198.73117201649,1.429923289128517,-0.020708221163801,-0.1524478451028524,,33,1,2662,2690,2026-04-01 00:00:00,2026-04-07 14:00:00,96760.0,96560.0,29,-0.20669698222406385,-0.007127482145657374,32.0,-1.0,2479.0,2661.0,2026-03-03 21:00:00,2026-03-31 23:00:00,100970.0,96170.0,183.0,-4.753887293255421,-0.025977526192652572,294002.0,,10138.0,,2768836.0,0.0,15130.25136612022,0.0,0.6700483524484657,,0.10618252579784429,,20.689655172413794,79.3103448275862,0.0,False,False,,,,,0,0,2026-04-07 09:00:00,96830.0,2026-04-03 14:00:00,96250.0,4,4,0.31277924664043705,407.9724963929846,4.0
CU:5m:0:1:27664:27705:1,CU,4h,1193,2026-04-07 15:00:00,365.0,-1,1,CHoCH,-1,97920.0,49.0,BOS,1,96550.0,12.0,17,3,3,1,current_internal_high,internal,0.0,6.0,97250.0,97250.0,97250.0,1.1230113340958718,active_bull_internal_ob,internal,1.0,12.0,94800.0,95790.0,95295.0,0.3951336175522512,96480.0,96770.0,96410.0,96560.0,13455.0,176030.0,0,0,0,0,0,0,,97250.0,6.0,above,1.1230113340958718,96550.0,False,,95370.0,0.0,below,0.8318602474784236,94800.0,False,,104520.0,51.0,above,8.682541333056047,114140.0,False,,97920.0,87.0,above,1.8196942913590517,84950.0,True,49.0,-1,-1,-0.001137626455628426,-153,DOWN_CONFIRMED,0.031929970349991,-0.043019795278126244,0.047777335388565614,0.941644631534631,-0.001137626455628426,-0.17405684771114915,0.0022925231954480374,0.005622334880631241,0.011878957020763137,93572.24111559679,3.1929970349991,-0.0724412708268618,-0.8224056580147296,,10,-1,1041,1193,2026-02-02 13:30:00,2026-04-07 13:30:00,98580.0,96560.0,153,-2.0490971799553614,-0.013392792025852036,9.0,1.0,582.0,1040.0,2025-08-12 21:00:00,2026-02-02 09:00:00,79460.0,100110.0,459.0,25.987918449534362,0.05661855871358249,5678426.0,,37113.8954248366,,19025759.0,0.0,41450.45533769063,0.0,0.8953796797278888,,0.2984598932426296,,22.875816993464053,43.790849673202615,33.33333333333333,False,False,2026-03-23 09:00:00,92610.0,,,1,0,2026-03-23 21:00:00,94740.0,2026-03-20 13:30:00,94740.0,9,8,1.110589557195275,698.8596224555412,
CU:5m:1:-1:27711:27716:1,CU,5m,27719,2026-04-07 10:45:00,0.0,1,-1,BOS,1,96680.0,14.0,CHoCH,-1,96730.0,3.0,73,22,32,7,active_bear_internal_ob,internal,-1.0,3.0,96830.0,97010.0,96920.0,0.01032844453625284,current_internal_low,internal,0.0,5.0,96730.0,96730.0,96730.0,0.09295600082627557,96790.0,96830.0,96790.0,96820.0,533.0,175820.0,0,0,0,0,0,0,,97010.0,3.0,above,0.19624044618880396,97040.0,False,,96730.0,5.0,below,0.09295600082627557,96200.0,True,3.0,96680.0,40.0,below,0.14459822350753976,97250.0,True,14.0,96030.0,5.0,below,0.8159471183639744,95370.0,False,,1,1,0.00016851608882019608,95,UP_CONFIRMED,-0.0018081283003723292,0.0042364356254650975,0.0033158316188680384,0.03415619749144638,0.00016851608882019608,0.016009028437918627,-0.00023886931912664444,-0.00037318115975071287,0.00931745249139837,96995.38009174926,-0.18081283003723292,0.0413308534821244,-1.0004627113189009,,375,1,27625,27719,2026-04-02 22:20:00,2026-04-07 10:40:00,96370.0,96820.0,95,0.4669502957351801,0.004915266270896633,374.0,-1.0,27516.0,27624.0,2026-04-01 21:00:00,2026-04-02 22:15:00,96350.0,96260.0,109.0,-0.09340944473275048,-0.0008569673828692705,80867.0,,851.2315789473685,,121982.0,0.0,1119.1009174311926,0.0,0.7606388000300304,,0.6629420734206686,,31.57894736842105,36.84210526315789,31.57894736842105,False,True,,,2026-04-07 09:30:00,96970.0,0,1,2026-04-07 10:35:00,96780.0,2026-04-07 10:10:00,96700.0,7,7,0.7826937340760394,129.12958585894,
CU:5m:1:-1:27711:27716:1,CU,15m,9239,2026-04-07 10:45:00,0.0,1,1,CHoCH,1,96550.0,84.0,CHoCH,1,96680.0,4.0,40,13,16,6,active_bear_internal_ob,internal,-1.0,72.0,96900.0,97150.0,97025.0,0.08262755629002272,current_internal_high,internal,0.0,25.0,96680.0,96680.0,96680.0,0.14459822350753976,96700.0,96830.0,96670.0,96820.0,2511.0,175820.0,0,0,0,0,0,0,,96680.0,25.0,below,0.14459822350753976,96970.0,True,4.0,96030.0,13.0,below,0.8159471183639744,95370.0,False,,97250.0,31.0,above,0.44412311505887214,96550.0,False,,94800.0,94.0,below,2.086345796323074,94680.0,False,,0,0,-3.8982120392522246e-05,4,NONE,-0.0020624646719053213,-0.0021435521002677077,0.0008036006542759498,0.5401871145654437,-3.8982120392522246e-05,-0.00015592848157008898,,,,97020.10052980743,-0.20624646719053213,0.12409513960702778,-0.24428971639991548,,123,1,9236,9239,2026-04-07 09:30:00,2026-04-07 10:30:00,96930.0,96820.0,4,-0.11348395749509743,-0.028370989373774358,122.0,-1.0,9197.0,9235.0,2026-04-02 13:30:00,2026-04-07 09:15:00,95690.0,96870.0,39.0,1.23314870937401,0.03161919767625667,13390.0,,3347.5,,108193.0,0.0,2774.1794871794873,0.0,1.2066630928063737,,0.12376031721091013,,100.0,0.0,0.0,False,True,,,2026-04-07 09:30:00,96930.0,0,1,,,,,0,0,0.37489205612291315,225.70913977854894,
CU:5m:1:-1:27711:27716:1,CU,1h,2686,2026-04-07 10:00:00,45.0,-1,1,BOS,-1,98390.0,110.0,BOS,1,96680.0,0.0,24,5,8,2,active_bear_internal_ob,internal,-1.0,111.0,100110.0,100530.0,100320.0,3.3980582524271843,current_internal_high,internal,0.0,3.0,96680.0,96680.0,96680.0,0.14459822350753976,96350.0,97040.0,96230.0,96830.0,20260.0,176514.0,0,0,0,0,0,0,,96680.0,3.0,below,0.14459822350753976,97250.0,True,0.0,96030.0,0.0,below,0.8159471183639744,95370.0,False,,101980.0,116.0,above,5.329477380706465,104520.0,False,,91500.0,36.0,below,5.494732493286511,98390.0,False,,0,0,0.00044377767127987686,25,NONE,0.018334881404928487,0.019154613973114073,0.0061226395691680955,0.44674656411778796,0.00044377767127987686,0.011094441781996922,0.0018416465645356705,0.0035268260043184174,0.008229374329889572,95086.598493425,1.8334881404928487,0.6025974025974046,1.6992683057343978,,33,1,2662,2686,2026-04-01 00:00:00,2026-04-07 09:00:00,96760.0,96830.0,25,0.07234394377841902,0.0028937577511367607,32.0,-1.0,2479.0,2661.0,2026-03-03 21:00:00,2026-03-31 23:00:00,100970.0,96170.0,183.0,-4.753887293255421,-0.025977526192652572,266207.0,,10648.28,,2768836.0,0.0,15130.25136612022,0.0,0.703774163583542,,0.09614401141851667,,24.0,76.0,0.0,True,False,,,,,0,0,2026-04-07 09:00:00,96830.0,2026-04-03 14:00:00,96250.0,4,4,0.319643067605643,445.1031624044288,4.0
CU:5m:1:-1:27711:27716:1,CU,4h,1191,2026-04-03 15:00:00,5505.0,-1,1,CHoCH,-1,97920.0,47.0,BOS,1,96550.0,10.0,17,3,3,1,current_internal_high,internal,0.0,4.0,97250.0,97250.0,97250.0,0.44412311505887214,active_bull_internal_ob,internal,1.0,10.0,94800.0,95790.0,95295.0,1.0638297872340425,96250.0,96560.0,96190.0,96250.0,16127.0,177358.0,0,0,0,0,0,0,,97250.0,4.0,above,0.44412311505887214,96550.0,False,,94800.0,12.0,below,2.086345796323074,94680.0,False,,104520.0,49.0,above,7.952902292914688,114140.0,False,,97920.0,85.0,above,1.1361288989878124,84950.0,True,47.0,-1,-1,-0.001159907787455057,-151,DOWN_CONFIRMED,0.029975321506143602,-0.04401994715131145,0.047290384321952025,0.9411733764385919,-0.001159907787455057,-0.17514607590571363,0.0021922702832550822,0.006085166023409583,0.011376669882009027,93448.84094820119,2.99753215061436,-0.0207749039160654,-0.5830942696140651,,10,-1,1041,1191,2026-02-02 13:30:00,2026-04-03 13:30:00,98580.0,96250.0,151,-2.363562588760393,-0.015652732375896643,9.0,1.0,582.0,1040.0,2025-08-12 21:00:00,2026-02-02 09:00:00,79460.0,100110.0,459.0,25.987918449534362,0.05661855871358249,5630371.0,,37287.225165562915,,19025759.0,0.0,41450.45533769063,0.0,0.8995612921930409,,0.2959341070177542,,21.85430463576159,44.370860927152314,33.77483443708609,False,False,2026-03-23 09:00:00,92610.0,,,1,0,2026-03-23 21:00:00,94740.0,2026-03-20 13:30:00,94740.0,9,8,1.074294436551661,718.3815739721069,
CU:5m:1:-1:27711:27716:2,CU,5m,27723,2026-04-07 11:05:00,0.0,1,-1,BOS,1,96680.0,18.0,CHoCH,-1,96730.0,7.0,73,22,32,7,active_bear_internal_ob,internal,-1.0,207.0,96980.0,97060.0,97020.0,0.1342281879194631,current_swing_high,swing,0.0,44.0,96680.0,96680.0,96680.0,0.17552916881775943,96780.0,96870.0,96780.0,96850.0,794.0,175843.0,1,1,0,1,1,0,active_bear_internal_ob,97010.0,7.0,above,0.16520392359318534,97040.0,False,,96670.0,1.0,below,0.1858544140423335,96730.0,False,,96680.0,44.0,below,0.17552916881775943,97250.0,True,18.0,96030.0,9.0,below,0.846670108415075,95370.0,False,,1,1,0.00016035508565616545,99,UP_CONFIRMED,-0.0013672498552575903,0.003982350590768406,0.00347727970326059,0.06197003317294175,0.00016035508565616545,0.01587515347996038,-0.00015119065054114422,-0.00039799231518922173,0.007985380271802622,96982.59944505375,-0.13672498552575904,0.0723289935937288,-0.6604069687425539,,375,1,27625,27723,2026-04-02 22:20:00,2026-04-07 11:00:00,96370.0,96850.0,99,0.4980803154508662,0.005031114297483497,374.0,-1.0,27516.0,27624.0,2026-04-01 21:00:00,2026-04-02 22:15:00,96350.0,96260.0,109.0,-0.09340944473275048,-0.0008569673828692705,83942.0,,847.89898989899,,121982.0,0.0,1119.1009174311926,0.0,0.7576608835647055,,0.6881507107606041,,30.303030303030305,39.39393939393939,30.303030303030305,False,True,,,2026-04-07 09:30:00,96970.0,0,1,2026-04-07 10:50:00,96780.0,2026-04-07 10:45:00,96740.0,8,8,0.8731726712664036,120.19132917839407,
CU:5m:1:-1:27711:27716:2,CU,15m,9240,2026-04-07 11:00:00,5.0,1,1,CHoCH,1,96550.0,85.0,CHoCH,1,96680.0,5.0,40,13,16,6,active_bear_internal_ob,internal,-1.0,73.0,96900.0,97150.0,97025.0,0.05162622612287042,current_internal_high,internal,0.0,26.0,96680.0,96680.0,96680.0,0.17552916881775943,96800.0,96820.0,96700.0,96780.0,2281.0,175799.0,0,0,0,0,0,0,,96680.0,26.0,below,0.17552916881775943,96970.0,True,5.0,96030.0,14.0,below,0.846670108415075,95370.0,False,,97250.0,32.0,above,0.41300980898296336,96550.0,False,,94800.0,95.0,below,2.1166752710376873,94680.0,False,,0,0,-4.028183193813817e-05,5,NONE,-0.002429373107084353,-0.0022007163016310367,0.0007277981814433289,0.37669364102785774,-4.028183193813817e-05,-0.00020140915969069084,,,,97015.68730169605,-0.2429373107084353,-0.04131377814501347,-0.3924837581772289,,123,1,9236,9240,2026-04-07 09:30:00,2026-04-07 10:45:00,96930.0,96780.0,5,-0.15475085112968134,-0.03095017022593627,122.0,-1.0,9197.0,9235.0,2026-04-02 13:30:00,2026-04-07 09:15:00,95690.0,96870.0,39.0,1.23314870937401,0.03161919767625667,15671.0,,3134.2,,108193.0,0.0,2774.1794871794873,0.0,1.1297754937934985,,0.1448430120248075,,100.0,0.0,0.0,False,True,,,2026-04-07 09:30:00,96930.0,0,1,,,,,0,0,0.33070967889133607,218.15848693722404,
CU:5m:1:-1:27711:27716:2,CU,1h,2687,2026-04-07 11:00:00,5.0,-1,1,BOS,-1,98390.0,111.0,BOS,1,96680.0,1.0,24,5,8,2,active_bear_internal_ob,internal,-1.0,112.0,100110.0,100530.0,100320.0,3.366029943211151,current_internal_high,internal,0.0,4.0,96680.0,96680.0,96680.0,0.17552916881775943,96850.0,96880.0,96660.0,96780.0,8075.0,175799.0,0,0,0,0,0,0,,96680.0,4.0,below,0.17552916881775943,97250.0,True,1.0,96030.0,1.0,below,0.846670108415075,95370.0,False,,101980.0,117.0,above,5.296850800206505,104520.0,False,,91500.0,37.0,below,5.524006195147135,98390.0,False,,0,0,0.0004410973932057557,26,NONE,0.01743260947606787,0.01908838303091999,0.006012868034013889,0.3915153508059949,0.0004410973932057557,0.011468532223349648,0.0020189890465012184,0.00343885916408726,0.007926949520922877,95121.77917104245,1.743260947606787,-0.051636889393780194,-0.3762025570074096,,33,1,2662,2687,2026-04-01 00:00:00,2026-04-07 10:00:00,96760.0,96780.0,26,0.020669698222408606,0.0007949883931695617,32.0,-1.0,2479.0,2661.0,2026-03-03 21:00:00,2026-03-31 23:00:00,100970.0,96170.0,183.0,-4.753887293255421,-0.025977526192652572,274282.0,,10549.307692307691,,2768836.0,0.0,15130.25136612022,0.0,0.6972328110774013,,0.0990603993880461,,23.076923076923077,76.92307692307693,0.0,False,False,,,,,0,0,2026-04-07 09:00:00,96830.0,2026-04-03 14:00:00,96250.0,4,4,0.3150014343422409,429.0243650898268,3.0
CU:5m:1:-1:27711:27716:2,CU,4h,1191,2026-04-03 15:00:00,5525.0,-1,1,CHoCH,-1,97920.0,47.0,BOS,1,96550.0,10.0,17,3,3,1,current_internal_high,internal,0.0,4.0,97250.0,97250.0,97250.0,0.41300980898296336,active_bull_internal_ob,internal,1.0,10.0,94800.0,95790.0,95295.0,1.0944759938048527,96250.0,96560.0,96190.0,96250.0,16127.0,177358.0,0,0,0,0,0,0,,97250.0,4.0,above,0.41300980898296336,96550.0,False,,94800.0,12.0,below,2.1166752710376873,94680.0,False,,104520.0,49.0,above,7.919463087248323,114140.0,False,,97920.0,85.0,above,1.104801239029427,84950.0,True,47.0,-1,-1,-0.001159907787455057,-151,DOWN_CONFIRMED,0.029975321506143602,-0.04401994715131145,0.047290384321952025,0.9411733764385919,-0.001159907787455057,-0.17514607590571363,0.0021922702832550822,0.006085166023409583,0.011376669882009027,93448.84094820119,2.99753215061436,-0.0207749039160654,-0.5830942696140651,,10,-1,1041,1191,2026-02-02 13:30:00,2026-04-03 13:30:00,98580.0,96250.0,151,-2.363562588760393,-0.015652732375896643,9.0,1.0,582.0,1040.0,2025-08-12 21:00:00,2026-02-02 09:00:00,79460.0,100110.0,459.0,25.987918449534362,0.05661855871358249,5630371.0,,37287.225165562915,,19025759.0,0.0,41450.45533769063,0.0,0.8995612921930409,,0.2959341070177542,,21.85430463576159,44.370860927152314,33.77483443708609,False,False,2026-03-23 09:00:00,92610.0,,,1,0,2026-03-23 21:00:00,94740.0,2026-03-20 13:30:00,94740.0,9,8,1.074294436551661,718.3815739721069,
CU:5m:1:-1:27817:27819:1,CU,5m,27822,2026-04-08 13:35:00,0.0,1,-1,CHoCH,1,97040.0,27.0,CHoCH,-1,97680.0,3.0,72,20,32,7,current_internal_high,internal,0.0,0.0,97830.0,97830.0,97830.0,0.051135201472693806,current_internal_low,internal,0.0,5.0,97680.0,97680.0,97680.0,0.10227040294538761,97630.0,97810.0,97600.0,97780.0,2100.0,178922.0,1,1,0,1,1,0,active_bear_internal_ob,97830.0,0.0,above,0.051135201472693806,97880.0,False,,97680.0,5.0,below,0.10227040294538761,97570.0,True,3.0,97040.0,64.0,below,0.7568009817958683,96680.0,True,27.0,95540.0,12.0,below,2.290857025976682,96030.0,False,,0,0,0.0002678974163811925,28,NONE,0.004974961706909094,0.006933396356682646,0.002217169467461396,0.18853602275744596,0.0002678974163811925,0.00750112765867339,0.0006816990614149088,0.0012510200020643403,0.003132147475800373,97295.95634295669,0.49749617069090935,0.11262414252073416,2.5743268147197482,,377,1,27795,27822,2026-04-08 09:00:00,2026-04-08 13:30:00,97770.0,97780.0,28,0.010228086325048125,0.0003652887973231473,376.0,-1.0,27747.0,27794.0,2026-04-07 21:00:00,2026-04-08 00:55:00,96170.0,95850.0,48.0,-0.3327440989913666,-0.006932168728986804,51860.0,,1852.142857142857,,33154.0,0.0,690.7083333333334,0.0,2.6815122501917457,,1.5642154792785183,,85.71428571428571,14.285714285714285,0.0,True,False,,,,,0,0,2026-04-08 11:20:00,97640.0,2026-04-08 11:15:00,97610.0,1,1,0.3197811510262805,130.33805902391566,
CU:5m:1:-1:27817:27819:1,CU,15m,9273,2026-04-08 11:30:00,125.0,1,1,BOS,1,97250.0,8.0,CHoCH,1,95950.0,10.0,40,12,17,6,current_internal_high,internal,0.0,3.0,98060.0,98060.0,98060.0,0.28635712824708526,current_internal_low,internal,0.0,1.0,97570.0,97570.0,97570.0,0.21476784618531397,97720.0,97740.0,97580.0,97670.0,2732.0,178393.0,0,0,0,0,0,0,,98060.0,3.0,above,0.28635712824708526,95950.0,False,,97570.0,1.0,below,0.21476784618531397,95570.0,False,,97250.0,65.0,below,0.5420331356105543,96550.0,True,8.0,95370.0,20.0,below,2.4647167109838413,94800.0,False,,0,0,0.00040831463066064936,9,NONE,0.014011027726271311,0.016192223672974453,0.0017481204211257577,0.1060635449041864,0.00040831463066064936,0.0036748316759458444,0.0017655445987336815,,,96320.45148365553,1.401102772627131,-0.06139363552645216,-0.07467052307765995,,125,1,9265,9273,2026-04-08 09:00:00,2026-04-08 11:15:00,97940.0,97670.0,9,-0.2756789871349752,-0.0306309985705528,124.0,-1.0,9253.0,9264.0,2026-04-07 22:00:00,2026-04-08 00:45:00,95740.0,95850.0,12.0,0.11489450595363326,0.009574542162802771,49760.0,,5528.888888888889,,16649.0,0.0,1387.4166666666667,0.0,3.985024125573107,,2.9887680941798305,,0.0,100.0,0.0,False,False,,,,,0,0,2026-04-08 09:00:00,97940.0,,,1,0,0.10796049118586776,274.17034936757517,
CU:5m:1:-1:27817:27819:1,CU,1h,2697,2026-04-08 11:30:00,125.0,-1,1,BOS,-1,98390.0,121.0,CHoCH,1,97040.0,2.0,24,5,8,2,active_bear_internal_ob,internal,-1.0,122.0,100110.0,100530.0,100320.0,2.3829003886275313,current_internal_high,internal,0.0,6.0,97040.0,97040.0,97040.0,0.7568009817958683,97750.0,97830.0,97580.0,97670.0,4957.0,178393.0,0,0,0,0,0,0,,97040.0,6.0,below,0.7568009817958683,96680.0,True,2.0,95540.0,0.0,below,2.290857025976682,96030.0,False,,101980.0,127.0,above,4.295356923706279,104520.0,False,,91500.0,47.0,below,6.4225813049703415,98390.0,False,,0,0,0.0004483300162262825,36,NONE,0.022068732517431144,0.017537955657172342,0.006866060320334944,0.7453346257649891,0.0004483300162262825,0.01613988058414617,0.0033671949402163115,0.004618382294630852,0.00807312342499511,95561.08791179977,2.206873251743114,-0.08184143222506046,-0.5851130288691548,,33,1,2662,2697,2026-04-01 00:00:00,2026-04-08 11:00:00,96760.0,97670.0,36,0.9404712691194694,0.02612420191998526,32.0,-1.0,2479.0,2661.0,2026-03-03 21:00:00,2026-03-31 23:00:00,100970.0,96170.0,183.0,-4.753887293255421,-0.025977526192652572,376916.0,,10469.888888888889,,2768836.0,0.0,15130.25136612022,0.0,0.6919838035429569,,0.13612796135271282,,22.22222222222222,69.44444444444444,8.333333333333332,False,False,,,,,0,0,2026-04-08 09:00:00,97690.0,2026-04-07 21:00:00,95640.0,5,5,0.3914971878450948,508.36043981089597,2.0
CU:5m:1:-1:27817:27819:1,CU,4h,1196,2026-04-08 11:30:00,125.0,-1,1,CHoCH,-1,97920.0,52.0,BOS,1,97250.0,0.0,18,3,3,1,current_swing_low,swing,0.0,90.0,97920.0,97920.0,97920.0,0.14317856412354263,current_internal_high,internal,0.0,9.0,97250.0,97250.0,97250.0,0.5420331356105543,97050.0,98060.0,97050.0,97670.0,49760.0,178393.0,0,0,0,0,0,0,,97250.0,9.0,below,0.5420331356105543,96550.0,True,0.0,95370.0,3.0,below,2.4647167109838413,94800.0,False,,104520.0,54.0,above,6.893025158519124,114140.0,False,,97920.0,90.0,above,0.14317856412354263,84950.0,True,52.0,0,0,0.0,1,DOWN_TO_UP,0.041187136322128476,0.041187136322128476,0.0,0.5,0.0,0.0,,,,93806.38368718982,4.118713632212848,1.898800208659357,1.671320651384569,,11,1,1196,1196,2026-04-08 09:00:00,2026-04-08 09:00:00,97670.0,97670.0,1,0.0,0.0,10.0,-1.0,1041.0,1195.0,2026-02-02 13:30:00,2026-04-08 00:00:00,98580.0,95850.0,155.0,-2.769324406573337,-0.017866609074666688,49760.0,,49760.0,,5711580.0,0.0,36848.903225806454,0.0,1.3503794046481008,,0.008712125191278071,,0.0,100.0,0.0,False,False,,,,,0,0,2026-04-08 09:00:00,97670.0,,,1,0,0.0,798.1321394077348,
CU:5m:1:1:27819:27826:1,CU,5m,27889,2026-04-09 09:10:00,0.0,1,-1,CHoCH,1,97040.0,94.0,CHoCH,-1,98100.0,1.0,73,20,32,7,current_internal_low,internal,0.0,5.0,98100.0,98100.0,98100.0,0.3888661481784691,current_swing_high,swing,0.0,131.0,97040.0,97040.0,97040.0,0.6958657388456815,97780.0,97850.0,97680.0,97720.0,2151.0,176761.0,1,1,1,0,1,0,active_bull_internal_ob,98280.0,13.0,above,0.5730659025787965,98500.0,True,4.0,98100.0,5.0,above,0.3888661481784691,97890.0,True,1.0,97040.0,131.0,below,0.6958657388456815,96680.0,True,94.0,95540.0,79.0,below,2.2308636921817437,96030.0,False,,0,0,-0.0002059498507158697,-2,NONE,-0.005759539550098833,-0.005710048483125436,4.949106697339691e-05,0.15865525393145707,-0.0002059498507158697,-0.0004118997014317394,,,,98286.08257984289,-0.5759539550098833,-0.05114043162524062,1.8494437396939571,,378,-1,27888,27889,2026-04-09 09:00:00,2026-04-09 09:05:00,97770.0,97720.0,2,-0.05114043162524062,-0.02557021581262031,377.0,1.0,27795.0,27887.0,2026-04-08 09:00:00,2026-04-09 00:55:00,97770.0,98330.0,93.0,0.5727728342027172,0.00615884767959911,6089.0,,3044.5,,111183.0,0.0,1195.516129032258,0.0,2.546598850543698,,0.0547655666783591,,0.0,50.0,50.0,True,True,,,,,0,0,,,2026-04-09 09:00:00,97770.0,0,1,0.008667363704468516,128.58398965840513,
CU:5m:1:1:27819:27826:1,CU,15m,9295,2026-04-09 01:00:00,490.0,1,1,BOS,1,97250.0,30.0,BOS,1,97880.0,17.0,41,12,17,6,current_internal_low,internal,0.0,3.0,97890.0,97890.0,97890.0,0.17396643471142037,current_swing_high,swing,0.0,87.0,97250.0,97250.0,97250.0,0.4809660253786328,98270.0,98350.0,98260.0,98330.0,908.0,177879.0,1,1,1,0,1,0,active_bull_internal_ob,98500.0,6.0,above,0.7981989357347523,97880.0,False,,97890.0,3.0,above,0.17396643471142037,97580.0,False,,97250.0,87.0,below,0.4809660253786328,96550.0,True,30.0,95370.0,42.0,below,2.404830126893164,94800.0,False,,0,0,0.0003692094555937932,31,NONE,0.01302014028608888,0.014111229867740627,0.0020218820203445538,0.29472246349425574,0.0003692094555937932,0.01144549312340759,0.00037348710770745974,0.0013906201863029821,0.006702745550172029,97066.18465870821,1.302014028608888,0.06105627353210075,-0.7317279328093128,,125,1,9265,9295,2026-04-08 09:00:00,2026-04-09 00:45:00,97940.0,98330.0,31,0.398202981417195,0.012845257465070807,124.0,-1.0,9253.0,9264.0,2026-04-07 22:00:00,2026-04-08 00:45:00,95740.0,95850.0,12.0,0.11489450595363326,0.009574542162802771,111183.0,,3586.548387096774,,16649.0,0.0,1387.4166666666667,0.0,2.585054997006504,,6.678058742266803,,64.51612903225806,35.483870967741936,0.0,False,False,,,,,0,0,2026-04-08 09:00:00,97940.0,,,1,0,0.14328177198549744,206.9109826063973,
CU:5m:1:1:27819:27826:1,CU,1h,2703,2026-04-09 01:00:00,490.0,-1,1,BOS,-1,98390.0,127.0,CHoCH,1,97040.0,8.0,24,5,8,2,active_bear_internal_ob,internal,-1.0,128.0,100110.0,100530.0,100320.0,2.4457634056487922,current_internal_high,internal,0.0,12.0,97040.0,97040.0,97040.0,0.6958657388456815,98150.0,98350.0,98100.0,98330.0,2577.0,177879.0,0,0,0,0,0,0,,97040.0,12.0,below,0.6958657388456815,96680.0,True,8.0,95540.0,6.0,below,2.2308636921817437,96030.0,False,,101980.0,133.0,above,4.359394187474417,104520.0,False,,91500.0,53.0,below,6.365124846500205,98390.0,False,,0,0,0.00048601642052808244,42,NONE,0.024666645763733258,0.018428487438535517,0.006736331630190838,0.8227891693259785,0.00048601642052808244,0.020412689662179462,0.0036830023994745,0.0075174067130567845,0.010778782415760357,95962.91672664911,2.4666645763733257,0.1833927661742285,-0.9910352223267059,,33,1,2662,2703,2026-04-01 00:00:00,2026-04-09 00:00:00,96760.0,98330.0,42,1.6225713104588646,0.038632650249020586,32.0,-1.0,2479.0,2661.0,2026-03-03 21:00:00,2026-03-31 23:00:00,100970.0,96170.0,183.0,-4.753887293255421,-0.025977526192652572,438339.0,,10436.642857142857,,2768836.0,0.0,15130.25136612022,0.0,0.6897864817046379,,0.15831165153876936,,33.33333333333333,59.523809523809526,7.142857142857142,False,False,,,,,0,0,2026-04-08 09:00:00,97690.0,2026-04-07 21:00:00,95640.0,5,5,0.36553904126198666,472.3169669582815,4.0
CU:5m:1:1:27819:27826:1,CU,4h,1199,2026-04-09 01:00:00,490.0,-1,1,CHoCH,-1,97920.0,55.0,BOS,1,97250.0,3.0,18,3,3,1,current_swing_low,swing,0.0,93.0,97920.0,97920.0,97920.0,0.2046663937781416,current_internal_high,internal,0.0,12.0,97250.0,97250.0,97250.0,0.4809660253786328,98150.0,98350.0,98100.0,98330.0,2577.0,177879.0,0,0,0,0,0,0,,97250.0,12.0,below,0.4809660253786328,96550.0,True,3.0,95370.0,6.0,below,2.404830126893164,94800.0,False,,104520.0,57.0,above,6.958657388456816,114140.0,False,,97920.0,93.0,above,0.2046663937781416,84950.0,True,55.0,0,0,0.0006089206893243326,4,NONE,0.045675969898440444,0.04415240478609714,0.001881641688648673,0.7909436660921365,0.0006089206893243326,0.0024356827572973305,,,,94034.86627846114,4.567596989844044,0.1833927661742285,-1.4666797700007463,,11,1,1196,1199,2026-04-08 09:00:00,2026-04-09 00:00:00,97670.0,98330.0,4,0.675744855124405,0.16893621378110124,10.0,-1.0,1041.0,1195.0,2026-02-02 13:30:00,2026-04-08 00:00:00,98580.0,95850.0,155.0,-2.769324406573337,-0.017866609074666688,111183.0,,27795.75,,5711580.0,0.0,36848.903225806454,0.0,0.7543168877963715,,0.019466242265712815,,75.0,25.0,0.0,False,False,,,,,0,0,2026-04-08 09:00:00,97670.0,,,1,0,0.042616969511956704,748.4643987896478,
CU:5m:1:-1:27886:27888:1,CU,5m,27990,2026-04-10 09:50:00,0.0,1,1,CHoCH,1,97040.0,195.0,BOS,1,98200.0,0.0,75,19,32,7,current_swing_high,swing,0.0,86.0,98500.0,98500.0,98500.0,0.0914541205162077,current_internal_high,internal,0.0,2.0,98200.0,98200.0,98200.0,0.21339294787115132,98190.0,98530.0,98180.0,98410.0,3734.0,173961.0,0,0,0,0,0,0,,98200.0,2.0,below,0.21339294787115132,98250.0,True,0.0,98090.0,0.0,below,0.3251702062798496,97970.0,False,,98500.0,86.0,above,0.0914541205162077,97040.0,False,,97370.0,44.0,below,1.0568031704095113,95540.0,False,,1,1,7.823303447355177e-05,53,UP_CONFIRMED,0.0037927719542120257,0.0030431362461538457,0.000914733299182743,0.7937530679132501,7.823303447355177e-05,0.004146350827098244,0.0012996805186784588,0.001870966509145866,0.0021338706802653817,98038.16360264544,0.3792771954212026,0.22405540279051284,3.9422781853027278,,379,1,27938,27990,2026-04-09 21:25:00,2026-04-10 09:45:00,98130.0,98410.0,53,0.285335779068574,0.0053836939446900755,378.0,-1.0,27888.0,27937.0,2026-04-09 09:00:00,2026-04-09 21:20:00,97770.0,97960.0,50.0,0.19433364017591437,0.0038866728035182874,27475.0,,518.3962264150944,,51773.0,0.0,1035.46,0.0,0.5006434110589442,,0.5306820157224809,,43.39622641509434,39.62264150943396,16.9811320754717,True,False,,,,,0,0,2026-04-10 09:00:00,98120.0,2026-04-10 00:55:00,98070.0,4,4,0.30058900594373805,97.87301789403404,
CU:5m:1:-1:27886:27888:1,CU,15m,9329,2026-04-10 09:45:00,5.0,1,1,BOS,1,97250.0,64.0,CHoCH,1,97860.0,18.0,41,13,17,6,active_bear_internal_ob,internal,-1.0,475.0,99320.0,99460.0,99390.0,0.9247027741083224,active_bear_internal_ob,internal,-1.0,33.0,98260.0,98350.0,98305.0,0.0609694136774718,98160.0,98200.0,98120.0,98190.0,2597.0,173725.0,0,0,0,0,0,0,,98250.0,3.0,below,0.1625851031399248,98260.0,False,,97870.0,7.0,below,0.5487247230972462,97580.0,False,,97250.0,121.0,below,1.1787419977644549,96550.0,True,64.0,95370.0,76.0,below,3.0891169596585715,94800.0,False,,1,1,0.00025149373066211977,65,UP_CONFIRMED,0.006699227098341721,0.009689234253586629,0.004549856978026831,0.25553738603058773,0.00025149373066211977,0.016347092493037785,0.0007159103455802729,0.0011030907324915962,0.002573196644727105,97536.5802981868,0.6699227098341721,0.030562347188256567,0.9820476953401049,,125,1,9265,9329,2026-04-08 09:00:00,2026-04-10 09:30:00,97940.0,98190.0,65,0.25525832142128113,0.0039270510987889405,124.0,-1.0,9253.0,9264.0,2026-04-07 22:00:00,2026-04-08 00:45:00,95740.0,95850.0,12.0,0.11489450595363326,0.009574542162802771,186697.0,,2872.2615384615383,,16649.0,0.0,1387.4166666666667,0.0,2.0702227438007363,,11.213706528920657,,58.46153846153847,21.53846153846154,20.0,False,False,,,,,0,0,2026-04-09 14:45:00,97810.0,2026-04-09 09:00:00,97660.0,2,1,0.4695785919658849,150.8982788354295,
CU:5m:1:-1:27886:27888:1,CU,1h,2712,2026-04-10 01:00:00,530.0,-1,1,BOS,-1,98390.0,136.0,CHoCH,1,97040.0,17.0,24,5,8,2,current_internal_high,internal,0.0,6.0,98500.0,98500.0,98500.0,0.0914541205162077,current_internal_low,internal,0.0,3.0,97370.0,97370.0,97370.0,1.0568031704095113,98110.0,98190.0,98070.0,98070.0,1871.0,173580.0,0,0,0,0,0,0,,98500.0,6.0,above,0.0914541205162077,97040.0,False,,97370.0,3.0,below,1.0568031704095113,95540.0,False,,101980.0,142.0,above,3.627680113809572,104520.0,False,,91500.0,62.0,below,7.021644141855503,98390.0,False,,1,1,0.0004715836496940794,51,UP_CONFIRMED,0.01832662680588463,0.018241694448435045,0.006146170770486296,0.5055127055989307,0.0004715836496940794,0.02405076613439805,0.001758628886777025,0.003743321860809612,0.01117864215896569,96305.05322993414,1.832662680588463,-0.061143381228978555,-0.9260336651030199,,33,1,2662,2712,2026-04-01 00:00:00,2026-04-10 00:00:00,96760.0,98070.0,51,1.3538652335675971,0.026546377128776416,32.0,-1.0,2479.0,2661.0,2026-03-03 21:00:00,2026-03-31 23:00:00,100970.0,96170.0,183.0,-4.753887293255421,-0.025977526192652572,507356.0,,9948.156862745098,,2768836.0,0.0,15130.25136612022,0.0,0.6575010964471543,,0.18323801048527252,,45.09803921568628,49.01960784313725,5.88235294117647,False,False,,,,,0,0,2026-04-08 09:00:00,97690.0,2026-04-07 21:00:00,95640.0,5,5,0.33692981690160784,401.4391114872935,4.0
CU:5m:1:-1:27886:27888:1,CU,4h,1203,2026-04-10 01:00:00,530.0,-1,1,CHoCH,-1,97920.0,59.0,BOS,1,97250.0,7.0,18,3,3,1,current_internal_high,internal,0.0,0.0,98500.0,98500.0,98500.0,0.0914541205162077,current_swing_low,swing,0.0,97.0,97920.0,97920.0,97920.0,0.4979168783660197,98110.0,98190.0,98070.0,98070.0,1871.0,173580.0,0,0,0,0,0,0,,98500.0,0.0,above,0.0914541205162077,97250.0,False,,95370.0,10.0,below,3.0891169596585715,94800.0,False,,104520.0,61.0,above,6.208718626155878,114140.0,False,,97920.0,97.0,below,0.4979168783660197,84950.0,True,59.0,0,0,0.0006185152350111911,8,NONE,0.040303689001438894,0.04173208302913251,0.002937284263437932,0.3133781216956555,0.0006185152350111911,0.004948121880089529,0.0026112449236541657,,,94270.54910680448,4.030368900143889,-0.061143381228978555,-1.4254102607756873,,11,1,1196,1203,2026-04-08 09:00:00,2026-04-10 00:00:00,97670.0,98070.0,8,0.40954233643903937,0.05119279205487992,10.0,-1.0,1041.0,1195.0,2026-02-02 13:30:00,2026-04-08 00:00:00,98580.0,95850.0,155.0,-2.769324406573337,-0.017866609074666688,180200.0,,22525.0,,5711580.0,0.0,36848.903225806454,0.0,0.6112800661113037,,0.03154993889606729,,87.5,12.5,0.0,False,False,,,,,0,0,2026-04-08 09:00:00,97670.0,,,1,0,0.07038431945482952,670.4818745791113,
CU:5m:1:1:27959:27960:1,CU,5m,27981,2026-04-10 09:05:00,0.0,1,1,CHoCH,1,97040.0,186.0,BOS,1,98070.0,21.0,74,20,32,7,current_internal_high,internal,0.0,12.0,98250.0,98250.0,98250.0,0.13249082755809213,active_bull_internal_ob,internal,1.0,21.0,97880.0,97970.0,97925.0,0.15287403179779863,98000.0,98150.0,97970.0,98120.0,1211.0,173452.0,0,0,0,0,0,0,,98250.0,12.0,above,0.13249082755809213,98070.0,False,,97880.0,17.0,below,0.24459845087647777,97870.0,False,,98500.0,77.0,above,0.38728088055442317,97040.0,False,,97370.0,35.0,below,0.7643701589889931,95540.0,False,,0,0,5.5987839835549355e-05,44,NONE,0.0025148918629581602,0.0031638098595990318,0.0009306438937824342,0.24281425405272095,5.5987839835549355e-05,0.0024634649527641717,0.00033322026195681254,0.0004398600862054458,0.0009667615994521928,97873.85783134363,0.251489186295816,0.050983991026809505,3.4265608791194926,,379,1,27938,27981,2026-04-09 21:25:00,2026-04-10 09:00:00,98130.0,98120.0,44,-0.010190563538159392,-0.00023160371677634982,378.0,-1.0,27888.0,27937.0,2026-04-09 09:00:00,2026-04-09 21:20:00,97770.0,97960.0,50.0,0.19433364017591437,0.0038866728035182874,18455.0,,419.4318181818182,,51773.0,0.0,1035.46,0.0,0.405068103240896,,0.3564599308519885,,50.0,29.545454545454547,20.454545454545457,True,False,,,,,0,0,2026-04-10 09:00:00,98120.0,2026-04-10 00:55:00,98070.0,4,4,0.29415291533998195,82.31138524674846,
CU:5m:1:1:27959:27960:1,CU,15m,9326,2026-04-10 01:00:00,485.0,1,1,BOS,1,97250.0,61.0,CHoCH,1,97860.0,15.0,41,13,17,6,current_internal_high,internal,0.0,0.0,98250.0,98250.0,98250.0,0.13249082755809213,current_internal_low,internal,0.0,4.0,97870.0,97870.0,97870.0,0.254790052996331,98120.0,98160.0,98070.0,98070.0,679.0,173580.0,0,0,0,0,0,0,,98250.0,0.0,above,0.13249082755809213,98260.0,False,,97870.0,4.0,below,0.254790052996331,97580.0,False,,97250.0,118.0,below,0.8866693844272319,96550.0,True,61.0,95370.0,73.0,below,2.8026905829596416,94800.0,False,,1,1,0.0002533147211191671,62,UP_CONFIRMED,0.006104033202345499,0.009839948858671859,0.004605397783604273,0.2086243546834904,0.0002533147211191671,0.01570551270938836,0.00024314132331149096,0.0006696998428488143,0.002257533273894774,97475.0093067924,0.6104033202345499,-0.050958010599266856,-0.9094916043368234,,125,1,9265,9326,2026-04-08 09:00:00,2026-04-10 00:45:00,97940.0,98070.0,62,0.1327343271390724,0.0021408762441785874,124.0,-1.0,9253.0,9264.0,2026-04-07 22:00:00,2026-04-08 00:45:00,95740.0,95850.0,12.0,0.11489450595363326,0.009574542162802771,180200.0,,2906.451612903226,,16649.0,0.0,1387.4166666666667,0.0,2.0948657189524122,,10.82347288125413,,56.451612903225815,22.58064516129032,20.967741935483872,False,False,,,,,0,0,2026-04-09 14:45:00,97810.0,2026-04-09 09:00:00,97660.0,2,1,0.4680306625319071,157.011778390723,
CU:5m:1:1:27959:27960:1,CU,1h,2712,2026-04-10 01:00:00,485.0,-1,1,BOS,-1,98390.0,136.0,CHoCH,1,97040.0,17.0,24,5,8,2,current_internal_high,internal,0.0,6.0,98500.0,98500.0,98500.0,0.38728088055442317,current_internal_low,internal,0.0,3.0,97370.0,97370.0,97370.0,0.7643701589889931,98110.0,98190.0,98070.0,98070.0,1871.0,173580.0,0,0,0,0,0,0,,98500.0,6.0,above,0.38728088055442317,97040.0,False,,97370.0,3.0,below,0.7643701589889931,95540.0,False,,101980.0,142.0,above,3.933958418263351,104520.0,False,,91500.0,62.0,below,6.746840603342845,98390.0,False,,1,1,0.0004715836496940794,51,UP_CONFIRMED,0.01832662680588463,0.018241694448435045,0.006146170770486296,0.5055127055989307,0.0004715836496940794,0.02405076613439805,0.001758628886777025,0.003743321860809612,0.01117864215896569,96305.05322993414,1.832662680588463,-0.061143381228978555,-0.9260336651030199,,33,1,2662,2712,2026-04-01 00:00:00,2026-04-10 00:00:00,96760.0,98070.0,51,1.3538652335675971,0.026546377128776416,32.0,-1.0,2479.0,2661.0,2026-03-03 21:00:00,2026-03-31 23:00:00,100970.0,96170.0,183.0,-4.753887293255421,-0.025977526192652572,507356.0,,9948.156862745098,,2768836.0,0.0,15130.25136612022,0.0,0.6575010964471543,,0.18323801048527252,,45.09803921568628,49.01960784313725,5.88235294117647,False,False,,,,,0,0,2026-04-08 09:00:00,97690.0,2026-04-07 21:00:00,95640.0,5,5,0.33692981690160784,401.4391114872935,4.0
CU:5m:1:1:27959:27960:1,CU,4h,1203,2026-04-10 01:00:00,485.0,-1,1,CHoCH,-1,97920.0,59.0,BOS,1,97250.0,7.0,18,3,3,1,current_internal_high,internal,0.0,0.0,98500.0,98500.0,98500.0,0.38728088055442317,current_swing_low,swing,0.0,97.0,97920.0,97920.0,97920.0,0.20383204239706482,98110.0,98190.0,98070.0,98070.0,1871.0,173580.0,0,0,0,0,0,0,,98500.0,0.0,above,0.38728088055442317,97250.0,False,,95370.0,10.0,below,2.8026905829596416,94800.0,False,,104520.0,61.0,above,6.522625356706074,114140.0,False,,97920.0,97.0,below,0.20383204239706482,84950.0,True,59.0,0,0,0.0006185152350111911,8,NONE,0.040303689001438894,0.04173208302913251,0.002937284263437932,0.3133781216956555,0.0006185152350111911,0.004948121880089529,0.0026112449236541657,,,94270.54910680448,4.030368900143889,-0.061143381228978555,-1.4254102607756873,,11,1,1196,1203,2026-04-08 09:00:00,2026-04-10 00:00:00,97670.0,98070.0,8,0.40954233643903937,0.05119279205487992,10.0,-1.0,1041.0,1195.0,2026-02-02 13:30:00,2026-04-08 00:00:00,98580.0,95850.0,155.0,-2.769324406573337,-0.017866609074666688,180200.0,,22525.0,,5711580.0,0.0,36848.903225806454,0.0,0.6112800661113037,,0.03154993889606729,,87.5,12.5,0.0,False,False,,,,,0,0,2026-04-08 09:00:00,97670.0,,,1,0,0.07038431945482952,670.4818745791113,
CU:5m:1:1:27985:27990:1,CU,5m,27996,2026-04-10 10:35:00,0.0,1,1,CHoCH,1,97040.0,201.0,BOS,1,98200.0,6.0,75,19,32,7,current_swing_high,swing,0.0,92.0,98500.0,98500.0,98500.0,0.26465798045602607,active_bull_internal_ob,internal,1.0,6.0,98090.0,98140.0,98115.0,0.10179153094462541,98300.0,98300.0,98140.0,98240.0,1925.0,174207.0,0,0,0,0,0,0,,98530.0,1.0,above,0.2951954397394137,98200.0,False,,98090.0,6.0,below,0.15268729641693812,97970.0,False,,98500.0,92.0,above,0.26465798045602607,97040.0,False,,97370.0,50.0,below,0.885586319218241,95540.0,False,,1,1,8.835037189912613e-05,59,UP_CONFIRMED,0.0009957778812862159,0.0029892189550251337,0.0009335496984034198,0.016366839844027536,8.835037189912613e-05,0.005212671942048441,0.0007727792559988345,0.002296369307434931,0.00307658515943654,98142.2720962274,0.09957778812862159,-0.050869874860104414,1.1879658060835159,,379,1,27938,27996,2026-04-09 21:25:00,2026-04-10 10:30:00,98130.0,98240.0,59,0.11209619891980882,0.001899935574912014,378.0,-1.0,27888.0,27937.0,2026-04-09 09:00:00,2026-04-09 21:20:00,97770.0,97960.0,50.0,0.19433364017591437,0.0038866728035182874,35873.0,,608.0169491525423,,51773.0,0.0,1035.46,0.0,0.5871950139576056,,0.6928901164699747,,47.45762711864407,37.28813559322034,15.254237288135593,True,True,,,,,0,0,2026-04-10 09:00:00,98120.0,2026-04-10 10:30:00,98240.0,4,5,0.31230555956232064,100.75472162269821,
CU:5m:1:1:27985:27990:1,CU,15m,9331,2026-04-10 10:15:00,20.0,1,1,BOS,1,97250.0,66.0,BOS,1,98250.0,1.0,42,12,17,6,current_internal_high,internal,0.0,5.0,98250.0,98250.0,98250.0,0.010179153094462542,active_bull_internal_ob,internal,1.0,1.0,97970.0,98200.0,98085.0,0.04071661237785017,98410.0,98440.0,98290.0,98290.0,3676.0,174328.0,0,0,0,0,0,0,,98250.0,5.0,above,0.010179153094462542,98260.0,True,1.0,97870.0,9.0,below,0.376628664495114,97580.0,False,,97250.0,123.0,below,1.0077361563517915,96550.0,True,66.0,95370.0,78.0,below,2.921416938110749,94800.0,False,,1,1,0.0002616560582765012,67,UP_CONFIRMED,0.006552029558598744,0.009622636306234259,0.004500212335056771,0.24751677869251343,0.0002616560582765012,0.01753095590452558,0.001797216981000771,0.0020407952820273856,0.003334697910319484,97650.19304874177,0.6552029558598743,-0.14223305902671957,1.3324748530588624,,125,1,9265,9331,2026-04-08 09:00:00,2026-04-10 10:00:00,97940.0,98290.0,67,0.3573616499897847,0.005333755969996787,124.0,-1.0,9253.0,9264.0,2026-04-07 22:00:00,2026-04-08 00:45:00,95740.0,95850.0,12.0,0.11489450595363326,0.009574542162802771,196904.0,,2938.865671641791,,16649.0,0.0,1387.4166666666667,0.0,2.118228605904348,,11.826776382965944,,59.70149253731343,20.8955223880597,19.402985074626866,False,False,,,,,0,0,2026-04-09 14:45:00,97810.0,2026-04-09 09:00:00,97660.0,2,1,0.4676693778960761,164.0398424652428,
CU:5m:1:1:27985:27990:1,CU,1h,2713,2026-04-10 10:00:00,35.0,-1,1,BOS,-1,98390.0,137.0,CHoCH,1,97040.0,18.0,24,5,8,2,current_internal_high,internal,0.0,7.0,98500.0,98500.0,98500.0,0.26465798045602607,current_internal_low,internal,0.0,4.0,97370.0,97370.0,97370.0,0.885586319218241,98000.0,98530.0,97970.0,98430.0,13028.0,174458.0,0,0,0,0,0,0,,98500.0,7.0,above,0.26465798045602607,97040.0,False,,97370.0,4.0,below,0.885586319218241,95540.0,False,,101980.0,143.0,above,3.8070032573289905,104520.0,False,,91500.0,63.0,below,6.8607491856677525,98390.0,False,,1,1,0.0004793692668937238,52,UP_CONFIRMED,0.02119076040645389,0.01829840725532002,0.006100245758535475,0.6822989465916791,0.0004793692668937238,0.024927201878473637,0.0021388004735003463,0.004424202346786421,0.011974867588264937,96387.47608803563,2.119076040645389,0.36708473539308617,0.40245699229895937,,33,1,2662,2713,2026-04-01 00:00:00,2026-04-10 09:00:00,96760.0,98430.0,52,1.7259198015709076,0.033190765414825144,32.0,-1.0,2479.0,2661.0,2026-03-03 21:00:00,2026-03-31 23:00:00,100970.0,96170.0,183.0,-4.753887293255421,-0.025977526192652572,520384.0,,10007.384615384615,,2768836.0,0.0,15130.25136612022,0.0,0.6614156218047528,,0.18794323679697894,,46.15384615384615,48.07692307692308,5.769230769230769,False,False,,,,,0,0,2026-04-08 09:00:00,97690.0,2026-04-07 21:00:00,95640.0,5,5,0.3333757781985046,412.7648892382011,4.0
CU:5m:1:1:27985:27990:1,CU,4h,1203,2026-04-10 01:00:00,575.0,-1,1,CHoCH,-1,97920.0,59.0,BOS,1,97250.0,7.0,18,3,3,1,current_internal_high,internal,0.0,0.0,98500.0,98500.0,98500.0,0.26465798045602607,current_swing_low,swing,0.0,97.0,97920.0,97920.0,97920.0,0.32573289902280134,98110.0,98190.0,98070.0,98070.0,1871.0,173580.0,0,0,0,0,0,0,,98500.0,0.0,above,0.26465798045602607,97250.0,False,,95370.0,10.0,below,2.921416938110749,94800.0,False,,104520.0,61.0,above,6.392508143322476,114140.0,False,,97920.0,97.0,below,0.32573289902280134,84950.0,True,59.0,0,0,0.0006185152350111911,8,NONE,0.040303689001438894,0.04173208302913251,0.002937284263437932,0.3133781216956555,0.0006185152350111911,0.004948121880089529,0.0026112449236541657,,,94270.54910680448,4.030368900143889,-0.061143381228978555,-1.4254102607756873,,11,1,1196,1203,2026-04-08 09:00:00,2026-04-10 00:00:00,97670.0,98070.0,8,0.40954233643903937,0.05119279205487992,10.0,-1.0,1041.0,1195.0,2026-02-02 13:30:00,2026-04-08 00:00:00,98580.0,95850.0,155.0,-2.769324406573337,-0.017866609074666688,180200.0,,22525.0,,5711580.0,0.0,36848.903225806454,0.0,0.6112800661113037,,0.03154993889606729,,87.5,12.5,0.0,False,False,,,,,0,0,2026-04-08 09:00:00,97670.0,,,1,0,0.07038431945482952,670.4818745791113,
CU:5m:1:1:28025:28026:1,CU,5m,28074,2026-04-13 09:05:00,0.0,1,-1,BOS,1,98500.0,69.0,BOS,-1,99090.0,0.0,77,18,33,7,current_internal_low,internal,0.0,8.0,99090.0,99090.0,99090.0,0.4154843940008107,current_swing_high,swing,0.0,170.0,98500.0,98500.0,98500.0,0.18240778273206323,98690.0,98750.0,98450.0,98680.0,6972.0,171654.0,0,0,0,0,0,0,,99410.0,4.0,above,0.7397648966355898,99750.0,False,,99090.0,8.0,above,0.4154843940008107,99160.0,True,0.0,98500.0,170.0,below,0.18240778273206323,97040.0,True,69.0,97370.0,128.0,below,1.3275233076611268,95540.0,False,,1,1,0.00010235012979629095,137,UP_CONFIRMED,-0.0032560143819822663,0.0030340902181481655,0.0017228369531309385,0.000130602683626857,0.00010235012979629095,0.01402196778209186,-0.0010638751233014165,-0.0009722670153220481,-0.0007204437937862185,99002.35308549646,-0.3256014381982266,-0.6343772026986216,4.300121140569673,,379,1,27938,28074,2026-04-09 21:25:00,2026-04-13 09:00:00,98130.0,98680.0,137,0.5604809945989997,0.004091102150357662,378.0,-1.0,27888.0,27937.0,2026-04-09 09:00:00,2026-04-09 21:20:00,97770.0,97960.0,50.0,0.19433364017591437,0.0038866728035182874,118537.0,,865.2335766423357,,51773.0,0.0,1035.46,0.0,0.8356030910342608,,2.289552469433875,,40.87591240875913,45.25547445255474,13.86861313868613,True,True,,,2026-04-13 09:00:00,98680.0,0,1,2026-04-11 00:50:00,99360.0,2026-04-13 09:00:00,98680.0,12,13,0.567826540827932,159.3459522622458,
CU:5m:1:1:28025:28026:1,CU,15m,9357,2026-04-11 01:00:00,3365.0,1,1,BOS,1,97250.0,92.0,BOS,1,98250.0,27.0,42,11,17,6,current_internal_high,internal,0.0,4.0,99750.0,99750.0,99750.0,1.0843129306850425,active_bull_internal_ob,internal,1.0,27.0,97970.0,98200.0,98085.0,0.48642075395216866,99200.0,99380.0,99170.0,99310.0,1589.0,171723.0,0,0,0,0,0,0,,99750.0,4.0,above,1.0843129306850425,98250.0,False,,97970.0,25.0,below,0.7194973652209161,97870.0,False,,97250.0,149.0,below,1.449128496149169,96550.0,True,92.0,95370.0,104.0,below,3.3542764491284958,94800.0,False,,1,1,0.00028688210755207203,93,UP_CONFIRMED,0.00793468175295948,0.009353415388363255,0.004032794973571115,0.3624944674149673,0.00028688210755207203,0.0266800360023427,0.0005525686376963712,0.0021020126397992556,0.0070949804910502845,98528.21000988282,0.793468175295948,0.11088709677420372,-0.6626616049945828,,125,1,9265,9357,2026-04-08 09:00:00,2026-04-11 00:45:00,97940.0,99310.0,93,1.3988156013886144,0.015041027971920584,124.0,-1.0,9253.0,9264.0,2026-04-07 22:00:00,2026-04-08 00:45:00,95740.0,95850.0,12.0,0.11489450595363326,0.009574542162802771,274521.0,,2951.8387096774195,,16649.0,0.0,1387.4166666666667,0.0,2.12757910481885,,16.488738062346087,,62.365591397849464,23.655913978494624,13.978494623655912,True,False,,,,,0,0,2026-04-11 00:45:00,99310.0,2026-04-11 00:30:00,99200.0,5,4,0.43115747629346013,209.44885532978364,
CU:5m:1:1:28025:28026:1,CU,1h,2721,2026-04-11 01:00:00,3365.0,-1,1,BOS,-1,98390.0,145.0,BOS,1,98500.0,5.0,25,5,8,2,active_bear_internal_ob,internal,-1.0,146.0,100110.0,100530.0,100320.0,1.449128496149169,current_internal_high,internal,0.0,15.0,98500.0,98500.0,98500.0,0.18240778273206323,99130.0,99410.0,99110.0,99310.0,4335.0,171723.0,0,0,0,0,0,0,,98500.0,15.0,below,0.18240778273206323,97040.0,True,5.0,97370.0,12.0,below,1.3275233076611268,95540.0,False,,101980.0,151.0,above,3.3441426834211594,104520.0,False,,91500.0,71.0,below,7.276043777867856,98390.0,False,,1,1,0.0005219646939380892,60,UP_CONFIRMED,0.023936077375622485,0.018860781877776355,0.005967431354707774,0.802476193047785,0.0005219646939380892,0.03131788163628535,0.004685642898606401,0.007209380238825336,0.011085312202796738,96988.4763261144,2.3936077375622484,0.19168684422921078,-0.8349891362301148,,33,1,2662,2721,2026-04-01 00:00:00,2026-04-11 00:00:00,96760.0,99310.0,60,2.635386523356753,0.04392310872261255,32.0,-1.0,2479.0,2661.0,2026-03-03 21:00:00,2026-03-31 23:00:00,100970.0,96170.0,183.0,-4.753887293255421,-0.025977526192652572,601677.0,,10027.95,,2768836.0,0.0,15130.25136612022,0.0,0.6627748447361996,,0.21730322778236053,,53.333333333333336,41.66666666666667,5.0,False,False,,,,,0,0,2026-04-08 09:00:00,97690.0,2026-04-07 21:00:00,95640.0,5,5,0.31639363592551767,429.13760832345076,4.0
CU:5m:1:1:28025:28026:1,CU,4h,1207,2026-04-11 01:00:00,3365.0,-1,1,CHoCH,-1,97920.0,63.0,BOS,1,98500.0,1.0,19,3,3,1,active_bear_internal_ob,internal,-1.0,65.0,100040.0,100530.0,100285.0,1.3781921361978111,current_internal_high,internal,0.0,4.0,98500.0,98500.0,98500.0,0.18240778273206323,99130.0,99410.0,99110.0,99310.0,4335.0,171723.0,0,0,0,0,0,0,,98500.0,4.0,below,0.18240778273206323,97250.0,True,1.0,97370.0,2.0,below,1.3275233076611268,95370.0,False,,104520.0,65.0,above,5.918119173084718,114140.0,False,,91500.0,3.0,below,7.276043777867856,97920.0,False,,0,0,0.0007791565193337457,12,NONE,0.04886321172216138,0.04285087037399119,0.003341051481664248,0.9640330073850202,0.0007791565193337457,0.009349878232004949,0.00445454911783294,0.008217399777259438,,94683.46195204978,4.886321172216138,0.19168684422921078,-1.2427081612354027,,11,1,1196,1207,2026-04-08 09:00:00,2026-04-11 00:00:00,97670.0,99310.0,12,1.6791235794000103,0.13992696495000087,10.0,-1.0,1041.0,1195.0,2026-02-02 13:30:00,2026-04-08 00:00:00,98580.0,95850.0,155.0,-2.769324406573337,-0.017866609074666688,274521.0,,22876.75,,5711580.0,0.0,36848.903225806454,0.0,0.6208258047685579,,0.048063933272404484,,91.66666666666666,8.333333333333332,0.0,False,False,,,,,0,0,2026-04-08 09:00:00,97670.0,,,1,0,0.07796927932862097,665.0864957271449,
CU:5m:1:1:28033:28038:1,CU,5m,28051,2026-04-10 23:10:00,0.0,1,1,BOS,1,98500.0,46.0,BOS,1,99380.0,13.0,78,16,33,7,current_internal_high,internal,0.0,1.0,99750.0,99750.0,99750.0,0.44305709394824283,active_bull_internal_ob,internal,1.0,13.0,99160.0,99250.0,99205.0,0.06041687644748766,99300.0,99350.0,99220.0,99310.0,833.0,173533.0,0,0,0,0,0,0,,99750.0,1.0,above,0.44305709394824283,99380.0,False,,99160.0,11.0,below,0.15104219111871917,98390.0,False,,98500.0,147.0,below,0.8156278320410835,97040.0,True,46.0,97370.0,105.0,below,1.9534790051354345,95540.0,False,,1,1,0.00012836557506851686,114,UP_CONFIRMED,0.002502711935180662,0.0033565370260907014,0.001624158055795305,0.29954721926373057,0.00012836557506851686,0.014633675557810921,0.0005366359836982415,0.0017934540308910396,0.0036738261244326775,99062.07615967141,0.2502711935180662,0.010070493454183982,-0.7485722712433803,,379,1,27938,28051,2026-04-09 21:25:00,2026-04-10 23:05:00,98130.0,99310.0,114,1.202486497503319,0.010548127171081745,378.0,-1.0,27888.0,27937.0,2026-04-09 09:00:00,2026-04-09 21:20:00,97770.0,97960.0,50.0,0.19433364017591437,0.0038866728035182874,101533.0,,890.640350877193,,51773.0,0.0,1035.46,0.0,0.8601397937894201,,1.961118729839878,,49.122807017543856,41.228070175438596,9.649122807017543,True,False,,,,,0,0,2026-04-10 22:50:00,99520.0,2026-04-10 23:00:00,99300.0,10,11,0.48387908227156745,141.9455003664916,
CU:5m:1:1:28033:28038:1,CU,15m,9349,2026-04-10 23:00:00,10.0,1,1,BOS,1,97250.0,84.0,BOS,1,98250.0,19.0,42,11,17,6,active_bear_internal_ob,internal,-1.0,524.0,100330.0,100530.0,100430.0,1.0270868996072904,current_internal_high,internal,0.0,23.0,98250.0,98250.0,98250.0,1.0673648172389487,99480.0,99570.0,99390.0,99510.0,2550.0,173699.0,0,0,0,0,0,0,,98250.0,23.0,below,1.0673648172389487,98260.0,True,19.0,97970.0,17.0,below,1.349310240660558,97870.0,False,,97250.0,141.0,below,2.07431275803041,96550.0,True,84.0,95370.0,96.0,below,3.967374886718357,94800.0,False,,1,1,0.0002995180532493101,85,UP_CONFIRMED,0.011167109649840773,0.009490564338671816,0.004182194977297915,0.6557446169296018,0.0002995180532493101,0.02545903452619136,0.0024091240887857968,0.005274683909546329,0.00896538407051728,98411.0332014849,1.1167109649840774,0.03015681544029647,-0.686223276534781,,125,1,9265,9349,2026-04-08 09:00:00,2026-04-10 22:45:00,97940.0,99510.0,85,1.6030222585256215,0.01885908539441908,124.0,-1.0,9253.0,9264.0,2026-04-07 22:00:00,2026-04-08 00:45:00,95740.0,95850.0,12.0,0.11489450595363326,0.009574542162802771,262333.0,,3086.2705882352943,,16649.0,0.0,1387.4166666666667,0.0,2.2244727646599514,,15.756682083007988,,65.88235294117646,18.823529411764707,15.294117647058824,False,False,,,,,0,0,2026-04-10 21:00:00,99210.0,2026-04-10 14:45:00,98440.0,3,2,0.4406687345510587,223.73083263762715,
CU:5m:1:1:28033:28038:1,CU,1h,2719,2026-04-10 23:00:00,10.0,-1,1,BOS,-1,98390.0,143.0,BOS,1,98500.0,3.0,25,5,8,2,active_bear_internal_ob,internal,-1.0,144.0,100110.0,100530.0,100320.0,0.8055583526331688,current_internal_high,internal,0.0,13.0,98500.0,98500.0,98500.0,0.8156278320410835,99380.0,99750.0,99280.0,99510.0,14858.0,173699.0,0,0,0,0,0,0,,98500.0,13.0,below,0.8156278320410835,97040.0,True,3.0,97370.0,10.0,below,1.9534790051354345,95540.0,False,,101980.0,149.0,above,2.688551001913201,104520.0,False,,91500.0,69.0,below,7.864263417581312,98390.0,False,,1,1,0.0005234562183895351,58,UP_CONFIRMED,0.026951545519052097,0.018713694575124357,0.0060138610725770855,0.914626991630678,0.0005234562183895351,0.030360460666593037,0.004681149702876253,0.006788267547549021,0.01198164114540945,96898.43735490428,2.6951545519052096,0.13081102837593228,1.1164994990965103,,33,1,2662,2719,2026-04-01 00:00:00,2026-04-10 22:00:00,96760.0,99510.0,58,2.842083505580817,0.04900143975139339,32.0,-1.0,2479.0,2661.0,2026-03-03 21:00:00,2026-03-31 23:00:00,100970.0,96170.0,183.0,-4.753887293255421,-0.025977526192652572,589489.0,,10163.603448275862,,2768836.0,0.0,15130.25136612022,0.0,0.6717405548882212,,0.21290137805200451,,51.724137931034484,43.103448275862064,5.172413793103448,False,False,,,,,0,0,2026-04-08 09:00:00,97690.0,2026-04-07 21:00:00,95640.0,5,5,0.32136150605830444,438.99982977157595,4.0
CU:5m:1:1:28033:28038:1,CU,4h,1205,2026-04-10 15:00:00,490.0,-1,1,CHoCH,-1,97920.0,61.0,BOS,1,97250.0,9.0,18,3,3,1,active_bear_internal_ob,internal,-1.0,63.0,100040.0,100530.0,100285.0,0.7350719967777666,current_internal_high,internal,0.0,2.0,98500.0,98500.0,98500.0,0.8156278320410835,98370.0,98750.0,98370.0,98440.0,20254.0,174447.0,0,0,0,0,0,0,,98500.0,2.0,below,0.8156278320410835,97250.0,False,,97370.0,0.0,below,1.9534790051354345,95370.0,False,,104520.0,63.0,above,5.246198771523512,114140.0,False,,91500.0,1.0,below,7.864263417581312,97920.0,False,,0,0,0.000703553266511947,10,NONE,0.042064057198792325,0.04182662116035259,0.0026347335983589806,0.5359031439498602,0.000703553266511947,0.0070355326651194705,0.003451291373683718,,,94466.36156381777,4.206405719879233,0.060988005692208525,-0.15614097768979912,,11,1,1196,1205,2026-04-08 09:00:00,2026-04-10 13:30:00,97670.0,98440.0,10,0.7883689976451391,0.07883689976451391,10.0,-1.0,1041.0,1195.0,2026-02-02 13:30:00,2026-04-08 00:00:00,98580.0,95850.0,155.0,-2.769324406573337,-0.017866609074666688,229013.0,,22901.3,,5711580.0,0.0,36848.903225806454,0.0,0.6214920389804571,,0.04009626057938434,,90.0,10.0,0.0,False,False,,,,,0,0,2026-04-08 09:00:00,97670.0,,,1,0,0.06299178669627854,645.7216163462745,
CU:5m:1:1:28033:28038:2,CU,5m,28056,2026-04-10 23:35:00,0.0,1,1,BOS,1,98500.0,51.0,BOS,1,99380.0,18.0,78,16,33,7,current_internal_high,internal,0.0,6.0,99750.0,99750.0,99750.0,0.4835297673012995,active_bull_internal_ob,internal,1.0,18.0,99160.0,99250.0,99205.0,0.020147073637554143,99320.0,99350.0,99210.0,99270.0,608.0,173355.0,0,0,0,0,0,0,,99750.0,6.0,above,0.4835297673012995,99380.0,False,,99160.0,16.0,below,0.1108089050065478,98390.0,False,,98500.0,152.0,below,0.7756623350458346,97040.0,True,51.0,97370.0,110.0,below,1.9139719955676437,95540.0,False,,1,1,0.00012461344279959935,119,UP_CONFIRMED,0.0019060507407732301,0.0033198942526639994,0.0016006302317503251,0.1885359497757817,0.00012461344279959935,0.014828999693152323,0.00019250704963447163,0.0007292463395425219,0.0032817221020786658,99081.14630768358,0.19060507407732302,-0.050342327829233646,-1.000466091539973,,379,1,27938,28056,2026-04-09 21:25:00,2026-04-10 23:30:00,98130.0,99270.0,119,1.1617242433506592,0.009762388599585371,378.0,-1.0,27888.0,27937.0,2026-04-09 09:00:00,2026-04-09 21:20:00,97770.0,97960.0,50.0,0.19433364017591437,0.0038866728035182874,103917.0,,873.2521008403361,,51773.0,0.0,1035.46,0.0,0.8433470156648601,,2.007165897282367,,47.05882352941176,42.857142857142854,10.084033613445378,True,False,,,,,0,0,2026-04-10 22:50:00,99520.0,2026-04-10 23:00:00,99300.0,10,11,0.48213289639148094,123.91377228903094,
CU:5m:1:1:28033:28038:2,CU,15m,9351,2026-04-10 23:30:00,5.0,1,1,BOS,1,97250.0,86.0,BOS,1,98250.0,21.0,42,11,17,6,active_bear_internal_ob,internal,-1.0,526.0,100330.0,100530.0,100430.0,1.0677949027903697,current_internal_high,internal,0.0,25.0,98250.0,98250.0,98250.0,1.0275007555152613,99340.0,99400.0,99300.0,99320.0,1206.0,173465.0,0,0,0,0,0,0,,98250.0,25.0,below,1.0275007555152613,98260.0,True,21.0,97970.0,19.0,below,1.3095597864410196,97870.0,False,,97250.0,143.0,below,2.0348544373929687,96550.0,True,86.0,95370.0,98.0,below,3.9286793593230582,94800.0,False,,1,1,0.00029764939696991677,87,UP_CONFIRMED,0.00880705634078138,0.009479826294758948,0.0041345671546409,0.4353700983493652,0.00029764939696991677,0.02589549753638276,0.0018771401192019255,0.005189000393234666,0.00822042964228209,98452.91959025421,0.880705634078138,-0.03019627579264883,-1.278025548148425,,125,1,9265,9351,2026-04-08 09:00:00,2026-04-10 23:15:00,97940.0,99320.0,87,1.4090259342454559,0.01619570039362593,124.0,-1.0,9253.0,9264.0,2026-04-07 22:00:00,2026-04-08 00:45:00,95740.0,95850.0,12.0,0.11489450595363326,0.009574542162802771,266265.0,,3060.5172413793102,,16649.0,0.0,1387.4166666666667,0.0,2.205910679112963,,15.992852423568984,,66.66666666666666,18.39080459770115,14.942528735632186,False,False,,,,,0,0,2026-04-10 21:00:00,99210.0,2026-04-10 14:45:00,98440.0,3,2,0.4361437674155224,220.6148505906071,
CU:5m:1:1:28033:28038:2,CU,1h,2719,2026-04-10 23:00:00,35.0,-1,1,BOS,-1,98390.0,143.0,BOS,1,98500.0,3.0,25,5,8,2,active_bear_internal_ob,internal,-1.0,144.0,100110.0,100530.0,100320.0,0.846177092777274,current_internal_high,internal,0.0,13.0,98500.0,98500.0,98500.0,0.7756623350458346,99380.0,99750.0,99280.0,99510.0,14858.0,173699.0,0,0,0,0,0,0,,98500.0,13.0,below,0.7756623350458346,97040.0,True,3.0,97370.0,10.0,below,1.9139719955676437,95540.0,False,,101980.0,149.0,above,2.7299284778885866,104520.0,False,,91500.0,69.0,below,7.827138108189785,98390.0,False,,1,1,0.0005234562183895351,58,UP_CONFIRMED,0.026951545519052097,0.018713694575124357,0.0060138610725770855,0.914626991630678,0.0005234562183895351,0.030360460666593037,0.004681149702876253,0.006788267547549021,0.01198164114540945,96898.43735490428,2.6951545519052096,0.13081102837593228,1.1164994990965103,,33,1,2662,2719,2026-04-01 00:00:00,2026-04-10 22:00:00,96760.0,99510.0,58,2.842083505580817,0.04900143975139339,32.0,-1.0,2479.0,2661.0,2026-03-03 21:00:00,2026-03-31 23:00:00,100970.0,96170.0,183.0,-4.753887293255421,-0.025977526192652572,589489.0,,10163.603448275862,,2768836.0,0.0,15130.25136612022,0.0,0.6717405548882212,,0.21290137805200451,,51.724137931034484,43.103448275862064,5.172413793103448,False,False,,,,,0,0,2026-04-08 09:00:00,97690.0,2026-04-07 21:00:00,95640.0,5,5,0.32136150605830444,438.99982977157595,4.0
CU:5m:1:1:28033:28038:2,CU,4h,1205,2026-04-10 15:00:00,515.0,-1,1,CHoCH,-1,97920.0,61.0,BOS,1,97250.0,9.0,18,3,3,1,active_bear_internal_ob,internal,-1.0,63.0,100040.0,100530.0,100285.0,0.7756623350458346,current_internal_high,internal,0.0,2.0,98500.0,98500.0,98500.0,0.7756623350458346,98370.0,98750.0,98370.0,98440.0,20254.0,174447.0,0,0,0,0,0,0,,98500.0,2.0,below,0.7756623350458346,97250.0,False,,97370.0,0.0,below,1.9139719955676437,95370.0,False,,104520.0,63.0,above,5.288606829857963,114140.0,False,,91500.0,1.0,below,7.827138108189785,97920.0,False,,0,0,0.000703553266511947,10,NONE,0.042064057198792325,0.04182662116035259,0.0026347335983589806,0.5359031439498602,0.000703553266511947,0.0070355326651194705,0.003451291373683718,,,94466.36156381777,4.206405719879233,0.060988005692208525,-0.15614097768979912,,11,1,1196,1205,2026-04-08 09:00:00,2026-04-10 13:30:00,97670.0,98440.0,10,0.7883689976451391,0.07883689976451391,10.0,-1.0,1041.0,1195.0,2026-02-02 13:30:00,2026-04-08 00:00:00,98580.0,95850.0,155.0,-2.769324406573337,-0.017866609074666688,229013.0,,22901.3,,5711580.0,0.0,36848.903225806454,0.0,0.6214920389804571,,0.04009626057938434,,90.0,10.0,0.0,False,False,,,,,0,0,2026-04-08 09:00:00,97670.0,,,1,0,0.06299178669627854,645.7216163462745,
CU:5m:1:-1:28045:28057:1,CU,5m,28111,2026-04-13 14:25:00,0.0,1,1,BOS,1,98500.0,106.0,CHoCH,1,99030.0,10.0,78,17,33,7,current_swing_high,swing,0.0,16.0,99750.0,99750.0,99750.0,0.13049588436057016,current_internal_high,internal,0.0,25.0,99030.0,99030.0,99030.0,0.5922505520979723,99500.0,99670.0,99420.0,99620.0,1968.0,170689.0,1,1,0,1,1,0,active_bear_internal_ob,99030.0,25.0,below,0.5922505520979723,99410.0,True,10.0,98650.0,23.0,below,0.9737000602288697,98450.0,False,,99750.0,16.0,above,0.13049588436057016,98500.0,False,,97370.0,165.0,below,2.258582613932945,95540.0,False,,1,1,8.336211004905733e-05,174,UP_CONFIRMED,0.005759605928363771,0.0024414648178900868,0.0021453894831633905,0.9390247312755097,8.336211004905733e-05,0.014505007148535976,0.0010526058987223585,0.001501801061198238,0.001504873901716941,99049.51383292633,0.5759605928363771,0.1306663986330392,1.4226512022392228,,379,1,27938,28111,2026-04-09 21:25:00,2026-04-13 14:20:00,98130.0,99620.0,174,1.5183939671863822,0.008726402110266564,378.0,-1.0,27888.0,27937.0,2026-04-09 09:00:00,2026-04-09 21:20:00,97770.0,97960.0,50.0,0.19433364017591437,0.0038866728035182874,166376.0,,956.183908045977,,51773.0,0.0,1035.46,0.0,0.9234387692870579,,3.213566917118962,,36.7816091954023,52.29885057471264,10.919540229885058,True,False,2026-04-13 11:20:00,98930.0,2026-04-13 09:35:00,98930.0,2,2,2026-04-13 11:20:00,98930.0,2026-04-13 09:40:00,98810.0,14,14,0.8787304520805815,130.1852357442398,
CU:5m:1:-1:28045:28057:1,CU,15m,9369,2026-04-13 14:15:00,10.0,1,1,BOS,1,97250.0,104.0,BOS,1,99030.0,1.0,43,11,17,6,active_bear_internal_ob,internal,-1.0,544.0,100330.0,100530.0,100430.0,0.7127082915077293,current_internal_high,internal,0.0,4.0,99030.0,99030.0,99030.0,0.5922505520979723,99200.0,99520.0,99190.0,99380.0,4389.0,170469.0,0,0,0,0,0,0,,99030.0,4.0,below,0.5922505520979723,99750.0,True,1.0,98650.0,3.0,below,0.9737000602288697,98450.0,False,,97250.0,161.0,below,2.3790403533427025,96550.0,True,104.0,95370.0,116.0,below,4.266211604095563,94800.0,False,,1,1,0.0002711813385164093,105,UP_CONFIRMED,0.006885721910664316,0.008637207615387712,0.004316419486212797,0.34245476582421375,0.0002711813385164093,0.028474040544222978,0.0009428168739791243,0.0014419248663608553,0.0029401525721841626,98700.37665388353,0.6885721910664315,0.191551567698367,0.5579344830045696,,125,1,9265,9369,2026-04-08 09:00:00,2026-04-13 14:00:00,97940.0,99380.0,105,1.4702879313865713,0.014002742203681631,124.0,-1.0,9253.0,9264.0,2026-04-07 22:00:00,2026-04-08 00:45:00,95740.0,95850.0,12.0,0.11489450595363326,0.009574542162802771,325676.0,,3101.6761904761906,,16649.0,0.0,1387.4166666666667,0.0,2.2355765683052606,,19.561294972671032,,55.23809523809524,32.38095238095238,12.380952380952381,False,False,,,,,0,0,2026-04-13 13:45:00,99190.0,2026-04-13 09:00:00,98720.0,6,5,0.4997471032794016,230.71235426869868,
CU:5m:1:-1:28045:28057:1,CU,1h,2725,2026-04-13 14:00:00,25.0,-1,1,BOS,-1,98390.0,149.0,BOS,1,98500.0,9.0,25,5,8,2,current_internal_high,internal,0.0,1.0,99750.0,99750.0,99750.0,0.13049588436057016,active_bull_internal_ob,internal,1.0,9.0,97370.0,98000.0,97685.0,1.6261794820317206,99000.0,99270.0,98980.0,99190.0,9383.0,169868.0,0,0,0,0,0,0,,99750.0,1.0,above,0.13049588436057016,98500.0,False,,97370.0,16.0,below,2.258582613932945,95540.0,False,,101980.0,155.0,above,2.369002208391889,104520.0,False,,91500.0,75.0,below,8.150973700060229,98390.0,False,,1,1,0.0005326472221955335,64,UP_CONFIRMED,0.01995780521687601,0.018817442198154725,0.005786521251553823,0.5781145178822403,0.0005326472221955335,0.03408942222051414,0.003020438361033495,0.007953242364583168,0.012054584092528575,97249.12098585196,1.9957805216876008,0.25267839094400557,0.04626698948811871,,33,1,2662,2725,2026-04-01 00:00:00,2026-04-13 13:30:00,96760.0,99190.0,64,2.5113683340223236,0.03924013021909881,32.0,-1.0,2479.0,2661.0,2026-03-03 21:00:00,2026-03-31 23:00:00,100970.0,96170.0,183.0,-4.753887293255421,-0.025977526192652572,648443.0,,10131.921875,,2768836.0,0.0,15130.25136612022,0.0,0.6696466324206273,,0.2341933577864489,,50.0,45.3125,4.6875,False,False,,,,,0,0,2026-04-13 11:00:00,98940.0,2026-04-13 09:00:00,98800.0,6,6,0.30750838454129864,416.06047561760926,2.0
CU:5m:1:-1:28045:28057:1,CU,4h,1208,2026-04-13 11:30:00,175.0,-1,1,CHoCH,-1,97920.0,64.0,BOS,1,98500.0,2.0,19,3,3,1,active_bear_internal_ob,internal,-1.0,66.0,100040.0,100530.0,100285.0,0.4216020879341498,current_internal_high,internal,0.0,5.0,98500.0,98500.0,98500.0,1.124272234491066,98690.0,99030.0,98450.0,98940.0,37383.0,170095.0,0,0,0,0,0,0,,98500.0,5.0,below,1.124272234491066,97250.0,True,2.0,97370.0,3.0,below,2.258582613932945,95370.0,False,,104520.0,66.0,above,4.918691025898414,114140.0,False,,91500.0,4.0,below,8.150973700060229,97920.0,False,,0,0,0.0008470219173524367,13,NONE,0.04323826676770732,0.04288067009658474,0.003211637872324867,0.5443282252112671,0.0008470219173524367,0.011011284925581677,0.006033309494771766,0.008660308867217026,,94839.31250580792,4.323826676770732,-0.3725707380928367,1.1317407686129226,,11,1,1196,1208,2026-04-08 09:00:00,2026-04-13 09:00:00,97670.0,98940.0,13,1.3002969181939106,0.10002283986107005,10.0,-1.0,1041.0,1195.0,2026-02-02 13:30:00,2026-04-08 00:00:00,98580.0,95850.0,155.0,-2.769324406573337,-0.017866609074666688,311904.0,,23992.615384615383,,5711580.0,0.0,36848.903225806454,0.0,0.6511079919418767,,0.05460905738867354,,92.3076923076923,7.6923076923076925,0.0,False,False,,,,,0,0,2026-04-08 09:00:00,97670.0,,,1,0,0.07489710084033085,679.0088888894917,
CU:5m:1:-1:28065:28074:1,CU,5m,28107,2026-04-13 14:05:00,0.0,1,1,BOS,1,98500.0,102.0,CHoCH,1,99030.0,6.0,78,18,33,7,active_bear_internal_ob,internal,-1.0,33.0,99290.0,99410.0,99350.0,0.010072522159548751,current_internal_high,internal,0.0,21.0,99030.0,99030.0,99030.0,0.2518130539887188,99200.0,99300.0,99190.0,99280.0,1101.0,169986.0,0,0,0,0,0,0,,99030.0,21.0,below,0.2518130539887188,99410.0,True,6.0,98650.0,19.0,below,0.6345688960515713,98450.0,False,,99750.0,12.0,above,0.4734085414987913,98500.0,False,,97370.0,161.0,below,1.9238517324738116,95540.0,False,,1,1,7.966063059590657e-05,170,UP_CONFIRMED,0.003279026501193606,0.0023877336057213593,0.002138815134590877,0.6615593889971175,7.966063059590657e-05,0.013542307201304116,0.0004952276558121138,0.0006917689444381203,0.00038674446228670334,98955.52222020051,0.3279026501193606,0.09073495312026392,-0.21520552137918186,,379,1,27938,28107,2026-04-09 21:25:00,2026-04-13 14:00:00,98130.0,99280.0,170,1.1719148068888297,0.006893616511110763,378.0,-1.0,27888.0,27937.0,2026-04-09 09:00:00,2026-04-09 21:20:00,97770.0,97960.0,50.0,0.19433364017591437,0.0038866728035182874,159432.0,,937.8352941176471,,51773.0,0.0,1035.46,0.0,0.9057185155560302,,3.0794429528905027,,35.294117647058826,53.529411764705884,11.176470588235295,False,False,2026-04-13 11:20:00,98930.0,2026-04-13 09:35:00,98930.0,2,2,2026-04-13 11:20:00,98930.0,2026-04-13 09:40:00,98810.0,14,14,0.8957511547628106,110.13115844510753,
CU:5m:1:-1:28065:28074:1,CU,15m,9368,2026-04-13 14:00:00,5.0,1,1,BOS,1,97250.0,103.0,BOS,1,99030.0,0.0,43,11,17,6,active_bear_internal_ob,internal,-1.0,543.0,100330.0,100530.0,100430.0,1.0576148267526189,current_internal_high,internal,0.0,3.0,99030.0,99030.0,99030.0,0.2518130539887188,99010.0,99270.0,98980.0,99190.0,4769.0,169868.0,0,0,0,0,0,0,,99030.0,3.0,below,0.2518130539887188,99750.0,True,0.0,98650.0,2.0,below,0.6345688960515713,98450.0,False,,97250.0,160.0,below,2.0447219983883964,96550.0,True,103.0,95370.0,115.0,below,3.9383561643835616,94800.0,False,,1,1,0.00027050582261316984,104,UP_CONFIRMED,0.005294443708291112,0.008654048824086977,0.00433368725652968,0.2191018313276738,0.00027050582261316984,0.028132605551769663,0.0006931045490503607,0.0012181602456640128,0.0029317724659332356,98667.60989358678,0.5294443708291112,0.1919191919191876,0.7786590558098092,,125,1,9265,9368,2026-04-08 09:00:00,2026-04-13 13:45:00,97940.0,99190.0,104,1.2762916071063835,0.012272034683715226,124.0,-1.0,9253.0,9264.0,2026-04-07 22:00:00,2026-04-08 00:45:00,95740.0,95850.0,12.0,0.11489450595363326,0.009574542162802771,321287.0,,3089.298076923077,,16649.0,0.0,1387.4166666666667,0.0,2.2266548695463344,,19.297675536068233,,55.769230769230774,31.73076923076923,12.5,True,False,,,,,0,0,2026-04-13 13:45:00,99190.0,2026-04-13 09:00:00,98720.0,6,5,0.5007699106651267,223.07484305859856,
CU:5m:1:-1:28065:28074:1,CU,1h,2725,2026-04-13 14:00:00,5.0,-1,1,BOS,-1,98390.0,149.0,BOS,1,98500.0,9.0,25,5,8,2,current_internal_high,internal,0.0,1.0,99750.0,99750.0,99750.0,0.4734085414987913,active_bull_internal_ob,internal,1.0,9.0,97370.0,98000.0,97685.0,1.2892828364222402,99000.0,99270.0,98980.0,99190.0,9383.0,169868.0,0,0,0,0,0,0,,99750.0,1.0,above,0.4734085414987913,98500.0,False,,97370.0,16.0,below,1.9238517324738116,95540.0,False,,101980.0,155.0,above,2.719580983078163,104520.0,False,,91500.0,75.0,below,7.836422240128928,98390.0,False,,1,1,0.0005326472221955335,64,UP_CONFIRMED,0.01995780521687601,0.018817442198154725,0.005786521251553823,0.5781145178822403,0.0005326472221955335,0.03408942222051414,0.003020438361033495,0.007953242364583168,0.012054584092528575,97249.12098585196,1.9957805216876008,0.25267839094400557,0.04626698948811871,,33,1,2662,2725,2026-04-01 00:00:00,2026-04-13 13:30:00,96760.0,99190.0,64,2.5113683340223236,0.03924013021909881,32.0,-1.0,2479.0,2661.0,2026-03-03 21:00:00,2026-03-31 23:00:00,100970.0,96170.0,183.0,-4.753887293255421,-0.025977526192652572,648443.0,,10131.921875,,2768836.0,0.0,15130.25136612022,0.0,0.6696466324206273,,0.2341933577864489,,50.0,45.3125,4.6875,False,False,,,,,0,0,2026-04-13 11:00:00,98940.0,2026-04-13 09:00:00,98800.0,6,6,0.30750838454129864,416.06047561760926,2.0
CU:5m:1:-1:28065:28074:1,CU,4h,1208,2026-04-13 11:30:00,155.0,-1,1,CHoCH,-1,97920.0,64.0,BOS,1,98500.0,2.0,19,3,3,1,active_bear_internal_ob,internal,-1.0,66.0,100040.0,100530.0,100285.0,0.7655116841257051,current_internal_high,internal,0.0,5.0,98500.0,98500.0,98500.0,0.7856567284448026,98690.0,99030.0,98450.0,98940.0,37383.0,170095.0,0,0,0,0,0,0,,98500.0,5.0,below,0.7856567284448026,97250.0,True,2.0,97370.0,3.0,below,1.9238517324738116,95370.0,False,,104520.0,66.0,above,5.278001611603546,114140.0,False,,91500.0,4.0,below,7.836422240128928,97920.0,False,,0,0,0.0008470219173524367,13,NONE,0.04323826676770732,0.04288067009658474,0.003211637872324867,0.5443282252112671,0.0008470219173524367,0.011011284925581677,0.006033309494771766,0.008660308867217026,,94839.31250580792,4.323826676770732,-0.3725707380928367,1.1317407686129226,,11,1,1196,1208,2026-04-08 09:00:00,2026-04-13 09:00:00,97670.0,98940.0,13,1.3002969181939106,0.10002283986107005,10.0,-1.0,1041.0,1195.0,2026-02-02 13:30:00,2026-04-08 00:00:00,98580.0,95850.0,155.0,-2.769324406573337,-0.017866609074666688,311904.0,,23992.615384615383,,5711580.0,0.0,36848.903225806454,0.0,0.6511079919418767,,0.05460905738867354,,92.3076923076923,7.6923076923076925,0.0,False,False,,,,,0,0,2026-04-08 09:00:00,97670.0,,,1,0,0.07489710084033085,679.0088888894917,
CU:5m:1:1:28156:28160:1,CU,5m,28179,2026-04-14 10:05:00,0.0,1,1,BOS,1,99750.0,58.0,BOS,1,100920.0,12.0,81,12,34,5,current_internal_high,internal,0.0,6.0,101450.0,101450.0,101450.0,0.6148963602102548,active_bull_internal_ob,internal,1.0,12.0,100720.0,100810.0,100765.0,0.01983536645839532,100860.0,100900.0,100760.0,100830.0,2070.0,169376.0,0,0,0,0,0,0,,101450.0,6.0,above,0.6148963602102548,100920.0,False,,100720.0,8.0,below,0.10909451552117426,100650.0,False,,99750.0,84.0,below,1.0711097887533472,98500.0,True,58.0,98450.0,55.0,below,2.360408608549043,97370.0,False,,1,1,0.0001587309986439136,242,UP_CONFIRMED,-0.005461640743300292,0.003129714200745476,0.0030667746724506767,0.0025438329092138945,0.0001587309986439136,0.03841290167182709,-0.0003621959051426371,-0.0006006630657474643,0.013515039258859218,101383.7214638544,-0.5461640743300292,-0.039655001487060026,0.5508604635592182,,379,1,27938,28179,2026-04-09 21:25:00,2026-04-14 10:00:00,98130.0,100830.0,242,2.7514521553041904,0.011369637005389217,378.0,-1.0,27888.0,27937.0,2026-04-09 09:00:00,2026-04-09 21:20:00,97770.0,97960.0,50.0,0.19433364017591437,0.0038866728035182874,252998.0,,1045.4462809917356,,51773.0,0.0,1035.46,0.0,1.0096442943153145,,4.886678384486122,,50.82644628099173,40.49586776859504,8.677685950413224,True,True,2026-04-13 11:20:00,98930.0,2026-04-14 09:05:00,101390.0,2,3,2026-04-13 11:20:00,98930.0,2026-04-14 09:20:00,101110.0,14,15,0.9798896882406044,152.61306345005812,
CU:5m:1:1:28156:28160:1,CU,15m,9392,2026-04-14 10:00:00,5.0,1,1,BOS,1,97250.0,127.0,BOS,1,100940.0,3.0,44,9,17,4,current_internal_high,internal,0.0,7.0,100940.0,100940.0,100940.0,0.10909451552117426,active_bull_internal_ob,internal,1.0,3.0,100580.0,100820.0,100700.0,0.00991768322919766,101070.0,101140.0,100800.0,100870.0,4211.0,169547.0,0,0,0,0,0,0,,100940.0,7.0,above,0.10909451552117426,99030.0,True,3.0,100580.0,5.0,below,0.24794208072994148,98650.0,False,,97250.0,184.0,below,3.5505305960527624,96550.0,True,127.0,95370.0,139.0,below,5.415055043141922,94800.0,False,,1,1,0.0003115635708308244,128,UP_CONFIRMED,0.010772138635520104,0.009289990724729991,0.004303359840003469,0.6347334395346742,0.0003115635708308244,0.03988013706634552,0.0038841176308705982,0.004637050798651288,0.009750114314287961,99794.99448428433,1.0772138635520103,-0.20775623268698418,0.20534456459598563,,125,1,9265,9392,2026-04-08 09:00:00,2026-04-14 09:45:00,97940.0,100870.0,128,2.9916275270573722,0.02337209005513572,124.0,-1.0,9253.0,9264.0,2026-04-07 22:00:00,2026-04-08 00:45:00,95740.0,95850.0,12.0,0.11489450595363326,0.009574542162802771,413884.0,,3233.46875,,16649.0,0.0,1387.4166666666667,0.0,2.3305679019760945,,24.859390954411676,,62.5,27.34375,10.15625,True,False,,,,,0,0,2026-04-13 13:45:00,99190.0,2026-04-14 09:45:00,100870.0,6,6,0.4632254183578363,253.41239124493714,
CU:5m:1:1:28156:28160:1,CU,1h,2731,2026-04-14 10:00:00,5.0,-1,1,BOS,-1,98390.0,155.0,BOS,1,99750.0,4.0,26,3,8,2,active_bear_swing_ob,swing,-1.0,155.0,101540.0,101980.0,101760.0,0.7041555092730338,current_internal_high,internal,0.0,7.0,99750.0,99750.0,99750.0,1.0711097887533472,101000.0,101450.0,100800.0,100870.0,23706.0,169547.0,0,0,0,0,0,0,,99750.0,7.0,below,1.0711097887533472,98500.0,True,4.0,98450.0,4.0,below,2.360408608549043,97370.0,False,,101980.0,161.0,above,1.140533571357731,104520.0,False,,91500.0,81.0,below,9.253198452841415,98390.0,False,,1,1,0.0006060804240553029,70,UP_CONFIRMED,0.02893834307095803,0.019626624871809058,0.006199105833374141,0.9334652182703054,0.0006060804240553029,0.0424256296838712,0.006697261309641878,0.010770440661770131,0.018057469102665813,98033.0849552603,2.893834307095803,0.0495933346558175,1.786314165803997,,33,1,2662,2731,2026-04-01 00:00:00,2026-04-14 09:00:00,96760.0,100870.0,70,4.2476229847044245,0.06068032835292035,32.0,-1.0,2479.0,2661.0,2026-03-03 21:00:00,2026-03-31 23:00:00,100970.0,96170.0,183.0,-4.753887293255421,-0.025977526192652572,741040.0,,10586.285714285714,,2768836.0,0.0,15130.25136612022,0.0,0.699676790432617,,0.2676359307665748,,54.285714285714285,41.42857142857143,4.285714285714286,False,False,,,,,0,0,2026-04-13 11:00:00,98940.0,2026-04-13 09:00:00,98800.0,6,6,0.31585185297337104,454.4970125988319,4.0
CU:5m:1:1:28156:28160:1,CU,4h,1211,2026-04-14 01:00:00,545.0,-1,1,CHoCH,-1,97920.0,67.0,BOS,1,98500.0,5.0,19,2,3,1,active_bear_internal_ob,internal,-1.0,111.0,103320.0,104520.0,103920.0,2.469503124070217,current_internal_high,internal,0.0,8.0,98500.0,98500.0,98500.0,2.3108201924030545,100720.0,100920.0,100650.0,100820.0,4285.0,170159.0,0,0,0,0,0,0,,98500.0,8.0,below,2.3108201924030545,97250.0,True,5.0,97370.0,6.0,below,3.43151839730239,95370.0,False,,104520.0,69.0,above,3.6596251115739364,114140.0,False,,91500.0,7.0,below,9.253198452841415,97920.0,False,,0,0,0.0009588919714003802,16,NONE,0.05852673593725303,0.045160598978199254,0.00587582890290947,0.9885400204389869,0.0009588919714003802,0.015342271542406083,0.0061526047323576805,0.011218413048124765,,95245.58669812982,5.852673593725303,0.09928514694201862,-1.3092173159429366,,11,1,1196,1211,2026-04-08 09:00:00,2026-04-14 00:00:00,97670.0,100820.0,16,3.225145899457349,0.2015716187160843,10.0,-1.0,1041.0,1195.0,2026-02-02 13:30:00,2026-04-08 00:00:00,98580.0,95850.0,155.0,-2.769324406573337,-0.017866609074666688,390178.0,,24386.125,,5711580.0,0.0,36848.903225806454,0.0,0.6617869967679696,,0.06831349644056461,,93.75,6.25,0.0,False,False,,,,,0,0,2026-04-08 09:00:00,97670.0,,,1,0,0.13010963175545914,707.62482831276,
CU:5m:1:1:28156:28160:2,CU,5m,28187,2026-04-14 11:00:00,0.0,1,-1,BOS,1,99750.0,66.0,CHoCH,-1,100760.0,0.0,81,13,34,5,current_internal_low,internal,0.0,3.0,100760.0,100760.0,100760.0,0.019853087155052608,current_swing_high,swing,0.0,92.0,99750.0,99750.0,99750.0,0.9827278141751041,100830.0,100850.0,100730.0,100740.0,795.0,169997.0,2,2,2,0,2,0,active_bull_internal_ob,101000.0,0.0,above,0.25809013301568395,101450.0,False,,100760.0,3.0,above,0.019853087155052608,100720.0,True,0.0,99750.0,92.0,below,0.9827278141751041,98500.0,True,66.0,98450.0,63.0,below,2.273178479253524,97370.0,False,,1,1,0.00015192306677110778,250,UP_CONFIRMED,-0.00593567787871716,0.0028775803189354143,0.0033221935305000976,0.003990848104092781,0.00015192306677110778,0.037980766692776946,-0.00025613019560655204,-0.0006658223765118043,0.010672302271725442,101341.53068186367,-0.593567787871716,-0.08925914906278143,-0.858360913424542,,379,1,27938,28187,2026-04-09 21:25:00,2026-04-14 10:55:00,98130.0,100740.0,250,2.6597370834607226,0.01063894833384289,378.0,-1.0,27888.0,27937.0,2026-04-09 09:00:00,2026-04-09 21:20:00,97770.0,97960.0,50.0,0.19433364017591437,0.0038866728035182874,260366.0,,1041.464,,51773.0,0.0,1035.46,0.0,1.0057983891217428,,5.028991945608715,,49.2,39.2,11.600000000000001,True,True,2026-04-13 11:20:00,98930.0,2026-04-14 09:05:00,101390.0,2,3,2026-04-13 11:20:00,98930.0,2026-04-14 09:20:00,101110.0,14,15,1.154509401054415,126.06533518170684,
CU:5m:1:1:28156:28160:2,CU,15m,9395,2026-04-14 11:00:00,0.0,1,1,BOS,1,97250.0,130.0,BOS,1,100940.0,6.0,44,9,17,4,current_internal_high,internal,0.0,1.0,101450.0,101450.0,101450.0,0.7047845940043677,current_internal_low,internal,0.0,8.0,100580.0,100580.0,100580.0,0.15882469724042086,100880.0,100920.0,100730.0,100740.0,2538.0,169997.0,1,1,1,0,1,0,active_bull_internal_ob,101450.0,1.0,above,0.7047845940043677,100940.0,False,,100580.0,8.0,below,0.15882469724042086,98650.0,False,,97250.0,187.0,below,3.464363708556681,96550.0,True,130.0,95370.0,142.0,below,5.330553901131626,94800.0,False,,1,1,0.0003121393910301994,131,UP_CONFIRMED,0.008489836972693366,0.00930649037668422,0.00425902040883091,0.42397028450938185,0.0003121393910301994,0.04089026022495612,0.0020782334707463157,0.00519332807129147,0.009819928360496277,99891.93376742746,0.8489836972693365,-0.1387787470261692,-0.4488814671423853,,125,1,9265,9395,2026-04-08 09:00:00,2026-04-14 10:45:00,97940.0,100740.0,131,2.858893199918322,0.02182361221311696,124.0,-1.0,9253.0,9264.0,2026-04-07 22:00:00,2026-04-08 00:45:00,95740.0,95850.0,12.0,0.11489450595363326,0.009574542162802771,423322.0,,3231.4656488549617,,16649.0,0.0,1387.4166666666667,0.0,2.3291241387626607,,25.426271848159047,,61.06870229007634,29.00763358778626,9.923664122137405,True,False,,,,,0,0,2026-04-14 10:00:00,100980.0,2026-04-14 10:30:00,100880.0,7,7,0.45763980151971567,239.87136427300544,
CU:5m:1:1:28156:28160:2,CU,1h,2732,2026-04-14 11:00:00,0.0,-1,1,BOS,-1,98390.0,156.0,BOS,1,99750.0,5.0,26,3,8,2,active_bear_swing_ob,swing,-1.0,156.0,101540.0,101980.0,101760.0,0.7941234862021045,current_internal_high,internal,0.0,8.0,99750.0,99750.0,99750.0,0.9827278141751041,100860.0,101000.0,100730.0,100740.0,9438.0,169997.0,0,0,0,0,0,0,,99750.0,8.0,below,0.9827278141751041,98500.0,True,5.0,98450.0,5.0,below,2.273178479253524,97370.0,False,,101980.0,162.0,above,1.2308914036132619,104520.0,False,,91500.0,82.0,below,9.172126265634306,98390.0,False,,1,1,0.000609183203213958,71,UP_CONFIRMED,0.02679827091319558,0.01972763397098352,0.006213039473868056,0.8724464130038379,0.000609183203213958,0.04325200742819102,0.006343632007206335,0.010293022235374094,0.01875028263127443,98110.80019681534,2.679827091319558,-0.12887875483295064,-0.43077519684875126,,33,1,2662,2732,2026-04-01 00:00:00,2026-04-14 10:00:00,96760.0,100740.0,71,4.11326994625878,0.057933379524771546,32.0,-1.0,2479.0,2661.0,2026-03-03 21:00:00,2026-03-31 23:00:00,100970.0,96170.0,183.0,-4.753887293255421,-0.025977526192652572,750478.0,,10570.112676056338,,2768836.0,0.0,15130.25136612022,0.0,0.6986078697757143,,0.27104458335560505,,54.929577464788736,40.845070422535215,4.225352112676056,False,False,,,,,0,0,2026-04-13 11:00:00,98940.0,2026-04-13 09:00:00,98800.0,6,6,0.3149409342755717,441.31865455605816,3.0
CU:5m:1:1:28156:28160:2,CU,4h,1211,2026-04-14 01:00:00,600.0,-1,1,CHoCH,-1,97920.0,67.0,BOS,1,98500.0,5.0,19,2,3,1,active_bear_internal_ob,internal,-1.0,111.0,103320.0,104520.0,103920.0,2.5610482430017867,current_internal_high,internal,0.0,8.0,98500.0,98500.0,98500.0,2.223545761365892,100720.0,100920.0,100650.0,100820.0,4285.0,170159.0,0,0,0,0,0,0,,98500.0,8.0,below,2.223545761365892,97250.0,True,5.0,97370.0,6.0,below,3.345245185626365,95370.0,False,,104520.0,69.0,above,3.7522334723049435,114140.0,False,,91500.0,7.0,below,9.172126265634306,97920.0,False,,0,0,0.0009588919714003802,16,NONE,0.05852673593725303,0.045160598978199254,0.00587582890290947,0.9885400204389869,0.0009588919714003802,0.015342271542406083,0.0061526047323576805,0.011218413048124765,,95245.58669812982,5.852673593725303,0.09928514694201862,-1.3092173159429366,,11,1,1196,1211,2026-04-08 09:00:00,2026-04-14 00:00:00,97670.0,100820.0,16,3.225145899457349,0.2015716187160843,10.0,-1.0,1041.0,1195.0,2026-02-02 13:30:00,2026-04-08 00:00:00,98580.0,95850.0,155.0,-2.769324406573337,-0.017866609074666688,390178.0,,24386.125,,5711580.0,0.0,36848.903225806454,0.0,0.6617869967679696,,0.06831349644056461,,93.75,6.25,0.0,False,False,,,,,0,0,2026-04-08 09:00:00,97670.0,,,1,0,0.13010963175545914,707.62482831276,
CU:5m:1:1:28156:28160:3,CU,5m,28193,2026-04-14 11:30:00,0.0,1,-1,BOS,1,99750.0,72.0,CHoCH,-1,100760.0,6.0,81,13,34,5,active_bear_internal_ob,internal,-1.0,6.0,100880.0,101000.0,100940.0,0.12903225806451613,current_internal_low,internal,0.0,1.0,100730.0,100730.0,100730.0,0.019851116625310174,100810.0,100850.0,100750.0,100750.0,772.0,169718.0,2,2,2,0,2,0,active_bull_internal_ob,101000.0,6.0,above,0.24813895781637718,101450.0,False,,100730.0,1.0,below,0.019851116625310174,100760.0,False,,99750.0,98.0,below,0.9925558312655087,98500.0,True,72.0,98450.0,69.0,below,2.28287841191067,97370.0,False,,1,1,0.00014714357042420328,256,UP_CONFIRMED,-0.0055380705663323985,0.0026996152079623373,0.0034788352844301166,0.008943631031120947,0.00014714357042420328,0.03766875402859604,-0.00022235919149793393,-0.0005074826055652126,-0.0011248920532241913,101311.06784286427,-0.5538070566332398,-0.05951790496974141,-0.585305290465993,,379,1,27938,28193,2026-04-09 21:25:00,2026-04-14 11:25:00,98130.0,100750.0,256,2.669927646998871,0.01042940487108934,378.0,-1.0,27888.0,27937.0,2026-04-09 09:00:00,2026-04-09 21:20:00,97770.0,97960.0,50.0,0.19433364017591437,0.0038866728035182874,264848.0,,1034.5625,,51773.0,0.0,1035.46,0.0,0.9991332354702258,,5.115562165607556,,48.046875,38.28125,13.671875,True,True,2026-04-13 11:20:00,98930.0,2026-04-14 09:05:00,101390.0,2,3,2026-04-13 11:20:00,98930.0,2026-04-14 09:20:00,101110.0,14,15,1.2886411641812956,113.53120357523748,
CU:5m:1:1:28156:28160:3,CU,15m,9397,2026-04-14 11:30:00,0.0,1,1,BOS,1,97250.0,132.0,BOS,1,100940.0,8.0,44,9,17,4,current_internal_high,internal,0.0,3.0,101450.0,101450.0,101450.0,0.6947890818858561,current_internal_low,internal,0.0,10.0,100580.0,100580.0,100580.0,0.1687344913151365,100880.0,100930.0,100750.0,100750.0,1989.0,169718.0,1,1,1,0,1,0,active_bull_internal_ob,101450.0,3.0,above,0.6947890818858561,100940.0,False,,100580.0,10.0,below,0.1687344913151365,98650.0,False,,97250.0,189.0,below,3.4739454094292808,96550.0,True,132.0,95370.0,144.0,below,5.3399503722084365,94800.0,False,,1,1,0.0003107095340009125,133,UP_CONFIRMED,0.008169483700423315,0.009301288009802065,0.004228198994276337,0.3944728227028796,0.0003107095340009125,0.04132436802212136,0.0013888436794746717,0.005278355742567298,0.009058245377898233,99933.59413161704,0.8169483700423315,-0.13876499157498,-0.551854674792148,,125,1,9265,9397,2026-04-08 09:00:00,2026-04-14 11:15:00,97940.0,100750.0,133,2.8691035327751635,0.021572207013347094,124.0,-1.0,9253.0,9264.0,2026-04-07 22:00:00,2026-04-08 00:45:00,95740.0,95850.0,12.0,0.11489450595363326,0.009574542162802771,427804.0,,3216.5714285714284,,16649.0,0.0,1387.4166666666667,0.0,2.3183889208275055,,25.695477205838188,,60.150375939849624,30.075187969924812,9.774436090225564,True,False,,,,,0,0,2026-04-14 10:00:00,100980.0,2026-04-14 10:30:00,100880.0,7,7,0.45458209549263434,231.6237783782547,
CU:5m:1:1:28156:28160:3,CU,1h,2733,2026-04-14 11:30:00,0.0,-1,1,BOS,-1,98390.0,157.0,BOS,1,99750.0,6.0,26,3,8,2,active_bear_swing_ob,swing,-1.0,157.0,101540.0,101980.0,101760.0,0.7841191066997519,current_internal_high,internal,0.0,9.0,99750.0,99750.0,99750.0,0.9925558312655087,100740.0,100930.0,100740.0,100750.0,4482.0,169718.0,0,0,0,0,0,0,,99750.0,9.0,below,0.9925558312655087,98500.0,True,6.0,98450.0,6.0,below,2.28287841191067,97370.0,False,,101980.0,163.0,above,1.2208436724565757,104520.0,False,,91500.0,83.0,below,9.181141439205955,98390.0,False,,1,1,0.0006061005439966454,72,UP_CONFIRMED,0.026519175603212437,0.019821960938097807,0.0062207274907170535,0.8591697596005428,0.0006061005439966454,0.04363923916775847,0.004488052793741204,0.010093034204931461,0.01825694279065826,98147.21672471084,2.6519175603212437,0.009926543577520874,-1.111119402269975,,33,1,2662,2733,2026-04-01 00:00:00,2026-04-14 11:00:00,96760.0,100750.0,72,4.123604795369995,0.05727228882458327,32.0,-1.0,2479.0,2661.0,2026-03-03 21:00:00,2026-03-31 23:00:00,100970.0,96170.0,183.0,-4.753887293255421,-0.025977526192652572,754960.0,,10485.555555555555,,2768836.0,0.0,15130.25136612022,0.0,0.6930192567081136,,0.27266331411466765,,55.55555555555556,40.27777777777778,4.166666666666666,False,False,,,,,0,0,2026-04-13 11:00:00,98940.0,2026-04-13 09:00:00,98800.0,6,6,0.31383007514462485,423.3673220877683,2.0
CU:5m:1:1:28156:28160:3,CU,4h,1212,2026-04-14 11:30:00,0.0,-1,1,CHoCH,-1,97920.0,68.0,BOS,1,98500.0,6.0,19,2,3,1,active_bear_internal_ob,internal,-1.0,112.0,103320.0,104520.0,103920.0,2.5508684863523574,current_internal_high,internal,0.0,9.0,98500.0,98500.0,98500.0,2.2332506203473943,101000.0,101450.0,100730.0,100750.0,37626.0,169718.0,0,0,0,0,0,0,,98500.0,9.0,below,2.2332506203473943,97250.0,True,6.0,97370.0,7.0,below,3.354838709677419,95370.0,False,,104520.0,70.0,above,3.741935483870968,114140.0,False,,91500.0,8.0,below,9.181141439205955,97920.0,False,,0,0,0.0010417619418281062,17,NONE,0.0553308626936156,0.04575884978498845,0.006182307489966206,0.9392239110856617,0.0010417619418281062,0.017709953011077806,0.008282633167516318,0.012774077681618756,,95467.69033442909,5.53308626936156,-0.0694306685181556,0.9359337368812639,,11,1,1196,1212,2026-04-08 09:00:00,2026-04-14 09:00:00,97670.0,100750.0,17,3.1534759905805343,0.1854985876812079,10.0,-1.0,1041.0,1195.0,2026-02-02 13:30:00,2026-04-08 00:00:00,98580.0,95850.0,155.0,-2.769324406573337,-0.017866609074666688,427804.0,,25164.941176470587,,5711580.0,0.0,36848.903225806454,0.0,0.6829223931649282,,0.07490116570195988,,94.11764705882352,5.88235294117647,0.0,False,False,,,,,0,0,2026-04-08 09:00:00,97670.0,,,1,0,0.13510626947608198,708.5087691475628,
CU:5m:1:1:28164:28167:1,CU,5m,28178,2026-04-14 10:00:00,0.0,1,1,BOS,1,99750.0,57.0,BOS,1,100920.0,11.0,81,12,34,5,current_internal_high,internal,0.0,5.0,101450.0,101450.0,101450.0,0.574997521562407,active_bull_internal_ob,internal,1.0,11.0,100720.0,100810.0,100765.0,0.059482502230593835,101030.0,101050.0,100800.0,100870.0,2346.0,169547.0,0,0,0,0,0,0,,101450.0,5.0,above,0.574997521562407,100920.0,False,,100720.0,7.0,below,0.14870625557648456,100650.0,False,,99750.0,83.0,below,1.1103400416377516,98500.0,True,57.0,98450.0,54.0,below,2.399127589967285,97370.0,False,,1,1,0.00015992971054174494,241,UP_CONFIRMED,-0.005191793079753636,0.003165362976446911,0.00302267929340897,0.002847734114871714,0.00015992971054174494,0.038543060240560534,-0.00028327211577861,-0.0004978463875721095,0.013710262130379958,101396.42927984684,-0.5191793079753636,-0.15836880134613152,0.8547707616928942,,379,1,27938,28178,2026-04-09 21:25:00,2026-04-14 09:55:00,98130.0,100870.0,241,2.79221440945685,0.01158595190645996,378.0,-1.0,27888.0,27937.0,2026-04-09 09:00:00,2026-04-09 21:20:00,97770.0,97960.0,50.0,0.19433364017591437,0.0038866728035182874,250928.0,,1041.195020746888,,51773.0,0.0,1035.46,0.0,1.0055386212377957,,4.8466961543661755,,51.037344398340245,40.66390041493776,8.29875518672199,True,True,2026-04-13 11:20:00,98930.0,2026-04-14 09:05:00,101390.0,2,3,2026-04-13 11:20:00,98930.0,2026-04-14 09:20:00,101110.0,14,15,0.9549234371856773,153.5832991000626,
CU:5m:1:1:28164:28167:1,CU,15m,9392,2026-04-14 10:00:00,0.0,1,1,BOS,1,97250.0,127.0,BOS,1,100940.0,3.0,44,9,17,4,current_internal_high,internal,0.0,7.0,100940.0,100940.0,100940.0,0.06939625260235947,active_bull_internal_ob,internal,1.0,3.0,100580.0,100820.0,100700.0,0.0495687518588282,101070.0,101140.0,100800.0,100870.0,4211.0,169547.0,0,0,0,0,0,0,,100940.0,7.0,above,0.06939625260235947,99030.0,True,3.0,100580.0,5.0,below,0.2874987607812035,98650.0,False,,97250.0,184.0,below,3.5887776345791615,96550.0,True,127.0,95370.0,139.0,below,5.452562704471101,94800.0,False,,1,1,0.0003115635708308244,128,UP_CONFIRMED,0.010772138635520104,0.009289990724729991,0.004303359840003469,0.6347334395346742,0.0003115635708308244,0.03988013706634552,0.0038841176308705982,0.004637050798651288,0.009750114314287961,99794.99448428433,1.0772138635520103,-0.20775623268698418,0.20534456459598563,,125,1,9265,9392,2026-04-08 09:00:00,2026-04-14 09:45:00,97940.0,100870.0,128,2.9916275270573722,0.02337209005513572,124.0,-1.0,9253.0,9264.0,2026-04-07 22:00:00,2026-04-08 00:45:00,95740.0,95850.0,12.0,0.11489450595363326,0.009574542162802771,413884.0,,3233.46875,,16649.0,0.0,1387.4166666666667,0.0,2.3305679019760945,,24.859390954411676,,62.5,27.34375,10.15625,True,False,,,,,0,0,2026-04-13 13:45:00,99190.0,2026-04-14 09:45:00,100870.0,6,6,0.4632254183578363,253.41239124493714,
CU:5m:1:1:28164:28167:1,CU,1h,2731,2026-04-14 10:00:00,0.0,-1,1,BOS,-1,98390.0,155.0,BOS,1,99750.0,4.0,26,3,8,2,active_bear_swing_ob,swing,-1.0,155.0,101540.0,101980.0,101760.0,0.6642212749082977,current_internal_high,internal,0.0,7.0,99750.0,99750.0,99750.0,1.1103400416377516,101000.0,101450.0,100800.0,100870.0,23706.0,169547.0,0,0,0,0,0,0,,99750.0,7.0,below,1.1103400416377516,98500.0,True,4.0,98450.0,4.0,below,2.399127589967285,97370.0,False,,101980.0,161.0,above,1.100426291265986,104520.0,False,,91500.0,81.0,below,9.289184098344403,98390.0,False,,1,1,0.0006060804240553029,70,UP_CONFIRMED,0.02893834307095803,0.019626624871809058,0.006199105833374141,0.9334652182703054,0.0006060804240553029,0.0424256296838712,0.006697261309641878,0.010770440661770131,0.018057469102665813,98033.0849552603,2.893834307095803,0.0495933346558175,1.786314165803997,,33,1,2662,2731,2026-04-01 00:00:00,2026-04-14 09:00:00,96760.0,100870.0,70,4.2476229847044245,0.06068032835292035,32.0,-1.0,2479.0,2661.0,2026-03-03 21:00:00,2026-03-31 23:00:00,100970.0,96170.0,183.0,-4.753887293255421,-0.025977526192652572,741040.0,,10586.285714285714,,2768836.0,0.0,15130.25136612022,0.0,0.699676790432617,,0.2676359307665748,,54.285714285714285,41.42857142857143,4.285714285714286,False,False,,,,,0,0,2026-04-13 11:00:00,98940.0,2026-04-13 09:00:00,98800.0,6,6,0.31585185297337104,454.4970125988319,4.0
CU:5m:1:1:28164:28167:1,CU,4h,1211,2026-04-14 01:00:00,540.0,-1,1,CHoCH,-1,97920.0,67.0,BOS,1,98500.0,5.0,19,2,3,1,active_bear_internal_ob,internal,-1.0,111.0,103320.0,104520.0,103920.0,2.428868841082582,current_internal_high,internal,0.0,8.0,98500.0,98500.0,98500.0,2.3495588381084564,100720.0,100920.0,100650.0,100820.0,4285.0,170159.0,0,0,0,0,0,0,,98500.0,8.0,below,2.3495588381084564,97250.0,True,5.0,97370.0,6.0,below,3.4698126301179735,95370.0,False,,104520.0,69.0,above,3.6185188856944586,114140.0,False,,91500.0,7.0,below,9.289184098344403,97920.0,False,,0,0,0.0009588919714003802,16,NONE,0.05852673593725303,0.045160598978199254,0.00587582890290947,0.9885400204389869,0.0009588919714003802,0.015342271542406083,0.0061526047323576805,0.011218413048124765,,95245.58669812982,5.852673593725303,0.09928514694201862,-1.3092173159429366,,11,1,1196,1211,2026-04-08 09:00:00,2026-04-14 00:00:00,97670.0,100820.0,16,3.225145899457349,0.2015716187160843,10.0,-1.0,1041.0,1195.0,2026-02-02 13:30:00,2026-04-08 00:00:00,98580.0,95850.0,155.0,-2.769324406573337,-0.017866609074666688,390178.0,,24386.125,,5711580.0,0.0,36848.903225806454,0.0,0.6617869967679696,,0.06831349644056461,,93.75,6.25,0.0,False,False,,,,,0,0,2026-04-08 09:00:00,97670.0,,,1,0,0.13010963175545914,707.62482831276,
CU:5m:1:1:28164:28167:2,CU,5m,28186,2026-04-14 10:55:00,0.0,1,1,BOS,1,99750.0,65.0,BOS,1,100920.0,19.0,81,12,34,5,current_internal_high,internal,0.0,13.0,101450.0,101450.0,101450.0,0.6148963602102548,active_bull_internal_ob,internal,1.0,19.0,100720.0,100810.0,100765.0,0.01983536645839532,100870.0,100890.0,100800.0,100830.0,882.0,169979.0,0,0,0,0,0,0,,101450.0,13.0,above,0.6148963602102548,100920.0,False,,100760.0,2.0,below,0.06942378260438362,100720.0,False,,99750.0,91.0,below,1.0711097887533472,98500.0,True,65.0,98450.0,62.0,below,2.360408608549043,97370.0,False,,1,1,0.00015277889260487712,249,UP_CONFIRMED,-0.005106229886223611,0.002912974930170967,0.003281478387572385,0.007267182739996991,0.00015277889260487712,0.0380419442586144,-0.00024836098586789035,-0.0006377786010944853,0.01239215637836133,101347.50365204221,-0.5106229886223611,-0.04956383822363186,-0.7277081081459811,,379,1,27938,28186,2026-04-09 21:25:00,2026-04-14 10:50:00,98130.0,100830.0,249,2.7514521553041904,0.011050008655840122,378.0,-1.0,27888.0,27937.0,2026-04-09 09:00:00,2026-04-09 21:20:00,97770.0,97960.0,50.0,0.19433364017591437,0.0038866728035182874,259571.0,,1042.4538152610442,,51773.0,0.0,1035.46,0.0,1.0067543075165086,,5.013636451432213,,49.39759036144578,39.3574297188755,11.244979919678714,True,True,2026-04-13 11:20:00,98930.0,2026-04-14 09:05:00,101390.0,2,3,2026-04-13 11:20:00,98930.0,2026-04-14 09:20:00,101110.0,14,15,1.126504163693503,126.53189942645352,
CU:5m:1:1:28164:28167:2,CU,15m,9394,2026-04-14 10:45:00,10.0,1,1,BOS,1,97250.0,129.0,BOS,1,100940.0,5.0,44,9,17,4,current_internal_high,internal,0.0,0.0,101450.0,101450.0,101450.0,0.6148963602102548,active_bull_internal_ob,internal,1.0,5.0,100580.0,100820.0,100700.0,0.00991768322919766,100990.0,101000.0,100870.0,100880.0,2718.0,169988.0,0,0,0,0,0,0,,101450.0,0.0,above,0.6148963602102548,100940.0,False,,100580.0,7.0,below,0.24794208072994148,98650.0,False,,97250.0,186.0,below,3.5505305960527624,96550.0,True,129.0,95370.0,141.0,below,5.415055043141922,94800.0,False,,1,1,0.0003126828455513435,130,UP_CONFIRMED,0.01012570435178402,0.009312772325945686,0.00427476524902408,0.5754120331979126,0.0003126828455513435,0.040648769921674655,0.002538941196551292,0.00508973360942111,0.00970708278170851,99868.75847767534,1.012570435178402,-0.09902951079421296,-0.3516439736389324,,125,1,9265,9394,2026-04-08 09:00:00,2026-04-14 10:30:00,97940.0,100880.0,130,3.001837859914236,0.023091060460878738,124.0,-1.0,9253.0,9264.0,2026-04-07 22:00:00,2026-04-08 00:45:00,95740.0,95850.0,12.0,0.11489450595363326,0.009574542162802771,420784.0,,3236.8,,16649.0,0.0,1387.4166666666667,0.0,2.332968947083909,,25.27383026007568,,61.53846153846154,28.46153846153846,10.0,True,False,,,,,0,0,2026-04-14 10:00:00,100980.0,2026-04-14 10:30:00,100880.0,7,7,0.4590217713273678,243.7076230632366,
CU:5m:1:1:28164:28167:2,CU,1h,2731,2026-04-14 10:00:00,55.0,-1,1,BOS,-1,98390.0,155.0,BOS,1,99750.0,4.0,26,3,8,2,active_bear_swing_ob,swing,-1.0,155.0,101540.0,101980.0,101760.0,0.7041555092730338,current_internal_high,internal,0.0,7.0,99750.0,99750.0,99750.0,1.0711097887533472,101000.0,101450.0,100800.0,100870.0,23706.0,169547.0,0,0,0,0,0,0,,99750.0,7.0,below,1.0711097887533472,98500.0,True,4.0,98450.0,4.0,below,2.360408608549043,97370.0,False,,101980.0,161.0,above,1.140533571357731,104520.0,False,,91500.0,81.0,below,9.253198452841415,98390.0,False,,1,1,0.0006060804240553029,70,UP_CONFIRMED,0.02893834307095803,0.019626624871809058,0.006199105833374141,0.9334652182703054,0.0006060804240553029,0.0424256296838712,0.006697261309641878,0.010770440661770131,0.018057469102665813,98033.0849552603,2.893834307095803,0.0495933346558175,1.786314165803997,,33,1,2662,2731,2026-04-01 00:00:00,2026-04-14 09:00:00,96760.0,100870.0,70,4.2476229847044245,0.06068032835292035,32.0,-1.0,2479.0,2661.0,2026-03-03 21:00:00,2026-03-31 23:00:00,100970.0,96170.0,183.0,-4.753887293255421,-0.025977526192652572,741040.0,,10586.285714285714,,2768836.0,0.0,15130.25136612022,0.0,0.699676790432617,,0.2676359307665748,,54.285714285714285,41.42857142857143,4.285714285714286,False,False,,,,,0,0,2026-04-13 11:00:00,98940.0,2026-04-13 09:00:00,98800.0,6,6,0.31585185297337104,454.4970125988319,4.0
CU:5m:1:1:28164:28167:2,CU,4h,1211,2026-04-14 01:00:00,595.0,-1,1,CHoCH,-1,97920.0,67.0,BOS,1,98500.0,5.0,19,2,3,1,active_bear_internal_ob,internal,-1.0,111.0,103320.0,104520.0,103920.0,2.469503124070217,current_internal_high,internal,0.0,8.0,98500.0,98500.0,98500.0,2.3108201924030545,100720.0,100920.0,100650.0,100820.0,4285.0,170159.0,0,0,0,0,0,0,,98500.0,8.0,below,2.3108201924030545,97250.0,True,5.0,97370.0,6.0,below,3.43151839730239,95370.0,False,,104520.0,69.0,above,3.6596251115739364,114140.0,False,,91500.0,7.0,below,9.253198452841415,97920.0,False,,0,0,0.0009588919714003802,16,NONE,0.05852673593725303,0.045160598978199254,0.00587582890290947,0.9885400204389869,0.0009588919714003802,0.015342271542406083,0.0061526047323576805,0.011218413048124765,,95245.58669812982,5.852673593725303,0.09928514694201862,-1.3092173159429366,,11,1,1196,1211,2026-04-08 09:00:00,2026-04-14 00:00:00,97670.0,100820.0,16,3.225145899457349,0.2015716187160843,10.0,-1.0,1041.0,1195.0,2026-02-02 13:30:00,2026-04-08 00:00:00,98580.0,95850.0,155.0,-2.769324406573337,-0.017866609074666688,390178.0,,24386.125,,5711580.0,0.0,36848.903225806454,0.0,0.6617869967679696,,0.06831349644056461,,93.75,6.25,0.0,False,False,,,,,0,0,2026-04-08 09:00:00,97670.0,,,1,0,0.13010963175545914,707.62482831276,
CU:5m:1:1:28164:28167:3,CU,5m,28192,2026-04-14 11:25:00,0.0,1,-1,BOS,1,99750.0,71.0,CHoCH,-1,100760.0,5.0,81,13,34,5,active_bear_internal_ob,internal,-1.0,5.0,100880.0,101000.0,100940.0,0.06943755579803591,active_bull_internal_ob,internal,1.0,32.0,100650.0,100770.0,100710.0,0.03967860331316338,100860.0,100910.0,100810.0,100810.0,533.0,169913.0,1,1,1,0,1,0,active_bull_internal_ob,101000.0,5.0,above,0.18847336573752604,101450.0,False,,100730.0,0.0,below,0.07935720662632675,100760.0,False,,99750.0,97.0,below,1.0514829877988294,98500.0,True,71.0,98450.0,68.0,below,2.341037595476639,97370.0,False,,1,1,0.00014797091444646441,255,UP_CONFIRMED,-0.005007039252891551,0.002731919858057611,0.0034471141218977265,0.012382316661262438,0.00014797091444646441,0.03773258318384842,-0.00023910222317446994,-0.000495171177481768,-0.0011404713341770512,101317.29969657774,-0.5007039252891551,-0.049573666468372135,-1.1461448562478986,,379,1,27938,28192,2026-04-09 21:25:00,2026-04-14 11:20:00,98130.0,100810.0,255,2.7310710282278716,0.010710082463638712,378.0,-1.0,27888.0,27937.0,2026-04-09 09:00:00,2026-04-09 21:20:00,97770.0,97960.0,50.0,0.19433364017591437,0.0038866728035182874,264076.0,,1035.592156862745,,51773.0,0.0,1035.46,0.0,1.0001276310651739,,5.100650918432388,,48.23529411764706,38.43137254901961,13.333333333333334,True,True,2026-04-13 11:20:00,98930.0,2026-04-14 09:05:00,101390.0,2,3,2026-04-13 11:20:00,98930.0,2026-04-14 09:20:00,101110.0,14,15,1.2617918171101172,114.57206538871729,
CU:5m:1:1:28164:28167:3,CU,15m,9396,2026-04-14 11:15:00,10.0,1,1,BOS,1,97250.0,131.0,BOS,1,100940.0,7.0,44,9,17,4,current_internal_high,internal,0.0,2.0,101450.0,101450.0,101450.0,0.634857653010614,current_internal_low,internal,0.0,9.0,100580.0,100580.0,100580.0,0.22815196905068943,100740.0,100920.0,100740.0,100890.0,2493.0,170010.0,1,1,1,0,1,0,active_bull_internal_ob,101450.0,2.0,above,0.634857653010614,100940.0,False,,100580.0,9.0,below,0.22815196905068943,98650.0,False,,97250.0,188.0,below,3.5313956948715406,96550.0,True,131.0,95370.0,143.0,below,5.396290050590219,94800.0,False,,1,1,0.0003116479925645683,132,UP_CONFIRMED,0.009751582257618751,0.009309862284873115,0.004243032604722391,0.5414569009192568,0.0003116479925645683,0.04113753501852302,0.001699174467013842,0.0053194706701849,0.009615425546050771,99915.66418190554,0.975158225761875,0.14889815366290193,-0.42182664243082557,,125,1,9265,9396,2026-04-08 09:00:00,2026-04-14 11:00:00,97940.0,100890.0,132,3.0120481927710774,0.022818546914932403,124.0,-1.0,9253.0,9264.0,2026-04-07 22:00:00,2026-04-08 00:45:00,95740.0,95850.0,12.0,0.11489450595363326,0.009574542162802771,425815.0,,3225.871212121212,,16649.0,0.0,1387.4166666666667,0.0,2.325091870109589,,25.57601057120548,,60.60606060606061,29.545454545454547,9.848484848484848,True,False,,,,,0,0,2026-04-14 10:00:00,100980.0,2026-04-14 10:30:00,100880.0,7,7,0.4557567528809283,235.59483825350506,
CU:5m:1:1:28164:28167:3,CU,1h,2732,2026-04-14 11:00:00,25.0,-1,1,BOS,-1,98390.0,156.0,BOS,1,99750.0,5.0,26,3,8,2,active_bear_swing_ob,swing,-1.0,156.0,101540.0,101980.0,101760.0,0.7241345104652316,current_internal_high,internal,0.0,8.0,99750.0,99750.0,99750.0,1.0514829877988294,100860.0,101000.0,100730.0,100740.0,9438.0,169997.0,0,0,0,0,0,0,,99750.0,8.0,below,1.0514829877988294,98500.0,True,5.0,98450.0,5.0,below,2.341037595476639,97370.0,False,,101980.0,162.0,above,1.1605991469100287,104520.0,False,,91500.0,82.0,below,9.235194921138776,98390.0,False,,1,1,0.000609183203213958,71,UP_CONFIRMED,0.02679827091319558,0.01972763397098352,0.006213039473868056,0.8724464130038379,0.000609183203213958,0.04325200742819102,0.006343632007206335,0.010293022235374094,0.01875028263127443,98110.80019681534,2.679827091319558,-0.12887875483295064,-0.43077519684875126,,33,1,2662,2732,2026-04-01 00:00:00,2026-04-14 10:00:00,96760.0,100740.0,71,4.11326994625878,0.057933379524771546,32.0,-1.0,2479.0,2661.0,2026-03-03 21:00:00,2026-03-31 23:00:00,100970.0,96170.0,183.0,-4.753887293255421,-0.025977526192652572,750478.0,,10570.112676056338,,2768836.0,0.0,15130.25136612022,0.0,0.6986078697757143,,0.27104458335560505,,54.929577464788736,40.845070422535215,4.225352112676056,False,False,,,,,0,0,2026-04-13 11:00:00,98940.0,2026-04-13 09:00:00,98800.0,6,6,0.3149409342755717,441.31865455605816,3.0
CU:5m:1:1:28164:28167:3,CU,4h,1211,2026-04-14 01:00:00,625.0,-1,1,CHoCH,-1,97920.0,67.0,BOS,1,98500.0,5.0,19,2,3,1,active_bear_internal_ob,internal,-1.0,111.0,103320.0,104520.0,103920.0,2.489832357901002,current_internal_high,internal,0.0,8.0,98500.0,98500.0,98500.0,2.291439341335185,100720.0,100920.0,100650.0,100820.0,4285.0,170159.0,0,0,0,0,0,0,,98500.0,8.0,below,2.291439341335185,97250.0,True,5.0,97370.0,6.0,below,3.4123598849320502,95370.0,False,,104520.0,69.0,above,3.680190457295903,114140.0,False,,91500.0,7.0,below,9.235194921138776,97920.0,False,,0,0,0.0009588919714003802,16,NONE,0.05852673593725303,0.045160598978199254,0.00587582890290947,0.9885400204389869,0.0009588919714003802,0.015342271542406083,0.0061526047323576805,0.011218413048124765,,95245.58669812982,5.852673593725303,0.09928514694201862,-1.3092173159429366,,11,1,1196,1211,2026-04-08 09:00:00,2026-04-14 00:00:00,97670.0,100820.0,16,3.225145899457349,0.2015716187160843,10.0,-1.0,1041.0,1195.0,2026-02-02 13:30:00,2026-04-08 00:00:00,98580.0,95850.0,155.0,-2.769324406573337,-0.017866609074666688,390178.0,,24386.125,,5711580.0,0.0,36848.903225806454,0.0,0.6617869967679696,,0.06831349644056461,,93.75,6.25,0.0,False,False,,,,,0,0,2026-04-08 09:00:00,97670.0,,,1,0,0.13010963175545914,707.62482831276,
CU:5m:1:-1:28181:28187:1,CU,5m,28188,2026-04-14 11:05:00,0.0,1,-1,BOS,1,99750.0,67.0,CHoCH,-1,100760.0,1.0,81,13,34,5,current_internal_high,internal,0.0,1.0,101000.0,101000.0,101000.0,0.10902963623748638,active_bull_internal_ob,internal,1.0,21.0,100720.0,100810.0,100765.0,0.07929428089999009,100740.0,100890.0,100740.0,100890.0,1186.0,169959.0,1,1,0,1,1,0,active_bear_internal_ob,101000.0,1.0,above,0.10902963623748638,101450.0,False,,100760.0,4.0,below,0.12885320646248388,100720.0,True,1.0,99750.0,93.0,below,1.1299435028248588,98500.0,True,67.0,98450.0,64.0,below,2.418475567449698,97370.0,False,,1,1,0.00015099418538360368,251,UP_CONFIRMED,-0.004377623009387125,0.0028486751263922965,0.003346920286118986,0.01542163883257297,0.00015099418538360368,0.037899540531284526,-0.00028518682797973316,-0.0006196370029442066,-0.0011171749064727843,101333.60030029863,-0.43776230093871255,0.14889815366290193,-0.21612128904805009,,379,1,27938,28188,2026-04-09 21:25:00,2026-04-14 11:00:00,98130.0,100890.0,251,2.812595536533169,0.01120555990650665,378.0,-1.0,27888.0,27937.0,2026-04-09 09:00:00,2026-04-09 21:20:00,97770.0,97960.0,50.0,0.19433364017591437,0.0038866728035182874,261552.0,,1042.0398406374502,,51773.0,0.0,1035.46,0.0,1.0063545097226838,,5.051899638807873,,49.00398406374502,39.04382470119522,11.952191235059761,True,True,2026-04-13 11:20:00,98930.0,2026-04-14 09:05:00,101390.0,2,3,2026-04-13 11:20:00,98930.0,2026-04-14 09:20:00,101110.0,14,15,1.1749041704020815,127.77495409729922,
CU:5m:1:-1:28181:28187:1,CU,15m,9395,2026-04-14 11:00:00,5.0,1,1,BOS,1,97250.0,130.0,BOS,1,100940.0,6.0,44,9,17,4,current_internal_high,internal,0.0,1.0,101450.0,101450.0,101450.0,0.5550599662999306,active_bull_internal_ob,internal,1.0,6.0,100580.0,100820.0,100700.0,0.06938249578749132,100880.0,100920.0,100730.0,100740.0,2538.0,169997.0,0,0,0,0,0,0,,101450.0,1.0,above,0.5550599662999306,100940.0,False,,100580.0,8.0,below,0.30726533848746157,98650.0,False,,97250.0,187.0,below,3.607889780949549,96550.0,True,130.0,95370.0,142.0,below,5.471305382099316,94800.0,False,,1,1,0.0003121393910301994,131,UP_CONFIRMED,0.008489836972693366,0.00930649037668422,0.00425902040883091,0.42397028450938185,0.0003121393910301994,0.04089026022495612,0.0020782334707463157,0.00519332807129147,0.009819928360496277,99891.93376742746,0.8489836972693365,-0.1387787470261692,-0.4488814671423853,,125,1,9265,9395,2026-04-08 09:00:00,2026-04-14 10:45:00,97940.0,100740.0,131,2.858893199918322,0.02182361221311696,124.0,-1.0,9253.0,9264.0,2026-04-07 22:00:00,2026-04-08 00:45:00,95740.0,95850.0,12.0,0.11489450595363326,0.009574542162802771,423322.0,,3231.4656488549617,,16649.0,0.0,1387.4166666666667,0.0,2.3291241387626607,,25.426271848159047,,61.06870229007634,29.00763358778626,9.923664122137405,True,False,,,,,0,0,2026-04-14 10:00:00,100980.0,2026-04-14 10:30:00,100880.0,7,7,0.45763980151971567,239.87136427300544,
CU:5m:1:-1:28181:28187:1,CU,1h,2732,2026-04-14 11:00:00,5.0,-1,1,BOS,-1,98390.0,156.0,BOS,1,99750.0,5.0,26,3,8,2,active_bear_swing_ob,swing,-1.0,156.0,101540.0,101980.0,101760.0,0.6442660323124194,current_internal_high,internal,0.0,8.0,99750.0,99750.0,99750.0,1.1299435028248588,100860.0,101000.0,100730.0,100740.0,9438.0,169997.0,0,0,0,0,0,0,,99750.0,8.0,below,1.1299435028248588,98500.0,True,5.0,98450.0,5.0,below,2.418475567449698,97370.0,False,,101980.0,162.0,above,1.080384577262365,104520.0,False,,91500.0,82.0,below,9.307166220636336,98390.0,False,,1,1,0.000609183203213958,71,UP_CONFIRMED,0.02679827091319558,0.01972763397098352,0.006213039473868056,0.8724464130038379,0.000609183203213958,0.04325200742819102,0.006343632007206335,0.010293022235374094,0.01875028263127443,98110.80019681534,2.679827091319558,-0.12887875483295064,-0.43077519684875126,,33,1,2662,2732,2026-04-01 00:00:00,2026-04-14 10:00:00,96760.0,100740.0,71,4.11326994625878,0.057933379524771546,32.0,-1.0,2479.0,2661.0,2026-03-03 21:00:00,2026-03-31 23:00:00,100970.0,96170.0,183.0,-4.753887293255421,-0.025977526192652572,750478.0,,10570.112676056338,,2768836.0,0.0,15130.25136612022,0.0,0.6986078697757143,,0.27104458335560505,,54.929577464788736,40.845070422535215,4.225352112676056,False,False,,,,,0,0,2026-04-13 11:00:00,98940.0,2026-04-13 09:00:00,98800.0,6,6,0.3149409342755717,441.31865455605816,3.0
CU:5m:1:-1:28181:28187:1,CU,4h,1211,2026-04-14 01:00:00,605.0,-1,1,CHoCH,-1,97920.0,67.0,BOS,1,98500.0,5.0,19,2,3,1,active_bear_internal_ob,internal,-1.0,111.0,103320.0,104520.0,103920.0,2.408563782337199,current_internal_high,internal,0.0,8.0,98500.0,98500.0,98500.0,2.368916641887204,100720.0,100920.0,100650.0,100820.0,4285.0,170159.0,0,0,0,0,0,0,,98500.0,8.0,below,2.368916641887204,97250.0,True,5.0,97370.0,6.0,below,3.488948359599564,95370.0,False,,104520.0,69.0,above,3.5979779958370504,114140.0,False,,91500.0,7.0,below,9.307166220636336,97920.0,False,,0,0,0.0009588919714003802,16,NONE,0.05852673593725303,0.045160598978199254,0.00587582890290947,0.9885400204389869,0.0009588919714003802,0.015342271542406083,0.0061526047323576805,0.011218413048124765,,95245.58669812982,5.852673593725303,0.09928514694201862,-1.3092173159429366,,11,1,1196,1211,2026-04-08 09:00:00,2026-04-14 00:00:00,97670.0,100820.0,16,3.225145899457349,0.2015716187160843,10.0,-1.0,1041.0,1195.0,2026-02-02 13:30:00,2026-04-08 00:00:00,98580.0,95850.0,155.0,-2.769324406573337,-0.017866609074666688,390178.0,,24386.125,,5711580.0,0.0,36848.903225806454,0.0,0.6617869967679696,,0.06831349644056461,,93.75,6.25,0.0,False,False,,,,,0,0,2026-04-08 09:00:00,97670.0,,,1,0,0.13010963175545914,707.62482831276,
CU:5m:1:-1:28181:28187:2,CU,5m,28196,2026-04-14 13:45:00,0.0,1,-1,BOS,1,99750.0,75.0,BOS,-1,100730.0,2.0,79,14,34,5,active_bear_internal_ob,internal,-1.0,9.0,100880.0,101000.0,100940.0,0.02974714923153198,current_internal_low,internal,0.0,4.0,100730.0,100730.0,100730.0,0.11898859692612793,100770.0,100880.0,100760.0,100850.0,1297.0,169499.0,1,1,0,1,1,0,active_bear_internal_ob,100930.0,0.0,above,0.07932573128408528,101000.0,False,,100730.0,4.0,below,0.11898859692612793,100760.0,True,2.0,99750.0,101.0,below,1.0907288051561725,98500.0,True,75.0,98450.0,72.0,below,2.379771938522558,97370.0,False,,0,0,1.8669736672046373e-05,-3,NONE,0.002603373252567789,0.0017730005698245877,0.0007095294883331311,0.8790627953389654,1.8669736672046373e-05,5.600921001613912e-05,,,,100588.13154880008,0.26033732525677894,0.07938870695642919,0.28603420207074226,,380,-1,28194,28196,2026-04-14 13:30:00,2026-04-14 13:40:00,100670.0,100850.0,3,0.17880202642297505,0.059600675474325016,379.0,1.0,27938.0,28193.0,2026-04-09 21:25:00,2026-04-14 11:25:00,98130.0,100750.0,256.0,2.669927646998871,0.01042940487108934,5306.0,,1768.6666666666667,,264848.0,0.0,1034.5625,0.0,1.709579331037677,,0.020034132785597777,,0.0,33.33333333333333,66.66666666666666,True,False,2026-04-14 13:30:00,100670.0,,,1,0,2026-04-14 13:40:00,100850.0,,,1,0,0.4001857080076001,118.56343085087344,
CU:5m:1:-1:28181:28187:2,CU,15m,9398,2026-04-14 13:45:00,0.0,1,1,BOS,1,97250.0,133.0,BOS,1,100940.0,9.0,44,9,17,4,current_internal_high,internal,0.0,4.0,101450.0,101450.0,101450.0,0.5949429846306395,active_bull_internal_ob,internal,1.0,9.0,100580.0,100820.0,100700.0,0.02974714923153198,100700.0,100880.0,100580.0,100850.0,5306.0,169499.0,0,0,0,0,0,0,,101450.0,4.0,above,0.5949429846306395,100940.0,False,,100580.0,11.0,below,0.2677243430837878,98650.0,False,,97250.0,190.0,below,3.5696579077838373,96550.0,True,133.0,95370.0,145.0,below,5.433812592959841,94800.0,False,,1,1,0.0003118030895649734,134,UP_CONFIRMED,0.00872721564447189,0.009297003887672736,0.00421268232296528,0.44620495354647405,0.0003118030895649734,0.041781614001706435,0.0013745929776620702,0.005548509600934892,0.008734903146814688,99977.47501594604,0.8727215644471891,0.09925558312655625,0.8576377895553442,,125,1,9265,9398,2026-04-08 09:00:00,2026-04-14 13:30:00,97940.0,100850.0,134,2.9712068613436893,0.022173185532415592,124.0,-1.0,9253.0,9264.0,2026-04-07 22:00:00,2026-04-08 00:45:00,95740.0,95850.0,12.0,0.11489450595363326,0.009574542162802771,433110.0,,3232.1641791044776,,16649.0,0.0,1387.4166666666667,0.0,2.3296276142263035,,26.01417502552706,,59.70149253731343,30.597014925373134,9.701492537313433,True,False,,,,,0,0,2026-04-14 10:00:00,100980.0,2026-04-14 10:30:00,100880.0,7,7,0.45312257302065256,236.50779420837938,
CU:5m:1:-1:28181:28187:2,CU,1h,2733,2026-04-14 11:30:00,135.0,-1,1,BOS,-1,98390.0,157.0,BOS,1,99750.0,6.0,26,3,8,2,active_bear_swing_ob,swing,-1.0,157.0,101540.0,101980.0,101760.0,0.6841844323252355,current_internal_high,internal,0.0,9.0,99750.0,99750.0,99750.0,1.0907288051561725,100740.0,100930.0,100740.0,100750.0,4482.0,169718.0,0,0,0,0,0,0,,99750.0,9.0,below,1.0907288051561725,98500.0,True,6.0,98450.0,6.0,below,2.379771938522558,97370.0,False,,101980.0,163.0,above,1.1204759543877045,104520.0,False,,91500.0,83.0,below,9.271194843827466,98390.0,False,,1,1,0.0006061005439966454,72,UP_CONFIRMED,0.026519175603212437,0.019821960938097807,0.0062207274907170535,0.8591697596005428,0.0006061005439966454,0.04363923916775847,0.004488052793741204,0.010093034204931461,0.01825694279065826,98147.21672471084,2.6519175603212437,0.009926543577520874,-1.111119402269975,,33,1,2662,2733,2026-04-01 00:00:00,2026-04-14 11:00:00,96760.0,100750.0,72,4.123604795369995,0.05727228882458327,32.0,-1.0,2479.0,2661.0,2026-03-03 21:00:00,2026-03-31 23:00:00,100970.0,96170.0,183.0,-4.753887293255421,-0.025977526192652572,754960.0,,10485.555555555555,,2768836.0,0.0,15130.25136612022,0.0,0.6930192567081136,,0.27266331411466765,,55.55555555555556,40.27777777777778,4.166666666666666,False,False,,,,,0,0,2026-04-13 11:00:00,98940.0,2026-04-13 09:00:00,98800.0,6,6,0.31383007514462485,423.3673220877683,2.0
CU:5m:1:-1:28181:28187:2,CU,4h,1212,2026-04-14 11:30:00,135.0,-1,1,CHoCH,-1,97920.0,68.0,BOS,1,98500.0,6.0,19,2,3,1,active_bear_internal_ob,internal,-1.0,112.0,103320.0,104520.0,103920.0,2.449181953396133,current_internal_high,internal,0.0,9.0,98500.0,98500.0,98500.0,2.330193356470005,101000.0,101450.0,100730.0,100750.0,37626.0,169718.0,0,0,0,0,0,0,,98500.0,9.0,below,2.330193356470005,97250.0,True,6.0,97370.0,7.0,below,3.45066931085771,95370.0,False,,104520.0,70.0,above,3.639067922657412,114140.0,False,,91500.0,8.0,below,9.271194843827466,97920.0,False,,0,0,0.0010417619418281062,17,NONE,0.0553308626936156,0.04575884978498845,0.006182307489966206,0.9392239110856617,0.0010417619418281062,0.017709953011077806,0.008282633167516318,0.012774077681618756,,95467.69033442909,5.53308626936156,-0.0694306685181556,0.9359337368812639,,11,1,1196,1212,2026-04-08 09:00:00,2026-04-14 09:00:00,97670.0,100750.0,17,3.1534759905805343,0.1854985876812079,10.0,-1.0,1041.0,1195.0,2026-02-02 13:30:00,2026-04-08 00:00:00,98580.0,95850.0,155.0,-2.769324406573337,-0.017866609074666688,427804.0,,25164.941176470587,,5711580.0,0.0,36848.903225806454,0.0,0.6829223931649282,,0.07490116570195988,,94.11764705882352,5.88235294117647,0.0,False,False,,,,,0,0,2026-04-08 09:00:00,97670.0,,,1,0,0.13510626947608198,708.5087691475628,
CU:5m:1:-1:28191:28194:1,CU,5m,28196,2026-04-14 13:45:00,0.0,1,-1,BOS,1,99750.0,75.0,BOS,-1,100730.0,2.0,79,14,34,5,active_bear_internal_ob,internal,-1.0,9.0,100880.0,101000.0,100940.0,0.02974714923153198,current_internal_low,internal,0.0,4.0,100730.0,100730.0,100730.0,0.11898859692612793,100770.0,100880.0,100760.0,100850.0,1297.0,169499.0,1,1,0,1,1,0,active_bear_internal_ob,100930.0,0.0,above,0.07932573128408528,101000.0,False,,100730.0,4.0,below,0.11898859692612793,100760.0,True,2.0,99750.0,101.0,below,1.0907288051561725,98500.0,True,75.0,98450.0,72.0,below,2.379771938522558,97370.0,False,,0,0,1.8669736672046373e-05,-3,NONE,0.002603373252567789,0.0017730005698245877,0.0007095294883331311,0.8790627953389654,1.8669736672046373e-05,5.600921001613912e-05,,,,100588.13154880008,0.26033732525677894,0.07938870695642919,0.28603420207074226,,380,-1,28194,28196,2026-04-14 13:30:00,2026-04-14 13:40:00,100670.0,100850.0,3,0.17880202642297505,0.059600675474325016,379.0,1.0,27938.0,28193.0,2026-04-09 21:25:00,2026-04-14 11:25:00,98130.0,100750.0,256.0,2.669927646998871,0.01042940487108934,5306.0,,1768.6666666666667,,264848.0,0.0,1034.5625,0.0,1.709579331037677,,0.020034132785597777,,0.0,33.33333333333333,66.66666666666666,True,False,2026-04-14 13:30:00,100670.0,,,1,0,2026-04-14 13:40:00,100850.0,,,1,0,0.4001857080076001,118.56343085087344,
CU:5m:1:-1:28191:28194:1,CU,15m,9398,2026-04-14 13:45:00,0.0,1,1,BOS,1,97250.0,133.0,BOS,1,100940.0,9.0,44,9,17,4,current_internal_high,internal,0.0,4.0,101450.0,101450.0,101450.0,0.5949429846306395,active_bull_internal_ob,internal,1.0,9.0,100580.0,100820.0,100700.0,0.02974714923153198,100700.0,100880.0,100580.0,100850.0,5306.0,169499.0,0,0,0,0,0,0,,101450.0,4.0,above,0.5949429846306395,100940.0,False,,100580.0,11.0,below,0.2677243430837878,98650.0,False,,97250.0,190.0,below,3.5696579077838373,96550.0,True,133.0,95370.0,145.0,below,5.433812592959841,94800.0,False,,1,1,0.0003118030895649734,134,UP_CONFIRMED,0.00872721564447189,0.009297003887672736,0.00421268232296528,0.44620495354647405,0.0003118030895649734,0.041781614001706435,0.0013745929776620702,0.005548509600934892,0.008734903146814688,99977.47501594604,0.8727215644471891,0.09925558312655625,0.8576377895553442,,125,1,9265,9398,2026-04-08 09:00:00,2026-04-14 13:30:00,97940.0,100850.0,134,2.9712068613436893,0.022173185532415592,124.0,-1.0,9253.0,9264.0,2026-04-07 22:00:00,2026-04-08 00:45:00,95740.0,95850.0,12.0,0.11489450595363326,0.009574542162802771,433110.0,,3232.1641791044776,,16649.0,0.0,1387.4166666666667,0.0,2.3296276142263035,,26.01417502552706,,59.70149253731343,30.597014925373134,9.701492537313433,True,False,,,,,0,0,2026-04-14 10:00:00,100980.0,2026-04-14 10:30:00,100880.0,7,7,0.45312257302065256,236.50779420837938,
CU:5m:1:-1:28191:28194:1,CU,1h,2733,2026-04-14 11:30:00,135.0,-1,1,BOS,-1,98390.0,157.0,BOS,1,99750.0,6.0,26,3,8,2,active_bear_swing_ob,swing,-1.0,157.0,101540.0,101980.0,101760.0,0.6841844323252355,current_internal_high,internal,0.0,9.0,99750.0,99750.0,99750.0,1.0907288051561725,100740.0,100930.0,100740.0,100750.0,4482.0,169718.0,0,0,0,0,0,0,,99750.0,9.0,below,1.0907288051561725,98500.0,True,6.0,98450.0,6.0,below,2.379771938522558,97370.0,False,,101980.0,163.0,above,1.1204759543877045,104520.0,False,,91500.0,83.0,below,9.271194843827466,98390.0,False,,1,1,0.0006061005439966454,72,UP_CONFIRMED,0.026519175603212437,0.019821960938097807,0.0062207274907170535,0.8591697596005428,0.0006061005439966454,0.04363923916775847,0.004488052793741204,0.010093034204931461,0.01825694279065826,98147.21672471084,2.6519175603212437,0.009926543577520874,-1.111119402269975,,33,1,2662,2733,2026-04-01 00:00:00,2026-04-14 11:00:00,96760.0,100750.0,72,4.123604795369995,0.05727228882458327,32.0,-1.0,2479.0,2661.0,2026-03-03 21:00:00,2026-03-31 23:00:00,100970.0,96170.0,183.0,-4.753887293255421,-0.025977526192652572,754960.0,,10485.555555555555,,2768836.0,0.0,15130.25136612022,0.0,0.6930192567081136,,0.27266331411466765,,55.55555555555556,40.27777777777778,4.166666666666666,False,False,,,,,0,0,2026-04-13 11:00:00,98940.0,2026-04-13 09:00:00,98800.0,6,6,0.31383007514462485,423.3673220877683,2.0
CU:5m:1:-1:28191:28194:1,CU,4h,1212,2026-04-14 11:30:00,135.0,-1,1,CHoCH,-1,97920.0,68.0,BOS,1,98500.0,6.0,19,2,3,1,active_bear_internal_ob,internal,-1.0,112.0,103320.0,104520.0,103920.0,2.449181953396133,current_internal_high,internal,0.0,9.0,98500.0,98500.0,98500.0,2.330193356470005,101000.0,101450.0,100730.0,100750.0,37626.0,169718.0,0,0,0,0,0,0,,98500.0,9.0,below,2.330193356470005,97250.0,True,6.0,97370.0,7.0,below,3.45066931085771,95370.0,False,,104520.0,70.0,above,3.639067922657412,114140.0,False,,91500.0,8.0,below,9.271194843827466,97920.0,False,,0,0,0.0010417619418281062,17,NONE,0.0553308626936156,0.04575884978498845,0.006182307489966206,0.9392239110856617,0.0010417619418281062,0.017709953011077806,0.008282633167516318,0.012774077681618756,,95467.69033442909,5.53308626936156,-0.0694306685181556,0.9359337368812639,,11,1,1196,1212,2026-04-08 09:00:00,2026-04-14 09:00:00,97670.0,100750.0,17,3.1534759905805343,0.1854985876812079,10.0,-1.0,1041.0,1195.0,2026-02-02 13:30:00,2026-04-08 00:00:00,98580.0,95850.0,155.0,-2.769324406573337,-0.017866609074666688,427804.0,,25164.941176470587,,5711580.0,0.0,36848.903225806454,0.0,0.6829223931649282,,0.07490116570195988,,94.11764705882352,5.88235294117647,0.0,False,False,,,,,0,0,2026-04-08 09:00:00,97670.0,,,1,0,0.13510626947608198,708.5087691475628,
CU:5m:1:1:28194:28197:1,CU,5m,29142,2026-04-28 21:05:00,0.0,-1,-1,CHoCH,-1,102250.0,69.0,CHoCH,-1,101940.0,0.0,80,12,34,3,current_internal_low,internal,0.0,2.0,101940.0,101940.0,101940.0,1.0707911957168352,active_bull_internal_ob,internal,1.0,945.0,100580.0,100710.0,100645.0,0.148720999405116,101020.0,101040.0,100670.0,100860.0,14707.0,201460.0,0,0,0,0,0,0,,102210.0,6.0,above,1.338488994646044,102330.0,True,1.0,101940.0,2.0,above,1.0707911957168352,101880.0,True,0.0,103370.0,69.0,above,2.4885980567122745,103620.0,False,,102250.0,138.0,above,1.3781479278207416,102160.0,True,69.0,-1,-1,-0.00025966307161944896,-94,DOWN_CONFIRMED,0.001824077178667935,-0.004493539589386089,0.0022397879979353915,0.9976035393805496,-0.00025966307161944896,-0.0244083287322282,-0.014833008611372378,-0.015053730747049188,-0.015597253418650703,100676.35855193403,0.1824077178667935,-1.3690592607079943,4.280227076636808,,392,-1,29049,29142,2026-04-27 21:00:00,2026-04-28 21:00:00,102390.0,100860.0,94,-1.4942865514210424,-0.015896665440649386,391.0,1.0,28980.0,29048.0,2026-04-24 23:00:00,2026-04-27 14:55:00,103010.0,102800.0,69.0,-0.20386370255315311,-0.0029545464138138132,115793.0,,1231.840425531915,,71395.0,0.0,1034.7101449275362,0.0,1.190517394239122,,1.6218642762098185,,6.382978723404255,46.808510638297875,46.808510638297875,True,True,2026-04-28 14:50:00,102200.0,2026-04-28 13:30:00,102000.0,2,1,2026-04-28 14:50:00,102200.0,2026-04-28 21:00:00,100860.0,6,6,0.498446258986091,213.39191260522284,
CU:5m:1:1:28194:28197:1,CU,15m,9713,2026-04-28 15:00:00,365.0,-1,-1,CHoCH,-1,102160.0,19.0,BOS,-1,102090.0,11.0,46,6,17,4,active_bull_internal_ob,internal,1.0,216.0,101600.0,101840.0,101720.0,0.7336902637319056,active_bull_internal_ob,internal,1.0,324.0,100580.0,100820.0,100700.0,0.039658933174697604,102080.0,102290.0,102040.0,102260.0,4003.0,202834.0,1,1,1,0,1,0,active_bull_internal_ob,102330.0,1.0,above,1.4574657941701368,102490.0,False,,101880.0,0.0,above,1.0113027959547887,101830.0,False,,103620.0,33.0,above,2.7364663890541343,104150.0,False,,102160.0,50.0,above,1.288915328177672,101930.0,True,19.0,0,0,-0.0001748615904627819,-31,NONE,-0.0025558223170135085,-0.00611852450413179,0.0013259569503303265,0.9963939790129491,-0.0001748615904627819,-0.005420709304346238,-0.0006141018652001673,-0.002003503495472514,-0.004223625314165869,102522.02808737119,-0.25558223170135086,0.1763322884012597,0.26264121791049133,,130,-1,9683,9713,2026-04-27 21:00:00,2026-04-28 14:45:00,102360.0,102260.0,31,-0.09769441187964523,-0.003151432641278878,129.0,1.0,9585.0,9682.0,2026-04-22 13:45:00,2026-04-27 14:45:00,102690.0,102800.0,98.0,0.10711851202649392,0.0010930460410866726,101086.0,,3260.8387096774195,,387297.0,0.0,3952.0102040816328,0.0,0.8251088790989527,,0.26100382910272996,,0.0,22.58064516129032,77.41935483870968,True,True,,,,,0,0,2026-04-28 14:45:00,102260.0,2026-04-28 13:30:00,101940.0,2,1,0.2167118803618288,209.69136452874807,
CU:5m:1:1:28194:28197:1,CU,1h,2825,2026-04-28 15:00:00,365.0,1,-1,CHoCH,1,101980.0,89.0,CHoCH,-1,102250.0,6.0,27,2,9,1,active_bull_internal_ob,internal,1.0,61.0,101600.0,102130.0,101865.0,0.7336902637319056,active_bull_internal_ob,internal,1.0,98.0,98450.0,99030.0,98740.0,1.8143961927424153,102080.0,102290.0,101940.0,102260.0,11943.0,202834.0,0,0,0,0,0,0,,103370.0,7.0,above,2.4885980567122745,103620.0,False,,102250.0,13.0,above,1.3781479278207416,102160.0,True,6.0,101980.0,255.0,above,1.110450128891533,104520.0,True,89.0,91500.0,175.0,below,9.280190362879239,98390.0,False,,0,0,-0.000218752726202065,-5,NONE,-0.012180552429104789,-0.014129801735653189,0.0017708833264816167,0.8644910515097811,-0.000218752726202065,-0.001093763631010325,,,,103520.94226476632,-1.218055242910479,0.1763322884012597,0.14805810864958258,,34,-1,2821,2825,2026-04-28 09:00:00,2026-04-28 14:00:00,101970.0,102260.0,5,0.2843973717760129,0.056879474355202575,33.0,1.0,2662.0,2820.0,2026-04-01 00:00:00,2026-04-28 00:00:00,96760.0,102280.0,159.0,5.704836709384042,0.035879476159648066,65611.0,,13122.2,,1741539.0,0.0,10953.075471698114,0.0,1.1980379423027563,,0.037674149129017495,,0.0,0.0,100.0,True,True,,,,,0,0,,,,,0,0,0.1253296655970207,378.7564223798493,4.0
CU:5m:1:1:28194:28197:1,CU,4h,1253,2026-04-28 15:00:00,365.0,-1,1,CHoCH,-1,97920.0,109.0,BOS,1,103230.0,15.0,19,2,3,1,current_internal_low,internal,0.0,16.0,101930.0,101930.0,101930.0,1.0608764624231608,active_bull_internal_ob,internal,1.0,47.0,97370.0,98000.0,97685.0,2.8356137219908786,102130.0,102290.0,101880.0,102260.0,20287.0,202834.0,0,0,0,0,0,0,,104150.0,8.0,above,3.2619472536188776,103230.0,False,,101930.0,16.0,above,1.0608764624231608,101600.0,False,,104520.0,111.0,above,3.6287923854848305,114140.0,False,,91500.0,49.0,below,9.280190362879239,97920.0,False,,1,1,0.0012418864143021564,58,UP_CONFIRMED,0.016872947674445384,0.04314227755438066,0.012712812000986371,0.019396939446360617,0.0012418864143021564,0.07202941202952506,0.002888148497305343,0.0074709314818883765,0.02159610370347176,100563.20234879413,1.6872947674445384,-0.05863956215793609,-0.38321598289662745,,11,1,1196,1253,2026-04-08 09:00:00,2026-04-28 13:30:00,97670.0,102260.0,58,4.699498310637873,0.08102583294203229,10.0,-1.0,1041.0,1195.0,2026-02-02 13:30:00,2026-04-08 00:00:00,98580.0,95850.0,155.0,-2.769324406573337,-0.017866609074666688,1479994.0,,25517.137931034482,,5711580.0,0.0,36848.903225806454,0.0,0.6924802557804223,,0.25912164409848065,,74.13793103448276,25.862068965517242,0.0,True,False,,,,,0,0,2026-04-27 09:00:00,103200.0,2026-04-27 13:30:00,102800.0,3,3,0.2946717865083021,584.5787028771852,
CU:5m:1:1:28194:28197:2,CU,5m,32524,2026-06-25 00:10:00,0.0,-1,-1,BOS,-1,102850.0,37.0,BOS,-1,101100.0,2.0,77,16,34,5,current_internal_low,internal,0.0,25.0,101100.0,101100.0,101100.0,0.42713817423264133,active_bull_internal_ob,internal,1.0,4396.0,99520.0,99670.0,99595.0,0.9933445912387007,100940.0,100950.0,100630.0,100670.0,2719.0,161613.0,1,1,1,0,1,0,active_bull_internal_ob,101800.0,21.0,above,1.122479388099732,103920.0,False,,101100.0,25.0,above,0.42713817423264133,103380.0,True,2.0,105170.0,171.0,above,4.470050660574153,105640.0,False,,102850.0,51.0,above,2.1654912089003675,104300.0,True,37.0,0,0,-0.00034264997503042965,-38,NONE,-0.014957892448981991,-0.01260284838913565,0.0019981760252862856,0.1192793642368919,-0.00034264997503042965,-0.013020699051156326,-0.001704425315525393,-0.0022076562421212698,-0.0037709557826681728,102198.67681624567,-1.495789244898199,-0.25760428019419024,2.987476883363365,,428,-1,32487,32524,2026-06-24 21:00:00,2026-06-25 00:05:00,101980.0,100670.0,38,-1.2845656010982531,-0.03380435792363824,427.0,1.0,32447.0,32486.0,2026-06-24 09:25:00,2026-06-24 14:55:00,103370.0,103550.0,40.0,0.17413175969818173,0.004353293992454543,83429.0,,2195.5,,50628.0,0.0,1265.7,0.0,1.734613257485976,,1.6478825946116773,,0.0,39.473684210526315,60.526315789473685,True,True,,,,,0,0,2026-06-24 22:20:00,101560.0,2026-06-24 22:35:00,101450.0,2,2,0.15854955670250095,161.01167309272884,
CU:5m:1:1:28194:28197:2,CU,15m,10840,2026-06-25 00:00:00,10.0,-1,-1,CHoCH,-1,104450.0,56.0,BOS,-1,101100.0,0.0,46,11,18,2,active_bull_internal_ob,internal,1.0,1064.0,100770.0,100940.0,100855.0,0.09933445912387008,active_bull_internal_ob,internal,1.0,1472.0,98650.0,98880.0,98765.0,1.7780868183172742,101160.0,101250.0,101040.0,101070.0,1992.0,160636.0,3,3,3,0,2,1,active_bull_internal_ob|active_bull_swing_ob,101800.0,3.0,above,1.122479388099732,103920.0,False,,101100.0,4.0,above,0.42713817423264133,102950.0,True,0.0,105640.0,79.0,above,4.936922618456342,106000.0,False,,104450.0,101.0,above,3.7548425548822886,102640.0,True,56.0,-1,-1,-0.0002718908619750858,-99,DOWN_CONFIRMED,-0.015006266999793093,-0.00643588898568221,0.004035206430412067,0.01683922131862997,-0.0002718908619750858,-0.026917195335533495,-0.0012474918428170279,-0.0043836124844606195,-0.010831298968774883,102609.7899040935,-1.5006266999793092,-0.0889679715302516,-0.6701014205453921,,146,-1,10742,10840,2026-06-18 10:30:00,2026-06-24 23:45:00,104790.0,101070.0,99,-3.549957056971087,-0.03585815209061704,145.0,1.0,10710.0,10741.0,2026-06-17 10:00:00,2026-06-18 10:00:00,105530.0,105150.0,32.0,-0.3600871790012339,-0.011252724343788559,335793.0,,3391.848484848485,,72444.0,0.0,2263.875,0.0,1.498249013239903,,4.635207884710949,,4.040404040404041,38.38383838383838,57.57575757575758,True,True,2026-06-24 14:00:00,103890.0,2026-06-24 14:15:00,103640.0,2,2,2026-06-24 13:30:00,103440.0,2026-06-24 21:00:00,101760.0,5,5,0.6269850892998787,310.3122706559714,
CU:5m:1:1:28194:28197:2,CU,1h,3153,2026-06-25 00:00:00,10.0,-1,-1,BOS,-1,102640.0,2.0,BOS,-1,102850.0,2.0,27,5,10,3,active_bull_internal_ob,internal,1.0,309.0,100770.0,101050.0,100910.0,0.09933445912387008,active_bull_internal_ob,internal,1.0,426.0,98450.0,99030.0,98740.0,1.629085129631469,101300.0,101340.0,101040.0,101070.0,8349.0,160636.0,1,1,1,0,0,1,active_bull_swing_ob,105170.0,15.0,above,4.470050660574153,105640.0,False,,102850.0,4.0,above,2.1654912089003675,104300.0,True,2.0,106000.0,6.0,above,5.294526671302275,107420.0,False,,102640.0,24.0,above,1.9568888447402404,102980.0,True,2.0,0,0,-0.0007938309866617019,-17,NONE,-0.027055622092665148,-0.015843393322354102,0.005033413436693339,0.01295494631275157,-0.0007938309866617019,-0.013495126773248933,-0.007271118470150939,-0.00947260878235412,,103880.55298432086,-2.705562209266515,-0.21719814394313142,-0.3250822176811404,,42,-1,3137,3153,2026-06-23 09:00:00,2026-06-24 23:00:00,104250.0,101070.0,17,-3.0503597122302106,-0.17943292424883592,41.0,1.0,3096.0,3136.0,2026-06-15 09:00:00,2026-06-23 00:00:00,105690.0,104640.0,41.0,-0.9934714731762662,-0.024231011540884542,235105.0,,13829.70588235294,,341580.0,0.0,8331.219512195123,0.0,1.6599857754449046,,0.6882867849405703,,0.0,11.76470588235294,88.23529411764706,True,True,,,,,0,0,2026-06-24 14:00:00,103550.0,2026-06-24 21:00:00,101650.0,1,1,0.31769794098285037,507.091922813752,4.0
CU:5m:1:1:28194:28197:2,CU,4h,1398,2026-06-25 00:00:00,10.0,-1,-1,CHoCH,-1,102980.0,0.0,CHoCH,-1,104450.0,6.0,20,2,4,1,active_bull_internal_ob,internal,1.0,136.0,100770.0,101090.0,100930.0,0.09933445912387008,active_bull_internal_ob,internal,1.0,192.0,97370.0,98000.0,97685.0,2.652230058607331,102200.0,102210.0,101040.0,101070.0,78860.0,160636.0,0,0,0,0,0,0,,105640.0,11.0,above,4.936922618456342,106000.0,False,,104450.0,14.0,above,3.7548425548822886,102640.0,True,6.0,107420.0,8.0,above,6.705075990861229,108900.0,False,,102980.0,46.0,above,2.2946260057613985,91500.0,True,0.0,0,0,-0.0004173862369825902,-45,NONE,-0.035785655239641785,-0.014889591080536476,0.008783466174073098,0.008679306842874712,-0.0004173862369825902,-0.018782380664216558,-0.005975058572882941,-0.007440671666472776,-0.009057128847544171,104821.09144011907,-3.5785655239641785,-2.394978271366488,3.1926010011418313,,12,-1,1354,1398,2026-06-08 09:00:00,2026-06-24 21:00:00,104160.0,101070.0,45,-2.9665898617511566,-0.0659242191500257,11.0,1.0,1196.0,1353.0,2026-04-08 09:00:00,2026-06-06 00:00:00,97670.0,103800.0,158.0,6.276236305928129,0.039723014594481826,1092136.0,,24269.68888888889,,4264340.0,0.0,26989.493670886077,0.0,0.8992272765409054,,0.2561090344578528,,13.333333333333334,37.77777777777778,48.888888888888886,True,True,,,,,0,0,2026-06-22 13:30:00,104890.0,2026-06-22 21:00:00,104560.0,4,4,0.5899064740303551,720.1985017664542,
CU:5m:1:1:28202:28212:1,CU,5m,29142,2026-04-28 21:05:00,0.0,-1,-1,CHoCH,-1,102250.0,69.0,CHoCH,-1,101940.0,0.0,80,12,34,3,current_internal_low,internal,0.0,2.0,101940.0,101940.0,101940.0,1.0707911957168352,active_bull_internal_ob,internal,1.0,945.0,100580.0,100710.0,100645.0,0.148720999405116,101020.0,101040.0,100670.0,100860.0,14707.0,201460.0,0,0,0,0,0,0,,102210.0,6.0,above,1.338488994646044,102330.0,True,1.0,101940.0,2.0,above,1.0707911957168352,101880.0,True,0.0,103370.0,69.0,above,2.4885980567122745,103620.0,False,,102250.0,138.0,above,1.3781479278207416,102160.0,True,69.0,-1,-1,-0.00025966307161944896,-94,DOWN_CONFIRMED,0.001824077178667935,-0.004493539589386089,0.0022397879979353915,0.9976035393805496,-0.00025966307161944896,-0.0244083287322282,-0.014833008611372378,-0.015053730747049188,-0.015597253418650703,100676.35855193403,0.1824077178667935,-1.3690592607079943,4.280227076636808,,392,-1,29049,29142,2026-04-27 21:00:00,2026-04-28 21:00:00,102390.0,100860.0,94,-1.4942865514210424,-0.015896665440649386,391.0,1.0,28980.0,29048.0,2026-04-24 23:00:00,2026-04-27 14:55:00,103010.0,102800.0,69.0,-0.20386370255315311,-0.0029545464138138132,115793.0,,1231.840425531915,,71395.0,0.0,1034.7101449275362,0.0,1.190517394239122,,1.6218642762098185,,6.382978723404255,46.808510638297875,46.808510638297875,True,True,2026-04-28 14:50:00,102200.0,2026-04-28 13:30:00,102000.0,2,1,2026-04-28 14:50:00,102200.0,2026-04-28 21:00:00,100860.0,6,6,0.498446258986091,213.39191260522284,
CU:5m:1:1:28202:28212:1,CU,15m,9713,2026-04-28 15:00:00,365.0,-1,-1,CHoCH,-1,102160.0,19.0,BOS,-1,102090.0,11.0,46,6,17,4,active_bull_internal_ob,internal,1.0,216.0,101600.0,101840.0,101720.0,0.7336902637319056,active_bull_internal_ob,internal,1.0,324.0,100580.0,100820.0,100700.0,0.039658933174697604,102080.0,102290.0,102040.0,102260.0,4003.0,202834.0,1,1,1,0,1,0,active_bull_internal_ob,102330.0,1.0,above,1.4574657941701368,102490.0,False,,101880.0,0.0,above,1.0113027959547887,101830.0,False,,103620.0,33.0,above,2.7364663890541343,104150.0,False,,102160.0,50.0,above,1.288915328177672,101930.0,True,19.0,0,0,-0.0001748615904627819,-31,NONE,-0.0025558223170135085,-0.00611852450413179,0.0013259569503303265,0.9963939790129491,-0.0001748615904627819,-0.005420709304346238,-0.0006141018652001673,-0.002003503495472514,-0.004223625314165869,102522.02808737119,-0.25558223170135086,0.1763322884012597,0.26264121791049133,,130,-1,9683,9713,2026-04-27 21:00:00,2026-04-28 14:45:00,102360.0,102260.0,31,-0.09769441187964523,-0.003151432641278878,129.0,1.0,9585.0,9682.0,2026-04-22 13:45:00,2026-04-27 14:45:00,102690.0,102800.0,98.0,0.10711851202649392,0.0010930460410866726,101086.0,,3260.8387096774195,,387297.0,0.0,3952.0102040816328,0.0,0.8251088790989527,,0.26100382910272996,,0.0,22.58064516129032,77.41935483870968,True,True,,,,,0,0,2026-04-28 14:45:00,102260.0,2026-04-28 13:30:00,101940.0,2,1,0.2167118803618288,209.69136452874807,
CU:5m:1:1:28202:28212:1,CU,1h,2825,2026-04-28 15:00:00,365.0,1,-1,CHoCH,1,101980.0,89.0,CHoCH,-1,102250.0,6.0,27,2,9,1,active_bull_internal_ob,internal,1.0,61.0,101600.0,102130.0,101865.0,0.7336902637319056,active_bull_internal_ob,internal,1.0,98.0,98450.0,99030.0,98740.0,1.8143961927424153,102080.0,102290.0,101940.0,102260.0,11943.0,202834.0,0,0,0,0,0,0,,103370.0,7.0,above,2.4885980567122745,103620.0,False,,102250.0,13.0,above,1.3781479278207416,102160.0,True,6.0,101980.0,255.0,above,1.110450128891533,104520.0,True,89.0,91500.0,175.0,below,9.280190362879239,98390.0,False,,0,0,-0.000218752726202065,-5,NONE,-0.012180552429104789,-0.014129801735653189,0.0017708833264816167,0.8644910515097811,-0.000218752726202065,-0.001093763631010325,,,,103520.94226476632,-1.218055242910479,0.1763322884012597,0.14805810864958258,,34,-1,2821,2825,2026-04-28 09:00:00,2026-04-28 14:00:00,101970.0,102260.0,5,0.2843973717760129,0.056879474355202575,33.0,1.0,2662.0,2820.0,2026-04-01 00:00:00,2026-04-28 00:00:00,96760.0,102280.0,159.0,5.704836709384042,0.035879476159648066,65611.0,,13122.2,,1741539.0,0.0,10953.075471698114,0.0,1.1980379423027563,,0.037674149129017495,,0.0,0.0,100.0,True,True,,,,,0,0,,,,,0,0,0.1253296655970207,378.7564223798493,4.0
CU:5m:1:1:28202:28212:1,CU,4h,1253,2026-04-28 15:00:00,365.0,-1,1,CHoCH,-1,97920.0,109.0,BOS,1,103230.0,15.0,19,2,3,1,current_internal_low,internal,0.0,16.0,101930.0,101930.0,101930.0,1.0608764624231608,active_bull_internal_ob,internal,1.0,47.0,97370.0,98000.0,97685.0,2.8356137219908786,102130.0,102290.0,101880.0,102260.0,20287.0,202834.0,0,0,0,0,0,0,,104150.0,8.0,above,3.2619472536188776,103230.0,False,,101930.0,16.0,above,1.0608764624231608,101600.0,False,,104520.0,111.0,above,3.6287923854848305,114140.0,False,,91500.0,49.0,below,9.280190362879239,97920.0,False,,1,1,0.0012418864143021564,58,UP_CONFIRMED,0.016872947674445384,0.04314227755438066,0.012712812000986371,0.019396939446360617,0.0012418864143021564,0.07202941202952506,0.002888148497305343,0.0074709314818883765,0.02159610370347176,100563.20234879413,1.6872947674445384,-0.05863956215793609,-0.38321598289662745,,11,1,1196,1253,2026-04-08 09:00:00,2026-04-28 13:30:00,97670.0,102260.0,58,4.699498310637873,0.08102583294203229,10.0,-1.0,1041.0,1195.0,2026-02-02 13:30:00,2026-04-08 00:00:00,98580.0,95850.0,155.0,-2.769324406573337,-0.017866609074666688,1479994.0,,25517.137931034482,,5711580.0,0.0,36848.903225806454,0.0,0.6924802557804223,,0.25912164409848065,,74.13793103448276,25.862068965517242,0.0,True,False,,,,,0,0,2026-04-27 09:00:00,103200.0,2026-04-27 13:30:00,102800.0,3,3,0.2946717865083021,584.5787028771852,
CU:5m:1:1:28239:28249:1,CU,5m,28313,2026-04-15 21:45:00,0.0,1,-1,BOS,1,99750.0,192.0,CHoCH,-1,102050.0,0.0,82,9,34,3,current_internal_low,internal,0.0,3.0,102050.0,102050.0,102050.0,0.12755102040816327,active_bull_internal_ob,internal,1.0,101.0,101030.0,101100.0,101065.0,0.8045525902668761,102170.0,102180.0,101890.0,101920.0,1565.0,157914.0,1,1,1,0,1,0,active_bull_internal_ob,102380.0,9.0,above,0.4513343799058085,102620.0,True,4.0,102050.0,3.0,above,0.12755102040816327,101980.0,True,0.0,99750.0,218.0,below,2.129120879120879,98500.0,True,192.0,98450.0,189.0,below,3.4046310832025117,97370.0,False,,0,0,0.0,-1,UP_TO_DOWN,-0.006110719638506064,-0.006110719638506064,0.0,0.5,0.0,0.0,,,,102546.63372858797,-0.6110719638506064,-0.24469022217872283,0.7836751018844845,,382,-1,28313,28313,2026-04-15 21:40:00,2026-04-15 21:40:00,101920.0,101920.0,1,0.0,0.0,381.0,1.0,28212.0,28312.0,2026-04-14 21:00:00,2026-04-15 21:35:00,101970.0,102170.0,101.0,0.19613611846620582,0.0019419417669921369,1565.0,,1565.0,,125490.0,0.0,1242.4752475247524,0.0,1.2595824368475577,,0.01247111323611443,,0.0,0.0,100.0,True,True,,,,,0,0,,,,,0,0,0.0,142.7226057292968,
CU:5m:1:1:28239:28249:1,CU,15m,9437,2026-04-15 21:45:00,0.0,1,-1,BOS,1,97250.0,172.0,CHoCH,-1,102030.0,0.0,46,6,17,3,current_internal_low,internal,0.0,2.0,102030.0,102030.0,102030.0,0.10792778649921506,active_bull_internal_ob,internal,1.0,33.0,100580.0,100880.0,100730.0,1.0204081632653061,102300.0,102300.0,101890.0,101920.0,4261.0,157914.0,1,1,1,0,1,0,active_bull_internal_ob,103130.0,8.0,above,1.1872056514913658,102180.0,False,,102030.0,2.0,above,0.10792778649921506,101820.0,True,0.0,97250.0,229.0,below,4.582025117739404,96550.0,True,172.0,95370.0,184.0,below,6.426609105180534,94800.0,False,,1,1,0.0004163221554636636,173,UP_CONFIRMED,-0.009328796627399346,0.008634033915201912,0.006068782184246901,0.0015388244806333051,0.0004163221554636636,0.0720237328952138,-0.0008048290207977038,-0.0016837437974689395,0.021180436822456183,102879.74421082162,-0.9328796627399346,-0.3811944091486663,-0.019707301180032943,,125,1,9265,9437,2026-04-08 09:00:00,2026-04-15 21:30:00,97940.0,101920.0,173,4.0637124770267485,0.023489667497264444,124.0,-1.0,9253.0,9264.0,2026-04-07 22:00:00,2026-04-08 00:45:00,95740.0,95850.0,12.0,0.11489450595363326,0.009574542162802771,579643.0,,3350.5375722543354,,16649.0,0.0,1387.4166666666667,0.0,2.414946895732598,,34.81548441347829,,58.95953757225434,28.32369942196532,12.716763005780345,True,True,,,2026-04-15 10:00:00,102880.0,0,1,2026-04-14 13:45:00,101130.0,2026-04-15 10:45:00,102250.0,8,8,0.702890704837471,263.3449400901966,
CU:5m:1:1:28239:28249:1,CU,1h,2744,2026-04-15 15:00:00,405.0,1,1,CHoCH,1,101980.0,8.0,BOS,1,99750.0,17.0,26,2,9,1,current_swing_high,swing,0.0,174.0,101980.0,101980.0,101980.0,0.05886970172684458,current_internal_high,internal,0.0,20.0,99750.0,99750.0,99750.0,2.129120879120879,102270.0,102380.0,102070.0,102090.0,10610.0,159604.0,0,0,0,0,0,0,,99750.0,20.0,below,2.129120879120879,98500.0,True,17.0,98450.0,17.0,below,3.4046310832025117,97370.0,False,,101980.0,174.0,above,0.05886970172684458,104520.0,True,8.0,91500.0,94.0,below,10.22370486656201,98390.0,False,,1,1,0.0006984799173395759,83,UP_CONFIRMED,0.026078738382039585,0.02141159815939581,0.007192517940692644,0.7417946879249053,0.0006984799173395759,0.057973833139184805,0.007144070033031635,0.012763476868606238,0.023709113603077814,99495.28840348007,2.6078738382039583,-0.16624291022883098,-0.3030104804091301,,33,1,2662,2744,2026-04-01 00:00:00,2026-04-15 14:00:00,96760.0,102090.0,83,5.508474576271194,0.06636716356953246,32.0,-1.0,2479.0,2661.0,2026-03-03 21:00:00,2026-03-31 23:00:00,100970.0,96170.0,183.0,-4.753887293255421,-0.025977526192652572,894071.0,,10771.939759036144,,2768836.0,0.0,15130.25136612022,0.0,0.7119471777684249,,0.32290500412447687,,60.24096385542169,36.144578313253014,3.614457831325301,True,False,,,,,0,0,2026-04-13 11:00:00,98940.0,2026-04-15 14:00:00,102090.0,6,7,0.33591691228038634,465.0978983152598,4.0
CU:5m:1:1:28239:28249:1,CU,4h,1217,2026-04-15 15:00:00,405.0,-1,1,CHoCH,-1,97920.0,73.0,BOS,1,98500.0,11.0,19,2,3,1,active_bear_internal_ob,internal,-1.0,117.0,103320.0,104520.0,103920.0,1.3736263736263736,current_internal_high,internal,0.0,14.0,98500.0,98500.0,98500.0,3.3555729984301412,102340.0,102400.0,101980.0,102090.0,22289.0,159604.0,0,0,0,0,0,0,,98500.0,14.0,below,3.3555729984301412,97250.0,True,11.0,97370.0,12.0,below,4.464285714285714,95370.0,False,,104520.0,75.0,above,2.5510204081632653,114140.0,False,,91500.0,13.0,below,10.22370486656201,97920.0,False,,0,0,0.001244554884343698,22,NONE,0.05930156810831986,0.0495686945823995,0.008999437384870313,0.8602621748986503,0.001244554884343698,0.027380207455561356,0.009501974915222533,0.017863309455328658,0.026227499187727377,96374.82193320108,5.930156810831986,-0.34166341272939826,-0.143055641257871,,11,1,1196,1217,2026-04-08 09:00:00,2026-04-15 13:30:00,97670.0,102090.0,22,4.525442817651282,0.20570194625687643,10.0,-1.0,1041.0,1195.0,2026-02-02 13:30:00,2026-04-08 00:00:00,98580.0,95850.0,155.0,-2.769324406573337,-0.017866609074666688,566915.0,,25768.863636363636,,5711580.0,0.0,36848.903225806454,0.0,0.6993115501553622,,0.09925712324785786,,95.45454545454545,4.545454545454546,0.0,False,False,,,,,0,0,2026-04-08 09:00:00,97670.0,,,1,0,0.18155485958804674,690.0614260856827,
CU:5m:1:1:28239:28249:2,CU,5m,28320,2026-04-15 22:20:00,0.0,1,-1,BOS,1,99750.0,199.0,CHoCH,-1,102050.0,7.0,82,9,34,3,current_internal_high,internal,0.0,0.0,102180.0,102180.0,102180.0,0.21577089054531187,active_bull_internal_ob,internal,1.0,71.0,101820.0,101950.0,101885.0,0.009807767752059632,102060.0,102070.0,101940.0,101960.0,483.0,157834.0,0,0,0,0,0,0,,102180.0,0.0,above,0.21577089054531187,102450.0,False,,101890.0,2.0,below,0.06865437426441742,102050.0,False,,99750.0,225.0,below,2.1675166732051787,98500.0,True,199.0,98450.0,196.0,below,3.442526480972931,97370.0,False,,0,0,-7.333736433776106e-05,-8,NONE,-0.005136968140874539,-0.004544421105470099,0.0007443820618209536,0.2130086333963893,-7.333736433776106e-05,-0.0005866989147020885,-0.0003329361973899436,,,102486.46972987306,-0.5136968140874539,-0.06860727237086861,-1.035118837707913,,382,-1,28313,28320,2026-04-15 21:40:00,2026-04-15 22:15:00,101920.0,101960.0,8,0.03924646781789942,0.004905808477237428,381.0,1.0,28212.0,28312.0,2026-04-14 21:00:00,2026-04-15 21:35:00,101970.0,102170.0,101.0,0.19613611846620582,0.0019419417669921369,7021.0,,877.625,,125490.0,0.0,1242.4752475247524,0.0,0.7063520997689059,,0.05594868116981433,,0.0,87.5,12.5,True,True,,,,,0,0,2026-04-15 21:45:00,102150.0,2026-04-15 21:50:00,102110.0,1,1,0.16380129493830234,141.84224719338687,
CU:5m:1:1:28239:28249:2,CU,15m,9439,2026-04-15 22:15:00,5.0,1,-1,BOS,1,97250.0,174.0,CHoCH,-1,102030.0,2.0,46,6,17,3,current_internal_low,internal,0.0,4.0,102030.0,102030.0,102030.0,0.06865437426441742,active_bull_internal_ob,internal,1.0,35.0,100580.0,100880.0,100730.0,1.0592389172224401,102110.0,102120.0,101960.0,102030.0,1919.0,157939.0,1,1,1,0,1,0,active_bull_internal_ob,103130.0,10.0,above,1.1475088269909768,102180.0,False,,102030.0,4.0,above,0.06865437426441742,101820.0,True,2.0,97250.0,231.0,below,4.619458611220086,96550.0,True,174.0,95370.0,186.0,below,6.463318948607297,94800.0,False,,1,1,0.00040996228175312993,175,UP_CONFIRMED,-0.008000179744740904,0.008447785663550686,0.006277822143741438,0.004396341740440235,0.00040996228175312993,0.07174339930679774,-0.0008322824985873556,-0.0014545979875607573,0.020700462151306054,102852.84121699324,-0.8000179744740904,-0.07834688081480579,-1.277843102820166,,125,1,9265,9439,2026-04-08 09:00:00,2026-04-15 22:00:00,97940.0,102030.0,175,4.176026138452116,0.02386300650544066,124.0,-1.0,9253.0,9264.0,2026-04-07 22:00:00,2026-04-08 00:45:00,95740.0,95850.0,12.0,0.11489450595363326,0.009574542162802771,584616.0,,3340.6628571428573,,16649.0,0.0,1387.4166666666667,0.0,2.407829556472718,,35.11418103189381,,58.285714285714285,28.000000000000004,13.714285714285715,True,True,,,2026-04-15 10:00:00,102880.0,0,1,2026-04-14 13:45:00,101130.0,2026-04-15 10:45:00,102250.0,8,8,0.7431322708420621,255.741300383894,
CU:5m:1:1:28239:28249:2,CU,1h,2745,2026-04-15 22:00:00,20.0,1,1,CHoCH,1,101980.0,9.0,BOS,1,99750.0,18.0,26,2,9,1,current_swing_high,swing,0.0,175.0,101980.0,101980.0,101980.0,0.019615535504119264,current_internal_high,internal,0.0,21.0,99750.0,99750.0,99750.0,2.1675166732051787,102160.0,102450.0,101890.0,102110.0,15782.0,158219.0,0,0,0,0,0,0,,99750.0,21.0,below,2.1675166732051787,98500.0,True,18.0,98450.0,18.0,below,3.442526480972931,97370.0,False,,101980.0,175.0,above,0.019615535504119264,104520.0,True,9.0,91500.0,95.0,below,10.258925068654374,98390.0,False,,1,1,0.0007054192805153392,84,UP_CONFIRMED,0.025038257091279454,0.02145477267048966,0.007160388860265771,0.6916242064777134,0.0007054192805153392,0.0592552195632885,0.005903414372984139,0.012754866510695573,0.02433619066399051,99615.79413606913,2.503825709127945,0.01959055735136772,0.38464240343057154,,33,1,2662,2745,2026-04-01 00:00:00,2026-04-15 21:00:00,96760.0,102110.0,84,5.529144274493603,0.06582314612492383,32.0,-1.0,2479.0,2661.0,2026-03-03 21:00:00,2026-03-31 23:00:00,100970.0,96170.0,183.0,-4.753887293255421,-0.025977526192652572,909853.0,,10831.583333333334,,2768836.0,0.0,15130.25136612022,0.0,0.7158891859250602,,0.32860487222789647,,59.523809523809526,36.904761904761905,3.571428571428571,True,False,,,,,0,0,2026-04-13 11:00:00,98940.0,2026-04-15 14:00:00,102090.0,6,7,0.3337434038681124,471.8766198641698,4.0
CU:5m:1:1:28239:28249:2,CU,4h,1217,2026-04-15 15:00:00,440.0,-1,1,CHoCH,-1,97920.0,73.0,BOS,1,98500.0,11.0,19,2,3,1,active_bear_internal_ob,internal,-1.0,117.0,103320.0,104520.0,103920.0,1.3338564142801097,current_internal_high,internal,0.0,14.0,98500.0,98500.0,98500.0,3.3934876422126323,102340.0,102400.0,101980.0,102090.0,22289.0,159604.0,0,0,0,0,0,0,,98500.0,14.0,below,3.3934876422126323,97250.0,True,11.0,97370.0,12.0,below,4.501765398195371,95370.0,False,,104520.0,75.0,above,2.5107885445272657,114140.0,False,,91500.0,13.0,below,10.258925068654374,97920.0,False,,0,0,0.001244554884343698,22,NONE,0.05930156810831986,0.0495686945823995,0.008999437384870313,0.8602621748986503,0.001244554884343698,0.027380207455561356,0.009501974915222533,0.017863309455328658,0.026227499187727377,96374.82193320108,5.930156810831986,-0.34166341272939826,-0.143055641257871,,11,1,1196,1217,2026-04-08 09:00:00,2026-04-15 13:30:00,97670.0,102090.0,22,4.525442817651282,0.20570194625687643,10.0,-1.0,1041.0,1195.0,2026-02-02 13:30:00,2026-04-08 00:00:00,98580.0,95850.0,155.0,-2.769324406573337,-0.017866609074666688,566915.0,,25768.863636363636,,5711580.0,0.0,36848.903225806454,0.0,0.6993115501553622,,0.09925712324785786,,95.45454545454545,4.545454545454546,0.0,False,False,,,,,0,0,2026-04-08 09:00:00,97670.0,,,1,0,0.18155485958804674,690.0614260856827,
CU:5m:1:1:28239:28249:3,CU,5m,28324,2026-04-15 22:40:00,0.0,1,-1,BOS,1,99750.0,203.0,CHoCH,-1,102050.0,11.0,82,9,34,3,current_internal_high,internal,0.0,4.0,102180.0,102180.0,102180.0,0.23543260741612712,current_internal_low,internal,0.0,6.0,101890.0,101890.0,101890.0,0.049048459878359825,101970.0,102050.0,101930.0,101940.0,536.0,157692.0,1,1,1,0,1,0,active_bull_internal_ob,102180.0,4.0,above,0.23543260741612712,102450.0,False,,101890.0,6.0,below,0.049048459878359825,102050.0,False,,103130.0,0.0,above,1.1673533451049636,99750.0,False,,98450.0,200.0,below,3.4235824995095157,97370.0,False,,0,0,-6.828834134040007e-05,-12,NONE,-0.005100405903251487,-0.004596550893547654,0.0006398500010756355,0.21550689932368772,-6.828834134040007e-05,-0.0008194600960848009,-0.0002938063516562117,-0.0006695192935782801,,102462.60085425957,-0.5100405903251487,-0.029420417769931984,-0.7346703311043126,,382,-1,28313,28324,2026-04-15 21:40:00,2026-04-15 22:35:00,101920.0,101940.0,12,0.01962323390893861,0.0016352694924115507,381.0,1.0,28212.0,28312.0,2026-04-14 21:00:00,2026-04-15 21:35:00,101970.0,102170.0,101.0,0.19613611846620582,0.0019419417669921369,8834.0,,736.1666666666666,,125490.0,0.0,1242.4752475247524,0.0,0.5925000664063538,,0.07039604749382421,,0.0,91.66666666666666,8.333333333333332,True,True,,,,,0,0,2026-04-15 21:45:00,102150.0,2026-04-15 21:50:00,102110.0,1,1,0.13920220093153246,132.62823880909835,
CU:5m:1:1:28239:28249:3,CU,15m,9440,2026-04-15 22:30:00,10.0,1,-1,BOS,1,97250.0,175.0,CHoCH,-1,102030.0,3.0,46,6,17,3,current_internal_low,internal,0.0,5.0,102030.0,102030.0,102030.0,0.08828722778104767,active_bull_internal_ob,internal,1.0,36.0,100580.0,100880.0,100730.0,1.0398273494212282,102060.0,102070.0,101940.0,102040.0,1384.0,157767.0,1,1,1,0,1,0,active_bull_internal_ob,103130.0,11.0,above,1.1673533451049636,102180.0,False,,102030.0,5.0,above,0.08828722778104767,101820.0,True,3.0,97250.0,232.0,below,4.600745536590152,96550.0,True,175.0,95370.0,187.0,below,6.444967628016481,94800.0,False,,1,1,0.000407161198161865,176,UP_CONFIRMED,-0.007826089309175208,0.008355320464842017,0.0063783494505398755,0.0055915064270060655,0.000407161198161865,0.07166037087648824,-0.0006613037543610201,-0.0013600277656108384,0.01920467962572281,102844.87316235942,-0.7826089309175208,0.009801038910128845,-1.424974013338849,,125,1,9265,9440,2026-04-08 09:00:00,2026-04-15 22:15:00,97940.0,102040.0,176,4.186236471308957,0.02378543449607362,124.0,-1.0,9253.0,9264.0,2026-04-07 22:00:00,2026-04-08 00:45:00,95740.0,95850.0,12.0,0.11489450595363326,0.009574542162802771,586000.0,,3329.5454545454545,,16649.0,0.0,1387.4166666666667,0.0,2.3998165327974923,,35.19730914769656,,57.95454545454546,27.84090909090909,14.204545454545455,True,True,,,2026-04-15 10:00:00,102880.0,0,1,2026-04-14 13:45:00,101130.0,2026-04-15 10:45:00,102250.0,8,8,0.7633877691919837,246.75977892790158,
CU:5m:1:1:28239:28249:3,CU,1h,2745,2026-04-15 22:00:00,40.0,1,1,CHoCH,1,101980.0,9.0,BOS,1,99750.0,18.0,26,2,9,1,current_swing_high,swing,0.0,175.0,101980.0,101980.0,101980.0,0.039238767902687856,current_internal_high,internal,0.0,21.0,99750.0,99750.0,99750.0,2.14832254267216,102160.0,102450.0,101890.0,102110.0,15782.0,158219.0,0,0,0,0,0,0,,99750.0,21.0,below,2.14832254267216,98500.0,True,18.0,98450.0,18.0,below,3.4235824995095157,97370.0,False,,101980.0,175.0,above,0.039238767902687856,104520.0,True,9.0,91500.0,95.0,below,10.24131842260153,98390.0,False,,1,1,0.0007054192805153392,84,UP_CONFIRMED,0.025038257091279454,0.02145477267048966,0.007160388860265771,0.6916242064777134,0.0007054192805153392,0.0592552195632885,0.005903414372984139,0.012754866510695573,0.02433619066399051,99615.79413606913,2.503825709127945,0.01959055735136772,0.38464240343057154,,33,1,2662,2745,2026-04-01 00:00:00,2026-04-15 21:00:00,96760.0,102110.0,84,5.529144274493603,0.06582314612492383,32.0,-1.0,2479.0,2661.0,2026-03-03 21:00:00,2026-03-31 23:00:00,100970.0,96170.0,183.0,-4.753887293255421,-0.025977526192652572,909853.0,,10831.583333333334,,2768836.0,0.0,15130.25136612022,0.0,0.7158891859250602,,0.32860487222789647,,59.523809523809526,36.904761904761905,3.571428571428571,True,False,,,,,0,0,2026-04-13 11:00:00,98940.0,2026-04-15 14:00:00,102090.0,6,7,0.3337434038681124,471.8766198641698,4.0
CU:5m:1:1:28239:28249:3,CU,4h,1217,2026-04-15 15:00:00,460.0,-1,1,CHoCH,-1,97920.0,73.0,BOS,1,98500.0,11.0,19,2,3,1,active_bear_internal_ob,internal,-1.0,117.0,103320.0,104520.0,103920.0,1.353737492642731,current_internal_high,internal,0.0,14.0,98500.0,98500.0,98500.0,3.374534039631156,102340.0,102400.0,101980.0,102090.0,22289.0,159604.0,0,0,0,0,0,0,,98500.0,14.0,below,3.374534039631156,97250.0,True,11.0,97370.0,12.0,below,4.483029232882087,95370.0,False,,104520.0,75.0,above,2.530900529723367,114140.0,False,,91500.0,13.0,below,10.24131842260153,97920.0,False,,0,0,0.001244554884343698,22,NONE,0.05930156810831986,0.0495686945823995,0.008999437384870313,0.8602621748986503,0.001244554884343698,0.027380207455561356,0.009501974915222533,0.017863309455328658,0.026227499187727377,96374.82193320108,5.930156810831986,-0.34166341272939826,-0.143055641257871,,11,1,1196,1217,2026-04-08 09:00:00,2026-04-15 13:30:00,97670.0,102090.0,22,4.525442817651282,0.20570194625687643,10.0,-1.0,1041.0,1195.0,2026-02-02 13:30:00,2026-04-08 00:00:00,98580.0,95850.0,155.0,-2.769324406573337,-0.017866609074666688,566915.0,,25768.863636363636,,5711580.0,0.0,36848.903225806454,0.0,0.6993115501553622,,0.09925712324785786,,95.45454545454545,4.545454545454546,0.0,False,False,,,,,0,0,2026-04-08 09:00:00,97670.0,,,1,0,0.18155485958804674,690.0614260856827,
CU:5m:1:1:28239:28249:4,CU,5m,28330,2026-04-15 23:10:00,0.0,1,-1,BOS,1,99750.0,209.0,CHoCH,-1,102050.0,17.0,82,9,34,3,current_internal_high,internal,0.0,10.0,102180.0,102180.0,102180.0,0.19611688566385566,active_bull_internal_ob,internal,1.0,81.0,101820.0,101950.0,101885.0,0.029417532849578352,102040.0,102050.0,101930.0,101980.0,515.0,157583.0,0,0,0,0,0,0,,102180.0,10.0,above,0.19611688566385566,102450.0,False,,101890.0,12.0,below,0.08825259854873505,102050.0,False,,103130.0,6.0,above,1.12767209256717,99750.0,False,,98450.0,206.0,below,3.4614630319670527,97370.0,False,,0,0,-6.24809577506818e-05,-18,NONE,-0.004405917891603342,-0.004376968432081336,0.0006893400631750433,0.4832509814518452,-6.24809577506818e-05,-0.0011246572395122723,-0.00027044203354442686,-0.0005382741296580118,,102431.3039145775,-0.4405917891603342,-0.05880047040376368,-0.474313448272191,,382,-1,28313,28330,2026-04-15 21:40:00,2026-04-15 23:05:00,101920.0,101980.0,18,0.05886970172683803,0.003270538984824335,381.0,1.0,28212.0,28312.0,2026-04-14 21:00:00,2026-04-15 21:35:00,101970.0,102170.0,101.0,0.19613611846620582,0.0019419417669921369,11530.0,,640.5555555555555,,125490.0,0.0,1242.4752475247524,0.0,0.5155479409603244,,0.09187983106223603,,0.0,94.44444444444444,5.555555555555555,True,True,,,,,0,0,2026-04-15 21:45:00,102150.0,2026-04-15 21:50:00,102110.0,1,1,0.1574925827937142,130.44160579588242,
CU:5m:1:1:28239:28249:4,CU,15m,9442,2026-04-15 23:00:00,10.0,1,-1,BOS,1,97250.0,177.0,CHoCH,-1,102030.0,5.0,46,6,17,3,current_internal_low,internal,0.0,7.0,102030.0,102030.0,102030.0,0.049029221415963914,active_bull_internal_ob,internal,1.0,38.0,100580.0,100880.0,100730.0,1.0786428711512062,102010.0,102240.0,101960.0,102120.0,1548.0,157606.0,1,1,1,0,1,0,active_bull_internal_ob,102450.0,1.0,above,0.4608746813100608,103130.0,False,,102030.0,7.0,above,0.049029221415963914,101820.0,True,5.0,97250.0,234.0,below,4.6381643459501865,96550.0,True,177.0,95370.0,189.0,below,6.48166307119043,94800.0,False,,1,1,0.0004016983585932509,178,UP_CONFIRMED,-0.006901743102413218,0.00817743916241686,0.00655853695410487,0.010747683485443749,0.0004016983585932509,0.07150230782959865,-0.0004863932109105962,-0.0012908307683365816,0.017592541719029464,102829.70420169726,-0.6901743102413218,0.10783256543476227,-1.0962348253336156,,125,1,9265,9442,2026-04-08 09:00:00,2026-04-15 22:45:00,97940.0,102120.0,178,4.267919134163778,0.023977073787436954,124.0,-1.0,9253.0,9264.0,2026-04-07 22:00:00,2026-04-08 00:45:00,95740.0,95850.0,12.0,0.11489450595363326,0.009574542162802771,588721.0,,3307.421348314607,,16649.0,0.0,1387.4166666666667,0.0,2.3838702732761896,,35.36074238693015,,57.30337078651685,27.52808988764045,15.168539325842698,True,True,,,2026-04-15 10:00:00,102880.0,0,1,2026-04-14 13:45:00,101130.0,2026-04-15 10:45:00,102250.0,8,8,0.8020282173724519,242.05307468783352,
CU:5m:1:1:28239:28249:4,CU,1h,2746,2026-04-15 23:00:00,10.0,1,1,CHoCH,1,101980.0,10.0,BOS,1,99750.0,19.0,26,2,9,1,current_internal_high,internal,0.0,0.0,103130.0,103130.0,103130.0,1.12767209256717,active_bull_internal_ob,internal,1.0,19.0,98450.0,99030.0,98740.0,2.892724063541871,102110.0,102240.0,101930.0,102120.0,6024.0,157606.0,1,0,0,0,0,1,current_swing_high,103130.0,0.0,above,1.12767209256717,99750.0,False,,98450.0,19.0,below,3.4614630319670527,97370.0,False,,101980.0,176.0,overlap,0.0,104520.0,True,10.0,91500.0,96.0,below,10.276524808786036,98390.0,False,,1,1,0.0007025891499717427,85,UP_CONFIRMED,0.024688954131801832,0.02149282186415216,0.007126681462410248,0.673094473689326,0.0007025891499717427,0.05972007774759813,0.004161188006185146,0.010550627879114538,0.02339895494211297,99659.51090643326,2.4688954131801832,0.009793360101850723,-0.905060326304085,,33,1,2662,2746,2026-04-01 00:00:00,2026-04-15 22:00:00,96760.0,102120.0,85,5.539479123604796,0.06517034263064465,32.0,-1.0,2479.0,2661.0,2026-03-03 21:00:00,2026-03-31 23:00:00,100970.0,96170.0,183.0,-4.753887293255421,-0.025977526192652572,915877.0,,10775.023529411765,,2768836.0,0.0,15130.25136612022,0.0,0.7121509926490239,,0.3307805157112953,,58.82352941176471,37.64705882352941,3.5294117647058822,True,False,,,,,0,0,2026-04-13 11:00:00,98940.0,2026-04-15 14:00:00,102090.0,6,7,0.33158426136201447,460.3140041595863,4.0
CU:5m:1:1:28239:28249:4,CU,4h,1217,2026-04-15 15:00:00,490.0,-1,1,CHoCH,-1,97920.0,73.0,BOS,1,98500.0,11.0,19,2,3,1,active_bear_internal_ob,internal,-1.0,117.0,103320.0,104520.0,103920.0,1.313983133947833,current_internal_high,internal,0.0,14.0,98500.0,98500.0,98500.0,3.412433810551088,102340.0,102400.0,101980.0,102090.0,22289.0,159604.0,0,0,0,0,0,0,,98500.0,14.0,below,3.412433810551088,97250.0,True,11.0,97370.0,12.0,below,4.5204942145518725,95370.0,False,,104520.0,75.0,above,2.490684447930967,114140.0,False,,91500.0,13.0,below,10.276524808786036,97920.0,False,,0,0,0.001244554884343698,22,NONE,0.05930156810831986,0.0495686945823995,0.008999437384870313,0.8602621748986503,0.001244554884343698,0.027380207455561356,0.009501974915222533,0.017863309455328658,0.026227499187727377,96374.82193320108,5.930156810831986,-0.34166341272939826,-0.143055641257871,,11,1,1196,1217,2026-04-08 09:00:00,2026-04-15 13:30:00,97670.0,102090.0,22,4.525442817651282,0.20570194625687643,10.0,-1.0,1041.0,1195.0,2026-02-02 13:30:00,2026-04-08 00:00:00,98580.0,95850.0,155.0,-2.769324406573337,-0.017866609074666688,566915.0,,25768.863636363636,,5711580.0,0.0,36848.903225806454,0.0,0.6993115501553622,,0.09925712324785786,,95.45454545454545,4.545454545454546,0.0,False,False,,,,,0,0,2026-04-08 09:00:00,97670.0,,,1,0,0.18155485958804674,690.0614260856827,
CU:5m:1:1:28239:28249:5,CU,5m,28334,2026-04-15 23:30:00,0.0,1,-1,BOS,1,99750.0,213.0,CHoCH,-1,102050.0,21.0,82,9,34,3,current_internal_high,internal,0.0,14.0,102180.0,102180.0,102180.0,0.23543260741612712,current_internal_low,internal,0.0,16.0,101890.0,101890.0,101890.0,0.049048459878359825,101960.0,102010.0,101940.0,101940.0,183.0,157564.0,1,1,1,0,1,0,active_bull_internal_ob,102180.0,14.0,above,0.23543260741612712,102450.0,False,,101890.0,16.0,below,0.049048459878359825,102050.0,False,,103130.0,10.0,above,1.1673533451049636,99750.0,False,,98450.0,210.0,below,3.4235824995095157,97370.0,False,,0,0,-5.872575129835371e-05,-22,NONE,-0.004629701310791723,-0.004332505018356107,0.0006562056213319316,0.32530995487956044,-5.872575129835371e-05,-0.0012919665285637816,-0.00023984112134922686,-0.0004728939502008922,-0.001142096632155698,102414.14691019374,-0.4629701310791723,-0.01961553550411388,-1.2630654490454396,,382,-1,28313,28334,2026-04-15 21:40:00,2026-04-15 23:25:00,101920.0,101940.0,22,0.01962323390893861,0.0008919651776790276,381.0,1.0,28212.0,28312.0,2026-04-14 21:00:00,2026-04-15 21:35:00,101970.0,102170.0,101.0,0.19613611846620582,0.0019419417669921369,12704.0,,577.4545454545455,,125490.0,0.0,1242.4752475247524,0.0,0.4647614080078819,,0.10123515817993466,,0.0,90.9090909090909,9.090909090909092,True,True,,,,,0,0,2026-04-15 21:45:00,102150.0,2026-04-15 21:50:00,102110.0,1,1,0.15146101817578905,126.34378131862239,
CU:5m:1:1:28239:28249:5,CU,15m,9444,2026-04-15 23:30:00,0.0,1,-1,BOS,1,97250.0,179.0,CHoCH,-1,102030.0,7.0,46,6,17,3,current_internal_low,internal,0.0,9.0,102030.0,102030.0,102030.0,0.08828722778104767,active_bull_internal_ob,internal,1.0,40.0,100580.0,100880.0,100730.0,1.0398273494212282,102030.0,102080.0,101940.0,101940.0,575.0,157564.0,1,1,1,0,1,0,active_bull_internal_ob,102450.0,3.0,above,0.5002942907592701,103130.0,False,,102030.0,9.0,above,0.08828722778104767,101820.0,True,7.0,97250.0,236.0,below,4.600745536590152,96550.0,True,179.0,95370.0,191.0,below,6.444967628016481,94800.0,False,,1,1,0.00039650694814866963,180,UP_CONFIRMED,-0.008530941897293559,0.007996457103707909,0.0067419270301414995,0.007114384999437562,0.00039650694814866963,0.07137125066676053,-0.00034723669889447084,-0.0011792301984545617,-0.0029690077122159764,102817.12693593714,-0.8530941897293559,-0.0882093501911152,-1.295739983515525,,125,1,9265,9444,2026-04-08 09:00:00,2026-04-15 23:15:00,97940.0,101940.0,180,4.084133142740454,0.022689628570780298,124.0,-1.0,9253.0,9264.0,2026-04-07 22:00:00,2026-04-08 00:45:00,95740.0,95850.0,12.0,0.11489450595363326,0.009574542162802771,590782.0,,3282.1222222222223,,16649.0,0.0,1387.4166666666667,0.0,2.3656355737081305,,35.48453360562196,,56.666666666666664,27.22222222222222,16.11111111111111,True,True,,,2026-04-15 10:00:00,102880.0,0,1,2026-04-14 13:45:00,101130.0,2026-04-15 10:45:00,102250.0,8,8,0.8431142620667982,240.5967837869585,
CU:5m:1:1:28239:28249:5,CU,1h,2746,2026-04-15 23:00:00,30.0,1,1,CHoCH,1,101980.0,10.0,BOS,1,99750.0,19.0,26,2,9,1,current_swing_high,swing,0.0,176.0,101980.0,101980.0,101980.0,0.039238767902687856,active_bull_internal_ob,internal,1.0,19.0,98450.0,99030.0,98740.0,2.8546203649205415,102110.0,102240.0,101930.0,102120.0,6024.0,157606.0,0,0,0,0,0,0,,103130.0,0.0,above,1.1673533451049636,99750.0,False,,98450.0,19.0,below,3.4235824995095157,97370.0,False,,101980.0,176.0,above,0.039238767902687856,104520.0,True,10.0,91500.0,96.0,below,10.24131842260153,98390.0,False,,1,1,0.0007025891499717427,85,UP_CONFIRMED,0.024688954131801832,0.02149282186415216,0.007126681462410248,0.673094473689326,0.0007025891499717427,0.05972007774759813,0.004161188006185146,0.010550627879114538,0.02339895494211297,99659.51090643326,2.4688954131801832,0.009793360101850723,-0.905060326304085,,33,1,2662,2746,2026-04-01 00:00:00,2026-04-15 22:00:00,96760.0,102120.0,85,5.539479123604796,0.06517034263064465,32.0,-1.0,2479.0,2661.0,2026-03-03 21:00:00,2026-03-31 23:00:00,100970.0,96170.0,183.0,-4.753887293255421,-0.025977526192652572,915877.0,,10775.023529411765,,2768836.0,0.0,15130.25136612022,0.0,0.7121509926490239,,0.3307805157112953,,58.82352941176471,37.64705882352941,3.5294117647058822,True,False,,,,,0,0,2026-04-13 11:00:00,98940.0,2026-04-15 14:00:00,102090.0,6,7,0.33158426136201447,460.3140041595863,4.0
CU:5m:1:1:28239:28249:5,CU,4h,1217,2026-04-15 15:00:00,510.0,-1,1,CHoCH,-1,97920.0,73.0,BOS,1,98500.0,11.0,19,2,3,1,active_bear_internal_ob,internal,-1.0,117.0,103320.0,104520.0,103920.0,1.353737492642731,current_internal_high,internal,0.0,14.0,98500.0,98500.0,98500.0,3.374534039631156,102340.0,102400.0,101980.0,102090.0,22289.0,159604.0,0,0,0,0,0,0,,98500.0,14.0,below,3.374534039631156,97250.0,True,11.0,97370.0,12.0,below,4.483029232882087,95370.0,False,,104520.0,75.0,above,2.530900529723367,114140.0,False,,91500.0,13.0,below,10.24131842260153,97920.0,False,,0,0,0.001244554884343698,22,NONE,0.05930156810831986,0.0495686945823995,0.008999437384870313,0.8602621748986503,0.001244554884343698,0.027380207455561356,0.009501974915222533,0.017863309455328658,0.026227499187727377,96374.82193320108,5.930156810831986,-0.34166341272939826,-0.143055641257871,,11,1,1196,1217,2026-04-08 09:00:00,2026-04-15 13:30:00,97670.0,102090.0,22,4.525442817651282,0.20570194625687643,10.0,-1.0,1041.0,1195.0,2026-02-02 13:30:00,2026-04-08 00:00:00,98580.0,95850.0,155.0,-2.769324406573337,-0.017866609074666688,566915.0,,25768.863636363636,,5711580.0,0.0,36848.903225806454,0.0,0.6993115501553622,,0.09925712324785786,,95.45454545454545,4.545454545454546,0.0,False,False,,,,,0,0,2026-04-08 09:00:00,97670.0,,,1,0,0.18155485958804674,690.0614260856827,
CU:5m:1:1:28255:28260:1,CU,5m,28287,2026-04-15 13:35:00,0.0,1,1,BOS,1,99750.0,166.0,BOS,1,102200.0,27.0,83,7,34,3,current_internal_high,internal,0.0,8.0,103130.0,103130.0,103130.0,0.8113391984359727,current_internal_low,internal,0.0,1.0,102220.0,102220.0,102220.0,0.07820136852394917,102340.0,102400.0,102150.0,102300.0,3279.0,162354.0,0,0,0,0,0,0,,103130.0,8.0,above,0.8113391984359727,102200.0,False,,102220.0,1.0,below,0.07820136852394917,102110.0,False,,99750.0,192.0,below,2.4926686217008798,98500.0,True,166.0,98450.0,163.0,below,3.763440860215054,97370.0,False,,1,1,0.0002638789439124609,76,UP_CONFIRMED,-0.005494123594246201,0.005844011428177419,0.005228982550359079,0.015066973376872517,0.0002638789439124609,0.02005479973734703,-0.0006956799559438842,-0.0017677635196122754,0.010427221593719116,102865.15386889687,-0.5494123594246201,-0.1366653650917593,1.495345831827632,,381,1,28212,28287,2026-04-14 21:00:00,2026-04-15 13:30:00,101970.0,102300.0,76,0.3236245954692629,0.00425821836143767,380.0,-1.0,28194.0,28211.0,2026-04-14 13:30:00,2026-04-14 14:55:00,100670.0,101190.0,18.0,0.5165391874441205,0.028696621524673362,95317.0,,1254.171052631579,,24784.0,0.0,1376.888888888889,0.0,0.9108731014916245,,3.8459086507424143,,47.368421052631575,40.78947368421053,11.842105263157894,True,True,,,2026-04-15 10:10:00,102880.0,0,1,2026-04-15 11:15:00,102610.0,2026-04-15 11:20:00,102470.0,4,5,0.8947591247250263,178.79643097530368,
CU:5m:1:1:28255:28260:1,CU,15m,9428,2026-04-15 11:30:00,125.0,1,1,BOS,1,97250.0,163.0,BOS,1,102180.0,8.0,46,5,17,3,active_bear_internal_ob,internal,-1.0,923.0,103780.0,104000.0,103890.0,1.4467253176930597,active_bull_internal_ob,internal,1.0,8.0,101810.0,102180.0,101995.0,0.11730205278592376,102510.0,102620.0,102430.0,102440.0,2852.0,162247.0,0,0,0,0,0,0,,102180.0,15.0,below,0.11730205278592376,102210.0,True,8.0,101820.0,10.0,below,0.46920821114369504,101750.0,False,,97250.0,220.0,below,4.936461388074291,96550.0,True,163.0,95370.0,175.0,below,6.774193548387098,94800.0,False,,1,1,0.00044959886422053346,164,UP_CONFIRMED,-0.005860563289062044,0.009499572215647564,0.0049347527342016,0.0009270931993509701,0.00044959886422053346,0.07373421373216749,0.01882753051052921,0.02270768189005712,0.024496437408884297,103043.89526978003,-0.5860563289062044,-0.05853658536585371,-0.13557708507640348,,125,1,9265,9428,2026-04-08 09:00:00,2026-04-15 11:15:00,97940.0,102440.0,164,4.594649785583016,0.028016157229164732,124.0,-1.0,9253.0,9264.0,2026-04-07 22:00:00,2026-04-08 00:45:00,95740.0,95850.0,12.0,0.11489450595363326,0.009574542162802771,544626.0,,3320.890243902439,,16649.0,0.0,1387.4166666666667,0.0,2.3935781684683324,,32.71223496906721,,62.19512195121951,29.878048780487802,7.926829268292683,True,True,,,2026-04-15 10:00:00,102880.0,0,1,2026-04-14 13:45:00,101130.0,2026-04-15 10:45:00,102250.0,8,8,0.5194710479776283,269.04277221774197,
CU:5m:1:1:28255:28260:1,CU,1h,2742,2026-04-15 11:30:00,125.0,1,1,CHoCH,1,101980.0,6.0,BOS,1,99750.0,15.0,26,2,9,1,active_bear_internal_ob,internal,-1.0,269.0,103600.0,104000.0,103800.0,1.270772238514174,current_swing_high,swing,0.0,172.0,101980.0,101980.0,101980.0,0.3128054740957967,102250.0,102620.0,102220.0,102440.0,7037.0,162247.0,0,0,0,0,0,0,,99750.0,18.0,below,2.4926686217008798,98500.0,True,15.0,98450.0,15.0,below,3.763440860215054,97370.0,False,,101980.0,172.0,below,0.3128054740957967,104520.0,True,6.0,91500.0,92.0,below,10.557184750733137,98390.0,False,,1,1,0.0006915902549487314,81,UP_CONFIRMED,0.03150259937658148,0.021264347164650158,0.007215837533469102,0.9220298591307378,0.0006915902549487314,0.05601881065084724,0.006111412620586787,0.01223750650059019,0.02265648966248035,99311.43175200197,3.150259937658148,0.185819070904647,-0.7330232092749953,,33,1,2662,2742,2026-04-01 00:00:00,2026-04-15 11:00:00,96760.0,102440.0,81,5.870194295163289,0.07247153450818876,32.0,-1.0,2479.0,2661.0,2026-03-03 21:00:00,2026-03-31 23:00:00,100970.0,96170.0,183.0,-4.753887293255421,-0.025977526192652572,871782.0,,10762.74074074074,,2768836.0,0.0,15130.25136612022,0.0,0.7113391893039369,,0.3148550510033819,,60.49382716049383,35.80246913580247,3.7037037037037033,True,False,,,,,0,0,2026-04-13 11:00:00,98940.0,2026-04-13 09:00:00,98800.0,6,6,0.33933971626764575,478.3383909455083,2.0
CU:5m:1:1:28255:28260:1,CU,4h,1216,2026-04-15 11:30:00,125.0,-1,1,CHoCH,-1,97920.0,72.0,BOS,1,98500.0,10.0,19,2,3,1,active_bear_internal_ob,internal,-1.0,116.0,103320.0,104520.0,103920.0,0.997067448680352,current_internal_high,internal,0.0,13.0,98500.0,98500.0,98500.0,3.714565004887586,102200.0,103130.0,102130.0,102440.0,49748.0,162247.0,0,0,0,0,0,0,,98500.0,13.0,below,3.714565004887586,97250.0,True,10.0,97370.0,11.0,below,4.819159335288368,95370.0,False,,104520.0,74.0,above,2.1700879765395897,114140.0,False,,91500.0,12.0,below,10.557184750733137,97920.0,False,,0,0,0.001233037603314174,21,NONE,0.06447330625914838,0.049105224414498536,0.008951024117447474,0.9570019771736608,0.001233037603314174,0.025893789669597655,0.010392080013730487,0.0166086231067597,0.025893789669597655,96235.38645605149,6.447330625914837,0.2838962310327986,1.6646200412443373,,11,1,1196,1216,2026-04-08 09:00:00,2026-04-15 09:00:00,97670.0,102440.0,21,4.883792362035422,0.2325615410493058,10.0,-1.0,1041.0,1195.0,2026-02-02 13:30:00,2026-04-08 00:00:00,98580.0,95850.0,155.0,-2.769324406573337,-0.017866609074666688,544626.0,,25934.571428571428,,5711580.0,0.0,36848.903225806454,0.0,0.7038085033263249,,0.09535470045066338,,95.23809523809523,4.761904761904762,0.0,False,False,,,,,0,0,2026-04-08 09:00:00,97670.0,,,1,0,0.18228252134419823,707.7584588615043,
CU:5m:1:-1:28284:28288:1,CU,5m,28354,2026-04-16 09:10:00,0.0,1,1,BOS,1,99750.0,233.0,CHoCH,1,102210.0,1.0,82,8,34,3,current_swing_high,swing,0.0,30.0,103130.0,103130.0,103130.0,0.6440909534497902,current_internal_high,internal,0.0,3.0,102210.0,102210.0,102210.0,0.2537327998438567,102410.0,102480.0,102400.0,102470.0,1215.0,156769.0,1,1,0,1,1,0,active_bear_internal_ob,102210.0,3.0,below,0.2537327998438567,102180.0,True,1.0,101770.0,14.0,below,0.6831267688103836,101890.0,False,,103130.0,30.0,above,0.6440909534497902,99750.0,False,,98450.0,230.0,below,3.9230994437396314,97370.0,False,,0,0,0.0,1,DOWN_BROKEN,0.005364484217353013,0.005364484217353013,0.0,0.5,0.0,0.0,,,,101923.23441758529,0.5364484217353014,0.06835937500000444,1.7854126790940406,,383,1,28354,28354,2026-04-16 09:05:00,2026-04-16 09:05:00,102470.0,102470.0,1,0.0,0.0,382.0,-1.0,28313.0,28353.0,2026-04-15 21:40:00,2026-04-16 09:00:00,101920.0,102400.0,41.0,0.47095761381474865,0.011486771068652406,1215.0,,1215.0,,18719.0,0.0,456.5609756097561,0.0,2.66119985041936,,0.06490731342486245,,100.0,0.0,0.0,False,False,,,,,0,0,,,,,0,0,0.0,110.79817850981895,
CU:5m:1:-1:28284:28288:1,CU,15m,9450,2026-04-16 01:00:00,490.0,1,-1,BOS,1,97250.0,185.0,CHoCH,-1,102030.0,13.0,45,6,17,3,active_bear_internal_ob,internal,-1.0,945.0,103780.0,104000.0,103890.0,1.278422953059432,active_bear_internal_ob,internal,-1.0,13.0,102310.0,102450.0,102380.0,0.019517907680296674,102080.0,102110.0,102000.0,102060.0,547.0,157072.0,0,0,0,0,0,0,,102450.0,9.0,below,0.019517907680296674,103130.0,False,,101770.0,0.0,below,0.6831267688103836,102030.0,False,,97250.0,242.0,below,5.094173904557431,96550.0,True,185.0,95370.0,197.0,below,6.928857226505318,94800.0,False,,1,1,0.0003822972529727793,186,UP_CONFIRMED,-0.007119197824871144,0.007509138734567742,0.007150844983733771,0.02039395995083504,0.0003822972529727793,0.07110728905293695,-0.00014783456778899584,-0.0005160980461551556,-0.001875423904093343,102791.79512426326,-0.7119197824871144,-0.02938583602704048,-0.9834291082315071,,125,1,9265,9450,2026-04-08 09:00:00,2026-04-16 00:45:00,97940.0,102060.0,186,4.206657137022662,0.02261643622055195,124.0,-1.0,9253.0,9264.0,2026-04-07 22:00:00,2026-04-08 00:45:00,95740.0,95850.0,12.0,0.11489450595363326,0.009574542162802771,594703.0,,3197.3279569892475,,16649.0,0.0,1387.4166666666667,0.0,2.30451891908649,,35.72004324584059,,54.83870967741935,26.344086021505376,18.817204301075268,True,True,,,2026-04-15 10:00:00,102880.0,0,1,2026-04-14 13:45:00,101130.0,2026-04-15 10:45:00,102250.0,8,8,0.9522856397386036,208.81037308991495,
CU:5m:1:-1:28284:28288:1,CU,1h,2748,2026-04-16 01:00:00,490.0,1,1,CHoCH,1,101980.0,12.0,BOS,1,99750.0,21.0,26,2,9,1,current_internal_high,internal,0.0,2.0,103130.0,103130.0,103130.0,0.6440909534497902,current_swing_high,swing,0.0,178.0,101980.0,101980.0,101980.0,0.4781887381672685,101990.0,102210.0,101990.0,102060.0,1998.0,157072.0,0,0,0,0,0,0,,103130.0,2.0,above,0.6440909534497902,99750.0,False,,98450.0,21.0,below,3.9230994437396314,97370.0,False,,101980.0,178.0,below,0.4781887381672685,104520.0,True,12.0,91500.0,98.0,below,10.705572362642725,98390.0,False,,1,1,0.0006916227628770702,87,UP_CONFIRMED,0.023651155446999642,0.021536109637366425,0.007050063279349394,0.6179128733870265,0.0006916227628770702,0.06017118037030511,0.002939241411082927,0.00949664152410623,0.020399813107285114,99701.93405919937,2.365115544699964,0.06863417982154729,-1.2502752083910664,,33,1,2662,2748,2026-04-01 00:00:00,2026-04-16 00:00:00,96760.0,102060.0,87,5.47747002893757,0.06295942561997207,32.0,-1.0,2479.0,2661.0,2026-03-03 21:00:00,2026-03-31 23:00:00,100970.0,96170.0,183.0,-4.753887293255421,-0.025977526192652572,921859.0,,10596.080459770115,,2768836.0,0.0,15130.25136612022,0.0,0.700324152148387,,0.3329409903656266,,57.47126436781609,39.08045977011494,3.4482758620689653,True,False,,,,,0,0,2026-04-13 11:00:00,98940.0,2026-04-15 14:00:00,102090.0,6,7,0.32736011276229376,439.8115648110719,4.0
CU:5m:1:-1:28284:28288:1,CU,4h,1219,2026-04-16 01:00:00,490.0,-1,1,CHoCH,-1,97920.0,75.0,BOS,1,98500.0,13.0,19,2,3,1,active_bear_internal_ob,internal,-1.0,119.0,103320.0,104520.0,103920.0,0.8295110764126085,current_internal_high,internal,0.0,16.0,98500.0,98500.0,98500.0,3.874304674538889,101990.0,102210.0,101990.0,102060.0,1998.0,157072.0,0,0,0,0,0,0,,98500.0,16.0,below,3.874304674538889,97250.0,True,13.0,97370.0,14.0,below,4.977066458475651,95370.0,False,,104520.0,77.0,above,2.000585537230409,114140.0,False,,91500.0,15.0,below,10.705572362642725,97920.0,False,,0,0,0.0012156586281517705,24,NONE,0.05714266664820901,0.05017520978164053,0.008848416562160401,0.7844831921384333,0.0012156586281517705,0.02917580707564249,0.00700658512882546,0.01655148393936723,0.026675152110301914,96543.26064011098,5.714266664820901,0.06863417982154729,-1.4795636482187562,,11,1,1196,1219,2026-04-08 09:00:00,2026-04-16 00:00:00,97670.0,102060.0,24,4.494727142418342,0.18728029760076426,10.0,-1.0,1041.0,1195.0,2026-02-02 13:30:00,2026-04-08 00:00:00,98580.0,95850.0,155.0,-2.769324406573337,-0.017866609074666688,594703.0,,24779.291666666668,,5711580.0,0.0,36848.903225806454,0.0,0.6724566947032753,,0.10412232692179747,,95.83333333333334,4.166666666666666,0.0,False,False,,,,,0,0,2026-04-08 09:00:00,97670.0,,,1,0,0.17635036506410584,655.8182704514305,
CU:5m:1:-1:28284:28288:2,CU,5m,28359,2026-04-16 09:35:00,0.0,1,1,BOS,1,99750.0,238.0,CHoCH,1,102210.0,6.0,82,8,34,3,active_bear_internal_ob,internal,-1.0,71.0,102460.0,102620.0,102540.0,0.03905487209529389,current_internal_high,internal,0.0,8.0,102210.0,102210.0,102210.0,0.2050380785002929,102400.0,102480.0,102390.0,102420.0,969.0,155059.0,0,0,0,0,0,0,,102210.0,8.0,below,0.2050380785002929,102180.0,True,6.0,102000.0,3.0,below,0.4100761570005858,101770.0,False,,103130.0,35.0,above,0.6932239796914665,99750.0,False,,98450.0,235.0,below,3.8761960554579185,97370.0,False,,0,0,0.00017849218030215516,6,NONE,0.003798897414945943,0.004236039106256984,0.0007223142197994531,0.2725243798634156,0.00017849218030215516,0.001070953081812931,0.001070953081812931,,,102032.38941959315,0.3798897414945943,0.029299736302368373,0.8234636215752831,,383,1,28354,28359,2026-04-16 09:05:00,2026-04-16 09:30:00,102470.0,102420.0,6,-0.04879476920074399,-0.008132461533457333,382.0,-1.0,28313.0,28353.0,2026-04-15 21:40:00,2026-04-16 09:00:00,101920.0,102400.0,41.0,0.47095761381474865,0.011486771068652406,5940.0,,990.0,,18719.0,0.0,456.5609756097561,0.0,2.1683850633046635,,0.3173246434104386,,100.0,0.0,0.0,False,False,,,,,0,0,,,,,0,0,0.1705164191549919,108.70743606355651,
CU:5m:1:-1:28284:28288:2,CU,15m,9452,2026-04-16 09:30:00,5.0,1,1,BOS,1,97250.0,187.0,CHoCH,1,102450.0,1.0,46,5,17,3,current_internal_high,internal,0.0,11.0,102450.0,102450.0,102450.0,0.029291154071470416,active_bull_internal_ob,internal,1.0,1.0,101770.0,102070.0,101920.0,0.34173013083382153,102450.0,102460.0,102310.0,102390.0,3132.0,155195.0,0,0,0,0,0,0,,102450.0,11.0,above,0.029291154071470416,103130.0,True,1.0,101770.0,2.0,below,0.6346416715485257,102030.0,False,,97250.0,244.0,below,5.0478422183167355,96550.0,True,187.0,95370.0,199.0,below,6.883421206795548,94800.0,False,,1,1,0.0003768404524958694,188,UP_CONFIRMED,-0.0036657808851026778,0.00739330211307305,0.007199955300625844,0.06227001356524664,0.0003768404524958694,0.07084600506922345,-0.00032336134037891373,-0.0006125070898863605,-0.0019025472152255363,102766.7202788228,-0.3665780885102678,-0.0683193441342933,0.7644912569862483,,125,1,9265,9452,2026-04-08 09:00:00,2026-04-16 09:15:00,97940.0,102390.0,188,4.543598121298764,0.024168075113291297,124.0,-1.0,9253.0,9264.0,2026-04-07 22:00:00,2026-04-08 00:45:00,95740.0,95850.0,12.0,0.11489450595363326,0.009574542162802771,601768.0,,3200.8936170212764,,16649.0,0.0,1387.4166666666667,0.0,2.3070889185089385,,36.14439305664004,,54.25531914893617,27.127659574468083,18.617021276595743,False,True,,,2026-04-15 10:00:00,102880.0,0,1,2026-04-16 09:00:00,102460.0,2026-04-15 10:45:00,102250.0,9,8,0.9738483820233282,218.61710740916138,
CU:5m:1:-1:28284:28288:2,CU,1h,2748,2026-04-16 01:00:00,515.0,1,1,CHoCH,1,101980.0,12.0,BOS,1,99750.0,21.0,26,2,9,1,current_internal_high,internal,0.0,2.0,103130.0,103130.0,103130.0,0.6932239796914665,current_swing_high,swing,0.0,178.0,101980.0,101980.0,101980.0,0.42960359304823276,101990.0,102210.0,101990.0,102060.0,1998.0,157072.0,0,0,0,0,0,0,,103130.0,2.0,above,0.6932239796914665,99750.0,False,,98450.0,21.0,below,3.8761960554579185,97370.0,False,,101980.0,178.0,below,0.42960359304823276,104520.0,True,12.0,91500.0,98.0,below,10.66198008201523,98390.0,False,,1,1,0.0006916227628770702,87,UP_CONFIRMED,0.023651155446999642,0.021536109637366425,0.007050063279349394,0.6179128733870265,0.0006916227628770702,0.06017118037030511,0.002939241411082927,0.00949664152410623,0.020399813107285114,99701.93405919937,2.365115544699964,0.06863417982154729,-1.2502752083910664,,33,1,2662,2748,2026-04-01 00:00:00,2026-04-16 00:00:00,96760.0,102060.0,87,5.47747002893757,0.06295942561997207,32.0,-1.0,2479.0,2661.0,2026-03-03 21:00:00,2026-03-31 23:00:00,100970.0,96170.0,183.0,-4.753887293255421,-0.025977526192652572,921859.0,,10596.080459770115,,2768836.0,0.0,15130.25136612022,0.0,0.700324152148387,,0.3329409903656266,,57.47126436781609,39.08045977011494,3.4482758620689653,True,False,,,,,0,0,2026-04-13 11:00:00,98940.0,2026-04-15 14:00:00,102090.0,6,7,0.32736011276229376,439.8115648110719,4.0
CU:5m:1:-1:28284:28288:2,CU,4h,1219,2026-04-16 01:00:00,515.0,-1,1,CHoCH,-1,97920.0,75.0,BOS,1,98500.0,13.0,19,2,3,1,active_bear_internal_ob,internal,-1.0,119.0,103320.0,104520.0,103920.0,0.8787346221441126,current_internal_high,internal,0.0,16.0,98500.0,98500.0,98500.0,3.8273774653388006,101990.0,102210.0,101990.0,102060.0,1998.0,157072.0,0,0,0,0,0,0,,98500.0,16.0,below,3.8273774653388006,97250.0,True,13.0,97370.0,14.0,below,4.930677602030854,95370.0,False,,104520.0,77.0,above,2.0503807850029294,114140.0,False,,91500.0,15.0,below,10.66198008201523,97920.0,False,,0,0,0.0012156586281517705,24,NONE,0.05714266664820901,0.05017520978164053,0.008848416562160401,0.7844831921384333,0.0012156586281517705,0.02917580707564249,0.00700658512882546,0.01655148393936723,0.026675152110301914,96543.26064011098,5.714266664820901,0.06863417982154729,-1.4795636482187562,,11,1,1196,1219,2026-04-08 09:00:00,2026-04-16 00:00:00,97670.0,102060.0,24,4.494727142418342,0.18728029760076426,10.0,-1.0,1041.0,1195.0,2026-02-02 13:30:00,2026-04-08 00:00:00,98580.0,95850.0,155.0,-2.769324406573337,-0.017866609074666688,594703.0,,24779.291666666668,,5711580.0,0.0,36848.903225806454,0.0,0.6724566947032753,,0.10412232692179747,,95.83333333333334,4.166666666666666,0.0,False,False,,,,,0,0,2026-04-08 09:00:00,97670.0,,,1,0,0.17635036506410584,655.8182704514305,
CU:5m:1:-1:28284:28288:3,CU,5m,28368,2026-04-16 10:35:00,0.0,1,1,BOS,1,99750.0,247.0,CHoCH,1,102210.0,15.0,82,8,34,3,active_bear_internal_ob,internal,-1.0,80.0,102460.0,102620.0,102540.0,0.12703996872862308,active_bull_internal_ob,internal,1.0,15.0,102000.0,102110.0,102055.0,0.21499071630997754,102380.0,102460.0,102330.0,102330.0,1717.0,153199.0,0,0,0,0,0,0,,102480.0,4.0,above,0.1465845793022574,102210.0,False,,102000.0,12.0,below,0.32248607446496624,101770.0,False,,103130.0,44.0,above,0.7817844229453728,99750.0,False,,98450.0,244.0,below,3.7916544512850585,97370.0,False,,0,0,0.0001448926914275302,15,NONE,0.001813569468359445,0.0030644672545889077,0.0011285417871659668,0.13384033160202108,0.0001448926914275302,0.002173390371412953,0.000529091840557383,0.001308407395661737,,102144.75339389173,0.1813569468359445,0.03910450679440736,1.574570011326057,,383,1,28354,28368,2026-04-16 09:05:00,2026-04-16 10:30:00,102470.0,102330.0,15,-0.13662535376207652,-0.009108356917471768,382.0,-1.0,28313.0,28353.0,2026-04-15 21:40:00,2026-04-16 09:00:00,101920.0,102400.0,41.0,0.47095761381474865,0.011486771068652406,14758.0,,983.8666666666667,,18719.0,0.0,456.5609756097561,0.0,2.1549512972559075,,0.7883968160692345,,66.66666666666666,33.33333333333333,0.0,False,False,,,,,0,0,2026-04-16 10:30:00,102330.0,2026-04-16 10:10:00,102290.0,2,2,0.3682668775383467,114.85176230490177,
CU:5m:1:-1:28284:28288:3,CU,15m,9455,2026-04-16 10:15:00,20.0,1,1,BOS,1,97250.0,190.0,CHoCH,1,102450.0,4.0,46,5,17,3,current_internal_high,internal,0.0,14.0,102450.0,102450.0,102450.0,0.11726766344180592,active_bull_internal_ob,internal,1.0,4.0,101770.0,102070.0,101920.0,0.25407993745724616,102290.0,102410.0,102230.0,102290.0,2426.0,153233.0,0,0,0,0,0,0,,102450.0,14.0,above,0.11726766344180592,103130.0,True,4.0,101770.0,5.0,below,0.547249096061761,102030.0,False,,97250.0,247.0,below,4.964331085703117,96550.0,True,190.0,95370.0,202.0,below,6.801524479624743,94800.0,False,,1,1,0.00036922955616559903,191,UP_CONFIRMED,-0.0043383878479522405,0.007211100525490353,0.007287423078981092,0.056499961487814276,0.00036922955616559903,0.07052284522762942,-0.0005456445225242579,-0.0006933984251911163,-0.0017220627688487866,102735.70734429326,-0.43383878479522403,0.0,0.4835291593738025,,125,1,9265,9455,2026-04-08 09:00:00,2026-04-16 10:00:00,97940.0,102290.0,191,4.441494792730238,0.02325389943837821,124.0,-1.0,9253.0,9264.0,2026-04-07 22:00:00,2026-04-08 00:45:00,95740.0,95850.0,12.0,0.11489450595363326,0.009574542162802771,609838.0,,3192.869109947644,,16649.0,0.0,1387.4166666666667,0.0,2.301305142613474,,36.62910685326446,,53.403141361256544,28.272251308900525,18.32460732984293,True,True,,,2026-04-15 10:00:00,102880.0,0,1,2026-04-16 09:00:00,102460.0,2026-04-16 09:45:00,102290.0,9,9,1.0105840368222503,210.82426566251007,
CU:5m:1:-1:28284:28288:3,CU,1h,2749,2026-04-16 10:00:00,35.0,1,1,CHoCH,1,101980.0,13.0,BOS,1,99750.0,22.0,26,2,9,1,current_internal_high,internal,0.0,3.0,103130.0,103130.0,103130.0,0.7817844229453728,current_swing_high,swing,0.0,179.0,101980.0,101980.0,101980.0,0.3420306850386006,102300.0,102480.0,102270.0,102290.0,12709.0,153765.0,0,0,0,0,0,0,,103130.0,3.0,above,0.7817844229453728,99750.0,False,,98450.0,22.0,below,3.7916544512850585,97370.0,False,,101980.0,179.0,below,0.3420306850386006,104520.0,True,13.0,91500.0,99.0,below,10.583406625622985,98390.0,False,,1,1,0.000696204623366165,88,UP_CONFIRMED,0.024899629494406463,0.0215743314539237,0.007018951481456871,0.6821644481548441,0.000696204623366165,0.06126600685622252,0.003111772346268138,0.010278073098868523,0.02082390556507474,99804.895090518,2.4899629494406463,0.22535763276503307,0.23425249923612082,,33,1,2662,2749,2026-04-01 00:00:00,2026-04-16 09:00:00,96760.0,102290.0,88,5.715171558495236,0.06494513134653677,32.0,-1.0,2479.0,2661.0,2026-03-03 21:00:00,2026-03-31 23:00:00,100970.0,96170.0,183.0,-4.753887293255421,-0.025977526192652572,934568.0,,10620.09090909091,,2768836.0,0.0,15130.25136612022,0.0,0.7019110688981349,,0.3375310058089392,,56.81818181818182,39.77272727272727,3.4090909090909087,False,False,,,,,0,0,2026-04-16 09:00:00,102290.0,2026-04-15 14:00:00,102090.0,7,7,0.3253380757798797,438.3964530388525,4.0
CU:5m:1:-1:28284:28288:3,CU,4h,1219,2026-04-16 01:00:00,575.0,-1,1,CHoCH,-1,97920.0,75.0,BOS,1,98500.0,13.0,19,2,3,1,active_bear_internal_ob,internal,-1.0,119.0,103320.0,104520.0,103920.0,0.9674582233948988,current_internal_high,internal,0.0,16.0,98500.0,98500.0,98500.0,3.7427929248509724,101990.0,102210.0,101990.0,102060.0,1998.0,157072.0,0,0,0,0,0,0,,98500.0,16.0,below,3.7427929248509724,97250.0,True,13.0,97370.0,14.0,below,4.847063422261312,95370.0,False,,104520.0,77.0,above,2.1401348578129578,114140.0,False,,91500.0,15.0,below,10.583406625622985,97920.0,False,,0,0,0.0012156586281517705,24,NONE,0.05714266664820901,0.05017520978164053,0.008848416562160401,0.7844831921384333,0.0012156586281517705,0.02917580707564249,0.00700658512882546,0.01655148393936723,0.026675152110301914,96543.26064011098,5.714266664820901,0.06863417982154729,-1.4795636482187562,,11,1,1196,1219,2026-04-08 09:00:00,2026-04-16 00:00:00,97670.0,102060.0,24,4.494727142418342,0.18728029760076426,10.0,-1.0,1041.0,1195.0,2026-02-02 13:30:00,2026-04-08 00:00:00,98580.0,95850.0,155.0,-2.769324406573337,-0.017866609074666688,594703.0,,24779.291666666668,,5711580.0,0.0,36848.903225806454,0.0,0.6724566947032753,,0.10412232692179747,,95.83333333333334,4.166666666666666,0.0,False,False,,,,,0,0,2026-04-08 09:00:00,97670.0,,,1,0,0.17635036506410584,655.8182704514305,
CU:5m:1:-1:28284:28288:4,CU,5m,28380,2026-04-16 13:35:00,0.0,1,1,BOS,1,99750.0,259.0,BOS,1,102460.0,0.0,83,8,34,3,current_swing_high,swing,0.0,56.0,103130.0,103130.0,103130.0,0.6440909534497902,current_internal_high,internal,0.0,7.0,102460.0,102460.0,102460.0,0.009758953840148337,102440.0,102510.0,102420.0,102470.0,2893.0,151091.0,1,1,0,1,1,0,active_bear_internal_ob,102460.0,7.0,below,0.009758953840148337,102480.0,True,0.0,102210.0,4.0,below,0.2537327998438567,102230.0,False,,103130.0,56.0,above,0.6440909534497902,99750.0,False,,98450.0,256.0,below,3.9230994437396314,97370.0,False,,0,0,0.00011459873822274293,27,NONE,0.0022633152125148864,0.0023169071932376633,0.001224915598138113,0.482551215753228,0.00011459873822274293,0.003094165932014059,0.00041632768213450966,0.0007394101657469676,0.0018022494649714282,102238.60181720088,0.22633152125148864,0.16617790811339628,3.1751463259202626,,383,1,28354,28380,2026-04-16 09:05:00,2026-04-16 13:30:00,102470.0,102470.0,27,0.0,0.0,382.0,-1.0,28313.0,28353.0,2026-04-15 21:40:00,2026-04-16 09:00:00,101920.0,102400.0,41.0,0.47095761381474865,0.011486771068652406,28842.0,,1068.2222222222222,,18719.0,0.0,456.5609756097561,0.0,2.3397142534916986,,1.5407874352262407,,37.03703703703704,62.96296296296296,0.0,False,False,,,,,0,0,2026-04-16 13:30:00,102470.0,2026-04-16 11:25:00,102300.0,5,5,0.5286856554778127,106.04522927363023,
CU:5m:1:-1:28284:28288:4,CU,15m,9459,2026-04-16 11:30:00,125.0,1,1,BOS,1,97250.0,194.0,CHoCH,1,102450.0,8.0,46,5,17,3,current_internal_high,internal,0.0,1.0,102480.0,102480.0,102480.0,0.009758953840148337,active_bull_internal_ob,internal,1.0,8.0,101770.0,102070.0,101920.0,0.3903581536059334,102400.0,102400.0,102270.0,102300.0,1828.0,150842.0,0,0,0,0,0,0,,102480.0,1.0,above,0.009758953840148337,102450.0,False,,101770.0,9.0,below,0.6831267688103836,102030.0,False,,97250.0,251.0,below,5.094173904557431,96550.0,True,194.0,95370.0,206.0,below,6.928857226505318,94800.0,False,,1,1,0.0003591348020629884,195,UP_CONFIRMED,-0.003783611653221115,0.006987844418438517,0.007375758505192297,0.07209197912376858,0.0003591348020629884,0.07003128640228273,-0.0005557853096223031,-0.0010403113773205241,-0.0015975026350731891,102688.53353212433,-0.3783611653221115,-0.09765625,-0.06268349190685715,,125,1,9265,9459,2026-04-08 09:00:00,2026-04-16 11:15:00,97940.0,102300.0,195,4.451705125587102,0.022829257054292833,124.0,-1.0,9253.0,9264.0,2026-04-07 22:00:00,2026-04-08 00:45:00,95740.0,95850.0,12.0,0.11489450595363326,0.009574542162802771,622746.0,,3193.5692307692307,,16649.0,0.0,1387.4166666666667,0.0,2.3018097645042204,,37.404408673193586,,52.307692307692314,29.743589743589745,17.94871794871795,True,True,,,2026-04-15 10:00:00,102880.0,0,1,2026-04-16 11:00:00,102400.0,2026-04-16 11:15:00,102300.0,10,10,1.0555126965520596,196.21855090553288,
CU:5m:1:-1:28284:28288:4,CU,1h,2751,2026-04-16 11:30:00,125.0,1,1,CHoCH,1,101980.0,15.0,BOS,1,99750.0,24.0,26,2,9,1,current_internal_high,internal,0.0,5.0,103130.0,103130.0,103130.0,0.6440909534497902,current_swing_high,swing,0.0,181.0,101980.0,101980.0,101980.0,0.4781887381672685,102290.0,102430.0,102260.0,102300.0,4757.0,150842.0,0,0,0,0,0,0,,103130.0,5.0,above,0.6440909534497902,99750.0,False,,98450.0,24.0,below,3.9230994437396314,97370.0,False,,101980.0,181.0,below,0.4781887381672685,104520.0,True,15.0,91500.0,101.0,below,10.705572362642725,98390.0,False,,1,1,0.0006946873432880684,90,UP_CONFIRMED,0.023788320334770595,0.02162767334001289,0.00694959385785505,0.6220626767621651,0.0006946873432880684,0.06252186089592615,0.0026438898414411494,0.006816079570324263,0.01927833568150983,99922.99967492178,2.3788320334770594,0.0,-0.8998841194282284,,33,1,2662,2751,2026-04-01 00:00:00,2026-04-16 11:00:00,96760.0,102300.0,90,5.725506407606451,0.0636167378622939,32.0,-1.0,2479.0,2661.0,2026-03-03 21:00:00,2026-03-31 23:00:00,100970.0,96170.0,183.0,-4.753887293255421,-0.025977526192652572,949902.0,,10554.466666666667,,2768836.0,0.0,15130.25136612022,0.0,0.6975737819069097,,0.34306907306897194,,55.55555555555556,41.11111111111111,3.3333333333333335,False,False,,,,,0,0,2026-04-16 09:00:00,102290.0,2026-04-15 14:00:00,102090.0,7,7,0.32132877857914366,406.7295947120718,2.0
CU:5m:1:-1:28284:28288:4,CU,4h,1220,2026-04-16 11:30:00,125.0,-1,1,CHoCH,-1,97920.0,76.0,BOS,1,98500.0,14.0,19,2,3,1,active_bear_internal_ob,internal,-1.0,120.0,103320.0,104520.0,103920.0,0.8295110764126085,current_internal_high,internal,0.0,17.0,98500.0,98500.0,98500.0,3.874304674538889,102300.0,102480.0,102210.0,102300.0,28043.0,150842.0,0,0,0,0,0,0,,98500.0,17.0,below,3.874304674538889,97250.0,True,14.0,97370.0,15.0,below,4.977066458475651,95370.0,False,,104520.0,78.0,above,2.000585537230409,114140.0,False,,91500.0,16.0,below,10.705572362642725,97920.0,False,,0,0,0.001243316361319522,25,NONE,0.05766869847491073,0.05047494932937134,0.008793119341086347,0.793353144145363,0.001243316361319522,0.03108290903298805,0.008697683833138736,0.015766515481757226,0.027413078309469263,96722.15897805232,5.766869847491074,0.23515579071133885,0.2736544703303751,,11,1,1196,1220,2026-04-08 09:00:00,2026-04-16 09:00:00,97670.0,102300.0,25,4.74045254428177,0.1896181017712708,10.0,-1.0,1041.0,1195.0,2026-02-02 13:30:00,2026-04-08 00:00:00,98580.0,95850.0,155.0,-2.769324406573337,-0.017866609074666688,622746.0,,24909.84,,5711580.0,0.0,36848.903225806454,0.0,0.6759994957612429,,0.10903217673568434,,96.0,4.0,0.0,False,False,,,,,0,0,2026-04-08 09:00:00,97670.0,,,1,0,0.17420759124902452,638.9741082763284,
CU:5m:1:1:28305:28309:1,CU,5m,28311,2026-04-15 21:35:00,0.0,1,1,BOS,1,99750.0,190.0,CHoCH,1,102380.0,2.0,83,8,34,3,current_internal_high,internal,0.0,7.0,102380.0,102380.0,102380.0,0.24478605698619407,current_internal_low,internal,0.0,1.0,102050.0,102050.0,102050.0,0.0783315382355821,102300.0,102300.0,102120.0,102130.0,1495.0,158206.0,1,1,1,0,1,0,active_bull_internal_ob,102380.0,7.0,above,0.24478605698619407,102620.0,True,2.0,102050.0,1.0,below,0.0783315382355821,101980.0,False,,99750.0,216.0,below,2.3303632625085675,98500.0,True,190.0,98450.0,187.0,below,3.603250758836777,97370.0,False,,1,1,0.00017222682034738978,100,UP_CONFIRMED,-0.004382503581787509,0.003400668568007509,0.006330198958860878,0.1094365008553847,0.00017222682034738978,0.01722268203473898,-0.00035017715340335265,-0.0011399403852896395,-0.0018862895398411572,102579.55526838185,-0.4382503581787509,-0.17593588114553915,0.7050488989728647,,381,1,28212,28311,2026-04-14 21:00:00,2026-04-15 21:30:00,101970.0,102130.0,100,0.15690889477297798,0.0015690889477297798,380.0,-1.0,28194.0,28211.0,2026-04-14 13:30:00,2026-04-14 14:55:00,100670.0,101190.0,18.0,0.5165391874441205,0.028696621524673362,124289.0,,1242.89,,24784.0,0.0,1376.888888888889,0.0,0.9026799548095547,,5.014888637830858,,36.0,36.0,28.000000000000004,True,True,,,2026-04-15 10:10:00,102880.0,0,1,2026-04-15 21:10:00,102340.0,2026-04-15 21:30:00,102130.0,5,6,1.861457190628199,133.0392350469951,
CU:5m:1:1:28305:28309:1,CU,15m,9436,2026-04-15 21:30:00,5.0,1,1,BOS,1,97250.0,171.0,BOS,1,102180.0,16.0,46,5,17,3,current_internal_high,internal,0.0,7.0,103130.0,103130.0,103130.0,0.9791442279447763,current_internal_low,internal,0.0,1.0,102030.0,102030.0,102030.0,0.09791442279447762,102340.0,102450.0,102310.0,102310.0,2587.0,158408.0,1,1,1,0,1,0,active_bull_internal_ob,103130.0,7.0,above,0.9791442279447763,102180.0,False,,102030.0,1.0,below,0.09791442279447762,101820.0,False,,97250.0,228.0,below,4.778223832370508,96550.0,True,171.0,95370.0,183.0,below,6.619014980906687,94800.0,False,,1,1,0.0004201921995441604,172,UP_CONFIRMED,-0.005769195712832049,0.008738468976496105,0.005929366728196394,0.00720758441284064,0.0004201921995441604,0.07227305832159558,-0.0006888429615456992,-0.0016024605528879299,0.021481004105444512,102903.67141999089,-0.5769195712832049,-0.029314051201878577,-0.6363518426372545,,125,1,9265,9436,2026-04-08 09:00:00,2026-04-15 21:15:00,97940.0,102310.0,172,4.4619154584439435,0.02594136894444153,124.0,-1.0,9253.0,9264.0,2026-04-07 22:00:00,2026-04-08 00:45:00,95740.0,95850.0,12.0,0.11489450595363326,0.009574542162802771,575382.0,,3345.2441860465115,,16649.0,0.0,1387.4166666666667,0.0,2.4111316134637595,,34.559553126313894,,59.30232558139535,28.488372093023255,12.209302325581394,True,True,,,2026-04-15 10:00:00,102880.0,0,1,2026-04-14 13:45:00,101130.0,2026-04-15 10:45:00,102250.0,8,8,0.6785361078862482,251.29455086636554,
CU:5m:1:1:28305:28309:1,CU,1h,2744,2026-04-15 15:00:00,395.0,1,1,CHoCH,1,101980.0,8.0,BOS,1,99750.0,17.0,26,2,9,1,active_bear_internal_ob,internal,-1.0,271.0,103600.0,104000.0,103800.0,1.439342015078821,current_swing_high,swing,0.0,174.0,101980.0,101980.0,101980.0,0.14687163419171645,102270.0,102380.0,102070.0,102090.0,10610.0,159604.0,0,0,0,0,0,0,,99750.0,20.0,below,2.3303632625085675,98500.0,True,17.0,98450.0,17.0,below,3.603250758836777,97370.0,False,,101980.0,174.0,below,0.14687163419171645,104520.0,True,8.0,91500.0,94.0,below,10.408303143052972,98390.0,False,,1,1,0.0006984799173395759,83,UP_CONFIRMED,0.026078738382039585,0.02141159815939581,0.007192517940692644,0.7417946879249053,0.0006984799173395759,0.057973833139184805,0.007144070033031635,0.012763476868606238,0.023709113603077814,99495.28840348007,2.6078738382039583,-0.16624291022883098,-0.3030104804091301,,33,1,2662,2744,2026-04-01 00:00:00,2026-04-15 14:00:00,96760.0,102090.0,83,5.508474576271194,0.06636716356953246,32.0,-1.0,2479.0,2661.0,2026-03-03 21:00:00,2026-03-31 23:00:00,100970.0,96170.0,183.0,-4.753887293255421,-0.025977526192652572,894071.0,,10771.939759036144,,2768836.0,0.0,15130.25136612022,0.0,0.7119471777684249,,0.32290500412447687,,60.24096385542169,36.144578313253014,3.614457831325301,True,False,,,,,0,0,2026-04-13 11:00:00,98940.0,2026-04-15 14:00:00,102090.0,6,7,0.33591691228038634,465.0978983152598,4.0
CU:5m:1:1:28305:28309:1,CU,4h,1217,2026-04-15 15:00:00,395.0,-1,1,CHoCH,-1,97920.0,73.0,BOS,1,98500.0,11.0,19,2,3,1,active_bear_internal_ob,internal,-1.0,117.0,103320.0,104520.0,103920.0,1.1651816312542838,current_internal_high,internal,0.0,14.0,98500.0,98500.0,98500.0,3.554293547439538,102340.0,102400.0,101980.0,102090.0,22289.0,159604.0,0,0,0,0,0,0,,98500.0,14.0,below,3.554293547439538,97250.0,True,11.0,97370.0,12.0,below,4.660726525017135,95370.0,False,,104520.0,75.0,above,2.340154704788015,114140.0,False,,91500.0,13.0,below,10.408303143052972,97920.0,False,,0,0,0.001244554884343698,22,NONE,0.05930156810831986,0.0495686945823995,0.008999437384870313,0.8602621748986503,0.001244554884343698,0.027380207455561356,0.009501974915222533,0.017863309455328658,0.026227499187727377,96374.82193320108,5.930156810831986,-0.34166341272939826,-0.143055641257871,,11,1,1196,1217,2026-04-08 09:00:00,2026-04-15 13:30:00,97670.0,102090.0,22,4.525442817651282,0.20570194625687643,10.0,-1.0,1041.0,1195.0,2026-02-02 13:30:00,2026-04-08 00:00:00,98580.0,95850.0,155.0,-2.769324406573337,-0.017866609074666688,566915.0,,25768.863636363636,,5711580.0,0.0,36848.903225806454,0.0,0.6993115501553622,,0.09925712324785786,,95.45454545454545,4.545454545454546,0.0,False,False,,,,,0,0,2026-04-08 09:00:00,97670.0,,,1,0,0.18155485958804674,690.0614260856827,
CU:5m:1:-1:28309:28313:1,CU,5m,28353,2026-04-16 09:05:00,0.0,1,1,BOS,1,99750.0,232.0,CHoCH,1,102210.0,0.0,82,9,34,3,active_bear_internal_ob,internal,-1.0,65.0,102460.0,102620.0,102540.0,0.05859375,current_internal_high,internal,0.0,2.0,102210.0,102210.0,102210.0,0.185546875,102300.0,102410.0,102270.0,102400.0,2094.0,156819.0,1,1,0,1,1,0,active_bear_internal_ob,102210.0,2.0,below,0.185546875,102180.0,True,0.0,101770.0,13.0,below,0.615234375,101890.0,False,,103130.0,29.0,above,0.712890625,99750.0,False,,98450.0,229.0,below,3.857421875,97370.0,False,,0,0,-0.00015755839781267513,-41,NONE,0.005062676264158586,-0.0010628211661210672,0.0036072960218806755,0.9552541965146476,-0.00015755839781267513,-0.00645989431031968,0.0007588290153384136,0.000885592351667075,-0.005202975494618012,101884.19331282223,0.5062676264158585,0.3331373701743967,4.081952644315254,,382,-1,28313,28353,2026-04-15 21:40:00,2026-04-16 09:00:00,101920.0,102400.0,41,0.47095761381474865,0.011486771068652406,381.0,1.0,28212.0,28312.0,2026-04-14 21:00:00,2026-04-15 21:35:00,101970.0,102170.0,101.0,0.19613611846620582,0.0019419417669921369,18719.0,,456.5609756097561,,125490.0,0.0,1242.4752475247524,0.0,0.36746082187094886,,0.1491672643238505,,0.0,78.04878048780488,21.951219512195124,False,False,2026-04-15 23:30:00,101910.0,,,1,0,2026-04-16 09:00:00,102400.0,2026-04-16 00:40:00,102090.0,4,3,3.394076197264747,113.16726916442042,
CU:5m:1:-1:28309:28313:1,CU,15m,9450,2026-04-16 01:00:00,485.0,1,-1,BOS,1,97250.0,185.0,CHoCH,-1,102030.0,13.0,45,6,17,3,current_internal_high,internal,0.0,9.0,102450.0,102450.0,102450.0,0.048828125,current_internal_low,internal,0.0,0.0,101770.0,101770.0,101770.0,0.615234375,102080.0,102110.0,102000.0,102060.0,547.0,157072.0,1,1,0,1,1,0,active_bear_internal_ob,102450.0,9.0,above,0.048828125,103130.0,False,,101770.0,0.0,below,0.615234375,102030.0,False,,97250.0,242.0,below,5.029296875,96550.0,True,185.0,95370.0,197.0,below,6.865234375,94800.0,False,,1,1,0.0003822972529727793,186,UP_CONFIRMED,-0.007119197824871144,0.007509138734567742,0.007150844983733771,0.02039395995083504,0.0003822972529727793,0.07110728905293695,-0.00014783456778899584,-0.0005160980461551556,-0.001875423904093343,102791.79512426326,-0.7119197824871144,-0.02938583602704048,-0.9834291082315071,,125,1,9265,9450,2026-04-08 09:00:00,2026-04-16 00:45:00,97940.0,102060.0,186,4.206657137022662,0.02261643622055195,124.0,-1.0,9253.0,9264.0,2026-04-07 22:00:00,2026-04-08 00:45:00,95740.0,95850.0,12.0,0.11489450595363326,0.009574542162802771,594703.0,,3197.3279569892475,,16649.0,0.0,1387.4166666666667,0.0,2.30451891908649,,35.72004324584059,,54.83870967741935,26.344086021505376,18.817204301075268,True,True,,,2026-04-15 10:00:00,102880.0,0,1,2026-04-14 13:45:00,101130.0,2026-04-15 10:45:00,102250.0,8,8,0.9522856397386036,208.81037308991495,
CU:5m:1:-1:28309:28313:1,CU,1h,2748,2026-04-16 01:00:00,485.0,1,1,CHoCH,1,101980.0,12.0,BOS,1,99750.0,21.0,26,2,9,1,current_internal_high,internal,0.0,2.0,103130.0,103130.0,103130.0,0.712890625,current_swing_high,swing,0.0,178.0,101980.0,101980.0,101980.0,0.41015625,101990.0,102210.0,101990.0,102060.0,1998.0,157072.0,0,0,0,0,0,0,,103130.0,2.0,above,0.712890625,99750.0,False,,98450.0,21.0,below,3.857421875,97370.0,False,,101980.0,178.0,below,0.41015625,104520.0,True,12.0,91500.0,98.0,below,10.64453125,98390.0,False,,1,1,0.0006916227628770702,87,UP_CONFIRMED,0.023651155446999642,0.021536109637366425,0.007050063279349394,0.6179128733870265,0.0006916227628770702,0.06017118037030511,0.002939241411082927,0.00949664152410623,0.020399813107285114,99701.93405919937,2.365115544699964,0.06863417982154729,-1.2502752083910664,,33,1,2662,2748,2026-04-01 00:00:00,2026-04-16 00:00:00,96760.0,102060.0,87,5.47747002893757,0.06295942561997207,32.0,-1.0,2479.0,2661.0,2026-03-03 21:00:00,2026-03-31 23:00:00,100970.0,96170.0,183.0,-4.753887293255421,-0.025977526192652572,921859.0,,10596.080459770115,,2768836.0,0.0,15130.25136612022,0.0,0.700324152148387,,0.3329409903656266,,57.47126436781609,39.08045977011494,3.4482758620689653,True,False,,,,,0,0,2026-04-13 11:00:00,98940.0,2026-04-15 14:00:00,102090.0,6,7,0.32736011276229376,439.8115648110719,4.0
CU:5m:1:-1:28309:28313:1,CU,4h,1219,2026-04-16 01:00:00,485.0,-1,1,CHoCH,-1,97920.0,75.0,BOS,1,98500.0,13.0,19,2,3,1,active_bear_internal_ob,internal,-1.0,119.0,103320.0,104520.0,103920.0,0.8984374999999999,current_internal_high,internal,0.0,16.0,98500.0,98500.0,98500.0,3.80859375,101990.0,102210.0,101990.0,102060.0,1998.0,157072.0,0,0,0,0,0,0,,98500.0,16.0,below,3.80859375,97250.0,True,13.0,97370.0,14.0,below,4.912109375,95370.0,False,,104520.0,77.0,above,2.0703125,114140.0,False,,91500.0,15.0,below,10.64453125,97920.0,False,,0,0,0.0012156586281517705,24,NONE,0.05714266664820901,0.05017520978164053,0.008848416562160401,0.7844831921384333,0.0012156586281517705,0.02917580707564249,0.00700658512882546,0.01655148393936723,0.026675152110301914,96543.26064011098,5.714266664820901,0.06863417982154729,-1.4795636482187562,,11,1,1196,1219,2026-04-08 09:00:00,2026-04-16 00:00:00,97670.0,102060.0,24,4.494727142418342,0.18728029760076426,10.0,-1.0,1041.0,1195.0,2026-02-02 13:30:00,2026-04-08 00:00:00,98580.0,95850.0,155.0,-2.769324406573337,-0.017866609074666688,594703.0,,24779.291666666668,,5711580.0,0.0,36848.903225806454,0.0,0.6724566947032753,,0.10412232692179747,,95.83333333333334,4.166666666666666,0.0,False,False,,,,,0,0,2026-04-08 09:00:00,97670.0,,,1,0,0.17635036506410584,655.8182704514305,
CU:5m:1:1:28351:28353:1,CU,5m,28407,2026-04-16 21:50:00,0.0,1,-1,BOS,1,99750.0,286.0,CHoCH,-1,102550.0,9.0,82,8,34,3,current_internal_low,internal,0.0,15.0,102550.0,102550.0,102550.0,0.42107324716020367,active_bull_internal_ob,internal,1.0,54.0,102000.0,102110.0,102055.0,0.009792401096748922,102190.0,102230.0,102080.0,102120.0,815.0,145957.0,0,0,0,0,0,0,,102730.0,13.0,above,0.5973364669016843,102750.0,False,,102550.0,15.0,above,0.42107324716020367,102210.0,True,9.0,103130.0,83.0,above,0.9890325107716412,99750.0,False,,101770.0,22.0,below,0.3427340383862123,98450.0,False,,0,0,-7.238329053491088e-05,-4,NONE,-0.004600581654100269,-0.004071652661043772,0.00038103195942717697,0.08254589526547507,-7.238329053491088e-05,-0.00028953316213964353,,,,102591.98279389938,-0.4600581654100269,-0.06849985321459862,-0.07708036028869576,,384,-1,28404,28407,2026-04-16 21:30:00,2026-04-16 21:45:00,102260.0,102120.0,4,-0.1369059260707961,-0.034226481517699026,383.0,1.0,28354.0,28403.0,2026-04-16 09:05:00,2026-04-16 21:25:00,102470.0,102250.0,50.0,-0.21469698448326469,-0.004293939689665294,2446.0,,611.5,,52110.0,0.0,1042.2,0.0,0.5867395893302629,,0.04693916714642103,,0.0,0.0,100.0,True,True,,,,,0,0,,,,,0,0,0.09358164636015368,119.74702763829443,
CU:5m:1:1:28351:28353:1,CU,15m,9468,2026-04-16 21:45:00,5.0,1,-1,BOS,1,97250.0,203.0,CHoCH,-1,102210.0,0.0,46,6,17,3,current_internal_low,internal,0.0,6.0,102210.0,102210.0,102210.0,0.08813160987074031,active_bull_internal_ob,internal,1.0,17.0,101770.0,102070.0,101920.0,0.04896200548374462,102260.0,102260.0,102120.0,102190.0,1631.0,146355.0,0,0,0,0,0,0,,102750.0,2.0,above,0.6169212690951821,102480.0,False,,102210.0,6.0,above,0.08813160987074031,101770.0,True,0.0,97250.0,260.0,below,4.768899334116726,96550.0,True,203.0,95370.0,215.0,below,6.6098707403055235,94800.0,False,,1,1,0.00034098133004338533,204,UP_CONFIRMED,-0.004416493592620194,0.0066053258451597464,0.007437649961112964,0.06918406150733791,0.00034098133004338533,0.0695601913288506,-0.00034046100578810634,-0.0005033782597045899,-0.0015009871608063774,102643.32358092038,-0.44164935926201937,-0.05867970660147215,-0.8486130252429323,,125,1,9265,9468,2026-04-08 09:00:00,2026-04-16 21:30:00,97940.0,102190.0,204,4.339391464161735,0.021271526785106545,124.0,-1.0,9253.0,9264.0,2026-04-07 22:00:00,2026-04-08 00:45:00,95740.0,95850.0,12.0,0.11489450595363326,0.009574542162802771,650538.0,,3188.9117647058824,,16649.0,0.0,1387.4166666666667,0.0,2.2984528305886593,,39.07369812000721,,52.450980392156865,30.392156862745097,17.15686274509804,True,True,2026-04-16 14:45:00,102680.0,2026-04-16 21:00:00,102220.0,1,2,2026-04-16 13:30:00,102540.0,2026-04-16 21:00:00,102220.0,11,11,1.1260080328305269,206.79795635366645,
CU:5m:1:1:28351:28353:1,CU,1h,2753,2026-04-16 15:00:00,410.0,1,1,CHoCH,1,101980.0,17.0,BOS,1,99750.0,26.0,26,2,9,1,current_internal_high,internal,0.0,7.0,103130.0,103130.0,103130.0,0.9890325107716412,current_swing_high,swing,0.0,183.0,101980.0,101980.0,101980.0,0.13709361535448492,102680.0,102730.0,102550.0,102680.0,10245.0,148287.0,0,0,0,0,0,0,,103130.0,7.0,above,0.9890325107716412,99750.0,False,,101770.0,1.0,below,0.3427340383862123,98450.0,False,,101980.0,183.0,below,0.13709361535448492,104520.0,True,17.0,91500.0,103.0,below,10.399529964747355,98390.0,False,,1,1,0.0006985565828325093,92,UP_CONFIRMED,0.025906050603325608,0.021729139956496814,0.006907496693099405,0.727308295447431,0.0006985565828325093,0.06426720562059085,0.0038635508360593818,0.006814148155753541,0.019765418622322173,100087.13754989053,2.5906050603325608,0.009739943508324522,-0.07752357036099343,,33,1,2662,2753,2026-04-01 00:00:00,2026-04-16 14:00:00,96760.0,102680.0,92,6.11823067383217,0.06650250732426272,32.0,-1.0,2479.0,2661.0,2026-03-03 21:00:00,2026-03-31 23:00:00,100970.0,96170.0,183.0,-4.753887293255421,-0.025977526192652572,969429.0,,10537.271739130434,,2768836.0,0.0,15130.25136612022,0.0,0.696437321770184,,0.3501214950975789,,54.347826086956516,42.391304347826086,3.260869565217391,False,False,,,,,0,0,2026-04-16 09:00:00,102290.0,2026-04-15 14:00:00,102090.0,7,7,0.3178909384784061,393.40459952214354,4.0
CU:5m:1:1:28351:28353:1,CU,4h,1221,2026-04-16 15:00:00,410.0,-1,1,CHoCH,-1,97920.0,77.0,BOS,1,98500.0,15.0,19,2,3,1,current_internal_high,internal,0.0,0.0,103130.0,103130.0,103130.0,0.9890325107716412,active_bull_internal_ob,internal,1.0,15.0,97370.0,98000.0,97685.0,4.034469251860556,102440.0,102750.0,102420.0,102680.0,19527.0,148287.0,0,0,0,0,0,0,,103130.0,0.0,above,0.9890325107716412,98500.0,False,,97370.0,16.0,below,4.651390520955738,95370.0,False,,104520.0,79.0,above,2.3501762632197414,114140.0,False,,91500.0,17.0,below,10.399529964747355,97920.0,False,,0,0,0.0012481835970634082,26,NONE,0.06018894375136261,0.050848564499447926,0.008822406103031626,0.8551343139701542,0.0012481835970634082,0.032452773523648615,0.006393433628410383,0.016851954715969786,0.028259419952766596,96850.66101206267,6.018894375136261,0.3714565004887538,-0.3181759397945948,,11,1,1196,1221,2026-04-08 09:00:00,2026-04-16 13:30:00,97670.0,102680.0,26,5.12951776389885,0.19728914476534037,10.0,-1.0,1041.0,1195.0,2026-02-02 13:30:00,2026-04-08 00:00:00,98580.0,95850.0,155.0,-2.769324406573337,-0.017866609074666688,642273.0,,24702.80769230769,,5711580.0,0.0,36848.903225806454,0.0,0.6703810840971661,,0.11245102055823432,,96.15384615384616,3.8461538461538463,0.0,False,False,,,,,0,0,2026-04-08 09:00:00,97670.0,,,1,0,0.17350354311629412,625.475957685162,
CU:5m:1:1:28371:28380:1,CU,5m,28398,2026-04-16 21:05:00,0.0,1,-1,BOS,1,99750.0,277.0,CHoCH,-1,102550.0,0.0,83,8,34,3,current_internal_low,internal,0.0,6.0,102550.0,102550.0,102550.0,0.146484375,active_bull_internal_ob,internal,1.0,18.0,102210.0,102350.0,102280.0,0.048828125,102250.0,102400.0,102240.0,102400.0,2951.0,147557.0,0,0,0,0,0,0,,102730.0,4.0,above,0.322265625,102750.0,False,,102550.0,6.0,above,0.146484375,102210.0,True,0.0,103130.0,74.0,above,0.712890625,99750.0,False,,101770.0,13.0,below,0.615234375,98450.0,False,,0,0,0.00016491324804512135,45,NONE,-0.0027231942498614297,0.001386419497018875,0.0018636327749118919,0.013721334796232387,0.00016491324804512135,0.0074210961620304605,-0.00043702535983802804,-0.0005372233145278793,0.0046165438935446,102679.61654134336,-0.272319424986143,-0.2726918582002358,2.495581044364427,,383,1,28354,28398,2026-04-16 09:05:00,2026-04-16 21:00:00,102470.0,102400.0,45,-0.06831267688104381,-0.001518059486245418,382.0,-1.0,28313.0,28353.0,2026-04-15 21:40:00,2026-04-16 09:00:00,101920.0,102400.0,41.0,0.47095761381474865,0.011486771068652406,48427.0,,1076.1555555555556,,18719.0,0.0,456.5609756097561,0.0,2.3570905378373728,,2.5870505903093113,,60.0,40.0,0.0,True,True,,,2026-04-16 13:55:00,102670.0,0,1,2026-04-16 13:30:00,102470.0,2026-04-16 21:00:00,102400.0,5,6,1.3442055445116985,127.86158406421379,
CU:5m:1:1:28371:28380:1,CU,15m,9465,2026-04-16 15:00:00,365.0,1,1,BOS,1,97250.0,200.0,BOS,1,102480.0,5.0,47,5,17,3,current_internal_high,internal,0.0,7.0,102480.0,102480.0,102480.0,0.078125,active_bull_internal_ob,internal,1.0,5.0,102210.0,102350.0,102280.0,0.048828125,102650.0,102700.0,102610.0,102680.0,2773.0,148287.0,0,0,0,0,0,0,,102480.0,7.0,above,0.078125,102450.0,True,5.0,102210.0,3.0,below,0.185546875,101770.0,False,,97250.0,257.0,below,5.029296875,96550.0,True,200.0,95370.0,212.0,below,6.865234375,94800.0,False,,1,1,0.00034781584394471106,201,UP_CONFIRMED,2.9330450621506467e-05,0.006766506925765099,0.00737407676065584,0.18045569406194878,0.00034781584394471106,0.06991098463288692,-4.111332821543634e-05,-0.0005715530476255726,-0.0012645551588336135,102676.98843766066,0.0029330450621506466,0.0389711613406174,0.17795417278942444,,125,1,9265,9465,2026-04-08 09:00:00,2026-04-16 14:45:00,97940.0,102680.0,201,4.839697774147433,0.024078098378842953,124.0,-1.0,9253.0,9264.0,2026-04-07 22:00:00,2026-04-08 00:45:00,95740.0,95850.0,12.0,0.11489450595363326,0.009574542162802771,642273.0,,3195.3880597014927,,16649.0,0.0,1387.4166666666667,0.0,2.3031207109386695,,38.57727190822271,,53.233830845771145,29.35323383084577,17.412935323383085,False,True,2026-04-16 14:45:00,102680.0,2026-04-15 10:00:00,102880.0,1,1,2026-04-16 13:30:00,102540.0,2026-04-16 11:15:00,102300.0,11,10,1.0897907652436256,195.79589997016873,
CU:5m:1:1:28371:28380:1,CU,1h,2753,2026-04-16 15:00:00,365.0,1,1,CHoCH,1,101980.0,17.0,BOS,1,99750.0,26.0,26,2,9,1,current_internal_high,internal,0.0,7.0,103130.0,103130.0,103130.0,0.712890625,current_swing_high,swing,0.0,183.0,101980.0,101980.0,101980.0,0.41015625,102680.0,102730.0,102550.0,102680.0,10245.0,148287.0,0,0,0,0,0,0,,103130.0,7.0,above,0.712890625,99750.0,False,,101770.0,1.0,below,0.615234375,98450.0,False,,101980.0,183.0,below,0.41015625,104520.0,True,17.0,91500.0,103.0,below,10.64453125,98390.0,False,,1,1,0.0006985565828325093,92,UP_CONFIRMED,0.025906050603325608,0.021729139956496814,0.006907496693099405,0.727308295447431,0.0006985565828325093,0.06426720562059085,0.0038635508360593818,0.006814148155753541,0.019765418622322173,100087.13754989053,2.5906050603325608,0.009739943508324522,-0.07752357036099343,,33,1,2662,2753,2026-04-01 00:00:00,2026-04-16 14:00:00,96760.0,102680.0,92,6.11823067383217,0.06650250732426272,32.0,-1.0,2479.0,2661.0,2026-03-03 21:00:00,2026-03-31 23:00:00,100970.0,96170.0,183.0,-4.753887293255421,-0.025977526192652572,969429.0,,10537.271739130434,,2768836.0,0.0,15130.25136612022,0.0,0.696437321770184,,0.3501214950975789,,54.347826086956516,42.391304347826086,3.260869565217391,False,False,,,,,0,0,2026-04-16 09:00:00,102290.0,2026-04-15 14:00:00,102090.0,7,7,0.3178909384784061,393.40459952214354,4.0
CU:5m:1:1:28371:28380:1,CU,4h,1221,2026-04-16 15:00:00,365.0,-1,1,CHoCH,-1,97920.0,77.0,BOS,1,98500.0,15.0,19,2,3,1,current_internal_high,internal,0.0,0.0,103130.0,103130.0,103130.0,0.712890625,active_bull_internal_ob,internal,1.0,15.0,97370.0,98000.0,97685.0,4.296875,102440.0,102750.0,102420.0,102680.0,19527.0,148287.0,0,0,0,0,0,0,,103130.0,0.0,above,0.712890625,98500.0,False,,97370.0,16.0,below,4.912109375,95370.0,False,,104520.0,79.0,above,2.0703125,114140.0,False,,91500.0,17.0,below,10.64453125,97920.0,False,,0,0,0.0012481835970634082,26,NONE,0.06018894375136261,0.050848564499447926,0.008822406103031626,0.8551343139701542,0.0012481835970634082,0.032452773523648615,0.006393433628410383,0.016851954715969786,0.028259419952766596,96850.66101206267,6.018894375136261,0.3714565004887538,-0.3181759397945948,,11,1,1196,1221,2026-04-08 09:00:00,2026-04-16 13:30:00,97670.0,102680.0,26,5.12951776389885,0.19728914476534037,10.0,-1.0,1041.0,1195.0,2026-02-02 13:30:00,2026-04-08 00:00:00,98580.0,95850.0,155.0,-2.769324406573337,-0.017866609074666688,642273.0,,24702.80769230769,,5711580.0,0.0,36848.903225806454,0.0,0.6703810840971661,,0.11245102055823432,,96.15384615384616,3.8461538461538463,0.0,False,False,,,,,0,0,2026-04-08 09:00:00,97670.0,,,1,0,0.17350354311629412,625.475957685162,
CU:5m:1:-1:28389:28398:1,CU,5m,28491,2026-04-17 21:05:00,0.0,-1,1,CHoCH,-1,101770.0,42.0,CHoCH,1,102310.0,0.0,82,7,34,3,active_bear_internal_ob,internal,-1.0,3021.0,103820.0,104000.0,103910.0,1.0413625304136254,current_internal_high,internal,0.0,9.0,102310.0,102310.0,102310.0,0.4282238442822385,102700.0,102900.0,102600.0,102750.0,10010.0,180222.0,1,0,0,0,0,1,current_swing_high,102310.0,9.0,below,0.4282238442822385,102280.0,True,0.0,101960.0,0.0,below,0.7688564476885645,101600.0,False,,102750.0,56.0,overlap,0.0,103130.0,False,,101770.0,106.0,below,0.9537712895377128,98450.0,True,42.0,0,0,0.0010222681359051133,2,NONE,0.006394815322360821,0.005166257579450771,0.00122855774291005,0.841344746068543,0.0010222681359051133,0.0020445362718102267,,,,102097.10785034986,0.6394815322360821,0.4497018281356846,4.318801158828667,,385,1,28490,28491,2026-04-17 14:55:00,2026-04-17 21:00:00,102290.0,102750.0,2,0.4497018281356846,0.2248509140678423,384.0,-1.0,28404.0,28489.0,2026-04-16 21:30:00,2026-04-17 14:50:00,102260.0,102240.0,86.0,-0.019557989438689916,-0.00022741848184523159,11131.0,,5565.5,,58574.0,0.0,681.0930232558139,0.0,8.171424181377404,,0.1900331204971489,,100.0,0.0,0.0,False,False,,,,,0,0,,,,,0,0,0.2378041984969435,131.30342074063913,
CU:5m:1:-1:28389:28398:1,CU,15m,9496,2026-04-17 15:00:00,365.0,1,-1,BOS,1,97250.0,231.0,BOS,-1,101770.0,13.0,45,7,17,3,current_swing_high,swing,0.0,22.0,103130.0,103130.0,103130.0,0.36982968369829683,active_bear_internal_ob,internal,-1.0,13.0,102180.0,102320.0,102250.0,0.41849148418491483,102130.0,102310.0,102120.0,102290.0,3378.0,134961.0,1,1,0,1,1,0,active_bear_internal_ob,102320.0,14.0,below,0.41849148418491483,102750.0,False,,101600.0,8.0,below,1.119221411192214,101770.0,False,,103130.0,22.0,above,0.36982968369829683,97250.0,False,,95370.0,243.0,below,7.182481751824818,94800.0,False,,0,0,-0.0003082283992879694,-28,NONE,0.005556430902140629,-0.0004174937036690338,0.004610549602574923,0.9024618956500617,-0.0003082283992879694,-0.008630395180063144,0.0004992514628407996,0.0010039725941766164,-0.008153504189669647,101724.77332597828,0.5556430902140629,0.1468572547483893,0.891304626959268,,126,-1,9469,9496,2026-04-16 21:45:00,2026-04-17 14:45:00,101880.0,102290.0,28,0.4024342363565081,0.014372651298446717,125.0,1.0,9265.0,9468.0,2026-04-08 09:00:00,2026-04-16 21:30:00,97940.0,102190.0,204.0,4.339391464161735,0.021271526785106545,58064.0,,2073.714285714286,,650538.0,0.0,3188.9117647058824,0.0,0.6502890135329746,,0.08925535479864359,,3.571428571428571,53.57142857142857,42.857142857142854,False,False,2026-04-17 09:15:00,101670.0,,,1,0,2026-04-17 11:00:00,102150.0,2026-04-17 10:45:00,101980.0,4,3,11.04339912687621,194.58857884845887,
CU:5m:1:-1:28389:28398:1,CU,1h,2762,2026-04-17 15:00:00,365.0,1,1,CHoCH,1,101980.0,26.0,BOS,1,99750.0,35.0,26,2,9,1,active_bear_internal_ob,internal,-1.0,289.0,103600.0,104000.0,103800.0,0.827250608272506,current_swing_high,swing,0.0,192.0,101980.0,101980.0,101980.0,0.7493917274939174,102250.0,102310.0,101960.0,102290.0,9857.0,134961.0,1,0,0,0,1,0,current_internal_high,102750.0,5.0,overlap,0.0,103130.0,False,,101770.0,10.0,below,0.9537712895377128,98450.0,False,,101980.0,192.0,below,0.7493917274939174,104520.0,True,26.0,91500.0,112.0,below,10.948905109489052,98390.0,False,,1,1,0.0006771956520586415,101,UP_CONFIRMED,0.018059186503461975,0.021396391341358997,0.00669328329365653,0.3090340877730339,0.0006771956520586415,0.06839676085792279,0.0024610461251610705,0.004739505070611827,0.01172133496319705,100475.49430924187,1.8059186503461975,0.039119804400988833,0.3947030202741129,,33,1,2662,2762,2026-04-01 00:00:00,2026-04-17 14:00:00,96760.0,102290.0,101,5.715171558495236,0.056585857014804314,32.0,-1.0,2479.0,2661.0,2026-03-03 21:00:00,2026-03-31 23:00:00,100970.0,96170.0,183.0,-4.753887293255421,-0.025977526192652572,1035758.0,,10255.029702970298,,2768836.0,0.0,15130.25136612022,0.0,0.6777831679606753,,0.3740770489837607,,49.504950495049506,47.524752475247524,2.9702970297029703,True,False,,,,,0,0,2026-04-17 13:30:00,102250.0,2026-04-17 09:00:00,101920.0,9,9,0.3128229983678829,391.4455154271765,4.0
CU:5m:1:-1:28389:28398:1,CU,4h,1225,2026-04-17 15:00:00,365.0,-1,1,CHoCH,-1,97920.0,81.0,BOS,1,98500.0,19.0,19,2,3,1,current_internal_high,internal,0.0,4.0,103130.0,103130.0,103130.0,0.36982968369829683,active_bull_internal_ob,internal,1.0,19.0,97370.0,98000.0,97685.0,4.622871046228711,102150.0,102310.0,101960.0,102290.0,14329.0,134961.0,0,0,0,0,0,0,,103130.0,4.0,above,0.36982968369829683,98500.0,False,,97370.0,20.0,below,5.236009732360097,95370.0,False,,104520.0,83.0,above,1.7226277372262775,114140.0,False,,91500.0,21.0,below,10.948905109489052,97920.0,False,,0,0,0.0012209125177818766,30,NONE,0.051908855197247715,0.05116177920953678,0.008266508909816138,0.5360049198952008,0.0012209125177818766,0.0366273755334563,0.0053773236389575985,0.014121777732976293,0.029385103016198455,97242.26532993601,5.190885519724771,0.09785693316370914,-0.6476703157438484,,11,1,1196,1225,2026-04-08 09:00:00,2026-04-17 13:30:00,97670.0,102290.0,30,4.73021398587079,0.15767379952902635,10.0,-1.0,1041.0,1195.0,2026-02-02 13:30:00,2026-04-08 00:00:00,98580.0,95850.0,155.0,-2.769324406573337,-0.017866609074666688,708602.0,,23620.066666666666,,5711580.0,0.0,36848.903225806454,0.0,0.6409978208014827,,0.1240640943486741,,96.66666666666667,3.3333333333333335,0.0,False,False,,,,,0,0,2026-04-08 09:00:00,97670.0,,,1,0,0.16157586850058617,608.1897862204789,
CU:5m:1:1:28414:28422:1,CU,5m,28446,2026-04-17 09:05:00,0.0,1,-1,BOS,1,99750.0,325.0,CHoCH,-1,102050.0,0.0,82,9,34,3,current_internal_low,internal,0.0,1.0,102050.0,102050.0,102050.0,0.1079066117323916,current_swing_low,swing,0.0,61.0,101770.0,101770.0,101770.0,0.1667647635864234,102000.0,102130.0,101900.0,101940.0,2282.0,142975.0,1,1,1,0,1,0,active_bull_internal_ob,102320.0,8.0,above,0.37276829507553466,102070.0,False,,102050.0,1.0,above,0.1079066117323916,101770.0,True,0.0,102750.0,11.0,above,0.7945850500294291,103130.0,False,,101770.0,61.0,below,0.1667647635864234,98450.0,False,,0,0,-7.571413735489552e-05,-43,NONE,-0.003398153355224416,-0.003088706132657223,0.0016552513322051952,0.42585039493925037,-7.571413735489552e-05,-0.0032557079062605077,-0.0005903660551769274,-0.0006745577739724062,-0.0008512842578110025,102287.5889134641,-0.3398153355224416,-0.3226752713405667,4.218847614354379,,384,-1,28404,28446,2026-04-16 21:30:00,2026-04-17 09:00:00,102260.0,101940.0,43,-0.31292783101897204,-0.007277391419045862,383.0,1.0,28354.0,28403.0,2026-04-16 09:05:00,2026-04-16 21:25:00,102470.0,102250.0,50.0,-0.21469698448326469,-0.004293939689665294,19255.0,,447.7906976744186,,52110.0,0.0,1042.2,0.0,0.4296590843162719,,0.36950681251199385,,41.86046511627907,41.86046511627907,16.27906976744186,True,True,,,,,0,0,2026-04-17 00:50:00,102130.0,2026-04-17 09:00:00,101940.0,4,4,0.5359044406018573,112.78026130860714,
CU:5m:1:1:28414:28422:1,CU,15m,9481,2026-04-17 01:00:00,485.0,1,-1,BOS,1,97250.0,216.0,CHoCH,-1,102210.0,13.0,45,6,17,3,active_bear_internal_ob,internal,-1.0,13.0,102420.0,102750.0,102585.0,0.47086521483225424,current_internal_low,internal,0.0,5.0,101770.0,101770.0,101770.0,0.1667647635864234,102130.0,102280.0,102100.0,102270.0,455.0,143238.0,0,0,0,0,0,0,,102750.0,15.0,above,0.7945850500294291,102480.0,False,,101770.0,5.0,below,0.1667647635864234,102210.0,False,,103130.0,7.0,above,1.1673533451049636,97250.0,False,,95370.0,228.0,below,6.444967628016481,94800.0,False,,0,0,-4.509358888236627e-05,-13,NONE,-0.002732215615789689,-0.004630507337088763,0.0013853552847042465,0.9146965357737487,-4.509358888236627e-05,-0.0005862166554707615,-0.00010545607270240343,-0.00034405336833587263,,102550.18922841205,-0.2732215615789689,0.1370801919122755,-0.9429296687009097,,126,-1,9469,9481,2026-04-16 21:45:00,2026-04-17 00:45:00,101880.0,102270.0,13,0.382803297997647,0.02944640753828054,125.0,1.0,9265.0,9468.0,2026-04-08 09:00:00,2026-04-16 21:30:00,97940.0,102190.0,204.0,4.339391464161735,0.021271526785106545,15342.0,,1180.1538461538462,,650538.0,0.0,3188.9117647058824,0.0,0.3700804328346455,,0.023583556994364666,,0.0,38.46153846153847,61.53846153846154,True,True,,,,,0,0,2026-04-17 00:45:00,102270.0,2026-04-17 00:00:00,102200.0,2,1,0.2991800215082329,192.81933315998842,
CU:5m:1:1:28414:28422:1,CU,1h,2757,2026-04-17 01:00:00,485.0,1,1,CHoCH,1,101980.0,21.0,BOS,1,99750.0,30.0,26,2,9,1,current_swing_high,swing,0.0,187.0,101980.0,101980.0,101980.0,0.039238767902687856,current_internal_low,internal,0.0,5.0,101770.0,101770.0,101770.0,0.1667647635864234,102280.0,102300.0,102050.0,102270.0,1838.0,143238.0,0,0,0,0,0,0,,102750.0,0.0,above,0.7945850500294291,103130.0,False,,101770.0,5.0,below,0.1667647635864234,98450.0,False,,101980.0,187.0,above,0.039238767902687856,104520.0,True,21.0,91500.0,107.0,below,10.24131842260153,98390.0,False,,1,1,0.000685144190344778,96,UP_CONFIRMED,0.020365133727838217,0.021610306482439338,0.006793942241374614,0.42729037453673624,0.000685144190344778,0.06577384227309868,0.0022728653190642323,0.005433523015388131,0.015405421919126416,100228.8265440462,2.036513372783822,-0.00977708251858056,-1.250906243865816,,33,1,2662,2757,2026-04-01 00:00:00,2026-04-17 00:00:00,96760.0,102270.0,96,5.694501860272849,0.059317727711175515,32.0,-1.0,2479.0,2661.0,2026-03-03 21:00:00,2026-03-31 23:00:00,100970.0,96170.0,183.0,-4.753887293255421,-0.025977526192652572,993036.0,,10344.125,,2768836.0,0.0,15130.25136612022,0.0,0.6836717216187597,,0.3586474605213165,,52.083333333333336,44.79166666666667,3.125,True,False,,,,,0,0,2026-04-16 23:00:00,102280.0,2026-04-16 21:00:00,101880.0,8,8,0.3143843539144348,412.3544556162001,4.0
CU:5m:1:1:28414:28422:1,CU,4h,1223,2026-04-17 01:00:00,485.0,-1,1,CHoCH,-1,97920.0,79.0,BOS,1,98500.0,17.0,19,2,3,1,current_internal_high,internal,0.0,2.0,103130.0,103130.0,103130.0,1.1673533451049636,active_bull_internal_ob,internal,1.0,17.0,97370.0,98000.0,97685.0,3.8650186384147536,102280.0,102300.0,102050.0,102270.0,1838.0,143238.0,0,0,0,0,0,0,,103130.0,2.0,above,1.1673533451049636,98500.0,False,,97370.0,18.0,below,4.483029232882087,95370.0,False,,104520.0,81.0,above,2.530900529723367,114140.0,False,,91500.0,19.0,below,10.24131842260153,97920.0,False,,0,0,0.0012125243329165916,28,NONE,0.05442583524746884,0.05111211113401965,0.008554475918476566,0.6507578402531637,0.0012125243329165916,0.033950681321664566,0.004766454477453053,0.014440892648935222,0.028859757842341294,96991.17432569139,5.442583524746884,-0.00977708251858056,-1.5201068271014442,,11,1,1196,1223,2026-04-08 09:00:00,2026-04-17 00:00:00,97670.0,102270.0,28,4.709736869048831,0.16820488818031537,10.0,-1.0,1041.0,1195.0,2026-02-02 13:30:00,2026-04-08 00:00:00,98580.0,95850.0,155.0,-2.769324406573337,-0.017866609074666688,665880.0,,23781.428571428572,,5711580.0,0.0,36848.903225806454,0.0,0.6453768359318137,,0.11658420261994054,,96.42857142857143,3.571428571428571,0.0,False,False,,,,,0,0,2026-04-08 09:00:00,97670.0,,,1,0,0.16736690636874912,624.823657391798,
CU:5m:1:-1:28445:28446:1,CU,5m,28464,2026-04-17 10:50:00,0.0,-1,-1,CHoCH,-1,101770.0,15.0,CHoCH,-1,102050.0,18.0,81,9,34,4,active_bear_internal_ob,internal,-1.0,18.0,102140.0,102280.0,102210.0,0.029380080305552836,current_swing_low,swing,0.0,79.0,101770.0,101770.0,101770.0,0.33297424346293214,102100.0,102160.0,102080.0,102110.0,1434.0,138314.0,0,0,0,0,0,0,,102280.0,14.0,above,0.16648712173146607,102320.0,False,,101600.0,9.0,below,0.49946136519439815,102050.0,False,,102750.0,29.0,above,0.6267750465184605,103130.0,False,,101770.0,79.0,below,0.33297424346293214,98450.0,True,15.0,-1,-1,-0.00014823998923658237,-61,DOWN_CONFIRMED,0.004093426647247982,-0.0017186622356258209,0.002940463181884504,0.9759559794787773,-0.00014823998923658237,-0.009042639343431524,0.00047109325891847575,0.0007590857231039028,-0.006323508850382131,101693.72419950386,0.4093426647247982,0.009794319294798015,0.6668431055672726,,384,-1,28404,28464,2026-04-16 21:30:00,2026-04-17 10:45:00,102260.0,102110.0,61,-0.14668492079014106,-0.0024046708326252633,383.0,1.0,28354.0,28403.0,2026-04-16 09:05:00,2026-04-16 21:25:00,102470.0,102250.0,50.0,-0.21469698448326469,-0.004293939689665294,39397.0,,645.8524590163935,,52110.0,0.0,1042.2,0.0,0.6197010737060002,,0.7560353099213203,,36.0655737704918,44.26229508196721,19.672131147540984,False,False,2026-04-17 09:20:00,101640.0,,,1,0,2026-04-17 09:30:00,101830.0,2026-04-17 09:00:00,101940.0,5,4,1.710902305835437,105.30085465427702,
CU:5m:1:-1:28445:28446:1,CU,15m,9487,2026-04-17 10:45:00,5.0,1,-1,BOS,1,97250.0,222.0,BOS,-1,101770.0,4.0,45,7,17,3,active_bear_internal_ob,internal,-1.0,4.0,102180.0,102320.0,102250.0,0.06855352071295662,current_internal_low,internal,0.0,11.0,101770.0,101770.0,101770.0,0.33297424346293214,101960.0,102120.0,101910.0,102100.0,3719.0,138718.0,0,0,0,0,0,0,,102320.0,5.0,above,0.20566056213886982,102750.0,False,,101770.0,11.0,below,0.33297424346293214,102210.0,True,4.0,103130.0,13.0,above,0.9989227303887963,97250.0,False,,95370.0,234.0,below,6.600724708647538,94800.0,False,,0,0,-0.0004999523442142763,-19,NONE,0.004568911367362374,-0.0028020120650785016,0.0036523015725994966,0.9782126212151626,-0.0004999523442142763,-0.009499094540071251,-0.008553783255262792,-0.009001814864868951,,101635.63578831765,0.45689113673623744,0.13730874852884156,1.2581203208279088,,126,-1,9469,9487,2026-04-16 21:45:00,2026-04-17 10:30:00,101880.0,102100.0,19,0.21594032194738322,0.011365280102493854,125.0,1.0,9265.0,9468.0,2026-04-08 09:00:00,2026-04-16 21:30:00,97940.0,102190.0,204.0,4.339391464161735,0.021271526785106545,36332.0,,1912.2105263157894,,650538.0,0.0,3188.9117647058824,0.0,0.5996435986343934,,0.055849158696340565,,0.0,36.84210526315789,63.1578947368421,True,False,2026-04-17 09:15:00,101670.0,,,1,0,2026-04-17 10:30:00,102100.0,2026-04-17 09:00:00,101780.0,3,2,1.3034567617028348,208.92735391272862,
CU:5m:1:-1:28445:28446:1,CU,1h,2758,2026-04-17 10:00:00,50.0,1,1,CHoCH,1,101980.0,22.0,BOS,1,99750.0,31.0,26,2,9,1,current_internal_high,internal,0.0,1.0,102750.0,102750.0,102750.0,0.6267750465184605,current_swing_high,swing,0.0,188.0,101980.0,101980.0,101980.0,0.1273136813240623,102000.0,102130.0,101600.0,101920.0,14961.0,140366.0,0,0,0,0,0,0,,102750.0,1.0,above,0.6267750465184605,103130.0,False,,101770.0,6.0,below,0.33297424346293214,98450.0,False,,101980.0,188.0,below,0.1273136813240623,104520.0,True,22.0,91500.0,108.0,below,10.390755068063854,98390.0,False,,1,1,0.0006870378542828618,97,UP_CONFIRMED,0.016044834368949434,0.02155293048126934,0.006782170127186987,0.20835461676444877,0.0006870378542828618,0.0666426718654376,0.0022320205229491297,0.006104194883765901,0.015658805758476557,100310.53409498511,1.6044834368949434,-0.3422313483915085,0.9577041795439196,,33,1,2662,2758,2026-04-01 00:00:00,2026-04-17 09:00:00,96760.0,101920.0,97,5.332782141380732,0.054977135478151876,32.0,-1.0,2479.0,2661.0,2026-03-03 21:00:00,2026-03-31 23:00:00,100970.0,96170.0,183.0,-4.753887293255421,-0.025977526192652572,1007997.0,,10391.721649484536,,2768836.0,0.0,15130.25136612022,0.0,0.6868175153225652,,0.36405081413272583,,51.546391752577314,45.36082474226804,3.0927835051546393,True,False,,,,,0,0,2026-04-16 23:00:00,102280.0,2026-04-17 09:00:00,101920.0,8,9,0.31467508017441337,430.7577087864715,4.0
CU:5m:1:-1:28445:28446:1,CU,4h,1223,2026-04-17 01:00:00,590.0,-1,1,CHoCH,-1,97920.0,79.0,BOS,1,98500.0,17.0,19,2,3,1,current_internal_high,internal,0.0,2.0,103130.0,103130.0,103130.0,0.9989227303887963,active_bull_internal_ob,internal,1.0,17.0,97370.0,98000.0,97685.0,4.025071001860738,102280.0,102300.0,102050.0,102270.0,1838.0,143238.0,0,0,0,0,0,0,,103130.0,2.0,above,0.9989227303887963,98500.0,False,,97370.0,18.0,below,4.6420526882773485,95370.0,False,,104520.0,81.0,above,2.3601997845460776,114140.0,False,,91500.0,19.0,below,10.390755068063854,97920.0,False,,0,0,0.0012125243329165916,28,NONE,0.05442583524746884,0.05111211113401965,0.008554475918476566,0.6507578402531637,0.0012125243329165916,0.033950681321664566,0.004766454477453053,0.014440892648935222,0.028859757842341294,96991.17432569139,5.442583524746884,-0.00977708251858056,-1.5201068271014442,,11,1,1196,1223,2026-04-08 09:00:00,2026-04-17 00:00:00,97670.0,102270.0,28,4.709736869048831,0.16820488818031537,10.0,-1.0,1041.0,1195.0,2026-02-02 13:30:00,2026-04-08 00:00:00,98580.0,95850.0,155.0,-2.769324406573337,-0.017866609074666688,665880.0,,23781.428571428572,,5711580.0,0.0,36848.903225806454,0.0,0.6453768359318137,,0.11658420261994054,,96.42857142857143,3.571428571428571,0.0,False,False,,,,,0,0,2026-04-08 09:00:00,97670.0,,,1,0,0.16736690636874912,624.823657391798,
CU:5m:1:-1:28445:28446:2,CU,5m,28468,2026-04-17 11:10:00,0.0,-1,-1,CHoCH,-1,101770.0,19.0,CHoCH,-1,102050.0,22.0,81,9,34,4,active_bear_internal_ob,internal,-1.0,22.0,102140.0,102280.0,102210.0,0.019584802193497845,current_swing_low,swing,0.0,83.0,101770.0,101770.0,101770.0,0.3427340383862123,102080.0,102170.0,102080.0,102120.0,727.0,137899.0,0,0,0,0,0,0,,102280.0,18.0,above,0.15667841754798276,102320.0,False,,101600.0,13.0,below,0.509204857030944,102050.0,False,,102750.0,33.0,above,0.6169212690951821,103130.0,False,,101770.0,83.0,below,0.3427340383862123,98450.0,True,19.0,-1,-1,-0.0001353644550179765,-65,DOWN_CONFIRMED,0.003944614216874621,-0.0014114367833983539,0.0030940594067858807,0.9582808665795053,-0.0001353644550179765,-0.008798689576168472,0.0003807886989781739,0.0007832329833641349,-0.005024920050076598,101718.75873815862,0.39446142168746207,0.029385836027029377,-1.0366250963100239,,384,-1,28404,28468,2026-04-16 21:30:00,2026-04-17 11:05:00,102260.0,102120.0,65,-0.1369059260707961,-0.0021062450164737864,383.0,1.0,28354.0,28403.0,2026-04-16 09:05:00,2026-04-16 21:25:00,102470.0,102250.0,50.0,-0.21469698448326469,-0.004293939689665294,42686.0,,656.7076923076924,,52110.0,0.0,1042.2,0.0,0.6301167648317908,,0.819151794281328,,40.0,41.53846153846154,18.461538461538463,False,False,2026-04-17 09:20:00,101640.0,,,1,0,2026-04-17 09:30:00,101830.0,2026-04-17 09:00:00,101940.0,5,4,2.1921345987145324,107.46011322836335,
CU:5m:1:-1:28445:28446:2,CU,15m,9488,2026-04-17 11:00:00,10.0,1,-1,BOS,1,97250.0,223.0,BOS,-1,101770.0,5.0,45,7,17,3,active_bear_internal_ob,internal,-1.0,5.0,102180.0,102320.0,102250.0,0.05875440658049354,current_internal_low,internal,0.0,0.0,101600.0,101600.0,101600.0,0.509204857030944,102100.0,102160.0,101930.0,101980.0,3267.0,138106.0,0,0,0,0,0,0,,102320.0,6.0,above,0.19584802193497847,102750.0,False,,101600.0,0.0,below,0.509204857030944,101770.0,False,,103130.0,14.0,above,0.9890325107716412,97250.0,False,,95370.0,235.0,below,6.6098707403055235,94800.0,False,,0,0,-0.0004698323763489609,-20,NONE,0.003284453917660681,-0.002497688765941543,0.0037989448766607,0.9360003594753544,-0.0004698323763489609,-0.009396647526979218,0.0004195523800409884,-0.008880091599089424,,101646.14791127769,0.32844539176606813,-0.11753183153770941,0.8720920330336135,,126,-1,9469,9488,2026-04-16 21:45:00,2026-04-17 10:45:00,101880.0,101980.0,20,0.09815469179426106,0.004907734589713053,125.0,1.0,9265.0,9468.0,2026-04-08 09:00:00,2026-04-16 21:30:00,97940.0,102190.0,204.0,4.339391464161735,0.021271526785106545,39599.0,,1979.95,,650538.0,0.0,3188.9117647058824,0.0,0.6208857899154239,,0.06087115587406116,,0.0,40.0,60.0,True,False,2026-04-17 09:15:00,101670.0,,,1,0,2026-04-17 10:30:00,102100.0,2026-04-17 10:45:00,101980.0,3,3,1.5209840907574521,210.4325429189623,
CU:5m:1:-1:28445:28446:2,CU,1h,2759,2026-04-17 11:00:00,10.0,1,1,CHoCH,1,101980.0,23.0,BOS,1,99750.0,32.0,26,2,9,1,current_internal_high,internal,0.0,2.0,102750.0,102750.0,102750.0,0.6169212690951821,current_swing_high,swing,0.0,189.0,101980.0,101980.0,101980.0,0.13709361535448492,101930.0,102160.0,101880.0,101980.0,9296.0,138106.0,0,0,0,0,0,0,,102750.0,2.0,above,0.6169212690951821,103130.0,False,,101770.0,7.0,below,0.3427340383862123,98450.0,False,,101980.0,189.0,below,0.13709361535448492,104520.0,True,23.0,91500.0,109.0,below,10.399529964747355,98390.0,False,,1,1,0.0006856936347448267,98,UP_CONFIRMED,0.01611397831217554,0.02149743096933981,0.006769582335724739,0.21323652439403118,0.0006856936347448267,0.06719797620499302,0.0019845937148272874,0.005589521675477771,0.015925044286714485,100362.75671494522,1.611397831217554,0.05886970172683803,-0.08396944142128665,,33,1,2662,2759,2026-04-01 00:00:00,2026-04-17 10:00:00,96760.0,101980.0,98,5.394791236047958,0.05504889016375467,32.0,-1.0,2479.0,2661.0,2026-03-03 21:00:00,2026-03-31 23:00:00,100970.0,96170.0,183.0,-4.753887293255421,-0.025977526192652572,1017293.0,,10380.540816326531,,2768836.0,0.0,15130.25136612022,0.0,0.6860785432534665,,0.3674081816330039,,51.02040816326531,45.91836734693878,3.061224489795918,True,False,,,,,0,0,2026-04-16 23:00:00,102280.0,2026-04-17 09:00:00,101920.0,8,9,0.314901922251998,419.9893010160092,3.0
CU:5m:1:-1:28445:28446:2,CU,4h,1223,2026-04-17 01:00:00,610.0,-1,1,CHoCH,-1,97920.0,79.0,BOS,1,98500.0,17.0,19,2,3,1,current_internal_high,internal,0.0,2.0,103130.0,103130.0,103130.0,0.9890325107716412,active_bull_internal_ob,internal,1.0,17.0,97370.0,98000.0,97685.0,4.034469251860556,102280.0,102300.0,102050.0,102270.0,1838.0,143238.0,0,0,0,0,0,0,,103130.0,2.0,above,0.9890325107716412,98500.0,False,,97370.0,18.0,below,4.651390520955738,95370.0,False,,104520.0,81.0,above,2.3501762632197414,114140.0,False,,91500.0,19.0,below,10.399529964747355,97920.0,False,,0,0,0.0012125243329165916,28,NONE,0.05442583524746884,0.05111211113401965,0.008554475918476566,0.6507578402531637,0.0012125243329165916,0.033950681321664566,0.004766454477453053,0.014440892648935222,0.028859757842341294,96991.17432569139,5.442583524746884,-0.00977708251858056,-1.5201068271014442,,11,1,1196,1223,2026-04-08 09:00:00,2026-04-17 00:00:00,97670.0,102270.0,28,4.709736869048831,0.16820488818031537,10.0,-1.0,1041.0,1195.0,2026-02-02 13:30:00,2026-04-08 00:00:00,98580.0,95850.0,155.0,-2.769324406573337,-0.017866609074666688,665880.0,,23781.428571428572,,5711580.0,0.0,36848.903225806454,0.0,0.6453768359318137,,0.11658420261994054,,96.42857142857143,3.571428571428571,0.0,False,False,,,,,0,0,2026-04-08 09:00:00,97670.0,,,1,0,0.16736690636874912,624.823657391798,
CU:5m:0:-1:28382:28449:1,CU,5m,28491,2026-04-17 21:05:00,0.0,-1,1,CHoCH,-1,101770.0,42.0,CHoCH,1,102310.0,0.0,82,7,34,3,active_bear_internal_ob,internal,-1.0,3021.0,103820.0,104000.0,103910.0,1.0413625304136254,current_internal_high,internal,0.0,9.0,102310.0,102310.0,102310.0,0.4282238442822385,102700.0,102900.0,102600.0,102750.0,10010.0,180222.0,1,0,0,0,0,1,current_swing_high,102310.0,9.0,below,0.4282238442822385,102280.0,True,0.0,101960.0,0.0,below,0.7688564476885645,101600.0,False,,102750.0,56.0,overlap,0.0,103130.0,False,,101770.0,106.0,below,0.9537712895377128,98450.0,True,42.0,0,0,0.0010222681359051133,2,NONE,0.006394815322360821,0.005166257579450771,0.00122855774291005,0.841344746068543,0.0010222681359051133,0.0020445362718102267,,,,102097.10785034986,0.6394815322360821,0.4497018281356846,4.318801158828667,,385,1,28490,28491,2026-04-17 14:55:00,2026-04-17 21:00:00,102290.0,102750.0,2,0.4497018281356846,0.2248509140678423,384.0,-1.0,28404.0,28489.0,2026-04-16 21:30:00,2026-04-17 14:50:00,102260.0,102240.0,86.0,-0.019557989438689916,-0.00022741848184523159,11131.0,,5565.5,,58574.0,0.0,681.0930232558139,0.0,8.171424181377404,,0.1900331204971489,,100.0,0.0,0.0,False,False,,,,,0,0,,,,,0,0,0.2378041984969435,131.30342074063913,
CU:5m:0:-1:28382:28449:1,CU,15m,9496,2026-04-17 15:00:00,365.0,1,-1,BOS,1,97250.0,231.0,BOS,-1,101770.0,13.0,45,7,17,3,current_swing_high,swing,0.0,22.0,103130.0,103130.0,103130.0,0.36982968369829683,active_bear_internal_ob,internal,-1.0,13.0,102180.0,102320.0,102250.0,0.41849148418491483,102130.0,102310.0,102120.0,102290.0,3378.0,134961.0,1,1,0,1,1,0,active_bear_internal_ob,102320.0,14.0,below,0.41849148418491483,102750.0,False,,101600.0,8.0,below,1.119221411192214,101770.0,False,,103130.0,22.0,above,0.36982968369829683,97250.0,False,,95370.0,243.0,below,7.182481751824818,94800.0,False,,0,0,-0.0003082283992879694,-28,NONE,0.005556430902140629,-0.0004174937036690338,0.004610549602574923,0.9024618956500617,-0.0003082283992879694,-0.008630395180063144,0.0004992514628407996,0.0010039725941766164,-0.008153504189669647,101724.77332597828,0.5556430902140629,0.1468572547483893,0.891304626959268,,126,-1,9469,9496,2026-04-16 21:45:00,2026-04-17 14:45:00,101880.0,102290.0,28,0.4024342363565081,0.014372651298446717,125.0,1.0,9265.0,9468.0,2026-04-08 09:00:00,2026-04-16 21:30:00,97940.0,102190.0,204.0,4.339391464161735,0.021271526785106545,58064.0,,2073.714285714286,,650538.0,0.0,3188.9117647058824,0.0,0.6502890135329746,,0.08925535479864359,,3.571428571428571,53.57142857142857,42.857142857142854,False,False,2026-04-17 09:15:00,101670.0,,,1,0,2026-04-17 11:00:00,102150.0,2026-04-17 10:45:00,101980.0,4,3,11.04339912687621,194.58857884845887,
CU:5m:0:-1:28382:28449:1,CU,1h,2762,2026-04-17 15:00:00,365.0,1,1,CHoCH,1,101980.0,26.0,BOS,1,99750.0,35.0,26,2,9,1,active_bear_internal_ob,internal,-1.0,289.0,103600.0,104000.0,103800.0,0.827250608272506,current_swing_high,swing,0.0,192.0,101980.0,101980.0,101980.0,0.7493917274939174,102250.0,102310.0,101960.0,102290.0,9857.0,134961.0,1,0,0,0,1,0,current_internal_high,102750.0,5.0,overlap,0.0,103130.0,False,,101770.0,10.0,below,0.9537712895377128,98450.0,False,,101980.0,192.0,below,0.7493917274939174,104520.0,True,26.0,91500.0,112.0,below,10.948905109489052,98390.0,False,,1,1,0.0006771956520586415,101,UP_CONFIRMED,0.018059186503461975,0.021396391341358997,0.00669328329365653,0.3090340877730339,0.0006771956520586415,0.06839676085792279,0.0024610461251610705,0.004739505070611827,0.01172133496319705,100475.49430924187,1.8059186503461975,0.039119804400988833,0.3947030202741129,,33,1,2662,2762,2026-04-01 00:00:00,2026-04-17 14:00:00,96760.0,102290.0,101,5.715171558495236,0.056585857014804314,32.0,-1.0,2479.0,2661.0,2026-03-03 21:00:00,2026-03-31 23:00:00,100970.0,96170.0,183.0,-4.753887293255421,-0.025977526192652572,1035758.0,,10255.029702970298,,2768836.0,0.0,15130.25136612022,0.0,0.6777831679606753,,0.3740770489837607,,49.504950495049506,47.524752475247524,2.9702970297029703,True,False,,,,,0,0,2026-04-17 13:30:00,102250.0,2026-04-17 09:00:00,101920.0,9,9,0.3128229983678829,391.4455154271765,4.0
CU:5m:0:-1:28382:28449:1,CU,4h,1225,2026-04-17 15:00:00,365.0,-1,1,CHoCH,-1,97920.0,81.0,BOS,1,98500.0,19.0,19,2,3,1,current_internal_high,internal,0.0,4.0,103130.0,103130.0,103130.0,0.36982968369829683,active_bull_internal_ob,internal,1.0,19.0,97370.0,98000.0,97685.0,4.622871046228711,102150.0,102310.0,101960.0,102290.0,14329.0,134961.0,0,0,0,0,0,0,,103130.0,4.0,above,0.36982968369829683,98500.0,False,,97370.0,20.0,below,5.236009732360097,95370.0,False,,104520.0,83.0,above,1.7226277372262775,114140.0,False,,91500.0,21.0,below,10.948905109489052,97920.0,False,,0,0,0.0012209125177818766,30,NONE,0.051908855197247715,0.05116177920953678,0.008266508909816138,0.5360049198952008,0.0012209125177818766,0.0366273755334563,0.0053773236389575985,0.014121777732976293,0.029385103016198455,97242.26532993601,5.190885519724771,0.09785693316370914,-0.6476703157438484,,11,1,1196,1225,2026-04-08 09:00:00,2026-04-17 13:30:00,97670.0,102290.0,30,4.73021398587079,0.15767379952902635,10.0,-1.0,1041.0,1195.0,2026-02-02 13:30:00,2026-04-08 00:00:00,98580.0,95850.0,155.0,-2.769324406573337,-0.017866609074666688,708602.0,,23620.066666666666,,5711580.0,0.0,36848.903225806454,0.0,0.6409978208014827,,0.1240640943486741,,96.66666666666667,3.3333333333333335,0.0,False,False,,,,,0,0,2026-04-08 09:00:00,97670.0,,,1,0,0.16157586850058617,608.1897862204789,
CU:5m:1:1:28486:28491:1,CU,5m,28494,2026-04-17 21:20:00,0.0,1,1,CHoCH,1,102750.0,2.0,CHoCH,1,102310.0,3.0,82,7,35,3,current_internal_high,internal,0.0,12.0,102310.0,102310.0,102310.0,0.22531347962382445,current_internal_low,internal,0.0,3.0,101960.0,101960.0,101960.0,0.11755485893416928,102670.0,102690.0,102040.0,102080.0,6008.0,181111.0,1,1,1,0,1,0,active_bull_internal_ob,102310.0,12.0,above,0.22531347962382445,102280.0,True,3.0,101960.0,3.0,below,0.11755485893416928,101600.0,False,,102750.0,59.0,above,0.6563479623824452,103130.0,True,2.0,101770.0,109.0,below,0.3036833855799373,98450.0,True,45.0,0,0,0.0006346484606811309,5,NONE,-0.0012925116659011496,0.004036757844807925,0.0028292688078736987,0.02980814468913734,0.0006346484606811309,0.0031732423034056545,,,,102212.11034501731,-0.12925116659011496,-0.5940208394196178,1.817792992441366,,385,1,28490,28494,2026-04-17 14:55:00,2026-04-17 21:15:00,102290.0,102080.0,5,-0.20529866067063862,-0.041059732134127724,384.0,-1.0,28404.0,28489.0,2026-04-16 21:30:00,2026-04-17 14:50:00,102260.0,102240.0,86.0,-0.019557989438689916,-0.00022741848184523159,23961.0,,4792.2,,58574.0,0.0,681.0930232558139,0.0,7.036043295660191,,0.40907228463140644,,80.0,20.0,0.0,True,True,,,2026-04-17 21:15:00,102080.0,0,1,,,2026-04-17 21:15:00,102080.0,0,1,0.7008765243406171,189.83732338454232,
CU:5m:1:1:28486:28491:1,CU,15m,9497,2026-04-17 21:15:00,5.0,1,1,BOS,1,97250.0,232.0,CHoCH,1,102320.0,0.0,46,5,17,3,current_internal_high,internal,0.0,15.0,102320.0,102320.0,102320.0,0.23510971786833856,active_bull_internal_ob,internal,1.0,0.0,101600.0,101840.0,101720.0,0.23510971786833856,102700.0,103040.0,102600.0,102690.0,16832.0,181997.0,0,0,0,0,0,0,,102320.0,15.0,above,0.23510971786833856,102750.0,True,0.0,101600.0,9.0,below,0.4702194357366771,101770.0,False,,103130.0,23.0,above,1.0286050156739812,97250.0,False,,95370.0,244.0,below,6.573275862068965,94800.0,False,,0,0,0.0,1,DOWN_BROKEN,0.008038960999784258,0.008038960999784258,0.0,0.5,0.0,0.0,,,,101871.0625015435,0.8038960999784258,0.39104506794407357,4.075519842208244,,127,1,9497,9497,2026-04-17 21:00:00,2026-04-17 21:00:00,102690.0,102690.0,1,0.0,0.0,126.0,-1.0,9469.0,9496.0,2026-04-16 21:45:00,2026-04-17 14:45:00,101880.0,102290.0,28.0,0.4024342363565081,0.014372651298446717,16832.0,,16832.0,,58064.0,0.0,2073.714285714286,0.0,8.116836594103058,,0.2898870212179664,,100.0,0.0,0.0,False,False,,,,,0,0,,,,,0,0,0.0,234.2608232164261,
CU:5m:1:1:28486:28491:1,CU,1h,2762,2026-04-17 15:00:00,380.0,1,1,CHoCH,1,101980.0,26.0,BOS,1,99750.0,35.0,26,2,9,1,current_internal_high,internal,0.0,5.0,102750.0,102750.0,102750.0,0.6563479623824452,current_swing_high,swing,0.0,192.0,101980.0,101980.0,101980.0,0.09796238244514105,102250.0,102310.0,101960.0,102290.0,9857.0,134961.0,0,0,0,0,0,0,,102750.0,5.0,above,0.6563479623824452,103130.0,False,,101770.0,10.0,below,0.3036833855799373,98450.0,False,,101980.0,192.0,below,0.09796238244514105,104520.0,True,26.0,91500.0,112.0,below,10.364420062695926,98390.0,False,,1,1,0.0006771956520586415,101,UP_CONFIRMED,0.018059186503461975,0.021396391341358997,0.00669328329365653,0.3090340877730339,0.0006771956520586415,0.06839676085792279,0.0024610461251610705,0.004739505070611827,0.01172133496319705,100475.49430924187,1.8059186503461975,0.039119804400988833,0.3947030202741129,,33,1,2662,2762,2026-04-01 00:00:00,2026-04-17 14:00:00,96760.0,102290.0,101,5.715171558495236,0.056585857014804314,32.0,-1.0,2479.0,2661.0,2026-03-03 21:00:00,2026-03-31 23:00:00,100970.0,96170.0,183.0,-4.753887293255421,-0.025977526192652572,1035758.0,,10255.029702970298,,2768836.0,0.0,15130.25136612022,0.0,0.6777831679606753,,0.3740770489837607,,49.504950495049506,47.524752475247524,2.9702970297029703,True,False,,,,,0,0,2026-04-17 13:30:00,102250.0,2026-04-17 09:00:00,101920.0,9,9,0.3128229983678829,391.4455154271765,4.0
CU:5m:1:1:28486:28491:1,CU,4h,1225,2026-04-17 15:00:00,380.0,-1,1,CHoCH,-1,97920.0,81.0,BOS,1,98500.0,19.0,19,2,3,1,current_internal_high,internal,0.0,4.0,103130.0,103130.0,103130.0,1.0286050156739812,active_bull_internal_ob,internal,1.0,19.0,97370.0,98000.0,97685.0,3.9968652037617556,102150.0,102310.0,101960.0,102290.0,14329.0,134961.0,0,0,0,0,0,0,,103130.0,4.0,above,1.0286050156739812,98500.0,False,,97370.0,20.0,below,4.6140282131661445,95370.0,False,,104520.0,83.0,above,2.3902821316614418,114140.0,False,,91500.0,21.0,below,10.364420062695926,97920.0,False,,0,0,0.0012209125177818766,30,NONE,0.051908855197247715,0.05116177920953678,0.008266508909816138,0.5360049198952008,0.0012209125177818766,0.0366273755334563,0.0053773236389575985,0.014121777732976293,0.029385103016198455,97242.26532993601,5.190885519724771,0.09785693316370914,-0.6476703157438484,,11,1,1196,1225,2026-04-08 09:00:00,2026-04-17 13:30:00,97670.0,102290.0,30,4.73021398587079,0.15767379952902635,10.0,-1.0,1041.0,1195.0,2026-02-02 13:30:00,2026-04-08 00:00:00,98580.0,95850.0,155.0,-2.769324406573337,-0.017866609074666688,708602.0,,23620.066666666666,,5711580.0,0.0,36848.903225806454,0.0,0.6409978208014827,,0.1240640943486741,,96.66666666666667,3.3333333333333335,0.0,False,False,,,,,0,0,2026-04-08 09:00:00,97670.0,,,1,0,0.16157586850058617,608.1897862204789,
CU:5m:1:1:28505:28510:1,CU,5m,28539,2026-04-20 09:05:00,0.0,1,-1,CHoCH,1,102750.0,47.0,CHoCH,-1,102720.0,0.0,81,8,35,3,current_internal_low,internal,0.0,21.0,102720.0,102720.0,102720.0,0.2048580626280363,active_bull_swing_ob,swing,1.0,47.0,101600.0,101760.0,101680.0,0.7316359379572724,102360.0,102510.0,102240.0,102510.0,7654.0,185195.0,0,0,0,0,0,0,,102990.0,6.0,above,0.46824700029265437,102940.0,False,,102720.0,21.0,above,0.2048580626280363,102480.0,True,0.0,102750.0,104.0,above,0.23412350014632718,103130.0,True,47.0,101600.0,39.0,below,0.8877182713881573,101770.0,False,,0,0,0.0001182214172475815,50,NONE,0.00018475375486762862,0.003930215479725,0.0013494458066800772,0.002755374679085265,0.0001182214172475815,0.005911070862379075,3.098033333581718e-05,0.0002102762948743564,0.0007862666588163147,102491.06439101338,0.01847537548676286,-0.388689145855603,4.311907936187785,,385,1,28490,28539,2026-04-17 14:55:00,2026-04-20 09:00:00,102290.0,102510.0,50,0.21507478736924046,0.004301495747384809,384.0,-1.0,28404.0,28489.0,2026-04-16 21:30:00,2026-04-17 14:50:00,102260.0,102240.0,86.0,-0.019557989438689916,-0.00022741848184523159,72604.0,,1452.08,,58574.0,0.0,681.0930232558139,0.0,2.1319848396899648,,1.2395260695871888,,84.0,16.0,0.0,True,True,2026-04-17 21:20:00,102310.0,2026-04-17 21:15:00,102080.0,1,1,2026-04-17 21:30:00,102530.0,2026-04-20 09:00:00,102510.0,1,2,0.343351608491069,132.0661760329599,
CU:5m:1:1:28505:28510:1,CU,15m,9512,2026-04-18 01:00:00,3365.0,1,1,BOS,1,97250.0,247.0,CHoCH,1,102320.0,15.0,46,5,17,3,current_internal_high,internal,0.0,10.0,103040.0,103040.0,103040.0,0.5170227294898059,active_bull_internal_ob,internal,1.0,15.0,101600.0,101840.0,101720.0,0.6535947712418301,102890.0,102980.0,102850.0,102910.0,1413.0,184750.0,0,0,0,0,0,0,,103040.0,10.0,above,0.5170227294898059,102320.0,False,,101830.0,9.0,below,0.6633499170812603,101600.0,False,,103130.0,38.0,above,0.6048190420446786,97250.0,False,,95370.0,259.0,below,6.965174129353234,94800.0,False,,0,0,0.00014483688621527713,16,NONE,0.007862941987137752,0.0073308733359359335,0.0011160921499581724,0.6832208999469291,0.00014483688621527713,0.002317390179444434,0.0003670082986064749,0.0011102683507078215,,102107.13750135415,0.7862941987137751,0.019438235008251148,-0.5359984245202014,,127,1,9497,9512,2026-04-17 21:00:00,2026-04-18 00:45:00,102690.0,102910.0,16,0.21423702405296563,0.013389814003310352,126.0,-1.0,9469.0,9496.0,2026-04-16 21:45:00,2026-04-17 14:45:00,101880.0,102290.0,28.0,0.4024342363565081,0.014372651298446717,63829.0,,3989.3125,,58064.0,0.0,2073.714285714286,0.0,1.9237522389087902,,1.0992869936621659,,100.0,0.0,0.0,False,False,,,,,0,0,,,,,0,0,0.15224545546123266,218.4099475651822,
CU:5m:1:1:28505:28510:1,CU,1h,2766,2026-04-18 01:00:00,3365.0,1,1,CHoCH,1,101980.0,30.0,BOS,1,102750.0,2.0,27,2,9,1,current_internal_high,internal,0.0,9.0,102750.0,102750.0,102750.0,0.23412350014632718,active_bull_internal_ob,internal,1.0,2.0,101600.0,102130.0,101865.0,0.37069554189835136,102870.0,102990.0,102810.0,102910.0,3904.0,184750.0,0,0,0,0,0,0,,102750.0,9.0,above,0.23412350014632718,103130.0,True,2.0,101600.0,3.0,below,0.8877182713881573,101770.0,False,,101980.0,196.0,below,0.5170227294898059,104520.0,True,30.0,91500.0,116.0,below,10.74041556921276,98390.0,False,,1,1,0.000692563443680918,105,UP_CONFIRMED,0.020102826867329195,0.021340986083142287,0.0065705239957143426,0.42526529588089124,0.000692563443680918,0.07271916158649638,0.004647399995698187,0.00663991130904229,0.012266525955163088,100881.98688364589,2.0102826867329195,0.038884028385344216,-0.6191934832015783,,33,1,2662,2766,2026-04-01 00:00:00,2026-04-18 00:00:00,96760.0,102910.0,105,6.355932203389836,0.06053268765133177,32.0,-1.0,2479.0,2661.0,2026-03-03 21:00:00,2026-03-31 23:00:00,100970.0,96170.0,183.0,-4.753887293255421,-0.025977526192652572,1099587.0,,10472.257142857143,,2768836.0,0.0,15130.25136612022,0.0,0.692140327972786,,0.3971296963778281,,48.57142857142857,48.57142857142857,2.857142857142857,False,False,,,,,0,0,2026-04-17 13:30:00,102250.0,2026-04-17 09:00:00,101920.0,9,9,0.3078828677417368,416.00597058818175,4.0
CU:5m:1:1:28505:28510:1,CU,4h,1227,2026-04-18 01:00:00,3365.0,-1,1,CHoCH,-1,97920.0,83.0,BOS,1,98500.0,21.0,19,2,3,1,current_internal_high,internal,0.0,6.0,103130.0,103130.0,103130.0,0.6048190420446786,active_bull_internal_ob,internal,1.0,21.0,97370.0,98000.0,97685.0,4.399570773583065,102870.0,102990.0,102810.0,102910.0,3904.0,184750.0,0,0,0,0,0,0,,103130.0,6.0,above,0.6048190420446786,98500.0,False,,97370.0,22.0,below,5.014144961467174,95370.0,False,,104520.0,85.0,above,1.9607843137254901,114140.0,False,,91500.0,23.0,below,10.74041556921276,97920.0,False,,0,0,0.0012746331081588264,32,NONE,0.054053852149531054,0.05133795201533628,0.008033063562597139,0.6323523954559389,0.0012746331081588264,0.04078825946108244,0.0067291942413503225,0.013050720568899887,0.03114715908436594,97632.58280412878,5.405385214953105,0.038884028385344216,-1.2731301724920494,,11,1,1196,1227,2026-04-08 09:00:00,2026-04-18 00:00:00,97670.0,102910.0,32,5.365004607351276,0.16765639397972737,10.0,-1.0,1041.0,1195.0,2026-02-02 13:30:00,2026-04-08 00:00:00,98580.0,95850.0,155.0,-2.769324406573337,-0.017866609074666688,772431.0,,24138.46875,,5711580.0,0.0,36848.903225806454,0.0,0.6550661386604056,,0.1352394608847289,,96.875,3.125,0.0,False,False,,,,,0,0,2026-04-08 09:00:00,97670.0,,,1,0,0.15647417256141047,617.5207850574538,
CU:5m:1:1:28513:28521:1,CU,5m,28523,2026-04-17 23:45:00,0.0,1,1,CHoCH,1,102750.0,31.0,BOS,1,102940.0,2.0,83,7,35,3,current_internal_high,internal,0.0,7.0,102940.0,102940.0,102940.0,0.13618677042801555,current_swing_high,swing,0.0,88.0,102750.0,102750.0,102750.0,0.048638132295719845,102950.0,102970.0,102790.0,102800.0,678.0,184974.0,1,1,1,0,1,0,active_bull_internal_ob,102940.0,7.0,above,0.13618677042801555,102800.0,True,2.0,102720.0,5.0,below,0.07782101167315175,102480.0,False,,102750.0,88.0,below,0.048638132295719845,103130.0,True,31.0,101600.0,23.0,below,1.1673151750972763,101770.0,False,,0,0,0.0001595892996670061,34,NONE,0.003498139911175015,0.003928661956644375,0.0014759056156521922,0.38525790685127725,0.0001595892996670061,0.005426036188678207,0.0003649267645533527,0.0007439048345796451,0.0015110298797438304,102441.64479378046,0.3498139911175015,-0.14570179698882857,-0.36323177225601244,,385,1,28490,28523,2026-04-17 14:55:00,2026-04-17 23:40:00,102290.0,102800.0,34,0.4985824616287049,0.014664190047903085,384.0,-1.0,28404.0,28489.0,2026-04-16 21:30:00,2026-04-17 14:50:00,102260.0,102240.0,86.0,-0.019557989438689916,-0.00022741848184523159,59870.0,,1760.8823529411766,,58574.0,0.0,681.0930232558139,0.0,2.585377169954949,,1.0221258578891659,,79.41176470588235,20.588235294117645,0.0,False,False,2026-04-17 21:20:00,102310.0,2026-04-17 21:15:00,102080.0,1,1,2026-04-17 21:30:00,102530.0,2026-04-17 21:15:00,102080.0,1,1,0.37567640889948734,136.80976474413296,
CU:5m:1:1:28513:28521:1,CU,15m,9507,2026-04-17 23:45:00,0.0,1,1,BOS,1,97250.0,242.0,CHoCH,1,102320.0,10.0,46,5,17,3,current_internal_high,internal,0.0,5.0,103040.0,103040.0,103040.0,0.23346303501945526,active_bull_internal_ob,internal,1.0,10.0,101600.0,101840.0,101720.0,0.933852140077821,102890.0,102970.0,102790.0,102800.0,2158.0,184974.0,0,0,0,0,0,0,,103040.0,5.0,above,0.23346303501945526,102320.0,False,,101830.0,4.0,below,0.943579766536965,101600.0,False,,103130.0,33.0,above,0.32101167315175094,97250.0,False,,95370.0,254.0,below,7.22762645914397,94800.0,False,,0,0,0.0001772423942829817,11,NONE,0.007155140861067548,0.007054569967860575,0.001239017369039124,0.5323465742896695,0.0001772423942829817,0.0019496663371127987,0.0007429873695710132,0.0019496663371127987,,102069.67708282868,0.7155140861067548,-0.09718172983479434,-0.45892349256036347,,127,1,9497,9507,2026-04-17 21:00:00,2026-04-17 23:30:00,102690.0,102800.0,11,0.10711851202649392,0.009738046547863083,126.0,-1.0,9469.0,9496.0,2026-04-16 21:45:00,2026-04-17 14:45:00,101880.0,102290.0,28.0,0.4024342363565081,0.014372651298446717,58749.0,,5340.818181818182,,58064.0,0.0,2073.714285714286,0.0,2.5754841053132593,,1.011797327087352,,100.0,0.0,0.0,False,False,,,,,0,0,,,,,0,0,0.17563329510996092,261.7157922161111,
CU:5m:1:1:28513:28521:1,CU,1h,2764,2026-04-17 23:00:00,45.0,1,1,CHoCH,1,101980.0,28.0,BOS,1,102750.0,0.0,27,2,9,1,active_bear_internal_ob,internal,-1.0,291.0,103600.0,104000.0,103800.0,0.7782101167315175,current_internal_high,internal,0.0,7.0,102750.0,102750.0,102750.0,0.048638132295719845,102740.0,102940.0,102480.0,102830.0,10692.0,184708.0,0,0,0,0,0,0,,102750.0,7.0,below,0.048638132295719845,103130.0,True,0.0,101600.0,1.0,below,1.1673151750972763,101770.0,False,,101980.0,194.0,below,0.7976653696498054,104520.0,True,28.0,91500.0,114.0,below,10.992217898832685,98390.0,False,,1,1,0.000698866272544872,103,UP_CONFIRMED,0.020009595361202975,0.021366357415331733,0.006631454378476726,0.4189443019773471,0.000698866272544872,0.07198322607212182,0.0044839382887000845,0.006477430799272765,0.013241719685418873,100812.77712253886,2.0009595361202974,0.09734254842792556,0.11076980716796456,,33,1,2662,2764,2026-04-01 00:00:00,2026-04-17 22:00:00,96760.0,102830.0,103,6.273253410500201,0.06090537291747768,32.0,-1.0,2479.0,2661.0,2026-03-03 21:00:00,2026-03-31 23:00:00,100970.0,96170.0,183.0,-4.753887293255421,-0.025977526192652572,1088927.0,,10572.106796116504,,2768836.0,0.0,15130.25136612022,0.0,0.6987396666647357,,0.3932797030954524,,48.54368932038835,48.54368932038835,2.912621359223301,False,False,,,,,0,0,2026-04-17 13:30:00,102250.0,2026-04-17 09:00:00,101920.0,9,9,0.3103689716300557,450.63414340404506,4.0
CU:5m:1:1:28513:28521:1,CU,4h,1225,2026-04-17 15:00:00,525.0,-1,1,CHoCH,-1,97920.0,81.0,BOS,1,98500.0,19.0,19,2,3,1,current_internal_high,internal,0.0,4.0,103130.0,103130.0,103130.0,0.32101167315175094,active_bull_internal_ob,internal,1.0,19.0,97370.0,98000.0,97685.0,4.669260700389105,102150.0,102310.0,101960.0,102290.0,14329.0,134961.0,0,0,0,0,0,0,,103130.0,4.0,above,0.32101167315175094,98500.0,False,,97370.0,20.0,below,5.282101167315175,95370.0,False,,104520.0,83.0,above,1.6731517509727627,114140.0,False,,91500.0,21.0,below,10.992217898832685,97920.0,False,,0,0,0.0012209125177818766,30,NONE,0.051908855197247715,0.05116177920953678,0.008266508909816138,0.5360049198952008,0.0012209125177818766,0.0366273755334563,0.0053773236389575985,0.014121777732976293,0.029385103016198455,97242.26532993601,5.190885519724771,0.09785693316370914,-0.6476703157438484,,11,1,1196,1225,2026-04-08 09:00:00,2026-04-17 13:30:00,97670.0,102290.0,30,4.73021398587079,0.15767379952902635,10.0,-1.0,1041.0,1195.0,2026-02-02 13:30:00,2026-04-08 00:00:00,98580.0,95850.0,155.0,-2.769324406573337,-0.017866609074666688,708602.0,,23620.066666666666,,5711580.0,0.0,36848.903225806454,0.0,0.6409978208014827,,0.1240640943486741,,96.66666666666667,3.3333333333333335,0.0,False,False,,,,,0,0,2026-04-08 09:00:00,97670.0,,,1,0,0.16157586850058617,608.1897862204789,
CU:5m:1:1:28513:28521:2,CU,5m,28536,2026-04-18 00:50:00,0.0,1,1,CHoCH,1,102750.0,44.0,BOS,1,102940.0,15.0,83,7,35,3,current_internal_high,internal,0.0,3.0,102990.0,102990.0,102990.0,0.10692068429237947,active_bull_internal_ob,internal,1.0,15.0,102720.0,102860.0,102790.0,0.019440124416796267,102890.0,102900.0,102860.0,102880.0,141.0,184967.0,0,0,0,0,0,0,,102990.0,3.0,above,0.10692068429237947,102940.0,False,,102720.0,18.0,below,0.15552099533437014,102480.0,False,,102750.0,101.0,below,0.12636080870917574,103130.0,True,44.0,101600.0,36.0,below,1.244167962674961,101770.0,False,,0,0,0.00012604854568309007,47,NONE,0.003781641747785166,0.004010865844491257,0.0012775761575089376,0.4288035394100431,0.00012604854568309007,0.005924281647105234,0.00016609732681782674,0.0003745275500752765,0.0009766121899914548,102492.41042191735,0.3781641747785166,-0.009719117504125574,-1.2502719969835552,,385,1,28490,28536,2026-04-17 14:55:00,2026-04-18 00:45:00,102290.0,102880.0,47,0.5767914752175196,0.012272159047181269,384.0,-1.0,28404.0,28489.0,2026-04-16 21:30:00,2026-04-17 14:50:00,102260.0,102240.0,86.0,-0.019557989438689916,-0.00022741848184523159,63678.0,,1354.8510638297873,,58574.0,0.0,681.0930232558139,0.0,1.989230571403041,,1.0871376378598012,,85.1063829787234,14.893617021276595,0.0,False,False,2026-04-17 21:20:00,102310.0,2026-04-17 21:15:00,102080.0,1,1,2026-04-17 21:30:00,102530.0,2026-04-17 21:15:00,102080.0,1,1,0.31852876836148253,90.61883797653253,
CU:5m:1:1:28513:28521:2,CU,15m,9511,2026-04-18 00:45:00,5.0,1,1,BOS,1,97250.0,246.0,CHoCH,1,102320.0,14.0,46,5,17,3,current_internal_high,internal,0.0,9.0,103040.0,103040.0,103040.0,0.15552099533437014,active_bull_internal_ob,internal,1.0,14.0,101600.0,101840.0,101720.0,1.010886469673406,102890.0,102960.0,102890.0,102890.0,629.0,185026.0,0,0,0,0,0,0,,103040.0,9.0,above,0.15552099533437014,102320.0,False,,101830.0,8.0,below,1.020606531881804,101600.0,False,,103130.0,37.0,above,0.24300155520995334,97250.0,False,,95370.0,258.0,below,7.299766718506999,94800.0,False,,0,0,0.00014730411101298023,15,NONE,0.007775484985891452,0.00729540209252248,0.0011439293920209388,0.6626399361122127,0.00014730411101298023,0.0022095616651947037,0.0004008104309036753,0.0011257914705438132,,102096.15289603957,0.7775484985891452,0.0,-0.7290878557630501,,127,1,9497,9511,2026-04-17 21:00:00,2026-04-18 00:30:00,102690.0,102890.0,15,0.19476093095724956,0.012984062063816637,126.0,-1.0,9469.0,9496.0,2026-04-16 21:45:00,2026-04-17 14:45:00,101880.0,102290.0,28.0,0.4024342363565081,0.014372651298446717,62416.0,,4161.066666666667,,58064.0,0.0,2073.714285714286,0.0,2.006576651051713,,1.074951777349132,,100.0,0.0,0.0,False,False,,,,,0,0,,,,,0,0,0.15680141786748458,225.2107127625039,
CU:5m:1:1:28513:28521:2,CU,1h,2765,2026-04-18 00:00:00,50.0,1,1,CHoCH,1,101980.0,29.0,BOS,1,102750.0,1.0,27,2,9,1,active_bear_internal_ob,internal,-1.0,292.0,103600.0,104000.0,103800.0,0.6998444790046656,current_internal_high,internal,0.0,8.0,102750.0,102750.0,102750.0,0.12636080870917574,102830.0,102970.0,102750.0,102870.0,6756.0,184843.0,0,0,0,0,0,0,,102750.0,8.0,below,0.12636080870917574,103130.0,True,1.0,101600.0,2.0,below,1.244167962674961,101770.0,False,,101980.0,195.0,below,0.8748055987558321,104520.0,True,29.0,91500.0,115.0,below,11.061430793157076,98390.0,False,,1,1,0.0006965977128960496,104,UP_CONFIRMED,0.01996589808344252,0.02135289146021741,0.006600910271377672,0.4167864103677026,0.0006965977128960496,0.07244616214118915,0.004671743300675324,0.006605556179437366,0.01245303524049568,100856.31313095558,1.996589808344252,0.038899153943394715,-0.29912613466489835,,33,1,2662,2765,2026-04-01 00:00:00,2026-04-17 23:00:00,96760.0,102870.0,104,6.314592806945019,0.06071723852831749,32.0,-1.0,2479.0,2661.0,2026-03-03 21:00:00,2026-03-31 23:00:00,100970.0,96170.0,183.0,-4.753887293255421,-0.025977526192652572,1095683.0,,10535.413461538461,,2768836.0,0.0,15130.25136612022,0.0,0.6963145030841619,,0.3957197175997423,,48.07692307692308,49.03846153846153,2.8846153846153846,False,False,,,,,0,0,2026-04-17 13:30:00,102250.0,2026-04-17 09:00:00,101920.0,9,9,0.3091342586401393,434.1602760180419,4.0
CU:5m:1:1:28513:28521:2,CU,4h,1226,2026-04-18 00:00:00,50.0,-1,1,CHoCH,-1,97920.0,82.0,BOS,1,98500.0,20.0,19,2,3,1,current_internal_high,internal,0.0,5.0,103130.0,103130.0,103130.0,0.24300155520995334,active_bull_internal_ob,internal,1.0,20.0,97370.0,98000.0,97685.0,4.743390357698289,102700.0,103040.0,101830.0,102870.0,59925.0,184843.0,0,0,0,0,0,0,,103130.0,5.0,above,0.24300155520995334,98500.0,False,,97370.0,21.0,below,5.355754276827372,95370.0,False,,104520.0,84.0,above,1.594090202177294,114140.0,False,,91500.0,22.0,below,11.061430793157076,97920.0,False,,0,0,0.0013073693905967386,31,NONE,0.05390723605512658,0.051250342333588064,0.008146539882432356,0.6278399099939904,0.0013073693905967386,0.0405284511084989,0.007821837271344556,0.014265279297201339,0.03111082905132112,97608.21112212118,5.390723605512658,0.5670153485189067,2.126732221127825,,11,1,1196,1226,2026-04-08 09:00:00,2026-04-17 21:00:00,97670.0,102870.0,31,5.3240503737073785,0.1717435604421735,10.0,-1.0,1041.0,1195.0,2026-02-02 13:30:00,2026-04-08 00:00:00,98580.0,95850.0,155.0,-2.769324406573337,-0.017866609074666688,768527.0,,24791.1935483871,,5711580.0,0.0,36848.903225806454,0.0,0.6727796861814069,,0.13455593723628137,,96.7741935483871,3.225806451612903,0.0,True,False,,,,,0,0,2026-04-08 09:00:00,97670.0,,,1,0,0.15895581398084316,651.1762300618733,
CU:5m:1:-1:28528:28539:1,CU,5m,28547,2026-04-20 09:45:00,0.0,1,-1,CHoCH,1,102750.0,55.0,CHoCH,-1,102720.0,8.0,81,7,35,3,current_internal_high,internal,0.0,14.0,102990.0,102990.0,102990.0,0.01942313295134505,current_internal_low,internal,0.0,3.0,102240.0,102240.0,102240.0,0.7089443527240944,102790.0,103110.0,102730.0,102970.0,5236.0,190567.0,0,0,0,0,0,0,,102990.0,14.0,above,0.01942313295134505,102940.0,False,,102240.0,3.0,below,0.7089443527240944,102720.0,False,,103040.0,5.0,above,0.06798096532970768,102750.0,False,,101830.0,2.0,below,1.107118578226668,101600.0,False,,1,1,0.00011650454433459276,58,UP_CONFIRMED,0.003828509082926853,0.003601820976689199,0.001544194264636315,0.558355156871627,0.00011650454433459276,0.00675726357140638,0.0007167994724450732,0.0007869152449913042,0.0011697809423925065,102577.28194437402,0.38285090829268525,0.1946093217865208,2.108055278900482,,385,1,28490,28547,2026-04-17 14:55:00,2026-04-20 09:40:00,102290.0,102970.0,58,0.6647766155049473,0.011461665784568056,384.0,-1.0,28404.0,28489.0,2026-04-16 21:30:00,2026-04-17 14:50:00,102260.0,102240.0,86.0,-0.019557989438689916,-0.00022741848184523159,87894.0,,1515.4137931034484,,58574.0,0.0,681.0930232558139,0.0,2.2249733022654516,,1.5005633898999555,,74.13793103448276,25.862068965517242,0.0,True,False,2026-04-17 21:20:00,102310.0,2026-04-17 21:15:00,102080.0,1,1,2026-04-20 09:35:00,102770.0,2026-04-20 09:00:00,102510.0,2,2,0.42872599016726853,149.64309749230134,
CU:5m:1:-1:28528:28539:1,CU,15m,9515,2026-04-20 09:45:00,0.0,1,1,BOS,1,97250.0,250.0,CHoCH,1,102320.0,18.0,46,5,17,3,current_internal_high,internal,0.0,1.0,102990.0,102990.0,102990.0,0.01942313295134505,active_bull_internal_ob,internal,1.0,18.0,101600.0,101840.0,101720.0,1.0974070117509953,102620.0,103110.0,102550.0,102970.0,7489.0,190567.0,0,0,0,0,0,0,,102990.0,1.0,above,0.01942313295134505,103040.0,False,,101830.0,12.0,below,1.107118578226668,101600.0,False,,103130.0,41.0,above,0.1553850636107604,97250.0,False,,95370.0,262.0,below,7.38079052151112,94800.0,False,,0,0,0.00017403164960408537,19,NONE,0.007456277211864885,0.007025598543914729,0.0013718649253767663,0.6232154200426163,0.00017403164960408537,0.003306601342477622,0.001141844414045412,0.001598415764985761,,102207.90949357074,0.7456277211864885,0.3410641200545683,0.6553860930576092,,127,1,9497,9515,2026-04-17 21:00:00,2026-04-20 09:30:00,102690.0,102970.0,19,0.27266530334015826,0.014350805438955698,126.0,-1.0,9469.0,9496.0,2026-04-16 21:45:00,2026-04-17 14:45:00,101880.0,102290.0,28.0,0.4024342363565081,0.014372651298446717,86773.0,,4567.0,,58064.0,0.0,2073.714285714286,0.0,2.202328465141912,,1.494437172774869,,84.21052631578947,15.789473684210526,0.0,True,False,,,,,0,0,2026-04-20 09:15:00,102620.0,2026-04-20 09:00:00,102580.0,1,1,0.1952666262954943,271.3909091839305,
CU:5m:1:-1:28528:28539:1,CU,1h,2766,2026-04-18 01:00:00,3405.0,1,1,CHoCH,1,101980.0,30.0,BOS,1,102750.0,2.0,27,2,9,1,active_bear_internal_ob,internal,-1.0,293.0,103600.0,104000.0,103800.0,0.6118286879673691,current_internal_high,internal,0.0,9.0,102750.0,102750.0,102750.0,0.21365446246479555,102870.0,102990.0,102810.0,102910.0,3904.0,184750.0,0,0,0,0,0,0,,102750.0,9.0,below,0.21365446246479555,103130.0,True,2.0,101600.0,3.0,below,1.3304846071671361,101770.0,False,,101980.0,196.0,below,0.96144508109158,104520.0,True,30.0,91500.0,116.0,below,11.139166747596388,98390.0,False,,1,1,0.000692563443680918,105,UP_CONFIRMED,0.020102826867329195,0.021340986083142287,0.0065705239957143426,0.42526529588089124,0.000692563443680918,0.07271916158649638,0.004647399995698187,0.00663991130904229,0.012266525955163088,100881.98688364589,2.0102826867329195,0.038884028385344216,-0.6191934832015783,,33,1,2662,2766,2026-04-01 00:00:00,2026-04-18 00:00:00,96760.0,102910.0,105,6.355932203389836,0.06053268765133177,32.0,-1.0,2479.0,2661.0,2026-03-03 21:00:00,2026-03-31 23:00:00,100970.0,96170.0,183.0,-4.753887293255421,-0.025977526192652572,1099587.0,,10472.257142857143,,2768836.0,0.0,15130.25136612022,0.0,0.692140327972786,,0.3971296963778281,,48.57142857142857,48.57142857142857,2.857142857142857,False,False,,,,,0,0,2026-04-17 13:30:00,102250.0,2026-04-17 09:00:00,101920.0,9,9,0.3078828677417368,416.00597058818175,4.0
CU:5m:1:-1:28528:28539:1,CU,4h,1227,2026-04-18 01:00:00,3405.0,-1,1,CHoCH,-1,97920.0,83.0,BOS,1,98500.0,21.0,19,2,3,1,current_internal_high,internal,0.0,6.0,103130.0,103130.0,103130.0,0.1553850636107604,active_bull_internal_ob,internal,1.0,21.0,97370.0,98000.0,97685.0,4.826648538409246,102870.0,102990.0,102810.0,102910.0,3904.0,184750.0,0,0,0,0,0,0,,103130.0,6.0,above,0.1553850636107604,98500.0,False,,97370.0,22.0,below,5.438477226376614,95370.0,False,,104520.0,85.0,above,1.5052928037292417,114140.0,False,,91500.0,23.0,below,11.139166747596388,97920.0,False,,0,0,0.0012746331081588264,32,NONE,0.054053852149531054,0.05133795201533628,0.008033063562597139,0.6323523954559389,0.0012746331081588264,0.04078825946108244,0.0067291942413503225,0.013050720568899887,0.03114715908436594,97632.58280412878,5.405385214953105,0.038884028385344216,-1.2731301724920494,,11,1,1196,1227,2026-04-08 09:00:00,2026-04-18 00:00:00,97670.0,102910.0,32,5.365004607351276,0.16765639397972737,10.0,-1.0,1041.0,1195.0,2026-02-02 13:30:00,2026-04-08 00:00:00,98580.0,95850.0,155.0,-2.769324406573337,-0.017866609074666688,772431.0,,24138.46875,,5711580.0,0.0,36848.903225806454,0.0,0.6550661386604056,,0.1352394608847289,,96.875,3.125,0.0,False,False,,,,,0,0,2026-04-08 09:00:00,97670.0,,,1,0,0.15647417256141047,617.5207850574538,
CU:5m:1:-1:28556:28566:1,CU,5m,28783,2026-04-22 22:10:00,0.0,1,1,BOS,1,102810.0,1.0,BOS,1,102790.0,1.0,85,8,36,3,active_bear_internal_ob,internal,-1.0,217.0,102980.0,103230.0,103105.0,0.009711566475672525,current_swing_high,swing,0.0,46.0,102810.0,102810.0,102810.0,0.1553850636107604,102870.0,103020.0,102830.0,102970.0,3590.0,206164.0,0,0,0,0,0,0,,102790.0,15.0,below,0.17480819656210547,102810.0,True,1.0,102490.0,5.0,below,0.4661551908322813,102570.0,False,,102810.0,46.0,below,0.1553850636107604,103230.0,True,1.0,102060.0,14.0,below,0.8837525492861998,101930.0,False,,1,1,4.934818262474217e-05,105,UP_CONFIRMED,0.0032115121190605714,0.0012410070217387555,0.001811074207476613,0.8617093151382706,4.934818262474217e-05,0.005181559175597927,0.0007669606331903722,0.0008376943227013101,0.0016035147907009772,102640.36921037603,0.32115121190605717,0.09721007096334944,2.13561623351613,,387,1,28679,28783,2026-04-21 21:10:00,2026-04-22 22:05:00,102590.0,102970.0,105,0.3704064723657252,0.003527680689197383,386.0,-1.0,28606.0,28678.0,2026-04-20 22:50:00,2026-04-21 21:05:00,102550.0,102470.0,73.0,-0.07801072647488638,-0.0010686400886970738,97026.0,,924.0571428571428,,67867.0,0.0,929.6849315068494,0.0,0.9939465635518208,,1.429649166752619,,51.42857142857142,28.57142857142857,20.0,False,False,2026-04-22 11:00:00,102410.0,2026-04-22 10:30:00,102290.0,4,4,2026-04-22 21:35:00,102620.0,2026-04-22 21:30:00,102570.0,6,6,1.4593585497519146,104.42566859742182,
CU:5m:1:-1:28556:28566:1,CU,15m,9593,2026-04-22 22:00:00,10.0,1,1,BOS,1,97250.0,328.0,CHoCH,1,102580.0,9.0,48,6,17,3,current_swing_high,swing,0.0,25.0,103230.0,103230.0,103230.0,0.25250072836748566,active_bear_internal_ob,internal,-1.0,57.0,102600.0,102830.0,102715.0,0.13596193065941536,102670.0,102760.0,102660.0,102730.0,2023.0,203930.0,0,0,0,0,0,0,,102810.0,3.0,below,0.1553850636107604,102580.0,False,,102140.0,8.0,below,0.8060600174808197,102060.0,False,,103230.0,25.0,above,0.25250072836748566,103130.0,False,,101600.0,60.0,below,1.3304846071671361,95370.0,False,,0,0,0.00011067669761315951,9,NONE,0.004101479419557085,0.004130737333611089,0.0004899102279042145,0.4761889349240637,0.00011067669761315951,0.0009960902785184356,0.0006853341402872637,,,102310.3760980268,0.41014794195570853,0.05843966104996934,-0.510003462634214,,129,1,9585,9593,2026-04-22 13:45:00,2026-04-22 21:45:00,102690.0,102730.0,9,0.03895218619145435,0.004328020687939372,128.0,-1.0,9548.0,9584.0,2026-04-21 10:00:00,2026-04-22 13:30:00,102220.0,102650.0,37.0,0.42066131872431356,0.011369224830386854,27996.0,,3110.6666666666665,,104207.0,0.0,2816.4054054054054,0.0,1.1044811449006944,,0.2686575757866554,,100.0,0.0,0.0,False,False,,,,,0,0,,,,,0,0,0.1186011572117889,172.062198338991,
CU:5m:1:-1:28556:28566:1,CU,1h,2790,2026-04-22 22:00:00,10.0,1,1,CHoCH,1,101980.0,54.0,BOS,1,102750.0,26.0,27,2,9,1,active_bear_internal_ob,internal,-1.0,317.0,103600.0,104000.0,103800.0,0.6118286879673691,current_internal_high,internal,0.0,4.0,102810.0,102810.0,102810.0,0.1553850636107604,102620.0,102800.0,102490.0,102730.0,13166.0,203930.0,0,0,0,0,0,0,,102810.0,4.0,below,0.1553850636107604,103230.0,False,,102060.0,1.0,below,0.8837525492861998,101930.0,False,,101980.0,220.0,below,0.96144508109158,104520.0,True,54.0,91500.0,140.0,below,11.139166747596388,98390.0,False,,1,1,0.0006372732818918004,129,UP_CONFIRMED,0.009389673962982325,0.019221767483152453,0.007606840194192308,0.0980862775675066,0.0006372732818918004,0.08220825336404225,0.0013375893686178308,0.0027049909902323588,0.005654625402666813,101774.37183072219,0.9389673962982326,0.08768511301637805,0.8968591574179304,,33,1,2662,2790,2026-04-01 00:00:00,2026-04-22 21:00:00,96760.0,102730.0,129,6.1699049193881805,0.047828720305334735,32.0,-1.0,2479.0,2661.0,2026-03-03 21:00:00,2026-03-31 23:00:00,100970.0,96170.0,183.0,-4.753887293255421,-0.025977526192652572,1346763.0,,10440.023255813954,,2768836.0,0.0,15130.25136612022,0.0,0.6900099015665621,,0.48640042241577325,,46.51162790697674,51.162790697674424,2.3255813953488373,False,False,,,,,0,0,2026-04-22 11:00:00,102460.0,2026-04-21 23:00:00,102180.0,11,11,0.3957409328179405,367.71173902906827,4.0
CU:5m:1:-1:28556:28566:1,CU,4h,1237,2026-04-22 15:00:00,430.0,-1,1,CHoCH,-1,97920.0,93.0,BOS,1,98500.0,31.0,19,2,3,1,current_internal_high,internal,0.0,4.0,103230.0,103230.0,103230.0,0.25250072836748566,current_internal_low,internal,0.0,0.0,101930.0,101930.0,101930.0,1.0100029134699426,102560.0,102810.0,102440.0,102640.0,21136.0,204017.0,0,0,0,0,0,0,,103230.0,4.0,above,0.25250072836748566,103130.0,False,,101930.0,0.0,below,1.0100029134699426,101600.0,False,,104520.0,95.0,above,1.5052928037292417,114140.0,False,,91500.0,33.0,below,11.139166747596388,97920.0,False,,0,0,0.001275166263182523,42,NONE,0.03854715295165707,0.04883095433890407,0.008666339782898387,0.11768537311370586,0.001275166263182523,0.05355698305366596,0.005069220353802528,0.012268320166481494,0.02547915115372401,98830.37058865034,3.8547152951657067,0.1756783134881923,-0.056562228717890274,,11,1,1196,1237,2026-04-08 09:00:00,2026-04-22 13:30:00,97670.0,102640.0,42,5.08856353025493,0.12115627452987929,10.0,-1.0,1041.0,1195.0,2026-02-02 13:30:00,2026-04-08 00:00:00,98580.0,95850.0,155.0,-2.769324406573337,-0.017866609074666688,1006441.0,,23962.880952380954,,5711580.0,0.0,36848.903225806454,0.0,0.650301063386847,,0.1762106107241779,,97.61904761904762,2.380952380952381,0.0,False,False,,,,,0,0,2026-04-08 09:00:00,97670.0,,,1,0,0.1774763549110863,552.4199124675079,
