candidate_id,symbol,context_tf,bar_index,bar_end,lag_minutes,swing_bias,internal_bias,last_swing_structure_type,last_swing_structure_bias,last_swing_structure_level,last_swing_structure_age,last_internal_structure_type,last_internal_structure_bias,last_internal_structure_level,last_internal_structure_age,active_bull_internal_ob_count,active_bear_internal_ob_count,active_bull_swing_ob_count,active_bear_swing_ob_count,nearest_above_type,nearest_above_structure_class,nearest_above_bias,nearest_above_age_bars,nearest_above_zone_low,nearest_above_zone_high,nearest_above_object_price_center,nearest_above_distance_pct,nearest_below_type,nearest_below_structure_class,nearest_below_bias,nearest_below_age_bars,nearest_below_zone_low,nearest_below_zone_high,nearest_below_object_price_center,nearest_below_distance_pct,open,high,low,close,volume,close_oi,overlap_object_count,overlap_active_ob_count,overlap_bull_ob_count,overlap_bear_ob_count,overlap_internal_count,overlap_swing_count,overlap_types,current_internal_high_level,current_internal_high_age,current_internal_high_relation,current_internal_high_distance_pct,current_internal_high_last_level,current_internal_high_crossed,current_internal_high_crossed_age,current_internal_low_level,current_internal_low_age,current_internal_low_relation,current_internal_low_distance_pct,current_internal_low_last_level,current_internal_low_crossed,current_internal_low_crossed_age,current_swing_high_level,current_swing_high_age,current_swing_high_relation,current_swing_high_distance_pct,current_swing_high_last_level,current_swing_high_crossed,current_swing_high_crossed_age,current_swing_low_level,current_swing_low_age,current_swing_low_relation,current_swing_low_distance_pct,current_swing_low_last_level,current_swing_low_crossed,current_swing_low_crossed_age,dsa_direction,dsa_raw_regime_value,dsa_raw_regime_strength,dsa_raw_dsa_dir_bars,dsa_raw_trend_transition,dsa_raw_offset_rate,dsa_raw_offset_mean,dsa_raw_offset_std,dsa_raw_offset_percentile,dsa_raw_vwap_ret_avg,dsa_raw_vwap_ret_total,dsa_raw_vwap_ret_5,dsa_raw_vwap_ret_10,dsa_raw_vwap_ret_20,dsa_raw_dsa_vwap,dsa_raw_dsa_vwap_dev_pct,dsa_raw_change_pct,dsa_raw_vol_zscore,dsa_raw_avg_amount_20d,dsa_raw_segment_id,dsa_raw_segment_direction,dsa_raw_segment_start_bar_index,dsa_raw_segment_end_bar_index,dsa_raw_segment_start_time,dsa_raw_segment_end_time,dsa_raw_segment_start_price,dsa_raw_segment_end_price,dsa_raw_segment_bars,dsa_raw_segment_change_pct,dsa_raw_segment_slope,dsa_raw_prev_segment_id,dsa_raw_prev_segment_direction,dsa_raw_prev_segment_start_bar_index,dsa_raw_prev_segment_end_bar_index,dsa_raw_prev_segment_start_time,dsa_raw_prev_segment_end_time,dsa_raw_prev_segment_start_price,dsa_raw_prev_segment_end_price,dsa_raw_prev_segment_bars,dsa_raw_prev_segment_change_pct,dsa_raw_prev_segment_slope,dsa_raw_current_segment_volume_sum,dsa_raw_current_segment_amount_sum,dsa_raw_current_segment_volume_mean,dsa_raw_current_segment_amount_mean,dsa_raw_prev_segment_volume_sum,dsa_raw_prev_segment_amount_sum,dsa_raw_prev_segment_volume_mean,dsa_raw_prev_segment_amount_mean,dsa_raw_current_vs_prev_volume_mean_ratio,dsa_raw_current_vs_prev_amount_mean_ratio,dsa_raw_current_vs_prev_volume_ratio,dsa_raw_current_vs_prev_amount_ratio,dsa_raw_rope_dir1_pct,dsa_raw_rope_dir0_pct,dsa_raw_rope_dir_neg1_pct,dsa_raw_touch_rope,dsa_raw_touch_vwap,dsa_raw_last_cross_up_date,dsa_raw_last_cross_up_price,dsa_raw_last_cross_down_date,dsa_raw_last_cross_down_price,dsa_raw_cross_up_count,dsa_raw_cross_down_count,dsa_raw_rope_cross_up_date,dsa_raw_rope_cross_up_price,dsa_raw_rope_cross_down_date,dsa_raw_rope_cross_down_price,dsa_raw_rope_cross_up_count,dsa_raw_rope_cross_down_count,dsa_raw_offset_variance_rate,atr14,component_15m_count
CU:1h:1:1:2285:2294:3,CU,5m,24197,2026-02-02 11:30:00,0.0,-1,-1,CHoCH,-1,102610.0,26.0,CHoCH,-1,104000.0,35.0,73,4,35,1,current_internal_high,internal,0.0,9.0,101470.0,101470.0,101470.0,1.358505643791829,current_internal_low,internal,0.0,19.0,99540.0,99540.0,99540.0,0.5693736889421637,100480.0,100590.0,100100.0,100110.0,3550.0,206347.0,0,0,0,0,0,0,,101470.0,9.0,above,1.358505643791829,104700.0,False,,99540.0,19.0,below,0.5693736889421637,104000.0,False,,106190.0,38.0,above,6.073319348716412,114140.0,False,,102610.0,54.0,above,2.497253021676156,102260.0,True,26.0,-1,-1,-0.0006755219335290166,-141,DOWN_CONFIRMED,-0.018127704741391144,-0.02231741215398158,0.010654926648187799,0.652920708714547,-0.0006755219335290166,-0.09524859262759133,-0.0018522844727839605,-0.00390030065400937,-0.007987866494692075,101958.26940369337,-1.8127704741391144,-0.36823248407643616,-0.3913872578964731,,336,-1,24057,24197,2026-01-29 23:15:00,2026-02-02 11:25:00,107910.0,100110.0,141,-7.228245760355856,-0.05126415432876494,335.0,1.0,23909.0,24056.0,2026-01-28 10:40:00,2026-01-29 23:10:00,102370.0,110450.0,148.0,7.89293738399921,0.05333065799999466,851141.0,,6036.4609929078015,,828068.0,0.0,5595.054054054054,0.0,1.0788923457377348,,1.0278636537095986,,7.801418439716312,48.93617021276596,43.262411347517734,True,True,,,,,0,0,2026-02-02 09:50:00,101100.0,2026-02-02 10:45:00,100550.0,14,14,0.477426619837143,415.3748668680029,
CU:1h:1:1:2285:2294:3,CU,15m,8065,2026-02-02 11:30:00,0.0,-1,-1,CHoCH,-1,100700.0,8.0,BOS,-1,102990.0,8.0,42,3,18,1,current_swing_low,swing,0.0,59.0,100700.0,100700.0,100700.0,0.5893517131155729,current_internal_low,internal,0.0,2.0,100020.0,100020.0,100020.0,0.08990110878034162,100180.0,100630.0,100100.0,100110.0,8841.0,206347.0,0,0,0,0,0,0,,105080.0,13.0,above,4.964539007092199,106190.0,False,,100020.0,2.0,below,0.08990110878034162,102990.0,False,,104100.0,91.0,above,3.9856158225951455,101650.0,True,65.0,100700.0,59.0,above,0.5893517131155729,99440.0,True,8.0,0,0,-0.0012298563904127437,-9,NONE,-0.05707313994640167,-0.05648991753573698,0.004849538039163065,0.4521372090917131,-0.0012298563904127437,-0.011068707513714693,-0.00578968835232585,,,106169.4222967723,-5.707313994640167,-0.06987422639249674,-0.32860962584895587,,106,-1,8057,8065,2026-02-02 09:00:00,2026-02-02 11:15:00,100230.0,100110.0,9,-0.11972463334330996,-0.013302737038145551,105.0,1.0,8000.0,8056.0,2026-01-29 10:30:00,2026-01-31 00:45:00,104360.0,103190.0,57.0,-1.1211192027596795,-0.01966875794315227,170481.0,,18942.333333333332,,1302712.0,0.0,22854.59649122807,0.0,0.8288194167244948,,0.13086622369334128,,0.0,0.0,100.0,True,True,,,,,0,0,,,,,0,0,0.08584785127532044,844.5304710729474,
CU:1h:1:1:2285:2294:3,CU,1h,2345,2026-02-02 11:30:00,0.0,1,-1,BOS,1,105650.0,19.0,CHoCH,-1,102260.0,2.0,27,1,9,0,current_internal_low,internal,0.0,19.0,102260.0,102260.0,102260.0,2.1476375986414946,current_swing_low,swing,0.0,26.0,99210.0,99210.0,99210.0,0.8990110878034162,100350.0,100630.0,100100.0,100110.0,19628.0,206347.0,2,2,2,0,1,1,active_bull_internal_ob|active_bull_swing_ob,114140.0,9.0,above,14.01458395764659,103590.0,False,,102260.0,19.0,above,2.1476375986414946,100700.0,True,2.0,105650.0,67.0,above,5.533912696034362,105490.0,True,19.0,99210.0,26.0,below,0.8990110878034162,98780.0,False,,0,0,-0.0007308036977981361,-3,NONE,-0.10150525838436296,-0.09795191865541149,0.003938935819150192,0.18350013984519853,-0.0007308036977981361,-0.0021924110933944085,,,,111419.6837924574,-10.150525838436296,-0.25904154627877096,-1.1885572603740786,,30,-1,2343,2345,2026-02-02 09:00:00,2026-02-02 11:00:00,101340.0,100110.0,3,-1.213735938425109,-0.40457864614170297,29.0,1.0,2294.0,2342.0,2026-01-23 21:00:00,2026-01-31 00:00:00,102690.0,103190.0,49.0,0.4869023273931239,0.009936782191696405,170481.0,,56827.0,,2191495.0,0.0,44724.38775510204,0.0,1.2706043134937566,,0.07779210082614836,,0.0,0.0,100.0,True,True,,,,,0,0,,,,,0,0,0.04021295216285772,1848.7446066403813,2.0
CU:1h:1:1:2285:2294:3,CU,4h,1040,2026-02-02 11:30:00,0.0,1,-1,BOS,1,89270.0,170.0,CHoCH,-1,100700.0,0.0,18,1,3,0,current_internal_low,internal,0.0,9.0,100700.0,100700.0,100700.0,0.5893517131155729,active_bull_internal_ob,internal,1.0,76.0,96030.0,96380.0,96205.0,3.7259015083408253,102000.0,102390.0,99530.0,100110.0,170481.0,206347.0,1,1,1,0,1,0,active_bull_internal_ob,114140.0,1.0,above,14.01458395764659,104100.0,False,,100700.0,9.0,above,0.5893517131155729,99440.0,True,0.0,89270.0,210.0,below,10.828089101987812,80130.0,True,170.0,84950.0,194.0,below,15.143342323444212,77950.0,False,,1,1,0.0009631660702484803,459,UP_CONFIRMED,-0.11703610962543141,0.01078024142001102,0.019612308328343722,3.5827896205375964e-11,0.0009631660702484803,0.44209322624405245,-0.004762755230943494,0.11627702202549917,0.1205109072619599,113379.49500690408,-11.703610962543141,-2.9847853474173847,0.6346040304464492,,9,1,582,1040,2025-08-12 21:00:00,2026-02-02 09:00:00,79460.0,100110.0,459,25.987918449534362,0.05661855871358249,8.0,-1.0,486.0,581.0,2025-07-09 21:00:00,2025-08-12 13:30:00,78310.0,79020.0,96.0,0.9066530455880573,0.00944430255820893,19025759.0,,41450.45533769063,,1673890.0,0.0,17436.354166666668,0.0,2.377243255183017,,11.3661943138438,,30.065359477124183,45.09803921568628,24.836601307189543,True,True,2026-01-23 09:00:00,101020.0,2026-01-29 21:00:00,106670.0,16,17,2026-01-30 00:00:00,106900.0,2026-01-30 09:00:00,104760.0,36,37,1.819282849448809,2487.3428594741295,
CU:1h:1:1:2301:2304:1,CU,5m,23799,2026-01-27 09:05:00,0.0,1,-1,BOS,1,103880.0,30.0,CHoCH,-1,103170.0,0.0,76,4,37,1,current_internal_low,internal,0.0,1.0,103170.0,103170.0,103170.0,0.998531571218796,active_bull_swing_ob,swing,1.0,30.0,101760.0,102120.0,101940.0,0.02936857562408223,102690.0,102690.0,101920.0,102150.0,16481.0,228783.0,0,0,0,0,0,0,,103640.0,7.0,above,1.4586392559960841,104100.0,False,,103170.0,1.0,above,0.998531571218796,103200.0,True,0.0,103880.0,43.0,above,1.693587860988742,101650.0,True,30.0,101760.0,14.0,below,0.38179148311306904,99440.0,False,,0,0,0.00029223212348320854,33,NONE,-0.012499271958306857,-0.001986479254772833,0.0067655634121731294,0.06010794928200869,0.00029223212348320854,0.009643660074945881,-0.004038987931256011,-0.004554633487787063,-0.005638811848833081,103442.96171059343,-1.2499271958306857,-1.2661898318190645,4.308290600674076,,333,1,23767,23799,2026-01-26 22:20:00,2026-01-27 09:00:00,103820.0,102150.0,33,-1.60855326526681,-0.04874403834141849,332.0,-1.0,23727.0,23766.0,2026-01-26 11:00:00,2026-01-26 22:15:00,102810.0,103440.0,40.0,0.6127808578932026,0.015319521447330064,83617.0,,2533.848484848485,,125632.0,0.0,3140.8,0.0,0.8067525741366801,,0.6655708736627611,,33.33333333333333,9.090909090909092,57.57575757575758,True,True,,,2026-01-26 22:45:00,104070.0,0,1,,,2026-01-26 23:15:00,103560.0,0,1,3.4058062252187056,283.5981160407883,
CU:1h:1:1:2301:2304:1,CU,15m,7932,2026-01-27 01:00:00,485.0,1,1,CHoCH,1,101650.0,46.0,CHoCH,1,103880.0,9.0,45,1,18,1,active_bear_internal_ob,internal,-1.0,246.0,103950.0,104150.0,104050.0,1.762114537444934,current_internal_low,internal,0.0,13.0,101850.0,101850.0,101850.0,0.2936857562408223,103260.0,103500.0,103250.0,103460.0,3034.0,229810.0,1,1,1,0,1,0,active_bull_internal_ob,104100.0,3.0,above,1.908957415565345,103880.0,False,,101850.0,13.0,below,0.2936857562408223,102500.0,False,,101650.0,61.0,below,0.4894762604013705,102000.0,True,46.0,99440.0,27.0,below,2.6529613313754283,99210.0,False,,1,1,0.0007919687414154074,53,UP_CONFIRMED,-0.005022572441457872,0.013927752279642408,0.010178489795054367,0.03131555722364587,0.0007919687414154074,0.04197434329501659,-0.0005624720247586756,0.021469170377756752,0.02601811968123746,103982.25842556881,-0.5022572441457872,0.18398373196475415,-0.9121033728760833,,103,1,7880,7932,2026-01-23 13:30:00,2026-01-27 00:45:00,101440.0,103460.0,53,1.991324921135651,0.03757216832331417,102.0,-1.0,7687.0,7879.0,2026-01-15 09:30:00,2026-01-23 11:15:00,103190.0,101020.0,193.0,-2.102916949316791,-0.010895942742574046,452204.0,,8532.150943396226,,1498016.0,0.0,7761.740932642487,0.0,1.099257372468299,,0.3018686048747143,,60.37735849056604,28.30188679245283,11.320754716981133,True,True,,,2026-01-26 22:45:00,103900.0,0,1,2026-01-27 00:45:00,103460.0,2026-01-27 00:15:00,103220.0,4,4,0.7308063491286978,396.5758449497898,
CU:1h:1:1:2301:2304:1,CU,1h,2306,2026-01-27 01:00:00,485.0,1,1,BOS,1,94560.0,197.0,BOS,1,103880.0,2.0,28,1,8,0,current_internal_high,internal,0.0,3.0,103880.0,103880.0,103880.0,1.693587860988742,current_internal_low,internal,0.0,0.0,101760.0,101760.0,101760.0,0.38179148311306904,103460.0,103640.0,103120.0,103460.0,11862.0,229810.0,1,1,1,0,1,0,active_bull_internal_ob,103880.0,3.0,above,1.693587860988742,101650.0,True,2.0,101760.0,0.0,below,0.38179148311306904,99440.0,False,,105650.0,28.0,above,3.4263338228095934,105490.0,False,,98780.0,60.0,below,3.2990699951052376,90750.0,False,,0,0,0.0007369045673067185,13,NONE,0.02348391423056951,0.022504745400395956,0.004472110771353569,0.586655516944958,0.0007369045673067185,0.00957975937498734,0.004156111020025222,0.008020829537983998,,101086.10263579836,2.348391423056951,-0.009664637092876571,-0.9748663593099004,,29,1,2294,2306,2026-01-23 21:00:00,2026-01-27 00:00:00,102690.0,103460.0,13,0.749829584185413,0.057679198783493306,28.0,-1.0,2249.0,2293.0,2026-01-16 21:00:00,2026-01-23 14:00:00,100290.0,101340.0,45.0,1.046963804965606,0.023265862332569023,408550.0,,31426.923076923078,,1053477.0,0.0,23410.6,0.0,1.3424227946709217,,0.3878110295715996,,100.0,0.0,0.0,False,False,,,,,0,0,,,,,0,0,0.19871856765261986,772.6158975473473,4.0
CU:1h:1:1:2301:2304:1,CU,4h,1023,2026-01-27 01:00:00,485.0,1,1,BOS,1,89270.0,153.0,CHoCH,1,101650.0,5.0,18,1,3,0,active_bear_internal_ob,internal,-1.0,31.0,103290.0,104660.0,103975.0,1.1160058737151248,current_internal_high,internal,0.0,9.0,101650.0,101650.0,101650.0,0.4894762604013705,103460.0,103640.0,103120.0,103460.0,11862.0,229810.0,0,0,0,0,0,0,,101650.0,9.0,below,0.4894762604013705,102000.0,True,5.0,99440.0,4.0,below,2.6529613313754283,99210.0,False,,89270.0,193.0,below,12.608908467939306,80130.0,True,153.0,84950.0,177.0,below,16.837983357807147,77950.0,False,,1,1,0.000654339987114374,442,UP_CONFIRMED,0.020715805559845264,0.012071954720629323,0.015478241994555251,0.7117320174534959,0.000654339987114374,0.28921827430455327,0.00278486871137007,0.0033923931438830657,0.0022084217465412337,101360.24095683906,2.0715805559845264,-0.009664637092876571,-1.2807824854666476,,9,1,582,1023,2025-08-12 21:00:00,2026-01-27 00:00:00,79460.0,103460.0,442,30.203876164107733,0.06833456145725732,8.0,-1.0,486.0,581.0,2025-07-09 21:00:00,2025-08-12 13:30:00,78310.0,79020.0,96.0,0.9066530455880573,0.00944430255820893,17072333.0,,38625.18778280543,,1673890.0,0.0,17436.354166666668,0.0,2.2152100957346783,,10.199196482445084,,30.316742081447963,44.11764705882353,25.565610859728505,False,False,2026-01-23 09:00:00,101020.0,2026-01-21 21:00:00,100790.0,16,16,2026-01-23 21:00:00,102920.0,2026-01-16 09:00:00,101460.0,34,34,1.2821653454436048,1134.094076321255,
CU:1h:1:-1:2304:2313:1,CU,5m,23915,2026-01-28 11:15:00,0.0,-1,1,CHoCH,-1,101760.0,87.0,CHoCH,1,102280.0,7.0,76,4,36,2,active_bear_internal_ob,internal,-1.0,116.0,103340.0,103500.0,103420.0,0.3788246721709568,current_internal_high,internal,0.0,10.0,102280.0,102280.0,102280.0,0.6508013598834386,102790.0,103000.0,102740.0,102950.0,3319.0,223655.0,0,0,0,0,0,0,,102280.0,10.0,below,0.6508013598834386,102510.0,True,7.0,101850.0,6.0,below,1.0684798445847499,102020.0,False,,104100.0,93.0,above,1.117047110247693,103880.0,False,,101760.0,130.0,below,1.1559009227780475,99440.0,True,87.0,0,0,0.0002905351964784332,7,NONE,0.014167510814687327,0.01162290164337511,0.001410296833240168,0.9644084436452427,0.0002905351964784332,0.0020337463753490326,0.0018634313869279051,,,101511.83004994865,1.4167510814687327,0.13617352397625737,1.3712356804353656,,335,1,23909,23915,2026-01-28 10:40:00,2026-01-28 11:10:00,102370.0,102950.0,7,0.56657223796035,0.08093889113719285,334.0,-1.0,23807.0,23908.0,2026-01-27 09:40:00,2026-01-28 10:35:00,101980.0,102430.0,102.0,0.441262992743674,0.004326107771996803,17869.0,,2552.714285714286,,236422.0,0.0,2317.8627450980393,0.0,1.1013224536754496,,0.07558095270321713,,100.0,0.0,0.0,False,False,,,,,0,0,,,,,0,0,0.12133775854878866,195.8296019694643,
CU:1h:1:-1:2304:2313:1,CU,15m,7971,2026-01-28 11:15:00,0.0,1,1,CHoCH,1,101650.0,85.0,CHoCH,1,102720.0,0.0,45,1,18,1,active_bear_internal_ob,internal,-1.0,285.0,103950.0,104150.0,104050.0,0.9713453132588635,current_internal_high,internal,0.0,19.0,102720.0,102720.0,102720.0,0.22340942204953862,102420.0,103000.0,102390.0,102950.0,10204.0,223655.0,0,0,0,0,0,0,,102720.0,19.0,below,0.22340942204953862,102210.0,True,0.0,100700.0,10.0,below,2.1855269548324427,101640.0,False,,101650.0,100.0,below,1.2627489072365226,102000.0,True,85.0,99440.0,66.0,below,3.4094220495386107,99210.0,False,,0,0,-0.0006664946755694173,-36,NONE,0.018925648283774084,-0.00164333052827468,0.011040638525488243,0.9687705823278041,-0.0006664946755694173,-0.02399380832049902,0.0015851732910656668,0.002987549052232419,-0.01859262015056473,101037.79424279257,1.8925648283774084,0.5174770552626384,0.6612346226789643,,104,-1,7936,7971,2026-01-27 09:45:00,2026-01-28 11:00:00,101870.0,102950.0,36,1.060174732502217,0.029449298125061585,103.0,1.0,7880.0,7935.0,2026-01-23 13:30:00,2026-01-27 09:30:00,101440.0,101980.0,56.0,0.5323343848580464,0.0095059711581794,250892.0,,6969.222222222223,,493398.0,0.0,8810.67857142857,0.0,0.7909972161306785,,0.5084982103697218,,22.22222222222222,27.77777777777778,50.0,True,False,2026-01-27 23:00:00,100830.0,,,1,0,2026-01-28 00:00:00,101550.0,2026-01-27 21:15:00,102200.0,2,1,6.7184527613441976,370.9625214482536,
CU:1h:1:-1:2304:2313:1,CU,1h,2317,2026-01-28 11:00:00,15.0,1,-1,BOS,1,94560.0,208.0,CHoCH,-1,101760.0,4.0,27,2,8,0,current_internal_high,internal,0.0,8.0,104100.0,104100.0,104100.0,1.117047110247693,current_internal_low,internal,0.0,11.0,101760.0,101760.0,101760.0,1.1559009227780475,101880.0,102510.0,101850.0,102420.0,17324.0,222655.0,1,1,0,1,1,0,active_bear_internal_ob,104100.0,8.0,above,1.117047110247693,103880.0,False,,101760.0,11.0,below,1.1559009227780475,99440.0,True,4.0,105650.0,39.0,above,2.6226323457989316,105490.0,False,,98780.0,71.0,below,4.050509956289461,90750.0,False,,0,0,0.0005008510623396856,24,NONE,0.01075215488668078,0.015344479479092515,0.00889804199260702,0.30289051327571126,0.0005008510623396856,0.012020425496152454,0.0006930721834574882,0.0018303683404454762,0.009890287018502919,101330.4789951031,1.075215488668078,0.5300353356890497,-0.7020587760301444,,29,1,2294,2317,2026-01-23 21:00:00,2026-01-28 10:00:00,102690.0,102420.0,24,-0.2629272567922891,-0.01095530236634538,28.0,-1.0,2249.0,2293.0,2026-01-16 21:00:00,2026-01-23 14:00:00,100290.0,101340.0,45.0,1.046963804965606,0.023265862332569023,690432.0,,28768.0,,1053477.0,0.0,23410.6,0.0,1.2288450530956063,,0.6553840283176566,,54.166666666666664,29.166666666666668,16.666666666666664,True,False,2026-01-27 23:00:00,101470.0,2026-01-27 22:00:00,101160.0,1,1,2026-01-28 10:00:00,102420.0,2026-01-27 09:00:00,101870.0,1,1,0.5798855545886042,774.6226146291724,3.0
CU:1h:1:-1:2304:2313:1,CU,4h,1027,2026-01-28 01:00:00,615.0,1,1,BOS,1,89270.0,157.0,CHoCH,1,101650.0,9.0,18,1,3,0,active_bear_internal_ob,internal,-1.0,35.0,103290.0,104660.0,103975.0,0.3302574065080136,active_bull_internal_ob,internal,1.0,9.0,99440.0,100260.0,99850.0,2.6129188926663427,101470.0,101780.0,101370.0,101560.0,10021.0,225969.0,0,0,0,0,0,0,,104100.0,0.0,above,1.117047110247693,101650.0,False,,99440.0,8.0,below,3.4094220495386107,99210.0,False,,89270.0,197.0,below,13.288003885381253,80130.0,True,157.0,84950.0,181.0,below,17.484215638659542,77950.0,False,,1,1,0.0006500731042682812,446,UP_CONFIRMED,0.001415918394612115,0.01200525505088102,0.015430268263366468,0.24627129970339778,0.0006500731042682812,0.28993260450365343,0.0006841337622884858,0.004433244700652317,0.003425519935571719,101416.40264997252,0.1415918394612115,0.08869616635458488,-1.3678597904849106,,9,1,582,1027,2025-08-12 21:00:00,2026-01-28 00:00:00,79460.0,101560.0,446,27.81273596778253,0.0623603945465976,8.0,-1.0,486.0,581.0,2025-07-09 21:00:00,2025-08-12 13:30:00,78310.0,79020.0,96.0,0.9066530455880573,0.00944430255820893,17301981.0,,38793.67937219731,,1673890.0,0.0,17436.354166666668,0.0,2.224873330822779,,10.336390682780827,,30.493273542600896,44.17040358744394,25.336322869955158,True,True,2026-01-23 09:00:00,101020.0,2026-01-21 21:00:00,100790.0,16,16,2026-01-23 21:00:00,102920.0,2026-01-27 21:00:00,101470.0,34,35,1.2852928320114365,1171.3557089184549,
CU:1h:1:-1:2304:2313:2,CU,5m,23956,2026-01-28 22:40:00,0.0,-1,-1,CHoCH,-1,101760.0,128.0,BOS,-1,102670.0,18.0,76,5,36,2,active_bear_internal_ob,internal,-1.0,18.0,102910.0,103120.0,103015.0,0.029160186625194404,current_internal_low,internal,0.0,11.0,102260.0,102260.0,102260.0,0.6026438569206842,102630.0,102930.0,102620.0,102880.0,2197.0,225262.0,0,0,0,0,0,0,,103120.0,15.0,above,0.23328149300155523,103540.0,False,,102260.0,11.0,below,0.6026438569206842,102670.0,False,,104100.0,134.0,above,1.1858475894245724,103880.0,False,,100700.0,36.0,below,2.1189735614307934,101760.0,False,,0,0,0.00023272325755245107,48,NONE,0.004320117918174778,0.007037384271460868,0.00524326609895957,0.30214567224882494,0.00023272325755245107,0.011170716362517652,0.0002920893425253368,0.0004103987993684388,0.000896769860858404,102437.4581017623,0.43201179181747773,0.23382696804363778,-0.023843938266042596,,335,1,23909,23956,2026-01-28 10:40:00,2026-01-28 22:35:00,102370.0,102880.0,48,0.49819282993064373,0.010379017290221745,334.0,-1.0,23807.0,23908.0,2026-01-27 09:40:00,2026-01-28 10:35:00,101980.0,102430.0,102.0,0.441262992743674,0.004326107771996803,127853.0,,2663.6041666666665,,236422.0,0.0,2317.8627450980393,0.0,1.1491638891473719,,0.5407830066575868,,20.833333333333336,47.91666666666667,31.25,True,False,2026-01-28 21:45:00,102660.0,2026-01-28 21:40:00,102350.0,2,2,2026-01-28 22:35:00,102880.0,2026-01-28 22:20:00,102650.0,3,3,0.7450589447307723,204.23215924869754,
CU:1h:1:-1:2304:2313:2,CU,15m,7984,2026-01-28 22:30:00,10.0,1,1,CHoCH,1,101650.0,98.0,CHoCH,1,102720.0,13.0,45,1,18,1,current_internal_high,internal,0.0,7.0,103590.0,103590.0,103590.0,0.6901244167962675,active_bull_internal_ob,internal,1.0,13.0,100700.0,101280.0,100990.0,1.5552099533437014,102650.0,102790.0,102570.0,102600.0,4219.0,225334.0,0,0,0,0,0,0,,103590.0,7.0,above,0.6901244167962675,102720.0,False,,100700.0,23.0,below,2.1189735614307934,101640.0,False,,104100.0,10.0,above,1.1858475894245724,101650.0,False,,99440.0,79.0,below,3.3437013996889577,99210.0,False,,0,0,-0.0003772985074510561,-49,NONE,0.009764964952502956,0.002566026899521399,0.012078966563350469,0.7244089018017146,-0.0003772985074510561,-0.018487626865101747,0.0008208007603860423,0.002907586610947588,0.007654264685210022,101607.80336127632,0.9764964952502956,-0.029231218941827564,-0.81441691557923,,104,-1,7936,7984,2026-01-27 09:45:00,2026-01-28 22:15:00,101870.0,102600.0,49,0.7165995877098208,0.014624481381833077,103.0,1.0,7880.0,7935.0,2026-01-23 13:30:00,2026-01-27 09:30:00,101440.0,101980.0,56.0,0.5323343848580464,0.0095059711581794,357098.0,,7287.714285714285,,493398.0,0.0,8810.67857142857,0.0,0.8271456309105428,,0.7237524270467249,,24.489795918367346,38.775510204081634,36.734693877551024,True,False,2026-01-27 23:00:00,100830.0,,,1,0,2026-01-28 14:30:00,102960.0,2026-01-28 21:00:00,102380.0,3,3,4.707264201167716,370.3150887215652,
CU:1h:1:-1:2304:2313:2,CU,1h,2321,2026-01-28 22:00:00,40.0,1,-1,BOS,1,94560.0,212.0,CHoCH,-1,101760.0,8.0,27,2,8,0,current_internal_high,internal,0.0,12.0,104100.0,104100.0,104100.0,1.1858475894245724,current_internal_low,internal,0.0,2.0,100700.0,100700.0,100700.0,2.1189735614307934,102540.0,102840.0,102260.0,102590.0,34114.0,224665.0,1,1,0,1,1,0,active_bear_internal_ob,104100.0,12.0,above,1.1858475894245724,103880.0,False,,100700.0,2.0,below,2.1189735614307934,101760.0,False,,105650.0,43.0,above,2.692457231726283,105490.0,False,,99210.0,2.0,below,3.5672628304821155,98780.0,False,,0,0,0.0005047698126352847,28,NONE,0.010320254473052693,0.015500079649061053,0.00838773452547723,0.26843680333493114,0.0005047698126352847,0.014133554753787969,0.002288482395839564,0.003166610829977712,0.008685442571589208,101542.06010004948,1.0320254473052692,-0.45604502231709754,0.5517125738300394,,29,1,2294,2321,2026-01-23 21:00:00,2026-01-28 21:00:00,102690.0,102590.0,28,-0.09738046547862478,-0.003477873767093742,28.0,-1.0,2249.0,2293.0,2026-01-16 21:00:00,2026-01-23 14:00:00,100290.0,101340.0,45.0,1.046963804965606,0.023265862332569023,800051.0,,28573.25,,1053477.0,0.0,23410.6,0.0,1.2205261719050347,,0.7594385069631325,,46.42857142857143,39.285714285714285,14.285714285714285,True,False,2026-01-27 23:00:00,101470.0,2026-01-27 22:00:00,101160.0,1,1,2026-01-28 10:00:00,102420.0,2026-01-27 09:00:00,101870.0,1,1,0.5411413821983382,784.8213373704654,4.0
CU:1h:1:-1:2304:2313:2,CU,4h,1029,2026-01-28 15:00:00,460.0,1,1,BOS,1,89270.0,159.0,CHoCH,1,101650.0,11.0,18,1,3,0,active_bear_internal_ob,internal,-1.0,37.0,103290.0,104660.0,103975.0,0.3985225505443235,active_bull_internal_ob,internal,1.0,11.0,99440.0,100260.0,99850.0,2.546656298600311,103030.0,103540.0,102670.0,103060.0,49318.0,227447.0,0,0,0,0,0,0,,104100.0,2.0,above,1.1858475894245724,101650.0,False,,99440.0,10.0,below,3.3437013996889577,99210.0,False,,89270.0,199.0,below,13.229004665629859,80130.0,True,159.0,84950.0,183.0,below,17.428071539657854,77950.0,False,,1,1,0.0006502880556190782,448,UP_CONFIRMED,0.015107498706349302,0.012029967690079751,0.015401067714736882,0.5791915972312964,0.0006502880556190782,0.291329048917347,0.0013544647287453415,0.004248857150144891,0.004685038086672089,101526.19316805307,1.5107498706349303,-0.43474060477248777,-0.26544218538967346,,9,1,582,1029,2025-08-12 21:00:00,2026-01-28 13:30:00,79460.0,103060.0,448,29.700478228039273,0.0662957103304448,8.0,-1.0,486.0,581.0,2025-07-09 21:00:00,2025-08-12 13:30:00,78310.0,79020.0,96.0,0.9066530455880573,0.00944430255820893,17429720.0,,38905.625,,1673890.0,0.0,17436.354166666668,0.0,2.231293573651793,,10.412703343708367,,30.357142857142854,44.419642857142854,25.223214285714285,False,False,2026-01-23 09:00:00,101020.0,2026-01-21 21:00:00,100790.0,16,16,2026-01-28 09:00:00,103510.0,2026-01-27 21:00:00,101470.0,35,35,1.280225193575294,1206.7811979960147,
CU:1h:1:-1:2304:2313:3,CU,5m,23985,2026-01-29 09:05:00,0.0,-1,1,CHoCH,-1,101760.0,157.0,CHoCH,1,102550.0,0.0,77,4,36,2,active_bear_internal_ob,internal,-1.0,56.0,103240.0,103540.0,103390.0,0.28169014084507044,current_internal_high,internal,0.0,3.0,102550.0,102550.0,102550.0,0.38853812530354537,103400.0,103400.0,102950.0,102950.0,10743.0,224584.0,0,0,0,0,0,0,,102550.0,3.0,below,0.38853812530354537,102580.0,True,0.0,102360.0,7.0,below,0.5730937348227294,102300.0,False,,103590.0,18.0,above,0.6216610004856726,104100.0,False,,100700.0,65.0,below,2.1855269548324427,101760.0,False,,1,1,0.00016762911458344332,77,UP_CONFIRMED,0.003280288359712916,0.0045755221578592,0.0053771922788709145,0.4048258114600025,0.00016762911458344332,0.012907441822925136,0.0011057951981772174,0.0010872263261161308,0.000969981905564854,102613.3984634697,0.32802883597129157,0.5076637703797626,4.213167109728365,,335,1,23909,23985,2026-01-28 10:40:00,2026-01-29 09:00:00,102370.0,102950.0,77,0.56657223796035,0.007358081012472077,334.0,-1.0,23807.0,23908.0,2026-01-27 09:40:00,2026-01-28 10:35:00,101980.0,102430.0,102.0,0.441262992743674,0.004326107771996803,172490.0,,2240.12987012987,,236422.0,0.0,2317.8627450980393,0.0,0.9664635556473034,,0.729585233184729,,14.285714285714285,41.55844155844156,44.15584415584416,False,False,2026-01-29 09:00:00,102950.0,2026-01-29 00:25:00,102480.0,5,5,2026-01-29 09:00:00,102950.0,2026-01-28 23:05:00,102450.0,4,4,1.1752084447093576,178.9242683545991,
CU:1h:1:-1:2304:2313:3,CU,15m,7994,2026-01-29 01:00:00,485.0,1,1,CHoCH,1,101650.0,108.0,CHoCH,1,102720.0,23.0,45,1,18,1,current_internal_high,internal,0.0,2.0,103190.0,103190.0,103190.0,0.23312287518212726,current_internal_low,internal,0.0,0.0,102310.0,102310.0,102310.0,0.6216610004856726,102400.0,102460.0,102360.0,102430.0,1419.0,224686.0,0,0,0,0,0,0,,103190.0,2.0,above,0.23312287518212726,103590.0,False,,102310.0,0.0,below,0.6216610004856726,102260.0,False,,104100.0,20.0,above,1.117047110247693,101650.0,False,,99440.0,89.0,below,3.4094220495386107,99210.0,False,,-1,-1,-0.0002905275815435345,-59,DOWN_CONFIRMED,0.006710796793441493,0.0035231471152984925,0.011248358170324588,0.6115602853277553,-0.0002905275815435345,-0.017141127311068538,0.0002112040878887722,0.001371862027304438,0.00428343744591464,101747.19524838547,0.6710796793441492,0.019529342837620867,-1.0778139841085812,,104,-1,7936,7994,2026-01-27 09:45:00,2026-01-29 00:45:00,101870.0,102430.0,59,0.5497202316678163,0.009317292062166378,103.0,1.0,7880.0,7935.0,2026-01-23 13:30:00,2026-01-27 09:30:00,101440.0,101980.0,56.0,0.5323343848580464,0.0095059711581794,394770.0,,6691.016949152542,,493398.0,0.0,8810.67857142857,0.0,0.7594212971121537,,0.800104580886019,,20.33898305084746,45.76271186440678,33.89830508474576,True,False,2026-01-27 23:00:00,100830.0,,,1,0,2026-01-28 22:45:00,102970.0,2026-01-28 23:00:00,102610.0,4,4,3.1927018095500648,309.28632657046256,
CU:1h:1:-1:2304:2313:3,CU,1h,2324,2026-01-29 01:00:00,485.0,1,-1,BOS,1,94560.0,215.0,CHoCH,-1,101760.0,11.0,27,2,8,0,current_internal_high,internal,0.0,1.0,103590.0,103590.0,103590.0,0.6216610004856726,current_internal_low,internal,0.0,5.0,100700.0,100700.0,100700.0,2.1855269548324427,102380.0,102550.0,102360.0,102430.0,4977.0,224686.0,1,1,0,1,1,0,active_bear_internal_ob,103590.0,1.0,above,0.6216610004856726,104100.0,False,,100700.0,5.0,below,2.1855269548324427,101760.0,False,,105650.0,46.0,above,2.6226323457989316,105490.0,False,,99210.0,5.0,below,3.6328314715881493,98780.0,False,,0,0,0.0004759990647771185,31,NONE,0.0081258236827392,0.01495205803994633,0.008192179685223469,0.2023484111468507,0.0004759990647771185,0.014755971008090674,0.0016012450289115687,0.003279167858283749,0.00614880092886505,101604.38071690056,0.8125823682739199,0.05861092116830058,-1.60603769907218,,29,1,2294,2324,2026-01-23 21:00:00,2026-01-29 00:00:00,102690.0,102430.0,31,-0.25318921024442,-0.008167393878852257,28.0,-1.0,2249.0,2293.0,2026-01-16 21:00:00,2026-01-23 14:00:00,100290.0,101340.0,45.0,1.046963804965606,0.023265862332569023,844514.0,,27242.387096774193,,1053477.0,0.0,23410.6,0.0,1.1636774408504778,,0.8016444592525513,,41.935483870967744,45.16129032258064,12.903225806451612,False,False,2026-01-27 23:00:00,101470.0,2026-01-27 22:00:00,101160.0,1,1,2026-01-28 10:00:00,102420.0,2026-01-27 09:00:00,101870.0,1,1,0.5478964610314524,737.3113987619943,4.0
CU:1h:1:-1:2304:2313:3,CU,4h,1031,2026-01-29 01:00:00,485.0,1,1,BOS,1,89270.0,161.0,CHoCH,1,101650.0,13.0,18,1,3,0,active_bear_internal_ob,internal,-1.0,39.0,103290.0,104660.0,103975.0,0.3302574065080136,current_internal_low,internal,0.0,0.0,100700.0,100700.0,100700.0,2.1855269548324427,102380.0,102550.0,102360.0,102430.0,4977.0,224686.0,0,0,0,0,0,0,,104100.0,4.0,above,1.117047110247693,101650.0,False,,100700.0,0.0,below,2.1855269548324427,99440.0,False,,89270.0,201.0,below,13.288003885381253,80130.0,True,161.0,84950.0,185.0,below,17.484215638659542,77950.0,False,,1,1,0.0006486858778042774,450,UP_CONFIRMED,0.008449574142686761,0.012012796034519508,0.015368965567091804,0.40832909925333943,0.0006486858778042774,0.2919086450119248,0.0015402445582723967,0.0035711910419025106,0.0052495014464331025,101571.76186729893,0.8449574142686761,0.05861092116830058,-1.4924626315950429,,9,1,582,1031,2025-08-12 21:00:00,2026-01-29 00:00:00,79460.0,102430.0,450,28.90762647873144,0.06423916995273654,8.0,-1.0,486.0,581.0,2025-07-09 21:00:00,2025-08-12 13:30:00,78310.0,79020.0,96.0,0.9066530455880573,0.00944430255820893,17508297.0,,38907.32666666667,,1673890.0,0.0,17436.354166666668,0.0,2.231391166683593,,10.459646093829344,,30.22222222222222,44.666666666666664,25.11111111111111,False,False,2026-01-23 09:00:00,101020.0,2026-01-21 21:00:00,100790.0,16,16,2026-01-28 09:00:00,103510.0,2026-01-27 21:00:00,101470.0,35,35,1.2793828783014494,1115.7960329659516,
CU:1h:1:1:2321:2326:1,CU,5m,24093,2026-01-30 10:35:00,0.0,1,-1,CHoCH,1,103590.0,93.0,CHoCH,-1,106620.0,6.0,77,2,37,0,current_swing_high,swing,0.0,126.0,103590.0,103590.0,103590.0,0.32929782082324455,active_bull_swing_ob,swing,1.0,93.0,102260.0,102500.0,102380.0,0.7263922518159807,104130.0,104310.0,102610.0,103250.0,27097.0,228356.0,0,0,0,0,0,0,,109380.0,10.0,above,5.937046004842615,107400.0,False,,106620.0,12.0,above,3.2639225181598066,106760.0,True,6.0,103590.0,126.0,above,0.32929782082324455,104100.0,True,93.0,102260.0,103.0,below,0.9588377723970944,100700.0,False,,0,0,-0.001000360077187365,-37,NONE,-0.04857054251904111,-0.03342167320925194,0.009272591916829526,0.05115825705331645,-0.001000360077187365,-0.03701332285593251,-0.010927469990044014,-0.014231954246107237,-0.019034733330454023,108520.91995697575,-4.857054251904111,-1.479007633587781,3.132830502490051,,336,-1,24057,24093,2026-01-29 23:15:00,2026-01-30 10:30:00,107910.0,103250.0,37,-4.318413492725415,-0.11671387818176797,335.0,1.0,23909.0,24056.0,2026-01-28 10:40:00,2026-01-29 23:10:00,102370.0,110450.0,148.0,7.89293738399921,0.05333065799999466,356263.0,,9628.72972972973,,828068.0,0.0,5595.054054054054,0.0,1.7209359617809166,,0.43023399044522914,,0.0,24.324324324324326,75.67567567567568,True,True,,,,,0,0,2026-01-30 09:30:00,107920.0,2026-01-30 09:35:00,107230.0,3,3,0.27744248047589204,1005.4618148634823,
CU:1h:1:1:2321:2326:1,CU,15m,8030,2026-01-30 10:15:00,20.0,1,-1,BOS,1,104100.0,30.0,BOS,-1,105580.0,1.0,46,2,19,0,current_swing_high,swing,0.0,56.0,104100.0,104100.0,104100.0,0.8232445520581114,active_bull_internal_ob,internal,1.0,34.0,102300.0,102740.0,102520.0,0.4939467312348668,104950.0,106290.0,104680.0,104800.0,27983.0,231108.0,0,0,0,0,0,0,,114140.0,9.0,above,10.547215496368038,110940.0,False,,105580.0,5.0,above,2.2566585956416465,108820.0,True,1.0,104100.0,56.0,above,0.8232445520581114,101650.0,True,30.0,100700.0,24.0,below,2.469733656174334,99440.0,False,,0,0,0.002834386877292843,31,NONE,-0.05804129080719561,0.0008755615266363714,0.04424029724785446,0.09147178405238238,0.002834386877292843,0.08786599319607813,-0.007826128841824098,-0.012215059289944707,0.04416872783198178,111257.5306934702,-5.804129080719561,-0.1524390243902385,-0.011479060465885906,,105,1,8000,8030,2026-01-29 10:30:00,2026-01-30 10:00:00,104360.0,104800.0,31,0.42161747796090054,0.01360056380519034,104.0,-1.0,7936.0,7999.0,2026-01-27 09:45:00,2026-01-29 10:00:00,101870.0,103150.0,64.0,1.2565033866692943,0.019632865416707723,951218.0,,30684.451612903227,,439039.0,0.0,6859.984375,0.0,4.472962318212748,,2.1665911228842996,,58.06451612903226,3.225806451612903,38.70967741935484,True,True,,,2026-01-29 22:30:00,113640.0,0,1,,,2026-01-29 23:00:00,110450.0,0,1,50.527913689642794,1439.693268264026,
CU:1h:1:1:2321:2326:1,CU,1h,2334,2026-01-30 10:00:00,35.0,1,1,BOS,1,105650.0,8.0,CHoCH,1,103590.0,8.0,28,0,9,0,current_internal_high,internal,0.0,11.0,103590.0,103590.0,103590.0,0.32929782082324455,active_bull_internal_ob,internal,1.0,8.0,102260.0,102840.0,102550.0,0.39709443099273606,108000.0,109380.0,104880.0,104960.0,95637.0,232883.0,0,0,0,0,0,0,,103590.0,11.0,above,0.32929782082324455,104100.0,True,8.0,102260.0,8.0,below,0.9588377723970944,100700.0,False,,105650.0,56.0,above,2.324455205811138,105490.0,True,8.0,99210.0,15.0,below,3.912832929782082,98780.0,False,,0,0,0.0032165339423204545,41,NONE,-0.07386685516992209,0.013640418644057377,0.027877431729530753,0.0008476256189845488,0.0032165339423204545,0.13187789163513863,0.09224277947063153,0.11541880409996064,0.11907644959089048,113331.43683056232,-7.386685516992209,-1.814780168381669,0.7227582635286378,,29,1,2294,2334,2026-01-23 21:00:00,2026-01-30 09:00:00,102690.0,104960.0,41,2.2105365663647847,0.05391552600889719,28.0,-1.0,2249.0,2293.0,2026-01-16 21:00:00,2026-01-23 14:00:00,100290.0,101340.0,45.0,1.046963804965606,0.023265862332569023,1812018.0,,44195.560975609755,,1053477.0,0.0,23410.6,0.0,1.8878440097908535,,1.7200356533649999,,46.34146341463415,41.46341463414634,12.195121951219512,True,True,2026-01-27 23:00:00,101470.0,2026-01-29 22:00:00,112400.0,1,2,2026-01-28 10:00:00,102420.0,2026-01-29 23:00:00,106670.0,1,2,2.043737253011359,2088.9273653957944,4.0
CU:1h:1:1:2321:2326:1,CU,4h,1035,2026-01-30 01:00:00,575.0,1,1,BOS,1,89270.0,165.0,BOS,1,104100.0,3.0,19,0,3,0,current_internal_high,internal,0.0,8.0,104100.0,104100.0,104100.0,0.8232445520581114,active_bull_internal_ob,internal,1.0,3.0,101370.0,101780.0,101575.0,1.423728813559322,106650.0,107800.0,106120.0,106900.0,45516.0,234505.0,0,0,0,0,0,0,,104100.0,8.0,above,0.8232445520581114,101650.0,True,3.0,100700.0,4.0,below,2.469733656174334,99440.0,False,,89270.0,205.0,below,13.539951573849878,80130.0,True,165.0,84950.0,189.0,below,17.723970944309926,77950.0,False,,1,1,0.00098897451994478,454,UP_CONFIRMED,-0.06163930736035102,0.011907816108621455,0.016437023396878858,3.8298845675965865e-06,0.00098897451994478,0.44899443205493017,0.12161901887477078,0.12339044190131743,0.12846635169646636,113922.07797972196,-6.163930736035102,0.21561826192930678,-0.4767515541922773,,9,1,582,1035,2025-08-12 21:00:00,2026-01-30 00:00:00,79460.0,106900.0,454,34.533098414296504,0.07606409342356057,8.0,-1.0,486.0,581.0,2025-07-09 21:00:00,2025-08-12 13:30:00,78310.0,79020.0,96.0,0.9066530455880573,0.00944430255820893,18380164.0,,40484.94273127753,,1673890.0,0.0,17436.354166666668,0.0,2.32186971796393,,10.980508874537753,,30.396475770925107,44.713656387665196,24.88986784140969,True,True,2026-01-23 09:00:00,101020.0,2026-01-29 21:00:00,106670.0,16,17,2026-01-30 00:00:00,106900.0,2026-01-29 21:00:00,106670.0,36,36,1.3803558307369377,2126.141985046349,
CU:1h:1:1:2321:2326:2,CU,5m,24169,2026-01-31 00:55:00,0.0,1,-1,CHoCH,1,103590.0,169.0,CHoCH,-1,104000.0,7.0,77,4,37,0,current_internal_low,internal,0.0,16.0,104000.0,104000.0,104000.0,0.7654297064237962,current_swing_low,swing,0.0,26.0,102610.0,102610.0,102610.0,0.5813390175370603,102940.0,103380.0,102700.0,103210.0,6118.0,219458.0,0,0,0,0,0,0,,104700.0,13.0,above,1.4436585602170333,105080.0,False,,104000.0,16.0,above,0.7654297064237962,102990.0,True,7.0,106190.0,10.0,above,2.8873171204340666,114140.0,False,,102610.0,26.0,below,0.5813390175370603,102260.0,False,,-1,-1,-0.0006198802499457096,-113,DOWN_CONFIRMED,-0.015156230037305353,-0.023300443524924577,0.01132565958611755,0.7639584880500332,-0.0006198802499457096,-0.07004646824386518,-0.0027449210844585625,-0.003973174583753236,-0.00483028004932351,104798.34786781414,-1.5156230037305354,0.2622887118709949,3.1666801225251735,,336,-1,24057,24169,2026-01-29 23:15:00,2026-01-31 00:50:00,107910.0,103210.0,113,-4.355481419701601,-0.038544083360191154,335.0,1.0,23909.0,24056.0,2026-01-28 10:40:00,2026-01-29 23:10:00,102370.0,110450.0,148.0,7.89293738399921,0.05333065799999466,677890.0,,5999.026548672567,,828068.0,0.0,5595.054054054054,0.0,1.0722017143562363,,0.8186404981233425,,9.734513274336283,45.13274336283185,45.13274336283185,True,True,,,,,0,0,2026-01-31 00:10:00,104160.0,2026-01-31 00:15:00,103710.0,12,12,0.4860705580133034,390.1744781371692,
CU:1h:1:1:2321:2326:2,CU,15m,8055,2026-01-31 00:45:00,10.0,1,-1,BOS,1,104100.0,55.0,BOS,-1,105580.0,26.0,46,2,19,0,current_swing_high,swing,0.0,81.0,104100.0,104100.0,104100.0,0.8623195426799729,current_internal_low,internal,0.0,6.0,102990.0,102990.0,102990.0,0.21315763976358879,103550.0,103720.0,103130.0,103330.0,7371.0,219531.0,0,0,0,0,0,0,,105080.0,3.0,above,1.8118399379905048,106190.0,False,,102990.0,6.0,below,0.21315763976358879,102610.0,False,,104100.0,81.0,above,0.8623195426799729,101650.0,True,55.0,100700.0,49.0,below,2.431934890030036,99440.0,False,,1,1,0.0010677824050307008,56,UP_CONFIRMED,-0.04665473600663604,-0.020335519415775074,0.040739765608254215,0.25912912245326547,0.0010677824050307008,0.05979581468171924,-0.0021844338543252073,-0.0054903260194173464,-0.017743172993739287,108386.75546272946,-4.665473600663604,-0.19318072056409008,-0.6902088665211857,,105,1,8000,8055,2026-01-29 10:30:00,2026-01-31 00:30:00,104360.0,103330.0,56,-0.9869681870448455,-0.0176244319115151,104.0,-1.0,7936.0,7999.0,2026-01-27 09:45:00,2026-01-29 10:00:00,101870.0,103150.0,64.0,1.2565033866692943,0.019632865416707723,1289391.0,,23024.839285714286,,439039.0,0.0,6859.984375,0.0,3.356398211288096,,2.936848434877084,,32.142857142857146,1.7857142857142856,66.07142857142857,True,True,,,2026-01-29 22:30:00,113640.0,0,1,,,2026-01-29 23:00:00,110450.0,0,1,2.0033796420587495,838.541365063995,
CU:1h:1:1:2321:2326:2,CU,1h,2341,2026-01-31 00:00:00,55.0,1,1,BOS,1,105650.0,15.0,CHoCH,1,103590.0,15.0,28,0,9,0,current_swing_high,swing,0.0,63.0,105650.0,105650.0,105650.0,2.3641120046507123,active_bull_internal_ob,internal,1.0,15.0,102260.0,102840.0,102550.0,0.3584923941478539,104480.0,104700.0,104000.0,104290.0,22660.0,221397.0,0,0,0,0,0,0,,114140.0,5.0,above,10.590059102800115,103590.0,False,,102260.0,15.0,below,0.9204534444336789,100700.0,False,,105650.0,63.0,above,2.3641120046507123,105490.0,True,15.0,99210.0,22.0,below,3.875593450247069,98780.0,False,,0,0,0.0025256811940891403,48,NONE,-0.07104196471353076,0.0009082817064476299,0.04020076672998943,0.0367452065962704,0.0025256811940891403,0.12123269731627873,-0.006479370393659867,-0.016046361829370914,0.10560654665301183,112265.56640724828,-7.1041964713530765,-0.2009569377990461,-0.9522866883692974,,29,1,2294,2341,2026-01-23 21:00:00,2026-01-30 23:00:00,102690.0,104290.0,48,1.5580874476579964,0.03246015515954159,28.0,-1.0,2249.0,2293.0,2026-01-16 21:00:00,2026-01-23 14:00:00,100290.0,101340.0,45.0,1.046963804965606,0.023265862332569023,2158879.0,,44976.645833333336,,1053477.0,0.0,23410.6,0.0,1.9212085906953833,,2.0492891634084085,,39.58333333333333,35.41666666666667,25.0,True,True,2026-01-27 23:00:00,101470.0,2026-01-29 22:00:00,112400.0,1,2,2026-01-28 10:00:00,102420.0,2026-01-29 23:00:00,106670.0,1,2,44.26024045691527,1905.330794044217,4.0
CU:1h:1:1:2321:2326:2,CU,4h,1038,2026-01-31 00:00:00,55.0,1,1,BOS,1,89270.0,168.0,BOS,1,104100.0,6.0,19,0,3,0,current_internal_high,internal,0.0,11.0,104100.0,104100.0,104100.0,0.8623195426799729,active_bull_internal_ob,internal,1.0,6.0,101370.0,101780.0,101575.0,1.3855246584633272,104200.0,105080.0,102990.0,104290.0,150260.0,221397.0,0,0,0,0,0,0,,104100.0,11.0,above,0.8623195426799729,101650.0,True,6.0,100700.0,7.0,below,2.431934890030036,99440.0,False,,89270.0,208.0,below,13.506443174111036,80130.0,True,168.0,84950.0,192.0,below,17.69208410037787,77950.0,False,,1,1,0.0009735331375707806,457,UP_CONFIRMED,-0.08195853113232021,0.011283545127740987,0.018096186390447137,1.2846240987629542e-07,0.0009735331375707806,0.44490464386984674,0.10551276318080749,0.11940509077018113,0.12388145784318239,113600.53280450629,-8.19585311323202,0.5883487654321007,0.483179787737601,,9,1,582,1038,2025-08-12 21:00:00,2026-01-30 21:00:00,79460.0,104290.0,457,31.248426881449774,0.06837730170995575,8.0,-1.0,486.0,581.0,2025-07-09 21:00:00,2025-08-12 13:30:00,78310.0,79020.0,96.0,0.9066530455880573,0.00944430255820893,18822662.0,,41187.44420131291,,1673890.0,0.0,17436.354166666668,0.0,2.3621591880745085,,11.244861968229692,,30.196936542669583,45.076586433260395,24.72647702407002,True,True,2026-01-23 09:00:00,101020.0,2026-01-29 21:00:00,106670.0,16,17,2026-01-30 00:00:00,106900.0,2026-01-30 09:00:00,104760.0,36,37,1.6037678039641137,2456.91834589899,
CU:1h:1:1:2321:2326:3,CU,5m,24171,2026-02-02 09:05:00,0.0,-1,-1,CHoCH,-1,102610.0,0.0,CHoCH,-1,104000.0,9.0,75,4,36,1,current_swing_low,swing,0.0,28.0,102610.0,102610.0,102610.0,1.1833152549058277,active_bull_internal_ob,internal,1.0,528.0,100700.0,101010.0,100855.0,0.39443841830194265,102000.0,102390.0,100700.0,101410.0,26797.0,217282.0,0,0,0,0,0,0,,104700.0,15.0,above,3.2442559905334782,105080.0,False,,104000.0,18.0,above,2.5539887585050782,102990.0,True,9.0,106190.0,12.0,above,4.713539098708215,114140.0,False,,102610.0,28.0,above,1.1833152549058277,102260.0,True,0.0,-1,-1,-0.0006623112888106493,-115,DOWN_CONFIRMED,-0.02592239577599122,-0.023250649473084018,0.011256247320887829,0.4061900190326877,-0.0006623112888106493,-0.07616579821322467,-0.008521587645872297,-0.01018178114133561,-0.011152457456857445,104108.74817390702,-2.592239577599122,-1.7249733501308318,4.2464499273782685,,336,-1,24057,24171,2026-01-29 23:15:00,2026-02-02 09:00:00,107910.0,101410.0,115,-6.02353813362988,-0.05237859246634678,335.0,1.0,23909.0,24056.0,2026-01-28 10:40:00,2026-01-29 23:10:00,102370.0,110450.0,148.0,7.89293738399921,0.05333065799999466,707457.0,,6151.8,,828068.0,0.0,5595.054054054054,0.0,1.0995068037890607,,0.8543465029442027,,9.565217391304348,44.34782608695652,46.08695652173913,True,True,,,,,0,0,2026-01-31 00:10:00,104160.0,2026-01-31 00:15:00,103710.0,12,12,0.4841261459779246,533.5177898223551,
CU:1h:1:1:2321:2326:3,CU,15m,8056,2026-01-31 01:00:00,3365.0,1,-1,BOS,1,104100.0,56.0,BOS,-1,105580.0,27.0,46,2,19,0,active_bull_internal_ob,internal,1.0,60.0,102300.0,102740.0,102520.0,0.8776254807218223,active_bull_internal_ob,internal,1.0,85.0,100700.0,101280.0,100990.0,0.12819248594813135,103280.0,103380.0,102700.0,103190.0,13321.0,218853.0,0,0,0,0,0,0,,105080.0,4.0,above,3.6189724879203236,106190.0,False,,102990.0,7.0,above,1.5580317522926732,102610.0,False,,104100.0,82.0,above,2.652598363080564,101650.0,True,56.0,100700.0,50.0,below,0.7001281924859482,99440.0,False,,1,1,0.001025207585266714,57,UP_CONFIRMED,-0.0467240154153659,-0.020798475485943338,0.040529160415763724,0.26119156090180284,0.001025207585266714,0.058436832360202695,-0.0031977270470130437,-0.006079367352479714,-0.018138947944560946,108247.77049739948,-4.6724015415365905,-0.1354882415561809,0.24975214664563808,,105,1,8000,8056,2026-01-29 10:30:00,2026-01-31 00:45:00,104360.0,103190.0,57,-1.1211192027596795,-0.01966875794315227,104.0,-1.0,7936.0,7999.0,2026-01-27 09:45:00,2026-01-29 10:00:00,101870.0,103150.0,64.0,1.2565033866692943,0.019632865416707723,1302712.0,,22854.59649122807,,439039.0,0.0,6859.984375,0.0,3.331581420872853,,2.967189702964885,,31.57894736842105,1.7543859649122806,66.66666666666666,True,True,,,2026-01-29 22:30:00,113640.0,0,1,,,2026-01-29 23:00:00,110450.0,0,1,1.9486601526710638,827.2169818451383,
CU:1h:1:1:2321:2326:3,CU,1h,2342,2026-01-31 01:00:00,3365.0,1,1,BOS,1,105650.0,16.0,CHoCH,1,103590.0,16.0,28,0,9,0,active_bull_internal_ob,internal,1.0,16.0,102260.0,102840.0,102550.0,0.838181638891628,active_bull_internal_ob,internal,1.0,48.0,99440.0,100230.0,99835.0,1.1635933339907307,104290.0,104320.0,102700.0,103190.0,32616.0,218853.0,0,0,0,0,0,0,,114140.0,6.0,above,12.553002662459322,103590.0,False,,102260.0,16.0,above,0.838181638891628,100700.0,False,,105650.0,64.0,above,4.181047234000592,105490.0,True,16.0,99210.0,23.0,below,2.1694113006606845,98780.0,False,,0,0,0.0024512059450746077,49,NONE,-0.07991813109856434,-0.0007412369222260837,0.04139714653626593,0.027898538548739693,0.0024512059450746077,0.12010909130865577,-0.006692933647282295,-0.013317835859373517,0.10420869913503483,112153.06320861138,-7.991813109856434,-1.0547511746092586,-0.7717759717534561,,29,1,2294,2342,2026-01-23 21:00:00,2026-01-31 00:00:00,102690.0,103190.0,49,0.4869023273931239,0.009936782191696405,28.0,-1.0,2249.0,2293.0,2026-01-16 21:00:00,2026-01-23 14:00:00,100290.0,101340.0,45.0,1.046963804965606,0.023265862332569023,2191495.0,,44724.38775510204,,1053477.0,0.0,23410.6,0.0,1.9104332120963172,,2.0802494976159895,,38.775510204081634,34.69387755102041,26.53061224489796,True,True,2026-01-27 23:00:00,101470.0,2026-01-29 22:00:00,112400.0,1,2,2026-01-28 10:00:00,102420.0,2026-01-29 23:00:00,106670.0,1,2,55.848737825878885,1884.9500230410588,4.0
CU:1h:1:1:2321:2326:3,CU,4h,1039,2026-01-31 01:00:00,3365.0,1,1,BOS,1,89270.0,169.0,BOS,1,104100.0,7.0,19,0,3,0,current_internal_high,internal,0.0,0.0,114140.0,114140.0,114140.0,12.553002662459322,current_internal_low,internal,0.0,8.0,100700.0,100700.0,100700.0,0.7001281924859482,104290.0,104320.0,102700.0,103190.0,32616.0,218853.0,1,1,1,0,1,0,active_bull_internal_ob,114140.0,0.0,above,12.553002662459322,104100.0,False,,100700.0,8.0,below,0.7001281924859482,99440.0,False,,89270.0,209.0,below,11.971205995463958,80130.0,True,169.0,84950.0,193.0,below,16.23114091312494,77950.0,False,,1,1,0.0009706145255370308,458,UP_CONFIRMED,-0.09141320196714076,0.011059316422293648,0.01870118278977615,2.1330421540177724e-08,0.0009706145255370308,0.4445414526959601,-0.0032899617352336596,0.1186470666845656,0.12340003827233681,113571.97817909314,-9.141320196714076,-1.0547511746092586,-0.7022160302980176,,9,1,582,1039,2025-08-12 21:00:00,2026-01-31 00:00:00,79460.0,103190.0,458,29.86408255726152,0.065205420430702,8.0,-1.0,486.0,581.0,2025-07-09 21:00:00,2025-08-12 13:30:00,78310.0,79020.0,96.0,0.9066530455880573,0.00944430255820893,18855278.0,,41168.72925764192,,1673890.0,0.0,17436.354166666668,0.0,2.361085859126719,,11.264347119583723,,30.131004366812224,45.19650655021834,24.67248908296943,True,True,2026-01-23 09:00:00,101020.0,2026-01-29 21:00:00,106670.0,16,17,2026-01-30 00:00:00,106900.0,2026-01-30 09:00:00,104760.0,36,37,1.6909890336511069,2397.1384640490623,
CU:1h:0:1:2269:2326:1,CU,5m,24172,2026-02-02 09:10:00,0.0,-1,-1,CHoCH,-1,102610.0,1.0,CHoCH,-1,104000.0,10.0,73,4,35,1,current_swing_low,swing,0.0,29.0,102610.0,102610.0,102610.0,2.774439102564102,active_bull_internal_ob,internal,1.0,1477.0,99090.0,99520.0,99305.0,0.3205128205128205,101360.0,101370.0,99530.0,99840.0,21295.0,214729.0,0,0,0,0,0,0,,104700.0,16.0,above,4.867788461538462,105080.0,False,,104000.0,19.0,above,4.166666666666666,102990.0,True,10.0,106190.0,13.0,above,6.360176282051282,114140.0,False,,102610.0,29.0,above,2.774439102564102,102260.0,True,1.0,-1,-1,-0.0006981424709443058,-116,DOWN_CONFIRMED,-0.03597441365511785,-0.023360337095342933,0.01126918114496616,0.13149696572466973,-0.0006981424709443058,-0.08098452662953948,-0.013412102699759232,-0.015064313825542297,-0.01622347520934908,103565.71590443455,-3.597441365511785,-1.548170791835124,2.5137053212509124,,336,-1,24057,24172,2026-01-29 23:15:00,2026-02-02 09:05:00,107910.0,99840.0,116,-7.478454267445089,-0.06446943334004387,335.0,1.0,23909.0,24056.0,2026-01-28 10:40:00,2026-01-29 23:10:00,102370.0,110450.0,148.0,7.89293738399921,0.05333065799999466,728752.0,,6282.3448275862065,,828068.0,0.0,5595.054054054054,0.0,1.1228389872362639,,0.8800629899959906,,9.482758620689655,43.96551724137931,46.55172413793103,True,True,,,,,0,0,2026-01-31 00:10:00,104160.0,2026-01-31 00:15:00,103710.0,12,12,0.48240661506604543,629.6950905493297,
CU:1h:0:1:2269:2326:1,CU,15m,8056,2026-01-31 01:00:00,3370.0,1,-1,BOS,1,104100.0,56.0,BOS,-1,105580.0,27.0,46,2,19,0,active_bull_internal_ob,internal,1.0,85.0,100700.0,101280.0,100990.0,0.8613782051282052,active_bull_internal_ob,internal,1.0,491.0,99090.0,99610.0,99350.0,0.23036858974358976,103280.0,103380.0,102700.0,103190.0,13321.0,218853.0,2,2,2,0,1,1,active_bull_internal_ob|active_bull_swing_ob,105080.0,4.0,above,5.248397435897436,106190.0,False,,102990.0,7.0,above,3.1550480769230766,102610.0,False,,104100.0,82.0,above,4.266826923076923,101650.0,True,56.0,100700.0,50.0,above,0.8613782051282052,99440.0,False,,1,1,0.001025207585266714,57,UP_CONFIRMED,-0.0467240154153659,-0.020798475485943338,0.040529160415763724,0.26119156090180284,0.001025207585266714,0.058436832360202695,-0.0031977270470130437,-0.006079367352479714,-0.018138947944560946,108247.77049739948,-4.6724015415365905,-0.1354882415561809,0.24975214664563808,,105,1,8000,8056,2026-01-29 10:30:00,2026-01-31 00:45:00,104360.0,103190.0,57,-1.1211192027596795,-0.01966875794315227,104.0,-1.0,7936.0,7999.0,2026-01-27 09:45:00,2026-01-29 10:00:00,101870.0,103150.0,64.0,1.2565033866692943,0.019632865416707723,1302712.0,,22854.59649122807,,439039.0,0.0,6859.984375,0.0,3.331581420872853,,2.967189702964885,,31.57894736842105,1.7543859649122806,66.66666666666666,True,True,,,2026-01-29 22:30:00,113640.0,0,1,,,2026-01-29 23:00:00,110450.0,0,1,1.9486601526710638,827.2169818451383,
CU:1h:0:1:2269:2326:1,CU,1h,2342,2026-01-31 01:00:00,3370.0,1,1,BOS,1,105650.0,16.0,CHoCH,1,103590.0,16.0,28,0,9,0,active_bull_internal_ob,internal,1.0,16.0,102260.0,102840.0,102550.0,2.4238782051282053,current_swing_low,swing,0.0,23.0,99210.0,99210.0,99210.0,0.6310096153846154,104290.0,104320.0,102700.0,103190.0,32616.0,218853.0,2,2,2,0,1,1,active_bull_internal_ob|active_bull_swing_ob,114140.0,6.0,above,14.322916666666666,103590.0,False,,102260.0,16.0,above,2.4238782051282053,100700.0,False,,105650.0,64.0,above,5.819310897435898,105490.0,True,16.0,99210.0,23.0,below,0.6310096153846154,98780.0,False,,0,0,0.0024512059450746077,49,NONE,-0.07991813109856434,-0.0007412369222260837,0.04139714653626593,0.027898538548739693,0.0024512059450746077,0.12010909130865577,-0.006692933647282295,-0.013317835859373517,0.10420869913503483,112153.06320861138,-7.991813109856434,-1.0547511746092586,-0.7717759717534561,,29,1,2294,2342,2026-01-23 21:00:00,2026-01-31 00:00:00,102690.0,103190.0,49,0.4869023273931239,0.009936782191696405,28.0,-1.0,2249.0,2293.0,2026-01-16 21:00:00,2026-01-23 14:00:00,100290.0,101340.0,45.0,1.046963804965606,0.023265862332569023,2191495.0,,44724.38775510204,,1053477.0,0.0,23410.6,0.0,1.9104332120963172,,2.0802494976159895,,38.775510204081634,34.69387755102041,26.53061224489796,True,True,2026-01-27 23:00:00,101470.0,2026-01-29 22:00:00,112400.0,1,2,2026-01-28 10:00:00,102420.0,2026-01-29 23:00:00,106670.0,1,2,55.848737825878885,1884.9500230410588,4.0
CU:1h:0:1:2269:2326:1,CU,4h,1039,2026-01-31 01:00:00,3370.0,1,1,BOS,1,89270.0,169.0,BOS,1,104100.0,7.0,19,0,3,0,current_internal_low,internal,0.0,8.0,100700.0,100700.0,100700.0,0.8613782051282052,active_bull_internal_ob,internal,1.0,75.0,96030.0,96380.0,96205.0,3.465544871794872,104290.0,104320.0,102700.0,103190.0,32616.0,218853.0,1,1,1,0,1,0,active_bull_internal_ob,114140.0,0.0,above,14.322916666666666,104100.0,False,,100700.0,8.0,above,0.8613782051282052,99440.0,False,,89270.0,209.0,below,10.586939102564102,80130.0,True,169.0,84950.0,193.0,below,14.91386217948718,77950.0,False,,1,1,0.0009706145255370308,458,UP_CONFIRMED,-0.09141320196714076,0.011059316422293648,0.01870118278977615,2.1330421540177724e-08,0.0009706145255370308,0.4445414526959601,-0.0032899617352336596,0.1186470666845656,0.12340003827233681,113571.97817909314,-9.141320196714076,-1.0547511746092586,-0.7022160302980176,,9,1,582,1039,2025-08-12 21:00:00,2026-01-31 00:00:00,79460.0,103190.0,458,29.86408255726152,0.065205420430702,8.0,-1.0,486.0,581.0,2025-07-09 21:00:00,2025-08-12 13:30:00,78310.0,79020.0,96.0,0.9066530455880573,0.00944430255820893,18855278.0,,41168.72925764192,,1673890.0,0.0,17436.354166666668,0.0,2.361085859126719,,11.264347119583723,,30.131004366812224,45.19650655021834,24.67248908296943,True,True,2026-01-23 09:00:00,101020.0,2026-01-29 21:00:00,106670.0,16,17,2026-01-30 00:00:00,106900.0,2026-01-30 09:00:00,104760.0,36,37,1.6909890336511069,2397.1384640490623,
CU:1h:0:1:2269:2326:2,CU,5m,24195,2026-02-02 11:20:00,0.0,-1,-1,CHoCH,-1,102610.0,24.0,CHoCH,-1,104000.0,33.0,73,4,35,1,current_internal_high,internal,0.0,7.0,101470.0,101470.0,101470.0,0.9149676777722526,current_internal_low,internal,0.0,17.0,99540.0,99540.0,99540.0,1.0044753853804078,100180.0,100560.0,100150.0,100550.0,3087.0,207168.0,0,0,0,0,0,0,,101470.0,7.0,above,0.9149676777722526,104700.0,False,,99540.0,17.0,below,1.0044753853804078,104000.0,False,,106190.0,36.0,above,5.609149676777723,114140.0,False,,102610.0,52.0,above,2.0487319741422176,102260.0,True,24.0,-1,-1,-0.000680919771442644,-139,DOWN_CONFIRMED,-0.014466596384138235,-0.022400737764115972,0.01070675291070633,0.7706656668291526,-0.000680919771442644,-0.09464784823052752,-0.00204814931008257,-0.00414598727472848,-0.00868876779428196,102025.96850709291,-1.4466596384138235,0.36933519664603676,-1.1364716001146253,,336,-1,24057,24195,2026-01-29 23:15:00,2026-02-02 11:15:00,107910.0,100550.0,139,-6.820498563617827,-0.049068334990056306,335.0,1.0,23909.0,24056.0,2026-01-28 10:40:00,2026-01-29 23:10:00,102370.0,110450.0,148.0,7.89293738399921,0.05333065799999466,845387.0,,6081.920863309352,,828068.0,0.0,5595.054054054054,0.0,1.08701735578453,,1.0209149490138492,,7.913669064748201,48.92086330935252,43.16546762589928,True,True,,,,,0,0,2026-02-02 09:50:00,101100.0,2026-02-02 10:45:00,100550.0,14,14,0.47796429847313393,426.5294313972105,
CU:1h:0:1:2269:2326:2,CU,15m,8064,2026-02-02 11:15:00,5.0,-1,-1,CHoCH,-1,100700.0,7.0,BOS,-1,102990.0,7.0,42,3,18,1,current_swing_low,swing,0.0,58.0,100700.0,100700.0,100700.0,0.14917951268025859,current_internal_low,internal,0.0,1.0,100020.0,100020.0,100020.0,0.5271009448035803,100350.0,100520.0,100160.0,100180.0,10787.0,207470.0,0,0,0,0,0,0,,105080.0,12.0,above,4.5052212829438085,106190.0,False,,100020.0,1.0,below,0.5271009448035803,102990.0,False,,104100.0,90.0,above,3.5305818000994535,101650.0,True,64.0,100700.0,58.0,above,0.14917951268025859,99440.0,True,7.0,0,0,-0.0012632990341869682,-8,NONE,-0.05733111433799334,-0.056417014734403886,0.005139060052818106,0.42941139027091024,-0.0012632990341869682,-0.010106392273495746,-0.005999004125439633,,,106272.73428001895,-5.733111433799333,-0.18929959151140485,-0.1927267756325142,,106,-1,8057,8064,2026-02-02 09:00:00,2026-02-02 11:00:00,100230.0,100180.0,8,-0.04988526389304582,-0.006235657986630727,105.0,1.0,8000.0,8056.0,2026-01-29 10:30:00,2026-01-31 00:45:00,104360.0,103190.0,57.0,-1.1211192027596795,-0.01966875794315227,161640.0,,20205.0,,1302712.0,0.0,22854.59649122807,0.0,0.884067238192325,,0.12407961237787017,,0.0,0.0,100.0,True,True,,,,,0,0,,,,,0,0,0.09109060585731835,868.7251226939433,
CU:1h:0:1:2269:2326:2,CU,1h,2344,2026-02-02 11:00:00,20.0,1,-1,BOS,1,105650.0,18.0,CHoCH,-1,102260.0,1.0,27,1,9,0,current_internal_low,internal,0.0,18.0,102260.0,102260.0,102260.0,1.7006464445549478,active_bull_internal_ob,internal,1.0,50.0,99440.0,100230.0,99835.0,0.3182496270512183,101340.0,101470.0,100320.0,100370.0,36227.0,208423.0,0,0,0,0,0,0,,114140.0,8.0,above,13.515663848831426,103590.0,False,,102260.0,18.0,above,1.7006464445549478,100700.0,True,1.0,105650.0,66.0,above,5.072103431128792,105490.0,True,18.0,99210.0,25.0,below,1.3326703132769766,98780.0,False,,0,0,-0.0006978129794950605,-2,NONE,-0.09989050862829142,-0.09617524879093577,0.0037152598373556556,0.15865525393145707,-0.0006978129794950605,-0.001395625958990121,,,,111508.6564047254,-9.989050862829142,-0.9571738701401267,-0.8639527111547186,,30,-1,2343,2344,2026-02-02 09:00:00,2026-02-02 10:00:00,101340.0,100370.0,2,-0.9571738701401267,-0.47858693507006334,29.0,1.0,2294.0,2342.0,2026-01-23 21:00:00,2026-01-31 00:00:00,102690.0,103190.0,49.0,0.4869023273931239,0.009936782191696405,150853.0,,75426.5,,2191495.0,0.0,44724.38775510204,0.0,1.6864736173251593,,0.0688356578500065,,0.0,0.0,100.0,True,True,,,,,0,0,,,,,0,0,0.0386301037331531,1950.186499458872,3.0
CU:1h:0:1:2269:2326:2,CU,4h,1039,2026-01-31 01:00:00,3500.0,1,1,BOS,1,89270.0,169.0,BOS,1,104100.0,7.0,19,0,3,0,current_internal_low,internal,0.0,8.0,100700.0,100700.0,100700.0,0.14917951268025859,active_bull_internal_ob,internal,1.0,21.0,99440.0,100260.0,99850.0,0.2884137245151666,104290.0,104320.0,102700.0,103190.0,32616.0,218853.0,0,0,0,0,0,0,,114140.0,0.0,above,13.515663848831426,104100.0,False,,100700.0,8.0,above,0.14917951268025859,99440.0,False,,89270.0,209.0,below,11.218299353555446,80130.0,True,169.0,84950.0,193.0,below,15.514669318746893,77950.0,False,,1,1,0.0009706145255370308,458,UP_CONFIRMED,-0.09141320196714076,0.011059316422293648,0.01870118278977615,2.1330421540177724e-08,0.0009706145255370308,0.4445414526959601,-0.0032899617352336596,0.1186470666845656,0.12340003827233681,113571.97817909314,-9.141320196714076,-1.0547511746092586,-0.7022160302980176,,9,1,582,1039,2025-08-12 21:00:00,2026-01-31 00:00:00,79460.0,103190.0,458,29.86408255726152,0.065205420430702,8.0,-1.0,486.0,581.0,2025-07-09 21:00:00,2025-08-12 13:30:00,78310.0,79020.0,96.0,0.9066530455880573,0.00944430255820893,18855278.0,,41168.72925764192,,1673890.0,0.0,17436.354166666668,0.0,2.361085859126719,,11.264347119583723,,30.131004366812224,45.19650655021834,24.67248908296943,True,True,2026-01-23 09:00:00,101020.0,2026-01-29 21:00:00,106670.0,16,17,2026-01-30 00:00:00,106900.0,2026-01-30 09:00:00,104760.0,36,37,1.6909890336511069,2397.1384640490623,
CU:1h:0:1:2269:2326:3,CU,5m,24197,2026-02-02 11:30:00,0.0,-1,-1,CHoCH,-1,102610.0,26.0,CHoCH,-1,104000.0,35.0,73,4,35,1,current_internal_high,internal,0.0,9.0,101470.0,101470.0,101470.0,1.358505643791829,current_internal_low,internal,0.0,19.0,99540.0,99540.0,99540.0,0.5693736889421637,100480.0,100590.0,100100.0,100110.0,3550.0,206347.0,0,0,0,0,0,0,,101470.0,9.0,above,1.358505643791829,104700.0,False,,99540.0,19.0,below,0.5693736889421637,104000.0,False,,106190.0,38.0,above,6.073319348716412,114140.0,False,,102610.0,54.0,above,2.497253021676156,102260.0,True,26.0,-1,-1,-0.0006755219335290166,-141,DOWN_CONFIRMED,-0.018127704741391144,-0.02231741215398158,0.010654926648187799,0.652920708714547,-0.0006755219335290166,-0.09524859262759133,-0.0018522844727839605,-0.00390030065400937,-0.007987866494692075,101958.26940369337,-1.8127704741391144,-0.36823248407643616,-0.3913872578964731,,336,-1,24057,24197,2026-01-29 23:15:00,2026-02-02 11:25:00,107910.0,100110.0,141,-7.228245760355856,-0.05126415432876494,335.0,1.0,23909.0,24056.0,2026-01-28 10:40:00,2026-01-29 23:10:00,102370.0,110450.0,148.0,7.89293738399921,0.05333065799999466,851141.0,,6036.4609929078015,,828068.0,0.0,5595.054054054054,0.0,1.0788923457377348,,1.0278636537095986,,7.801418439716312,48.93617021276596,43.262411347517734,True,True,,,,,0,0,2026-02-02 09:50:00,101100.0,2026-02-02 10:45:00,100550.0,14,14,0.477426619837143,415.3748668680029,
CU:1h:0:1:2269:2326:3,CU,15m,8065,2026-02-02 11:30:00,0.0,-1,-1,CHoCH,-1,100700.0,8.0,BOS,-1,102990.0,8.0,42,3,18,1,current_swing_low,swing,0.0,59.0,100700.0,100700.0,100700.0,0.5893517131155729,current_internal_low,internal,0.0,2.0,100020.0,100020.0,100020.0,0.08990110878034162,100180.0,100630.0,100100.0,100110.0,8841.0,206347.0,0,0,0,0,0,0,,105080.0,13.0,above,4.964539007092199,106190.0,False,,100020.0,2.0,below,0.08990110878034162,102990.0,False,,104100.0,91.0,above,3.9856158225951455,101650.0,True,65.0,100700.0,59.0,above,0.5893517131155729,99440.0,True,8.0,0,0,-0.0012298563904127437,-9,NONE,-0.05707313994640167,-0.05648991753573698,0.004849538039163065,0.4521372090917131,-0.0012298563904127437,-0.011068707513714693,-0.00578968835232585,,,106169.4222967723,-5.707313994640167,-0.06987422639249674,-0.32860962584895587,,106,-1,8057,8065,2026-02-02 09:00:00,2026-02-02 11:15:00,100230.0,100110.0,9,-0.11972463334330996,-0.013302737038145551,105.0,1.0,8000.0,8056.0,2026-01-29 10:30:00,2026-01-31 00:45:00,104360.0,103190.0,57.0,-1.1211192027596795,-0.01966875794315227,170481.0,,18942.333333333332,,1302712.0,0.0,22854.59649122807,0.0,0.8288194167244948,,0.13086622369334128,,0.0,0.0,100.0,True,True,,,,,0,0,,,,,0,0,0.08584785127532044,844.5304710729474,
CU:1h:0:1:2269:2326:3,CU,1h,2345,2026-02-02 11:30:00,0.0,1,-1,BOS,1,105650.0,19.0,CHoCH,-1,102260.0,2.0,27,1,9,0,current_internal_low,internal,0.0,19.0,102260.0,102260.0,102260.0,2.1476375986414946,current_swing_low,swing,0.0,26.0,99210.0,99210.0,99210.0,0.8990110878034162,100350.0,100630.0,100100.0,100110.0,19628.0,206347.0,2,2,2,0,1,1,active_bull_internal_ob|active_bull_swing_ob,114140.0,9.0,above,14.01458395764659,103590.0,False,,102260.0,19.0,above,2.1476375986414946,100700.0,True,2.0,105650.0,67.0,above,5.533912696034362,105490.0,True,19.0,99210.0,26.0,below,0.8990110878034162,98780.0,False,,0,0,-0.0007308036977981361,-3,NONE,-0.10150525838436296,-0.09795191865541149,0.003938935819150192,0.18350013984519853,-0.0007308036977981361,-0.0021924110933944085,,,,111419.6837924574,-10.150525838436296,-0.25904154627877096,-1.1885572603740786,,30,-1,2343,2345,2026-02-02 09:00:00,2026-02-02 11:00:00,101340.0,100110.0,3,-1.213735938425109,-0.40457864614170297,29.0,1.0,2294.0,2342.0,2026-01-23 21:00:00,2026-01-31 00:00:00,102690.0,103190.0,49.0,0.4869023273931239,0.009936782191696405,170481.0,,56827.0,,2191495.0,0.0,44724.38775510204,0.0,1.2706043134937566,,0.07779210082614836,,0.0,0.0,100.0,True,True,,,,,0,0,,,,,0,0,0.04021295216285772,1848.7446066403813,2.0
CU:1h:0:1:2269:2326:3,CU,4h,1040,2026-02-02 11:30:00,0.0,1,-1,BOS,1,89270.0,170.0,CHoCH,-1,100700.0,0.0,18,1,3,0,current_internal_low,internal,0.0,9.0,100700.0,100700.0,100700.0,0.5893517131155729,active_bull_internal_ob,internal,1.0,76.0,96030.0,96380.0,96205.0,3.7259015083408253,102000.0,102390.0,99530.0,100110.0,170481.0,206347.0,1,1,1,0,1,0,active_bull_internal_ob,114140.0,1.0,above,14.01458395764659,104100.0,False,,100700.0,9.0,above,0.5893517131155729,99440.0,True,0.0,89270.0,210.0,below,10.828089101987812,80130.0,True,170.0,84950.0,194.0,below,15.143342323444212,77950.0,False,,1,1,0.0009631660702484803,459,UP_CONFIRMED,-0.11703610962543141,0.01078024142001102,0.019612308328343722,3.5827896205375964e-11,0.0009631660702484803,0.44209322624405245,-0.004762755230943494,0.11627702202549917,0.1205109072619599,113379.49500690408,-11.703610962543141,-2.9847853474173847,0.6346040304464492,,9,1,582,1040,2025-08-12 21:00:00,2026-02-02 09:00:00,79460.0,100110.0,459,25.987918449534362,0.05661855871358249,8.0,-1.0,486.0,581.0,2025-07-09 21:00:00,2025-08-12 13:30:00,78310.0,79020.0,96.0,0.9066530455880573,0.00944430255820893,19025759.0,,41450.45533769063,,1673890.0,0.0,17436.354166666668,0.0,2.377243255183017,,11.3661943138438,,30.065359477124183,45.09803921568628,24.836601307189543,True,True,2026-01-23 09:00:00,101020.0,2026-01-29 21:00:00,106670.0,16,17,2026-01-30 00:00:00,106900.0,2026-01-30 09:00:00,104760.0,36,37,1.819282849448809,2487.3428594741295,
CU:1h:1:1:2400:2411:1,CU,5m,24895,2026-02-11 23:25:00,0.0,1,-1,CHoCH,1,102100.0,46.0,CHoCH,-1,102300.0,0.0,78,8,35,2,current_swing_high,swing,0.0,56.0,102100.0,102100.0,102100.0,0.03919263178522438,active_bull_internal_ob,internal,1.0,47.0,101760.0,101880.0,101820.0,0.1763668430335097,102530.0,102580.0,101950.0,102060.0,2043.0,152545.0,1,1,1,0,1,0,active_bull_internal_ob,103420.0,12.0,above,1.3325494806976288,103620.0,False,,102300.0,3.0,above,0.23515579071134626,102160.0,True,0.0,102100.0,56.0,above,0.03919263178522438,102500.0,True,46.0,101510.0,34.0,below,0.5388986870468352,101400.0,False,,0,0,0.0003465720557644149,48,NONE,-0.01359793601649995,-0.0029022624731589596,0.005126806213670482,0.018479103471371106,0.0003465720557644149,0.016635458676691917,-0.00027701839244687054,-0.0005510782678550541,-0.0008180228891319086,103466.93678624257,-1.359793601649995,-0.4681100058513743,1.3981111238555524,,343,1,24848,24895,2026-02-11 11:25:00,2026-02-11 23:20:00,102090.0,102060.0,48,-0.02938583602704048,-0.00061220491723001,342.0,-1.0,24751.0,24847.0,2026-02-10 11:05:00,2026-02-11 11:20:00,101810.0,101860.0,97.0,0.049111089283959686,0.0005062998895253575,90616.0,,1887.8333333333333,,94131.0,0.0,970.4226804123712,0.0,1.945372229481609,,0.9626584228362601,,41.66666666666667,43.75,14.583333333333334,True,True,,,2026-02-11 21:00:00,103000.0,0,1,2026-02-11 23:05:00,102810.0,2026-02-11 23:10:00,102540.0,4,5,1.7664860642635893,246.50064711896334,
CU:1h:1:1:2400:2411:1,CU,15m,8297,2026-02-11 23:15:00,10.0,1,1,CHoCH,1,102550.0,8.0,BOS,1,102100.0,14.0,46,4,18,2,current_internal_low,internal,0.0,1.0,102160.0,102160.0,102160.0,0.09798157946306094,active_bull_internal_ob,internal,1.0,34.0,101500.0,101760.0,101630.0,0.29394473838918284,102600.0,102830.0,102480.0,102540.0,2298.0,152365.0,0,0,0,0,0,0,,103420.0,0.0,above,1.3325494806976288,103620.0,False,,102160.0,1.0,above,0.09798157946306094,101510.0,False,,102550.0,35.0,above,0.48010973936899864,105800.0,True,8.0,101280.0,19.0,below,0.7642563198118754,97920.0,False,,1,1,0.0005533290625689075,92,UP_CONFIRMED,-0.00970896770900945,0.017517794826024176,0.010582499518975092,0.005043825815832015,0.0005533290625689075,0.05090627375633949,-0.00026377824657886073,0.024176726076453825,0.028493509063443723,103545.31815034077,-0.9708967709009451,-0.05847953216374657,-0.781845387700311,,109,1,8206,8297,2026-02-06 23:30:00,2026-02-11 23:00:00,101400.0,102540.0,92,1.1242603550295938,0.012220221250321671,108.0,-1.0,8149.0,8205.0,2026-02-05 00:45:00,2026-02-06 23:15:00,102590.0,101560.0,57.0,-1.00399649088605,-0.017613973524316665,349834.0,,3802.5434782608695,,493251.0,0.0,8653.526315789473,0.0,0.4394212647533803,,0.7092413396019471,,45.65217391304348,32.608695652173914,21.73913043478261,True,True,,,2026-02-11 21:00:00,103180.0,0,1,2026-02-11 11:15:00,102090.0,2026-02-11 22:30:00,102560.0,6,7,0.6040999808522639,396.3403718732727,
CU:1h:1:1:2400:2411:1,CU,1h,2412,2026-02-11 23:00:00,25.0,-1,1,CHoCH,-1,99210.0,66.0,CHoCH,1,102500.0,1.0,27,1,8,1,current_internal_high,internal,0.0,11.0,102500.0,102500.0,102500.0,0.43111894963746816,active_bull_internal_ob,internal,1.0,1.0,101400.0,101990.0,101695.0,0.06858710562414265,103270.0,103320.0,102300.0,102600.0,13318.0,152585.0,0,0,0,0,0,0,,102500.0,11.0,above,0.43111894963746816,102550.0,True,1.0,101400.0,7.0,below,0.6466784244562023,101280.0,False,,114140.0,31.0,above,11.836174799137762,105650.0,False,,99210.0,93.0,below,2.792475014697237,98780.0,True,66.0,-1,-1,-0.001623393477868129,-70,DOWN_CONFIRMED,0.036623116717545375,-0.017680719115455937,0.05192517202577143,0.8521754924148142,-0.001623393477868129,-0.11363754345076904,0.003111938116825419,0.004386045485651913,0.006915754232418081,98975.21900233295,3.6623116717545376,-0.6487847390336032,0.08955177635086471,,30,-1,2343,2412,2026-02-02 09:00:00,2026-02-11 22:00:00,101340.0,102600.0,70,1.243339253996445,0.017761989342806355,29.0,1.0,2294.0,2342.0,2026-01-23 21:00:00,2026-01-31 00:00:00,102690.0,103190.0,49.0,0.4869023273931239,0.009936782191696405,1823087.0,,26044.1,,2191495.0,0.0,44724.38775510204,0.0,0.5823243493596837,,0.831891927656691,,20.0,47.14285714285714,32.857142857142854,True,False,2026-02-06 09:00:00,99420.0,,,1,0,2026-02-07 00:00:00,101490.0,2026-02-06 23:00:00,101350.0,4,3,2.9368246668417495,670.2911908494087,4.0
CU:1h:1:1:2400:2411:1,CU,4h,1069,2026-02-11 15:00:00,505.0,1,-1,BOS,1,89270.0,199.0,CHoCH,-1,100700.0,29.0,17,1,3,0,current_internal_high,internal,0.0,1.0,102500.0,102500.0,102500.0,0.43111894963746816,current_internal_low,internal,0.0,2.0,101280.0,101280.0,101280.0,0.7642563198118754,102110.0,102520.0,101950.0,102180.0,27544.0,158550.0,0,0,0,0,0,0,,102500.0,1.0,above,0.43111894963746816,102550.0,False,,101280.0,2.0,below,0.7642563198118754,97920.0,False,,89270.0,239.0,below,12.531844013325493,80130.0,True,199.0,84950.0,223.0,below,16.764648246129727,77950.0,False,,0,0,-0.0005980956741022526,-29,NONE,-0.08215814973729688,-0.09119428284454874,0.014017129067107196,0.7404227759955267,-0.0005980956741022526,-0.017344774548965325,-0.001865509387952824,-0.004086210428579706,-0.011978776060428187,111326.36844871937,-8.215814973729687,0.08815750808111034,-0.4940877134004201,,10,-1,1041,1069,2026-02-02 13:30:00,2026-02-11 13:30:00,98580.0,102180.0,29,3.6518563603164855,0.12592608139022363,9.0,1.0,582.0,1040.0,2025-08-12 21:00:00,2026-02-02 09:00:00,79460.0,100110.0,459.0,25.987918449534362,0.05661855871358249,1596491.0,,55051.41379310345,,19025759.0,0.0,41450.45533769063,0.0,1.3281256706255178,,0.08391207940771246,,0.0,86.20689655172413,13.793103448275861,True,True,,,,,0,0,2026-02-10 00:00:00,102450.0,2026-02-10 09:00:00,101600.0,2,2,0.15370622620061636,1199.704738303676,
CU:1h:1:1:2400:2411:2,CU,5m,24898,2026-02-11 23:40:00,0.0,1,-1,CHoCH,1,102100.0,49.0,CHoCH,-1,102300.0,3.0,77,8,35,2,current_swing_high,swing,0.0,59.0,102100.0,102100.0,102100.0,0.06860727237087132,active_bull_internal_ob,internal,1.0,50.0,101760.0,101880.0,101820.0,0.14701558365186712,102220.0,102250.0,101840.0,102030.0,1529.0,152572.0,0,0,0,0,0,0,,102830.0,0.0,above,0.7840831128099579,103420.0,False,,102300.0,6.0,above,0.26462805057336075,102160.0,True,3.0,102100.0,59.0,above,0.06860727237087132,102500.0,True,49.0,101510.0,37.0,below,0.5096540233264726,101400.0,False,,0,0,0.0,-1,UP_BROKEN,-0.01360494277212481,-0.01360494277212481,0.0,0.5,0.0,0.0,,,,103437.25797525891,-1.360494277212481,-0.20539906103286265,0.9755509347491861,,344,-1,24898,24898,2026-02-11 23:35:00,2026-02-11 23:35:00,102030.0,102030.0,1,0.0,0.0,343.0,1.0,24848.0,24897.0,2026-02-11 11:25:00,2026-02-11 23:30:00,102090.0,102240.0,50.0,0.1469291801351691,0.002938583602703382,1529.0,,1529.0,,92517.0,0.0,1850.34,0.0,0.8263346195834279,,0.016526692391668558,,0.0,0.0,100.0,True,True,,,,,0,0,,,,,0,0,0.0,249.5305837173333,
CU:1h:1:1:2400:2411:2,CU,15m,8298,2026-02-11 23:30:00,10.0,1,1,CHoCH,1,102550.0,9.0,BOS,1,102100.0,15.0,46,4,18,2,current_internal_low,internal,0.0,2.0,102160.0,102160.0,102160.0,0.12741350583161815,active_bull_internal_ob,internal,1.0,35.0,101500.0,101760.0,101630.0,0.26462805057336075,102540.0,102610.0,101950.0,102190.0,3771.0,152689.0,0,0,0,0,0,0,,103420.0,1.0,above,1.3623444085073018,103620.0,False,,102160.0,2.0,above,0.12741350583161815,101510.0,False,,102550.0,36.0,above,0.5096540233264726,105800.0,True,9.0,101280.0,20.0,below,0.7350779182593354,97920.0,False,,1,1,0.0005461387329384776,93,UP_CONFIRMED,-0.012980772310340496,0.01718985324391273,0.010985413636610333,0.003012423862605529,0.0005461387329384776,0.05079090216327842,-0.0003556117230998357,0.023733774780196448,0.028060132402595306,103533.95063964324,-1.2980772310340496,-0.3413302125999662,-0.38752630104590113,,109,1,8206,8298,2026-02-06 23:30:00,2026-02-11 23:15:00,101400.0,102190.0,93,0.7790927021696259,0.008377340883544365,108.0,-1.0,8149.0,8205.0,2026-02-05 00:45:00,2026-02-06 23:15:00,102590.0,101560.0,57.0,-1.00399649088605,-0.017613973524316665,353605.0,,3802.2043010752686,,493251.0,0.0,8653.526315789473,0.0,0.4393820694966464,,0.7168865344418968,,45.16129032258064,33.33333333333333,21.50537634408602,True,True,,,2026-02-11 21:00:00,103180.0,0,1,2026-02-11 11:15:00,102090.0,2026-02-11 22:30:00,102560.0,6,7,0.6390638407864528,415.1732024537532,
CU:1h:1:1:2400:2411:2,CU,1h,2412,2026-02-11 23:00:00,40.0,-1,1,CHoCH,-1,99210.0,66.0,CHoCH,1,102500.0,1.0,27,1,8,1,current_internal_high,internal,0.0,11.0,102500.0,102500.0,102500.0,0.4606488287758502,active_bull_internal_ob,internal,1.0,1.0,101400.0,101990.0,101695.0,0.039204155640497895,103270.0,103320.0,102300.0,102600.0,13318.0,152585.0,0,0,0,0,0,0,,102500.0,11.0,above,0.4606488287758502,102550.0,True,1.0,101400.0,7.0,below,0.6174654513378418,101280.0,False,,114140.0,31.0,above,11.869058120160737,105650.0,False,,99210.0,93.0,below,2.763892972655101,98780.0,True,66.0,-1,-1,-0.001623393477868129,-70,DOWN_CONFIRMED,0.036623116717545375,-0.017680719115455937,0.05192517202577143,0.8521754924148142,-0.001623393477868129,-0.11363754345076904,0.003111938116825419,0.004386045485651913,0.006915754232418081,98975.21900233295,3.6623116717545376,-0.6487847390336032,0.08955177635086471,,30,-1,2343,2412,2026-02-02 09:00:00,2026-02-11 22:00:00,101340.0,102600.0,70,1.243339253996445,0.017761989342806355,29.0,1.0,2294.0,2342.0,2026-01-23 21:00:00,2026-01-31 00:00:00,102690.0,103190.0,49.0,0.4869023273931239,0.009936782191696405,1823087.0,,26044.1,,2191495.0,0.0,44724.38775510204,0.0,0.5823243493596837,,0.831891927656691,,20.0,47.14285714285714,32.857142857142854,True,False,2026-02-06 09:00:00,99420.0,,,1,0,2026-02-07 00:00:00,101490.0,2026-02-06 23:00:00,101350.0,4,3,2.9368246668417495,670.2911908494087,4.0
CU:1h:1:1:2400:2411:2,CU,4h,1069,2026-02-11 15:00:00,520.0,1,-1,BOS,1,89270.0,199.0,CHoCH,-1,100700.0,29.0,17,1,3,0,current_internal_high,internal,0.0,1.0,102500.0,102500.0,102500.0,0.4606488287758502,current_internal_low,internal,0.0,2.0,101280.0,101280.0,101280.0,0.7350779182593354,102110.0,102520.0,101950.0,102180.0,27544.0,158550.0,0,0,0,0,0,0,,102500.0,1.0,above,0.4606488287758502,102550.0,False,,101280.0,2.0,below,0.7350779182593354,97920.0,False,,89270.0,239.0,below,12.506125649318827,80130.0,True,199.0,84950.0,223.0,below,16.7401744584926,77950.0,False,,0,0,-0.0005980956741022526,-29,NONE,-0.08215814973729688,-0.09119428284454874,0.014017129067107196,0.7404227759955267,-0.0005980956741022526,-0.017344774548965325,-0.001865509387952824,-0.004086210428579706,-0.011978776060428187,111326.36844871937,-8.215814973729687,0.08815750808111034,-0.4940877134004201,,10,-1,1041,1069,2026-02-02 13:30:00,2026-02-11 13:30:00,98580.0,102180.0,29,3.6518563603164855,0.12592608139022363,9.0,1.0,582.0,1040.0,2025-08-12 21:00:00,2026-02-02 09:00:00,79460.0,100110.0,459.0,25.987918449534362,0.05661855871358249,1596491.0,,55051.41379310345,,19025759.0,0.0,41450.45533769063,0.0,1.3281256706255178,,0.08391207940771246,,0.0,86.20689655172413,13.793103448275861,True,True,,,,,0,0,2026-02-10 00:00:00,102450.0,2026-02-10 09:00:00,101600.0,2,2,0.15370622620061636,1199.704738303676,
CU:1h:1:1:2400:2411:3,CU,5m,24904,2026-02-12 00:10:00,0.0,1,-1,CHoCH,1,102100.0,55.0,CHoCH,-1,102300.0,9.0,77,8,35,2,current_swing_high,swing,0.0,65.0,102100.0,102100.0,102100.0,0.10785371114815179,active_bull_internal_ob,internal,1.0,56.0,101760.0,101880.0,101820.0,0.10785371114815179,102100.0,102100.0,101940.0,101990.0,416.0,152398.0,0,0,0,0,0,0,,102830.0,6.0,above,0.8236101578586137,103420.0,False,,102300.0,12.0,above,0.303951367781155,102160.0,True,9.0,102100.0,65.0,above,0.10785371114815179,102500.0,True,55.0,101510.0,43.0,below,0.4706343759192077,101400.0,False,,0,0,-3.954589490939853e-05,-7,NONE,-0.013718626968887664,-0.013105934025006602,0.0005242371825127539,0.12125574594153132,-3.954589490939853e-05,-0.0002768212643657897,-0.00020021793718927317,,,103408.62434272366,-1.3718626968887664,-0.0979527867567831,-1.009307788321969,,344,-1,24898,24904,2026-02-11 23:35:00,2026-02-12 00:05:00,102030.0,101990.0,7,-0.03920415564049318,-0.0056005936629275966,343.0,1.0,24848.0,24897.0,2026-02-11 11:25:00,2026-02-11 23:30:00,102090.0,102240.0,50.0,0.1469291801351691,0.002938583602703382,4447.0,,635.2857142857143,,92517.0,0.0,1850.34,0.0,0.3433345840687195,,0.04806684176962072,,0.0,0.0,100.0,True,True,,,,,0,0,,,,,0,0,0.03999998638116827,215.09314614633334,
CU:1h:1:1:2400:2411:3,CU,15m,8300,2026-02-12 00:00:00,10.0,1,-1,CHoCH,1,102550.0,11.0,CHoCH,-1,102160.0,1.0,46,5,18,2,current_internal_low,internal,0.0,4.0,102160.0,102160.0,102160.0,0.16668300813805276,active_bull_internal_ob,internal,1.0,37.0,101500.0,101760.0,101630.0,0.22551230512795373,102070.0,102170.0,101960.0,102150.0,1316.0,152341.0,0,0,0,0,0,0,,103420.0,3.0,above,1.4020982449259731,103620.0,False,,102160.0,4.0,above,0.16668300813805276,101510.0,True,1.0,102550.0,38.0,above,0.5490734385724091,105800.0,True,11.0,101280.0,22.0,below,0.6961466810471615,97920.0,False,,1,1,0.0005330413013854437,95,UP_CONFIRMED,-0.01322439917113621,0.016542986162307,0.011730220186564189,0.00557971554471548,0.0005330413013854437,0.05063892363161715,-0.0003606309280513864,-0.0007786442836468233,0.027038226187486636,103518.9762639012,-1.322439917113621,0.05877167205408096,-0.970216771448074,,109,1,8206,8300,2026-02-06 23:30:00,2026-02-11 23:45:00,101400.0,102150.0,95,0.7396449704142105,0.0077857365306759005,108.0,-1.0,8149.0,8205.0,2026-02-05 00:45:00,2026-02-06 23:15:00,102590.0,101560.0,57.0,-1.00399649088605,-0.017613973524316665,357870.0,,3767.0526315789475,,493251.0,0.0,8653.526315789473,0.0,0.43531994866710866,,0.7255332477785144,,44.21052631578947,34.73684210526316,21.052631578947366,True,True,,,2026-02-11 21:00:00,103180.0,0,1,2026-02-11 11:15:00,102090.0,2026-02-11 22:30:00,102560.0,6,7,0.7090751374314366,402.16464905451176,
CU:1h:1:1:2400:2411:3,CU,1h,2413,2026-02-12 00:00:00,10.0,-1,1,CHoCH,-1,99210.0,67.0,CHoCH,1,102500.0,2.0,27,1,8,1,current_internal_high,internal,0.0,12.0,102500.0,102500.0,102500.0,0.5000490244141582,current_internal_low,internal,0.0,8.0,101400.0,101400.0,101400.0,0.5784880870673595,102600.0,102830.0,101840.0,102150.0,10334.0,152341.0,1,1,1,0,1,0,active_bull_internal_ob,102500.0,12.0,above,0.5000490244141582,102550.0,True,2.0,101400.0,8.0,below,0.5784880870673595,101280.0,False,,114140.0,32.0,above,11.912932640454947,105650.0,False,,99210.0,94.0,below,2.725757427198745,98780.0,True,67.0,-1,-1,-0.0015965546998383403,-71,DOWN_CONFIRMED,0.03174808307528581,-0.01698453880291028,0.051886175452669644,0.8261915348543332,-0.0015965546998383403,-0.11335538368852216,0.003266631796804642,0.004379452904281322,0.006884297764689462,99006.72623061825,3.174808307528581,-0.43859649122807154,-0.2328589516548175,,30,-1,2343,2413,2026-02-02 09:00:00,2026-02-11 23:00:00,101340.0,102150.0,71,0.799289520426294,0.011257598879243578,29.0,1.0,2294.0,2342.0,2026-01-23 21:00:00,2026-01-31 00:00:00,102690.0,103190.0,49.0,0.4869023273931239,0.009936782191696405,1833421.0,,25822.830985915494,,2191495.0,0.0,44724.38775510204,0.0,0.5773769587929058,,0.8366074300876799,,19.718309859154928,47.88732394366197,32.3943661971831,True,False,2026-02-06 09:00:00,99420.0,,,1,0,2026-02-07 00:00:00,101490.0,2026-02-11 23:00:00,102150.0,4,4,3.054906350696965,693.1275343601652,4.0
CU:1h:1:1:2400:2411:3,CU,4h,1070,2026-02-12 00:00:00,10.0,1,-1,BOS,1,89270.0,200.0,CHoCH,-1,100700.0,30.0,17,1,3,0,current_internal_high,internal,0.0,2.0,102500.0,102500.0,102500.0,0.5000490244141582,current_internal_low,internal,0.0,0.0,101400.0,101400.0,101400.0,0.5784880870673595,103620.0,103620.0,101840.0,102150.0,66449.0,152341.0,0,0,0,0,0,0,,102500.0,2.0,above,0.5000490244141582,102550.0,False,,101400.0,0.0,below,0.5784880870673595,101280.0,False,,89270.0,240.0,below,12.471810961859006,80130.0,True,200.0,84950.0,224.0,below,16.707520345131876,77950.0,False,,0,0,-0.0006126756616129344,-30,NONE,-0.08145969492992532,-0.09086979658072795,0.013891869052362468,0.7509181831159223,-0.0006126756616129344,-0.01838026984838803,-0.0025691334438988633,-0.0044120176714550485,-0.011986446473025603,111209.05575526929,-8.145969492992531,-0.029359953024077345,0.68675968324456,,10,-1,1041,1070,2026-02-02 13:30:00,2026-02-11 21:00:00,98580.0,102150.0,30,3.6214242239805294,0.12071414079935099,9.0,1.0,582.0,1040.0,2025-08-12 21:00:00,2026-02-02 09:00:00,79460.0,100110.0,459.0,25.987918449534362,0.05661855871358249,1662940.0,,55431.333333333336,,19025759.0,0.0,41450.45533769063,0.0,1.3372913007044818,,0.08740466017676352,,0.0,86.66666666666667,13.333333333333334,True,True,,,,,0,0,2026-02-10 00:00:00,102450.0,2026-02-10 09:00:00,101600.0,2,2,0.15287663860918901,1241.1543998534135,
CU:1h:1:1:2400:2411:4,CU,5m,24960,2026-02-12 21:05:00,0.0,1,-1,CHoCH,1,102100.0,111.0,BOS,-1,102320.0,6.0,77,10,35,2,current_internal_low,internal,0.0,7.0,102320.0,102320.0,102320.0,0.14681413330723303,active_bull_internal_ob,internal,1.0,112.0,101760.0,101880.0,101820.0,0.28384065772731726,102030.0,102170.0,101920.0,102170.0,3918.0,146877.0,0,0,0,0,0,0,,102520.0,2.0,above,0.3425663110502104,102530.0,False,,102320.0,7.0,above,0.14681413330723303,102240.0,True,6.0,103620.0,43.0,above,1.4192032886365862,102100.0,False,,101840.0,12.0,below,0.3229910932759127,101510.0,False,,-1,-1,-9.66296967060242e-05,-63,DOWN_CONFIRMED,-0.006201547371939546,-0.008064452184919956,0.002911577439782342,0.7388573446756179,-9.66296967060242e-05,-0.006087670892479524,-0.0012378743166027162,-0.0018257302731411462,-0.002816672351601879,102807.56599068503,-0.6201547371939546,-0.1563568845890706,4.14440873787493,,344,-1,24898,24960,2026-02-11 23:35:00,2026-02-12 21:00:00,102030.0,102170.0,63,0.13721454474173722,0.0021780086466942415,343.0,1.0,24848.0,24897.0,2026-02-11 11:25:00,2026-02-11 23:30:00,102090.0,102240.0,50.0,0.1469291801351691,0.002938583602703382,55511.0,,881.1269841269841,,92517.0,0.0,1850.34,0.0,0.47619733893607885,,0.6000086470594593,,12.698412698412698,58.730158730158735,28.57142857142857,True,True,,,,,0,0,2026-02-12 13:55:00,102480.0,2026-02-12 14:00:00,102400.0,6,6,0.36103846523224703,154.37101223622463,
CU:1h:1:1:2400:2411:4,CU,15m,8319,2026-02-12 15:00:00,365.0,1,-1,CHoCH,1,102550.0,30.0,CHoCH,-1,102160.0,20.0,46,5,18,2,current_swing_high,swing,0.0,57.0,102550.0,102550.0,102550.0,0.3719291377116571,current_internal_low,internal,0.0,15.0,101840.0,101840.0,101840.0,0.3229910932759127,102340.0,102450.0,102280.0,102330.0,3255.0,147631.0,0,0,0,0,0,0,,102770.0,5.0,above,0.5872565332289321,103420.0,False,,101840.0,15.0,below,0.3229910932759127,102160.0,False,,102550.0,57.0,above,0.3719291377116571,105800.0,True,30.0,101280.0,41.0,below,0.8710971909562495,97920.0,False,,1,1,0.000429831293970813,114,UP_CONFIRMED,-0.00994188901862512,0.012066285228374826,0.014678377445082397,0.06689011253258437,0.000429831293970813,0.04900076751267268,-0.00045685615506341204,-0.0008913780990500442,-0.0016040135499784114,103357.56948505525,-0.994188901862512,-0.009771350400622492,0.5808891991658173,,109,1,8206,8319,2026-02-06 23:30:00,2026-02-12 14:45:00,101400.0,102330.0,114,0.917159763313613,0.00804526108169836,108.0,-1.0,8149.0,8205.0,2026-02-05 00:45:00,2026-02-06 23:15:00,102590.0,101560.0,57.0,-1.00399649088605,-0.017613973524316665,405768.0,,3559.3684210526317,,493251.0,0.0,8653.526315789473,0.0,0.41131999732387775,,0.8226399946477554,,36.84210526315789,39.473684210526315,23.684210526315788,True,True,,,2026-02-11 21:00:00,103180.0,0,1,2026-02-12 09:45:00,102710.0,2026-02-12 10:00:00,102580.0,7,8,1.2164785737506876,274.50937344332135,
CU:1h:1:1:2400:2411:4,CU,1h,2419,2026-02-12 15:00:00,365.0,-1,1,CHoCH,-1,99210.0,73.0,CHoCH,1,102500.0,8.0,27,1,8,1,current_internal_high,internal,0.0,3.0,103620.0,103620.0,103620.0,1.4192032886365862,active_bull_internal_ob,internal,1.0,8.0,101400.0,101990.0,101695.0,0.17617695996867966,102480.0,102520.0,102220.0,102330.0,10323.0,147631.0,0,0,0,0,0,0,,103620.0,3.0,above,1.4192032886365862,102500.0,False,,101940.0,0.0,below,0.225115004404424,101400.0,False,,114140.0,38.0,above,11.715767837917197,105650.0,False,,99210.0,100.0,below,2.8971322305960654,98780.0,True,73.0,-1,-1,-0.0014530784897840634,-77,DOWN_CONFIRMED,0.03185731990725395,-0.013052633153905807,0.05162883277800779,0.8078120525603063,-0.0014530784897840634,-0.11188704371337288,0.0015543461990703555,0.0045854242159837355,0.007157049053298392,99170.68767724368,3.1857319907253947,-0.14637002341920669,-0.15366889678813314,,30,-1,2343,2419,2026-02-02 09:00:00,2026-02-12 14:00:00,101340.0,102330.0,77,0.9769094138543544,0.012687135244861746,29.0,1.0,2294.0,2342.0,2026-01-23 21:00:00,2026-01-31 00:00:00,102690.0,103190.0,49.0,0.4869023273931239,0.009936782191696405,1881319.0,,24432.714285714286,,2191495.0,0.0,44724.38775510204,0.0,0.5462951090465641,,0.8584637427874579,,18.181818181818183,51.94805194805194,29.87012987012987,True,False,2026-02-06 09:00:00,99420.0,,,1,0,2026-02-12 09:00:00,102710.0,2026-02-11 23:00:00,102150.0,5,4,3.9554342920116947,578.094061971077,4.0
CU:1h:1:1:2400:2411:4,CU,4h,1073,2026-02-12 15:00:00,365.0,1,-1,BOS,1,89270.0,203.0,CHoCH,-1,100700.0,33.0,17,1,3,0,current_internal_high,internal,0.0,5.0,102500.0,102500.0,102500.0,0.3229910932759127,current_internal_low,internal,0.0,3.0,101400.0,101400.0,101400.0,0.753645884310463,102400.0,102530.0,102220.0,102330.0,15046.0,147631.0,0,0,0,0,0,0,,102500.0,5.0,above,0.3229910932759127,102550.0,False,,101400.0,3.0,below,0.753645884310463,101280.0,False,,89270.0,243.0,below,12.626015464422041,80130.0,True,203.0,84950.0,227.0,below,16.854262503670352,77950.0,False,,0,0,-0.0005812203034888117,-33,NONE,-0.07909059922525001,-0.0898465018270084,0.013638442291610047,0.784840523639207,-0.0005812203034888117,-0.019180270015130785,-0.002312476384636719,-0.004271313194100901,-0.010777189100870554,111118.42263083752,-7.909059922525001,-0.06835937500000444,-0.6975670097352215,,10,-1,1041,1073,2026-02-02 13:30:00,2026-02-12 13:30:00,98580.0,102330.0,33,3.804017041996355,0.11527324369685923,9.0,1.0,582.0,1040.0,2025-08-12 21:00:00,2026-02-02 09:00:00,79460.0,100110.0,459.0,25.987918449534362,0.05661855871358249,1710838.0,,51843.57575757576,,19025759.0,0.0,41450.45533769063,0.0,1.2507359770891282,,0.08992219443124451,,0.0,87.87878787878788,12.121212121212121,True,True,,,,,0,0,2026-02-12 09:00:00,102400.0,2026-02-10 09:00:00,101600.0,3,2,0.1517971430637297,1075.9060555677659,
CU:1h:1:1:2400:2411:5,CU,5m,24965,2026-02-12 21:30:00,0.0,1,-1,CHoCH,1,102100.0,116.0,BOS,-1,102320.0,11.0,77,10,35,2,current_internal_low,internal,0.0,12.0,102320.0,102320.0,102320.0,0.39246467817896385,active_bull_internal_ob,internal,1.0,117.0,101760.0,101880.0,101820.0,0.03924646781789639,102140.0,102140.0,101900.0,101920.0,1442.0,145607.0,0,0,0,0,0,0,,102520.0,7.0,above,0.5886970172684459,102530.0,False,,102320.0,12.0,above,0.39246467817896385,102240.0,True,11.0,103620.0,48.0,above,1.6679748822605966,102100.0,False,,101840.0,17.0,below,0.07849293563579278,101510.0,False,,-1,-1,-0.00010080809152729842,-68,DOWN_CONFIRMED,-0.007867369572108986,-0.007921278132315695,0.002859881983797584,0.5075195866555687,-0.00010080809152729842,-0.006854950223856293,-0.0007719788847631026,-0.002008897588531511,-0.003003892752451054,102728.20072054633,-0.7867369572108986,-0.21539064029763022,0.5778025810120481,,344,-1,24898,24965,2026-02-11 23:35:00,2026-02-12 21:25:00,102030.0,101920.0,68,-0.10781142801137289,-0.0015854621766378367,343.0,1.0,24848.0,24897.0,2026-02-11 11:25:00,2026-02-11 23:30:00,102090.0,102240.0,50.0,0.1469291801351691,0.002938583602703382,60760.0,,893.5294117647059,,92517.0,0.0,1850.34,0.0,0.4829001220125522,,0.6567441659370711,,11.76470588235294,54.41176470588235,33.82352941176471,True,True,,,,,0,0,2026-02-12 13:55:00,102480.0,2026-02-12 14:00:00,102400.0,6,6,0.36103794564798725,162.5860248821632,
CU:1h:1:1:2400:2411:5,CU,15m,8321,2026-02-12 21:30:00,0.0,1,-1,CHoCH,1,102550.0,32.0,CHoCH,-1,102160.0,22.0,46,5,18,2,current_swing_high,swing,0.0,59.0,102550.0,102550.0,102550.0,0.6181318681318682,current_internal_low,internal,0.0,17.0,101840.0,101840.0,101840.0,0.07849293563579278,102190.0,102350.0,101900.0,101920.0,3052.0,145607.0,0,0,0,0,0,0,,102770.0,7.0,above,0.8339874411302983,103420.0,False,,101840.0,17.0,below,0.07849293563579278,102160.0,False,,102550.0,59.0,above,0.6181318681318682,105800.0,True,32.0,101280.0,43.0,below,0.6279434850863422,97920.0,False,,1,1,0.0004183234825873304,116,UP_CONFIRMED,-0.013461755304988316,0.011648168623182395,0.014890701144791995,0.045870731226935246,0.0004183234825873304,0.048525523980130325,-0.000777057083805266,-0.0011592557983793883,-0.001972606527077758,103310.74395550531,-1.3461755304988317,-0.2739726027397249,0.16756797917632918,,109,1,8206,8321,2026-02-06 23:30:00,2026-02-12 21:15:00,101400.0,101920.0,116,0.512820512820511,0.004420866489831992,108.0,-1.0,8149.0,8205.0,2026-02-05 00:45:00,2026-02-06 23:15:00,102590.0,101560.0,57.0,-1.00399649088605,-0.017613973524316665,414935.0,,3577.0258620689656,,493251.0,0.0,8653.526315789473,0.0,0.41336048814484116,,0.8412248530666943,,36.206896551724135,39.6551724137931,24.137931034482758,True,True,,,2026-02-11 21:00:00,103180.0,0,1,2026-02-12 09:45:00,102710.0,2026-02-12 10:00:00,102580.0,7,8,1.2783727319294,296.03104138735364,
CU:1h:1:1:2400:2411:5,CU,1h,2419,2026-02-12 15:00:00,390.0,-1,1,CHoCH,-1,99210.0,73.0,CHoCH,1,102500.0,8.0,27,1,8,1,current_internal_low,internal,0.0,0.0,101940.0,101940.0,101940.0,0.019623233908948195,current_swing_low,swing,0.0,100.0,99210.0,99210.0,99210.0,2.6589481946624804,102480.0,102520.0,102220.0,102330.0,10323.0,147631.0,1,1,1,0,1,0,active_bull_internal_ob,103620.0,3.0,above,1.6679748822605966,102500.0,False,,101940.0,0.0,above,0.019623233908948195,101400.0,False,,114140.0,38.0,above,11.989795918367346,105650.0,False,,99210.0,100.0,below,2.6589481946624804,98780.0,True,73.0,-1,-1,-0.0014530784897840634,-77,DOWN_CONFIRMED,0.03185731990725395,-0.013052633153905807,0.05162883277800779,0.8078120525603063,-0.0014530784897840634,-0.11188704371337288,0.0015543461990703555,0.0045854242159837355,0.007157049053298392,99170.68767724368,3.1857319907253947,-0.14637002341920669,-0.15366889678813314,,30,-1,2343,2419,2026-02-02 09:00:00,2026-02-12 14:00:00,101340.0,102330.0,77,0.9769094138543544,0.012687135244861746,29.0,1.0,2294.0,2342.0,2026-01-23 21:00:00,2026-01-31 00:00:00,102690.0,103190.0,49.0,0.4869023273931239,0.009936782191696405,1881319.0,,24432.714285714286,,2191495.0,0.0,44724.38775510204,0.0,0.5462951090465641,,0.8584637427874579,,18.181818181818183,51.94805194805194,29.87012987012987,True,False,2026-02-06 09:00:00,99420.0,,,1,0,2026-02-12 09:00:00,102710.0,2026-02-11 23:00:00,102150.0,5,4,3.9554342920116947,578.094061971077,4.0
CU:1h:1:1:2400:2411:5,CU,4h,1073,2026-02-12 15:00:00,390.0,1,-1,BOS,1,89270.0,203.0,CHoCH,-1,100700.0,33.0,17,1,3,0,current_internal_high,internal,0.0,5.0,102500.0,102500.0,102500.0,0.5690737833594977,current_internal_low,internal,0.0,3.0,101400.0,101400.0,101400.0,0.5102040816326531,102400.0,102530.0,102220.0,102330.0,15046.0,147631.0,0,0,0,0,0,0,,102500.0,5.0,above,0.5690737833594977,102550.0,False,,101400.0,3.0,below,0.5102040816326531,101280.0,False,,89270.0,243.0,below,12.411695447409734,80130.0,True,203.0,84950.0,227.0,below,16.65031397174254,77950.0,False,,0,0,-0.0005812203034888117,-33,NONE,-0.07909059922525001,-0.0898465018270084,0.013638442291610047,0.784840523639207,-0.0005812203034888117,-0.019180270015130785,-0.002312476384636719,-0.004271313194100901,-0.010777189100870554,111118.42263083752,-7.909059922525001,-0.06835937500000444,-0.6975670097352215,,10,-1,1041,1073,2026-02-02 13:30:00,2026-02-12 13:30:00,98580.0,102330.0,33,3.804017041996355,0.11527324369685923,9.0,1.0,582.0,1040.0,2025-08-12 21:00:00,2026-02-02 09:00:00,79460.0,100110.0,459.0,25.987918449534362,0.05661855871358249,1710838.0,,51843.57575757576,,19025759.0,0.0,41450.45533769063,0.0,1.2507359770891282,,0.08992219443124451,,0.0,87.87878787878788,12.121212121212121,True,True,,,,,0,0,2026-02-12 09:00:00,102400.0,2026-02-10 09:00:00,101600.0,3,2,0.1517971430637297,1075.9060555677659,
CU:1h:1:1:2400:2411:6,CU,5m,24976,2026-02-12 22:25:00,0.0,1,-1,CHoCH,1,102100.0,127.0,BOS,-1,102320.0,22.0,77,10,35,2,active_bear_internal_ob,internal,-1.0,22.0,102360.0,102520.0,102440.0,0.3037726604605585,current_internal_low,internal,0.0,6.0,101900.0,101900.0,101900.0,0.14698677119059284,102060.0,102090.0,101980.0,102050.0,776.0,144876.0,0,0,0,0,0,0,,102520.0,18.0,above,0.4605585497305243,102530.0,False,,101900.0,6.0,below,0.14698677119059284,102320.0,False,,103620.0,59.0,above,1.5384615384615385,102100.0,False,,101840.0,28.0,below,0.20578147966682997,101510.0,False,,-1,-1,-9.877095994359627e-05,-79,DOWN_CONFIRMED,-0.005652791207346681,-0.007542643856228976,0.002832425820511968,0.7476843593882602,-9.877095994359627e-05,-0.007802905835544105,-0.00044419183749699886,-0.0007861210025277288,-0.002863530007997994,102630.14679139107,-0.5652791207346681,0.0,-0.22526003236125594,,344,-1,24898,24976,2026-02-11 23:35:00,2026-02-12 22:20:00,102030.0,102050.0,79,0.01960207782025769,0.0002481275673450341,343.0,1.0,24848.0,24897.0,2026-02-11 11:25:00,2026-02-11 23:30:00,102090.0,102240.0,50.0,0.1469291801351691,0.002938583602703382,67239.0,,851.126582278481,,92517.0,0.0,1850.34,0.0,0.4599838852743177,,0.726774538733422,,10.126582278481013,55.69620253164557,34.177215189873415,True,True,,,,,0,0,2026-02-12 21:50:00,102190.0,2026-02-12 22:10:00,102150.0,7,7,0.37552161741971324,138.63408811487238,
CU:1h:1:1:2400:2411:6,CU,15m,8324,2026-02-12 22:15:00,10.0,1,-1,CHoCH,1,102550.0,35.0,CHoCH,-1,102160.0,25.0,46,5,18,2,current_swing_high,swing,0.0,62.0,102550.0,102550.0,102550.0,0.4899559039686428,current_internal_low,internal,0.0,20.0,101840.0,101840.0,101840.0,0.20578147966682997,102210.0,102330.0,102140.0,102150.0,1694.0,144988.0,0,0,0,0,0,0,,102770.0,10.0,above,0.7055365017148456,103420.0,False,,101840.0,20.0,below,0.20578147966682997,102160.0,False,,102550.0,62.0,above,0.4899559039686428,105800.0,True,35.0,101280.0,46.0,below,0.7545320921117099,97920.0,False,,1,1,0.0004055697003227821,119,UP_CONFIRMED,-0.010987644777472742,0.011079732311738444,0.01512087243300101,0.07222774257736053,0.0004055697003227821,0.048262794338411075,-0.0007035010813305487,-0.0011600358375948305,-0.0021416421686976106,103284.85732315882,-1.0987644777472743,-0.06847974955976888,-0.9178124656862414,,109,1,8206,8324,2026-02-06 23:30:00,2026-02-12 22:00:00,101400.0,102150.0,119,0.7396449704142105,0.006215503953060593,108.0,-1.0,8149.0,8205.0,2026-02-05 00:45:00,2026-02-06 23:15:00,102590.0,101560.0,57.0,-1.00399649088605,-0.017613973524316665,420008.0,,3529.4789915966385,,493251.0,0.0,8653.526315789473,0.0,0.40786598004060487,,0.8515096776286313,,35.294117647058826,38.655462184873954,26.05042016806723,True,True,,,2026-02-11 21:00:00,103180.0,0,1,2026-02-12 09:45:00,102710.0,2026-02-12 10:00:00,102580.0,7,8,1.36473264945049,283.0430750466531,
CU:1h:1:1:2400:2411:6,CU,1h,2420,2026-02-12 22:00:00,25.0,-1,1,CHoCH,-1,99210.0,74.0,CHoCH,1,102500.0,9.0,27,1,8,1,current_internal_high,internal,0.0,4.0,103620.0,103620.0,103620.0,1.5384615384615385,active_bull_internal_ob,internal,1.0,9.0,101400.0,101990.0,101695.0,0.05879470847623714,102030.0,102350.0,101900.0,102220.0,12546.0,145058.0,0,0,0,0,0,0,,103620.0,4.0,above,1.5384615384615385,102500.0,False,,101940.0,1.0,below,0.1077902988731014,101400.0,False,,114140.0,39.0,above,11.847133757961783,105650.0,False,,99210.0,101.0,below,2.782949534541891,98780.0,True,74.0,-1,-1,-0.001429689825989468,-78,DOWN_CONFIRMED,0.030317441452575325,-0.012496606556386817,0.05152832793913722,0.7969803349530398,-0.001429689825989468,-0.11151580642717851,0.0014036151179253054,0.004484182542678017,0.007364910144090686,99212.14170254838,3.0317441452575324,-0.10749535815498534,0.09870419540255725,,30,-1,2343,2420,2026-02-02 09:00:00,2026-02-12 21:00:00,101340.0,102220.0,78,0.8683639234260854,0.01113287081315494,29.0,1.0,2294.0,2342.0,2026-01-23 21:00:00,2026-01-31 00:00:00,102690.0,103190.0,49.0,0.4869023273931239,0.009936782191696405,1893865.0,,24280.32051282051,,2191495.0,0.0,44724.38775510204,0.0,0.5428877114153603,,0.8641886018448593,,17.94871794871795,52.56410256410257,29.48717948717949,True,False,2026-02-06 09:00:00,99420.0,,,1,0,2026-02-12 09:00:00,102710.0,2026-02-12 21:00:00,102220.0,5,5,4.123385633262328,568.9444861160001,4.0
CU:1h:1:1:2400:2411:6,CU,4h,1073,2026-02-12 15:00:00,445.0,1,-1,BOS,1,89270.0,203.0,CHoCH,-1,100700.0,33.0,17,1,3,0,current_internal_high,internal,0.0,5.0,102500.0,102500.0,102500.0,0.44096031357177856,current_internal_low,internal,0.0,3.0,101400.0,101400.0,101400.0,0.6369426751592357,102400.0,102530.0,102220.0,102330.0,15046.0,147631.0,0,0,0,0,0,0,,102500.0,5.0,above,0.44096031357177856,102550.0,False,,101400.0,3.0,below,0.6369426751592357,101280.0,False,,89270.0,243.0,below,12.52327290543851,80130.0,True,203.0,84950.0,227.0,below,16.756491915727583,77950.0,False,,0,0,-0.0005812203034888117,-33,NONE,-0.07909059922525001,-0.0898465018270084,0.013638442291610047,0.784840523639207,-0.0005812203034888117,-0.019180270015130785,-0.002312476384636719,-0.004271313194100901,-0.010777189100870554,111118.42263083752,-7.909059922525001,-0.06835937500000444,-0.6975670097352215,,10,-1,1041,1073,2026-02-02 13:30:00,2026-02-12 13:30:00,98580.0,102330.0,33,3.804017041996355,0.11527324369685923,9.0,1.0,582.0,1040.0,2025-08-12 21:00:00,2026-02-02 09:00:00,79460.0,100110.0,459.0,25.987918449534362,0.05661855871358249,1710838.0,,51843.57575757576,,19025759.0,0.0,41450.45533769063,0.0,1.2507359770891282,,0.08992219443124451,,0.0,87.87878787878788,12.121212121212121,True,True,,,,,0,0,2026-02-12 09:00:00,102400.0,2026-02-10 09:00:00,101600.0,3,2,0.1517971430637297,1075.9060555677659,
CU:1h:1:1:2400:2411:7,CU,5m,24986,2026-02-12 23:15:00,0.0,1,-1,CHoCH,1,102100.0,137.0,BOS,-1,102320.0,32.0,77,10,35,2,current_internal_high,internal,0.0,8.0,102330.0,102330.0,102330.0,0.3333660162761055,current_internal_low,internal,0.0,3.0,101950.0,101950.0,101950.0,0.039219531326600644,102040.0,102060.0,101980.0,101990.0,441.0,144271.0,0,0,0,0,0,0,,102330.0,8.0,above,0.3333660162761055,102520.0,False,,101950.0,3.0,below,0.039219531326600644,101900.0,False,,102770.0,9.0,above,0.7647808608687127,103620.0,False,,101840.0,38.0,below,0.14707324247475242,101510.0,False,,-1,-1,-9.66780573421702e-05,-89,DOWN_CONFIRMED,-0.00543406006108402,-0.007215797025506813,0.002833772978339952,0.735243885381923,-9.66780573421702e-05,-0.008604347103453147,-0.0003956344117089783,-0.0008077440184239837,-0.001593230036414095,102547.24790421035,-0.543406006108402,-0.0490003920031401,-0.7167650128182786,,344,-1,24898,24986,2026-02-11 23:35:00,2026-02-12 23:10:00,102030.0,101990.0,89,-0.03920415564049318,-0.0004404961307920582,343.0,1.0,24848.0,24897.0,2026-02-11 11:25:00,2026-02-11 23:30:00,102090.0,102240.0,50.0,0.1469291801351691,0.002938583602703382,72525.0,,814.8876404494382,,92517.0,0.0,1850.34,0.0,0.4403988674781058,,0.7839099841110282,,8.98876404494382,60.67415730337079,30.337078651685395,True,True,,,,,0,0,2026-02-12 22:45:00,102190.0,2026-02-12 22:55:00,102050.0,9,9,0.3927179448539044,137.03162797959627,
CU:1h:1:1:2400:2411:7,CU,15m,8328,2026-02-12 23:15:00,0.0,1,-1,CHoCH,1,102550.0,39.0,CHoCH,-1,102160.0,29.0,46,5,18,2,current_swing_high,swing,0.0,66.0,102550.0,102550.0,102550.0,0.5490734385724091,current_internal_low,internal,0.0,1.0,101910.0,101910.0,101910.0,0.07843906265320129,102050.0,102150.0,101980.0,101990.0,1227.0,144271.0,0,0,0,0,0,0,,102770.0,14.0,above,0.7647808608687127,103420.0,False,,101910.0,1.0,below,0.07843906265320129,101840.0,False,,102550.0,66.0,above,0.5490734385724091,105800.0,True,39.0,101280.0,50.0,below,0.6961466810471615,97920.0,False,,1,1,0.00038920852262662534,123,UP_CONFIRMED,-0.012169104295401158,0.010337667513098663,0.01541425455799083,0.07212756401243742,0.00038920852262662534,0.047872648283074914,-0.00045325236903503985,-0.0012056119998453685,-0.0020321029848489047,103246.41640941256,-1.2169104295401159,-0.05879470847623969,-1.1713545459877917,,109,1,8206,8328,2026-02-06 23:30:00,2026-02-12 23:00:00,101400.0,101990.0,123,0.5818540433925046,0.004730520677987842,108.0,-1.0,8149.0,8205.0,2026-02-05 00:45:00,2026-02-06 23:15:00,102590.0,101560.0,57.0,-1.00399649088605,-0.017613973524316665,426700.0,,3469.1056910569105,,493251.0,0.0,8653.526315789473,0.0,0.40088925190267005,,0.8650768067373407,,34.146341463414636,37.39837398373984,28.455284552845526,True,True,,,2026-02-11 21:00:00,103180.0,0,1,2026-02-12 09:45:00,102710.0,2026-02-12 10:00:00,102580.0,7,8,1.4910766416563233,273.05167811348036,
CU:1h:1:1:2400:2411:7,CU,1h,2421,2026-02-12 23:00:00,15.0,-1,1,CHoCH,-1,99210.0,75.0,CHoCH,1,102500.0,10.0,27,1,8,1,current_internal_high,internal,0.0,0.0,102770.0,102770.0,102770.0,0.7647808608687127,current_internal_low,internal,0.0,2.0,101940.0,101940.0,101940.0,0.04902441415825081,102210.0,102330.0,101950.0,102050.0,7159.0,144391.0,1,1,1,0,1,0,active_bull_internal_ob,102770.0,0.0,above,0.7647808608687127,103620.0,False,,101940.0,2.0,below,0.04902441415825081,101400.0,False,,114140.0,40.0,above,11.912932640454947,105650.0,False,,99210.0,102.0,below,2.725757427198745,98780.0,True,75.0,-1,-1,-0.0014089203030601823,-79,DOWN_CONFIRMED,0.028359604831835614,-0.011979439323624509,0.05140448310388981,0.7836963604455797,-0.0014089203030601823,-0.1113047039417544,0.0013487171193915515,0.0030956217362962946,0.007301809245840563,99235.71435566833,2.8359604831835616,-0.16630796321659425,-0.5208100033369673,,30,-1,2343,2421,2026-02-02 09:00:00,2026-02-12 22:00:00,101340.0,102050.0,79,0.7006118018551444,0.008868503820951194,29.0,1.0,2294.0,2342.0,2026-01-23 21:00:00,2026-01-31 00:00:00,102690.0,103190.0,49.0,0.4869023273931239,0.009936782191696405,1901024.0,,24063.59493670886,,2191495.0,0.0,44724.38775510204,0.0,0.5380419083314059,,0.8674553215955318,,17.72151898734177,53.16455696202531,29.11392405063291,True,False,2026-02-06 09:00:00,99420.0,,,1,0,2026-02-12 09:00:00,102710.0,2026-02-12 21:00:00,102220.0,5,5,4.2910591819197785,555.4484513934286,4.0
CU:1h:1:1:2400:2411:7,CU,4h,1073,2026-02-12 15:00:00,495.0,1,-1,BOS,1,89270.0,203.0,CHoCH,-1,100700.0,33.0,17,1,3,0,current_internal_high,internal,0.0,5.0,102500.0,102500.0,102500.0,0.5000490244141582,current_internal_low,internal,0.0,3.0,101400.0,101400.0,101400.0,0.5784880870673595,102400.0,102530.0,102220.0,102330.0,15046.0,147631.0,0,0,0,0,0,0,,102500.0,5.0,above,0.5000490244141582,102550.0,False,,101400.0,3.0,below,0.5784880870673595,101280.0,False,,89270.0,243.0,below,12.471810961859006,80130.0,True,203.0,84950.0,227.0,below,16.707520345131876,77950.0,False,,0,0,-0.0005812203034888117,-33,NONE,-0.07909059922525001,-0.0898465018270084,0.013638442291610047,0.784840523639207,-0.0005812203034888117,-0.019180270015130785,-0.002312476384636719,-0.004271313194100901,-0.010777189100870554,111118.42263083752,-7.909059922525001,-0.06835937500000444,-0.6975670097352215,,10,-1,1041,1073,2026-02-02 13:30:00,2026-02-12 13:30:00,98580.0,102330.0,33,3.804017041996355,0.11527324369685923,9.0,1.0,582.0,1040.0,2025-08-12 21:00:00,2026-02-02 09:00:00,79460.0,100110.0,459.0,25.987918449534362,0.05661855871358249,1710838.0,,51843.57575757576,,19025759.0,0.0,41450.45533769063,0.0,1.2507359770891282,,0.08992219443124451,,0.0,87.87878787878788,12.121212121212121,True,True,,,,,0,0,2026-02-12 09:00:00,102400.0,2026-02-10 09:00:00,101600.0,3,2,0.1517971430637297,1075.9060555677659,
CU:1h:1:1:2400:2411:8,CU,5m,24995,2026-02-13 00:00:00,0.0,1,-1,CHoCH,1,102100.0,146.0,BOS,-1,101950.0,5.0,77,11,35,2,current_internal_low,internal,0.0,12.0,101950.0,101950.0,101950.0,0.02943485086342229,active_bull_internal_ob,internal,1.0,147.0,101760.0,101880.0,101820.0,0.03924646781789639,102080.0,102100.0,101900.0,101920.0,311.0,144054.0,0,0,0,0,0,0,,102310.0,8.0,above,0.3826530612244898,102330.0,False,,101950.0,12.0,above,0.02943485086342229,101900.0,True,5.0,102770.0,18.0,above,0.8339874411302983,103620.0,False,,101840.0,47.0,below,0.07849293563579278,101510.0,False,,-1,-1,-9.649293661279543e-05,-98,DOWN_CONFIRMED,-0.005261839151651021,-0.007021268526660303,0.002778879404853135,0.7366800243604817,-9.649293661279543e-05,-0.009456307788053953,-0.0005831910372814386,-0.0009425207102408129,-0.0018025357744684278,102459.12342709252,-0.5261839151651021,-0.15673981191222097,-1.0115106219902454,,344,-1,24898,24995,2026-02-11 23:35:00,2026-02-12 23:55:00,102030.0,101920.0,98,-0.10781142801137289,-0.001100116612360948,343.0,1.0,24848.0,24897.0,2026-02-11 11:25:00,2026-02-11 23:30:00,102090.0,102240.0,50.0,0.1469291801351691,0.002938583602703382,76770.0,,783.3673469387755,,92517.0,0.0,1850.34,0.0,0.42336400171794136,,0.829793443367165,,8.16326530612245,61.224489795918366,30.612244897959183,True,True,,,,,0,0,2026-02-12 23:45:00,102060.0,2026-02-12 23:55:00,101920.0,10,10,0.39578024886835106,137.18121837494203,
CU:1h:1:1:2400:2411:8,CU,15m,8331,2026-02-13 00:00:00,0.0,1,-1,CHoCH,1,102550.0,42.0,CHoCH,-1,102160.0,32.0,46,5,18,2,current_internal_high,internal,0.0,2.0,102330.0,102330.0,102330.0,0.40227629513343804,current_internal_low,internal,0.0,4.0,101910.0,101910.0,101910.0,0.009811616954474097,101920.0,102190.0,101900.0,101920.0,1454.0,144054.0,0,0,0,0,0,0,,102330.0,2.0,above,0.40227629513343804,102770.0,False,,101910.0,4.0,below,0.009811616954474097,101840.0,False,,102550.0,69.0,above,0.6181318681318682,105800.0,True,42.0,101280.0,53.0,below,0.6279434850863422,97920.0,False,,1,1,0.0003776195525673227,126,UP_CONFIRMED,-0.01257138631739073,0.009799602151777147,0.01561459154199425,0.07597213195968705,0.0003776195525673227,0.04758006362348266,-0.0004507498234453955,-0.0009017046652891603,-0.0020599151573068575,103217.58817570614,-1.2571386317390731,-0.01961938395134144,-0.7216191146180632,,109,1,8206,8331,2026-02-06 23:30:00,2026-02-12 23:45:00,101400.0,101920.0,126,0.512820512820511,0.004070004070004056,108.0,-1.0,8149.0,8205.0,2026-02-05 00:45:00,2026-02-06 23:15:00,102590.0,101560.0,57.0,-1.00399649088605,-0.017613973524316665,430945.0,,3420.1984126984125,,493251.0,0.0,8653.526315789473,0.0,0.3952375352990861,,0.8736829727664008,,33.33333333333333,36.507936507936506,30.158730158730158,True,True,,,2026-02-11 21:00:00,103180.0,0,1,2026-02-12 09:45:00,102710.0,2026-02-12 10:00:00,102580.0,7,8,1.593390354032134,261.4593793058733,
CU:1h:1:1:2400:2411:8,CU,1h,2422,2026-02-13 00:00:00,0.0,-1,-1,CHoCH,-1,99210.0,76.0,CHoCH,-1,101940.0,0.0,27,2,8,1,current_internal_low,internal,0.0,3.0,101940.0,101940.0,101940.0,0.019623233908948195,current_swing_low,swing,0.0,103.0,99210.0,99210.0,99210.0,2.6589481946624804,102050.0,102190.0,101810.0,101920.0,5472.0,144054.0,1,1,1,0,1,0,active_bull_internal_ob,102770.0,1.0,above,0.8339874411302983,103620.0,False,,101940.0,3.0,above,0.019623233908948195,101400.0,True,0.0,114140.0,41.0,above,11.989795918367346,105650.0,False,,99210.0,103.0,below,2.6589481946624804,98780.0,True,76.0,-1,-1,-0.0013893487910490194,-80,DOWN_CONFIRMED,0.02686841278891809,-0.011493841172217726,0.05126421033962868,0.7728677125414561,-0.0013893487910490194,-0.11114790328392155,0.0013628526476139324,0.0028088285423775172,0.007207193677777779,99253.22342245477,2.686841278891809,-0.1273885350318471,-0.6817209007040507,,30,-1,2343,2422,2026-02-02 09:00:00,2026-02-12 23:00:00,101340.0,101920.0,80,0.5723307677126588,0.007154134596408235,29.0,1.0,2294.0,2342.0,2026-01-23 21:00:00,2026-01-31 00:00:00,102690.0,103190.0,49.0,0.4869023273931239,0.009936782191696405,1906496.0,,23831.2,,2191495.0,0.0,44724.38775510204,0.0,0.5328457514162707,,0.8699522472102378,,17.5,53.75,28.749999999999996,True,False,2026-02-06 09:00:00,99420.0,,,1,0,2026-02-12 09:00:00,102710.0,2026-02-12 21:00:00,102220.0,5,5,4.460146053135107,542.9164191510408,4.0
CU:1h:1:1:2400:2411:8,CU,4h,1074,2026-02-13 00:00:00,0.0,1,-1,BOS,1,89270.0,204.0,CHoCH,-1,100700.0,34.0,17,1,3,0,current_internal_high,internal,0.0,6.0,102500.0,102500.0,102500.0,0.5690737833594977,current_internal_low,internal,0.0,4.0,101400.0,101400.0,101400.0,0.5102040816326531,102030.0,102350.0,101810.0,101920.0,25177.0,144054.0,0,0,0,0,0,0,,102500.0,6.0,above,0.5690737833594977,102550.0,False,,101400.0,4.0,below,0.5102040816326531,101280.0,False,,89270.0,244.0,below,12.411695447409734,80130.0,True,204.0,84950.0,228.0,below,16.65031397174254,77950.0,False,,0,0,-0.0005776177377560989,-34,NONE,-0.08235116862342994,-0.08962605085043257,0.013495927746350481,0.7050713271217927,-0.0005776177377560989,-0.019639003083707363,-0.0023347237925580577,-0.004195877731357545,-0.010013415835114947,111066.45212756305,-8.235116862342993,-0.400664516759508,-0.29250548090283734,,10,-1,1041,1074,2026-02-02 13:30:00,2026-02-12 21:00:00,98580.0,101920.0,34,3.3881111787380735,0.09965032878641393,9.0,1.0,582.0,1040.0,2025-08-12 21:00:00,2026-02-02 09:00:00,79460.0,100110.0,459.0,25.987918449534362,0.05661855871358249,1736015.0,,51059.26470588235,,19025759.0,0.0,41450.45533769063,0.0,1.2318143260408165,,0.09124550563265307,,0.0,88.23529411764706,11.76470588235294,True,True,,,,,0,0,2026-02-12 09:00:00,102400.0,2026-02-12 21:00:00,101920.0,3,3,0.15058041293007995,1037.6270515986398,
CU:1h:1:-1:2416:2422:1,CU,5m,25150,2026-02-25 09:25:00,0.0,1,1,CHoCH,1,102260.0,1.0,BOS,1,101970.0,3.0,75,10,35,3,active_bear_internal_ob,internal,-1.0,196.0,102360.0,102520.0,102440.0,0.02931691586045148,current_swing_high,swing,0.0,28.0,102260.0,102260.0,102260.0,0.06840613700772012,102280.0,102410.0,102220.0,102330.0,2256.0,121930.0,0,0,0,0,0,0,,101970.0,9.0,below,0.3518029903254178,101850.0,True,3.0,101690.0,5.0,below,0.6254275383562983,101700.0,False,,102260.0,28.0,below,0.06840613700772012,102770.0,True,1.0,99400.0,99.0,below,2.863285449037428,101840.0,False,,1,1,0.00016047897476564028,98,UP_CONFIRMED,0.006526705029662321,0.006864670014935442,0.0043081975639523915,0.4687362615001278,0.00016047897476564028,0.015726939527032746,0.0022906940424487487,0.002440799394852533,0.0026961535293652528,101666.45304953368,0.6526705029662321,0.05866823115283637,2.4324340041676287,,345,1,25053,25150,2026-02-24 09:00:00,2026-02-25 09:20:00,101570.0,102330.0,98,0.7482524367431242,0.007635228946358411,344.0,-1.0,24898.0,25052.0,2026-02-11 23:35:00,2026-02-13 14:55:00,102030.0,100380.0,155.0,-1.6171714201705378,-0.010433364001100244,108583.0,,1107.9897959183672,,180380.0,0.0,1163.741935483871,0.0,0.9520923515209387,,0.6019680674132387,,48.97959183673469,36.734693877551024,14.285714285714285,False,False,2026-02-24 22:20:00,101420.0,2026-02-24 21:55:00,101320.0,2,2,2026-02-25 00:35:00,101770.0,2026-02-25 00:30:00,101720.0,9,8,0.6275898993803138,134.5186011532982,
CU:1h:1:-1:2416:2422:1,CU,15m,8382,2026-02-25 09:15:00,10.0,-1,1,CHoCH,-1,101280.0,49.0,CHoCH,1,100970.0,31.0,41,6,17,3,active_bear_internal_ob,internal,-1.0,83.0,102810.0,103420.0,103115.0,0.4690706537672237,current_internal_high,internal,0.0,20.0,102260.0,102260.0,102260.0,0.06840613700772012,101980.0,102070.0,101800.0,102010.0,4358.0,122313.0,1,1,0,1,1,0,active_bear_internal_ob,102260.0,20.0,below,0.06840613700772012,100970.0,False,,101200.0,7.0,below,1.104270497410339,100000.0,False,,103620.0,43.0,above,1.2606273819994136,102550.0,False,,101280.0,104.0,below,1.026092055115802,97920.0,True,49.0,-1,-1,-0.0005382201118105509,-51,DOWN_CONFIRMED,0.016629722643021448,0.013553551101435884,0.006446414724454881,0.6833869653526161,-0.0005382201118105509,-0.027449225702338098,0.0006427042883450085,0.000976941821578814,0.0032966285470446,100341.35116057364,1.6629722643021447,0.14726094639700982,1.1284206314614484,,110,-1,8332,8382,2026-02-13 00:00:00,2026-02-25 09:00:00,101390.0,102010.0,51,0.6115001479435778,0.011990198979285839,109.0,1.0,8206.0,8331.0,2026-02-06 23:30:00,2026-02-12 23:45:00,101400.0,101920.0,126.0,0.512820512820511,0.004070004070004056,208121.0,,4080.8039215686276,,430945.0,0.0,3420.1984126984125,0.0,1.193148299940009,,0.4829409785471464,,33.33333333333333,62.745098039215684,3.9215686274509802,False,False,2026-02-13 00:15:00,99650.0,,,1,0,2026-02-24 22:30:00,101710.0,2026-02-24 21:30:00,101470.0,6,5,0.47562551512953216,263.2696210132407,
CU:1h:1:-1:2416:2422:1,CU,1h,2437,2026-02-25 01:00:00,505.0,-1,-1,CHoCH,-1,99210.0,91.0,CHoCH,-1,101940.0,15.0,26,2,8,1,active_bear_internal_ob,internal,-1.0,94.0,112040.0,114140.0,113090.0,9.488908433499462,current_internal_high,internal,0.0,2.0,102260.0,102260.0,102260.0,0.06840613700772012,101820.0,101970.0,101690.0,101860.0,1819.0,122925.0,1,1,0,1,1,0,active_bear_internal_ob,102260.0,2.0,below,0.06840613700772012,102770.0,False,,99740.0,8.0,below,2.5310270692856447,101940.0,False,,114140.0,56.0,above,11.541092543731066,105650.0,False,,97920.0,8.0,below,4.309586631486368,99210.0,False,,-1,-1,-0.0011307215988030353,-95,DOWN_CONFIRMED,0.021975999859587203,-0.006885112045372603,0.04829162687194323,0.724960634664302,-0.0011307215988030353,-0.10741855188628835,0.0012020043034559613,0.003012044495803279,0.005564264747395686,99669.65957517094,2.1975999859587203,0.03928501276762031,-1.1880979722205913,,30,-1,2343,2437,2026-02-02 09:00:00,2026-02-25 00:00:00,101340.0,101860.0,95,0.5131241365699646,0.0054013067007364695,29.0,1.0,2294.0,2342.0,2026-01-23 21:00:00,2026-01-31 00:00:00,102690.0,103190.0,49.0,0.4869023273931239,0.009936782191696405,2110259.0,,22213.252631578947,,2191495.0,0.0,44724.38775510204,0.0,0.49666979799058103,,0.9629312410021469,,23.157894736842106,46.31578947368421,30.526315789473685,False,False,2026-02-06 09:00:00,99420.0,,,1,0,2026-02-24 09:00:00,101440.0,2026-02-12 21:00:00,102220.0,6,5,7.013920260658565,646.4306721407783,4.0
CU:1h:1:-1:2416:2422:1,CU,4h,1081,2026-02-25 01:00:00,505.0,1,-1,BOS,1,89270.0,211.0,BOS,-1,101400.0,6.0,17,2,3,0,current_internal_high,internal,0.0,6.0,103620.0,103620.0,103620.0,1.2606273819994136,current_internal_low,internal,0.0,1.0,99400.0,99400.0,99400.0,2.863285449037428,101820.0,101970.0,101690.0,101860.0,1819.0,122925.0,1,1,0,1,1,0,active_bear_internal_ob,103620.0,6.0,above,1.2606273819994136,102500.0,False,,99400.0,1.0,below,2.863285449037428,101400.0,False,,89270.0,251.0,below,12.762630704583211,80130.0,True,211.0,84950.0,235.0,below,16.984266588488225,77950.0,False,,0,0,-0.0005858397220113382,-41,NONE,-0.07877519113325136,-0.08898292295476071,0.012785432879049671,0.7876772185908926,-0.0005858397220113382,-0.024019428602464865,-0.0029099738913449524,-0.005688068663473489,-0.009756291024779262,110570.18766711658,-7.877519113325136,0.03928501276762031,-1.5897843914037417,,10,-1,1041,1081,2026-02-02 13:30:00,2026-02-25 00:00:00,98580.0,101860.0,41,3.327246906066139,0.08115236356258876,9.0,1.0,582.0,1040.0,2025-08-12 21:00:00,2026-02-02 09:00:00,79460.0,100110.0,459.0,25.987918449534362,0.05661855871358249,1939778.0,,47311.65853658537,,19025759.0,0.0,41450.45533769063,0.0,1.1414026251616392,,0.1019553543172706,,0.0,82.92682926829268,17.073170731707318,True,True,,,,,0,0,2026-02-24 21:00:00,101820.0,2026-02-24 13:30:00,101510.0,5,4,0.1436841188679522,1096.5181356356122,
CU:1h:1:-1:2416:2422:2,CU,5m,25159,2026-02-25 10:10:00,0.0,1,1,CHoCH,1,102260.0,10.0,BOS,1,101970.0,12.0,75,10,35,3,active_bear_internal_ob,internal,-1.0,205.0,102360.0,102520.0,102440.0,0.0880023467292461,current_swing_high,swing,0.0,37.0,102260.0,102260.0,102260.0,0.00977803852547179,102100.0,102350.0,102090.0,102270.0,1601.0,118220.0,0,0,0,0,0,0,,102410.0,4.0,above,0.13689253935660506,101970.0,False,,101690.0,14.0,below,0.5671262344773639,101700.0,False,,102260.0,37.0,below,0.00977803852547179,102770.0,True,10.0,99400.0,108.0,below,2.8062970568104038,101840.0,False,,1,1,0.00016589282842784792,107,UP_CONFIRMED,0.003936436499193921,0.006602467972956039,0.004230557604383546,0.2642869670275104,0.00016589282842784792,0.017750532641779726,0.000795933980749064,0.002690141329747542,0.004464257743306943,101868.99915359543,0.3936436499193921,0.18612852664576796,0.6994654360436906,,345,1,25053,25159,2026-02-24 09:00:00,2026-02-25 10:05:00,101570.0,102270.0,107,0.689179875947632,0.006440933420071327,344.0,-1.0,24898.0,25052.0,2026-02-11 23:35:00,2026-02-13 14:55:00,102030.0,100380.0,155.0,-1.6171714201705378,-0.010433364001100244,121304.0,,1133.6822429906542,,180380.0,0.0,1163.741935483871,0.0,0.9741697952298004,,0.6724914070296042,,50.467289719626166,36.44859813084112,13.084112149532709,True,False,2026-02-24 22:20:00,101420.0,2026-02-24 21:55:00,101320.0,2,2,2026-02-25 10:05:00,102270.0,2026-02-25 09:55:00,101950.0,10,9,0.6407539758938735,148.4976973375304,
CU:1h:1:-1:2416:2422:2,CU,15m,8385,2026-02-25 10:00:00,10.0,-1,1,CHoCH,-1,101280.0,52.0,BOS,1,102260.0,2.0,42,5,17,3,active_bear_internal_ob,internal,-1.0,86.0,102810.0,103420.0,103115.0,0.5280140803754767,current_internal_high,internal,0.0,23.0,102260.0,102260.0,102260.0,0.00977803852547179,102190.0,102210.0,101950.0,101950.0,3570.0,119039.0,0,0,0,0,0,0,,102260.0,23.0,below,0.00977803852547179,100970.0,True,2.0,101200.0,10.0,below,1.0462501222254816,100000.0,False,,103620.0,46.0,above,1.3200352009386918,102550.0,False,,99400.0,2.0,below,2.8062970568104038,101280.0,False,,0,0,0.00026747364904644577,3,NONE,0.014485803758447505,0.016973227976288374,0.0019279075103000361,0.09848719689665741,0.00026747364904644577,0.0008024209471393373,,,,100494.25987263459,1.4485803758447504,-0.23485663959291747,0.596993593553864,,111,1,8383,8385,2026-02-25 09:15:00,2026-02-25 09:45:00,102340.0,101950.0,3,-0.3810826656243882,-0.1270275552081294,110.0,-1.0,8332.0,8382.0,2026-02-13 00:00:00,2026-02-25 09:00:00,101390.0,102010.0,51.0,0.6115001479435778,0.011990198979285839,13133.0,,4377.666666666667,,208121.0,0.0,4080.8039215686276,0.0,1.0727461428688119,,0.0631027142864007,,100.0,0.0,0.0,False,False,,,,,0,0,,,,,0,0,0.11358520094075954,269.86638387977035,
CU:1h:1:-1:2416:2422:2,CU,1h,2438,2026-02-25 10:00:00,10.0,-1,-1,CHoCH,-1,99210.0,92.0,CHoCH,-1,101940.0,16.0,26,2,8,1,active_bear_internal_ob,internal,-1.0,16.0,102330.0,102770.0,102550.0,0.05866823115283074,current_internal_high,internal,0.0,3.0,102260.0,102260.0,102260.0,0.00977803852547179,101980.0,102410.0,101800.0,101950.0,17491.0,119039.0,0,0,0,0,0,0,,102260.0,3.0,below,0.00977803852547179,102770.0,False,,99740.0,9.0,below,2.473843746944363,101940.0,False,,114140.0,57.0,above,11.606531729735014,105650.0,False,,97920.0,9.0,below,4.253446758580229,99210.0,False,,-1,-1,-0.0011130105657639496,-96,DOWN_CONFIRMED,0.022226721264182007,-0.006581863781731409,0.048130290530620366,0.7252648799485545,-0.0011130105657639496,-0.10684901431333915,0.0014770012403855226,0.0034202647606424996,0.006038465794226289,99733.25670250432,2.2226721264182006,0.08835656783821033,0.5390035797858934,,30,-1,2343,2438,2026-02-02 09:00:00,2026-02-25 09:00:00,101340.0,101950.0,96,0.6019340832839948,0.006270146700874946,29.0,1.0,2294.0,2342.0,2026-01-23 21:00:00,2026-01-31 00:00:00,102690.0,103190.0,49.0,0.4869023273931239,0.009936782191696405,2127750.0,,22164.0625,,2191495.0,0.0,44724.38775510204,0.0,0.49556994768411516,,0.9709125505647971,,23.958333333333336,45.83333333333333,30.208333333333332,False,False,2026-02-06 09:00:00,99420.0,,,1,0,2026-02-24 09:00:00,101440.0,2026-02-12 21:00:00,102220.0,6,5,7.312562539536382,643.8284812735798,4.0
CU:1h:1:-1:2416:2422:2,CU,4h,1081,2026-02-25 01:00:00,550.0,1,-1,BOS,1,89270.0,211.0,BOS,-1,101400.0,6.0,17,2,3,0,current_internal_high,internal,0.0,6.0,103620.0,103620.0,103620.0,1.3200352009386918,current_internal_low,internal,0.0,1.0,99400.0,99400.0,99400.0,2.8062970568104038,101820.0,101970.0,101690.0,101860.0,1819.0,122925.0,1,1,0,1,1,0,active_bear_internal_ob,103620.0,6.0,above,1.3200352009386918,102500.0,False,,99400.0,1.0,below,2.8062970568104038,101400.0,False,,89270.0,251.0,below,12.711450083113327,80130.0,True,211.0,84950.0,235.0,below,16.93556272611714,77950.0,False,,0,0,-0.0005858397220113382,-41,NONE,-0.07877519113325136,-0.08898292295476071,0.012785432879049671,0.7876772185908926,-0.0005858397220113382,-0.024019428602464865,-0.0029099738913449524,-0.005688068663473489,-0.009756291024779262,110570.18766711658,-7.877519113325136,0.03928501276762031,-1.5897843914037417,,10,-1,1041,1081,2026-02-02 13:30:00,2026-02-25 00:00:00,98580.0,101860.0,41,3.327246906066139,0.08115236356258876,9.0,1.0,582.0,1040.0,2025-08-12 21:00:00,2026-02-02 09:00:00,79460.0,100110.0,459.0,25.987918449534362,0.05661855871358249,1939778.0,,47311.65853658537,,19025759.0,0.0,41450.45533769063,0.0,1.1414026251616392,,0.1019553543172706,,0.0,82.92682926829268,17.073170731707318,True,True,,,,,0,0,2026-02-24 21:00:00,101820.0,2026-02-24 13:30:00,101510.0,5,4,0.1436841188679522,1096.5181356356122,
CU:1h:1:-1:2416:2422:3,CU,5m,25161,2026-02-25 10:35:00,0.0,1,1,CHoCH,1,102260.0,12.0,BOS,1,101970.0,14.0,75,10,35,3,active_bear_internal_ob,internal,-1.0,207.0,102360.0,102520.0,102440.0,0.05865102639296188,current_swing_high,swing,0.0,39.0,102260.0,102260.0,102260.0,0.039100684261974585,102320.0,102400.0,102300.0,102300.0,2348.0,117455.0,0,0,0,0,0,0,,102410.0,6.0,above,0.10752688172043011,101970.0,False,,101690.0,16.0,below,0.5962854349951124,101700.0,False,,102260.0,39.0,below,0.039100684261974585,102770.0,True,12.0,99400.0,110.0,below,2.834799608993157,101840.0,False,,1,1,0.0001675812282515443,109,UP_CONFIRMED,0.00372222103275616,0.006554639045250864,0.004206302551317992,0.2503544478166647,0.0001675812282515443,0.01826635387941833,0.0009869069074961434,0.0020085531877347407,0.00493473182700277,101920.62889146844,0.372222103275616,-0.01954652071931573,1.5943928548339679,,345,1,25053,25161,2026-02-24 09:00:00,2026-02-25 10:30:00,101570.0,102300.0,109,0.7187161563453781,0.0065937262050034685,344.0,-1.0,24898.0,25052.0,2026-02-11 23:35:00,2026-02-13 14:55:00,102030.0,100380.0,155.0,-1.6171714201705378,-0.010433364001100244,124707.0,,1144.1009174311926,,180380.0,0.0,1163.741935483871,0.0,0.9831225313329351,,0.6913571349373545,,49.54128440366973,37.61467889908257,12.844036697247708,False,False,2026-02-24 22:20:00,101420.0,2026-02-24 21:55:00,101320.0,2,2,2026-02-25 10:05:00,102270.0,2026-02-25 09:55:00,101950.0,10,9,0.6417290902335272,139.82709617368695,
CU:1h:1:-1:2416:2422:3,CU,15m,8386,2026-02-25 10:15:00,20.0,-1,1,CHoCH,-1,101280.0,53.0,BOS,1,102260.0,3.0,42,5,17,3,active_bear_internal_ob,internal,-1.0,87.0,102810.0,103420.0,103115.0,0.498533724340176,current_internal_high,internal,0.0,24.0,102260.0,102260.0,102260.0,0.039100684261974585,101940.0,102350.0,101940.0,102320.0,4715.0,117884.0,0,0,0,0,0,0,,102260.0,24.0,below,0.039100684261974585,100970.0,True,3.0,101200.0,11.0,below,1.0752688172043012,100000.0,False,,103620.0,47.0,above,1.2903225806451613,102550.0,False,,99400.0,3.0,below,2.834799608993157,101280.0,False,,0,0,0.000333193232760709,4,NONE,0.017628337599556062,0.017137005382105296,0.001693543516468303,0.6141380921287483,0.000333193232760709,0.001332772931042836,,,,100547.5144701244,1.762833759955606,0.36292300147131584,1.5260276219995548,,111,1,8383,8386,2026-02-25 09:15:00,2026-02-25 10:00:00,102340.0,102320.0,4,-0.019542700801256085,-0.004885675200314021,110.0,-1.0,8332.0,8382.0,2026-02-13 00:00:00,2026-02-25 09:00:00,101390.0,102010.0,51.0,0.6115001479435778,0.011990198979285839,17848.0,,4462.0,,208121.0,0.0,4080.8039215686276,0.0,1.093412005516022,,0.0857578043541978,,100.0,0.0,0.0,False,False,,,,,0,0,,,,,0,0,0.09882377222316363,279.8759278883582,
CU:1h:1:-1:2416:2422:3,CU,1h,2438,2026-02-25 10:00:00,35.0,-1,-1,CHoCH,-1,99210.0,92.0,CHoCH,-1,101940.0,16.0,26,2,8,1,active_bear_internal_ob,internal,-1.0,16.0,102330.0,102770.0,102550.0,0.02932551319648094,current_internal_high,internal,0.0,3.0,102260.0,102260.0,102260.0,0.039100684261974585,101980.0,102410.0,101800.0,101950.0,17491.0,119039.0,0,0,0,0,0,0,,102260.0,3.0,below,0.039100684261974585,102770.0,False,,99740.0,9.0,below,2.5024437927663734,101940.0,False,,114140.0,57.0,above,11.573802541544477,105650.0,False,,97920.0,9.0,below,4.281524926686217,99210.0,False,,-1,-1,-0.0011130105657639496,-96,DOWN_CONFIRMED,0.022226721264182007,-0.006581863781731409,0.048130290530620366,0.7252648799485545,-0.0011130105657639496,-0.10684901431333915,0.0014770012403855226,0.0034202647606424996,0.006038465794226289,99733.25670250432,2.2226721264182006,0.08835656783821033,0.5390035797858934,,30,-1,2343,2438,2026-02-02 09:00:00,2026-02-25 09:00:00,101340.0,101950.0,96,0.6019340832839948,0.006270146700874946,29.0,1.0,2294.0,2342.0,2026-01-23 21:00:00,2026-01-31 00:00:00,102690.0,103190.0,49.0,0.4869023273931239,0.009936782191696405,2127750.0,,22164.0625,,2191495.0,0.0,44724.38775510204,0.0,0.49556994768411516,,0.9709125505647971,,23.958333333333336,45.83333333333333,30.208333333333332,False,False,2026-02-06 09:00:00,99420.0,,,1,0,2026-02-24 09:00:00,101440.0,2026-02-12 21:00:00,102220.0,6,5,7.312562539536382,643.8284812735798,4.0
CU:1h:1:-1:2416:2422:3,CU,4h,1081,2026-02-25 01:00:00,575.0,1,-1,BOS,1,89270.0,211.0,BOS,-1,101400.0,6.0,17,2,3,0,current_internal_high,internal,0.0,6.0,103620.0,103620.0,103620.0,1.2903225806451613,current_internal_low,internal,0.0,1.0,99400.0,99400.0,99400.0,2.834799608993157,101820.0,101970.0,101690.0,101860.0,1819.0,122925.0,1,1,0,1,1,0,active_bear_internal_ob,103620.0,6.0,above,1.2903225806451613,102500.0,False,,99400.0,1.0,below,2.834799608993157,101400.0,False,,89270.0,251.0,below,12.737047898338222,80130.0,True,211.0,84950.0,235.0,below,16.959921798631473,77950.0,False,,0,0,-0.0005858397220113382,-41,NONE,-0.07877519113325136,-0.08898292295476071,0.012785432879049671,0.7876772185908926,-0.0005858397220113382,-0.024019428602464865,-0.0029099738913449524,-0.005688068663473489,-0.009756291024779262,110570.18766711658,-7.877519113325136,0.03928501276762031,-1.5897843914037417,,10,-1,1041,1081,2026-02-02 13:30:00,2026-02-25 00:00:00,98580.0,101860.0,41,3.327246906066139,0.08115236356258876,9.0,1.0,582.0,1040.0,2025-08-12 21:00:00,2026-02-02 09:00:00,79460.0,100110.0,459.0,25.987918449534362,0.05661855871358249,1939778.0,,47311.65853658537,,19025759.0,0.0,41450.45533769063,0.0,1.1414026251616392,,0.1019553543172706,,0.0,82.92682926829268,17.073170731707318,True,True,,,,,0,0,2026-02-24 21:00:00,101820.0,2026-02-24 13:30:00,101510.0,5,4,0.1436841188679522,1096.5181356356122,
CU:1h:1:1:2435:2439:1,CU,5m,25256,2026-02-26 10:45:00,0.0,1,-1,CHoCH,1,102260.0,107.0,CHoCH,-1,102710.0,7.0,75,8,35,2,current_internal_low,internal,0.0,10.0,102710.0,102710.0,102710.0,0.5482134116495351,active_bull_internal_ob,internal,1.0,122.0,101670.0,101850.0,101760.0,0.2936857562408223,102210.0,102220.0,101920.0,102150.0,3593.0,179904.0,0,0,0,0,0,0,,103010.0,8.0,above,0.8418991678903573,103080.0,False,,102710.0,10.0,above,0.5482134116495351,102660.0,True,7.0,103250.0,15.0,above,1.076847772883015,102260.0,False,,101200.0,94.0,below,0.9300048947626041,99400.0,False,,0,0,-0.00032507770282064197,-3,NONE,-0.0074001558409640105,-0.007019203951723871,0.00042466385286149533,0.18484160787954151,-0.00032507770282064197,-0.0009752331084619259,,,,102911.56159362983,-0.740015584096401,-0.06847974955976888,1.834981012937414,,346,-1,25254,25256,2026-02-26 10:30:00,2026-02-26 10:40:00,102350.0,102150.0,3,-0.19540791402051783,-0.06513597134017261,345.0,1.0,25053.0,25253.0,2026-02-24 09:00:00,2026-02-26 10:10:00,101570.0,102580.0,201.0,0.9943881067244309,0.00494720451106682,11034.0,,3678.0,,225809.0,0.0,1123.4278606965174,0.0,3.2739084801757237,,0.04886430567426453,,0.0,0.0,100.0,True,True,,,,,0,0,,,,,0,0,0.06050028689609463,157.2237923200703,
CU:1h:1:1:2435:2439:1,CU,15m,8418,2026-02-26 10:45:00,0.0,-1,-1,CHoCH,-1,101280.0,85.0,CHoCH,-1,102520.0,0.0,42,6,17,3,current_internal_low,internal,0.0,10.0,102520.0,102520.0,102520.0,0.3622124326970142,active_bull_internal_ob,internal,1.0,35.0,101200.0,101400.0,101300.0,0.7342143906020557,102520.0,102520.0,101920.0,102150.0,11034.0,179904.0,0,0,0,0,0,0,,103110.0,0.0,above,0.9397944199706314,103250.0,False,,102520.0,10.0,above,0.3622124326970142,101200.0,True,0.0,103620.0,79.0,above,1.4390602055800295,102550.0,False,,99400.0,35.0,below,2.692119432207538,101280.0,False,,0,0,0.0007520533291179175,36,NONE,-0.009524446947405204,0.004057364191983206,0.010077762373426601,0.08887727381494903,0.0007520533291179175,0.02707391984824503,-0.0006444873063943257,-0.0007601133009998984,-0.0010344341587232853,103132.27790951422,-0.9524446947405204,-0.4191850263209229,3.369286212443299,,111,1,8383,8418,2026-02-25 09:15:00,2026-02-26 10:30:00,102340.0,102150.0,36,-0.18565565761188285,-0.005157101600330079,110.0,-1.0,8332.0,8382.0,2026-02-13 00:00:00,2026-02-25 09:00:00,101390.0,102010.0,51.0,0.6115001479435778,0.011990198979285839,132332.0,,3675.8888888888887,,208121.0,0.0,4080.8039215686276,0.0,0.9007756705634382,,0.6358416498094859,,91.66666666666666,5.555555555555555,2.7777777777777777,True,True,,,2026-02-25 21:00:00,102910.0,0,1,,,2026-02-26 09:45:00,102650.0,0,1,2.483820011360793,259.60376577691454,
CU:1h:1:1:2435:2439:1,CU,1h,2447,2026-02-26 10:00:00,45.0,-1,1,CHoCH,-1,99210.0,101.0,CHoCH,1,102260.0,8.0,27,1,8,1,current_internal_high,internal,0.0,12.0,102260.0,102260.0,102260.0,0.1076847772883015,active_bull_internal_ob,internal,1.0,8.0,101200.0,101950.0,101575.0,0.19579050416054822,103100.0,103110.0,102620.0,102650.0,17911.0,179276.0,0,0,0,0,0,0,,102260.0,12.0,above,0.1076847772883015,102770.0,True,8.0,101200.0,7.0,below,0.9300048947626041,99740.0,False,,114140.0,66.0,above,11.737640724424866,105650.0,False,,97920.0,18.0,below,4.140969162995595,99210.0,False,,-1,-1,-0.0009771155712146812,-105,DOWN_CONFIRMED,0.024368896031425544,-0.003726973738282675,0.046958201368723466,0.7251856373576886,-0.0009771155712146812,-0.10259713497754153,0.0030072708561079686,0.005401654850586413,0.008429969371150703,100208.04067527145,2.4368896031425544,-0.37849378881987805,0.7808489690046867,,30,-1,2343,2447,2026-02-02 09:00:00,2026-02-26 09:00:00,101340.0,102650.0,105,1.2926781132820198,0.012311220126495426,29.0,1.0,2294.0,2342.0,2026-01-23 21:00:00,2026-01-31 00:00:00,102690.0,103190.0,49.0,0.4869023273931239,0.009936782191696405,2232867.0,,21265.4,,2191495.0,0.0,44724.38775510204,0.0,0.47547660387087354,,1.0188784368661576,,30.476190476190478,41.904761904761905,27.61904761904762,False,False,2026-02-06 09:00:00,99420.0,,,1,0,2026-02-24 09:00:00,101440.0,2026-02-12 21:00:00,102220.0,6,5,12.599552523372754,553.951484596049,4.0
CU:1h:1:1:2435:2439:1,CU,4h,1085,2026-02-26 01:00:00,585.0,1,-1,BOS,1,89270.0,215.0,BOS,-1,101400.0,10.0,17,2,3,0,current_internal_high,internal,0.0,10.0,103620.0,103620.0,103620.0,1.4390602055800295,current_internal_low,internal,0.0,5.0,99400.0,99400.0,99400.0,2.692119432207538,102870.0,103080.0,102830.0,103040.0,4196.0,177054.0,1,1,0,1,1,0,active_bear_internal_ob,103620.0,10.0,above,1.4390602055800295,102500.0,False,,99400.0,5.0,below,2.692119432207538,101400.0,False,,114140.0,1.0,above,11.737640724424866,89270.0,False,,84950.0,239.0,below,16.837983357807147,77950.0,False,,0,0,-0.000580834710680716,-45,NONE,-0.06607637795390951,-0.08727927670284859,0.01339749853910075,0.9432438177163891,-0.000580834710680716,-0.026137561980632218,-0.002209697293555579,-0.005909586508628384,-0.01045137376154004,110330.2214095992,-6.607637795390951,0.16525712063770737,-1.4185302114252287,,10,-1,1041,1085,2026-02-02 13:30:00,2026-02-26 00:00:00,98580.0,103040.0,45,4.52424426861433,0.10053876152476289,9.0,1.0,582.0,1040.0,2025-08-12 21:00:00,2026-02-02 09:00:00,79460.0,100110.0,459.0,25.987918449534362,0.05661855871358249,2044475.0,,45432.77777777778,,19025759.0,0.0,41450.45533769063,0.0,1.0960742748817538,,0.10745826224330919,,0.0,84.44444444444444,15.555555555555555,False,True,,,,,0,0,2026-02-24 21:00:00,101820.0,2026-02-24 13:30:00,101510.0,5,4,0.1535014844900002,965.1050206135133,
CU:1h:1:1:2435:2439:2,CU,5m,25313,2026-02-26 23:30:00,0.0,-1,-1,CHoCH,-1,101920.0,0.0,BOS,-1,102010.0,0.0,75,10,35,3,current_swing_low,swing,0.0,7.0,101920.0,101920.0,101920.0,0.03926187671770711,active_bull_internal_ob,internal,1.0,179.0,101670.0,101850.0,101760.0,0.029446407538280327,102040.0,102080.0,101780.0,101880.0,4057.0,185710.0,0,0,0,0,0,0,,102580.0,18.0,above,0.6870828425598744,102780.0,False,,102010.0,23.0,above,0.1276010993325481,102360.0,True,0.0,103250.0,72.0,above,1.3447192775814683,102260.0,False,,101920.0,7.0,above,0.03926187671770711,101200.0,True,0.0,-1,-1,-0.0001985982603161925,-60,DOWN_CONFIRMED,0.0009378455262506792,-0.003047308937186755,0.001673376465656892,0.9913789722623179,-0.0001985982603161925,-0.01191589561897155,-0.006900837652501379,-0.007217107017298274,-0.007865209693229125,101784.54182281,0.09378455262506792,-0.1568012544100328,3.7360973964161017,,346,-1,25254,25313,2026-02-26 10:30:00,2026-02-26 23:25:00,102350.0,101880.0,60,-0.459208597948213,-0.007653476632470217,345.0,1.0,25053.0,25253.0,2026-02-24 09:00:00,2026-02-26 10:10:00,101570.0,102580.0,201.0,0.9943881067244309,0.00494720451106682,80264.0,,1337.7333333333333,,225809.0,0.0,1123.4278606965174,0.0,1.1907603328476721,,0.3554508456261708,,16.666666666666664,36.666666666666664,46.666666666666664,True,True,2026-02-26 23:25:00,101880.0,,,1,0,2026-02-26 21:50:00,102420.0,2026-02-26 21:55:00,102380.0,3,3,0.5491325297663243,154.36593341631843,
CU:1h:1:1:2435:2439:2,CU,15m,8437,2026-02-26 23:30:00,0.0,-1,-1,CHoCH,-1,101280.0,104.0,BOS,-1,101920.0,0.0,42,7,17,3,current_internal_low,internal,0.0,14.0,101920.0,101920.0,101920.0,0.03926187671770711,active_bull_internal_ob,internal,1.0,54.0,101200.0,101400.0,101300.0,0.47114252061248524,102250.0,102270.0,101780.0,101880.0,6196.0,185710.0,0,0,0,0,0,0,,102780.0,5.0,above,0.88339222614841,103110.0,False,,101920.0,14.0,above,0.03926187671770711,102520.0,True,0.0,103620.0,98.0,above,1.707891637220259,102550.0,False,,99400.0,54.0,below,2.434236356497841,101280.0,False,,0,0,0.0,-1,UP_TO_DOWN,0.0009166306806188643,0.0009166306806188643,0.0,0.5,0.0,0.0,,,,101786.69918864476,0.09166306806188643,-0.36185819070904124,0.8637348537547999,,112,-1,8437,8437,2026-02-26 23:15:00,2026-02-26 23:15:00,101880.0,101880.0,1,0.0,0.0,111.0,1.0,8383.0,8436.0,2026-02-25 09:15:00,2026-02-26 23:00:00,102340.0,102250.0,54.0,-0.08794215360562463,-0.0016285584001041599,6196.0,,6196.0,,195366.0,0.0,3617.8888888888887,0.0,1.7126009643438471,,0.0317148326730342,,0.0,0.0,100.0,True,True,2026-02-26 23:15:00,101880.0,,,1,0,,,,,0,0,0.0,276.13345250564504,
CU:1h:1:1:2435:2439:2,CU,1h,2453,2026-02-26 23:00:00,30.0,-1,1,CHoCH,-1,99210.0,107.0,CHoCH,1,102260.0,14.0,27,1,8,1,current_internal_low,internal,0.0,0.0,101920.0,101920.0,101920.0,0.03926187671770711,current_swing_low,swing,0.0,24.0,97920.0,97920.0,97920.0,3.8869257950530036,102370.0,102380.0,102070.0,102200.0,11859.0,184971.0,1,1,1,0,1,0,active_bull_internal_ob,103250.0,5.0,above,1.3447192775814683,102260.0,False,,101920.0,0.0,above,0.03926187671770711,101200.0,False,,114140.0,72.0,above,12.033765213977228,105650.0,False,,97920.0,24.0,below,3.8869257950530036,99210.0,False,,-1,-1,-0.0009014775602203685,-111,DOWN_CONFIRMED,0.017007501064593016,-0.0024244343279502343,0.04599752825077051,0.6636539233935546,-0.0009014775602203685,-0.1000640091844609,0.002136197024541042,0.0046112665276873965,0.009084927222402506,100490.90089602888,1.7007501064593016,-0.17581558898221994,0.07709508627668511,,30,-1,2343,2453,2026-02-02 09:00:00,2026-02-26 22:00:00,101340.0,102200.0,111,0.8486283797118688,0.007645300718124944,29.0,1.0,2294.0,2342.0,2026-01-23 21:00:00,2026-01-31 00:00:00,102690.0,103190.0,49.0,0.4869023273931239,0.009936782191696405,2308270.0,,20795.225225225226,,2191495.0,0.0,44724.38775510204,0.0,0.464963888138479,,1.053285542517779,,33.33333333333333,40.54054054054054,26.126126126126124,True,False,2026-02-06 09:00:00,99420.0,,,1,0,2026-02-24 09:00:00,101440.0,2026-02-26 22:00:00,102200.0,6,6,18.972478536739597,527.9580138021215,4.0
CU:1h:1:1:2435:2439:2,CU,4h,1087,2026-02-26 15:00:00,510.0,1,-1,BOS,1,89270.0,217.0,BOS,-1,101400.0,12.0,17,2,3,0,current_internal_high,internal,0.0,12.0,103620.0,103620.0,103620.0,1.707891637220259,current_internal_low,internal,0.0,7.0,99400.0,99400.0,99400.0,2.434236356497841,102590.0,102780.0,102310.0,102670.0,18684.0,184694.0,1,1,0,1,1,0,active_bear_internal_ob,103620.0,12.0,above,1.707891637220259,102500.0,False,,99400.0,7.0,below,2.434236356497841,101400.0,False,,114140.0,3.0,above,12.033765213977228,89270.0,False,,84950.0,241.0,below,16.617589320769532,77950.0,False,,0,0,-0.0005839796368755114,-47,NONE,-0.06817699322902247,-0.08650943158296458,0.013610045567439376,0.9110064165449447,-0.0005839796368755114,-0.027447042933149035,-0.002690321826375741,-0.005626349048508672,-0.011241595872203414,110181.86850288203,-6.817699322902247,0.17562689042833757,-0.6184648423759056,,10,-1,1041,1087,2026-02-02 13:30:00,2026-02-26 13:30:00,98580.0,102670.0,47,4.148914587137353,0.08827477844973092,9.0,1.0,582.0,1040.0,2025-08-12 21:00:00,2026-02-02 09:00:00,79460.0,100110.0,459.0,25.987918449534362,0.05661855871358249,2104942.0,,44786.0,,19025759.0,0.0,41450.45533769063,0.0,1.0804706398309787,,0.11063642717223528,,0.0,85.1063829787234,14.893617021276595,False,True,,,,,0,0,2026-02-24 21:00:00,101820.0,2026-02-24 13:30:00,101510.0,5,4,0.15732441328535401,944.6568800187946,
CU:1h:1:1:2435:2439:3,CU,5m,25528,2026-03-03 09:55:00,0.0,-1,-1,CHoCH,-1,102360.0,13.0,CHoCH,-1,102270.0,1.0,76,8,36,3,current_internal_low,internal,0.0,8.0,102270.0,102270.0,102270.0,0.30404080031384856,active_bull_internal_ob,internal,1.0,394.0,101670.0,101850.0,101760.0,0.10788544527265594,102110.0,102170.0,101860.0,101960.0,6066.0,197519.0,2,2,2,0,1,1,active_bull_internal_ob|active_bull_swing_ob,102650.0,15.0,above,0.6767359748921146,102750.0,True,10.0,102270.0,8.0,above,0.30404080031384856,102460.0,True,1.0,104000.0,13.0,above,2.000784621420165,104520.0,False,,102360.0,39.0,above,0.3923107100823852,101920.0,True,13.0,0,0,-0.00015369669309629465,-40,NONE,-0.007099811015530578,-0.00542204671208615,0.0017366683519037896,0.16700153667101214,-0.00015369669309629465,-0.006147867723851785,-0.002052705236695429,-0.002579261606866834,-0.0038288922078849597,102689.0730117434,-0.7099811015530578,-0.14690040152776085,2.573799088506625,,350,-1,25489,25528,2026-03-02 22:35:00,2026-03-03 09:50:00,102510.0,101960.0,40,-0.5365330211686614,-0.013413325529216535,349.0,1.0,25463.0,25488.0,2026-03-02 14:25:00,2026-03-02 22:30:00,103870.0,102410.0,26.0,-1.4056031577934003,-0.05406165991513078,53958.0,,1348.95,,54949.0,0.0,2113.423076923077,0.0,0.6382773116890207,,0.9819650949061858,,0.0,25.0,75.0,True,True,,,,,0,0,2026-03-03 09:00:00,102700.0,2026-03-03 09:45:00,102110.0,1,1,0.32029756365481415,208.0816068516641,
CU:1h:1:1:2435:2439:3,CU,15m,8508,2026-03-03 09:45:00,10.0,1,-1,CHoCH,1,103250.0,52.0,CHoCH,-1,102360.0,3.0,44,5,18,2,active_bull_internal_ob,internal,1.0,54.0,102160.0,102430.0,102295.0,0.1961553550411926,current_swing_low,swing,0.0,21.0,101780.0,101780.0,101780.0,0.17653981953707334,102670.0,102790.0,102550.0,102550.0,3538.0,197854.0,2,2,2,0,1,1,active_bull_internal_ob|active_bull_swing_ob,104000.0,15.0,above,2.000784621420165,103820.0,False,,102250.0,1.0,above,0.2844252648097293,102360.0,False,,103250.0,61.0,above,1.2652020400156925,103620.0,True,52.0,101780.0,21.0,below,0.17653981953707334,99400.0,False,,0,0,-0.0001756571687841094,-7,NONE,-0.00977026679764776,-0.010697096909297285,0.0016605790647289936,0.7116244776772711,-0.0001756571687841094,-0.0012296001814887658,-0.0010889743849986644,,,103561.82667668295,-0.977026679764776,-0.11687932209992757,-0.33238477316274406,,114,-1,8502,8508,2026-03-03 00:00:00,2026-03-03 09:30:00,102620.0,102550.0,7,-0.06821282401091588,-0.009744689144416554,113.0,1.0,8456.0,8501.0,2026-02-27 14:15:00,2026-03-02 23:45:00,103580.0,102480.0,46.0,-1.0619810774280758,-0.02308654516147991,24099.0,,3442.714285714286,,283283.0,0.0,6158.326086956522,0.0,0.5590341006797341,,0.08507040662517694,,0.0,0.0,100.0,True,True,,,,,0,0,,,,,0,0,0.15523642337817062,302.99623114117156,
CU:1h:1:1:2435:2439:3,CU,1h,2473,2026-03-03 01:00:00,535.0,-1,-1,CHoCH,-1,99210.0,127.0,CHoCH,-1,102360.0,0.0,28,2,8,1,current_internal_low,internal,0.0,2.0,102360.0,102360.0,102360.0,0.3923107100823852,active_bull_internal_ob,internal,1.0,34.0,101200.0,101950.0,101575.0,0.009807767752059632,102480.0,102650.0,102250.0,102280.0,8602.0,198610.0,1,1,1,0,1,0,active_bull_internal_ob,104520.0,7.0,above,2.5107885445272657,103250.0,False,,102360.0,2.0,above,0.3923107100823852,101920.0,True,0.0,114140.0,92.0,above,11.94586112200863,105650.0,False,,97920.0,44.0,below,3.9623381718320907,99210.0,False,,0,0,0.002282110602519546,14,NONE,-0.01915599378997995,-0.00854696848096157,0.011073570245031559,0.16901897046990455,0.002282110602519546,0.031949548435273645,-0.0010378210160213452,-0.001964150000496101,,104277.53990689079,-1.9155993789979948,-0.1951600312256052,-0.777471666362904,,31,1,2460,2473,2026-02-27 14:00:00,2026-03-03 00:00:00,103920.0,102280.0,14,-1.5781370284834506,-0.11272407346310362,30.0,-1.0,2343.0,2459.0,2026-02-02 09:00:00,2026-02-27 13:30:00,101340.0,102890.0,117.0,1.5295046378527744,0.013072689212416874,296002.0,,21143.0,,2382025.0,0.0,20359.188034188035,0.0,1.0384991761211573,,0.12426485868116413,,35.714285714285715,64.28571428571429,0.0,True,True,,,2026-02-27 21:00:00,103830.0,0,1,2026-03-02 10:00:00,103140.0,2026-03-02 22:00:00,102510.0,1,2,1.2956137921530906,596.1033036125267,4.0
CU:1h:1:1:2435:2439:3,CU,4h,1097,2026-03-03 01:00:00,535.0,1,1,BOS,1,89270.0,227.0,CHoCH,1,103250.0,6.0,18,1,3,0,current_internal_high,internal,0.0,0.0,104520.0,104520.0,104520.0,2.5107885445272657,current_internal_low,internal,0.0,4.0,101780.0,101780.0,101780.0,0.17653981953707334,102480.0,102650.0,102250.0,102280.0,8602.0,198610.0,1,1,1,0,1,0,active_bull_internal_ob,104520.0,0.0,above,2.5107885445272657,103250.0,False,,101780.0,4.0,below,0.17653981953707334,99400.0,False,,114140.0,13.0,above,11.94586112200863,89270.0,False,,84950.0,251.0,below,16.683012946253434,77950.0,False,,-1,-1,-0.0006292596394866088,-57,DOWN_CONFIRMED,-0.06360894340279898,-0.08191569607445989,0.016071524389846395,0.8726651144535507,-0.0006292596394866088,-0.035867799450736704,-0.0038682423083242767,-0.008658404106840711,-0.0142360379516413,109227.8693601373,-6.360894340279898,-0.1951600312256052,-1.1586400891426785,,10,-1,1041,1097,2026-02-02 13:30:00,2026-03-03 00:00:00,98580.0,102280.0,57,3.7532968147697243,0.06584731253981972,9.0,1.0,582.0,1040.0,2025-08-12 21:00:00,2026-02-02 09:00:00,79460.0,100110.0,459.0,25.987918449534362,0.05661855871358249,2507546.0,,43992.0350877193,,19025759.0,0.0,41450.45533769063,0.0,1.0613160875875258,,0.13179742264158817,,8.771929824561402,78.94736842105263,12.280701754385964,True,True,,,,,0,0,2026-02-24 21:00:00,101820.0,2026-03-02 21:00:00,102480.0,5,5,0.19619590823274782,952.2668462263372,
CU:1h:1:1:2435:2439:4,CU,5m,25548,2026-03-03 13:50:00,0.0,-1,1,CHoCH,-1,102360.0,33.0,CHoCH,1,102790.0,5.0,76,7,36,3,current_swing_low,swing,0.0,59.0,102360.0,102360.0,102360.0,0.47114252061248524,active_bull_internal_ob,internal,1.0,414.0,101670.0,101850.0,101760.0,0.029446407538280327,102170.0,102190.0,101800.0,101880.0,3996.0,197622.0,2,2,2,0,1,1,active_bull_internal_ob|active_bull_swing_ob,102790.0,18.0,above,0.8932076953278366,102650.0,True,5.0,101810.0,12.0,below,0.06870828425598743,102270.0,False,,104000.0,33.0,above,2.0808794660384766,104520.0,False,,102360.0,59.0,above,0.47114252061248524,101920.0,True,33.0,0,0,0.0,-1,UP_BROKEN,-0.007755953955165309,-0.007755953955165309,0.0,0.5,0.0,0.0,,,,102676.35306666938,-0.7755953955165309,-0.29359953024075125,2.412237453750086,,352,-1,25548,25548,2026-03-03 13:45:00,2026-03-03 13:45:00,101880.0,101880.0,1,0.0,0.0,351.0,1.0,25543.0,25547.0,2026-03-03 11:20:00,2026-03-03 13:40:00,102810.0,102180.0,5.0,-0.6127808578932026,-0.12255617157864052,3996.0,,3996.0,,9919.0,0.0,1983.8,0.0,2.0143159592700877,,0.40286319185401753,,0.0,0.0,100.0,True,True,,,,,0,0,,,,,0,0,0.0,219.23363294031964,
CU:1h:1:1:2435:2439:4,CU,15m,8515,2026-03-03 13:45:00,5.0,1,-1,CHoCH,1,103250.0,59.0,BOS,-1,102250.0,6.0,43,5,18,2,current_internal_high,internal,0.0,2.0,102790.0,102790.0,102790.0,0.8932076953278366,current_internal_low,internal,0.0,0.0,101810.0,101810.0,101810.0,0.06870828425598743,102700.0,102700.0,102030.0,102180.0,7250.0,197426.0,2,2,2,0,1,1,active_bull_internal_ob|active_bull_swing_ob,102790.0,2.0,above,0.8932076953278366,104000.0,False,,101810.0,0.0,below,0.06870828425598743,102250.0,False,,104520.0,5.0,above,2.5912838633686692,103250.0,False,,101780.0,28.0,below,0.09815469179426776,99400.0,False,,0,0,-0.0002938608071960986,-14,NONE,-0.01048529114930329,-0.010004729135599758,0.0023665546752035574,0.4195425120683741,-0.0002938608071960986,-0.0041140513007453805,-0.0011711050682112756,-0.0037497255257569195,,103262.7398926492,-1.0485291149303289,-0.5740974992702097,0.8147598729422558,,114,-1,8502,8515,2026-03-03 00:00:00,2026-03-03 13:30:00,102620.0,102180.0,14,-0.42876632235431256,-0.030626165882450897,113.0,1.0,8456.0,8501.0,2026-02-27 14:15:00,2026-03-02 23:45:00,103580.0,102480.0,46.0,-1.0619810774280758,-0.02308654516147991,70676.0,,5048.285714285715,,283283.0,0.0,6158.326086956522,0.0,0.8197496597294679,,0.2494890268741859,,0.0,28.57142857142857,71.42857142857143,True,True,,,,,0,0,2026-03-03 10:45:00,102570.0,2026-03-03 13:30:00,102180.0,1,1,0.23654360284304574,345.88210606012814,
CU:1h:1:1:2435:2439:4,CU,1h,2476,2026-03-03 11:30:00,140.0,-1,-1,CHoCH,-1,99210.0,130.0,CHoCH,-1,102360.0,3.0,28,2,8,1,current_internal_low,internal,0.0,5.0,102360.0,102360.0,102360.0,0.47114252061248524,current_swing_low,swing,0.0,47.0,97920.0,97920.0,97920.0,3.8869257950530036,102570.0,102830.0,102480.0,102770.0,6796.0,196925.0,2,2,2,0,2,0,active_bull_internal_ob,104000.0,2.0,above,2.0808794660384766,104520.0,False,,102360.0,5.0,above,0.47114252061248524,101920.0,True,3.0,114140.0,95.0,above,12.033765213977228,105650.0,False,,97920.0,47.0,below,3.8869257950530036,99210.0,False,,0,0,0.0018171523082025044,17,NONE,-0.01344557540847524,-0.010000855650926134,0.010624753427234651,0.37288708730962783,0.0018171523082025044,0.030891589239442574,-0.0013187864315754583,-0.0022215942167346237,,104170.6341163602,-1.3445575408475239,0.1949887881446788,-0.9681410647970463,,31,1,2460,2476,2026-02-27 14:00:00,2026-03-03 11:00:00,103920.0,102770.0,17,-1.106620477290221,-0.06509532219354242,30.0,-1.0,2343.0,2459.0,2026-02-02 09:00:00,2026-02-27 13:30:00,101340.0,102890.0,117.0,1.5295046378527744,0.013072689212416874,350826.0,,20636.823529411766,,2382025.0,0.0,20359.188034188035,0.0,1.0136368648276892,,0.14728057010316853,,29.411764705882355,52.94117647058824,17.647058823529413,True,True,,,2026-02-27 21:00:00,103830.0,0,1,2026-03-02 10:00:00,103140.0,2026-03-02 22:00:00,102510.0,1,2,1.0623844397004911,611.9493287305836,2.0
CU:1h:1:1:2435:2439:4,CU,4h,1098,2026-03-03 11:30:00,140.0,1,1,BOS,1,89270.0,228.0,CHoCH,1,103250.0,7.0,18,1,3,0,current_internal_high,internal,0.0,1.0,104520.0,104520.0,104520.0,2.5912838633686692,current_internal_low,internal,0.0,5.0,101780.0,101780.0,101780.0,0.09815469179426776,102580.0,102830.0,101810.0,102770.0,54824.0,196925.0,1,1,1,0,1,0,active_bull_internal_ob,104520.0,1.0,above,2.5912838633686692,103250.0,False,,101780.0,5.0,below,0.09815469179426776,99400.0,False,,114140.0,14.0,above,12.033765213977228,89270.0,False,,84950.0,252.0,below,16.617589320769532,77950.0,False,,-1,-1,-0.0006408938504187494,-58,DOWN_CONFIRMED,-0.057848595222393176,-0.08150074605976908,0.01623745711349851,0.9273922911843238,-0.0006408938504187494,-0.03717184332428747,-0.005028507678318639,-0.008913283333090827,-0.014483272247287404,109080.13242760985,-5.7848595222393175,0.4790770434102365,0.9887144475004426,,10,-1,1041,1098,2026-02-02 13:30:00,2026-03-03 09:00:00,98580.0,102770.0,58,4.250355041590592,0.07328198347569986,9.0,1.0,582.0,1040.0,2025-08-12 21:00:00,2026-02-02 09:00:00,79460.0,100110.0,459.0,25.987918449534362,0.05661855871358249,2562370.0,,44178.793103448275,,19025759.0,0.0,41450.45533769063,0.0,1.0658216597026566,,0.1346789896792028,,8.620689655172415,79.3103448275862,12.068965517241379,True,True,,,,,0,0,2026-03-03 09:00:00,102770.0,2026-03-02 21:00:00,102480.0,6,5,0.19923077883962767,957.1049286387417,
CU:1h:1:1:2435:2439:5,CU,5m,25558,2026-03-03 14:40:00,0.0,-1,-1,CHoCH,-1,102360.0,43.0,CHoCH,-1,101810.0,8.0,73,8,35,3,current_swing_low,swing,0.0,69.0,102360.0,102360.0,102360.0,0.35294117647058826,active_bull_swing_ob,swing,1.0,409.0,101200.0,101400.0,101300.0,0.5882352941176471,102280.0,102310.0,101820.0,102000.0,2978.0,198074.0,0,0,0,0,0,0,,102830.0,9.0,above,0.8137254901960784,102790.0,False,,101270.0,1.0,below,0.7156862745098039,101810.0,False,,104000.0,43.0,above,1.9607843137254901,104520.0,False,,102360.0,69.0,above,0.35294117647058826,101920.0,True,43.0,0,0,-0.0003738253042425598,-11,NONE,-0.0024853747619483883,-0.005597674831641693,0.00325017257290125,0.8308626917089497,-0.0003738253042425598,-0.004112078346668158,-0.0006763851457990411,-0.004112078346668158,,102254.13985850908,-0.24853747619483885,-0.27375831052014465,0.25305648047547463,,352,-1,25548,25558,2026-03-03 13:45:00,2026-03-03 14:35:00,101880.0,102000.0,11,0.11778563015312216,0.01070778455937474,351.0,1.0,25543.0,25547.0,2026-03-03 11:20:00,2026-03-03 13:40:00,102810.0,102180.0,5.0,-0.6127808578932026,-0.12255617157864052,38844.0,,3531.2727272727275,,9919.0,0.0,1983.8,0.0,1.7800548075777436,,3.916120576671035,,27.27272727272727,18.181818181818183,54.54545454545454,True,True,2026-03-03 14:30:00,102280.0,2026-03-03 14:35:00,102000.0,1,1,2026-03-03 14:15:00,101730.0,,,1,0,0.5806290416387111,266.39901293513606,
CU:1h:1:1:2435:2439:5,CU,15m,8518,2026-03-03 14:30:00,10.0,-1,-1,CHoCH,-1,101780.0,2.0,BOS,-1,101810.0,2.0,42,6,17,3,active_bear_internal_ob,internal,-1.0,2.0,102510.0,102830.0,102670.0,0.5,current_internal_low,internal,0.0,3.0,101810.0,101810.0,101810.0,0.18627450980392157,101540.0,102250.0,101490.0,102230.0,8760.0,197623.0,0,0,0,0,0,0,,102790.0,5.0,above,0.7745098039215687,104000.0,False,,101810.0,3.0,below,0.18627450980392157,102250.0,True,2.0,104520.0,8.0,above,2.4705882352941173,103250.0,False,,101780.0,31.0,below,0.2156862745098039,99400.0,True,2.0,0,0,-0.0003863365247967781,-17,NONE,-0.007555899818856625,-0.010423056262764935,0.002734704756552205,0.8527805677696141,-0.0003863365247967781,-0.006567720921545228,-0.0029985387400338626,-0.005344692575016685,,103008.32055058892,-0.7555899818856625,0.6795351585582088,0.8382470854922507,,114,-1,8502,8518,2026-03-03 00:00:00,2026-03-03 14:15:00,102620.0,102230.0,17,-0.3800428766322361,-0.022355463331308008,113.0,1.0,8456.0,8501.0,2026-02-27 14:15:00,2026-03-02 23:45:00,103580.0,102480.0,46.0,-1.0619810774280758,-0.02308654516147991,103888.0,,6111.058823529412,,283283.0,0.0,6158.326086956522,0.0,0.9923246572591823,,0.3667286776827413,,0.0,29.411764705882355,70.58823529411765,True,True,,,,,0,0,2026-03-03 14:15:00,102230.0,2026-03-03 13:30:00,102180.0,2,1,0.2623707181090057,406.4989019730691,
CU:1h:1:1:2435:2439:5,CU,1h,2477,2026-03-03 14:00:00,40.0,-1,-1,CHoCH,-1,99210.0,131.0,CHoCH,-1,102360.0,4.0,27,2,8,1,current_internal_low,internal,0.0,6.0,102360.0,102360.0,102360.0,0.35294117647058826,active_bull_internal_ob,internal,1.0,38.0,101200.0,101950.0,101575.0,0.049019607843137254,102700.0,102700.0,101560.0,101620.0,21020.0,197076.0,0,0,0,0,0,0,,104000.0,3.0,above,1.9607843137254901,104520.0,False,,102360.0,6.0,above,0.35294117647058826,101920.0,True,4.0,114140.0,96.0,above,11.901960784313726,105650.0,False,,97920.0,48.0,below,4.0,99210.0,False,,0,0,0.0016892588986602039,18,NONE,-0.024026059011822618,-0.010780033615420383,0.010813648144642201,0.11029969382575983,0.0016892588986602039,0.03040666017588367,-0.0016505058180913412,-0.0026194631411730063,,104121.63248652864,-2.402605901182262,-1.1190036002724502,0.1093817139092302,,31,1,2460,2477,2026-02-27 14:00:00,2026-03-03 13:30:00,103920.0,101620.0,18,-2.213240954580442,-0.12295783081002457,30.0,-1.0,2343.0,2459.0,2026-02-02 09:00:00,2026-02-27 13:30:00,101340.0,102890.0,117.0,1.5295046378527744,0.013072689212416874,371846.0,,20658.11111111111,,2382025.0,0.0,20359.188034188035,0.0,1.0146824655492699,,0.1561049946998877,,27.77777777777778,50.0,22.22222222222222,True,True,,,2026-02-27 21:00:00,103830.0,0,1,2026-03-02 10:00:00,103140.0,2026-03-02 22:00:00,102510.0,1,2,1.0031182211875234,654.6672338212562,2.0
CU:1h:1:1:2435:2439:5,CU,4h,1098,2026-03-03 11:30:00,190.0,1,1,BOS,1,89270.0,228.0,CHoCH,1,103250.0,7.0,18,1,3,0,current_internal_high,internal,0.0,1.0,104520.0,104520.0,104520.0,2.4705882352941173,current_internal_low,internal,0.0,5.0,101780.0,101780.0,101780.0,0.2156862745098039,102580.0,102830.0,101810.0,102770.0,54824.0,196925.0,1,1,1,0,1,0,active_bull_internal_ob,104520.0,1.0,above,2.4705882352941173,103250.0,False,,101780.0,5.0,below,0.2156862745098039,99400.0,False,,114140.0,14.0,above,11.901960784313726,89270.0,False,,84950.0,252.0,below,16.715686274509803,77950.0,False,,-1,-1,-0.0006408938504187494,-58,DOWN_CONFIRMED,-0.057848595222393176,-0.08150074605976908,0.01623745711349851,0.9273922911843238,-0.0006408938504187494,-0.03717184332428747,-0.005028507678318639,-0.008913283333090827,-0.014483272247287404,109080.13242760985,-5.7848595222393175,0.4790770434102365,0.9887144475004426,,10,-1,1041,1098,2026-02-02 13:30:00,2026-03-03 09:00:00,98580.0,102770.0,58,4.250355041590592,0.07328198347569986,9.0,1.0,582.0,1040.0,2025-08-12 21:00:00,2026-02-02 09:00:00,79460.0,100110.0,459.0,25.987918449534362,0.05661855871358249,2562370.0,,44178.793103448275,,19025759.0,0.0,41450.45533769063,0.0,1.0658216597026566,,0.1346789896792028,,8.620689655172415,79.3103448275862,12.068965517241379,True,True,,,,,0,0,2026-03-03 09:00:00,102770.0,2026-03-02 21:00:00,102480.0,6,5,0.19923077883962767,957.1049286387417,
CU:1h:1:1:2435:2439:6,CU,5m,25561,2026-03-03 14:55:00,0.0,-1,-1,CHoCH,-1,102360.0,46.0,CHoCH,-1,101810.0,11.0,73,8,35,3,current_swing_low,swing,0.0,72.0,102360.0,102360.0,102360.0,0.34310361729242234,active_bull_swing_ob,swing,1.0,412.0,101200.0,101400.0,101300.0,0.5979805901382218,102130.0,102230.0,101940.0,102010.0,2487.0,197973.0,0,0,0,0,0,0,,102830.0,12.0,above,0.8038427605136751,102790.0,False,,101270.0,4.0,below,0.7254190765611215,101810.0,False,,104000.0,46.0,above,1.9507891383197726,104520.0,False,,102360.0,72.0,above,0.34310361729242234,101920.0,True,46.0,0,0,-0.00030471146344651645,-14,NONE,-0.0022334067811818157,-0.004756538562021322,0.003308464769503528,0.7771577120561847,-0.00030471146344651645,-0.00426596048825123,-0.0002530298151552923,-0.0020660896085136216,,102238.33980140924,-0.22334067811818156,-0.12727628744859665,-0.22487395716603317,,352,-1,25548,25561,2026-03-03 13:45:00,2026-03-03 14:50:00,101880.0,102010.0,14,0.1276010993325416,0.009114364238038686,351.0,1.0,25543.0,25547.0,2026-03-03 11:20:00,2026-03-03 13:40:00,102810.0,102180.0,5.0,-0.6127808578932026,-0.12255617157864052,44204.0,,3157.4285714285716,,9919.0,0.0,1983.8,0.0,1.5916062967176992,,4.456497630809557,,42.857142857142854,14.285714285714285,42.857142857142854,False,True,2026-03-03 14:30:00,102280.0,2026-03-03 14:35:00,102000.0,1,1,2026-03-03 14:15:00,101730.0,,,1,0,0.6955614311465971,254.37996771811004,
CU:1h:1:1:2435:2439:6,CU,15m,8519,2026-03-03 14:45:00,10.0,-1,-1,CHoCH,-1,101780.0,3.0,BOS,-1,101810.0,3.0,42,6,17,3,active_bear_internal_ob,internal,-1.0,3.0,102510.0,102830.0,102670.0,0.4901480247034604,current_internal_low,internal,0.0,4.0,101810.0,101810.0,101810.0,0.19605920988138417,102220.0,102370.0,101820.0,102070.0,7391.0,198028.0,0,0,0,0,0,0,,102830.0,0.0,above,0.8038427605136751,102790.0,False,,101810.0,4.0,below,0.19605920988138417,102250.0,True,3.0,104520.0,9.0,above,2.4605430840113716,103250.0,False,,101780.0,32.0,below,0.2254680913635918,99400.0,True,3.0,0,0,-0.00038419299630432224,-18,NONE,-0.008762187566202647,-0.010330785779622586,0.0026847471168292146,0.7204782853418643,-0.00038419299630432224,-0.0069154739334778,-0.0032178533635148776,-0.004552603559930035,,102972.2622761801,-0.8762187566202647,-0.15650983077374336,0.4309470607173735,,114,-1,8502,8519,2026-03-03 00:00:00,2026-03-03 14:30:00,102620.0,102070.0,18,-0.5359579029428962,-0.029775439052383126,113.0,1.0,8456.0,8501.0,2026-02-27 14:15:00,2026-03-02 23:45:00,103580.0,102480.0,46.0,-1.0619810774280758,-0.02308654516147991,111279.0,,6182.166666666667,,283283.0,0.0,6158.326086956522,0.0,1.0038712759560817,,0.39281919493933626,,0.0,33.33333333333333,66.66666666666666,True,True,,,,,0,0,2026-03-03 14:15:00,102230.0,2026-03-03 14:30:00,102070.0,2,2,0.25987830684911334,416.7489804035642,
CU:1h:1:1:2435:2439:6,CU,1h,2477,2026-03-03 14:00:00,55.0,-1,-1,CHoCH,-1,99210.0,131.0,CHoCH,-1,102360.0,4.0,27,2,8,1,current_internal_low,internal,0.0,6.0,102360.0,102360.0,102360.0,0.34310361729242234,active_bull_internal_ob,internal,1.0,38.0,101200.0,101950.0,101575.0,0.05881776296441525,102700.0,102700.0,101560.0,101620.0,21020.0,197076.0,0,0,0,0,0,0,,104000.0,3.0,above,1.9507891383197726,104520.0,False,,102360.0,6.0,above,0.34310361729242234,101920.0,True,4.0,114140.0,96.0,above,11.89099107930595,105650.0,False,,97920.0,48.0,below,4.009410842074306,99210.0,False,,0,0,0.0016892588986602039,18,NONE,-0.024026059011822618,-0.010780033615420383,0.010813648144642201,0.11029969382575983,0.0016892588986602039,0.03040666017588367,-0.0016505058180913412,-0.0026194631411730063,,104121.63248652864,-2.402605901182262,-1.1190036002724502,0.1093817139092302,,31,1,2460,2477,2026-02-27 14:00:00,2026-03-03 13:30:00,103920.0,101620.0,18,-2.213240954580442,-0.12295783081002457,30.0,-1.0,2343.0,2459.0,2026-02-02 09:00:00,2026-02-27 13:30:00,101340.0,102890.0,117.0,1.5295046378527744,0.013072689212416874,371846.0,,20658.11111111111,,2382025.0,0.0,20359.188034188035,0.0,1.0146824655492699,,0.1561049946998877,,27.77777777777778,50.0,22.22222222222222,True,True,,,2026-02-27 21:00:00,103830.0,0,1,2026-03-02 10:00:00,103140.0,2026-03-02 22:00:00,102510.0,1,2,1.0031182211875234,654.6672338212562,2.0
CU:1h:1:1:2435:2439:6,CU,4h,1098,2026-03-03 11:30:00,205.0,1,1,BOS,1,89270.0,228.0,CHoCH,1,103250.0,7.0,18,1,3,0,current_internal_high,internal,0.0,1.0,104520.0,104520.0,104520.0,2.4605430840113716,current_internal_low,internal,0.0,5.0,101780.0,101780.0,101780.0,0.2254680913635918,102580.0,102830.0,101810.0,102770.0,54824.0,196925.0,1,1,1,0,1,0,active_bull_internal_ob,104520.0,1.0,above,2.4605430840113716,103250.0,False,,101780.0,5.0,below,0.2254680913635918,99400.0,False,,114140.0,14.0,above,11.89099107930595,89270.0,False,,84950.0,252.0,below,16.72385060288207,77950.0,False,,-1,-1,-0.0006408938504187494,-58,DOWN_CONFIRMED,-0.057848595222393176,-0.08150074605976908,0.01623745711349851,0.9273922911843238,-0.0006408938504187494,-0.03717184332428747,-0.005028507678318639,-0.008913283333090827,-0.014483272247287404,109080.13242760985,-5.7848595222393175,0.4790770434102365,0.9887144475004426,,10,-1,1041,1098,2026-02-02 13:30:00,2026-03-03 09:00:00,98580.0,102770.0,58,4.250355041590592,0.07328198347569986,9.0,1.0,582.0,1040.0,2025-08-12 21:00:00,2026-02-02 09:00:00,79460.0,100110.0,459.0,25.987918449534362,0.05661855871358249,2562370.0,,44178.793103448275,,19025759.0,0.0,41450.45533769063,0.0,1.0658216597026566,,0.1346789896792028,,8.620689655172415,79.3103448275862,12.068965517241379,True,True,,,,,0,0,2026-03-03 09:00:00,102770.0,2026-03-02 21:00:00,102480.0,6,5,0.19923077883962767,957.1049286387417,
CU:1h:1:1:2454:2460:1,CU,5m,25439,2026-03-02 10:15:00,0.0,1,-1,CHoCH,1,103250.0,69.0,BOS,-1,102670.0,1.0,76,9,36,2,current_internal_low,internal,0.0,3.0,102670.0,102670.0,102670.0,0.11701608971233544,active_bull_internal_ob,internal,1.0,115.0,101780.0,102080.0,101930.0,0.4583130180399805,102640.0,102650.0,102360.0,102550.0,4233.0,199940.0,0,0,0,0,0,0,,103200.0,1.0,above,0.6338371526084837,103870.0,False,,102670.0,3.0,above,0.11701608971233544,103100.0,True,1.0,104520.0,9.0,above,1.9210141394441735,103250.0,False,,101920.0,133.0,below,0.614334470989761,101200.0,True,126.0,0,0,-0.0008535781801258469,-20,NONE,0.0018028525473210608,-0.006646993966784555,0.0027498296206064066,0.9989399168971432,-0.0008535781801258469,-0.017071563602516937,-0.01292891978664612,-0.014283259833084094,,102365.45018737203,0.18028525473210608,-0.08768511301636694,0.5802738184622067,,348,-1,25420,25439,2026-02-28 00:35:00,2026-03-02 10:10:00,103210.0,102550.0,20,-0.6394729192907622,-0.03197364596453811,347.0,1.0,25324.0,25419.0,2026-02-27 00:20:00,2026-02-28 00:30:00,102680.0,103250.0,96.0,0.5551227113361978,0.005782528243085394,55846.0,,2792.3,,182932.0,0.0,1905.5416666666667,0.0,1.46535761922463,,0.30528283733846456,,0.0,20.0,80.0,True,True,2026-03-02 10:10:00,102550.0,,,1,0,2026-03-02 09:00:00,103650.0,2026-03-02 09:15:00,103300.0,1,1,0.4136952183720156,253.61067361407333,
CU:1h:1:1:2454:2460:1,CU,15m,8479,2026-03-02 10:15:00,0.0,1,-1,CHoCH,1,103250.0,23.0,CHoCH,-1,103320.0,7.0,44,4,18,2,current_swing_high,swing,0.0,32.0,103250.0,103250.0,103250.0,0.6825938566552902,active_bull_internal_ob,internal,1.0,25.0,102160.0,102430.0,102295.0,0.11701608971233544,102950.0,103170.0,102360.0,102550.0,9937.0,199940.0,0,0,0,0,0,0,,103820.0,8.0,above,1.2384202827888835,104520.0,False,,103320.0,9.0,above,0.7508532423208191,102160.0,True,7.0,103250.0,32.0,above,0.6825938566552902,103620.0,True,23.0,99400.0,96.0,below,3.0716723549488054,101280.0,False,,0,0,0.0007732620734975659,24,NONE,-0.015057710025333591,-0.0049869410539042204,0.008905435180063776,0.12905775417349108,0.0007732620734975659,0.018558289763941582,-0.0023219661879010367,-0.002764385565327543,0.014505640800773989,104117.77526847555,-1.505771002533359,-0.39821289821290184,0.9648451727630767,,113,1,8456,8479,2026-02-27 14:15:00,2026-03-02 10:00:00,103580.0,102550.0,24,-0.9944004634099279,-0.04143335264208033,112.0,-1.0,8437.0,8455.0,2026-02-26 23:15:00,2026-02-27 14:00:00,101880.0,102900.0,19.0,1.0011778563015383,0.05269357138429149,176686.0,,7361.916666666667,,76159.0,0.0,4008.3684210526317,0.0,1.8366367292987915,,2.3199621843774207,,20.833333333333336,62.5,16.666666666666664,True,True,,,2026-02-27 21:15:00,104150.0,0,1,2026-03-02 09:00:00,103650.0,2026-03-02 09:15:00,102800.0,2,3,1.785751041330599,400.0598392136554,
CU:1h:1:1:2454:2460:1,CU,1h,2465,2026-03-02 10:00:00,15.0,-1,1,CHoCH,-1,99210.0,119.0,BOS,1,103250.0,5.0,28,1,8,1,current_internal_high,internal,0.0,17.0,103250.0,103250.0,103250.0,0.6825938566552902,active_bull_internal_ob,internal,1.0,26.0,101200.0,101950.0,101575.0,0.5850804485616773,103290.0,103870.0,102670.0,102960.0,42297.0,200403.0,1,1,1,0,1,0,active_bull_internal_ob,103250.0,17.0,above,0.6825938566552902,102260.0,True,5.0,101920.0,12.0,below,0.614334470989761,101200.0,False,,114140.0,84.0,above,11.301803998049733,105650.0,False,,97920.0,36.0,below,4.514870794734276,99210.0,False,,0,0,0.00557184473974696,6,NONE,-0.01405041477829842,-0.0035341351726882256,0.0144825976308801,0.23387888394193979,0.00557184473974696,0.03343106843848176,0.03343106843848176,,,104427.24612217197,-1.405041477829842,-0.30983733539891034,1.9562237882093023,,31,1,2460,2465,2026-02-27 14:00:00,2026-03-02 09:00:00,103920.0,102960.0,6,-0.9237875288683584,-0.15396458814472638,30.0,-1.0,2343.0,2459.0,2026-02-02 09:00:00,2026-02-27 13:30:00,101340.0,102890.0,117.0,1.5295046378527744,0.013072689212416874,170866.0,,28477.666666666668,,2382025.0,0.0,20359.188034188035,0.0,1.3987623975399082,,0.07173140500204658,,83.33333333333334,16.666666666666664,0.0,True,True,,,2026-02-27 21:00:00,103830.0,0,1,,,2026-03-02 09:00:00,102960.0,0,1,4.097918422249812,618.6708495766114,4.0
CU:1h:1:1:2454:2460:1,CU,4h,1093,2026-02-28 01:00:00,3435.0,1,1,BOS,1,89270.0,223.0,CHoCH,1,103250.0,2.0,18,1,3,0,current_internal_high,internal,0.0,4.0,103250.0,103250.0,103250.0,0.6825938566552902,current_internal_low,internal,0.0,0.0,101780.0,101780.0,101780.0,0.7508532423208191,103580.0,103590.0,103100.0,103280.0,8916.0,201649.0,1,1,1,0,1,0,active_bull_internal_ob,103250.0,4.0,above,0.6825938566552902,103620.0,True,2.0,101780.0,0.0,below,0.7508532423208191,99400.0,False,,114140.0,9.0,above,11.301803998049733,89270.0,False,,84950.0,247.0,below,17.162359824475864,77950.0,False,,-1,-1,-0.0006095431233319565,-53,DOWN_CONFIRMED,-0.05793425952082034,-0.08370373188456526,0.015176138537862363,0.9552485387202706,-0.0006095431233319565,-0.03230578553659369,-0.0039044090054352054,-0.007245343325434028,-0.013382189530042776,109631.41483891226,-5.793425952082034,-0.2800038621222356,-1.2448100860880165,,10,-1,1041,1093,2026-02-02 13:30:00,2026-02-28 00:00:00,98580.0,103280.0,53,4.76770135930209,0.08995662942079415,9.0,1.0,582.0,1040.0,2025-08-12 21:00:00,2026-02-02 09:00:00,79460.0,100110.0,459.0,25.987918449534362,0.05661855871358249,2340113.0,,44153.07547169811,,19025759.0,0.0,41450.45533769063,0.0,1.06520121701896,,0.1229970904183113,,5.660377358490567,81.13207547169812,13.20754716981132,False,True,,,,,0,0,2026-02-24 21:00:00,101820.0,2026-02-24 13:30:00,101510.0,5,4,0.18130778874700093,928.8488906071555,
CU:1h:1:1:2454:2460:2,CU,5m,25487,2026-03-02 22:30:00,0.0,1,-1,CHoCH,1,103250.0,117.0,CHoCH,-1,103600.0,17.0,77,7,36,2,current_internal_low,internal,0.0,21.0,103600.0,103600.0,103600.0,0.9549795361527967,active_bull_internal_ob,internal,1.0,163.0,101780.0,102080.0,101930.0,0.5262132137984799,102630.0,102690.0,102500.0,102620.0,3691.0,197548.0,1,1,1,0,1,0,active_bull_internal_ob,104000.0,17.0,above,1.3447671019294485,103820.0,False,,103600.0,21.0,above,0.9549795361527967,102360.0,True,17.0,104520.0,57.0,above,1.8514909374390955,103250.0,False,,101920.0,181.0,below,0.6821282401091405,101200.0,True,174.0,0,0,0.00028756309261845025,25,NONE,-0.007936071480862237,-0.0035941518668562294,0.005097349375704152,0.19716269390278063,0.00028756309261845025,0.007189077315461256,-0.0022328996749816366,-0.003007227074859564,-0.005278552854460328,103440.9144914499,-0.7936071480862237,-0.0194855806703087,1.1893545765373508,,349,1,25463,25487,2026-03-02 14:25:00,2026-03-02 22:25:00,103870.0,102620.0,25,-1.2034273611244872,-0.04813709444497949,348.0,-1.0,25420.0,25462.0,2026-02-28 00:35:00,2026-03-02 14:20:00,103210.0,103730.0,43.0,0.5038271485321211,0.01171691043097956,51380.0,,2055.2,,89885.0,0.0,2090.3488372093025,0.0,0.9831851810646937,,0.5716192913166824,,28.000000000000004,8.0,64.0,True,True,,,2026-03-02 14:35:00,103900.0,0,1,,,2026-03-02 21:00:00,103500.0,0,1,1.418234277385378,186.73479462855096,
CU:1h:1:1:2454:2460:2,CU,15m,8495,2026-03-02 22:30:00,0.0,1,1,CHoCH,1,103250.0,39.0,CHoCH,1,103820.0,8.0,44,4,18,2,current_swing_high,swing,0.0,48.0,103250.0,103250.0,103250.0,0.6139154160982265,active_bull_internal_ob,internal,1.0,41.0,102160.0,102430.0,102295.0,0.18514909374390956,102890.0,102890.0,102500.0,102620.0,10149.0,197548.0,0,0,0,0,0,0,,104000.0,2.0,above,1.3447671019294485,103820.0,False,,102360.0,11.0,below,0.2533619177548236,103320.0,False,,103250.0,48.0,above,0.6139154160982265,103620.0,True,39.0,101780.0,8.0,below,0.8185538881309686,99400.0,False,,0,0,0.0003957064958486911,40,NONE,-0.011736563481623215,-0.005487625222788979,0.00723306195670414,0.19381017098264014,0.0003957064958486911,0.015828259833947644,-0.0012776416892178455,-0.0017516319509003342,-0.004439972246715662,103838.7096071542,-1.1736563481623214,-0.2624161726115237,1.4830470248698082,,113,1,8456,8495,2026-02-27 14:15:00,2026-03-02 22:15:00,103580.0,102620.0,40,-0.926819849391769,-0.023170496234794224,112.0,-1.0,8437.0,8455.0,2026-02-26 23:15:00,2026-02-27 14:00:00,101880.0,102900.0,19.0,1.0011778563015383,0.05269357138429149,262105.0,,6552.625,,76159.0,0.0,4008.3684210526317,0.0,1.6347362097716618,,3.441549915308762,,25.0,57.49999999999999,17.5,True,True,,,2026-02-27 21:15:00,104150.0,0,1,2026-03-02 11:00:00,103160.0,2026-03-02 21:00:00,103300.0,3,4,1.3180677730444712,347.1696698826824,
CU:1h:1:1:2454:2460:2,CU,1h,2470,2026-03-02 22:00:00,30.0,-1,1,CHoCH,-1,99210.0,124.0,BOS,1,103250.0,10.0,28,1,8,1,current_internal_high,internal,0.0,4.0,104520.0,104520.0,104520.0,1.8514909374390955,active_bull_internal_ob,internal,1.0,10.0,101780.0,102550.0,102165.0,0.06821282401091405,103320.0,103630.0,103020.0,103220.0,24702.0,198696.0,0,0,0,0,0,0,,104520.0,4.0,above,1.8514909374390955,103250.0,False,,101920.0,17.0,below,0.6821282401091405,101200.0,False,,114140.0,89.0,above,11.22588189436757,105650.0,False,,97920.0,41.0,below,4.580003897875658,99210.0,False,,0,0,0.0029714061710735995,11,NONE,-0.010846988304547826,-0.005988304569961928,0.011194144548146259,0.3321304356070497,0.0029714061710735995,0.03268546788180959,-0.0007214806864658252,0.03268546788180959,,104351.903880954,-1.0846988304547827,-0.6066441983630266,0.5041056706052861,,31,1,2460,2470,2026-02-27 14:00:00,2026-03-02 21:00:00,103920.0,103220.0,11,-0.6735950731331819,-0.06123591573938017,30.0,-1.0,2343.0,2459.0,2026-02-02 09:00:00,2026-02-27 13:30:00,101340.0,102890.0,117.0,1.5295046378527744,0.013072689212416874,250892.0,,22808.363636363636,,2382025.0,0.0,20359.188034188035,0.0,1.1202982947091427,,0.10532719010085956,,45.45454545454545,54.54545454545454,0.0,True,True,,,2026-02-27 21:00:00,103830.0,0,1,2026-03-02 10:00:00,103140.0,2026-03-02 09:00:00,102960.0,1,1,1.8693345365727494,613.5673487085904,4.0
CU:1h:1:1:2454:2460:2,CU,4h,1095,2026-03-02 15:00:00,450.0,1,1,BOS,1,89270.0,225.0,CHoCH,1,103250.0,4.0,18,1,3,0,current_internal_high,internal,0.0,6.0,103250.0,103250.0,103250.0,0.6139154160982265,current_internal_low,internal,0.0,2.0,101780.0,101780.0,101780.0,0.8185538881309686,103220.0,104000.0,103200.0,103850.0,29550.0,199587.0,1,1,1,0,1,0,active_bull_internal_ob,103250.0,6.0,above,0.6139154160982265,103620.0,True,4.0,101780.0,2.0,below,0.8185538881309686,99400.0,False,,114140.0,11.0,above,11.22588189436757,89270.0,False,,84950.0,249.0,below,17.21886571818359,77950.0,False,,-1,-1,-0.0006237637682687047,-55,DOWN_CONFIRMED,-0.05077198682106264,-0.08261106063861945,0.015933660708282612,0.9771539816538083,-0.0006237637682687047,-0.034307007254778754,-0.004833534865551936,-0.008388705586346967,-0.014248718313617403,109404.69366491759,-5.077198682106264,0.5518977536793201,-0.1982359007787533,,10,-1,1041,1095,2026-02-02 13:30:00,2026-03-02 13:30:00,98580.0,103850.0,55,5.3459119496855445,0.09719839908519172,9.0,1.0,582.0,1040.0,2025-08-12 21:00:00,2026-02-02 09:00:00,79460.0,100110.0,459.0,25.987918449534362,0.05661855871358249,2437734.0,,44322.43636363636,,19025759.0,0.0,41450.45533769063,0.0,1.0692870802636094,,0.12812808151306868,,9.090909090909092,78.18181818181819,12.727272727272727,False,True,,,,,0,0,2026-02-24 21:00:00,101820.0,2026-02-24 13:30:00,101510.0,5,4,0.1928756341476369,958.1911352684147,
CU:1h:1:1:2454:2460:3,CU,5m,25497,2026-03-02 23:20:00,0.0,1,-1,CHoCH,1,103250.0,127.0,CHoCH,-1,103600.0,27.0,77,7,36,2,active_bear_internal_ob,internal,-1.0,27.0,103820.0,104000.0,103910.0,1.3075722092115536,current_internal_low,internal,0.0,3.0,102380.0,102380.0,102380.0,0.0975800156128025,102710.0,102730.0,102470.0,102480.0,737.0,198856.0,1,1,1,0,1,0,active_bull_internal_ob,104000.0,27.0,above,1.483216237314598,103820.0,False,,102380.0,3.0,below,0.0975800156128025,103600.0,False,,104520.0,67.0,above,1.9906323185011712,103250.0,False,,102360.0,8.0,below,0.117096018735363,101920.0,False,,0,0,-0.00014164329745041608,-9,NONE,-0.006905345066090827,-0.006660757671057246,0.0009054409767906757,0.3935298564576883,-0.00014164329745041608,-0.0012747896770537448,-0.0006520941318759466,,,103192.5803757549,-0.6905345066090827,-0.21421616358324735,-1.0928922594657802,,350,-1,25489,25497,2026-03-02 22:35:00,2026-03-02 23:15:00,102510.0,102480.0,9,-0.029265437518288806,-0.003251715279809867,349.0,1.0,25463.0,25488.0,2026-03-02 14:25:00,2026-03-02 22:30:00,103870.0,102410.0,26.0,-1.4056031577934003,-0.05406165991513078,13746.0,,1527.3333333333333,,54949.0,0.0,2113.423076923077,0.0,0.7226822447481603,,0.25015923856667094,,0.0,0.0,100.0,True,True,,,,,0,0,,,,,0,0,0.13593663386450106,203.54202999000927,
CU:1h:1:1:2454:2460:3,CU,15m,8498,2026-03-02 23:15:00,5.0,1,1,CHoCH,1,103250.0,42.0,CHoCH,1,103820.0,11.0,44,4,18,2,current_swing_high,swing,0.0,51.0,103250.0,103250.0,103250.0,0.7513661202185792,active_bull_internal_ob,internal,1.0,44.0,102160.0,102430.0,102295.0,0.04879000780640125,102500.0,102750.0,102380.0,102700.0,3818.0,198911.0,0,0,0,0,0,0,,104000.0,5.0,above,1.483216237314598,103820.0,False,,102360.0,14.0,below,0.117096018735363,103320.0,False,,103250.0,51.0,above,0.7513661202185792,103620.0,True,42.0,101780.0,11.0,below,0.6830601092896175,99400.0,False,,0,0,0.0003456458426346627,43,NONE,-0.010025221587207771,-0.005870519081270958,0.0071183515717309215,0.27972428543460354,0.0003456458426346627,0.014862771233290495,-0.0017648461285607597,-0.0025793342997668667,-0.00421634689857997,103740.0166544212,-1.002522158720777,0.18534777094918464,-0.711354920087531,,113,1,8456,8498,2026-02-27 14:15:00,2026-03-02 23:00:00,103580.0,102700.0,43,-0.8495848619424651,-0.01975778748703407,112.0,-1.0,8437.0,8455.0,2026-02-26 23:15:00,2026-02-27 14:00:00,101880.0,102900.0,19.0,1.0011778563015383,0.05269357138429149,278683.0,,6481.0,,76159.0,0.0,4008.3684210526317,0.0,1.6168673433212095,,3.6592260927795794,,23.25581395348837,53.48837209302325,23.25581395348837,True,True,,,2026-02-27 21:15:00,104150.0,0,1,2026-03-02 11:00:00,103160.0,2026-03-02 21:00:00,103300.0,3,4,1.212559140543635,345.7987480802672,
CU:1h:1:1:2454:2460:3,CU,1h,2471,2026-03-02 23:00:00,20.0,-1,1,CHoCH,-1,99210.0,125.0,BOS,1,103250.0,11.0,28,1,8,1,current_internal_high,internal,0.0,5.0,104520.0,104520.0,104520.0,1.9906323185011712,current_internal_low,internal,0.0,0.0,102360.0,102360.0,102360.0,0.117096018735363,103210.0,103210.0,102380.0,102510.0,28090.0,199060.0,1,1,1,0,1,0,active_bull_internal_ob,104520.0,5.0,above,1.9906323185011712,103250.0,False,,102360.0,0.0,below,0.117096018735363,101920.0,False,,114140.0,90.0,above,11.37782982045277,105650.0,False,,97920.0,42.0,below,4.449648711943794,99210.0,False,,0,0,0.0026877425309662453,12,NONE,-0.01723924336924976,-0.006925882803235914,0.01115957205853615,0.17769846640920095,0.0026877425309662453,0.032252910371594945,-0.0009039999680511279,-0.0018453744182271858,,104308.19434776818,-1.7239243369249762,-0.6878511916295293,0.7109004236948391,,31,1,2460,2471,2026-02-27 14:00:00,2026-03-02 22:00:00,103920.0,102510.0,12,-1.3568129330254086,-0.11306774441878405,30.0,-1.0,2343.0,2459.0,2026-02-02 09:00:00,2026-02-27 13:30:00,101340.0,102890.0,117.0,1.5295046378527744,0.013072689212416874,278982.0,,23248.5,,2382025.0,0.0,20359.188034188035,0.0,1.1419168564561664,,0.11711967758524784,,41.66666666666667,58.333333333333336,0.0,True,True,,,2026-02-27 21:00:00,103830.0,0,1,2026-03-02 10:00:00,103140.0,2026-03-02 22:00:00,102510.0,1,2,1.611285142353574,629.7411095151197,4.0
CU:1h:1:1:2454:2460:3,CU,4h,1095,2026-03-02 15:00:00,500.0,1,1,BOS,1,89270.0,225.0,CHoCH,1,103250.0,4.0,18,1,3,0,current_internal_high,internal,0.0,6.0,103250.0,103250.0,103250.0,0.7513661202185792,current_internal_low,internal,0.0,2.0,101780.0,101780.0,101780.0,0.6830601092896175,103220.0,104000.0,103200.0,103850.0,29550.0,199587.0,1,1,1,0,1,0,active_bull_internal_ob,103250.0,6.0,above,0.7513661202185792,103620.0,True,4.0,101780.0,2.0,below,0.6830601092896175,99400.0,False,,114140.0,11.0,above,11.37782982045277,89270.0,False,,84950.0,249.0,below,17.105776736924277,77950.0,False,,-1,-1,-0.0006237637682687047,-55,DOWN_CONFIRMED,-0.05077198682106264,-0.08261106063861945,0.015933660708282612,0.9771539816538083,-0.0006237637682687047,-0.034307007254778754,-0.004833534865551936,-0.008388705586346967,-0.014248718313617403,109404.69366491759,-5.077198682106264,0.5518977536793201,-0.1982359007787533,,10,-1,1041,1095,2026-02-02 13:30:00,2026-03-02 13:30:00,98580.0,103850.0,55,5.3459119496855445,0.09719839908519172,9.0,1.0,582.0,1040.0,2025-08-12 21:00:00,2026-02-02 09:00:00,79460.0,100110.0,459.0,25.987918449534362,0.05661855871358249,2437734.0,,44322.43636363636,,19025759.0,0.0,41450.45533769063,0.0,1.0692870802636094,,0.12812808151306868,,9.090909090909092,78.18181818181819,12.727272727272727,False,True,,,,,0,0,2026-02-24 21:00:00,101820.0,2026-02-24 13:30:00,101510.0,5,4,0.1928756341476369,958.1911352684147,
CU:1h:1:1:2454:2460:4,CU,5m,25503,2026-03-02 23:50:00,0.0,1,-1,CHoCH,1,103250.0,133.0,CHoCH,-1,103600.0,33.0,77,7,36,2,current_internal_high,internal,0.0,3.0,102750.0,102750.0,102750.0,0.20479812755997662,current_internal_low,internal,0.0,0.0,102460.0,102460.0,102460.0,0.07801833430856252,102630.0,102650.0,102470.0,102540.0,395.0,199002.0,1,1,1,0,1,0,active_bull_internal_ob,102750.0,3.0,above,0.20479812755997662,104000.0,False,,102460.0,0.0,below,0.07801833430856252,102380.0,False,,104520.0,73.0,above,1.930953774136922,103250.0,False,,102360.0,14.0,below,0.17554125219426564,101920.0,False,,0,0,-0.00010661048019335872,-15,NONE,-0.006001075399065044,-0.006329809754076956,0.0008791197315502098,0.6457739658879595,-0.00010661048019335872,-0.0015991572029003809,-0.0002564934433907373,-0.0008689251433194878,,103159.06532913723,-0.6001075399065043,-0.1071602532878746,-1.018636467112439,,350,-1,25489,25503,2026-03-02 22:35:00,2026-03-02 23:45:00,102510.0,102540.0,15,0.029265437518288806,0.0019510291678859204,349.0,1.0,25463.0,25488.0,2026-03-02 14:25:00,2026-03-02 22:30:00,103870.0,102410.0,26.0,-1.4056031577934003,-0.05406165991513078,16295.0,,1086.3333333333333,,54949.0,0.0,2113.423076923077,0.0,0.5140160269825959,,0.29654770787457463,,0.0,0.0,100.0,True,True,,,,,0,0,,,,,0,0,0.1388856483378476,179.117587356518,
CU:1h:1:1:2454:2460:4,CU,15m,8500,2026-03-02 23:45:00,5.0,1,1,CHoCH,1,103250.0,44.0,CHoCH,1,103820.0,13.0,44,4,18,2,current_swing_high,swing,0.0,53.0,103250.0,103250.0,103250.0,0.6924127169884924,active_bull_internal_ob,internal,1.0,46.0,102160.0,102430.0,102295.0,0.10727520967427347,102490.0,102650.0,102470.0,102650.0,1154.0,198981.0,0,0,0,0,0,0,,104000.0,7.0,above,1.423834601131266,103820.0,False,,102360.0,16.0,below,0.17554125219426564,103320.0,False,,103250.0,53.0,above,0.6924127169884924,103620.0,True,44.0,101780.0,13.0,below,0.7411741759313439,99400.0,False,,0,0,0.00032652145794747316,45,NONE,-0.010342094880559745,-0.006104992101045025,0.007044830767300419,0.2737706573550742,0.00032652145794747316,0.014693465607636291,-0.0011171122828348423,-0.0023933267028286576,-0.0035190342630484484,103722.71010921833,-1.0342094880559745,0.15611279149185808,-1.4818119610494875,,113,1,8456,8500,2026-02-27 14:15:00,2026-03-02 23:30:00,103580.0,102650.0,45,-0.8978567290982786,-0.019952371757739524,112.0,-1.0,8437.0,8455.0,2026-02-26 23:15:00,2026-02-27 14:00:00,101880.0,102900.0,19.0,1.0011778563015383,0.05269357138429149,281574.0,,6257.2,,76159.0,0.0,4008.3684210526317,0.0,1.5610341522341415,,3.6971861500282306,,22.22222222222222,51.11111111111111,26.666666666666668,True,True,,,2026-02-27 21:15:00,104150.0,0,1,2026-03-02 11:00:00,103160.0,2026-03-02 21:00:00,103300.0,3,4,1.1539459266613166,328.92851237533245,
CU:1h:1:1:2454:2460:4,CU,1h,2471,2026-03-02 23:00:00,50.0,-1,1,CHoCH,-1,99210.0,125.0,BOS,1,103250.0,11.0,28,1,8,1,current_internal_high,internal,0.0,5.0,104520.0,104520.0,104520.0,1.930953774136922,current_internal_low,internal,0.0,0.0,102360.0,102360.0,102360.0,0.17554125219426564,103210.0,103210.0,102380.0,102510.0,28090.0,199060.0,1,1,1,0,1,0,active_bull_internal_ob,104520.0,5.0,above,1.930953774136922,103250.0,False,,102360.0,0.0,below,0.17554125219426564,101920.0,False,,114140.0,90.0,above,11.312658474741564,105650.0,False,,97920.0,42.0,below,4.505558806319486,99210.0,False,,0,0,0.0026877425309662453,12,NONE,-0.01723924336924976,-0.006925882803235914,0.01115957205853615,0.17769846640920095,0.0026877425309662453,0.032252910371594945,-0.0009039999680511279,-0.0018453744182271858,,104308.19434776818,-1.7239243369249762,-0.6878511916295293,0.7109004236948391,,31,1,2460,2471,2026-02-27 14:00:00,2026-03-02 22:00:00,103920.0,102510.0,12,-1.3568129330254086,-0.11306774441878405,30.0,-1.0,2343.0,2459.0,2026-02-02 09:00:00,2026-02-27 13:30:00,101340.0,102890.0,117.0,1.5295046378527744,0.013072689212416874,278982.0,,23248.5,,2382025.0,0.0,20359.188034188035,0.0,1.1419168564561664,,0.11711967758524784,,41.66666666666667,58.333333333333336,0.0,True,True,,,2026-02-27 21:00:00,103830.0,0,1,2026-03-02 10:00:00,103140.0,2026-03-02 22:00:00,102510.0,1,2,1.611285142353574,629.7411095151197,4.0
CU:1h:1:1:2454:2460:4,CU,4h,1095,2026-03-02 15:00:00,530.0,1,1,BOS,1,89270.0,225.0,CHoCH,1,103250.0,4.0,18,1,3,0,current_internal_high,internal,0.0,6.0,103250.0,103250.0,103250.0,0.6924127169884924,current_internal_low,internal,0.0,2.0,101780.0,101780.0,101780.0,0.7411741759313439,103220.0,104000.0,103200.0,103850.0,29550.0,199587.0,1,1,1,0,1,0,active_bull_internal_ob,103250.0,6.0,above,0.6924127169884924,103620.0,True,4.0,101780.0,2.0,below,0.7411741759313439,99400.0,False,,114140.0,11.0,above,11.312658474741564,89270.0,False,,84950.0,249.0,below,17.15428125609518,77950.0,False,,-1,-1,-0.0006237637682687047,-55,DOWN_CONFIRMED,-0.05077198682106264,-0.08261106063861945,0.015933660708282612,0.9771539816538083,-0.0006237637682687047,-0.034307007254778754,-0.004833534865551936,-0.008388705586346967,-0.014248718313617403,109404.69366491759,-5.077198682106264,0.5518977536793201,-0.1982359007787533,,10,-1,1041,1095,2026-02-02 13:30:00,2026-03-02 13:30:00,98580.0,103850.0,55,5.3459119496855445,0.09719839908519172,9.0,1.0,582.0,1040.0,2025-08-12 21:00:00,2026-02-02 09:00:00,79460.0,100110.0,459.0,25.987918449534362,0.05661855871358249,2437734.0,,44322.43636363636,,19025759.0,0.0,41450.45533769063,0.0,1.0692870802636094,,0.12812808151306868,,9.090909090909092,78.18181818181819,12.727272727272727,False,True,,,,,0,0,2026-02-24 21:00:00,101820.0,2026-02-24 13:30:00,101510.0,5,4,0.1928756341476369,958.1911352684147,
CU:1h:1:1:2454:2460:5,CU,5m,25521,2026-03-03 09:20:00,0.0,-1,1,CHoCH,-1,102360.0,6.0,CHoCH,1,102650.0,3.0,77,7,36,3,current_internal_high,internal,0.0,8.0,102650.0,102650.0,102650.0,0.06823942288945213,active_bull_internal_ob,internal,1.0,3.0,102270.0,102400.0,102335.0,0.17547280171573407,102730.0,102760.0,102540.0,102580.0,1965.0,197994.0,0,0,0,0,0,0,,102650.0,8.0,above,0.06823942288945213,102750.0,True,3.0,102270.0,1.0,below,0.3022031585104309,102460.0,False,,104000.0,6.0,above,1.3842854357574577,104520.0,False,,102360.0,32.0,below,0.21446675765256387,101920.0,True,6.0,0,0,-0.00012001254267896504,-33,NONE,-0.0032559864569785386,-0.005795664221941749,0.0014004659104259758,0.9651189354739464,-0.00012001254267896504,-0.0039604139084058465,-0.0008935127371981766,-0.0013333304269653734,-0.0024541556676739296,102915.09013971363,-0.32559864569785385,-0.12656995424009665,1.024062499044229,,350,-1,25489,25521,2026-03-02 22:35:00,2026-03-03 09:15:00,102510.0,102580.0,33,0.06828602087600721,0.0020692733598790063,349.0,1.0,25463.0,25488.0,2026-03-02 14:25:00,2026-03-02 22:30:00,103870.0,102410.0,26.0,-1.4056031577934003,-0.05406165991513078,35768.0,,1083.878787878788,,54949.0,0.0,2113.423076923077,0.0,0.512854619462565,,0.6509308631640248,,0.0,12.121212121212121,87.87878787878788,False,True,,,,,0,0,2026-03-03 09:00:00,102700.0,,,1,0,0.24164027742048366,176.98503051768253,
CU:1h:1:1:2454:2460:5,CU,15m,8506,2026-03-03 09:15:00,5.0,1,-1,CHoCH,1,103250.0,50.0,CHoCH,-1,102360.0,1.0,44,5,18,2,current_swing_high,swing,0.0,59.0,103250.0,103250.0,103250.0,0.653148761941899,active_bull_internal_ob,internal,1.0,52.0,102160.0,102430.0,102295.0,0.1462273347631117,102580.0,102770.0,102380.0,102710.0,7592.0,198130.0,0,0,0,0,0,0,,104000.0,13.0,above,1.3842854357574577,103820.0,False,,102360.0,22.0,below,0.21446675765256387,103320.0,True,1.0,103250.0,59.0,above,0.653148761941899,103620.0,True,50.0,101780.0,19.0,below,0.7798791187365958,99400.0,False,,0,0,-0.00016093103252916573,-5,NONE,-0.008647085095441263,-0.01126126627931441,0.0016287977750383598,0.9457504463595849,-0.00016093103252916573,-0.0008046551626458287,,,,103605.88893803603,-0.8647085095441263,0.42041454829879754,1.0544505333269285,,114,-1,8502,8506,2026-03-03 00:00:00,2026-03-03 09:00:00,102620.0,102710.0,5,0.08770220229974424,0.017540440459948847,113.0,1.0,8456.0,8501.0,2026-02-27 14:15:00,2026-03-02 23:45:00,103580.0,102480.0,46.0,-1.0619810774280758,-0.02308654516147991,16194.0,,3238.8,,283283.0,0.0,6158.326086956522,0.0,0.5259221344026997,,0.0571654493915978,,0.0,0.0,100.0,True,True,,,,,0,0,,,,,0,0,0.14463717797262862,312.2914870039623,
CU:1h:1:1:2454:2460:5,CU,1h,2473,2026-03-03 01:00:00,500.0,-1,-1,CHoCH,-1,99210.0,127.0,CHoCH,-1,102360.0,0.0,28,2,8,1,active_bear_internal_ob,internal,-1.0,0.0,103600.0,104000.0,103800.0,0.9943458763891596,active_bull_internal_ob,internal,1.0,13.0,101780.0,102550.0,102165.0,0.029245466952622347,102480.0,102650.0,102250.0,102280.0,8602.0,198610.0,0,0,0,0,0,0,,104520.0,7.0,above,1.8912068629362448,103250.0,False,,102360.0,2.0,below,0.21446675765256387,101920.0,True,0.0,114140.0,92.0,above,11.26925326574381,105650.0,False,,97920.0,44.0,below,4.54279586664067,99210.0,False,,0,0,0.002282110602519546,14,NONE,-0.01915599378997995,-0.00854696848096157,0.011073570245031559,0.16901897046990455,0.002282110602519546,0.031949548435273645,-0.0010378210160213452,-0.001964150000496101,,104277.53990689079,-1.9155993789979948,-0.1951600312256052,-0.777471666362904,,31,1,2460,2473,2026-02-27 14:00:00,2026-03-03 00:00:00,103920.0,102280.0,14,-1.5781370284834506,-0.11272407346310362,30.0,-1.0,2343.0,2459.0,2026-02-02 09:00:00,2026-02-27 13:30:00,101340.0,102890.0,117.0,1.5295046378527744,0.013072689212416874,296002.0,,21143.0,,2382025.0,0.0,20359.188034188035,0.0,1.0384991761211573,,0.12426485868116413,,35.714285714285715,64.28571428571429,0.0,True,True,,,2026-02-27 21:00:00,103830.0,0,1,2026-03-02 10:00:00,103140.0,2026-03-02 22:00:00,102510.0,1,2,1.2956137921530906,596.1033036125267,4.0
CU:1h:1:1:2454:2460:5,CU,4h,1097,2026-03-03 01:00:00,500.0,1,1,BOS,1,89270.0,227.0,CHoCH,1,103250.0,6.0,18,1,3,0,current_internal_high,internal,0.0,0.0,104520.0,104520.0,104520.0,1.8912068629362448,current_internal_low,internal,0.0,4.0,101780.0,101780.0,101780.0,0.7798791187365958,102480.0,102650.0,102250.0,102280.0,8602.0,198610.0,1,1,1,0,1,0,active_bull_internal_ob,104520.0,0.0,above,1.8912068629362448,103250.0,False,,101780.0,4.0,below,0.7798791187365958,99400.0,False,,114140.0,13.0,above,11.26925326574381,89270.0,False,,84950.0,251.0,below,17.18658607915773,77950.0,False,,-1,-1,-0.0006292596394866088,-57,DOWN_CONFIRMED,-0.06360894340279898,-0.08191569607445989,0.016071524389846395,0.8726651144535507,-0.0006292596394866088,-0.035867799450736704,-0.0038682423083242767,-0.008658404106840711,-0.0142360379516413,109227.8693601373,-6.360894340279898,-0.1951600312256052,-1.1586400891426785,,10,-1,1041,1097,2026-02-02 13:30:00,2026-03-03 00:00:00,98580.0,102280.0,57,3.7532968147697243,0.06584731253981972,9.0,1.0,582.0,1040.0,2025-08-12 21:00:00,2026-02-02 09:00:00,79460.0,100110.0,459.0,25.987918449534362,0.05661855871358249,2507546.0,,43992.0350877193,,19025759.0,0.0,41450.45533769063,0.0,1.0613160875875258,,0.13179742264158817,,8.771929824561402,78.94736842105263,12.280701754385964,True,True,,,,,0,0,2026-02-24 21:00:00,101820.0,2026-03-02 21:00:00,102480.0,5,5,0.19619590823274782,952.2668462263372,
CU:1h:1:1:2454:2460:6,CU,5m,25526,2026-03-03 09:45:00,0.0,-1,1,CHoCH,-1,102360.0,11.0,CHoCH,1,102650.0,8.0,77,7,36,3,current_internal_high,internal,0.0,13.0,102650.0,102650.0,102650.0,0.09751340809361286,active_bull_internal_ob,internal,1.0,8.0,102270.0,102400.0,102335.0,0.14627011214041932,102650.0,102720.0,102550.0,102550.0,1299.0,197854.0,0,0,0,0,0,0,,102650.0,13.0,above,0.09751340809361286,102750.0,True,8.0,102270.0,6.0,below,0.27303754266211605,102460.0,False,,104000.0,11.0,above,1.4139444173573867,104520.0,False,,102360.0,37.0,below,0.18527547537786446,101920.0,True,11.0,0,0,-0.00011356677150545371,-38,NONE,-0.0031920915551143926,-0.005346732027294516,0.001748743332952008,0.8910456092585829,-0.00011356677150545371,-0.004315537317207241,-0.0003565354367036644,-0.0012497296049478468,-0.002123989479972832,102878.39726310727,-0.31920915551143925,-0.10714981492304654,0.24256435043213267,,350,-1,25489,25526,2026-03-02 22:35:00,2026-03-03 09:40:00,102510.0,102550.0,38,0.03902058335771841,0.0010268574567820633,349.0,1.0,25463.0,25488.0,2026-03-02 14:25:00,2026-03-02 22:30:00,103870.0,102410.0,26.0,-1.4056031577934003,-0.05406165991513078,41708.0,,1097.578947368421,,54949.0,0.0,2113.423076923077,0.0,0.5193370694931472,,0.7590311015669075,,0.0,23.684210526315788,76.31578947368422,False,True,,,,,0,0,2026-03-03 09:00:00,102700.0,,,1,0,0.32706769743178704,174.10647895222584,
CU:1h:1:1:2454:2460:6,CU,15m,8508,2026-03-03 09:45:00,0.0,1,-1,CHoCH,1,103250.0,52.0,CHoCH,-1,102360.0,3.0,44,5,18,2,current_swing_high,swing,0.0,61.0,103250.0,103250.0,103250.0,0.6825938566552902,active_bull_internal_ob,internal,1.0,54.0,102160.0,102430.0,102295.0,0.11701608971233544,102670.0,102790.0,102550.0,102550.0,3538.0,197854.0,0,0,0,0,0,0,,104000.0,15.0,above,1.4139444173573867,103820.0,False,,102250.0,1.0,below,0.29254022428083865,102360.0,False,,103250.0,61.0,above,0.6825938566552902,103620.0,True,52.0,101780.0,21.0,below,0.7508532423208191,99400.0,False,,0,0,-0.0001756571687841094,-7,NONE,-0.00977026679764776,-0.010697096909297285,0.0016605790647289936,0.7116244776772711,-0.0001756571687841094,-0.0012296001814887658,-0.0010889743849986644,,,103561.82667668295,-0.977026679764776,-0.11687932209992757,-0.33238477316274406,,114,-1,8502,8508,2026-03-03 00:00:00,2026-03-03 09:30:00,102620.0,102550.0,7,-0.06821282401091588,-0.009744689144416554,113.0,1.0,8456.0,8501.0,2026-02-27 14:15:00,2026-03-02 23:45:00,103580.0,102480.0,46.0,-1.0619810774280758,-0.02308654516147991,24099.0,,3442.714285714286,,283283.0,0.0,6158.326086956522,0.0,0.5590341006797341,,0.08507040662517694,,0.0,0.0,100.0,True,True,,,,,0,0,,,,,0,0,0.15523642337817062,302.99623114117156,
CU:1h:1:1:2454:2460:6,CU,1h,2473,2026-03-03 01:00:00,525.0,-1,-1,CHoCH,-1,99210.0,127.0,CHoCH,-1,102360.0,0.0,28,2,8,1,active_bear_internal_ob,internal,-1.0,0.0,103600.0,104000.0,103800.0,1.023890784982935,current_internal_low,internal,0.0,2.0,102360.0,102360.0,102360.0,0.18527547537786446,102480.0,102650.0,102250.0,102280.0,8602.0,198610.0,1,1,1,0,1,0,active_bull_internal_ob,104520.0,7.0,above,1.9210141394441735,103250.0,False,,102360.0,2.0,below,0.18527547537786446,101920.0,True,0.0,114140.0,92.0,above,11.301803998049733,105650.0,False,,97920.0,44.0,below,4.514870794734276,99210.0,False,,0,0,0.002282110602519546,14,NONE,-0.01915599378997995,-0.00854696848096157,0.011073570245031559,0.16901897046990455,0.002282110602519546,0.031949548435273645,-0.0010378210160213452,-0.001964150000496101,,104277.53990689079,-1.9155993789979948,-0.1951600312256052,-0.777471666362904,,31,1,2460,2473,2026-02-27 14:00:00,2026-03-03 00:00:00,103920.0,102280.0,14,-1.5781370284834506,-0.11272407346310362,30.0,-1.0,2343.0,2459.0,2026-02-02 09:00:00,2026-02-27 13:30:00,101340.0,102890.0,117.0,1.5295046378527744,0.013072689212416874,296002.0,,21143.0,,2382025.0,0.0,20359.188034188035,0.0,1.0384991761211573,,0.12426485868116413,,35.714285714285715,64.28571428571429,0.0,True,True,,,2026-02-27 21:00:00,103830.0,0,1,2026-03-02 10:00:00,103140.0,2026-03-02 22:00:00,102510.0,1,2,1.2956137921530906,596.1033036125267,4.0
CU:1h:1:1:2454:2460:6,CU,4h,1097,2026-03-03 01:00:00,525.0,1,1,BOS,1,89270.0,227.0,CHoCH,1,103250.0,6.0,18,1,3,0,current_internal_high,internal,0.0,0.0,104520.0,104520.0,104520.0,1.9210141394441735,current_internal_low,internal,0.0,4.0,101780.0,101780.0,101780.0,0.7508532423208191,102480.0,102650.0,102250.0,102280.0,8602.0,198610.0,1,1,1,0,1,0,active_bull_internal_ob,104520.0,0.0,above,1.9210141394441735,103250.0,False,,101780.0,4.0,below,0.7508532423208191,99400.0,False,,114140.0,13.0,above,11.301803998049733,89270.0,False,,84950.0,251.0,below,17.162359824475864,77950.0,False,,-1,-1,-0.0006292596394866088,-57,DOWN_CONFIRMED,-0.06360894340279898,-0.08191569607445989,0.016071524389846395,0.8726651144535507,-0.0006292596394866088,-0.035867799450736704,-0.0038682423083242767,-0.008658404106840711,-0.0142360379516413,109227.8693601373,-6.360894340279898,-0.1951600312256052,-1.1586400891426785,,10,-1,1041,1097,2026-02-02 13:30:00,2026-03-03 00:00:00,98580.0,102280.0,57,3.7532968147697243,0.06584731253981972,9.0,1.0,582.0,1040.0,2025-08-12 21:00:00,2026-02-02 09:00:00,79460.0,100110.0,459.0,25.987918449534362,0.05661855871358249,2507546.0,,43992.0350877193,,19025759.0,0.0,41450.45533769063,0.0,1.0613160875875258,,0.13179742264158817,,8.771929824561402,78.94736842105263,12.280701754385964,True,True,,,,,0,0,2026-02-24 21:00:00,101820.0,2026-03-02 21:00:00,102480.0,5,5,0.19619590823274782,952.2668462263372,
CU:1h:1:1:2454:2460:7,CU,5m,25545,2026-03-03 13:35:00,0.0,-1,1,CHoCH,-1,102360.0,30.0,CHoCH,1,102790.0,2.0,77,7,36,3,current_internal_high,internal,0.0,15.0,102790.0,102790.0,102790.0,0.165659715455077,current_swing_low,swing,0.0,56.0,102360.0,102360.0,102360.0,0.2533619177548236,102700.0,102700.0,102540.0,102620.0,1915.0,196863.0,0,0,0,0,0,0,,102790.0,15.0,above,0.165659715455077,102650.0,True,2.0,101810.0,9.0,below,0.7893198206977198,102270.0,False,,104000.0,30.0,above,1.3447671019294485,104520.0,False,,102360.0,56.0,below,0.2533619177548236,101920.0,True,30.0,0,0,0.0028537754767297883,3,NONE,-0.0019277613453171079,0.0019957373039110253,0.004619218877264664,0.197833342395761,0.0028537754767297883,0.008561326430189364,,,,102818.20896884488,-0.19277613453171077,-0.1459569913398906,-0.14355161164706798,,351,1,25543,25545,2026-03-03 11:20:00,2026-03-03 13:30:00,102810.0,102620.0,3,-0.18480692539636356,-0.061602308465454524,350.0,-1.0,25489.0,25542.0,2026-03-02 22:35:00,2026-03-03 11:15:00,102510.0,102680.0,54.0,0.16583747927032544,0.0030710644309319525,4584.0,,1528.0,,78366.0,0.0,1451.2222222222222,0.0,1.0529055968149452,,0.05849475537860807,,100.0,0.0,0.0,True,True,,,2026-03-03 11:25:00,102770.0,0,1,,,,,0,0,2.3145425343367734,176.30272589359902,
CU:1h:1:1:2454:2460:7,CU,15m,8514,2026-03-03 11:30:00,125.0,1,-1,CHoCH,1,103250.0,58.0,BOS,-1,102250.0,5.0,43,5,18,2,current_internal_high,internal,0.0,1.0,102790.0,102790.0,102790.0,0.165659715455077,active_bull_internal_ob,internal,1.0,73.0,101780.0,102270.0,102025.0,0.34106412005457026,102560.0,102830.0,102510.0,102770.0,3754.0,196925.0,0,0,0,0,0,0,,102790.0,1.0,above,0.165659715455077,104000.0,False,,102250.0,7.0,below,0.36055349834340283,102360.0,True,5.0,104520.0,4.0,above,1.8514909374390955,103250.0,False,,101780.0,27.0,below,0.8185538881309686,99400.0,False,,0,0,-0.00028535056782004356,-13,NONE,-0.0051757731117831095,-0.009967762826853334,0.0024519918116534794,0.9746686226536275,-0.00028535056782004356,-0.0037095573816605665,-0.001339059092218875,-0.0034789758632983725,,103304.68159331198,-0.517577311178311,0.2047581903276141,-0.2862713170763185,,114,-1,8502,8514,2026-03-03 00:00:00,2026-03-03 11:15:00,102620.0,102770.0,13,0.1461703371662404,0.0112438720897108,113.0,1.0,8456.0,8501.0,2026-02-27 14:15:00,2026-03-02 23:45:00,103580.0,102480.0,46.0,-1.0619810774280758,-0.02308654516147991,63426.0,,4878.923076923077,,283283.0,0.0,6158.326086956522,0.0,0.7922482518840225,,0.22389624509765851,,0.0,23.076923076923077,76.92307692307693,False,True,,,,,0,0,2026-03-03 10:45:00,102570.0,,,1,0,0.24599219044897105,315.5653449878303,
CU:1h:1:1:2454:2460:7,CU,1h,2476,2026-03-03 11:30:00,125.0,-1,-1,CHoCH,-1,99210.0,130.0,CHoCH,-1,102360.0,3.0,28,2,8,1,active_bear_internal_ob,internal,-1.0,3.0,103600.0,104000.0,103800.0,0.9549795361527967,active_bull_internal_ob,internal,1.0,16.0,101780.0,102550.0,102165.0,0.06821282401091405,102570.0,102830.0,102480.0,102770.0,6796.0,196925.0,0,0,0,0,0,0,,104000.0,2.0,above,1.3447671019294485,104520.0,False,,102360.0,5.0,below,0.2533619177548236,101920.0,True,3.0,114140.0,95.0,above,11.22588189436757,105650.0,False,,97920.0,47.0,below,4.580003897875658,99210.0,False,,0,0,0.0018171523082025044,17,NONE,-0.01344557540847524,-0.010000855650926134,0.010624753427234651,0.37288708730962783,0.0018171523082025044,0.030891589239442574,-0.0013187864315754583,-0.0022215942167346237,,104170.6341163602,-1.3445575408475239,0.1949887881446788,-0.9681410647970463,,31,1,2460,2476,2026-02-27 14:00:00,2026-03-03 11:00:00,103920.0,102770.0,17,-1.106620477290221,-0.06509532219354242,30.0,-1.0,2343.0,2459.0,2026-02-02 09:00:00,2026-02-27 13:30:00,101340.0,102890.0,117.0,1.5295046378527744,0.013072689212416874,350826.0,,20636.823529411766,,2382025.0,0.0,20359.188034188035,0.0,1.0136368648276892,,0.14728057010316853,,29.411764705882355,52.94117647058824,17.647058823529413,True,True,,,2026-02-27 21:00:00,103830.0,0,1,2026-03-02 10:00:00,103140.0,2026-03-02 22:00:00,102510.0,1,2,1.0623844397004911,611.9493287305836,2.0
CU:1h:1:1:2454:2460:7,CU,4h,1098,2026-03-03 11:30:00,125.0,1,1,BOS,1,89270.0,228.0,CHoCH,1,103250.0,7.0,18,1,3,0,current_internal_high,internal,0.0,1.0,104520.0,104520.0,104520.0,1.8514909374390955,current_internal_low,internal,0.0,5.0,101780.0,101780.0,101780.0,0.8185538881309686,102580.0,102830.0,101810.0,102770.0,54824.0,196925.0,1,1,1,0,1,0,active_bull_internal_ob,104520.0,1.0,above,1.8514909374390955,103250.0,False,,101780.0,5.0,below,0.8185538881309686,99400.0,False,,114140.0,14.0,above,11.22588189436757,89270.0,False,,84950.0,252.0,below,17.21886571818359,77950.0,False,,-1,-1,-0.0006408938504187494,-58,DOWN_CONFIRMED,-0.057848595222393176,-0.08150074605976908,0.01623745711349851,0.9273922911843238,-0.0006408938504187494,-0.03717184332428747,-0.005028507678318639,-0.008913283333090827,-0.014483272247287404,109080.13242760985,-5.7848595222393175,0.4790770434102365,0.9887144475004426,,10,-1,1041,1098,2026-02-02 13:30:00,2026-03-03 09:00:00,98580.0,102770.0,58,4.250355041590592,0.07328198347569986,9.0,1.0,582.0,1040.0,2025-08-12 21:00:00,2026-02-02 09:00:00,79460.0,100110.0,459.0,25.987918449534362,0.05661855871358249,2562370.0,,44178.793103448275,,19025759.0,0.0,41450.45533769063,0.0,1.0658216597026566,,0.1346789896792028,,8.620689655172415,79.3103448275862,12.068965517241379,True,True,,,,,0,0,2026-03-03 09:00:00,102770.0,2026-03-02 21:00:00,102480.0,6,5,0.19923077883962767,957.1049286387417,
CU:1h:1:-1:2469:2473:1,CU,5m,28787,2026-04-22 22:30:00,0.0,1,1,BOS,1,102810.0,5.0,BOS,1,102790.0,5.0,85,7,36,3,active_bear_internal_ob,internal,-1.0,3317.0,103820.0,104000.0,103910.0,0.21235521235521237,current_swing_high,swing,0.0,50.0,102810.0,102810.0,102810.0,0.7625482625482625,103510.0,103700.0,103460.0,103600.0,4096.0,213640.0,0,0,0,0,0,0,,102790.0,19.0,below,0.781853281853282,102810.0,True,5.0,102490.0,9.0,below,1.0714285714285714,102570.0,False,,102810.0,50.0,below,0.7625482625482625,103230.0,True,5.0,102060.0,18.0,below,1.4864864864864866,101930.0,False,,1,1,7.33144198731568e-05,109,UP_CONFIRMED,0.006535949529498297,0.0014180727747858096,0.0019988949197107995,0.9947717066112998,7.33144198731568e-05,0.00799127176617409,0.0031468894189268237,0.003585831382851401,0.004220517434974758,102927.2725414601,0.6535949529498297,0.08694812095448867,1.1910362411045652,,387,1,28679,28787,2026-04-21 21:10:00,2026-04-22 22:25:00,102590.0,103600.0,109,0.984501413393124,0.009032123058652515,386.0,-1.0,28606.0,28678.0,2026-04-20 22:50:00,2026-04-21 21:05:00,102550.0,102470.0,73.0,-0.07801072647488638,-0.0010686400886970738,115787.0,,1062.2660550458716,,67867.0,0.0,929.6849315068494,0.0,1.1426086613280184,,1.7060869052706027,,53.21100917431193,27.522935779816514,19.26605504587156,False,False,2026-04-22 11:00:00,102410.0,2026-04-22 10:30:00,102290.0,4,4,2026-04-22 21:35:00,102620.0,2026-04-22 21:30:00,102570.0,6,6,1.4095855694096653,140.5315889423929,
CU:1h:1:-1:2469:2473:1,CU,15m,9595,2026-04-22 22:30:00,0.0,1,1,BOS,1,103230.0,1.0,BOS,1,102810.0,1.0,49,5,18,3,active_bear_internal_ob,internal,-1.0,1090.0,103780.0,104000.0,103890.0,0.17374517374517373,current_swing_high,swing,0.0,27.0,103230.0,103230.0,103230.0,0.35714285714285715,103240.0,103700.0,103240.0,103600.0,13130.0,213640.0,0,0,0,0,0,0,,102810.0,5.0,below,0.7625482625482625,102580.0,True,1.0,102140.0,10.0,below,1.4092664092664093,102060.0,False,,103230.0,27.0,below,0.35714285714285715,103130.0,True,1.0,101600.0,62.0,below,1.9305019305019304,95370.0,False,,0,0,0.00029330026398472435,11,NONE,0.01035395386563239,0.005057455218829099,0.0020716257812695743,0.9947162868256868,0.00029330026398472435,0.003226302903831968,0.0024857751728089017,0.003226302903831968,,102538.32293487301,1.035395386563239,0.34870205346764216,2.7153675087171374,,129,1,9585,9595,2026-04-22 13:45:00,2026-04-22 22:15:00,102690.0,103600.0,11,0.8861622358554921,0.0805602032595902,128.0,-1.0,9548.0,9584.0,2026-04-21 10:00:00,2026-04-22 13:30:00,102220.0,102650.0,37.0,0.42066131872431356,0.011369224830386854,54124.0,,4920.363636363636,,104207.0,0.0,2816.4054054054054,0.0,1.7470367110218559,,0.5193892924659572,,100.0,0.0,0.0,True,False,,,,,0,0,,,,,0,0,0.4096182154133234,222.33934448617083,
CU:1h:1:-1:2469:2473:1,CU,1h,2790,2026-04-22 22:00:00,30.0,1,1,CHoCH,1,101980.0,54.0,BOS,1,102750.0,26.0,27,2,9,1,active_bear_internal_ob,internal,-1.0,447.0,112040.0,114140.0,113090.0,8.146718146718147,current_internal_high,internal,0.0,4.0,102810.0,102810.0,102810.0,0.7625482625482625,102620.0,102800.0,102490.0,102730.0,13166.0,203930.0,1,1,0,1,1,0,active_bear_internal_ob,102810.0,4.0,below,0.7625482625482625,103230.0,False,,102060.0,1.0,below,1.4864864864864866,101930.0,False,,101980.0,220.0,below,1.563706563706564,104520.0,True,54.0,91500.0,140.0,below,11.67953667953668,98390.0,False,,1,1,0.0006372732818918004,129,UP_CONFIRMED,0.009389673962982325,0.019221767483152453,0.007606840194192308,0.0980862775675066,0.0006372732818918004,0.08220825336404225,0.0013375893686178308,0.0027049909902323588,0.005654625402666813,101774.37183072219,0.9389673962982326,0.08768511301637805,0.8968591574179304,,33,1,2662,2790,2026-04-01 00:00:00,2026-04-22 21:00:00,96760.0,102730.0,129,6.1699049193881805,0.047828720305334735,32.0,-1.0,2479.0,2661.0,2026-03-03 21:00:00,2026-03-31 23:00:00,100970.0,96170.0,183.0,-4.753887293255421,-0.025977526192652572,1346763.0,,10440.023255813954,,2768836.0,0.0,15130.25136612022,0.0,0.6900099015665621,,0.48640042241577325,,46.51162790697674,51.162790697674424,2.3255813953488373,False,False,,,,,0,0,2026-04-22 11:00:00,102460.0,2026-04-21 23:00:00,102180.0,11,11,0.3957409328179405,367.71173902906827,4.0
CU:1h:1:-1:2469:2473:1,CU,4h,1237,2026-04-22 15:00:00,450.0,-1,1,CHoCH,-1,97920.0,93.0,BOS,1,98500.0,31.0,19,2,3,1,current_swing_high,swing,0.0,95.0,104520.0,104520.0,104520.0,0.8880308880308879,current_internal_high,internal,0.0,4.0,103230.0,103230.0,103230.0,0.35714285714285715,102560.0,102810.0,102440.0,102640.0,21136.0,204017.0,2,2,0,2,1,1,active_bear_internal_ob|active_bear_swing_ob,103230.0,4.0,below,0.35714285714285715,103130.0,False,,101930.0,0.0,below,1.611969111969112,101600.0,False,,104520.0,95.0,above,0.8880308880308879,114140.0,False,,91500.0,33.0,below,11.67953667953668,97920.0,False,,0,0,0.001275166263182523,42,NONE,0.03854715295165707,0.04883095433890407,0.008666339782898387,0.11768537311370586,0.001275166263182523,0.05355698305366596,0.005069220353802528,0.012268320166481494,0.02547915115372401,98830.37058865034,3.8547152951657067,0.1756783134881923,-0.056562228717890274,,11,1,1196,1237,2026-04-08 09:00:00,2026-04-22 13:30:00,97670.0,102640.0,42,5.08856353025493,0.12115627452987929,10.0,-1.0,1041.0,1195.0,2026-02-02 13:30:00,2026-04-08 00:00:00,98580.0,95850.0,155.0,-2.769324406573337,-0.017866609074666688,1006441.0,,23962.880952380954,,5711580.0,0.0,36848.903225806454,0.0,0.650301063386847,,0.1762106107241779,,97.61904761904762,2.380952380952381,0.0,False,False,,,,,0,0,2026-04-08 09:00:00,97670.0,,,1,0,0.1774763549110863,552.4199124675079,
CU:1h:1:-1:2469:2473:2,CU,5m,28791,2026-04-22 22:50:00,0.0,1,1,BOS,1,102810.0,9.0,BOS,1,102790.0,9.0,85,7,36,3,active_bear_internal_ob,internal,-1.0,3321.0,103820.0,104000.0,103910.0,0.21235521235521237,current_swing_high,swing,0.0,54.0,102810.0,102810.0,102810.0,0.7625482625482625,103370.0,103630.0,103350.0,103600.0,2257.0,214524.0,0,0,0,0,0,0,,102790.0,23.0,below,0.781853281853282,102810.0,True,9.0,102490.0,13.0,below,1.0714285714285714,102570.0,False,,102810.0,54.0,below,0.7625482625482625,103230.0,True,9.0,102060.0,22.0,below,1.4864864864864866,101930.0,False,,1,1,7.956144245087374e-05,113,UP_CONFIRMED,0.005539208905748433,0.0015364079179254083,0.0020635424664476603,0.9737962707455758,7.956144245087374e-05,0.008990442996948733,0.001605501771125839,0.004452796837543627,0.004689424975723222,103029.29918838269,0.5539208905748433,0.23219814241486336,0.05054755508826768,,387,1,28679,28791,2026-04-21 21:10:00,2026-04-22 22:45:00,102590.0,103600.0,113,0.984501413393124,0.008712401888434727,386.0,-1.0,28606.0,28678.0,2026-04-20 22:50:00,2026-04-21 21:05:00,102550.0,102470.0,73.0,-0.07801072647488638,-0.0010686400886970738,125161.0,,1107.6194690265486,,67867.0,0.0,929.6849315068494,0.0,1.1913923002186342,,1.844209998968571,,53.09734513274337,28.31858407079646,18.58407079646018,True,False,2026-04-22 11:00:00,102410.0,2026-04-22 10:30:00,102290.0,4,4,2026-04-22 22:45:00,103600.0,2026-04-22 22:40:00,103360.0,7,7,1.343095438634575,160.26974989024583,
CU:1h:1:-1:2469:2473:2,CU,15m,9596,2026-04-22 22:45:00,5.0,1,1,BOS,1,103230.0,2.0,BOS,1,102810.0,2.0,49,5,18,3,active_bear_internal_ob,internal,-1.0,1091.0,103780.0,104000.0,103890.0,0.17374517374517373,current_swing_high,swing,0.0,28.0,103230.0,103230.0,103230.0,0.35714285714285715,103590.0,103630.0,103350.0,103360.0,7117.0,214167.0,0,0,0,0,0,0,,102810.0,6.0,below,0.7625482625482625,102580.0,True,2.0,102490.0,0.0,below,1.0714285714285714,102140.0,False,,103230.0,28.0,below,0.35714285714285715,103130.0,True,2.0,101600.0,63.0,below,1.9305019305019304,95370.0,False,,0,0,0.00031413520937617623,12,NONE,0.00746774889703797,0.005258313025346504,0.0020923144375661756,0.8545106329312779,0.00031413520937617623,0.0037696225125141147,0.0029219143534764402,0.0036520054143167613,,102593.85485357435,0.746774889703797,-0.23166023166023564,0.8644877848189239,,129,1,9585,9596,2026-04-22 13:45:00,2026-04-22 22:30:00,102690.0,103360.0,12,0.6524491187067882,0.054370759892232355,128.0,-1.0,9548.0,9584.0,2026-04-21 10:00:00,2026-04-22 13:30:00,102220.0,102650.0,37.0,0.42066131872431356,0.011369224830386854,61241.0,,5103.416666666667,,104207.0,0.0,2816.4054054054054,0.0,1.812031981216873,,0.587686047962229,,100.0,0.0,0.0,False,False,,,,,0,0,,,,,0,0,0.3979060256551196,226.45796273715862,
CU:1h:1:-1:2469:2473:2,CU,1h,2790,2026-04-22 22:00:00,50.0,1,1,CHoCH,1,101980.0,54.0,BOS,1,102750.0,26.0,27,2,9,1,active_bear_internal_ob,internal,-1.0,447.0,112040.0,114140.0,113090.0,8.146718146718147,current_internal_high,internal,0.0,4.0,102810.0,102810.0,102810.0,0.7625482625482625,102620.0,102800.0,102490.0,102730.0,13166.0,203930.0,1,1,0,1,1,0,active_bear_internal_ob,102810.0,4.0,below,0.7625482625482625,103230.0,False,,102060.0,1.0,below,1.4864864864864866,101930.0,False,,101980.0,220.0,below,1.563706563706564,104520.0,True,54.0,91500.0,140.0,below,11.67953667953668,98390.0,False,,1,1,0.0006372732818918004,129,UP_CONFIRMED,0.009389673962982325,0.019221767483152453,0.007606840194192308,0.0980862775675066,0.0006372732818918004,0.08220825336404225,0.0013375893686178308,0.0027049909902323588,0.005654625402666813,101774.37183072219,0.9389673962982326,0.08768511301637805,0.8968591574179304,,33,1,2662,2790,2026-04-01 00:00:00,2026-04-22 21:00:00,96760.0,102730.0,129,6.1699049193881805,0.047828720305334735,32.0,-1.0,2479.0,2661.0,2026-03-03 21:00:00,2026-03-31 23:00:00,100970.0,96170.0,183.0,-4.753887293255421,-0.025977526192652572,1346763.0,,10440.023255813954,,2768836.0,0.0,15130.25136612022,0.0,0.6900099015665621,,0.48640042241577325,,46.51162790697674,51.162790697674424,2.3255813953488373,False,False,,,,,0,0,2026-04-22 11:00:00,102460.0,2026-04-21 23:00:00,102180.0,11,11,0.3957409328179405,367.71173902906827,4.0
CU:1h:1:-1:2469:2473:2,CU,4h,1237,2026-04-22 15:00:00,470.0,-1,1,CHoCH,-1,97920.0,93.0,BOS,1,98500.0,31.0,19,2,3,1,current_swing_high,swing,0.0,95.0,104520.0,104520.0,104520.0,0.8880308880308879,current_internal_high,internal,0.0,4.0,103230.0,103230.0,103230.0,0.35714285714285715,102560.0,102810.0,102440.0,102640.0,21136.0,204017.0,2,2,0,2,1,1,active_bear_internal_ob|active_bear_swing_ob,103230.0,4.0,below,0.35714285714285715,103130.0,False,,101930.0,0.0,below,1.611969111969112,101600.0,False,,104520.0,95.0,above,0.8880308880308879,114140.0,False,,91500.0,33.0,below,11.67953667953668,97920.0,False,,0,0,0.001275166263182523,42,NONE,0.03854715295165707,0.04883095433890407,0.008666339782898387,0.11768537311370586,0.001275166263182523,0.05355698305366596,0.005069220353802528,0.012268320166481494,0.02547915115372401,98830.37058865034,3.8547152951657067,0.1756783134881923,-0.056562228717890274,,11,1,1196,1237,2026-04-08 09:00:00,2026-04-22 13:30:00,97670.0,102640.0,42,5.08856353025493,0.12115627452987929,10.0,-1.0,1041.0,1195.0,2026-02-02 13:30:00,2026-04-08 00:00:00,98580.0,95850.0,155.0,-2.769324406573337,-0.017866609074666688,1006441.0,,23962.880952380954,,5711580.0,0.0,36848.903225806454,0.0,0.650301063386847,,0.1762106107241779,,97.61904761904762,2.380952380952381,0.0,False,False,,,,,0,0,2026-04-08 09:00:00,97670.0,,,1,0,0.1774763549110863,552.4199124675079,
CU:1h:1:-1:2503:2510:1,CU,5m,25983,2026-03-10 09:05:00,0.0,1,1,CHoCH,1,100620.0,20.0,BOS,1,101170.0,3.0,76,10,35,5,active_bear_internal_ob,internal,-1.0,156.0,101400.0,101550.0,101475.0,0.03946329913180742,current_internal_high,internal,0.0,9.0,101170.0,101170.0,101170.0,0.18745067087608525,101480.0,101480.0,101190.0,101360.0,6301.0,196420.0,0,0,0,0,0,0,,101170.0,9.0,below,0.18745067087608525,100500.0,True,3.0,100860.0,4.0,below,0.49329123914759276,100050.0,False,,100620.0,29.0,below,0.7300710339384372,101550.0,True,20.0,99760.0,14.0,below,1.5785319652722969,98390.0,False,,0,0,0.000249003291582019,26,NONE,0.013425549578223147,0.012903756496958478,0.0013935547994799065,0.6459589496779419,0.000249003291582019,0.006474085581132494,0.0027562389645903185,0.0033139771718861954,0.005519448619723866,100017.21393563143,1.3425549578223146,0.19770660340054924,4.068363073207071,,359,1,25958,25983,2026-03-09 22:55:00,2026-03-10 09:00:00,100520.0,101360.0,26,0.8356545961002881,0.03214056138847262,358.0,-1.0,25842.0,25957.0,2026-03-06 21:00:00,2026-03-09 22:50:00,100350.0,100330.0,116.0,-0.019930244145494047,-0.0001718124495301211,25639.0,,986.1153846153846,,222022.0,0.0,1913.9827586206898,0.0,0.5152164407823757,,0.1154795470719118,,100.0,0.0,0.0,False,False,,,,,0,0,,,,,0,0,0.10799605524239231,149.0972468808047,
CU:1h:1:-1:2503:2510:1,CU,15m,8660,2026-03-10 01:00:00,485.0,-1,1,BOS,-1,100200.0,72.0,CHoCH,1,100500.0,8.0,42,9,17,4,active_bear_internal_ob,internal,-1.0,82.0,101840.0,102290.0,102065.0,0.4735595895816891,current_internal_high,internal,0.0,9.0,100500.0,100500.0,100500.0,0.8484609313338596,101180.0,101250.0,101110.0,101160.0,1204.0,196763.0,1,1,0,1,1,0,active_bear_internal_ob,100500.0,9.0,below,0.8484609313338596,100620.0,True,8.0,100050.0,7.0,below,1.292423046566693,99760.0,False,,102400.0,69.0,above,1.0260457774269929,104520.0,False,,100200.0,82.0,below,1.1444356748224151,101780.0,True,72.0,0,0,0.0,1,DOWN_TO_UP,0.02472443429386223,0.02472443429386223,0.0,0.5,0.0,0.0,,,,98719.22305601054,2.4724434293862227,-0.009884353069089524,-1.3054393083975033,,115,1,8660,8660,2026-03-10 00:45:00,2026-03-10 00:45:00,101160.0,101160.0,1,0.0,0.0,114.0,-1.0,8502.0,8659.0,2026-03-03 00:00:00,2026-03-10 00:30:00,102620.0,101170.0,158.0,-1.4129799259403608,-0.00894291092367317,1204.0,,1204.0,,785497.0,0.0,4971.5,0.0,0.2421804284421201,,0.0015327875217855701,,100.0,0.0,0.0,False,False,,,,,0,0,,,,,0,0,0.0,296.62425338833964,
CU:1h:1:-1:2503:2510:1,CU,1h,2518,2026-03-10 01:00:00,485.0,-1,1,CHoCH,-1,99210.0,172.0,CHoCH,1,100620.0,1.0,27,3,8,1,active_bear_internal_ob,internal,-1.0,45.0,103600.0,104000.0,103800.0,2.209944751381215,active_bull_internal_ob,internal,1.0,1.0,99100.0,100620.0,99860.0,0.7300710339384372,100980.0,101250.0,100860.0,101160.0,4831.0,196763.0,1,1,0,1,1,0,active_bear_internal_ob,100620.0,2.0,below,0.7300710339384372,101550.0,True,1.0,99760.0,0.0,below,1.5785319652722969,98390.0,False,,104520.0,7.0,above,3.117600631412786,114140.0,False,,97920.0,89.0,below,3.3938437253354383,99210.0,False,,0,0,-0.00047352691056748165,-40,NONE,-0.007629925847109493,-0.019710710452496807,0.005297076124591905,0.9887154613589676,-0.00047352691056748165,-0.018941076422699266,-0.001489732229689844,-0.006392053138201348,-0.01060893858243328,101937.7776847538,-0.7629925847109493,0.15841584158415856,-0.9429558092405389,,32,-1,2479,2518,2026-03-03 21:00:00,2026-03-10 00:00:00,100970.0,101160.0,40,0.18817470535803515,0.004704367633950879,31.0,1.0,2460.0,2478.0,2026-02-27 14:00:00,2026-03-03 14:00:00,103920.0,102100.0,19.0,-1.7513471901462685,-0.09217616790243519,670057.0,,16751.425,,404044.0,0.0,21265.473684210527,0.0,0.7877287498391263,,1.6583763154507924,,0.0,50.0,50.0,False,True,,,,,0,0,2026-03-09 22:00:00,100520.0,2026-03-06 13:30:00,101190.0,4,3,0.26874100440762705,651.4263668537548,4.0
CU:1h:1:-1:2503:2510:1,CU,4h,1117,2026-03-10 01:00:00,485.0,1,-1,BOS,1,89270.0,247.0,CHoCH,-1,101780.0,17.0,17,2,3,0,current_internal_high,internal,0.0,2.0,101550.0,101550.0,101550.0,0.18745067087608525,current_internal_low,internal,0.0,4.0,100030.0,100030.0,100030.0,1.3121546961325967,100980.0,101250.0,100860.0,101160.0,4831.0,196763.0,0,0,0,0,0,0,,101550.0,2.0,above,0.18745067087608525,102400.0,False,,100030.0,4.0,below,1.3121546961325967,100200.0,False,,114140.0,33.0,above,12.60852407261247,89270.0,False,,97920.0,11.0,below,3.3938437253354383,84950.0,False,,-1,-1,-0.0007567162819983813,-77,DOWN_CONFIRMED,-0.05183432737766442,-0.07665989091724816,0.01658122190929167,0.9328306274032271,-0.0007567162819983813,-0.058267153713875364,-0.006133647240359474,-0.012013352933438859,-0.02323265860260426,106690.21556140337,-5.183432737766442,0.15841584158415856,-1.3188996060057838,,10,-1,1041,1117,2026-02-02 13:30:00,2026-03-10 00:00:00,98580.0,101160.0,77,2.61716372489349,0.03398913928433104,9.0,1.0,582.0,1040.0,2025-08-12 21:00:00,2026-02-02 09:00:00,79460.0,100110.0,459.0,25.987918449534362,0.05661855871358249,3285645.0,,42670.71428571428,,19025759.0,0.0,41450.45533769063,0.0,1.0294389757140756,,0.1726945558387447,,6.493506493506493,61.038961038961034,32.467532467532465,True,True,,,,,0,0,2026-03-03 09:00:00,102770.0,2026-03-03 13:30:00,102100.0,6,6,0.216295923603525,931.7925441039664,
CU:1h:1:-1:2503:2510:2,CU,5m,25992,2026-03-10 09:50:00,0.0,1,1,CHoCH,1,100620.0,29.0,BOS,1,101170.0,12.0,76,9,35,4,active_bear_internal_ob,internal,-1.0,262.0,101760.0,102140.0,101950.0,0.1377681558748278,active_bull_internal_ob,internal,1.0,12.0,100860.0,101020.0,100940.0,0.5904349537492619,101780.0,101800.0,101510.0,101620.0,1225.0,196038.0,0,0,0,0,0,0,,101840.0,0.0,above,0.2164928163747294,101170.0,False,,100860.0,13.0,below,0.7478842747490652,100050.0,False,,100620.0,38.0,below,0.98405825624877,101550.0,True,29.0,99760.0,23.0,below,1.830348356622712,98390.0,False,,0,0,0.00034098667434924023,35,NONE,0.010542581165063075,0.012778596710969897,0.0013863522854284382,0.053385629761703246,0.00034098667434924023,0.011934533602223407,0.002121072604325258,0.007626876883019884,0.008897749231554286,100559.83972772473,1.0542581165063074,-0.15720180782079485,-0.19598991594180826,,359,1,25958,25992,2026-03-09 22:55:00,2026-03-10 09:45:00,100520.0,101620.0,35,1.094309590131326,0.03126598828946646,358.0,-1.0,25842.0,25957.0,2026-03-06 21:00:00,2026-03-09 22:50:00,100350.0,100330.0,116.0,-0.019930244145494047,-0.0001718124495301211,45671.0,,1304.8857142857144,,222022.0,0.0,1913.9827586206898,0.0,0.6817646127732515,,0.20570484006089487,,94.28571428571428,5.714285714285714,0.0,False,False,,,,,0,0,2026-03-10 09:15:00,101590.0,2026-03-10 09:10:00,101320.0,1,1,0.1084901821996082,211.36274711915007,
CU:1h:1:-1:2503:2510:2,CU,15m,8663,2026-03-10 09:45:00,5.0,-1,1,BOS,-1,100200.0,75.0,CHoCH,1,100500.0,11.0,42,8,17,4,active_bear_internal_ob,internal,-1.0,85.0,101840.0,102290.0,102065.0,0.2164928163747294,current_internal_high,internal,0.0,12.0,100500.0,100500.0,100500.0,1.1021452469986224,101630.0,101790.0,101440.0,101780.0,5132.0,196018.0,0,0,0,0,0,0,,100500.0,12.0,below,1.1021452469986224,100620.0,True,11.0,100050.0,10.0,below,1.5449714623105688,99760.0,False,,102400.0,72.0,above,0.7675654398740406,104520.0,False,,100200.0,85.0,below,1.3973627238732533,101780.0,True,75.0,0,0,0.0004070925419504823,4,NONE,0.02932874448058853,0.0269474843562659,0.001872745904723442,0.8982306332900304,0.0004070925419504823,0.0016283701678019291,,,,98879.97449382354,2.932874448058853,0.14759421430678987,0.5243611178893037,,115,1,8660,8663,2026-03-10 00:45:00,2026-03-10 09:30:00,101160.0,101780.0,4,0.612890470541716,0.153222617635429,114.0,-1.0,8502.0,8659.0,2026-03-03 00:00:00,2026-03-10 00:30:00,102620.0,101170.0,158.0,-1.4129799259403608,-0.00894291092367317,26312.0,,6578.0,,785497.0,0.0,4971.5,0.0,1.3231419088806196,,0.033497263515965055,,100.0,0.0,0.0,False,False,,,,,0,0,,,,,0,0,0.06949613106605204,327.8256139556057,
CU:1h:1:-1:2503:2510:2,CU,1h,2518,2026-03-10 01:00:00,530.0,-1,1,CHoCH,-1,99210.0,172.0,CHoCH,1,100620.0,1.0,27,3,8,1,active_bear_internal_ob,internal,-1.0,45.0,103600.0,104000.0,103800.0,1.9484353473725644,active_bear_internal_ob,internal,-1.0,8.0,101260.0,101550.0,101405.0,0.0688840779374139,100980.0,101250.0,100860.0,101160.0,4831.0,196763.0,0,0,0,0,0,0,,100620.0,2.0,below,0.98405825624877,101550.0,True,1.0,99760.0,0.0,below,1.830348356622712,98390.0,False,,104520.0,7.0,above,2.8537689431214326,114140.0,False,,97920.0,89.0,below,3.6410155481204485,99210.0,False,,0,0,-0.00047352691056748165,-40,NONE,-0.007629925847109493,-0.019710710452496807,0.005297076124591905,0.9887154613589676,-0.00047352691056748165,-0.018941076422699266,-0.001489732229689844,-0.006392053138201348,-0.01060893858243328,101937.7776847538,-0.7629925847109493,0.15841584158415856,-0.9429558092405389,,32,-1,2479,2518,2026-03-03 21:00:00,2026-03-10 00:00:00,100970.0,101160.0,40,0.18817470535803515,0.004704367633950879,31.0,1.0,2460.0,2478.0,2026-02-27 14:00:00,2026-03-03 14:00:00,103920.0,102100.0,19.0,-1.7513471901462685,-0.09217616790243519,670057.0,,16751.425,,404044.0,0.0,21265.473684210527,0.0,0.7877287498391263,,1.6583763154507924,,0.0,50.0,50.0,False,True,,,,,0,0,2026-03-09 22:00:00,100520.0,2026-03-06 13:30:00,101190.0,4,3,0.26874100440762705,651.4263668537548,4.0
CU:1h:1:-1:2503:2510:2,CU,4h,1117,2026-03-10 01:00:00,530.0,1,-1,BOS,1,89270.0,247.0,CHoCH,-1,101780.0,17.0,17,2,3,0,active_bear_internal_ob,internal,-1.0,17.0,103320.0,104520.0,103920.0,1.6728990356229088,current_internal_high,internal,0.0,2.0,101550.0,101550.0,101550.0,0.0688840779374139,100980.0,101250.0,100860.0,101160.0,4831.0,196763.0,0,0,0,0,0,0,,101550.0,2.0,below,0.0688840779374139,102400.0,False,,100030.0,4.0,below,1.5646526274355441,100200.0,False,,114140.0,33.0,above,12.3204093682346,89270.0,False,,97920.0,11.0,below,3.6410155481204485,84950.0,False,,-1,-1,-0.0007567162819983813,-77,DOWN_CONFIRMED,-0.05183432737766442,-0.07665989091724816,0.01658122190929167,0.9328306274032271,-0.0007567162819983813,-0.058267153713875364,-0.006133647240359474,-0.012013352933438859,-0.02323265860260426,106690.21556140337,-5.183432737766442,0.15841584158415856,-1.3188996060057838,,10,-1,1041,1117,2026-02-02 13:30:00,2026-03-10 00:00:00,98580.0,101160.0,77,2.61716372489349,0.03398913928433104,9.0,1.0,582.0,1040.0,2025-08-12 21:00:00,2026-02-02 09:00:00,79460.0,100110.0,459.0,25.987918449534362,0.05661855871358249,3285645.0,,42670.71428571428,,19025759.0,0.0,41450.45533769063,0.0,1.0294389757140756,,0.1726945558387447,,6.493506493506493,61.038961038961034,32.467532467532465,True,True,,,,,0,0,2026-03-03 09:00:00,102770.0,2026-03-03 13:30:00,102100.0,6,6,0.216295923603525,931.7925441039664,
CU:1h:1:1:2511:2517:1,CU,5m,26121,2026-03-11 21:05:00,0.0,-1,-1,CHoCH,-1,101130.0,0.0,BOS,-1,101400.0,5.0,75,12,35,5,current_swing_low,swing,0.0,43.0,101130.0,101130.0,101130.0,0.5468283953072182,active_bull_internal_ob,internal,1.0,163.0,100050.0,100210.0,100130.0,0.36786637502485586,100100.0,100660.0,100100.0,100580.0,7075.0,192972.0,0,0,0,0,0,0,,101650.0,5.0,above,1.0638297872340425,101760.0,False,,101400.0,8.0,above,0.8152714257307616,101390.0,True,5.0,101930.0,10.0,above,1.3422151521177172,101980.0,False,,101130.0,43.0,above,0.5468283953072182,99760.0,True,0.0,0,0,-0.00011849423199864673,-41,NONE,-0.006799481665125398,-0.0013454671576063999,0.0012763412239969367,9.635959348330836e-06,-0.00011849423199864673,-0.004858263511944516,-0.0031598487205724,-0.003398413096413977,-0.003927876969918698,101268.57381088048,-0.6799481665125398,-0.5635195254572456,3.9661232417375447,,360,-1,26081,26121,2026-03-11 09:25:00,2026-03-11 21:00:00,101540.0,100580.0,41,-0.9454402206027224,-0.023059517575676154,359.0,1.0,25958.0,26080.0,2026-03-09 22:55:00,2026-03-11 09:20:00,100520.0,101510.0,123.0,0.9848786311181801,0.00800714334242423,48461.0,,1181.9756097560976,,123143.0,0.0,1001.1626016260162,0.0,1.1806030387435746,,0.39353434624785816,,0.0,29.268292682926827,70.73170731707317,True,True,2026-03-11 14:05:00,101630.0,2026-03-11 14:15:00,101530.0,2,2,2026-03-11 14:05:00,101630.0,2026-03-11 14:15:00,101530.0,2,2,0.9486230985136501,175.84529767830304,
CU:1h:1:1:2511:2517:1,CU,15m,8706,2026-03-11 15:00:00,365.0,-1,-1,BOS,-1,100200.0,118.0,CHoCH,-1,101390.0,1.0,42,9,17,4,current_internal_low,internal,0.0,8.0,101390.0,101390.0,101390.0,0.8053290912706303,active_bull_internal_ob,internal,1.0,54.0,100050.0,100280.0,100165.0,0.2982700338039372,101270.0,101350.0,101080.0,101150.0,6162.0,192661.0,0,0,0,0,0,0,,101760.0,3.0,above,1.1731954662954862,101930.0,False,,101390.0,8.0,above,0.8053290912706303,101290.0,True,1.0,102400.0,115.0,above,1.8095048717438853,104520.0,False,,98390.0,26.0,below,2.1773712467687414,100200.0,False,,0,0,0.0006444429880010089,47,NONE,-0.005499121628292672,0.0021038871964636826,0.010907034262422947,0.24287827599557238,0.0006444429880010089,0.030288820436047414,-0.0007080170453251933,-0.0010114066283608558,-0.0013655727113243143,101709.31187674015,-0.5499121628292672,-0.118495112076622,2.46997196219147,,115,1,8660,8706,2026-03-10 00:45:00,2026-03-11 14:45:00,101160.0,101150.0,47,-0.009885330170023021,-0.00021032617383027704,114.0,-1.0,8502.0,8659.0,2026-03-03 00:00:00,2026-03-10 00:30:00,102620.0,101170.0,158.0,-1.4129799259403608,-0.00894291092367317,146395.0,,3114.7872340425533,,785497.0,0.0,4971.5,0.0,0.6265286601714881,,0.18637244954468318,,38.297872340425535,59.57446808510638,2.127659574468085,True,True,2026-03-11 00:45:00,101860.0,2026-03-11 09:00:00,101660.0,2,3,2026-03-11 14:00:00,101620.0,2026-03-11 14:15:00,101500.0,5,6,5.184229592135942,204.17346397138883,
CU:1h:1:1:2511:2517:1,CU,1h,2532,2026-03-11 15:00:00,365.0,-1,1,CHoCH,-1,99210.0,186.0,CHoCH,1,100620.0,15.0,27,2,8,1,current_internal_low,internal,0.0,3.0,101130.0,101130.0,101130.0,0.5468283953072182,current_swing_low,swing,0.0,103.0,97920.0,97920.0,97920.0,2.6446609663949094,101490.0,101650.0,101080.0,101150.0,15480.0,192661.0,1,1,1,0,1,0,active_bull_internal_ob,101930.0,1.0,above,1.3422151521177172,101980.0,False,,101130.0,3.0,above,0.5468283953072182,99760.0,False,,104520.0,21.0,above,3.917279777291708,114140.0,False,,97920.0,103.0,below,2.6446609663949094,99210.0,False,,-1,-1,-0.0003668340324051105,-54,DOWN_CONFIRMED,-0.006849365813911176,-0.015339657072663129,0.00872179531887249,0.8348368480599078,-0.0003668340324051105,-0.01980903774987597,-0.00037111860013094855,-0.0005705297576938939,-0.002859202572298214,101847.59141083859,-0.6849365813911176,-0.335008375209378,0.7144275460417142,,32,-1,2479,2532,2026-03-03 21:00:00,2026-03-11 14:00:00,100970.0,101150.0,54,0.1782707734970801,0.003301310620316298,31.0,1.0,2460.0,2478.0,2026-02-27 14:00:00,2026-03-03 14:00:00,103920.0,102100.0,19.0,-1.7513471901462685,-0.09217616790243519,815248.0,,15097.185185185184,,404044.0,0.0,21265.473684210527,0.0,0.7099388148778809,,2.0177208422845037,,25.925925925925924,37.03703703703704,37.03703703703704,True,True,,,,,0,0,2026-03-09 22:00:00,100520.0,2026-03-06 13:30:00,101190.0,4,3,0.5685782464078445,468.34615752322213,4.0
CU:1h:1:1:2511:2517:1,CU,4h,1123,2026-03-11 15:00:00,365.0,1,1,BOS,1,89270.0,253.0,CHoCH,1,101550.0,3.0,18,2,3,0,current_internal_high,internal,0.0,0.0,101980.0,101980.0,101980.0,1.3919268244183733,active_bull_internal_ob,internal,1.0,3.0,99760.0,100420.0,100090.0,0.1590773513620998,101650.0,101650.0,101080.0,101150.0,22117.0,192661.0,0,0,0,0,0,0,,101980.0,0.0,above,1.3919268244183733,101550.0,False,,98390.0,4.0,below,2.1773712467687414,100030.0,False,,114140.0,39.0,above,13.48180552793796,89270.0,False,,97920.0,17.0,below,2.6446609663949094,84950.0,False,,-1,-1,-0.0007464449155934759,-83,DOWN_CONFIRMED,-0.04820086336254061,-0.07439362404171124,0.01792467638519375,0.9280290816849673,-0.0007464449155934759,-0.0619549279942585,-0.002522198544644083,-0.009790329860207891,-0.019842978954866974,106272.42251694547,-4.820086336254061,-0.4820936639118423,-0.4333804607286351,,10,-1,1041,1123,2026-02-02 13:30:00,2026-03-11 13:30:00,98580.0,101150.0,83,2.6070196794481637,0.03140987565600197,9.0,1.0,582.0,1040.0,2025-08-12 21:00:00,2026-02-02 09:00:00,79460.0,100110.0,459.0,25.987918449534362,0.05661855871358249,3430836.0,,41335.3734939759,,19025759.0,0.0,41450.45533769063,0.0,0.9972236289619215,,0.18032584140270042,,6.024096385542169,61.44578313253012,32.53012048192771,True,True,,,,,0,0,2026-03-10 21:00:00,101860.0,2026-03-11 13:30:00,101150.0,7,7,0.2409437181759513,788.0678567728372,
CU:1h:1:1:2511:2517:2,CU,5m,26124,2026-03-11 21:20:00,0.0,-1,-1,CHoCH,-1,101130.0,3.0,BOS,-1,101400.0,8.0,75,12,35,5,current_swing_low,swing,0.0,46.0,101130.0,101130.0,101130.0,0.4968697207592169,active_bull_internal_ob,internal,1.0,166.0,100050.0,100210.0,100130.0,0.4173705654377422,100720.0,100770.0,100610.0,100630.0,1295.0,192711.0,0,0,0,0,0,0,,101650.0,8.0,above,1.0136142303488025,101760.0,False,,101400.0,11.0,above,0.7651793699691941,101390.0,True,8.0,101930.0,13.0,above,1.291861273973964,101980.0,False,,101130.0,46.0,above,0.4968697207592169,99760.0,True,3.0,0,0,-0.0001258599935790356,-44,NONE,-0.005626693628856342,-0.0016047148951427901,0.0015635057549062774,0.005049652178751363,-0.0001258599935790356,-0.005537839717477566,-0.003005737073213721,-0.00396083947858028,-0.0043474884740505315,101199.41812118645,-0.5626693628856342,-0.09927529038022964,-0.16519154855483564,,360,-1,26081,26124,2026-03-11 09:25:00,2026-03-11 21:15:00,101540.0,100630.0,44,-0.8961985424463248,-0.020368148691961928,359.0,1.0,25958.0,26080.0,2026-03-09 22:55:00,2026-03-11 09:20:00,100520.0,101510.0,123.0,0.9848786311181801,0.00800714334242423,52850.0,,1201.1363636363637,,123143.0,0.0,1001.1626016260162,0.0,1.1997415421686393,,0.4291758362229278,,0.0,27.27272727272727,72.72727272727273,True,True,2026-03-11 14:05:00,101630.0,2026-03-11 14:15:00,101530.0,2,2,2026-03-11 14:05:00,101630.0,2026-03-11 14:15:00,101530.0,2,2,0.9743199615325775,166.7646206265422,
CU:1h:1:1:2511:2517:2,CU,15m,8707,2026-03-11 21:15:00,5.0,-1,-1,BOS,-1,100200.0,119.0,CHoCH,-1,101390.0,2.0,42,9,17,4,current_internal_low,internal,0.0,9.0,101390.0,101390.0,101390.0,0.7552419755540097,active_bull_internal_ob,internal,1.0,55.0,100050.0,100280.0,100165.0,0.34780880453145185,100100.0,100790.0,100100.0,100730.0,10169.0,192627.0,0,0,0,0,0,0,,101760.0,4.0,above,1.1229255689158302,101930.0,False,,101390.0,9.0,above,0.7552419755540097,101290.0,True,2.0,102400.0,116.0,above,1.7589188114876282,104520.0,False,,98390.0,27.0,below,2.2259763490012916,100200.0,False,,0,0,0.0,-1,UP_BROKEN,-0.008528848093290525,-0.008528848093290525,0.0,0.5,0.0,0.0,,,,101596.50112490413,-0.8528848093290525,-0.41522491349480495,3.31237529379461,,116,-1,8707,8707,2026-03-11 21:00:00,2026-03-11 21:00:00,100730.0,100730.0,1,0.0,0.0,115.0,1.0,8660.0,8706.0,2026-03-10 00:45:00,2026-03-11 14:45:00,101160.0,101150.0,47.0,-0.009885330170023021,-0.00021032617383027704,10169.0,,10169.0,,146395.0,0.0,3114.7872340425533,0.0,3.264749479148878,,0.06946275487550804,,0.0,0.0,100.0,True,True,,,,,0,0,,,,,0,0,0.0,264.5896451162896,
CU:1h:1:1:2511:2517:2,CU,1h,2532,2026-03-11 15:00:00,380.0,-1,1,CHoCH,-1,99210.0,186.0,CHoCH,1,100620.0,15.0,27,2,8,1,current_internal_low,internal,0.0,3.0,101130.0,101130.0,101130.0,0.4968697207592169,active_bull_internal_ob,internal,1.0,15.0,99100.0,100620.0,99860.0,0.009937394415184339,101490.0,101650.0,101080.0,101150.0,15480.0,192661.0,0,0,0,0,0,0,,101930.0,1.0,above,1.291861273973964,101980.0,False,,101130.0,3.0,above,0.4968697207592169,99760.0,False,,104520.0,21.0,above,3.8656464275067073,114140.0,False,,97920.0,103.0,below,2.693033886514956,99210.0,False,,-1,-1,-0.0003668340324051105,-54,DOWN_CONFIRMED,-0.006849365813911176,-0.015339657072663129,0.00872179531887249,0.8348368480599078,-0.0003668340324051105,-0.01980903774987597,-0.00037111860013094855,-0.0005705297576938939,-0.002859202572298214,101847.59141083859,-0.6849365813911176,-0.335008375209378,0.7144275460417142,,32,-1,2479,2532,2026-03-03 21:00:00,2026-03-11 14:00:00,100970.0,101150.0,54,0.1782707734970801,0.003301310620316298,31.0,1.0,2460.0,2478.0,2026-02-27 14:00:00,2026-03-03 14:00:00,103920.0,102100.0,19.0,-1.7513471901462685,-0.09217616790243519,815248.0,,15097.185185185184,,404044.0,0.0,21265.473684210527,0.0,0.7099388148778809,,2.0177208422845037,,25.925925925925924,37.03703703703704,37.03703703703704,True,True,,,,,0,0,2026-03-09 22:00:00,100520.0,2026-03-06 13:30:00,101190.0,4,3,0.5685782464078445,468.34615752322213,4.0
CU:1h:1:1:2511:2517:2,CU,4h,1123,2026-03-11 15:00:00,380.0,1,1,BOS,1,89270.0,253.0,CHoCH,1,101550.0,3.0,18,2,3,0,current_internal_high,internal,0.0,0.0,101980.0,101980.0,101980.0,1.3415482460498858,active_bull_internal_ob,internal,1.0,3.0,99760.0,100420.0,100090.0,0.2086852827188711,101650.0,101650.0,101080.0,101150.0,22117.0,192661.0,0,0,0,0,0,0,,101980.0,0.0,above,1.3415482460498858,101550.0,False,,98390.0,4.0,below,2.2259763490012916,100030.0,False,,114140.0,39.0,above,13.425419854914042,89270.0,False,,97920.0,17.0,below,2.693033886514956,84950.0,False,,-1,-1,-0.0007464449155934759,-83,DOWN_CONFIRMED,-0.04820086336254061,-0.07439362404171124,0.01792467638519375,0.9280290816849673,-0.0007464449155934759,-0.0619549279942585,-0.002522198544644083,-0.009790329860207891,-0.019842978954866974,106272.42251694547,-4.820086336254061,-0.4820936639118423,-0.4333804607286351,,10,-1,1041,1123,2026-02-02 13:30:00,2026-03-11 13:30:00,98580.0,101150.0,83,2.6070196794481637,0.03140987565600197,9.0,1.0,582.0,1040.0,2025-08-12 21:00:00,2026-02-02 09:00:00,79460.0,100110.0,459.0,25.987918449534362,0.05661855871358249,3430836.0,,41335.3734939759,,19025759.0,0.0,41450.45533769063,0.0,0.9972236289619215,,0.18032584140270042,,6.024096385542169,61.44578313253012,32.53012048192771,True,True,,,,,0,0,2026-03-10 21:00:00,101860.0,2026-03-11 13:30:00,101150.0,7,7,0.2409437181759513,788.0678567728372,
CU:1h:1:1:2511:2517:3,CU,5m,26186,2026-03-12 10:45:00,0.0,-1,-1,CHoCH,-1,101130.0,65.0,BOS,-1,100960.0,1.0,75,14,35,5,current_internal_low,internal,0.0,7.0,100960.0,100960.0,100960.0,0.27810885975367505,active_bull_internal_ob,internal,1.0,228.0,100050.0,100210.0,100130.0,0.4668255860150973,100660.0,100730.0,100580.0,100680.0,1845.0,191158.0,0,0,0,0,0,0,,101210.0,3.0,above,0.5264203416765991,101360.0,False,,100960.0,7.0,above,0.27810885975367505,101020.0,True,1.0,101930.0,75.0,above,1.2415574096146207,101980.0,False,,100100.0,15.0,below,0.5760826380611839,101130.0,False,,-1,-1,-6.62775090776022e-05,-106,DOWN_CONFIRMED,-0.0036422077969283455,-0.0008554832930617336,0.0018041541872112767,0.06121964859141532,-6.62775090776022e-05,-0.007025415962225834,-0.0008440440462508247,-0.0008667187037842972,-0.0010674105239202314,101048.03795169196,-0.36422077969283456,0.029806259314457684,0.820925933844268,,360,-1,26081,26186,2026-03-11 09:25:00,2026-03-12 10:40:00,101540.0,100680.0,106,-0.8469568642899383,-0.00799015909707489,359.0,1.0,25958.0,26080.0,2026-03-09 22:55:00,2026-03-11 09:20:00,100520.0,101510.0,123.0,0.9848786311181801,0.00800714334242423,99327.0,,937.0471698113207,,123143.0,0.0,1001.1626016260162,0.0,0.9359590223300752,,0.8065988322519347,,17.92452830188679,46.22641509433962,35.84905660377358,True,True,2026-03-12 10:10:00,101140.0,2026-03-12 10:30:00,100990.0,6,6,2026-03-12 09:40:00,101200.0,2026-03-12 09:50:00,101070.0,6,6,2.1089297731979024,125.0529676701752,
CU:1h:1:1:2511:2517:3,CU,15m,8728,2026-03-12 10:45:00,0.0,-1,-1,BOS,-1,100200.0,140.0,CHoCH,-1,101390.0,23.0,42,9,17,4,current_internal_high,internal,0.0,9.0,101430.0,101430.0,101430.0,0.7449344457687723,active_bull_internal_ob,internal,1.0,76.0,100050.0,100280.0,100165.0,0.3972983710766786,101080.0,101140.0,100580.0,100680.0,7279.0,191158.0,0,0,0,0,0,0,,101430.0,9.0,above,0.7449344457687723,101760.0,False,,100100.0,16.0,below,0.5760826380611839,101390.0,False,,101980.0,11.0,above,1.2912197059992052,102400.0,False,,98390.0,48.0,below,2.274533174413985,100200.0,False,,0,0,-0.00010228594934975026,-22,NONE,-0.006785970547816108,-0.0038091155687577653,0.0020019726592298373,0.06851257485578588,-0.00010228594934975026,-0.002250290885694506,-0.0009897250098681587,-0.0012577201751592382,-0.002007961614684639,101367.8794444043,-0.6785970547816108,-0.4548151077714113,3.012946643978772,,116,-1,8707,8728,2026-03-11 21:00:00,2026-03-12 10:30:00,100730.0,100680.0,22,-0.04963764519011482,-0.0022562565995506738,115.0,1.0,8660.0,8706.0,2026-03-10 00:45:00,2026-03-11 14:45:00,101160.0,101150.0,47.0,-0.009885330170023021,-0.00021032617383027704,57941.0,,2633.681818181818,,146395.0,0.0,3114.7872340425533,0.0,0.8455414833467362,,0.39578537518357865,,0.0,81.81818181818183,18.181818181818183,True,True,,,,,0,0,2026-03-12 10:00:00,101140.0,2026-03-12 10:30:00,100680.0,4,4,0.5255741452556463,227.11923710547046,
CU:1h:1:1:2511:2517:3,CU,1h,2537,2026-03-12 10:00:00,45.0,-1,-1,CHoCH,-1,99210.0,191.0,CHoCH,-1,101130.0,4.0,27,3,8,1,current_internal_low,internal,0.0,8.0,101130.0,101130.0,101130.0,0.4469606674612634,active_bull_internal_ob,internal,1.0,20.0,99100.0,100620.0,99860.0,0.05959475566150178,101310.0,101330.0,100960.0,101080.0,13858.0,190440.0,0,0,0,0,0,0,,101930.0,6.0,above,1.2415574096146207,101980.0,False,,101130.0,8.0,above,0.4469606674612634,99760.0,True,4.0,104520.0,26.0,above,3.814064362336114,114140.0,False,,97920.0,108.0,below,2.7413587604290823,99210.0,False,,-1,-1,-0.000349821084851457,-59,DOWN_CONFIRMED,-0.006695151103947023,-0.01458707255232268,0.008713158587477147,0.817465237802556,-0.000349821084851457,-0.020639444006235963,-0.0008471882401911435,-0.0012179924330083525,-0.001798458151079374,101761.30732910354,-0.6695151103947022,-0.22702595992498686,0.6113644636666727,,32,-1,2479,2537,2026-03-03 21:00:00,2026-03-12 09:00:00,100970.0,101080.0,59,0.10894325047043907,0.001846495770685408,31.0,1.0,2460.0,2478.0,2026-02-27 14:00:00,2026-03-03 14:00:00,103920.0,102100.0,19.0,-1.7513471901462685,-0.09217616790243519,863101.0,,14628.830508474577,,404044.0,0.0,21265.473684210527,0.0,0.6879146322207902,,2.1361559632119276,,23.728813559322035,42.3728813559322,33.89830508474576,True,True,,,,,0,0,2026-03-12 00:00:00,101310.0,2026-03-12 09:00:00,101080.0,6,6,0.5973205765737939,480.46230712141846,4.0
CU:1h:1:1:2511:2517:3,CU,4h,1125,2026-03-12 01:00:00,585.0,1,1,BOS,1,89270.0,255.0,CHoCH,1,101550.0,5.0,18,2,3,0,current_internal_high,internal,0.0,2.0,101980.0,101980.0,101980.0,1.2912197059992052,active_bull_internal_ob,internal,1.0,5.0,99760.0,100420.0,100090.0,0.25824394119984106,101070.0,101360.0,101020.0,101310.0,2087.0,191275.0,0,0,0,0,0,0,,101980.0,2.0,above,1.2912197059992052,101550.0,False,,98390.0,6.0,below,2.274533174413985,100030.0,False,,114140.0,41.0,above,13.369090186730235,89270.0,False,,97920.0,19.0,below,2.7413587604290823,84950.0,False,,-1,-1,-0.0007408162694104178,-85,DOWN_CONFIRMED,-0.04566322506406026,-0.07374491712143935,0.018199722592035013,0.9385814130569605,-0.0007408162694104178,-0.06296938289988552,-0.0024977210251247994,-0.006383013993287334,-0.019676544597214907,106157.49351878479,-4.566322506406026,0.2374591867022824,-1.2320425159563537,,10,-1,1041,1125,2026-02-02 13:30:00,2026-03-12 00:00:00,98580.0,101310.0,85,2.769324406573337,0.032580287136156905,9.0,1.0,582.0,1040.0,2025-08-12 21:00:00,2026-02-02 09:00:00,79460.0,100110.0,459.0,25.987918449534362,0.05661855871358249,3464831.0,,40762.717647058824,,19025759.0,0.0,41450.45533769063,0.0,0.9834081993785373,,0.18211262951454393,,5.88235294117647,62.35294117647059,31.76470588235294,True,True,,,,,0,0,2026-03-10 21:00:00,101860.0,2026-03-11 13:30:00,101150.0,7,7,0.2467929086158527,792.0074887480077,
CU:1h:1:1:2511:2517:4,CU,5m,26240,2026-03-12 23:15:00,0.0,-1,-1,CHoCH,-1,101130.0,119.0,CHoCH,-1,100790.0,8.0,76,14,35,5,current_internal_low,internal,0.0,10.0,100790.0,100790.0,100790.0,0.12914762567057422,active_bull_internal_ob,internal,1.0,38.0,100480.0,100590.0,100535.0,0.06954102920723226,100690.0,100690.0,100570.0,100660.0,1062.0,189829.0,0,0,0,0,0,0,,101010.0,6.0,above,0.34770514603616137,101250.0,False,,100790.0,10.0,above,0.12914762567057422,100480.0,True,8.0,101430.0,48.0,above,0.764951321279555,101930.0,False,,100430.0,0.0,below,0.22849195310947742,100100.0,False,,-1,-1,-5.5375267307414265e-05,-160,DOWN_CONFIRMED,-0.0019962146663007134,-0.0008641967864798438,0.0017710184023061917,0.26134955316859787,-5.5375267307414265e-05,-0.008860042769186283,-0.0002622525254634134,-0.0003665166407662568,-0.00036417410764866265,100861.34088794327,-0.19962146663007135,-0.029794418512263388,2.554690264389716,,360,-1,26081,26240,2026-03-11 09:25:00,2026-03-12 23:10:00,101540.0,100660.0,160,-0.8666535355524863,-0.005416584597203039,359.0,1.0,25958.0,26080.0,2026-03-09 22:55:00,2026-03-11 09:20:00,100520.0,101510.0,123.0,0.9848786311181801,0.00800714334242423,148700.0,,929.375,,123143.0,0.0,1001.1626016260162,0.0,0.9282957618378633,,1.2075392023907165,,22.5,46.25,31.25,True,True,2026-03-12 22:20:00,100910.0,2026-03-12 22:25:00,100860.0,9,9,2026-03-12 22:20:00,100910.0,2026-03-12 22:25:00,100860.0,11,11,2.0493230593001033,121.6376298874395,
CU:1h:1:1:2511:2517:4,CU,15m,8746,2026-03-12 23:15:00,0.0,-1,-1,BOS,-1,100200.0,158.0,CHoCH,-1,101390.0,41.0,42,9,17,4,current_internal_high,internal,0.0,3.0,101250.0,101250.0,101250.0,0.586131531889529,current_internal_low,internal,0.0,11.0,100430.0,100430.0,100430.0,0.22849195310947742,100750.0,100780.0,100570.0,100660.0,2105.0,189829.0,0,0,0,0,0,0,,101250.0,3.0,above,0.586131531889529,101430.0,False,,100430.0,11.0,below,0.22849195310947742,100100.0,False,,101980.0,29.0,above,1.3113451221935226,102400.0,False,,98390.0,66.0,below,2.2551162328631036,100200.0,False,,0,0,-0.00011604849158615982,-40,NONE,-0.004597248686428462,-0.003832661563683815,0.002039120978011727,0.35384541386159774,-0.00011604849158615982,-0.004641939663446393,-0.00032536790043891095,-0.0005986381282199194,-0.0030103764320149606,101124.89629666506,-0.4597248686428462,-0.08933002481389396,-0.5888795944599676,,116,-1,8707,8746,2026-03-11 21:00:00,2026-03-12 23:00:00,100730.0,100660.0,40,-0.06949270326616075,-0.0017373175816540187,115.0,1.0,8660.0,8706.0,2026-03-10 00:45:00,2026-03-11 14:45:00,101160.0,101150.0,47.0,-0.009885330170023021,-0.00021032617383027704,107314.0,,2682.85,,146395.0,0.0,3114.7872340425533,0.0,0.861326889579562,,0.7330441613443082,,0.0,75.0,25.0,True,True,,,,,0,0,2026-03-12 22:00:00,100980.0,2026-03-12 22:45:00,100750.0,6,6,0.5320378395351448,211.71635844432933,
CU:1h:1:1:2511:2517:4,CU,1h,2543,2026-03-12 23:00:00,15.0,-1,-1,CHoCH,-1,99210.0,197.0,CHoCH,-1,101130.0,10.0,27,3,8,1,current_internal_high,internal,0.0,4.0,101430.0,101430.0,101430.0,0.764951321279555,active_bull_internal_ob,internal,1.0,26.0,99100.0,100620.0,99860.0,0.0397377309755613,100810.0,101010.0,100660.0,100750.0,5537.0,189989.0,0,0,0,0,0,0,,101430.0,4.0,above,0.764951321279555,101930.0,False,,100100.0,5.0,below,0.5563282336578581,101130.0,False,,104520.0,32.0,above,3.834691039141665,114140.0,False,,97920.0,114.0,below,2.7220345718259487,99210.0,False,,-1,-1,-0.00033567369036327125,-65,DOWN_CONFIRMED,-0.00874436404907218,-0.01412283020157105,0.008449587385677623,0.7377864222288757,-0.00033567369036327125,-0.021818789873612632,-0.0008616019237688288,-0.0015961413222904675,-0.0025601847115139797,101638.76637467879,-0.874436404907218,-0.05951790496974141,-0.7466400585368321,,32,-1,2479,2543,2026-03-03 21:00:00,2026-03-12 22:00:00,100970.0,100750.0,65,-0.21788650094087814,-0.003352100014475048,31.0,1.0,2460.0,2478.0,2026-02-27 14:00:00,2026-03-03 14:00:00,103920.0,102100.0,19.0,-1.7513471901462685,-0.09217616790243519,920457.0,,14160.876923076923,,404044.0,0.0,21265.473684210527,0.0,0.665909310714827,,2.2781107998138816,,21.53846153846154,47.69230769230769,30.76923076923077,True,True,,,,,0,0,2026-03-12 00:00:00,101310.0,2026-03-12 09:00:00,101080.0,6,6,0.5982927830384647,451.8278188954043,4.0
CU:1h:1:1:2511:2517:4,CU,4h,1127,2026-03-12 15:00:00,495.0,1,1,BOS,1,89270.0,257.0,CHoCH,1,101550.0,7.0,18,2,3,0,current_internal_high,internal,0.0,4.0,101980.0,101980.0,101980.0,1.3113451221935226,active_bull_internal_ob,internal,1.0,7.0,99760.0,100420.0,100090.0,0.23842638585336778,100520.0,101050.0,100480.0,101010.0,17719.0,192388.0,0,0,0,0,0,0,,101980.0,4.0,above,1.3113451221935226,101550.0,False,,98390.0,8.0,below,2.2551162328631036,100030.0,False,,114140.0,43.0,above,13.391615338764156,89270.0,False,,97920.0,21.0,below,2.7220345718259487,84950.0,False,,-1,-1,-0.0007430433638794216,-87,DOWN_CONFIRMED,-0.04678488764906822,-0.0731835467624535,0.018361837935558022,0.9247392031414507,-0.0007430433638794216,-0.06464477265750967,-0.0035150973716953082,-0.00677221673724715,-0.018704212640879736,105967.68629787792,-4.678488764906822,0.4774694121157941,-0.5198725908328335,,10,-1,1041,1127,2026-02-02 13:30:00,2026-03-12 13:30:00,98580.0,101010.0,87,2.4650030432136427,0.02833336831280049,9.0,1.0,582.0,1040.0,2025-08-12 21:00:00,2026-02-02 09:00:00,79460.0,100110.0,459.0,25.987918449534362,0.05661855871358249,3518796.0,,40445.93103448276,,19025759.0,0.0,41450.45533769063,0.0,0.9757656630060113,,0.18494904723643352,,5.747126436781609,63.2183908045977,31.03448275862069,True,True,,,,,0,0,2026-03-10 21:00:00,101860.0,2026-03-11 13:30:00,101150.0,7,7,0.2509011758497947,783.3125795837414,
CU:1h:1:1:2511:2517:5,CU,5m,26244,2026-03-12 23:35:00,0.0,-1,-1,CHoCH,-1,101130.0,123.0,CHoCH,-1,100790.0,12.0,76,14,35,5,current_internal_low,internal,0.0,14.0,100790.0,100790.0,100790.0,0.14904610492845788,active_bull_internal_ob,internal,1.0,42.0,100480.0,100590.0,100535.0,0.04968203497615262,100690.0,100710.0,100620.0,100640.0,360.0,189727.0,0,0,0,0,0,0,,101010.0,10.0,above,0.3676470588235294,101250.0,False,,100790.0,14.0,above,0.14904610492845788,100480.0,True,12.0,101430.0,52.0,above,0.7849761526232114,101930.0,False,,100430.0,4.0,below,0.208664546899841,100100.0,False,,-1,-1,-5.49766327137675e-05,-164,DOWN_CONFIRMED,-0.002037306978422895,-0.000891553571330952,0.0017593379810015722,0.25744539393582355,-5.49766327137675e-05,-0.00901616776505787,-0.00026110033731896465,-0.00045603048490217013,-0.0005366559704126361,100845.45314543541,-0.20373069784228948,-0.049657364187105646,-0.7069952944666896,,360,-1,26081,26244,2026-03-11 09:25:00,2026-03-12 23:30:00,101540.0,100640.0,164,-0.8863502068150453,-0.005404574431799056,359.0,1.0,25958.0,26080.0,2026-03-09 22:55:00,2026-03-11 09:20:00,100520.0,101510.0,123.0,0.9848786311181801,0.00800714334242423,150573.0,,918.1280487804878,,123143.0,0.0,1001.1626016260162,0.0,0.9170618711579221,,1.2227491615438961,,21.951219512195124,45.1219512195122,32.926829268292686,True,True,2026-03-12 22:20:00,100910.0,2026-03-12 22:25:00,100860.0,9,9,2026-03-12 22:20:00,100910.0,2026-03-12 22:25:00,100860.0,11,11,1.9733396147750852,119.73793073758746,
CU:1h:1:1:2511:2517:5,CU,15m,8747,2026-03-12 23:30:00,5.0,-1,-1,BOS,-1,100200.0,159.0,CHoCH,-1,101390.0,42.0,42,9,17,4,current_internal_high,internal,0.0,4.0,101250.0,101250.0,101250.0,0.606120826709062,current_internal_low,internal,0.0,12.0,100430.0,100430.0,100430.0,0.208664546899841,100640.0,100800.0,100560.0,100690.0,1513.0,189722.0,0,0,0,0,0,0,,101250.0,4.0,above,0.606120826709062,101430.0,False,,100430.0,12.0,below,0.208664546899841,100100.0,False,,101980.0,30.0,above,1.3314785373608904,102400.0,False,,98390.0,67.0,below,2.235691573926868,100200.0,False,,0,0,-0.0001152032090770836,-41,NONE,-0.0042191593557597525,-0.0038420883391003017,0.0020149823677379896,0.42577792040161927,-0.0001152032090770836,-0.004723331572160427,-0.0003783119197046103,-0.0006015832642176644,-0.0029881940306181187,101116.62716351984,-0.42191593557597523,0.02980329823167871,-0.9252601118113066,,116,-1,8707,8747,2026-03-11 21:00:00,2026-03-12 23:15:00,100730.0,100690.0,41,-0.03971011615209186,-0.0009685394183437038,115.0,1.0,8660.0,8706.0,2026-03-10 00:45:00,2026-03-11 14:45:00,101160.0,101150.0,47.0,-0.009885330170023021,-0.00021032617383027704,108827.0,,2654.317073170732,,146395.0,0.0,3114.7872340425533,0.0,0.8521664157862249,,0.7433792137709622,,0.0,75.60975609756098,24.390243902439025,True,True,,,,,0,0,2026-03-12 22:00:00,100980.0,2026-03-12 22:45:00,100750.0,6,6,0.5244497757201064,213.73661855544867,
CU:1h:1:1:2511:2517:5,CU,1h,2543,2026-03-12 23:00:00,35.0,-1,-1,CHoCH,-1,99210.0,197.0,CHoCH,-1,101130.0,10.0,27,3,8,1,current_internal_high,internal,0.0,4.0,101430.0,101430.0,101430.0,0.7849761526232114,active_bull_internal_ob,internal,1.0,26.0,99100.0,100620.0,99860.0,0.01987281399046105,100810.0,101010.0,100660.0,100750.0,5537.0,189989.0,0,0,0,0,0,0,,101430.0,4.0,above,0.7849761526232114,101930.0,False,,100100.0,5.0,below,0.5365659777424483,101130.0,False,,104520.0,32.0,above,3.8553259141494434,114140.0,False,,97920.0,114.0,below,2.7027027027027026,99210.0,False,,-1,-1,-0.00033567369036327125,-65,DOWN_CONFIRMED,-0.00874436404907218,-0.01412283020157105,0.008449587385677623,0.7377864222288757,-0.00033567369036327125,-0.021818789873612632,-0.0008616019237688288,-0.0015961413222904675,-0.0025601847115139797,101638.76637467879,-0.874436404907218,-0.05951790496974141,-0.7466400585368321,,32,-1,2479,2543,2026-03-03 21:00:00,2026-03-12 22:00:00,100970.0,100750.0,65,-0.21788650094087814,-0.003352100014475048,31.0,1.0,2460.0,2478.0,2026-02-27 14:00:00,2026-03-03 14:00:00,103920.0,102100.0,19.0,-1.7513471901462685,-0.09217616790243519,920457.0,,14160.876923076923,,404044.0,0.0,21265.473684210527,0.0,0.665909310714827,,2.2781107998138816,,21.53846153846154,47.69230769230769,30.76923076923077,True,True,,,,,0,0,2026-03-12 00:00:00,101310.0,2026-03-12 09:00:00,101080.0,6,6,0.5982927830384647,451.8278188954043,4.0
CU:1h:1:1:2511:2517:5,CU,4h,1127,2026-03-12 15:00:00,515.0,1,1,BOS,1,89270.0,257.0,CHoCH,1,101550.0,7.0,18,2,3,0,current_internal_high,internal,0.0,4.0,101980.0,101980.0,101980.0,1.3314785373608904,active_bull_internal_ob,internal,1.0,7.0,99760.0,100420.0,100090.0,0.21860095389507153,100520.0,101050.0,100480.0,101010.0,17719.0,192388.0,0,0,0,0,0,0,,101980.0,4.0,above,1.3314785373608904,101550.0,False,,98390.0,8.0,below,2.235691573926868,100030.0,False,,114140.0,43.0,above,13.414149443561207,89270.0,False,,97920.0,21.0,below,2.7027027027027026,84950.0,False,,-1,-1,-0.0007430433638794216,-87,DOWN_CONFIRMED,-0.04678488764906822,-0.0731835467624535,0.018361837935558022,0.9247392031414507,-0.0007430433638794216,-0.06464477265750967,-0.0035150973716953082,-0.00677221673724715,-0.018704212640879736,105967.68629787792,-4.678488764906822,0.4774694121157941,-0.5198725908328335,,10,-1,1041,1127,2026-02-02 13:30:00,2026-03-12 13:30:00,98580.0,101010.0,87,2.4650030432136427,0.02833336831280049,9.0,1.0,582.0,1040.0,2025-08-12 21:00:00,2026-02-02 09:00:00,79460.0,100110.0,459.0,25.987918449534362,0.05661855871358249,3518796.0,,40445.93103448276,,19025759.0,0.0,41450.45533769063,0.0,0.9757656630060113,,0.18494904723643352,,5.747126436781609,63.2183908045977,31.03448275862069,True,True,,,,,0,0,2026-03-10 21:00:00,101860.0,2026-03-11 13:30:00,101150.0,7,7,0.2509011758497947,783.3125795837414,
CU:1h:1:1:2511:2517:6,CU,5m,26271,2026-03-13 09:50:00,0.0,-1,-1,CHoCH,-1,101130.0,150.0,CHoCH,-1,100790.0,39.0,76,14,35,5,active_bear_internal_ob,internal,-1.0,39.0,100830.0,101010.0,100920.0,0.13904061972390505,current_internal_low,internal,0.0,4.0,100640.0,100640.0,100640.0,0.049657364187108956,100710.0,100730.0,100610.0,100690.0,1261.0,188446.0,0,0,0,0,0,0,,100950.0,2.0,above,0.2582182937729665,101010.0,False,,100640.0,4.0,below,0.049657364187108956,100560.0,False,,101250.0,7.0,above,0.5561624788956202,101430.0,False,,100430.0,31.0,below,0.2582182937729665,100100.0,False,,-1,-1,-4.855244730254331e-05,-191,DOWN_CONFIRMED,-0.0012821406765886972,-0.0007564002700956513,0.0016852597645869195,0.37753393477593117,-4.855244730254331e-05,-0.009273517434785772,-0.0002176936969803256,-0.00029536929748685825,-0.0002105739961429931,100819.26447997353,-0.12821406765886972,-0.019859001092248363,1.4045348107785556,,360,-1,26081,26271,2026-03-11 09:25:00,2026-03-13 09:45:00,101540.0,100690.0,191,-0.8371085286586588,-0.00438276716575214,359.0,1.0,25958.0,26080.0,2026-03-09 22:55:00,2026-03-11 09:20:00,100520.0,101510.0,123.0,0.9848786311181801,0.00800714334242423,165193.0,,864.8848167539267,,123143.0,0.0,1001.1626016260162,0.0,0.8638804679172424,,1.3414729217251489,,23.036649214659686,48.69109947643979,28.272251308900525,True,True,2026-03-13 09:30:00,100860.0,2026-03-13 09:35:00,100700.0,13,13,2026-03-13 09:20:00,100810.0,2026-03-13 09:35:00,100700.0,14,14,2.2279999508379453,121.84477168336142,
CU:1h:1:1:2511:2517:6,CU,15m,8756,2026-03-13 09:45:00,5.0,-1,-1,BOS,-1,100200.0,168.0,CHoCH,-1,101390.0,51.0,42,9,17,4,current_internal_high,internal,0.0,13.0,101250.0,101250.0,101250.0,0.5561624788956202,current_internal_low,internal,0.0,4.0,100560.0,100560.0,100560.0,0.12910914688648326,100850.0,100900.0,100640.0,100710.0,3035.0,188684.0,0,0,0,0,0,0,,101250.0,13.0,above,0.5561624788956202,101430.0,False,,100560.0,4.0,below,0.12910914688648326,100430.0,False,,101980.0,39.0,above,1.281159996027411,102400.0,False,,98390.0,76.0,below,2.2842387526070116,100200.0,False,,0,0,-0.00010471763316164617,-50,NONE,-0.0035081920868269482,-0.0035776877428002536,0.0019280665715462819,0.5143764503687985,-0.00010471763316164617,-0.005235881658082309,-0.00036881195618543305,-0.0005967118952501238,-0.001194992808977946,101064.5538681389,-0.35081920868269484,-0.11901219875036784,1.0055439150927028,,116,-1,8707,8756,2026-03-11 21:00:00,2026-03-13 09:30:00,100730.0,100710.0,50,-0.01985505807604593,-0.00039710116152091857,115.0,1.0,8660.0,8706.0,2026-03-10 00:45:00,2026-03-11 14:45:00,101160.0,101150.0,47.0,-0.009885330170023021,-0.00021032617383027704,122546.0,,2450.92,,146395.0,0.0,3114.7872340425533,0.0,0.7868659448751665,,0.8370914307182622,,0.0,80.0,20.0,True,True,,,,,0,0,2026-03-12 23:45:00,100890.0,2026-03-13 09:30:00,100710.0,7,7,0.5389141563364012,209.1839341574571,
CU:1h:1:1:2511:2517:6,CU,1h,2545,2026-03-13 01:00:00,530.0,-1,-1,CHoCH,-1,99210.0,199.0,CHoCH,-1,101130.0,12.0,27,3,8,1,current_internal_high,internal,0.0,6.0,101430.0,101430.0,101430.0,0.7349289899692124,active_bull_internal_ob,internal,1.0,28.0,99100.0,100620.0,99860.0,0.06952030986195253,100900.0,101010.0,100770.0,100860.0,2680.0,189070.0,0,0,0,0,0,0,,101430.0,6.0,above,0.7349289899692124,101930.0,False,,100430.0,1.0,below,0.2582182937729665,100100.0,False,,104520.0,34.0,above,3.8037540967325456,114140.0,False,,97920.0,116.0,below,2.7510179759658357,99210.0,False,,-1,-1,-0.0003281841365905523,-67,DOWN_CONFIRMED,-0.007490068968773237,-0.013921163029082428,0.008401579200862179,0.778001914367154,-0.0003281841365905523,-0.021988337151567006,-0.0006811084404805268,-0.001601253031945915,-0.002605401246554062,101621.14941782552,-0.7490068968773237,-0.029735355337501268,-1.2258397741278229,,32,-1,2479,2545,2026-03-03 21:00:00,2026-03-13 00:00:00,100970.0,100860.0,67,-0.10894325047043907,-0.0016260186637378966,31.0,1.0,2460.0,2478.0,2026-02-27 14:00:00,2026-03-03 14:00:00,103920.0,102100.0,19.0,-1.7513471901462685,-0.09217616790243519,929170.0,,13868.208955223881,,404044.0,0.0,21265.473684210527,0.0,0.652146722013577,,2.2996752828899822,,20.8955223880597,49.25373134328358,29.850746268656714,True,True,,,,,0,0,2026-03-12 00:00:00,101310.0,2026-03-12 09:00:00,101080.0,6,6,0.6035113002635344,429.28010914960885,4.0
CU:1h:1:1:2511:2517:6,CU,4h,1129,2026-03-13 01:00:00,530.0,1,1,BOS,1,89270.0,259.0,CHoCH,1,101550.0,9.0,18,2,3,0,current_internal_high,internal,0.0,6.0,101980.0,101980.0,101980.0,1.281159996027411,active_bull_internal_ob,internal,1.0,9.0,99760.0,100420.0,100090.0,0.2681497666103883,100900.0,101010.0,100770.0,100860.0,2680.0,189070.0,0,0,0,0,0,0,,101980.0,6.0,above,1.281159996027411,101550.0,False,,98390.0,10.0,below,2.2842387526070116,100030.0,False,,114140.0,45.0,above,13.357830966332306,89270.0,False,,97920.0,23.0,below,2.7510179759658357,84950.0,False,,-1,-1,-0.0007352823868573246,-89,DOWN_CONFIRMED,-0.04739038182293709,-0.07260169956083114,0.01855552497575998,0.9128785314225599,-0.0007352823868573246,-0.06544013243030189,-0.0026995542867088718,-0.005792824346315006,-0.017299176865539168,105877.57889008948,-4.739038182293709,-0.029735355337501268,-1.113648048330009,,10,-1,1041,1129,2026-02-02 13:30:00,2026-03-13 00:00:00,98580.0,100860.0,89,2.3128423615337734,0.025986992826222174,9.0,1.0,582.0,1040.0,2025-08-12 21:00:00,2026-02-02 09:00:00,79460.0,100110.0,459.0,25.987918449534362,0.05661855871358249,3544758.0,,39828.74157303371,,19025759.0,0.0,41450.45533769063,0.0,0.960875851629492,,0.18631361828981435,,5.617977528089887,64.04494382022472,30.337078651685395,True,True,,,,,0,0,2026-03-10 21:00:00,101860.0,2026-03-11 13:30:00,101150.0,7,7,0.25557976036377456,738.3154385186342,
CU:1h:1:1:2511:2517:7,CU,5m,26277,2026-03-13 10:35:00,0.0,-1,-1,CHoCH,-1,101130.0,156.0,BOS,-1,100610.0,0.0,76,14,35,5,current_internal_low,internal,0.0,1.0,100610.0,100610.0,100610.0,0.009940357852882704,active_bull_internal_ob,internal,1.0,75.0,100480.0,100590.0,100535.0,0.009940357852882704,100840.0,100880.0,100560.0,100600.0,2110.0,188827.0,0,0,0,0,0,0,,100950.0,8.0,above,0.34791252485089463,101010.0,False,,100610.0,1.0,above,0.009940357852882704,100640.0,True,0.0,101250.0,13.0,above,0.6461232604373758,101430.0,False,,100430.0,37.0,below,0.16898608349900596,100100.0,False,,-1,-1,-4.846792714731677e-05,-197,DOWN_CONFIRMED,-0.0018981182796913513,-0.000752319538928389,0.0016640721475364997,0.24555289508948686,-4.846792714731677e-05,-0.009548181648021403,-0.00019592256591038915,-0.0004933769078283579,-0.0005398053623695276,100791.31383522475,-0.18981182796913512,-0.23800079333597957,2.276230049141393,,360,-1,26081,26277,2026-03-11 09:25:00,2026-03-13 10:30:00,101540.0,100600.0,197,-0.9257435493401633,-0.004699205834214027,359.0,1.0,25958.0,26080.0,2026-03-09 22:55:00,2026-03-11 09:20:00,100520.0,101510.0,123.0,0.9848786311181801,0.00800714334242423,172900.0,,877.6649746192893,,123143.0,0.0,1001.1626016260162,0.0,0.8766457848044353,,1.4040586959875916,,22.33502538071066,50.25380710659898,27.411167512690355,True,True,2026-03-13 10:10:00,100840.0,2026-03-13 10:30:00,100600.0,14,14,2026-03-13 10:10:00,100840.0,2026-03-13 10:30:00,100600.0,15,15,2.211922011100256,130.59455862408976,
CU:1h:1:1:2511:2517:7,CU,15m,8758,2026-03-13 10:15:00,20.0,-1,-1,BOS,-1,100200.0,170.0,CHoCH,-1,101390.0,53.0,42,9,17,4,current_internal_high,internal,0.0,1.0,101010.0,101010.0,101010.0,0.4075546719681909,current_internal_low,internal,0.0,6.0,100560.0,100560.0,100560.0,0.039761431411530816,100730.0,100840.0,100700.0,100840.0,2950.0,188460.0,0,0,0,0,0,0,,101010.0,1.0,above,0.4075546719681909,101250.0,False,,100560.0,6.0,below,0.039761431411530816,100430.0,False,,101980.0,41.0,above,1.371769383697813,102400.0,False,,100100.0,1.0,below,0.4970178926441352,98390.0,False,,-1,-1,-0.00010619497553433243,-52,DOWN_CONFIRMED,-0.001934678476847391,-0.0035354491987142347,0.0019053819917819303,0.7995825656146762,-0.00010619497553433243,-0.005522138727785286,-0.000625029002868871,-0.0007296555617294365,-0.001363809979673225,101035.47115143482,-0.1934678476847391,0.09926543577525315,1.160064143479284,,116,-1,8707,8758,2026-03-11 21:00:00,2026-03-13 10:00:00,100730.0,100840.0,52,0.1092028194182415,0.0021000542195815674,115.0,1.0,8660.0,8706.0,2026-03-10 00:45:00,2026-03-11 14:45:00,101160.0,101150.0,47.0,-0.009885330170023021,-0.00021032617383027704,129404.0,,2488.5384615384614,,146395.0,0.0,3114.7872340425533,0.0,0.7989433224653006,,0.8839372929403326,,0.0,80.76923076923077,19.230769230769234,True,True,,,,,0,0,2026-03-13 10:00:00,100840.0,2026-03-13 09:30:00,100710.0,8,7,0.5389363231339531,201.64329016637885,
CU:1h:1:1:2511:2517:7,CU,1h,2546,2026-03-13 10:00:00,35.0,-1,-1,CHoCH,-1,99210.0,200.0,CHoCH,-1,101130.0,13.0,27,3,8,1,current_internal_high,internal,0.0,7.0,101430.0,101430.0,101430.0,0.8250497017892645,current_internal_low,internal,0.0,2.0,100430.0,100430.0,100430.0,0.16898608349900596,100660.0,100950.0,100610.0,100740.0,12532.0,188348.0,1,1,1,0,1,0,active_bull_internal_ob,101430.0,7.0,above,0.8250497017892645,101930.0,False,,100430.0,2.0,below,0.16898608349900596,100100.0,False,,104520.0,35.0,above,3.89662027833002,114140.0,False,,97920.0,117.0,below,2.6640159045725644,99210.0,False,,-1,-1,-0.0003271720133648286,-68,DOWN_CONFIRMED,-0.00840796437164947,-0.013840086578237825,0.008365937664507129,0.7419323486638213,-0.0003271720133648286,-0.022247696908808345,-0.000742457361563309,-0.0018409106660104424,-0.0028618281684613667,101594.20041747636,-0.840796437164947,-0.11897679952409534,0.7815076846711123,,32,-1,2479,2546,2026-03-03 21:00:00,2026-03-13 09:00:00,100970.0,100740.0,68,-0.2277904328018221,-0.0033498593059091484,31.0,1.0,2460.0,2478.0,2026-02-27 14:00:00,2026-03-03 14:00:00,103920.0,102100.0,19.0,-1.7513471901462685,-0.09217616790243519,941702.0,,13848.558823529413,,404044.0,0.0,21265.473684210527,0.0,0.6512226827945937,,2.330691706843809,,20.588235294117645,50.0,29.411764705882355,True,True,,,,,0,0,2026-03-12 00:00:00,101310.0,2026-03-12 09:00:00,101080.0,6,6,0.6044714834126647,422.90295849606537,4.0
CU:1h:1:1:2511:2517:7,CU,4h,1129,2026-03-13 01:00:00,575.0,1,1,BOS,1,89270.0,259.0,CHoCH,1,101550.0,9.0,18,2,3,0,current_internal_high,internal,0.0,6.0,101980.0,101980.0,101980.0,1.371769383697813,active_bull_internal_ob,internal,1.0,9.0,99760.0,100420.0,100090.0,0.17892644135188868,100900.0,101010.0,100770.0,100860.0,2680.0,189070.0,0,0,0,0,0,0,,101980.0,6.0,above,1.371769383697813,101550.0,False,,98390.0,10.0,below,2.1968190854870775,100030.0,False,,114140.0,45.0,above,13.45924453280318,89270.0,False,,97920.0,23.0,below,2.6640159045725644,84950.0,False,,-1,-1,-0.0007352823868573246,-89,DOWN_CONFIRMED,-0.04739038182293709,-0.07260169956083114,0.01855552497575998,0.9128785314225599,-0.0007352823868573246,-0.06544013243030189,-0.0026995542867088718,-0.005792824346315006,-0.017299176865539168,105877.57889008948,-4.739038182293709,-0.029735355337501268,-1.113648048330009,,10,-1,1041,1129,2026-02-02 13:30:00,2026-03-13 00:00:00,98580.0,100860.0,89,2.3128423615337734,0.025986992826222174,9.0,1.0,582.0,1040.0,2025-08-12 21:00:00,2026-02-02 09:00:00,79460.0,100110.0,459.0,25.987918449534362,0.05661855871358249,3544758.0,,39828.74157303371,,19025759.0,0.0,41450.45533769063,0.0,0.960875851629492,,0.18631361828981435,,5.617977528089887,64.04494382022472,30.337078651685395,True,True,,,,,0,0,2026-03-10 21:00:00,101860.0,2026-03-11 13:30:00,101150.0,7,7,0.25557976036377456,738.3154385186342,
CU:1h:1:1:2511:2517:8,CU,5m,26280,2026-03-13 10:50:00,0.0,-1,-1,CHoCH,-1,101130.0,159.0,BOS,-1,100610.0,3.0,76,14,35,5,active_bear_internal_ob,internal,-1.0,48.0,100830.0,101010.0,100920.0,0.19874788830368675,current_internal_low,internal,0.0,4.0,100610.0,100610.0,100610.0,0.019874788830368677,100690.0,100690.0,100620.0,100630.0,730.0,188851.0,0,0,0,0,0,0,,100950.0,11.0,above,0.31799662128589884,101010.0,False,,100610.0,4.0,below,0.019874788830368677,100640.0,True,3.0,101250.0,16.0,above,0.616118453741429,101430.0,False,,100430.0,40.0,below,0.19874788830368675,100100.0,False,,-1,-1,-4.855102908827014e-05,-200,DOWN_CONFIRMED,-0.001437122557038039,-0.0007601978119563425,0.0016528768065990765,0.3410704712886648,-4.855102908827014e-05,-0.009710205817654027,-0.00027143730048806436,-0.0005376865091761829,-0.0007306010760121939,100774.82577530327,-0.14371225570380392,-0.03973378364954261,-0.67809817097554,,360,-1,26081,26280,2026-03-11 09:25:00,2026-03-13 10:45:00,101540.0,100630.0,200,-0.8961985424463248,-0.004480992712231624,359.0,1.0,25958.0,26080.0,2026-03-09 22:55:00,2026-03-11 09:20:00,100520.0,101510.0,123.0,0.9848786311181801,0.00800714334242423,175579.0,,877.895,,123143.0,0.0,1001.1626016260162,0.0,0.8768755430678155,,1.4258138911671796,,22.0,51.0,27.0,True,True,2026-03-13 10:10:00,100840.0,2026-03-13 10:30:00,100600.0,14,14,2026-03-13 10:10:00,100840.0,2026-03-13 10:30:00,100600.0,15,15,2.174271986320844,121.50008939399609,
CU:1h:1:1:2511:2517:8,CU,15m,8759,2026-03-13 10:45:00,5.0,-1,-1,BOS,-1,100200.0,171.0,CHoCH,-1,101390.0,54.0,42,9,17,4,current_internal_high,internal,0.0,2.0,101010.0,101010.0,101010.0,0.37762098777700487,current_internal_low,internal,0.0,7.0,100560.0,100560.0,100560.0,0.06956176090629036,100840.0,100880.0,100540.0,100670.0,4059.0,188782.0,0,0,0,0,0,0,,101010.0,2.0,above,0.37762098777700487,101250.0,False,,100560.0,7.0,below,0.06956176090629036,100430.0,False,,101980.0,42.0,above,1.3415482460498858,102400.0,False,,100100.0,2.0,below,0.5266819040047699,98390.0,False,,-1,-1,-0.00010759267973372231,-53,DOWN_CONFIRMED,-0.0034366045214092216,-0.003533584204802819,0.0018873690069505498,0.5204900460006892,-0.00010759267973372231,-0.005702412025887282,-0.0006778702526025748,-0.0008815375948262316,-0.0015035214335202829,101017.1560151014,-0.34366045214092217,-0.16858389527965034,2.0237404932395195,,116,-1,8707,8759,2026-03-11 21:00:00,2026-03-13 10:30:00,100730.0,100670.0,53,-0.059565174228137785,-0.0011238712118516563,115.0,1.0,8660.0,8706.0,2026-03-10 00:45:00,2026-03-11 14:45:00,101160.0,101150.0,47.0,-0.009885330170023021,-0.00021032617383027704,133463.0,,2518.169811320755,,146395.0,0.0,3114.7872340425533,0.0,0.8084564440867207,,0.9116636497148126,,0.0,81.13207547169812,18.867924528301888,True,True,,,,,0,0,2026-03-13 10:00:00,100840.0,2026-03-13 10:30:00,100670.0,8,8,0.5341231162357057,211.5259122973518,
CU:1h:1:1:2511:2517:8,CU,1h,2546,2026-03-13 10:00:00,50.0,-1,-1,CHoCH,-1,99210.0,200.0,CHoCH,-1,101130.0,13.0,27,3,8,1,current_internal_high,internal,0.0,7.0,101430.0,101430.0,101430.0,0.794991553214747,active_bull_internal_ob,internal,1.0,29.0,99100.0,100620.0,99860.0,0.009937394415184339,100660.0,100950.0,100610.0,100740.0,12532.0,188348.0,0,0,0,0,0,0,,101430.0,7.0,above,0.794991553214747,101930.0,False,,100430.0,2.0,below,0.19874788830368675,100100.0,False,,104520.0,35.0,above,3.8656464275067073,114140.0,False,,97920.0,117.0,below,2.693033886514956,99210.0,False,,-1,-1,-0.0003271720133648286,-68,DOWN_CONFIRMED,-0.00840796437164947,-0.013840086578237825,0.008365937664507129,0.7419323486638213,-0.0003271720133648286,-0.022247696908808345,-0.000742457361563309,-0.0018409106660104424,-0.0028618281684613667,101594.20041747636,-0.840796437164947,-0.11897679952409534,0.7815076846711123,,32,-1,2479,2546,2026-03-03 21:00:00,2026-03-13 09:00:00,100970.0,100740.0,68,-0.2277904328018221,-0.0033498593059091484,31.0,1.0,2460.0,2478.0,2026-02-27 14:00:00,2026-03-03 14:00:00,103920.0,102100.0,19.0,-1.7513471901462685,-0.09217616790243519,941702.0,,13848.558823529413,,404044.0,0.0,21265.473684210527,0.0,0.6512226827945937,,2.330691706843809,,20.588235294117645,50.0,29.411764705882355,True,True,,,,,0,0,2026-03-12 00:00:00,101310.0,2026-03-12 09:00:00,101080.0,6,6,0.6044714834126647,422.90295849606537,4.0
CU:1h:1:1:2511:2517:8,CU,4h,1129,2026-03-13 01:00:00,590.0,1,1,BOS,1,89270.0,259.0,CHoCH,1,101550.0,9.0,18,2,3,0,current_internal_high,internal,0.0,6.0,101980.0,101980.0,101980.0,1.3415482460498858,active_bull_internal_ob,internal,1.0,9.0,99760.0,100420.0,100090.0,0.2086852827188711,100900.0,101010.0,100770.0,100860.0,2680.0,189070.0,0,0,0,0,0,0,,101980.0,6.0,above,1.3415482460498858,101550.0,False,,98390.0,10.0,below,2.2259763490012916,100030.0,False,,114140.0,45.0,above,13.425419854914042,89270.0,False,,97920.0,23.0,below,2.693033886514956,84950.0,False,,-1,-1,-0.0007352823868573246,-89,DOWN_CONFIRMED,-0.04739038182293709,-0.07260169956083114,0.01855552497575998,0.9128785314225599,-0.0007352823868573246,-0.06544013243030189,-0.0026995542867088718,-0.005792824346315006,-0.017299176865539168,105877.57889008948,-4.739038182293709,-0.029735355337501268,-1.113648048330009,,10,-1,1041,1129,2026-02-02 13:30:00,2026-03-13 00:00:00,98580.0,100860.0,89,2.3128423615337734,0.025986992826222174,9.0,1.0,582.0,1040.0,2025-08-12 21:00:00,2026-02-02 09:00:00,79460.0,100110.0,459.0,25.987918449534362,0.05661855871358249,3544758.0,,39828.74157303371,,19025759.0,0.0,41450.45533769063,0.0,0.960875851629492,,0.18631361828981435,,5.617977528089887,64.04494382022472,30.337078651685395,True,True,,,,,0,0,2026-03-10 21:00:00,101860.0,2026-03-11 13:30:00,101150.0,7,7,0.25557976036377456,738.3154385186342,
CU:1h:1:1:2511:2517:9,CU,5m,26362,2026-03-16 09:40:00,0.0,-1,-1,BOS,-1,100430.0,71.0,BOS,-1,100200.0,26.0,72,15,34,6,current_internal_low,internal,0.0,35.0,100200.0,100200.0,100200.0,1.109989909182644,active_bull_internal_ob,internal,1.0,4051.0,97880.0,98250.0,98065.0,0.8577194752774974,99020.0,99250.0,99020.0,99100.0,2245.0,195325.0,0,0,0,0,0,0,,100450.0,32.0,above,1.3622603430877902,100500.0,False,,100200.0,35.0,above,1.109989909182644,100030.0,True,26.0,101250.0,98.0,above,2.169525731584258,101430.0,False,,100430.0,122.0,above,1.3420787083753782,100100.0,True,71.0,-1,-1,-0.00010420785397124752,-282,DOWN_CONFIRMED,0.00331574031833785,-0.001055226366500881,0.0017750617395315903,0.9931000598479574,-0.00010420785397124752,-0.0293866148198918,0.00023593975412761203,-0.014831459555694981,-0.01575280291309933,98772.49605249587,0.33157403183378503,0.08079175924056159,-0.027734985278917212,,360,-1,26081,26362,2026-03-11 09:25:00,2026-03-16 09:35:00,101540.0,99100.0,282,-2.402993894031913,-0.008521254943375578,359.0,1.0,25958.0,26080.0,2026-03-09 22:55:00,2026-03-11 09:20:00,100520.0,101510.0,123.0,0.9848786311181801,0.00800714334242423,291746.0,,1034.5602836879432,,123143.0,0.0,1001.1626016260162,0.0,1.0333588989517635,,2.3691643049137996,,16.312056737588655,45.39007092198582,38.297872340425535,True,False,2026-03-16 09:10:00,98840.0,2026-03-13 22:40:00,100330.0,18,17,2026-03-13 22:30:00,100400.0,2026-03-13 22:40:00,100330.0,18,18,1.6821620420817154,227.99588010228965,
CU:1h:1:1:2511:2517:9,CU,15m,8786,2026-03-16 09:30:00,10.0,-1,-1,BOS,-1,100100.0,6.0,BOS,-1,100030.0,6.0,41,11,17,5,current_internal_low,internal,0.0,10.0,100030.0,100030.0,100030.0,0.9384460141271443,active_bull_internal_ob,internal,1.0,1349.0,97750.0,98330.0,98040.0,0.7769929364278507,98840.0,99350.0,98800.0,98930.0,11492.0,194879.0,0,0,0,0,0,0,,100500.0,9.0,above,1.4127144298688195,101010.0,False,,100030.0,10.0,above,0.9384460141271443,100560.0,True,6.0,101430.0,22.0,above,2.3511604439959637,101980.0,False,,100100.0,29.0,above,1.0090817356205852,98390.0,True,6.0,-1,-1,-0.00034911825970130315,-80,DOWN_CONFIRMED,0.0017318363670501319,-0.003871102111600124,0.0020184670784804282,0.9972470218377082,-0.00034911825970130315,-0.027929460776104253,-0.018356521980517848,-0.01884380043755285,-0.02029420142575078,98758.96563174669,0.1731836367050132,0.09105625252934235,1.5570586430158815,,116,-1,8707,8786,2026-03-11 21:00:00,2026-03-16 09:15:00,100730.0,98930.0,80,-1.7869552268440336,-0.02233694033555042,115.0,1.0,8660.0,8706.0,2026-03-10 00:45:00,2026-03-11 14:45:00,101160.0,101150.0,47.0,-0.009885330170023021,-0.00021032617383027704,245272.0,,3065.9,,146395.0,0.0,3114.7872340425533,0.0,0.984304791830322,,1.6754124116260802,,0.0,56.25,43.75,True,False,2026-03-16 09:00:00,98840.0,,,1,0,2026-03-13 10:00:00,100840.0,2026-03-13 10:30:00,100670.0,8,8,0.5214192290179844,294.54475294701297,
CU:1h:1:1:2511:2517:9,CU,1h,2554,2026-03-14 01:00:00,3400.0,-1,-1,CHoCH,-1,99210.0,208.0,BOS,-1,100430.0,5.0,27,4,8,1,current_internal_low,internal,0.0,10.0,100430.0,100430.0,100430.0,1.3420787083753782,current_swing_low,swing,0.0,125.0,97920.0,97920.0,97920.0,1.1907164480322907,100020.0,100100.0,99710.0,99730.0,7957.0,189981.0,1,1,1,0,1,0,active_bull_internal_ob,101250.0,7.0,above,2.169525731584258,101430.0,False,,100430.0,10.0,above,1.3420787083753782,100100.0,True,5.0,104520.0,43.0,above,5.469223007063572,114140.0,False,,97920.0,125.0,below,1.1907164480322907,99210.0,False,,-1,-1,-0.0003255172629161439,-76,DOWN_CONFIRMED,-0.015841536791150232,-0.013645344220654446,0.007955830218758205,0.3912555248184459,-0.0003255172629161439,-0.024739311981626932,-0.0017711676677999444,-0.0028620766372083883,-0.00445664726636863,101335.30699398776,-1.5841536791150232,-0.28994201159767696,-0.264558403507709,,32,-1,2479,2554,2026-03-03 21:00:00,2026-03-14 00:00:00,100970.0,99730.0,76,-1.2280875507576505,-0.016159046720495403,31.0,1.0,2460.0,2478.0,2026-02-27 14:00:00,2026-03-03 14:00:00,103920.0,102100.0,19.0,-1.7513471901462685,-0.09217616790243519,1027328.0,,13517.473684210527,,404044.0,0.0,21265.473684210527,0.0,0.6356535426834701,,2.5426141707338803,,18.421052631578945,46.05263157894737,35.526315789473685,True,True,,,,,0,0,2026-03-12 00:00:00,101310.0,2026-03-12 09:00:00,101080.0,6,6,0.5830435707672191,406.0597127893518,4.0
CU:1h:1:1:2511:2517:9,CU,4h,1133,2026-03-14 01:00:00,3400.0,1,1,BOS,1,89270.0,263.0,CHoCH,1,101550.0,13.0,17,2,3,0,current_internal_high,internal,0.0,10.0,101980.0,101980.0,101980.0,2.9061553985872854,current_internal_low,internal,0.0,14.0,98390.0,98390.0,98390.0,0.7164480322906156,100020.0,100100.0,99710.0,99730.0,7957.0,189981.0,0,0,0,0,0,0,,101980.0,10.0,above,2.9061553985872854,101550.0,False,,98390.0,14.0,below,0.7164480322906156,100030.0,False,,114140.0,49.0,above,15.176589303733603,89270.0,False,,97920.0,27.0,below,1.1907164480322907,84950.0,False,,-1,-1,-0.0007402098658933589,-93,DOWN_CONFIRMED,-0.05462435866837373,-0.07171038793015966,0.018636188525044374,0.8203814992463694,-0.0007402098658933589,-0.06883951752808237,-0.0037265833977274676,-0.007339295028865878,-0.017057770769799863,105492.45785466132,-5.462435866837373,-0.28994201159767696,-0.885974876681609,,10,-1,1041,1133,2026-02-02 13:30:00,2026-03-14 00:00:00,98580.0,99730.0,93,1.1665652262122128,0.01254371210980874,9.0,1.0,582.0,1040.0,2025-08-12 21:00:00,2026-02-02 09:00:00,79460.0,100110.0,459.0,25.987918449534362,0.05661855871358249,3642916.0,,39171.13978494624,,19025759.0,0.0,41450.45533769063,0.0,0.9450110853023168,,0.19147283427694,,5.376344086021505,61.29032258064516,33.33333333333333,True,True,,,,,0,0,2026-03-10 21:00:00,101860.0,2026-03-11 13:30:00,101150.0,7,7,0.2598812956247646,686.3878914913244,
CU:1h:1:-1:2526:2533:1,CU,5m,28212,2026-04-14 21:05:00,0.0,1,1,BOS,1,99750.0,91.0,BOS,1,101210.0,0.0,81,9,34,4,active_bear_internal_ob,internal,-1.0,2662.0,102730.0,102830.0,102780.0,0.7453172501716191,current_internal_high,internal,0.0,7.0,101210.0,101210.0,101210.0,0.7453172501716191,101580.0,102100.0,101580.0,101970.0,7851.0,167996.0,2,2,0,2,1,1,active_bear_internal_ob|active_bear_swing_ob,101210.0,7.0,below,0.7453172501716191,100930.0,True,0.0,101030.0,2.0,below,0.921839756791213,100580.0,False,,99750.0,117.0,below,2.177110914974993,98500.0,True,91.0,98450.0,88.0,below,3.4519956850053934,97370.0,False,,0,0,0.0,1,DOWN_BROKEN,0.011178071650832191,0.011178071650832191,0.0,0.5,0.0,0.0,,,,100842.77226614053,1.117807165083219,0.7708271568336755,3.944618388356247,,381,1,28212,28212,2026-04-14 21:00:00,2026-04-14 21:00:00,101970.0,101970.0,1,0.0,0.0,380.0,-1.0,28194.0,28211.0,2026-04-14 13:30:00,2026-04-14 14:55:00,100670.0,101190.0,18.0,0.5165391874441205,0.028696621524673362,7851.0,,7851.0,,24784.0,0.0,1376.888888888889,0.0,5.701985151710781,,0.31677695287282115,,100.0,0.0,0.0,True,False,,,,,0,0,,,,,0,0,0.0,163.03916637906184,
CU:1h:1:-1:2526:2533:1,CU,15m,9403,2026-04-14 15:00:00,365.0,1,1,BOS,1,97250.0,138.0,BOS,1,100940.0,14.0,44,9,17,4,active_bear_internal_ob,internal,-1.0,848.0,102030.0,102390.0,102210.0,0.05884083553986466,active_bear_internal_ob,internal,-1.0,698.0,101630.0,101760.0,101695.0,0.20594292438952633,101140.0,101270.0,101110.0,101190.0,5378.0,168152.0,1,1,0,1,1,0,active_bear_internal_ob,101450.0,9.0,below,0.5099539080121605,100940.0,False,,100580.0,0.0,below,1.3631460233401982,100580.0,False,,97250.0,195.0,below,4.628812395802687,96550.0,True,138.0,95370.0,150.0,below,6.472491909385113,94800.0,False,,1,1,0.0003156116232861068,139,UP_CONFIRMED,0.010103084217424152,0.009333514438144576,0.004141016906858353,0.5737151850400368,0.0003156116232861068,0.043870015636768844,0.002004644358274188,0.003381992905993947,0.00833379846503135,100177.89429719126,1.0103084217424152,0.05932957579353193,0.8885257858508911,,125,1,9265,9403,2026-04-08 09:00:00,2026-04-14 14:45:00,97940.0,101190.0,139,3.3183581784766103,0.02387308042069504,124.0,-1.0,9253.0,9264.0,2026-04-07 22:00:00,2026-04-08 00:45:00,95740.0,95850.0,12.0,0.11489450595363326,0.009574542162802771,452588.0,,3256.028776978417,,16649.0,0.0,1387.4166666666667,0.0,2.3468283574833926,,27.1840951408493,,57.55395683453237,33.093525179856115,9.352517985611511,False,False,,,,,0,0,2026-04-14 13:45:00,101130.0,2026-04-14 10:30:00,100880.0,8,7,0.44367177383201784,222.28117085703096,
CU:1h:1:-1:2526:2533:1,CU,1h,2735,2026-04-14 15:00:00,365.0,-1,1,BOS,-1,98390.0,159.0,BOS,1,99750.0,8.0,26,3,8,2,current_swing_high,swing,0.0,165.0,101980.0,101980.0,101980.0,0.009806805923310779,active_bear_internal_ob,internal,-1.0,202.0,101600.0,101930.0,101765.0,0.039227223693243114,101130.0,101270.0,101030.0,101190.0,13696.0,168152.0,1,1,0,1,0,1,active_bear_swing_ob,99750.0,11.0,below,2.177110914974993,98500.0,True,8.0,98450.0,8.0,below,3.4519956850053934,97370.0,False,,101980.0,165.0,above,0.009806805923310779,104520.0,False,,91500.0,85.0,below,10.267725801706383,98390.0,False,,1,1,0.0006204691482000652,74,UP_CONFIRMED,0.02875920260430698,0.0200722109694445,0.006317347443600684,0.9154499536009024,0.0006204691482000652,0.045914716966804825,0.005651406191713004,0.011435466307060826,0.019479657706735987,98361.21003227695,2.875920260430698,0.05932957579353193,0.23647246991050375,,33,1,2662,2735,2026-04-01 00:00:00,2026-04-14 14:00:00,96760.0,101190.0,74,4.578338156262918,0.06186943454409348,32.0,-1.0,2479.0,2661.0,2026-03-03 21:00:00,2026-03-31 23:00:00,100970.0,96170.0,183.0,-4.753887293255421,-0.025977526192652572,779744.0,,10537.081081081082,,2768836.0,0.0,15130.25136612022,0.0,0.696424720654397,,0.28161436791489275,,56.75675675675676,39.189189189189186,4.054054054054054,False,False,,,,,0,0,2026-04-13 11:00:00,98940.0,2026-04-13 09:00:00,98800.0,6,6,0.314731020574537,421.9850889430247,4.0
CU:1h:1:-1:2526:2533:1,CU,4h,1213,2026-04-14 15:00:00,365.0,-1,1,CHoCH,-1,97920.0,69.0,BOS,1,98500.0,7.0,19,2,3,1,active_bear_internal_ob,internal,-1.0,113.0,103320.0,104520.0,103920.0,1.323918799646955,current_internal_high,internal,0.0,10.0,98500.0,98500.0,98500.0,3.40296165538884,100700.0,101270.0,100580.0,101190.0,24784.0,168152.0,0,0,0,0,0,0,,98500.0,10.0,below,3.40296165538884,97250.0,True,7.0,97370.0,8.0,below,4.511130724722958,95370.0,False,,104520.0,71.0,above,2.5007355104442484,114140.0,False,,91500.0,9.0,below,10.267725801706383,97920.0,False,,0,0,0.0010684478083830982,18,NONE,0.05835685195900453,0.046458738794656014,0.006665200654725342,0.9628782232306744,0.0010684478083830982,0.01923206055089577,0.008131240222426506,0.01421360800603666,,95610.47373832243,5.835685195900453,0.4367245657568297,0.033872332577321515,,11,1,1196,1213,2026-04-08 09:00:00,2026-04-14 13:30:00,97670.0,101190.0,18,3.6039725606634487,0.20022069781463603,10.0,-1.0,1041.0,1195.0,2026-02-02 13:30:00,2026-04-08 00:00:00,98580.0,95850.0,155.0,-2.769324406573337,-0.017866609074666688,452588.0,,25143.777777777777,,5711580.0,0.0,36848.903225806454,0.0,0.6823480640305406,,0.07924042033903053,,94.44444444444444,5.555555555555555,0.0,False,False,,,,,0,0,2026-04-08 09:00:00,97670.0,,,1,0,0.1434649503548731,707.1867142084512,
CU:1h:1:-1:2526:2533:2,CU,5m,28217,2026-04-14 21:30:00,0.0,1,1,BOS,1,99750.0,96.0,BOS,1,101210.0,5.0,81,8,34,3,active_bear_internal_ob,internal,-1.0,2667.0,102730.0,102830.0,102780.0,0.9631449631449631,current_internal_high,internal,0.0,12.0,101210.0,101210.0,101210.0,0.5307125307125307,102050.0,102070.0,101720.0,101750.0,2612.0,168065.0,0,0,0,0,0,0,,101210.0,12.0,below,0.5307125307125307,100930.0,True,5.0,101030.0,7.0,below,0.7076167076167077,100580.0,False,,99750.0,122.0,below,1.9656019656019657,98500.0,True,96.0,98450.0,93.0,below,3.2432432432432434,97370.0,False,,0,0,0.0002960750227788041,6,NONE,0.007207204312504268,0.010439650509646655,0.0014799746609620002,0.014476617906221734,0.0002960750227788041,0.0017764501366728247,0.0017764501366728247,,,101021.91442271517,0.7207204312504268,-0.29397354238118734,0.4821321800339702,,381,1,28212,28217,2026-04-14 21:00:00,2026-04-14 21:25:00,101970.0,101750.0,6,-0.21574973031284195,-0.03595828838547366,380.0,-1.0,28194.0,28211.0,2026-04-14 13:30:00,2026-04-14 14:55:00,100670.0,101190.0,18.0,0.5165391874441205,0.028696621524673362,19355.0,,3225.8333333333335,,24784.0,0.0,1376.888888888889,0.0,2.3428421562298256,,0.7809473854099419,,83.33333333333334,16.666666666666664,0.0,True,False,,,,,0,0,,,2026-04-14 21:25:00,101750.0,0,1,0.1417647707262273,177.50175001930188,
CU:1h:1:-1:2526:2533:2,CU,15m,9405,2026-04-14 21:30:00,0.0,1,1,BOS,1,97250.0,140.0,BOS,1,101450.0,1.0,45,8,17,4,active_bear_internal_ob,internal,-1.0,827.0,101840.0,102290.0,102065.0,0.08845208845208846,current_internal_high,internal,0.0,11.0,101450.0,101450.0,101450.0,0.29484029484029484,102050.0,102210.0,101720.0,101750.0,5949.0,168065.0,0,0,0,0,0,0,,101450.0,11.0,below,0.29484029484029484,100940.0,True,1.0,100580.0,2.0,below,1.1498771498771498,100580.0,False,,97250.0,197.0,below,4.422604422604422,96550.0,True,140.0,95370.0,152.0,below,6.27027027027027,94800.0,False,,1,1,0.00033226979209847476,141,UP_CONFIRMED,0.012801807849193457,0.009408769482502284,0.004164884575148305,0.79237157424482,0.00033226979209847476,0.04685004068588494,0.003910637929730898,0.005725656861887529,0.01094872014768633,100463.88070345014,1.2801807849193456,-0.28420227361818373,0.5632251815100053,,125,1,9265,9405,2026-04-08 09:00:00,2026-04-14 21:15:00,97940.0,101750.0,141,3.890136818460288,0.02758962282595949,124.0,-1.0,9253.0,9264.0,2026-04-07 22:00:00,2026-04-08 00:45:00,95740.0,95850.0,12.0,0.11489450595363326,0.009574542162802771,471943.0,,3347.113475177305,,16649.0,0.0,1387.4166666666667,0.0,2.4124789297932403,,28.346627425070576,,58.156028368794324,32.62411347517731,9.219858156028367,False,False,,,,,0,0,2026-04-14 13:45:00,101130.0,2026-04-14 10:30:00,100880.0,8,7,0.4426598592827512,292.32407078999097,
CU:1h:1:-1:2526:2533:2,CU,1h,2735,2026-04-14 15:00:00,390.0,-1,1,BOS,-1,98390.0,159.0,BOS,1,99750.0,8.0,26,3,8,2,current_swing_high,swing,0.0,165.0,101980.0,101980.0,101980.0,0.22604422604422603,current_internal_high,internal,0.0,11.0,99750.0,99750.0,99750.0,1.9656019656019657,101130.0,101270.0,101030.0,101190.0,13696.0,168152.0,2,2,0,2,1,1,active_bear_internal_ob|active_bear_swing_ob,99750.0,11.0,below,1.9656019656019657,98500.0,True,8.0,98450.0,8.0,below,3.2432432432432434,97370.0,False,,101980.0,165.0,above,0.22604422604422603,104520.0,False,,91500.0,85.0,below,10.073710073710075,98390.0,False,,1,1,0.0006204691482000652,74,UP_CONFIRMED,0.02875920260430698,0.0200722109694445,0.006317347443600684,0.9154499536009024,0.0006204691482000652,0.045914716966804825,0.005651406191713004,0.011435466307060826,0.019479657706735987,98361.21003227695,2.875920260430698,0.05932957579353193,0.23647246991050375,,33,1,2662,2735,2026-04-01 00:00:00,2026-04-14 14:00:00,96760.0,101190.0,74,4.578338156262918,0.06186943454409348,32.0,-1.0,2479.0,2661.0,2026-03-03 21:00:00,2026-03-31 23:00:00,100970.0,96170.0,183.0,-4.753887293255421,-0.025977526192652572,779744.0,,10537.081081081082,,2768836.0,0.0,15130.25136612022,0.0,0.696424720654397,,0.28161436791489275,,56.75675675675676,39.189189189189186,4.054054054054054,False,False,,,,,0,0,2026-04-13 11:00:00,98940.0,2026-04-13 09:00:00,98800.0,6,6,0.314731020574537,421.9850889430247,4.0
CU:1h:1:-1:2526:2533:2,CU,4h,1213,2026-04-14 15:00:00,390.0,-1,1,CHoCH,-1,97920.0,69.0,BOS,1,98500.0,7.0,19,2,3,1,active_bear_internal_ob,internal,-1.0,113.0,103320.0,104520.0,103920.0,1.542997542997543,current_internal_high,internal,0.0,10.0,98500.0,98500.0,98500.0,3.194103194103194,100700.0,101270.0,100580.0,101190.0,24784.0,168152.0,0,0,0,0,0,0,,98500.0,10.0,below,3.194103194103194,97250.0,True,7.0,97370.0,8.0,below,4.304668304668305,95370.0,False,,104520.0,71.0,above,2.722358722358722,114140.0,False,,91500.0,9.0,below,10.073710073710075,97920.0,False,,0,0,0.0010684478083830982,18,NONE,0.05835685195900453,0.046458738794656014,0.006665200654725342,0.9628782232306744,0.0010684478083830982,0.01923206055089577,0.008131240222426506,0.01421360800603666,,95610.47373832243,5.835685195900453,0.4367245657568297,0.033872332577321515,,11,1,1196,1213,2026-04-08 09:00:00,2026-04-14 13:30:00,97670.0,101190.0,18,3.6039725606634487,0.20022069781463603,10.0,-1.0,1041.0,1195.0,2026-02-02 13:30:00,2026-04-08 00:00:00,98580.0,95850.0,155.0,-2.769324406573337,-0.017866609074666688,452588.0,,25143.777777777777,,5711580.0,0.0,36848.903225806454,0.0,0.6823480640305406,,0.07924042033903053,,94.44444444444444,5.555555555555555,0.0,False,False,,,,,0,0,2026-04-08 09:00:00,97670.0,,,1,0,0.1434649503548731,707.1867142084512,
