instrument,horizon,quantile,fold,feature,coefficient
AG,4,0.1,0,feat_15m_ret_1,0.00010547931926447679
AG,4,0.1,0,feat_15m_ret_4,5.869220974384529e-05
AG,4,0.1,0,feat_15m_ret_8,-0.0008284481926759227
AG,4,0.1,0,feat_15m_ret_16,0.0004541167830609792
AG,4,0.1,0,feat_15m_location_32,0.0019353358551031092
AG,4,0.1,0,feat_time_bars_since_segment_start,-0.00016394731757588362
AG,4,0.1,0,feat_time_after_long_gap,-0.0015765158257073672
AG,4,0.1,0,feat_15m_volume_ratio_32,0.00035746927666348044
AG,4,0.1,0,feat_15m_oi_log_change_4,-0.00038106723311828793
AG,4,0.1,0,feat_5m_1h_rv,-0.0010302163992253212
AG,4,0.1,0,feat_5m_rv_rate_ratio_1h_4h,-0.0003439611148635387
AG,4,0.5,0,feat_15m_ret_1,0.00039940922521604236
AG,4,0.5,0,feat_15m_ret_4,-0.0008159231159760174
AG,4,0.5,0,feat_15m_ret_8,0.0004551159292362493
AG,4,0.5,0,feat_15m_ret_16,8.802679564851975e-05
AG,4,0.5,0,feat_15m_location_32,-3.86506467589149e-05
AG,4,0.5,0,feat_time_bars_since_segment_start,0.00027802636520785697
AG,4,0.5,0,feat_time_after_long_gap,-0.0006019514621541886
AG,4,0.5,0,feat_15m_volume_ratio_32,0.00014997863752171792
AG,4,0.5,0,feat_15m_oi_log_change_4,-0.0004319384211877375
AG,4,0.5,0,feat_5m_1h_rv,-1.7539128730416944e-05
AG,4,0.5,0,feat_5m_rv_rate_ratio_1h_4h,-0.0006512993551003045
AG,4,0.9,0,feat_15m_ret_1,-0.000777712835465452
AG,4,0.9,0,feat_15m_ret_4,-0.0004460404950198654
AG,4,0.9,0,feat_15m_ret_8,0.0005015747920464923
AG,4,0.9,0,feat_15m_ret_16,0.0006053409887879696
AG,4,0.9,0,feat_15m_location_32,0.000503384985091239
AG,4,0.9,0,feat_time_bars_since_segment_start,-0.0005900100963171018
AG,4,0.9,0,feat_time_after_long_gap,-0.00029896386065889275
AG,4,0.9,0,feat_15m_volume_ratio_32,0.00016105110295487024
AG,4,0.9,0,feat_15m_oi_log_change_4,-0.000751166834946608
AG,4,0.9,0,feat_5m_1h_rv,0.0001573382727703715
AG,4,0.9,0,feat_5m_rv_rate_ratio_1h_4h,-0.000862481002923435
AG,4,0.1,1,feat_15m_ret_1,0.00016854473311146213
AG,4,0.1,1,feat_15m_ret_4,-0.0003543211447309382
AG,4,0.1,1,feat_15m_ret_8,0.00041549367808683594
AG,4,0.1,1,feat_15m_ret_16,0.0012099522057989155
AG,4,0.1,1,feat_15m_location_32,0.0006632218022320153
AG,4,0.1,1,feat_time_bars_since_segment_start,-0.0008918540932157835
AG,4,0.1,1,feat_time_after_long_gap,-0.0008812626583187158
AG,4,0.1,1,feat_15m_volume_ratio_32,0.00016439414234561647
AG,4,0.1,1,feat_15m_oi_log_change_4,-0.0004328641567308497
AG,4,0.1,1,feat_5m_1h_rv,0.00024614753161223877
AG,4,0.1,1,feat_5m_rv_rate_ratio_1h_4h,-0.0016261323644691029
AG,4,0.5,1,feat_15m_ret_1,0.00015632322809617697
AG,4,0.5,1,feat_15m_ret_4,-0.0007141433486575802
AG,4,0.5,1,feat_15m_ret_8,0.0005831753489529955
AG,4,0.5,1,feat_15m_ret_16,0.0004131568611393997
AG,4,0.5,1,feat_15m_location_32,-0.00026741477755633426
AG,4,0.5,1,feat_time_bars_since_segment_start,-0.0001135118224428993
AG,4,0.5,1,feat_time_after_long_gap,-0.0005453272278427681
AG,4,0.5,1,feat_15m_volume_ratio_32,0.00033822377444571954
AG,4,0.5,1,feat_15m_oi_log_change_4,-0.00043271718378601847
AG,4,0.5,1,feat_5m_1h_rv,0.00011860528778301997
AG,4,0.5,1,feat_5m_rv_rate_ratio_1h_4h,-0.0009692718815148702
AG,4,0.9,1,feat_15m_ret_1,-0.0010265942733352791
AG,4,0.9,1,feat_15m_ret_4,0.0007747894863141134
AG,4,0.9,1,feat_15m_ret_8,-1.5604794317863205e-05
AG,4,0.9,1,feat_15m_ret_16,-0.0007375348905673956
AG,4,0.9,1,feat_15m_location_32,0.0010966775714965308
AG,4,0.9,1,feat_time_bars_since_segment_start,-0.0012215109901136116
AG,4,0.9,1,feat_time_after_long_gap,-0.00045935231790747547
AG,4,0.9,1,feat_15m_volume_ratio_32,-0.0003636546155657412
AG,4,0.9,1,feat_15m_oi_log_change_4,-0.00098309615392719
AG,4,0.9,1,feat_5m_1h_rv,0.0010505700488783719
AG,4,0.9,1,feat_5m_rv_rate_ratio_1h_4h,-0.0011850414064179542
AG,4,0.1,2,feat_15m_ret_1,9.274912503640097e-05
AG,4,0.1,2,feat_15m_ret_4,-0.00048166287462341747
AG,4,0.1,2,feat_15m_ret_8,0.000487524948938322
AG,4,0.1,2,feat_15m_ret_16,0.0012682738563959074
AG,4,0.1,2,feat_15m_location_32,0.00047401354684025186
AG,4,0.1,2,feat_time_bars_since_segment_start,-0.0013701473424460567
AG,4,0.1,2,feat_time_after_long_gap,-0.00041044828951498875
AG,4,0.1,2,feat_15m_volume_ratio_32,-8.00941928696552e-06
AG,4,0.1,2,feat_15m_oi_log_change_4,-0.0003870025607718212
AG,4,0.1,2,feat_5m_1h_rv,-0.00041557709318998013
AG,4,0.1,2,feat_5m_rv_rate_ratio_1h_4h,-0.0010743959701082714
AG,4,0.5,2,feat_15m_ret_1,6.913631340576424e-05
AG,4,0.5,2,feat_15m_ret_4,-0.0004462446885387728
AG,4,0.5,2,feat_15m_ret_8,0.0009458065350433852
AG,4,0.5,2,feat_15m_ret_16,-0.00035348842418886497
AG,4,0.5,2,feat_15m_location_32,-2.6531438331944106e-05
AG,4,0.5,2,feat_time_bars_since_segment_start,-0.0003054088558745728
AG,4,0.5,2,feat_time_after_long_gap,-0.0005202830408051773
AG,4,0.5,2,feat_15m_volume_ratio_32,0.00012280465968770806
AG,4,0.5,2,feat_15m_oi_log_change_4,-0.00045890375304984387
AG,4,0.5,2,feat_5m_1h_rv,0.00016124763265643432
AG,4,0.5,2,feat_5m_rv_rate_ratio_1h_4h,-0.0005699905807590798
AG,4,0.9,2,feat_15m_ret_1,-0.0006017039943773732
AG,4,0.9,2,feat_15m_ret_4,0.0005494693642948827
AG,4,0.9,2,feat_15m_ret_8,0.0011233311991686009
AG,4,0.9,2,feat_15m_ret_16,-0.0020430098517127356
AG,4,0.9,2,feat_15m_location_32,0.0008830857839896343
AG,4,0.9,2,feat_time_bars_since_segment_start,-0.0018999721294158864
AG,4,0.9,2,feat_time_after_long_gap,-0.0005269412990490584
AG,4,0.9,2,feat_15m_volume_ratio_32,-0.000580188537728244
AG,4,0.9,2,feat_15m_oi_log_change_4,-0.0010434987975863862
AG,4,0.9,2,feat_5m_1h_rv,0.0010287533454701066
AG,4,0.9,2,feat_5m_rv_rate_ratio_1h_4h,-0.00094986721653406
AG,4,0.1,3,feat_15m_ret_1,-0.0002074750651270789
AG,4,0.1,3,feat_15m_ret_4,-0.00046577252398129145
AG,4,0.1,3,feat_15m_ret_8,0.0006921406601724029
AG,4,0.1,3,feat_15m_ret_16,-0.00020338857292680678
AG,4,0.1,3,feat_15m_location_32,0.0015148109991344365
AG,4,0.1,3,feat_time_bars_since_segment_start,-0.0009034176006446266
AG,4,0.1,3,feat_time_after_long_gap,-0.00040290340877145617
AG,4,0.1,3,feat_15m_volume_ratio_32,0.00043183733283804236
AG,4,0.1,3,feat_15m_oi_log_change_4,-0.00033469279008865025
AG,4,0.1,3,feat_5m_1h_rv,-0.00030807223177076073
AG,4,0.1,3,feat_5m_rv_rate_ratio_1h_4h,-0.0010887502987743296
AG,4,0.5,3,feat_15m_ret_1,0.00011794038597516922
AG,4,0.5,3,feat_15m_ret_4,-0.0004734149891967796
AG,4,0.5,3,feat_15m_ret_8,0.0006695039909231179
AG,4,0.5,3,feat_15m_ret_16,-0.0005033377877946282
AG,4,0.5,3,feat_15m_location_32,0.00020250212826898045
AG,4,0.5,3,feat_time_bars_since_segment_start,-0.0002905398777151041
AG,4,0.5,3,feat_time_after_long_gap,-0.00045529474485231836
AG,4,0.5,3,feat_15m_volume_ratio_32,0.0003390797424199823
AG,4,0.5,3,feat_15m_oi_log_change_4,-0.0004007647556927541
AG,4,0.5,3,feat_5m_1h_rv,7.784570080618501e-05
AG,4,0.5,3,feat_5m_rv_rate_ratio_1h_4h,-0.0005664080441071591
AG,4,0.9,3,feat_15m_ret_1,-0.00048050125354098463
AG,4,0.9,3,feat_15m_ret_4,0.0005224421892177653
AG,4,0.9,3,feat_15m_ret_8,0.0006625341473074925
AG,4,0.9,3,feat_15m_ret_16,-0.0022267843466943034
AG,4,0.9,3,feat_15m_location_32,0.0013833223501170694
AG,4,0.9,3,feat_time_bars_since_segment_start,-0.0014213834852003914
AG,4,0.9,3,feat_time_after_long_gap,-0.0002712776385662302
AG,4,0.9,3,feat_15m_volume_ratio_32,-0.0007136316028610678
AG,4,0.9,3,feat_15m_oi_log_change_4,3.350416017250378e-05
AG,4,0.9,3,feat_5m_1h_rv,0.000587681225266805
AG,4,0.9,3,feat_5m_rv_rate_ratio_1h_4h,-0.0003829459956059086
AG,4,0.1,4,feat_15m_ret_1,5.626095281971694e-05
AG,4,0.1,4,feat_15m_ret_4,-0.0005939480012950787
AG,4,0.1,4,feat_15m_ret_8,0.0004953615088895157
AG,4,0.1,4,feat_15m_ret_16,2.4457645993916273e-06
AG,4,0.1,4,feat_15m_location_32,0.0013778022618172801
AG,4,0.1,4,feat_time_bars_since_segment_start,-0.0005545999691255653
AG,4,0.1,4,feat_time_after_long_gap,-0.00034942571295707694
AG,4,0.1,4,feat_15m_volume_ratio_32,0.0003899602386720398
AG,4,0.1,4,feat_15m_oi_log_change_4,-0.0002724460292137049
AG,4,0.1,4,feat_5m_1h_rv,-0.0005221918578245551
AG,4,0.1,4,feat_5m_rv_rate_ratio_1h_4h,-0.001005332985529614
AG,4,0.5,4,feat_15m_ret_1,0.00018627208937262716
AG,4,0.5,4,feat_15m_ret_4,-0.00038833393695673093
AG,4,0.5,4,feat_15m_ret_8,0.0005569153341333833
AG,4,0.5,4,feat_15m_ret_16,-0.0006157523742724395
AG,4,0.5,4,feat_15m_location_32,0.00025519064325396146
AG,4,0.5,4,feat_time_bars_since_segment_start,-8.295497582779942e-05
AG,4,0.5,4,feat_time_after_long_gap,-0.00038116872878182415
AG,4,0.5,4,feat_15m_volume_ratio_32,0.0004844924635558156
AG,4,0.5,4,feat_15m_oi_log_change_4,-0.0002981952903539547
AG,4,0.5,4,feat_5m_1h_rv,-3.855305292163353e-05
AG,4,0.5,4,feat_5m_rv_rate_ratio_1h_4h,-0.0005148542204197293
AG,4,0.9,4,feat_15m_ret_1,-0.0006246352479302185
AG,4,0.9,4,feat_15m_ret_4,0.00046600704965062074
AG,4,0.9,4,feat_15m_ret_8,0.0003298288096800878
AG,4,0.9,4,feat_15m_ret_16,-0.0019359901335535509
AG,4,0.9,4,feat_15m_location_32,0.0018264902479403309
AG,4,0.9,4,feat_time_bars_since_segment_start,-0.0012548797673979713
AG,4,0.9,4,feat_time_after_long_gap,3.3813288779848046e-05
AG,4,0.9,4,feat_15m_volume_ratio_32,-0.0006318267489607014
AG,4,0.9,4,feat_15m_oi_log_change_4,0.00010801058816319412
AG,4,0.9,4,feat_5m_1h_rv,0.0005153739709149003
AG,4,0.9,4,feat_5m_rv_rate_ratio_1h_4h,-0.00018660432773091393
AG,8,0.1,0,feat_15m_ret_1,-0.0005042834282959934
AG,8,0.1,0,feat_15m_ret_4,-0.00023487462508558414
AG,8,0.1,0,feat_15m_ret_8,-0.003497461830718007
AG,8,0.1,0,feat_15m_ret_16,0.0019720019725085578
AG,8,0.1,0,feat_15m_location_32,0.003806739130177135
AG,8,0.1,0,feat_time_bars_since_segment_start,0.0008652675692027524
AG,8,0.1,0,feat_time_after_long_gap,-0.0016550732580409358
AG,8,0.1,0,feat_15m_volume_ratio_32,0.0028859065906527916
AG,8,0.1,0,feat_15m_oi_log_change_4,0.00037104616661610116
AG,8,0.1,0,feat_5m_1h_rv,-0.002921079385428134
AG,8,0.1,0,feat_5m_rv_rate_ratio_1h_4h,-0.0005148385784069178
AG,8,0.5,0,feat_15m_ret_1,7.116399458056904e-05
AG,8,0.5,0,feat_15m_ret_4,-0.00010374049862764783
AG,8,0.5,0,feat_15m_ret_8,0.0001759298609951872
AG,8,0.5,0,feat_15m_ret_16,0.0018052522501383276
AG,8,0.5,0,feat_15m_location_32,-0.0014632434851469273
AG,8,0.5,0,feat_time_bars_since_segment_start,-0.001221460116986936
AG,8,0.5,0,feat_time_after_long_gap,-0.0009474700427814995
AG,8,0.5,0,feat_15m_volume_ratio_32,0.00016699982072004111
AG,8,0.5,0,feat_15m_oi_log_change_4,-0.0009352356149933709
AG,8,0.5,0,feat_5m_1h_rv,-0.00012551473925284407
AG,8,0.5,0,feat_5m_rv_rate_ratio_1h_4h,-0.0020997368573175703
AG,8,0.9,0,feat_15m_ret_1,5.5536832126361494e-05
AG,8,0.9,0,feat_15m_ret_4,-0.00279494540973503
AG,8,0.9,0,feat_15m_ret_8,0.0048091973424701255
AG,8,0.9,0,feat_15m_ret_16,-0.0006249103529672919
AG,8,0.9,0,feat_15m_location_32,0.00015438531480342537
AG,8,0.9,0,feat_time_bars_since_segment_start,-0.002551806359548909
AG,8,0.9,0,feat_time_after_long_gap,0.0001917166432617092
AG,8,0.9,0,feat_15m_volume_ratio_32,-0.0011843382675405325
AG,8,0.9,0,feat_15m_oi_log_change_4,-0.0019380547104215617
AG,8,0.9,0,feat_5m_1h_rv,-4.7619382447327855e-06
AG,8,0.9,0,feat_5m_rv_rate_ratio_1h_4h,-0.0014704016586123156
AG,8,0.1,1,feat_15m_ret_1,-0.00042632788372595293
AG,8,0.1,1,feat_15m_ret_4,-0.00019808846519879308
AG,8,0.1,1,feat_15m_ret_8,-0.0016781392296968626
AG,8,0.1,1,feat_15m_ret_16,0.005094423340996887
AG,8,0.1,1,feat_15m_location_32,0.0008667400528203036
AG,8,0.1,1,feat_time_bars_since_segment_start,-0.0015325929631668214
AG,8,0.1,1,feat_time_after_long_gap,-0.001612609770735455
AG,8,0.1,1,feat_15m_volume_ratio_32,-3.527780349075464e-05
AG,8,0.1,1,feat_15m_oi_log_change_4,-0.0004081520945354094
AG,8,0.1,1,feat_5m_1h_rv,0.0012794436413210988
AG,8,0.1,1,feat_5m_rv_rate_ratio_1h_4h,-0.0009565043511430772
AG,8,0.5,1,feat_15m_ret_1,-2.03103583375731e-06
AG,8,0.5,1,feat_15m_ret_4,-0.0005323410676495744
AG,8,0.5,1,feat_15m_ret_8,0.0007383691968697137
AG,8,0.5,1,feat_15m_ret_16,0.0014254727806874013
AG,8,0.5,1,feat_15m_location_32,-0.001312118947579558
AG,8,0.5,1,feat_time_bars_since_segment_start,-0.0018141133428845554
AG,8,0.5,1,feat_time_after_long_gap,-0.0005326512069809785
AG,8,0.5,1,feat_15m_volume_ratio_32,-0.00020393237568046234
AG,8,0.5,1,feat_15m_oi_log_change_4,-0.0008752580897871195
AG,8,0.5,1,feat_5m_1h_rv,0.0007884907811430809
AG,8,0.5,1,feat_5m_rv_rate_ratio_1h_4h,-0.0019683426294557975
AG,8,0.9,1,feat_15m_ret_1,-0.00028820653415864684
AG,8,0.9,1,feat_15m_ret_4,-0.00043335843612402476
AG,8,0.9,1,feat_15m_ret_8,0.0008240154321914546
AG,8,0.9,1,feat_15m_ret_16,-0.0009086707289130644
AG,8,0.9,1,feat_15m_location_32,0.0023309597283125336
AG,8,0.9,1,feat_time_bars_since_segment_start,-0.0020817663207829554
AG,8,0.9,1,feat_time_after_long_gap,-0.0005325331606818967
AG,8,0.9,1,feat_15m_volume_ratio_32,-0.001439559357607454
AG,8,0.9,1,feat_15m_oi_log_change_4,-0.0018173387076679318
AG,8,0.9,1,feat_5m_1h_rv,0.00032834718675425333
AG,8,0.9,1,feat_5m_rv_rate_ratio_1h_4h,-0.0009808001545696925
AG,8,0.1,2,feat_15m_ret_1,-0.00041107703884817233
AG,8,0.1,2,feat_15m_ret_4,0.0001364277198532201
AG,8,0.1,2,feat_15m_ret_8,-0.0014312678987878438
AG,8,0.1,2,feat_15m_ret_16,0.004910447721189464
AG,8,0.1,2,feat_15m_location_32,-6.207482777103683e-05
AG,8,0.1,2,feat_time_bars_since_segment_start,-0.0022073834559553796
AG,8,0.1,2,feat_time_after_long_gap,-0.00046615080047158813
AG,8,0.1,2,feat_15m_volume_ratio_32,-4.2990679155737386e-05
AG,8,0.1,2,feat_15m_oi_log_change_4,-0.0004161993815611187
AG,8,0.1,2,feat_5m_1h_rv,0.00024075844617680746
AG,8,0.1,2,feat_5m_rv_rate_ratio_1h_4h,-0.0006591581599153545
AG,8,0.5,2,feat_15m_ret_1,-8.726837179314218e-05
AG,8,0.5,2,feat_15m_ret_4,1.4742144367728659e-05
AG,8,0.5,2,feat_15m_ret_8,0.0006718572186556722
AG,8,0.5,2,feat_15m_ret_16,0.00028200462572585755
AG,8,0.5,2,feat_15m_location_32,-0.0005062886883112322
AG,8,0.5,2,feat_time_bars_since_segment_start,-0.0019553608832437778
AG,8,0.5,2,feat_time_after_long_gap,-0.0003169113115001204
AG,8,0.5,2,feat_15m_volume_ratio_32,-0.00023700611385149025
AG,8,0.5,2,feat_15m_oi_log_change_4,-0.0008063433788264759
AG,8,0.5,2,feat_5m_1h_rv,0.0003395555272808055
AG,8,0.5,2,feat_5m_rv_rate_ratio_1h_4h,-0.0014291897294852758
AG,8,0.9,2,feat_15m_ret_1,-0.0004177758467508726
AG,8,0.9,2,feat_15m_ret_4,0.000582307419497049
AG,8,0.9,2,feat_15m_ret_8,0.0022604012343045757
AG,8,0.9,2,feat_15m_ret_16,-0.0030358990763392955
AG,8,0.9,2,feat_15m_location_32,0.0013218502592506022
AG,8,0.9,2,feat_time_bars_since_segment_start,-0.0036913400841462004
AG,8,0.9,2,feat_time_after_long_gap,0.00017976740373295134
AG,8,0.9,2,feat_15m_volume_ratio_32,-0.0012694110889713848
AG,8,0.9,2,feat_15m_oi_log_change_4,-0.001720338426701205
AG,8,0.9,2,feat_5m_1h_rv,0.0008861649439384402
AG,8,0.9,2,feat_5m_rv_rate_ratio_1h_4h,-0.0014500712094967635
AG,8,0.1,3,feat_15m_ret_1,-0.00019143733133681912
AG,8,0.1,3,feat_15m_ret_4,0.0006142714522390277
AG,8,0.1,3,feat_15m_ret_8,-0.002224118626312082
AG,8,0.1,3,feat_15m_ret_16,0.0030606861835182787
AG,8,0.1,3,feat_15m_location_32,0.0017216567890918008
AG,8,0.1,3,feat_time_bars_since_segment_start,-0.0003106345766461855
AG,8,0.1,3,feat_time_after_long_gap,-0.00010800973795827947
AG,8,0.1,3,feat_15m_volume_ratio_32,0.0005586116570172213
AG,8,0.1,3,feat_15m_oi_log_change_4,-0.0003460968033886587
AG,8,0.1,3,feat_5m_1h_rv,3.7437157071506166e-05
AG,8,0.1,3,feat_5m_rv_rate_ratio_1h_4h,0.0002890954508642639
AG,8,0.5,3,feat_15m_ret_1,-0.00014222214726068645
AG,8,0.5,3,feat_15m_ret_4,-0.000123843147170649
AG,8,0.5,3,feat_15m_ret_8,0.0004269415039950295
AG,8,0.5,3,feat_15m_ret_16,-5.484413702498395e-05
AG,8,0.5,3,feat_15m_location_32,-7.070293604213012e-05
AG,8,0.5,3,feat_time_bars_since_segment_start,-0.0015139193701317747
AG,8,0.5,3,feat_time_after_long_gap,-0.00017099880661161415
AG,8,0.5,3,feat_15m_volume_ratio_32,8.450841464758935e-05
AG,8,0.5,3,feat_15m_oi_log_change_4,0.00015747306777221713
AG,8,0.5,3,feat_5m_1h_rv,0.0002742329931078019
AG,8,0.5,3,feat_5m_rv_rate_ratio_1h_4h,-0.0011907100126375678
AG,8,0.9,3,feat_15m_ret_1,-1.2603204841803599e-05
AG,8,0.9,3,feat_15m_ret_4,0.0005234760009787743
AG,8,0.9,3,feat_15m_ret_8,-0.00015163417897934493
AG,8,0.9,3,feat_15m_ret_16,-0.0025491271052848615
AG,8,0.9,3,feat_15m_location_32,0.00283384588251728
AG,8,0.9,3,feat_time_bars_since_segment_start,-0.002413281350519472
AG,8,0.9,3,feat_time_after_long_gap,-8.995626290405128e-06
AG,8,0.9,3,feat_15m_volume_ratio_32,-0.0013665449680861199
AG,8,0.9,3,feat_15m_oi_log_change_4,-0.0005345511834435674
AG,8,0.9,3,feat_5m_1h_rv,0.0003800368641556439
AG,8,0.9,3,feat_5m_rv_rate_ratio_1h_4h,-0.0010654184008230096
AG,8,0.1,4,feat_15m_ret_1,6.1003649243221236e-05
AG,8,0.1,4,feat_15m_ret_4,0.0002862405095316474
AG,8,0.1,4,feat_15m_ret_8,-0.002078824322551908
AG,8,0.1,4,feat_15m_ret_16,0.0029014574709505876
AG,8,0.1,4,feat_15m_location_32,0.0012614534596435804
AG,8,0.1,4,feat_time_bars_since_segment_start,-0.0005753686304746882
AG,8,0.1,4,feat_time_after_long_gap,-0.0004014324602952756
AG,8,0.1,4,feat_15m_volume_ratio_32,0.0007254289065245296
AG,8,0.1,4,feat_15m_oi_log_change_4,-0.00015747008466710877
AG,8,0.1,4,feat_5m_1h_rv,-0.00018870161277393125
AG,8,0.1,4,feat_5m_rv_rate_ratio_1h_4h,-0.000310966141400597
AG,8,0.5,4,feat_15m_ret_1,-0.00014249435738043575
AG,8,0.5,4,feat_15m_ret_4,-0.000130166002558444
AG,8,0.5,4,feat_15m_ret_8,0.00024697481891238756
AG,8,0.5,4,feat_15m_ret_16,-0.00039818648743768204
AG,8,0.5,4,feat_15m_location_32,0.0003884672565521674
AG,8,0.5,4,feat_time_bars_since_segment_start,-0.00092966366176876
AG,8,0.5,4,feat_time_after_long_gap,-0.0001433548235253916
AG,8,0.5,4,feat_15m_volume_ratio_32,0.0002324898122185774
AG,8,0.5,4,feat_15m_oi_log_change_4,0.00045302465226841577
AG,8,0.5,4,feat_5m_1h_rv,0.00026170560351946237
AG,8,0.5,4,feat_5m_rv_rate_ratio_1h_4h,-0.001113809632544523
AG,8,0.9,4,feat_15m_ret_1,-0.0002616455314308565
AG,8,0.9,4,feat_15m_ret_4,0.00035546495877701064
AG,8,0.9,4,feat_15m_ret_8,-0.00012859279901496397
AG,8,0.9,4,feat_15m_ret_16,-0.0024604305514265372
AG,8,0.9,4,feat_15m_location_32,0.003347124146020822
AG,8,0.9,4,feat_time_bars_since_segment_start,-0.0020771905307519546
AG,8,0.9,4,feat_time_after_long_gap,0.0002474790483541913
AG,8,0.9,4,feat_15m_volume_ratio_32,-0.001339797422095573
AG,8,0.9,4,feat_15m_oi_log_change_4,-0.0003874566901526928
AG,8,0.9,4,feat_5m_1h_rv,0.00028621690629041684
AG,8,0.9,4,feat_5m_rv_rate_ratio_1h_4h,-0.000575879512663109
AG,16,0.1,0,feat_15m_ret_1,2.039617393475511e-05
AG,16,0.1,0,feat_15m_ret_4,-0.0010539541137362493
AG,16,0.1,0,feat_15m_ret_8,0.00021875234259217336
AG,16,0.1,0,feat_15m_ret_16,0.007458931623062832
AG,16,0.1,0,feat_15m_location_32,0.0018744044786636596
AG,16,0.1,0,feat_time_bars_since_segment_start,-0.0011148385566482858
AG,16,0.1,0,feat_time_after_long_gap,-0.0020587783255881487
AG,16,0.1,0,feat_15m_volume_ratio_32,0.0020149644273993444
AG,16,0.1,0,feat_15m_oi_log_change_4,0.00013239434631585534
AG,16,0.1,0,feat_5m_1h_rv,-0.00042490243286400517
AG,16,0.1,0,feat_5m_rv_rate_ratio_1h_4h,-0.003511641920317366
AG,16,0.5,0,feat_15m_ret_1,0.00033609033865570584
AG,16,0.5,0,feat_15m_ret_4,-0.00033261834677941933
AG,16,0.5,0,feat_15m_ret_8,-0.00014063564653649644
AG,16,0.5,0,feat_15m_ret_16,0.002955100733642872
AG,16,0.5,0,feat_15m_location_32,-0.0005356607266833454
AG,16,0.5,0,feat_time_bars_since_segment_start,-0.0030828623594171523
AG,16,0.5,0,feat_time_after_long_gap,-0.0007685712832739233
AG,16,0.5,0,feat_15m_volume_ratio_32,0.0005151466617068279
AG,16,0.5,0,feat_15m_oi_log_change_4,-0.0009820528711678301
AG,16,0.5,0,feat_5m_1h_rv,-0.0006681085893361699
AG,16,0.5,0,feat_5m_rv_rate_ratio_1h_4h,-0.001173856867915477
AG,16,0.9,0,feat_15m_ret_1,0.0009425431458668229
AG,16,0.9,0,feat_15m_ret_4,-0.003036390312515194
AG,16,0.9,0,feat_15m_ret_8,0.0032266434095993505
AG,16,0.9,0,feat_15m_ret_16,0.0003639756515894495
AG,16,0.9,0,feat_15m_location_32,0.00016698962988603334
AG,16,0.9,0,feat_time_bars_since_segment_start,-0.006588176930620116
AG,16,0.9,0,feat_time_after_long_gap,0.0023540600521599064
AG,16,0.9,0,feat_15m_volume_ratio_32,-0.00442725033733405
AG,16,0.9,0,feat_15m_oi_log_change_4,-0.0017011346470907724
AG,16,0.9,0,feat_5m_1h_rv,-0.0017783387836819479
AG,16,0.9,0,feat_5m_rv_rate_ratio_1h_4h,0.004152399304865852
AG,16,0.1,1,feat_15m_ret_1,-0.001763713723916154
AG,16,0.1,1,feat_15m_ret_4,-0.0011982102613525075
AG,16,0.1,1,feat_15m_ret_8,0.00211641426247352
AG,16,0.1,1,feat_15m_ret_16,0.005788527313076677
AG,16,0.1,1,feat_15m_location_32,0.00028510679499326006
AG,16,0.1,1,feat_time_bars_since_segment_start,-0.0018277041016174942
AG,16,0.1,1,feat_time_after_long_gap,-0.001036557572357959
AG,16,0.1,1,feat_15m_volume_ratio_32,0.00042368209873475907
AG,16,0.1,1,feat_15m_oi_log_change_4,0.0004090961958670604
AG,16,0.1,1,feat_5m_1h_rv,-0.0001102927932498913
AG,16,0.1,1,feat_5m_rv_rate_ratio_1h_4h,-0.003059937612631625
AG,16,0.5,1,feat_15m_ret_1,-8.636784292896512e-05
AG,16,0.5,1,feat_15m_ret_4,0.00013413484697602306
AG,16,0.5,1,feat_15m_ret_8,0.0004344292336457573
AG,16,0.5,1,feat_15m_ret_16,0.002009806299328648
AG,16,0.5,1,feat_15m_location_32,-0.0008802767831713211
AG,16,0.5,1,feat_time_bars_since_segment_start,-0.0034118470407809853
AG,16,0.5,1,feat_time_after_long_gap,0.0003266458843052782
AG,16,0.5,1,feat_15m_volume_ratio_32,0.00013157480988700931
AG,16,0.5,1,feat_15m_oi_log_change_4,-0.0008923764181556505
AG,16,0.5,1,feat_5m_1h_rv,-0.0006110791345136684
AG,16,0.5,1,feat_5m_rv_rate_ratio_1h_4h,-0.0004427736693868282
AG,16,0.9,1,feat_15m_ret_1,4.3596284404006294e-05
AG,16,0.9,1,feat_15m_ret_4,-0.0013646916771023442
AG,16,0.9,1,feat_15m_ret_8,0.00048414668313560193
AG,16,0.9,1,feat_15m_ret_16,-0.0030753823933148882
AG,16,0.9,1,feat_15m_location_32,0.006537205474517702
AG,16,0.9,1,feat_time_bars_since_segment_start,-0.004458674856838242
AG,16,0.9,1,feat_time_after_long_gap,0.0010129661474355548
AG,16,0.9,1,feat_15m_volume_ratio_32,-0.003267462503541017
AG,16,0.9,1,feat_15m_oi_log_change_4,-0.0018604420498968541
AG,16,0.9,1,feat_5m_1h_rv,-0.0016057631236952802
AG,16,0.9,1,feat_5m_rv_rate_ratio_1h_4h,0.004264067031776585
AG,16,0.1,2,feat_15m_ret_1,-0.0021843866019904215
AG,16,0.1,2,feat_15m_ret_4,-0.0011229074840620203
AG,16,0.1,2,feat_15m_ret_8,0.0023281347184645473
AG,16,0.1,2,feat_15m_ret_16,0.0038353980674340573
AG,16,0.1,2,feat_15m_location_32,0.0009618777548114106
AG,16,0.1,2,feat_time_bars_since_segment_start,-0.0018535894663816758
AG,16,0.1,2,feat_time_after_long_gap,-0.0008917874106477442
AG,16,0.1,2,feat_15m_volume_ratio_32,0.0005722323572950166
AG,16,0.1,2,feat_15m_oi_log_change_4,0.00026352384253257777
AG,16,0.1,2,feat_5m_1h_rv,-0.0007684450326539716
AG,16,0.1,2,feat_5m_rv_rate_ratio_1h_4h,-0.0012035999529350211
AG,16,0.5,2,feat_15m_ret_1,0.00010128371410710182
AG,16,0.5,2,feat_15m_ret_4,-0.00010786277371710313
AG,16,0.5,2,feat_15m_ret_8,0.0006496585921818844
AG,16,0.5,2,feat_15m_ret_16,0.00030257796008105383
AG,16,0.5,2,feat_15m_location_32,-2.8083457902175895e-05
AG,16,0.5,2,feat_time_bars_since_segment_start,-0.0033334941784134175
AG,16,0.5,2,feat_time_after_long_gap,0.00046649189487640435
AG,16,0.5,2,feat_15m_volume_ratio_32,-0.00031515666505100496
AG,16,0.5,2,feat_15m_oi_log_change_4,-0.0006576462574096636
AG,16,0.5,2,feat_5m_1h_rv,-0.0003811079590449527
AG,16,0.5,2,feat_5m_rv_rate_ratio_1h_4h,-7.320907585393716e-05
AG,16,0.9,2,feat_15m_ret_1,0.00035839171265600485
AG,16,0.9,2,feat_15m_ret_4,-0.0009979998494079067
AG,16,0.9,2,feat_15m_ret_8,0.0004195213865564898
AG,16,0.9,2,feat_15m_ret_16,-0.0025882060965669927
AG,16,0.9,2,feat_15m_location_32,0.0026781391117464727
AG,16,0.9,2,feat_time_bars_since_segment_start,-0.0056043447898598275
AG,16,0.9,2,feat_time_after_long_gap,0.0023309490409294136
AG,16,0.9,2,feat_15m_volume_ratio_32,-0.004429788407622514
AG,16,0.9,2,feat_15m_oi_log_change_4,-0.0018934350567355895
AG,16,0.9,2,feat_5m_1h_rv,-0.0007384522021991065
AG,16,0.9,2,feat_5m_rv_rate_ratio_1h_4h,0.0034472859964674173
AG,16,0.1,3,feat_15m_ret_1,-0.0012948459989302055
AG,16,0.1,3,feat_15m_ret_4,-0.0002710075850870667
AG,16,0.1,3,feat_15m_ret_8,0.0004409319940371212
AG,16,0.1,3,feat_15m_ret_16,0.004303081195300136
AG,16,0.1,3,feat_15m_location_32,0.0006558889321875379
AG,16,0.1,3,feat_time_bars_since_segment_start,-0.001502884664048905
AG,16,0.1,3,feat_time_after_long_gap,-0.0007153576684847166
AG,16,0.1,3,feat_15m_volume_ratio_32,0.0013631423669938402
AG,16,0.1,3,feat_15m_oi_log_change_4,0.0002174483854303679
AG,16,0.1,3,feat_5m_1h_rv,-0.001193634812889408
AG,16,0.1,3,feat_5m_rv_rate_ratio_1h_4h,-0.0008201562651768809
AG,16,0.5,3,feat_15m_ret_1,-0.00034552064825829653
AG,16,0.5,3,feat_15m_ret_4,-0.000520163768410476
AG,16,0.5,3,feat_15m_ret_8,0.0004618420712294753
AG,16,0.5,3,feat_15m_ret_16,0.0005108616819109871
AG,16,0.5,3,feat_15m_location_32,0.00042658270483769987
AG,16,0.5,3,feat_time_bars_since_segment_start,-0.0025241649251870157
AG,16,0.5,3,feat_time_after_long_gap,0.00044276056910774996
AG,16,0.5,3,feat_15m_volume_ratio_32,0.0005891562531548121
AG,16,0.5,3,feat_15m_oi_log_change_4,-0.0006166069355896637
AG,16,0.5,3,feat_5m_1h_rv,-0.0003051475176849517
AG,16,0.5,3,feat_5m_rv_rate_ratio_1h_4h,-0.0001509724849958938
AG,16,0.9,3,feat_15m_ret_1,0.0006384262105931451
AG,16,0.9,3,feat_15m_ret_4,-0.0012112560271935714
AG,16,0.9,3,feat_15m_ret_8,0.0005974115620525573
AG,16,0.9,3,feat_15m_ret_16,-0.002164753501172733
AG,16,0.9,3,feat_15m_location_32,0.0022246190631451048
AG,16,0.9,3,feat_time_bars_since_segment_start,-0.004673282482020044
AG,16,0.9,3,feat_time_after_long_gap,0.001929633460643216
AG,16,0.9,3,feat_15m_volume_ratio_32,-0.003412126740046543
AG,16,0.9,3,feat_15m_oi_log_change_4,-0.0014349492167987188
AG,16,0.9,3,feat_5m_1h_rv,-0.0007579856429191393
AG,16,0.9,3,feat_5m_rv_rate_ratio_1h_4h,0.0031424341026218723
AG,16,0.1,4,feat_15m_ret_1,-0.0013555759991668332
AG,16,0.1,4,feat_15m_ret_4,-0.0011213111124401785
AG,16,0.1,4,feat_15m_ret_8,0.0007995482269036403
AG,16,0.1,4,feat_15m_ret_16,0.0031625964149332893
AG,16,0.1,4,feat_15m_location_32,0.0015569166657475474
AG,16,0.1,4,feat_time_bars_since_segment_start,-0.001330508781082098
AG,16,0.1,4,feat_time_after_long_gap,-0.0007009160197616548
AG,16,0.1,4,feat_15m_volume_ratio_32,0.00064288690627975
AG,16,0.1,4,feat_15m_oi_log_change_4,0.0002659373507399871
AG,16,0.1,4,feat_5m_1h_rv,-0.0011723043459008976
AG,16,0.1,4,feat_5m_rv_rate_ratio_1h_4h,-0.00043842630195319797
AG,16,0.5,4,feat_15m_ret_1,-0.0004379579330533448
AG,16,0.5,4,feat_15m_ret_4,-0.0006705493638076702
AG,16,0.5,4,feat_15m_ret_8,0.0006883178721194963
AG,16,0.5,4,feat_15m_ret_16,-0.00024250856470351358
AG,16,0.5,4,feat_15m_location_32,0.0010487433368287643
AG,16,0.5,4,feat_time_bars_since_segment_start,-0.0024634417710211612
AG,16,0.5,4,feat_time_after_long_gap,0.00026283205524196764
AG,16,0.5,4,feat_15m_volume_ratio_32,0.00017884695437079913
AG,16,0.5,4,feat_15m_oi_log_change_4,-0.0003567476335299704
AG,16,0.5,4,feat_5m_1h_rv,-0.0003831094227370456
AG,16,0.5,4,feat_5m_rv_rate_ratio_1h_4h,-0.00015643765698344233
AG,16,0.9,4,feat_15m_ret_1,0.0004433421930382589
AG,16,0.9,4,feat_15m_ret_4,-0.0008773375797654232
AG,16,0.9,4,feat_15m_ret_8,0.0005549375270760558
AG,16,0.9,4,feat_15m_ret_16,-0.0038142736923170548
AG,16,0.9,4,feat_15m_location_32,0.0035582110763390795
AG,16,0.9,4,feat_time_bars_since_segment_start,-0.003506975454587106
AG,16,0.9,4,feat_time_after_long_gap,0.0018615118835236552
AG,16,0.9,4,feat_15m_volume_ratio_32,-0.0032051553549621494
AG,16,0.9,4,feat_15m_oi_log_change_4,-0.0013597465254097732
AG,16,0.9,4,feat_5m_1h_rv,-0.0008703656152918034
AG,16,0.9,4,feat_5m_rv_rate_ratio_1h_4h,0.002866377463788082
CU,4,0.1,0,feat_15m_ret_1,-0.00020749695307164924
CU,4,0.1,0,feat_15m_ret_4,0.00025791519549013574
CU,4,0.1,0,feat_15m_ret_8,0.0005585303548661575
CU,4,0.1,0,feat_15m_ret_16,0.0004324364869864815
CU,4,0.1,0,feat_15m_location_32,-0.0009492877964651824
CU,4,0.1,0,feat_time_bars_since_segment_start,-0.0004596349976982783
CU,4,0.1,0,feat_time_after_long_gap,0.00024166764631407777
CU,4,0.1,0,feat_15m_volume_ratio_32,-0.0004739505937766326
CU,4,0.1,0,feat_15m_oi_log_change_4,0.00018417260613980938
CU,4,0.1,0,feat_5m_1h_rv,-0.00015878476314467406
CU,4,0.1,0,feat_5m_rv_rate_ratio_1h_4h,0.000579884974614391
CU,4,0.5,0,feat_15m_ret_1,-3.723473394291965e-05
CU,4,0.5,0,feat_15m_ret_4,-2.7424757210734233e-05
CU,4,0.5,0,feat_15m_ret_8,-0.00013230893450813606
CU,4,0.5,0,feat_15m_ret_16,0.0004080115736683557
CU,4,0.5,0,feat_15m_location_32,-0.0003237846479442871
CU,4,0.5,0,feat_time_bars_since_segment_start,-4.907464069911714e-05
CU,4,0.5,0,feat_time_after_long_gap,-9.131882948162984e-05
CU,4,0.5,0,feat_15m_volume_ratio_32,0.00011694636884668696
CU,4,0.5,0,feat_15m_oi_log_change_4,4.237906185496932e-05
CU,4,0.5,0,feat_5m_1h_rv,4.562283702132923e-06
CU,4,0.5,0,feat_5m_rv_rate_ratio_1h_4h,-3.279438021183457e-05
CU,4,0.9,0,feat_15m_ret_1,5.3028149082348023e-05
CU,4,0.9,0,feat_15m_ret_4,-0.00029645289604556836
CU,4,0.9,0,feat_15m_ret_8,0.000444472642352028
CU,4,0.9,0,feat_15m_ret_16,0.00010548132759303872
CU,4,0.9,0,feat_15m_location_32,-0.00041305975904979206
CU,4,0.9,0,feat_time_bars_since_segment_start,-0.00029510891947539554
CU,4,0.9,0,feat_time_after_long_gap,0.00012849058811165767
CU,4,0.9,0,feat_15m_volume_ratio_32,0.0003224087446842266
CU,4,0.9,0,feat_15m_oi_log_change_4,-0.00017311297339567294
CU,4,0.9,0,feat_5m_1h_rv,-0.00022513735024658644
CU,4,0.9,0,feat_5m_rv_rate_ratio_1h_4h,-9.55331382669042e-05
CU,4,0.1,1,feat_15m_ret_1,0.00011777086599859844
CU,4,0.1,1,feat_15m_ret_4,-2.165150180785995e-06
CU,4,0.1,1,feat_15m_ret_8,0.0003916062124840896
CU,4,0.1,1,feat_15m_ret_16,0.0003761010365221369
CU,4,0.1,1,feat_15m_location_32,-0.0007173064715830013
CU,4,0.1,1,feat_time_bars_since_segment_start,-0.00038470955181685887
CU,4,0.1,1,feat_time_after_long_gap,0.00014588874357477537
CU,4,0.1,1,feat_15m_volume_ratio_32,-0.00020159857587260466
CU,4,0.1,1,feat_15m_oi_log_change_4,0.0002591437103075877
CU,4,0.1,1,feat_5m_1h_rv,-0.0002108398285612819
CU,4,0.1,1,feat_5m_rv_rate_ratio_1h_4h,0.0002747066778973243
CU,4,0.5,1,feat_15m_ret_1,-2.1665722517388092e-05
CU,4,0.5,1,feat_15m_ret_4,-0.0002188224622686864
CU,4,0.5,1,feat_15m_ret_8,9.966182534699881e-05
CU,4,0.5,1,feat_15m_ret_16,0.0002971616238122997
CU,4,0.5,1,feat_15m_location_32,-0.0003344749625899608
CU,4,0.5,1,feat_time_bars_since_segment_start,-7.070341899595591e-05
CU,4,0.5,1,feat_time_after_long_gap,-4.5802705871860176e-05
CU,4,0.5,1,feat_15m_volume_ratio_32,5.007756178614056e-05
CU,4,0.5,1,feat_15m_oi_log_change_4,5.400949224098676e-05
CU,4,0.5,1,feat_5m_1h_rv,6.725109333741485e-05
CU,4,0.5,1,feat_5m_rv_rate_ratio_1h_4h,-9.953471668461511e-05
CU,4,0.9,1,feat_15m_ret_1,3.319223306992866e-06
CU,4,0.9,1,feat_15m_ret_4,-0.00033103254813537697
CU,4,0.9,1,feat_15m_ret_8,0.000406673472988889
CU,4,0.9,1,feat_15m_ret_16,-4.030142652195348e-05
CU,4,0.9,1,feat_15m_location_32,-0.00010150187839269298
CU,4,0.9,1,feat_time_bars_since_segment_start,-0.00017412990336366585
CU,4,0.9,1,feat_time_after_long_gap,-9.567486989728315e-05
CU,4,0.9,1,feat_15m_volume_ratio_32,0.00021472763506023463
CU,4,0.9,1,feat_15m_oi_log_change_4,-0.00012863213033796427
CU,4,0.9,1,feat_5m_1h_rv,-0.0001303679934126966
CU,4,0.9,1,feat_5m_rv_rate_ratio_1h_4h,-0.0001155473709879841
CU,4,0.1,2,feat_15m_ret_1,2.4877746461154094e-06
CU,4,0.1,2,feat_15m_ret_4,-0.00010653990882241026
CU,4,0.1,2,feat_15m_ret_8,0.00037791388190980876
CU,4,0.1,2,feat_15m_ret_16,0.0004640224625940736
CU,4,0.1,2,feat_15m_location_32,-0.000742955891988911
CU,4,0.1,2,feat_time_bars_since_segment_start,-0.0005647394079064954
CU,4,0.1,2,feat_time_after_long_gap,9.231071150073786e-05
CU,4,0.1,2,feat_15m_volume_ratio_32,-0.00036569271333037294
CU,4,0.1,2,feat_15m_oi_log_change_4,0.00011400303344231645
CU,4,0.1,2,feat_5m_1h_rv,-2.5827362456094732e-05
CU,4,0.1,2,feat_5m_rv_rate_ratio_1h_4h,8.493097452072918e-05
CU,4,0.5,2,feat_15m_ret_1,-5.264831753954098e-05
CU,4,0.5,2,feat_15m_ret_4,-0.00016274637345716262
CU,4,0.5,2,feat_15m_ret_8,0.00018039503658714577
CU,4,0.5,2,feat_15m_ret_16,0.00022937048303668816
CU,4,0.5,2,feat_15m_location_32,-0.0003123832354558501
CU,4,0.5,2,feat_time_bars_since_segment_start,-4.30996339006146e-05
CU,4,0.5,2,feat_time_after_long_gap,-1.9684778572199123e-05
CU,4,0.5,2,feat_15m_volume_ratio_32,7.991777995425751e-05
CU,4,0.5,2,feat_15m_oi_log_change_4,7.701215081305727e-05
CU,4,0.5,2,feat_5m_1h_rv,2.7021022756213452e-05
CU,4,0.5,2,feat_5m_rv_rate_ratio_1h_4h,-4.8469778919502214e-05
CU,4,0.9,2,feat_15m_ret_1,-7.947001583077642e-05
CU,4,0.9,2,feat_15m_ret_4,-0.00023578298455817772
CU,4,0.9,2,feat_15m_ret_8,0.0004162395192065633
CU,4,0.9,2,feat_15m_ret_16,-4.699798013744399e-05
CU,4,0.9,2,feat_15m_location_32,-0.00021115465920060013
CU,4,0.9,2,feat_time_bars_since_segment_start,1.8541098026471615e-05
CU,4,0.9,2,feat_time_after_long_gap,-0.00011130925135022892
CU,4,0.9,2,feat_15m_volume_ratio_32,0.00017252583001631895
CU,4,0.9,2,feat_15m_oi_log_change_4,-8.873416286450839e-05
CU,4,0.9,2,feat_5m_1h_rv,4.092668079226098e-06
CU,4,0.9,2,feat_5m_rv_rate_ratio_1h_4h,-0.00013572098328587016
CU,4,0.1,3,feat_15m_ret_1,-2.231667443941532e-05
CU,4,0.1,3,feat_15m_ret_4,-0.00012268641281500456
CU,4,0.1,3,feat_15m_ret_8,0.0003382223743528912
CU,4,0.1,3,feat_15m_ret_16,0.0003886575882670946
CU,4,0.1,3,feat_15m_location_32,-0.0005245170719599271
CU,4,0.1,3,feat_time_bars_since_segment_start,-0.00047959694127627285
CU,4,0.1,3,feat_time_after_long_gap,4.189359013253269e-05
CU,4,0.1,3,feat_15m_volume_ratio_32,-0.00036403796900118853
CU,4,0.1,3,feat_15m_oi_log_change_4,0.00015489108070109394
CU,4,0.1,3,feat_5m_1h_rv,-4.2253896090134336e-05
CU,4,0.1,3,feat_5m_rv_rate_ratio_1h_4h,7.593975163448345e-05
CU,4,0.5,3,feat_15m_ret_1,-2.795138090471126e-05
CU,4,0.5,3,feat_15m_ret_4,-0.00021672554277085462
CU,4,0.5,3,feat_15m_ret_8,0.00023435261815562316
CU,4,0.5,3,feat_15m_ret_16,0.00016654229510773696
CU,4,0.5,3,feat_15m_location_32,-0.0002886975188636762
CU,4,0.5,3,feat_time_bars_since_segment_start,-1.7180486719028804e-05
CU,4,0.5,3,feat_time_after_long_gap,3.714752595741177e-05
CU,4,0.5,3,feat_15m_volume_ratio_32,0.00010823119200780667
CU,4,0.5,3,feat_15m_oi_log_change_4,0.00013965311113761915
CU,4,0.5,3,feat_5m_1h_rv,2.6418986039897695e-05
CU,4,0.5,3,feat_5m_rv_rate_ratio_1h_4h,-8.4530575975749e-05
CU,4,0.9,3,feat_15m_ret_1,-6.240756657251883e-05
CU,4,0.9,3,feat_15m_ret_4,-0.00017641325106905538
CU,4,0.9,3,feat_15m_ret_8,0.0004816093067734708
CU,4,0.9,3,feat_15m_ret_16,-0.0001528341394584123
CU,4,0.9,3,feat_15m_location_32,-0.0001800351715422367
CU,4,0.9,3,feat_time_bars_since_segment_start,-0.00017783860260877618
CU,4,0.9,3,feat_time_after_long_gap,-0.00012059874771689387
CU,4,0.9,3,feat_15m_volume_ratio_32,0.00011892501885148128
CU,4,0.9,3,feat_15m_oi_log_change_4,1.9235946818885635e-05
CU,4,0.9,3,feat_5m_1h_rv,9.827547110998008e-05
CU,4,0.9,3,feat_5m_rv_rate_ratio_1h_4h,-0.00022814335077769266
CU,4,0.1,4,feat_15m_ret_1,-6.339609588868501e-06
CU,4,0.1,4,feat_15m_ret_4,-0.00012441412090433078
CU,4,0.1,4,feat_15m_ret_8,0.0003513892872522495
CU,4,0.1,4,feat_15m_ret_16,0.0003377872876251001
CU,4,0.1,4,feat_15m_location_32,-0.0005984148203463909
CU,4,0.1,4,feat_time_bars_since_segment_start,-0.00041748976770367786
CU,4,0.1,4,feat_time_after_long_gap,8.605111386278377e-07
CU,4,0.1,4,feat_15m_volume_ratio_32,-0.00038910318602612074
CU,4,0.1,4,feat_15m_oi_log_change_4,0.0001223966640040032
CU,4,0.1,4,feat_5m_1h_rv,-6.252202597185734e-05
CU,4,0.1,4,feat_5m_rv_rate_ratio_1h_4h,0.00012446560565067141
CU,4,0.5,4,feat_15m_ret_1,-0.00010030109612340293
CU,4,0.5,4,feat_15m_ret_4,-0.00013970985103984085
CU,4,0.5,4,feat_15m_ret_8,0.00012908205438568222
CU,4,0.5,4,feat_15m_ret_16,0.00014261975950080014
CU,4,0.5,4,feat_15m_location_32,-0.0002250491395175117
CU,4,0.5,4,feat_time_bars_since_segment_start,-5.230673139634957e-05
CU,4,0.5,4,feat_time_after_long_gap,4.327552825018203e-05
CU,4,0.5,4,feat_15m_volume_ratio_32,1.5927305806874427e-05
CU,4,0.5,4,feat_15m_oi_log_change_4,0.00013509661513905812
CU,4,0.5,4,feat_5m_1h_rv,9.754686094559507e-06
CU,4,0.5,4,feat_5m_rv_rate_ratio_1h_4h,-4.1129518223652716e-05
CU,4,0.9,4,feat_15m_ret_1,-7.452405374549064e-05
CU,4,0.9,4,feat_15m_ret_4,-0.00010537640468328386
CU,4,0.9,4,feat_15m_ret_8,0.00033668598960654133
CU,4,0.9,4,feat_15m_ret_16,1.4447228658128926e-05
CU,4,0.9,4,feat_15m_location_32,-0.0003132230025112645
CU,4,0.9,4,feat_time_bars_since_segment_start,-0.00012774833505686863
CU,4,0.9,4,feat_time_after_long_gap,-0.0001353539074744278
CU,4,0.9,4,feat_15m_volume_ratio_32,0.00013362143849455398
CU,4,0.9,4,feat_15m_oi_log_change_4,2.9604271938843195e-05
CU,4,0.9,4,feat_5m_1h_rv,0.0002476178306883175
CU,4,0.9,4,feat_5m_rv_rate_ratio_1h_4h,-0.0004153784132997697
CU,8,0.1,0,feat_15m_ret_1,-7.913978873774999e-05
CU,8,0.1,0,feat_15m_ret_4,-7.334936322662467e-05
CU,8,0.1,0,feat_15m_ret_8,0.0005521812363378977
CU,8,0.1,0,feat_15m_ret_16,0.00041723045436418217
CU,8,0.1,0,feat_15m_location_32,-0.0011503322837842843
CU,8,0.1,0,feat_time_bars_since_segment_start,-0.001013724569000717
CU,8,0.1,0,feat_time_after_long_gap,0.00023280882730307252
CU,8,0.1,0,feat_15m_volume_ratio_32,-0.00045843932144673885
CU,8,0.1,0,feat_15m_oi_log_change_4,0.0004847454420021331
CU,8,0.1,0,feat_5m_1h_rv,0.0004640629820354726
CU,8,0.1,0,feat_5m_rv_rate_ratio_1h_4h,-0.0001942244693596963
CU,8,0.5,0,feat_15m_ret_1,-0.00022398108327629314
CU,8,0.5,0,feat_15m_ret_4,-0.00015808246320628836
CU,8,0.5,0,feat_15m_ret_8,0.000797970256962244
CU,8,0.5,0,feat_15m_ret_16,0.0002222241380500968
CU,8,0.5,0,feat_15m_location_32,-0.0008531803864973915
CU,8,0.5,0,feat_time_bars_since_segment_start,-0.000557736932417845
CU,8,0.5,0,feat_time_after_long_gap,0.00021361206555163908
CU,8,0.5,0,feat_15m_volume_ratio_32,-7.435319422311246e-05
CU,8,0.5,0,feat_15m_oi_log_change_4,0.00016234246060166808
CU,8,0.5,0,feat_5m_1h_rv,-2.9132365898708e-05
CU,8,0.5,0,feat_5m_rv_rate_ratio_1h_4h,-0.00017263183641879964
CU,8,0.9,0,feat_15m_ret_1,-0.00012046432044483484
CU,8,0.9,0,feat_15m_ret_4,0.0005401269757270225
CU,8,0.9,0,feat_15m_ret_8,0.0005968824878411017
CU,8,0.9,0,feat_15m_ret_16,-0.0006091861705859015
CU,8,0.9,0,feat_15m_location_32,-6.827023901053482e-05
CU,8,0.9,0,feat_time_bars_since_segment_start,-0.0009898418613935227
CU,8,0.9,0,feat_time_after_long_gap,0.0005561019141905897
CU,8,0.9,0,feat_15m_volume_ratio_32,0.00016916238820356792
CU,8,0.9,0,feat_15m_oi_log_change_4,-0.0003817229161759154
CU,8,0.9,0,feat_5m_1h_rv,-0.0005808297115251427
CU,8,0.9,0,feat_5m_rv_rate_ratio_1h_4h,-0.00043402088473385174
CU,8,0.1,1,feat_15m_ret_1,0.0001321524975174257
CU,8,0.1,1,feat_15m_ret_4,-9.527065954501691e-05
CU,8,0.1,1,feat_15m_ret_8,0.0004916503402908162
CU,8,0.1,1,feat_15m_ret_16,0.00017534222073665532
CU,8,0.1,1,feat_15m_location_32,-0.0010496080110165308
CU,8,0.1,1,feat_time_bars_since_segment_start,-0.0009862057250748823
CU,8,0.1,1,feat_time_after_long_gap,0.0003108915573656861
CU,8,0.1,1,feat_15m_volume_ratio_32,-0.0002060904514217054
CU,8,0.1,1,feat_15m_oi_log_change_4,0.0004353931320732343
CU,8,0.1,1,feat_5m_1h_rv,0.00014249781038992728
CU,8,0.1,1,feat_5m_rv_rate_ratio_1h_4h,-0.00016689951204964878
CU,8,0.5,1,feat_15m_ret_1,-0.0001515315974774245
CU,8,0.5,1,feat_15m_ret_4,-0.00024640852097844706
CU,8,0.5,1,feat_15m_ret_8,0.0007432507427765122
CU,8,0.5,1,feat_15m_ret_16,0.0002226893426384831
CU,8,0.5,1,feat_15m_location_32,-0.0006356848218067967
CU,8,0.5,1,feat_time_bars_since_segment_start,-0.0005326498851940328
CU,8,0.5,1,feat_time_after_long_gap,0.00017315482511787885
CU,8,0.5,1,feat_15m_volume_ratio_32,-5.040998586725396e-05
CU,8,0.5,1,feat_15m_oi_log_change_4,0.00017615455749669132
CU,8,0.5,1,feat_5m_1h_rv,3.613621371171644e-05
CU,8,0.5,1,feat_5m_rv_rate_ratio_1h_4h,-0.0002469947741257589
CU,8,0.9,1,feat_15m_ret_1,-0.00028272611703712816
CU,8,0.9,1,feat_15m_ret_4,0.0006919133501580509
CU,8,0.9,1,feat_15m_ret_8,0.0004584928033694039
CU,8,0.9,1,feat_15m_ret_16,-0.0007964136175071856
CU,8,0.9,1,feat_15m_location_32,0.0002438905964421294
CU,8,0.9,1,feat_time_bars_since_segment_start,-0.0008232344891925835
CU,8,0.9,1,feat_time_after_long_gap,0.00025357270972804953
CU,8,0.9,1,feat_15m_volume_ratio_32,2.895904450988037e-06
CU,8,0.9,1,feat_15m_oi_log_change_4,-0.0002612657877677829
CU,8,0.9,1,feat_5m_1h_rv,-0.0005625658465443305
CU,8,0.9,1,feat_5m_rv_rate_ratio_1h_4h,-0.0002150378000592919
CU,8,0.1,2,feat_15m_ret_1,-4.551432086698889e-05
CU,8,0.1,2,feat_15m_ret_4,-3.5705381967966606e-05
CU,8,0.1,2,feat_15m_ret_8,0.0008135544115796862
CU,8,0.1,2,feat_15m_ret_16,0.0004979925602702545
CU,8,0.1,2,feat_15m_location_32,-0.0014545522063311995
CU,8,0.1,2,feat_time_bars_since_segment_start,-0.0012345057062223305
CU,8,0.1,2,feat_time_after_long_gap,0.0002540426656902117
CU,8,0.1,2,feat_15m_volume_ratio_32,-0.0005247330635107583
CU,8,0.1,2,feat_15m_oi_log_change_4,0.0001803980544402974
CU,8,0.1,2,feat_5m_1h_rv,0.0003990521500788017
CU,8,0.1,2,feat_5m_rv_rate_ratio_1h_4h,-0.0005292199602555182
CU,8,0.5,2,feat_15m_ret_1,-0.0001489867563707836
CU,8,0.5,2,feat_15m_ret_4,-0.0001694543665221226
CU,8,0.5,2,feat_15m_ret_8,0.0007918941106695352
CU,8,0.5,2,feat_15m_ret_16,0.00017965056892154166
CU,8,0.5,2,feat_15m_location_32,-0.0007855514337739294
CU,8,0.5,2,feat_time_bars_since_segment_start,-0.0005591336806696071
CU,8,0.5,2,feat_time_after_long_gap,0.00011327473625612112
CU,8,0.5,2,feat_15m_volume_ratio_32,-0.00019320902675474543
CU,8,0.5,2,feat_15m_oi_log_change_4,1.1824779207901315e-05
CU,8,0.5,2,feat_5m_1h_rv,7.426737944710223e-07
CU,8,0.5,2,feat_5m_rv_rate_ratio_1h_4h,-0.00017108944431240016
CU,8,0.9,2,feat_15m_ret_1,-0.00018775394405769555
CU,8,0.9,2,feat_15m_ret_4,0.0005201074146664999
CU,8,0.9,2,feat_15m_ret_8,0.00035824954799912193
CU,8,0.9,2,feat_15m_ret_16,-0.0006321596667257716
CU,8,0.9,2,feat_15m_location_32,5.9520575074475906e-05
CU,8,0.9,2,feat_time_bars_since_segment_start,-0.000649945061092707
CU,8,0.9,2,feat_time_after_long_gap,0.00014839217424898578
CU,8,0.9,2,feat_15m_volume_ratio_32,0.0001491227144110959
CU,8,0.9,2,feat_15m_oi_log_change_4,-0.00033990206512421976
CU,8,0.9,2,feat_5m_1h_rv,-0.00036509654458050057
CU,8,0.9,2,feat_5m_rv_rate_ratio_1h_4h,-0.0004581428493056186
CU,8,0.1,3,feat_15m_ret_1,-9.86068300392894e-06
CU,8,0.1,3,feat_15m_ret_4,-1.0759081391520141e-05
CU,8,0.1,3,feat_15m_ret_8,0.0007387726705829571
CU,8,0.1,3,feat_15m_ret_16,0.00025496091481598906
CU,8,0.1,3,feat_15m_location_32,-0.0011421132607537467
CU,8,0.1,3,feat_time_bars_since_segment_start,-0.0009615622618258873
CU,8,0.1,3,feat_time_after_long_gap,0.00029914841693357653
CU,8,0.1,3,feat_15m_volume_ratio_32,-0.00036425057096015816
CU,8,0.1,3,feat_15m_oi_log_change_4,0.00022057678212271305
CU,8,0.1,3,feat_5m_1h_rv,0.0002001397740783953
CU,8,0.1,3,feat_5m_rv_rate_ratio_1h_4h,-0.00023721061420875196
CU,8,0.5,3,feat_15m_ret_1,-0.00013511264361470074
CU,8,0.5,3,feat_15m_ret_4,-0.00010494295774563409
CU,8,0.5,3,feat_15m_ret_8,0.0007982302062662646
CU,8,0.5,3,feat_15m_ret_16,3.193991152512159e-05
CU,8,0.5,3,feat_15m_location_32,-0.0006692937071715757
CU,8,0.5,3,feat_time_bars_since_segment_start,-0.00037426680258279693
CU,8,0.5,3,feat_time_after_long_gap,0.00013755748680290957
CU,8,0.5,3,feat_15m_volume_ratio_32,-9.546242016179659e-05
CU,8,0.5,3,feat_15m_oi_log_change_4,0.00029033698766495143
CU,8,0.5,3,feat_5m_1h_rv,8.186390134483048e-06
CU,8,0.5,3,feat_5m_rv_rate_ratio_1h_4h,-0.0002625458149950717
CU,8,0.9,3,feat_15m_ret_1,-0.0001313321670959586
CU,8,0.9,3,feat_15m_ret_4,0.0006537860188588351
CU,8,0.9,3,feat_15m_ret_8,0.00039890755446424437
CU,8,0.9,3,feat_15m_ret_16,-0.0005616941072415606
CU,8,0.9,3,feat_15m_location_32,-5.259145626400162e-05
CU,8,0.9,3,feat_time_bars_since_segment_start,-0.0008119779323609752
CU,8,0.9,3,feat_time_after_long_gap,2.7476282364085448e-05
CU,8,0.9,3,feat_15m_volume_ratio_32,0.000265914926367759
CU,8,0.9,3,feat_15m_oi_log_change_4,8.061290425601092e-05
CU,8,0.9,3,feat_5m_1h_rv,-0.00020763978103510266
CU,8,0.9,3,feat_5m_rv_rate_ratio_1h_4h,-0.0006830924646831134
CU,8,0.1,4,feat_15m_ret_1,6.565823292427454e-05
CU,8,0.1,4,feat_15m_ret_4,-9.796404933646964e-05
CU,8,0.1,4,feat_15m_ret_8,0.0006148392656510545
CU,8,0.1,4,feat_15m_ret_16,0.0003364809508319038
CU,8,0.1,4,feat_15m_location_32,-0.0010915487272734317
CU,8,0.1,4,feat_time_bars_since_segment_start,-0.0007313493673318111
CU,8,0.1,4,feat_time_after_long_gap,0.00015337916708176076
CU,8,0.1,4,feat_15m_volume_ratio_32,-0.00012984838672713074
CU,8,0.1,4,feat_15m_oi_log_change_4,0.00019294106011934494
CU,8,0.1,4,feat_5m_1h_rv,-3.5874652896800007e-06
CU,8,0.1,4,feat_5m_rv_rate_ratio_1h_4h,-0.00017043627695955996
CU,8,0.5,4,feat_15m_ret_1,-0.00012590775294661987
CU,8,0.5,4,feat_15m_ret_4,-7.930408241824563e-05
CU,8,0.5,4,feat_15m_ret_8,0.0006611229264887936
CU,8,0.5,4,feat_15m_ret_16,5.637631838994951e-05
CU,8,0.5,4,feat_15m_location_32,-0.0006343306734638602
CU,8,0.5,4,feat_time_bars_since_segment_start,-0.0002624038899707768
CU,8,0.5,4,feat_time_after_long_gap,5.491816468286091e-05
CU,8,0.5,4,feat_15m_volume_ratio_32,-0.0001150106649544696
CU,8,0.5,4,feat_15m_oi_log_change_4,0.00026116679799587355
CU,8,0.5,4,feat_5m_1h_rv,1.0785602805004136e-05
CU,8,0.5,4,feat_5m_rv_rate_ratio_1h_4h,-0.00022177971073126005
CU,8,0.9,4,feat_15m_ret_1,-0.00012629990265051552
CU,8,0.9,4,feat_15m_ret_4,0.0006786536172195017
CU,8,0.9,4,feat_15m_ret_8,0.00010895835814306738
CU,8,0.9,4,feat_15m_ret_16,-0.00029759728076008573
CU,8,0.9,4,feat_15m_location_32,-0.00012776019885365352
CU,8,0.9,4,feat_time_bars_since_segment_start,-0.0007664506267271366
CU,8,0.9,4,feat_time_after_long_gap,-8.287406030459139e-05
CU,8,0.9,4,feat_15m_volume_ratio_32,0.0001178428720058776
CU,8,0.9,4,feat_15m_oi_log_change_4,8.829663305178766e-05
CU,8,0.9,4,feat_5m_1h_rv,-0.00012461419836147107
CU,8,0.9,4,feat_5m_rv_rate_ratio_1h_4h,-0.000719968123017069
CU,16,0.1,0,feat_15m_ret_1,0.00016748107865610903
CU,16,0.1,0,feat_15m_ret_4,-0.0002044341039699543
CU,16,0.1,0,feat_15m_ret_8,-0.0002786381712810337
CU,16,0.1,0,feat_15m_ret_16,0.0012409742325844356
CU,16,0.1,0,feat_15m_location_32,-0.0015997517056801525
CU,16,0.1,0,feat_time_bars_since_segment_start,-0.0016157264654628539
CU,16,0.1,0,feat_time_after_long_gap,0.0004619945390377743
CU,16,0.1,0,feat_15m_volume_ratio_32,-0.0005302759667456877
CU,16,0.1,0,feat_15m_oi_log_change_4,0.0005510235390820851
CU,16,0.1,0,feat_5m_1h_rv,0.0012923472981750592
CU,16,0.1,0,feat_5m_rv_rate_ratio_1h_4h,-0.00050232232427006
CU,16,0.5,0,feat_15m_ret_1,-5.677876266830026e-05
CU,16,0.5,0,feat_15m_ret_4,0.00035885479633290075
CU,16,0.5,0,feat_15m_ret_8,-1.1949600724134418e-05
CU,16,0.5,0,feat_15m_ret_16,0.0012934692435179812
CU,16,0.5,0,feat_15m_location_32,-0.0021129236516831337
CU,16,0.5,0,feat_time_bars_since_segment_start,-0.0010538599526339033
CU,16,0.5,0,feat_time_after_long_gap,0.0003814922404132868
CU,16,0.5,0,feat_15m_volume_ratio_32,-0.0003045540781788313
CU,16,0.5,0,feat_15m_oi_log_change_4,0.00031461362452030135
CU,16,0.5,0,feat_5m_1h_rv,0.00037877427317242263
CU,16,0.5,0,feat_5m_rv_rate_ratio_1h_4h,-0.0007732967407070897
CU,16,0.9,0,feat_15m_ret_1,0.0002931938353490418
CU,16,0.9,0,feat_15m_ret_4,0.0004656535369716288
CU,16,0.9,0,feat_15m_ret_8,-0.00016175228165726433
CU,16,0.9,0,feat_15m_ret_16,-0.0018073545821501685
CU,16,0.9,0,feat_15m_location_32,-0.0006832448328849696
CU,16,0.9,0,feat_time_bars_since_segment_start,-0.0026500043379041605
CU,16,0.9,0,feat_time_after_long_gap,0.0007424846409146864
CU,16,0.9,0,feat_15m_volume_ratio_32,-0.0005565672831777128
CU,16,0.9,0,feat_15m_oi_log_change_4,-0.0009003519014726583
CU,16,0.9,0,feat_5m_1h_rv,-0.00016401908568522018
CU,16,0.9,0,feat_5m_rv_rate_ratio_1h_4h,-0.0004890450160093509
CU,16,0.1,1,feat_15m_ret_1,0.0004818165059450102
CU,16,0.1,1,feat_15m_ret_4,-0.0005269896266905463
CU,16,0.1,1,feat_15m_ret_8,-0.00047021898815116723
CU,16,0.1,1,feat_15m_ret_16,0.0011502510959552502
CU,16,0.1,1,feat_15m_location_32,-0.001362785250283937
CU,16,0.1,1,feat_time_bars_since_segment_start,-0.000869119908173746
CU,16,0.1,1,feat_time_after_long_gap,0.00033805385531748036
CU,16,0.1,1,feat_15m_volume_ratio_32,-0.00018666381889591204
CU,16,0.1,1,feat_15m_oi_log_change_4,0.0004337926938067848
CU,16,0.1,1,feat_5m_1h_rv,-0.0008333257522999609
CU,16,0.1,1,feat_5m_rv_rate_ratio_1h_4h,0.0004324427114219019
CU,16,0.5,1,feat_15m_ret_1,-5.809980553011951e-05
CU,16,0.5,1,feat_15m_ret_4,0.0002530822616360883
CU,16,0.5,1,feat_15m_ret_8,0.00026804460563805056
CU,16,0.5,1,feat_15m_ret_16,0.001143545967542438
CU,16,0.5,1,feat_15m_location_32,-0.002157091363486252
CU,16,0.5,1,feat_time_bars_since_segment_start,-0.0010113859181078355
CU,16,0.5,1,feat_time_after_long_gap,0.0004137508520750439
CU,16,0.5,1,feat_15m_volume_ratio_32,-0.00029784779260842676
CU,16,0.5,1,feat_15m_oi_log_change_4,0.0003143375653903443
CU,16,0.5,1,feat_5m_1h_rv,0.00032549495496718124
CU,16,0.5,1,feat_5m_rv_rate_ratio_1h_4h,-0.0007643895036146877
CU,16,0.9,1,feat_15m_ret_1,1.347426188027092e-05
CU,16,0.9,1,feat_15m_ret_4,0.0005493534330615952
CU,16,0.9,1,feat_15m_ret_8,-0.00033186573952456987
CU,16,0.9,1,feat_15m_ret_16,-0.0007788105077303491
CU,16,0.9,1,feat_15m_location_32,-0.00048468506651509486
CU,16,0.9,1,feat_time_bars_since_segment_start,-0.0022871338095399696
CU,16,0.9,1,feat_time_after_long_gap,0.0009921004075096758
CU,16,0.9,1,feat_15m_volume_ratio_32,-0.00043411507107372194
CU,16,0.9,1,feat_15m_oi_log_change_4,-0.0005446894340187319
CU,16,0.9,1,feat_5m_1h_rv,-0.00035579414167552227
CU,16,0.9,1,feat_5m_rv_rate_ratio_1h_4h,-9.966051678776193e-05
CU,16,0.1,2,feat_15m_ret_1,0.000318302763920514
CU,16,0.1,2,feat_15m_ret_4,-0.0003872651413102379
CU,16,0.1,2,feat_15m_ret_8,-0.0005397279157995007
CU,16,0.1,2,feat_15m_ret_16,0.0004249140538514589
CU,16,0.1,2,feat_15m_location_32,-0.00012783790862768555
CU,16,0.1,2,feat_time_bars_since_segment_start,-0.0012470035207103878
CU,16,0.1,2,feat_time_after_long_gap,0.00021986260087215607
CU,16,0.1,2,feat_15m_volume_ratio_32,-0.00020896563080205147
CU,16,0.1,2,feat_15m_oi_log_change_4,0.0005256211063697766
CU,16,0.1,2,feat_5m_1h_rv,-8.707973225211497e-05
CU,16,0.1,2,feat_5m_rv_rate_ratio_1h_4h,-0.00042452548740913267
CU,16,0.5,2,feat_15m_ret_1,8.927927022790275e-06
CU,16,0.5,2,feat_15m_ret_4,0.0003876552249151247
CU,16,0.5,2,feat_15m_ret_8,0.000551200156219462
CU,16,0.5,2,feat_15m_ret_16,0.00041105610442947524
CU,16,0.5,2,feat_15m_location_32,-0.0018170014629476127
CU,16,0.5,2,feat_time_bars_since_segment_start,-0.0009028234411190182
CU,16,0.5,2,feat_time_after_long_gap,0.00038364732107295374
CU,16,0.5,2,feat_15m_volume_ratio_32,-0.00046243367507544194
CU,16,0.5,2,feat_15m_oi_log_change_4,0.00022154413008422516
CU,16,0.5,2,feat_5m_1h_rv,0.00024367332699085334
CU,16,0.5,2,feat_5m_rv_rate_ratio_1h_4h,-0.0005281109975365617
CU,16,0.9,2,feat_15m_ret_1,-0.00016057225648378204
CU,16,0.9,2,feat_15m_ret_4,0.0009246013624567667
CU,16,0.9,2,feat_15m_ret_8,-0.00023350675746018843
CU,16,0.9,2,feat_15m_ret_16,-0.0007817982097024318
CU,16,0.9,2,feat_15m_location_32,-0.00013406344152249223
CU,16,0.9,2,feat_time_bars_since_segment_start,-0.0018219128590530674
CU,16,0.9,2,feat_time_after_long_gap,0.0006570144534724076
CU,16,0.9,2,feat_15m_volume_ratio_32,-0.00033520268719496504
CU,16,0.9,2,feat_15m_oi_log_change_4,-0.0003999174450688925
CU,16,0.9,2,feat_5m_1h_rv,-0.00046228527911457623
CU,16,0.9,2,feat_5m_rv_rate_ratio_1h_4h,-0.00020607015378910408
CU,16,0.1,3,feat_15m_ret_1,0.0003924193049566369
CU,16,0.1,3,feat_15m_ret_4,-0.000362115908814783
CU,16,0.1,3,feat_15m_ret_8,-0.0005421381121266033
CU,16,0.1,3,feat_15m_ret_16,0.00010834192899396274
CU,16,0.1,3,feat_15m_location_32,5.5064099626219804e-05
CU,16,0.1,3,feat_time_bars_since_segment_start,-0.0008042724217126346
CU,16,0.1,3,feat_time_after_long_gap,0.0002271695817230539
CU,16,0.1,3,feat_15m_volume_ratio_32,2.9711960428828007e-05
CU,16,0.1,3,feat_15m_oi_log_change_4,0.0006019906527609567
CU,16,0.1,3,feat_5m_1h_rv,-0.00020379646952195388
CU,16,0.1,3,feat_5m_rv_rate_ratio_1h_4h,-0.0004333875978834841
CU,16,0.5,3,feat_15m_ret_1,-6.556436266738667e-06
CU,16,0.5,3,feat_15m_ret_4,0.00027388328866212913
CU,16,0.5,3,feat_15m_ret_8,0.00046713081362452686
CU,16,0.5,3,feat_15m_ret_16,0.000154959674450199
CU,16,0.5,3,feat_15m_location_32,-0.0014127715281882728
CU,16,0.5,3,feat_time_bars_since_segment_start,-0.0007211971836745399
CU,16,0.5,3,feat_time_after_long_gap,0.0003625493242678782
CU,16,0.5,3,feat_15m_volume_ratio_32,-0.00020728389244779508
CU,16,0.5,3,feat_15m_oi_log_change_4,0.00032765727705215804
CU,16,0.5,3,feat_5m_1h_rv,0.000225958686058009
CU,16,0.5,3,feat_5m_rv_rate_ratio_1h_4h,-0.000531127597163863
CU,16,0.9,3,feat_15m_ret_1,-0.00011630707626542468
CU,16,0.9,3,feat_15m_ret_4,0.0010279156100911223
CU,16,0.9,3,feat_15m_ret_8,-0.00027501399166091387
CU,16,0.9,3,feat_15m_ret_16,-0.000867919582371318
CU,16,0.9,3,feat_15m_location_32,0.00016271394058518443
CU,16,0.9,3,feat_time_bars_since_segment_start,-0.0018093023717817435
CU,16,0.9,3,feat_time_after_long_gap,0.0006675038421805538
CU,16,0.9,3,feat_15m_volume_ratio_32,-0.0003787950977410087
CU,16,0.9,3,feat_15m_oi_log_change_4,-0.0002257599887322639
CU,16,0.9,3,feat_5m_1h_rv,-0.0004390601788778841
CU,16,0.9,3,feat_5m_rv_rate_ratio_1h_4h,-0.00027104289646678333
CU,16,0.1,4,feat_15m_ret_1,0.00030556554494411825
CU,16,0.1,4,feat_15m_ret_4,-0.00022700005076475296
CU,16,0.1,4,feat_15m_ret_8,-0.000310917058947216
CU,16,0.1,4,feat_15m_ret_16,-0.00034392951806727434
CU,16,0.1,4,feat_15m_location_32,6.076352780053174e-05
CU,16,0.1,4,feat_time_bars_since_segment_start,-0.0005854349435822903
CU,16,0.1,4,feat_time_after_long_gap,3.0226938447735156e-05
CU,16,0.1,4,feat_15m_volume_ratio_32,-0.00014090618884555795
CU,16,0.1,4,feat_15m_oi_log_change_4,0.0005162274434694715
CU,16,0.1,4,feat_5m_1h_rv,-0.00022064043610666963
CU,16,0.1,4,feat_5m_rv_rate_ratio_1h_4h,-0.0002576240411228441
CU,16,0.5,4,feat_15m_ret_1,-6.860560976523437e-06
CU,16,0.5,4,feat_15m_ret_4,0.00024749164367417556
CU,16,0.5,4,feat_15m_ret_8,0.00037588751757706637
CU,16,0.5,4,feat_15m_ret_16,3.7913843749867196e-05
CU,16,0.5,4,feat_15m_location_32,-0.0011631023237744008
CU,16,0.5,4,feat_time_bars_since_segment_start,-0.000616597978255274
CU,16,0.5,4,feat_time_after_long_gap,0.00020374877337328174
CU,16,0.5,4,feat_15m_volume_ratio_32,-0.00026851766392566067
CU,16,0.5,4,feat_15m_oi_log_change_4,0.00030224066573300627
CU,16,0.5,4,feat_5m_1h_rv,0.00022573496533278317
CU,16,0.5,4,feat_5m_rv_rate_ratio_1h_4h,-0.0005248032963578641
CU,16,0.9,4,feat_15m_ret_1,-3.2428839425778204e-05
CU,16,0.9,4,feat_15m_ret_4,0.0007500857105982666
CU,16,0.9,4,feat_15m_ret_8,-0.00011605629927675994
CU,16,0.9,4,feat_15m_ret_16,-0.0007493304032302528
CU,16,0.9,4,feat_15m_location_32,2.8293500510171836e-05
CU,16,0.9,4,feat_time_bars_since_segment_start,-0.0015358393880384406
CU,16,0.9,4,feat_time_after_long_gap,0.000587303830146052
CU,16,0.9,4,feat_15m_volume_ratio_32,-0.000247020460316243
CU,16,0.9,4,feat_15m_oi_log_change_4,-0.0001602468191091946
CU,16,0.9,4,feat_5m_1h_rv,-0.0003005378272764079
CU,16,0.9,4,feat_5m_rv_rate_ratio_1h_4h,-0.00039804796399640023
AL,4,0.1,0,feat_15m_ret_1,-0.00019070039149528208
AL,4,0.1,0,feat_15m_ret_4,5.948014947287894e-05
AL,4,0.1,0,feat_15m_ret_8,0.00032549936539157483
AL,4,0.1,0,feat_15m_ret_16,-0.00024296388676295266
AL,4,0.1,0,feat_15m_location_32,-8.24642778193225e-05
AL,4,0.1,0,feat_time_bars_since_segment_start,-9.194935776613534e-05
AL,4,0.1,0,feat_time_after_long_gap,-0.00022091447812382282
AL,4,0.1,0,feat_15m_volume_ratio_32,-0.0004167328316624358
AL,4,0.1,0,feat_15m_oi_log_change_4,0.00026057811212402737
AL,4,0.1,0,feat_5m_1h_rv,0.00031688792099873113
AL,4,0.1,0,feat_5m_rv_rate_ratio_1h_4h,-4.1078610538237224e-05
AL,4,0.5,0,feat_15m_ret_1,-4.127310378321287e-05
AL,4,0.5,0,feat_15m_ret_4,-0.0001726544524398622
AL,4,0.5,0,feat_15m_ret_8,-0.00013573844906439357
AL,4,0.5,0,feat_15m_ret_16,0.00019751665810920335
AL,4,0.5,0,feat_15m_location_32,-0.00024810451832514525
AL,4,0.5,0,feat_time_bars_since_segment_start,2.5158856657299455e-05
AL,4,0.5,0,feat_time_after_long_gap,-7.446591440206306e-05
AL,4,0.5,0,feat_15m_volume_ratio_32,-0.00013806498222494165
AL,4,0.5,0,feat_15m_oi_log_change_4,0.00010550440793666848
AL,4,0.5,0,feat_5m_1h_rv,0.00027474479292496874
AL,4,0.5,0,feat_5m_rv_rate_ratio_1h_4h,-0.00015315247285992376
AL,4,0.9,0,feat_15m_ret_1,0.00019934675161121555
AL,4,0.9,0,feat_15m_ret_4,-0.00015981446101661148
AL,4,0.9,0,feat_15m_ret_8,3.151359719910704e-05
AL,4,0.9,0,feat_15m_ret_16,0.00017788010600297845
AL,4,0.9,0,feat_15m_location_32,-0.00036971726546196983
AL,4,0.9,0,feat_time_bars_since_segment_start,8.495324658767663e-05
AL,4,0.9,0,feat_time_after_long_gap,1.389870078148959e-05
AL,4,0.9,0,feat_15m_volume_ratio_32,9.198748933245699e-05
AL,4,0.9,0,feat_15m_oi_log_change_4,-0.00019230570497714584
AL,4,0.9,0,feat_5m_1h_rv,0.0006306358095454585
AL,4,0.9,0,feat_5m_rv_rate_ratio_1h_4h,-0.0003250797077235718
AL,4,0.1,1,feat_15m_ret_1,-0.00021572659624850772
AL,4,0.1,1,feat_15m_ret_4,1.0067224203303437e-05
AL,4,0.1,1,feat_15m_ret_8,0.0002776770428820772
AL,4,0.1,1,feat_15m_ret_16,-2.001564136363957e-05
AL,4,0.1,1,feat_15m_location_32,-0.00031537490727959026
AL,4,0.1,1,feat_time_bars_since_segment_start,8.900854351614806e-05
AL,4,0.1,1,feat_time_after_long_gap,-0.0003428088533920957
AL,4,0.1,1,feat_15m_volume_ratio_32,-0.0004334003550925235
AL,4,0.1,1,feat_15m_oi_log_change_4,0.00020953524157942322
AL,4,0.1,1,feat_5m_1h_rv,0.00044220827705738277
AL,4,0.1,1,feat_5m_rv_rate_ratio_1h_4h,-0.00029044535148673844
AL,4,0.5,1,feat_15m_ret_1,-3.4465319901884696e-05
AL,4,0.5,1,feat_15m_ret_4,-0.00015811795378831804
AL,4,0.5,1,feat_15m_ret_8,-8.676613876545559e-05
AL,4,0.5,1,feat_15m_ret_16,0.00013806134477108048
AL,4,0.5,1,feat_15m_location_32,-0.0001658029394190527
AL,4,0.5,1,feat_time_bars_since_segment_start,8.324974756011474e-05
AL,4,0.5,1,feat_time_after_long_gap,-0.00012261256942768258
AL,4,0.5,1,feat_15m_volume_ratio_32,-0.00010794430855612649
AL,4,0.5,1,feat_15m_oi_log_change_4,6.662231245093498e-05
AL,4,0.5,1,feat_5m_1h_rv,0.0003522468522864073
AL,4,0.5,1,feat_5m_rv_rate_ratio_1h_4h,-0.0002117704295102412
AL,4,0.9,1,feat_15m_ret_1,0.00024145714785688997
AL,4,0.9,1,feat_15m_ret_4,-0.0003457598277293993
AL,4,0.9,1,feat_15m_ret_8,0.00011071218483351211
AL,4,0.9,1,feat_15m_ret_16,0.00024298861023187547
AL,4,0.9,1,feat_15m_location_32,-0.0003504674123888634
AL,4,0.9,1,feat_time_bars_since_segment_start,-0.00010089705676463022
AL,4,0.9,1,feat_time_after_long_gap,0.00031446367076963934
AL,4,0.9,1,feat_15m_volume_ratio_32,0.000112257090638332
AL,4,0.9,1,feat_15m_oi_log_change_4,-0.00013487715629896638
AL,4,0.9,1,feat_5m_1h_rv,0.0005619345259179835
AL,4,0.9,1,feat_5m_rv_rate_ratio_1h_4h,-0.00037032702060334904
AL,4,0.1,2,feat_15m_ret_1,-2.575956073404607e-05
AL,4,0.1,2,feat_15m_ret_4,-0.00017565948089045554
AL,4,0.1,2,feat_15m_ret_8,0.0004919933762930598
AL,4,0.1,2,feat_15m_ret_16,-3.388797806196507e-05
AL,4,0.1,2,feat_15m_location_32,-0.00021638431494760193
AL,4,0.1,2,feat_time_bars_since_segment_start,0.00015411695193933534
AL,4,0.1,2,feat_time_after_long_gap,-0.0003573620559062695
AL,4,0.1,2,feat_15m_volume_ratio_32,-0.00041576806236690055
AL,4,0.1,2,feat_15m_oi_log_change_4,0.00013445375346247536
AL,4,0.1,2,feat_5m_1h_rv,6.894239105159976e-05
AL,4,0.1,2,feat_5m_rv_rate_ratio_1h_4h,5.8316937502934884e-05
AL,4,0.5,2,feat_15m_ret_1,-4.728868899584594e-05
AL,4,0.5,2,feat_15m_ret_4,7.146432433986889e-05
AL,4,0.5,2,feat_15m_ret_8,-5.4507332427675134e-05
AL,4,0.5,2,feat_15m_ret_16,0.00022836364712688515
AL,4,0.5,2,feat_15m_location_32,-0.0003392003482394571
AL,4,0.5,2,feat_time_bars_since_segment_start,-4.6116587954030816e-05
AL,4,0.5,2,feat_time_after_long_gap,-9.307377179189023e-05
AL,4,0.5,2,feat_15m_volume_ratio_32,-0.00018150778058764757
AL,4,0.5,2,feat_15m_oi_log_change_4,-2.0678006263294365e-05
AL,4,0.5,2,feat_5m_1h_rv,0.00018124855976370618
AL,4,0.5,2,feat_5m_rv_rate_ratio_1h_4h,-0.00018814340974221216
AL,4,0.9,2,feat_15m_ret_1,-3.0515909945234154e-05
AL,4,0.9,2,feat_15m_ret_4,5.3525214319544194e-05
AL,4,0.9,2,feat_15m_ret_8,-4.740427718433451e-05
AL,4,0.9,2,feat_15m_ret_16,0.0005201282146098246
AL,4,0.9,2,feat_15m_location_32,-0.000758227773747277
AL,4,0.9,2,feat_time_bars_since_segment_start,-4.96375505452123e-05
AL,4,0.9,2,feat_time_after_long_gap,0.0001305049604912085
AL,4,0.9,2,feat_15m_volume_ratio_32,3.351331964799587e-05
AL,4,0.9,2,feat_15m_oi_log_change_4,-0.0002031954149383564
AL,4,0.9,2,feat_5m_1h_rv,0.0005611754875843215
AL,4,0.9,2,feat_5m_rv_rate_ratio_1h_4h,-0.0004103641397324696
AL,4,0.1,3,feat_15m_ret_1,0.0001901713511555858
AL,4,0.1,3,feat_15m_ret_4,-0.00020670251167846732
AL,4,0.1,3,feat_15m_ret_8,0.00015393886291213511
AL,4,0.1,3,feat_15m_ret_16,0.0001859521603258927
AL,4,0.1,3,feat_15m_location_32,-7.175716327467968e-05
AL,4,0.1,3,feat_time_bars_since_segment_start,9.667864154312168e-05
AL,4,0.1,3,feat_time_after_long_gap,-0.00038050479188040266
AL,4,0.1,3,feat_15m_volume_ratio_32,-0.0004287176952579252
AL,4,0.1,3,feat_15m_oi_log_change_4,0.00018505608128578603
AL,4,0.1,3,feat_5m_1h_rv,-0.00039082136153057985
AL,4,0.1,3,feat_5m_rv_rate_ratio_1h_4h,8.986213078547186e-05
AL,4,0.5,3,feat_15m_ret_1,-0.00012024335167520951
AL,4,0.5,3,feat_15m_ret_4,-3.216265510606741e-05
AL,4,0.5,3,feat_15m_ret_8,1.0883788163970404e-06
AL,4,0.5,3,feat_15m_ret_16,0.0002078166132547143
AL,4,0.5,3,feat_15m_location_32,-0.00028367948366574917
AL,4,0.5,3,feat_time_bars_since_segment_start,-2.1308227785622727e-05
AL,4,0.5,3,feat_time_after_long_gap,-5.078788344608546e-05
AL,4,0.5,3,feat_15m_volume_ratio_32,-0.00018506405322097217
AL,4,0.5,3,feat_15m_oi_log_change_4,4.964575897501011e-06
AL,4,0.5,3,feat_5m_1h_rv,8.153469952318427e-05
AL,4,0.5,3,feat_5m_rv_rate_ratio_1h_4h,-6.612215501737868e-05
AL,4,0.9,3,feat_15m_ret_1,5.7351087986543006e-05
AL,4,0.9,3,feat_15m_ret_4,-5.003724874736649e-05
AL,4,0.9,3,feat_15m_ret_8,-0.00022435414174409965
AL,4,0.9,3,feat_15m_ret_16,0.0004455678624484654
AL,4,0.9,3,feat_15m_location_32,-0.0006004614579398919
AL,4,0.9,3,feat_time_bars_since_segment_start,7.507150171645365e-05
AL,4,0.9,3,feat_time_after_long_gap,0.00014471037907800116
AL,4,0.9,3,feat_15m_volume_ratio_32,0.00011153533302674952
AL,4,0.9,3,feat_15m_oi_log_change_4,-0.0001329589741570726
AL,4,0.9,3,feat_5m_1h_rv,0.00036403861833782665
AL,4,0.9,3,feat_5m_rv_rate_ratio_1h_4h,-0.00020983553160194374
AL,4,0.1,4,feat_15m_ret_1,0.000150334903003489
AL,4,0.1,4,feat_15m_ret_4,-0.00015852076298073701
AL,4,0.1,4,feat_15m_ret_8,-1.2096846128868533e-05
AL,4,0.1,4,feat_15m_ret_16,0.00016498383112542765
AL,4,0.1,4,feat_15m_location_32,5.752880953474636e-05
AL,4,0.1,4,feat_time_bars_since_segment_start,-2.622229000052048e-05
AL,4,0.1,4,feat_time_after_long_gap,-0.00039036344570584226
AL,4,0.1,4,feat_15m_volume_ratio_32,-0.00038618196763902396
AL,4,0.1,4,feat_15m_oi_log_change_4,0.00015699490378315694
AL,4,0.1,4,feat_5m_1h_rv,-0.0004314455509324019
AL,4,0.1,4,feat_5m_rv_rate_ratio_1h_4h,0.00010208562391862152
AL,4,0.5,4,feat_15m_ret_1,-0.000123507045033705
AL,4,0.5,4,feat_15m_ret_4,-2.9369319688517323e-05
AL,4,0.5,4,feat_15m_ret_8,-0.00013060825939813548
AL,4,0.5,4,feat_15m_ret_16,0.00021842233559979832
AL,4,0.5,4,feat_15m_location_32,-0.00015487134721728338
AL,4,0.5,4,feat_time_bars_since_segment_start,2.859434409948319e-05
AL,4,0.5,4,feat_time_after_long_gap,-5.604989936205919e-05
AL,4,0.5,4,feat_15m_volume_ratio_32,-0.00012177522794328928
AL,4,0.5,4,feat_15m_oi_log_change_4,6.197357255711717e-05
AL,4,0.5,4,feat_5m_1h_rv,1.016374023761021e-05
AL,4,0.5,4,feat_5m_rv_rate_ratio_1h_4h,2.98954794423837e-05
AL,4,0.9,4,feat_15m_ret_1,6.093450947323782e-05
AL,4,0.9,4,feat_15m_ret_4,-1.6976643455401986e-05
AL,4,0.9,4,feat_15m_ret_8,-0.00033746807741740794
AL,4,0.9,4,feat_15m_ret_16,0.00033824228256508265
AL,4,0.9,4,feat_15m_location_32,-0.00040936268056700686
AL,4,0.9,4,feat_time_bars_since_segment_start,3.962398406678989e-05
AL,4,0.9,4,feat_time_after_long_gap,0.00014193708153038002
AL,4,0.9,4,feat_15m_volume_ratio_32,7.013639314183747e-05
AL,4,0.9,4,feat_15m_oi_log_change_4,-0.00010893176175941763
AL,4,0.9,4,feat_5m_1h_rv,0.0003168875833542807
AL,4,0.9,4,feat_5m_rv_rate_ratio_1h_4h,-0.00021114837862963373
AL,8,0.1,0,feat_15m_ret_1,4.094466335631926e-05
AL,8,0.1,0,feat_15m_ret_4,0.00026798195916778034
AL,8,0.1,0,feat_15m_ret_8,-7.178444887740376e-05
AL,8,0.1,0,feat_15m_ret_16,-0.0007165288035508269
AL,8,0.1,0,feat_15m_location_32,-0.0006249610196073343
AL,8,0.1,0,feat_time_bars_since_segment_start,-0.0006182880779108902
AL,8,0.1,0,feat_time_after_long_gap,-1.8755260617053748e-05
AL,8,0.1,0,feat_15m_volume_ratio_32,-0.0001732007433998568
AL,8,0.1,0,feat_15m_oi_log_change_4,0.000358085071040904
AL,8,0.1,0,feat_5m_1h_rv,-4.153804876967617e-05
AL,8,0.1,0,feat_5m_rv_rate_ratio_1h_4h,0.00048278537157732095
AL,8,0.5,0,feat_15m_ret_1,-0.0001859933366029049
AL,8,0.5,0,feat_15m_ret_4,0.00014640810765774364
AL,8,0.5,0,feat_15m_ret_8,-5.780314234098666e-05
AL,8,0.5,0,feat_15m_ret_16,0.0001965521857708042
AL,8,0.5,0,feat_15m_location_32,-0.00044728994032105346
AL,8,0.5,0,feat_time_bars_since_segment_start,-0.00047279027505038644
AL,8,0.5,0,feat_time_after_long_gap,0.0001574071572719156
AL,8,0.5,0,feat_15m_volume_ratio_32,-0.00023134322601888732
AL,8,0.5,0,feat_15m_oi_log_change_4,-4.100326604184221e-05
AL,8,0.5,0,feat_5m_1h_rv,0.0005686416844990827
AL,8,0.5,0,feat_5m_rv_rate_ratio_1h_4h,-0.0003646566177992903
AL,8,0.9,0,feat_15m_ret_1,-0.00017183639013633082
AL,8,0.9,0,feat_15m_ret_4,-6.179974014096456e-05
AL,8,0.9,0,feat_15m_ret_8,-0.0002029749738226937
AL,8,0.9,0,feat_15m_ret_16,0.0004347839478693652
AL,8,0.9,0,feat_15m_location_32,-0.0008578035936673256
AL,8,0.9,0,feat_time_bars_since_segment_start,-6.705726524826276e-05
AL,8,0.9,0,feat_time_after_long_gap,0.0001456131362683591
AL,8,0.9,0,feat_15m_volume_ratio_32,0.00021118009365095865
AL,8,0.9,0,feat_15m_oi_log_change_4,0.0018275441790476645
AL,8,0.9,0,feat_5m_1h_rv,-0.0006187972217218654
AL,8,0.9,0,feat_5m_rv_rate_ratio_1h_4h,0.0006760741070141458
AL,8,0.1,1,feat_15m_ret_1,1.7629254638579377e-05
AL,8,0.1,1,feat_15m_ret_4,0.0002576427459710788
AL,8,0.1,1,feat_15m_ret_8,0.00037336090085346777
AL,8,0.1,1,feat_15m_ret_16,-0.000462473108913025
AL,8,0.1,1,feat_15m_location_32,-0.0004953418690764112
AL,8,0.1,1,feat_time_bars_since_segment_start,0.0001263985255304983
AL,8,0.1,1,feat_time_after_long_gap,-0.0001920686825934546
AL,8,0.1,1,feat_15m_volume_ratio_32,-5.023256542379226e-05
AL,8,0.1,1,feat_15m_oi_log_change_4,0.00026371579145048006
AL,8,0.1,1,feat_5m_1h_rv,0.0005976816952334449
AL,8,0.1,1,feat_5m_rv_rate_ratio_1h_4h,-4.2465432271979714e-05
AL,8,0.5,1,feat_15m_ret_1,-6.436843297299901e-05
AL,8,0.5,1,feat_15m_ret_4,0.00013255859523849607
AL,8,0.5,1,feat_15m_ret_8,-0.00011105774131689522
AL,8,0.5,1,feat_15m_ret_16,0.00014268741302184018
AL,8,0.5,1,feat_15m_location_32,-0.0003752994653580484
AL,8,0.5,1,feat_time_bars_since_segment_start,-0.00012099892922698984
AL,8,0.5,1,feat_time_after_long_gap,-0.00011347981177286678
AL,8,0.5,1,feat_15m_volume_ratio_32,-7.63198139363178e-05
AL,8,0.5,1,feat_15m_oi_log_change_4,-1.603719269054183e-05
AL,8,0.5,1,feat_5m_1h_rv,0.00047741062055028515
AL,8,0.5,1,feat_5m_rv_rate_ratio_1h_4h,-0.00033540945871564435
AL,8,0.9,1,feat_15m_ret_1,-7.361609090229109e-05
AL,8,0.9,1,feat_15m_ret_4,-0.00016138816658259003
AL,8,0.9,1,feat_15m_ret_8,-0.0003251148146552776
AL,8,0.9,1,feat_15m_ret_16,0.0010548601051817699
AL,8,0.9,1,feat_15m_location_32,-0.0008140880288236309
AL,8,0.9,1,feat_time_bars_since_segment_start,0.00022295009084559556
AL,8,0.9,1,feat_time_after_long_gap,0.0002184962575558136
AL,8,0.9,1,feat_15m_volume_ratio_32,0.0001354197171635864
AL,8,0.9,1,feat_15m_oi_log_change_4,0.00033519602977038414
AL,8,0.9,1,feat_5m_1h_rv,-0.0004459302689735781
AL,8,0.9,1,feat_5m_rv_rate_ratio_1h_4h,0.000923263564574015
AL,8,0.1,2,feat_15m_ret_1,-6.907571829957994e-05
AL,8,0.1,2,feat_15m_ret_4,2.2525565932201545e-05
AL,8,0.1,2,feat_15m_ret_8,0.0010876900627212074
AL,8,0.1,2,feat_15m_ret_16,-0.0009034502523101947
AL,8,0.1,2,feat_15m_location_32,-4.6598818275209605e-05
AL,8,0.1,2,feat_time_bars_since_segment_start,4.795014519874004e-05
AL,8,0.1,2,feat_time_after_long_gap,-0.00047507178018002614
AL,8,0.1,2,feat_15m_volume_ratio_32,-3.999128738335716e-05
AL,8,0.1,2,feat_15m_oi_log_change_4,0.00015513048620425423
AL,8,0.1,2,feat_5m_1h_rv,1.903078437248978e-05
AL,8,0.1,2,feat_5m_rv_rate_ratio_1h_4h,0.0002089633193660195
AL,8,0.5,2,feat_15m_ret_1,-2.99773157714653e-05
AL,8,0.5,2,feat_15m_ret_4,4.642767772348796e-05
AL,8,0.5,2,feat_15m_ret_8,0.00021235166848337404
AL,8,0.5,2,feat_15m_ret_16,0.00026944438468900236
AL,8,0.5,2,feat_15m_location_32,-0.000593042594807531
AL,8,0.5,2,feat_time_bars_since_segment_start,-0.000156152751194074
AL,8,0.5,2,feat_time_after_long_gap,-0.00013482290097447072
AL,8,0.5,2,feat_15m_volume_ratio_32,-0.00025291891438133826
AL,8,0.5,2,feat_15m_oi_log_change_4,-5.05174324204838e-05
AL,8,0.5,2,feat_5m_1h_rv,0.00019718966961185981
AL,8,0.5,2,feat_5m_rv_rate_ratio_1h_4h,-0.00014909267344266614
AL,8,0.9,2,feat_15m_ret_1,-1.664647141435917e-05
AL,8,0.9,2,feat_15m_ret_4,-5.634067032918715e-05
AL,8,0.9,2,feat_15m_ret_8,-0.00020690295315402705
AL,8,0.9,2,feat_15m_ret_16,0.0009213309112052857
AL,8,0.9,2,feat_15m_location_32,-0.0010340522513523974
AL,8,0.9,2,feat_time_bars_since_segment_start,0.0001393961073588363
AL,8,0.9,2,feat_time_after_long_gap,0.00021242763682129004
AL,8,0.9,2,feat_15m_volume_ratio_32,2.222163481158576e-05
AL,8,0.9,2,feat_15m_oi_log_change_4,8.603753242049042e-05
AL,8,0.9,2,feat_5m_1h_rv,-0.0004027937614214523
AL,8,0.9,2,feat_5m_rv_rate_ratio_1h_4h,0.0004507793632947732
AL,8,0.1,3,feat_15m_ret_1,-6.4402339130753e-05
AL,8,0.1,3,feat_15m_ret_4,3.9160672141546445e-05
AL,8,0.1,3,feat_15m_ret_8,0.0009631400918013045
AL,8,0.1,3,feat_15m_ret_16,-0.0009445251811587203
AL,8,0.1,3,feat_15m_location_32,0.0002490018783726908
AL,8,0.1,3,feat_time_bars_since_segment_start,-0.00014670860059036908
AL,8,0.1,3,feat_time_after_long_gap,-0.00027571714476794023
AL,8,0.1,3,feat_15m_volume_ratio_32,-0.0003054855899955021
AL,8,0.1,3,feat_15m_oi_log_change_4,0.00022216443569252805
AL,8,0.1,3,feat_5m_1h_rv,-0.00010085818554173833
AL,8,0.1,3,feat_5m_rv_rate_ratio_1h_4h,0.00020604825115952925
AL,8,0.5,3,feat_15m_ret_1,-3.1267096605254494e-05
AL,8,0.5,3,feat_15m_ret_4,-1.712476579419548e-05
AL,8,0.5,3,feat_15m_ret_8,0.0001507134554705894
AL,8,0.5,3,feat_15m_ret_16,0.0002803154740135477
AL,8,0.5,3,feat_15m_location_32,-0.0005386479569058531
AL,8,0.5,3,feat_time_bars_since_segment_start,-0.00010022429099824854
AL,8,0.5,3,feat_time_after_long_gap,-4.38858478430661e-05
AL,8,0.5,3,feat_15m_volume_ratio_32,-0.0002455959197941836
AL,8,0.5,3,feat_15m_oi_log_change_4,2.1073324883955567e-05
AL,8,0.5,3,feat_5m_1h_rv,4.453236363561276e-05
AL,8,0.5,3,feat_5m_rv_rate_ratio_1h_4h,1.244724185262037e-05
AL,8,0.9,3,feat_15m_ret_1,5.782923464326988e-06
AL,8,0.9,3,feat_15m_ret_4,-0.0002763835974209952
AL,8,0.9,3,feat_15m_ret_8,-0.00022185201068736422
AL,8,0.9,3,feat_15m_ret_16,0.0007379942531171411
AL,8,0.9,3,feat_15m_location_32,-0.0009939613157690919
AL,8,0.9,3,feat_time_bars_since_segment_start,7.501801352066044e-05
AL,8,0.9,3,feat_time_after_long_gap,0.0001172190474834418
AL,8,0.9,3,feat_15m_volume_ratio_32,-4.152866777865638e-05
AL,8,0.9,3,feat_15m_oi_log_change_4,1.6435002271243965e-05
AL,8,0.9,3,feat_5m_1h_rv,-7.463368702150795e-05
AL,8,0.9,3,feat_5m_rv_rate_ratio_1h_4h,0.0003035634029943926
AL,8,0.1,4,feat_15m_ret_1,1.7539096687029022e-05
AL,8,0.1,4,feat_15m_ret_4,-0.00011101791624317791
AL,8,0.1,4,feat_15m_ret_8,0.0009445678840595635
AL,8,0.1,4,feat_15m_ret_16,-0.0007833759629917382
AL,8,0.1,4,feat_15m_location_32,0.00013841049283422972
AL,8,0.1,4,feat_time_bars_since_segment_start,-0.0003573034906598743
AL,8,0.1,4,feat_time_after_long_gap,-0.00031105261381329807
AL,8,0.1,4,feat_15m_volume_ratio_32,-0.0005078368278687802
AL,8,0.1,4,feat_15m_oi_log_change_4,0.00022234056030848994
AL,8,0.1,4,feat_5m_1h_rv,-0.0001762336412859628
AL,8,0.1,4,feat_5m_rv_rate_ratio_1h_4h,0.0003107825429039753
AL,8,0.5,4,feat_15m_ret_1,-3.993792879819582e-05
AL,8,0.5,4,feat_15m_ret_4,-6.39879310688094e-05
AL,8,0.5,4,feat_15m_ret_8,-2.860515038235675e-05
AL,8,0.5,4,feat_15m_ret_16,0.00033550222939012197
AL,8,0.5,4,feat_15m_location_32,-0.0003176645257741029
AL,8,0.5,4,feat_time_bars_since_segment_start,-5.1538200997683395e-05
AL,8,0.5,4,feat_time_after_long_gap,-7.588327475046843e-05
AL,8,0.5,4,feat_15m_volume_ratio_32,-0.00018723120947662872
AL,8,0.5,4,feat_15m_oi_log_change_4,3.0306735339084017e-05
AL,8,0.5,4,feat_5m_1h_rv,-5.7191205721718654e-05
AL,8,0.5,4,feat_5m_rv_rate_ratio_1h_4h,6.910267037439466e-05
AL,8,0.9,4,feat_15m_ret_1,5.728704479402708e-05
AL,8,0.9,4,feat_15m_ret_4,-0.00027125457766870325
AL,8,0.9,4,feat_15m_ret_8,-0.00034629700323405405
AL,8,0.9,4,feat_15m_ret_16,0.0006547766308377312
AL,8,0.9,4,feat_15m_location_32,-0.0006898475578006944
AL,8,0.9,4,feat_time_bars_since_segment_start,0.0002202456748894409
AL,8,0.9,4,feat_time_after_long_gap,0.00012825686247789147
AL,8,0.9,4,feat_15m_volume_ratio_32,-4.6352213953069135e-05
AL,8,0.9,4,feat_15m_oi_log_change_4,-6.597100957532359e-05
AL,8,0.9,4,feat_5m_1h_rv,9.494791803604615e-05
AL,8,0.9,4,feat_5m_rv_rate_ratio_1h_4h,0.00015751065491510484
AL,16,0.1,0,feat_15m_ret_1,0.000134701109955834
AL,16,0.1,0,feat_15m_ret_4,0.0003724159309589886
AL,16,0.1,0,feat_15m_ret_8,0.00035904009009141017
AL,16,0.1,0,feat_15m_ret_16,-0.0016548391649817364
AL,16,0.1,0,feat_15m_location_32,-0.0002453096578539992
AL,16,0.1,0,feat_time_bars_since_segment_start,-0.00018663747212422627
AL,16,0.1,0,feat_time_after_long_gap,0.00012980737763579765
AL,16,0.1,0,feat_15m_volume_ratio_32,0.0004702382100798918
AL,16,0.1,0,feat_15m_oi_log_change_4,0.0004895012538420539
AL,16,0.1,0,feat_5m_1h_rv,0.00011192137260461479
AL,16,0.1,0,feat_5m_rv_rate_ratio_1h_4h,-4.1115047750226186e-05
AL,16,0.5,0,feat_15m_ret_1,-0.00012084566719951742
AL,16,0.5,0,feat_15m_ret_4,0.0002451938073625205
AL,16,0.5,0,feat_15m_ret_8,-8.360053953104153e-05
AL,16,0.5,0,feat_15m_ret_16,-8.63355917831408e-05
AL,16,0.5,0,feat_15m_location_32,-0.0010853526767851485
AL,16,0.5,0,feat_time_bars_since_segment_start,-0.0001850010013556918
AL,16,0.5,0,feat_time_after_long_gap,0.0002248935844399335
AL,16,0.5,0,feat_15m_volume_ratio_32,0.00015819405357986026
AL,16,0.5,0,feat_15m_oi_log_change_4,0.0003784553072885328
AL,16,0.5,0,feat_5m_1h_rv,-0.0007296428840016471
AL,16,0.5,0,feat_5m_rv_rate_ratio_1h_4h,0.0008783336738984427
AL,16,0.9,0,feat_15m_ret_1,-8.458628644405101e-05
AL,16,0.9,0,feat_15m_ret_4,-0.00047647247048244475
AL,16,0.9,0,feat_15m_ret_8,-0.00027847133258636727
AL,16,0.9,0,feat_15m_ret_16,0.0017843909069400318
AL,16,0.9,0,feat_15m_location_32,-0.0009054199746026237
AL,16,0.9,0,feat_time_bars_since_segment_start,-0.0003396105916876617
AL,16,0.9,0,feat_time_after_long_gap,0.0004567234203046536
AL,16,0.9,0,feat_15m_volume_ratio_32,-1.6391592786174066e-05
AL,16,0.9,0,feat_15m_oi_log_change_4,0.0010729082199204658
AL,16,0.9,0,feat_5m_1h_rv,-0.0019131285653205788
AL,16,0.9,0,feat_5m_rv_rate_ratio_1h_4h,0.0032344461197643163
AL,16,0.1,1,feat_15m_ret_1,0.0003326322472728386
AL,16,0.1,1,feat_15m_ret_4,0.0002039846107905693
AL,16,0.1,1,feat_15m_ret_8,0.0005262109430100525
AL,16,0.1,1,feat_15m_ret_16,-9.35314406916882e-05
AL,16,0.1,1,feat_15m_location_32,-0.001756901906589133
AL,16,0.1,1,feat_time_bars_since_segment_start,0.000457838002670348
AL,16,0.1,1,feat_time_after_long_gap,-0.0004129376845398963
AL,16,0.1,1,feat_15m_volume_ratio_32,0.0006604046121325005
AL,16,0.1,1,feat_15m_oi_log_change_4,0.00041452501177140146
AL,16,0.1,1,feat_5m_1h_rv,0.0007431013095014459
AL,16,0.1,1,feat_5m_rv_rate_ratio_1h_4h,-0.0011264858070670976
AL,16,0.5,1,feat_15m_ret_1,7.82865854664004e-05
AL,16,0.5,1,feat_15m_ret_4,6.108740355546217e-05
AL,16,0.5,1,feat_15m_ret_8,0.000389051039305578
AL,16,0.5,1,feat_15m_ret_16,7.387710697205735e-05
AL,16,0.5,1,feat_15m_location_32,-0.0011666784184789928
AL,16,0.5,1,feat_time_bars_since_segment_start,-0.00010283599998088007
AL,16,0.5,1,feat_time_after_long_gap,8.562594443703648e-05
AL,16,0.5,1,feat_15m_volume_ratio_32,8.637176077054594e-06
AL,16,0.5,1,feat_15m_oi_log_change_4,0.0003204896705901471
AL,16,0.5,1,feat_5m_1h_rv,-0.00015172863573714197
AL,16,0.5,1,feat_5m_rv_rate_ratio_1h_4h,0.0003405524450232473
AL,16,0.9,1,feat_15m_ret_1,0.0001341967453600021
AL,16,0.9,1,feat_15m_ret_4,-0.000335872215961064
AL,16,0.9,1,feat_15m_ret_8,-0.00014596824133366685
AL,16,0.9,1,feat_15m_ret_16,0.0011980782598800235
AL,16,0.9,1,feat_15m_location_32,-0.0003925979934875468
AL,16,0.9,1,feat_time_bars_since_segment_start,7.011186858067052e-05
AL,16,0.9,1,feat_time_after_long_gap,0.0002721471000613068
AL,16,0.9,1,feat_15m_volume_ratio_32,-1.7715868349617525e-05
AL,16,0.9,1,feat_15m_oi_log_change_4,0.0003883792439524715
AL,16,0.9,1,feat_5m_1h_rv,-0.001263928195016217
AL,16,0.9,1,feat_5m_rv_rate_ratio_1h_4h,0.0025280867140672833
AL,16,0.1,2,feat_15m_ret_1,0.00035692315640926427
AL,16,0.1,2,feat_15m_ret_4,5.888579878336576e-05
AL,16,0.1,2,feat_15m_ret_8,0.0011086219044081698
AL,16,0.1,2,feat_15m_ret_16,-0.0010842219685813512
AL,16,0.1,2,feat_15m_location_32,-0.000685023580127135
AL,16,0.1,2,feat_time_bars_since_segment_start,0.0005409335634336132
AL,16,0.1,2,feat_time_after_long_gap,-0.0007046767990365376
AL,16,0.1,2,feat_15m_volume_ratio_32,0.0005454087540287548
AL,16,0.1,2,feat_15m_oi_log_change_4,0.00035796405986088405
AL,16,0.1,2,feat_5m_1h_rv,0.00043528012490167355
AL,16,0.1,2,feat_5m_rv_rate_ratio_1h_4h,-0.0007245192569489378
AL,16,0.5,2,feat_15m_ret_1,-0.00010170417166524719
AL,16,0.5,2,feat_15m_ret_4,0.0002742185724807369
AL,16,0.5,2,feat_15m_ret_8,0.0004667294431023861
AL,16,0.5,2,feat_15m_ret_16,-0.00012511199161725696
AL,16,0.5,2,feat_15m_location_32,-0.0009299548659348777
AL,16,0.5,2,feat_time_bars_since_segment_start,-0.00029330232065953506
AL,16,0.5,2,feat_time_after_long_gap,1.6813478805667996e-05
AL,16,0.5,2,feat_15m_volume_ratio_32,-0.0002218903682532635
AL,16,0.5,2,feat_15m_oi_log_change_4,0.0002938278364905257
AL,16,0.5,2,feat_5m_1h_rv,-0.00022288578390473348
AL,16,0.5,2,feat_5m_rv_rate_ratio_1h_4h,0.0003083198625118418
AL,16,0.9,2,feat_15m_ret_1,2.1230758032393527e-05
AL,16,0.9,2,feat_15m_ret_4,-0.0001460416019398197
AL,16,0.9,2,feat_15m_ret_8,0.00016585720700432747
AL,16,0.9,2,feat_15m_ret_16,0.0006517186962927625
AL,16,0.9,2,feat_15m_location_32,-0.00028163204760059434
AL,16,0.9,2,feat_time_bars_since_segment_start,7.19198182825188e-05
AL,16,0.9,2,feat_time_after_long_gap,0.0002488746192016748
AL,16,0.9,2,feat_15m_volume_ratio_32,-4.992643675739391e-05
AL,16,0.9,2,feat_15m_oi_log_change_4,0.0003656475227278829
AL,16,0.9,2,feat_5m_1h_rv,-0.0010380339214773142
AL,16,0.9,2,feat_5m_rv_rate_ratio_1h_4h,0.0016538519836974024
AL,16,0.1,3,feat_15m_ret_1,0.000415278944665184
AL,16,0.1,3,feat_15m_ret_4,0.0003135064736708111
AL,16,0.1,3,feat_15m_ret_8,0.000795654767809487
AL,16,0.1,3,feat_15m_ret_16,-0.0008977226961564657
AL,16,0.1,3,feat_15m_location_32,-0.0008057981680095206
AL,16,0.1,3,feat_time_bars_since_segment_start,0.0002509067326252543
AL,16,0.1,3,feat_time_after_long_gap,-0.0007855199417398081
AL,16,0.1,3,feat_15m_volume_ratio_32,0.00020880476142615286
AL,16,0.1,3,feat_15m_oi_log_change_4,0.0003445760180152261
AL,16,0.1,3,feat_5m_1h_rv,2.2770338597024707e-05
AL,16,0.1,3,feat_5m_rv_rate_ratio_1h_4h,-0.00044504283024386984
AL,16,0.5,3,feat_15m_ret_1,-0.00011516568148171511
AL,16,0.5,3,feat_15m_ret_4,0.0002421124526764652
AL,16,0.5,3,feat_15m_ret_8,0.00043035177393233834
AL,16,0.5,3,feat_15m_ret_16,-6.069953180710887e-05
AL,16,0.5,3,feat_15m_location_32,-0.0008912902910662438
AL,16,0.5,3,feat_time_bars_since_segment_start,-0.00034994468287134295
AL,16,0.5,3,feat_time_after_long_gap,6.517482826299477e-05
AL,16,0.5,3,feat_15m_volume_ratio_32,-0.00023161158509531495
AL,16,0.5,3,feat_15m_oi_log_change_4,0.000307218922842048
AL,16,0.5,3,feat_5m_1h_rv,-0.00019024780352006366
AL,16,0.5,3,feat_5m_rv_rate_ratio_1h_4h,0.0001888644296200371
AL,16,0.9,3,feat_15m_ret_1,-0.00013292081594799764
AL,16,0.9,3,feat_15m_ret_4,-0.0004231898048309837
AL,16,0.9,3,feat_15m_ret_8,-3.293707280770346e-06
AL,16,0.9,3,feat_15m_ret_16,0.0005806927482357328
AL,16,0.9,3,feat_15m_location_32,-0.00017245969317438578
AL,16,0.9,3,feat_time_bars_since_segment_start,0.0003637556217541259
AL,16,0.9,3,feat_time_after_long_gap,9.364877093997227e-05
AL,16,0.9,3,feat_15m_volume_ratio_32,0.0001063570492892422
AL,16,0.9,3,feat_15m_oi_log_change_4,0.0003479719432748899
AL,16,0.9,3,feat_5m_1h_rv,-0.00027017113186392677
AL,16,0.9,3,feat_5m_rv_rate_ratio_1h_4h,0.0007069745230917137
AL,16,0.1,4,feat_15m_ret_1,0.0002906127444522749
AL,16,0.1,4,feat_15m_ret_4,0.00042879419604632216
AL,16,0.1,4,feat_15m_ret_8,0.0002547956623618379
AL,16,0.1,4,feat_15m_ret_16,-0.0008951197248756188
AL,16,0.1,4,feat_15m_location_32,-0.0003237502634312725
AL,16,0.1,4,feat_time_bars_since_segment_start,4.092737831191651e-05
AL,16,0.1,4,feat_time_after_long_gap,-0.000384915816440571
AL,16,0.1,4,feat_15m_volume_ratio_32,2.0640744757707798e-05
AL,16,0.1,4,feat_15m_oi_log_change_4,0.00029531917683100995
AL,16,0.1,4,feat_5m_1h_rv,-6.232408504024504e-05
AL,16,0.1,4,feat_5m_rv_rate_ratio_1h_4h,-0.0004747340289753565
AL,16,0.5,4,feat_15m_ret_1,-0.0001767859935930142
AL,16,0.5,4,feat_15m_ret_4,0.00016706159448154855
AL,16,0.5,4,feat_15m_ret_8,0.0002892030768801824
AL,16,0.5,4,feat_15m_ret_16,-0.00014636810076398073
AL,16,0.5,4,feat_15m_location_32,-0.00039213987977398306
AL,16,0.5,4,feat_time_bars_since_segment_start,-0.0004960951395351363
AL,16,0.5,4,feat_time_after_long_gap,5.8111518042588854e-05
AL,16,0.5,4,feat_15m_volume_ratio_32,-0.00021204109044868852
AL,16,0.5,4,feat_15m_oi_log_change_4,0.0002612523142483676
AL,16,0.5,4,feat_5m_1h_rv,-0.0002159253887280863
AL,16,0.5,4,feat_5m_rv_rate_ratio_1h_4h,3.89268452068836e-05
AL,16,0.9,4,feat_15m_ret_1,-0.00010648008499754048
AL,16,0.9,4,feat_15m_ret_4,-0.0004727778437364223
AL,16,0.9,4,feat_15m_ret_8,-3.187919317783973e-06
AL,16,0.9,4,feat_15m_ret_16,0.00046785333817995903
AL,16,0.9,4,feat_15m_location_32,-1.0141599485371851e-05
AL,16,0.9,4,feat_time_bars_since_segment_start,0.00027051060216764724
AL,16,0.9,4,feat_time_after_long_gap,6.521934353850266e-05
AL,16,0.9,4,feat_15m_volume_ratio_32,8.3808519062094e-05
AL,16,0.9,4,feat_15m_oi_log_change_4,9.055521801239067e-05
AL,16,0.9,4,feat_5m_1h_rv,-8.345640789701155e-05
AL,16,0.9,4,feat_5m_rv_rate_ratio_1h_4h,0.00043307436824533525
SN,4,0.1,0,feat_15m_ret_1,0.0003401748603790894
SN,4,0.1,0,feat_15m_ret_4,-0.00014166781876524706
SN,4,0.1,0,feat_15m_ret_8,0.0003328350634298455
SN,4,0.1,0,feat_15m_ret_16,0.00227477540488108
SN,4,0.1,0,feat_15m_location_32,-0.002866104017795617
SN,4,0.1,0,feat_time_bars_since_segment_start,-0.0008062665383248986
SN,4,0.1,0,feat_time_after_long_gap,3.3119878792087425e-05
SN,4,0.1,0,feat_15m_volume_ratio_32,-0.00021230906711144378
SN,4,0.1,0,feat_15m_oi_log_change_4,0.0009493801423330133
SN,4,0.1,0,feat_5m_1h_rv,0.0004802001850091921
SN,4,0.1,0,feat_5m_rv_rate_ratio_1h_4h,-0.0007107051634277133
SN,4,0.5,0,feat_15m_ret_1,0.000312387291710483
SN,4,0.5,0,feat_15m_ret_4,-0.000406061788028555
SN,4,0.5,0,feat_15m_ret_8,0.0005161148978741388
SN,4,0.5,0,feat_15m_ret_16,0.00158771666151422
SN,4,0.5,0,feat_15m_location_32,-0.00198824873962773
SN,4,0.5,0,feat_time_bars_since_segment_start,-0.000393262195834099
SN,4,0.5,0,feat_time_after_long_gap,-0.00022819826376763676
SN,4,0.5,0,feat_15m_volume_ratio_32,-0.0003765172180679297
SN,4,0.5,0,feat_15m_oi_log_change_4,0.00041768545843733036
SN,4,0.5,0,feat_5m_1h_rv,0.0001445467816521369
SN,4,0.5,0,feat_5m_rv_rate_ratio_1h_4h,-0.0005822084768785013
SN,4,0.9,0,feat_15m_ret_1,2.7019782991538803e-05
SN,4,0.9,0,feat_15m_ret_4,0.0015759324381606305
SN,4,0.9,0,feat_15m_ret_8,0.00043937493235365026
SN,4,0.9,0,feat_15m_ret_16,0.0011574290484209734
SN,4,0.9,0,feat_15m_location_32,-0.0027772321597661796
SN,4,0.9,0,feat_time_bars_since_segment_start,-0.000395936849981394
SN,4,0.9,0,feat_time_after_long_gap,0.00025631965972646874
SN,4,0.9,0,feat_15m_volume_ratio_32,-5.9053384029177624e-05
SN,4,0.9,0,feat_15m_oi_log_change_4,-0.00023573479048061201
SN,4,0.9,0,feat_5m_1h_rv,0.0017334442836441563
SN,4,0.9,0,feat_5m_rv_rate_ratio_1h_4h,-0.0009916654700247972
SN,4,0.1,1,feat_15m_ret_1,0.0005779245619524465
SN,4,0.1,1,feat_15m_ret_4,0.00015467446594032491
SN,4,0.1,1,feat_15m_ret_8,-0.00043565328400340357
SN,4,0.1,1,feat_15m_ret_16,0.0016401021447167157
SN,4,0.1,1,feat_15m_location_32,-0.0014368802937540959
SN,4,0.1,1,feat_time_bars_since_segment_start,0.00026040932688127164
SN,4,0.1,1,feat_time_after_long_gap,-0.000604146117160676
SN,4,0.1,1,feat_15m_volume_ratio_32,-2.81583830947022e-05
SN,4,0.1,1,feat_15m_oi_log_change_4,0.0006135895365559058
SN,4,0.1,1,feat_5m_1h_rv,-0.0005132979303886522
SN,4,0.1,1,feat_5m_rv_rate_ratio_1h_4h,0.00019146458905910365
SN,4,0.5,1,feat_15m_ret_1,0.00026612347946498497
SN,4,0.5,1,feat_15m_ret_4,-0.0005145699793832318
SN,4,0.5,1,feat_15m_ret_8,0.0005599388442586097
SN,4,0.5,1,feat_15m_ret_16,0.0012359072976061618
SN,4,0.5,1,feat_15m_location_32,-0.0014540414432351572
SN,4,0.5,1,feat_time_bars_since_segment_start,-0.0003310479607059241
SN,4,0.5,1,feat_time_after_long_gap,-0.0004209139782734895
SN,4,0.5,1,feat_15m_volume_ratio_32,-0.000386639909230302
SN,4,0.5,1,feat_15m_oi_log_change_4,0.000380360740814489
SN,4,0.5,1,feat_5m_1h_rv,9.472592775367504e-05
SN,4,0.5,1,feat_5m_rv_rate_ratio_1h_4h,-0.0003289887616325026
SN,4,0.9,1,feat_15m_ret_1,-1.5472209477078235e-05
SN,4,0.9,1,feat_15m_ret_4,0.00035528076184534725
SN,4,0.9,1,feat_15m_ret_8,0.001335891006357609
SN,4,0.9,1,feat_15m_ret_16,0.00044215073185760836
SN,4,0.9,1,feat_15m_location_32,-0.001803358891627984
SN,4,0.9,1,feat_time_bars_since_segment_start,-0.00023525202858658086
SN,4,0.9,1,feat_time_after_long_gap,0.0004006488750335634
SN,4,0.9,1,feat_15m_volume_ratio_32,-3.854042960928566e-05
SN,4,0.9,1,feat_15m_oi_log_change_4,-0.0002476665704441267
SN,4,0.9,1,feat_5m_1h_rv,0.0014681450492546463
SN,4,0.9,1,feat_5m_rv_rate_ratio_1h_4h,-0.0013063118049042404
SN,4,0.1,2,feat_15m_ret_1,0.0003214356811210542
SN,4,0.1,2,feat_15m_ret_4,0.0002393397651132868
SN,4,0.1,2,feat_15m_ret_8,0.00010541128803260196
SN,4,0.1,2,feat_15m_ret_16,0.0010511632065704833
SN,4,0.1,2,feat_15m_location_32,-0.0011689861298475857
SN,4,0.1,2,feat_time_bars_since_segment_start,-6.265721263271468e-05
SN,4,0.1,2,feat_time_after_long_gap,-0.0005149544539908779
SN,4,0.1,2,feat_15m_volume_ratio_32,0.00034512985300677433
SN,4,0.1,2,feat_15m_oi_log_change_4,0.000486698293610265
SN,4,0.1,2,feat_5m_1h_rv,-0.001016444981616979
SN,4,0.1,2,feat_5m_rv_rate_ratio_1h_4h,-0.00013136636133603163
SN,4,0.5,2,feat_15m_ret_1,0.00011342377486770703
SN,4,0.5,2,feat_15m_ret_4,-0.0002163873616930138
SN,4,0.5,2,feat_15m_ret_8,0.0002686389775891918
SN,4,0.5,2,feat_15m_ret_16,0.0012700038086772081
SN,4,0.5,2,feat_15m_location_32,-0.001235350277308441
SN,4,0.5,2,feat_time_bars_since_segment_start,-0.0003142612719593659
SN,4,0.5,2,feat_time_after_long_gap,-0.000432124275170198
SN,4,0.5,2,feat_15m_volume_ratio_32,-0.00047087143138067054
SN,4,0.5,2,feat_15m_oi_log_change_4,0.0002685955907361484
SN,4,0.5,2,feat_5m_1h_rv,2.543834512747841e-05
SN,4,0.5,2,feat_5m_rv_rate_ratio_1h_4h,-0.0002792674082578662
SN,4,0.9,2,feat_15m_ret_1,0.0005956049827080392
SN,4,0.9,2,feat_15m_ret_4,0.0002130185371424186
SN,4,0.9,2,feat_15m_ret_8,0.0003469756132082467
SN,4,0.9,2,feat_15m_ret_16,0.0011927998880231928
SN,4,0.9,2,feat_15m_location_32,-0.002043178620449329
SN,4,0.9,2,feat_time_bars_since_segment_start,-0.0005613839192132259
SN,4,0.9,2,feat_time_after_long_gap,0.0002968131285451826
SN,4,0.9,2,feat_15m_volume_ratio_32,-0.00029551401960596136
SN,4,0.9,2,feat_15m_oi_log_change_4,-0.00020422645340755958
SN,4,0.9,2,feat_5m_1h_rv,0.001486137715863933
SN,4,0.9,2,feat_5m_rv_rate_ratio_1h_4h,-0.0014562644571814432
SN,4,0.1,3,feat_15m_ret_1,0.00018202795522067962
SN,4,0.1,3,feat_15m_ret_4,4.134331131423318e-05
SN,4,0.1,3,feat_15m_ret_8,0.00011355165525833095
SN,4,0.1,3,feat_15m_ret_16,0.0013163151092701422
SN,4,0.1,3,feat_15m_location_32,-0.0015323619674022018
SN,4,0.1,3,feat_time_bars_since_segment_start,0.00016318581674996623
SN,4,0.1,3,feat_time_after_long_gap,-0.0004862247312642149
SN,4,0.1,3,feat_15m_volume_ratio_32,0.00034236119973743163
SN,4,0.1,3,feat_15m_oi_log_change_4,0.00045516924592781073
SN,4,0.1,3,feat_5m_1h_rv,-0.001199033652345982
SN,4,0.1,3,feat_5m_rv_rate_ratio_1h_4h,6.0195937883602475e-05
SN,4,0.5,3,feat_15m_ret_1,0.00011211547231113293
SN,4,0.5,3,feat_15m_ret_4,-0.00019640546928869748
SN,4,0.5,3,feat_15m_ret_8,0.00026069663735835656
SN,4,0.5,3,feat_15m_ret_16,0.001074867462859094
SN,4,0.5,3,feat_15m_location_32,-0.0011619855041335248
SN,4,0.5,3,feat_time_bars_since_segment_start,-0.0002443722367484945
SN,4,0.5,3,feat_time_after_long_gap,-0.00034638416973204036
SN,4,0.5,3,feat_15m_volume_ratio_32,-0.0003685124449218834
SN,4,0.5,3,feat_15m_oi_log_change_4,0.00020772347278644982
SN,4,0.5,3,feat_5m_1h_rv,3.915936420576777e-05
SN,4,0.5,3,feat_5m_rv_rate_ratio_1h_4h,-0.00027838672323406426
SN,4,0.9,3,feat_15m_ret_1,0.0004172241714712782
SN,4,0.9,3,feat_15m_ret_4,0.0005276604550689432
SN,4,0.9,3,feat_15m_ret_8,0.0005973705623762571
SN,4,0.9,3,feat_15m_ret_16,0.0009567892396731483
SN,4,0.9,3,feat_15m_location_32,-0.0020428559053908297
SN,4,0.9,3,feat_time_bars_since_segment_start,-0.0008545608786243899
SN,4,0.9,3,feat_time_after_long_gap,0.00014126692201367775
SN,4,0.9,3,feat_15m_volume_ratio_32,-0.0005747602800720964
SN,4,0.9,3,feat_15m_oi_log_change_4,-0.0001940300938100628
SN,4,0.9,3,feat_5m_1h_rv,0.001510510236443341
SN,4,0.9,3,feat_5m_rv_rate_ratio_1h_4h,-0.001234666227847934
SN,4,0.1,4,feat_15m_ret_1,0.00023859990421107893
SN,4,0.1,4,feat_15m_ret_4,0.0002605297022565654
SN,4,0.1,4,feat_15m_ret_8,-0.0002411120739259637
SN,4,0.1,4,feat_15m_ret_16,0.0012459806593055696
SN,4,0.1,4,feat_15m_location_32,-0.0013289036938279677
SN,4,0.1,4,feat_time_bars_since_segment_start,9.639065626599629e-05
SN,4,0.1,4,feat_time_after_long_gap,-0.0007629400975814439
SN,4,0.1,4,feat_15m_volume_ratio_32,0.00022556114169600152
SN,4,0.1,4,feat_15m_oi_log_change_4,0.00042561008187460013
SN,4,0.1,4,feat_5m_1h_rv,-0.0018144999505967227
SN,4,0.1,4,feat_5m_rv_rate_ratio_1h_4h,0.00039944434143546057
SN,4,0.5,4,feat_15m_ret_1,4.686295717705109e-05
SN,4,0.5,4,feat_15m_ret_4,-0.00019032193066005878
SN,4,0.5,4,feat_15m_ret_8,0.00035153421614680106
SN,4,0.5,4,feat_15m_ret_16,0.0007061194931644627
SN,4,0.5,4,feat_15m_location_32,-0.0008928242814815627
SN,4,0.5,4,feat_time_bars_since_segment_start,-0.00020802808657598357
SN,4,0.5,4,feat_time_after_long_gap,-0.00033347388843463417
SN,4,0.5,4,feat_15m_volume_ratio_32,-0.00031062149837612126
SN,4,0.5,4,feat_15m_oi_log_change_4,0.0002946356905980902
SN,4,0.5,4,feat_5m_1h_rv,-1.014039552071477e-05
SN,4,0.5,4,feat_5m_rv_rate_ratio_1h_4h,-0.00014392198839372072
SN,4,0.9,4,feat_15m_ret_1,0.0004395361394382478
SN,4,0.9,4,feat_15m_ret_4,0.0003788242358341592
SN,4,0.9,4,feat_15m_ret_8,0.0006267461119947195
SN,4,0.9,4,feat_15m_ret_16,0.0008650274201524922
SN,4,0.9,4,feat_15m_location_32,-0.0020747006794578906
SN,4,0.9,4,feat_time_bars_since_segment_start,-0.0006866468772020688
SN,4,0.9,4,feat_time_after_long_gap,0.000322668359699148
SN,4,0.9,4,feat_15m_volume_ratio_32,-0.0007516895323893901
SN,4,0.9,4,feat_15m_oi_log_change_4,-0.00013036006396943567
SN,4,0.9,4,feat_5m_1h_rv,0.0017961194055396352
SN,4,0.9,4,feat_5m_rv_rate_ratio_1h_4h,-0.0012377235750375172
SN,8,0.1,0,feat_15m_ret_1,9.81718332515686e-05
SN,8,0.1,0,feat_15m_ret_4,0.0001233879314538
SN,8,0.1,0,feat_15m_ret_8,0.0009984342887230145
SN,8,0.1,0,feat_15m_ret_16,0.0019691398792427515
SN,8,0.1,0,feat_15m_location_32,-0.004101727968091412
SN,8,0.1,0,feat_time_bars_since_segment_start,-0.00276499591091613
SN,8,0.1,0,feat_time_after_long_gap,0.00014654784428157967
SN,8,0.1,0,feat_15m_volume_ratio_32,-0.0008294385433949939
SN,8,0.1,0,feat_15m_oi_log_change_4,0.0010405380098494903
SN,8,0.1,0,feat_5m_1h_rv,0.0008090026105987786
SN,8,0.1,0,feat_5m_rv_rate_ratio_1h_4h,-0.0011402766118634219
SN,8,0.5,0,feat_15m_ret_1,-0.000482990310139017
SN,8,0.5,0,feat_15m_ret_4,0.0004978423243700497
SN,8,0.5,0,feat_15m_ret_8,0.0004436867443514525
SN,8,0.5,0,feat_15m_ret_16,0.00307982787233912
SN,8,0.5,0,feat_15m_location_32,-0.004152050503645325
SN,8,0.5,0,feat_time_bars_since_segment_start,-0.0015725049195028564
SN,8,0.5,0,feat_time_after_long_gap,0.0005136242392527223
SN,8,0.5,0,feat_15m_volume_ratio_32,-0.0001554007721411228
SN,8,0.5,0,feat_15m_oi_log_change_4,0.0005064627545249695
SN,8,0.5,0,feat_5m_1h_rv,0.00031587493565158925
SN,8,0.5,0,feat_5m_rv_rate_ratio_1h_4h,-0.0013699800998016594
SN,8,0.9,0,feat_15m_ret_1,0.0007441997045972765
SN,8,0.9,0,feat_15m_ret_4,0.002075011653268331
SN,8,0.9,0,feat_15m_ret_8,0.0007770059520635233
SN,8,0.9,0,feat_15m_ret_16,0.0029388923037021956
SN,8,0.9,0,feat_15m_location_32,-0.005359126260185395
SN,8,0.9,0,feat_time_bars_since_segment_start,-0.002090603199720588
SN,8,0.9,0,feat_time_after_long_gap,-0.00032057680657158636
SN,8,0.9,0,feat_15m_volume_ratio_32,-0.0007914968976652288
SN,8,0.9,0,feat_15m_oi_log_change_4,0.00014118821148034308
SN,8,0.9,0,feat_5m_1h_rv,0.004202829630198047
SN,8,0.9,0,feat_5m_rv_rate_ratio_1h_4h,-0.0024981972672997754
SN,8,0.1,1,feat_15m_ret_1,1.5432635114231925e-05
SN,8,0.1,1,feat_15m_ret_4,3.5506317673988015e-05
SN,8,0.1,1,feat_15m_ret_8,0.0005876182973010222
SN,8,0.1,1,feat_15m_ret_16,0.0017530072220377734
SN,8,0.1,1,feat_15m_location_32,-0.0024901987333618048
SN,8,0.1,1,feat_time_bars_since_segment_start,-0.0013969288636237725
SN,8,0.1,1,feat_time_after_long_gap,-0.00043479909763170245
SN,8,0.1,1,feat_15m_volume_ratio_32,-7.586428129146902e-05
SN,8,0.1,1,feat_15m_oi_log_change_4,0.0006440080667650442
SN,8,0.1,1,feat_5m_1h_rv,0.0006416046587108567
SN,8,0.1,1,feat_5m_rv_rate_ratio_1h_4h,-0.0012504272066499258
SN,8,0.5,1,feat_15m_ret_1,-0.00027787184518619513
SN,8,0.5,1,feat_15m_ret_4,0.00019118512021563708
SN,8,0.5,1,feat_15m_ret_8,0.0004651096222870179
SN,8,0.5,1,feat_15m_ret_16,0.0030427667376416827
SN,8,0.5,1,feat_15m_location_32,-0.0031247883104281843
SN,8,0.5,1,feat_time_bars_since_segment_start,-0.0012147111342126165
SN,8,0.5,1,feat_time_after_long_gap,0.0002426549167211185
SN,8,0.5,1,feat_15m_volume_ratio_32,-0.00028863044426111114
SN,8,0.5,1,feat_15m_oi_log_change_4,0.0001355275703422323
SN,8,0.5,1,feat_5m_1h_rv,0.00010224548263131695
SN,8,0.5,1,feat_5m_rv_rate_ratio_1h_4h,-0.0003461523270093097
SN,8,0.9,1,feat_15m_ret_1,-0.000541568879077404
SN,8,0.9,1,feat_15m_ret_4,0.0018633117291078961
SN,8,0.9,1,feat_15m_ret_8,0.0004562483065851105
SN,8,0.9,1,feat_15m_ret_16,0.0018706571772439745
SN,8,0.9,1,feat_15m_location_32,-0.0029830578929017034
SN,8,0.9,1,feat_time_bars_since_segment_start,-0.0015975684438921237
SN,8,0.9,1,feat_time_after_long_gap,0.00024969998214089014
SN,8,0.9,1,feat_15m_volume_ratio_32,-0.0010478675486783248
SN,8,0.9,1,feat_15m_oi_log_change_4,-0.00039795074018283364
SN,8,0.9,1,feat_5m_1h_rv,0.0030830065946626196
SN,8,0.9,1,feat_5m_rv_rate_ratio_1h_4h,-0.002447008140707525
SN,8,0.1,2,feat_15m_ret_1,0.0002916144996589896
SN,8,0.1,2,feat_15m_ret_4,-1.4208884854818305e-05
SN,8,0.1,2,feat_15m_ret_8,0.0004775883777331277
SN,8,0.1,2,feat_15m_ret_16,0.0015555480441823875
SN,8,0.1,2,feat_15m_location_32,-0.002321316563189122
SN,8,0.1,2,feat_time_bars_since_segment_start,-0.001442940461354298
SN,8,0.1,2,feat_time_after_long_gap,-0.0007200675075535706
SN,8,0.1,2,feat_15m_volume_ratio_32,8.195467967297602e-05
SN,8,0.1,2,feat_15m_oi_log_change_4,0.0006172946309697107
SN,8,0.1,2,feat_5m_1h_rv,-3.8031586070804784e-05
SN,8,0.1,2,feat_5m_rv_rate_ratio_1h_4h,-0.0008979307669567486
SN,8,0.5,2,feat_15m_ret_1,-9.76540868678707e-05
SN,8,0.5,2,feat_15m_ret_4,0.00012240029369034073
SN,8,0.5,2,feat_15m_ret_8,0.0006602066830978648
SN,8,0.5,2,feat_15m_ret_16,0.0023184530054089804
SN,8,0.5,2,feat_15m_location_32,-0.002981269974145637
SN,8,0.5,2,feat_time_bars_since_segment_start,-0.0015946078649314065
SN,8,0.5,2,feat_time_after_long_gap,0.00029221115410267573
SN,8,0.5,2,feat_15m_volume_ratio_32,-0.0004808193535998508
SN,8,0.5,2,feat_15m_oi_log_change_4,0.00012062813793823085
SN,8,0.5,2,feat_5m_1h_rv,0.00024751620436581207
SN,8,0.5,2,feat_5m_rv_rate_ratio_1h_4h,-0.000874078176790058
SN,8,0.9,2,feat_15m_ret_1,-0.00012581796739847913
SN,8,0.9,2,feat_15m_ret_4,0.0013559818280463275
SN,8,0.9,2,feat_15m_ret_8,0.00037346894266386733
SN,8,0.9,2,feat_15m_ret_16,0.0015431214591377334
SN,8,0.9,2,feat_15m_location_32,-0.003129250409475896
SN,8,0.9,2,feat_time_bars_since_segment_start,-0.0017834280656440927
SN,8,0.9,2,feat_time_after_long_gap,5.719405424648984e-05
SN,8,0.9,2,feat_15m_volume_ratio_32,-0.0007041122965348888
SN,8,0.9,2,feat_15m_oi_log_change_4,0.000901463912400771
SN,8,0.9,2,feat_5m_1h_rv,0.0022039751441204976
SN,8,0.9,2,feat_5m_rv_rate_ratio_1h_4h,-0.0025991659212962156
SN,8,0.1,3,feat_15m_ret_1,0.0003245473872283662
SN,8,0.1,3,feat_15m_ret_4,0.00015263942830474357
SN,8,0.1,3,feat_15m_ret_8,9.699741656477556e-05
SN,8,0.1,3,feat_15m_ret_16,0.0022567120968138214
SN,8,0.1,3,feat_15m_location_32,-0.002982638793386531
SN,8,0.1,3,feat_time_bars_since_segment_start,-0.0010742010624805866
SN,8,0.1,3,feat_time_after_long_gap,-0.0003929408998608387
SN,8,0.1,3,feat_15m_volume_ratio_32,-8.256661537593803e-05
SN,8,0.1,3,feat_15m_oi_log_change_4,0.000575155032123262
SN,8,0.1,3,feat_5m_1h_rv,-0.000242529217715925
SN,8,0.1,3,feat_5m_rv_rate_ratio_1h_4h,-0.0005695735174919609
SN,8,0.5,3,feat_15m_ret_1,-0.00010006373051479912
SN,8,0.5,3,feat_15m_ret_4,4.239214168790344e-05
SN,8,0.5,3,feat_15m_ret_8,0.0005841197675260692
SN,8,0.5,3,feat_15m_ret_16,0.0024147018497314584
SN,8,0.5,3,feat_15m_location_32,-0.003047327080520581
SN,8,0.5,3,feat_time_bars_since_segment_start,-0.0012779341350428915
SN,8,0.5,3,feat_time_after_long_gap,0.0002834663145265877
SN,8,0.5,3,feat_15m_volume_ratio_32,-0.00036837154208851556
SN,8,0.5,3,feat_15m_oi_log_change_4,0.00012758672247779337
SN,8,0.5,3,feat_5m_1h_rv,0.00026099251796548104
SN,8,0.5,3,feat_5m_rv_rate_ratio_1h_4h,-0.0008505949555234832
SN,8,0.9,3,feat_15m_ret_1,-8.717687865347864e-05
SN,8,0.9,3,feat_15m_ret_4,0.000826016474929373
SN,8,0.9,3,feat_15m_ret_8,0.0012334020610014185
SN,8,0.9,3,feat_15m_ret_16,0.0013627895307203072
SN,8,0.9,3,feat_15m_location_32,-0.0033555157834744237
SN,8,0.9,3,feat_time_bars_since_segment_start,-0.0021903664980204227
SN,8,0.9,3,feat_time_after_long_gap,0.00010021048638691473
SN,8,0.9,3,feat_15m_volume_ratio_32,-0.0013399492567354053
SN,8,0.9,3,feat_15m_oi_log_change_4,0.0004678292820822149
SN,8,0.9,3,feat_5m_1h_rv,0.001787550592639567
SN,8,0.9,3,feat_5m_rv_rate_ratio_1h_4h,-0.0019608717692691626
SN,8,0.1,4,feat_15m_ret_1,0.0002198943396077355
SN,8,0.1,4,feat_15m_ret_4,-0.00018850913035895942
SN,8,0.1,4,feat_15m_ret_8,-1.6297945894907732e-05
SN,8,0.1,4,feat_15m_ret_16,0.0020418158399385707
SN,8,0.1,4,feat_15m_location_32,-0.002616189285055682
SN,8,0.1,4,feat_time_bars_since_segment_start,-0.0008031364162431486
SN,8,0.1,4,feat_time_after_long_gap,-0.00059741895833566
SN,8,0.1,4,feat_15m_volume_ratio_32,0.0001561287893272403
SN,8,0.1,4,feat_15m_oi_log_change_4,0.0006091705045041676
SN,8,0.1,4,feat_5m_1h_rv,-0.0013324008769514586
SN,8,0.1,4,feat_5m_rv_rate_ratio_1h_4h,-0.0001916060029493824
SN,8,0.5,4,feat_15m_ret_1,-7.01363449222579e-05
SN,8,0.5,4,feat_15m_ret_4,0.00014514575223101148
SN,8,0.5,4,feat_15m_ret_8,0.000611144983543003
SN,8,0.5,4,feat_15m_ret_16,0.001811754541297156
SN,8,0.5,4,feat_15m_location_32,-0.002555318855577171
SN,8,0.5,4,feat_time_bars_since_segment_start,-0.000997938478278464
SN,8,0.5,4,feat_time_after_long_gap,0.00012047326608366249
SN,8,0.5,4,feat_15m_volume_ratio_32,-0.000314987755366038
SN,8,0.5,4,feat_15m_oi_log_change_4,0.0002468824894935781
SN,8,0.5,4,feat_5m_1h_rv,0.0001943168426234224
SN,8,0.5,4,feat_5m_rv_rate_ratio_1h_4h,-0.0006577551510544115
SN,8,0.9,4,feat_15m_ret_1,0.00022587232210359026
SN,8,0.9,4,feat_15m_ret_4,0.0006823807864767117
SN,8,0.9,4,feat_15m_ret_8,0.0008252397952781895
SN,8,0.9,4,feat_15m_ret_16,0.001879851858848119
SN,8,0.9,4,feat_15m_location_32,-0.0035697870190623602
SN,8,0.9,4,feat_time_bars_since_segment_start,-0.0018276384889517596
SN,8,0.9,4,feat_time_after_long_gap,-2.6218146336744834e-05
SN,8,0.9,4,feat_15m_volume_ratio_32,-0.0013033154387898358
SN,8,0.9,4,feat_15m_oi_log_change_4,-0.00035602741600772005
SN,8,0.9,4,feat_5m_1h_rv,0.002893223995672544
SN,8,0.9,4,feat_5m_rv_rate_ratio_1h_4h,-0.0023376843603687644
SN,16,0.1,0,feat_15m_ret_1,0.0003882538769629199
SN,16,0.1,0,feat_15m_ret_4,0.0036423616165271247
SN,16,0.1,0,feat_15m_ret_8,0.0006950842161132952
SN,16,0.1,0,feat_15m_ret_16,0.003363470182696597
SN,16,0.1,0,feat_15m_location_32,-0.006943101233017735
SN,16,0.1,0,feat_time_bars_since_segment_start,-0.0028983196784738902
SN,16,0.1,0,feat_time_after_long_gap,0.0009794617360167437
SN,16,0.1,0,feat_15m_volume_ratio_32,-0.002392173158293377
SN,16,0.1,0,feat_15m_oi_log_change_4,0.0007880206551418387
SN,16,0.1,0,feat_5m_1h_rv,-0.0004802427219908775
SN,16,0.1,0,feat_5m_rv_rate_ratio_1h_4h,0.0008634343718669718
SN,16,0.5,0,feat_15m_ret_1,0.0001247579099442015
SN,16,0.5,0,feat_15m_ret_4,0.002004287257640397
SN,16,0.5,0,feat_15m_ret_8,0.0014103357504551028
SN,16,0.5,0,feat_15m_ret_16,0.002540082817514512
SN,16,0.5,0,feat_15m_location_32,-0.008163252729493689
SN,16,0.5,0,feat_time_bars_since_segment_start,-0.0009348328656888571
SN,16,0.5,0,feat_time_after_long_gap,0.0001308033586310838
SN,16,0.5,0,feat_15m_volume_ratio_32,-0.0005599845194549874
SN,16,0.5,0,feat_15m_oi_log_change_4,7.408057792116342e-05
SN,16,0.5,0,feat_5m_1h_rv,-0.0008181285387567433
SN,16,0.5,0,feat_5m_rv_rate_ratio_1h_4h,0.0006556178955835134
SN,16,0.9,0,feat_15m_ret_1,0.0017479087438833046
SN,16,0.9,0,feat_15m_ret_4,0.0010787360408429589
SN,16,0.9,0,feat_15m_ret_8,0.0022221463420999633
SN,16,0.9,0,feat_15m_ret_16,0.009194962981085191
SN,16,0.9,0,feat_15m_location_32,-0.012086405562378916
SN,16,0.9,0,feat_time_bars_since_segment_start,-0.005337395133603993
SN,16,0.9,0,feat_time_after_long_gap,0.00306410623299075
SN,16,0.9,0,feat_15m_volume_ratio_32,6.619982428351764e-05
SN,16,0.9,0,feat_15m_oi_log_change_4,-0.0011358097052094787
SN,16,0.9,0,feat_5m_1h_rv,-0.002673838293081793
SN,16,0.9,0,feat_5m_rv_rate_ratio_1h_4h,0.002364644408787911
SN,16,0.1,1,feat_15m_ret_1,0.0003689982610225226
SN,16,0.1,1,feat_15m_ret_4,0.0025093356114866423
SN,16,0.1,1,feat_15m_ret_8,0.0006258022872659811
SN,16,0.1,1,feat_15m_ret_16,0.0036176289983656635
SN,16,0.1,1,feat_15m_location_32,-0.003915796449439807
SN,16,0.1,1,feat_time_bars_since_segment_start,-0.0026481027136612354
SN,16,0.1,1,feat_time_after_long_gap,0.0010046687925368296
SN,16,0.1,1,feat_15m_volume_ratio_32,-0.001646655994268753
SN,16,0.1,1,feat_15m_oi_log_change_4,0.00037724152305272825
SN,16,0.1,1,feat_5m_1h_rv,-0.00022138076365849118
SN,16,0.1,1,feat_5m_rv_rate_ratio_1h_4h,0.0011403178767243353
SN,16,0.5,1,feat_15m_ret_1,0.0003244804741708322
SN,16,0.5,1,feat_15m_ret_4,0.0012941450354649932
SN,16,0.5,1,feat_15m_ret_8,0.0008845850354971769
SN,16,0.5,1,feat_15m_ret_16,0.003392253092212651
SN,16,0.5,1,feat_15m_location_32,-0.006381745738068927
SN,16,0.5,1,feat_time_bars_since_segment_start,-0.0009759450561199359
SN,16,0.5,1,feat_time_after_long_gap,0.00013391560058062933
SN,16,0.5,1,feat_15m_volume_ratio_32,-0.0006752121698785092
SN,16,0.5,1,feat_15m_oi_log_change_4,-8.365640682253055e-05
SN,16,0.5,1,feat_5m_1h_rv,-0.0003563853477204146
SN,16,0.5,1,feat_5m_rv_rate_ratio_1h_4h,0.0005732094580065118
SN,16,0.9,1,feat_15m_ret_1,0.00018384997975882445
SN,16,0.9,1,feat_15m_ret_4,0.0001298679318647571
SN,16,0.9,1,feat_15m_ret_8,0.001897228666170773
SN,16,0.9,1,feat_15m_ret_16,0.006469019183023564
SN,16,0.9,1,feat_15m_location_32,-0.007204634896594478
SN,16,0.9,1,feat_time_bars_since_segment_start,-0.003924212886333348
SN,16,0.9,1,feat_time_after_long_gap,0.001990221760261799
SN,16,0.9,1,feat_15m_volume_ratio_32,-0.0003479488964774729
SN,16,0.9,1,feat_15m_oi_log_change_4,-0.0012374323833033404
SN,16,0.9,1,feat_5m_1h_rv,-0.0018649391353414914
SN,16,0.9,1,feat_5m_rv_rate_ratio_1h_4h,0.001462169642914643
SN,16,0.1,2,feat_15m_ret_1,-0.00016614494510380266
SN,16,0.1,2,feat_15m_ret_4,0.0006655222434680872
SN,16,0.1,2,feat_15m_ret_8,-8.340066400309874e-05
SN,16,0.1,2,feat_15m_ret_16,0.0019330862863778829
SN,16,0.1,2,feat_15m_location_32,0.00013452641053779093
SN,16,0.1,2,feat_time_bars_since_segment_start,-0.002022648656285307
SN,16,0.1,2,feat_time_after_long_gap,0.0011008646892901892
SN,16,0.1,2,feat_15m_volume_ratio_32,-0.001202738290993816
SN,16,0.1,2,feat_15m_oi_log_change_4,0.0006515328678858403
SN,16,0.1,2,feat_5m_1h_rv,0.0005262573674238257
SN,16,0.1,2,feat_5m_rv_rate_ratio_1h_4h,0.0013508481286629086
SN,16,0.5,2,feat_15m_ret_1,0.00029086787909848844
SN,16,0.5,2,feat_15m_ret_4,0.000845424912825396
SN,16,0.5,2,feat_15m_ret_8,0.0009350822590880161
SN,16,0.5,2,feat_15m_ret_16,0.0024682527283608887
SN,16,0.5,2,feat_15m_location_32,-0.005153932047186228
SN,16,0.5,2,feat_time_bars_since_segment_start,-0.001379963274751146
SN,16,0.5,2,feat_time_after_long_gap,0.00015410022876935405
SN,16,0.5,2,feat_15m_volume_ratio_32,-0.00065003587865836
SN,16,0.5,2,feat_15m_oi_log_change_4,-0.00014597010260412817
SN,16,0.5,2,feat_5m_1h_rv,-5.505001238304404e-05
SN,16,0.5,2,feat_5m_rv_rate_ratio_1h_4h,-7.107032090784282e-05
SN,16,0.9,2,feat_15m_ret_1,6.890191374656855e-05
SN,16,0.9,2,feat_15m_ret_4,0.0006019570003565967
SN,16,0.9,2,feat_15m_ret_8,-0.000450598748604585
SN,16,0.9,2,feat_15m_ret_16,0.004693763863010299
SN,16,0.9,2,feat_15m_location_32,-0.004396508609506615
SN,16,0.9,2,feat_time_bars_since_segment_start,-0.0029280090180617098
SN,16,0.9,2,feat_time_after_long_gap,0.0015010805907574693
SN,16,0.9,2,feat_15m_volume_ratio_32,-3.344949130529611e-05
SN,16,0.9,2,feat_15m_oi_log_change_4,-0.0012231101581325777
SN,16,0.9,2,feat_5m_1h_rv,-0.0010034203345327787
SN,16,0.9,2,feat_5m_rv_rate_ratio_1h_4h,0.0006807388235362897
SN,16,0.1,3,feat_15m_ret_1,-0.0003315332648094439
SN,16,0.1,3,feat_15m_ret_4,0.0010631278434791076
SN,16,0.1,3,feat_15m_ret_8,0.0007662682090712531
SN,16,0.1,3,feat_15m_ret_16,0.0030357212818994364
SN,16,0.1,3,feat_15m_location_32,-0.0025738869724136206
SN,16,0.1,3,feat_time_bars_since_segment_start,-0.001923394259883716
SN,16,0.1,3,feat_time_after_long_gap,0.0011003000600107319
SN,16,0.1,3,feat_15m_volume_ratio_32,-0.0011953726750394945
SN,16,0.1,3,feat_15m_oi_log_change_4,0.00043206560039399085
SN,16,0.1,3,feat_5m_1h_rv,0.0001894485217470036
SN,16,0.1,3,feat_5m_rv_rate_ratio_1h_4h,0.0010799226539963689
SN,16,0.5,3,feat_15m_ret_1,0.00038616945644642515
SN,16,0.5,3,feat_15m_ret_4,0.000966252260963715
SN,16,0.5,3,feat_15m_ret_8,0.0009242686096928482
SN,16,0.5,3,feat_15m_ret_16,0.002504371112825735
SN,16,0.5,3,feat_15m_location_32,-0.005655532656514346
SN,16,0.5,3,feat_time_bars_since_segment_start,-0.0006464143663850717
SN,16,0.5,3,feat_time_after_long_gap,0.00012494257554998943
SN,16,0.5,3,feat_15m_volume_ratio_32,-0.0005447456951262077
SN,16,0.5,3,feat_15m_oi_log_change_4,-0.00010987163941806475
SN,16,0.5,3,feat_5m_1h_rv,-8.818466729339424e-05
SN,16,0.5,3,feat_5m_rv_rate_ratio_1h_4h,0.00020485943175703572
SN,16,0.9,3,feat_15m_ret_1,0.0003023769275913474
SN,16,0.9,3,feat_15m_ret_4,0.0010762474047322993
SN,16,0.9,3,feat_15m_ret_8,0.0006474830704252862
SN,16,0.9,3,feat_15m_ret_16,0.0037694836674708747
SN,16,0.9,3,feat_15m_location_32,-0.0055764407581744375
SN,16,0.9,3,feat_time_bars_since_segment_start,-0.0027457682931768547
SN,16,0.9,3,feat_time_after_long_gap,0.00142161735787415
SN,16,0.9,3,feat_15m_volume_ratio_32,-0.00023702065318487856
SN,16,0.9,3,feat_15m_oi_log_change_4,-0.0011691780711296058
SN,16,0.9,3,feat_5m_1h_rv,-0.00041258092830569583
SN,16,0.9,3,feat_5m_rv_rate_ratio_1h_4h,0.0007407263488541711
SN,16,0.1,4,feat_15m_ret_1,-0.0002739325606233655
SN,16,0.1,4,feat_15m_ret_4,0.0016453008312178206
SN,16,0.1,4,feat_15m_ret_8,0.0004566102360189364
SN,16,0.1,4,feat_15m_ret_16,0.0034424571579904904
SN,16,0.1,4,feat_15m_location_32,-0.004146808704284845
SN,16,0.1,4,feat_time_bars_since_segment_start,-0.00107688505124545
SN,16,0.1,4,feat_time_after_long_gap,0.0007264441902270661
SN,16,0.1,4,feat_15m_volume_ratio_32,-0.0005928424728946889
SN,16,0.1,4,feat_15m_oi_log_change_4,0.0007598321297120248
SN,16,0.1,4,feat_5m_1h_rv,-0.0020565119848406682
SN,16,0.1,4,feat_5m_rv_rate_ratio_1h_4h,0.0013244923420124202
SN,16,0.5,4,feat_15m_ret_1,0.0003177279277557222
SN,16,0.5,4,feat_15m_ret_4,0.0007391939069927804
SN,16,0.5,4,feat_15m_ret_8,0.0010462321679824307
SN,16,0.5,4,feat_15m_ret_16,0.0018526030888932174
SN,16,0.5,4,feat_15m_location_32,-0.005010997658792852
SN,16,0.5,4,feat_time_bars_since_segment_start,-0.0005432986865156714
SN,16,0.5,4,feat_time_after_long_gap,-3.6983525169734545e-05
SN,16,0.5,4,feat_15m_volume_ratio_32,-0.0004921730082662354
SN,16,0.5,4,feat_15m_oi_log_change_4,-0.00013254544374746144
SN,16,0.5,4,feat_5m_1h_rv,-2.3224875162073036e-05
SN,16,0.5,4,feat_5m_rv_rate_ratio_1h_4h,-2.7025420245902997e-05
SN,16,0.9,4,feat_15m_ret_1,0.0002932039662528531
SN,16,0.9,4,feat_15m_ret_4,0.0005224234163795489
SN,16,0.9,4,feat_15m_ret_8,0.0008675754135852803
SN,16,0.9,4,feat_15m_ret_16,0.0033714338123248403
SN,16,0.9,4,feat_15m_location_32,-0.005601435978224976
SN,16,0.9,4,feat_time_bars_since_segment_start,-0.0023519206552160637
SN,16,0.9,4,feat_time_after_long_gap,0.0013277592506154782
SN,16,0.9,4,feat_15m_volume_ratio_32,-0.0008647755041597757
SN,16,0.9,4,feat_15m_oi_log_change_4,0.00036001431883597636
SN,16,0.9,4,feat_5m_1h_rv,0.0029378897323431557
SN,16,0.9,4,feat_5m_rv_rate_ratio_1h_4h,-0.000805129591217246
I,4,0.1,0,feat_15m_ret_1,0.00024632083906086355
I,4,0.1,0,feat_15m_ret_4,-0.0004979727111947876
I,4,0.1,0,feat_15m_ret_8,0.00064928615678232
I,4,0.1,0,feat_15m_ret_16,0.0006107279180467463
I,4,0.1,0,feat_15m_location_32,-0.00075665115197508
I,4,0.1,0,feat_time_bars_since_segment_start,-0.0012948585255351513
I,4,0.1,0,feat_time_after_long_gap,0.0004981906865233835
I,4,0.1,0,feat_15m_volume_ratio_32,-0.0003398965782781573
I,4,0.1,0,feat_15m_oi_log_change_4,0.0011659125771834172
I,4,0.1,0,feat_5m_1h_rv,-0.0012158455768642217
I,4,0.1,0,feat_5m_rv_rate_ratio_1h_4h,0.000379530472692764
I,4,0.5,0,feat_15m_ret_1,-2.3747133675330114e-06
I,4,0.5,0,feat_15m_ret_4,-0.0002043875669925803
I,4,0.5,0,feat_15m_ret_8,-0.0002335230150175415
I,4,0.5,0,feat_15m_ret_16,0.00014775453274687049
I,4,0.5,0,feat_15m_location_32,-0.00017319897756670454
I,4,0.5,0,feat_time_bars_since_segment_start,0.00038588440103077545
I,4,0.5,0,feat_time_after_long_gap,-0.0002455236049402339
I,4,0.5,0,feat_15m_volume_ratio_32,5.404025916693005e-05
I,4,0.5,0,feat_15m_oi_log_change_4,0.00030983352218745005
I,4,0.5,0,feat_5m_1h_rv,-0.0008533205440006739
I,4,0.5,0,feat_5m_rv_rate_ratio_1h_4h,0.0003034351984912003
I,4,0.9,0,feat_15m_ret_1,-0.00023009432993970928
I,4,0.9,0,feat_15m_ret_4,-0.00022157923951747022
I,4,0.9,0,feat_15m_ret_8,-0.0008940843223034133
I,4,0.9,0,feat_15m_ret_16,7.955786082969919e-05
I,4,0.9,0,feat_15m_location_32,0.00022519916509453956
I,4,0.9,0,feat_time_bars_since_segment_start,0.0014333446150831635
I,4,0.9,0,feat_time_after_long_gap,-0.0008583488461305295
I,4,0.9,0,feat_15m_volume_ratio_32,0.0005089390298247769
I,4,0.9,0,feat_15m_oi_log_change_4,-0.00030777735792259013
I,4,0.9,0,feat_5m_1h_rv,-0.0003671616934547779
I,4,0.9,0,feat_5m_rv_rate_ratio_1h_4h,-0.0005845524667221193
I,4,0.1,1,feat_15m_ret_1,2.784325808040035e-06
I,4,0.1,1,feat_15m_ret_4,-0.0002924702888487986
I,4,0.1,1,feat_15m_ret_8,0.0003307776180944971
I,4,0.1,1,feat_15m_ret_16,0.0005486636831841463
I,4,0.1,1,feat_15m_location_32,-0.00031006996015574154
I,4,0.1,1,feat_time_bars_since_segment_start,-0.0009955830861766604
I,4,0.1,1,feat_time_after_long_gap,0.0004341349344104398
I,4,0.1,1,feat_15m_volume_ratio_32,-0.0005380863140477246
I,4,0.1,1,feat_15m_oi_log_change_4,0.0010463219746947496
I,4,0.1,1,feat_5m_1h_rv,-0.0011657555567130733
I,4,0.1,1,feat_5m_rv_rate_ratio_1h_4h,0.0004937407936851002
I,4,0.5,1,feat_15m_ret_1,-0.0001275087535816054
I,4,0.5,1,feat_15m_ret_4,-0.00017204462752967272
I,4,0.5,1,feat_15m_ret_8,-0.00015305527053419499
I,4,0.5,1,feat_15m_ret_16,0.00013010273449393073
I,4,0.5,1,feat_15m_location_32,-0.0002516690050115949
I,4,0.5,1,feat_time_bars_since_segment_start,0.00022835385286006584
I,4,0.5,1,feat_time_after_long_gap,-0.00013967444136096018
I,4,0.5,1,feat_15m_volume_ratio_32,-0.00017293362937331565
I,4,0.5,1,feat_15m_oi_log_change_4,0.000488329504454184
I,4,0.5,1,feat_5m_1h_rv,-0.0008986289771341294
I,4,0.5,1,feat_5m_rv_rate_ratio_1h_4h,0.0002793474878088858
I,4,0.9,1,feat_15m_ret_1,-0.00032770367188320217
I,4,0.9,1,feat_15m_ret_4,-0.00011172822221822689
I,4,0.9,1,feat_15m_ret_8,-0.0007900911648980361
I,4,0.9,1,feat_15m_ret_16,-0.00012062304520612878
I,4,0.9,1,feat_15m_location_32,0.000379518860852813
I,4,0.9,1,feat_time_bars_since_segment_start,0.0012274603356303892
I,4,0.9,1,feat_time_after_long_gap,-0.0005572083128428071
I,4,0.9,1,feat_15m_volume_ratio_32,0.0007453338439358308
I,4,0.9,1,feat_15m_oi_log_change_4,-9.009382063253136e-05
I,4,0.9,1,feat_5m_1h_rv,-0.0005710907213393966
I,4,0.9,1,feat_5m_rv_rate_ratio_1h_4h,-0.0002981149593313996
I,4,0.1,2,feat_15m_ret_1,2.1567474043217297e-05
I,4,0.1,2,feat_15m_ret_4,-0.000417867258107145
I,4,0.1,2,feat_15m_ret_8,0.00035690118413301327
I,4,0.1,2,feat_15m_ret_16,0.0005238700055106306
I,4,0.1,2,feat_15m_location_32,-0.0004973458756196111
I,4,0.1,2,feat_time_bars_since_segment_start,-0.0010475018608225935
I,4,0.1,2,feat_time_after_long_gap,0.000457169564126026
I,4,0.1,2,feat_15m_volume_ratio_32,-0.0005095498016507812
I,4,0.1,2,feat_15m_oi_log_change_4,0.0008404811567927837
I,4,0.1,2,feat_5m_1h_rv,-0.0010088662556702022
I,4,0.1,2,feat_5m_rv_rate_ratio_1h_4h,0.0005535776138870164
I,4,0.5,2,feat_15m_ret_1,-0.00016170928168760993
I,4,0.5,2,feat_15m_ret_4,-0.00017091911944164164
I,4,0.5,2,feat_15m_ret_8,-0.00017130334138067282
I,4,0.5,2,feat_15m_ret_16,9.707237556762985e-05
I,4,0.5,2,feat_15m_location_32,-0.00026081780110589006
I,4,0.5,2,feat_time_bars_since_segment_start,0.00017806577744116162
I,4,0.5,2,feat_time_after_long_gap,-0.00014686826208026334
I,4,0.5,2,feat_15m_volume_ratio_32,-9.699022804777091e-05
I,4,0.5,2,feat_15m_oi_log_change_4,0.00029267105319283934
I,4,0.5,2,feat_5m_1h_rv,-0.0006428073545548343
I,4,0.5,2,feat_5m_rv_rate_ratio_1h_4h,0.00023273631462109804
I,4,0.9,2,feat_15m_ret_1,-0.00018643479457284076
I,4,0.9,2,feat_15m_ret_4,-0.00019722771722689616
I,4,0.9,2,feat_15m_ret_8,-0.00078299961413672
I,4,0.9,2,feat_15m_ret_16,-0.00025219932182782664
I,4,0.9,2,feat_15m_location_32,0.0006769739873944917
I,4,0.9,2,feat_time_bars_since_segment_start,0.0008762719758494344
I,4,0.9,2,feat_time_after_long_gap,-0.00038217028573357513
I,4,0.9,2,feat_15m_volume_ratio_32,0.000454961930500329
I,4,0.9,2,feat_15m_oi_log_change_4,-0.00019208257486646424
I,4,0.9,2,feat_5m_1h_rv,-0.00026321671316938085
I,4,0.9,2,feat_5m_rv_rate_ratio_1h_4h,-0.0002124957685714888
I,4,0.1,3,feat_15m_ret_1,-2.548569380366626e-05
I,4,0.1,3,feat_15m_ret_4,-0.00036180966886973937
I,4,0.1,3,feat_15m_ret_8,-3.898459061861331e-05
I,4,0.1,3,feat_15m_ret_16,0.0005363077892688215
I,4,0.1,3,feat_15m_location_32,-0.00028977966232769816
I,4,0.1,3,feat_time_bars_since_segment_start,-0.0008242692877490704
I,4,0.1,3,feat_time_after_long_gap,0.00031954703396183665
I,4,0.1,3,feat_15m_volume_ratio_32,-0.00041001928673606145
I,4,0.1,3,feat_15m_oi_log_change_4,0.0005677860362531119
I,4,0.1,3,feat_5m_1h_rv,-0.0008885586495896768
I,4,0.1,3,feat_5m_rv_rate_ratio_1h_4h,0.0006389408431621537
I,4,0.5,3,feat_15m_ret_1,-0.00012289349726214238
I,4,0.5,3,feat_15m_ret_4,-0.0001207221770562088
I,4,0.5,3,feat_15m_ret_8,-0.00017720703741256653
I,4,0.5,3,feat_15m_ret_16,-3.164092780077261e-05
I,4,0.5,3,feat_15m_location_32,-8.818118251928703e-05
I,4,0.5,3,feat_time_bars_since_segment_start,0.00014808285134256284
I,4,0.5,3,feat_time_after_long_gap,-0.00015114843428704885
I,4,0.5,3,feat_15m_volume_ratio_32,-9.011340357104684e-05
I,4,0.5,3,feat_15m_oi_log_change_4,0.0001051951488642466
I,4,0.5,3,feat_5m_1h_rv,-0.0005005762498831961
I,4,0.5,3,feat_5m_rv_rate_ratio_1h_4h,0.0002640138988114685
I,4,0.9,3,feat_15m_ret_1,-0.0002805452745631275
I,4,0.9,3,feat_15m_ret_4,-0.00019381007364250067
I,4,0.9,3,feat_15m_ret_8,-0.00046563267919718114
I,4,0.9,3,feat_15m_ret_16,-0.000406436635899028
I,4,0.9,3,feat_15m_location_32,0.000529106549665276
I,4,0.9,3,feat_time_bars_since_segment_start,0.00071772603756671
I,4,0.9,3,feat_time_after_long_gap,-0.0002471199748282655
I,4,0.9,3,feat_15m_volume_ratio_32,0.00030579941775097833
I,4,0.9,3,feat_15m_oi_log_change_4,-0.0003384778145715073
I,4,0.9,3,feat_5m_1h_rv,0.00018923723652147155
I,4,0.9,3,feat_5m_rv_rate_ratio_1h_4h,-0.00033045244985243575
I,4,0.1,4,feat_15m_ret_1,-0.00016854387743403288
I,4,0.1,4,feat_15m_ret_4,-0.0002324986742531413
I,4,0.1,4,feat_15m_ret_8,0.0002487108856317584
I,4,0.1,4,feat_15m_ret_16,0.0004806342645312753
I,4,0.1,4,feat_15m_location_32,-0.0002638896162746635
I,4,0.1,4,feat_time_bars_since_segment_start,-0.0008047876728160366
I,4,0.1,4,feat_time_after_long_gap,0.00026852816829856516
I,4,0.1,4,feat_15m_volume_ratio_32,-0.00035935333353278464
I,4,0.1,4,feat_15m_oi_log_change_4,0.0007311759850389571
I,4,0.1,4,feat_5m_1h_rv,-0.0010775598657545486
I,4,0.1,4,feat_5m_rv_rate_ratio_1h_4h,0.0007395722344534032
I,4,0.5,4,feat_15m_ret_1,-0.00011781776489496236
I,4,0.5,4,feat_15m_ret_4,-0.00012845005678975444
I,4,0.5,4,feat_15m_ret_8,-0.0001411049216569035
I,4,0.5,4,feat_15m_ret_16,0.00010571078621596862
I,4,0.5,4,feat_15m_location_32,-0.00015414120117579583
I,4,0.5,4,feat_time_bars_since_segment_start,3.611358774189412e-05
I,4,0.5,4,feat_time_after_long_gap,-8.281066071046814e-05
I,4,0.5,4,feat_15m_volume_ratio_32,-7.270839814998886e-05
I,4,0.5,4,feat_15m_oi_log_change_4,0.00016392288663973867
I,4,0.5,4,feat_5m_1h_rv,-0.0005272089176463131
I,4,0.5,4,feat_5m_rv_rate_ratio_1h_4h,0.0003498437908690793
I,4,0.9,4,feat_15m_ret_1,-0.00031982060656189724
I,4,0.9,4,feat_15m_ret_4,-0.0002498775007885653
I,4,0.9,4,feat_15m_ret_8,-0.00030135347900327213
I,4,0.9,4,feat_15m_ret_16,-0.00039873051459909394
I,4,0.9,4,feat_15m_location_32,0.00033266025005604415
I,4,0.9,4,feat_time_bars_since_segment_start,0.0007211995462325637
I,4,0.9,4,feat_time_after_long_gap,-0.00026894498383176114
I,4,0.9,4,feat_15m_volume_ratio_32,0.000360363806292477
I,4,0.9,4,feat_15m_oi_log_change_4,-0.0002502912129402919
I,4,0.9,4,feat_5m_1h_rv,0.00013072259091380324
I,4,0.9,4,feat_5m_rv_rate_ratio_1h_4h,-0.00019742572612464437
I,8,0.1,0,feat_15m_ret_1,-0.00037836541051314987
I,8,0.1,0,feat_15m_ret_4,0.0012619048932487032
I,8,0.1,0,feat_15m_ret_8,0.00019408752747761222
I,8,0.1,0,feat_15m_ret_16,-0.00043007653448560903
I,8,0.1,0,feat_15m_location_32,0.0003204008814580273
I,8,0.1,0,feat_time_bars_since_segment_start,-9.267124349596544e-05
I,8,0.1,0,feat_time_after_long_gap,-0.00011709180179292479
I,8,0.1,0,feat_15m_volume_ratio_32,-0.0002247466118862986
I,8,0.1,0,feat_15m_oi_log_change_4,0.0014381471030775667
I,8,0.1,0,feat_5m_1h_rv,-0.0012647395087053497
I,8,0.1,0,feat_5m_rv_rate_ratio_1h_4h,0.0009963983803041435
I,8,0.5,0,feat_15m_ret_1,-0.00023677789337031376
I,8,0.5,0,feat_15m_ret_4,-0.0010414734796029244
I,8,0.5,0,feat_15m_ret_8,1.6499125704356594e-05
I,8,0.5,0,feat_15m_ret_16,-0.0004015052903958226
I,8,0.5,0,feat_15m_location_32,0.00043129690754987516
I,8,0.5,0,feat_time_bars_since_segment_start,0.0006274458583917695
I,8,0.5,0,feat_time_after_long_gap,-0.0005158778372199738
I,8,0.5,0,feat_15m_volume_ratio_32,-4.0393304941360084e-05
I,8,0.5,0,feat_15m_oi_log_change_4,-0.0007999050667154117
I,8,0.5,0,feat_5m_1h_rv,-0.00022552191665714292
I,8,0.5,0,feat_5m_rv_rate_ratio_1h_4h,0.0004808741561586393
I,8,0.9,0,feat_15m_ret_1,0.0003005987571945161
I,8,0.9,0,feat_15m_ret_4,-0.0013686431136163747
I,8,0.9,0,feat_15m_ret_8,-0.0006372047556193516
I,8,0.9,0,feat_15m_ret_16,-0.0007911015337259371
I,8,0.9,0,feat_15m_location_32,0.0016154212115378596
I,8,0.9,0,feat_time_bars_since_segment_start,0.0009618843372259788
I,8,0.9,0,feat_time_after_long_gap,-0.0006354817786573337
I,8,0.9,0,feat_15m_volume_ratio_32,0.00034070088548598243
I,8,0.9,0,feat_15m_oi_log_change_4,-0.002304536258180738
I,8,0.9,0,feat_5m_1h_rv,0.0011663898991521844
I,8,0.9,0,feat_5m_rv_rate_ratio_1h_4h,-0.0009194375969019107
I,8,0.1,1,feat_15m_ret_1,-0.0003770206154024063
I,8,0.1,1,feat_15m_ret_4,0.0004150345254403644
I,8,0.1,1,feat_15m_ret_8,-0.00028588136346357975
I,8,0.1,1,feat_15m_ret_16,-0.00019124127720882115
I,8,0.1,1,feat_15m_location_32,0.0011395309376700735
I,8,0.1,1,feat_time_bars_since_segment_start,-0.000555205829720565
I,8,0.1,1,feat_time_after_long_gap,0.00014380316791980284
I,8,0.1,1,feat_15m_volume_ratio_32,-0.0002671161611152457
I,8,0.1,1,feat_15m_oi_log_change_4,0.0022017773774196006
I,8,0.1,1,feat_5m_1h_rv,-0.002824970986398257
I,8,0.1,1,feat_5m_rv_rate_ratio_1h_4h,0.0015665840596288197
I,8,0.5,1,feat_15m_ret_1,-0.0001881146072067256
I,8,0.5,1,feat_15m_ret_4,-0.000856531981946013
I,8,0.5,1,feat_15m_ret_8,-6.114898555319007e-05
I,8,0.5,1,feat_15m_ret_16,-3.382869416290074e-05
I,8,0.5,1,feat_15m_location_32,5.335880720607488e-05
I,8,0.5,1,feat_time_bars_since_segment_start,0.000495184681935377
I,8,0.5,1,feat_time_after_long_gap,-0.0003880764207611316
I,8,0.5,1,feat_15m_volume_ratio_32,-3.649793824837506e-05
I,8,0.5,1,feat_15m_oi_log_change_4,-0.0002940425814160554
I,8,0.5,1,feat_5m_1h_rv,-0.0005616088785688324
I,8,0.5,1,feat_5m_rv_rate_ratio_1h_4h,0.0006992031506844164
I,8,0.9,1,feat_15m_ret_1,0.00019436979177211107
I,8,0.9,1,feat_15m_ret_4,-0.0009319586263149464
I,8,0.9,1,feat_15m_ret_8,-0.0008772946547873292
I,8,0.9,1,feat_15m_ret_16,-0.0004200029411912281
I,8,0.9,1,feat_15m_location_32,0.0016425205623125051
I,8,0.9,1,feat_time_bars_since_segment_start,0.001169780446462925
I,8,0.9,1,feat_time_after_long_gap,-0.0006712175630384747
I,8,0.9,1,feat_15m_volume_ratio_32,0.00048146382534648973
I,8,0.9,1,feat_15m_oi_log_change_4,-0.001430644014199111
I,8,0.9,1,feat_5m_1h_rv,0.0002986432944616121
I,8,0.9,1,feat_5m_rv_rate_ratio_1h_4h,3.4952145389094996e-05
I,8,0.1,2,feat_15m_ret_1,-0.00043261672305193574
I,8,0.1,2,feat_15m_ret_4,0.0005948141748686065
I,8,0.1,2,feat_15m_ret_8,-6.463645605403954e-05
I,8,0.1,2,feat_15m_ret_16,0.00082647243246408
I,8,0.1,2,feat_15m_location_32,-0.0004317957990917051
I,8,0.1,2,feat_time_bars_since_segment_start,-0.0005820411138732871
I,8,0.1,2,feat_time_after_long_gap,4.689835058646276e-05
I,8,0.1,2,feat_15m_volume_ratio_32,-0.00013406308560135567
I,8,0.1,2,feat_15m_oi_log_change_4,0.0023183212174427118
I,8,0.1,2,feat_5m_1h_rv,-0.002628443165608354
I,8,0.1,2,feat_5m_rv_rate_ratio_1h_4h,0.0009612079663530328
I,8,0.5,2,feat_15m_ret_1,-0.00013079357832974564
I,8,0.5,2,feat_15m_ret_4,-0.000487221149928076
I,8,0.5,2,feat_15m_ret_8,-0.000521097033271737
I,8,0.5,2,feat_15m_ret_16,0.0003867205231062076
I,8,0.5,2,feat_15m_location_32,-0.0002216134201828107
I,8,0.5,2,feat_time_bars_since_segment_start,0.00017597787735355508
I,8,0.5,2,feat_time_after_long_gap,-0.0002854943934905573
I,8,0.5,2,feat_15m_volume_ratio_32,-0.00023644467416104856
I,8,0.5,2,feat_15m_oi_log_change_4,-0.00024257771345118556
I,8,0.5,2,feat_5m_1h_rv,-0.0003659333589140055
I,8,0.5,2,feat_5m_rv_rate_ratio_1h_4h,0.00048043459481481515
I,8,0.9,2,feat_15m_ret_1,-7.366488044682792e-05
I,8,0.9,2,feat_15m_ret_4,-0.0006152709063275469
I,8,0.9,2,feat_15m_ret_8,-0.0008688871310903355
I,8,0.9,2,feat_15m_ret_16,-0.00031913255070336986
I,8,0.9,2,feat_15m_location_32,0.0016285037058471
I,8,0.9,2,feat_time_bars_since_segment_start,0.0007196108668671893
I,8,0.9,2,feat_time_after_long_gap,-0.00043957960833895587
I,8,0.9,2,feat_15m_volume_ratio_32,0.0004282164353079712
I,8,0.9,2,feat_15m_oi_log_change_4,-0.0011822782734186809
I,8,0.9,2,feat_5m_1h_rv,0.0004081714265350964
I,8,0.9,2,feat_5m_rv_rate_ratio_1h_4h,-0.00036977033229012614
I,8,0.1,3,feat_15m_ret_1,-0.00030182007836440547
I,8,0.1,3,feat_15m_ret_4,0.0002954558014247575
I,8,0.1,3,feat_15m_ret_8,2.7536598739867597e-05
I,8,0.1,3,feat_15m_ret_16,0.0006410149784258398
I,8,0.1,3,feat_15m_location_32,-0.00012131162714434814
I,8,0.1,3,feat_time_bars_since_segment_start,-0.00039644617572989353
I,8,0.1,3,feat_time_after_long_gap,1.962296795991902e-05
I,8,0.1,3,feat_15m_volume_ratio_32,-0.00023065114536547672
I,8,0.1,3,feat_15m_oi_log_change_4,0.0013769164050152418
I,8,0.1,3,feat_5m_1h_rv,-0.0016478639035443995
I,8,0.1,3,feat_5m_rv_rate_ratio_1h_4h,0.001073551742518197
I,8,0.5,3,feat_15m_ret_1,-0.00012718127813701372
I,8,0.5,3,feat_15m_ret_4,-0.0005579838988183325
I,8,0.5,3,feat_15m_ret_8,-0.0003715310183694962
I,8,0.5,3,feat_15m_ret_16,8.038264864387199e-05
I,8,0.5,3,feat_15m_location_32,3.9923885990085965e-06
I,8,0.5,3,feat_time_bars_since_segment_start,2.2152208781060132e-05
I,8,0.5,3,feat_time_after_long_gap,-4.7342499120782995e-05
I,8,0.5,3,feat_15m_volume_ratio_32,-0.0003785307542544692
I,8,0.5,3,feat_15m_oi_log_change_4,-0.0001766952840228443
I,8,0.5,3,feat_5m_1h_rv,-0.0004825209597736603
I,8,0.5,3,feat_5m_rv_rate_ratio_1h_4h,0.0006238610273106261
I,8,0.9,3,feat_15m_ret_1,-6.971797462411066e-05
I,8,0.9,3,feat_15m_ret_4,-0.00031621960841054684
I,8,0.9,3,feat_15m_ret_8,-0.0002373490480160723
I,8,0.9,3,feat_15m_ret_16,-0.0009727700725438065
I,8,0.9,3,feat_15m_location_32,0.001046321593867091
I,8,0.9,3,feat_time_bars_since_segment_start,0.000689658215796284
I,8,0.9,3,feat_time_after_long_gap,-0.00038839652284060566
I,8,0.9,3,feat_15m_volume_ratio_32,0.0004365670547238774
I,8,0.9,3,feat_15m_oi_log_change_4,-0.00047507006205374644
I,8,0.9,3,feat_5m_1h_rv,-2.2241818529634415e-05
I,8,0.9,3,feat_5m_rv_rate_ratio_1h_4h,-0.00015457881980250523
I,8,0.1,4,feat_15m_ret_1,-0.00047847326641590755
I,8,0.1,4,feat_15m_ret_4,0.00045514977157018927
I,8,0.1,4,feat_15m_ret_8,0.0001964002614297975
I,8,0.1,4,feat_15m_ret_16,0.0004452760428356839
I,8,0.1,4,feat_15m_location_32,3.271518102620731e-05
I,8,0.1,4,feat_time_bars_since_segment_start,-0.00022868220500497528
I,8,0.1,4,feat_time_after_long_gap,-7.531688770409171e-05
I,8,0.1,4,feat_15m_volume_ratio_32,-5.4974388328163665e-05
I,8,0.1,4,feat_15m_oi_log_change_4,0.0013962767002710821
I,8,0.1,4,feat_5m_1h_rv,-0.0017441694902309546
I,8,0.1,4,feat_5m_rv_rate_ratio_1h_4h,0.001016412219746185
I,8,0.5,4,feat_15m_ret_1,-0.0001396019963425442
I,8,0.5,4,feat_15m_ret_4,-0.00041983029561883144
I,8,0.5,4,feat_15m_ret_8,-0.0001356112819517133
I,8,0.5,4,feat_15m_ret_16,6.754645678971386e-05
I,8,0.5,4,feat_15m_location_32,-0.00011888331966679883
I,8,0.5,4,feat_time_bars_since_segment_start,0.0001865816713688243
I,8,0.5,4,feat_time_after_long_gap,-0.00019361447938161182
I,8,0.5,4,feat_15m_volume_ratio_32,-0.00012046119956140783
I,8,0.5,4,feat_15m_oi_log_change_4,8.049648041354423e-06
I,8,0.5,4,feat_5m_1h_rv,-0.0005554478099412827
I,8,0.5,4,feat_5m_rv_rate_ratio_1h_4h,0.000607159925467045
I,8,0.9,4,feat_15m_ret_1,-0.0001081132206590135
I,8,0.9,4,feat_15m_ret_4,-0.00039247786328234444
I,8,0.9,4,feat_15m_ret_8,-5.840832468520584e-06
I,8,0.9,4,feat_15m_ret_16,-0.000831174938805104
I,8,0.9,4,feat_15m_location_32,0.0007808167129739115
I,8,0.9,4,feat_time_bars_since_segment_start,0.0005515966689108839
I,8,0.9,4,feat_time_after_long_gap,-0.00020811304761904454
I,8,0.9,4,feat_15m_volume_ratio_32,0.00020031309761691507
I,8,0.9,4,feat_15m_oi_log_change_4,-0.0005668571763280939
I,8,0.9,4,feat_5m_1h_rv,-1.3917951714238697e-05
I,8,0.9,4,feat_5m_rv_rate_ratio_1h_4h,7.357764761904705e-06
I,16,0.1,0,feat_15m_ret_1,-9.620169834964859e-05
I,16,0.1,0,feat_15m_ret_4,-0.0006125407142059758
I,16,0.1,0,feat_15m_ret_8,0.00025242383597153526
I,16,0.1,0,feat_15m_ret_16,-0.0025724380556421964
I,16,0.1,0,feat_15m_location_32,0.0031958851578099187
I,16,0.1,0,feat_time_bars_since_segment_start,1.883097390759576e-05
I,16,0.1,0,feat_time_after_long_gap,-0.0004188194104229734
I,16,0.1,0,feat_15m_volume_ratio_32,0.0007004795601136744
I,16,0.1,0,feat_15m_oi_log_change_4,0.00046185784772740366
I,16,0.1,0,feat_5m_1h_rv,-0.0015077282406928073
I,16,0.1,0,feat_5m_rv_rate_ratio_1h_4h,0.00046938440016746865
I,16,0.5,0,feat_15m_ret_1,-0.0003004455199152508
I,16,0.5,0,feat_15m_ret_4,-0.0008725879742670742
I,16,0.5,0,feat_15m_ret_8,0.000678877625945955
I,16,0.5,0,feat_15m_ret_16,-0.003248289127752625
I,16,0.5,0,feat_15m_location_32,0.001671450307143971
I,16,0.5,0,feat_time_bars_since_segment_start,0.00012874694889525496
I,16,0.5,0,feat_time_after_long_gap,-4.148800466594066e-05
I,16,0.5,0,feat_15m_volume_ratio_32,-0.00029466099515542435
I,16,0.5,0,feat_15m_oi_log_change_4,-0.0013862219547128238
I,16,0.5,0,feat_5m_1h_rv,-0.0006446190510051908
I,16,0.5,0,feat_5m_rv_rate_ratio_1h_4h,0.0007251951686291387
I,16,0.9,0,feat_15m_ret_1,-7.784202402478504e-05
I,16,0.9,0,feat_15m_ret_4,-0.0013743054159134635
I,16,0.9,0,feat_15m_ret_8,-0.0005427607401141554
I,16,0.9,0,feat_15m_ret_16,-0.00040133339444989416
I,16,0.9,0,feat_15m_location_32,0.0025693443424521147
I,16,0.9,0,feat_time_bars_since_segment_start,0.0009136782867374016
I,16,0.9,0,feat_time_after_long_gap,-0.0014325849347761558
I,16,0.9,0,feat_15m_volume_ratio_32,0.00018567216226274955
I,16,0.9,0,feat_15m_oi_log_change_4,-0.0017693068366129935
I,16,0.9,0,feat_5m_1h_rv,-0.00033870377096597296
I,16,0.9,0,feat_5m_rv_rate_ratio_1h_4h,-0.0003760503689301338
I,16,0.1,1,feat_15m_ret_1,-0.000575862918317787
I,16,0.1,1,feat_15m_ret_4,-0.00033861507519797747
I,16,0.1,1,feat_15m_ret_8,4.3345323669234534e-05
I,16,0.1,1,feat_15m_ret_16,-0.001374306857913511
I,16,0.1,1,feat_15m_location_32,0.002131494002220417
I,16,0.1,1,feat_time_bars_since_segment_start,-0.0005066157954034901
I,16,0.1,1,feat_time_after_long_gap,-0.00022853428198370352
I,16,0.1,1,feat_15m_volume_ratio_32,-0.00010206290812399003
I,16,0.1,1,feat_15m_oi_log_change_4,0.002160388368644509
I,16,0.1,1,feat_5m_1h_rv,-0.00345402801696898
I,16,0.1,1,feat_5m_rv_rate_ratio_1h_4h,0.0008393670154603164
I,16,0.5,1,feat_15m_ret_1,-0.0004571507698399247
I,16,0.5,1,feat_15m_ret_4,-0.00010889977842342574
I,16,0.5,1,feat_15m_ret_8,0.000246994272751395
I,16,0.5,1,feat_15m_ret_16,-0.0015352295065832698
I,16,0.5,1,feat_15m_location_32,0.0006114595842792807
I,16,0.5,1,feat_time_bars_since_segment_start,0.0003244953691452516
I,16,0.5,1,feat_time_after_long_gap,-0.00012747532098729652
I,16,0.5,1,feat_15m_volume_ratio_32,-0.00011047507917360592
I,16,0.5,1,feat_15m_oi_log_change_4,-0.00022552933784433747
I,16,0.5,1,feat_5m_1h_rv,-0.001230212040892306
I,16,0.5,1,feat_5m_rv_rate_ratio_1h_4h,0.000818466251344595
I,16,0.9,1,feat_15m_ret_1,-0.00014780301490433334
I,16,0.9,1,feat_15m_ret_4,-0.0003302304362674142
I,16,0.9,1,feat_15m_ret_8,-0.0007122219006576947
I,16,0.9,1,feat_15m_ret_16,-0.001027667335523536
I,16,0.9,1,feat_15m_location_32,0.002893086017434156
I,16,0.9,1,feat_time_bars_since_segment_start,0.001418772007432332
I,16,0.9,1,feat_time_after_long_gap,-0.0010626554583504498
I,16,0.9,1,feat_15m_volume_ratio_32,0.0003074238455762568
I,16,0.9,1,feat_15m_oi_log_change_4,-0.0007344930357171678
I,16,0.9,1,feat_5m_1h_rv,-0.001473206770083
I,16,0.9,1,feat_5m_rv_rate_ratio_1h_4h,0.001377980651082558
I,16,0.1,2,feat_15m_ret_1,-0.0006545268090295184
I,16,0.1,2,feat_15m_ret_4,-0.0002318507807050554
I,16,0.1,2,feat_15m_ret_8,0.000584800300348541
I,16,0.1,2,feat_15m_ret_16,-0.0010319541706842819
I,16,0.1,2,feat_15m_location_32,0.001302123562094444
I,16,0.1,2,feat_time_bars_since_segment_start,-0.0008927402370282857
I,16,0.1,2,feat_time_after_long_gap,-0.00027689308000999744
I,16,0.1,2,feat_15m_volume_ratio_32,-0.00043689627284312
I,16,0.1,2,feat_15m_oi_log_change_4,0.002111979855461865
I,16,0.1,2,feat_5m_1h_rv,-0.0030525153649928224
I,16,0.1,2,feat_5m_rv_rate_ratio_1h_4h,0.0005190152865457751
I,16,0.5,2,feat_15m_ret_1,-0.00034583785345454585
I,16,0.5,2,feat_15m_ret_4,-0.00047361849848565404
I,16,0.5,2,feat_15m_ret_8,4.9396913286958435e-05
I,16,0.5,2,feat_15m_ret_16,-0.0009418346587932149
I,16,0.5,2,feat_15m_location_32,0.0006352014118830822
I,16,0.5,2,feat_time_bars_since_segment_start,-6.648387993234129e-05
I,16,0.5,2,feat_time_after_long_gap,7.390552217461264e-05
I,16,0.5,2,feat_15m_volume_ratio_32,-8.428028865500966e-05
I,16,0.5,2,feat_15m_oi_log_change_4,-8.479040158000072e-05
I,16,0.5,2,feat_5m_1h_rv,-0.001156096534818339
I,16,0.5,2,feat_5m_rv_rate_ratio_1h_4h,0.0003976151488855807
I,16,0.9,2,feat_15m_ret_1,-0.0002709991057661345
I,16,0.9,2,feat_15m_ret_4,-0.0007117451591493288
I,16,0.9,2,feat_15m_ret_8,-0.0003420095363638876
I,16,0.9,2,feat_15m_ret_16,-0.0012866550956781115
I,16,0.9,2,feat_15m_location_32,0.003377591658557181
I,16,0.9,2,feat_time_bars_since_segment_start,0.0012466504013117377
I,16,0.9,2,feat_time_after_long_gap,-0.0007451346804681507
I,16,0.9,2,feat_15m_volume_ratio_32,0.0004764314761137998
I,16,0.9,2,feat_15m_oi_log_change_4,-0.0010231877208389157
I,16,0.9,2,feat_5m_1h_rv,-0.0007520866312540947
I,16,0.9,2,feat_5m_rv_rate_ratio_1h_4h,0.0007888006770866957
I,16,0.1,3,feat_15m_ret_1,-0.00040761771697359636
I,16,0.1,3,feat_15m_ret_4,-0.0006715807781493844
I,16,0.1,3,feat_15m_ret_8,0.0007415377922538536
I,16,0.1,3,feat_15m_ret_16,-0.0010985873398885843
I,16,0.1,3,feat_15m_location_32,0.0013881646392288514
I,16,0.1,3,feat_time_bars_since_segment_start,-0.0007516817605372868
I,16,0.1,3,feat_time_after_long_gap,-0.00020524931867302348
I,16,0.1,3,feat_15m_volume_ratio_32,-0.00035338291218514715
I,16,0.1,3,feat_15m_oi_log_change_4,0.0004025526935911769
I,16,0.1,3,feat_5m_1h_rv,-0.001067144865509404
I,16,0.1,3,feat_5m_rv_rate_ratio_1h_4h,0.0004439700481074064
I,16,0.5,3,feat_15m_ret_1,-0.00037177732880037137
I,16,0.5,3,feat_15m_ret_4,-0.000259251364339663
I,16,0.5,3,feat_15m_ret_8,6.695439203440908e-05
I,16,0.5,3,feat_15m_ret_16,-0.0008637361631103296
I,16,0.5,3,feat_15m_location_32,0.0004301615684527106
I,16,0.5,3,feat_time_bars_since_segment_start,-0.00017152722252509298
I,16,0.5,3,feat_time_after_long_gap,5.186975880117628e-05
I,16,0.5,3,feat_15m_volume_ratio_32,-0.00010636218900478246
I,16,0.5,3,feat_15m_oi_log_change_4,-6.872702557681491e-05
I,16,0.5,3,feat_5m_1h_rv,-0.001041180197970838
I,16,0.5,3,feat_5m_rv_rate_ratio_1h_4h,0.0004228562030750286
I,16,0.9,3,feat_15m_ret_1,-7.119068391956685e-05
I,16,0.9,3,feat_15m_ret_4,-0.00030912335704145496
I,16,0.9,3,feat_15m_ret_8,-0.0006088942070847305
I,16,0.9,3,feat_15m_ret_16,-0.001135710585587357
I,16,0.9,3,feat_15m_location_32,0.001516301299817991
I,16,0.9,3,feat_time_bars_since_segment_start,0.000757435333974406
I,16,0.9,3,feat_time_after_long_gap,-0.0004687747369572013
I,16,0.9,3,feat_15m_volume_ratio_32,-4.630600823716301e-05
I,16,0.9,3,feat_15m_oi_log_change_4,0.0003481490319070035
I,16,0.9,3,feat_5m_1h_rv,-0.00048583608346545635
I,16,0.9,3,feat_5m_rv_rate_ratio_1h_4h,0.0005658678877116583
I,16,0.1,4,feat_15m_ret_1,-0.0006321695735085738
I,16,0.1,4,feat_15m_ret_4,-0.0003049590084417878
I,16,0.1,4,feat_15m_ret_8,0.0005800690399074706
I,16,0.1,4,feat_15m_ret_16,-0.0006098767576040052
I,16,0.1,4,feat_15m_location_32,0.0014889892351004428
I,16,0.1,4,feat_time_bars_since_segment_start,-0.00013770259209137752
I,16,0.1,4,feat_time_after_long_gap,-0.0004131288729572695
I,16,0.1,4,feat_15m_volume_ratio_32,-0.0004577644761744369
I,16,0.1,4,feat_15m_oi_log_change_4,0.0011795359229441996
I,16,0.1,4,feat_5m_1h_rv,-0.0018050595922168764
I,16,0.1,4,feat_5m_rv_rate_ratio_1h_4h,0.0005348752315872078
I,16,0.5,4,feat_15m_ret_1,-0.0004115005116124895
I,16,0.5,4,feat_15m_ret_4,-0.00013512558448913148
I,16,0.5,4,feat_15m_ret_8,0.00017067444332503995
I,16,0.5,4,feat_15m_ret_16,-0.0006474748498208888
I,16,0.5,4,feat_15m_location_32,0.00012711019763257106
I,16,0.5,4,feat_time_bars_since_segment_start,-8.527118220145636e-05
I,16,0.5,4,feat_time_after_long_gap,3.3245790397301413e-06
I,16,0.5,4,feat_15m_volume_ratio_32,-0.00014988463095329555
I,16,0.5,4,feat_15m_oi_log_change_4,0.00010116178821106063
I,16,0.5,4,feat_5m_1h_rv,-0.0010635322597504087
I,16,0.5,4,feat_5m_rv_rate_ratio_1h_4h,0.0004523258244640797
I,16,0.9,4,feat_15m_ret_1,-4.690299021479955e-05
I,16,0.9,4,feat_15m_ret_4,1.2167076802617887e-05
I,16,0.9,4,feat_15m_ret_8,-0.0004356867867746462
I,16,0.9,4,feat_15m_ret_16,-0.001101774001679837
I,16,0.9,4,feat_15m_location_32,0.0011119335948986855
I,16,0.9,4,feat_time_bars_since_segment_start,0.0007941987096452247
I,16,0.9,4,feat_time_after_long_gap,-0.00036935196763576814
I,16,0.9,4,feat_15m_volume_ratio_32,2.9575445022418243e-05
I,16,0.9,4,feat_15m_oi_log_change_4,0.00030191435625479793
I,16,0.9,4,feat_5m_1h_rv,-0.0006877654896222825
I,16,0.9,4,feat_5m_rv_rate_ratio_1h_4h,0.0006470579024295067
SC,4,0.1,0,feat_15m_ret_1,0.0001785960179065147
SC,4,0.1,0,feat_15m_ret_4,4.36541263749552e-05
SC,4,0.1,0,feat_15m_ret_8,0.0016681034707835747
SC,4,0.1,0,feat_15m_ret_16,-0.0008529527045516145
SC,4,0.1,0,feat_15m_location_32,-0.0003862755311038034
SC,4,0.1,0,feat_time_bars_since_segment_start,-0.0002409566936953487
SC,4,0.1,0,feat_time_after_long_gap,0.00046902646238036885
SC,4,0.1,0,feat_15m_volume_ratio_32,0.0005537828324148527
SC,4,0.1,0,feat_15m_oi_log_change_4,0.0007997894610396374
SC,4,0.1,0,feat_5m_1h_rv,-9.940780223486557e-05
SC,4,0.1,0,feat_5m_rv_rate_ratio_1h_4h,-0.0004942110668468639
SC,4,0.5,0,feat_15m_ret_1,-8.310125996748245e-05
SC,4,0.5,0,feat_15m_ret_4,-0.00025761545421235365
SC,4,0.5,0,feat_15m_ret_8,0.00020224459889808152
SC,4,0.5,0,feat_15m_ret_16,-0.0003847570126709014
SC,4,0.5,0,feat_15m_location_32,0.0004329843432880907
SC,4,0.5,0,feat_time_bars_since_segment_start,-0.00011960454213683558
SC,4,0.5,0,feat_time_after_long_gap,0.00011668728386843528
SC,4,0.5,0,feat_15m_volume_ratio_32,0.0004833936442121369
SC,4,0.5,0,feat_15m_oi_log_change_4,0.0003121312986548095
SC,4,0.5,0,feat_5m_1h_rv,-0.0010964904111201155
SC,4,0.5,0,feat_5m_rv_rate_ratio_1h_4h,0.00033738951308401815
SC,4,0.9,0,feat_15m_ret_1,-0.00019128852634426788
SC,4,0.9,0,feat_15m_ret_4,0.0005539206952392746
SC,4,0.9,0,feat_15m_ret_8,-0.0004379973458537229
SC,4,0.9,0,feat_15m_ret_16,0.0004641889340873766
SC,4,0.9,0,feat_15m_location_32,8.42055563461318e-06
SC,4,0.9,0,feat_time_bars_since_segment_start,0.001000306024640826
SC,4,0.9,0,feat_time_after_long_gap,4.158280592368057e-05
SC,4,0.9,0,feat_15m_volume_ratio_32,0.0008901806998700153
SC,4,0.9,0,feat_15m_oi_log_change_4,-0.00014472139419232524
SC,4,0.9,0,feat_5m_1h_rv,-0.000503448911383825
SC,4,0.9,0,feat_5m_rv_rate_ratio_1h_4h,0.00035107235976047913
SC,4,0.1,1,feat_15m_ret_1,-1.823440612450694e-05
SC,4,0.1,1,feat_15m_ret_4,-0.0005272212922216674
SC,4,0.1,1,feat_15m_ret_8,0.0008960641346176641
SC,4,0.1,1,feat_15m_ret_16,-0.0002501648032787635
SC,4,0.1,1,feat_15m_location_32,-0.0002049779172273302
SC,4,0.1,1,feat_time_bars_since_segment_start,-8.982641426916643e-05
SC,4,0.1,1,feat_time_after_long_gap,0.00029495918659959994
SC,4,0.1,1,feat_15m_volume_ratio_32,0.00026619237644962446
SC,4,0.1,1,feat_15m_oi_log_change_4,-0.00012817405408932958
SC,4,0.1,1,feat_5m_1h_rv,-0.00014317025551809401
SC,4,0.1,1,feat_5m_rv_rate_ratio_1h_4h,-0.00033834193098120904
SC,4,0.5,1,feat_15m_ret_1,5.560626058433041e-05
SC,4,0.5,1,feat_15m_ret_4,-0.0004523975596115672
SC,4,0.5,1,feat_15m_ret_8,0.00038242318677697025
SC,4,0.5,1,feat_15m_ret_16,-0.00026176459477848
SC,4,0.5,1,feat_15m_location_32,0.00028874162902602844
SC,4,0.5,1,feat_time_bars_since_segment_start,5.443350056739191e-07
SC,4,0.5,1,feat_time_after_long_gap,5.107810038464048e-05
SC,4,0.5,1,feat_15m_volume_ratio_32,0.0002556470893395579
SC,4,0.5,1,feat_15m_oi_log_change_4,0.0002809002742035953
SC,4,0.5,1,feat_5m_1h_rv,-0.0006949314553345299
SC,4,0.5,1,feat_5m_rv_rate_ratio_1h_4h,0.00015770723527938125
SC,4,0.9,1,feat_15m_ret_1,-0.00021106683469120256
SC,4,0.9,1,feat_15m_ret_4,0.0006008741744905899
SC,4,0.9,1,feat_15m_ret_8,-0.0008912860971021778
SC,4,0.9,1,feat_15m_ret_16,0.0007939827344837869
SC,4,0.9,1,feat_15m_location_32,-2.5468794924583512e-05
SC,4,0.9,1,feat_time_bars_since_segment_start,-3.5913203520441046e-05
SC,4,0.9,1,feat_time_after_long_gap,0.00019263363367020336
SC,4,0.9,1,feat_15m_volume_ratio_32,0.0005896947268785591
SC,4,0.9,1,feat_15m_oi_log_change_4,-0.00011617784241716633
SC,4,0.9,1,feat_5m_1h_rv,-0.0006394455211353826
SC,4,0.9,1,feat_5m_rv_rate_ratio_1h_4h,0.0001835812192043488
SC,4,0.1,2,feat_15m_ret_1,-0.0001646693493497764
SC,4,0.1,2,feat_15m_ret_4,-0.000519567902640245
SC,4,0.1,2,feat_15m_ret_8,0.0013714702101417233
SC,4,0.1,2,feat_15m_ret_16,-0.00020289993959382848
SC,4,0.1,2,feat_15m_location_32,-0.0003310926950510342
SC,4,0.1,2,feat_time_bars_since_segment_start,-0.0001685256646746907
SC,4,0.1,2,feat_time_after_long_gap,-6.25171504633305e-05
SC,4,0.1,2,feat_15m_volume_ratio_32,0.00025090569360395015
SC,4,0.1,2,feat_15m_oi_log_change_4,0.00028747569629260195
SC,4,0.1,2,feat_5m_1h_rv,-0.00032383387112028044
SC,4,0.1,2,feat_5m_rv_rate_ratio_1h_4h,0.0002168084515448101
SC,4,0.5,2,feat_15m_ret_1,1.5735586929991816e-05
SC,4,0.5,2,feat_15m_ret_4,-0.0004253625219904966
SC,4,0.5,2,feat_15m_ret_8,0.0004460885602641446
SC,4,0.5,2,feat_15m_ret_16,-0.00039027958931002254
SC,4,0.5,2,feat_15m_location_32,0.000522440895429354
SC,4,0.5,2,feat_time_bars_since_segment_start,6.93562218046649e-05
SC,4,0.5,2,feat_time_after_long_gap,2.066549132704995e-05
SC,4,0.5,2,feat_15m_volume_ratio_32,0.00028462481904742713
SC,4,0.5,2,feat_15m_oi_log_change_4,0.00024032897990172616
SC,4,0.5,2,feat_5m_1h_rv,-0.0007529439212029174
SC,4,0.5,2,feat_5m_rv_rate_ratio_1h_4h,0.00032300391982641847
SC,4,0.9,2,feat_15m_ret_1,-0.00042414731030236734
SC,4,0.9,2,feat_15m_ret_4,0.0002220939901586584
SC,4,0.9,2,feat_15m_ret_8,-0.0010876307543138293
SC,4,0.9,2,feat_15m_ret_16,0.0008246451724636844
SC,4,0.9,2,feat_15m_location_32,0.0013569129928820388
SC,4,0.9,2,feat_time_bars_since_segment_start,0.0006106749763275773
SC,4,0.9,2,feat_time_after_long_gap,-0.00019007691041737098
SC,4,0.9,2,feat_15m_volume_ratio_32,0.0010096977529280833
SC,4,0.9,2,feat_15m_oi_log_change_4,-9.744292268339667e-05
SC,4,0.9,2,feat_5m_1h_rv,-0.0006173352009030986
SC,4,0.9,2,feat_5m_rv_rate_ratio_1h_4h,-0.00028171310839094537
SC,4,0.1,3,feat_15m_ret_1,8.446291986297606e-05
SC,4,0.1,3,feat_15m_ret_4,-0.0006447242861858625
SC,4,0.1,3,feat_15m_ret_8,0.0005288559149243547
SC,4,0.1,3,feat_15m_ret_16,0.0005517019436627915
SC,4,0.1,3,feat_15m_location_32,-0.0003867540321361592
SC,4,0.1,3,feat_time_bars_since_segment_start,7.710359133944743e-05
SC,4,0.1,3,feat_time_after_long_gap,-3.4800954400860275e-05
SC,4,0.1,3,feat_15m_volume_ratio_32,0.00041682788601762666
SC,4,0.1,3,feat_15m_oi_log_change_4,-2.6846681216822308e-05
SC,4,0.1,3,feat_5m_1h_rv,2.0130764399552955e-05
SC,4,0.1,3,feat_5m_rv_rate_ratio_1h_4h,-0.00021987256568169186
SC,4,0.5,3,feat_15m_ret_1,0.00027805353559504266
SC,4,0.5,3,feat_15m_ret_4,-0.0006114703954082358
SC,4,0.5,3,feat_15m_ret_8,0.00012762009684297505
SC,4,0.5,3,feat_15m_ret_16,-0.00026859654782563556
SC,4,0.5,3,feat_15m_location_32,0.0005976234366977974
SC,4,0.5,3,feat_time_bars_since_segment_start,0.00028371565898391586
SC,4,0.5,3,feat_time_after_long_gap,-5.773310254270039e-05
SC,4,0.5,3,feat_15m_volume_ratio_32,0.00032912923180628884
SC,4,0.5,3,feat_15m_oi_log_change_4,-0.00030540066791397337
SC,4,0.5,3,feat_5m_1h_rv,-0.00015527255885371734
SC,4,0.5,3,feat_5m_rv_rate_ratio_1h_4h,7.608333061982661e-05
SC,4,0.9,3,feat_15m_ret_1,-0.0001548058499211233
SC,4,0.9,3,feat_15m_ret_4,-0.0002435592813107615
SC,4,0.9,3,feat_15m_ret_8,-0.0021114539768896812
SC,4,0.9,3,feat_15m_ret_16,0.001245768462414725
SC,4,0.9,3,feat_15m_location_32,0.0016727195862169478
SC,4,0.9,3,feat_time_bars_since_segment_start,0.0006698992411057293
SC,4,0.9,3,feat_time_after_long_gap,-0.00019866855802695132
SC,4,0.9,3,feat_15m_volume_ratio_32,0.0007120756254623735
SC,4,0.9,3,feat_15m_oi_log_change_4,-0.0002169230462926109
SC,4,0.9,3,feat_5m_1h_rv,-0.0002564028062699834
SC,4,0.9,3,feat_5m_rv_rate_ratio_1h_4h,-0.000161996214933879
SC,4,0.1,4,feat_15m_ret_1,0.00011258975596773858
SC,4,0.1,4,feat_15m_ret_4,-0.0008192227841628695
SC,4,0.1,4,feat_15m_ret_8,0.0007658837162482829
SC,4,0.1,4,feat_15m_ret_16,0.00029133144764117394
SC,4,0.1,4,feat_15m_location_32,-0.0004682956663191814
SC,4,0.1,4,feat_time_bars_since_segment_start,0.0001273672804321436
SC,4,0.1,4,feat_time_after_long_gap,-9.982266997643389e-05
SC,4,0.1,4,feat_15m_volume_ratio_32,0.00038479458025547246
SC,4,0.1,4,feat_15m_oi_log_change_4,-3.610288066110746e-05
SC,4,0.1,4,feat_5m_1h_rv,-6.603566921892646e-05
SC,4,0.1,4,feat_5m_rv_rate_ratio_1h_4h,-0.0002532026748307598
SC,4,0.5,4,feat_15m_ret_1,0.0002859552903376941
SC,4,0.5,4,feat_15m_ret_4,-0.0005750868025493015
SC,4,0.5,4,feat_15m_ret_8,-0.00016806251807520098
SC,4,0.5,4,feat_15m_ret_16,-3.919376252013108e-05
SC,4,0.5,4,feat_15m_location_32,0.00045327737573079194
SC,4,0.5,4,feat_time_bars_since_segment_start,0.0002787209357801179
SC,4,0.5,4,feat_time_after_long_gap,-1.2069939983791032e-05
SC,4,0.5,4,feat_15m_volume_ratio_32,0.0002597666486009417
SC,4,0.5,4,feat_15m_oi_log_change_4,-0.00033376959177816817
SC,4,0.5,4,feat_5m_1h_rv,-0.00011655391274840487
SC,4,0.5,4,feat_5m_rv_rate_ratio_1h_4h,1.8870411357618843e-05
SC,4,0.9,4,feat_15m_ret_1,0.00022201198037266918
SC,4,0.9,4,feat_15m_ret_4,3.9738634417298194e-05
SC,4,0.9,4,feat_15m_ret_8,-0.0021067893552977677
SC,4,0.9,4,feat_15m_ret_16,0.0014378519013757943
SC,4,0.9,4,feat_15m_location_32,0.0011185301919722605
SC,4,0.9,4,feat_time_bars_since_segment_start,0.0006366470024964638
SC,4,0.9,4,feat_time_after_long_gap,-0.00010278908312924269
SC,4,0.9,4,feat_15m_volume_ratio_32,0.0006953519741524432
SC,4,0.9,4,feat_15m_oi_log_change_4,-0.00046571658873615355
SC,4,0.9,4,feat_5m_1h_rv,-0.0001503023682788958
SC,4,0.9,4,feat_5m_rv_rate_ratio_1h_4h,-0.00046493417664957693
SC,8,0.1,0,feat_15m_ret_1,3.913721347326828e-05
SC,8,0.1,0,feat_15m_ret_4,0.00029098656870270095
SC,8,0.1,0,feat_15m_ret_8,0.0003959732514567503
SC,8,0.1,0,feat_15m_ret_16,-0.0019252699611130846
SC,8,0.1,0,feat_15m_location_32,0.00014244972569569655
SC,8,0.1,0,feat_time_bars_since_segment_start,0.0011785774254908733
SC,8,0.1,0,feat_time_after_long_gap,-0.00044903466367009876
SC,8,0.1,0,feat_15m_volume_ratio_32,0.0007302685260277952
SC,8,0.1,0,feat_15m_oi_log_change_4,0.00029530266093395557
SC,8,0.1,0,feat_5m_1h_rv,-0.001298719071442358
SC,8,0.1,0,feat_5m_rv_rate_ratio_1h_4h,0.0009114781760343775
SC,8,0.5,0,feat_15m_ret_1,-0.000488555592386969
SC,8,0.5,0,feat_15m_ret_4,-0.0002671117015952763
SC,8,0.5,0,feat_15m_ret_8,0.00041437121530050076
SC,8,0.5,0,feat_15m_ret_16,-0.0012926388483799761
SC,8,0.5,0,feat_15m_location_32,0.0016398504845023963
SC,8,0.5,0,feat_time_bars_since_segment_start,-0.0005221822365921553
SC,8,0.5,0,feat_time_after_long_gap,0.0005336866193353171
SC,8,0.5,0,feat_15m_volume_ratio_32,-2.6067993856263878e-05
SC,8,0.5,0,feat_15m_oi_log_change_4,0.0007094823810069324
SC,8,0.5,0,feat_5m_1h_rv,-0.0019487237653433983
SC,8,0.5,0,feat_5m_rv_rate_ratio_1h_4h,0.0017349928773718532
SC,8,0.9,0,feat_15m_ret_1,-0.0008115693888686264
SC,8,0.9,0,feat_15m_ret_4,0.000599888200487635
SC,8,0.9,0,feat_15m_ret_8,-0.003120349755193341
SC,8,0.9,0,feat_15m_ret_16,0.0029207477881502105
SC,8,0.9,0,feat_15m_location_32,0.0021633959427877375
SC,8,0.9,0,feat_time_bars_since_segment_start,0.0012483983812927087
SC,8,0.9,0,feat_time_after_long_gap,0.001053232224905254
SC,8,0.9,0,feat_15m_volume_ratio_32,0.0005225986790275744
SC,8,0.9,0,feat_15m_oi_log_change_4,-0.0004430676571009521
SC,8,0.9,0,feat_5m_1h_rv,-0.002211745586105454
SC,8,0.9,0,feat_5m_rv_rate_ratio_1h_4h,0.0014634900639685091
SC,8,0.1,1,feat_15m_ret_1,0.00055183154386877
SC,8,0.1,1,feat_15m_ret_4,-0.0005193078188022135
SC,8,0.1,1,feat_15m_ret_8,-0.0002262853591990916
SC,8,0.1,1,feat_15m_ret_16,-0.0016222835831571079
SC,8,0.1,1,feat_15m_location_32,0.0008439037223373139
SC,8,0.1,1,feat_time_bars_since_segment_start,0.0006679514203898688
SC,8,0.1,1,feat_time_after_long_gap,-0.000207169040396147
SC,8,0.1,1,feat_15m_volume_ratio_32,0.001010851755682914
SC,8,0.1,1,feat_15m_oi_log_change_4,-0.0006210067437572134
SC,8,0.1,1,feat_5m_1h_rv,-0.0013108407852643362
SC,8,0.1,1,feat_5m_rv_rate_ratio_1h_4h,0.001250341858659423
SC,8,0.5,1,feat_15m_ret_1,7.166190793114629e-05
SC,8,0.5,1,feat_15m_ret_4,0.00020352447772522132
SC,8,0.5,1,feat_15m_ret_8,0.00042663334920282686
SC,8,0.5,1,feat_15m_ret_16,-0.0006571573103699114
SC,8,0.5,1,feat_15m_location_32,0.0009039369924235227
SC,8,0.5,1,feat_time_bars_since_segment_start,-4.9311995788847426e-05
SC,8,0.5,1,feat_time_after_long_gap,-0.0001348971544192534
SC,8,0.5,1,feat_15m_volume_ratio_32,-3.971073913866161e-05
SC,8,0.5,1,feat_15m_oi_log_change_4,0.0005178345660847738
SC,8,0.5,1,feat_5m_1h_rv,-0.00031770580364228363
SC,8,0.5,1,feat_5m_rv_rate_ratio_1h_4h,0.00028189115766255005
SC,8,0.9,1,feat_15m_ret_1,-0.0005908765298766142
SC,8,0.9,1,feat_15m_ret_4,-0.0006126064967037963
SC,8,0.9,1,feat_15m_ret_8,-0.00317423022562035
SC,8,0.9,1,feat_15m_ret_16,0.0026785165590159457
SC,8,0.9,1,feat_15m_location_32,0.0025438502473284883
SC,8,0.9,1,feat_time_bars_since_segment_start,-5.274526730191596e-05
SC,8,0.9,1,feat_time_after_long_gap,0.0009344313958568268
SC,8,0.9,1,feat_15m_volume_ratio_32,-4.019296469450919e-05
SC,8,0.9,1,feat_15m_oi_log_change_4,-0.00027394283844382473
SC,8,0.9,1,feat_5m_1h_rv,-0.001342130824343743
SC,8,0.9,1,feat_5m_rv_rate_ratio_1h_4h,0.0012924541894778197
SC,8,0.1,2,feat_15m_ret_1,0.0006665946720882508
SC,8,0.1,2,feat_15m_ret_4,-0.0011274551569787166
SC,8,0.1,2,feat_15m_ret_8,0.0002318328750345492
SC,8,0.1,2,feat_15m_ret_16,-0.0009861404686620989
SC,8,0.1,2,feat_15m_location_32,0.0005193552882166255
SC,8,0.1,2,feat_time_bars_since_segment_start,0.000644163638658244
SC,8,0.1,2,feat_time_after_long_gap,-0.00013084537914629242
SC,8,0.1,2,feat_15m_volume_ratio_32,0.00089060786763118
SC,8,0.1,2,feat_15m_oi_log_change_4,-0.0008059331243995881
SC,8,0.1,2,feat_5m_1h_rv,-0.0015901565399735818
SC,8,0.1,2,feat_5m_rv_rate_ratio_1h_4h,0.0017113682827687767
SC,8,0.5,2,feat_15m_ret_1,0.00010655269543426704
SC,8,0.5,2,feat_15m_ret_4,-0.0002127939018994057
SC,8,0.5,2,feat_15m_ret_8,0.00046045780848135885
SC,8,0.5,2,feat_15m_ret_16,-0.0009065607354499109
SC,8,0.5,2,feat_15m_location_32,0.0016867252233243007
SC,8,0.5,2,feat_time_bars_since_segment_start,0.00018778093201641573
SC,8,0.5,2,feat_time_after_long_gap,-8.480971271637165e-05
SC,8,0.5,2,feat_15m_volume_ratio_32,2.7045493003238388e-05
SC,8,0.5,2,feat_15m_oi_log_change_4,0.0004408464282086759
SC,8,0.5,2,feat_5m_1h_rv,-0.0005394439384229769
SC,8,0.5,2,feat_5m_rv_rate_ratio_1h_4h,0.0004166129095396677
SC,8,0.9,2,feat_15m_ret_1,-0.0004147692997511338
SC,8,0.9,2,feat_15m_ret_4,-0.000417778465285596
SC,8,0.9,2,feat_15m_ret_8,-0.001177686373549157
SC,8,0.9,2,feat_15m_ret_16,0.001797545491643803
SC,8,0.9,2,feat_15m_location_32,0.0033459492048250475
SC,8,0.9,2,feat_time_bars_since_segment_start,0.0010610575146321227
SC,8,0.9,2,feat_time_after_long_gap,0.00041737828064547847
SC,8,0.9,2,feat_15m_volume_ratio_32,0.00012757629391930078
SC,8,0.9,2,feat_15m_oi_log_change_4,-0.00040519198514024163
SC,8,0.9,2,feat_5m_1h_rv,0.00018368818493631083
SC,8,0.9,2,feat_5m_rv_rate_ratio_1h_4h,-0.00027194338153908176
SC,8,0.1,3,feat_15m_ret_1,0.0006574543777399322
SC,8,0.1,3,feat_15m_ret_4,-0.0027394173499770184
SC,8,0.1,3,feat_15m_ret_8,0.0013453449224159351
SC,8,0.1,3,feat_15m_ret_16,-0.0005160485092840146
SC,8,0.1,3,feat_15m_location_32,0.00044021048297203277
SC,8,0.1,3,feat_time_bars_since_segment_start,0.0005633598884656074
SC,8,0.1,3,feat_time_after_long_gap,-2.7402142487129557e-06
SC,8,0.1,3,feat_15m_volume_ratio_32,0.0012294474994046136
SC,8,0.1,3,feat_15m_oi_log_change_4,-0.00030704903660523425
SC,8,0.1,3,feat_5m_1h_rv,-0.001976441672736905
SC,8,0.1,3,feat_5m_rv_rate_ratio_1h_4h,0.0017671290190661017
SC,8,0.5,3,feat_15m_ret_1,2.8316804875388895e-06
SC,8,0.5,3,feat_15m_ret_4,-0.0009318306875321764
SC,8,0.5,3,feat_15m_ret_8,0.0004877453519564315
SC,8,0.5,3,feat_15m_ret_16,-0.0010176515398192772
SC,8,0.5,3,feat_15m_location_32,0.00211754006479682
SC,8,0.5,3,feat_time_bars_since_segment_start,0.00020698343288092983
SC,8,0.5,3,feat_time_after_long_gap,-5.9356519121585954e-05
SC,8,0.5,3,feat_15m_volume_ratio_32,0.00013816326894600654
SC,8,0.5,3,feat_15m_oi_log_change_4,-0.0006306236139465643
SC,8,0.5,3,feat_5m_1h_rv,-0.00047606403368935133
SC,8,0.5,3,feat_5m_rv_rate_ratio_1h_4h,0.00038934638353075717
SC,8,0.9,3,feat_15m_ret_1,-0.0003285046222319481
SC,8,0.9,3,feat_15m_ret_4,-0.0010518351139691944
SC,8,0.9,3,feat_15m_ret_8,-0.002921809208529823
SC,8,0.9,3,feat_15m_ret_16,0.00293888026507849
SC,8,0.9,3,feat_15m_location_32,0.0034036297054274856
SC,8,0.9,3,feat_time_bars_since_segment_start,0.0006882661203250456
SC,8,0.9,3,feat_time_after_long_gap,0.0004642403448890209
SC,8,0.9,3,feat_15m_volume_ratio_32,-4.67277156910672e-05
SC,8,0.9,3,feat_15m_oi_log_change_4,-0.00041962447442133507
SC,8,0.9,3,feat_5m_1h_rv,-0.0013710495551115117
SC,8,0.9,3,feat_5m_rv_rate_ratio_1h_4h,0.0004423511960591543
SC,8,0.1,4,feat_15m_ret_1,0.0005794200611371409
SC,8,0.1,4,feat_15m_ret_4,-0.002401293783822191
SC,8,0.1,4,feat_15m_ret_8,0.0012092255252250876
SC,8,0.1,4,feat_15m_ret_16,-0.0007758150463634056
SC,8,0.1,4,feat_15m_location_32,0.00023360895863883919
SC,8,0.1,4,feat_time_bars_since_segment_start,0.0005953062587611679
SC,8,0.1,4,feat_time_after_long_gap,3.147204618918724e-05
SC,8,0.1,4,feat_15m_volume_ratio_32,0.0011200873092602867
SC,8,0.1,4,feat_15m_oi_log_change_4,-0.0001559737424549465
SC,8,0.1,4,feat_5m_1h_rv,-0.0016873272081596646
SC,8,0.1,4,feat_5m_rv_rate_ratio_1h_4h,0.0014785418543176968
SC,8,0.5,4,feat_15m_ret_1,0.00019633606027407542
SC,8,0.5,4,feat_15m_ret_4,-0.0012414503835964429
SC,8,0.5,4,feat_15m_ret_8,0.00037802698256954857
SC,8,0.5,4,feat_15m_ret_16,-0.0005885179050199493
SC,8,0.5,4,feat_15m_location_32,0.0016059277550023064
SC,8,0.5,4,feat_time_bars_since_segment_start,0.0004753637003964818
SC,8,0.5,4,feat_time_after_long_gap,4.142969982941686e-07
SC,8,0.5,4,feat_15m_volume_ratio_32,8.443632587073151e-05
SC,8,0.5,4,feat_15m_oi_log_change_4,-0.000496519972000927
SC,8,0.5,4,feat_5m_1h_rv,-0.00044464566197519284
SC,8,0.5,4,feat_5m_rv_rate_ratio_1h_4h,0.0004638409560377498
SC,8,0.9,4,feat_15m_ret_1,-2.312622558610042e-05
SC,8,0.9,4,feat_15m_ret_4,-0.0007117445252139636
SC,8,0.9,4,feat_15m_ret_8,-0.003259191424725095
SC,8,0.9,4,feat_15m_ret_16,0.0033426041601308165
SC,8,0.9,4,feat_15m_location_32,0.0019595309763260934
SC,8,0.9,4,feat_time_bars_since_segment_start,0.0003194286376481069
SC,8,0.9,4,feat_time_after_long_gap,0.00011099119159933413
SC,8,0.9,4,feat_15m_volume_ratio_32,8.308353950819254e-06
SC,8,0.9,4,feat_15m_oi_log_change_4,-0.000741907394139715
SC,8,0.9,4,feat_5m_1h_rv,-0.0012535268925805232
SC,8,0.9,4,feat_5m_rv_rate_ratio_1h_4h,0.0004309558105662026
SC,16,0.1,0,feat_15m_ret_1,-0.00012043802598068038
SC,16,0.1,0,feat_15m_ret_4,0.0006739990029415202
SC,16,0.1,0,feat_15m_ret_8,0.002187611300639932
SC,16,0.1,0,feat_15m_ret_16,-0.006240768990002134
SC,16,0.1,0,feat_15m_location_32,0.0032624222694069703
SC,16,0.1,0,feat_time_bars_since_segment_start,0.0004951650876371845
SC,16,0.1,0,feat_time_after_long_gap,-0.0011297971499156375
SC,16,0.1,0,feat_15m_volume_ratio_32,0.0006062312808097521
SC,16,0.1,0,feat_15m_oi_log_change_4,0.002136299871687952
SC,16,0.1,0,feat_5m_1h_rv,-0.0011999789808231462
SC,16,0.1,0,feat_5m_rv_rate_ratio_1h_4h,-0.002185562901771921
SC,16,0.5,0,feat_15m_ret_1,-0.0005368147165589489
SC,16,0.5,0,feat_15m_ret_4,-0.001767085911169668
SC,16,0.5,0,feat_15m_ret_8,-0.00042907923945604854
SC,16,0.5,0,feat_15m_ret_16,-0.001395501080657976
SC,16,0.5,0,feat_15m_location_32,0.003833878436131225
SC,16,0.5,0,feat_time_bars_since_segment_start,-0.00011088749923775336
SC,16,0.5,0,feat_time_after_long_gap,0.0001657200236606825
SC,16,0.5,0,feat_15m_volume_ratio_32,-1.6091188662371813e-05
SC,16,0.5,0,feat_15m_oi_log_change_4,0.0005215911118397652
SC,16,0.5,0,feat_5m_1h_rv,-0.0021193208194694763
SC,16,0.5,0,feat_5m_rv_rate_ratio_1h_4h,0.0005300665189770893
SC,16,0.9,0,feat_15m_ret_1,0.0003158755775450679
SC,16,0.9,0,feat_15m_ret_4,-0.0010272103108889831
SC,16,0.9,0,feat_15m_ret_8,0.0007049563372538281
SC,16,0.9,0,feat_15m_ret_16,0.0067110507521478645
SC,16,0.9,0,feat_15m_location_32,-0.0032871900801133675
SC,16,0.9,0,feat_time_bars_since_segment_start,0.00266404687905019
SC,16,0.9,0,feat_time_after_long_gap,0.0007296873382972048
SC,16,0.9,0,feat_15m_volume_ratio_32,-0.000356793486292954
SC,16,0.9,0,feat_15m_oi_log_change_4,-0.0014012376297343556
SC,16,0.9,0,feat_5m_1h_rv,-2.0000823937101426e-05
SC,16,0.9,0,feat_5m_rv_rate_ratio_1h_4h,0.0032821523864258414
SC,16,0.1,1,feat_15m_ret_1,-0.0004974935719096807
SC,16,0.1,1,feat_15m_ret_4,-0.0009186289006782928
SC,16,0.1,1,feat_15m_ret_8,0.002644486013289555
SC,16,0.1,1,feat_15m_ret_16,-0.00773934021204664
SC,16,0.1,1,feat_15m_location_32,0.007258075448531508
SC,16,0.1,1,feat_time_bars_since_segment_start,-0.00031791227093224485
SC,16,0.1,1,feat_time_after_long_gap,0.00019080989337566387
SC,16,0.1,1,feat_15m_volume_ratio_32,0.0008240482124272402
SC,16,0.1,1,feat_15m_oi_log_change_4,0.0014124553268660778
SC,16,0.1,1,feat_5m_1h_rv,-0.0008518354032485206
SC,16,0.1,1,feat_5m_rv_rate_ratio_1h_4h,-0.001372869519299951
SC,16,0.5,1,feat_15m_ret_1,-8.477855904806462e-05
SC,16,0.5,1,feat_15m_ret_4,-0.0008565801831126618
SC,16,0.5,1,feat_15m_ret_8,-0.0006744263449247344
SC,16,0.5,1,feat_15m_ret_16,-0.001501581610793674
SC,16,0.5,1,feat_15m_location_32,0.003039372097925588
SC,16,0.5,1,feat_time_bars_since_segment_start,-0.0011521379985454572
SC,16,0.5,1,feat_time_after_long_gap,0.00018002712011284505
SC,16,0.5,1,feat_15m_volume_ratio_32,-8.781614492654546e-05
SC,16,0.5,1,feat_15m_oi_log_change_4,0.0004915984972814428
SC,16,0.5,1,feat_5m_1h_rv,-0.0013108983869462333
SC,16,0.5,1,feat_5m_rv_rate_ratio_1h_4h,-0.00016386478502194751
SC,16,0.9,1,feat_15m_ret_1,0.00026732719711448027
SC,16,0.9,1,feat_15m_ret_4,0.00013161353806035562
SC,16,0.9,1,feat_15m_ret_8,0.0004032951104924506
SC,16,0.9,1,feat_15m_ret_16,0.004331558083770812
SC,16,0.9,1,feat_15m_location_32,-0.001890356451162674
SC,16,0.9,1,feat_time_bars_since_segment_start,0.0007685083874630335
SC,16,0.9,1,feat_time_after_long_gap,0.0010741068697381968
SC,16,0.9,1,feat_15m_volume_ratio_32,-0.0014359787212113834
SC,16,0.9,1,feat_15m_oi_log_change_4,-0.0009878788679894615
SC,16,0.9,1,feat_5m_1h_rv,0.0002413392648989524
SC,16,0.9,1,feat_5m_rv_rate_ratio_1h_4h,0.003315504495199853
SC,16,0.1,2,feat_15m_ret_1,-0.0006227441964073276
SC,16,0.1,2,feat_15m_ret_4,-0.0006461335320134286
SC,16,0.1,2,feat_15m_ret_8,0.0023618100996874694
SC,16,0.1,2,feat_15m_ret_16,-0.005527152250731666
SC,16,0.1,2,feat_15m_location_32,0.00488910898167962
SC,16,0.1,2,feat_time_bars_since_segment_start,7.5317586697306484e-06
SC,16,0.1,2,feat_time_after_long_gap,-4.711845747593446e-06
SC,16,0.1,2,feat_15m_volume_ratio_32,0.0008157019916405817
SC,16,0.1,2,feat_15m_oi_log_change_4,0.00031106788221081877
SC,16,0.1,2,feat_5m_1h_rv,-0.0006520192289034053
SC,16,0.1,2,feat_5m_rv_rate_ratio_1h_4h,-0.0015381917219663937
SC,16,0.5,2,feat_15m_ret_1,-0.00019001272037902811
SC,16,0.5,2,feat_15m_ret_4,-0.0009451746471584376
SC,16,0.5,2,feat_15m_ret_8,-0.00012524058082203013
SC,16,0.5,2,feat_15m_ret_16,-0.0016113160790724105
SC,16,0.5,2,feat_15m_location_32,0.003623575646821166
SC,16,0.5,2,feat_time_bars_since_segment_start,-0.0006136161119471495
SC,16,0.5,2,feat_time_after_long_gap,8.016158833977491e-05
SC,16,0.5,2,feat_15m_volume_ratio_32,0.0002798950852060068
SC,16,0.5,2,feat_15m_oi_log_change_4,0.00016627272164024208
SC,16,0.5,2,feat_5m_1h_rv,-0.0015074096509373445
SC,16,0.5,2,feat_5m_rv_rate_ratio_1h_4h,0.0005929777956910464
SC,16,0.9,2,feat_15m_ret_1,-0.00012642092316405006
SC,16,0.9,2,feat_15m_ret_4,-0.0008279711673229483
SC,16,0.9,2,feat_15m_ret_8,0.00038954064351810275
SC,16,0.9,2,feat_15m_ret_16,-0.0009792138078461253
SC,16,0.9,2,feat_15m_location_32,0.006826257842206707
SC,16,0.9,2,feat_time_bars_since_segment_start,0.002321756254537615
SC,16,0.9,2,feat_time_after_long_gap,0.0004884737532692335
SC,16,0.9,2,feat_15m_volume_ratio_32,-0.0004890340337709172
SC,16,0.9,2,feat_15m_oi_log_change_4,-0.000882967316598691
SC,16,0.9,2,feat_5m_1h_rv,-0.0033693512468902604
SC,16,0.9,2,feat_5m_rv_rate_ratio_1h_4h,0.004869321323190731
SC,16,0.1,3,feat_15m_ret_1,0.0004922707275896146
SC,16,0.1,3,feat_15m_ret_4,-0.0023361797303773652
SC,16,0.1,3,feat_15m_ret_8,0.001621094541156187
SC,16,0.1,3,feat_15m_ret_16,-0.003134401946711214
SC,16,0.1,3,feat_15m_location_32,0.00293445080295944
SC,16,0.1,3,feat_time_bars_since_segment_start,0.0009124044425482629
SC,16,0.1,3,feat_time_after_long_gap,-0.00045514613182340546
SC,16,0.1,3,feat_15m_volume_ratio_32,0.0009154782704233358
SC,16,0.1,3,feat_15m_oi_log_change_4,0.0006076495646453891
SC,16,0.1,3,feat_5m_1h_rv,0.00029509675826949977
SC,16,0.1,3,feat_5m_rv_rate_ratio_1h_4h,-0.0006564667641626496
SC,16,0.5,3,feat_15m_ret_1,-0.0003456849898775126
SC,16,0.5,3,feat_15m_ret_4,-0.0009875110589838653
SC,16,0.5,3,feat_15m_ret_8,-0.0008014569952617741
SC,16,0.5,3,feat_15m_ret_16,-0.0004962938285257778
SC,16,0.5,3,feat_15m_location_32,0.0038692240322678946
SC,16,0.5,3,feat_time_bars_since_segment_start,-0.0005780285926375087
SC,16,0.5,3,feat_time_after_long_gap,7.699845331271604e-05
SC,16,0.5,3,feat_15m_volume_ratio_32,-8.917749688825337e-05
SC,16,0.5,3,feat_15m_oi_log_change_4,-0.0006636708603138419
SC,16,0.5,3,feat_5m_1h_rv,-0.0015737370176128072
SC,16,0.5,3,feat_5m_rv_rate_ratio_1h_4h,0.0007037616087824661
SC,16,0.9,3,feat_15m_ret_1,5.727081283994033e-05
SC,16,0.9,3,feat_15m_ret_4,-0.0014901924387874215
SC,16,0.9,3,feat_15m_ret_8,-0.0015687456357549017
SC,16,0.9,3,feat_15m_ret_16,0.0028563839277297074
SC,16,0.9,3,feat_15m_location_32,0.004978792296007951
SC,16,0.9,3,feat_time_bars_since_segment_start,0.0009084005855145964
SC,16,0.9,3,feat_time_after_long_gap,0.000338833259778713
SC,16,0.9,3,feat_15m_volume_ratio_32,-0.0003174508287523692
SC,16,0.9,3,feat_15m_oi_log_change_4,-0.0017059349951200782
SC,16,0.9,3,feat_5m_1h_rv,-0.003703602272116737
SC,16,0.9,3,feat_5m_rv_rate_ratio_1h_4h,0.004448466896802004
SC,16,0.1,4,feat_15m_ret_1,0.0007045242722209743
SC,16,0.1,4,feat_15m_ret_4,-0.0023382994091091787
SC,16,0.1,4,feat_15m_ret_8,0.002591034072355594
SC,16,0.1,4,feat_15m_ret_16,-0.004572264203087256
SC,16,0.1,4,feat_15m_location_32,0.003265769707256873
SC,16,0.1,4,feat_time_bars_since_segment_start,0.0005803905824676534
SC,16,0.1,4,feat_time_after_long_gap,-0.00010419213047436008
SC,16,0.1,4,feat_15m_volume_ratio_32,0.0005338617357659257
SC,16,0.1,4,feat_15m_oi_log_change_4,0.0006751398001485701
SC,16,0.1,4,feat_5m_1h_rv,0.000286444882284626
SC,16,0.1,4,feat_5m_rv_rate_ratio_1h_4h,-0.0007955826889751066
SC,16,0.5,4,feat_15m_ret_1,-0.0005440842876793341
SC,16,0.5,4,feat_15m_ret_4,-0.0010522472887410273
SC,16,0.5,4,feat_15m_ret_8,-0.0006769232199537381
SC,16,0.5,4,feat_15m_ret_16,4.92459147711905e-05
SC,16,0.5,4,feat_15m_location_32,0.00298704692690663
SC,16,0.5,4,feat_time_bars_since_segment_start,0.00015685696208780578
SC,16,0.5,4,feat_time_after_long_gap,-0.00036268117487473146
SC,16,0.5,4,feat_15m_volume_ratio_32,0.0001798656816993804
SC,16,0.5,4,feat_15m_oi_log_change_4,0.00021195967918625775
SC,16,0.5,4,feat_5m_1h_rv,-0.0014330283267075966
SC,16,0.5,4,feat_5m_rv_rate_ratio_1h_4h,0.000602795653021795
SC,16,0.9,4,feat_15m_ret_1,-0.00025289053713303935
SC,16,0.9,4,feat_15m_ret_4,-0.00037349951925306476
SC,16,0.9,4,feat_15m_ret_8,-0.0012013490004570465
SC,16,0.9,4,feat_15m_ret_16,0.00388822872384963
SC,16,0.9,4,feat_15m_location_32,0.0010483723930980757
SC,16,0.9,4,feat_time_bars_since_segment_start,3.942765080280758e-05
SC,16,0.9,4,feat_time_after_long_gap,0.0003079377400622837
SC,16,0.9,4,feat_15m_volume_ratio_32,-0.0006603236559658499
SC,16,0.9,4,feat_15m_oi_log_change_4,-0.0008524823368471226
SC,16,0.9,4,feat_5m_1h_rv,-0.003107800151797236
SC,16,0.9,4,feat_5m_rv_rate_ratio_1h_4h,0.0044447308918401165
M,4,0.1,0,feat_15m_ret_1,-0.0005174189468787307
M,4,0.1,0,feat_15m_ret_4,-0.0006062121835466125
M,4,0.1,0,feat_15m_ret_8,-0.00030493895493524
M,4,0.1,0,feat_15m_ret_16,-0.0011233794258799063
M,4,0.1,0,feat_15m_location_32,-5.125567155241937e-06
M,4,0.1,0,feat_time_bars_since_segment_start,-0.0007926341633174191
M,4,0.1,0,feat_time_after_long_gap,0.00035720539724187577
M,4,0.1,0,feat_15m_volume_ratio_32,-6.777310683184056e-05
M,4,0.1,0,feat_15m_oi_log_change_4,0.004015362312042028
M,4,0.1,0,feat_5m_1h_rv,-0.00401690795893225
M,4,0.1,0,feat_5m_rv_rate_ratio_1h_4h,0.0015238981444576443
M,4,0.5,0,feat_15m_ret_1,-5.169973149135527e-05
M,4,0.5,0,feat_15m_ret_4,0.00023876171115496119
M,4,0.5,0,feat_15m_ret_8,-0.0002131195434858789
M,4,0.5,0,feat_15m_ret_16,-0.0003569727825970806
M,4,0.5,0,feat_15m_location_32,-5.7895371207605435e-06
M,4,0.5,0,feat_time_bars_since_segment_start,0.00020614287069870623
M,4,0.5,0,feat_time_after_long_gap,-0.0002650235408853932
M,4,0.5,0,feat_15m_volume_ratio_32,-8.567248206647058e-07
M,4,0.5,0,feat_15m_oi_log_change_4,0.00019599251875391266
M,4,0.5,0,feat_5m_1h_rv,0.00011930318787542402
M,4,0.5,0,feat_5m_rv_rate_ratio_1h_4h,6.048299607152818e-05
M,4,0.9,0,feat_15m_ret_1,-0.00021941974682424857
M,4,0.9,0,feat_15m_ret_4,0.00035693943057418115
M,4,0.9,0,feat_15m_ret_8,0.0005553576119115972
M,4,0.9,0,feat_15m_ret_16,-0.0008026582176281814
M,4,0.9,0,feat_15m_location_32,0.0008831657413349743
M,4,0.9,0,feat_time_bars_since_segment_start,0.0019876941014190957
M,4,0.9,0,feat_time_after_long_gap,-0.0011092081790857519
M,4,0.9,0,feat_15m_volume_ratio_32,0.0005167558557178125
M,4,0.9,0,feat_15m_oi_log_change_4,-0.001494750095284152
M,4,0.9,0,feat_5m_1h_rv,0.002176468414610873
M,4,0.9,0,feat_5m_rv_rate_ratio_1h_4h,-0.0011068494996337636
M,4,0.1,1,feat_15m_ret_1,-5.3234037643964774e-05
M,4,0.1,1,feat_15m_ret_4,1.3346252751038327e-06
M,4,0.1,1,feat_15m_ret_8,-0.0007185152559190318
M,4,0.1,1,feat_15m_ret_16,-0.0010793489372840442
M,4,0.1,1,feat_15m_location_32,0.00037948537427768473
M,4,0.1,1,feat_time_bars_since_segment_start,-0.0006603564956031651
M,4,0.1,1,feat_time_after_long_gap,0.00022075431123555253
M,4,0.1,1,feat_15m_volume_ratio_32,-8.26894204286153e-05
M,4,0.1,1,feat_15m_oi_log_change_4,0.002486056669763583
M,4,0.1,1,feat_5m_1h_rv,-0.0023367641571462707
M,4,0.1,1,feat_5m_rv_rate_ratio_1h_4h,0.0008947583016104097
M,4,0.5,1,feat_15m_ret_1,-0.00011335147054874383
M,4,0.5,1,feat_15m_ret_4,0.0002636330511813092
M,4,0.5,1,feat_15m_ret_8,-0.00023189044304810797
M,4,0.5,1,feat_15m_ret_16,-0.00024786261545949224
M,4,0.5,1,feat_15m_location_32,-5.479844635188518e-05
M,4,0.5,1,feat_time_bars_since_segment_start,0.00021851779872511504
M,4,0.5,1,feat_time_after_long_gap,-0.0003000935293005618
M,4,0.5,1,feat_15m_volume_ratio_32,-3.2653196680161836e-05
M,4,0.5,1,feat_15m_oi_log_change_4,0.00018692092965597363
M,4,0.5,1,feat_5m_1h_rv,3.892879741168826e-05
M,4,0.5,1,feat_5m_rv_rate_ratio_1h_4h,7.980282398389071e-05
M,4,0.9,1,feat_15m_ret_1,-0.00024276839220253087
M,4,0.9,1,feat_15m_ret_4,0.00023324243656774348
M,4,0.9,1,feat_15m_ret_8,0.0001394455035843109
M,4,0.9,1,feat_15m_ret_16,-0.0002298114488080607
M,4,0.9,1,feat_15m_location_32,0.000140802121282069
M,4,0.9,1,feat_time_bars_since_segment_start,0.0015813894516116553
M,4,0.9,1,feat_time_after_long_gap,-0.0008201012952281512
M,4,0.9,1,feat_15m_volume_ratio_32,0.00041206054710833754
M,4,0.9,1,feat_15m_oi_log_change_4,-0.0006743378921491791
M,4,0.9,1,feat_5m_1h_rv,0.001699267989122448
M,4,0.9,1,feat_5m_rv_rate_ratio_1h_4h,-0.0007582405564615902
M,4,0.1,2,feat_15m_ret_1,1.6022661062378157e-05
M,4,0.1,2,feat_15m_ret_4,9.076598441914725e-05
M,4,0.1,2,feat_15m_ret_8,-0.0006376340947129738
M,4,0.1,2,feat_15m_ret_16,-0.0009668203913068388
M,4,0.1,2,feat_15m_location_32,0.00043369729201010704
M,4,0.1,2,feat_time_bars_since_segment_start,-0.0006283108754352332
M,4,0.1,2,feat_time_after_long_gap,0.00027210817277262386
M,4,0.1,2,feat_15m_volume_ratio_32,-9.0233767127633e-05
M,4,0.1,2,feat_15m_oi_log_change_4,0.0019980553448068145
M,4,0.1,2,feat_5m_1h_rv,-0.0018642023593716125
M,4,0.1,2,feat_5m_rv_rate_ratio_1h_4h,0.0006841450306269119
M,4,0.5,2,feat_15m_ret_1,-0.00011505972084270116
M,4,0.5,2,feat_15m_ret_4,0.00023692096601677376
M,4,0.5,2,feat_15m_ret_8,-0.00024180510223276394
M,4,0.5,2,feat_15m_ret_16,-0.00015049309369833042
M,4,0.5,2,feat_15m_location_32,-3.911673895329451e-05
M,4,0.5,2,feat_time_bars_since_segment_start,0.0001402532388080058
M,4,0.5,2,feat_time_after_long_gap,-0.00021574070487649467
M,4,0.5,2,feat_15m_volume_ratio_32,7.370050359454252e-05
M,4,0.5,2,feat_15m_oi_log_change_4,0.00015527519510973338
M,4,0.5,2,feat_5m_1h_rv,3.8515810545721395e-05
M,4,0.5,2,feat_5m_rv_rate_ratio_1h_4h,8.018741327933648e-05
M,4,0.9,2,feat_15m_ret_1,-0.0002452614382494006
M,4,0.9,2,feat_15m_ret_4,0.000295512984939411
M,4,0.9,2,feat_15m_ret_8,-0.0001793228782900166
M,4,0.9,2,feat_15m_ret_16,-0.0001999518960750135
M,4,0.9,2,feat_15m_location_32,0.00046172367809660186
M,4,0.9,2,feat_time_bars_since_segment_start,0.0013911136675669553
M,4,0.9,2,feat_time_after_long_gap,-0.0008235957738834314
M,4,0.9,2,feat_15m_volume_ratio_32,0.00043670213365820003
M,4,0.9,2,feat_15m_oi_log_change_4,-0.0006092005122622856
M,4,0.9,2,feat_5m_1h_rv,0.0014695107112397841
M,4,0.9,2,feat_5m_rv_rate_ratio_1h_4h,-0.000511107122575985
M,4,0.1,3,feat_15m_ret_1,-5.1486911627563966e-05
M,4,0.1,3,feat_15m_ret_4,0.00010308664801697048
M,4,0.1,3,feat_15m_ret_8,-0.0006241690451765895
M,4,0.1,3,feat_15m_ret_16,-0.0009593215148886534
M,4,0.1,3,feat_15m_location_32,0.0006219143271011711
M,4,0.1,3,feat_time_bars_since_segment_start,-0.0006268522796833723
M,4,0.1,3,feat_time_after_long_gap,0.00023766367539610573
M,4,0.1,3,feat_15m_volume_ratio_32,-8.902002097194144e-05
M,4,0.1,3,feat_15m_oi_log_change_4,0.0017931080199286374
M,4,0.1,3,feat_5m_1h_rv,-0.0017099759419308307
M,4,0.1,3,feat_5m_rv_rate_ratio_1h_4h,0.0005811588112519518
M,4,0.5,3,feat_15m_ret_1,-3.289069673765872e-05
M,4,0.5,3,feat_15m_ret_4,0.00013499781939334095
M,4,0.5,3,feat_15m_ret_8,-0.0003606409073896829
M,4,0.5,3,feat_15m_ret_16,5.402954040030232e-05
M,4,0.5,3,feat_15m_location_32,2.1692363714244667e-05
M,4,0.5,3,feat_time_bars_since_segment_start,4.801922183884701e-05
M,4,0.5,3,feat_time_after_long_gap,-0.0001553829905567234
M,4,0.5,3,feat_15m_volume_ratio_32,3.816062515722706e-05
M,4,0.5,3,feat_15m_oi_log_change_4,0.00015389945671535917
M,4,0.5,3,feat_5m_1h_rv,4.562440320952105e-05
M,4,0.5,3,feat_5m_rv_rate_ratio_1h_4h,9.428983051711908e-05
M,4,0.9,3,feat_15m_ret_1,-0.00020734662019394472
M,4,0.9,3,feat_15m_ret_4,0.000437806689321128
M,4,0.9,3,feat_15m_ret_8,-0.0003288255125142616
M,4,0.9,3,feat_15m_ret_16,-0.0001051221570739707
M,4,0.9,3,feat_15m_location_32,0.00031172236839063067
M,4,0.9,3,feat_time_bars_since_segment_start,0.001173369649562193
M,4,0.9,3,feat_time_after_long_gap,-0.0005439187874421966
M,4,0.9,3,feat_15m_volume_ratio_32,0.0005219617220666113
M,4,0.9,3,feat_15m_oi_log_change_4,-0.0002720234774979281
M,4,0.9,3,feat_5m_1h_rv,0.0015238721525189858
M,4,0.9,3,feat_5m_rv_rate_ratio_1h_4h,-0.00029981168647899727
M,4,0.1,4,feat_15m_ret_1,2.043840138534872e-05
M,4,0.1,4,feat_15m_ret_4,-0.00022747931539852272
M,4,0.1,4,feat_15m_ret_8,-0.0005328358871834499
M,4,0.1,4,feat_15m_ret_16,-0.0008918471862361292
M,4,0.1,4,feat_15m_location_32,0.0006885202405386622
M,4,0.1,4,feat_time_bars_since_segment_start,-0.0006386042836330779
M,4,0.1,4,feat_time_after_long_gap,0.0002588108906757396
M,4,0.1,4,feat_15m_volume_ratio_32,-0.00020434905215086172
M,4,0.1,4,feat_15m_oi_log_change_4,0.0012334510513028207
M,4,0.1,4,feat_5m_1h_rv,-0.0018190841064371778
M,4,0.1,4,feat_5m_rv_rate_ratio_1h_4h,0.0005905141339403967
M,4,0.5,4,feat_15m_ret_1,-1.0972269829950669e-06
M,4,0.5,4,feat_15m_ret_4,-5.688432441650358e-05
M,4,0.5,4,feat_15m_ret_8,-0.00026635515646361563
M,4,0.5,4,feat_15m_ret_16,-3.4009343046958205e-06
M,4,0.5,4,feat_15m_location_32,2.3853128132857562e-05
M,4,0.5,4,feat_time_bars_since_segment_start,5.281399752824209e-05
M,4,0.5,4,feat_time_after_long_gap,-0.00013160330829341298
M,4,0.5,4,feat_15m_volume_ratio_32,5.1375803091293894e-05
M,4,0.5,4,feat_15m_oi_log_change_4,4.6621596888708835e-05
M,4,0.5,4,feat_5m_1h_rv,0.00012344481991367602
M,4,0.5,4,feat_5m_rv_rate_ratio_1h_4h,0.0001545759480384547
M,4,0.9,4,feat_15m_ret_1,-6.639089624784385e-05
M,4,0.9,4,feat_15m_ret_4,0.00031747113805740275
M,4,0.9,4,feat_15m_ret_8,-0.0003607213844136809
M,4,0.9,4,feat_15m_ret_16,6.388200435541331e-05
M,4,0.9,4,feat_15m_location_32,0.0001449486038800042
M,4,0.9,4,feat_time_bars_since_segment_start,0.0010635544369134746
M,4,0.9,4,feat_time_after_long_gap,-0.0004299690812175373
M,4,0.9,4,feat_15m_volume_ratio_32,0.00047040708892247257
M,4,0.9,4,feat_15m_oi_log_change_4,-3.366605063392543e-05
M,4,0.9,4,feat_5m_1h_rv,0.0019330956248277175
M,4,0.9,4,feat_5m_rv_rate_ratio_1h_4h,-0.00035338560893747077
M,8,0.1,0,feat_15m_ret_1,0.00025003093931776787
M,8,0.1,0,feat_15m_ret_4,-0.00010502540133229347
M,8,0.1,0,feat_15m_ret_8,-0.0006328077324148039
M,8,0.1,0,feat_15m_ret_16,-0.0007140420087960429
M,8,0.1,0,feat_15m_location_32,-0.0011768866001947177
M,8,0.1,0,feat_time_bars_since_segment_start,-7.29783173430365e-05
M,8,0.1,0,feat_time_after_long_gap,0.0005181518836801605
M,8,0.1,0,feat_15m_volume_ratio_32,0.00026388841557797047
M,8,0.1,0,feat_15m_oi_log_change_4,0.004888306536475182
M,8,0.1,0,feat_5m_1h_rv,-0.005146014831209265
M,8,0.1,0,feat_5m_rv_rate_ratio_1h_4h,0.001680165141856376
M,8,0.5,0,feat_15m_ret_1,-3.532310478138353e-05
M,8,0.5,0,feat_15m_ret_4,-0.000731410105263377
M,8,0.5,0,feat_15m_ret_8,0.0006220605075643009
M,8,0.5,0,feat_15m_ret_16,-0.0008798596172003288
M,8,0.5,0,feat_15m_location_32,0.00018831313987540072
M,8,0.5,0,feat_time_bars_since_segment_start,-0.00032257431620303896
M,8,0.5,0,feat_time_after_long_gap,-2.332895828216222e-06
M,8,0.5,0,feat_15m_volume_ratio_32,6.161987887290515e-05
M,8,0.5,0,feat_15m_oi_log_change_4,0.0015541384743571454
M,8,0.5,0,feat_5m_1h_rv,-0.0012853556083902281
M,8,0.5,0,feat_5m_rv_rate_ratio_1h_4h,-0.00019058203715466323
M,8,0.9,0,feat_15m_ret_1,-7.696301725261534e-05
M,8,0.9,0,feat_15m_ret_4,0.00112202961812712
M,8,0.9,0,feat_15m_ret_8,0.0003948494758942322
M,8,0.9,0,feat_15m_ret_16,-0.0022574754232308164
M,8,0.9,0,feat_15m_location_32,0.00268808309691768
M,8,0.9,0,feat_time_bars_since_segment_start,0.0024502205687694225
M,8,0.9,0,feat_time_after_long_gap,-0.0016077571070947354
M,8,0.9,0,feat_15m_volume_ratio_32,0.0005708933788919523
M,8,0.9,0,feat_15m_oi_log_change_4,-0.002840939783237376
M,8,0.9,0,feat_5m_1h_rv,0.0028182145932914263
M,8,0.9,0,feat_5m_rv_rate_ratio_1h_4h,-0.001759908197778604
M,8,0.1,1,feat_15m_ret_1,-0.00020393715629393776
M,8,0.1,1,feat_15m_ret_4,1.2986851213689972e-05
M,8,0.1,1,feat_15m_ret_8,-0.0009650075564482532
M,8,0.1,1,feat_15m_ret_16,-0.001143451106813703
M,8,0.1,1,feat_15m_location_32,0.00024899671649613757
M,8,0.1,1,feat_time_bars_since_segment_start,-0.00044959127310958724
M,8,0.1,1,feat_time_after_long_gap,0.0005541304142661559
M,8,0.1,1,feat_15m_volume_ratio_32,2.979535722879067e-07
M,8,0.1,1,feat_15m_oi_log_change_4,0.004521676618383926
M,8,0.1,1,feat_5m_1h_rv,-0.004641015348237732
M,8,0.1,1,feat_5m_rv_rate_ratio_1h_4h,0.0011702308280659376
M,8,0.5,1,feat_15m_ret_1,-8.553217060315623e-06
M,8,0.5,1,feat_15m_ret_4,-0.0006357019880878568
M,8,0.5,1,feat_15m_ret_8,0.00048587102661303493
M,8,0.5,1,feat_15m_ret_16,-0.0006084209869711215
M,8,0.5,1,feat_15m_location_32,5.0049574083886696e-06
M,8,0.5,1,feat_time_bars_since_segment_start,-0.00020273436789111638
M,8,0.5,1,feat_time_after_long_gap,-2.6081548699511902e-05
M,8,0.5,1,feat_15m_volume_ratio_32,-1.2423253775917623e-05
M,8,0.5,1,feat_15m_oi_log_change_4,0.0013456334856880947
M,8,0.5,1,feat_5m_1h_rv,-0.0011895567089594142
M,8,0.5,1,feat_5m_rv_rate_ratio_1h_4h,4.5065613446407634e-05
M,8,0.9,1,feat_15m_ret_1,-0.0001318537633675771
M,8,0.9,1,feat_15m_ret_4,0.001280894224539133
M,8,0.9,1,feat_15m_ret_8,-0.0005346565563141681
M,8,0.9,1,feat_15m_ret_16,-0.0010753090746761767
M,8,0.9,1,feat_15m_location_32,0.001093501655592488
M,8,0.9,1,feat_time_bars_since_segment_start,0.0015349556816640225
M,8,0.9,1,feat_time_after_long_gap,-0.0011047601831740159
M,8,0.9,1,feat_15m_volume_ratio_32,0.0007693295310163467
M,8,0.9,1,feat_15m_oi_log_change_4,-0.002120032437335523
M,8,0.9,1,feat_5m_1h_rv,0.001948758732714
M,8,0.9,1,feat_5m_rv_rate_ratio_1h_4h,-0.0006417186335356932
M,8,0.1,2,feat_15m_ret_1,-0.00013971890283417132
M,8,0.1,2,feat_15m_ret_4,6.802151037514084e-05
M,8,0.1,2,feat_15m_ret_8,-0.0004900367715582337
M,8,0.1,2,feat_15m_ret_16,-0.0010823908995670193
M,8,0.1,2,feat_15m_location_32,-3.962367673364975e-05
M,8,0.1,2,feat_time_bars_since_segment_start,-9.656866431663159e-05
M,8,0.1,2,feat_time_after_long_gap,0.00029611552879677726
M,8,0.1,2,feat_15m_volume_ratio_32,0.00010357809997049797
M,8,0.1,2,feat_15m_oi_log_change_4,0.003351855425067679
M,8,0.1,2,feat_5m_1h_rv,-0.0035549050674376944
M,8,0.1,2,feat_5m_rv_rate_ratio_1h_4h,0.0009228416942491005
M,8,0.5,2,feat_15m_ret_1,-1.5181186519453368e-06
M,8,0.5,2,feat_15m_ret_4,-0.0004217273549631989
M,8,0.5,2,feat_15m_ret_8,8.268408473808795e-05
M,8,0.5,2,feat_15m_ret_16,-0.0003937216449253219
M,8,0.5,2,feat_15m_location_32,6.797631483289194e-05
M,8,0.5,2,feat_time_bars_since_segment_start,8.851086683161228e-06
M,8,0.5,2,feat_time_after_long_gap,-5.299858481835849e-05
M,8,0.5,2,feat_15m_volume_ratio_32,0.0001496369351468913
M,8,0.5,2,feat_15m_oi_log_change_4,0.0011743642564755318
M,8,0.5,2,feat_5m_1h_rv,-0.0010446624183790935
M,8,0.5,2,feat_5m_rv_rate_ratio_1h_4h,8.362886524009498e-05
M,8,0.9,2,feat_15m_ret_1,-0.0003057014975839884
M,8,0.9,2,feat_15m_ret_4,0.000812005226187735
M,8,0.9,2,feat_15m_ret_8,-0.00024743629914108345
M,8,0.9,2,feat_15m_ret_16,-0.0009915463048421102
M,8,0.9,2,feat_15m_location_32,0.001084646264588671
M,8,0.9,2,feat_time_bars_since_segment_start,0.0007512157298146814
M,8,0.9,2,feat_time_after_long_gap,-0.0007249984784913422
M,8,0.9,2,feat_15m_volume_ratio_32,0.0002122472863473827
M,8,0.9,2,feat_15m_oi_log_change_4,-0.000388469586748145
M,8,0.9,2,feat_5m_1h_rv,0.0016826124760212224
M,8,0.9,2,feat_5m_rv_rate_ratio_1h_4h,-0.00040785684606365995
M,8,0.1,3,feat_15m_ret_1,-0.00017998974096844136
M,8,0.1,3,feat_15m_ret_4,0.0002066317450742468
M,8,0.1,3,feat_15m_ret_8,-0.0009852203392998514
M,8,0.1,3,feat_15m_ret_16,-0.000850972699488151
M,8,0.1,3,feat_15m_location_32,0.0006582521444017963
M,8,0.1,3,feat_time_bars_since_segment_start,-0.00027872889066705417
M,8,0.1,3,feat_time_after_long_gap,0.0002859858964553027
M,8,0.1,3,feat_15m_volume_ratio_32,-3.354734365815139e-05
M,8,0.1,3,feat_15m_oi_log_change_4,0.0028927902465152823
M,8,0.1,3,feat_5m_1h_rv,-0.004617933299249026
M,8,0.1,3,feat_5m_rv_rate_ratio_1h_4h,0.0007751552778105404
M,8,0.5,3,feat_15m_ret_1,-1.0586412245350883e-05
M,8,0.5,3,feat_15m_ret_4,-0.0005127805493286489
M,8,0.5,3,feat_15m_ret_8,0.00019811779440851986
M,8,0.5,3,feat_15m_ret_16,-0.00023557491509946087
M,8,0.5,3,feat_15m_location_32,0.00014431597441633056
M,8,0.5,3,feat_time_bars_since_segment_start,-1.2787666011514784e-05
M,8,0.5,3,feat_time_after_long_gap,-6.939838883948741e-05
M,8,0.5,3,feat_15m_volume_ratio_32,0.00017129442528968414
M,8,0.5,3,feat_15m_oi_log_change_4,0.0009780955920577102
M,8,0.5,3,feat_5m_1h_rv,-0.0008904561535927503
M,8,0.5,3,feat_5m_rv_rate_ratio_1h_4h,0.00018579865644235058
M,8,0.9,3,feat_15m_ret_1,7.729664861966221e-05
M,8,0.9,3,feat_15m_ret_4,0.00042395494315131604
M,8,0.9,3,feat_15m_ret_8,7.636619940797778e-05
M,8,0.9,3,feat_15m_ret_16,-0.0002440293394335093
M,8,0.9,3,feat_15m_location_32,5.530679197015815e-05
M,8,0.9,3,feat_time_bars_since_segment_start,0.0005288399046088428
M,8,0.9,3,feat_time_after_long_gap,-0.0003759776541424937
M,8,0.9,3,feat_15m_volume_ratio_32,7.261123513804207e-05
M,8,0.9,3,feat_15m_oi_log_change_4,0.0004070245563197501
M,8,0.9,3,feat_5m_1h_rv,0.0019383840966550265
M,8,0.9,3,feat_5m_rv_rate_ratio_1h_4h,-0.00014136454418322005
M,8,0.1,4,feat_15m_ret_1,-0.00029161278816203576
M,8,0.1,4,feat_15m_ret_4,7.611206983587885e-05
M,8,0.1,4,feat_15m_ret_8,-0.0009394456629944221
M,8,0.1,4,feat_15m_ret_16,-0.0007521829421637012
M,8,0.1,4,feat_15m_location_32,0.0007025291234989609
M,8,0.1,4,feat_time_bars_since_segment_start,-0.00030470769521463736
M,8,0.1,4,feat_time_after_long_gap,0.00035435240327802306
M,8,0.1,4,feat_15m_volume_ratio_32,-0.00012821545302466947
M,8,0.1,4,feat_15m_oi_log_change_4,0.001802295033748568
M,8,0.1,4,feat_5m_1h_rv,-0.004380624664499319
M,8,0.1,4,feat_5m_rv_rate_ratio_1h_4h,0.0008648167104803043
M,8,0.5,4,feat_15m_ret_1,-2.5639027629919795e-05
M,8,0.5,4,feat_15m_ret_4,-0.0004271129082364706
M,8,0.5,4,feat_15m_ret_8,-8.991708400270395e-05
M,8,0.5,4,feat_15m_ret_16,-0.00023891055607958486
M,8,0.5,4,feat_15m_location_32,0.0001577070174198779
M,8,0.5,4,feat_time_bars_since_segment_start,2.6087840635771286e-05
M,8,0.5,4,feat_time_after_long_gap,-8.360375507457672e-05
M,8,0.5,4,feat_15m_volume_ratio_32,0.00029830952622229465
M,8,0.5,4,feat_15m_oi_log_change_4,0.0007351369972571875
M,8,0.5,4,feat_5m_1h_rv,-0.0005603549471482407
M,8,0.5,4,feat_5m_rv_rate_ratio_1h_4h,0.00014532594419375223
M,8,0.9,4,feat_15m_ret_1,0.0001612402284577
M,8,0.9,4,feat_15m_ret_4,0.000316926244659153
M,8,0.9,4,feat_15m_ret_8,-0.00016528494833926874
M,8,0.9,4,feat_15m_ret_16,-0.00010236691379105464
M,8,0.9,4,feat_15m_location_32,2.3620024941152084e-05
M,8,0.9,4,feat_time_bars_since_segment_start,0.00041766302485713163
M,8,0.9,4,feat_time_after_long_gap,-0.00041931659618066027
M,8,0.9,4,feat_15m_volume_ratio_32,0.00021996690305714275
M,8,0.9,4,feat_15m_oi_log_change_4,0.0007481516343486891
M,8,0.9,4,feat_5m_1h_rv,0.0015989208071143031
M,8,0.9,4,feat_5m_rv_rate_ratio_1h_4h,-0.000300018677317605
M,16,0.1,0,feat_15m_ret_1,5.413471982708032e-05
M,16,0.1,0,feat_15m_ret_4,-0.00010320623298061642
M,16,0.1,0,feat_15m_ret_8,-0.0016022747973580011
M,16,0.1,0,feat_15m_ret_16,-0.0014302545344944478
M,16,0.1,0,feat_15m_location_32,-5.342324763888768e-05
M,16,0.1,0,feat_time_bars_since_segment_start,0.0005531575854437334
M,16,0.1,0,feat_time_after_long_gap,-0.0004615359517700203
M,16,0.1,0,feat_15m_volume_ratio_32,0.0005491983215464266
M,16,0.1,0,feat_15m_oi_log_change_4,0.010483693220404508
M,16,0.1,0,feat_5m_1h_rv,-0.010983309371650561
M,16,0.1,0,feat_5m_rv_rate_ratio_1h_4h,0.0014267199305409476
M,16,0.5,0,feat_15m_ret_1,-6.173854320144183e-05
M,16,0.5,0,feat_15m_ret_4,0.0005456703508993946
M,16,0.5,0,feat_15m_ret_8,-8.696838685275469e-06
M,16,0.5,0,feat_15m_ret_16,-0.0005457353594070425
M,16,0.5,0,feat_15m_location_32,0.00035710062821288103
M,16,0.5,0,feat_time_bars_since_segment_start,-0.0002511354911281961
M,16,0.5,0,feat_time_after_long_gap,8.686972769345498e-06
M,16,0.5,0,feat_15m_volume_ratio_32,0.0003875965123937245
M,16,0.5,0,feat_15m_oi_log_change_4,0.0036313088353708096
M,16,0.5,0,feat_5m_1h_rv,-0.004123212336856855
M,16,0.5,0,feat_5m_rv_rate_ratio_1h_4h,0.00015995508770620881
M,16,0.9,0,feat_15m_ret_1,0.00019817335536431263
M,16,0.9,0,feat_15m_ret_4,-0.0009529343108695056
M,16,0.9,0,feat_15m_ret_8,-0.0022423029684043552
M,16,0.9,0,feat_15m_ret_16,-0.0015893472248831812
M,16,0.9,0,feat_15m_location_32,0.005481827843467897
M,16,0.9,0,feat_time_bars_since_segment_start,-0.001329771816797734
M,16,0.9,0,feat_time_after_long_gap,0.0004997172780116628
M,16,0.9,0,feat_15m_volume_ratio_32,-0.0003375197715946039
M,16,0.9,0,feat_15m_oi_log_change_4,0.0008967411415989457
M,16,0.9,0,feat_5m_1h_rv,0.009284773333855398
M,16,0.9,0,feat_5m_rv_rate_ratio_1h_4h,-0.0026720807463603154
M,16,0.1,1,feat_15m_ret_1,1.0650353959255264e-05
M,16,0.1,1,feat_15m_ret_4,0.00041318433310529967
M,16,0.1,1,feat_15m_ret_8,-0.0011927182055634883
M,16,0.1,1,feat_15m_ret_16,-0.0012282741533335053
M,16,0.1,1,feat_15m_location_32,-0.0005849606956726662
M,16,0.1,1,feat_time_bars_since_segment_start,-1.1955918545830258e-05
M,16,0.1,1,feat_time_after_long_gap,4.04890641945527e-05
M,16,0.1,1,feat_15m_volume_ratio_32,0.00020616356746839642
M,16,0.1,1,feat_15m_oi_log_change_4,0.006253953632423393
M,16,0.1,1,feat_5m_1h_rv,-0.007157278884032935
M,16,0.1,1,feat_5m_rv_rate_ratio_1h_4h,0.0018318706132337806
M,16,0.5,1,feat_15m_ret_1,8.08992145518582e-05
M,16,0.5,1,feat_15m_ret_4,0.00036296731363556875
M,16,0.5,1,feat_15m_ret_8,-0.00031073544255799456
M,16,0.5,1,feat_15m_ret_16,-0.00015914501842161457
M,16,0.5,1,feat_15m_location_32,0.00010243976295752166
M,16,0.5,1,feat_time_bars_since_segment_start,5.9903321152452395e-05
M,16,0.5,1,feat_time_after_long_gap,2.3898605291700677e-05
M,16,0.5,1,feat_15m_volume_ratio_32,0.0001668048333716311
M,16,0.5,1,feat_15m_oi_log_change_4,0.0030361362889032464
M,16,0.5,1,feat_5m_1h_rv,-0.003540355841533887
M,16,0.5,1,feat_5m_rv_rate_ratio_1h_4h,0.000652692611637258
M,16,0.9,1,feat_15m_ret_1,0.0005084567597221646
M,16,0.9,1,feat_15m_ret_4,-0.00043894837336277693
M,16,0.9,1,feat_15m_ret_8,-0.001137430689366252
M,16,0.9,1,feat_15m_ret_16,-0.0012155634392305155
M,16,0.9,1,feat_15m_location_32,0.0023927082956139373
M,16,0.9,1,feat_time_bars_since_segment_start,-0.0003772267090527745
M,16,0.9,1,feat_time_after_long_gap,3.6014084516369236e-05
M,16,0.9,1,feat_15m_volume_ratio_32,-7.967951463469628e-05
M,16,0.9,1,feat_15m_oi_log_change_4,0.002161734319180795
M,16,0.9,1,feat_5m_1h_rv,0.00750466604072147
M,16,0.9,1,feat_5m_rv_rate_ratio_1h_4h,-0.0017924622514906368
M,16,0.1,2,feat_15m_ret_1,0.0003024548236133133
M,16,0.1,2,feat_15m_ret_4,0.0003204543053651924
M,16,0.1,2,feat_15m_ret_8,-0.0012003214128576017
M,16,0.1,2,feat_15m_ret_16,-0.0009312631382569618
M,16,0.1,2,feat_15m_location_32,-0.0003784383740057769
M,16,0.1,2,feat_time_bars_since_segment_start,0.00015908737578605413
M,16,0.1,2,feat_time_after_long_gap,3.132522734309382e-05
M,16,0.1,2,feat_15m_volume_ratio_32,0.0002800374489469101
M,16,0.1,2,feat_15m_oi_log_change_4,0.004065865696565543
M,16,0.1,2,feat_5m_1h_rv,-0.006800692742526531
M,16,0.1,2,feat_5m_rv_rate_ratio_1h_4h,0.0016819199365525333
M,16,0.5,2,feat_15m_ret_1,-2.5567756786773387e-06
M,16,0.5,2,feat_15m_ret_4,0.000315934967140762
M,16,0.5,2,feat_15m_ret_8,-0.0002097709358398115
M,16,0.5,2,feat_15m_ret_16,3.573271442452602e-05
M,16,0.5,2,feat_15m_location_32,-2.191722454636518e-06
M,16,0.5,2,feat_time_bars_since_segment_start,0.0001402933604946563
M,16,0.5,2,feat_time_after_long_gap,9.514299995327902e-05
M,16,0.5,2,feat_15m_volume_ratio_32,0.00032464553211456924
M,16,0.5,2,feat_15m_oi_log_change_4,0.002724737113896289
M,16,0.5,2,feat_5m_1h_rv,-0.003161560708363357
M,16,0.5,2,feat_5m_rv_rate_ratio_1h_4h,0.0006834641485244861
M,16,0.9,2,feat_15m_ret_1,0.0005363208613060561
M,16,0.9,2,feat_15m_ret_4,-0.0005674151200662279
M,16,0.9,2,feat_15m_ret_8,-0.0012670520669442588
M,16,0.9,2,feat_15m_ret_16,-0.00028257808855805495
M,16,0.9,2,feat_15m_location_32,0.0027579108198459486
M,16,0.9,2,feat_time_bars_since_segment_start,-0.0002589601342139609
M,16,0.9,2,feat_time_after_long_gap,-0.0001333292421644611
M,16,0.9,2,feat_15m_volume_ratio_32,-0.00028872913560863326
M,16,0.9,2,feat_15m_oi_log_change_4,0.0013786074161993517
M,16,0.9,2,feat_5m_1h_rv,0.006980322677490168
M,16,0.9,2,feat_5m_rv_rate_ratio_1h_4h,-0.0015480181612287027
M,16,0.1,3,feat_15m_ret_1,0.00019433133615402932
M,16,0.1,3,feat_15m_ret_4,0.0003507042185439958
M,16,0.1,3,feat_15m_ret_8,-0.0013372295833150257
M,16,0.1,3,feat_15m_ret_16,-0.0007507491065604918
M,16,0.1,3,feat_15m_location_32,-1.635427938618031e-05
M,16,0.1,3,feat_time_bars_since_segment_start,0.00027814376865228376
M,16,0.1,3,feat_time_after_long_gap,-0.00011102986089631631
M,16,0.1,3,feat_15m_volume_ratio_32,0.0004855478687380077
M,16,0.1,3,feat_15m_oi_log_change_4,0.0031764260597832877
M,16,0.1,3,feat_5m_1h_rv,-0.006479031483676203
M,16,0.1,3,feat_5m_rv_rate_ratio_1h_4h,0.0014061198618118451
M,16,0.5,3,feat_15m_ret_1,8.368894019939842e-06
M,16,0.5,3,feat_15m_ret_4,-2.0199350031971372e-05
M,16,0.5,3,feat_15m_ret_8,9.769711873942926e-05
M,16,0.5,3,feat_15m_ret_16,0.0002067390219368817
M,16,0.5,3,feat_15m_location_32,-0.00011058123651213395
M,16,0.5,3,feat_time_bars_since_segment_start,0.00017951972821257574
M,16,0.5,3,feat_time_after_long_gap,0.00012143005784897185
M,16,0.5,3,feat_15m_volume_ratio_32,0.00032434442457406407
M,16,0.5,3,feat_15m_oi_log_change_4,0.0025062671672295943
M,16,0.5,3,feat_5m_1h_rv,-0.0028884496593166754
M,16,0.5,3,feat_5m_rv_rate_ratio_1h_4h,0.0006456887814961048
M,16,0.9,3,feat_15m_ret_1,0.0007115723951550512
M,16,0.9,3,feat_15m_ret_4,0.0003538342015292185
M,16,0.9,3,feat_15m_ret_8,-0.0006399624925668222
M,16,0.9,3,feat_15m_ret_16,5.049230762711546e-05
M,16,0.9,3,feat_15m_location_32,-0.00036170574230088496
M,16,0.9,3,feat_time_bars_since_segment_start,0.0005353629148385704
M,16,0.9,3,feat_time_after_long_gap,-0.00030558703027237013
M,16,0.9,3,feat_15m_volume_ratio_32,0.00010473693368279412
M,16,0.9,3,feat_15m_oi_log_change_4,0.0006088205278080265
M,16,0.9,3,feat_5m_1h_rv,0.0056936388088024035
M,16,0.9,3,feat_5m_rv_rate_ratio_1h_4h,-0.0007984208328916217
M,16,0.1,4,feat_15m_ret_1,0.00011984791352974932
M,16,0.1,4,feat_15m_ret_4,6.063947171597093e-05
M,16,0.1,4,feat_15m_ret_8,-0.0010795125963951036
M,16,0.1,4,feat_15m_ret_16,-0.000814863736439042
M,16,0.1,4,feat_15m_location_32,0.00021757253358843716
M,16,0.1,4,feat_time_bars_since_segment_start,5.9217643642962806e-05
M,16,0.1,4,feat_time_after_long_gap,-0.00011385304590856132
M,16,0.1,4,feat_15m_volume_ratio_32,0.0003293776501965117
M,16,0.1,4,feat_15m_oi_log_change_4,0.001992429693351087
M,16,0.1,4,feat_5m_1h_rv,-0.007203089812770767
M,16,0.1,4,feat_5m_rv_rate_ratio_1h_4h,0.0014130703666277564
M,16,0.5,4,feat_15m_ret_1,-0.00010686815937687585
M,16,0.5,4,feat_15m_ret_4,-0.0001914907477176672
M,16,0.5,4,feat_15m_ret_8,1.475129231093333e-05
M,16,0.5,4,feat_15m_ret_16,0.0003646235705475013
M,16,0.5,4,feat_15m_location_32,-0.00011745048917407083
M,16,0.5,4,feat_time_bars_since_segment_start,-9.124813179308967e-05
M,16,0.5,4,feat_time_after_long_gap,0.00015496747242129202
M,16,0.5,4,feat_15m_volume_ratio_32,0.00024654958565076404
M,16,0.5,4,feat_15m_oi_log_change_4,0.0019430428046642715
M,16,0.5,4,feat_5m_1h_rv,-0.002299901787394212
M,16,0.5,4,feat_5m_rv_rate_ratio_1h_4h,0.0005747847545535322
M,16,0.9,4,feat_15m_ret_1,0.0003814541062624261
M,16,0.9,4,feat_15m_ret_4,-0.00021831687208486304
M,16,0.9,4,feat_15m_ret_8,-0.0007219953665549015
M,16,0.9,4,feat_15m_ret_16,6.243074175483346e-05
M,16,0.9,4,feat_15m_location_32,0.0002133352902770253
M,16,0.9,4,feat_time_bars_since_segment_start,4.329855819705931e-05
M,16,0.9,4,feat_time_after_long_gap,0.00012012044971272223
M,16,0.9,4,feat_15m_volume_ratio_32,-2.2885544430902096e-05
M,16,0.9,4,feat_15m_oi_log_change_4,0.0018239639780565477
M,16,0.9,4,feat_5m_1h_rv,0.005073022235770598
M,16,0.9,4,feat_5m_rv_rate_ratio_1h_4h,-0.0008010468517030379
CF,4,0.1,0,feat_15m_ret_1,-0.00015124087864429705
CF,4,0.1,0,feat_15m_ret_4,-0.00013365236557293756
CF,4,0.1,0,feat_15m_ret_8,-7.851858213853678e-05
CF,4,0.1,0,feat_15m_ret_16,-0.001412333317045759
CF,4,0.1,0,feat_15m_location_32,-2.1102632975526566e-05
CF,4,0.1,0,feat_time_bars_since_segment_start,-0.0005288029791383306
CF,4,0.1,0,feat_time_after_long_gap,0.00024067020125985143
CF,4,0.1,0,feat_15m_volume_ratio_32,-0.00030689426538983423
CF,4,0.1,0,feat_15m_oi_log_change_4,0.0004238404305612255
CF,4,0.1,0,feat_5m_1h_rv,-0.0004424225641622362
CF,4,0.1,0,feat_5m_rv_rate_ratio_1h_4h,0.0005569839608839084
CF,4,0.5,0,feat_15m_ret_1,-0.0001352284965253551
CF,4,0.5,0,feat_15m_ret_4,-0.0004334308537250184
CF,4,0.5,0,feat_15m_ret_8,0.0007130586692517422
CF,4,0.5,0,feat_15m_ret_16,-0.00029817494997138835
CF,4,0.5,0,feat_15m_location_32,-0.0003037769228056166
CF,4,0.5,0,feat_time_bars_since_segment_start,0.0004065895355028883
CF,4,0.5,0,feat_time_after_long_gap,-0.00021131382018687
CF,4,0.5,0,feat_15m_volume_ratio_32,6.804237491877541e-05
CF,4,0.5,0,feat_15m_oi_log_change_4,0.0002694802109853066
CF,4,0.5,0,feat_5m_1h_rv,-2.367599632718061e-05
CF,4,0.5,0,feat_5m_rv_rate_ratio_1h_4h,3.2148013855405798e-06
CF,4,0.9,0,feat_15m_ret_1,-0.0003378947616356022
CF,4,0.9,0,feat_15m_ret_4,9.414804575220799e-05
CF,4,0.9,0,feat_15m_ret_8,0.0011462135859375915
CF,4,0.9,0,feat_15m_ret_16,-0.000179811327583281
CF,4,0.9,0,feat_15m_location_32,-0.0002837023508862324
CF,4,0.9,0,feat_time_bars_since_segment_start,0.0013982893825688315
CF,4,0.9,0,feat_time_after_long_gap,-0.00027168574793675346
CF,4,0.9,0,feat_15m_volume_ratio_32,0.0011442196460294774
CF,4,0.9,0,feat_15m_oi_log_change_4,-0.0001511745447372436
CF,4,0.9,0,feat_5m_1h_rv,0.0009138365820103196
CF,4,0.9,0,feat_5m_rv_rate_ratio_1h_4h,-0.000966323642091082
CF,4,0.1,1,feat_15m_ret_1,1.8710962548089887e-05
CF,4,0.1,1,feat_15m_ret_4,-3.813673297699234e-05
CF,4,0.1,1,feat_15m_ret_8,-0.00041106773427987333
CF,4,0.1,1,feat_15m_ret_16,-0.000636699469491509
CF,4,0.1,1,feat_15m_location_32,-0.00014321111118586888
CF,4,0.1,1,feat_time_bars_since_segment_start,-0.00036231605639594136
CF,4,0.1,1,feat_time_after_long_gap,8.758378776066848e-05
CF,4,0.1,1,feat_15m_volume_ratio_32,2.279021401802742e-05
CF,4,0.1,1,feat_15m_oi_log_change_4,0.0003487201797358477
CF,4,0.1,1,feat_5m_1h_rv,-0.0005441577190471734
CF,4,0.1,1,feat_5m_rv_rate_ratio_1h_4h,0.0005875457881951981
CF,4,0.5,1,feat_15m_ret_1,-4.032620883890265e-05
CF,4,0.5,1,feat_15m_ret_4,-0.00037833381060093816
CF,4,0.5,1,feat_15m_ret_8,0.00022035796807049697
CF,4,0.5,1,feat_15m_ret_16,-9.305821402478215e-05
CF,4,0.5,1,feat_15m_location_32,-0.00017808944970855334
CF,4,0.5,1,feat_time_bars_since_segment_start,0.00024087387326679986
CF,4,0.5,1,feat_time_after_long_gap,-9.948397720600002e-05
CF,4,0.5,1,feat_15m_volume_ratio_32,0.0001870364255041489
CF,4,0.5,1,feat_15m_oi_log_change_4,0.00022595832140262243
CF,4,0.5,1,feat_5m_1h_rv,-0.0002438429336670409
CF,4,0.5,1,feat_5m_rv_rate_ratio_1h_4h,0.00010519083708508078
CF,4,0.9,1,feat_15m_ret_1,9.482104940301859e-05
CF,4,0.9,1,feat_15m_ret_4,-0.00019376694792282596
CF,4,0.9,1,feat_15m_ret_8,0.0005856162223499777
CF,4,0.9,1,feat_15m_ret_16,4.588847760846448e-05
CF,4,0.9,1,feat_15m_location_32,-1.5431384657761174e-05
CF,4,0.9,1,feat_time_bars_since_segment_start,0.002003327544774165
CF,4,0.9,1,feat_time_after_long_gap,-0.0008968529904315092
CF,4,0.9,1,feat_15m_volume_ratio_32,0.001346101822014589
CF,4,0.9,1,feat_15m_oi_log_change_4,-1.879328249189108e-05
CF,4,0.9,1,feat_5m_1h_rv,-0.00013270153604359
CF,4,0.9,1,feat_5m_rv_rate_ratio_1h_4h,-0.000510835914607023
CF,4,0.1,2,feat_15m_ret_1,-3.967061575194216e-05
CF,4,0.1,2,feat_15m_ret_4,-5.966954533021655e-05
CF,4,0.1,2,feat_15m_ret_8,-0.0005462695812464795
CF,4,0.1,2,feat_15m_ret_16,-0.00045340898214518
CF,4,0.1,2,feat_15m_location_32,0.0002542940119944888
CF,4,0.1,2,feat_time_bars_since_segment_start,-0.0002648024425215997
CF,4,0.1,2,feat_time_after_long_gap,0.00014986653471814356
CF,4,0.1,2,feat_15m_volume_ratio_32,-3.2538208956742143e-06
CF,4,0.1,2,feat_15m_oi_log_change_4,0.00030636261671687014
CF,4,0.1,2,feat_5m_1h_rv,-0.00048643230591968213
CF,4,0.1,2,feat_5m_rv_rate_ratio_1h_4h,0.0005588346731416396
CF,4,0.5,2,feat_15m_ret_1,-5.664646375331138e-05
CF,4,0.5,2,feat_15m_ret_4,-0.0003252950130136905
CF,4,0.5,2,feat_15m_ret_8,0.00021653059652583032
CF,4,0.5,2,feat_15m_ret_16,-0.0001256833216227228
CF,4,0.5,2,feat_15m_location_32,-4.4562285078311067e-05
CF,4,0.5,2,feat_time_bars_since_segment_start,7.971629753295594e-05
CF,4,0.5,2,feat_time_after_long_gap,-2.4751594649926838e-05
CF,4,0.5,2,feat_15m_volume_ratio_32,0.00011159121844572987
CF,4,0.5,2,feat_15m_oi_log_change_4,0.0001900081380655913
CF,4,0.5,2,feat_5m_1h_rv,-0.00019148926239726297
CF,4,0.5,2,feat_5m_rv_rate_ratio_1h_4h,0.00012164466918931173
CF,4,0.9,2,feat_15m_ret_1,0.00019964909941755062
CF,4,0.9,2,feat_15m_ret_4,0.00010361174950679447
CF,4,0.9,2,feat_15m_ret_8,0.00048507980765040193
CF,4,0.9,2,feat_15m_ret_16,0.00019016160897478523
CF,4,0.9,2,feat_15m_location_32,-0.00031301965848795963
CF,4,0.9,2,feat_time_bars_since_segment_start,0.0015564573579676837
CF,4,0.9,2,feat_time_after_long_gap,-0.0006522886223290122
CF,4,0.9,2,feat_15m_volume_ratio_32,0.001036077661836021
CF,4,0.9,2,feat_15m_oi_log_change_4,-5.41204840242592e-05
CF,4,0.9,2,feat_5m_1h_rv,-4.288640012778162e-05
CF,4,0.9,2,feat_5m_rv_rate_ratio_1h_4h,-0.0003833073806904553
CF,4,0.1,3,feat_15m_ret_1,8.906381346559086e-05
CF,4,0.1,3,feat_15m_ret_4,-1.8951657916024603e-05
CF,4,0.1,3,feat_15m_ret_8,-0.00045215129644498225
CF,4,0.1,3,feat_15m_ret_16,-0.0006389654101059448
CF,4,0.1,3,feat_15m_location_32,0.0005679600469215188
CF,4,0.1,3,feat_time_bars_since_segment_start,-0.00024444673874637527
CF,4,0.1,3,feat_time_after_long_gap,1.8924067704839924e-05
CF,4,0.1,3,feat_15m_volume_ratio_32,-0.00014741481164808962
CF,4,0.1,3,feat_15m_oi_log_change_4,0.00027203735896075564
CF,4,0.1,3,feat_5m_1h_rv,-0.0003918568165391522
CF,4,0.1,3,feat_5m_rv_rate_ratio_1h_4h,0.0002968512879060549
CF,4,0.5,3,feat_15m_ret_1,-5.0500109210135815e-05
CF,4,0.5,3,feat_15m_ret_4,-0.00025417138616800467
CF,4,0.5,3,feat_15m_ret_8,0.000173634146565739
CF,4,0.5,3,feat_15m_ret_16,-6.390611908072776e-05
CF,4,0.5,3,feat_15m_location_32,-5.4503516118803345e-05
CF,4,0.5,3,feat_time_bars_since_segment_start,0.00019829017352106194
CF,4,0.5,3,feat_time_after_long_gap,-7.091975492175169e-05
CF,4,0.5,3,feat_15m_volume_ratio_32,0.00011579462791139132
CF,4,0.5,3,feat_15m_oi_log_change_4,0.00017507383759400328
CF,4,0.5,3,feat_5m_1h_rv,-0.00019391617907957
CF,4,0.5,3,feat_5m_rv_rate_ratio_1h_4h,6.719452346725262e-05
CF,4,0.9,3,feat_15m_ret_1,0.00021319577377443955
CF,4,0.9,3,feat_15m_ret_4,0.00010311865065639097
CF,4,0.9,3,feat_15m_ret_8,0.0005073578760486731
CF,4,0.9,3,feat_15m_ret_16,0.00025997824320027693
CF,4,0.9,3,feat_15m_location_32,-0.0004911726063487697
CF,4,0.9,3,feat_time_bars_since_segment_start,0.0012555940180772579
CF,4,0.9,3,feat_time_after_long_gap,-0.0004841725346915053
CF,4,0.9,3,feat_15m_volume_ratio_32,0.0008449388112648251
CF,4,0.9,3,feat_15m_oi_log_change_4,-8.568056438992625e-05
CF,4,0.9,3,feat_5m_1h_rv,6.576875453363709e-05
CF,4,0.9,3,feat_5m_rv_rate_ratio_1h_4h,-0.00022040324408205484
CF,4,0.1,4,feat_15m_ret_1,9.753564704637196e-05
CF,4,0.1,4,feat_15m_ret_4,2.2852383897622663e-05
CF,4,0.1,4,feat_15m_ret_8,-0.0003946170006422686
CF,4,0.1,4,feat_15m_ret_16,-0.0004965818747977557
CF,4,0.1,4,feat_15m_location_32,0.00046622588053562295
CF,4,0.1,4,feat_time_bars_since_segment_start,-0.0002760283511683681
CF,4,0.1,4,feat_time_after_long_gap,6.959328698822441e-05
CF,4,0.1,4,feat_15m_volume_ratio_32,-0.00015073264548539532
CF,4,0.1,4,feat_15m_oi_log_change_4,0.000258816919773345
CF,4,0.1,4,feat_5m_1h_rv,-0.0004454847287042982
CF,4,0.1,4,feat_5m_rv_rate_ratio_1h_4h,0.0002727420179188413
CF,4,0.5,4,feat_15m_ret_1,-6.367188422660724e-05
CF,4,0.5,4,feat_15m_ret_4,-0.00021098473649440151
CF,4,0.5,4,feat_15m_ret_8,0.0001007082999297526
CF,4,0.5,4,feat_15m_ret_16,8.78832407222004e-05
CF,4,0.5,4,feat_15m_location_32,-0.00020299216471325032
CF,4,0.5,4,feat_time_bars_since_segment_start,0.00032842341624969817
CF,4,0.5,4,feat_time_after_long_gap,-0.0001402736423876063
CF,4,0.5,4,feat_15m_volume_ratio_32,0.00020427090400579502
CF,4,0.5,4,feat_15m_oi_log_change_4,0.00017083211978006458
CF,4,0.5,4,feat_5m_1h_rv,-0.0002505026970860261
CF,4,0.5,4,feat_5m_rv_rate_ratio_1h_4h,6.343096655999194e-05
CF,4,0.9,4,feat_15m_ret_1,8.940061235064916e-05
CF,4,0.9,4,feat_15m_ret_4,3.732574896930817e-05
CF,4,0.9,4,feat_15m_ret_8,0.00045350106008162385
CF,4,0.9,4,feat_15m_ret_16,0.0004143898739389774
CF,4,0.9,4,feat_15m_location_32,-0.0006035751333456367
CF,4,0.9,4,feat_time_bars_since_segment_start,0.001463691500244007
CF,4,0.9,4,feat_time_after_long_gap,-0.0005744641829552776
CF,4,0.9,4,feat_15m_volume_ratio_32,0.0008455399430867896
CF,4,0.9,4,feat_15m_oi_log_change_4,-5.3414949218980626e-05
CF,4,0.9,4,feat_5m_1h_rv,-3.662362140183761e-05
CF,4,0.9,4,feat_5m_rv_rate_ratio_1h_4h,-0.00017980995596409522
CF,8,0.1,0,feat_15m_ret_1,-4.7998059504830313e-05
CF,8,0.1,0,feat_15m_ret_4,-4.203138739287862e-05
CF,8,0.1,0,feat_15m_ret_8,-0.00015327899780612106
CF,8,0.1,0,feat_15m_ret_16,-0.0015416357405403421
CF,8,0.1,0,feat_15m_location_32,-0.0006411614132872691
CF,8,0.1,0,feat_time_bars_since_segment_start,5.0638170078197564e-05
CF,8,0.1,0,feat_time_after_long_gap,-0.00030489818549865307
CF,8,0.1,0,feat_15m_volume_ratio_32,0.0003047078057474377
CF,8,0.1,0,feat_15m_oi_log_change_4,0.0007295328207729383
CF,8,0.1,0,feat_5m_1h_rv,-0.0016934023734075797
CF,8,0.1,0,feat_5m_rv_rate_ratio_1h_4h,0.0008931220547056135
CF,8,0.5,0,feat_15m_ret_1,-0.00014942578279212034
CF,8,0.5,0,feat_15m_ret_4,0.00030215848333341985
CF,8,0.5,0,feat_15m_ret_8,0.0006179014345240883
CF,8,0.5,0,feat_15m_ret_16,6.450400134662354e-05
CF,8,0.5,0,feat_15m_location_32,-0.001261394232771673
CF,8,0.5,0,feat_time_bars_since_segment_start,0.00026943185948449306
CF,8,0.5,0,feat_time_after_long_gap,-0.00027212790883308224
CF,8,0.5,0,feat_15m_volume_ratio_32,0.00017246158390707108
CF,8,0.5,0,feat_15m_oi_log_change_4,0.0002190250660969506
CF,8,0.5,0,feat_5m_1h_rv,-0.0002592889924331913
CF,8,0.5,0,feat_5m_rv_rate_ratio_1h_4h,0.00014234788295358877
CF,8,0.9,0,feat_15m_ret_1,-0.0005084016751311035
CF,8,0.9,0,feat_15m_ret_4,0.0013273671864943756
CF,8,0.9,0,feat_15m_ret_8,0.0007904860098864471
CF,8,0.9,0,feat_15m_ret_16,-6.778119001396907e-05
CF,8,0.9,0,feat_15m_location_32,-3.811800278320302e-05
CF,8,0.9,0,feat_time_bars_since_segment_start,0.0005121354808954188
CF,8,0.9,0,feat_time_after_long_gap,0.00024318567662800667
CF,8,0.9,0,feat_15m_volume_ratio_32,0.00040138248771110597
CF,8,0.9,0,feat_15m_oi_log_change_4,-0.0005766618426592437
CF,8,0.9,0,feat_5m_1h_rv,-0.0002614466603874422
CF,8,0.9,0,feat_5m_rv_rate_ratio_1h_4h,0.00013114792401669947
CF,8,0.1,1,feat_15m_ret_1,2.6729797212774156e-05
CF,8,0.1,1,feat_15m_ret_4,-0.00017599466749653898
CF,8,0.1,1,feat_15m_ret_8,-0.0004198618928683865
CF,8,0.1,1,feat_15m_ret_16,-0.0010165960705667066
CF,8,0.1,1,feat_15m_location_32,-0.0002865366961596713
CF,8,0.1,1,feat_time_bars_since_segment_start,2.293984003360407e-05
CF,8,0.1,1,feat_time_after_long_gap,-0.00028058302577737627
CF,8,0.1,1,feat_15m_volume_ratio_32,0.00050356377308842
CF,8,0.1,1,feat_15m_oi_log_change_4,0.0006615054625928339
CF,8,0.1,1,feat_5m_1h_rv,-0.0014948024269736807
CF,8,0.1,1,feat_5m_rv_rate_ratio_1h_4h,0.00045008110118625443
CF,8,0.5,1,feat_15m_ret_1,-4.334796749505858e-05
CF,8,0.5,1,feat_15m_ret_4,-0.0003211642183631563
CF,8,0.5,1,feat_15m_ret_8,0.00012662215934024112
CF,8,0.5,1,feat_15m_ret_16,0.0002975409018498066
CF,8,0.5,1,feat_15m_location_32,-0.0009797313211946474
CF,8,0.5,1,feat_time_bars_since_segment_start,0.00013726909577298308
CF,8,0.5,1,feat_time_after_long_gap,-0.00021446122836130918
CF,8,0.5,1,feat_15m_volume_ratio_32,0.00026674565456835257
CF,8,0.5,1,feat_15m_oi_log_change_4,0.00043329044970684947
CF,8,0.5,1,feat_5m_1h_rv,-0.0008611557413862675
CF,8,0.5,1,feat_5m_rv_rate_ratio_1h_4h,-2.8001804935324004e-05
CF,8,0.9,1,feat_15m_ret_1,0.00021578857591745578
CF,8,0.9,1,feat_15m_ret_4,0.0007535470922708954
CF,8,0.9,1,feat_15m_ret_8,0.00032973004915180413
CF,8,0.9,1,feat_15m_ret_16,7.648573230997977e-05
CF,8,0.9,1,feat_15m_location_32,2.1777556358342133e-05
CF,8,0.9,1,feat_time_bars_since_segment_start,0.0008740487084752678
CF,8,0.9,1,feat_time_after_long_gap,-0.0003491263880111527
CF,8,0.9,1,feat_15m_volume_ratio_32,0.0012654533463002896
CF,8,0.9,1,feat_15m_oi_log_change_4,-0.0003249953479469335
CF,8,0.9,1,feat_5m_1h_rv,-0.0003856200117931882
CF,8,0.9,1,feat_5m_rv_rate_ratio_1h_4h,-0.00029699467228780976
CF,8,0.1,2,feat_15m_ret_1,3.771270854925483e-05
CF,8,0.1,2,feat_15m_ret_4,-0.0002851669348620927
CF,8,0.1,2,feat_15m_ret_8,-0.0007140726774903951
CF,8,0.1,2,feat_15m_ret_16,7.543461885006887e-05
CF,8,0.1,2,feat_15m_location_32,0.00024701126669640357
CF,8,0.1,2,feat_time_bars_since_segment_start,-3.0019488409183507e-05
CF,8,0.1,2,feat_time_after_long_gap,-0.00022379962060173607
CF,8,0.1,2,feat_15m_volume_ratio_32,0.0004154512914592527
CF,8,0.1,2,feat_15m_oi_log_change_4,0.00029080344861323815
CF,8,0.1,2,feat_5m_1h_rv,-0.0011743641245097886
CF,8,0.1,2,feat_5m_rv_rate_ratio_1h_4h,0.00015272867189978741
CF,8,0.5,2,feat_15m_ret_1,-2.5320103213744383e-05
CF,8,0.5,2,feat_15m_ret_4,-9.281006943746804e-05
CF,8,0.5,2,feat_15m_ret_8,0.00015470101030387275
CF,8,0.5,2,feat_15m_ret_16,0.00043198567453111024
CF,8,0.5,2,feat_15m_location_32,-0.0008998754182373323
CF,8,0.5,2,feat_time_bars_since_segment_start,1.0552886084177382e-05
CF,8,0.5,2,feat_time_after_long_gap,-3.633771862769373e-05
CF,8,0.5,2,feat_15m_volume_ratio_32,0.00019111848758120948
CF,8,0.5,2,feat_15m_oi_log_change_4,0.00027769780963673963
CF,8,0.5,2,feat_5m_1h_rv,-0.00037779829868231623
CF,8,0.5,2,feat_5m_rv_rate_ratio_1h_4h,1.6558889568880407e-05
CF,8,0.9,2,feat_15m_ret_1,0.00014331721789325854
CF,8,0.9,2,feat_15m_ret_4,0.00031902238811260794
CF,8,0.9,2,feat_15m_ret_8,0.0007809867111821484
CF,8,0.9,2,feat_15m_ret_16,7.255634235001604e-05
CF,8,0.9,2,feat_15m_location_32,-0.00021893405690159612
CF,8,0.9,2,feat_time_bars_since_segment_start,0.0008720714722642906
CF,8,0.9,2,feat_time_after_long_gap,-0.00025029315774669473
CF,8,0.9,2,feat_15m_volume_ratio_32,0.0008392430803588848
CF,8,0.9,2,feat_15m_oi_log_change_4,-0.00011067413299151565
CF,8,0.9,2,feat_5m_1h_rv,-0.0004073099493086715
CF,8,0.9,2,feat_5m_rv_rate_ratio_1h_4h,8.613208037948469e-05
CF,8,0.1,3,feat_15m_ret_1,1.0775627059673264e-05
CF,8,0.1,3,feat_15m_ret_4,-0.00018626654957794523
CF,8,0.1,3,feat_15m_ret_8,-0.0007151648194993075
CF,8,0.1,3,feat_15m_ret_16,0.00012727019690412036
CF,8,0.1,3,feat_15m_location_32,0.000423014616071933
CF,8,0.1,3,feat_time_bars_since_segment_start,-2.0616565688989826e-05
CF,8,0.1,3,feat_time_after_long_gap,-0.00024315801447841645
CF,8,0.1,3,feat_15m_volume_ratio_32,0.0003797556847866713
CF,8,0.1,3,feat_15m_oi_log_change_4,-4.540756432446777e-05
CF,8,0.1,3,feat_5m_1h_rv,-0.0010823280547483008
CF,8,0.1,3,feat_5m_rv_rate_ratio_1h_4h,1.8548510433803094e-05
CF,8,0.5,3,feat_15m_ret_1,-5.32153475429414e-05
CF,8,0.5,3,feat_15m_ret_4,-9.437651599758416e-05
CF,8,0.5,3,feat_15m_ret_8,0.00010277371082272892
CF,8,0.5,3,feat_15m_ret_16,0.0004122464335852552
CF,8,0.5,3,feat_15m_location_32,-0.0007067777672123255
CF,8,0.5,3,feat_time_bars_since_segment_start,6.54660055171345e-06
CF,8,0.5,3,feat_time_after_long_gap,-4.452390482911135e-05
CF,8,0.5,3,feat_15m_volume_ratio_32,0.00019676928896499547
CF,8,0.5,3,feat_15m_oi_log_change_4,0.00016832803566413831
CF,8,0.5,3,feat_5m_1h_rv,-0.0003505132906281663
CF,8,0.5,3,feat_5m_rv_rate_ratio_1h_4h,-3.091837835037923e-05
CF,8,0.9,3,feat_15m_ret_1,3.9566022248492545e-05
CF,8,0.9,3,feat_15m_ret_4,0.00015323840298554423
CF,8,0.9,3,feat_15m_ret_8,0.0009380854108324563
CF,8,0.9,3,feat_15m_ret_16,0.00017476718425131518
CF,8,0.9,3,feat_15m_location_32,-0.000369155686199314
CF,8,0.9,3,feat_time_bars_since_segment_start,0.0007062466555876921
CF,8,0.9,3,feat_time_after_long_gap,-0.00013412798358670216
CF,8,0.9,3,feat_15m_volume_ratio_32,0.0007532955932817869
CF,8,0.9,3,feat_15m_oi_log_change_4,-0.000202948396399368
CF,8,0.9,3,feat_5m_1h_rv,-0.0004262617458068166
CF,8,0.9,3,feat_5m_rv_rate_ratio_1h_4h,0.00010134844940614956
CF,8,0.1,4,feat_15m_ret_1,0.00017532088655550522
CF,8,0.1,4,feat_15m_ret_4,-0.00013264193717276465
CF,8,0.1,4,feat_15m_ret_8,-0.0005411134118706771
CF,8,0.1,4,feat_15m_ret_16,0.00016632255208446617
CF,8,0.1,4,feat_15m_location_32,0.0003142559449457584
CF,8,0.1,4,feat_time_bars_since_segment_start,-3.077778725622743e-05
CF,8,0.1,4,feat_time_after_long_gap,-0.0003957578378455761
CF,8,0.1,4,feat_15m_volume_ratio_32,0.0001599089190833252
CF,8,0.1,4,feat_15m_oi_log_change_4,-0.00015518042081642916
CF,8,0.1,4,feat_5m_1h_rv,-0.0011427594791639034
CF,8,0.1,4,feat_5m_rv_rate_ratio_1h_4h,9.158695040892756e-05
CF,8,0.5,4,feat_15m_ret_1,-1.6522103163608314e-05
CF,8,0.5,4,feat_15m_ret_4,-0.00010431065025414076
CF,8,0.5,4,feat_15m_ret_8,2.6329018801427705e-05
CF,8,0.5,4,feat_15m_ret_16,0.0004936145605597287
CF,8,0.5,4,feat_15m_location_32,-0.0007333771884734791
CF,8,0.5,4,feat_time_bars_since_segment_start,9.575714325535231e-05
CF,8,0.5,4,feat_time_after_long_gap,-9.566611202424694e-05
CF,8,0.5,4,feat_15m_volume_ratio_32,0.00022868898068787257
CF,8,0.5,4,feat_15m_oi_log_change_4,0.0001706029662860843
CF,8,0.5,4,feat_5m_1h_rv,-0.0005003153323194885
CF,8,0.5,4,feat_5m_rv_rate_ratio_1h_4h,-3.6539156547178185e-05
CF,8,0.9,4,feat_15m_ret_1,8.27022034635091e-05
CF,8,0.9,4,feat_15m_ret_4,0.0001902342775526654
CF,8,0.9,4,feat_15m_ret_8,0.00102461076642226
CF,8,0.9,4,feat_15m_ret_16,0.0004115559819091858
CF,8,0.9,4,feat_15m_location_32,-0.0011071826069582347
CF,8,0.9,4,feat_time_bars_since_segment_start,0.0008442312921000152
CF,8,0.9,4,feat_time_after_long_gap,-0.00038493532091622685
CF,8,0.9,4,feat_15m_volume_ratio_32,0.0005913910163008562
CF,8,0.9,4,feat_15m_oi_log_change_4,-3.542721436425821e-05
CF,8,0.9,4,feat_5m_1h_rv,-0.00040035717553227443
CF,8,0.9,4,feat_5m_rv_rate_ratio_1h_4h,9.14527668207475e-05
CF,16,0.1,0,feat_15m_ret_1,-0.0005027382175533683
CF,16,0.1,0,feat_15m_ret_4,0.00041860410238881796
CF,16,0.1,0,feat_15m_ret_8,-0.0005059070352225636
CF,16,0.1,0,feat_15m_ret_16,-0.0012477460124542025
CF,16,0.1,0,feat_15m_location_32,-0.002826120530700511
CF,16,0.1,0,feat_time_bars_since_segment_start,-0.00021235185749314412
CF,16,0.1,0,feat_time_after_long_gap,-0.0004697087151759569
CF,16,0.1,0,feat_15m_volume_ratio_32,-0.0007970275656859095
CF,16,0.1,0,feat_15m_oi_log_change_4,-0.0003319706569684276
CF,16,0.1,0,feat_5m_1h_rv,-0.0008909446018432169
CF,16,0.1,0,feat_5m_rv_rate_ratio_1h_4h,0.00046498895065833786
CF,16,0.5,0,feat_15m_ret_1,5.972948349511757e-05
CF,16,0.5,0,feat_15m_ret_4,-1.2765669914629431e-05
CF,16,0.5,0,feat_15m_ret_8,0.0007081389881271101
CF,16,0.5,0,feat_15m_ret_16,3.9983644669704596e-05
CF,16,0.5,0,feat_15m_location_32,-0.002357431910493534
CF,16,0.5,0,feat_time_bars_since_segment_start,-3.791323148232154e-05
CF,16,0.5,0,feat_time_after_long_gap,-0.00012255031910147357
CF,16,0.5,0,feat_15m_volume_ratio_32,0.00013658969296130908
CF,16,0.5,0,feat_15m_oi_log_change_4,0.00034373818968388536
CF,16,0.5,0,feat_5m_1h_rv,5.762524492681557e-05
CF,16,0.5,0,feat_5m_rv_rate_ratio_1h_4h,-0.0005295590113876739
CF,16,0.9,0,feat_15m_ret_1,-0.0005291152349505876
CF,16,0.9,0,feat_15m_ret_4,0.0010360178510469297
CF,16,0.9,0,feat_15m_ret_8,0.000562715285736211
CF,16,0.9,0,feat_15m_ret_16,0.00116007484093438
CF,16,0.9,0,feat_15m_location_32,-0.0018456001215300109
CF,16,0.9,0,feat_time_bars_since_segment_start,-0.0010968853529474507
CF,16,0.9,0,feat_time_after_long_gap,0.0009116272099988893
CF,16,0.9,0,feat_15m_volume_ratio_32,0.0010095540238220656
CF,16,0.9,0,feat_15m_oi_log_change_4,-0.0007325621627784968
CF,16,0.9,0,feat_5m_1h_rv,-0.000510730849751638
CF,16,0.9,0,feat_5m_rv_rate_ratio_1h_4h,-5.8217050725424365e-05
CF,16,0.1,1,feat_15m_ret_1,-0.00041134435398792584
CF,16,0.1,1,feat_15m_ret_4,0.0006163315269295125
CF,16,0.1,1,feat_15m_ret_8,-0.00042182471061899936
CF,16,0.1,1,feat_15m_ret_16,-0.0009575915981753625
CF,16,0.1,1,feat_15m_location_32,-0.0012069229399448084
CF,16,0.1,1,feat_time_bars_since_segment_start,-0.0009530627450320911
CF,16,0.1,1,feat_time_after_long_gap,0.0003927663786567726
CF,16,0.1,1,feat_15m_volume_ratio_32,-0.0005219986587376253
CF,16,0.1,1,feat_15m_oi_log_change_4,-0.0012135877993737817
CF,16,0.1,1,feat_5m_1h_rv,-0.0013164172133065227
CF,16,0.1,1,feat_5m_rv_rate_ratio_1h_4h,0.00039204434924867276
CF,16,0.5,1,feat_15m_ret_1,5.689542154394357e-05
CF,16,0.5,1,feat_15m_ret_4,-0.00017296944365296352
CF,16,0.5,1,feat_15m_ret_8,0.0007245042201502015
CF,16,0.5,1,feat_15m_ret_16,9.529784237830062e-05
CF,16,0.5,1,feat_15m_location_32,-0.0021775877772157743
CF,16,0.5,1,feat_time_bars_since_segment_start,1.997154058710852e-05
CF,16,0.5,1,feat_time_after_long_gap,-2.975376715768664e-05
CF,16,0.5,1,feat_15m_volume_ratio_32,6.684120665025238e-05
CF,16,0.5,1,feat_15m_oi_log_change_4,0.0002858068824558119
CF,16,0.5,1,feat_5m_1h_rv,-2.8470670357708315e-05
CF,16,0.5,1,feat_5m_rv_rate_ratio_1h_4h,-0.0004651790376119502
CF,16,0.9,1,feat_15m_ret_1,-2.117335422468687e-05
CF,16,0.9,1,feat_15m_ret_4,0.0007173129759082259
CF,16,0.9,1,feat_15m_ret_8,0.0009113430088178911
CF,16,0.9,1,feat_15m_ret_16,0.0003455895420369842
CF,16,0.9,1,feat_15m_location_32,-0.0011306547589748327
CF,16,0.9,1,feat_time_bars_since_segment_start,-0.0008166083482671614
CF,16,0.9,1,feat_time_after_long_gap,0.0010849347444825545
CF,16,0.9,1,feat_15m_volume_ratio_32,0.0013389810010868784
CF,16,0.9,1,feat_15m_oi_log_change_4,-0.000630197511464095
CF,16,0.9,1,feat_5m_1h_rv,-0.0006062034379738252
CF,16,0.9,1,feat_5m_rv_rate_ratio_1h_4h,-0.00019705065528052257
CF,16,0.1,2,feat_15m_ret_1,-0.0004010809939197172
CF,16,0.1,2,feat_15m_ret_4,0.00012182940888708565
CF,16,0.1,2,feat_15m_ret_8,-0.00024089229229764893
CF,16,0.1,2,feat_15m_ret_16,0.0009988744431836496
CF,16,0.1,2,feat_15m_location_32,-0.0008662816430334208
CF,16,0.1,2,feat_time_bars_since_segment_start,-0.0007143538789038877
CF,16,0.1,2,feat_time_after_long_gap,0.00016383901087506998
CF,16,0.1,2,feat_15m_volume_ratio_32,-0.0006250252335901212
CF,16,0.1,2,feat_15m_oi_log_change_4,-0.00019518767619213222
CF,16,0.1,2,feat_5m_1h_rv,-0.002383163129306238
CF,16,0.1,2,feat_5m_rv_rate_ratio_1h_4h,0.0012252291049324987
CF,16,0.5,2,feat_15m_ret_1,-9.870743280822673e-05
CF,16,0.5,2,feat_15m_ret_4,-0.0001521358551089627
CF,16,0.5,2,feat_15m_ret_8,0.0004974199033713416
CF,16,0.5,2,feat_15m_ret_16,0.00048575101353077706
CF,16,0.5,2,feat_15m_location_32,-0.0018006665523303544
CF,16,0.5,2,feat_time_bars_since_segment_start,5.4068226780909255e-05
CF,16,0.5,2,feat_time_after_long_gap,-0.00016110047657530115
CF,16,0.5,2,feat_15m_volume_ratio_32,-0.00010790793220088661
CF,16,0.5,2,feat_15m_oi_log_change_4,0.00019915118267009688
CF,16,0.5,2,feat_5m_1h_rv,-5.782070444751405e-05
CF,16,0.5,2,feat_5m_rv_rate_ratio_1h_4h,-0.00030123511630067196
CF,16,0.9,2,feat_15m_ret_1,0.00019494182230480386
CF,16,0.9,2,feat_15m_ret_4,0.0007231255136423035
CF,16,0.9,2,feat_15m_ret_8,0.0009035731043327178
CF,16,0.9,2,feat_15m_ret_16,0.000550771241240895
CF,16,0.9,2,feat_15m_location_32,-0.001576223135201925
CF,16,0.9,2,feat_time_bars_since_segment_start,-0.0004373326270200095
CF,16,0.9,2,feat_time_after_long_gap,0.0005935898205401706
CF,16,0.9,2,feat_15m_volume_ratio_32,0.0010796842967136333
CF,16,0.9,2,feat_15m_oi_log_change_4,-0.00041703782372217867
CF,16,0.9,2,feat_5m_1h_rv,-0.0005279936699424139
CF,16,0.9,2,feat_5m_rv_rate_ratio_1h_4h,-0.00012627047889315478
CF,16,0.1,3,feat_15m_ret_1,-0.00035460265892248404
CF,16,0.1,3,feat_15m_ret_4,-4.542015847965065e-05
CF,16,0.1,3,feat_15m_ret_8,-0.00040416833501538544
CF,16,0.1,3,feat_15m_ret_16,0.0011278165468002655
CF,16,0.1,3,feat_15m_location_32,-0.0002491168150599586
CF,16,0.1,3,feat_time_bars_since_segment_start,-0.0007058855635691192
CF,16,0.1,3,feat_time_after_long_gap,0.00018790816615182592
CF,16,0.1,3,feat_15m_volume_ratio_32,-5.963787882038129e-05
CF,16,0.1,3,feat_15m_oi_log_change_4,-0.0004571820600320025
CF,16,0.1,3,feat_5m_1h_rv,-0.0023479831728757078
CF,16,0.1,3,feat_5m_rv_rate_ratio_1h_4h,0.001283824397334781
CF,16,0.5,3,feat_15m_ret_1,-4.9565194733336915e-05
CF,16,0.5,3,feat_15m_ret_4,-7.340381777448343e-05
CF,16,0.5,3,feat_15m_ret_8,0.0002697590102202711
CF,16,0.5,3,feat_15m_ret_16,0.0005909531668297547
CF,16,0.5,3,feat_15m_location_32,-0.0014193842501646126
CF,16,0.5,3,feat_time_bars_since_segment_start,2.3592097003324732e-05
CF,16,0.5,3,feat_time_after_long_gap,-5.57826152612339e-05
CF,16,0.5,3,feat_15m_volume_ratio_32,-0.00013963714438949452
CF,16,0.5,3,feat_15m_oi_log_change_4,5.957038069598622e-05
CF,16,0.5,3,feat_5m_1h_rv,-0.0001495527160549983
CF,16,0.5,3,feat_5m_rv_rate_ratio_1h_4h,-0.0001457509507418421
CF,16,0.9,3,feat_15m_ret_1,0.000173515447220675
CF,16,0.9,3,feat_15m_ret_4,0.0007670279646658512
CF,16,0.9,3,feat_15m_ret_8,0.0010923068910400385
CF,16,0.9,3,feat_15m_ret_16,0.0005223860308065416
CF,16,0.9,3,feat_15m_location_32,-0.0016980613766383412
CF,16,0.9,3,feat_time_bars_since_segment_start,-0.00040200300745049243
CF,16,0.9,3,feat_time_after_long_gap,0.0004237269232924584
CF,16,0.9,3,feat_15m_volume_ratio_32,0.0009227134558198599
CF,16,0.9,3,feat_15m_oi_log_change_4,-0.0005383009080850914
CF,16,0.9,3,feat_5m_1h_rv,-0.00048634767808219774
CF,16,0.9,3,feat_5m_rv_rate_ratio_1h_4h,5.796415863709066e-05
CF,16,0.1,4,feat_15m_ret_1,-0.0002957924723592847
CF,16,0.1,4,feat_15m_ret_4,0.00010281688389243514
CF,16,0.1,4,feat_15m_ret_8,-0.00027332341166898803
CF,16,0.1,4,feat_15m_ret_16,0.0010868627551430749
CF,16,0.1,4,feat_15m_location_32,-0.00045468212499664117
CF,16,0.1,4,feat_time_bars_since_segment_start,-0.00041022598632947795
CF,16,0.1,4,feat_time_after_long_gap,-8.408778702497599e-05
CF,16,0.1,4,feat_15m_volume_ratio_32,-0.0001292243656393932
CF,16,0.1,4,feat_15m_oi_log_change_4,-0.00044268885307602036
CF,16,0.1,4,feat_5m_1h_rv,-0.0021671330547424522
CF,16,0.1,4,feat_5m_rv_rate_ratio_1h_4h,0.0011255481899863293
CF,16,0.5,4,feat_15m_ret_1,-0.00011493559536731537
CF,16,0.5,4,feat_15m_ret_4,8.470575399621453e-05
CF,16,0.5,4,feat_15m_ret_8,0.0003949720867827409
CF,16,0.5,4,feat_15m_ret_16,0.00043519011664464827
CF,16,0.5,4,feat_15m_location_32,-0.0014043200018386878
CF,16,0.5,4,feat_time_bars_since_segment_start,-3.684654191768158e-05
CF,16,0.5,4,feat_time_after_long_gap,-1.487405606235081e-05
CF,16,0.5,4,feat_15m_volume_ratio_32,-0.00010689773462904301
CF,16,0.5,4,feat_15m_oi_log_change_4,6.31965642389549e-05
CF,16,0.5,4,feat_5m_1h_rv,-0.0003068612221838176
CF,16,0.5,4,feat_5m_rv_rate_ratio_1h_4h,-0.0001914310844599296
CF,16,0.9,4,feat_15m_ret_1,9.117904454253855e-05
CF,16,0.9,4,feat_15m_ret_4,0.0007799983730177349
CF,16,0.9,4,feat_15m_ret_8,0.0010978949968827
CF,16,0.9,4,feat_15m_ret_16,0.0003306067467908798
CF,16,0.9,4,feat_15m_location_32,-0.0015826130384054525
CF,16,0.9,4,feat_time_bars_since_segment_start,-0.0003445862699486056
CF,16,0.9,4,feat_time_after_long_gap,0.000276689303439175
CF,16,0.9,4,feat_15m_volume_ratio_32,0.0007370236106570023
CF,16,0.9,4,feat_15m_oi_log_change_4,-0.0004949530575847698
CF,16,0.9,4,feat_5m_1h_rv,-0.00041919239203409397
CF,16,0.9,4,feat_5m_rv_rate_ratio_1h_4h,1.1827104260909643e-05
