event_id,symbol,trigger_time,trigger_bar_index,trigger_ob_bias,trigger_ob_structure,trigger_ob_age_bars,trigger_ob_canonical_bar_low,trigger_ob_canonical_bar_high,trigger_ob_zone_low,trigger_ob_zone_high,trigger_ob_endpoints_swapped,trigger_ob_width_pct,trigger_ob_spatial_overlap_fraction,trigger_ob_anchor_index,trigger_ob_anchor_time,trigger_ob_confirmed_index,trigger_ob_confirmed_time,trigger_ob_enter_index,trigger_ob_enter_time,trigger_ob_mitigated_same_bar,trigger_ob_alive_at_close,trigger_ob_present_in_active_snapshot,trigger_ob_mitigated_index,5m_bar_index,5m_bar_end,5m_lag_minutes,5m_swing_bias,5m_internal_bias,5m_last_swing_structure_type,5m_last_swing_structure_bias,5m_last_swing_structure_level,5m_last_swing_structure_age,5m_last_internal_structure_type,5m_last_internal_structure_bias,5m_last_internal_structure_level,5m_last_internal_structure_age,5m_active_bull_internal_ob_count,5m_active_bear_internal_ob_count,5m_active_bull_swing_ob_count,5m_active_bear_swing_ob_count,5m_nearest_above_type,5m_nearest_above_structure_class,5m_nearest_above_bias,5m_nearest_above_age_bars,5m_nearest_above_zone_low,5m_nearest_above_zone_high,5m_nearest_above_object_price_center,5m_nearest_above_distance_pct,5m_nearest_below_type,5m_nearest_below_structure_class,5m_nearest_below_bias,5m_nearest_below_age_bars,5m_nearest_below_zone_low,5m_nearest_below_zone_high,5m_nearest_below_object_price_center,5m_nearest_below_distance_pct,5m_open,5m_high,5m_low,5m_close,5m_volume,5m_close_oi,5m_overlap_object_count,5m_overlap_active_ob_count,5m_overlap_bull_ob_count,5m_overlap_bear_ob_count,5m_overlap_internal_count,5m_overlap_swing_count,5m_overlap_types,5m_current_internal_high_level,5m_current_internal_high_age,5m_current_internal_high_relation,5m_current_internal_high_distance_pct,5m_current_internal_high_last_level,5m_current_internal_high_crossed,5m_current_internal_high_crossed_age,5m_current_internal_low_level,5m_current_internal_low_age,5m_current_internal_low_relation,5m_current_internal_low_distance_pct,5m_current_internal_low_last_level,5m_current_internal_low_crossed,5m_current_internal_low_crossed_age,5m_current_swing_high_level,5m_current_swing_high_age,5m_current_swing_high_relation,5m_current_swing_high_distance_pct,5m_current_swing_high_last_level,5m_current_swing_high_crossed,5m_current_swing_high_crossed_age,5m_current_swing_low_level,5m_current_swing_low_age,5m_current_swing_low_relation,5m_current_swing_low_distance_pct,5m_current_swing_low_last_level,5m_current_swing_low_crossed,5m_current_swing_low_crossed_age,1h_component_15m_count,15m_bar_index,15m_bar_end,15m_lag_minutes,15m_swing_bias,15m_internal_bias,15m_last_swing_structure_type,15m_last_swing_structure_bias,15m_last_swing_structure_level,15m_last_swing_structure_age,15m_last_internal_structure_type,15m_last_internal_structure_bias,15m_last_internal_structure_level,15m_last_internal_structure_age,15m_active_bull_internal_ob_count,15m_active_bear_internal_ob_count,15m_active_bull_swing_ob_count,15m_active_bear_swing_ob_count,15m_nearest_above_type,15m_nearest_above_structure_class,15m_nearest_above_bias,15m_nearest_above_age_bars,15m_nearest_above_zone_low,15m_nearest_above_zone_high,15m_nearest_above_object_price_center,15m_nearest_above_distance_pct,15m_nearest_below_type,15m_nearest_below_structure_class,15m_nearest_below_bias,15m_nearest_below_age_bars,15m_nearest_below_zone_low,15m_nearest_below_zone_high,15m_nearest_below_object_price_center,15m_nearest_below_distance_pct,15m_open,15m_high,15m_low,15m_close,15m_volume,15m_close_oi,15m_overlap_object_count,15m_overlap_active_ob_count,15m_overlap_bull_ob_count,15m_overlap_bear_ob_count,15m_overlap_internal_count,15m_overlap_swing_count,15m_overlap_types,15m_current_internal_high_level,15m_current_internal_high_age,15m_current_internal_high_relation,15m_current_internal_high_distance_pct,15m_current_internal_high_last_level,15m_current_internal_high_crossed,15m_current_internal_high_crossed_age,15m_current_internal_low_level,15m_current_internal_low_age,15m_current_internal_low_relation,15m_current_internal_low_distance_pct,15m_current_internal_low_last_level,15m_current_internal_low_crossed,15m_current_internal_low_crossed_age,15m_current_swing_high_level,15m_current_swing_high_age,15m_current_swing_high_relation,15m_current_swing_high_distance_pct,15m_current_swing_high_last_level,15m_current_swing_high_crossed,15m_current_swing_high_crossed_age,15m_current_swing_low_level,15m_current_swing_low_age,15m_current_swing_low_relation,15m_current_swing_low_distance_pct,15m_current_swing_low_last_level,15m_current_swing_low_crossed,15m_current_swing_low_crossed_age,1h_bar_index,1h_bar_end,1h_lag_minutes,1h_swing_bias,1h_internal_bias,1h_last_swing_structure_type,1h_last_swing_structure_bias,1h_last_swing_structure_level,1h_last_swing_structure_age,1h_last_internal_structure_type,1h_last_internal_structure_bias,1h_last_internal_structure_level,1h_last_internal_structure_age,1h_active_bull_internal_ob_count,1h_active_bear_internal_ob_count,1h_active_bull_swing_ob_count,1h_active_bear_swing_ob_count,1h_nearest_above_type,1h_nearest_above_structure_class,1h_nearest_above_bias,1h_nearest_above_age_bars,1h_nearest_above_zone_low,1h_nearest_above_zone_high,1h_nearest_above_object_price_center,1h_nearest_above_distance_pct,1h_nearest_below_type,1h_nearest_below_structure_class,1h_nearest_below_bias,1h_nearest_below_age_bars,1h_nearest_below_zone_low,1h_nearest_below_zone_high,1h_nearest_below_object_price_center,1h_nearest_below_distance_pct,1h_open,1h_high,1h_low,1h_close,1h_volume,1h_close_oi,1h_overlap_object_count,1h_overlap_active_ob_count,1h_overlap_bull_ob_count,1h_overlap_bear_ob_count,1h_overlap_internal_count,1h_overlap_swing_count,1h_overlap_types,1h_current_internal_high_level,1h_current_internal_high_age,1h_current_internal_high_relation,1h_current_internal_high_distance_pct,1h_current_internal_high_last_level,1h_current_internal_high_crossed,1h_current_internal_high_crossed_age,1h_current_internal_low_level,1h_current_internal_low_age,1h_current_internal_low_relation,1h_current_internal_low_distance_pct,1h_current_internal_low_last_level,1h_current_internal_low_crossed,1h_current_internal_low_crossed_age,1h_current_swing_high_level,1h_current_swing_high_age,1h_current_swing_high_relation,1h_current_swing_high_distance_pct,1h_current_swing_high_last_level,1h_current_swing_high_crossed,1h_current_swing_high_crossed_age,1h_current_swing_low_level,1h_current_swing_low_age,1h_current_swing_low_relation,1h_current_swing_low_distance_pct,1h_current_swing_low_last_level,1h_current_swing_low_crossed,1h_current_swing_low_crossed_age,fwd_raw_ret_h1,fwd_long_mfe_h1,fwd_long_mae_h1,fwd_short_mfe_h1,fwd_short_mae_h1,fwd_dir_ret_h1,fwd_dir_mfe_h1,fwd_dir_mae_h1,fwd_time_contiguous_h1,fwd_raw_ret_h3,fwd_long_mfe_h3,fwd_long_mae_h3,fwd_short_mfe_h3,fwd_short_mae_h3,fwd_dir_ret_h3,fwd_dir_mfe_h3,fwd_dir_mae_h3,fwd_time_contiguous_h3,fwd_raw_ret_h6,fwd_long_mfe_h6,fwd_long_mae_h6,fwd_short_mfe_h6,fwd_short_mae_h6,fwd_dir_ret_h6,fwd_dir_mfe_h6,fwd_dir_mae_h6,fwd_time_contiguous_h6,fwd_raw_ret_h12,fwd_long_mfe_h12,fwd_long_mae_h12,fwd_short_mfe_h12,fwd_short_mae_h12,fwd_dir_ret_h12,fwd_dir_mfe_h12,fwd_dir_mae_h12,fwd_time_contiguous_h12,fwd_raw_ret_h24,fwd_long_mfe_h24,fwd_long_mae_h24,fwd_short_mfe_h24,fwd_short_mae_h24,fwd_dir_ret_h24,fwd_dir_mfe_h24,fwd_dir_mae_h24,fwd_time_contiguous_h24
AG:33798:I:-1:33674:33675,AG,2026-04-16 13:35:00,33798,-1,internal,123,20021.0,20095.0,20021.0,20095.0,False,0.37089013632718526,0.25675675675675674,33674,2026-04-15T10:10:00,33675,2026-04-15T10:30:00,33798,2026-04-16T13:30:00,False,True,True,33927.0,33798,2026-04-16 13:35:00,0.0,1,1,BOS,1,19935.0,26.0,BOS,1,19730.0,27.0,75,22,39,6,current_internal_high,internal,0.0,18.0,20016.0,20016.0,20016.0,0.32076984763432237,current_swing_high,swing,0.0,28.0,19935.0,19935.0,19935.0,0.08520449077786688,19987.0,20040.0,19945.0,19952.0,13890.0,262986.0,0,0,0,0,0,0,,20016.0,18,above,0.32076984763432237,19730.0,False,,19793.0,6,below,0.7969125902165197,19606.0,False,,19935.0,28.0,below,0.08520449077786688,20103.0,True,26.0,19570.0,13.0,below,1.9145950280673618,19464.0,False,,2,11265,2026-04-16 11:30:00,125.0,1,1,BOS,1,18937.0,76.0,CHoCH,1,19788.0,8.0,66,13,25,5,current_internal_high,internal,0.0,2.0,20016.0,20016.0,20016.0,0.32076984763432237,active_bull_internal_ob,internal,1.0,8.0,19606.0,19683.0,19644.5,1.3482357658380113,19975.0,19980.0,19922.0,19928.0,9786.0,262380.0,2,2,0,2,2,0,active_bear_internal_ob,20016.0,2,above,0.32076984763432237,19788.0,False,,19606.0,5,below,1.7341619887730555,19570.0,False,,18937.0,86.0,below,5.087209302325581,19087.0,True,76.0,18261.0,54.0,below,8.475340817963112,18005.0,False,,3353,2026-04-16 11:30:00,125.0,1,1,CHoCH,1,19157.0,20.0,CHoCH,1,18937.0,23.0,36,4,8,1,current_internal_high,internal,0.0,7.0,20103.0,20103.0,20103.0,0.7568163592622293,current_internal_low,internal,0.0,3.0,19464.0,19464.0,19464.0,2.445870088211708,19920.0,19980.0,19916.0,19928.0,21565.0,262380.0,0,0,0,0,0,0,,20103.0,7.0,above,0.7568163592622293,18937.0,False,,19464.0,3.0,below,2.445870088211708,18261.0,False,,19157.0,56.0,below,3.984562951082598,23000.0,True,20.0,17266.0,40.0,below,13.462309542902966,15076.0009765625,False,,-0.00020050125380421946,0.0010019037006809839,0.0013541642614018912,0.0013541642614018912,0.0010019037006809839,0.00020050125380421946,0.0013541642614018912,0.0010019037006809839,True,-0.0004511843665966353,0.0010019037006809839,0.003112296071799747,0.003112296071799747,0.0010019037006809839,0.0004511843665966353,0.003112296071799747,0.0010019037006809839,True,0.0007515218670786084,0.0010019037006809839,0.003112296071799747,0.003112296071799747,0.0010019037006809839,-0.0007515218670786084,0.003112296071799747,0.0010019037006809839,True,-0.0015549372380334603,0.0023028796159767495,0.003112296071799747,0.003112296071799747,0.0023028796159767495,0.0015549372380334603,0.003112296071799747,0.0023028796159767495,True,-0.006940630386843338,0.0023028796159767495,0.01271075319373871,0.01271075319373871,0.0023028796159767495,0.006940630386843338,0.01271075319373871,0.0023028796159767495,False
AG:33826:I:1:33765:33771,AG,2026-04-16 21:55:00,33826,1,internal,55,19606.0,19675.0,19606.0,19675.0,False,0.35312180143295807,1.0,33765,2026-04-16T02:00:00,33771,2026-04-16T09:00:00,33826,2026-04-16T21:50:00,True,False,False,33826.0,33826,2026-04-16 21:55:00,0.0,-1,-1,CHoCH,-1,19570.0,0.0,BOS,-1,19735.0,0.0,73,24,38,7,current_swing_low,swing,0.0,41.0,19570.0,19570.0,19570.0,0.15353121801432956,active_bull_internal_ob,internal,1.0,235.0,18927.0,18956.0,18941.5,2.9887410440122824,19735.0,19743.0,19499.0,19540.0,28678.0,267992.0,0,0,0,0,0,0,,19844.0,4,above,1.5557830092118732,19998.0,False,,19735.0,3,above,0.9979529170931423,19700.0,True,0.0,19935.0,56.0,above,2.021494370522006,20103.0,True,54.0,19570.0,41.0,above,0.15353121801432956,19464.0,True,0.0,4,11274,2026-04-16 21:45:00,10.0,1,-1,BOS,1,18937.0,85.0,CHoCH,-1,19793.0,2.0,66,14,25,5,active_bull_internal_ob,internal,1.0,17.0,19606.0,19683.0,19644.5,0.33776867963152507,active_bull_internal_ob,internal,1.0,77.0,18773.0,18870.0,18821.5,3.428863868986694,19780.0,19839.0,19760.0,19783.0,24080.0,267689.0,0,0,0,0,0,0,,20040.0,3,above,2.5588536335721597,20016.0,False,,19793.0,7,above,1.2947799385875127,19606.0,True,2.0,20103.0,0.0,above,2.881269191402252,18937.0,False,,18261.0,63.0,below,6.545547594677585,18005.0,False,,3355,2026-04-16 15:00:00,415.0,1,1,CHoCH,1,19157.0,22.0,CHoCH,1,18937.0,25.0,36,4,8,1,current_internal_high,internal,0.0,9.0,20103.0,20103.0,20103.0,2.881269191402252,current_internal_low,internal,0.0,5.0,19464.0,19464.0,19464.0,0.3889457523029683,19942.0,19998.0,19906.0,19925.0,45950.0,262487.0,0,0,0,0,0,0,,20103.0,9.0,above,2.881269191402252,18937.0,False,,19464.0,5.0,below,0.3889457523029683,18261.0,False,,19157.0,58.0,below,1.9600818833162743,23000.0,True,22.0,17266.0,42.0,below,11.637666325486181,15076.0009765625,False,,0.0021471303172422296,0.002402434257970043,0.003383404058071804,0.003383404058071804,0.002402434257970043,0.0021471303172422296,0.002402434257970043,0.003383404058071804,True,0.0009207632754471007,0.002402434257970043,0.005645383225287404,0.005645383225287404,0.002402434257970043,0.0009207632754471007,0.002402434257970043,0.005645383225287404,True,0.001023017992034525,0.004085807522580254,0.005645383225287404,0.005645383225287404,0.004085807522580254,0.001023017992034525,0.004085807522580254,0.005645383225287404,True,0.00030701530200794025,0.004085807522580254,0.005645383225287404,0.005645383225287404,0.004085807522580254,0.00030701530200794025,0.004085807522580254,0.005645383225287404,True,0.004544417941074741,0.006630985786330257,0.005645383225287404,0.005645383225287404,0.006630985786330257,0.004544417941074741,0.006630985786330257,0.005645383225287404,True
AG:33826:S:1:33765:33772,AG,2026-04-16 21:55:00,33826,1,swing,54,19606.0,19675.0,19606.0,19675.0,False,0.35312180143295807,1.0,33765,2026-04-16T02:00:00,33772,2026-04-16T09:05:00,33826,2026-04-16T21:50:00,True,False,False,33826.0,33826,2026-04-16 21:55:00,0.0,-1,-1,CHoCH,-1,19570.0,0.0,BOS,-1,19735.0,0.0,73,24,38,7,current_swing_low,swing,0.0,41.0,19570.0,19570.0,19570.0,0.15353121801432956,active_bull_internal_ob,internal,1.0,235.0,18927.0,18956.0,18941.5,2.9887410440122824,19735.0,19743.0,19499.0,19540.0,28678.0,267992.0,0,0,0,0,0,0,,19844.0,4,above,1.5557830092118732,19998.0,False,,19735.0,3,above,0.9979529170931423,19700.0,True,0.0,19935.0,56.0,above,2.021494370522006,20103.0,True,54.0,19570.0,41.0,above,0.15353121801432956,19464.0,True,0.0,4,11274,2026-04-16 21:45:00,10.0,1,-1,BOS,1,18937.0,85.0,CHoCH,-1,19793.0,2.0,66,14,25,5,active_bull_internal_ob,internal,1.0,17.0,19606.0,19683.0,19644.5,0.33776867963152507,active_bull_internal_ob,internal,1.0,77.0,18773.0,18870.0,18821.5,3.428863868986694,19780.0,19839.0,19760.0,19783.0,24080.0,267689.0,0,0,0,0,0,0,,20040.0,3,above,2.5588536335721597,20016.0,False,,19793.0,7,above,1.2947799385875127,19606.0,True,2.0,20103.0,0.0,above,2.881269191402252,18937.0,False,,18261.0,63.0,below,6.545547594677585,18005.0,False,,3355,2026-04-16 15:00:00,415.0,1,1,CHoCH,1,19157.0,22.0,CHoCH,1,18937.0,25.0,36,4,8,1,current_internal_high,internal,0.0,9.0,20103.0,20103.0,20103.0,2.881269191402252,current_internal_low,internal,0.0,5.0,19464.0,19464.0,19464.0,0.3889457523029683,19942.0,19998.0,19906.0,19925.0,45950.0,262487.0,0,0,0,0,0,0,,20103.0,9.0,above,2.881269191402252,18937.0,False,,19464.0,5.0,below,0.3889457523029683,18261.0,False,,19157.0,58.0,below,1.9600818833162743,23000.0,True,22.0,17266.0,42.0,below,11.637666325486181,15076.0009765625,False,,0.0021471303172422296,0.002402434257970043,0.003383404058071804,0.003383404058071804,0.002402434257970043,0.0021471303172422296,0.002402434257970043,0.003383404058071804,True,0.0009207632754471007,0.002402434257970043,0.005645383225287404,0.005645383225287404,0.002402434257970043,0.0009207632754471007,0.002402434257970043,0.005645383225287404,True,0.001023017992034525,0.004085807522580254,0.005645383225287404,0.005645383225287404,0.004085807522580254,0.001023017992034525,0.004085807522580254,0.005645383225287404,True,0.00030701530200794025,0.004085807522580254,0.005645383225287404,0.005645383225287404,0.004085807522580254,0.00030701530200794025,0.004085807522580254,0.005645383225287404,True,0.004544417941074741,0.006630985786330257,0.005645383225287404,0.005645383225287404,0.006630985786330257,0.004544417941074741,0.006630985786330257,0.005645383225287404,True
AG:33858:I:1:33836:33841,AG,2026-04-17 00:35:00,33858,1,internal,17,19459.0,19538.0,19459.0,19538.0,False,0.403968091634281,0.12658227848101267,33836,2026-04-16T22:40:00,33841,2026-04-16T23:05:00,33858,2026-04-17T00:30:00,False,True,True,33884.0,33858,2026-04-17 00:35:00,0.0,-1,1,CHoCH,-1,19570.0,32.0,CHoCH,1,19620.0,17.0,74,24,38,7,current_swing_low,swing,0.0,73.0,19570.0,19570.0,19570.0,0.07158928206177131,active_bull_internal_ob,internal,1.0,17.0,19459.0,19538.0,19498.5,0.09204336265084885,19607.0,19615.0,19528.0,19556.0,7517.0,266383.0,1,0,0,0,1,0,current_internal_low,19672.0,1,above,0.5931683370832481,19670.0,False,,19556.0,6,overlap,0.0,19459.0,False,,20040.0,10.0,above,2.47494375127838,19935.0,False,,19570.0,73.0,above,0.07158928206177131,19464.0,True,32.0,4,11285,2026-04-17 00:30:00,5.0,1,-1,BOS,1,18937.0,96.0,CHoCH,-1,19793.0,13.0,65,14,25,5,active_bear_internal_ob,internal,-1.0,13.0,19890.0,20040.0,19965.0,1.707915729187973,current_internal_low,internal,0.0,4.0,19430.0,19430.0,19430.0,0.6443035385559419,19627.0,19656.0,19592.0,19607.0,9433.0,266668.0,0,0,0,0,0,0,,20040.0,14,above,2.47494375127838,20016.0,False,,19430.0,4,below,0.6443035385559419,19793.0,False,,20103.0,11.0,above,2.797095520556351,18937.0,False,,18261.0,74.0,below,6.622008590713848,18005.0,False,,3358,2026-04-17 00:00:00,35.0,1,1,CHoCH,1,19157.0,25.0,CHoCH,1,18937.0,28.0,36,4,8,1,current_internal_high,internal,0.0,12.0,20103.0,20103.0,20103.0,2.797095520556351,current_internal_low,internal,0.0,8.0,19464.0,19464.0,19464.0,0.47044385354878293,19530.0,19670.0,19529.0,19645.0,80561.0,266896.0,0,0,0,0,0,0,,20103.0,12.0,above,2.797095520556351,18937.0,False,,19464.0,8.0,below,0.47044385354878293,18261.0,False,,19157.0,61.0,below,2.0402945387604827,23000.0,True,25.0,17266.0,45.0,below,11.70996113724688,15076.0009765625,False,,0.0011753584918512416,0.0015328022620941795,0.0003579921791381224,0.0003579921791381224,0.0015328022620941795,0.0011753584918512416,0.0015328022620941795,0.0003579921791381224,True,-5.11338941127093e-05,0.0015328022620941795,0.0008696319958758636,0.0008696319958758636,0.0015328022620941795,-5.11338941127093e-05,0.0015328022620941795,0.0008696319958758636,True,0.0018390809781170248,0.003063258636736066,0.0008696319958758636,0.0008696319958758636,0.003063258636736066,0.0018390809781170248,0.003063258636736066,0.0008696319958758636,True,-0.0028675323044087264,0.003063258636736066,0.0028675323044087264,0.0028675323044087264,0.003063258636736066,-0.0028675323044087264,0.003063258636736066,0.0028675323044087264,True,0.0013285643241864875,0.004082263157581423,0.0035857020285146035,0.0035857020285146035,0.004082263157581423,0.0013285643241864875,0.004082263157581423,0.0035857020285146035,False
AG:33882:I:-1:33864:33869,AG,2026-04-17 09:05:00,33882,-1,internal,13,19586.0,19617.0,19586.0,19617.0,False,0.1583005668181586,1.0,33864,2026-04-17T01:00:00,33869,2026-04-17T01:25:00,33882,2026-04-17T09:00:00,True,False,False,33882.0,33882,2026-04-17 09:05:00,0.0,-1,-1,CHoCH,-1,19570.0,56.0,CHoCH,-1,19540.0,13.0,74,24,38,7,current_internal_high,internal,0.0,13.0,19617.0,19617.0,19617.0,0.17361997651023847,active_bull_internal_ob,internal,1.0,41.0,19459.0,19538.0,19498.5,0.229791145381198,19606.0,19637.0,19560.0,19583.0,10904.0,263422.0,0,0,0,0,0,0,,19617.0,13,above,0.17361997651023847,19672.0,False,,19487.0,5,below,0.49022111014655567,19540.0,False,,20040.0,34.0,above,2.3336567430934996,19935.0,False,,19430.0,4.0,below,0.7812898942960731,19570.0,False,,2,11293,2026-04-17 02:30:00,395.0,1,-1,BOS,1,18937.0,104.0,CHoCH,-1,19793.0,21.0,65,14,25,5,current_internal_high,internal,0.0,4.0,19672.0,19672.0,19672.0,0.454475820865036,current_internal_low,internal,0.0,12.0,19430.0,19430.0,19430.0,0.7812898942960731,19552.0,19583.0,19511.0,19524.0,5788.0,263436.0,0,0,0,0,0,0,,19672.0,4,above,0.454475820865036,20040.0,False,,19430.0,12,below,0.7812898942960731,19793.0,False,,20103.0,19.0,above,2.655364346627177,18937.0,False,,18261.0,82.0,below,6.75075320430986,18005.0,False,,3361,2026-04-17 02:30:00,395.0,1,1,CHoCH,1,19157.0,28.0,CHoCH,1,18937.0,31.0,36,4,8,1,current_internal_high,internal,0.0,2.0,20040.0,20040.0,20040.0,2.3336567430934996,current_internal_low,internal,0.0,11.0,19464.0,19464.0,19464.0,0.6076699177858347,19527.0,19583.0,19511.0,19524.0,13058.0,263436.0,0,0,0,0,0,0,,20040.0,2.0,above,2.3336567430934996,20103.0,False,,19464.0,11.0,below,0.6076699177858347,18261.0,False,,19157.0,64.0,below,2.175356176275341,23000.0,True,28.0,17266.0,48.0,below,11.831690752183016,15076.0009765625,False,,-0.002249374702325113,0.0006125887168959565,0.0024029255663506888,0.0024029255663506888,0.0006125887168959565,0.002249374702325113,0.0024029255663506888,0.0006125887168959565,True,-0.004914266352701091,0.0006125887168959565,0.01124617085725177,0.01124617085725177,0.0006125887168959565,0.004914266352701091,0.01124617085725177,0.0006125887168959565,True,-0.008512871922382814,0.0006125887168959565,0.01186606962697212,0.01186606962697212,0.0006125887168959565,0.008512871922382814,0.01186606962697212,0.0006125887168959565,True,-0.0023005557039486035,0.0006125887168959565,0.01186606962697212,0.01186606962697212,0.0006125887168959565,0.0023005557039486035,0.01186606962697212,0.0006125887168959565,True,0.0026518450952739414,0.004229413423265882,0.01186606962697212,0.01186606962697212,0.004229413423265882,-0.0026518450952739414,0.01186606962697212,0.004229413423265882,False
AG:33895:I:-1:33882:33884,AG,2026-04-17 10:10:00,33895,-1,internal,11,19560.0,19637.0,19560.0,19637.0,False,0.3946694003075346,0.1038961038961039,33882,2026-04-17T09:00:00,33884,2026-04-17T09:10:00,33895,2026-04-17T10:05:00,False,True,True,33904.0,33895,2026-04-17 10:10:00,0.0,-1,-1,BOS,-1,19430.0,9.0,BOS,-1,19487.0,11.0,73,25,38,8,active_bear_internal_ob,internal,-1.0,11.0,19560.0,19637.0,19598.5,0.2562788313685289,current_swing_low,swing,0.0,17.0,19430.0,19430.0,19430.0,0.4100461301896463,19535.0,19568.0,19507.0,19510.0,4516.0,261614.0,0,0,0,0,0,0,,19637.0,8,above,0.6509482316760635,19617.0,False,,19354.0,2,below,0.7995899538698105,19487.0,False,,20040.0,47.0,above,2.716555612506407,19935.0,False,,19430.0,17.0,below,0.4100461301896463,19570.0,True,9.0,4,11297,2026-04-17 10:00:00,10.0,1,-1,BOS,1,18937.0,108.0,BOS,-1,19430.0,2.0,65,15,25,5,active_bear_internal_ob,internal,-1.0,2.0,19614.0,19672.0,19643.0,0.5330599692465402,current_internal_low,internal,0.0,16.0,19430.0,19430.0,19430.0,0.4100461301896463,19463.0,19544.0,19447.0,19528.0,16139.0,261729.0,0,0,0,0,0,0,,19672.0,8,above,0.8303434136340339,20040.0,False,,19430.0,16,below,0.4100461301896463,19793.0,True,2.0,20103.0,23.0,above,3.0394669400307537,18937.0,False,,18261.0,86.0,below,6.401845207585853,18005.0,False,,3362,2026-04-17 10:00:00,10.0,1,1,CHoCH,1,19157.0,29.0,CHoCH,1,18937.0,32.0,36,4,8,1,current_internal_high,internal,0.0,3.0,20040.0,20040.0,20040.0,2.716555612506407,current_internal_low,internal,0.0,12.0,19464.0,19464.0,19464.0,0.23577652485904663,19606.0,19637.0,19352.0,19528.0,98222.0,261729.0,0,0,0,0,0,0,,20040.0,3.0,above,2.716555612506407,20103.0,False,,19464.0,12.0,below,0.23577652485904663,18261.0,False,,19157.0,65.0,below,1.8093285494618145,23000.0,True,29.0,17266.0,49.0,below,11.501793951819579,15076.0009765625,False,,0.0012293823902638223,0.0012293823902638223,0.0009230296537605653,0.0009230296537605653,0.0012293823902638223,-0.0012293823902638223,0.0009230296537605653,0.0012293823902638223,True,0.0030706267729634362,0.003989979205050176,0.0009230296537605653,0.0009230296537605653,0.003989979205050176,-0.0030706267729634362,0.0009230296537605653,0.003989979205050176,False,0.0005636545459353215,0.003989979205050176,0.0009230296537605653,0.0009230296537605653,0.003989979205050176,-0.0005636545459353215,0.0009230296537605653,0.003989979205050176,False,0.0064883871330732035,0.00796410172294415,0.0013335386907247226,0.0013335386907247226,0.00796410172294415,-0.0064883871330732035,0.0013335386907247226,0.00796410172294415,False,0.00332608724184702,0.009437641787847895,0.0013335386907247226,0.0013335386907247226,0.009437641787847895,-0.00332608724184702,0.0013335386907247226,0.009437641787847895,False
AG:33904:S:-1:33852:33886,AG,2026-04-17 11:10:00,33904,-1,swing,18,19635.0,19672.0,19635.0,19672.0,False,0.18842941535954372,0.6216216216216216,33852,2026-04-17T00:00:00,33886,2026-04-17T09:20:00,33904,2026-04-17T11:05:00,False,True,True,33909.0,33904,2026-04-17 11:10:00,0.0,-1,1,BOS,-1,19430.0,18.0,CHoCH,1,19588.0,0.0,74,24,38,8,current_swing_high,swing,0.0,2.0,19672.0,19672.0,19672.0,0.18333672845793442,current_internal_high,internal,0.0,1.0,19588.0,19588.0,19588.0,0.24444897127724588,19563.0,19658.0,19563.0,19636.0,10910.0,261166.0,1,1,0,1,0,1,active_bear_swing_ob,19588.0,1,below,0.24444897127724588,19637.0,True,0.0,19354.0,11,below,1.4361377062538194,19487.0,False,,19672.0,2.0,above,0.18333672845793442,20040.0,False,,19430.0,26.0,below,1.0490935017315135,19570.0,True,18.0,3,11300,2026-04-17 11:00:00,10.0,1,-1,BOS,1,18937.0,111.0,BOS,-1,19430.0,5.0,65,15,25,5,current_internal_high,internal,0.0,11.0,19672.0,19672.0,19672.0,0.18333672845793442,current_internal_low,internal,0.0,0.0,19352.0,19352.0,19352.0,1.4463230800570381,19548.0,19581.0,19484.0,19493.0,10910.0,261908.0,1,1,0,1,1,0,active_bear_internal_ob,19672.0,11,above,0.18333672845793442,20040.0,False,,19352.0,0,below,1.4463230800570381,19430.0,False,,20103.0,26.0,above,2.378284783051538,18937.0,False,,18261.0,89.0,below,7.002444489712772,18005.0,False,,3363,2026-04-17 11:00:00,10.0,1,1,CHoCH,1,19157.0,30.0,CHoCH,1,18937.0,33.0,36,4,8,1,current_internal_high,internal,0.0,4.0,20040.0,20040.0,20040.0,2.057445508250153,current_internal_low,internal,0.0,13.0,19464.0,19464.0,19464.0,0.8759421470767976,19529.0,19588.0,19484.0,19493.0,34901.0,261908.0,0,0,0,0,0,0,,20040.0,4.0,above,2.057445508250153,20103.0,False,,19464.0,13.0,below,0.8759421470767976,18261.0,False,,19157.0,66.0,below,2.4393970258708495,23000.0,True,30.0,17266.0,50.0,below,12.069667956814015,15076.0009765625,False,,-0.00020372822725178708,0.00020368673051329722,0.0014779708625223265,0.0014779708625223265,0.00020368673051329722,0.00020372822725178708,0.0014779708625223265,0.00020368673051329722,True,5.092557228714156e-05,0.0015266401621580883,0.0014779708625223265,0.0014779708625223265,0.0015266401621580883,-5.092557228714156e-05,0.0014779708625223265,0.0015266401621580883,True,0.0005091390568718879,0.002492308199894211,0.002345384239356818,0.002345384239356818,0.002492308199894211,-0.0005091390568718879,0.002345384239356818,0.002492308199894211,False,-0.0015289743562725278,0.0030001802270618327,0.002345384239356818,0.002345384239356818,0.0030001802270618327,0.0015289743562725278,0.002345384239356818,0.0030001802270618327,False,0.03748377455041485,0.03846435905730594,0.0059250352108595195,0.0059250352108595195,0.03846435905730594,-0.03748377455041485,0.0059250352108595195,0.03846435905730594,False
AG:33921:I:1:33902:33904,AG,2026-04-17 14:35:00,33921,1,internal,17,19484.0,19528.0,19484.0,19528.0,False,0.22517911975435007,0.045454545454545456,33902,2026-04-17T10:55:00,33904,2026-04-17T11:05:00,33921,2026-04-17T14:30:00,False,True,True,34150.0,33921,2026-04-17 14:35:00,0.0,-1,1,BOS,-1,19430.0,35.0,CHoCH,1,19588.0,17.0,74,24,38,7,current_swing_high,swing,0.0,19.0,19672.0,19672.0,19672.0,0.6755373592630501,active_bull_internal_ob,internal,1.0,17.0,19484.0,19528.0,19506.0,0.061412487205731836,19543.0,19559.0,19526.0,19540.0,4576.0,258343.0,0,0,0,0,0,0,,19695.0,3,above,0.7932446264073695,19588.0,False,,19484.0,14,below,0.28659160696008185,19354.0,False,,19672.0,19.0,above,0.6755373592630501,20040.0,False,,19430.0,43.0,below,0.5629477993858751,19570.0,True,35.0,2,11306,2026-04-17 14:30:00,5.0,1,-1,BOS,1,18937.0,117.0,BOS,-1,19430.0,11.0,65,14,25,5,current_internal_high,internal,0.0,17.0,19672.0,19672.0,19672.0,0.6755373592630501,current_internal_low,internal,0.0,6.0,19352.0,19352.0,19352.0,0.962128966223132,19560.0,19598.0,19531.0,19543.0,14043.0,258372.0,0,0,0,0,0,0,,19672.0,17,above,0.6755373592630501,20040.0,False,,19352.0,6,below,0.962128966223132,19430.0,False,,20103.0,32.0,above,2.881269191402252,18937.0,False,,18261.0,95.0,below,6.545547594677585,18005.0,False,,3365,2026-04-17 14:00:00,35.0,1,1,CHoCH,1,19157.0,32.0,CHoCH,1,18937.0,35.0,36,4,8,1,current_internal_high,internal,0.0,6.0,20040.0,20040.0,20040.0,2.5588536335721597,current_internal_low,internal,0.0,15.0,19464.0,19464.0,19464.0,0.3889457523029683,19659.0,19695.0,19590.0,19631.0,28667.0,259671.0,0,0,0,0,0,0,,20040.0,6.0,above,2.5588536335721597,20103.0,False,,19464.0,15.0,below,0.3889457523029683,18261.0,False,,19157.0,68.0,below,1.9600818833162743,23000.0,True,32.0,17266.0,52.0,below,11.637666325486181,15076.0009765625,False,,0.0015342132496947158,0.0017385972880124,0.0009728872474266126,0.0009728872474266126,0.0017385972880124,0.0015342132496947158,0.0017385972880124,0.0009728872474266126,True,0.001074196374297287,0.0019429395620313983,0.0009728872474266126,0.0009728872474266126,0.0019429395620313983,0.001074196374297287,0.0019429395620313983,0.0009728872474266126,True,0.03302258078300291,0.03850394064665785,0.0009728872474266126,0.0009728872474266126,0.03850394064665785,0.03302258078300291,0.03850394064665785,0.0009728872474266126,False,0.038553185962205916,0.04601041524131588,0.0009728872474266126,0.0009728872474266126,0.04601041524131588,0.038553185962205916,0.04601041524131588,0.0009728872474266126,False,0.04752449401843428,0.04786606573961727,0.0009728872474266126,0.0009728872474266126,0.04786606573961727,0.04752449401843428,0.04786606573961727,0.0009728872474266126,False
AG:33927:I:-1:31619:31624,AG,2026-04-17 21:05:00,33927,-1,internal,2303,20147.0,20246.0,20147.0,20246.0,False,0.49022035157217136,1.0,31619,2026-03-18T09:10:00,31624,2026-03-18T09:35:00,33927,2026-04-17T21:00:00,True,False,False,33927.0,33927,2026-04-17 21:05:00,0.0,1,1,CHoCH,1,19672.0,0.0,BOS,1,19695.0,0.0,75,20,39,5,active_bear_internal_ob,internal,-1.0,2350.0,20297.0,20382.0,20339.5,0.505075513741025,current_internal_high,internal,0.0,9.0,19695.0,19695.0,19695.0,2.475860361475613,20300.0,20306.0,20117.0,20195.0,41077.0,258749.0,0,0,0,0,0,0,,19695.0,9,below,2.475860361475613,19588.0,True,0.0,19520.0,0,below,3.342411487992077,19484.0,False,,19672.0,25.0,below,2.5897499381034907,20040.0,True,0.0,19430.0,49.0,below,3.7880663530576877,19570.0,True,41.0,4,11308,2026-04-17 15:00:00,365.0,1,-1,BOS,1,18937.0,119.0,BOS,-1,19430.0,13.0,65,14,25,5,active_bear_internal_ob,internal,-1.0,783.0,20650.0,20780.0,20715.0,2.2530329289428077,active_bear_internal_ob,internal,-1.0,79.0,19925.0,20103.0,20014.0,0.4555583065115128,19568.0,19579.0,19545.0,19570.0,10058.0,255911.0,1,1,0,1,1,0,active_bear_internal_ob,19672.0,19,below,2.5897499381034907,20040.0,False,,19352.0,8,below,4.174300569447883,19430.0,False,,20103.0,34.0,below,0.4555583065115128,18937.0,False,,18261.0,97.0,below,9.57662787818767,18005.0,False,,3366,2026-04-17 15:00:00,365.0,1,1,CHoCH,1,19157.0,33.0,CHoCH,1,18937.0,36.0,36,4,8,1,active_bear_internal_ob,internal,-1.0,233.0,20456.0,20780.0,20618.0,1.2923991086902697,current_internal_high,internal,0.0,7.0,20040.0,20040.0,20040.0,0.76751671205744,19630.0,19648.0,19520.0,19570.0,50235.0,255911.0,0,0,0,0,0,0,,20040.0,7.0,below,0.76751671205744,20103.0,False,,19464.0,16.0,below,3.6197078484773457,18261.0,False,,19157.0,69.0,below,5.139886110423372,23000.0,True,33.0,17266.0,53.0,below,14.503589997524138,15076.0009765625,False,,0.00961143017798527,0.01059201468487636,0.002082301198607084,0.002082301198607084,0.01059201468487636,-0.00961143017798527,0.002082301198607084,0.01059201468487636,True,0.002670888915888625,0.013185922905453396,0.002082301198607084,0.002082301198607084,0.013185922905453396,-0.002670888915888625,0.002082301198607084,0.013185922905453396,True,0.0057286936263434285,0.013185922905453396,0.002082301198607084,0.002082301198607084,0.013185922905453396,-0.0057286936263434285,0.002082301198607084,0.013185922905453396,True,0.009709531909559033,0.013185922905453396,0.002082301198607084,0.002082301198607084,0.013185922905453396,-0.009709531909559033,0.002082301198607084,0.013185922905453396,True,0.013479149376129484,0.017915908561747074,0.002082301198607084,0.002082301198607084,0.017915908561747074,-0.013479149376129484,0.002082301198607084,0.017915908561747074,True
AG:33927:I:-1:31573:31577,AG,2026-04-17 21:05:00,33927,-1,internal,2350,20297.0,20382.0,20297.0,20382.0,False,0.4208962614508541,0.10588235294117647,31573,2026-03-17T22:50:00,31577,2026-03-17T23:10:00,33927,2026-04-17T21:00:00,False,True,True,33928.0,33927,2026-04-17 21:05:00,0.0,1,1,CHoCH,1,19672.0,0.0,BOS,1,19695.0,0.0,75,20,39,5,active_bear_internal_ob,internal,-1.0,2350.0,20297.0,20382.0,20339.5,0.505075513741025,current_internal_high,internal,0.0,9.0,19695.0,19695.0,19695.0,2.475860361475613,20300.0,20306.0,20117.0,20195.0,41077.0,258749.0,0,0,0,0,0,0,,19695.0,9,below,2.475860361475613,19588.0,True,0.0,19520.0,0,below,3.342411487992077,19484.0,False,,19672.0,25.0,below,2.5897499381034907,20040.0,True,0.0,19430.0,49.0,below,3.7880663530576877,19570.0,True,41.0,4,11308,2026-04-17 15:00:00,365.0,1,-1,BOS,1,18937.0,119.0,BOS,-1,19430.0,13.0,65,14,25,5,active_bear_internal_ob,internal,-1.0,783.0,20650.0,20780.0,20715.0,2.2530329289428077,active_bear_internal_ob,internal,-1.0,79.0,19925.0,20103.0,20014.0,0.4555583065115128,19568.0,19579.0,19545.0,19570.0,10058.0,255911.0,1,1,0,1,1,0,active_bear_internal_ob,19672.0,19,below,2.5897499381034907,20040.0,False,,19352.0,8,below,4.174300569447883,19430.0,False,,20103.0,34.0,below,0.4555583065115128,18937.0,False,,18261.0,97.0,below,9.57662787818767,18005.0,False,,3366,2026-04-17 15:00:00,365.0,1,1,CHoCH,1,19157.0,33.0,CHoCH,1,18937.0,36.0,36,4,8,1,active_bear_internal_ob,internal,-1.0,233.0,20456.0,20780.0,20618.0,1.2923991086902697,current_internal_high,internal,0.0,7.0,20040.0,20040.0,20040.0,0.76751671205744,19630.0,19648.0,19520.0,19570.0,50235.0,255911.0,0,0,0,0,0,0,,20040.0,7.0,below,0.76751671205744,20103.0,False,,19464.0,16.0,below,3.6197078484773457,18261.0,False,,19157.0,69.0,below,5.139886110423372,23000.0,True,33.0,17266.0,53.0,below,14.503589997524138,15076.0009765625,False,,0.00961143017798527,0.01059201468487636,0.002082301198607084,0.002082301198607084,0.01059201468487636,-0.00961143017798527,0.002082301198607084,0.01059201468487636,True,0.002670888915888625,0.013185922905453396,0.002082301198607084,0.002082301198607084,0.013185922905453396,-0.002670888915888625,0.002082301198607084,0.013185922905453396,True,0.0057286936263434285,0.013185922905453396,0.002082301198607084,0.002082301198607084,0.013185922905453396,-0.0057286936263434285,0.002082301198607084,0.013185922905453396,True,0.009709531909559033,0.013185922905453396,0.002082301198607084,0.002082301198607084,0.013185922905453396,-0.009709531909559033,0.002082301198607084,0.013185922905453396,True,0.013479149376129484,0.017915908561747074,0.002082301198607084,0.002082301198607084,0.017915908561747074,-0.013479149376129484,0.002082301198607084,0.017915908561747074,True
AG:33927:S:-1:31619:31637,AG,2026-04-17 21:05:00,33927,-1,swing,2290,20147.0,20246.0,20147.0,20246.0,False,0.49022035157217136,1.0,31619,2026-03-18T09:10:00,31637,2026-03-18T10:55:00,33927,2026-04-17T21:00:00,True,False,False,33927.0,33927,2026-04-17 21:05:00,0.0,1,1,CHoCH,1,19672.0,0.0,BOS,1,19695.0,0.0,75,20,39,5,active_bear_internal_ob,internal,-1.0,2350.0,20297.0,20382.0,20339.5,0.505075513741025,current_internal_high,internal,0.0,9.0,19695.0,19695.0,19695.0,2.475860361475613,20300.0,20306.0,20117.0,20195.0,41077.0,258749.0,0,0,0,0,0,0,,19695.0,9,below,2.475860361475613,19588.0,True,0.0,19520.0,0,below,3.342411487992077,19484.0,False,,19672.0,25.0,below,2.5897499381034907,20040.0,True,0.0,19430.0,49.0,below,3.7880663530576877,19570.0,True,41.0,4,11308,2026-04-17 15:00:00,365.0,1,-1,BOS,1,18937.0,119.0,BOS,-1,19430.0,13.0,65,14,25,5,active_bear_internal_ob,internal,-1.0,783.0,20650.0,20780.0,20715.0,2.2530329289428077,active_bear_internal_ob,internal,-1.0,79.0,19925.0,20103.0,20014.0,0.4555583065115128,19568.0,19579.0,19545.0,19570.0,10058.0,255911.0,1,1,0,1,1,0,active_bear_internal_ob,19672.0,19,below,2.5897499381034907,20040.0,False,,19352.0,8,below,4.174300569447883,19430.0,False,,20103.0,34.0,below,0.4555583065115128,18937.0,False,,18261.0,97.0,below,9.57662787818767,18005.0,False,,3366,2026-04-17 15:00:00,365.0,1,1,CHoCH,1,19157.0,33.0,CHoCH,1,18937.0,36.0,36,4,8,1,active_bear_internal_ob,internal,-1.0,233.0,20456.0,20780.0,20618.0,1.2923991086902697,current_internal_high,internal,0.0,7.0,20040.0,20040.0,20040.0,0.76751671205744,19630.0,19648.0,19520.0,19570.0,50235.0,255911.0,0,0,0,0,0,0,,20040.0,7.0,below,0.76751671205744,20103.0,False,,19464.0,16.0,below,3.6197078484773457,18261.0,False,,19157.0,69.0,below,5.139886110423372,23000.0,True,33.0,17266.0,53.0,below,14.503589997524138,15076.0009765625,False,,0.00961143017798527,0.01059201468487636,0.002082301198607084,0.002082301198607084,0.01059201468487636,-0.00961143017798527,0.002082301198607084,0.01059201468487636,True,0.002670888915888625,0.013185922905453396,0.002082301198607084,0.002082301198607084,0.013185922905453396,-0.002670888915888625,0.002082301198607084,0.013185922905453396,True,0.0057286936263434285,0.013185922905453396,0.002082301198607084,0.002082301198607084,0.013185922905453396,-0.0057286936263434285,0.002082301198607084,0.013185922905453396,True,0.009709531909559033,0.013185922905453396,0.002082301198607084,0.002082301198607084,0.013185922905453396,-0.009709531909559033,0.002082301198607084,0.013185922905453396,True,0.013479149376129484,0.017915908561747074,0.002082301198607084,0.002082301198607084,0.017915908561747074,-0.013479149376129484,0.002082301198607084,0.017915908561747074,True
AG:33929:I:-1:31560:31567,AG,2026-04-17 21:15:00,33929,-1,internal,2362,20416.0,20485.0,20416.0,20485.0,False,0.3388498747728724,0.6231884057971014,31560,2026-03-17T21:45:00,31567,2026-03-17T22:20:00,33929,2026-04-17T21:10:00,False,True,True,33945.0,33929,2026-04-17 21:15:00,0.0,1,1,CHoCH,1,19672.0,2.0,BOS,1,19695.0,2.0,75,19,39,5,active_bear_internal_ob,internal,-1.0,2362.0,20416.0,20485.0,20450.5,0.26027599076756863,current_internal_high,internal,0.0,11.0,19695.0,19695.0,19695.0,3.280459657221431,20392.0,20459.0,20352.0,20363.0,25495.0,261700.0,0,0,0,0,0,0,,19695.0,11,below,3.280459657221431,19588.0,True,2.0,19520.0,2,below,4.139861513529441,19484.0,False,,19672.0,27.0,below,3.3934096154790554,20040.0,True,2.0,19430.0,51.0,below,4.581839611059274,19570.0,True,43.0,4,11309,2026-04-17 21:15:00,0.0,1,1,BOS,1,20103.0,0.0,CHoCH,1,19672.0,0.0,66,11,26,5,active_bear_internal_ob,internal,-1.0,784.0,20650.0,20780.0,20715.0,1.4094190443451358,current_swing_high,swing,0.0,35.0,20103.0,20103.0,20103.0,1.2768256150861859,20300.0,20459.0,20117.0,20363.0,96583.0,261700.0,0,0,0,0,0,0,,19672.0,20,below,3.3934096154790554,20040.0,True,0.0,19352.0,9,below,4.96488729558513,19430.0,False,,20103.0,35.0,below,1.2768256150861859,18937.0,True,0.0,18261.0,98.0,below,10.322644011196779,18005.0,False,,3366,2026-04-17 15:00:00,375.0,1,1,CHoCH,1,19157.0,33.0,CHoCH,1,18937.0,36.0,36,4,8,1,active_bear_internal_ob,internal,-1.0,233.0,20456.0,20780.0,20618.0,0.456710700780828,current_internal_high,internal,0.0,7.0,20040.0,20040.0,20040.0,1.586210283357069,19630.0,19648.0,19520.0,19570.0,50235.0,255911.0,0,0,0,0,0,0,,20040.0,7.0,below,1.586210283357069,20103.0,False,,19464.0,16.0,below,4.414870107548004,18261.0,False,,19157.0,69.0,below,5.922506506899769,23000.0,True,33.0,17266.0,53.0,below,15.208957422776603,15076.0009765625,False,,-0.005860786555965447,0.00014730794752892962,0.007393202387619979,0.007393202387619979,0.00014730794752892962,0.005860786555965447,0.007393202387619979,0.00014730794752892962,True,-0.004972073156897849,0.00014730794752892962,0.008779341223423387,0.008779341223423387,0.00014730794752892962,0.004972073156897849,0.008779341223423387,0.00014730794752892962,True,-0.0012775786711447523,0.00014730794752892962,0.008779341223423387,0.008779341223423387,0.00014730794752892962,0.0012775786711447523,0.008779341223423387,0.00014730794752892962,True,-0.0009334545864376764,0.0029420438990914732,0.008779341223423387,0.008779341223423387,0.0029420438990914732,0.0009334545864376764,0.008779341223423387,0.0029420438990914732,True,0.00421424644872026,0.009384233089893002,0.008779341223423387,0.008779341223423387,0.009384233089893002,-0.00421424644872026,0.008779341223423387,0.009384233089893002,True
AG:33979:I:1:33931:33943,AG,2026-04-18 01:25:00,33979,1,internal,36,20186.0,20279.0,20186.0,20279.0,False,0.4595769915002965,0.6129032258064516,33931,2026-04-17T21:20:00,33943,2026-04-17T22:20:00,33979,2026-04-18T01:20:00,False,True,True,33993.0,33979,2026-04-18 01:25:00,0.0,1,-1,CHoCH,1,19672.0,52.0,CHoCH,-1,20365.0,3.0,76,19,39,5,current_internal_low,internal,0.0,15.0,20365.0,20365.0,20365.0,0.6374777624036371,current_swing_high,swing,0.0,77.0,19672.0,19672.0,19672.0,2.787112077485669,20323.0,20340.0,20222.0,20236.0,9136.0,263495.0,1,1,1,0,1,0,active_bull_internal_ob,20479.0,9,above,1.2008302035975489,20556.0,False,,20365.0,15,above,0.6374777624036371,20186.0,True,3.0,19672.0,77.0,below,2.787112077485669,20040.0,True,52.0,19352.0,43.0,below,4.3684522632931415,19430.0,False,,4,11325,2026-04-18 01:15:00,10.0,1,-1,BOS,1,20103.0,16.0,CHoCH,-1,20365.0,0.0,66,12,26,5,current_internal_low,internal,0.0,1.0,20365.0,20365.0,20365.0,0.6374777624036371,current_swing_high,swing,0.0,51.0,20103.0,20103.0,20103.0,0.6572445147262305,20400.0,20415.0,20302.0,20340.0,15228.0,264236.0,0,0,0,0,0,0,,20556.0,4,above,1.5813401858074716,19672.0,False,,20365.0,1,above,0.6374777624036371,19352.0,True,0.0,20103.0,51.0,below,0.6572445147262305,18937.0,True,16.0,18261.0,114.0,below,9.75983395928049,18005.0,False,,3370,2026-04-18 01:00:00,25.0,1,1,CHoCH,1,19157.0,37.0,BOS,1,20040.0,3.0,37,4,8,1,active_bear_internal_ob,internal,-1.0,237.0,20456.0,20780.0,20618.0,1.087171377742637,current_internal_high,internal,0.0,11.0,20040.0,20040.0,20040.0,0.9685708638070766,20411.0,20479.0,20392.0,20401.0,35683.0,265012.0,0,0,0,0,0,0,,20040.0,11.0,below,0.9685708638070766,20103.0,True,3.0,19352.0,3.0,below,4.3684522632931415,19464.0,False,,19157.0,73.0,below,5.332081439019569,23000.0,True,37.0,17266.0,57.0,below,14.676813599525598,15076.0009765625,False,,0.0002964719855693687,0.0015308266982980712,0.0011372908981659435,0.0011372908981659435,0.0015308266982980712,0.0002964719855693687,0.0015308266982980712,0.0011372908981659435,True,0.0011359989367765166,0.002172089514697717,0.0011372908981659435,0.0011372908981659435,0.002172089514697717,0.0011359989367765166,0.002172089514697717,0.0011372908981659435,True,0.0013334323036566786,0.003108580698798491,0.0011372908981659435,0.0011372908981659435,0.003108580698798491,0.0013334323036566786,0.003108580698798491,0.0011372908981659435,True,0.005421403125824398,0.005765408829883967,0.0011372908981659435,0.0011372908981659435,0.005765408829883967,0.005421403125824398,0.005765408829883967,0.0011372908981659435,True,-0.008087969263707251,0.00669854250759272,0.0197640809671924,0.0197640809671924,0.00669854250759272,-0.008087969263707251,0.00669854250759272,0.0197640809671924,False
AG:34060:I:1:34026:34038,AG,2026-04-20 22:55:00,34060,1,internal,22,19795.0,19864.0,19795.0,19864.0,False,0.34673366834170855,0.6231884057971014,34026,2026-04-20T14:00:00,34038,2026-04-20T21:00:00,34060,2026-04-20T22:50:00,False,True,True,34106.0,34060,2026-04-20 22:55:00,0.0,1,-1,CHoCH,1,19672.0,133.0,CHoCH,-1,19908.0,0.0,76,22,39,5,current_internal_low,internal,0.0,3.0,19908.0,19908.0,19908.0,0.04020100502512563,active_bull_internal_ob,internal,1.0,22.0,19795.0,19864.0,19829.5,0.18090452261306533,19962.0,19970.0,19821.0,19900.0,17366.0,260860.0,0,0,0,0,0,0,,20033.0,10,above,0.6683417085427136,19864.0,False,,19908.0,3,above,0.04020100502512563,19803.0,True,0.0,20556.0,62.0,above,3.2964824120603016,19672.0,False,,19352.0,124.0,below,2.7537688442211055,19430.0,False,,4,11352,2026-04-20 22:45:00,10.0,1,-1,BOS,1,20103.0,43.0,BOS,-1,19839.0,12.0,66,13,26,5,active_bear_internal_ob,internal,-1.0,12.0,19970.0,20109.0,20039.5,0.35175879396984927,current_internal_low,internal,0.0,6.0,19725.0,19725.0,19725.0,0.8793969849246231,20010.0,20025.0,19936.0,19970.0,17777.0,260775.0,0,0,0,0,0,0,,20109.0,13,above,1.050251256281407,20479.0,False,,19725.0,6,below,0.8793969849246231,19839.0,False,,20103.0,78.0,above,1.020100502512563,18937.0,True,43.0,19352.0,7.0,below,2.7537688442211055,18261.0,False,,3378,2026-04-20 22:00:00,55.0,1,1,CHoCH,1,19157.0,45.0,BOS,1,20040.0,11.0,37,4,8,1,active_bear_internal_ob,internal,-1.0,245.0,20456.0,20780.0,20618.0,2.7939698492462313,active_bull_internal_ob,internal,1.0,11.0,19352.0,19637.0,19494.5,1.321608040201005,19835.0,20033.0,19835.0,19995.0,85797.0,260602.0,0,0,0,0,0,0,,20556.0,5.0,above,3.2964824120603016,20040.0,False,,19352.0,11.0,below,2.7537688442211055,19464.0,False,,19157.0,81.0,below,3.7336683417085426,23000.0,True,45.0,17266.0,65.0,below,13.236180904522612,15076.0009765625,False,,-0.0007037651725649852,0.00020098482632135983,0.0022135032681962485,0.0022135032681962485,0.00020098482632135983,-0.0007037651725649852,0.00020098482632135983,0.0022135032681962485,True,-0.0019617219137924025,0.0009041137790006815,0.003523789198743188,0.003523789198743188,0.0009041137790006815,-0.0019617219137924025,0.0009041137790006815,0.003523789198743188,True,0.00015074240663714988,0.0009041137790006815,0.003523789198743188,0.003523789198743188,0.0009041137790006815,0.00015074240663714988,0.0009041137790006815,0.003523789198743188,True,-0.00015076513333589503,0.0014060462294320786,0.003523789198743188,0.003523789198743188,0.0014060462294320786,-0.00015076513333589503,0.0014060462294320786,0.003523789198743188,True,0.0022086144908097793,0.0029103337316733757,0.003523789198743188,0.003523789198743188,0.0029103337316733757,0.0022086144908097793,0.0029103337316733757,0.003523789198743188,True
AG:34091:I:1:34071:34077,AG,2026-04-21 01:30:00,34091,1,internal,14,19866.0,19910.0,19866.0,19910.0,False,0.22092789716810607,0.3409090909090909,34071,2026-04-20T23:45:00,34077,2026-04-21T00:15:00,34091,2026-04-21T01:25:00,False,True,True,34104.0,34091,2026-04-21 01:30:00,0.0,1,1,CHoCH,1,19672.0,164.0,CHoCH,1,19928.0,14.0,77,22,39,5,current_internal_high,internal,0.0,0.0,19975.0,19975.0,19975.0,0.2962442257481422,current_internal_low,internal,0.0,5.0,19911.0,19911.0,19911.0,0.025105442860012053,19922.0,19925.0,19895.0,19916.0,3326.0,260934.0,0,0,0,0,0,0,,19975.0,0,above,0.2962442257481422,19958.0,False,,19911.0,5,below,0.025105442860012053,19866.0,False,,20556.0,93.0,above,3.213496686081543,19672.0,False,,19725.0,17.0,below,0.9590279172524604,19352.0,False,,4,11363,2026-04-21 01:30:00,0.0,1,-1,BOS,1,20103.0,54.0,BOS,-1,19839.0,23.0,66,13,26,5,active_bear_internal_ob,internal,-1.0,23.0,19970.0,20109.0,20039.5,0.27113878288813015,current_internal_low,internal,0.0,4.0,19830.0,19830.0,19830.0,0.4318136171922073,19943.0,19965.0,19895.0,19916.0,6927.0,260934.0,0,0,0,0,0,0,,20033.0,10,above,0.5874673629242819,20109.0,False,,19830.0,4,below,0.4318136171922073,19725.0,False,,20103.0,89.0,above,0.9389435629644507,18937.0,True,54.0,19352.0,18.0,below,2.831893954609359,18261.0,False,,3381,2026-04-21 01:00:00,30.0,1,1,CHoCH,1,19157.0,48.0,BOS,1,20040.0,14.0,37,4,8,1,active_bear_internal_ob,internal,-1.0,248.0,20456.0,20780.0,20618.0,2.7113878288813016,current_internal_low,internal,0.0,0.0,19725.0,19725.0,19725.0,0.9590279172524604,19917.0,19958.0,19888.0,19938.0,25472.0,261561.0,0,0,0,0,0,0,,20556.0,8.0,above,3.213496686081543,20040.0,False,,19725.0,0.0,below,0.9590279172524604,19352.0,False,,19157.0,84.0,below,3.8110062261498294,23000.0,True,48.0,17266.0,68.0,below,13.305884715806387,15076.0009765625,False,,-0.0005526111014511059,0.0007530687907664202,0.0015078410576983003,0.0015078410576983003,0.0007530687907664202,-0.0005526111014511059,0.0007530687907664202,0.0015078410576983003,True,0.0,0.0007530687907664202,0.0015078410576983003,0.0015078410576983003,0.0007530687907664202,0.0,0.0007530687907664202,0.0015078410576983003,True,-0.000703376234787001,0.0007530687907664202,0.0015078410576983003,0.0015078410576983003,0.0007530687907664202,-0.000703376234787001,0.0007530687907664202,0.0015078410576983003,True,0.0007028818443810536,0.0021071651384954038,0.0015078410576983003,0.0015078410576983003,0.0021071651384954038,0.0007028818443810536,0.0021071651384954038,0.0015078410576983003,True,-0.004681727195190888,0.002758484082335144,0.007612650512175634,0.007612650512175634,0.002758484082335144,-0.004681727195190888,0.002758484082335144,0.007612650512175634,False
AG:34099:I:-1:34086:34092,AG,2026-04-21 02:10:00,34099,-1,internal,7,19927.0,19975.0,19927.0,19975.0,False,0.2409033877038896,0.10416666666666667,34086,2026-04-21T01:00:00,34092,2026-04-21T01:30:00,34099,2026-04-21T02:05:00,False,True,True,35082.0,34099,2026-04-21 02:10:00,0.0,1,-1,CHoCH,1,19672.0,172.0,CHoCH,-1,19911.0,7.0,77,23,39,5,active_bear_internal_ob,internal,-1.0,7.0,19927.0,19975.0,19951.0,0.010037641154328732,current_internal_low,internal,0.0,13.0,19911.0,19911.0,19911.0,0.07026348808030113,19910.0,19932.0,19908.0,19925.0,1569.0,260654.0,0,0,0,0,0,0,,19975.0,8,above,0.2509410288582183,19958.0,False,,19911.0,13,below,0.07026348808030113,19866.0,True,7.0,20033.0,4.0,above,0.5420326223337516,20556.0,False,,19725.0,25.0,below,1.0037641154328731,19352.0,False,,4,11365,2026-04-21 02:00:00,10.0,1,-1,BOS,1,20103.0,56.0,BOS,-1,19839.0,25.0,66,13,26,5,active_bear_internal_ob,internal,-1.0,25.0,19970.0,20109.0,20039.5,0.2258469259723965,current_internal_low,internal,0.0,6.0,19830.0,19830.0,19830.0,0.4767879548306148,19912.0,19919.0,19883.0,19897.0,3002.0,260947.0,0,0,0,0,0,0,,20033.0,12,above,0.5420326223337516,20109.0,False,,19830.0,6,below,0.4767879548306148,19725.0,False,,20103.0,91.0,above,0.8933500627352572,18937.0,True,56.0,19352.0,20.0,below,2.8757841907151818,18261.0,False,,3382,2026-04-21 02:00:00,10.0,1,1,CHoCH,1,19157.0,49.0,BOS,1,20040.0,15.0,37,4,8,1,active_bear_internal_ob,internal,-1.0,249.0,20456.0,20780.0,20618.0,2.6649937264742785,current_internal_low,internal,0.0,1.0,19725.0,19725.0,19725.0,1.0037641154328731,19938.0,19975.0,19881.0,19897.0,20214.0,260947.0,0,0,0,0,0,0,,20556.0,9.0,above,3.1668757841907156,20040.0,False,,19725.0,1.0,below,1.0037641154328731,19352.0,False,,19157.0,85.0,below,3.8544542032622338,23000.0,True,49.0,17266.0,69.0,below,13.34504391468005,15076.0009765625,False,,0.0003010083803403063,0.00045147860005911866,0.0012551777724230107,0.0012551777724230107,0.00045147860005911866,-0.0003010083803403063,0.0012551777724230107,0.00045147860005911866,True,0.0006019261818988042,0.0011533737456908,0.0012551777724230107,0.0012551777724230107,0.0011533737456908,-0.0006019261818988042,0.0012551777724230107,0.0011533737456908,True,-0.0036191856133012124,0.0018046926895305404,0.005887846312580436,0.005887846312580436,0.0018046926895305404,0.0036191856133012124,0.005887846312580436,0.0018046926895305404,False,-0.005383254516628355,0.0018046926895305404,0.007302059387315651,0.007302059387315651,0.0018046926895305404,0.005383254516628355,0.007302059387315651,0.0018046926895305404,False,-0.009629760063852189,0.0018046926895305404,0.010744926440571234,0.010744926440571234,0.0018046926895305404,0.009629760063852189,0.010744926440571234,0.0018046926895305404,False
AG:34129:I:1:33922:33927,AG,2026-04-21 11:25:00,34129,1,internal,202,19520.0,19573.0,19520.0,19573.0,False,0.27103042700076707,0.33962264150943394,33922,2026-04-17T14:35:00,33927,2026-04-17T21:00:00,34129,2026-04-21T11:20:00,False,True,True,34150.0,34129,2026-04-21 11:25:00,0.0,-1,-1,CHoCH,-1,19725.0,3.0,BOS,-1,19883.0,25.0,74,23,39,6,current_swing_low,swing,0.0,55.0,19725.0,19725.0,19725.0,0.8693428790590642,active_bull_internal_ob,internal,1.0,225.0,19484.0,19528.0,19506.0,0.1380721043211455,19626.0,19641.0,19555.0,19555.0,10840.0,261122.0,1,1,1,0,1,0,active_bull_internal_ob,19966.0,20,above,2.1017642546663255,19975.0,False,,19883.0,27,above,1.6773203784198416,19911.0,True,25.0,20033.0,34.0,above,2.4443876246484275,20556.0,False,,19725.0,55.0,above,0.8693428790590642,19352.0,True,3.0,3,11375,2026-04-21 11:15:00,10.0,1,-1,BOS,1,20103.0,66.0,BOS,-1,19830.0,7.0,66,14,26,5,current_internal_low,internal,0.0,16.0,19830.0,19830.0,19830.0,1.4062899514190743,active_bull_internal_ob,internal,1.0,66.0,19352.0,19507.0,19429.5,0.24546151879314754,19754.0,19758.0,19655.0,19669.0,16029.0,261812.0,0,0,0,0,0,0,,19975.0,8,above,2.1477882894400406,20033.0,False,,19830.0,16,above,1.4062899514190743,19725.0,True,7.0,20556.0,9.0,above,5.118895423165431,20103.0,False,,19352.0,30.0,below,1.0380976732293532,18261.0,False,,3385,2026-04-21 11:00:00,25.0,1,1,CHoCH,1,19157.0,52.0,BOS,1,20040.0,18.0,37,4,8,1,current_internal_low,internal,0.0,4.0,19725.0,19725.0,19725.0,0.8693428790590642,current_swing_high,swing,0.0,88.0,19157.0,19157.0,19157.0,2.035285093326515,19818.0,19824.0,19717.0,19754.0,30838.0,262398.0,1,1,1,0,1,0,active_bull_internal_ob,20033.0,2.0,above,2.4443876246484275,20556.0,False,,19725.0,4.0,above,0.8693428790590642,19352.0,False,,19157.0,88.0,below,2.035285093326515,23000.0,True,52.0,17266.0,72.0,below,11.705446177448223,15076.0009765625,False,,0.005558544616201644,0.0056093976762952025,0.0007673615928407429,0.0007673615928407429,0.0056093976762952025,0.005558544616201644,0.0056093976762952025,0.0007673615928407429,True,0.010378075544203114,0.01093462897504871,0.0007673615928407429,0.0007673615928407429,0.01093462897504871,0.010378075544203114,0.01093462897504871,0.0007673615928407429,False,0.006473504269315811,0.01093462897504871,0.0007673615928407429,0.0007673615928407429,0.01093462897504871,0.006473504269315811,0.01093462897504871,0.0007673615928407429,False,0.004540939969521318,0.01093462897504871,0.0007673615928407429,0.0007673615928407429,0.01093462897504871,0.004540939969521318,0.01093462897504871,0.0007673615928407429,False,-0.003791376608409891,0.01093462897504871,0.005692469024268121,0.005692469024268121,0.01093462897504871,-0.003791376608409891,0.01093462897504871,0.005692469024268121,False
AG:34148:I:1:34141:34146,AG,2026-04-21 15:00:00,34148,1,internal,2,19610.0,19658.0,19610.0,19658.0,False,0.244237520989162,0.25,34141,2026-04-21T14:20:00,34146,2026-04-21T14:45:00,34148,2026-04-21T14:55:00,False,True,True,34149.0,34148,2026-04-21 15:00:00,0.0,-1,1,CHoCH,-1,19725.0,22.0,CHoCH,1,19685.0,2.0,75,23,39,6,current_internal_high,internal,0.0,4.0,19685.0,19685.0,19685.0,0.16282501399277463,current_internal_low,internal,0.0,2.0,19610.0,19610.0,19610.0,0.2187961125527909,19663.0,19666.0,19646.0,19653.0,4555.0,257391.0,1,1,1,0,1,0,active_bull_internal_ob,19685.0,4,above,0.16282501399277463,19770.0,True,2.0,19610.0,2,below,0.2187961125527909,19604.0,False,,20033.0,53.0,above,1.9335470411641988,20556.0,False,,19725.0,74.0,above,0.36635628148374294,19352.0,True,22.0,4,11382,2026-04-21 15:00:00,0.0,1,-1,BOS,1,20103.0,73.0,BOS,-1,19830.0,14.0,66,14,26,5,current_internal_high,internal,0.0,0.0,19770.0,19770.0,19770.0,0.5953289574110823,current_internal_low,internal,0.0,1.0,19540.0,19540.0,19540.0,0.5749758306619854,19669.0,19703.0,19646.0,19653.0,11996.0,257391.0,0,0,0,0,0,0,,19770.0,0,above,0.5953289574110823,19975.0,False,,19540.0,1,below,0.5749758306619854,19830.0,False,,20556.0,16.0,above,4.594718363608609,20103.0,False,,19352.0,37.0,below,1.5315727878695364,18261.0,False,,3388,2026-04-21 15:00:00,0.0,1,-1,CHoCH,1,19157.0,55.0,CHoCH,-1,19725.0,2.0,37,5,8,1,current_internal_low,internal,0.0,7.0,19725.0,19725.0,19725.0,0.36635628148374294,active_bull_internal_ob,internal,1.0,21.0,19352.0,19637.0,19494.5,0.08141250699638732,19650.0,19703.0,19604.0,19653.0,48937.0,257391.0,0,0,0,0,0,0,,20033.0,5.0,above,1.9335470411641988,20556.0,False,,19725.0,7.0,above,0.36635628148374294,19352.0,True,2.0,19157.0,91.0,below,2.5237877168880067,23000.0,True,55.0,17266.0,75.0,below,12.145728387523533,15076.0009765625,False,,-0.0022452425618233463,0.0017823955015447979,0.002449605715858283,0.002449605715858283,0.0017823955015447979,-0.0022452425618233463,0.0017823955015447979,0.002449605715858283,False,-0.008137407680832709,0.0017823955015447979,0.008805667915945392,0.008805667915945392,0.0017823955015447979,-0.008137407680832709,0.0017823955015447979,0.008805667915945392,False,-0.005161367719422216,0.0017823955015447979,0.008959945255481827,0.008959945255481827,0.0017823955015447979,-0.005161367719422216,0.0017823955015447979,0.008959945255481827,False,-0.00250070303070693,0.0017823955015447979,0.008959945255481827,0.008959945255481827,0.0017823955015447979,-0.00250070303070693,0.0017823955015447979,0.008959945255481827,False,-0.022526145132932385,0.0017823955015447979,0.025292976268174172,0.025292976268174172,0.0017823955015447979,-0.022526145132932385,0.0017823955015447979,0.025292976268174172,False
AG:34169:S:1:33887:33927,AG,2026-04-21 22:45:00,34169,1,swing,242,19354.0,19431.0,19354.0,19431.0,False,0.3976040483321285,0.8441558441558441,33887,2026-04-17T09:25:00,33927,2026-04-17T21:00:00,34169,2026-04-21T22:40:00,False,True,True,34170.0,34169,2026-04-21 22:45:00,0.0,-1,-1,CHoCH,-1,19725.0,43.0,BOS,-1,19444.0,0.0,72,25,39,6,current_internal_low,internal,0.0,12.0,19444.0,19444.0,19444.0,0.4027677372715067,active_bull_internal_ob,internal,1.0,578.0,18927.0,18956.0,18941.5,2.1171124651451,19487.0,19494.0,19366.0,19366.0,19524.0,263324.0,1,1,1,0,0,1,active_bull_swing_ob,19620.0,5,above,1.3115769906020862,19703.0,False,,19444.0,12,above,0.4027677372715067,19610.0,True,0.0,20033.0,74.0,above,3.44418052256532,20556.0,False,,19725.0,95.0,above,1.8537643292368067,19352.0,True,43.0,4,11389,2026-04-21 22:45:00,0.0,1,-1,BOS,1,20103.0,80.0,BOS,-1,19540.0,6.0,66,15,26,5,current_internal_low,internal,0.0,8.0,19540.0,19540.0,19540.0,0.8984818754518228,current_swing_low,swing,0.0,44.0,19352.0,19352.0,19352.0,0.07229164515129609,19529.0,19540.0,19366.0,19366.0,31637.0,263324.0,2,2,2,0,1,1,active_bull_internal_ob|active_bull_swing_ob,19770.0,7,above,2.08613033150883,19975.0,False,,19540.0,8,above,0.8984818754518228,19830.0,True,6.0,20556.0,23.0,above,6.144789837860167,20103.0,False,,19352.0,44.0,below,0.07229164515129609,18261.0,False,,3389,2026-04-21 22:00:00,45.0,1,-1,CHoCH,1,19157.0,56.0,CHoCH,-1,19725.0,3.0,37,5,8,1,current_internal_low,internal,0.0,8.0,19725.0,19725.0,19725.0,1.8537643292368067,current_swing_high,swing,0.0,92.0,19157.0,19157.0,19157.0,1.079210988330063,19619.0,19654.0,19444.0,19570.0,116031.0,262453.0,1,1,1,0,1,0,active_bull_internal_ob,20033.0,6.0,above,3.44418052256532,20556.0,False,,19725.0,8.0,above,1.8537643292368067,19352.0,True,3.0,19157.0,92.0,below,1.079210988330063,23000.0,True,56.0,17266.0,76.0,below,10.843746772694413,15076.0009765625,False,,-0.007255797575007605,0.0005678738440213493,0.009078002947106256,0.009078002947106256,0.0005678738440213493,-0.007255797575007605,0.0005678738440213493,0.009078002947106256,True,-0.009494973660956418,0.0005678738440213493,0.012261804796198206,0.012261804796198206,0.0005678738440213493,-0.009494973660956418,0.0005678738440213493,0.012261804796198206,True,-0.0064758677291543165,0.0005678738440213493,0.012261804796198206,0.012261804796198206,0.0005678738440213493,-0.0064758677291543165,0.0005678738440213493,0.012261804796198206,True,-0.007255797575007605,0.0005678738440213493,0.012261804796198206,0.012261804796198206,0.0005678738440213493,-0.007255797575007605,0.0005678738440213493,0.012261804796198206,True,-0.012052720063849165,0.0005678738440213493,0.014669426601937374,0.014669426601937374,0.0005678738440213493,-0.012052720063849165,0.0005678738440213493,0.014669426601937374,True
AG:34243:I:-1:34158:34169,AG,2026-04-22 13:40:00,34243,-1,internal,74,19575.0,19620.0,19575.0,19620.0,False,0.22975594812621258,0.6222222222222222,34158,2026-04-21T21:45:00,34169,2026-04-21T22:40:00,34243,2026-04-22T13:35:00,False,True,True,35082.0,34243,2026-04-22 13:40:00,0.0,-1,1,CHoCH,-1,19725.0,117.0,BOS,1,19394.0,7.0,74,25,38,6,active_bear_internal_ob,internal,-1.0,94.0,19669.0,19703.0,19686.0,0.42377208209945877,current_internal_high,internal,0.0,8.0,19394.0,19394.0,19394.0,0.980292045338507,19545.0,19603.0,19545.0,19586.0,8353.0,257323.0,1,1,0,1,1,0,active_bear_internal_ob,19394.0,8,below,0.980292045338507,19430.0,True,7.0,19328.0,6,below,1.317267435923619,19314.0,False,,20033.0,148.0,above,2.2822424180537118,20556.0,False,,19725.0,169.0,above,0.70969059532319,19352.0,True,117.0,2,11413,2026-04-22 11:30:00,130.0,-1,-1,CHoCH,-1,19352.0,23.0,BOS,-1,19540.0,30.0,65,15,25,6,active_bear_internal_ob,internal,-1.0,30.0,19670.0,19770.0,19720.0,0.42887776983559683,current_swing_low,swing,0.0,68.0,19352.0,19352.0,19352.0,1.1947309302563056,19449.0,19488.0,19440.0,19464.0,7821.0,256470.0,0,0,0,0,0,0,,19770.0,31,above,0.9394465434494027,19975.0,False,,19001.0,8,below,2.986827325640764,19540.0,False,,20556.0,47.0,above,4.952517104053916,20103.0,False,,19352.0,68.0,below,1.1947309302563056,18261.0,True,23.0,3397,2026-04-22 11:30:00,130.0,1,-1,CHoCH,1,19157.0,64.0,CHoCH,-1,19725.0,11.0,36,5,8,1,current_internal_low,internal,0.0,16.0,19725.0,19725.0,19725.0,0.70969059532319,current_swing_high,swing,0.0,100.0,19157.0,19157.0,19157.0,2.190340038803227,19377.0,19488.0,19364.0,19464.0,21685.0,256470.0,0,0,0,0,0,0,,20033.0,14.0,above,2.2822424180537118,20556.0,False,,19725.0,16.0,above,0.70969059532319,19352.0,True,11.0,19157.0,100.0,below,2.190340038803227,23000.0,True,64.0,17266.0,84.0,below,11.845195547840294,15076.0009765625,False,,-0.0004085593233895679,0.0004083924708346842,0.0014818224013950498,0.0014818224013950498,0.0004083924708346842,0.0004085593233895679,0.0014818224013950498,0.0004083924708346842,True,-0.0016352397736572044,0.0006635530958316593,0.00173753109944208,0.00173753109944208,0.0006635530958316593,0.0016352397736572044,0.00173753109944208,0.0006635530958316593,True,-0.004349501548093215,0.0006635530958316593,0.004913763277906824,0.004913763277906824,0.0006635530958316593,0.004349501548093215,0.004913763277906824,0.0006635530958316593,True,-0.0025562386107615964,0.0006635530958316593,0.004913763277906824,0.004913763277906824,0.0006635530958316593,0.0025562386107615964,0.004913763277906824,0.0006635530958316593,True,-0.006762667302114167,0.0006635530958316593,0.013467870884930733,0.013467870884930733,0.0006635530958316593,0.006762667302114167,0.013467870884930733,0.0006635530958316593,False
AG:34261:I:1:34232:34236,AG,2026-04-22 21:10:00,34261,1,internal,25,19328.0,19355.0,19328.0,19355.0,False,0.13913939706261272,0.5555555555555556,34232,2026-04-22T10:40:00,34236,2026-04-22T11:00:00,34261,2026-04-22T21:05:00,False,True,True,34263.0,34261,2026-04-22 21:10:00,0.0,-1,-1,CHoCH,-1,19725.0,135.0,CHoCH,-1,19489.0,1.0,74,26,38,6,current_internal_low,internal,0.0,7.0,19489.0,19489.0,19489.0,0.43287812419479516,active_bull_internal_ob,internal,1.0,25.0,19328.0,19355.0,19341.5,0.2576655501159495,19395.0,19429.0,19340.0,19405.0,11120.0,255149.0,0,0,0,0,0,0,,19603.0,13,above,1.02035557845916,19394.0,False,,19489.0,7,above,0.43287812419479516,19328.0,True,1.0,20033.0,166.0,above,3.2362793094563256,20556.0,False,,19001.0,11.0,below,2.081937644936872,19725.0,False,,4,11419,2026-04-22 15:00:00,370.0,-1,-1,CHoCH,-1,19352.0,29.0,BOS,-1,19540.0,36.0,65,15,25,6,current_internal_high,internal,0.0,0.0,19603.0,19603.0,19603.0,1.02035557845916,current_swing_low,swing,0.0,74.0,19352.0,19352.0,19352.0,0.27312548312290647,19540.0,19586.0,19535.0,19586.0,10320.0,254001.0,0,0,0,0,0,0,,19603.0,0,above,1.02035557845916,19770.0,False,,19001.0,14,below,2.081937644936872,19540.0,False,,20556.0,53.0,above,5.931460963669157,20103.0,False,,19352.0,74.0,below,0.27312548312290647,18261.0,True,29.0,3399,2026-04-22 15:00:00,370.0,1,-1,CHoCH,1,19157.0,66.0,CHoCH,-1,19725.0,13.0,36,5,8,1,active_bear_internal_ob,internal,-1.0,13.0,19835.0,20033.0,19934.0,2.215923730997166,current_swing_high,swing,0.0,102.0,19157.0,19157.0,19157.0,1.2780211285751095,19545.0,19586.0,19489.0,19586.0,36277.0,254001.0,0,0,0,0,0,0,,20033.0,16.0,above,3.2362793094563256,20556.0,False,,19001.0,1.0,below,2.081937644936872,19725.0,False,,19157.0,102.0,below,1.2780211285751095,23000.0,True,66.0,17266.0,86.0,below,11.02293223396032,15076.0009765625,False,,-0.0002061430640161177,5.1529126849914064e-05,0.0012890918844963295,0.0012890918844963295,5.1529126849914064e-05,-0.0002061430640161177,5.1529126849914064e-05,0.0012890918844963295,True,0.0020076710046037505,0.0027787801547507485,0.00428620037024352,0.00428620037024352,0.0027787801547507485,0.0020076710046037505,0.0027787801547507485,0.00428620037024352,True,0.0024190032125730454,0.0037546655913516247,0.00428620037024352,0.00428620037024352,0.0037546655913516247,0.0024190032125730454,0.0037546655913516247,0.00428620037024352,True,0.005191078909687619,0.006932525774699272,0.00428620037024352,0.00428620037024352,0.006932525774699272,0.005191078909687619,0.006932525774699272,0.00428620037024352,True,0.0047295996039729005,0.008364384878960962,0.00428620037024352,0.00428620037024352,0.008364384878960962,0.0047295996039729005,0.008364384878960962,0.00428620037024352,True
AG:34276:I:-1:34259:34260,AG,2026-04-22 22:25:00,34276,-1,internal,16,19566.0,19586.0,19566.0,19586.0,False,0.10233843319858774,0.15,34259,2026-04-22T14:55:00,34260,2026-04-22T21:00:00,34276,2026-04-22T22:20:00,False,True,True,34326.0,34276,2026-04-22 22:25:00,0.0,-1,-1,CHoCH,-1,19725.0,150.0,CHoCH,-1,19489.0,16.0,73,26,38,6,active_bear_internal_ob,internal,-1.0,16.0,19566.0,19586.0,19576.0,0.11768919817837589,current_internal_low,internal,0.0,8.0,19323.0,19323.0,19323.0,1.125722765184465,19547.0,19569.0,19528.0,19543.0,5878.0,259386.0,0,0,0,0,0,0,,19586.0,12,above,0.22002763137696363,19603.0,False,,19323.0,8,below,1.125722765184465,19489.0,False,,20033.0,181.0,above,2.5072916133653993,20556.0,False,,19001.0,26.0,below,2.773371539681728,19725.0,False,,4,11424,2026-04-22 22:15:00,10.0,-1,-1,CHoCH,-1,19352.0,34.0,BOS,-1,19540.0,41.0,65,15,25,6,current_internal_high,internal,0.0,5.0,19603.0,19603.0,19603.0,0.3070152995957632,current_swing_low,swing,0.0,79.0,19352.0,19352.0,19352.0,0.9773320370465127,19502.0,19541.0,19489.0,19515.0,16338.0,259193.0,0,0,0,0,0,0,,19603.0,5,above,0.3070152995957632,19770.0,False,,19001.0,19,below,2.773371539681728,19540.0,False,,20556.0,58.0,above,5.183441641508468,20103.0,False,,19352.0,79.0,below,0.9773320370465127,18261.0,True,34.0,3400,2026-04-22 22:00:00,25.0,1,-1,CHoCH,1,19157.0,67.0,CHoCH,-1,19725.0,14.0,36,5,8,1,active_bear_internal_ob,internal,-1.0,14.0,19835.0,20033.0,19934.0,1.494141124699381,current_swing_high,swing,0.0,103.0,19157.0,19157.0,19157.0,1.9751317607327432,19400.0,19523.0,19323.0,19502.0,105569.0,258727.0,0,0,0,0,0,0,,20033.0,17.0,above,2.5072916133653993,20556.0,False,,19001.0,2.0,below,2.773371539681728,19725.0,False,,19157.0,103.0,below,1.9751317607327432,23000.0,True,67.0,17266.0,87.0,below,11.651230619659213,15076.0009765625,False,,-0.0018950554981156387,0.0004092699704134617,0.0019463230893190797,0.0019463230893190797,0.0004092699704134617,0.0018950554981156387,0.0019463230893190797,0.0004092699704134617,True,-0.0028182745204521353,0.0004092699704134617,0.0047700959834831025,0.0047700959834831025,0.0004092699704134617,0.0028182745204521353,0.0047700959834831025,0.0004092699704134617,True,-0.003280203853480046,0.0004092699704134617,0.005953314991295144,0.005953314991295144,0.0004092699704134617,0.003280203853480046,0.005953314991295144,0.0004092699704134617,True,-0.002356558467617731,0.0004092699704134617,0.005953314991295144,0.005953314991295144,0.0004092699704134617,0.002356558467617731,0.005953314991295144,0.0004092699704134617,True,-0.004924349525193605,0.0004092699704134617,0.0065712028643094555,0.0065712028643094555,0.0004092699704134617,0.004924349525193605,0.0065712028643094555,0.0004092699704134617,True
AG:34328:I:1:34324:34326,AG,2026-04-23 09:15:00,34328,1,internal,2,19456.0,19479.0,19456.0,19479.0,False,0.11804557585711353,0.08695652173913043,34324,2026-04-23T02:20:00,34326,2026-04-23T09:00:00,34328,2026-04-23T09:10:00,False,True,True,34329.0,34328,2026-04-23 09:15:00,0.0,-1,1,CHoCH,-1,19725.0,202.0,BOS,1,19515.0,2.0,74,25,38,6,current_internal_high,internal,0.0,13.0,19515.0,19515.0,19515.0,0.15910490659002258,active_bull_internal_ob,internal,1.0,2.0,19456.0,19479.0,19467.5,0.02566208170806816,19561.0,19562.0,19477.0,19484.0,7381.0,254914.0,0,0,0,0,0,0,,19515.0,13,above,0.15910490659002258,19488.0,True,2.0,19464.0,8,below,0.10264832683227264,19412.0,False,,19603.0,35.0,above,0.6107575446520221,20033.0,False,,19323.0,15.0,below,0.8263190309997948,19001.0,False,,2,11442,2026-04-23 09:15:00,0.0,-1,-1,CHoCH,-1,19352.0,52.0,BOS,-1,19540.0,59.0,65,15,25,6,current_internal_high,internal,0.0,12.0,19569.0,19569.0,19569.0,0.4362553890371587,current_internal_low,internal,0.0,2.0,19412.0,19412.0,19412.0,0.3695339765961815,19536.0,19607.0,19477.0,19484.0,28869.0,254914.0,0,0,0,0,0,0,,19569.0,12,above,0.4362553890371587,19603.0,False,,19412.0,2,below,0.3695339765961815,19323.0,False,,20556.0,76.0,above,5.501950318209813,20103.0,False,,19352.0,97.0,below,0.6774789570929994,18261.0,True,52.0,3405,2026-04-23 02:30:00,405.0,1,-1,CHoCH,1,19157.0,72.0,CHoCH,-1,19725.0,19.0,36,5,8,1,current_internal_high,internal,0.0,2.0,19603.0,19603.0,19603.0,0.6107575446520221,current_internal_low,internal,0.0,0.0,19323.0,19323.0,19323.0,0.8263190309997948,19501.0,19520.0,19456.0,19471.0,8119.0,256905.0,0,0,0,0,0,0,,19603.0,2.0,above,0.6107575446520221,20033.0,False,,19323.0,0.0,below,0.8263190309997948,19001.0,False,,19157.0,108.0,below,1.6783001437076575,23000.0,True,72.0,17266.0,92.0,below,11.383699445699035,15076.0009765625,False,,-0.0026215029534117917,0.0007697242201718524,0.004115232145105452,0.004115232145105452,0.0007697242201718524,-0.0026215029534117917,0.0007697242201718524,0.004115232145105452,True,-0.005146691751768628,0.0007697242201718524,0.005766078578631095,0.005766078578631095,0.0007697242201718524,-0.005146691751768628,0.0007697242201718524,0.005766078578631095,True,-0.002930367364392339,0.0007697242201718524,0.005869347025049265,0.005869347025049265,0.0007697242201718524,-0.002930367364392339,0.0007697242201718524,0.005869347025049265,True,-0.014269707545693677,0.0007697242201718524,0.016511334966827107,0.016511334966827107,0.0007697242201718524,-0.014269707545693677,0.0007697242201718524,0.016511334966827107,True,-0.0317619460674301,0.0007697242201718524,0.032875384320368184,0.032875384320368184,0.0007697242201718524,-0.0317619460674301,0.0007697242201718524,0.032875384320368184,False
AG:34329:I:1:34307:34310,AG,2026-04-23 09:20:00,34329,1,internal,19,19412.0,19435.0,19412.0,19435.0,False,0.11837974162334654,1.0,34307,2026-04-23T00:55:00,34310,2026-04-23T01:10:00,34329,2026-04-23T09:15:00,True,False,False,34329.0,34329,2026-04-23 09:20:00,0.0,-1,-1,CHoCH,-1,19725.0,203.0,CHoCH,-1,19464.0,0.0,72,26,38,6,current_internal_low,internal,0.0,9.0,19464.0,19464.0,19464.0,0.18014308507900562,current_swing_low,swing,0.0,16.0,19323.0,19323.0,19323.0,0.5455762005249885,19480.0,19495.0,19400.0,19429.0,10912.0,254513.0,0,0,0,0,0,0,,19515.0,14,above,0.44263729476555663,19488.0,True,3.0,19464.0,9,above,0.18014308507900562,19412.0,True,0.0,19603.0,36.0,above,0.8955684801070565,20033.0,False,,19323.0,16.0,below,0.5455762005249885,19001.0,False,,2,11442,2026-04-23 09:15:00,5.0,-1,-1,CHoCH,-1,19352.0,52.0,BOS,-1,19540.0,59.0,65,15,25,6,current_internal_high,internal,0.0,12.0,19569.0,19569.0,19569.0,0.7205723403160225,current_internal_low,internal,0.0,2.0,19412.0,19412.0,19412.0,0.08749806989551702,19536.0,19607.0,19477.0,19484.0,28869.0,254914.0,0,0,0,0,0,0,,19569.0,12,above,0.7205723403160225,19603.0,False,,19412.0,2,below,0.08749806989551702,19323.0,False,,20556.0,76.0,above,5.800607339543981,20103.0,False,,19352.0,97.0,below,0.39631478717381236,18261.0,True,52.0,3405,2026-04-23 02:30:00,410.0,1,-1,CHoCH,1,19157.0,72.0,CHoCH,-1,19725.0,19.0,36,5,8,1,current_internal_high,internal,0.0,2.0,19603.0,19603.0,19603.0,0.8955684801070565,current_internal_low,internal,0.0,0.0,19323.0,19323.0,19323.0,0.5455762005249885,19501.0,19520.0,19456.0,19471.0,8119.0,256905.0,0,0,0,0,0,0,,19603.0,2.0,above,0.8955684801070565,20033.0,False,,19323.0,0.0,below,0.5455762005249885,19001.0,False,,19157.0,108.0,below,1.3999691183282723,23000.0,True,72.0,17266.0,92.0,below,11.132842657882547,15076.0009765625,False,,-0.001132911187655239,0.0004630939906267173,0.002628257845236348,0.002628257845236348,0.0004630939906267173,-0.001132911187655239,0.0004630939906267173,0.002628257845236348,True,-0.001957653502445922,0.0004630939906267173,0.0032993122000100072,0.0032993122000100072,0.0004630939906267173,-0.001957653502445922,0.0004630939906267173,0.0032993122000100072,True,-0.0023186922664564236,0.0010288066751069636,0.0032993122000100072,0.0032993122000100072,0.0010288066751069636,-0.0023186922664564236,0.0010288066751069636,0.0032993122000100072,True,-0.010866859847203258,0.0010288066751069636,0.013941300141787849,0.013941300141787849,0.0010288066751069636,-0.010866859847203258,0.0010288066751069636,0.013941300141787849,False,-0.02506710370187193,0.0010288066751069636,0.030729842762873716,0.030729842762873716,0.0010288066751069636,-0.02506710370187193,0.0010288066751069636,0.030729842762873716,False
AG:34342:I:1:34213:34215,AG,2026-04-23 10:40:00,34342,1,internal,127,19080.0,19106.0,19080.0,19106.0,False,0.135826977327343,0.038461538461538464,34213,2026-04-22T02:20:00,34215,2026-04-22T09:00:00,34342,2026-04-23T10:35:00,False,True,True,34343.0,34342,2026-04-23 10:40:00,0.0,-1,-1,BOS,-1,19323.0,6.0,CHoCH,-1,19464.0,13.0,72,26,38,7,current_swing_low,swing,0.0,29.0,19323.0,19323.0,19323.0,0.9455647267788111,active_bull_internal_ob,internal,1.0,127.0,19080.0,19106.0,19093.0,0.1880681224532442,19220.0,19225.0,19105.0,19142.0,11336.0,254536.0,0,0,0,0,0,0,,19607.0,11,above,2.429213248354404,19515.0,False,,19464.0,22,above,1.6821648730540175,19412.0,True,13.0,19603.0,49.0,above,2.408316790304043,20033.0,False,,19323.0,29.0,above,0.9455647267788111,19001.0,True,6.0,4,11446,2026-04-23 10:15:00,25.0,-1,-1,CHoCH,-1,19352.0,56.0,BOS,-1,19412.0,3.0,65,16,25,6,current_swing_low,swing,0.0,101.0,19352.0,19352.0,19352.0,1.0970640476439244,active_bull_internal_ob,internal,1.0,249.0,18773.0,18870.0,18821.5,1.4209591474245116,19258.0,19260.0,19161.0,19204.0,27168.0,254801.0,0,0,0,0,0,0,,19569.0,16,above,2.2306968968759793,19603.0,False,,19412.0,6,above,1.4105109183993314,19323.0,True,3.0,20556.0,80.0,above,7.386897920802424,20103.0,False,,19352.0,101.0,above,1.0970640476439244,18261.0,True,56.0,3406,2026-04-23 10:00:00,40.0,1,-1,CHoCH,1,19157.0,73.0,BOS,-1,19323.0,0.0,36,5,8,1,current_swing_high,swing,0.0,109.0,19157.0,19157.0,19157.0,0.07836171768885174,active_bull_internal_ob,internal,1.0,76.0,18261.0,18444.0,18352.5,3.6464319297879006,19536.0,19607.0,19254.0,19258.0,91079.0,253280.0,0,0,0,0,0,0,,19603.0,3.0,above,2.408316790304043,20033.0,False,,19323.0,1.0,above,0.9455647267788111,19001.0,True,0.0,19157.0,109.0,above,0.07836171768885174,23000.0,True,73.0,17266.0,93.0,below,9.800438825619057,15076.0009765625,False,,-0.005710559068067056,0.0006789043788977267,0.006498974656460987,0.006498974656460987,0.0006789043788977267,-0.005710559068067056,0.0006789043788977267,0.006498974656460987,True,-0.00870985095839849,0.0006789043788977267,0.010503194969803786,0.010503194969803786,0.0006789043788977267,-0.00870985095839849,0.0006789043788977267,0.010503194969803786,True,-0.010555989099110263,0.0006789043788977267,0.011823885090187503,0.011823885090187503,0.0006789043788977267,-0.010555989099110263,0.0006789043788977267,0.011823885090187503,True,-0.010080942245279445,0.0006789043788977267,0.015796453147238765,0.015796453147238765,0.0006789043788977267,-0.010080942245279445,0.0006789043788977267,0.015796453147238765,False,-0.010714388212406334,0.0006789043788977267,0.015796453147238765,0.015796453147238765,0.0006789043788977267,-0.010714388212406334,0.0006789043788977267,0.015796453147238765,False
AG:34344:I:1:33589:33591,AG,2026-04-23 10:50:00,34344,1,internal,753,18927.0,18956.0,18927.0,18956.0,False,0.15239096163951654,0.4827586206896552,33589,2026-04-14T14:35:00,33591,2026-04-14T14:45:00,34344,2026-04-23T10:45:00,False,True,True,34346.0,34344,2026-04-23 10:50:00,0.0,-1,-1,BOS,-1,19323.0,8.0,CHoCH,-1,19464.0,15.0,71,26,38,7,current_swing_low,swing,0.0,31.0,19323.0,19323.0,19323.0,1.5396741986337363,active_bull_internal_ob,internal,1.0,753.0,18927.0,18956.0,18941.5,0.38885969521807673,19032.0,19050.0,18942.0,19030.0,22198.0,255151.0,0,0,0,0,0,0,,19607.0,13,above,3.0320546505517605,19515.0,False,,19464.0,24,above,2.280609563846558,19412.0,True,15.0,19603.0,51.0,above,3.0110352075669993,20033.0,False,,19323.0,31.0,above,1.5396741986337363,19001.0,True,8.0,4,11447,2026-04-23 10:45:00,5.0,-1,-1,CHoCH,-1,19352.0,57.0,BOS,-1,19412.0,4.0,65,16,25,6,current_swing_low,swing,0.0,102.0,19352.0,19352.0,19352.0,1.6920651602732528,active_bull_internal_ob,internal,1.0,250.0,18773.0,18870.0,18821.5,0.8407777193904361,19230.0,19243.0,19018.0,19033.0,33109.0,255353.0,0,0,0,0,0,0,,19607.0,0,above,3.0320546505517605,19569.0,False,,19412.0,7,above,2.0073568050446666,19323.0,True,4.0,20556.0,81.0,above,8.018917498686285,20103.0,False,,19352.0,102.0,above,1.6920651602732528,18261.0,True,57.0,3406,2026-04-23 10:00:00,50.0,1,-1,CHoCH,1,19157.0,73.0,BOS,-1,19323.0,0.0,36,5,8,1,current_swing_high,swing,0.0,109.0,19157.0,19157.0,19157.0,0.6673673147661586,active_bull_internal_ob,internal,1.0,76.0,18261.0,18444.0,18352.5,3.0793483972674727,19536.0,19607.0,19254.0,19258.0,91079.0,253280.0,0,0,0,0,0,0,,19603.0,3.0,above,3.0110352075669993,20033.0,False,,19323.0,1.0,above,1.5396741986337363,19001.0,True,0.0,19157.0,109.0,above,0.6673673147661586,23000.0,True,73.0,17266.0,93.0,below,9.26957435627956,15076.0009765625,False,,-0.003051830834836622,0.000682755206270258,0.0038953568232766855,0.0038953568232766855,0.000682755206270258,-0.003051830834836622,0.000682755206270258,0.0038953568232766855,True,-0.0015247512089402449,0.000682755206270258,0.006165864966625634,0.006165864966625634,0.000682755206270258,-0.0015247512089402449,0.000682755206270258,0.006165864966625634,True,-0.008123692932798576,0.000682755206270258,0.009713939756132106,0.009713939756132106,0.000682755206270258,-0.008123692932798576,0.000682755206270258,0.009713939756132106,True,-0.0018405074477492178,0.000682755206270258,0.010138433023676896,0.010138433023676896,0.000682755206270258,-0.0018405074477492178,0.000682755206270258,0.010138433023676896,False,-0.0033680697032298923,0.000682755206270258,0.010138433023676896,0.010138433023676896,0.000682755206270258,-0.0033680697032298923,0.000682755206270258,0.010138433023676896,False
AG:34377:I:1:34363:34371,AG,2026-04-23 21:35:00,34377,1,internal,6,18858.0,18914.0,18858.0,18914.0,False,0.2961082910321489,0.17857142857142858,34363,2026-04-23T14:20:00,34371,2026-04-23T21:00:00,34377,2026-04-23T21:30:00,False,True,True,34383.0,34377,2026-04-23 21:35:00,0.0,-1,1,BOS,-1,19323.0,41.0,CHoCH,1,19020.0,6.0,71,26,38,7,current_internal_high,internal,0.0,1.0,19152.0,19152.0,19152.0,1.2690355329949239,current_internal_low,internal,0.0,9.0,18858.0,18858.0,18858.0,0.28553299492385786,18943.0,18962.0,18904.0,18912.0,11455.0,236715.0,1,1,1,0,1,0,active_bull_internal_ob,19152.0,1,above,1.2690355329949239,19020.0,False,,18858.0,9,below,0.28553299492385786,18842.0,False,,19607.0,1.0,above,3.6749153976311337,19603.0,False,,19323.0,64.0,above,2.173223350253807,19001.0,True,41.0,4,11458,2026-04-23 21:30:00,5.0,-1,-1,CHoCH,-1,19352.0,68.0,BOS,-1,19412.0,15.0,65,16,25,6,current_swing_low,swing,0.0,113.0,19352.0,19352.0,19352.0,2.3265651438240273,active_bull_internal_ob,internal,1.0,261.0,18773.0,18870.0,18821.5,0.2220812182741117,18992.0,19016.0,18935.0,18948.0,22897.0,236326.0,0,0,0,0,0,0,,19607.0,11,above,3.6749153976311337,19569.0,False,,18842.0,2,below,0.37013536379018613,19412.0,False,,20556.0,92.0,above,8.692893401015228,20103.0,False,,19352.0,113.0,above,2.3265651438240273,18261.0,True,68.0,3410,2026-04-23 15:00:00,395.0,1,-1,CHoCH,1,19157.0,77.0,BOS,-1,19323.0,4.0,36,5,8,1,current_swing_high,swing,0.0,113.0,19157.0,19157.0,19157.0,1.2954737732656514,active_bull_internal_ob,internal,1.0,80.0,18261.0,18444.0,18352.5,2.474619289340102,18993.0,19005.0,18858.0,18967.0,59449.0,247550.0,0,0,0,0,0,0,,19603.0,7.0,above,3.6537648054145513,20033.0,False,,19323.0,5.0,above,2.173223350253807,19001.0,True,4.0,19157.0,113.0,above,1.2954737732656514,23000.0,True,77.0,17266.0,97.0,below,8.703468697123519,15076.0009765625,False,,0.003009267640605273,0.003009267640605273,0.00010575296118098265,0.00010575296118098265,0.003009267640605273,0.003009267640605273,0.003009267640605273,0.00010575296118098265,True,0.005536382810936047,0.005641540810927381,0.00010575296118098265,0.00010575296118098265,0.005641540810927381,0.005536382810936047,0.005641540810927381,0.00010575296118098265,True,-0.0015874699068767484,0.006324798399329978,0.004345068302813004,0.004345068302813004,0.006324798399329978,-0.0015874699068767484,0.006324798399329978,0.004345068302813004,True,0.002112714037846075,0.006324798399329978,0.004345068302813004,0.004345068302813004,0.006324798399329978,0.002112714037846075,0.006324798399329978,0.004345068302813004,True,0.00458946286012285,0.008057127765068728,0.004345068302813004,0.004345068302813004,0.008057127765068728,0.00458946286012285,0.008057127765068728,0.004345068302813004,True
AG:34388:I:-1:34381:34383,AG,2026-04-23 22:30:00,34388,-1,internal,5,18997.0,19033.0,18997.0,19033.0,False,0.18977332630469163,0.027777777777777776,34381,2026-04-23T21:50:00,34383,2026-04-23T22:00:00,34388,2026-04-23T22:25:00,False,True,True,34398.0,34388,2026-04-23 22:30:00,0.0,-1,-1,BOS,-1,19323.0,52.0,CHoCH,-1,18904.0,5.0,70,27,38,7,active_bear_internal_ob,internal,-1.0,5.0,18997.0,19033.0,19015.0,0.1423299947285187,current_internal_low,internal,0.0,0.0,18831.0,18831.0,18831.0,0.7327358987875593,18959.0,18998.0,18958.0,18970.0,7844.0,235873.0,0,0,0,0,0,0,,19033.0,2,above,0.33210332103321033,19152.0,False,,18831.0,0,below,0.7327358987875593,18904.0,False,,19607.0,12.0,above,3.3579335793357936,19603.0,False,,19323.0,75.0,above,1.860832894043226,19001.0,True,52.0,4,11462,2026-04-23 22:30:00,0.0,-1,-1,CHoCH,-1,19352.0,72.0,BOS,-1,19412.0,19.0,65,16,25,6,current_internal_high,internal,0.0,0.0,19152.0,19152.0,19152.0,0.959409594095941,active_bull_internal_ob,internal,1.0,265.0,18773.0,18870.0,18821.5,0.5271481286241434,18902.0,18998.0,18899.0,18970.0,22665.0,235873.0,0,0,0,0,0,0,,19152.0,0,above,0.959409594095941,19607.0,False,,18842.0,6,below,0.6747496046389035,19412.0,False,,20556.0,96.0,above,8.360569319978914,20103.0,False,,19352.0,117.0,above,2.013705851344228,18261.0,True,72.0,3411,2026-04-23 22:00:00,30.0,1,-1,CHoCH,1,19157.0,78.0,BOS,-1,19323.0,5.0,36,5,8,1,current_swing_high,swing,0.0,114.0,19157.0,19157.0,19157.0,0.9857670005271482,active_bull_internal_ob,internal,1.0,81.0,18261.0,18444.0,18352.5,2.772799156562994,19092.0,19152.0,18904.0,18935.0,135777.0,236593.0,0,0,0,0,0,0,,19607.0,0.0,above,3.3579335793357936,19603.0,False,,19323.0,6.0,above,1.860832894043226,19001.0,True,5.0,19157.0,114.0,above,0.9857670005271482,23000.0,True,78.0,17266.0,98.0,below,8.982604111755403,15076.0009765625,False,,-0.0010019776711711614,0.0010009747167742944,0.0011602764868996474,0.0011602764868996474,0.0010009747167742944,0.0010019776711711614,0.0011602764868996474,0.0010009747167742944,True,0.0011589318054259223,0.0025268491019101447,0.0011602764868996474,0.0011602764868996474,0.0025268491019101447,-0.0011589318054259223,0.0011602764868996474,0.0025268491019101447,True,0.001580028769224029,0.0025268491019101447,0.0011602764868996474,0.0011602764868996474,0.0025268491019101447,-0.001580028769224029,0.0011602764868996474,0.0025268491019101447,True,0.0018431243533658659,0.004942436056051491,0.0014769493137389844,0.0014769493137389844,0.004942436056051491,-0.0018431243533658659,0.0014769493137389844,0.004942436056051491,True,0.00026351155650772284,0.004942436056051491,0.0027974999110522702,0.0027974999110522702,0.004942436056051491,-0.00026351155650772284,0.0027974999110522702,0.004942436056051491,True
AG:34420:I:1:34384:34398,AG,2026-04-24 01:10:00,34420,1,internal,22,18840.0,18905.0,18840.0,18905.0,False,0.3438061990902359,0.03076923076923077,34384,2026-04-23T22:05:00,34398,2026-04-23T23:15:00,34420,2026-04-24T01:05:00,False,True,True,34426.0,34420,2026-04-24 01:10:00,0.0,-1,-1,BOS,-1,19323.0,84.0,CHoCH,-1,18919.0,0.0,71,27,38,7,current_internal_low,internal,0.0,11.0,18919.0,18919.0,18919.0,0.06876123981804717,active_bull_internal_ob,internal,1.0,22.0,18840.0,18905.0,18872.5,0.005289326139849783,18966.0,18969.0,18903.0,18906.0,6452.0,234117.0,0,0,0,0,0,0,,19066.0,17,above,0.8462921823759653,19033.0,False,,18919.0,11,above,0.06876123981804717,18831.0,True,0.0,19607.0,44.0,above,3.707817624034698,19603.0,False,,19323.0,107.0,above,2.2056490003173597,19001.0,True,84.0,4,11472,2026-04-24 01:00:00,10.0,-1,-1,CHoCH,-1,19352.0,82.0,BOS,-1,19412.0,29.0,65,16,25,6,current_internal_high,internal,0.0,1.0,19066.0,19066.0,19066.0,0.8462921823759653,active_bull_internal_ob,internal,1.0,275.0,18773.0,18870.0,18821.5,0.1904157410345922,19026.0,19050.0,18998.0,19006.0,9049.0,234458.0,0,0,0,0,0,0,,19066.0,1,above,0.8462921823759653,19152.0,False,,18831.0,6,below,0.3966994604887337,18842.0,False,,20556.0,106.0,above,8.727388130752143,20103.0,False,,19352.0,127.0,above,2.359039458373003,18261.0,True,82.0,3414,2026-04-24 01:00:00,10.0,1,-1,CHoCH,1,19157.0,81.0,BOS,-1,19323.0,8.0,36,5,8,1,current_swing_high,swing,0.0,117.0,19157.0,19157.0,19157.0,1.3276208611022955,active_bull_internal_ob,internal,1.0,84.0,18261.0,18444.0,18352.5,2.4436686766105997,18973.0,19050.0,18932.0,19006.0,31490.0,234458.0,0,0,0,0,0,0,,19607.0,3.0,above,3.707817624034698,19603.0,False,,19323.0,9.0,above,2.2056490003173597,19001.0,True,8.0,19157.0,117.0,above,1.3276208611022955,23000.0,True,81.0,17266.0,101.0,below,8.674494869353644,15076.0009765625,False,,0.0012687002811855308,0.0017440482184110095,0.0012173500325722841,0.0012173500325722841,0.0017440482184110095,0.0012687002811855308,0.0017440482184110095,0.0012173500325722841,True,-0.002701344368938763,0.0017440482184110095,0.0028604744581208763,0.0028604744581208763,0.0017440482184110095,-0.002701344368938763,0.0017440482184110095,0.0028604744581208763,True,-0.004506303185662475,0.0017440482184110095,0.004984632232012842,0.004984632232012842,0.0017440482184110095,-0.004506303185662475,0.0017440482184110095,0.004984632232012842,True,-0.0011643909434564392,0.0017440482184110095,0.013955696829572872,0.013955696829572872,0.0017440482184110095,-0.0011643909434564392,0.0017440482184110095,0.013955696829572872,True,-0.007273145431776484,0.004117404465507235,0.013955696829572872,0.013955696829572872,0.004117404465507235,-0.007273145431776484,0.004117404465507235,0.013955696829572872,False
AG:34428:I:1:33547:33549,AG,2026-04-24 01:50:00,34428,1,internal,879,18609.0,18650.0,18609.0,18650.0,False,0.21877167707166104,0.17073170731707318,33547,2026-04-14T02:20:00,33549,2026-04-14T09:00:00,34428,2026-04-24T01:45:00,False,True,True,34474.0,34428,2026-04-24 01:50:00,0.0,-1,-1,BOS,-1,19323.0,92.0,CHoCH,-1,18919.0,8.0,70,27,38,7,current_internal_low,internal,0.0,19.0,18919.0,18919.0,18919.0,0.9497892321647725,active_bull_internal_ob,internal,1.0,879.0,18609.0,18650.0,18629.5,0.4855664052078331,18735.0,18749.0,18643.0,18741.0,11654.0,233519.0,0,0,0,0,0,0,,19050.0,6,above,1.6487914198815432,19066.0,False,,18919.0,19,above,0.9497892321647725,18831.0,True,8.0,19607.0,52.0,above,4.6208846913184995,19603.0,False,,19323.0,115.0,above,3.1054906355050425,19001.0,True,92.0,4,11475,2026-04-24 01:45:00,5.0,-1,-1,CHoCH,-1,19352.0,85.0,BOS,-1,18831.0,0.0,64,17,25,6,current_internal_low,internal,0.0,9.0,18831.0,18831.0,18831.0,0.4802305106451097,active_bull_internal_ob,internal,1.0,301.0,18320.0,18394.0,18357.0,1.8515554132650338,18872.0,18913.0,18705.0,18734.0,23794.0,233823.0,1,1,1,0,1,0,active_bull_internal_ob,19066.0,4,above,1.7341657328851183,19152.0,False,,18831.0,9,above,0.4802305106451097,18842.0,True,0.0,20556.0,109.0,above,9.684648631343045,20103.0,False,,19352.0,130.0,above,3.260231577824022,18261.0,True,85.0,3414,2026-04-24 01:00:00,50.0,1,-1,CHoCH,1,19157.0,81.0,BOS,-1,19323.0,8.0,36,5,8,1,current_swing_high,swing,0.0,117.0,19157.0,19157.0,19157.0,2.2197321380929513,active_bull_internal_ob,internal,1.0,84.0,18261.0,18444.0,18352.5,1.584760685128862,18973.0,19050.0,18932.0,19006.0,31490.0,234458.0,0,0,0,0,0,0,,19607.0,3.0,above,4.6208846913184995,19603.0,False,,19323.0,9.0,above,3.1054906355050425,19001.0,True,8.0,19157.0,117.0,above,2.2197321380929513,23000.0,True,81.0,17266.0,101.0,below,7.870444480017075,15076.0009765625,False,,0.003940786865859636,0.005533989539557638,0.0010677487534103136,0.0010677487534103136,0.005533989539557638,0.003940786865859636,0.005533989539557638,0.0010677487534103136,True,0.007548409219898744,0.009294487602087287,0.0010677487534103136,0.0010677487534103136,0.009294487602087287,0.007548409219898744,0.009294487602087287,0.0010677487534103136,True,0.009823000906498791,0.011459619279886368,0.0010677487534103136,0.0010677487534103136,0.011459619279886368,0.009823000906498791,0.011459619279886368,0.0010677487534103136,True,0.0047377054895196835,0.012830204628862418,0.0010677487534103136,0.0010677487534103136,0.012830204628862418,0.0047377054895196835,0.012830204628862418,0.0010677487534103136,False,0.002824032781331809,0.012830204628862418,0.0015486078976643114,0.0015486078976643114,0.012830204628862418,0.002824032781331809,0.012830204628862418,0.0015486078976643114,False
AG:34480:I:1:33514:33520,AG,2026-04-24 14:55:00,34480,1,internal,960,18349.0,18394.0,18349.0,18394.0,False,0.24422012373819602,1.0,33514,2026-04-13T23:35:00,33520,2026-04-14T00:05:00,34480,2026-04-24T14:50:00,True,False,False,34480.0,34480,2026-04-24 14:55:00,0.0,-1,-1,BOS,-1,19323.0,144.0,BOS,-1,18620.0,6.0,68,29,38,7,current_internal_low,internal,0.0,15.0,18620.0,18620.0,18620.0,1.0528600890046673,active_bull_swing_ob,swing,1.0,930.0,18261.0,18371.0,18316.0,0.29849126234668405,18403.0,18428.0,18341.0,18426.0,15071.0,224918.0,0,0,0,0,0,0,,18765.0,10,above,1.8397915988277433,18849.0,False,,18620.0,15,above,1.0528600890046673,18712.0,True,6.0,19607.0,104.0,above,6.409421469662433,19603.0,False,,19323.0,167.0,above,4.868121133181374,19001.0,True,144.0,2,11492,2026-04-24 14:45:00,10.0,-1,-1,CHoCH,-1,19352.0,102.0,BOS,-1,18643.0,6.0,63,18,25,6,current_internal_low,internal,0.0,11.0,18643.0,18643.0,18643.0,1.1776837078041897,active_bull_internal_ob,internal,1.0,318.0,18320.0,18394.0,18357.0,0.1736676435471616,18524.0,18563.0,18460.0,18463.0,28945.0,225928.0,0,0,0,0,0,0,,18983.0,9,above,3.0229024204927817,19066.0,False,,18643.0,11,above,1.1776837078041897,18831.0,True,6.0,20556.0,126.0,above,11.559752523607946,20103.0,False,,19352.0,147.0,above,5.02550743514599,18261.0,True,102.0,3420,2026-04-24 14:00:00,55.0,1,-1,CHoCH,1,19157.0,87.0,BOS,-1,19323.0,14.0,36,5,8,1,current_internal_low,internal,0.0,15.0,19323.0,19323.0,19323.0,4.868121133181374,active_bull_swing_ob,swing,1.0,87.0,17266.0,17864.0,17565.0,3.050037989797026,18698.0,18765.0,18651.0,18706.0,29652.0,227088.0,1,1,1,0,1,0,active_bull_internal_ob,19607.0,9.0,above,6.409421469662433,19603.0,False,,19323.0,15.0,above,4.868121133181374,19001.0,True,14.0,20556.0,2.0,above,11.559752523607946,19157.0,False,,17266.0,107.0,below,6.295452078584608,15076.0009765625,False,,0.0009222340415497854,0.0018977909993065367,0.0005428881783711148,0.0005428881783711148,0.0018977909993065367,0.0009222340415497854,0.0018977909993065367,0.0005428881783711148,True,0.014975500725464386,0.01588403297404639,0.0005428881783711148,0.0005428881783711148,0.01588403297404639,0.014975500725464386,0.01588403297404639,0.0005428881783711148,False,0.014868560291183996,0.01881775957479981,0.0005428881783711148,0.0005428881783711148,0.01881775957479981,0.014868560291183996,0.01881775957479981,0.0005428881783711148,False,0.017698624922033446,0.02052070288454111,0.0005428881783711148,0.0005428881783711148,0.02052070288454111,0.017698624922033446,0.02052070288454111,0.0005428881783711148,False,0.01982923188547403,0.024394722641954303,0.0005428881783711148,0.0005428881783711148,0.024394722641954303,0.01982923188547403,0.024394722641954303,0.0005428881783711148,False
AG:34480:S:1:33483:33550,AG,2026-04-24 14:55:00,34480,1,swing,930,18261.0,18371.0,18261.0,18371.0,False,0.5969825246933681,0.2727272727272727,33483,2026-04-13T21:00:00,33550,2026-04-14T09:05:00,34480,2026-04-24T14:50:00,False,True,True,34686.0,34480,2026-04-24 14:55:00,0.0,-1,-1,BOS,-1,19323.0,144.0,BOS,-1,18620.0,6.0,68,29,38,7,current_internal_low,internal,0.0,15.0,18620.0,18620.0,18620.0,1.0528600890046673,active_bull_swing_ob,swing,1.0,930.0,18261.0,18371.0,18316.0,0.29849126234668405,18403.0,18428.0,18341.0,18426.0,15071.0,224918.0,0,0,0,0,0,0,,18765.0,10,above,1.8397915988277433,18849.0,False,,18620.0,15,above,1.0528600890046673,18712.0,True,6.0,19607.0,104.0,above,6.409421469662433,19603.0,False,,19323.0,167.0,above,4.868121133181374,19001.0,True,144.0,2,11492,2026-04-24 14:45:00,10.0,-1,-1,CHoCH,-1,19352.0,102.0,BOS,-1,18643.0,6.0,63,18,25,6,current_internal_low,internal,0.0,11.0,18643.0,18643.0,18643.0,1.1776837078041897,active_bull_internal_ob,internal,1.0,318.0,18320.0,18394.0,18357.0,0.1736676435471616,18524.0,18563.0,18460.0,18463.0,28945.0,225928.0,0,0,0,0,0,0,,18983.0,9,above,3.0229024204927817,19066.0,False,,18643.0,11,above,1.1776837078041897,18831.0,True,6.0,20556.0,126.0,above,11.559752523607946,20103.0,False,,19352.0,147.0,above,5.02550743514599,18261.0,True,102.0,3420,2026-04-24 14:00:00,55.0,1,-1,CHoCH,1,19157.0,87.0,BOS,-1,19323.0,14.0,36,5,8,1,current_internal_low,internal,0.0,15.0,19323.0,19323.0,19323.0,4.868121133181374,active_bull_swing_ob,swing,1.0,87.0,17266.0,17864.0,17565.0,3.050037989797026,18698.0,18765.0,18651.0,18706.0,29652.0,227088.0,1,1,1,0,1,0,active_bull_internal_ob,19607.0,9.0,above,6.409421469662433,19603.0,False,,19323.0,15.0,above,4.868121133181374,19001.0,True,14.0,20556.0,2.0,above,11.559752523607946,19157.0,False,,17266.0,107.0,below,6.295452078584608,15076.0009765625,False,,0.0009222340415497854,0.0018977909993065367,0.0005428881783711148,0.0005428881783711148,0.0018977909993065367,0.0009222340415497854,0.0018977909993065367,0.0005428881783711148,True,0.014975500725464386,0.01588403297404639,0.0005428881783711148,0.0005428881783711148,0.01588403297404639,0.014975500725464386,0.01588403297404639,0.0005428881783711148,False,0.014868560291183996,0.01881775957479981,0.0005428881783711148,0.0005428881783711148,0.01881775957479981,0.014868560291183996,0.01881775957479981,0.0005428881783711148,False,0.017698624922033446,0.02052070288454111,0.0005428881783711148,0.0005428881783711148,0.02052070288454111,0.017698624922033446,0.02052070288454111,0.0005428881783711148,False,0.01982923188547403,0.024394722641954303,0.0005428881783711148,0.0005428881783711148,0.024394722641954303,0.01982923188547403,0.024394722641954303,0.0005428881783711148,False
AG:34483:I:-1:34465:34474,AG,2026-04-24 21:10:00,34483,-1,internal,9,18709.0,18765.0,18709.0,18765.0,False,0.2994172057958616,0.19642857142857142,34465,2026-04-24T13:35:00,34474,2026-04-24T14:20:00,34483,2026-04-24T21:05:00,False,True,True,34486.0,34483,2026-04-24 21:10:00,0.0,-1,-1,BOS,-1,19323.0,147.0,BOS,-1,18620.0,9.0,68,29,38,7,active_bear_internal_ob,internal,-1.0,9.0,18709.0,18765.0,18737.0,0.03208041490669946,current_internal_low,internal,0.0,18.0,18620.0,18620.0,18620.0,0.4437790728760092,18622.0,18720.0,18611.0,18703.0,12723.0,222045.0,0,0,0,0,0,0,,18765.0,13,above,0.3314976207025611,18849.0,False,,18620.0,18,below,0.4437790728760092,18712.0,True,9.0,19607.0,107.0,above,4.833449179276052,19603.0,False,,19323.0,170.0,above,3.3149762070256106,19001.0,True,147.0,4,11493,2026-04-24 15:00:00,370.0,-1,-1,CHoCH,-1,19352.0,103.0,BOS,-1,18643.0,7.0,63,18,25,6,active_bear_internal_ob,internal,-1.0,7.0,18907.0,18983.0,18945.0,1.0907341068277816,current_internal_low,internal,0.0,12.0,18643.0,18643.0,18643.0,0.3208041490669946,18464.0,18470.0,18341.0,18442.0,38370.0,222500.0,0,0,0,0,0,0,,18983.0,10,above,1.4970860289793082,19066.0,False,,18643.0,12,below,0.3208041490669946,18831.0,True,7.0,20556.0,127.0,above,9.907501470352349,20103.0,False,,19352.0,148.0,above,3.4700315457413247,18261.0,True,103.0,3421,2026-04-24 15:00:00,370.0,1,-1,CHoCH,1,19157.0,88.0,BOS,-1,19323.0,15.0,36,5,8,1,current_internal_low,internal,0.0,16.0,19323.0,19323.0,19323.0,3.3149762070256106,active_bull_internal_ob,internal,1.0,91.0,18261.0,18444.0,18352.5,1.38480457680586,18706.0,18714.0,18341.0,18442.0,106003.0,222500.0,0,0,0,0,0,0,,19607.0,10.0,above,4.833449179276052,19603.0,False,,19323.0,16.0,above,3.3149762070256106,19001.0,True,15.0,20556.0,3.0,above,9.907501470352349,19157.0,False,,17266.0,108.0,below,7.68325937015452,15076.0009765625,False,,0.00026725819973449916,0.002082722175515528,5.3460212249945016e-05,5.3460212249945016e-05,0.002082722175515528,-0.00026725819973449916,5.3460212249945016e-05,0.002082722175515528,True,-0.00026732964577647067,0.003681869637839341,0.0005347307758025721,0.0005347307758025721,0.003681869637839341,0.00026732964577647067,0.0005347307758025721,0.003681869637839341,True,-0.00016038921149608143,0.003681869637839341,0.0030518026630499406,0.0030518026630499406,0.003681869637839341,0.00016038921149608143,0.0030518026630499406,0.003681869637839341,True,0.007456361772204545,0.008092899031126422,0.0030518026630499406,0.0030518026630499406,0.008092899031126422,-0.007456361772204545,0.0030518026630499406,0.008092899031126422,True,0.004267583559963484,0.009258832704993836,0.0030518026630499406,0.0030518026630499406,0.009258832704993836,-0.004267583559963484,0.0030518026630499406,0.009258832704993836,True
AG:34486:I:-1:34448:34455,AG,2026-04-24 21:25:00,34486,-1,internal,31,18773.0,18849.0,18773.0,18849.0,False,0.40639537992620717,0.02631578947368421,34448,2026-04-24T09:55:00,34455,2026-04-24T10:45:00,34486,2026-04-24T21:20:00,False,True,True,34495.0,34486,2026-04-24 21:25:00,0.0,-1,-1,BOS,-1,19323.0,150.0,BOS,-1,18620.0,12.0,68,28,38,7,current_internal_high,internal,0.0,16.0,18765.0,18765.0,18765.0,0.3422276883589113,active_bull_swing_ob,swing,1.0,936.0,18261.0,18371.0,18316.0,1.7646115181006363,18730.0,18775.0,18701.0,18701.0,9954.0,222854.0,0,0,0,0,0,0,,18765.0,16,above,0.3422276883589113,18849.0,False,,18341.0,1,below,1.925030747018876,18620.0,False,,19607.0,110.0,above,4.844660713330838,19603.0,False,,19323.0,173.0,above,3.3260253462381693,19001.0,True,150.0,4,11494,2026-04-24 21:15:00,10.0,-1,-1,CHoCH,-1,19352.0,104.0,BOS,-1,18643.0,8.0,63,18,25,6,active_bear_internal_ob,internal,-1.0,8.0,18907.0,18983.0,18945.0,1.1015453719052457,current_internal_low,internal,0.0,13.0,18643.0,18643.0,18643.0,0.31014384257526334,18640.0,18745.0,18593.0,18711.0,48290.0,222595.0,0,0,0,0,0,0,,18983.0,11,above,1.5079407518314527,19066.0,False,,18643.0,13,below,0.31014384257526334,18831.0,True,8.0,20556.0,128.0,above,9.91925565477782,20103.0,False,,19352.0,149.0,above,3.4810972675258003,18261.0,True,104.0,3421,2026-04-24 15:00:00,385.0,1,-1,CHoCH,1,19157.0,88.0,BOS,-1,19323.0,15.0,36,5,8,1,current_internal_low,internal,0.0,16.0,19323.0,19323.0,19323.0,3.3260253462381693,active_bull_internal_ob,internal,1.0,91.0,18261.0,18444.0,18352.5,1.3742580610662531,18706.0,18714.0,18341.0,18442.0,106003.0,222500.0,0,0,0,0,0,0,,19607.0,10.0,above,4.844660713330838,19603.0,False,,19323.0,16.0,above,3.3260253462381693,19001.0,True,15.0,20556.0,3.0,above,9.91925565477782,19157.0,False,,17266.0,108.0,below,7.673386449922464,15076.0009765625,False,,-0.0002673153535130979,0.00026724391510946077,0.001658508258076452,0.001658508258076452,0.00026724391510946077,0.0002673153535130979,0.001658508258076452,0.00026724391510946077,True,-0.00021384656590406337,0.0007481030593634586,0.0031052600174579226,0.0031052600174579226,0.0007481030593634586,0.00021384656590406337,0.0031052600174579226,0.0007481030593634586,True,0.0025092776306649967,0.00533135559317266,0.0031052600174579226,0.0031052600174579226,0.00533135559317266,-0.0025092776306649967,0.0031052600174579226,0.00533135559317266,True,0.00660666263673626,0.009205375350585854,0.0031052600174579226,0.0031052600174579226,0.009205375350585854,-0.00660666263673626,0.0031052600174579226,0.009205375350585854,True,0.004427028058605842,0.009205375350585854,0.0031052600174579226,0.0031052600174579226,0.009205375350585854,-0.004427028058605842,0.0031052600174579226,0.009205375350585854,True
AG:34510:I:-1:34501:34506,AG,2026-04-24 23:25:00,34510,-1,internal,4,18814.0,18865.0,18814.0,18865.0,False,0.2714209686003193,0.0,34501,2026-04-24T22:35:00,34506,2026-04-24T23:00:00,34510,2026-04-24T23:20:00,False,True,True,34514.0,34510,2026-04-24 23:25:00,0.0,-1,-1,BOS,-1,19323.0,174.0,CHoCH,-1,18788.0,4.0,69,28,38,7,active_bear_internal_ob,internal,-1.0,4.0,18814.0,18865.0,18839.5,0.12772751463544438,current_internal_low,internal,0.0,6.0,18788.0,18788.0,18788.0,0.010643959552953698,18771.0,18814.0,18766.0,18790.0,4564.0,224007.0,0,0,0,0,0,0,,18865.0,4,above,0.3991484832357637,18880.0,False,,18788.0,6,below,0.010643959552953698,18341.0,True,4.0,19607.0,134.0,above,4.348057477381586,19603.0,False,,19323.0,197.0,above,2.8366152208621607,19001.0,True,174.0,4,11502,2026-04-24 23:15:00,10.0,-1,-1,CHoCH,-1,19352.0,112.0,BOS,-1,18643.0,16.0,63,18,25,6,active_bear_internal_ob,internal,-1.0,16.0,18907.0,18983.0,18945.0,0.6226716338477913,active_bull_internal_ob,internal,1.0,328.0,18320.0,18394.0,18357.0,2.1075039914848324,18816.0,18830.0,18756.0,18780.0,18386.0,224332.0,0,0,0,0,0,0,,18983.0,19,above,1.027142096860032,19066.0,False,,18341.0,4,below,2.3895689196381054,18643.0,False,,20556.0,136.0,above,9.398616285258116,20103.0,False,,19352.0,157.0,above,2.9909526343799895,18261.0,True,112.0,3423,2026-04-24 23:00:00,25.0,1,-1,CHoCH,1,19157.0,90.0,BOS,-1,19323.0,17.0,36,5,8,1,current_internal_low,internal,0.0,18.0,19323.0,19323.0,19323.0,2.8366152208621607,active_bull_internal_ob,internal,1.0,93.0,18261.0,18444.0,18352.5,1.84140500266099,18786.0,18880.0,18757.0,18814.0,79773.0,223986.0,0,0,0,0,0,0,,19607.0,12.0,above,4.348057477381586,19603.0,False,,19323.0,18.0,above,2.8366152208621607,19001.0,True,17.0,20556.0,5.0,above,9.398616285258116,19157.0,False,,17266.0,110.0,below,8.11069717935072,15076.0009765625,False,,-0.000585558026898525,0.00042564512481035877,0.001171459132901731,0.001171459132901731,0.00042564512481035877,0.000585558026898525,0.001171459132901731,0.00042564512481035877,True,-0.00037258816132812456,0.0007447601152854588,0.001171459132901731,0.001171459132901731,0.0007447601152854588,0.00037258816132812456,0.001171459132901731,0.0007447601152854588,True,0.008373127880462405,0.010692458423084972,0.001171459132901731,0.001171459132901731,0.010692458423084972,-0.008373127880462405,0.001171459132901731,0.010692458423084972,True,0.00604840553588204,0.010692458423084972,0.001171459132901731,0.001171459132901731,0.010692458423084972,-0.00604840553588204,0.001171459132901731,0.010692458423084972,True,0.007528399463197388,0.010692458423084972,0.001171459132901731,0.001171459132901731,0.010692458423084972,-0.007528399463197388,0.001171459132901731,0.010692458423084972,True
AG:34548:I:1:34507:34514,AG,2026-04-27 09:05:00,34548,1,internal,34,18756.0,18786.0,18756.0,18786.0,False,0.1595405232929164,1.0,34507,2026-04-24T23:05:00,34514,2026-04-24T23:40:00,34548,2026-04-27T09:00:00,True,False,False,34548.0,34548,2026-04-27 09:05:00,0.0,-1,-1,BOS,-1,19323.0,212.0,CHoCH,-1,18891.0,0.0,69,28,38,7,current_internal_low,internal,0.0,7.0,18891.0,18891.0,18891.0,0.46266751754945756,active_bull_internal_ob,internal,1.0,57.0,18341.0,18428.0,18384.5,1.9995745586045524,18760.0,18846.0,18692.0,18804.0,21105.0,216687.0,0,0,0,0,0,0,,18964.0,3,above,0.8508827908955541,18972.0,False,,18891.0,7,above,0.46266751754945756,18860.0,True,0.0,19607.0,172.0,above,4.270368006807063,19603.0,False,,18341.0,18.0,below,2.4622420761540096,19323.0,False,,2,11515,2026-04-25 02:30:00,3275.0,-1,1,CHoCH,-1,19352.0,125.0,CHoCH,1,18880.0,10.0,64,17,25,6,current_internal_low,internal,0.0,4.0,18860.0,18860.0,18860.0,0.2978089768134439,active_bull_internal_ob,internal,1.0,341.0,18320.0,18394.0,18357.0,2.1803871516698576,18923.0,18933.0,18877.0,18893.0,8074.0,217137.0,1,1,1,0,1,0,active_bull_internal_ob,18993.0,5,above,1.0051052967453733,18880.0,False,,18860.0,4,above,0.2978089768134439,18756.0,False,,20556.0,149.0,above,9.317166560306319,20103.0,False,,19352.0,170.0,above,2.914273558817273,18261.0,True,125.0,3427,2026-04-25 02:30:00,3275.0,1,-1,CHoCH,1,19157.0,94.0,BOS,-1,19323.0,21.0,36,5,8,1,current_internal_high,internal,0.0,16.0,19607.0,19607.0,19607.0,4.270368006807063,active_bull_internal_ob,internal,1.0,97.0,18261.0,18444.0,18352.5,1.9144862795149968,18933.0,18947.0,18877.0,18893.0,13304.0,217137.0,0,0,0,0,0,0,,19607.0,16.0,above,4.270368006807063,19603.0,False,,18341.0,1.0,below,2.4622420761540096,19323.0,False,,20556.0,9.0,above,9.317166560306319,19157.0,False,,17266.0,114.0,below,8.179110827483514,15076.0009765625,False,,-0.0031954013448860508,5.3170277828584744e-05,0.004209410771331079,0.004209410771331079,5.3170277828584744e-05,-0.0031954013448860508,5.3170277828584744e-05,0.004209410771331079,True,-0.004850367955970825,5.3170277828584744e-05,0.006668647509282977,0.006668647509282977,5.3170277828584744e-05,-0.004850367955970825,5.3170277828584744e-05,0.006668647509282977,True,-0.0045298380103879765,5.3170277828584744e-05,0.006668647509282977,0.006668647509282977,5.3170277828584744e-05,-0.0045298380103879765,5.3170277828584744e-05,0.006668647509282977,True,-0.006882780272414735,5.3170277828584744e-05,0.008382994870116178,0.008382994870116178,5.3170277828584744e-05,-0.006882780272414735,5.3170277828584744e-05,0.008382994870116178,True,0.0003721325898187189,0.0034502011454335957,0.009348608377900192,0.009348608377900192,0.0034502011454335957,0.0003721325898187189,0.0034502011454335957,0.009348608377900192,False
AG:34564:I:-1:34558:34560,AG,2026-04-27 10:40:00,34564,-1,internal,4,18735.0,18777.0,18735.0,18777.0,False,0.22392834293026234,0.7380952380952381,34558,2026-04-27T09:50:00,34560,2026-04-27T10:00:00,34564,2026-04-27T10:35:00,False,True,True,34566.0,34564,2026-04-27 10:40:00,0.0,-1,-1,BOS,-1,19323.0,228.0,BOS,-1,18684.0,4.0,69,29,38,7,current_internal_high,internal,0.0,1.0,18777.0,18777.0,18777.0,0.11196417146513117,current_internal_low,internal,0.0,6.0,18684.0,18684.0,18684.0,0.3838771593090211,18712.0,18766.0,18712.0,18756.0,4728.0,214570.0,1,1,0,1,1,0,active_bear_internal_ob,18777.0,1,above,0.11196417146513117,18964.0,False,,18684.0,6,below,0.3838771593090211,18891.0,True,4.0,19607.0,188.0,above,4.537214757944125,19603.0,False,,18341.0,34.0,below,2.2126252932394967,19323.0,False,,4,11520,2026-04-27 10:15:00,25.0,-1,-1,CHoCH,-1,19352.0,130.0,CHoCH,-1,18860.0,4.0,63,18,25,6,current_internal_low,internal,0.0,9.0,18860.0,18860.0,18860.0,0.5544892301130305,active_bull_internal_ob,internal,1.0,346.0,18320.0,18394.0,18357.0,1.930049050970356,18730.0,18744.0,18632.0,18667.0,15866.0,214957.0,0,0,0,0,0,0,,18972.0,4,above,1.1516314779270633,18993.0,False,,18860.0,9,above,0.5544892301130305,18756.0,True,4.0,20556.0,154.0,above,9.596928982725528,20103.0,False,,19352.0,175.0,above,3.1776498187246744,18261.0,True,130.0,3428,2026-04-27 10:00:00,40.0,1,-1,CHoCH,1,19157.0,95.0,BOS,-1,19323.0,22.0,36,5,8,1,current_internal_high,internal,0.0,17.0,19607.0,19607.0,19607.0,4.537214757944125,active_bull_internal_ob,internal,1.0,98.0,18261.0,18444.0,18352.5,1.6634676903390915,18760.0,18846.0,18682.0,18728.0,77946.0,214929.0,0,0,0,0,0,0,,19607.0,17.0,above,4.537214757944125,19603.0,False,,18341.0,2.0,below,2.2126252932394967,19323.0,False,,20556.0,10.0,above,9.596928982725528,19157.0,False,,17266.0,115.0,below,7.944124546811687,15076.0009765625,False,,-0.0003732437591654758,0.0006395225116708758,0.0009600512764720293,0.0009600512764720293,0.0006395225116708758,0.0003732437591654758,0.0009600512764720293,0.0006395225116708758,True,0.004786479382428155,0.0055820032768405525,0.0009600512764720293,0.0009600512764720293,0.0055820032768405525,-0.004786479382428155,0.0009600512764720293,0.0055820032768405525,True,0.0042026927133349545,0.0060590140186267405,0.0009600512764720293,0.0009600512764720293,0.0060590140186267405,-0.0042026927133349545,0.0009600512764720293,0.0060590140186267405,True,-0.0012268958410963648,0.0060590140186267405,0.0016005978981379343,0.0016005978981379343,0.0060590140186267405,0.0012268958410963648,0.0016005978981379343,0.0060590140186267405,False,0.003724795452148655,0.006482832630606339,0.0019744396606160564,0.0019744396606160564,0.006482832630606339,-0.003724795452148655,0.0019744396606160564,0.006482832630606339,False
AG:34593:I:1:34562:34566,AG,2026-04-27 21:05:00,34593,1,internal,27,18632.0,18667.0,18632.0,18667.0,False,0.18756698821007503,0.5714285714285714,34562,2026-04-27T10:10:00,34566,2026-04-27T10:45:00,34593,2026-04-27T21:00:00,False,True,True,34594.0,34593,2026-04-27 21:05:00,0.0,-1,-1,BOS,-1,19323.0,257.0,CHoCH,-1,18721.0,0.0,70,29,38,7,current_internal_low,internal,0.0,11.0,18721.0,18721.0,18721.0,0.32690246516613075,active_bull_internal_ob,internal,1.0,102.0,18341.0,18428.0,18384.5,1.2433011789924973,18753.0,18768.0,18647.0,18660.0,20713.0,205513.0,1,1,1,0,1,0,active_bull_internal_ob,18880.0,2,above,1.1789924973204717,18872.0,False,,18721.0,11,above,0.32690246516613075,18632.0,True,0.0,18993.0,28.0,above,1.784565916398714,19607.0,False,,18341.0,63.0,below,1.7095391211146838,19323.0,False,,4,11530,2026-04-27 15:00:00,365.0,-1,-1,CHoCH,-1,19352.0,140.0,CHoCH,-1,18860.0,14.0,63,18,25,6,current_internal_low,internal,0.0,0.0,18721.0,18721.0,18721.0,0.32690246516613075,active_bull_internal_ob,internal,1.0,356.0,18320.0,18394.0,18357.0,1.4255091103965702,18823.0,18850.0,18811.0,18820.0,9256.0,208635.0,0,0,0,0,0,0,,18872.0,3,above,1.1361200428724545,18972.0,False,,18721.0,0,above,0.32690246516613075,18632.0,False,,20556.0,164.0,above,10.160771704180064,20103.0,False,,19352.0,185.0,above,3.7084673097534835,18261.0,True,140.0,3432,2026-04-27 15:00:00,365.0,1,-1,CHoCH,1,19157.0,99.0,BOS,-1,19323.0,26.0,36,5,8,1,current_internal_high,internal,0.0,3.0,18993.0,18993.0,18993.0,1.784565916398714,active_bull_internal_ob,internal,1.0,102.0,18261.0,18444.0,18352.5,1.157556270096463,18747.0,18880.0,18747.0,18820.0,38682.0,208635.0,0,0,0,0,0,0,,18993.0,3.0,above,1.784565916398714,19607.0,False,,18341.0,6.0,below,1.7095391211146838,19323.0,False,,20556.0,14.0,above,10.160771704180064,19157.0,False,,17266.0,119.0,below,7.470525187566988,15076.0009765625,False,,-0.0007506300282749123,0.0,0.0028446467401845865,0.0028446467401845865,0.0,-0.0007506300282749123,0.0,0.0028446467401845865,True,0.0003751038277766128,0.0009642685699216003,0.0034898427408442956,0.0034898427408442956,0.0009642685699216003,0.0003751038277766128,0.0009642685699216003,0.0034898427408442956,True,-0.0003752445834592777,0.002462396190942684,0.0034898427408442956,0.0034898427408442956,0.002462396190942684,-0.0003752445834592777,0.002462396190942684,0.0034898427408442956,True,0.0010178117926997743,0.002462396190942684,0.0034898427408442956,0.0034898427408442956,0.002462396190942684,0.0010178117926997743,0.002462396190942684,0.0034898427408442956,True,-0.007639785369745411,0.002462396190942684,0.007801820531730286,0.007801820531730286,0.002462396190942684,-0.007639785369745411,0.002462396190942684,0.007801820531730286,True
AG:34622:I:-1:34612:34615,AG,2026-04-27 23:30:00,34622,-1,internal,7,18608.0,18703.0,18608.0,18703.0,False,0.510313708637731,0.08421052631578947,34612,2026-04-27T22:35:00,34615,2026-04-27T22:50:00,34622,2026-04-27T23:25:00,False,True,True,34659.0,34622,2026-04-27 23:30:00,0.0,-1,-1,BOS,-1,19323.0,286.0,BOS,-1,18597.0,7.0,69,30,38,7,current_internal_high,internal,0.0,12.0,18694.0,18694.0,18694.0,0.41899441340782123,current_internal_low,internal,0.0,0.0,18513.0,18513.0,18513.0,0.5532874946282768,18568.0,18616.0,18559.0,18616.0,4089.0,210725.0,1,1,0,1,1,0,active_bear_internal_ob,18694.0,12,above,0.41899441340782123,18704.0,False,,18513.0,0,below,0.5532874946282768,18597.0,False,,18993.0,57.0,above,2.025139664804469,19607.0,False,,18341.0,92.0,below,1.4772238934250108,19323.0,False,,4,11540,2026-04-27 23:30:00,0.0,-1,-1,CHoCH,-1,19352.0,150.0,BOS,-1,18721.0,9.0,63,19,25,6,current_internal_low,internal,0.0,10.0,18721.0,18721.0,18721.0,0.5640309411259132,active_bull_internal_ob,internal,1.0,366.0,18320.0,18394.0,18357.0,1.192522561237645,18560.0,18616.0,18550.0,18616.0,13790.0,210725.0,0,0,0,0,0,0,,18880.0,7,above,1.4181349376880104,18872.0,False,,18721.0,10,above,0.5640309411259132,18632.0,True,9.0,20556.0,174.0,above,10.42114310270735,20103.0,False,,19352.0,195.0,above,3.953588311130211,18261.0,True,150.0,3434,2026-04-27 23:00:00,30.0,1,-1,CHoCH,1,19157.0,101.0,BOS,-1,19323.0,28.0,36,5,8,1,current_internal_high,internal,0.0,5.0,18993.0,18993.0,18993.0,2.025139664804469,active_bull_internal_ob,internal,1.0,104.0,18261.0,18444.0,18352.5,0.9239363987967341,18685.0,18703.0,18554.0,18590.0,65754.0,209722.0,0,0,0,0,0,0,,18993.0,5.0,above,2.025139664804469,19607.0,False,,18341.0,8.0,below,1.4772238934250108,19323.0,False,,20556.0,16.0,above,10.42114310270735,19157.0,False,,17266.0,121.0,below,7.251826385904598,15076.0009765625,False,,-0.0009136101670002006,0.00042964554903690555,0.0011286986229563922,0.0011286986229563922,0.00042964554903690555,0.0009136101670002006,0.0011286986229563922,0.00042964554903690555,True,-0.0008060832851768396,0.00042964554903690555,0.0014514180749838346,0.0014514180749838346,0.00042964554903690555,0.0008060832851768396,0.0014514180749838346,0.00042964554903690555,True,-0.0024202017890750938,0.00042964554903690555,0.0031743496377885094,0.0031743496377885094,0.00042964554903690555,0.0024202017890750938,0.0031743496377885094,0.00042964554903690555,True,-0.0015052147772589564,0.00042964554903690555,0.0038212150584353566,0.0038212150584353566,0.00042964554903690555,0.0015052147772589564,0.0038212150584353566,0.00042964554903690555,True,-0.0010211486120983437,0.000912776245284519,0.0038212150584353566,0.0038212150584353566,0.000912776245284519,0.0010211486120983437,0.0038212150584353566,0.000912776245284519,True
AG:34668:I:1:34644:34650,AG,2026-04-28 09:50:00,34668,1,internal,18,18558.0,18590.0,18558.0,18590.0,False,0.1719598043957225,0.03125,34644,2026-04-28T01:15:00,34650,2026-04-28T01:45:00,34668,2026-04-28T09:45:00,False,True,True,34670.0,34668,2026-04-28 09:50:00,0.0,-1,1,BOS,-1,19323.0,332.0,CHoCH,1,18633.0,18.0,70,29,38,7,current_internal_high,internal,0.0,3.0,18750.0,18750.0,18750.0,0.7576978881186522,active_bull_internal_ob,internal,1.0,18.0,18558.0,18590.0,18574.0,0.10210113385996024,18622.0,18627.0,18589.0,18609.0,4358.0,203025.0,0,0,0,0,0,0,,18750.0,3,above,0.7576978881186522,18633.0,False,,18558.0,19,below,0.27406093825568273,18545.0,False,,18993.0,103.0,above,2.06351765274867,19607.0,False,,18513.0,1.0,below,0.5158794131871675,18341.0,False,,2,11555,2026-04-28 09:45:00,5.0,-1,-1,CHoCH,-1,19352.0,165.0,BOS,-1,18721.0,24.0,63,19,25,6,active_bear_internal_ob,internal,-1.0,24.0,18803.0,18880.0,18841.5,1.0425063141490676,current_internal_low,internal,0.0,11.0,18513.0,18513.0,18513.0,0.5158794131871675,18650.0,18657.0,18601.0,18622.0,10321.0,203180.0,0,0,0,0,0,0,,18880.0,22,above,1.456284593476275,18872.0,False,,18513.0,11,below,0.5158794131871675,18721.0,False,,18993.0,0.0,above,2.06351765274867,20556.0,False,,18341.0,12.0,below,1.4401633618141758,19352.0,False,,3438,2026-04-28 02:30:00,440.0,1,-1,CHoCH,1,19157.0,105.0,BOS,-1,19323.0,32.0,36,5,8,1,current_internal_high,internal,0.0,9.0,18993.0,18993.0,18993.0,2.06351765274867,active_bull_internal_ob,internal,1.0,108.0,18261.0,18444.0,18352.5,0.8866677414154441,18643.0,18680.0,18616.0,18664.0,8844.0,205828.0,0,0,0,0,0,0,,18993.0,9.0,above,2.06351765274867,19607.0,False,,18341.0,12.0,below,1.4401633618141758,19323.0,False,,20556.0,20.0,above,10.46267934870224,19157.0,False,,17266.0,125.0,below,7.216938040732979,15076.0009765625,False,,-0.001990157448954477,0.000322355345831582,0.001990157448954477,0.001990157448954477,0.000322355345831582,-0.001990157448954477,0.000322355345831582,0.001990157448954477,True,-0.007010004440621387,0.000322355345831582,0.010533520757130432,0.010533520757130432,0.000322355345831582,-0.007010004440621387,0.000322355345831582,0.010533520757130432,True,-0.006523110005943522,0.000322355345831582,0.010533520757130432,0.010533520757130432,0.000322355345831582,-0.006523110005943522,0.000322355345831582,0.010533520757130432,False,-0.009665041084673476,0.000322355345831582,0.0131979414628276,0.0131979414628276,0.000322355345831582,-0.009665041084673476,0.000322355345831582,0.0131979414628276,False,-0.02557962596716834,0.000322355345831582,0.029390627238131017,0.029390627238131017,0.000322355345831582,-0.02557962596716834,0.000322355345831582,0.029390627238131017,False
AG:34671:I:1:34480:34491,AG,2026-04-28 10:05:00,34671,1,internal,180,18341.0,18428.0,18341.0,18428.0,False,0.47077922077922074,0.14942528735632185,34480,2026-04-24T14:50:00,34491,2026-04-24T21:45:00,34671,2026-04-28T10:00:00,False,True,True,34686.0,34671,2026-04-28 10:05:00,0.0,-1,-1,BOS,-1,18513.0,1.0,CHoCH,-1,18558.0,1.0,69,30,38,8,current_swing_low,swing,0.0,4.0,18513.0,18513.0,18513.0,0.17857142857142858,active_bull_internal_ob,internal,1.0,180.0,18341.0,18428.0,18384.5,0.2813852813852814,18472.0,18496.0,18415.0,18480.0,12026.0,204373.0,0,0,0,0,0,0,,18750.0,6,above,1.461038961038961,18633.0,False,,18558.0,22,above,0.42207792207792205,18545.0,True,1.0,18993.0,106.0,above,2.7759740259740258,19607.0,False,,18513.0,4.0,above,0.17857142857142858,18341.0,True,1.0,4,11556,2026-04-28 10:00:00,5.0,-1,-1,CHoCH,-1,19352.0,166.0,BOS,-1,18513.0,0.0,63,20,25,6,current_internal_low,internal,0.0,12.0,18513.0,18513.0,18513.0,0.17857142857142858,active_bull_internal_ob,internal,1.0,382.0,18320.0,18394.0,18357.0,0.4653679653679654,18622.0,18627.0,18461.0,18475.0,21838.0,203907.0,0,0,0,0,0,0,,18880.0,23,above,2.1645021645021645,18872.0,False,,18513.0,12,above,0.17857142857142858,18721.0,True,0.0,18993.0,1.0,above,2.7759740259740258,20556.0,False,,18341.0,13.0,below,0.7521645021645021,19352.0,False,,3439,2026-04-28 10:00:00,5.0,1,-1,CHoCH,1,19157.0,106.0,BOS,-1,19323.0,33.0,36,5,8,1,current_internal_high,internal,0.0,10.0,18993.0,18993.0,18993.0,2.7759740259740258,active_bull_internal_ob,internal,1.0,109.0,18261.0,18444.0,18352.5,0.19480519480519481,18723.0,18750.0,18461.0,18475.0,65568.0,203907.0,0,0,0,0,0,0,,18993.0,10.0,above,2.7759740259740258,19607.0,False,,18341.0,13.0,below,0.7521645021645021,19323.0,False,,20556.0,21.0,above,11.233766233766234,19157.0,False,,17266.0,126.0,below,6.569264069264069,15076.0009765625,False,,0.0014060896805840883,0.0025403359335971487,5.411987553749498e-05,5.411987553749498e-05,0.0025403359335971487,0.0014060896805840883,0.0025403359335971487,5.411987553749498e-05,True,0.0005951253996610006,0.0032418442050872187,0.00037890065137169415,0.00037890065137169415,0.0032418442050872187,0.0005951253996610006,0.0032418442050872187,0.00037890065137169415,False,-0.004284519936597064,0.0032418442050872187,0.005589790149654661,0.005589790149654661,0.0032418442050872187,-0.004284519936597064,0.0032418442050872187,0.005589790149654661,False,0.0005951253996610006,0.0032418442050872187,0.006079706057223078,0.006079706057223078,0.0032418442050872187,0.0005951253996610006,0.0032418442050872187,0.006079706057223078,False,-0.018626784613267944,0.0032418442050872187,0.022272391832526495,0.022272391832526495,0.0032418442050872187,-0.018626784613267944,0.0032418442050872187,0.022272391832526495,False
AG:34682:I:-1:34673:34677,AG,2026-04-28 11:15:00,34682,-1,internal,5,18488.0,18538.0,18488.0,18538.0,False,0.2707385748321421,0.12,34673,2026-04-28T10:10:00,34677,2026-04-28T10:45:00,34682,2026-04-28T11:10:00,False,True,True,34930.0,34682,2026-04-28 11:15:00,0.0,-1,-1,BOS,-1,18513.0,12.0,BOS,-1,18415.0,5.0,69,31,38,8,active_bear_internal_ob,internal,-1.0,5.0,18488.0,18538.0,18513.0,0.10829542993285683,active_bull_internal_ob,internal,1.0,191.0,18341.0,18428.0,18384.5,0.21659085986571366,18467.0,18494.0,18463.0,18468.0,3887.0,204272.0,0,0,0,0,0,0,,18538.0,4,above,0.37903400476499893,18750.0,False,,18415.0,6,below,0.2869828893220706,18558.0,True,5.0,18993.0,117.0,above,2.8427550357374916,19607.0,False,,18513.0,15.0,above,0.24366471734892786,18341.0,True,12.0,3,11560,2026-04-28 11:15:00,0.0,-1,-1,CHoCH,-1,19352.0,170.0,BOS,-1,18513.0,4.0,63,20,25,6,current_internal_low,internal,0.0,16.0,18513.0,18513.0,18513.0,0.24366471734892786,active_bull_internal_ob,internal,1.0,386.0,18320.0,18394.0,18357.0,0.4006930907515703,18409.0,18494.0,18404.0,18468.0,11649.0,204272.0,0,0,0,0,0,0,,18750.0,2,above,1.5269655620532814,18880.0,False,,18513.0,16,above,0.24366471734892786,18721.0,True,4.0,18993.0,5.0,above,2.8427550357374916,20556.0,False,,18341.0,17.0,below,0.687675980073641,19352.0,False,,3440,2026-04-28 11:00:00,15.0,1,-1,CHoCH,1,19157.0,107.0,BOS,-1,19323.0,34.0,36,5,8,1,current_internal_high,internal,0.0,11.0,18993.0,18993.0,18993.0,2.8427550357374916,active_bull_internal_ob,internal,1.0,110.0,18261.0,18444.0,18352.5,0.1299545159194282,18472.0,18538.0,18366.0,18408.0,59603.0,205086.0,0,0,0,0,0,0,,18993.0,11.0,above,2.8427550357374916,19607.0,False,,18341.0,14.0,below,0.687675980073641,19323.0,False,,20556.0,22.0,above,11.306042884990253,19157.0,False,,17266.0,127.0,below,6.508555338964696,15076.0009765625,False,,0.0011364560034721194,0.0015690521276692238,0.0007583554883794363,0.0007583554883794363,0.0015690521276692238,-0.0011364560034721194,0.0007583554883794363,0.0015690521276692238,True,0.0009741841978421206,0.0018933764548361154,0.0007583554883794363,0.0007583554883794363,0.0018933764548361154,-0.0009741841978421206,0.0007583554883794363,0.0018933764548361154,True,-0.020348585270978603,0.0018933764548361154,0.021731061228715376,0.021731061228715376,0.0018933764548361154,0.020348585270978603,0.021731061228715376,0.0018933764548361154,False,-0.015277468681979656,0.0018933764548361154,0.021731061228715376,0.021731061228715376,0.0018933764548361154,0.015277468681979656,0.021731061228715376,0.0018933764548361154,False,-0.03246859797908286,0.0018933764548361154,0.034540325252176984,0.034540325252176984,0.0018933764548361154,0.03246859797908286,0.034540325252176984,0.0018933764548361154,False
AG:34686:I:1:33259:33261,AG,2026-04-28 13:35:00,34686,1,internal,1425,18184.0,18230.0,18184.0,18230.0,False,0.25281670788678207,1.0,33259,2026-04-09T14:50:00,33261,2026-04-09T21:00:00,34686,2026-04-28T13:30:00,True,False,False,34686.0,34686,2026-04-28 13:35:00,0.0,-1,-1,BOS,-1,18513.0,16.0,BOS,-1,18366.0,0.0,66,32,37,8,current_internal_low,internal,0.0,2.0,18366.0,18366.0,18366.0,0.9398186314921682,active_bull_internal_ob,internal,1.0,1581.0,17745.0,17783.0,17764.0,2.2643583402033527,18381.0,18381.0,18180.0,18195.0,23590.0,203296.0,0,0,0,0,0,0,,18538.0,8,above,1.8851332783731793,18750.0,False,,18366.0,2,above,0.9398186314921682,18415.0,True,0.0,18993.0,121.0,above,4.385820280296785,19607.0,False,,18513.0,19.0,above,1.7477328936521022,18341.0,True,16.0,2,11561,2026-04-28 11:30:00,125.0,-1,-1,CHoCH,-1,19352.0,171.0,BOS,-1,18513.0,5.0,63,20,25,6,active_bull_swing_ob,swing,1.0,372.0,18261.0,18371.0,18316.0,0.36273701566364386,active_bull_internal_ob,internal,1.0,526.0,17306.0,17569.0,17437.5,3.440505633415773,18468.0,18503.0,18454.0,18486.0,9354.0,202876.0,1,1,1,0,1,0,active_bull_internal_ob,18750.0,3,above,3.0502885408079146,18880.0,False,,18513.0,17,above,1.7477328936521022,18721.0,True,5.0,18993.0,6.0,above,4.385820280296785,20556.0,False,,18341.0,18.0,above,0.802418246771091,19352.0,False,,3441,2026-04-28 11:30:00,125.0,1,-1,CHoCH,1,19157.0,108.0,BOS,-1,19323.0,35.0,36,5,8,1,active_bull_internal_ob,internal,1.0,111.0,18261.0,18444.0,18352.5,0.36273701566364386,active_bull_swing_ob,swing,1.0,108.0,17266.0,17864.0,17565.0,1.8191810937070625,18409.0,18503.0,18404.0,18486.0,21003.0,202876.0,0,0,0,0,0,0,,18993.0,12.0,above,4.385820280296785,19607.0,False,,18341.0,15.0,above,0.802418246771091,19323.0,False,,20556.0,23.0,above,12.976092333058533,19157.0,False,,17266.0,128.0,below,5.105798296235229,15076.0009765625,False,,-0.0015402390415015788,0.00016488499309019744,0.00313799150943872,0.00313799150943872,0.00016488499309019744,-0.0015402390415015788,0.00016488499309019744,0.00313799150943872,True,-0.0035792004290158275,0.00016488499309019744,0.006728461298639132,0.006728461298639132,0.00016488499309019744,-0.0035792004290158275,0.00016488499309019744,0.006728461298639132,True,-0.002917460027676455,0.00016488499309019744,0.006728461298639132,0.006728461298639132,0.00016488499309019744,-0.002917460027676455,0.00016488499309019744,0.006728461298639132,True,-0.008334531480219454,0.0009339890248494243,0.012611484149184449,0.012611484149184449,0.0009339890248494243,-0.008334531480219454,0.0009339890248494243,0.012611484149184449,True,-0.01718636380876859,0.0009339890248494243,0.02099610565686838,0.02099610565686838,0.0009339890248494243,-0.01718636380876859,0.0009339890248494243,0.02099610565686838,False
AG:34756:I:1:34743:34747,AG,2026-04-29 01:25:00,34756,1,internal,9,17931.0,17965.0,17931.0,17965.0,False,0.18853277143174005,0.0,34743,2026-04-29T00:15:00,34747,2026-04-29T00:35:00,34756,2026-04-29T01:20:00,False,True,True,34771.0,34756,2026-04-29 01:25:00,0.0,-1,1,BOS,-1,18513.0,86.0,BOS,1,17986.0,9.0,67,33,37,8,current_internal_high,internal,0.0,1.0,18035.0,18035.0,18035.0,0.005545081512698237,active_bull_internal_ob,internal,1.0,9.0,17931.0,17965.0,17948.0,0.3826106243761783,17978.0,18045.0,17965.0,18034.0,3489.0,200102.0,0,0,0,0,0,0,,18035.0,1,above,0.005545081512698237,17986.0,False,,17931.0,8,below,0.5711433958079184,17872.0,False,,18750.0,46.0,above,3.970278363091938,18993.0,False,,18513.0,89.0,above,2.6560940445824555,18341.0,True,86.0,4,11584,2026-04-29 01:15:00,10.0,-1,-1,BOS,-1,18341.0,22.0,BOS,-1,18513.0,28.0,61,20,24,7,current_swing_low,swing,0.0,41.0,18341.0,18341.0,18341.0,1.7023400243983589,current_internal_low,internal,0.0,6.0,17796.0,17796.0,17796.0,1.3197294000221804,18010.0,18030.0,17986.0,18003.0,5127.0,200706.0,0,0,0,0,0,0,,18750.0,26,above,3.970278363091938,18880.0,False,,17796.0,6,below,1.3197294000221804,18513.0,False,,18993.0,29.0,above,5.317733170677609,20556.0,False,,18341.0,41.0,above,1.7023400243983589,19352.0,True,22.0,3447,2026-04-29 01:00:00,25.0,1,-1,CHoCH,1,19157.0,114.0,BOS,-1,18341.0,5.0,35,6,8,1,current_internal_low,internal,0.0,21.0,18341.0,18341.0,18341.0,1.7023400243983589,active_bull_swing_ob,swing,1.0,114.0,17266.0,17864.0,17565.0,0.9426638571587003,17984.0,18035.0,17931.0,18010.0,27771.0,201072.0,0,0,0,0,0,0,,18993.0,18.0,above,5.317733170677609,19607.0,False,,18341.0,21.0,above,1.7023400243983589,19323.0,True,5.0,20556.0,29.0,above,13.984695575024952,19157.0,False,,17266.0,134.0,below,4.258622601752246,15076.0009765625,False,,0.0013299348075737072,0.0024921786221625553,0.0004991819067008407,0.0004991819067008407,0.0024921786221625553,0.0013299348075737072,0.0024921786221625553,0.0004991819067008407,True,0.0011084017982483374,0.0025474898863162565,0.0004991819067008407,0.0004991819067008407,0.0025474898863162565,0.0011084017982483374,0.0025474898863162565,0.0004991819067008407,True,-0.0004437049434962148,0.0025474898863162565,0.0009431084441509086,0.0009431084441509086,0.0025474898863162565,-0.0004437049434962148,0.0025474898863162565,0.0009431084441509086,True,0.0006097730170377957,0.0025474898863162565,0.0029988360342407816,0.0029988360342407816,0.0025474898863162565,0.0006097730170377957,0.0025474898863162565,0.0029988360342407816,True,-0.00022182786248770014,0.0025474898863162565,0.006732158844748426,0.006732158844748426,0.0025474898863162565,-0.00022182786248770014,0.0025474898863162565,0.006732158844748426,False
AG:34759:I:1:34756:34757,AG,2026-04-29 01:40:00,34759,1,internal,2,17965.0,18045.0,17965.0,18045.0,False,0.4431150991470035,0.0,34756,2026-04-29T01:20:00,34757,2026-04-29T01:25:00,34759,2026-04-29T01:35:00,False,True,True,34770.0,34759,2026-04-29 01:40:00,0.0,-1,1,BOS,-1,18513.0,89.0,BOS,1,18035.0,2.0,67,33,37,8,active_bear_internal_ob,internal,-1.0,63.0,18141.0,18210.0,18175.5,0.48188767032236623,active_bull_internal_ob,internal,1.0,2.0,17965.0,18045.0,18005.0,0.049850448654037885,18056.0,18080.0,18045.0,18054.0,1962.0,199623.0,0,0,0,0,0,0,,18035.0,4,below,0.10523983604741331,17986.0,True,2.0,17931.0,11,below,0.6812894649385177,17872.0,False,,18750.0,49.0,above,3.85510136257893,18993.0,False,,18513.0,92.0,above,2.5423728813559325,18341.0,True,89.0,4,11585,2026-04-29 01:30:00,10.0,-1,-1,BOS,-1,18341.0,23.0,BOS,-1,18513.0,29.0,61,20,24,7,current_swing_low,swing,0.0,42.0,18341.0,18341.0,18341.0,1.589675418189875,current_internal_low,internal,0.0,7.0,17796.0,17796.0,17796.0,1.429046194749086,18004.0,18079.0,17965.0,18058.0,10409.0,199889.0,0,0,0,0,0,0,,18750.0,27,above,3.85510136257893,18880.0,False,,17796.0,7,below,1.429046194749086,18513.0,False,,18993.0,30.0,above,5.201063476237953,20556.0,False,,18341.0,42.0,above,1.589675418189875,19352.0,True,23.0,3447,2026-04-29 01:00:00,40.0,1,-1,CHoCH,1,19157.0,114.0,BOS,-1,18341.0,5.0,35,6,8,1,current_internal_low,internal,0.0,21.0,18341.0,18341.0,18341.0,1.589675418189875,active_bull_swing_ob,swing,1.0,114.0,17266.0,17864.0,17565.0,1.0523983604741332,17984.0,18035.0,17931.0,18010.0,27771.0,201072.0,0,0,0,0,0,0,,18993.0,18.0,above,5.201063476237953,19607.0,False,,18341.0,21.0,above,1.589675418189875,19323.0,True,5.0,20556.0,29.0,above,13.858424725822532,19157.0,False,,17266.0,134.0,below,4.364683726597984,15076.0009765625,False,,5.5397058430273205e-05,0.0008306338213266429,0.00022161892716354714,0.00022161892716354714,0.0008306338213266429,5.5397058430273205e-05,0.0008306338213266429,0.00022161892716354714,True,-0.0013859247721068613,0.0008306338213266429,0.001885328272761555,0.001885328272761555,0.0008306338213266429,-0.0013859247721068613,0.0008306338213266429,0.001885328272761555,True,-0.0020518515447740526,0.0008306338213266429,0.003941055862851428,0.003941055862851428,0.0008306338213266429,-0.0020518515447740526,0.0008306338213266429,0.003941055862851428,True,-0.006279717210514235,0.0008306338213266429,0.007674378673359072,0.007674378673359072,0.0008306338213266429,-0.006279717210514235,0.0008306338213266429,0.007674378673359072,False,0.003760026547645623,0.00464268782854127,0.007674378673359072,0.007674378673359072,0.00464268782854127,0.003760026547645623,0.00464268782854127,0.007674378673359072,False
AG:34774:I:-1:34768:34770,AG,2026-04-29 09:25:00,34774,-1,internal,4,18025.0,18049.0,18025.0,18049.0,False,0.13320752622523174,0.041666666666666664,34768,2026-04-29T02:20:00,34770,2026-04-29T09:00:00,34774,2026-04-29T09:20:00,False,True,True,34777.0,34774,2026-04-29 09:25:00,0.0,-1,-1,BOS,-1,18513.0,104.0,CHoCH,-1,17980.0,4.0,64,34,37,8,active_bear_internal_ob,internal,-1.0,4.0,18025.0,18049.0,18037.0,0.04440250874174391,current_internal_low,internal,0.0,5.0,17980.0,17980.0,17980.0,0.20536160293056557,17975.0,18026.0,17966.0,18017.0,6075.0,197467.0,0,0,0,0,0,0,,18049.0,1,above,0.17761003496697564,18080.0,False,,17980.0,5,below,0.20536160293056557,17965.0,True,4.0,18750.0,64.0,above,4.068379863462286,18993.0,False,,17796.0,5.0,below,1.2266193039906754,18513.0,False,,2,11590,2026-04-29 09:15:00,10.0,-1,-1,BOS,-1,18341.0,28.0,BOS,-1,18513.0,34.0,61,20,24,7,current_swing_low,swing,0.0,47.0,18341.0,18341.0,18341.0,1.7983016040406283,current_internal_low,internal,0.0,12.0,17796.0,17796.0,17796.0,1.2266193039906754,18000.0,18009.0,17913.0,17952.0,22175.0,197786.0,0,0,0,0,0,0,,18750.0,32,above,4.068379863462286,18880.0,False,,17796.0,12,below,1.2266193039906754,18513.0,False,,18993.0,35.0,above,5.4171060664927575,20556.0,False,,18341.0,47.0,above,1.7983016040406283,19352.0,True,28.0,3449,2026-04-29 02:30:00,415.0,1,-1,CHoCH,1,19157.0,116.0,BOS,-1,18341.0,7.0,35,6,8,1,current_internal_low,internal,0.0,23.0,18341.0,18341.0,18341.0,1.7983016040406283,active_bull_swing_ob,swing,1.0,116.0,17266.0,17864.0,17565.0,0.8491979796858522,18005.0,18049.0,17980.0,18021.0,8303.0,197202.0,0,0,0,0,0,0,,18993.0,20.0,above,5.4171060664927575,19607.0,False,,18341.0,23.0,above,1.7983016040406283,19323.0,True,7.0,20556.0,31.0,above,14.092246211910972,19157.0,False,,17266.0,136.0,below,4.168285508131209,15076.0009765625,False,,-0.0027236613930412545,0.0006104159341617788,0.0027793236345736716,0.0027793236345736716,0.0006104159341617788,0.0027236613930412545,0.0027793236345736716,0.0006104159341617788,True,0.0010541208776579936,0.0029376735923012376,0.0033918128655585633,0.0033918128655585633,0.0029376735923012376,-0.0010541208776579936,0.0033918128655585633,0.0029376735923012376,True,0.0008322930151702934,0.0029376735923012376,0.0033918128655585633,0.0033918128655585633,0.0029376735923012376,-0.0008322930151702934,0.0033918128655585633,0.0029376735923012376,True,0.005701175047040152,0.008842279219527072,0.0033918128655585633,0.0033918128655585633,0.008842279219527072,-0.005701175047040152,0.0033918128655585633,0.008842279219527072,False,0.00702494799269715,0.009942086864066724,0.0033918128655585633,0.0033918128655585633,0.009942086864066724,-0.00702494799269715,0.0033918128655585633,0.009942086864066724,False
AG:34785:I:-1:34693:34696,AG,2026-04-29 10:35:00,34785,-1,internal,89,18141.0,18210.0,18141.0,18210.0,False,0.38008152473284124,0.4927536231884058,34693,2026-04-28T14:05:00,34696,2026-04-28T14:20:00,34785,2026-04-29T10:30:00,False,True,True,34800.0,34785,2026-04-29 10:35:00,0.0,-1,1,BOS,-1,18513.0,115.0,CHoCH,1,18049.0,7.0,65,33,37,8,active_bear_internal_ob,internal,-1.0,99.0,18482.0,18503.0,18492.5,1.8067643494546655,current_internal_high,internal,0.0,12.0,18049.0,18049.0,18049.0,0.5783849289412801,18093.0,18175.0,18093.0,18154.0,6866.0,195129.0,1,1,0,1,1,0,active_bear_internal_ob,18049.0,12,below,0.5783849289412801,18080.0,True,7.0,17913.0,9,below,1.327531122617605,17980.0,False,,18750.0,75.0,above,3.2830230252286,18993.0,False,,17796.0,16.0,below,1.9720171862950313,18513.0,False,,4,11594,2026-04-29 10:15:00,20.0,-1,1,BOS,-1,18341.0,32.0,CHoCH,1,18080.0,0.0,62,20,24,7,current_swing_low,swing,0.0,51.0,18341.0,18341.0,18341.0,1.0300760163049465,current_internal_high,internal,0.0,3.0,18080.0,18080.0,18080.0,0.4076236642062355,18028.0,18135.0,18027.0,18099.0,17206.0,195781.0,0,0,0,0,0,0,,18080.0,3,below,0.4076236642062355,18750.0,True,0.0,17796.0,16,below,1.9720171862950313,18513.0,False,,18993.0,39.0,above,4.621571003635562,20556.0,False,,18341.0,51.0,above,1.0300760163049465,19352.0,True,32.0,3450,2026-04-29 10:00:00,35.0,1,-1,CHoCH,1,19157.0,117.0,BOS,-1,18341.0,8.0,35,6,8,1,active_bear_internal_ob,internal,-1.0,8.0,18756.0,18993.0,18874.5,3.316073592596673,active_bull_swing_ob,swing,1.0,117.0,17266.0,17864.0,17565.0,1.5974440894568689,18000.0,18068.0,17913.0,18028.0,57628.0,196404.0,0,0,0,0,0,0,,18993.0,21.0,above,4.621571003635562,19607.0,False,,17796.0,0.0,below,1.9720171862950313,18341.0,False,,20556.0,32.0,above,13.23124380301862,19157.0,False,,17266.0,137.0,below,4.891483970474827,15076.0009765625,False,,-0.0020400856192033245,5.5079727919959964e-05,0.002095280872426386,0.002095280872426386,5.5079727919959964e-05,0.0020400856192033245,0.002095280872426386,5.5079727919959964e-05,True,0.0011560376724411014,0.0018160310964638882,0.0022056805192587348,0.0022056805192587348,0.0018160310964638882,-0.0011560376724411014,0.0022056805192587348,0.0018160310964638882,True,-0.000330542092035202,0.0018160310964638882,0.0026474010277937055,0.0026474010277937055,0.0018160310964638882,0.000330542092035202,0.0026474010277937055,0.0018160310964638882,True,-0.0008265601793091548,0.002200826197823247,0.0026474010277937055,0.0026474010277937055,0.002200826197823247,0.0008265601793091548,0.0026474010277937055,0.002200826197823247,False,-0.0024265163839007897,0.004670979779886508,0.0027026298130508053,0.0027026298130508053,0.004670979779886508,0.0024265163839007897,0.0027026298130508053,0.004670979779886508,False
AG:34802:I:1:34797:34800,AG,2026-04-29 14:00:00,34802,1,internal,2,18125.0,18184.0,18125.0,18184.0,False,0.3249077592378435,0.4745762711864407,34797,2026-04-29T13:30:00,34800,2026-04-29T13:45:00,34802,2026-04-29T13:55:00,False,True,True,34806.0,34802,2026-04-29 14:00:00,0.0,-1,1,BOS,-1,18513.0,132.0,BOS,1,18195.0,2.0,66,32,37,8,current_internal_high,internal,0.0,4.0,18195.0,18195.0,18195.0,0.19824880224681976,current_internal_low,internal,0.0,0.0,18125.0,18125.0,18125.0,0.18723497989977422,18190.0,18192.0,18156.0,18159.0,4203.0,192400.0,1,1,1,0,1,0,active_bull_internal_ob,18195.0,4,above,0.19824880224681976,18049.0,True,2.0,18125.0,0,below,0.18723497989977422,17913.0,False,,18750.0,92.0,above,3.254584503551958,18993.0,False,,17796.0,33.0,below,1.9990087559887662,18513.0,False,,2,11600,2026-04-29 14:00:00,0.0,-1,1,BOS,-1,18341.0,38.0,CHoCH,1,18080.0,6.0,62,20,24,7,current_swing_low,swing,0.0,57.0,18341.0,18341.0,18341.0,1.0022578335811443,current_internal_high,internal,0.0,9.0,18080.0,18080.0,18080.0,0.4350459827082989,18188.0,18240.0,18156.0,18159.0,15494.0,192400.0,0,0,0,0,0,0,,18080.0,9,below,0.4350459827082989,18750.0,True,6.0,17913.0,5,below,1.3547001486866017,17796.0,False,,18993.0,45.0,above,4.592763918717991,20556.0,False,,18341.0,57.0,above,1.0022578335811443,19352.0,True,38.0,3453,2026-04-29 14:00:00,0.0,1,-1,CHoCH,1,19157.0,120.0,BOS,-1,18341.0,11.0,35,6,8,1,active_bear_internal_ob,internal,-1.0,11.0,18756.0,18993.0,18874.5,3.287625970593094,active_bull_swing_ob,swing,1.0,120.0,17266.0,17864.0,17565.0,1.6245387961892173,18180.0,18240.0,18125.0,18159.0,27928.0,192400.0,0,0,0,0,0,0,,18993.0,24.0,above,4.592763918717991,19607.0,False,,17796.0,3.0,below,1.9990087559887662,18341.0,False,,20556.0,35.0,above,13.20006608293408,19157.0,False,,17266.0,140.0,below,4.917671677955834,15076.0009765625,False,,0.001595993844732746,0.0020358201204473403,5.5079727919959964e-05,5.5079727919959964e-05,0.0020358201204473403,0.001595993844732746,0.0020358201204473403,5.5079727919959964e-05,True,-0.0009918995688433796,0.002365562924049769,0.0016537129616303048,0.0016537129616303048,0.002365562924049769,-0.0009918995688433796,0.002365562924049769,0.0016537129616303048,True,-0.0015433803085684872,0.002365562924049769,0.0022055589002523135,0.0022055589002523135,0.002365562924049769,-0.0015433803085684872,0.002365562924049769,0.0022055589002523135,True,-0.003144396467485322,0.002365562924049769,0.004581972740718143,0.004581972740718143,0.002365562924049769,-0.003144396467485322,0.002365562924049769,0.004581972740718143,True,-0.027529028420913093,0.002365562924049769,0.0308181319872034,0.0308181319872034,0.002365562924049769,-0.027529028420913093,0.002365562924049769,0.0308181319872034,False
AG:34815:I:1:34731:34738,AG,2026-04-29 21:05:00,34815,1,internal,77,17872.0,17911.0,17872.0,17911.0,False,0.21849963583394028,0.46153846153846156,34731,2026-04-28T23:15:00,34738,2026-04-28T23:50:00,34815,2026-04-29T21:00:00,True,False,False,34815.0,34815,2026-04-29 21:05:00,0.0,-1,-1,BOS,-1,18513.0,145.0,CHoCH,-1,18125.0,9.0,63,33,37,8,current_internal_low,internal,0.0,13.0,18125.0,18125.0,18125.0,1.5463051151325005,current_swing_low,swing,0.0,46.0,17796.0,17796.0,17796.0,0.2969354025435599,17802.0,17890.0,17780.0,17849.0,21252.0,190357.0,0,0,0,0,0,0,,18240.0,10,above,2.1905989131043757,18195.0,False,,18125.0,13,above,1.5463051151325005,17913.0,True,9.0,18750.0,105.0,above,5.047901843240518,18993.0,False,,17796.0,46.0,below,0.2969354025435599,18513.0,False,,4,11604,2026-04-29 15:00:00,365.0,-1,1,BOS,-1,18341.0,42.0,CHoCH,1,18080.0,10.0,62,20,24,7,active_bull_internal_ob,internal,1.0,10.0,17913.0,18009.0,17961.0,0.35856350495826095,active_bull_internal_ob,internal,1.0,569.0,17306.0,17569.0,17437.5,1.5687153341923918,18124.0,18137.0,18073.0,18099.0,11507.0,189355.0,0,0,0,0,0,0,,18080.0,13,above,1.2941901507087232,18750.0,True,10.0,17913.0,9,above,0.35856350495826095,17796.0,False,,18993.0,49.0,above,6.409322651128916,20556.0,False,,18341.0,61.0,above,2.756456944366631,19352.0,True,42.0,3454,2026-04-29 15:00:00,365.0,1,-1,CHoCH,1,19157.0,121.0,BOS,-1,18341.0,12.0,35,6,8,1,active_bear_internal_ob,internal,-1.0,12.0,18756.0,18993.0,18874.5,5.081517171830355,current_internal_low,internal,0.0,4.0,17796.0,17796.0,17796.0,0.2969354025435599,18156.0,18199.0,18073.0,18099.0,38737.0,189355.0,1,1,1,0,0,1,active_bull_swing_ob,18993.0,25.0,above,6.409322651128916,19607.0,False,,17796.0,4.0,below,0.2969354025435599,18341.0,False,,20556.0,36.0,above,15.166115748781445,19157.0,False,,17266.0,141.0,below,3.2662894279791583,15076.0009765625,False,,-0.002131240290722758,0.000840030290484961,0.0024120050958913453,0.0024120050958913453,0.000840030290484961,-0.002131240290722758,0.000840030290484961,0.0024120050958913453,True,-0.00606913916885965,0.000840030290484961,0.006125507365938532,0.006125507365938532,0.000840030290484961,-0.00606913916885965,0.000840030290484961,0.006125507365938532,True,-0.010305595924430477,0.000840030290484961,0.011211700868065222,0.011211700868065222,0.000840030290484961,-0.010305595924430477,0.000840030290484961,0.011211700868065222,True,-0.009513427037873612,0.000840030290484961,0.01376453164035496,0.01376453164035496,0.000840030290484961,-0.009513427037873612,0.000840030290484961,0.01376453164035496,True,-0.006463783289555991,0.000840030290484961,0.01376453164035496,0.01376453164035496,0.000840030290484961,-0.006463783289555991,0.000840030290484961,0.01376453164035496,True
AG:34815:I:1:33104:33105,AG,2026-04-29 21:05:00,34815,1,internal,1710,17745.0,17783.0,17745.0,17783.0,False,0.21289708106896746,0.07894736842105263,33104,2026-04-08T02:25:00,33105,2026-04-08T09:00:00,34815,2026-04-29T21:00:00,False,True,True,34818.0,34815,2026-04-29 21:05:00,0.0,-1,-1,BOS,-1,18513.0,145.0,CHoCH,-1,18125.0,9.0,63,33,37,8,current_internal_low,internal,0.0,13.0,18125.0,18125.0,18125.0,1.5463051151325005,current_swing_low,swing,0.0,46.0,17796.0,17796.0,17796.0,0.2969354025435599,17802.0,17890.0,17780.0,17849.0,21252.0,190357.0,0,0,0,0,0,0,,18240.0,10,above,2.1905989131043757,18195.0,False,,18125.0,13,above,1.5463051151325005,17913.0,True,9.0,18750.0,105.0,above,5.047901843240518,18993.0,False,,17796.0,46.0,below,0.2969354025435599,18513.0,False,,4,11604,2026-04-29 15:00:00,365.0,-1,1,BOS,-1,18341.0,42.0,CHoCH,1,18080.0,10.0,62,20,24,7,active_bull_internal_ob,internal,1.0,10.0,17913.0,18009.0,17961.0,0.35856350495826095,active_bull_internal_ob,internal,1.0,569.0,17306.0,17569.0,17437.5,1.5687153341923918,18124.0,18137.0,18073.0,18099.0,11507.0,189355.0,0,0,0,0,0,0,,18080.0,13,above,1.2941901507087232,18750.0,True,10.0,17913.0,9,above,0.35856350495826095,17796.0,False,,18993.0,49.0,above,6.409322651128916,20556.0,False,,18341.0,61.0,above,2.756456944366631,19352.0,True,42.0,3454,2026-04-29 15:00:00,365.0,1,-1,CHoCH,1,19157.0,121.0,BOS,-1,18341.0,12.0,35,6,8,1,active_bear_internal_ob,internal,-1.0,12.0,18756.0,18993.0,18874.5,5.081517171830355,current_internal_low,internal,0.0,4.0,17796.0,17796.0,17796.0,0.2969354025435599,18156.0,18199.0,18073.0,18099.0,38737.0,189355.0,1,1,1,0,0,1,active_bull_swing_ob,18993.0,25.0,above,6.409322651128916,19607.0,False,,17796.0,4.0,below,0.2969354025435599,18341.0,False,,20556.0,36.0,above,15.166115748781445,19157.0,False,,17266.0,141.0,below,3.2662894279791583,15076.0009765625,False,,-0.002131240290722758,0.000840030290484961,0.0024120050958913453,0.0024120050958913453,0.000840030290484961,-0.002131240290722758,0.000840030290484961,0.0024120050958913453,True,-0.00606913916885965,0.000840030290484961,0.006125507365938532,0.006125507365938532,0.000840030290484961,-0.00606913916885965,0.000840030290484961,0.006125507365938532,True,-0.010305595924430477,0.000840030290484961,0.011211700868065222,0.011211700868065222,0.000840030290484961,-0.010305595924430477,0.000840030290484961,0.011211700868065222,True,-0.009513427037873612,0.000840030290484961,0.01376453164035496,0.01376453164035496,0.000840030290484961,-0.009513427037873612,0.000840030290484961,0.01376453164035496,True,-0.006463783289555991,0.000840030290484961,0.01376453164035496,0.01376453164035496,0.000840030290484961,-0.006463783289555991,0.000840030290484961,0.01376453164035496,True
AG:34875:I:-1:34867:34872,AG,2026-04-30 02:05:00,34875,-1,internal,3,17693.0,17709.0,17693.0,17709.0,False,0.09074410163339383,0.875,34867,2026-04-30T01:20:00,34872,2026-04-30T01:45:00,34875,2026-04-30T02:00:00,False,True,True,34881.0,34875,2026-04-30 02:05:00,0.0,-1,-1,BOS,-1,17796.0,57.0,BOS,-1,17657.0,3.0,61,34,37,9,current_internal_low,internal,0.0,7.0,17657.0,17657.0,17657.0,0.14178765880217786,current_swing_low,swing,0.0,2.0,17605.0,17605.0,17605.0,0.1531306715063521,17655.0,17707.0,17565.0,17632.0,10202.0,191342.0,0,0,0,0,0,0,,17709.0,2,above,0.43670598911070785,17745.0,False,,17657.0,7,above,0.14178765880217786,17651.0,True,3.0,18240.0,25.0,above,3.4482758620689653,18750.0,False,,17605.0,2.0,below,0.1531306715063521,17796.0,False,,4,11624,2026-04-30 02:00:00,5.0,-1,-1,BOS,-1,18341.0,62.0,CHoCH,-1,17913.0,19.0,61,21,24,7,current_internal_low,internal,0.0,3.0,17651.0,17651.0,17651.0,0.10775862068965517,active_bull_internal_ob,internal,1.0,589.0,17306.0,17569.0,17437.5,0.3573049001814882,17687.0,17688.0,17615.0,17657.0,8513.0,191904.0,0,0,0,0,0,0,,17745.0,1,above,0.6408802177858439,17771.0,False,,17651.0,3,above,0.10775862068965517,17605.0,False,,18993.0,69.0,above,7.7189201451905625,20556.0,False,,18341.0,81.0,above,4.021098003629763,19352.0,True,62.0,3459,2026-04-30 02:00:00,5.0,1,-1,CHoCH,1,19157.0,126.0,BOS,-1,17796.0,4.0,35,7,8,1,current_internal_low,internal,0.0,9.0,17796.0,17796.0,17796.0,0.9301270417422868,current_swing_low,swing,0.0,146.0,17266.0,17266.0,17266.0,2.075771324863884,17677.0,17709.0,17615.0,17657.0,21376.0,191904.0,2,2,2,0,1,1,active_bull_internal_ob|active_bull_swing_ob,18240.0,1.0,above,3.4482758620689653,18993.0,False,,17796.0,9.0,above,0.9301270417422868,18341.0,True,4.0,20556.0,41.0,above,16.583484573502723,19157.0,False,,17266.0,146.0,below,2.075771324863884,15076.0009765625,False,,-0.003067312828051172,0.0003969266588352838,0.0042057464664875255,0.0042057464664875255,0.0003969266588352838,0.003067312828051172,0.0042057464664875255,0.0003969266588352838,True,-0.001248510462389163,0.0003969266588352838,0.0043766233501099094,0.0043766233501099094,0.0003969266588352838,0.001248510462389163,0.0043766233501099094,0.0003969266588352838,True,0.011559518605661623,0.01262415322839594,0.0043766233501099094,0.0043766233501099094,0.01262415322839594,-0.011559518605661623,0.0043766233501099094,0.01262415322839594,False,0.023264033008656426,0.024703678882996627,0.0043766233501099094,0.0043766233501099094,0.024703678882996627,-0.023264033008656426,0.0043766233501099094,0.024703678882996627,False,0.015532107408214202,0.025478015204873472,0.0043766233501099094,0.0043766233501099094,0.025478015204873472,-0.015532107408214202,0.0043766233501099094,0.025478015204873472,False
AG:34881:S:-1:34834:34876,AG,2026-04-30 09:05:00,34881,-1,swing,5,17735.0,17771.0,17735.0,17771.0,False,0.20182766160228735,0.3055555555555556,34834,2026-04-29T22:35:00,34876,2026-04-30T02:05:00,34881,2026-04-30T09:00:00,True,False,False,34881.0,34881,2026-04-30 09:05:00,0.0,-1,1,BOS,-1,17605.0,5.0,CHoCH,1,17709.0,0.0,62,33,37,9,active_bear_internal_ob,internal,-1.0,75.0,18188.0,18240.0,18214.0,1.967819700622302,current_internal_high,internal,0.0,8.0,17709.0,17709.0,17709.0,0.7176094634747996,17760.0,17856.0,17760.0,17837.0,17272.0,188117.0,0,0,0,0,0,0,,17709.0,8,below,0.7176094634747996,17745.0,True,0.0,17657.0,13,below,1.009138308011437,17651.0,True,9.0,18240.0,31.0,above,2.2593485451589395,18750.0,False,,17605.0,8.0,below,1.3006671525480742,17796.0,True,5.0,2,11626,2026-04-30 02:30:00,395.0,-1,-1,BOS,-1,18341.0,64.0,BOS,-1,17651.0,1.0,61,22,24,7,active_bear_internal_ob,internal,-1.0,21.0,18156.0,18240.0,18198.0,1.788417334753602,active_bear_internal_ob,internal,-1.0,1.0,17703.0,17745.0,17724.0,0.5157818018725122,17564.0,17630.0,17556.0,17622.0,8093.0,190067.0,0,0,0,0,0,0,,17745.0,3,below,0.5157818018725122,17771.0,False,,17651.0,5,below,1.0427762516118182,17605.0,True,1.0,18993.0,71.0,above,6.480910467006784,20556.0,False,,18341.0,83.0,above,2.8255872624320233,19352.0,True,64.0,3460,2026-04-30 02:30:00,395.0,1,-1,CHoCH,1,19157.0,127.0,BOS,-1,17796.0,5.0,35,7,8,1,active_bear_internal_ob,internal,-1.0,5.0,18125.0,18240.0,18182.5,1.6146212928182988,current_internal_low,internal,0.0,10.0,17796.0,17796.0,17796.0,0.22985928126927174,17655.0,17707.0,17555.0,17622.0,26198.0,190067.0,1,1,1,0,0,1,active_bull_swing_ob,18240.0,2.0,above,2.2593485451589395,18993.0,False,,17796.0,10.0,below,0.22985928126927174,18341.0,True,5.0,20556.0,42.0,above,15.243594774906095,19157.0,False,,17266.0,147.0,below,3.2012109659696133,15076.0009765625,False,,0.0005044701768941451,0.0006725703650012349,0.0014587894636601817,0.0014587894636601817,0.0006725703650012349,-0.0005044701768941451,0.0014587894636601817,0.0006725703650012349,True,0.005981179965299788,0.007874276299048688,0.0014587894636601817,0.0014587894636601817,0.007874276299048688,-0.005981179965299788,0.0014587894636601817,0.007874276299048688,True,0.01176057921393081,0.013200225088271011,0.0014587894636601817,0.0014587894636601817,0.013200225088271011,-0.01176057921393081,0.0014587894636601817,0.013200225088271011,True,0.011705166807079337,0.013974561410147857,0.0014587894636601817,0.0014587894636601817,0.013974561410147857,-0.011705166807079337,0.0014587894636601817,0.013974561410147857,True,0.005535224219014978,0.013974561410147857,0.0014587894636601817,0.0014587894636601817,0.013974561410147857,-0.005535224219014978,0.0014587894636601817,0.013974561410147857,False
AG:34926:I:-1:34684:34686,AG,2026-05-06 09:05:00,34926,-1,internal,240,18482.0,18503.0,18482.0,18503.0,False,0.11394465545306566,1.0,34684,2026-04-28T11:20:00,34686,2026-04-28T13:30:00,34926,2026-05-06T09:00:00,True,False,False,34926.0,34926,2026-05-06 09:05:00,0.0,1,1,CHoCH,1,18240.0,0.0,BOS,1,17942.0,8.0,63,31,38,8,active_bear_internal_ob,internal,-1.0,249.0,18488.0,18538.0,18513.0,0.3147042864894194,current_swing_high,swing,0.0,76.0,18240.0,18240.0,18240.0,1.0309278350515463,18422.0,18530.0,18389.0,18430.0,22860.0,177746.0,0,0,0,0,0,0,,17942.0,9,below,2.6478567552902876,17970.0,True,8.0,17889.0,5,below,2.9354313619099295,17841.0,False,,18240.0,76.0,below,1.0309278350515463,18750.0,True,0.0,17605.0,53.0,below,4.476397178513293,17796.0,True,50.0,4,11641,2026-04-30 15:00:00,8285.0,-1,1,BOS,-1,18341.0,79.0,BOS,1,18087.0,0.0,63,21,24,7,active_bear_internal_ob,internal,-1.0,85.0,18676.0,18750.0,18713.0,1.3347802495930547,current_swing_low,swing,0.0,98.0,18341.0,18341.0,18341.0,0.48290830168204013,18026.0,18138.0,18026.0,18135.0,21163.0,176377.0,0,0,0,0,0,0,,18087.0,6,below,1.861096039066739,17745.0,True,0.0,17841.0,0,below,3.1958762886597936,17555.0,False,,18993.0,86.0,above,3.0548019533369506,20556.0,False,,18341.0,98.0,below,0.48290830168204013,19352.0,True,79.0,3465,2026-04-30 15:00:00,8285.0,1,-1,CHoCH,1,19157.0,132.0,BOS,-1,17796.0,10.0,35,7,8,1,active_bear_internal_ob,internal,-1.0,23.0,18756.0,18993.0,18874.5,1.7688551275094955,active_bear_internal_ob,internal,-1.0,10.0,18125.0,18240.0,18182.5,1.0309278350515463,17898.0,18138.0,17889.0,18135.0,54623.0,176377.0,0,0,0,0,0,0,,18240.0,7.0,below,1.0309278350515463,18993.0,False,,17555.0,0.0,below,4.747693977211069,17796.0,False,,20556.0,47.0,above,11.535539880629408,19157.0,False,,17266.0,152.0,below,6.315789473684211,15076.0009765625,False,,-0.0022822375824667063,0.0015186031771907693,0.0036976659857970162,0.0036976659857970162,0.0015186031771907693,0.0022822375824667063,0.0036976659857970162,0.0015186031771907693,True,0.0013560059572448324,0.001789539806770435,0.0038611136420492187,0.0038611136420492187,0.001789539806770435,-0.0013560059572448324,0.0038611136420492187,0.001789539806770435,True,0.0075700588605460695,0.009292341309954821,0.0038611136420492187,0.0038611136420492187,0.009292341309954821,-0.0075700588605460695,0.0038611136420492187,0.009292341309954821,True,0.006222458732072056,0.011011662601747574,0.0038611136420492187,0.0038611136420492187,0.011011662601747574,-0.006222458732072056,0.0038611136420492187,0.011011662601747574,True,0.017006114291891805,0.01956420564636474,0.0038611136420492187,0.0038611136420492187,0.01956420564636474,-0.017006114291891805,0.0038611136420492187,0.01956420564636474,False
AG:34946:I:-1:34660:34670,AG,2026-05-06 11:00:00,34946,-1,internal,276,18710.0,18750.0,18710.0,18750.0,False,0.21405254990100067,0.125,34660,2026-04-28T09:05:00,34670,2026-04-28T09:55:00,34946,2026-05-06T10:55:00,False,True,True,34947.0,34946,2026-05-06 11:00:00,0.0,1,1,CHoCH,1,18240.0,20.0,BOS,1,18628.0,2.0,64,30,38,8,active_bear_internal_ob,internal,-1.0,276.0,18710.0,18750.0,18730.0,0.1230802161930754,current_internal_high,internal,0.0,6.0,18628.0,18628.0,18628.0,0.31572751110397607,18690.0,18715.0,18676.0,18687.0,3916.0,182260.0,0,0,0,0,0,0,,18628.0,6,below,0.31572751110397607,17942.0,True,2.0,18472.0,0,below,1.1505324557178787,17889.0,False,,18240.0,96.0,below,2.392037245143683,18750.0,True,20.0,17605.0,73.0,below,5.790121474822069,17796.0,True,70.0,3,11648,2026-05-06 11:00:00,0.0,-1,1,BOS,-1,18341.0,86.0,BOS,1,18087.0,7.0,63,20,24,7,active_bear_internal_ob,internal,-1.0,117.0,18803.0,18880.0,18841.5,0.6207523947129021,current_swing_low,swing,0.0,105.0,18341.0,18341.0,18341.0,1.8515545566436558,18597.0,18715.0,18585.0,18687.0,15553.0,182260.0,1,1,0,1,1,0,active_bear_internal_ob,18087.0,13,below,3.2107882485150103,17745.0,True,7.0,17841.0,7,below,4.527211430406164,17555.0,False,,18993.0,93.0,above,1.6375020067426553,20556.0,False,,18341.0,105.0,below,1.8515545566436558,19352.0,True,86.0,3467,2026-05-06 11:00:00,0.0,1,1,CHoCH,1,19157.0,134.0,CHoCH,1,18240.0,1.0,36,6,8,1,active_bear_internal_ob,internal,-1.0,25.0,18756.0,18993.0,18874.5,0.36924064857922617,current_internal_high,internal,0.0,9.0,18240.0,18240.0,18240.0,2.392037245143683,18530.0,18715.0,18472.0,18687.0,36279.0,182260.0,0,0,0,0,0,0,,18240.0,9.0,below,2.392037245143683,18993.0,True,1.0,17555.0,2.0,below,6.05768716219832,17796.0,False,,20556.0,49.0,above,10.001605394124258,19157.0,False,,17266.0,154.0,below,7.604216835233049,15076.0009765625,False,,0.004431755658300673,0.004804621670556841,0.0009637006849274599,0.0009637006849274599,0.004804621670556841,-0.004431755658300673,0.0009637006849274599,0.004804621670556841,True,0.004271913369018776,0.005390273224630704,0.0009637006849274599,0.0009637006849274599,0.005390273224630704,-0.004271913369018776,0.0009637006849274599,0.005390273224630704,True,0.0020848375765805116,0.005390273224630704,0.0009637006849274599,0.0009637006849274599,0.005390273224630704,-0.0020848375765805116,0.0009637006849274599,0.005390273224630704,True,0.009427248854898096,0.010116154846478764,0.0009637006849274599,0.0009637006849274599,0.010116154846478764,-0.009427248854898096,0.0009637006849274599,0.010116154846478764,False,0.008737867944658362,0.010645759773591834,0.0009637006849274599,0.0009637006849274599,0.010645759773591834,-0.008737867944658362,0.0009637006849274599,0.010645759773591834,False
AG:34946:S:-1:34660:34670,AG,2026-05-06 11:00:00,34946,-1,swing,276,18710.0,18750.0,18710.0,18750.0,False,0.21405254990100067,0.125,34660,2026-04-28T09:05:00,34670,2026-04-28T09:55:00,34946,2026-05-06T10:55:00,False,True,True,34947.0,34946,2026-05-06 11:00:00,0.0,1,1,CHoCH,1,18240.0,20.0,BOS,1,18628.0,2.0,64,30,38,8,active_bear_internal_ob,internal,-1.0,276.0,18710.0,18750.0,18730.0,0.1230802161930754,current_internal_high,internal,0.0,6.0,18628.0,18628.0,18628.0,0.31572751110397607,18690.0,18715.0,18676.0,18687.0,3916.0,182260.0,0,0,0,0,0,0,,18628.0,6,below,0.31572751110397607,17942.0,True,2.0,18472.0,0,below,1.1505324557178787,17889.0,False,,18240.0,96.0,below,2.392037245143683,18750.0,True,20.0,17605.0,73.0,below,5.790121474822069,17796.0,True,70.0,3,11648,2026-05-06 11:00:00,0.0,-1,1,BOS,-1,18341.0,86.0,BOS,1,18087.0,7.0,63,20,24,7,active_bear_internal_ob,internal,-1.0,117.0,18803.0,18880.0,18841.5,0.6207523947129021,current_swing_low,swing,0.0,105.0,18341.0,18341.0,18341.0,1.8515545566436558,18597.0,18715.0,18585.0,18687.0,15553.0,182260.0,1,1,0,1,1,0,active_bear_internal_ob,18087.0,13,below,3.2107882485150103,17745.0,True,7.0,17841.0,7,below,4.527211430406164,17555.0,False,,18993.0,93.0,above,1.6375020067426553,20556.0,False,,18341.0,105.0,below,1.8515545566436558,19352.0,True,86.0,3467,2026-05-06 11:00:00,0.0,1,1,CHoCH,1,19157.0,134.0,CHoCH,1,18240.0,1.0,36,6,8,1,active_bear_internal_ob,internal,-1.0,25.0,18756.0,18993.0,18874.5,0.36924064857922617,current_internal_high,internal,0.0,9.0,18240.0,18240.0,18240.0,2.392037245143683,18530.0,18715.0,18472.0,18687.0,36279.0,182260.0,0,0,0,0,0,0,,18240.0,9.0,below,2.392037245143683,18993.0,True,1.0,17555.0,2.0,below,6.05768716219832,17796.0,False,,20556.0,49.0,above,10.001605394124258,19157.0,False,,17266.0,154.0,below,7.604216835233049,15076.0009765625,False,,0.004431755658300673,0.004804621670556841,0.0009637006849274599,0.0009637006849274599,0.004804621670556841,-0.004431755658300673,0.0009637006849274599,0.004804621670556841,True,0.004271913369018776,0.005390273224630704,0.0009637006849274599,0.0009637006849274599,0.005390273224630704,-0.004271913369018776,0.0009637006849274599,0.005390273224630704,True,0.0020848375765805116,0.005390273224630704,0.0009637006849274599,0.0009637006849274599,0.005390273224630704,-0.0020848375765805116,0.0009637006849274599,0.005390273224630704,True,0.009427248854898096,0.010116154846478764,0.0009637006849274599,0.0009637006849274599,0.010116154846478764,-0.009427248854898096,0.0009637006849274599,0.010116154846478764,False,0.008737867944658362,0.010645759773591834,0.0009637006849274599,0.0009637006849274599,0.010645759773591834,-0.008737867944658362,0.0009637006849274599,0.010645759773591834,False
AG:34956:I:-1:34586:34593,AG,2026-05-06 13:50:00,34956,-1,internal,363,18841.0,18880.0,18841.0,18880.0,False,0.20721534456192553,0.10256410256410256,34586,2026-04-27T14:25:00,34593,2026-04-27T21:00:00,34956,2026-05-06T13:45:00,False,True,True,34959.0,34956,2026-05-06 13:50:00,0.0,1,1,CHoCH,1,18240.0,30.0,BOS,1,18788.0,1.0,65,29,38,7,active_bear_internal_ob,internal,-1.0,363.0,18841.0,18880.0,18860.5,0.1062642792625259,current_internal_high,internal,0.0,2.0,18788.0,18788.0,18788.0,0.17533606078316774,18803.0,18845.0,18794.0,18821.0,7118.0,181520.0,0,0,0,0,0,0,,18788.0,2,below,0.17533606078316774,18628.0,True,1.0,18472.0,10,below,1.8543116731310771,17889.0,False,,18240.0,106.0,below,3.0869773125763773,18750.0,True,30.0,17605.0,83.0,below,6.460868179161575,17796.0,True,80.0,2,11651,2026-05-06 13:45:00,5.0,-1,1,BOS,-1,18341.0,89.0,BOS,1,18087.0,10.0,63,19,24,7,active_bear_swing_ob,swing,-1.0,89.0,18868.0,18993.0,18930.5,0.24972105626693586,current_swing_low,swing,0.0,108.0,18341.0,18341.0,18341.0,2.5503427023006218,18737.0,18808.0,18686.0,18802.0,13775.0,181225.0,1,1,0,1,1,0,active_bear_internal_ob,18087.0,16,below,3.8998990489347003,17745.0,True,10.0,17841.0,10,below,5.206949683863769,17555.0,False,,18993.0,96.0,above,0.9138728016577228,20556.0,False,,18341.0,108.0,below,2.5503427023006218,19352.0,True,89.0,3468,2026-05-06 11:30:00,140.0,1,1,CHoCH,1,19157.0,135.0,CHoCH,1,18240.0,2.0,36,6,8,1,active_bear_internal_ob,internal,-1.0,82.0,19835.0,20033.0,19934.0,5.387598958610063,current_internal_high,internal,0.0,10.0,18240.0,18240.0,18240.0,3.0869773125763773,18687.0,18788.0,18669.0,18726.0,22554.0,181315.0,1,1,0,1,1,0,active_bear_internal_ob,18240.0,10.0,below,3.0869773125763773,18993.0,True,2.0,17555.0,3.0,below,6.72652887731789,17796.0,False,,20556.0,50.0,above,9.218426226024121,19157.0,False,,17266.0,155.0,below,8.262047712661388,15076.0009765625,False,,0.000743573435578071,0.0023880925192347746,0.0,0.0,0.0023880925192347746,-0.000743573435578071,0.0,0.0023880925192347746,True,0.0005842828094930752,0.0035005870052824406,0.0,0.0,0.0035005870052824406,-0.0005842828094930752,0.0,0.0035005870052824406,True,0.0005842828094930752,0.0035005870052824406,5.313355119263008e-05,5.313355119263008e-05,0.0035005870052824406,-0.0005842828094930752,5.313355119263008e-05,0.0035005870052824406,True,0.0011151529180484232,0.0035005870052824406,5.313355119263008e-05,5.313355119263008e-05,0.0035005870052824406,-0.0011151529180484232,5.313355119263008e-05,0.0035005870052824406,True,0.018216782579889568,0.01978074911700567,5.313355119263008e-05,5.313355119263008e-05,0.01978074911700567,-0.018216782579889568,5.313355119263008e-05,0.01978074911700567,False
AG:34971:I:-1:34417:34420,AG,2026-05-06 21:05:00,34971,-1,internal,551,19022.0,19050.0,19022.0,19050.0,False,0.14627520635252325,1.0,34417,2026-04-24T00:50:00,34420,2026-04-24T01:05:00,34971,2026-05-06T21:00:00,True,False,False,34971.0,34971,2026-05-06 21:05:00,0.0,1,1,CHoCH,1,18240.0,45.0,BOS,1,18884.0,0.0,66,26,38,7,active_bear_internal_ob,internal,-1.0,642.0,19522.0,19607.0,19564.5,1.985163514784244,current_internal_high,internal,0.0,3.0,18884.0,18884.0,18884.0,1.34782154424825,19026.0,19197.0,18991.0,19142.0,25991.0,182980.0,0,0,0,0,0,0,,18884.0,3,below,1.34782154424825,18887.0,True,0.0,18820.0,4,below,1.6821648730540175,18686.0,False,,18240.0,121.0,below,4.712151290356284,18750.0,True,45.0,17605.0,98.0,below,8.02946400585101,17796.0,True,95.0,4,11656,2026-05-06 15:00:00,365.0,-1,1,BOS,-1,18341.0,94.0,BOS,1,18087.0,15.0,63,18,24,7,active_bear_internal_ob,internal,-1.0,213.0,19477.0,19607.0,19542.0,1.750078361717689,active_bear_internal_ob,internal,-1.0,181.0,18980.0,19066.0,19023.0,0.39703270295684884,18842.0,18856.0,18832.0,18851.0,9405.0,180229.0,0,0,0,0,0,0,,18087.0,21,below,5.511440810782572,17745.0,True,15.0,17841.0,15,below,6.79657298087974,17555.0,False,,18993.0,101.0,below,0.7783930623759273,20556.0,False,,18341.0,113.0,below,4.184515724584683,19352.0,True,94.0,3470,2026-05-06 15:00:00,365.0,1,1,CHoCH,1,19157.0,137.0,CHoCH,1,18240.0,4.0,36,6,8,1,active_bear_internal_ob,internal,-1.0,84.0,19835.0,20033.0,19934.0,3.6203113572249506,active_bear_internal_ob,internal,-1.0,28.0,18756.0,18993.0,18874.5,0.7783930623759273,18862.0,18887.0,18820.0,18851.0,37472.0,180229.0,0,0,0,0,0,0,,18240.0,12.0,below,4.712151290356284,18993.0,True,4.0,17555.0,5.0,below,8.290669731480515,17796.0,False,,20556.0,52.0,above,7.386897920802424,19157.0,False,,17266.0,157.0,below,9.800438825619057,15076.0009765625,False,,-0.00508000778246398,0.00015670296984282572,0.0067089721740956065,0.0067089721740956065,0.00015670296984282572,0.00508000778246398,0.0067089721740956065,0.00015670296984282572,True,-0.0013068139127483391,0.0008354655595361749,0.0067089721740956065,0.0067089721740956065,0.0008354655595361749,0.0013068139127483391,0.0067089721740956065,0.0008354655595361749,True,0.0008876589883950459,0.0011485852781998318,0.0067089721740956065,0.0067089721740956065,0.0011485852781998318,-0.0008876589883950459,0.0067089721740956065,0.0011485852781998318,True,0.000470035261297852,0.002660616641117386,0.0067089721740956065,0.0067089721740956065,0.002660616641117386,-0.000470035261297852,0.0067089721740956065,0.002660616641117386,True,0.002243732841437307,0.004690440118912065,0.0067089721740956065,0.0067089721740956065,0.004690440118912065,-0.002243732841437307,0.0067089721740956065,0.004690440118912065,True
AG:35006:I:1:34973:34985,AG,2026-05-07 00:00:00,35006,1,internal,21,19038.0,19115.0,19038.0,19115.0,False,0.4028671584785225,0.03896103896103896,34973,2026-05-06T21:10:00,34985,2026-05-06T22:10:00,35006,2026-05-06T23:55:00,False,True,True,35748.0,35006,2026-05-07 00:00:00,0.0,1,-1,CHoCH,1,18240.0,80.0,BOS,-1,19125.0,0.0,67,28,38,7,current_internal_low,internal,0.0,4.0,19125.0,19125.0,19125.0,0.06278449223041908,active_bull_internal_ob,internal,1.0,35.0,18823.0,18860.0,18841.5,1.3237063778580023,19150.0,19154.0,19112.0,19113.0,2890.0,185701.0,1,1,1,0,1,0,active_bull_internal_ob,19177.0,2,above,0.3348506252289018,19222.0,False,,19125.0,4,above,0.06278449223041908,19154.0,True,0.0,18240.0,156.0,below,4.567571809762989,18750.0,True,80.0,17605.0,133.0,below,7.889917856955998,17796.0,True,130.0,4,11668,2026-05-07 00:00:00,0.0,1,1,CHoCH,1,18993.0,11.0,BOS,1,18087.0,27.0,63,16,25,6,current_internal_high,internal,0.0,1.0,19233.0,19233.0,19233.0,0.6278449223041909,current_swing_high,swing,0.0,113.0,18993.0,18993.0,18993.0,0.6278449223041909,19158.0,19173.0,19112.0,19113.0,6866.0,185701.0,0,0,0,0,0,0,,19233.0,1,above,0.6278449223041909,18087.0,False,,17841.0,27,below,6.655156176424423,17555.0,False,,18993.0,113.0,below,0.6278449223041909,20556.0,True,11.0,18341.0,125.0,below,4.039135666823628,19352.0,True,106.0,3473,2026-05-07 00:00:00,0.0,1,1,CHoCH,1,19157.0,140.0,CHoCH,1,18240.0,7.0,36,5,8,1,active_bear_internal_ob,internal,-1.0,87.0,19835.0,20033.0,19934.0,3.7775336158635486,current_internal_high,internal,0.0,15.0,18240.0,18240.0,18240.0,4.567571809762989,19176.0,19202.0,19112.0,19113.0,32017.0,185701.0,0,0,0,0,0,0,,18240.0,15.0,below,4.567571809762989,18993.0,True,7.0,17555.0,8.0,below,8.151519907916079,17796.0,False,,20556.0,55.0,above,7.549835190707895,19157.0,False,,17266.0,160.0,below,9.663579762465337,15076.0009765625,False,,0.000313906040036116,0.0006277135739924944,0.0004186947253295159,0.0004186947253295159,0.0006277135739924944,0.000313906040036116,0.0006277135739924944,0.0004186947253295159,True,0.00020928164153133366,0.001045970494399029,0.0007851964703160519,0.0007851964703160519,0.001045970494399029,0.00020928164153133366,0.001045970494399029,0.0007851964703160519,True,0.002247485592583587,0.0027694335140306947,0.0007851964703160519,0.0007851964703160519,0.0027694335140306947,0.002247485592583587,0.0027694335140306947,0.0007851964703160519,True,-0.0004186947253295159,0.0031346350310670346,0.0007851964703160519,0.0007851964703160519,0.0031346350310670346,-0.0004186947253295159,0.0031346350310670346,0.0007851964703160519,True,0.0018297310173167602,0.0031346350310670346,0.00136139930965129,0.00136139930965129,0.0031346350310670346,0.0018297310173167602,0.0031346350310670346,0.00136139930965129,True
AG:35012:I:-1:34999:35006,AG,2026-05-07 00:30:00,35012,-1,internal,6,19155.0,19177.0,19155.0,19177.0,False,0.11485851519264906,0.4090909090909091,34999,2026-05-06T23:20:00,35006,2026-05-06T23:55:00,35012,2026-05-07T00:25:00,False,True,True,35038.0,35012,2026-05-07 00:30:00,0.0,1,-1,CHoCH,1,18240.0,86.0,BOS,-1,19125.0,6.0,67,28,38,7,active_bear_internal_ob,internal,-1.0,6.0,19155.0,19177.0,19166.0,0.005220841599665866,current_internal_low,internal,0.0,10.0,19125.0,19125.0,19125.0,0.1514044063903101,19130.0,19164.0,19127.0,19154.0,2514.0,185236.0,0,0,0,0,0,0,,19177.0,8,above,0.12007935679231492,19222.0,False,,19125.0,10,below,0.1514044063903101,19154.0,True,6.0,18240.0,162.0,below,4.771849222094602,18750.0,True,86.0,17605.0,139.0,below,8.087083637882426,17796.0,True,136.0,4,11670,2026-05-07 00:30:00,0.0,1,1,CHoCH,1,18993.0,13.0,BOS,1,18087.0,29.0,63,16,25,6,current_internal_high,internal,0.0,3.0,19233.0,19233.0,19233.0,0.4124464863736034,current_swing_high,swing,0.0,115.0,18993.0,18993.0,18993.0,0.8405554975462045,19118.0,19164.0,19100.0,19154.0,5509.0,185236.0,0,0,0,0,0,0,,19233.0,3,above,0.4124464863736034,18087.0,False,,17841.0,29,below,6.854965020361282,17555.0,False,,18993.0,115.0,below,0.8405554975462045,20556.0,True,13.0,18341.0,127.0,below,4.244544220528349,19352.0,True,108.0,3473,2026-05-07 00:00:00,30.0,1,1,CHoCH,1,19157.0,140.0,CHoCH,1,18240.0,7.0,36,5,8,1,active_bear_internal_ob,internal,-1.0,87.0,19835.0,20033.0,19934.0,3.555393129372455,current_internal_high,internal,0.0,15.0,18240.0,18240.0,18240.0,4.771849222094602,19176.0,19202.0,19112.0,19113.0,32017.0,185701.0,0,0,0,0,0,0,,18240.0,15.0,below,4.771849222094602,18993.0,True,7.0,17555.0,8.0,below,8.34812571786572,17796.0,False,,20556.0,55.0,above,7.319619922731545,19157.0,False,,17266.0,160.0,below,9.856948940169156,15076.0009765625,False,,0.0003131687483186596,0.000782738057548471,5.220432775132622e-05,5.220432775132622e-05,0.000782738057548471,-0.0003131687483186596,5.220432775132622e-05,0.000782738057548471,True,-0.00015662115983872127,0.000782738057548471,0.000208833664746777,0.000208833664746777,0.000782738057548471,0.00015662115983872127,0.000208833664746777,0.000782738057548471,True,-0.0027705916988480794,0.000782738057548471,0.0031370934438346154,0.0031370934438346154,0.000782738057548471,0.0027705916988480794,0.0031370934438346154,0.000782738057548471,True,-0.0024042242281812065,0.000782738057548471,0.0037132962831698535,0.0037132962831698535,0.000782738057548471,0.0024042242281812065,0.0037132962831698535,0.000782738057548471,True,0.00036535400599468915,0.000991364772955805,0.0037132962831698535,0.0037132962831698535,0.000991364772955805,-0.00036535400599468915,0.0037132962831698535,0.000991364772955805,True
AG:35037:I:1:35023:35029,AG,2026-05-07 09:05:00,35037,1,internal,8,19095.0,19119.0,19095.0,19119.0,False,0.12549675800041832,1.0,35023,2026-05-07T01:20:00,35029,2026-05-07T01:50:00,35037,2026-05-07T09:00:00,True,False,False,35037.0,35037,2026-05-07 09:05:00,0.0,1,1,CHoCH,1,18240.0,111.0,CHoCH,1,19135.0,8.0,67,28,38,7,current_internal_high,internal,0.0,12.0,19135.0,19135.0,19135.0,0.057519347416858393,active_bull_internal_ob,internal,1.0,52.0,19038.0,19115.0,19076.5,0.04706128425015687,19150.0,19150.0,19077.0,19124.0,9225.0,183091.0,0,0,0,0,0,0,,19135.0,12,above,0.057519347416858393,19171.0,True,8.0,19095.0,8,below,0.15164191591717213,19085.0,False,,19233.0,1.0,above,0.5699644425852332,18240.0,False,,17605.0,164.0,below,7.942898975109809,17796.0,True,161.0,2,11678,2026-05-07 02:30:00,395.0,1,1,CHoCH,1,18993.0,21.0,BOS,1,18087.0,37.0,63,16,25,6,current_internal_high,internal,0.0,11.0,19233.0,19233.0,19233.0,0.5699644425852332,current_internal_low,internal,0.0,0.0,19085.0,19085.0,19085.0,0.2039322317506798,19162.0,19175.0,19146.0,19163.0,3089.0,183106.0,0,0,0,0,0,0,,19233.0,11,above,0.5699644425852332,18087.0,False,,19085.0,0,below,0.2039322317506798,17841.0,False,,18993.0,123.0,below,0.68500313741895,20556.0,True,21.0,17555.0,3.0,below,8.204350554277347,18341.0,False,,3476,2026-05-07 02:30:00,395.0,1,1,CHoCH,1,19157.0,143.0,CHoCH,1,18240.0,10.0,36,5,8,1,active_bear_internal_ob,internal,-1.0,90.0,19835.0,20033.0,19934.0,3.7178414557623927,current_internal_high,internal,0.0,18.0,18240.0,18240.0,18240.0,4.622463919682075,19146.0,19175.0,19134.0,19163.0,5860.0,183106.0,0,0,0,0,0,0,,18240.0,18.0,below,4.622463919682075,18993.0,True,10.0,17555.0,11.0,below,8.204350554277347,17796.0,False,,20556.0,58.0,above,7.487973227358294,19157.0,False,,17266.0,163.0,below,9.715540681865718,15076.0009765625,False,,0.004278862717031373,0.004851466256790005,0.0009417181819735276,0.0009417181819735276,0.004851466256790005,0.004278862717031373,0.004851466256790005,0.0009417181819735276,True,0.011593880679518165,0.012678787664757607,0.0009417181819735276,0.0009417181819735276,0.012678787664757607,0.011593880679518165,0.012678787664757607,0.0009417181819735276,True,0.009161482016136091,0.012678787664757607,0.0009417181819735276,0.0009417181819735276,0.012678787664757607,0.009161482016136091,0.012678787664757607,0.0009417181819735276,True,0.014432812051728305,0.016749594306627813,0.0009417181819735276,0.0009417181819735276,0.016749594306627813,0.014432812051728305,0.016749594306627813,0.0009417181819735276,True,0.009161482016136091,0.016749594306627813,0.0009417181819735276,0.0009417181819735276,0.016749594306627813,0.009161482016136091,0.016749594306627813,0.0009417181819735276,False
AG:35038:I:-1:34991:34997,AG,2026-05-07 09:10:00,35038,-1,internal,41,19181.0,19222.0,19181.0,19222.0,False,0.2134860713355897,0.8536585365853658,34991,2026-05-06T22:40:00,34997,2026-05-06T23:10:00,35038,2026-05-07T09:05:00,False,True,True,35039.0,35038,2026-05-07 09:10:00,0.0,1,1,CHoCH,1,18240.0,112.0,CHoCH,1,19135.0,9.0,67,27,38,7,current_swing_high,swing,0.0,2.0,19233.0,19233.0,19233.0,0.1457953657901588,current_internal_high,internal,0.0,13.0,19135.0,19135.0,19135.0,0.36448841447539704,19123.0,19216.0,19105.0,19205.0,8348.0,183357.0,1,1,0,1,1,0,active_bear_internal_ob,19135.0,13,below,0.36448841447539704,19171.0,True,9.0,19095.0,9,below,0.5727675084613382,19085.0,False,,19233.0,2.0,above,0.1457953657901588,18240.0,False,,17605.0,165.0,below,8.331163759437645,17796.0,True,162.0,2,11678,2026-05-07 02:30:00,400.0,1,1,CHoCH,1,18993.0,21.0,BOS,1,18087.0,37.0,63,16,25,6,current_internal_high,internal,0.0,11.0,19233.0,19233.0,19233.0,0.1457953657901588,current_internal_low,internal,0.0,0.0,19085.0,19085.0,19085.0,0.6248372819578235,19162.0,19175.0,19146.0,19163.0,3089.0,183106.0,0,0,0,0,0,0,,19233.0,11,above,0.1457953657901588,18087.0,False,,19085.0,0,below,0.6248372819578235,17841.0,False,,18993.0,123.0,below,1.1038791981254883,20556.0,True,21.0,17555.0,3.0,below,8.591512626920073,18341.0,False,,3476,2026-05-07 02:30:00,400.0,1,1,CHoCH,1,19157.0,143.0,CHoCH,1,18240.0,10.0,36,5,8,1,active_bear_internal_ob,internal,-1.0,90.0,19835.0,20033.0,19934.0,3.2803957302785736,current_internal_high,internal,0.0,18.0,18240.0,18240.0,18240.0,5.02473314241083,19146.0,19175.0,19134.0,19163.0,5860.0,183106.0,0,0,0,0,0,0,,18240.0,18.0,below,5.02473314241083,18993.0,True,10.0,17555.0,11.0,below,8.591512626920073,17796.0,False,,20556.0,58.0,above,7.0346263993751625,19157.0,False,,17266.0,163.0,below,10.096329080968498,15076.0009765625,False,,0.0057634054495494524,0.006591434270859509,0.0,0.0,0.006591434270859509,-0.0057634054495494524,0.0,0.006591434270859509,True,0.0071086043278985045,0.008451996076900059,0.0,0.0,0.008451996076900059,-0.0071086043278985045,0.0,0.008451996076900059,True,0.007056899356452817,0.008451996076900059,0.0,0.0,0.008451996076900059,-0.007056899356452817,0.0,0.008451996076900059,True,0.008864984570715606,0.012522802718770265,0.0,0.0,0.012522802718770265,-0.008864984570715606,0.0,0.012522802718770265,True,0.0053491337849855825,0.012522802718770265,0.0,0.0,0.012522802718770265,-0.0053491337849855825,0.0,0.012522802718770265,False
AG:35082:I:-1:34056:34060,AG,2026-05-07 21:05:00,35082,-1,internal,1022,19991.0,20025.0,19991.0,20025.0,False,0.17011908335835085,1.0,34056,2026-04-20T22:30:00,34060,2026-04-20T22:50:00,35082,2026-05-07T21:00:00,True,False,False,35082.0,35082,2026-05-07 21:05:00,0.0,1,1,BOS,1,19233.0,43.0,BOS,1,19331.0,10.0,68,21,39,5,active_bear_internal_ob,internal,-1.0,1060.0,20055.0,20109.0,20082.0,0.3452416691684179,current_internal_high,internal,0.0,13.0,19331.0,19331.0,19331.0,3.2772941058741116,20060.0,20060.0,19948.0,19986.0,29978.0,184228.0,0,0,0,0,0,0,,19331.0,13,below,3.2772941058741116,19350.0,True,10.0,19231.0,8,below,3.777644351045732,19244.0,False,,19233.0,46.0,below,3.7676373461422994,18240.0,True,43.0,17605.0,209.0,below,11.913339337536275,17796.0,True,206.0,4,11693,2026-05-07 15:00:00,365.0,1,1,CHoCH,1,18993.0,36.0,BOS,1,19446.0,1.0,64,16,25,6,active_bear_internal_ob,internal,-1.0,368.0,20392.0,20479.0,20435.5,2.031421995396778,active_bear_internal_ob,internal,-1.0,325.0,19927.0,19975.0,19951.0,0.05503852696887822,19499.0,19502.0,19468.0,19493.0,13159.0,181095.0,1,1,0,1,1,0,active_bear_internal_ob,19446.0,6,below,2.701891323926749,19233.0,True,1.0,19208.0,4,below,3.892724907435205,19085.0,False,,18993.0,138.0,below,4.968477934554188,20556.0,True,36.0,17555.0,18.0,below,12.163514460122085,18341.0,False,,3481,2026-05-07 15:00:00,365.0,1,1,CHoCH,1,19157.0,148.0,CHoCH,1,18240.0,15.0,36,5,8,1,active_bear_internal_ob,internal,-1.0,348.0,20456.0,20780.0,20618.0,2.3516461523066146,current_internal_high,internal,0.0,23.0,18240.0,18240.0,18240.0,8.736115280696488,19251.0,19519.0,19249.0,19493.0,58834.0,181095.0,1,1,0,1,1,0,active_bear_internal_ob,18240.0,23.0,below,8.736115280696488,18993.0,True,15.0,17555.0,16.0,below,12.163514460122085,17796.0,False,,20556.0,63.0,above,2.851996397478235,19157.0,False,,17266.0,168.0,below,13.609526668668067,15076.0009765625,False,,-0.001101321697218438,0.0009501663505844249,0.0015522122136122363,0.0015522122136122363,0.0009501663505844249,0.001101321697218438,0.0015522122136122363,0.0009501663505844249,True,-0.0010512352981706385,0.0009501663505844249,0.0060219984264779924,0.0060219984264779924,0.0009501663505844249,0.0010512352981706385,0.0060219984264779924,0.0009501663505844249,True,-0.0012515959480090544,0.0009501663505844249,0.0060219984264779924,0.0060219984264779924,0.0009501663505844249,0.0012515959480090544,0.0060219984264779924,0.0009501663505844249,True,-0.0018529188765317173,0.0009501663505844249,0.0060219984264779924,0.0060219984264779924,0.0009501663505844249,0.0018529188765317173,0.0060219984264779924,0.0009501663505844249,True,0.0055880003712101,0.008122226180288905,0.0060219984264779924,0.0060219984264779924,0.008122226180288905,-0.0055880003712101,0.0060219984264779924,0.008122226180288905,True
AG:35082:I:-1:34004:34022,AG,2026-05-07 21:05:00,35082,-1,internal,1060,20055.0,20109.0,20055.0,20109.0,False,0.2701891323926749,0.09259259259259259,34004,2026-04-20T09:55:00,34022,2026-04-20T13:40:00,35082,2026-05-07T21:00:00,False,True,True,35104.0,35082,2026-05-07 21:05:00,0.0,1,1,BOS,1,19233.0,43.0,BOS,1,19331.0,10.0,68,21,39,5,active_bear_internal_ob,internal,-1.0,1060.0,20055.0,20109.0,20082.0,0.3452416691684179,current_internal_high,internal,0.0,13.0,19331.0,19331.0,19331.0,3.2772941058741116,20060.0,20060.0,19948.0,19986.0,29978.0,184228.0,0,0,0,0,0,0,,19331.0,13,below,3.2772941058741116,19350.0,True,10.0,19231.0,8,below,3.777644351045732,19244.0,False,,19233.0,46.0,below,3.7676373461422994,18240.0,True,43.0,17605.0,209.0,below,11.913339337536275,17796.0,True,206.0,4,11693,2026-05-07 15:00:00,365.0,1,1,CHoCH,1,18993.0,36.0,BOS,1,19446.0,1.0,64,16,25,6,active_bear_internal_ob,internal,-1.0,368.0,20392.0,20479.0,20435.5,2.031421995396778,active_bear_internal_ob,internal,-1.0,325.0,19927.0,19975.0,19951.0,0.05503852696887822,19499.0,19502.0,19468.0,19493.0,13159.0,181095.0,1,1,0,1,1,0,active_bear_internal_ob,19446.0,6,below,2.701891323926749,19233.0,True,1.0,19208.0,4,below,3.892724907435205,19085.0,False,,18993.0,138.0,below,4.968477934554188,20556.0,True,36.0,17555.0,18.0,below,12.163514460122085,18341.0,False,,3481,2026-05-07 15:00:00,365.0,1,1,CHoCH,1,19157.0,148.0,CHoCH,1,18240.0,15.0,36,5,8,1,active_bear_internal_ob,internal,-1.0,348.0,20456.0,20780.0,20618.0,2.3516461523066146,current_internal_high,internal,0.0,23.0,18240.0,18240.0,18240.0,8.736115280696488,19251.0,19519.0,19249.0,19493.0,58834.0,181095.0,1,1,0,1,1,0,active_bear_internal_ob,18240.0,23.0,below,8.736115280696488,18993.0,True,15.0,17555.0,16.0,below,12.163514460122085,17796.0,False,,20556.0,63.0,above,2.851996397478235,19157.0,False,,17266.0,168.0,below,13.609526668668067,15076.0009765625,False,,-0.001101321697218438,0.0009501663505844249,0.0015522122136122363,0.0015522122136122363,0.0009501663505844249,0.001101321697218438,0.0015522122136122363,0.0009501663505844249,True,-0.0010512352981706385,0.0009501663505844249,0.0060219984264779924,0.0060219984264779924,0.0009501663505844249,0.0010512352981706385,0.0060219984264779924,0.0009501663505844249,True,-0.0012515959480090544,0.0009501663505844249,0.0060219984264779924,0.0060219984264779924,0.0009501663505844249,0.0012515959480090544,0.0060219984264779924,0.0009501663505844249,True,-0.0018529188765317173,0.0009501663505844249,0.0060219984264779924,0.0060219984264779924,0.0009501663505844249,0.0018529188765317173,0.0060219984264779924,0.0009501663505844249,True,0.0055880003712101,0.008122226180288905,0.0060219984264779924,0.0060219984264779924,0.008122226180288905,-0.0055880003712101,0.0060219984264779924,0.008122226180288905,True
AG:35082:S:-1:34045:34126,AG,2026-05-07 21:05:00,35082,-1,swing,956,19982.0,20033.0,19982.0,20033.0,False,0.25517862503752625,1.0,34045,2026-04-20T21:35:00,34126,2026-04-21T11:05:00,35082,2026-05-07T21:00:00,True,False,False,35082.0,35082,2026-05-07 21:05:00,0.0,1,1,BOS,1,19233.0,43.0,BOS,1,19331.0,10.0,68,21,39,5,active_bear_internal_ob,internal,-1.0,1060.0,20055.0,20109.0,20082.0,0.3452416691684179,current_internal_high,internal,0.0,13.0,19331.0,19331.0,19331.0,3.2772941058741116,20060.0,20060.0,19948.0,19986.0,29978.0,184228.0,0,0,0,0,0,0,,19331.0,13,below,3.2772941058741116,19350.0,True,10.0,19231.0,8,below,3.777644351045732,19244.0,False,,19233.0,46.0,below,3.7676373461422994,18240.0,True,43.0,17605.0,209.0,below,11.913339337536275,17796.0,True,206.0,4,11693,2026-05-07 15:00:00,365.0,1,1,CHoCH,1,18993.0,36.0,BOS,1,19446.0,1.0,64,16,25,6,active_bear_internal_ob,internal,-1.0,368.0,20392.0,20479.0,20435.5,2.031421995396778,active_bear_internal_ob,internal,-1.0,325.0,19927.0,19975.0,19951.0,0.05503852696887822,19499.0,19502.0,19468.0,19493.0,13159.0,181095.0,1,1,0,1,1,0,active_bear_internal_ob,19446.0,6,below,2.701891323926749,19233.0,True,1.0,19208.0,4,below,3.892724907435205,19085.0,False,,18993.0,138.0,below,4.968477934554188,20556.0,True,36.0,17555.0,18.0,below,12.163514460122085,18341.0,False,,3481,2026-05-07 15:00:00,365.0,1,1,CHoCH,1,19157.0,148.0,CHoCH,1,18240.0,15.0,36,5,8,1,active_bear_internal_ob,internal,-1.0,348.0,20456.0,20780.0,20618.0,2.3516461523066146,current_internal_high,internal,0.0,23.0,18240.0,18240.0,18240.0,8.736115280696488,19251.0,19519.0,19249.0,19493.0,58834.0,181095.0,1,1,0,1,1,0,active_bear_internal_ob,18240.0,23.0,below,8.736115280696488,18993.0,True,15.0,17555.0,16.0,below,12.163514460122085,17796.0,False,,20556.0,63.0,above,2.851996397478235,19157.0,False,,17266.0,168.0,below,13.609526668668067,15076.0009765625,False,,-0.001101321697218438,0.0009501663505844249,0.0015522122136122363,0.0015522122136122363,0.0009501663505844249,0.001101321697218438,0.0015522122136122363,0.0009501663505844249,True,-0.0010512352981706385,0.0009501663505844249,0.0060219984264779924,0.0060219984264779924,0.0009501663505844249,0.0010512352981706385,0.0060219984264779924,0.0009501663505844249,True,-0.0012515959480090544,0.0009501663505844249,0.0060219984264779924,0.0060219984264779924,0.0009501663505844249,0.0012515959480090544,0.0060219984264779924,0.0009501663505844249,True,-0.0018529188765317173,0.0009501663505844249,0.0060219984264779924,0.0060219984264779924,0.0009501663505844249,0.0018529188765317173,0.0060219984264779924,0.0009501663505844249,True,0.0055880003712101,0.008122226180288905,0.0060219984264779924,0.0060219984264779924,0.008122226180288905,-0.0055880003712101,0.0060219984264779924,0.008122226180288905,True
AG:35108:I:1:35098:35103,AG,2026-05-07 23:15:00,35108,1,internal,5,20000.0,20037.0,20000.0,20037.0,False,0.18473213839932098,0.3783783783783784,35098,2026-05-07T22:20:00,35103,2026-05-07T22:45:00,35108,2026-05-07T23:10:00,False,True,True,35110.0,35108,2026-05-07 23:15:00,0.0,1,1,BOS,1,19233.0,69.0,BOS,1,20079.0,5.0,70,20,39,5,current_internal_high,internal,0.0,7.0,20079.0,20079.0,20079.0,0.24963802486394726,active_bull_internal_ob,internal,1.0,12.0,19874.0,19965.0,19919.5,0.3195366718258525,20074.0,20088.0,20023.0,20029.0,6555.0,188051.0,1,1,1,0,1,0,active_bull_internal_ob,20079.0,7,above,0.24963802486394726,19970.0,True,5.0,19964.0,6,below,0.3245294323231315,19874.0,False,,19233.0,72.0,below,3.9742373558340405,18240.0,True,69.0,19077.0,21.0,below,4.753107993409556,17605.0,False,,4,11702,2026-05-07 23:15:00,0.0,1,1,CHoCH,1,18993.0,45.0,BOS,1,19446.0,10.0,64,12,25,6,active_bear_internal_ob,internal,-1.0,377.0,20392.0,20479.0,20435.5,1.8123720605122573,current_internal_high,internal,0.0,15.0,19446.0,19446.0,19446.0,2.9107793699136253,20128.0,20138.0,20023.0,20029.0,16662.0,188051.0,0,0,0,0,0,0,,19446.0,15,below,2.9107793699136253,19233.0,True,10.0,19208.0,13,below,4.099056368266014,19085.0,False,,18993.0,147.0,below,5.172499875180987,20556.0,True,45.0,17555.0,27.0,below,12.352089470268112,18341.0,False,,3483,2026-05-07 23:00:00,15.0,1,1,CHoCH,1,19157.0,150.0,CHoCH,1,18240.0,17.0,36,4,8,1,active_bear_internal_ob,internal,-1.0,350.0,20456.0,20780.0,20618.0,2.13190873233811,current_internal_high,internal,0.0,25.0,18240.0,18240.0,18240.0,8.932048529632034,19949.0,20150.0,19930.0,20127.0,74334.0,188636.0,0,0,0,0,0,0,,18240.0,25.0,below,8.932048529632034,18993.0,True,17.0,17555.0,18.0,below,12.352089470268112,17796.0,False,,20556.0,65.0,above,2.631184782066004,19157.0,False,,17266.0,170.0,below,13.794997253981728,15076.0009765625,False,,0.0002496068704775922,0.0007985227753746216,0.0007491946508313418,0.0007491946508313418,0.0007985227753746216,0.0002496068704775922,0.0007985227753746216,0.0007491946508313418,True,-0.004804573578466531,0.0007985227753746216,0.006411241594920014,0.006411241594920014,0.0007985227753746216,-0.004804573578466531,0.0007985227753746216,0.006411241594920014,True,-0.00510562726864805,0.0007985227753746216,0.006411241594920014,0.006411241594920014,0.0007985227753746216,-0.00510562726864805,0.0007985227753746216,0.006411241594920014,True,-0.017222703881145662,0.0007985227753746216,0.01859510860007596,0.01859510860007596,0.0007985227753746216,-0.017222703881145662,0.0007985227753746216,0.01859510860007596,True,-0.016308812672129136,0.0007985227753746216,0.02364343527487378,0.02364343527487378,0.0007985227753746216,-0.016308812672129136,0.0007985227753746216,0.02364343527487378,True
AG:35111:I:1:35091:35096,AG,2026-05-07 23:30:00,35111,1,internal,15,19874.0,19965.0,19874.0,19965.0,False,0.456529373400893,0.7032967032967034,35091,2026-05-07T21:45:00,35096,2026-05-07T22:10:00,35111,2026-05-07T23:25:00,False,True,True,35116.0,35111,2026-05-07 23:30:00,0.0,1,-1,BOS,1,19233.0,72.0,CHoCH,-1,19964.0,0.0,69,21,39,5,current_internal_low,internal,0.0,9.0,19964.0,19964.0,19964.0,0.15552099533437014,active_bull_internal_ob,internal,1.0,39.0,19231.0,19288.0,19259.5,3.235840064215121,19993.0,19997.0,19901.0,19933.0,10665.0,187389.0,1,1,1,0,1,0,active_bull_internal_ob,20150.0,1,above,1.088646967340591,20079.0,False,,19964.0,9,above,0.15552099533437014,19874.0,True,0.0,19233.0,75.0,below,3.5117644107760997,18240.0,True,72.0,19077.0,24.0,below,4.294386193749059,17605.0,False,,4,11703,2026-05-07 23:30:00,0.0,1,1,CHoCH,1,18993.0,46.0,BOS,1,19446.0,11.0,64,12,25,6,active_bear_internal_ob,internal,-1.0,378.0,20392.0,20479.0,20435.5,2.3027140922088996,current_internal_high,internal,0.0,16.0,19446.0,19446.0,19446.0,2.443184668639944,20029.0,20045.0,19901.0,19933.0,22371.0,187389.0,0,0,0,0,0,0,,19446.0,16,below,2.443184668639944,19233.0,True,11.0,19208.0,14,below,3.6371845683038173,19085.0,False,,18993.0,148.0,below,4.715797923042191,20556.0,True,46.0,17555.0,28.0,below,11.929965384036523,18341.0,False,,3483,2026-05-07 23:00:00,30.0,1,1,CHoCH,1,19157.0,150.0,CHoCH,1,18240.0,17.0,36,4,8,1,active_bear_internal_ob,internal,-1.0,350.0,20456.0,20780.0,20618.0,2.623789695479857,current_internal_high,internal,0.0,25.0,18240.0,18240.0,18240.0,8.493453067777052,19949.0,20150.0,19930.0,20127.0,74334.0,188636.0,0,0,0,0,0,0,,18240.0,25.0,below,8.493453067777052,18993.0,True,17.0,17555.0,18.0,below,11.929965384036523,17796.0,False,,20556.0,65.0,above,3.125470325590729,19157.0,False,,17266.0,170.0,below,13.37982240505694,15076.0009765625,False,,0.002054778080314179,0.002655378698968036,0.00010034116002799465,0.00010034116002799465,0.002655378698968036,0.002054778080314179,0.002655378698968036,0.00010034116002799465,True,-0.0003010536901815186,0.002655378698968036,0.0004014250643500361,0.0004014250643500361,0.002655378698968036,-0.0003010536901815186,0.002655378698968036,0.0004014250643500361,True,-0.006492712241453091,0.002655378698968036,0.007755880941356708,0.007755880941356708,0.002655378698968036,-0.006492712241453091,0.002655378698968036,0.007755880941356708,True,-0.010287015227797625,0.002655378698968036,0.01883886169640725,0.01883886169640725,0.002655378698968036,-0.010287015227797625,0.002655378698968036,0.01883886169640725,True,-0.01802124194622401,0.002655378698968036,0.02078339203996471,0.02078339203996471,0.002655378698968036,-0.01802124194622401,0.002655378698968036,0.02078339203996471,True
AG:35141:I:-1:35129:35133,AG,2026-05-08 02:00:00,35141,-1,internal,8,19721.0,19767.0,19721.0,19767.0,False,0.23328938026168983,0.15217391304347827,35129,2026-05-08T00:55:00,35133,2026-05-08T01:15:00,35141,2026-05-08T01:55:00,False,True,True,35149.0,35141,2026-05-08 02:00:00,0.0,1,-1,BOS,1,19233.0,102.0,BOS,-1,19670.0,8.0,68,22,39,5,active_bear_internal_ob,internal,-1.0,8.0,19721.0,19767.0,19744.0,0.015214524799675423,current_internal_low,internal,0.0,0.0,19554.0,19554.0,19554.0,0.8317273557155898,19675.0,19728.0,19667.0,19718.0,5009.0,181450.0,0,0,0,0,0,0,,19767.0,7,above,0.24850390506136527,19771.0,False,,19554.0,0,below,0.8317273557155898,19670.0,False,,19233.0,105.0,below,2.4596815092808604,18240.0,True,102.0,19077.0,54.0,below,3.2508367988639817,17605.0,False,,4,11713,2026-05-08 02:00:00,0.0,1,1,CHoCH,1,18993.0,56.0,BOS,1,19446.0,21.0,64,12,25,6,current_internal_high,internal,0.0,7.0,20150.0,20150.0,20150.0,2.190891571153261,active_bull_internal_ob,internal,1.0,21.0,19208.0,19324.0,19266.0,1.998174257024039,19644.0,19728.0,19635.0,19718.0,9372.0,181450.0,0,0,0,0,0,0,,20150.0,7,above,2.190891571153261,19446.0,False,,19208.0,24,below,2.586469215944822,19085.0,False,,18993.0,158.0,below,3.6768434932548946,20556.0,True,56.0,17555.0,38.0,below,10.96967238056598,18341.0,False,,3486,2026-05-08 02:00:00,0.0,1,1,CHoCH,1,19157.0,153.0,CHoCH,1,18240.0,20.0,36,4,8,1,active_bear_internal_ob,internal,-1.0,353.0,20456.0,20780.0,20618.0,3.7427731007201546,current_internal_high,internal,0.0,28.0,18240.0,18240.0,18240.0,7.495689217973426,19738.0,19754.0,19523.0,19718.0,58977.0,181450.0,0,0,0,0,0,0,,18240.0,28.0,below,7.495689217973426,18993.0,True,20.0,17555.0,21.0,below,10.96967238056598,17796.0,False,,20556.0,68.0,above,4.249923927376002,19157.0,False,,17266.0,173.0,below,12.43533826960138,15076.0009765625,False,,-0.0005581065113542394,0.0002535818448983207,0.0010149709067217572,0.0010149709067217572,0.0002535818448983207,0.0005581065113542394,0.0010149709067217572,0.0002535818448983207,True,-0.0010657465039791703,0.0002535818448983207,0.0016244482987399778,0.0016244482987399778,0.0002535818448983207,0.0010657465039791703,0.0016244482987399778,0.0002535818448983207,True,-0.0004058647511442359,0.0002535818448983207,0.002946258353928144,0.002946258353928144,0.0002535818448983207,0.0004058647511442359,0.002946258353928144,0.0002535818448983207,True,0.004807093380868821,0.006169113416381933,0.005697151581303572,0.005697151581303572,0.006169113416381933,-0.004807093380868821,0.005697151581303572,0.006169113416381933,False,-0.0011165246795314943,0.0076299604635732265,0.005697151581303572,0.005697151581303572,0.0076299604635732265,0.0011165246795314943,0.005697151581303572,0.0076299604635732265,False
AG:35163:I:1:35156:35157,AG,2026-05-08 10:35:00,35163,1,internal,6,19723.0,19763.0,19723.0,19763.0,False,0.20249063480814014,0.625,35156,2026-05-08T09:40:00,35157,2026-05-08T09:45:00,35163,2026-05-08T10:30:00,False,True,True,35164.0,35163,2026-05-08 10:35:00,0.0,1,1,BOS,1,19233.0,124.0,BOS,1,19837.0,6.0,69,21,39,5,current_internal_high,internal,0.0,1.0,19866.0,19866.0,19866.0,0.5669737774627923,current_internal_low,internal,0.0,2.0,19723.0,19723.0,19723.0,0.1569302419763086,19772.0,19801.0,19738.0,19754.0,5668.0,181031.0,1,1,1,0,1,0,active_bull_internal_ob,19866.0,1,above,0.5669737774627923,19837.0,False,,19723.0,2,below,0.1569302419763086,19603.0,False,,20150.0,8.0,above,2.004657284600587,19233.0,False,,19077.0,76.0,below,3.4271539941277718,17605.0,False,,4,11720,2026-05-08 10:15:00,20.0,1,1,CHoCH,1,18993.0,63.0,BOS,1,19446.0,28.0,64,12,25,6,current_internal_high,internal,0.0,14.0,20150.0,20150.0,20150.0,2.004657284600587,current_internal_low,internal,0.0,4.0,19523.0,19523.0,19523.0,1.1693834160170093,19805.0,19848.0,19781.0,19793.0,7914.0,181409.0,0,0,0,0,0,0,,20150.0,14,above,2.004657284600587,19446.0,False,,19523.0,4,below,1.1693834160170093,19208.0,False,,18993.0,165.0,below,3.8523843272248657,20556.0,True,63.0,17555.0,45.0,below,11.131922648577504,18341.0,False,,3488,2026-05-08 10:00:00,35.0,1,1,CHoCH,1,19157.0,155.0,CHoCH,1,18240.0,22.0,36,4,8,1,current_internal_high,internal,0.0,0.0,20150.0,20150.0,20150.0,2.004657284600587,active_bull_swing_ob,swing,1.0,155.0,17266.0,17864.0,17565.0,9.56768249468462,19620.0,19866.0,19603.0,19806.0,68936.0,181503.0,0,0,0,0,0,0,,20150.0,0.0,above,2.004657284600587,18240.0,False,,17555.0,23.0,below,11.131922648577504,17796.0,False,,20556.0,70.0,above,4.05993722790321,19157.0,False,,17266.0,175.0,below,12.594917485066315,15076.0009765625,False,,-0.002382099907489277,0.0005566942627126537,0.004108865191806643,0.004108865191806643,0.0005566942627126537,-0.002382099907489277,0.0005566942627126537,0.004108865191806643,True,-0.0008102907361191569,0.0005566942627126537,0.004108865191806643,0.004108865191806643,0.0005566942627126537,-0.0008102907361191569,0.0005566942627126537,0.004108865191806643,True,-0.0011649994986111523,0.0005566942627126537,0.004108865191806643,0.004108865191806643,0.0005566942627126537,-0.0011649994986111523,0.0005566942627126537,0.004108865191806643,True,0.005653725307228186,0.006760532282420684,0.004108865191806643,0.004108865191806643,0.006760532282420684,0.005653725307228186,0.006760532282420684,0.004108865191806643,False,0.006559385746490065,0.00952220208514909,0.004108865191806643,0.004108865191806643,0.00952220208514909,0.006559385746490065,0.00952220208514909,0.004108865191806643,False
AG:35175:I:-1:35158:35164,AG,2026-05-08 13:35:00,35175,-1,internal,11,19804.0,19865.0,19804.0,19865.0,False,0.30705728380146985,1.0,35158,2026-05-08T09:50:00,35164,2026-05-08T10:35:00,35175,2026-05-08T13:30:00,True,False,False,35175.0,35175,2026-05-08 13:35:00,0.0,1,-1,BOS,1,19233.0,136.0,CHoCH,-1,19723.0,11.0,68,21,39,5,active_bear_internal_ob,internal,-1.0,64.0,20113.0,20150.0,20131.5,1.2433303130977549,current_internal_low,internal,0.0,4.0,19676.0,19676.0,19676.0,0.9564079331521192,19771.0,19888.0,19771.0,19866.0,8383.0,180026.0,1,0,0,0,1,0,current_internal_high,19866.0,13,overlap,0.0,19837.0,False,,19676.0,4,below,0.9564079331521192,19723.0,False,,20150.0,20.0,above,1.4295781737642204,19233.0,False,,19077.0,88.0,below,3.971609785563274,17605.0,False,,2,11724,2026-05-08 11:30:00,125.0,1,1,CHoCH,1,18993.0,67.0,BOS,1,19446.0,32.0,64,12,25,6,active_bear_internal_ob,internal,-1.0,399.0,20392.0,20479.0,20435.5,2.6477398570421826,current_internal_low,internal,0.0,8.0,19523.0,19523.0,19523.0,1.726568005637773,19749.0,19785.0,19728.0,19753.0,6402.0,179218.0,1,0,0,0,1,0,current_internal_high,19866.0,0,overlap,0.0,20150.0,False,,19523.0,8,below,1.726568005637773,19208.0,False,,18993.0,169.0,below,4.394442766535789,20556.0,True,67.0,17555.0,49.0,below,11.632940702708144,18341.0,False,,3490,2026-05-08 11:30:00,125.0,1,1,CHoCH,1,19157.0,157.0,CHoCH,1,18240.0,24.0,36,4,8,1,current_internal_high,internal,0.0,2.0,20150.0,20150.0,20150.0,1.4295781737642204,active_bull_swing_ob,swing,1.0,157.0,17266.0,17864.0,17565.0,10.077519379844961,19706.0,19785.0,19680.0,19753.0,13138.0,179218.0,0,0,0,0,0,0,,20150.0,2.0,above,1.4295781737642204,18240.0,False,,17555.0,25.0,below,11.632940702708144,17796.0,False,,20556.0,72.0,above,3.4732709151313803,19157.0,False,,17266.0,177.0,below,13.08768750629216,15076.0009765625,False,,-0.002267746077304622,0.00030197795790520843,0.00287334791261884,0.00287334791261884,0.00030197795790520843,0.002267746077304622,0.00287334791261884,0.00030197795790520843,True,-0.0013600304325276369,0.00030197795790520843,0.00287334791261884,0.00287334791261884,0.00030197795790520843,0.0013600304325276369,0.00287334791261884,0.00030197795790520843,True,0.0032665807874376895,0.003868476777920904,0.00287334791261884,0.00287334791261884,0.003868476777920904,-0.0032665807874376895,0.00287334791261884,0.003868476777920904,True,0.0009056604392618794,0.003868476777920904,0.00287334791261884,0.00287334791261884,0.003868476777920904,-0.0009056604392618794,0.00287334791261884,0.003868476777920904,True,0.008570836618444488,0.009219425959415162,0.00287334791261884,0.00287334791261884,0.009219425959415162,-0.008570836618444488,0.00287334791261884,0.009219425959415162,False
AG:35195:I:1:35190:35193,AG,2026-05-08 21:15:00,35195,1,internal,2,19822.0,19882.0,19822.0,19882.0,False,0.30171980287639544,0.31666666666666665,35190,2026-05-08T14:45:00,35193,2026-05-08T21:00:00,35195,2026-05-08T21:10:00,False,True,True,35211.0,35195,2026-05-08 21:15:00,0.0,1,1,BOS,1,19233.0,156.0,CHoCH,1,19923.0,2.0,70,21,39,5,current_internal_high,internal,0.0,4.0,19923.0,19923.0,19923.0,0.18606054510711054,active_bull_internal_ob,internal,1.0,2.0,19822.0,19882.0,19852.0,0.02011465352509303,19924.0,19941.0,19863.0,19886.0,9509.0,182162.0,0,0,0,0,0,0,,19923.0,4,above,0.18606054510711054,19943.0,True,2.0,19822.0,0,below,0.3218344564014885,19853.0,False,,20150.0,40.0,above,1.32756713265614,19233.0,False,,19523.0,10.0,below,1.8254048074021927,19077.0,False,,4,11731,2026-05-08 21:15:00,0.0,1,1,CHoCH,1,18993.0,74.0,BOS,1,19866.0,5.0,65,12,25,6,active_bear_internal_ob,internal,-1.0,406.0,20392.0,20479.0,20435.5,2.5445036709242683,current_internal_high,internal,0.0,7.0,19866.0,19866.0,19866.0,0.10057326762546515,20050.0,20050.0,19863.0,19886.0,38270.0,182162.0,0,0,0,0,0,0,,19866.0,7,below,0.10057326762546515,20150.0,True,5.0,19673.0,5,below,1.0711053002112039,19523.0,False,,18993.0,176.0,below,4.490596399477019,20556.0,True,74.0,17555.0,56.0,below,11.721814341747963,18341.0,False,,3492,2026-05-08 15:00:00,375.0,1,1,CHoCH,1,19157.0,159.0,CHoCH,1,18240.0,26.0,36,4,8,1,current_internal_high,internal,0.0,4.0,20150.0,20150.0,20150.0,1.32756713265614,current_internal_low,internal,0.0,1.0,19523.0,19523.0,19523.0,1.8254048074021927,19891.0,19943.0,19814.0,19840.0,46737.0,178218.0,0,0,0,0,0,0,,20150.0,4.0,above,1.32756713265614,18240.0,False,,19523.0,1.0,below,1.8254048074021927,17555.0,False,,20556.0,74.0,above,3.369204465453082,19157.0,False,,17266.0,179.0,below,13.175098058935935,15076.0009765625,False,,0.0023110942762478714,0.0023110942762478714,0.0003018412338047227,0.0003018412338047227,0.0023110942762478714,0.0023110942762478714,0.0023110942762478714,0.0003018412338047227,True,0.002862956826312768,0.004867166335758455,0.0003018412338047227,0.0003018412338047227,0.004867166335758455,0.002862956826312768,0.004867166335758455,0.0003018412338047227,True,0.006617560621288376,0.009860186495135537,0.0003018412338047227,0.0003018412338047227,0.009860186495135537,0.006617560621288376,0.009860186495135537,0.0003018412338047227,True,0.002361276185679273,0.009860186495135537,0.0016612553847004108,0.0016612553847004108,0.009860186495135537,0.002361276185679273,0.009860186495135537,0.0016612553847004108,True,-0.005093175579633069,0.009860186495135537,0.005801211820207541,0.005801211820207541,0.009860186495135537,-0.005093175579633069,0.009860186495135537,0.005801211820207541,True
AG:35206:I:1:35195:35204,AG,2026-05-08 22:10:00,35206,1,internal,2,19863.0,19941.0,19863.0,19941.0,False,0.3918613413715147,0.6410256410256411,35195,2026-05-08T21:10:00,35204,2026-05-08T21:55:00,35206,2026-05-08T22:05:00,False,True,True,35207.0,35206,2026-05-08 22:10:00,0.0,1,1,BOS,1,19233.0,167.0,BOS,1,20050.0,2.0,71,21,39,5,current_internal_high,internal,0.0,1.0,20078.0,20078.0,20078.0,0.8691283597086159,active_bull_internal_ob,internal,1.0,13.0,19822.0,19882.0,19852.0,0.11554885707108767,19991.0,19991.0,19891.0,19905.0,11526.0,183728.0,1,1,1,0,1,0,active_bull_internal_ob,20078.0,1,above,0.8691283597086159,20050.0,False,,19863.0,6,below,0.21100226073850792,19822.0,False,,20150.0,51.0,above,1.2308465209746293,19233.0,False,,19523.0,21.0,below,1.9191158000502386,19077.0,False,,4,11734,2026-05-08 22:00:00,10.0,1,1,CHoCH,1,18993.0,77.0,BOS,1,19866.0,8.0,65,12,25,6,active_bear_internal_ob,internal,-1.0,409.0,20392.0,20479.0,20435.5,2.446621451896508,current_internal_high,internal,0.0,10.0,19866.0,19866.0,19866.0,0.19593067068575734,20016.0,20065.0,20000.0,20060.0,14739.0,185115.0,0,0,0,0,0,0,,19866.0,10,below,0.19593067068575734,20150.0,True,8.0,19673.0,8,below,1.1655362974127104,19523.0,False,,18993.0,179.0,below,4.5817633760361725,20556.0,True,77.0,17555.0,59.0,below,11.80607887465461,18341.0,False,,3493,2026-05-08 22:00:00,10.0,1,1,CHoCH,1,19157.0,160.0,CHoCH,1,18240.0,27.0,36,4,8,1,current_internal_high,internal,0.0,5.0,20150.0,20150.0,20150.0,1.2308465209746293,current_internal_low,internal,0.0,2.0,19523.0,19523.0,19523.0,1.9191158000502386,20050.0,20078.0,19863.0,20060.0,101513.0,185115.0,0,0,0,0,0,0,,20150.0,5.0,above,1.2308465209746293,18240.0,False,,19523.0,2.0,below,1.9191158000502386,17555.0,False,,20556.0,75.0,above,3.2705350414468723,19157.0,False,,17266.0,180.0,below,13.257975383069581,15076.0009765625,False,,0.0012553038227949287,0.0018071386876776785,0.002767227747584755,0.002767227747584755,0.0018071386876776785,0.0012553038227949287,0.0018071386876776785,0.002767227747584755,True,-0.0006533812712028464,0.002308542629188892,0.002767227747584755,0.002767227747584755,0.002308542629188892,-0.0006533812712028464,0.002308542629188892,0.002767227747584755,True,-0.0010556743471301644,0.002308542629188892,0.004784577634898923,0.004784577634898923,0.002308542629188892,-0.0010556743471301644,0.002308542629188892,0.004784577634898923,True,-0.00155876838601543,0.002308542629188892,0.004784577634898923,0.004784577634898923,0.002308542629188892,-0.00155876838601543,0.002308542629188892,0.004784577634898923,True,-0.008172782853552718,0.002308542629188892,0.009998063490117559,0.009998063490117559,0.002308542629188892,-0.008172782853552718,0.002308542629188892,0.009998063490117559,True
AG:35220:I:1:35164:35180,AG,2026-05-08 23:20:00,35220,1,internal,40,19673.0,19765.0,19673.0,19765.0,False,0.46506925487817213,0.16304347826086957,35164,2026-05-08T10:35:00,35180,2026-05-08T13:55:00,35220,2026-05-08T23:15:00,False,True,True,35259.0,35220,2026-05-08 23:20:00,0.0,1,-1,BOS,1,19233.0,181.0,BOS,-1,19808.0,1.0,69,23,39,5,current_internal_low,internal,0.0,4.0,19808.0,19808.0,19808.0,0.1314326155090486,active_bull_internal_ob,internal,1.0,40.0,19673.0,19765.0,19719.0,0.0859367101405318,19781.0,19800.0,19750.0,19782.0,10045.0,182580.0,0,0,0,0,0,0,,20078.0,15,above,1.4963097765645537,20050.0,False,,19808.0,4,above,0.1314326155090486,19863.0,True,1.0,20150.0,65.0,above,1.8602770195126885,19233.0,False,,19523.0,35.0,below,1.3092710544939843,19077.0,False,,4,11739,2026-05-08 23:15:00,5.0,1,1,CHoCH,1,18993.0,82.0,BOS,1,19866.0,13.0,65,12,25,6,current_internal_high,internal,0.0,1.0,20078.0,20078.0,20078.0,1.4963097765645537,current_internal_low,internal,0.0,13.0,19673.0,19673.0,19673.0,0.5510059650187039,19848.0,19906.0,19766.0,19780.0,23533.0,182582.0,1,1,1,0,1,0,active_bull_internal_ob,20078.0,1,above,1.4963097765645537,19866.0,False,,19673.0,13,below,0.5510059650187039,19523.0,False,,18993.0,184.0,below,3.9884743706399757,20556.0,True,82.0,17555.0,64.0,below,11.257709028409666,18341.0,False,,3494,2026-05-08 23:00:00,20.0,1,1,CHoCH,1,19157.0,161.0,CHoCH,1,18240.0,28.0,36,4,8,1,current_internal_high,internal,0.0,6.0,20150.0,20150.0,20150.0,1.8602770195126885,current_internal_low,internal,0.0,3.0,19523.0,19523.0,19523.0,1.3092710544939843,20060.0,20075.0,19808.0,19848.0,85027.0,183153.0,0,0,0,0,0,0,,20150.0,6.0,above,1.8602770195126885,18240.0,False,,19523.0,3.0,below,1.3092710544939843,17555.0,False,,20556.0,76.0,above,3.912647861692448,19157.0,False,,17266.0,181.0,below,12.718633100798707,15076.0009765625,False,,0.0,0.001262913456230308,0.0007079288321545363,0.0007079288321545363,0.001262913456230308,0.0,0.001262913456230308,0.0007079288321545363,True,-0.0014669805600195929,0.0018180904962559197,0.003392494202824281,0.003392494202824281,0.0018180904962559197,-0.0014669805600195929,0.0018180904962559197,0.003392494202824281,True,-0.0020239849038627966,0.0018180904962559197,0.003392494202824281,0.003392494202824281,0.0018180904962559197,-0.0020239849038627966,0.0018180904962559197,0.003392494202824281,True,-0.0006067654532113664,0.0018180904962559197,0.003950572398988328,0.003950572398988328,0.0018180904962559197,-0.0006067654532113664,0.0018180904962559197,0.003950572398988328,True,-0.0008091024461620577,0.003683245416295833,0.003950572398988328,0.003950572398988328,0.003683245416295833,-0.0008091024461620577,0.003683245416295833,0.003950572398988328,True
AG:35234:I:-1:35218:35219,AG,2026-05-09 00:30:00,35234,-1,internal,15,19846.0,19906.0,19846.0,19906.0,False,0.3024345985180705,0.016666666666666666,35218,2026-05-08T23:05:00,35219,2026-05-08T23:10:00,35234,2026-05-09T00:25:00,False,True,True,35255.0,35234,2026-05-09 00:30:00,0.0,1,-1,BOS,1,19233.0,195.0,BOS,-1,19808.0,15.0,69,23,39,5,active_bear_internal_ob,internal,-1.0,15.0,19846.0,19906.0,19876.0,0.03528403649377489,active_bull_internal_ob,internal,1.0,54.0,19673.0,19765.0,19719.0,0.3730026715056203,19781.0,19847.0,19781.0,19839.0,4734.0,180903.0,0,0,0,0,0,0,,19906.0,11,above,0.33771863501184535,20078.0,False,,19705.0,1,below,0.6754372700236907,19808.0,False,,20150.0,79.0,above,1.5676193356519985,19233.0,False,,19523.0,49.0,below,1.5928222188618377,19077.0,False,,4,11744,2026-05-09 00:30:00,0.0,1,1,CHoCH,1,18993.0,87.0,BOS,1,19866.0,18.0,65,12,25,6,current_internal_high,internal,0.0,6.0,20078.0,20078.0,20078.0,1.204697817430314,active_bull_internal_ob,internal,1.0,18.0,19673.0,19801.0,19737.0,0.19154191239477797,19772.0,19847.0,19767.0,19839.0,10429.0,180903.0,0,0,0,0,0,0,,20078.0,6,above,1.204697817430314,19866.0,False,,19673.0,18,below,0.8367357225666616,19523.0,False,,18993.0,189.0,below,4.264327839104793,20556.0,True,87.0,17555.0,69.0,below,11.512677050254549,18341.0,False,,3495,2026-05-09 00:00:00,30.0,1,1,CHoCH,1,19157.0,162.0,CHoCH,1,18240.0,29.0,36,4,8,1,current_internal_high,internal,0.0,7.0,20150.0,20150.0,20150.0,1.5676193356519985,current_internal_low,internal,0.0,4.0,19523.0,19523.0,19523.0,1.5928222188618377,19848.0,19906.0,19705.0,19720.0,70682.0,181938.0,0,0,0,0,0,0,,20150.0,7.0,above,1.5676193356519985,18240.0,False,,19523.0,4.0,below,1.5928222188618377,17555.0,False,,20556.0,77.0,above,3.6140934522909425,19157.0,False,,17266.0,182.0,below,12.969403699783255,15076.0009765625,False,,-0.0005546731352659151,0.0009573477162785338,0.0008068990301133283,0.0008068990301133283,0.0009573477162785338,0.0005546731352659151,0.0008068990301133283,0.0009573477162785338,True,-0.002523724335668831,0.0009573477162785338,0.002523724335668831,0.002523724335668831,0.0009573477162785338,0.002523724335668831,0.002523724335668831,0.0009573477162785338,True,-0.005763413324606503,0.0009573477162785338,0.006270564162131009,0.006270564162131009,0.0009573477162785338,0.005763413324606503,0.006270564162131009,0.0009573477162785338,True,-0.0026248059085851594,0.0009573477162785338,0.006270564162131009,0.006270564162131009,0.0009573477162785338,0.0026248059085851594,0.006270564162131009,0.0009573477162785338,True,0.0013601674598930913,0.004074964763475464,0.006270564162131009,0.006270564162131009,0.004074964763475464,-0.0013601674598930913,0.006270564162131009,0.004074964763475464,True
AG:35259:I:1:35240:35253,AG,2026-05-11 09:05:00,35259,1,internal,6,19713.0,19742.0,19713.0,19742.0,False,0.14676856116200213,1.0,35240,2026-05-09T00:55:00,35253,2026-05-09T02:00:00,35259,2026-05-11T09:00:00,True,False,False,35259.0,35259,2026-05-11 09:05:00,0.0,1,1,BOS,1,19233.0,220.0,CHoCH,1,19856.0,6.0,68,22,39,5,current_internal_high,internal,0.0,19.0,19856.0,19856.0,19856.0,0.49091553216255884,current_internal_low,internal,0.0,14.0,19713.0,19713.0,19713.0,0.23280530391214133,19700.0,19774.0,19579.0,19759.0,22881.0,175327.0,0,0,0,0,0,0,,19856.0,19,above,0.49091553216255884,19906.0,True,6.0,19713.0,14,below,0.23280530391214133,19705.0,False,,20078.0,9.0,above,1.6144541727820232,20150.0,False,,19523.0,74.0,below,1.194392428766638,19077.0,False,,2,11752,2026-05-09 02:30:00,3275.0,1,1,CHoCH,1,18993.0,95.0,BOS,1,19856.0,1.0,66,12,25,6,current_internal_high,internal,0.0,2.0,19856.0,19856.0,19856.0,0.49091553216255884,current_internal_low,internal,0.0,1.0,19713.0,19713.0,19713.0,0.23280530391214133,19893.0,19907.0,19833.0,19864.0,7287.0,175009.0,2,2,2,0,2,0,active_bull_internal_ob,19856.0,2,above,0.49091553216255884,20078.0,True,1.0,19713.0,1,below,0.23280530391214133,19705.0,False,,20150.0,1.0,above,1.9788450832532012,18993.0,False,,17555.0,77.0,below,11.154410648312162,18341.0,False,,3498,2026-05-09 02:30:00,3275.0,1,1,CHoCH,1,19157.0,165.0,CHoCH,1,18240.0,32.0,36,4,8,1,current_internal_high,internal,0.0,0.0,20078.0,20078.0,20078.0,1.6144541727820232,current_internal_low,internal,0.0,7.0,19523.0,19523.0,19523.0,1.194392428766638,19794.0,19918.0,19783.0,19864.0,18987.0,175009.0,0,0,0,0,0,0,,20078.0,0.0,above,1.6144541727820232,20150.0,False,,19523.0,7.0,below,1.194392428766638,17555.0,False,,20556.0,80.0,above,4.033604939521231,19157.0,False,,17266.0,185.0,below,12.617035275064529,15076.0009765625,False,,-0.0005568633550634416,0.00293107143339455,0.0008100856095882847,0.0008100856095882847,0.00293107143339455,-0.0005568633550634416,0.00293107143339455,0.0008100856095882847,True,0.0005059704621199757,0.00293107143339455,0.004361946457551724,0.004361946457551724,0.00293107143339455,0.0005059704621199757,0.00293107143339455,0.004361946457551724,True,0.0064571681756842025,0.008516694208198672,0.004361946457551724,0.004361946457551724,0.008516694208198672,0.0064571681756842025,0.008516694208198672,0.004361946457551724,True,0.010421743162552843,0.012772978643807775,0.004361946457551724,0.004361946457551724,0.012772978643807775,0.010421743162552843,0.012772978643807775,0.004361946457551724,True,0.010972528044915109,0.018204660118177785,0.004361946457551724,0.004361946457551724,0.018204660118177785,0.010972528044915109,0.018204660118177785,0.004361946457551724,False
AG:35271:I:-1:35200:35210,AG,2026-05-11 10:05:00,35271,-1,internal,61,20006.0,20078.0,20006.0,20078.0,False,0.3606130421716919,0.09722222222222222,35200,2026-05-08T21:35:00,35210,2026-05-08T22:25:00,35271,2026-05-11T10:00:00,False,True,True,35275.0,35271,2026-05-11 10:05:00,0.0,1,1,BOS,1,19233.0,232.0,BOS,1,19918.0,3.0,69,22,39,5,active_bear_internal_ob,internal,-1.0,61.0,20006.0,20078.0,20042.0,0.20034057898427327,current_internal_high,internal,0.0,11.0,19918.0,19918.0,19918.0,0.24040869478112792,19905.0,20013.0,19905.0,19966.0,8782.0,176969.0,0,0,0,0,0,0,,19918.0,11,below,0.24040869478112792,19856.0,True,3.0,19579.0,7,below,1.9382951016728438,19713.0,False,,20078.0,21.0,above,0.5609536211559651,20150.0,False,,19523.0,86.0,below,2.2187719122508267,19077.0,False,,4,11756,2026-05-11 10:00:00,5.0,1,1,CHoCH,1,18993.0,99.0,BOS,1,19856.0,5.0,64,12,25,6,current_swing_high,swing,0.0,5.0,20150.0,20150.0,20150.0,0.9215666633276571,current_internal_high,internal,0.0,6.0,19856.0,19856.0,19856.0,0.5509365922067515,19909.0,19948.0,19856.0,19907.0,13108.0,176593.0,0,0,0,0,0,0,,19856.0,6,below,0.5509365922067515,20078.0,True,5.0,19713.0,5,below,1.2671541620755284,19705.0,False,,20150.0,5.0,above,0.9215666633276571,18993.0,False,,17555.0,81.0,below,12.075528398277072,18341.0,False,,3499,2026-05-11 10:00:00,5.0,1,1,CHoCH,1,19157.0,166.0,CHoCH,1,18240.0,33.0,36,4,8,1,current_internal_high,internal,0.0,1.0,20078.0,20078.0,20078.0,0.5609536211559651,current_internal_low,internal,0.0,8.0,19523.0,19523.0,19523.0,2.2187719122508267,19700.0,19948.0,19579.0,19907.0,84462.0,176593.0,0,0,0,0,0,0,,20078.0,1.0,above,0.5609536211559651,20150.0,False,,19523.0,8.0,below,2.2187719122508267,17555.0,False,,20556.0,81.0,above,2.9550235400180305,19157.0,False,,17266.0,186.0,below,13.522989081438444,15076.0009765625,False,,-0.0014536707740440136,0.00045070987567186194,0.004166149833162436,0.004166149833162436,0.00045070987567186194,0.0014536707740440136,0.004166149833162436,0.00045070987567186194,True,0.0024514107881259406,0.003550092480745448,0.004166149833162436,0.004166149833162436,0.003550092480745448,-0.0024514107881259406,0.004166149833162436,0.003550092480745448,False,0.002801122279711521,0.00788309226249595,0.004166149833162436,0.004166149833162436,0.00788309226249595,-0.002801122279711521,0.004166149833162436,0.00788309226249595,False,0.0006509601892332739,0.00788309226249595,0.004166149833162436,0.004166149833162436,0.00788309226249595,-0.0006509601892332739,0.004166149833162436,0.00788309226249595,False,-0.006230549750634751,0.00788309226249595,0.014226139130569138,0.014226139130569138,0.00788309226249595,0.006230549750634751,0.014226139130569138,0.00788309226249595,False
AG:35275:I:-1:35105:35111,AG,2026-05-11 10:40:00,35275,-1,internal,164,20113.0,20150.0,20113.0,20150.0,False,0.18391490207774133,0.24324324324324326,35105,2026-05-07T22:55:00,35111,2026-05-07T23:25:00,35275,2026-05-11T10:35:00,False,True,True,35304.0,35275,2026-05-11 10:40:00,0.0,1,1,BOS,1,20078.0,0.0,BOS,1,19918.0,7.0,69,21,40,5,active_bear_internal_ob,internal,-1.0,1282.0,20308.0,20371.0,20339.5,0.9444278755343474,current_swing_high,swing,0.0,25.0,20078.0,20078.0,20078.0,0.19882692116512576,20012.0,20122.0,20007.0,20118.0,9357.0,178385.0,1,1,0,1,1,0,active_bear_internal_ob,19918.0,15,below,0.9941346058256287,19856.0,True,7.0,19579.0,11,below,2.6791927627000693,19713.0,False,,20078.0,25.0,below,0.19882692116512576,20150.0,True,0.0,19523.0,90.0,below,2.9575504523312457,19077.0,False,,4,11757,2026-05-11 10:15:00,25.0,1,1,CHoCH,1,18993.0,100.0,BOS,1,19856.0,6.0,64,12,25,6,current_swing_high,swing,0.0,6.0,20150.0,20150.0,20150.0,0.15906153693210062,current_internal_high,internal,0.0,7.0,19856.0,19856.0,19856.0,1.3023163336315737,19905.0,20013.0,19881.0,19940.0,16875.0,176703.0,0,0,0,0,0,0,,19856.0,7,below,1.3023163336315737,20078.0,True,6.0,19713.0,6,below,2.0131225767968983,19705.0,False,,20150.0,6.0,above,0.15906153693210062,18993.0,False,,17555.0,82.0,below,12.739834973655434,18341.0,False,,3499,2026-05-11 10:00:00,40.0,1,1,CHoCH,1,19157.0,166.0,CHoCH,1,18240.0,33.0,36,4,8,1,active_bear_internal_ob,internal,-1.0,366.0,20456.0,20780.0,20618.0,1.6800874838453126,current_internal_high,internal,0.0,1.0,20078.0,20078.0,20078.0,0.19882692116512576,19700.0,19948.0,19579.0,19907.0,84462.0,176593.0,0,0,0,0,0,0,,20078.0,1.0,below,0.19882692116512576,20150.0,False,,19523.0,8.0,below,2.9575504523312457,17555.0,False,,20556.0,81.0,above,2.177154786758127,19157.0,False,,17266.0,186.0,below,14.176359479073467,15076.0009765625,False,,-0.0034860593072814083,0.000198836805347824,0.003835334564680437,0.003835334564680437,0.000198836805347824,0.0034860593072814083,0.003835334564680437,0.000198836805347824,True,-0.006183633128145516,0.000198836805347824,0.007134512763389722,0.007134512763389722,0.000198836805347824,0.006183633128145516,0.007134512763389722,0.000198836805347824,True,-0.006333711919793927,0.000198836805347824,0.009741553245300238,0.009741553245300238,0.000198836805347824,0.006333711919793927,0.009741553245300238,0.000198836805347824,True,-0.012154099650683037,0.000198836805347824,0.016036424843658637,0.016036424843658637,0.000198836805347824,0.012154099650683037,0.016036424843658637,0.000198836805347824,False,-0.012254748838026686,0.000198836805347824,0.021761292924958653,0.021761292924958653,0.000198836805347824,0.012254748838026686,0.021761292924958653,0.000198836805347824,False
AG:35288:I:1:35261:35268,AG,2026-05-11 13:45:00,35288,1,internal,20,19673.0,19754.0,19673.0,19754.0,False,0.4099397742800749,0.12345679012345678,35261,2026-05-11T09:10:00,35268,2026-05-11T09:45:00,35288,2026-05-11T13:40:00,False,True,True,35730.0,35288,2026-05-11 13:45:00,0.0,1,-1,BOS,1,20078.0,13.0,CHoCH,-1,19920.0,2.0,69,22,40,5,current_internal_low,internal,0.0,3.0,19920.0,19920.0,19920.0,0.8148185636924945,active_bull_internal_ob,internal,1.0,20.0,19673.0,19754.0,19713.5,0.025304924338276226,19873.0,19879.0,19744.0,19759.0,7926.0,176254.0,0,0,0,0,0,0,,20008.0,1,above,1.2601852320461562,20122.0,False,,19920.0,3,above,0.8148185636924945,19579.0,True,2.0,20078.0,38.0,above,1.6144541727820232,20150.0,True,13.0,19523.0,103.0,below,1.194392428766638,19077.0,False,,2,11762,2026-05-11 13:45:00,0.0,1,1,CHoCH,1,18993.0,105.0,BOS,1,19856.0,11.0,64,12,25,6,current_internal_high,internal,0.0,12.0,19856.0,19856.0,19856.0,0.49091553216255884,current_internal_low,internal,0.0,11.0,19713.0,19713.0,19713.0,0.23280530391214133,19810.0,19917.0,19744.0,19759.0,25584.0,176254.0,0,0,0,0,0,0,,19856.0,12,above,0.49091553216255884,20078.0,True,11.0,19713.0,11,below,0.23280530391214133,19705.0,False,,20150.0,11.0,above,1.9788450832532012,18993.0,False,,19523.0,1.0,below,1.194392428766638,17555.0,False,,3501,2026-05-11 11:30:00,135.0,1,1,CHoCH,1,19157.0,168.0,CHoCH,1,18240.0,35.0,36,4,8,1,current_internal_high,internal,0.0,3.0,20078.0,20078.0,20078.0,1.6144541727820232,current_internal_low,internal,0.0,10.0,19523.0,19523.0,19523.0,1.194392428766638,19977.0,20008.0,19920.0,19982.0,16772.0,177389.0,0,0,0,0,0,0,,20078.0,3.0,above,1.6144541727820232,20150.0,False,,19523.0,10.0,below,1.194392428766638,17555.0,False,,20556.0,83.0,above,4.033604939521231,19157.0,False,,17266.0,188.0,below,12.617035275064529,15076.0009765625,False,,0.0004047763665866455,0.0013654640905809146,0.002279924990132187,0.002279924990132187,0.0013654640905809146,0.0004047763665866455,0.0013654640905809146,0.002279924990132187,True,-0.0025335711550944495,0.0013654640905809146,0.003955179842929368,0.003955179842929368,0.0013654640905809146,-0.0025335711550944495,0.0013654640905809146,0.003955179842929368,True,0.0041412109079885795,0.0048968974851728575,0.003955179842929368,0.003955179842929368,0.0048968974851728575,0.0041412109079885795,0.0048968974851728575,0.003955179842929368,True,0.005802968220672611,0.006456842448633537,0.003955179842929368,0.003955179842929368,0.006456842448633537,0.005802968220672611,0.006456842448633537,0.003955179842929368,True,0.0652815395654116,0.06613453933279878,0.003955179842929368,0.003955179842929368,0.06613453933279878,0.0652815395654116,0.06613453933279878,0.003955179842929368,False
AG:35288:S:1:35261:35275,AG,2026-05-11 13:45:00,35288,1,swing,13,19673.0,19754.0,19673.0,19754.0,False,0.4099397742800749,0.12345679012345678,35261,2026-05-11T09:10:00,35275,2026-05-11T10:35:00,35288,2026-05-11T13:40:00,False,True,True,35730.0,35288,2026-05-11 13:45:00,0.0,1,-1,BOS,1,20078.0,13.0,CHoCH,-1,19920.0,2.0,69,22,40,5,current_internal_low,internal,0.0,3.0,19920.0,19920.0,19920.0,0.8148185636924945,active_bull_internal_ob,internal,1.0,20.0,19673.0,19754.0,19713.5,0.025304924338276226,19873.0,19879.0,19744.0,19759.0,7926.0,176254.0,0,0,0,0,0,0,,20008.0,1,above,1.2601852320461562,20122.0,False,,19920.0,3,above,0.8148185636924945,19579.0,True,2.0,20078.0,38.0,above,1.6144541727820232,20150.0,True,13.0,19523.0,103.0,below,1.194392428766638,19077.0,False,,2,11762,2026-05-11 13:45:00,0.0,1,1,CHoCH,1,18993.0,105.0,BOS,1,19856.0,11.0,64,12,25,6,current_internal_high,internal,0.0,12.0,19856.0,19856.0,19856.0,0.49091553216255884,current_internal_low,internal,0.0,11.0,19713.0,19713.0,19713.0,0.23280530391214133,19810.0,19917.0,19744.0,19759.0,25584.0,176254.0,0,0,0,0,0,0,,19856.0,12,above,0.49091553216255884,20078.0,True,11.0,19713.0,11,below,0.23280530391214133,19705.0,False,,20150.0,11.0,above,1.9788450832532012,18993.0,False,,19523.0,1.0,below,1.194392428766638,17555.0,False,,3501,2026-05-11 11:30:00,135.0,1,1,CHoCH,1,19157.0,168.0,CHoCH,1,18240.0,35.0,36,4,8,1,current_internal_high,internal,0.0,3.0,20078.0,20078.0,20078.0,1.6144541727820232,current_internal_low,internal,0.0,10.0,19523.0,19523.0,19523.0,1.194392428766638,19977.0,20008.0,19920.0,19982.0,16772.0,177389.0,0,0,0,0,0,0,,20078.0,3.0,above,1.6144541727820232,20150.0,False,,19523.0,10.0,below,1.194392428766638,17555.0,False,,20556.0,83.0,above,4.033604939521231,19157.0,False,,17266.0,188.0,below,12.617035275064529,15076.0009765625,False,,0.0004047763665866455,0.0013654640905809146,0.002279924990132187,0.002279924990132187,0.0013654640905809146,0.0004047763665866455,0.0013654640905809146,0.002279924990132187,True,-0.0025335711550944495,0.0013654640905809146,0.003955179842929368,0.003955179842929368,0.0013654640905809146,-0.0025335711550944495,0.0013654640905809146,0.003955179842929368,True,0.0041412109079885795,0.0048968974851728575,0.003955179842929368,0.003955179842929368,0.0048968974851728575,0.0041412109079885795,0.0048968974851728575,0.003955179842929368,True,0.005802968220672611,0.006456842448633537,0.003955179842929368,0.003955179842929368,0.006456842448633537,0.005802968220672611,0.006456842448633537,0.003955179842929368,True,0.0652815395654116,0.06613453933279878,0.003955179842929368,0.003955179842929368,0.06613453933279878,0.0652815395654116,0.06613453933279878,0.003955179842929368,False
AG:35304:I:-1:31533:31538,AG,2026-05-11 21:05:00,35304,-1,internal,3766,20686.0,20780.0,20686.0,20780.0,False,0.45351473922902497,0.46808510638297873,31533,2026-03-17T13:30:00,31538,2026-03-17T13:55:00,35304,2026-05-11T21:00:00,False,True,True,35305.0,35304,2026-05-11 21:05:00,0.0,1,1,BOS,1,20078.0,29.0,CHoCH,1,20008.0,0.0,70,18,40,5,active_bear_internal_ob,internal,-1.0,3961.0,21215.0,21280.0,21247.5,2.3544169440825975,current_swing_high,swing,0.0,54.0,20078.0,20078.0,20078.0,3.1311815506344383,20600.0,20730.0,20560.0,20727.0,40313.0,178860.0,3,3,0,3,2,1,active_bear_internal_ob|active_bear_swing_ob,20008.0,17,below,3.468905292613499,20122.0,True,0.0,19682.0,8,below,5.041733005258841,19920.0,False,,20078.0,54.0,below,3.1311815506344383,20150.0,True,29.0,19523.0,119.0,below,5.808848362039852,19077.0,False,,4,11767,2026-05-11 15:00:00,365.0,1,-1,CHoCH,1,18993.0,110.0,CHoCH,-1,19713.0,4.0,64,13,25,6,active_bear_internal_ob,internal,-1.0,1317.0,21253.0,21457.0,21355.0,2.5377526897283738,active_bear_swing_ob,swing,-1.0,377.0,20460.0,20556.0,20508.0,0.8250108554059922,19873.0,19933.0,19861.0,19929.0,11953.0,175256.0,2,2,0,2,1,1,active_bear_internal_ob|active_bear_swing_ob,20122.0,4,below,2.918898055676171,19856.0,False,,19713.0,16,below,4.892169633810972,19705.0,True,4.0,20150.0,16.0,below,2.7838085588845467,18993.0,False,,19523.0,6.0,below,5.808848362039852,17555.0,False,,3503,2026-05-11 15:00:00,365.0,1,1,CHoCH,1,19157.0,170.0,CHoCH,1,18240.0,37.0,36,4,8,1,active_bear_internal_ob,internal,-1.0,396.0,21856.0,22361.0,22108.5,5.447001495633715,current_swing_high,swing,0.0,85.0,20556.0,20556.0,20556.0,0.8250108554059922,19712.0,19933.0,19702.0,19929.0,44342.0,175256.0,1,1,0,1,1,0,active_bear_internal_ob,20078.0,5.0,below,3.1311815506344383,20150.0,False,,19523.0,12.0,below,5.808848362039852,17555.0,False,,20556.0,85.0,below,0.8250108554059922,19157.0,False,,17266.0,190.0,below,16.698026728421866,15076.0009765625,False,,0.007831871864341977,0.008740810621397088,4.8238103286024625e-05,4.8238103286024625e-05,0.008740810621397088,-0.007831871864341977,4.8238103286024625e-05,0.008740810621397088,True,0.010269789848022626,0.01155805015931044,4.8238103286024625e-05,4.8238103286024625e-05,0.01155805015931044,-0.010269789848022626,4.8238103286024625e-05,0.01155805015931044,True,0.011701087802295618,0.01317794664960914,4.8238103286024625e-05,4.8238103286024625e-05,0.01317794664960914,-0.011701087802295618,4.8238103286024625e-05,0.01317794664960914,True,0.009648923958986089,0.018164067101546166,4.8238103286024625e-05,4.8238103286024625e-05,0.018164067101546166,-0.009648923958986089,4.8238103286024625e-05,0.018164067101546166,True,0.013606303906104955,0.018164067101546166,4.8238103286024625e-05,4.8238103286024625e-05,0.018164067101546166,-0.013606303906104955,4.8238103286024625e-05,0.018164067101546166,True
AG:35304:S:-1:31533:31576,AG,2026-05-11 21:05:00,35304,-1,swing,3728,20686.0,20780.0,20686.0,20780.0,False,0.45351473922902497,0.46808510638297873,31533,2026-03-17T13:30:00,31576,2026-03-17T23:05:00,35304,2026-05-11T21:00:00,False,True,True,35305.0,35304,2026-05-11 21:05:00,0.0,1,1,BOS,1,20078.0,29.0,CHoCH,1,20008.0,0.0,70,18,40,5,active_bear_internal_ob,internal,-1.0,3961.0,21215.0,21280.0,21247.5,2.3544169440825975,current_swing_high,swing,0.0,54.0,20078.0,20078.0,20078.0,3.1311815506344383,20600.0,20730.0,20560.0,20727.0,40313.0,178860.0,3,3,0,3,2,1,active_bear_internal_ob|active_bear_swing_ob,20008.0,17,below,3.468905292613499,20122.0,True,0.0,19682.0,8,below,5.041733005258841,19920.0,False,,20078.0,54.0,below,3.1311815506344383,20150.0,True,29.0,19523.0,119.0,below,5.808848362039852,19077.0,False,,4,11767,2026-05-11 15:00:00,365.0,1,-1,CHoCH,1,18993.0,110.0,CHoCH,-1,19713.0,4.0,64,13,25,6,active_bear_internal_ob,internal,-1.0,1317.0,21253.0,21457.0,21355.0,2.5377526897283738,active_bear_swing_ob,swing,-1.0,377.0,20460.0,20556.0,20508.0,0.8250108554059922,19873.0,19933.0,19861.0,19929.0,11953.0,175256.0,2,2,0,2,1,1,active_bear_internal_ob|active_bear_swing_ob,20122.0,4,below,2.918898055676171,19856.0,False,,19713.0,16,below,4.892169633810972,19705.0,True,4.0,20150.0,16.0,below,2.7838085588845467,18993.0,False,,19523.0,6.0,below,5.808848362039852,17555.0,False,,3503,2026-05-11 15:00:00,365.0,1,1,CHoCH,1,19157.0,170.0,CHoCH,1,18240.0,37.0,36,4,8,1,active_bear_internal_ob,internal,-1.0,396.0,21856.0,22361.0,22108.5,5.447001495633715,current_swing_high,swing,0.0,85.0,20556.0,20556.0,20556.0,0.8250108554059922,19712.0,19933.0,19702.0,19929.0,44342.0,175256.0,1,1,0,1,1,0,active_bear_internal_ob,20078.0,5.0,below,3.1311815506344383,20150.0,False,,19523.0,12.0,below,5.808848362039852,17555.0,False,,20556.0,85.0,below,0.8250108554059922,19157.0,False,,17266.0,190.0,below,16.698026728421866,15076.0009765625,False,,0.007831871864341977,0.008740810621397088,4.8238103286024625e-05,4.8238103286024625e-05,0.008740810621397088,-0.007831871864341977,4.8238103286024625e-05,0.008740810621397088,True,0.010269789848022626,0.01155805015931044,4.8238103286024625e-05,4.8238103286024625e-05,0.01155805015931044,-0.010269789848022626,4.8238103286024625e-05,0.01155805015931044,True,0.011701087802295618,0.01317794664960914,4.8238103286024625e-05,4.8238103286024625e-05,0.01317794664960914,-0.011701087802295618,4.8238103286024625e-05,0.01317794664960914,True,0.009648923958986089,0.018164067101546166,4.8238103286024625e-05,4.8238103286024625e-05,0.018164067101546166,-0.009648923958986089,4.8238103286024625e-05,0.018164067101546166,True,0.013606303906104955,0.018164067101546166,4.8238103286024625e-05,4.8238103286024625e-05,0.018164067101546166,-0.013606303906104955,4.8238103286024625e-05,0.018164067101546166,True
AG:35358:I:-1:35339:35348,AG,2026-05-12 01:35:00,35358,-1,internal,10,21118.0,21163.0,21118.0,21163.0,False,0.2133813836597278,0.0,35339,2026-05-11T23:55:00,35348,2026-05-12T00:40:00,35358,2026-05-12T01:30:00,False,True,True,35370.0,35358,2026-05-12 01:35:00,0.0,1,-1,BOS,1,20078.0,83.0,CHoCH,-1,21065.0,10.0,71,17,40,4,active_bear_internal_ob,internal,-1.0,10.0,21118.0,21163.0,21140.5,0.13751244724738015,current_internal_low,internal,0.0,4.0,20973.0,20973.0,20973.0,0.5500497889895206,21056.0,21118.0,21056.0,21089.0,2964.0,183062.0,0,0,0,0,0,0,,21163.0,14,above,0.35089383090710796,21157.0,False,,20973.0,4,below,0.5500497889895206,21065.0,False,,20078.0,108.0,below,4.793968419555219,20150.0,True,83.0,19579.0,49.0,below,7.160130873915311,19523.0,False,,4,11785,2026-05-12 01:30:00,5.0,1,1,BOS,1,20150.0,17.0,BOS,1,21111.0,6.0,66,10,26,4,current_internal_high,internal,0.0,1.0,21163.0,21163.0,21163.0,0.35089383090710796,active_bull_internal_ob,internal,1.0,6.0,20815.0,20957.0,20886.0,0.6259187254018683,20992.0,21071.0,20986.0,21055.0,7136.0,183234.0,0,0,0,0,0,0,,21163.0,1,above,0.35089383090710796,21111.0,False,,20815.0,6,below,1.2992555360614537,19682.0,False,,20150.0,34.0,below,4.452558205699654,18993.0,True,17.0,19523.0,24.0,below,7.425672151358528,17555.0,False,,3507,2026-05-12 01:00:00,35.0,1,1,BOS,1,20556.0,3.0,BOS,1,20078.0,3.0,37,3,9,1,active_bear_internal_ob,internal,-1.0,400.0,21856.0,22361.0,22108.5,3.6369671392669165,current_swing_high,swing,0.0,89.0,20556.0,20556.0,20556.0,2.5273839442363317,21151.0,21161.0,20973.0,21029.0,39650.0,184171.0,0,0,0,0,0,0,,20078.0,9.0,below,4.793968419555219,20150.0,True,3.0,19579.0,3.0,below,7.160130873915311,19523.0,False,,20556.0,89.0,below,2.5273839442363317,19157.0,True,3.0,17266.0,194.0,below,18.127933994025323,15076.0009765625,False,,-0.0004742483253075136,0.0001896363728253192,0.0006165666917326007,0.0006165666917326007,0.0001896363728253192,0.0004742483253075136,0.0006165666917326007,0.0001896363728253192,True,-0.0012335137724974743,0.0004740235204430121,0.001470902497647586,0.001470902497647586,0.0004740235204430121,0.0012335137724974743,0.001470902497647586,0.0004740235204430121,True,0.0006161867714808977,0.0008530806204554153,0.0018508417119456055,0.0018508417119456055,0.0008530806204554153,-0.0006161867714808977,0.0018508417119456055,0.0008530806204554153,True,0.00854524473724183,0.014123863616191557,0.0018508417119456055,0.0018508417119456055,0.014123863616191557,-0.00854524473724183,0.0018508417119456055,0.014123863616191557,False,0.006474655762170656,0.01776362498395123,0.0018508417119456055,0.0018508417119456055,0.01776362498395123,-0.006474655762170656,0.0018508417119456055,0.01776362498395123,False
AG:35370:I:-1:31338:31343,AG,2026-05-12 09:05:00,35370,-1,internal,4027,21215.0,21280.0,21215.0,21280.0,False,0.3055660022564874,1.0,31338,2026-03-13T21:45:00,31343,2026-03-13T22:10:00,35370,2026-05-12T09:00:00,True,False,False,35370.0,35370,2026-05-12 09:05:00,0.0,1,1,BOS,1,20078.0,95.0,CHoCH,1,21118.0,1.0,72,15,40,4,active_bear_internal_ob,internal,-1.0,4057.0,21749.0,21826.0,21787.5,2.2423843550206843,current_internal_high,internal,0.0,7.0,21118.0,21118.0,21118.0,0.7239563745769086,21190.0,21391.0,21140.0,21272.0,25064.0,181581.0,0,0,0,0,0,0,,21118.0,7,below,0.7239563745769086,21163.0,True,1.0,21052.0,3,below,1.0342233922527266,20973.0,False,,20078.0,120.0,below,5.6130124106807076,20150.0,True,95.0,19579.0,61.0,below,7.958819104926664,19523.0,False,,2,11789,2026-05-12 02:30:00,395.0,1,1,BOS,1,20150.0,21.0,BOS,1,21111.0,10.0,66,10,26,4,active_bear_internal_ob,internal,-1.0,1352.0,21749.0,21826.0,21787.5,2.2423843550206843,current_internal_high,internal,0.0,5.0,21163.0,21163.0,21163.0,0.5124106807070327,21079.0,21148.0,21060.0,21142.0,5913.0,180779.0,1,1,0,1,1,0,active_bear_internal_ob,21163.0,5,below,0.5124106807070327,21111.0,False,,20973.0,1,below,1.405603610379842,20815.0,False,,20150.0,38.0,below,5.274539300488906,18993.0,True,21.0,19523.0,28.0,below,8.222075968409175,17555.0,False,,3509,2026-05-12 02:30:00,395.0,1,1,BOS,1,20556.0,5.0,BOS,1,20078.0,5.0,37,3,9,1,active_bear_internal_ob,internal,-1.0,402.0,21856.0,22361.0,22108.5,2.745393004889056,current_swing_high,swing,0.0,91.0,20556.0,20556.0,20556.0,3.365927040240692,21094.0,21148.0,21060.0,21142.0,11363.0,180779.0,0,0,0,0,0,0,,20078.0,11.0,below,5.6130124106807076,20150.0,True,5.0,19579.0,5.0,below,7.958819104926664,19523.0,False,,20556.0,91.0,below,3.365927040240692,19157.0,True,5.0,17266.0,196.0,below,18.832267769838285,15076.0009765625,False,,0.00702644824511367,0.008052854978874535,0.00047018996540515445,0.00047018996540515445,0.008052854978874535,-0.00702644824511367,0.00047018996540515445,0.008052854978874535,True,0.007119801493873368,0.00917137119745881,0.00047018996540515445,0.00047018996540515445,0.00917137119745881,-0.007119801493873368,0.00047018996540515445,0.00917137119745881,True,0.0006109166288830181,0.00917137119745881,0.00047018996540515445,0.00047018996540515445,0.00917137119745881,-0.0006109166288830181,0.00047018996540515445,0.00917137119745881,True,-0.002117598024321765,0.00917137119745881,0.008544841321747043,0.008544841321747043,0.00917137119745881,0.002117598024321765,0.008544841321747043,0.00917137119745881,True,-0.0032488198644102795,0.00917137119745881,0.01082317912140951,0.01082317912140951,0.00917137119745881,0.0032488198644102795,0.01082317912140951,0.00917137119745881,False
AG:35385:I:1:35362:35369,AG,2026-05-12 10:35:00,35385,1,internal,16,21052.0,21075.0,21052.0,21075.0,False,0.10894278135657445,0.17391304347826086,35362,2026-05-12T01:50:00,35369,2026-05-12T02:25:00,35385,2026-05-12T10:30:00,False,True,True,35387.0,35385,2026-05-12 10:35:00,0.0,1,1,BOS,1,20078.0,110.0,CHoCH,1,21118.0,16.0,72,15,40,4,current_internal_high,internal,0.0,7.0,21469.0,21469.0,21469.0,1.6909814323607428,current_internal_low,internal,0.0,2.0,21092.0,21092.0,21092.0,0.094732853353543,21177.0,21230.0,21071.0,21112.0,10090.0,177690.0,0,0,0,0,0,0,,21469.0,7,above,1.6909814323607428,21118.0,False,,21092.0,2,below,0.094732853353543,21052.0,False,,20078.0,135.0,below,4.897688518378174,20150.0,True,110.0,19579.0,76.0,below,7.2612732095490715,19523.0,False,,4,11794,2026-05-12 10:15:00,20.0,1,1,BOS,1,20150.0,26.0,BOS,1,21163.0,4.0,67,9,26,4,current_internal_high,internal,0.0,10.0,21163.0,21163.0,21163.0,0.24156877605153465,active_bull_internal_ob,internal,1.0,4.0,20973.0,21030.0,21001.5,0.3884046987495263,21198.0,21295.0,21198.0,21227.0,11624.0,178652.0,0,0,0,0,0,0,,21163.0,10,above,0.24156877605153465,21111.0,True,4.0,20973.0,6,below,0.6583933308071239,20815.0,False,,20150.0,43.0,below,4.556650246305419,18993.0,True,26.0,19523.0,33.0,below,7.526525198938992,17555.0,False,,3510,2026-05-12 10:00:00,35.0,1,1,BOS,1,20556.0,6.0,BOS,1,20078.0,6.0,37,3,9,1,active_bear_internal_ob,internal,-1.0,403.0,21856.0,22361.0,22108.5,3.5240621447518,current_swing_high,swing,0.0,92.0,20556.0,20556.0,20556.0,2.6335733232284957,21190.0,21469.0,21092.0,21200.0,113270.0,179229.0,0,0,0,0,0,0,,20078.0,12.0,below,4.897688518378174,20150.0,True,6.0,19579.0,6.0,below,7.2612732095490715,19523.0,False,,20556.0,92.0,below,2.6335733232284957,19157.0,True,6.0,17555.0,0.0,below,16.848237968927624,17266.0,False,,-0.0011375487054721134,0.0014201185818620843,0.0018966340441330942,0.0018966340441330942,0.0014201185818620843,-0.0011375487054721134,0.0014201185818620843,0.0018966340441330942,True,0.0033104783130308846,0.005103016176850161,0.003131377991669737,0.003131377991669737,0.005103016176850161,0.0033104783130308846,0.005103016176850161,0.003131377991669737,True,0.006045168121424638,0.00792681323394362,0.003131377991669737,0.003131377991669737,0.00792681323394362,0.006045168121424638,0.00792681323394362,0.003131377991669737,True,-0.0017542616451535764,0.00792681323394362,0.0037968721456209664,0.0037968721456209664,0.00792681323394362,-0.0017542616451535764,0.00792681323394362,0.0037968721456209664,False,-0.011338314025802987,0.00792681323394362,0.014697725929288197,0.014697725929288197,0.00792681323394362,-0.011338314025802987,0.00792681323394362,0.014697725929288197,False
AG:35388:I:-1:35384:35386,AG,2026-05-12 10:50:00,35388,-1,internal,2,21207.0,21295.0,21207.0,21295.0,False,0.41548630783758267,0.125,35384,2026-05-12T10:10:00,35386,2026-05-12T10:35:00,35388,2026-05-12T10:45:00,False,True,True,35481.0,35388,2026-05-12 10:50:00,0.0,1,-1,BOS,1,20078.0,113.0,CHoCH,-1,21092.0,2.0,71,16,40,4,active_bear_internal_ob,internal,-1.0,2.0,21207.0,21295.0,21251.0,0.1274787535410765,current_internal_low,internal,0.0,5.0,21092.0,21092.0,21092.0,0.41548630783758267,21164.0,21218.0,21160.0,21180.0,4941.0,177393.0,0,0,0,0,0,0,,21469.0,10,above,1.364494806421152,21118.0,False,,21092.0,5,below,0.41548630783758267,21052.0,True,2.0,20078.0,138.0,below,5.203021718602455,20150.0,True,113.0,19579.0,79.0,below,7.559017941454202,19523.0,False,,4,11795,2026-05-12 10:45:00,5.0,1,1,BOS,1,20150.0,27.0,BOS,1,21163.0,5.0,67,9,26,4,active_bear_internal_ob,internal,-1.0,1358.0,21749.0,21826.0,21787.5,2.6864966949952787,current_internal_high,internal,0.0,11.0,21163.0,21163.0,21163.0,0.08026440037771482,21177.0,21230.0,21044.0,21164.0,21268.0,177299.0,0,0,0,0,0,0,,21163.0,11,below,0.08026440037771482,21111.0,True,5.0,20973.0,7,below,0.9773371104815863,20815.0,False,,20150.0,44.0,below,4.863078375826251,18993.0,True,27.0,19523.0,34.0,below,7.823418319169027,17555.0,False,,3510,2026-05-12 10:00:00,50.0,1,1,BOS,1,20556.0,6.0,BOS,1,20078.0,6.0,37,3,9,1,active_bear_internal_ob,internal,-1.0,403.0,21856.0,22361.0,22108.5,3.1916902738432484,current_swing_high,swing,0.0,92.0,20556.0,20556.0,20556.0,2.9461756373937678,21190.0,21469.0,21092.0,21200.0,113270.0,179229.0,0,0,0,0,0,0,,20078.0,12.0,below,5.203021718602455,20150.0,True,6.0,19579.0,6.0,below,7.559017941454202,19523.0,False,,20556.0,92.0,below,2.9461756373937678,19157.0,True,6.0,17555.0,0.0,below,17.115203021718603,17266.0,False,,0.00381688845455308,0.0045691216823122716,4.7213238600463114e-05,4.7213238600463114e-05,0.0045691216823122716,-0.00381688845455308,4.7213238600463114e-05,0.0045691216823122716,True,0.00268747656979329,0.0045691216823122716,4.7213238600463114e-05,4.7213238600463114e-05,0.0045691216823122716,-0.00268747656979329,4.7213238600463114e-05,0.0045691216823122716,True,0.0010852897136981454,0.0045691216823122716,4.7213238600463114e-05,4.7213238600463114e-05,0.0045691216823122716,-0.0010852897136981454,4.7213238600463114e-05,0.0045691216823122716,True,-0.005064500234524871,0.0045691216823122716,0.007154563697252314,0.007154563697252314,0.0045691216823122716,0.005064500234524871,0.007154563697252314,0.0045691216823122716,False,-0.019787519530598985,0.0045691216823122716,0.020028326717449474,0.020028326717449474,0.0045691216823122716,0.019787519530598985,0.020028326717449474,0.0045691216823122716,False
AG:35403:I:1:35322:35332,AG,2026-05-12 14:05:00,35403,1,internal,71,20815.0,20937.0,20815.0,20937.0,False,0.5827283148643485,0.13934426229508196,35322,2026-05-11T22:30:00,35332,2026-05-11T23:20:00,35403,2026-05-12T14:00:00,False,True,True,35409.0,35403,2026-05-12 14:05:00,0.0,1,-1,BOS,1,20078.0,128.0,BOS,-1,21044.0,2.0,71,17,40,4,current_internal_low,internal,0.0,11.0,21044.0,21044.0,21044.0,0.5158578525028659,current_swing_high,swing,0.0,153.0,20078.0,20078.0,20078.0,4.098204050439434,21066.0,21066.0,20920.0,20936.0,10696.0,173776.0,1,1,1,0,1,0,active_bull_internal_ob,21278.0,9,above,1.6335498662590753,21295.0,False,,21044.0,11,above,0.5158578525028659,21092.0,True,2.0,20078.0,153.0,below,4.098204050439434,20150.0,True,128.0,19579.0,94.0,below,6.481658387466564,19523.0,False,,2,11800,2026-05-12 14:00:00,5.0,1,1,BOS,1,20150.0,32.0,BOS,1,21163.0,10.0,67,9,26,4,active_bull_internal_ob,internal,1.0,10.0,20973.0,21030.0,21001.5,0.17672907909820404,current_swing_high,swing,0.0,49.0,20150.0,20150.0,20150.0,3.754298815437524,21063.0,21094.0,20986.0,21068.0,18213.0,174896.0,1,1,1,0,1,0,active_bull_internal_ob,21469.0,4,above,2.545854031333588,21163.0,False,,20973.0,12,above,0.17672907909820404,20815.0,False,,20150.0,49.0,below,3.754298815437524,18993.0,True,32.0,19523.0,39.0,below,6.7491402369124955,17555.0,False,,3513,2026-05-12 14:00:00,5.0,1,1,BOS,1,20556.0,9.0,BOS,1,20078.0,9.0,37,3,9,1,active_bear_internal_ob,internal,-1.0,406.0,21856.0,22361.0,22108.5,4.3943446694688575,current_swing_high,swing,0.0,95.0,20556.0,20556.0,20556.0,1.8150554069545282,21100.0,21200.0,20986.0,21068.0,37330.0,174896.0,0,0,0,0,0,0,,20078.0,15.0,below,4.098204050439434,20150.0,True,9.0,19579.0,9.0,below,6.481658387466564,19523.0,False,,20556.0,95.0,below,1.8150554069545282,19157.0,True,9.0,17555.0,3.0,below,16.149216660298052,17266.0,False,,-0.001099032484296103,0.0012886292202018979,0.0017686006378685448,0.0017686006378685448,0.0012886292202018979,-0.001099032484296103,0.0012886292202018979,0.0017686006378685448,True,-4.7758913016338056e-05,0.0012886292202018979,0.0035403347666633778,0.0035403347666633778,0.0012886292202018979,-4.7758913016338056e-05,0.0012886292202018979,0.0035403347666633778,True,-0.003204900975752878,0.0012886292202018979,0.006564312879238088,0.006564312879238088,0.0012886292202018979,-0.003204900975752878,0.0012886292202018979,0.006564312879238088,True,-0.004259500565369834,0.0015270821388018163,0.013413985118686966,0.013413985118686966,0.0015270821388018163,-0.004259500565369834,0.0015270821388018163,0.013413985118686966,False,-0.000525473535391896,0.003480254281535977,0.013413985118686966,0.013413985118686966,0.003480254281535977,-0.000525473535391896,0.003480254281535977,0.013413985118686966,False
AG:35427:I:1:35418:35422,AG,2026-05-12 22:05:00,35427,1,internal,5,20733.0,20814.0,20733.0,20814.0,False,0.38704128440366975,0.024691358024691357,35418,2026-05-12T21:15:00,35422,2026-05-12T21:35:00,35427,2026-05-12T22:00:00,False,True,True,35442.0,35427,2026-05-12 22:05:00,0.0,1,1,BOS,1,20078.0,152.0,CHoCH,1,20971.0,5.0,71,17,40,4,current_internal_high,internal,0.0,7.0,20971.0,20971.0,20971.0,0.2054663608562691,active_bull_internal_ob,internal,1.0,5.0,20733.0,20814.0,20773.5,0.5447247706422018,20851.0,20943.0,20812.0,20928.0,9298.0,170705.0,0,0,0,0,0,0,,20971.0,7,above,0.2054663608562691,21278.0,True,5.0,20733.0,4,below,0.9317660550458715,20660.0,False,,21469.0,4.0,above,2.585053516819572,20078.0,False,,19579.0,118.0,below,6.445909785932721,19523.0,False,,4,11808,2026-05-12 22:00:00,5.0,1,-1,BOS,1,20150.0,40.0,CHoCH,-1,20973.0,7.0,65,10,26,4,current_internal_low,internal,0.0,20.0,20973.0,20973.0,20973.0,0.21502293577981652,current_swing_high,swing,0.0,57.0,20150.0,20150.0,20150.0,3.717507645259939,20976.0,21012.0,20843.0,20850.0,21594.0,171022.0,0,0,0,0,0,0,,21469.0,12,above,2.585053516819572,21163.0,False,,20973.0,20,above,0.21502293577981652,20815.0,True,7.0,20150.0,57.0,below,3.717507645259939,18993.0,True,40.0,19523.0,47.0,below,6.713493883792049,17555.0,False,,3515,2026-05-12 22:00:00,5.0,1,1,BOS,1,20556.0,11.0,BOS,1,20078.0,11.0,37,3,9,1,current_internal_high,internal,0.0,0.0,21469.0,21469.0,21469.0,2.585053516819572,current_swing_high,swing,0.0,97.0,20556.0,20556.0,20556.0,1.7775229357798166,20830.0,21012.0,20733.0,20850.0,112447.0,171022.0,0,0,0,0,0,0,,21469.0,0.0,above,2.585053516819572,20078.0,False,,19579.0,11.0,below,6.445909785932721,19523.0,False,,20556.0,97.0,below,1.7775229357798166,19157.0,True,11.0,17555.0,5.0,below,16.11716360856269,17266.0,False,,0.0016710834894517745,0.0019572747625726805,0.00047796578675018964,0.00047796578675018964,0.0019572747625726805,0.0016710834894517745,0.0019572747625726805,0.00047796578675018964,True,0.002529411709618401,0.0048622462080345485,0.00047796578675018964,0.00047796578675018964,0.0048622462080345485,0.002529411709618401,0.0048622462080345485,0.00047796578675018964,True,0.0008597631404647643,0.0048622462080345485,0.0028233060983868796,0.0028233060983868796,0.0048622462080345485,0.0008597631404647643,0.0048622462080345485,0.0028233060983868796,True,-0.004789969401654659,0.0048622462080345485,0.007049205587451368,0.007049205587451368,0.0048622462080345485,-0.004789969401654659,0.0048622462080345485,0.007049205587451368,True,-0.006904846421596389,0.0048622462080345485,0.0190555465604767,0.0190555465604767,0.0048622462080345485,-0.006904846421596389,0.0048622462080345485,0.0190555465604767,True
AG:35471:I:-1:35429:35442,AG,2026-05-13 01:45:00,35471,-1,internal,29,20943.0,21029.0,20943.0,21029.0,False,0.41057958560106944,0.09302325581395349,35429,2026-05-12T22:10:00,35442,2026-05-12T23:15:00,35471,2026-05-13T01:40:00,False,True,True,35481.0,35471,2026-05-13 01:45:00,0.0,1,1,BOS,1,20078.0,196.0,CHoCH,1,20837.0,9.0,71,18,40,4,active_bear_internal_ob,internal,-1.0,70.0,21180.0,21278.0,21229.0,1.1171584073331424,current_internal_high,internal,0.0,12.0,20837.0,20837.0,20837.0,0.520385753843216,20920.0,20951.0,20917.0,20946.0,3323.0,171432.0,1,1,0,1,1,0,active_bear_internal_ob,20837.0,12,below,0.520385753843216,21029.0,True,9.0,20717.0,6,below,1.0932875011935452,20532.0,False,,21469.0,48.0,above,2.4968967822018526,20078.0,False,,19579.0,162.0,below,6.526305738565837,19523.0,False,,4,11823,2026-05-13 01:45:00,0.0,1,-1,BOS,1,20150.0,55.0,BOS,-1,20660.0,9.0,65,11,26,4,current_internal_high,internal,0.0,9.0,21029.0,21029.0,21029.0,0.39625704191731115,current_internal_low,internal,0.0,4.0,20532.0,20532.0,20532.0,1.9765110283586365,20872.0,20951.0,20847.0,20946.0,8369.0,171432.0,1,1,0,1,1,0,active_bear_internal_ob,21029.0,9,above,0.39625704191731115,21469.0,False,,20532.0,4,below,1.9765110283586365,20660.0,False,,20150.0,72.0,below,3.8002482574238514,18993.0,True,55.0,19523.0,62.0,below,6.793659887329323,17555.0,False,,3518,2026-05-13 01:00:00,45.0,1,1,BOS,1,20556.0,14.0,BOS,1,20078.0,14.0,37,3,9,1,current_internal_high,internal,0.0,3.0,21469.0,21469.0,21469.0,2.4968967822018526,current_swing_high,swing,0.0,100.0,20556.0,20556.0,20556.0,1.8619306788885706,20727.0,20870.0,20705.0,20841.0,40577.0,172366.0,0,0,0,0,0,0,,21469.0,3.0,above,2.4968967822018526,20078.0,False,,19579.0,14.0,below,6.526305738565837,19523.0,False,,20556.0,100.0,below,1.8619306788885706,19157.0,True,14.0,17555.0,8.0,below,16.189248543874726,17266.0,False,,-0.0011940870236433199,0.0,0.0013852733352859303,0.0013852733352859303,0.0,0.0011940870236433199,0.0013852733352859303,0.0,True,-0.0021503843136976286,0.0,0.0025331594379878197,0.0025331594379878197,0.0,0.0021503843136976286,0.0025331594379878197,0.0,True,-0.0024853045340478275,0.0,0.004497184883099692,0.004497184883099692,0.0,0.0024853045340478275,0.004497184883099692,0.0,True,0.02568291388695343,0.028934345057413324,0.004497184883099692,0.004497184883099692,0.028934345057413324,-0.02568291388695343,0.004497184883099692,0.028934345057413324,False,0.019943950276045896,0.028934345057413324,0.004497184883099692,0.004497184883099692,0.028934345057413324,-0.019943950276045896,0.004497184883099692,0.028934345057413324,False
AG:35517:I:-1:35490:35499,AG,2026-05-13 14:20:00,35517,-1,internal,18,21361.0,21440.0,21361.0,21440.0,False,0.3704745826299006,0.05063291139240506,35490,2026-05-13T09:45:00,35499,2026-05-13T10:45:00,35517,2026-05-13T14:15:00,False,True,True,35534.0,35517,2026-05-13 14:20:00,0.0,1,1,BOS,1,21469.0,34.0,CHoCH,1,21279.0,3.0,73,16,41,4,active_bear_internal_ob,internal,-1.0,18.0,21361.0,21440.0,21400.5,0.17351341211780155,current_internal_high,internal,0.0,5.0,21279.0,21279.0,21279.0,0.21102982554867755,21307.0,21365.0,21307.0,21324.0,5959.0,163168.0,0,0,0,0,0,0,,21279.0,5,below,0.21102982554867755,21440.0,True,3.0,21050.0,4,below,1.2849371600075032,21101.0,False,,21469.0,94.0,above,0.6799849934346277,20078.0,True,34.0,20532.0,24.0,below,3.714124929656725,19579.0,False,,2,11838,2026-05-13 14:15:00,5.0,1,1,BOS,1,20150.0,70.0,CHoCH,1,21029.0,11.0,66,9,26,4,current_internal_high,internal,0.0,6.0,21564.0,21564.0,21564.0,1.1254924029262803,active_bull_internal_ob,internal,1.0,11.0,20620.0,20745.0,20682.5,2.715250422059651,21240.0,21308.0,21208.0,21307.0,11122.0,163173.0,0,0,0,0,0,0,,21564.0,6,above,1.1254924029262803,21029.0,False,,20532.0,19,below,3.714124929656725,20660.0,False,,20150.0,87.0,below,5.505533670981054,18993.0,True,70.0,19523.0,77.0,below,8.44588257362596,17555.0,False,,3524,2026-05-13 14:00:00,20.0,1,1,BOS,1,20556.0,20.0,BOS,1,20078.0,20.0,37,3,9,1,current_internal_high,internal,0.0,9.0,21469.0,21469.0,21469.0,0.6799849934346277,current_swing_high,swing,0.0,106.0,20556.0,20556.0,20556.0,3.601575689364097,21168.0,21247.0,21050.0,21240.0,27027.0,162680.0,0,0,0,0,0,0,,21469.0,9.0,above,0.6799849934346277,20078.0,False,,20532.0,2.0,below,3.714124929656725,19579.0,False,,20556.0,106.0,below,3.601575689364097,19157.0,True,20.0,17555.0,14.0,below,17.67492027762146,17266.0,False,,-0.0019711838175009433,0.0,0.0023470883421801148,0.0023470883421801148,0.0,0.0019711838175009433,0.0023470883421801148,0.0,True,-0.00032826092348514635,0.00028128076693789694,0.002770149903945196,0.002770149903945196,0.00028128076693789694,0.00032826092348514635,0.002770149903945196,0.00028128076693789694,True,-0.00046897716940819123,0.0006093416954797704,0.002770149903945196,0.002770149903945196,0.0006093416954797704,0.00046897716940819123,0.002770149903945196,0.0006093416954797704,True,0.004210926542329574,0.004771046049132366,0.005878082335939894,0.005878082335939894,0.004771046049132366,-0.004210926542329574,0.005878082335939894,0.004771046049132366,False,0.003650493125830323,0.0066824239882166125,0.005878082335939894,0.005878082335939894,0.0066824239882166125,-0.003650493125830323,0.005878082335939894,0.0066824239882166125,False
AG:35533:I:1:35525:35528,AG,2026-05-13 21:40:00,35533,1,internal,5,21247.0,21303.0,21247.0,21303.0,False,0.26268880758044844,0.2857142857142857,35525,2026-05-13T14:55:00,35528,2026-05-13T21:10:00,35533,2026-05-13T21:35:00,False,True,True,35637.0,35533,2026-05-13 21:40:00,0.0,1,1,BOS,1,21469.0,50.0,BOS,1,21365.0,5.0,74,16,41,4,active_bear_internal_ob,internal,-1.0,34.0,21361.0,21440.0,21400.5,0.20170747724927293,active_bull_internal_ob,internal,1.0,5.0,21247.0,21303.0,21275.0,0.07036307345904869,21370.0,21382.0,21287.0,21318.0,9200.0,165057.0,0,0,0,0,0,0,,21365.0,11,above,0.2204709635050192,21279.0,True,5.0,21203.0,2,below,0.5394502298527066,21050.0,False,,21564.0,0.0,above,1.1539544047283985,21469.0,False,,20532.0,40.0,below,3.6870250492541516,19579.0,False,,4,11843,2026-05-13 21:30:00,10.0,1,1,BOS,1,20150.0,75.0,CHoCH,1,21029.0,16.0,66,9,26,4,current_internal_high,internal,0.0,11.0,21564.0,21564.0,21564.0,1.1539544047283985,current_internal_low,internal,0.0,2.0,21050.0,21050.0,21050.0,1.2571535791350033,21403.0,21440.0,21369.0,21391.0,18292.0,165408.0,0,0,0,0,0,0,,21564.0,11,above,1.1539544047283985,21029.0,False,,21050.0,2,below,1.2571535791350033,20532.0,False,,20150.0,92.0,below,5.478937986677924,18993.0,True,75.0,19523.0,82.0,below,8.42011445726616,17555.0,False,,3525,2026-05-13 15:00:00,400.0,1,1,BOS,1,20556.0,21.0,BOS,1,20078.0,21.0,37,3,9,1,current_internal_high,internal,0.0,10.0,21469.0,21469.0,21469.0,0.7083216061544235,current_swing_high,swing,0.0,107.0,20556.0,20556.0,20556.0,3.5744441317196736,21240.0,21365.0,21208.0,21297.0,43397.0,161695.0,0,0,0,0,0,0,,21469.0,10.0,above,0.7083216061544235,20078.0,False,,20532.0,3.0,below,3.6870250492541516,19579.0,False,,20556.0,107.0,below,3.5744441317196736,19157.0,True,21.0,17555.0,15.0,below,17.65174969509335,17266.0,False,,0.003465071831870503,0.00612595149162054,0.00023456008364064473,0.00023456008364064473,0.00612595149162054,0.003465071831870503,0.00612595149162054,0.00023456008364064473,True,0.0046796847066001845,0.00612595149162054,0.0007507860143380896,0.0007507860143380896,0.00612595149162054,0.0046796847066001845,0.00612595149162054,0.0007507860143380896,True,0.0047730553882736615,0.006685235622530428,0.0007507860143380896,0.0007507860143380896,0.006685235622530428,0.0047730553882736615,0.006685235622530428,0.0007507860143380896,True,0.013696291619377021,0.015776207323781932,0.0007507860143380896,0.0007507860143380896,0.015776207323781932,0.013696291619377021,0.015776207323781932,0.0007507860143380896,True,0.022357146420203478,0.022999112693167234,0.0007507860143380896,0.0007507860143380896,0.022999112693167234,0.022357146420203478,0.022999112693167234,0.0007507860143380896,True
AG:35552:I:-1:31296:31313,AG,2026-05-13 23:15:00,35552,-1,internal,4239,21749.0,21826.0,21749.0,21826.0,False,0.35456094304001473,0.2857142857142857,31296,2026-03-13T10:00:00,31313,2026-03-13T13:40:00,35552,2026-05-13T23:10:00,False,True,True,35558.0,35552,2026-05-13 23:15:00,0.0,1,1,BOS,1,21564.0,8.0,BOS,1,21365.0,24.0,74,15,42,4,active_bear_internal_ob,internal,-1.0,4239.0,21749.0,21826.0,21787.5,0.1473500023023438,current_swing_high,swing,0.0,19.0,21564.0,21564.0,21564.0,0.7045171985080813,21740.0,21771.0,21712.0,21717.0,7036.0,171881.0,0,0,0,0,0,0,,21365.0,30,below,1.6208500253257818,21279.0,True,24.0,21203.0,21,below,2.3668094119813974,21050.0,False,,21564.0,19.0,below,0.7045171985080813,21469.0,True,8.0,20532.0,59.0,below,5.456554772758668,19579.0,False,,4,11850,2026-05-13 23:15:00,0.0,1,1,BOS,1,20150.0,82.0,BOS,1,21564.0,2.0,67,9,26,4,active_bear_internal_ob,internal,-1.0,1413.0,21749.0,21826.0,21787.5,0.1473500023023438,current_internal_high,internal,0.0,18.0,21564.0,21564.0,21564.0,0.7045171985080813,21573.0,21771.0,21564.0,21717.0,22218.0,171881.0,0,0,0,0,0,0,,21564.0,18,below,0.7045171985080813,21029.0,True,2.0,21050.0,9,below,3.0713266104894785,20532.0,False,,20150.0,99.0,below,7.215545425242897,18993.0,True,82.0,19523.0,89.0,below,10.102684532854447,17555.0,False,,3527,2026-05-13 23:00:00,15.0,1,1,BOS,1,20556.0,23.0,BOS,1,21564.0,0.0,38,3,9,1,active_bear_internal_ob,internal,-1.0,420.0,21856.0,22361.0,22108.5,0.6400515725008058,current_internal_high,internal,0.0,1.0,21564.0,21564.0,21564.0,0.7045171985080813,21385.0,21674.0,21346.0,21573.0,87459.0,170666.0,0,0,0,0,0,0,,21564.0,1.0,below,0.7045171985080813,21469.0,True,0.0,20532.0,5.0,below,5.456554772758668,19579.0,False,,20556.0,109.0,below,5.34604227103191,19157.0,True,23.0,17555.0,17.0,below,19.164709674448588,17266.0,False,,0.0,0.00032227619348468295,0.0012440391403316653,0.0012440391403316653,0.00032227619348468295,-0.0,0.0012440391403316653,0.00032227619348468295,True,0.0005524099021840811,0.0010125184959282052,0.0012440391403316653,0.0012440391403316653,0.0010125184959282052,-0.0005524099021840811,0.0012440391403316653,0.0010125184959282052,True,0.004227364655974952,0.005098185344870387,0.0015207025810219932,0.0015207025810219932,0.005098185344870387,-0.004227364655974952,0.0015207025810219932,0.005098185344870387,True,0.013537823952079364,0.01408280784312943,0.0015207025810219932,0.0015207025810219932,0.01408280784312943,-0.013537823952079364,0.0015207025810219932,0.01408280784312943,True,0.009805797046253062,0.015262588359316709,0.0015207025810219932,0.0015207025810219932,0.015262588359316709,-0.009805797046253062,0.0015207025810219932,0.015262588359316709,True
AG:35559:I:-1:31285:31292,AG,2026-05-13 23:50:00,35559,-1,internal,4267,21847.0,21914.0,21847.0,21914.0,False,0.30676251087404427,0.0,31285,2026-03-13T09:05:00,31292,2026-03-13T09:40:00,35559,2026-05-13T23:45:00,False,True,True,35562.0,35559,2026-05-13 23:50:00,0.0,1,1,BOS,1,21564.0,15.0,BOS,1,21365.0,31.0,74,14,42,4,active_bear_internal_ob,internal,-1.0,4267.0,21847.0,21914.0,21880.5,0.027471269630511424,current_swing_high,swing,0.0,26.0,21564.0,21564.0,21564.0,1.268256947941944,21811.0,21847.0,21794.0,21841.0,3658.0,172666.0,0,0,0,0,0,0,,21365.0,37,below,2.1793873906872396,21279.0,True,31.0,21203.0,28,below,2.921111670711048,21050.0,False,,21564.0,26.0,below,1.268256947941944,21469.0,True,15.0,21050.0,1.0,below,3.621629046289089,20532.0,False,,4,11852,2026-05-13 23:45:00,5.0,1,1,BOS,1,20150.0,84.0,BOS,1,21564.0,4.0,67,8,26,4,active_bear_swing_ob,swing,-1.0,1415.0,22157.0,22361.0,22259.0,1.4468202005402684,current_internal_high,internal,0.0,20.0,21564.0,21564.0,21564.0,1.268256947941944,21727.0,21828.0,21684.0,21809.0,19787.0,172581.0,1,1,0,1,1,0,active_bear_internal_ob,21564.0,20,below,1.268256947941944,21029.0,True,4.0,21050.0,11,below,3.621629046289089,20532.0,False,,20150.0,101.0,below,7.742319490865802,18993.0,True,84.0,19523.0,91.0,below,10.613067167254247,17555.0,False,,3527,2026-05-13 23:00:00,50.0,1,1,BOS,1,20556.0,23.0,BOS,1,21564.0,0.0,38,3,9,1,active_bear_internal_ob,internal,-1.0,420.0,21856.0,22361.0,22108.5,0.06867817407627856,current_internal_high,internal,0.0,1.0,21564.0,21564.0,21564.0,1.268256947941944,21385.0,21674.0,21346.0,21573.0,87459.0,170666.0,0,0,0,0,0,0,,21564.0,1.0,below,1.268256947941944,21469.0,True,0.0,20532.0,5.0,below,5.9933153243899095,19579.0,False,,20556.0,109.0,below,5.883430245867864,19157.0,True,23.0,17555.0,17.0,below,19.623643606061993,17266.0,False,,-0.001695809009186533,0.0002289429713062674,0.002154629847701983,0.002154629847701983,0.0002289429713062674,0.001695809009186533,0.002154629847701983,0.0002289429713062674,True,0.004386573175057862,0.005298025637555881,0.002154629847701983,0.002154629847701983,0.005298025637555881,-0.004386573175057862,0.002154629847701983,0.005298025637555881,True,0.004158580196254036,0.009752173534200992,0.002154629847701983,0.002154629847701983,0.009752173534200992,-0.004158580196254036,0.002154629847701983,0.009752173534200992,True,0.0028351948752227685,0.009752173534200992,0.002154629847701983,0.002154629847701983,0.009752173534200992,-0.0028351948752227685,0.002154629847701983,0.009752173534200992,True,-0.005924922603071536,0.009752173534200992,0.00753853259796422,0.00753853259796422,0.009752173534200992,0.005924922603071536,0.00753853259796422,0.009752173534200992,True
AG:35592:I:-1:35578:35580,AG,2026-05-14 09:05:00,35592,-1,internal,12,21818.0,21944.0,21818.0,21944.0,False,0.5816100443131462,0.19047619047619047,35578,2026-05-14T01:20:00,35580,2026-05-14T01:30:00,35592,2026-05-14T09:00:00,False,True,True,,35592,2026-05-14 09:05:00,0.0,1,-1,BOS,1,21564.0,48.0,BOS,-1,21673.0,0.0,74,13,42,4,current_internal_low,internal,0.0,4.0,21673.0,21673.0,21673.0,0.04154357459379616,current_swing_high,swing,0.0,59.0,21564.0,21564.0,21564.0,0.4615952732644018,21722.0,21842.0,21596.0,21664.0,20143.0,165279.0,0,0,0,0,0,0,,21944.0,9,above,1.292466765140325,22051.0,False,,21673.0,4,above,0.04154357459379616,21824.0,True,0.0,21564.0,59.0,below,0.4615952732644018,21469.0,True,48.0,21050.0,34.0,below,2.834194977843427,20532.0,False,,2,11863,2026-05-14 02:30:00,395.0,1,1,BOS,1,20150.0,95.0,BOS,1,21564.0,15.0,67,7,26,4,current_internal_high,internal,0.0,3.0,22051.0,22051.0,22051.0,1.7863737075332349,active_bull_internal_ob,internal,1.0,15.0,21050.0,21178.0,21114.0,2.243353028064993,21746.0,21751.0,21680.0,21741.0,7864.0,166010.0,0,0,0,0,0,0,,22051.0,3,above,1.7863737075332349,21564.0,False,,21050.0,22,below,2.834194977843427,20532.0,False,,20150.0,112.0,below,6.988552437223043,18993.0,True,95.0,19523.0,102.0,below,9.882754800590842,17555.0,False,,3531,2026-05-14 02:30:00,395.0,1,1,BOS,1,20556.0,27.0,BOS,1,21564.0,4.0,38,3,9,1,active_bear_internal_ob,internal,-1.0,424.0,21856.0,22361.0,22108.5,0.8862629246676514,current_internal_high,internal,0.0,5.0,21564.0,21564.0,21564.0,0.4615952732644018,21688.0,21766.0,21680.0,21741.0,15468.0,166010.0,0,0,0,0,0,0,,21564.0,5.0,below,0.4615952732644018,21469.0,True,4.0,21050.0,2.0,below,2.834194977843427,20532.0,False,,20556.0,113.0,below,5.114475627769571,19157.0,True,27.0,17555.0,21.0,below,18.96694977843427,17266.0,False,,-0.005832809796654459,0.0002307603563949101,0.00801728232529797,0.00801728232529797,0.0002307603563949101,0.005832809796654459,0.00801728232529797,0.0002307603563949101,True,-0.011232943956789754,0.0002307603563949101,0.01202679862968914,0.01202679862968914,0.0002307603563949101,0.011232943956789754,0.01202679862968914,0.0002307603563949101,True,-0.007412588956173138,0.0002307603563949101,0.01202679862968914,0.01202679862968914,0.0002307603563949101,0.007412588956173138,0.01202679862968914,0.0002307603563949101,True,-0.008762022631550792,0.0002307603563949101,0.013242149594974606,0.013242149594974606,0.0002307603563949101,0.008762022631550792,0.013242149594974606,0.0002307603563949101,True,-0.018917720072948896,0.0002307603563949101,0.018964760080482534,0.018964760080482534,0.0002307603563949101,0.018917720072948896,0.018964760080482534,0.0002307603563949101,False
AG:35613:I:-1:35607:35610,AG,2026-05-14 11:05:00,35613,-1,internal,3,21427.0,21545.0,21427.0,21545.0,False,0.5516080777860883,0.11864406779661017,35607,2026-05-14T10:30:00,35610,2026-05-14T10:45:00,35613,2026-05-14T11:00:00,False,True,True,,35613,2026-05-14 11:05:00,0.0,1,-1,BOS,1,21564.0,69.0,BOS,-1,21380.0,3.0,74,14,42,4,active_bear_internal_ob,internal,-1.0,3.0,21427.0,21545.0,21486.0,0.16361256544502617,current_internal_low,internal,0.0,5.0,21380.0,21380.0,21380.0,0.05609573672400897,21380.0,21441.0,21365.0,21392.0,3572.0,156643.0,0,0,0,0,0,0,,21545.0,1,above,0.7152206432311145,21578.0,False,,21380.0,5,below,0.05609573672400897,21406.0,True,3.0,21564.0,80.0,above,0.8040388930441287,21469.0,True,69.0,21050.0,55.0,below,1.5987284966342559,20532.0,False,,3,11870,2026-05-14 11:00:00,5.0,1,1,BOS,1,20150.0,102.0,BOS,1,21564.0,22.0,67,7,26,4,current_internal_high,internal,0.0,10.0,22051.0,22051.0,22051.0,3.0805908750934927,active_bull_internal_ob,internal,1.0,22.0,21050.0,21178.0,21114.0,1.00037397157816,21434.0,21450.0,21325.0,21380.0,14349.0,156972.0,0,0,0,0,0,0,,22051.0,10,above,3.0805908750934927,21564.0,False,,21050.0,29,below,1.5987284966342559,20532.0,False,,20150.0,119.0,below,5.805908750934929,18993.0,True,102.0,19523.0,109.0,below,8.736910994764397,17555.0,False,,3533,2026-05-14 11:00:00,5.0,1,1,BOS,1,20556.0,29.0,BOS,1,21564.0,6.0,38,3,9,1,current_internal_high,internal,0.0,7.0,21564.0,21564.0,21564.0,0.8040388930441287,active_bull_internal_ob,internal,1.0,6.0,21050.0,21247.0,21148.5,0.6778234854151084,21448.0,21545.0,21325.0,21380.0,39592.0,156972.0,0,0,0,0,0,0,,21564.0,7.0,above,0.8040388930441287,21469.0,True,6.0,21050.0,4.0,below,1.5987284966342559,20532.0,False,,20556.0,115.0,below,3.908002991772625,19157.0,True,29.0,17555.0,23.0,below,17.93661181750187,17266.0,False,,-0.0035585559863751115,0.00042057058027822336,0.004168526679773521,0.004168526679773521,0.00042057058027822336,0.0035585559863751115,0.004168526679773521,0.00042057058027822336,True,-0.0063769147498558,0.00042057058027822336,0.0064239547573894384,0.0064239547573894384,0.00042057058027822336,0.0063769147498558,0.0064239547573894384,0.00042057058027822336,True,0.00023367215902503347,0.0014945591498083388,0.006565088058026802,0.006565088058026802,0.0014945591498083388,-0.00023367215902503347,0.006565088058026802,0.0014945591498083388,False,0.0015412281499340708,0.0048956852648363025,0.006565088058026802,0.006565088058026802,0.0048956852648363025,-0.0015412281499340708,0.006565088058026802,0.0048956852648363025,False,-0.013173561482872742,0.0048956852648363025,0.014500513006902693,0.014500513006902693,0.0048956852648363025,0.013173561482872742,0.014500513006902693,0.0048956852648363025,False
AG:35637:I:1:35508:35514,AG,2026-05-14 21:05:00,35637,1,internal,123,21050.0,21168.0,21050.0,21168.0,False,0.5588444233956903,0.6864406779661016,35508,2026-05-13T13:30:00,35514,2026-05-13T14:00:00,35637,2026-05-14T21:00:00,False,True,True,35640.0,35637,2026-05-14 21:05:00,0.0,1,-1,BOS,1,21564.0,93.0,BOS,-1,21255.0,0.0,73,15,42,4,current_internal_low,internal,0.0,15.0,21255.0,21255.0,21255.0,0.6630357565711579,current_swing_low,swing,0.0,79.0,21050.0,21050.0,21050.0,0.307838029836609,21268.0,21333.0,21087.0,21115.0,21360.0,153170.0,2,2,2,0,1,1,active_bull_internal_ob|active_bull_swing_ob,21500.0,10,above,1.8233483305706844,21545.0,False,,21255.0,15,above,0.6630357565711579,21380.0,True,0.0,22051.0,22.0,above,4.432867629647171,21564.0,False,,21050.0,79.0,below,0.307838029836609,20532.0,False,,4,11878,2026-05-14 15:00:00,365.0,1,1,BOS,1,20150.0,110.0,BOS,1,21564.0,30.0,67,7,26,4,current_internal_low,internal,0.0,1.0,21255.0,21255.0,21255.0,0.6630357565711579,active_bull_internal_ob,internal,1.0,51.0,20620.0,20745.0,20682.5,1.7523087852237746,21399.0,21429.0,21345.0,21387.0,11831.0,152005.0,1,1,1,0,1,0,active_bull_internal_ob,22051.0,18,above,4.432867629647171,21564.0,False,,21255.0,1,above,0.6630357565711579,21050.0,False,,20150.0,127.0,below,4.570210750651196,18993.0,True,110.0,19523.0,117.0,below,7.539663746152024,17555.0,False,,3536,2026-05-14 15:00:00,365.0,1,1,BOS,1,20556.0,32.0,BOS,1,21564.0,9.0,38,3,9,1,active_bear_internal_ob,internal,-1.0,429.0,21856.0,22361.0,22108.5,3.509353540137343,current_internal_low,internal,0.0,7.0,21050.0,21050.0,21050.0,0.307838029836609,21371.0,21442.0,21336.0,21387.0,34278.0,152005.0,1,1,1,0,1,0,active_bull_internal_ob,22051.0,2.0,above,4.432867629647171,21564.0,False,,21050.0,7.0,below,0.307838029836609,20532.0,False,,20556.0,118.0,below,2.6474070565948375,19157.0,True,32.0,17555.0,26.0,below,16.86005209566659,17266.0,False,,0.003168825221214533,0.004159975744833844,0.00014212284174952572,0.00014212284174952572,0.004159975744833844,0.003168825221214533,0.004159975744833844,0.00014212284174952572,True,-0.006463286448015637,0.005809713339425926,0.007274142422424745,0.007274142422424745,0.005809713339425926,-0.006463286448015637,0.005809713339425926,0.007274142422424745,True,-0.013352606587348603,0.005809713339425926,0.014313221454687053,0.014313221454687053,0.005809713339425926,-0.013352606587348603,0.005809713339425926,0.014313221454687053,True,-0.017634444213488365,0.005809713339425926,0.022903593281185408,0.022903593281185408,0.005809713339425926,-0.017634444213488365,0.005809713339425926,0.022903593281185408,True,-0.015804000542486207,0.005809713339425926,0.022903593281185408,0.022903593281185408,0.005809713339425926,-0.015804000542486207,0.005809713339425926,0.022903593281185408,True
AG:35637:S:1:35508:35544,AG,2026-05-14 21:05:00,35637,1,swing,93,21050.0,21168.0,21050.0,21168.0,False,0.5588444233956903,0.6864406779661016,35508,2026-05-13T13:30:00,35544,2026-05-13T22:30:00,35637,2026-05-14T21:00:00,False,True,True,35640.0,35637,2026-05-14 21:05:00,0.0,1,-1,BOS,1,21564.0,93.0,BOS,-1,21255.0,0.0,73,15,42,4,current_internal_low,internal,0.0,15.0,21255.0,21255.0,21255.0,0.6630357565711579,current_swing_low,swing,0.0,79.0,21050.0,21050.0,21050.0,0.307838029836609,21268.0,21333.0,21087.0,21115.0,21360.0,153170.0,2,2,2,0,1,1,active_bull_internal_ob|active_bull_swing_ob,21500.0,10,above,1.8233483305706844,21545.0,False,,21255.0,15,above,0.6630357565711579,21380.0,True,0.0,22051.0,22.0,above,4.432867629647171,21564.0,False,,21050.0,79.0,below,0.307838029836609,20532.0,False,,4,11878,2026-05-14 15:00:00,365.0,1,1,BOS,1,20150.0,110.0,BOS,1,21564.0,30.0,67,7,26,4,current_internal_low,internal,0.0,1.0,21255.0,21255.0,21255.0,0.6630357565711579,active_bull_internal_ob,internal,1.0,51.0,20620.0,20745.0,20682.5,1.7523087852237746,21399.0,21429.0,21345.0,21387.0,11831.0,152005.0,1,1,1,0,1,0,active_bull_internal_ob,22051.0,18,above,4.432867629647171,21564.0,False,,21255.0,1,above,0.6630357565711579,21050.0,False,,20150.0,127.0,below,4.570210750651196,18993.0,True,110.0,19523.0,117.0,below,7.539663746152024,17555.0,False,,3536,2026-05-14 15:00:00,365.0,1,1,BOS,1,20556.0,32.0,BOS,1,21564.0,9.0,38,3,9,1,active_bear_internal_ob,internal,-1.0,429.0,21856.0,22361.0,22108.5,3.509353540137343,current_internal_low,internal,0.0,7.0,21050.0,21050.0,21050.0,0.307838029836609,21371.0,21442.0,21336.0,21387.0,34278.0,152005.0,1,1,1,0,1,0,active_bull_internal_ob,22051.0,2.0,above,4.432867629647171,21564.0,False,,21050.0,7.0,below,0.307838029836609,20532.0,False,,20556.0,118.0,below,2.6474070565948375,19157.0,True,32.0,17555.0,26.0,below,16.86005209566659,17266.0,False,,0.003168825221214533,0.004159975744833844,0.00014212284174952572,0.00014212284174952572,0.004159975744833844,0.003168825221214533,0.004159975744833844,0.00014212284174952572,True,-0.006463286448015637,0.005809713339425926,0.007274142422424745,0.007274142422424745,0.005809713339425926,-0.006463286448015637,0.005809713339425926,0.007274142422424745,True,-0.013352606587348603,0.005809713339425926,0.014313221454687053,0.014313221454687053,0.005809713339425926,-0.013352606587348603,0.005809713339425926,0.014313221454687053,True,-0.017634444213488365,0.005809713339425926,0.022903593281185408,0.022903593281185408,0.005809713339425926,-0.017634444213488365,0.005809713339425926,0.022903593281185408,True,-0.015804000542486207,0.005809713339425926,0.022903593281185408,0.022903593281185408,0.005809713339425926,-0.015804000542486207,0.005809713339425926,0.022903593281185408,True
AG:35643:I:1:35476:35480,AG,2026-05-14 21:35:00,35643,1,internal,163,20855.0,20894.0,20855.0,20894.0,False,0.1872299567930869,1.0,35476,2026-05-13T02:05:00,35480,2026-05-13T02:25:00,35643,2026-05-14T21:30:00,True,False,False,35643.0,35643,2026-05-14 21:35:00,0.0,-1,-1,CHoCH,-1,21050.0,3.0,BOS,-1,21255.0,6.0,71,15,41,5,current_swing_low,swing,0.0,85.0,21050.0,21050.0,21050.0,1.056168987037926,active_bull_internal_ob,internal,1.0,181.0,20717.0,20775.0,20746.0,0.2640422467594815,20948.0,20948.0,20810.0,20830.0,20308.0,153308.0,0,0,0,0,0,0,,21500.0,16,above,3.216514642342775,21545.0,False,,21255.0,21,above,2.040326452232357,21380.0,True,6.0,22051.0,28.0,above,5.86173787806049,21564.0,False,,21050.0,85.0,above,1.056168987037926,20532.0,True,3.0,4,11880,2026-05-14 21:30:00,5.0,1,-1,BOS,1,20150.0,112.0,CHoCH,-1,21255.0,1.0,66,8,26,4,current_internal_low,internal,0.0,3.0,21255.0,21255.0,21255.0,2.040326452232357,active_bull_internal_ob,internal,1.0,53.0,20620.0,20745.0,20682.5,0.40806529044647144,21217.0,21221.0,20931.0,20949.0,39666.0,153185.0,0,0,0,0,0,0,,21500.0,1,above,3.216514642342775,22051.0,False,,21255.0,3,above,2.040326452232357,21050.0,True,1.0,20150.0,129.0,below,3.2645223235717715,18993.0,True,112.0,19523.0,119.0,below,6.274603936629861,17555.0,False,,3536,2026-05-14 15:00:00,395.0,1,1,BOS,1,20556.0,32.0,BOS,1,21564.0,9.0,38,3,9,1,active_bull_internal_ob,internal,1.0,9.0,21050.0,21247.0,21148.5,1.056168987037926,current_swing_high,swing,0.0,118.0,20556.0,20556.0,20556.0,1.315410465674508,21371.0,21442.0,21336.0,21387.0,34278.0,152005.0,0,0,0,0,0,0,,22051.0,2.0,above,5.86173787806049,21564.0,False,,21050.0,7.0,above,1.056168987037926,20532.0,False,,20556.0,118.0,below,1.315410465674508,19157.0,True,32.0,17555.0,26.0,below,15.7225156024964,17266.0,False,,0.0007680123259472538,0.0011997601919038203,0.003029795281852543,0.003029795281852543,0.0011997601919038203,0.0007680123259472538,0.0011997601919038203,0.003029795281852543,True,-0.0010089121420797653,0.0011997601919038203,0.007228947143151032,0.007228947143151032,0.0011997601919038203,-0.0010089121420797653,0.0011997601919038203,0.007228947143151032,True,-0.004041770406164602,0.0011997601919038203,0.009310919473861645,0.009310919473861645,0.0011997601919038203,-0.004041770406164602,0.0011997601919038203,0.009310919473861645,True,0.0015354352615926103,0.003786340165405022,0.009310919473861645,0.009310919473861645,0.003786340165405022,0.0015354352615926103,0.003786340165405022,0.009310919473861645,True,0.005984458315239749,0.006413960338116809,0.009310919473861645,0.009310919473861645,0.006413960338116809,0.005984458315239749,0.006413960338116809,0.009310919473861645,True
AG:35644:I:1:35460:35462,AG,2026-05-14 21:40:00,35644,1,internal,182,20717.0,20775.0,20717.0,20775.0,False,0.2782975864881724,0.22413793103448276,35460,2026-05-13T00:45:00,35462,2026-05-13T00:55:00,35644,2026-05-14T21:35:00,False,True,True,35645.0,35644,2026-05-14 21:40:00,0.0,-1,-1,CHoCH,-1,21050.0,4.0,BOS,-1,21255.0,7.0,71,15,41,5,current_swing_low,swing,0.0,86.0,21050.0,21050.0,21050.0,1.0028309582073796,active_bull_internal_ob,internal,1.0,182.0,20717.0,20775.0,20746.0,0.31668346048654095,20825.0,20850.0,20762.0,20841.0,14382.0,153062.0,0,0,0,0,0,0,,21500.0,17,above,3.1620363706156134,21545.0,False,,21255.0,22,above,1.986468979415575,21380.0,True,7.0,22051.0,29.0,above,5.8058634422532505,21564.0,False,,21050.0,86.0,above,1.0028309582073796,20532.0,True,4.0,4,11880,2026-05-14 21:30:00,10.0,1,-1,BOS,1,20150.0,112.0,CHoCH,-1,21255.0,1.0,66,8,26,4,current_internal_low,internal,0.0,3.0,21255.0,21255.0,21255.0,1.986468979415575,active_bull_internal_ob,internal,1.0,53.0,20620.0,20745.0,20682.5,0.4606304879804232,21217.0,21221.0,20931.0,20949.0,39666.0,153185.0,0,0,0,0,0,0,,21500.0,1,above,3.1620363706156134,22051.0,False,,21255.0,3,above,1.986468979415575,21050.0,True,1.0,20150.0,129.0,below,3.3155798666090877,18993.0,True,112.0,19523.0,119.0,below,6.324072741231227,17555.0,False,,3536,2026-05-14 15:00:00,400.0,1,1,BOS,1,20556.0,32.0,BOS,1,21564.0,9.0,38,3,9,1,active_bull_internal_ob,internal,1.0,9.0,21050.0,21247.0,21148.5,1.0028309582073796,current_swing_high,swing,0.0,118.0,20556.0,20556.0,20556.0,1.3674967611918813,21371.0,21442.0,21336.0,21387.0,34278.0,152005.0,0,0,0,0,0,0,,22051.0,2.0,above,5.8058634422532505,21564.0,False,,21050.0,7.0,above,1.0028309582073796,20532.0,False,,20556.0,118.0,below,1.3674967611918813,19157.0,True,32.0,17555.0,26.0,below,15.766997744829903,17266.0,False,,-0.004183402345644183,4.798349368684285e-05,0.007948975975411443,0.007948975975411443,4.798349368684285e-05,-0.004183402345644183,4.798349368684285e-05,0.007948975975411443,True,-0.0022097333293888965,4.798349368684285e-05,0.007948975975411443,0.007948975975411443,4.798349368684285e-05,-0.0022097333293888965,4.798349368684285e-05,0.007948975975411443,True,-0.005485266123141486,4.798349368684285e-05,0.010030948306122056,0.010030948306122056,4.798349368684285e-05,-0.005485266123141486,4.798349368684285e-05,0.010030948306122056,True,0.0013905873875277308,0.0030663113331446112,0.010030948306122056,0.010030948306122056,0.0030663113331446112,0.0013905873875277308,0.0030663113331446112,0.010030948306122056,True,0.003448939996699707,0.005693931505856398,0.010030948306122056,0.010030948306122056,0.005693931505856398,0.003448939996699707,0.005693931505856398,0.010030948306122056,True
AG:35645:S:1:35444:35483,AG,2026-05-14 21:45:00,35645,1,swing,162,20563.0,20675.0,20563.0,20675.0,False,0.5396810099744616,0.0,35444,2026-05-12T23:25:00,35483,2026-05-13T09:10:00,35645,2026-05-14T21:40:00,False,True,True,35703.0,35645,2026-05-14 21:45:00,0.0,-1,-1,CHoCH,-1,21050.0,5.0,BOS,-1,21255.0,8.0,70,15,41,5,current_swing_low,swing,0.0,87.0,21050.0,21050.0,21050.0,1.4311183925215631,active_bull_swing_ob,swing,1.0,162.0,20563.0,20675.0,20619.0,0.37584927480364283,20840.0,20841.0,20675.0,20753.0,18832.0,153221.0,0,0,0,0,0,0,,21500.0,18,above,3.599479593311811,21545.0,False,,21255.0,23,above,2.418927383992676,21380.0,True,8.0,22051.0,30.0,above,6.254517419168313,21564.0,False,,21050.0,87.0,above,1.4311183925215631,20532.0,True,5.0,4,11881,2026-05-14 21:45:00,0.0,1,-1,BOS,1,20150.0,113.0,CHoCH,-1,21255.0,2.0,66,8,26,4,current_internal_low,internal,0.0,4.0,21255.0,21255.0,21255.0,2.418927383992676,active_bull_internal_ob,internal,1.0,54.0,20620.0,20745.0,20682.5,0.0385486435696044,20948.0,20948.0,20675.0,20753.0,53522.0,153221.0,0,0,0,0,0,0,,21500.0,2,above,3.599479593311811,22051.0,False,,21255.0,4,above,2.418927383992676,21050.0,True,2.0,20150.0,130.0,below,2.9056040090589312,18993.0,True,113.0,19523.0,120.0,below,5.926853948826675,17555.0,False,,3536,2026-05-14 15:00:00,405.0,1,1,BOS,1,20556.0,32.0,BOS,1,21564.0,9.0,38,3,9,1,active_bull_internal_ob,internal,1.0,9.0,21050.0,21247.0,21148.5,1.4311183925215631,current_swing_high,swing,0.0,118.0,20556.0,20556.0,20556.0,0.9492603479015082,21371.0,21442.0,21336.0,21387.0,34278.0,152005.0,0,0,0,0,0,0,,22051.0,2.0,above,6.254517419168313,21564.0,False,,21050.0,7.0,above,1.4311183925215631,20532.0,False,,20556.0,118.0,below,0.9492603479015082,19157.0,True,32.0,17555.0,26.0,below,15.409820266949357,17266.0,False,,0.0024544613713040064,0.0033673304860339925,0.0010606499885472687,0.0010606499885472687,0.0033673304860339925,0.0024544613713040064,0.0033673304860339925,0.0010606499885472687,True,-0.005120784136780188,0.0034633735133837718,0.0058475459604778735,0.0058475459604778735,0.0034633735133837718,-0.005120784136780188,0.0034633735133837718,0.0058475459604778735,True,0.0023102479351688743,0.0035113915681819208,0.0058475459604778735,0.0058475459604778735,0.0035113915681819208,0.0023102479351688743,0.0035113915681819208,0.0058475459604778735,True,0.005142635033104526,0.007823601786361323,0.0058475459604778735,0.0058475459604778735,0.007823601786361323,0.005142635033104526,0.007823601786361323,0.0058475459604778735,True,0.0066276296773892795,0.00987733385150058,0.0058475459604778735,0.0058475459604778735,0.00987733385150058,0.0066276296773892795,0.00987733385150058,0.0058475459604778735,True
AG:35673:I:1:35661:35666,AG,2026-05-15 00:05:00,35673,1,internal,7,20772.0,20830.0,20772.0,20830.0,False,0.2784445511281805,0.3448275862068966,35661,2026-05-14T23:00:00,35666,2026-05-14T23:25:00,35673,2026-05-15T00:00:00,False,True,True,35703.0,35673,2026-05-15 00:05:00,0.0,-1,1,CHoCH,-1,21050.0,33.0,CHoCH,1,20916.0,7.0,71,15,41,5,current_internal_high,internal,0.0,1.0,20959.0,20959.0,20959.0,0.6192990878540566,current_internal_low,internal,0.0,7.0,20772.0,20772.0,20772.0,0.2784445511281805,20871.0,20897.0,20810.0,20830.0,4792.0,151749.0,1,1,1,0,1,0,active_bull_internal_ob,20959.0,1,above,0.6192990878540566,20916.0,False,,20772.0,7,below,0.2784445511281805,20632.0,False,,22051.0,58.0,above,5.86173787806049,21564.0,False,,21050.0,115.0,above,1.056168987037926,20532.0,True,33.0,4,11890,2026-05-15 00:00:00,5.0,1,-1,BOS,1,20150.0,122.0,CHoCH,-1,21255.0,11.0,66,8,26,4,active_bear_internal_ob,internal,-1.0,11.0,21371.0,21500.0,21435.5,2.597215554488718,active_bull_internal_ob,internal,1.0,63.0,20620.0,20745.0,20682.5,0.40806529044647144,20891.0,20908.0,20840.0,20872.0,9000.0,151891.0,0,0,0,0,0,0,,21500.0,11,above,3.216514642342775,22051.0,False,,20632.0,3,below,0.9505520883341334,21255.0,False,,20150.0,139.0,below,3.2645223235717715,18993.0,True,122.0,19523.0,129.0,below,6.274603936629861,17555.0,False,,3539,2026-05-15 00:00:00,5.0,1,-1,BOS,1,20556.0,35.0,CHoCH,-1,21050.0,2.0,37,4,9,1,current_internal_low,internal,0.0,10.0,21050.0,21050.0,21050.0,1.056168987037926,current_swing_high,swing,0.0,121.0,20556.0,20556.0,20556.0,1.315410465674508,20782.0,20959.0,20772.0,20872.0,46677.0,151891.0,0,0,0,0,0,0,,22051.0,5.0,above,5.86173787806049,21564.0,False,,21050.0,10.0,above,1.056168987037926,20532.0,True,2.0,20556.0,121.0,below,1.315410465674508,19157.0,True,35.0,17555.0,29.0,below,15.7225156024964,17266.0,False,,0.0012953058972442477,0.0013432479832129474,0.0005762305081411512,0.0005762305081411512,0.0013432479832129474,0.0012953058972442477,0.0013432479832129474,0.0005762305081411512,True,0.0034504275378672844,0.00392871337059475,0.0005762305081411512,0.0005762305081411512,0.00392871337059475,0.0034504275378672844,0.00392871337059475,0.0005762305081411512,True,-0.00033609410951385144,0.00392871337059475,0.0005762305081411512,0.0005762305081411512,0.00392871337059475,-0.00033609410951385144,0.00392871337059475,0.0005762305081411512,True,0.001678778244000867,0.00392871337059475,0.0026437874413307583,0.0026437874413307583,0.00392871337059475,0.001678778244000867,0.00392871337059475,0.0026437874413307583,True,-0.0019220610405259464,0.00392871337059475,0.0026437874413307583,0.0026437874413307583,0.00392871337059475,-0.0019220610405259464,0.00392871337059475,0.0026437874413307583,True
AG:35697:I:1:35687:35693,AG,2026-05-15 02:05:00,35697,1,internal,4,20813.0,20841.0,20813.0,20841.0,False,0.13467365687076138,1.0,35687,2026-05-15T01:10:00,35693,2026-05-15T01:40:00,35697,2026-05-15T02:00:00,True,False,False,35697.0,35697,2026-05-15 02:05:00,0.0,-1,-1,CHoCH,-1,21050.0,57.0,CHoCH,-1,20813.0,0.0,71,16,41,5,current_internal_low,internal,0.0,5.0,20813.0,20813.0,20813.0,0.1058150161127411,active_bull_swing_ob,swing,1.0,214.0,20563.0,20675.0,20619.0,0.5579337213217257,20864.0,20864.0,20777.0,20791.0,3922.0,150925.0,1,1,1,0,1,0,active_bull_internal_ob,20883.0,6,above,0.44249915828964453,20913.0,True,4.0,20813.0,5,above,0.1058150161127411,20776.0,True,0.0,22051.0,82.0,above,6.060314559184262,21564.0,False,,21050.0,139.0,above,1.2457313260545428,20532.0,True,57.0,4,11898,2026-05-15 02:00:00,5.0,1,-1,BOS,1,20150.0,130.0,CHoCH,-1,21255.0,19.0,66,8,26,4,current_internal_high,internal,0.0,4.0,20959.0,20959.0,20959.0,0.8080419412245684,current_internal_low,internal,0.0,0.0,20776.0,20776.0,20776.0,0.07214660189505075,20886.0,20889.0,20861.0,20864.0,2512.0,150986.0,0,0,0,0,0,0,,20959.0,4,above,0.8080419412245684,21500.0,False,,20776.0,0,below,0.07214660189505075,20632.0,False,,20150.0,147.0,below,3.083064787648502,18993.0,True,130.0,19523.0,137.0,below,6.098792746861623,17555.0,False,,3541,2026-05-15 02:00:00,5.0,1,-1,BOS,1,20556.0,37.0,CHoCH,-1,21050.0,4.0,37,4,9,1,current_internal_low,internal,0.0,12.0,21050.0,21050.0,21050.0,1.2457313260545428,current_swing_high,swing,0.0,123.0,20556.0,20556.0,20556.0,1.1302967630224616,20850.0,20896.0,20813.0,20864.0,16456.0,150986.0,0,0,0,0,0,0,,22051.0,7.0,above,6.060314559184262,21564.0,False,,21050.0,12.0,above,1.2457313260545428,20532.0,True,4.0,20556.0,123.0,below,1.1302967630224616,19157.0,True,37.0,17555.0,31.0,below,15.56442691549228,17266.0,False,,0.001249879981962465,0.0021622668972796077,0.0001924279603766621,0.0001924279603766621,0.0021622668972796077,0.001249879981962465,0.0021622668972796077,0.0001924279603766621,True,0.002210264209439927,0.002642136381991733,0.0001924279603766621,0.0001924279603766621,0.002642136381991733,0.002210264209439927,0.002642136381991733,0.0001924279603766621,True,-0.027455095184997447,0.002642136381991733,0.029682432953398674,0.029682432953398674,0.002642136381991733,-0.027455095184997447,0.002642136381991733,0.029682432953398674,False,-0.03899177211998861,0.002642136381991733,0.04295078403136898,0.04295078403136898,0.002642136381991733,-0.03899177211998861,0.002642136381991733,0.04295078403136898,False,-0.0396421786469805,0.002642136381991733,0.047883845479901765,0.047883845479901765,0.002642136381991733,-0.0396421786469805,0.002642136381991733,0.047883845479901765,False
AG:35730:I:1:35291:35304,AG,2026-05-15 13:35:00,35730,1,internal,426,19682.0,19742.0,19682.0,19742.0,False,0.30845157310302285,1.0,35291,2026-05-11T13:55:00,35304,2026-05-11T21:00:00,35730,2026-05-15T13:30:00,True,False,False,35730.0,35730,2026-05-15 13:35:00,0.0,-1,-1,BOS,-1,20632.0,27.0,BOS,-1,19822.0,0.0,68,17,39,6,current_internal_low,internal,0.0,11.0,19822.0,19822.0,19822.0,1.9021180341353072,active_bull_internal_ob,internal,1.0,658.0,19231.0,19288.0,19259.5,0.8431009664815957,19768.0,19768.0,19404.0,19452.0,29151.0,140171.0,0,0,0,0,0,0,,20096.0,2,above,3.3107135513057786,20896.0,False,,19822.0,11,above,1.9021180341353072,20813.0,True,0.0,20959.0,13.0,above,7.747275344437591,22051.0,False,,20632.0,32.0,above,6.066214271026116,21050.0,True,27.0,2,11909,2026-05-15 11:30:00,125.0,1,-1,BOS,1,20150.0,141.0,BOS,-1,20776.0,8.0,65,9,26,4,active_bull_swing_ob,swing,1.0,141.0,19523.0,19702.0,19612.5,0.3650010281719103,active_bull_internal_ob,internal,1.0,217.0,19208.0,19324.0,19266.0,0.6580300226197819,20037.0,20042.0,19928.0,19936.0,11714.0,139610.0,0,0,0,0,0,0,,20896.0,7,above,7.423401192679416,20959.0,False,,19817.0,0,above,1.8764137363767222,20776.0,False,,22051.0,4.0,above,13.361093974912604,20150.0,False,,19523.0,148.0,above,0.3650010281719103,17555.0,False,,3545,2026-05-15 11:30:00,125.0,1,-1,BOS,1,20556.0,41.0,CHoCH,-1,21050.0,8.0,37,4,9,1,active_bull_internal_ob,internal,1.0,41.0,19579.0,19948.0,19763.5,0.652889163068065,active_bull_swing_ob,swing,1.0,212.0,17266.0,17864.0,17565.0,8.16368496812667,20022.0,20088.0,19928.0,19936.0,19004.0,139610.0,0,0,0,0,0,0,,22051.0,11.0,above,13.361093974912604,21564.0,False,,21050.0,16.0,above,8.21509356364384,20532.0,True,8.0,20556.0,127.0,above,5.67550894509562,19157.0,True,41.0,17555.0,35.0,below,9.752210569607238,17266.0,False,,-0.005930145005196508,0.0007709109979625595,0.00857133352108086,0.00857133352108086,0.0007709109979625595,-0.005930145005196508,0.0007709109979625595,0.00857133352108086,True,-0.011375510463768279,0.0007709109979625595,0.013822599910255917,0.013822599910255917,0.0007709109979625595,-0.011375510463768279,0.0007709109979625595,0.013822599910255917,True,-0.011115533860197147,0.0007709109979625595,0.013822599910255917,0.013822599910255917,0.0007709109979625595,-0.011115533860197147,0.0007709109979625595,0.013822599910255917,True,-0.00924569484867277,0.0007709109979625595,0.01915399451625177,0.01915399451625177,0.0007709109979625595,-0.00924569484867277,0.0007709109979625595,0.01915399451625177,True,-0.029055586973274927,0.0007709109979625595,0.03452225663908237,0.03452225663908237,0.0007709109979625595,-0.029055586973274927,0.0007709109979625595,0.03452225663908237,False
AG:35731:I:1:35069:35072,AG,2026-05-15 13:40:00,35731,1,internal,659,19231.0,19288.0,19231.0,19288.0,False,0.2948021722265322,0.07017543859649122,35069,2026-05-07T13:55:00,35072,2026-05-07T14:10:00,35731,2026-05-15T13:35:00,False,True,True,35732.0,35731,2026-05-15 13:40:00,0.0,-1,-1,BOS,-1,20632.0,28.0,BOS,-1,19822.0,1.0,68,17,39,6,current_internal_low,internal,0.0,12.0,19822.0,19822.0,19822.0,2.5187483837600206,active_bull_internal_ob,internal,1.0,659.0,19231.0,19288.0,19259.5,0.2430824928885441,19450.0,19465.0,19284.0,19335.0,23887.0,140100.0,0,0,0,0,0,0,,20096.0,3,above,3.935867597620895,20896.0,False,,19822.0,12,above,2.5187483837600206,20813.0,True,1.0,20959.0,14.0,above,8.399275924489267,22051.0,False,,20632.0,33.0,above,6.7080424101370575,21050.0,True,28.0,2,11909,2026-05-15 11:30:00,130.0,1,-1,BOS,1,20150.0,141.0,BOS,-1,20776.0,8.0,65,9,26,4,active_bull_swing_ob,swing,1.0,141.0,19523.0,19702.0,19612.5,0.9723299715541764,active_bull_internal_ob,internal,1.0,217.0,19208.0,19324.0,19266.0,0.05689164727178691,20037.0,20042.0,19928.0,19936.0,11714.0,139610.0,0,0,0,0,0,0,,20896.0,7,above,8.073441944659942,20959.0,False,,19817.0,0,above,2.4928885440910267,20776.0,False,,22051.0,4.0,above,14.047064908197568,20150.0,False,,19523.0,148.0,above,0.9723299715541764,17555.0,False,,3545,2026-05-15 11:30:00,130.0,1,-1,BOS,1,20556.0,41.0,CHoCH,-1,21050.0,8.0,37,4,9,1,active_bull_internal_ob,internal,1.0,41.0,19579.0,19948.0,19763.5,1.2619601758469097,active_bull_swing_ob,swing,1.0,212.0,17266.0,17864.0,17565.0,7.60796483061805,20022.0,20088.0,19928.0,19936.0,19004.0,139610.0,0,0,0,0,0,0,,22051.0,11.0,above,14.047064908197568,21564.0,False,,21050.0,16.0,above,8.86992500646496,20532.0,True,8.0,20556.0,127.0,above,6.314972847168347,19157.0,True,41.0,17555.0,35.0,below,9.206102922161882,17266.0,False,,-0.0032111069647076107,0.0011369510268668392,0.006068325979070366,0.006068325979070366,0.0011369510268668392,-0.0032111069647076107,0.0011369510268668392,0.006068325979070366,True,-0.0020186864693219064,0.0011369510268668392,0.008099312225962052,0.008099312225962052,0.0011369510268668392,-0.0020186864693219064,0.0011369510268668392,0.008099312225962052,True,-0.009612211280733973,0.0011369510268668392,0.011755050577701098,0.011755050577701098,0.0011369510268668392,-0.009612211280733973,0.0011369510268668392,0.011755050577701098,True,-0.004924458542955534,0.0011369510268668392,0.013430706831957906,0.013430706831957906,0.0011369510268668392,-0.004924458542955534,0.0011369510268668392,0.013430706831957906,True,-0.03077004276237716,0.0011369510268668392,0.03194387706640711,0.03194387706640711,0.0011369510268668392,-0.03077004276237716,0.0011369510268668392,0.03194387706640711,False
AG:35737:S:1:35037:35039,AG,2026-05-15 14:10:00,35737,1,swing,698,19077.0,19150.0,19077.0,19150.0,False,0.3811214367756082,0.5068493150684932,35037,2026-05-07T09:00:00,35039,2026-05-07T09:10:00,35737,2026-05-15T14:05:00,False,True,True,35748.0,35737,2026-05-15 14:10:00,0.0,-1,-1,BOS,-1,20632.0,34.0,BOS,-1,19822.0,7.0,67,17,39,6,current_internal_low,internal,0.0,18.0,19822.0,19822.0,19822.0,3.4875221885767984,active_bull_swing_ob,swing,1.0,698.0,19077.0,19150.0,19113.5,0.020883366398663464,19235.0,19265.0,19113.0,19154.0,9128.0,139316.0,0,0,0,0,0,0,,20096.0,9,above,4.918032786885246,20896.0,False,,19822.0,18,above,3.4875221885767984,20813.0,True,7.0,20959.0,20.0,above,9.423619087396888,22051.0,False,,20632.0,39.0,above,7.71640388430615,21050.0,True,34.0,2,11911,2026-05-15 14:00:00,10.0,-1,-1,CHoCH,-1,19523.0,1.0,BOS,-1,19817.0,1.0,63,10,25,5,current_swing_low,swing,0.0,150.0,19523.0,19523.0,19523.0,1.9264905502767045,active_bull_internal_ob,internal,1.0,270.0,17841.0,17916.0,17878.5,6.4634019003863425,19278.0,19336.0,19183.0,19210.0,33942.0,139835.0,0,0,0,0,0,0,,20896.0,9,above,9.094706066617938,20959.0,False,,19817.0,2,above,3.461417980578469,20776.0,True,1.0,22051.0,6.0,above,15.124778114232015,20150.0,False,,19523.0,150.0,above,1.9264905502767045,17555.0,True,1.0,3546,2026-05-15 14:00:00,10.0,1,-1,BOS,1,20556.0,42.0,CHoCH,-1,21050.0,9.0,36,4,9,1,current_swing_high,swing,0.0,128.0,20556.0,20556.0,20556.0,7.319619922731545,active_bull_swing_ob,swing,1.0,213.0,17266.0,17864.0,17565.0,6.734885663568968,19768.0,19768.0,19183.0,19210.0,104306.0,139835.0,0,0,0,0,0,0,,22051.0,12.0,above,15.124778114232015,21564.0,False,,21050.0,17.0,above,9.898715672966482,20532.0,True,9.0,20556.0,128.0,above,7.319619922731545,19157.0,True,42.0,17555.0,36.0,below,8.34812571786572,17266.0,False,,0.0041159825738024125,0.004427897735407527,0.0038184955512239327,0.0038184955512239327,0.004427897735407527,0.0041159825738024125,0.004427897735407527,0.0038184955512239327,True,0.00593411766854679,0.008629257684944491,0.0038184955512239327,0.0038184955512239327,0.008629257684944491,0.00593411766854679,0.008629257684944491,0.0038184955512239327,True,0.004687752737778439,0.008629257684944491,0.0038184955512239327,0.0038184955512239327,0.008629257684944491,0.004687752737778439,0.008629257684944491,0.0038184955512239327,True,-0.017644573316712098,0.008629257684944491,0.01892069408328645,0.01892069408328645,0.008629257684944491,-0.017644573316712098,0.008629257684944491,0.01892069408328645,False,-0.022491840910818794,0.008629257684944491,0.02575431204896894,0.02575431204896894,0.008629257684944491,-0.022491840910818794,0.008629257684944491,0.02575431204896894,False
AG:35748:I:1:34967:34971,AG,2026-05-15 21:05:00,35748,1,internal,777,18823.0,18860.0,18823.0,18860.0,False,0.1954569466455362,0.0,34967,2026-05-06T14:40:00,34971,2026-05-06T21:00:00,35748,2026-05-15T21:00:00,False,True,True,35749.0,35748,2026-05-15 21:05:00,0.0,-1,-1,BOS,-1,20632.0,45.0,BOS,-1,19081.0,0.0,66,18,38,6,current_internal_low,internal,0.0,5.0,19081.0,19081.0,19081.0,0.797675647120972,active_bull_internal_ob,internal,1.0,777.0,18823.0,18860.0,18841.5,0.369783412572636,18981.0,18981.0,18860.0,18930.0,23484.0,136514.0,0,0,0,0,0,0,,19320.0,4,above,2.0602218700475436,20096.0,False,,19081.0,5,above,0.797675647120972,19822.0,True,0.0,20959.0,31.0,above,10.718436344426836,22051.0,False,,20632.0,50.0,above,8.991019545694664,21050.0,True,45.0,4,11915,2026-05-15 15:00:00,365.0,-1,-1,CHoCH,-1,19523.0,5.0,BOS,-1,19817.0,5.0,63,10,25,5,current_swing_low,swing,0.0,154.0,19523.0,19523.0,19523.0,3.1325937665081884,active_bull_internal_ob,internal,1.0,274.0,17841.0,17916.0,17878.5,5.356576862123613,19249.0,19285.0,19186.0,19199.0,16949.0,133809.0,0,0,0,0,0,0,,20096.0,3,above,6.159535129424194,20896.0,False,,19817.0,6,above,4.685684099313259,20776.0,True,5.0,22051.0,10.0,above,16.48705758055996,20150.0,False,,19523.0,154.0,above,3.1325937665081884,17555.0,True,5.0,3547,2026-05-15 15:00:00,365.0,1,-1,BOS,1,20556.0,43.0,CHoCH,-1,21050.0,10.0,36,4,9,1,current_swing_high,swing,0.0,129.0,20556.0,20556.0,20556.0,8.589540412044375,active_bull_swing_ob,swing,1.0,214.0,17266.0,17864.0,17565.0,5.631273111463286,19208.0,19320.0,19081.0,19199.0,76347.0,133809.0,0,0,0,0,0,0,,22051.0,13.0,above,16.48705758055996,21564.0,False,,21050.0,18.0,above,11.199154780771263,20532.0,True,10.0,20556.0,129.0,above,8.589540412044375,19157.0,True,43.0,17555.0,37.0,below,7.263602746962492,17266.0,False,,-0.005880967438514517,0.004322393530532764,0.0071570882050888684,0.0071570882050888684,0.004322393530532764,-0.005880967438514517,0.004322393530532764,0.0071570882050888684,True,-0.0004755488716075007,0.004322393530532764,0.007423151795856953,0.007423151795856953,0.004322393530532764,-0.0004755488716075007,0.004322393530532764,0.007423151795856953,True,-0.0019564821300495083,0.004322393530532764,0.007423151795856953,0.007423151795856953,0.004322393530532764,-0.0019564821300495083,0.004322393530532764,0.007423151795856953,True,-0.009234263993890934,0.004322393530532764,0.013990706170771361,0.013990706170771361,0.004322393530532764,-0.009234263993890934,0.004322393530532764,0.013990706170771361,True,-0.006678352059346082,0.004322393530532764,0.013990706170771361,0.013990706170771361,0.004322393530532764,-0.006678352059346082,0.004322393530532764,0.013990706170771361,True
AG:35756:I:1:34954:34955,AG,2026-05-15 21:45:00,35756,1,internal,801,18686.0,18729.0,18686.0,18729.0,False,0.22989734816082122,0.7906976744186046,34954,2026-05-06T13:35:00,34955,2026-05-06T13:40:00,35756,2026-05-15T21:40:00,False,True,True,35757.0,35756,2026-05-15 21:45:00,0.0,-1,-1,BOS,-1,20632.0,53.0,BOS,-1,19081.0,8.0,65,18,38,6,current_internal_low,internal,0.0,13.0,19081.0,19081.0,19081.0,2.015611633875107,active_bull_internal_ob,internal,1.0,812.0,18472.0,18532.0,18502.0,0.9195893926432849,18758.0,18795.0,18695.0,18704.0,11659.0,137905.0,1,1,1,0,1,0,active_bull_internal_ob,19320.0,12,above,3.293413173652695,20096.0,False,,19081.0,13,above,2.015611633875107,19822.0,True,8.0,20959.0,39.0,above,12.056244653550042,22051.0,False,,20632.0,58.0,above,10.307955517536357,21050.0,True,53.0,4,11918,2026-05-15 21:45:00,0.0,-1,-1,CHoCH,-1,19523.0,8.0,BOS,-1,19817.0,8.0,63,10,25,5,current_swing_low,swing,0.0,157.0,19523.0,19523.0,19523.0,4.378742514970059,active_bull_internal_ob,internal,1.0,277.0,17841.0,17916.0,17878.5,4.213002566295979,18914.0,18930.0,18695.0,18704.0,33030.0,137905.0,0,0,0,0,0,0,,20096.0,6,above,7.442258340461934,20896.0,False,,19817.0,9,above,5.950598802395209,20776.0,True,8.0,22051.0,13.0,above,17.894568006843457,20150.0,False,,19523.0,157.0,above,4.378742514970059,17555.0,True,8.0,3547,2026-05-15 15:00:00,405.0,1,-1,BOS,1,20556.0,43.0,CHoCH,-1,21050.0,10.0,36,4,9,1,current_swing_high,swing,0.0,129.0,20556.0,20556.0,20556.0,9.901625320786996,active_bull_swing_ob,swing,1.0,214.0,17266.0,17864.0,17565.0,4.491017964071856,19208.0,19320.0,19081.0,19199.0,76347.0,133809.0,0,0,0,0,0,0,,22051.0,13.0,above,17.894568006843457,21564.0,False,,21050.0,18.0,above,12.542771599657826,20532.0,True,10.0,20556.0,129.0,above,9.901625320786996,19157.0,True,43.0,17555.0,37.0,below,6.143071000855432,17266.0,False,,0.0033627830669935577,0.0034693531102565345,0.001926679750404503,0.001926679750404503,0.0034693531102565345,0.0033627830669935577,0.0034693531102565345,0.001926679750404503,True,0.004427972771459565,0.007298330347353499,0.001926679750404503,0.001926679750404503,0.007298330347353499,0.004427972771459565,0.007298330347353499,0.001926679750404503,True,0.006129919783710136,0.007775923288056319,0.001926679750404503,0.001926679750404503,0.007775923288056319,0.006129919783710136,0.007775923288056319,0.001926679750404503,True,0.006554954324164086,0.01137704988266286,0.001926679750404503,0.001926679750404503,0.01137704988266286,0.006554954324164086,0.01137704988266286,0.001926679750404503,True,0.0048537311600096444,0.01137704988266286,0.001926679750404503,0.001926679750404503,0.01137704988266286,0.0048537311600096444,0.01137704988266286,0.001926679750404503,True
AG:35791:I:-1:35772:35782,AG,2026-05-16 00:40:00,35791,-1,internal,9,18803.0,18880.0,18803.0,18880.0,False,0.4100979974435449,0.09090909090909091,35772,2026-05-15T23:00:00,35782,2026-05-15T23:50:00,35791,2026-05-16T00:35:00,False,True,True,35800.0,35791,2026-05-16 00:40:00,0.0,-1,-1,BOS,-1,20632.0,88.0,BOS,-1,18743.0,9.0,64,19,38,6,active_bear_internal_ob,internal,-1.0,9.0,18803.0,18880.0,18841.5,0.1438005965061781,current_internal_low,internal,0.0,0.0,18677.0,18677.0,18677.0,0.5272688538559863,18795.0,18810.0,18766.0,18776.0,2178.0,136473.0,0,0,0,0,0,0,,18880.0,14,above,0.5538985939497231,18917.0,False,,18677.0,0,below,0.5272688538559863,18743.0,False,,20959.0,74.0,above,11.626544524925436,22051.0,False,,20632.0,93.0,above,9.884959522795057,21050.0,True,88.0,4,11929,2026-05-16 00:30:00,10.0,-1,-1,CHoCH,-1,19523.0,19.0,BOS,-1,19817.0,19.0,63,10,25,5,current_internal_high,internal,0.0,3.0,18917.0,18917.0,18917.0,0.7509586706433745,current_internal_low,internal,0.0,5.0,18667.0,18667.0,18667.0,0.5805283340434597,18712.0,18796.0,18701.0,18766.0,8729.0,136711.0,0,0,0,0,0,0,,18917.0,3,above,0.7509586706433745,20096.0,False,,18667.0,5,below,0.5805283340434597,19817.0,False,,22051.0,24.0,above,17.44247976139753,20150.0,False,,19523.0,168.0,above,3.9784831700042607,17555.0,True,19.0,3550,2026-05-16 00:00:00,40.0,1,-1,BOS,1,20556.0,46.0,CHoCH,-1,21050.0,13.0,36,4,9,1,current_swing_high,swing,0.0,132.0,20556.0,20556.0,20556.0,9.48018747337026,active_bull_swing_ob,swing,1.0,217.0,17266.0,17864.0,17565.0,4.857264593097571,18865.0,18880.0,18707.0,18758.0,42258.0,136950.0,0,0,0,0,0,0,,22051.0,16.0,above,17.44247976139753,21564.0,False,,21050.0,21.0,above,12.111205794631443,20532.0,True,13.0,20556.0,132.0,above,9.48018747337026,19157.0,True,46.0,17555.0,40.0,below,6.502982530890498,17266.0,False,,0.000745434249948218,0.0019157093981387874,0.0006393862110414261,0.0006393862110414261,0.0019157093981387874,-0.000745434249948218,0.0006393862110414261,0.0019157093981387874,True,-0.0006926868533270181,0.0019157093981387874,0.0006926868533270181,0.0006926868533270181,0.0019157093981387874,0.0006926868533270181,0.0006926868533270181,0.0019157093981387874,True,0.0034562552684374026,0.004358231719029604,0.0007459903367212917,0.0007459903367212917,0.004358231719029604,-0.0034562552684374026,0.0007459903367212917,0.004358231719029604,True,0.009383766669872173,0.011439590909393615,0.0007459903367212917,0.0007459903367212917,0.011439590909393615,-0.009383766669872173,0.0007459903367212917,0.011439590909393615,True,-0.025025575228379893,0.011439590909393615,0.032535957815674976,0.032535957815674976,0.011439590909393615,0.025025575228379893,0.032535957815674976,0.011439590909393615,False
AG:35814:I:1:34941:34944,AG,2026-05-18 09:05:00,35814,1,internal,870,18472.0,18532.0,18472.0,18532.0,False,0.3274215552523874,0.43333333333333335,34941,2026-05-06T10:30:00,34944,2026-05-06T10:45:00,35814,2026-05-18T09:00:00,True,False,False,35814.0,35814,2026-05-18 09:05:00,0.0,-1,-1,BOS,-1,18667.0,0.0,CHoCH,-1,18845.0,0.0,63,19,38,7,current_swing_low,swing,0.0,7.0,18667.0,18667.0,18667.0,1.8663028649386084,active_bull_internal_ob,internal,1.0,896.0,17889.0,17917.0,17903.0,2.2264665757162345,18498.0,18498.0,18232.0,18325.0,32835.0,134629.0,0,0,0,0,0,0,,18990.0,8,above,3.6289222373806274,18880.0,False,,18845.0,2,above,2.8376534788540244,18677.0,True,0.0,20959.0,97.0,above,14.37380627557981,22051.0,False,,18667.0,7.0,above,1.8663028649386084,20632.0,True,0.0,2,11937,2026-05-16 02:30:00,3275.0,-1,1,CHoCH,-1,19523.0,27.0,CHoCH,1,18917.0,4.0,64,10,25,5,active_bull_internal_ob,internal,1.0,4.0,18677.0,18775.0,18726.0,1.9208731241473396,active_bull_internal_ob,internal,1.0,296.0,17841.0,17916.0,17878.5,2.231923601637108,18922.0,18933.0,18849.0,18889.0,7459.0,133377.0,0,0,0,0,0,0,,18917.0,11,above,3.2305593451568893,20096.0,True,4.0,18677.0,4,above,1.9208731241473396,18667.0,False,,22051.0,32.0,above,20.33287858117326,20150.0,False,,19523.0,176.0,above,6.537517053206003,17555.0,True,27.0,3553,2026-05-16 02:30:00,3275.0,1,-1,BOS,1,20556.0,49.0,CHoCH,-1,21050.0,16.0,36,4,9,1,current_swing_high,swing,0.0,135.0,20556.0,20556.0,20556.0,12.17462482946794,active_bull_swing_ob,swing,1.0,220.0,17266.0,17864.0,17565.0,2.5156889495225103,18899.0,18933.0,18849.0,18889.0,12307.0,133377.0,0,0,0,0,0,0,,22051.0,19.0,above,20.33287858117326,21564.0,False,,21050.0,24.0,above,14.870395634379264,20532.0,True,16.0,20556.0,135.0,above,12.17462482946794,19157.0,True,49.0,17555.0,43.0,below,4.201909959072306,17266.0,False,,-0.0006005842226866065,0.0015816315914722878,0.00811096680998169,0.00811096680998169,0.0015816315914722878,-0.0006005842226866065,0.0015816315914722878,0.00811096680998169,True,-0.006461527245345877,0.0015816315914722878,0.010149029703878654,0.010149029703878654,0.0015816315914722878,-0.006461527245345877,0.0015816315914722878,0.010149029703878654,True,-0.004266498103024929,0.0015816315914722878,0.010149029703878654,0.010149029703878654,0.0015816315914722878,-0.004266498103024929,0.0015816315914722878,0.010149029703878654,True,0.005171909070419645,0.013337868516227758,0.010149029703878654,0.010149029703878654,0.013337868516227758,0.005171909070419645,0.013337868516227758,0.010149029703878654,True,0.0027253914176927907,0.013337868516227758,0.010149029703878654,0.010149029703878654,0.013337868516227758,0.0027253914176927907,0.013337868516227758,0.010149029703878654,False
AG:35859:S:-1:35801:35814,AG,2026-05-18 21:05:00,35859,-1,swing,45,18929.0,18990.0,18929.0,18990.0,False,0.3213570751238015,0.819672131147541,35801,2026-05-16T01:25:00,35814,2026-05-18T09:00:00,35859,2026-05-18T21:00:00,True,False,False,35859.0,35859,2026-05-18 21:05:00,0.0,-1,1,BOS,-1,18667.0,45.0,CHoCH,1,18515.0,1.0,64,18,38,6,current_swing_high,swing,0.0,8.0,18990.0,18990.0,18990.0,0.04214519018017068,current_swing_low,swing,0.0,52.0,18667.0,18667.0,18667.0,1.6594668633442209,18949.0,19098.0,18940.0,18982.0,33262.0,201622.0,0,0,0,0,0,0,,18515.0,13,below,2.460225476767464,18516.0,True,1.0,18351.0,6,below,3.324201875460963,18343.0,False,,18990.0,8.0,above,0.04214519018017068,20959.0,False,,18667.0,52.0,below,1.6594668633442209,20632.0,True,45.0,4,11952,2026-05-18 15:00:00,365.0,-1,1,CHoCH,-1,19523.0,42.0,CHoCH,1,18567.0,0.0,64,11,25,5,current_swing_low,swing,0.0,191.0,19523.0,19523.0,19523.0,2.8500684859340426,current_internal_high,internal,0.0,6.0,18567.0,18567.0,18567.0,2.186281740596354,18459.0,18580.0,18455.0,18576.0,12701.0,130144.0,1,1,0,1,1,0,active_bear_internal_ob,18567.0,6,below,2.186281740596354,18990.0,True,0.0,18343.0,1,below,3.3663470656411336,18136.0,False,,22051.0,47.0,above,16.16794858286798,20150.0,False,,19523.0,191.0,above,2.8500684859340426,17555.0,True,42.0,3558,2026-05-18 15:00:00,365.0,1,-1,BOS,1,20556.0,54.0,CHoCH,-1,21050.0,21.0,36,4,9,1,current_swing_high,swing,0.0,140.0,20556.0,20556.0,20556.0,8.292066167948583,active_bull_swing_ob,swing,1.0,225.0,17266.0,17864.0,17565.0,5.8897903276788535,18385.0,18580.0,18351.0,18576.0,37910.0,130144.0,0,0,0,0,0,0,,22051.0,24.0,above,16.16794858286798,21564.0,False,,21050.0,29.0,above,10.894531661574122,20532.0,True,21.0,20556.0,140.0,above,8.292066167948583,19157.0,True,54.0,17555.0,48.0,below,7.517648298387947,17266.0,False,,0.0011583216163746357,0.0017369796719233221,0.0014234127400012397,0.0014234127400012397,0.0017369796719233221,-0.0011583216163746357,0.0014234127400012397,0.0017369796719233221,True,0.0019473177912239237,0.005044677014716115,0.0014234127400012397,0.0014234127400012397,0.005044677014716115,-0.0019473177912239237,0.0014234127400012397,0.005044677014716115,True,0.007975695547676409,0.008602654815861754,0.0014234127400012397,0.0014234127400012397,0.008602654815861754,-0.007975695547676409,0.0014234127400012397,0.008602654815861754,True,0.0043630316012279735,0.010637561990616717,0.0014234127400012397,0.0014234127400012397,0.010637561990616717,-0.0043630316012279735,0.0014234127400012397,0.010637561990616717,True,-0.013738447088284644,0.010637561990616717,0.015663066768182077,0.015663066768182077,0.010637561990616717,0.013738447088284644,0.015663066768182077,0.010637561990616717,True
AG:35910:I:1:35883:35898,AG,2026-05-19 01:20:00,35910,1,internal,12,18694.0,18844.0,18694.0,18844.0,False,0.7947440924022464,0.02666666666666667,35883,2026-05-18T23:00:00,35898,2026-05-19T00:15:00,35910,2026-05-19T01:15:00,False,True,True,35938.0,35910,2026-05-19 01:20:00,0.0,1,1,CHoCH,1,18990.0,50.0,BOS,1,18844.0,12.0,65,18,39,6,current_internal_high,internal,0.0,6.0,18876.0,18876.0,18876.0,0.01059658789869662,active_bull_internal_ob,internal,1.0,12.0,18694.0,18844.0,18769.0,0.15894881848044928,18849.0,18877.0,18840.0,18874.0,2511.0,211873.0,0,0,0,0,0,0,,18876.0,6,above,0.01059658789869662,18844.0,False,,18712.0,5,below,0.8583236197944263,18696.0,False,,18990.0,59.0,above,0.6146020981244039,20959.0,True,50.0,18136.0,43.0,below,3.9101409346190525,18667.0,False,,4,11969,2026-05-19 01:15:00,5.0,-1,1,CHoCH,-1,19523.0,59.0,CHoCH,1,18567.0,17.0,64,10,25,5,current_internal_high,internal,0.0,8.0,19185.0,19185.0,19185.0,1.6477694182473241,current_internal_low,internal,0.0,4.0,18687.0,18687.0,18687.0,0.9907809685281339,18822.0,18887.0,18807.0,18851.0,10537.0,211791.0,0,0,0,0,0,0,,19185.0,8,above,1.6477694182473241,18567.0,False,,18687.0,4,below,0.9907809685281339,18343.0,False,,22051.0,64.0,above,16.83267987707958,20150.0,False,,19523.0,208.0,above,3.4385927731270534,17555.0,True,59.0,3562,2026-05-19 01:00:00,20.0,1,-1,BOS,1,20556.0,58.0,CHoCH,-1,21050.0,25.0,36,4,9,1,current_swing_high,swing,0.0,144.0,20556.0,20556.0,20556.0,8.911730422803856,current_internal_low,internal,0.0,3.0,18136.0,18136.0,18136.0,3.9101409346190525,18829.0,18876.0,18712.0,18822.0,50603.0,211759.0,0,0,0,0,0,0,,22051.0,28.0,above,16.83267987707958,21564.0,False,,18136.0,3.0,below,3.9101409346190525,21050.0,False,,20556.0,144.0,above,8.911730422803856,19157.0,True,58.0,17555.0,52.0,below,6.98844971919042,17266.0,False,,-0.0015374423174208118,0.0003177966128440346,0.002121228986514012,0.002121228986514012,0.0003177966128440346,-0.0015374423174208118,0.0003177966128440346,0.002121228986514012,True,-0.002333599573987044,0.0003177966128440346,0.0030772520038802043,0.0030772520038802043,0.0003177966128440346,-0.002333599573987044,0.0003177966128440346,0.0030772520038802043,True,-0.002174317405287951,0.0003177966128440346,0.0030772520038802043,0.0030772520038802043,0.0003177966128440346,-0.002174317405287951,0.0003177966128440346,0.0030772520038802043,True,-0.003715108826655822,0.0003177966128440346,0.00483233821427298,0.00483233821427298,0.0003177966128440346,-0.003715108826655822,0.0003177966128440346,0.00483233821427298,True,0.0006884317268216478,0.009122851786113273,0.00483233821427298,0.00483233821427298,0.009122851786113273,0.0006884317268216478,0.009122851786113273,0.00483233821427298,False
AG:35931:I:1:35922:35925,AG,2026-05-19 09:35:00,35931,1,internal,6,18786.0,18818.0,18786.0,18818.0,False,0.16951846161996081,0.5,35922,2026-05-19T02:15:00,35925,2026-05-19T09:00:00,35931,2026-05-19T09:30:00,False,True,True,35938.0,35931,2026-05-19 09:35:00,0.0,1,1,CHoCH,1,18990.0,71.0,BOS,1,18887.0,6.0,66,18,39,6,current_internal_high,internal,0.0,0.0,19050.0,19050.0,19050.0,0.916459183132913,active_bull_internal_ob,internal,1.0,33.0,18694.0,18844.0,18769.0,0.17481591354558457,18856.0,18879.0,18802.0,18877.0,7040.0,211177.0,0,0,0,0,0,0,,19050.0,0,above,0.916459183132913,18887.0,False,,18786.0,4,below,0.4820681252317635,18712.0,False,,19185.0,12.0,above,1.6316151930921226,18990.0,False,,18687.0,1.0,below,1.0065158658685172,18136.0,False,,2,11976,2026-05-19 09:30:00,5.0,-1,1,CHoCH,-1,19523.0,66.0,BOS,1,18887.0,1.0,65,10,25,5,current_internal_high,internal,0.0,2.0,18887.0,18887.0,18887.0,0.05297451925623775,active_bull_internal_ob,internal,1.0,1.0,18786.0,18845.0,18815.5,0.16951846161996081,18960.0,18990.0,18828.0,18855.0,21745.0,211415.0,0,0,0,0,0,0,,18887.0,2,above,0.05297451925623775,19185.0,True,1.0,18687.0,11,below,1.0065158658685172,18343.0,False,,22051.0,71.0,above,16.814112411929862,20150.0,False,,19523.0,215.0,above,3.4221539439529587,17555.0,True,66.0,3564,2026-05-19 02:30:00,425.0,1,-1,BOS,1,20556.0,60.0,CHoCH,-1,21050.0,27.0,36,4,9,1,current_internal_high,internal,0.0,0.0,19185.0,19185.0,19185.0,1.6316151930921226,current_internal_low,internal,0.0,5.0,18136.0,18136.0,18136.0,3.925411876887217,18829.0,18845.0,18786.0,18840.0,10494.0,209377.0,0,0,0,0,0,0,,19185.0,0.0,above,1.6316151930921226,22051.0,False,,18136.0,5.0,below,3.925411876887217,21050.0,False,,20556.0,146.0,above,8.894421783122318,19157.0,True,60.0,17555.0,54.0,below,7.003231445674631,17266.0,False,,0.003015476428631203,0.003173934107557841,0.00015896145218263769,0.00015896145218263769,0.003173934107557841,0.003015476428631203,0.003173934107557841,0.00015896145218263769,True,0.0008473679142770862,0.0052843073715447275,0.00015896145218263769,0.00015896145218263769,0.0052843073715447275,0.0008473679142770862,0.0052843073715447275,0.00015896145218263769,True,-0.0019622927990585737,0.0052843073715447275,0.0028120458907139323,0.0028120458907139323,0.0052843073715447275,-0.0019622927990585737,0.0052843073715447275,0.0028120458907139323,True,-0.01177832253671518,0.0052843073715447275,0.013495337499515259,0.013495337499515259,0.0052843073715447275,-0.01177832253671518,0.0052843073715447275,0.013495337499515259,False,-0.01812447699644615,0.0052843073715447275,0.019960528921675547,0.019960528921675547,0.0052843073715447275,-0.01812447699644615,0.0052843073715447275,0.019960528921675547,False
AG:35957:I:-1:35949:35952,AG,2026-05-19 14:00:00,35957,-1,internal,5,18688.0,18733.0,18688.0,18733.0,False,0.24089935760171305,0.4444444444444444,35949,2026-05-19T11:15:00,35952,2026-05-19T13:30:00,35957,2026-05-19T13:55:00,False,True,True,35961.0,35957,2026-05-19 14:00:00,0.0,-1,-1,CHoCH,-1,18687.0,16.0,BOS,-1,18610.0,5.0,64,20,39,7,current_swing_low,swing,0.0,27.0,18687.0,18687.0,18687.0,0.03747323340471092,current_internal_low,internal,0.0,6.0,18610.0,18610.0,18610.0,0.3747323340471092,18627.0,18708.0,18616.0,18680.0,9928.0,214131.0,0,0,0,0,0,0,,18733.0,3,above,0.28372591006423986,18974.0,False,,18610.0,6,below,0.3747323340471092,18802.0,True,5.0,19185.0,38.0,above,2.703426124197002,18990.0,False,,18687.0,27.0,above,0.03747323340471092,18136.0,True,16.0,2,11985,2026-05-19 14:00:00,0.0,-1,-1,CHoCH,-1,19523.0,75.0,CHoCH,-1,18687.0,5.0,64,11,25,5,current_internal_low,internal,0.0,20.0,18687.0,18687.0,18687.0,0.03747323340471092,active_bull_internal_ob,internal,1.0,33.0,18343.0,18421.0,18382.0,1.386509635974304,18549.0,18708.0,18528.0,18680.0,21057.0,214131.0,0,0,0,0,0,0,,18887.0,11,above,1.1081370449678802,19185.0,True,10.0,18687.0,20,above,0.03747323340471092,18343.0,True,5.0,22051.0,80.0,above,18.046038543897218,20150.0,False,,19523.0,224.0,above,4.512847965738758,17555.0,True,75.0,3568,2026-05-19 14:00:00,0.0,1,-1,BOS,1,20556.0,64.0,CHoCH,-1,21050.0,31.0,36,4,9,1,current_internal_high,internal,0.0,4.0,19185.0,19185.0,19185.0,2.703426124197002,current_internal_low,internal,0.0,9.0,18136.0,18136.0,18136.0,2.9122055674518204,18620.0,18708.0,18501.0,18680.0,48621.0,214131.0,0,0,0,0,0,0,,19185.0,4.0,above,2.703426124197002,22051.0,False,,18136.0,9.0,below,2.9122055674518204,21050.0,False,,20556.0,150.0,above,10.042826552462527,19157.0,True,64.0,17555.0,58.0,below,6.022483940042826,17266.0,False,,-0.0003212679402224694,0.0009631850059719227,0.002841444077699151,0.002841444077699151,0.0009631850059719227,0.0003212679402224694,0.002841444077699151,0.0009631850059719227,True,0.0017651311047117701,0.002833393144129559,0.002841444077699151,0.002841444077699151,0.002833393144129559,-0.0017651311047117701,0.002841444077699151,0.002833393144129559,True,0.0008562102519107384,0.005126299473033669,0.002841444077699151,0.002841444077699151,0.005126299473033669,-0.0008562102519107384,0.002841444077699151,0.005126299473033669,True,0.0015513416864738616,0.005126299473033669,0.002841444077699151,0.002841444077699151,0.005126299473033669,-0.0015513416864738616,0.002841444077699151,0.005126299473033669,True,-0.025648688094069172,0.005126299473033669,0.041036161678539074,0.041036161678539074,0.005126299473033669,0.025648688094069172,0.041036161678539074,0.005126299473033669,False
AG:35970:I:1:35953:35961,AG,2026-05-19 21:05:00,35970,1,internal,9,18501.0,18567.0,18501.0,18567.0,False,0.3563907338409201,0.8333333333333334,35953,2026-05-19T13:35:00,35961,2026-05-19T14:15:00,35970,2026-05-19T21:00:00,False,True,True,35971.0,35970,2026-05-19 21:05:00,0.0,-1,1,CHoCH,-1,18687.0,29.0,CHoCH,1,18733.0,9.0,65,19,39,7,current_swing_low,swing,0.0,40.0,18687.0,18687.0,18687.0,0.9071764134132512,current_internal_low,internal,0.0,12.0,18501.0,18501.0,18501.0,0.0971974728657055,18651.0,18651.0,18512.0,18519.0,17935.0,216143.0,1,1,1,0,1,0,active_bull_internal_ob,18775.0,3,above,1.382364058534478,18733.0,False,,18501.0,12,below,0.0971974728657055,18610.0,False,,19185.0,51.0,above,3.5963064960311035,18990.0,False,,18687.0,40.0,above,0.9071764134132512,18136.0,True,29.0,4,11989,2026-05-19 15:00:00,365.0,-1,-1,CHoCH,-1,19523.0,79.0,CHoCH,-1,18687.0,9.0,64,11,25,5,current_internal_high,internal,0.0,15.0,18887.0,18887.0,18887.0,1.9871483341433123,current_internal_low,internal,0.0,0.0,18501.0,18501.0,18501.0,0.0971974728657055,18728.0,18728.0,18645.0,18708.0,13833.0,212402.0,0,0,0,0,0,0,,18887.0,15,above,1.9871483341433123,19185.0,True,14.0,18501.0,0,below,0.0971974728657055,18687.0,False,,22051.0,84.0,above,19.072304120092877,20150.0,False,,18136.0,0.0,below,2.0681462281980667,19523.0,False,,3569,2026-05-19 15:00:00,365.0,1,-1,BOS,1,20556.0,65.0,CHoCH,-1,21050.0,32.0,36,4,9,1,current_internal_high,internal,0.0,5.0,19185.0,19185.0,19185.0,3.5963064960311035,current_internal_low,internal,0.0,10.0,18136.0,18136.0,18136.0,2.0681462281980667,18679.0,18775.0,18626.0,18708.0,58838.0,212402.0,0,0,0,0,0,0,,19185.0,5.0,above,3.5963064960311035,22051.0,False,,18136.0,10.0,below,2.0681462281980667,21050.0,False,,20556.0,151.0,above,10.999514012635672,19157.0,True,65.0,17555.0,59.0,below,5.205464657918895,17266.0,False,,-0.00048597425293017693,0.00021591277207910764,0.00411122509180295,0.00411122509180295,0.00021591277207910764,-0.00048597425293017693,0.00021591277207910764,0.00411122509180295,True,-0.004057020142877121,0.0006475985115699245,0.004870403047032568,0.004870403047032568,0.0006475985115699245,-0.004057020142877121,0.0006475985115699245,0.004870403047032568,True,-0.02647567398402728,0.0006475985115699245,0.0325919010014637,0.0325919010014637,0.0006475985115699245,-0.02647567398402728,0.0006475985115699245,0.0325919010014637,True,-0.012275424361162024,0.0006475985115699245,0.03270345211987902,0.03270345211987902,0.0006475985115699245,-0.012275424361162024,0.0006475985115699245,0.03270345211987902,True,-0.01957052294534023,0.0006475985115699245,0.03270345211987902,0.03270345211987902,0.0006475985115699245,-0.01957052294534023,0.0006475985115699245,0.03270345211987902,True
AG:35974:I:1:35848:35858,AG,2026-05-19 21:25:00,35974,1,internal,116,18351.0,18424.0,18351.0,18424.0,False,0.40039491004826677,1.0,35848,2026-05-18T14:05:00,35858,2026-05-18T14:55:00,35974,2026-05-19T21:20:00,True,False,False,35974.0,35974,2026-05-19 21:25:00,0.0,-1,-1,CHoCH,-1,18687.0,33.0,CHoCH,-1,18501.0,1.0,63,20,39,7,current_internal_low,internal,0.0,16.0,18501.0,18501.0,18501.0,1.4754278192189556,active_bull_swing_ob,swing,1.0,114.0,18136.0,18214.0,18175.0,0.09872751206669592,18447.0,18465.0,18232.0,18232.0,28211.0,220570.0,0,0,0,0,0,0,,18775.0,7,above,2.9782799473453268,18733.0,False,,18501.0,16,above,1.4754278192189556,18610.0,True,1.0,19185.0,55.0,above,5.227073277753401,18990.0,False,,18687.0,44.0,above,2.4956121105748132,18136.0,True,33.0,4,11990,2026-05-19 21:15:00,10.0,-1,-1,CHoCH,-1,19523.0,80.0,CHoCH,-1,18687.0,10.0,64,11,25,5,active_bull_internal_ob,internal,1.0,38.0,18343.0,18421.0,18382.0,0.6088196577446249,current_swing_low,swing,0.0,1.0,18136.0,18136.0,18136.0,0.5265467310223783,18651.0,18651.0,18448.0,18512.0,44948.0,217953.0,0,0,0,0,0,0,,18887.0,16,above,3.5925844668714344,19185.0,True,15.0,18501.0,1,above,1.4754278192189556,18687.0,False,,22051.0,85.0,above,20.946687143483985,20150.0,False,,18136.0,1.0,below,0.5265467310223783,19523.0,False,,3569,2026-05-19 15:00:00,385.0,1,-1,BOS,1,20556.0,65.0,CHoCH,-1,21050.0,32.0,36,4,9,1,current_internal_high,internal,0.0,5.0,19185.0,19185.0,19185.0,5.227073277753401,current_internal_low,internal,0.0,10.0,18136.0,18136.0,18136.0,0.5265467310223783,18679.0,18775.0,18626.0,18708.0,58838.0,212402.0,0,0,0,0,0,0,,19185.0,5.0,above,5.227073277753401,22051.0,False,,18136.0,10.0,below,0.5265467310223783,21050.0,False,,20556.0,151.0,above,12.746818780166741,19157.0,True,65.0,17555.0,59.0,below,3.713251426064063,17266.0,False,,-0.007547621428969364,0.0012615529742703302,0.008764974390285118,0.008764974390285118,0.0012615529742703302,-0.007547621428969364,0.0012615529742703302,0.008764974390285118,True,-0.01192593640112527,0.0012615529742703302,0.01604460421476972,0.01604460421476972,0.0012615529742703302,-0.01192593640112527,0.0012615529742703302,0.01604460421476972,True,-0.0004391743592755404,0.0012615529742703302,0.01615615533318504,0.01615615533318504,0.0012615529742703302,-0.0004391743592755404,0.0012615529742703302,0.01615615533318504,True,-0.004290199639058301,0.005473467414173427,0.01615615533318504,0.01615615533318504,0.005473467414173427,-0.004290199639058301,0.005473467414173427,0.01615615533318504,True,-0.002417849293070873,0.005473467414173427,0.01615615533318504,0.01615615533318504,0.005473467414173427,-0.002417849293070873,0.005473467414173427,0.01615615533318504,True
AG:35975:S:1:35817:35860,AG,2026-05-19 21:30:00,35975,1,swing,115,18136.0,18214.0,18136.0,18214.0,False,0.4313443565780014,1.0,35817,2026-05-18T09:15:00,35860,2026-05-18T21:05:00,35975,2026-05-19T21:25:00,True,False,False,35975.0,35975,2026-05-19 21:30:00,0.0,-1,-1,CHoCH,-1,18687.0,34.0,CHoCH,-1,18501.0,2.0,63,20,38,7,current_internal_low,internal,0.0,17.0,18501.0,18501.0,18501.0,2.3115633467898027,active_bull_internal_ob,internal,1.0,1057.0,17889.0,17917.0,17903.0,0.9179892716916441,18220.0,18243.0,18061.0,18083.0,32017.0,222799.0,0,0,0,0,0,0,,18775.0,8,above,3.8267986506663716,18733.0,False,,18501.0,17,above,2.3115633467898027,18610.0,True,2.0,19185.0,56.0,above,6.094121550627661,18990.0,False,,18687.0,45.0,above,3.340153735552729,18136.0,True,34.0,4,11991,2026-05-19 21:30:00,0.0,-1,-1,BOS,-1,18136.0,0.0,BOS,-1,18501.0,0.0,63,12,25,6,current_swing_low,swing,0.0,2.0,18136.0,18136.0,18136.0,0.2930929602388984,active_bull_internal_ob,internal,1.0,350.0,17841.0,17916.0,17878.5,0.9235193275452083,18509.0,18536.0,18061.0,18083.0,72888.0,222799.0,0,0,0,0,0,0,,18887.0,17,above,4.446164906265553,19185.0,True,16.0,18501.0,2,above,2.3115633467898027,18687.0,True,0.0,22051.0,86.0,above,21.94326162694243,20150.0,False,,18136.0,2.0,above,0.2930929602388984,19523.0,True,0.0,3569,2026-05-19 15:00:00,390.0,1,-1,BOS,1,20556.0,65.0,CHoCH,-1,21050.0,32.0,36,4,9,1,current_internal_low,internal,0.0,10.0,18136.0,18136.0,18136.0,0.2930929602388984,active_bull_swing_ob,swing,1.0,236.0,17266.0,17864.0,17565.0,1.2110822319305425,18679.0,18775.0,18626.0,18708.0,58838.0,212402.0,0,0,0,0,0,0,,19185.0,5.0,above,6.094121550627661,22051.0,False,,18136.0,10.0,above,0.2930929602388984,21050.0,False,,20556.0,151.0,above,13.67582812586407,19157.0,True,65.0,17555.0,59.0,below,2.919869490681856,17266.0,False,,-0.00238075576836394,0.001381559170869906,0.008496982785800355,0.008496982785800355,0.001381559170869906,-0.00238075576836394,0.001381559170869906,0.008496982785800355,True,-0.004045111214978192,0.001381559170869906,0.008608533904215676,0.008608533904215676,0.001381559170869906,-0.004045111214978192,0.001381559170869906,0.008608533904215676,True,0.006778939680254226,0.009466744704758057,0.008608533904215676,0.008608533904215676,0.009466744704758057,0.006778939680254226,0.009466744704758057,0.008608533904215676,True,0.005789765559921278,0.013021088843142792,0.008608533904215676,0.008608533904215676,0.013021088843142792,0.005789765559921278,0.013021088843142792,0.008608533904215676,True,0.006229519304914888,0.013021088843142792,0.008608533904215676,0.008608533904215676,0.013021088843142792,0.006229519304914888,0.013021088843142792,0.008608533904215676,True
AG:36009:I:1:35992:36000,AG,2026-05-20 00:20:00,36009,1,internal,9,18081.0,18165.0,18081.0,18165.0,False,0.4622241787266825,0.0,35992,2026-05-19T22:50:00,36000,2026-05-19T23:30:00,36009,2026-05-20T00:15:00,False,True,True,36036.0,36009,2026-05-20 00:20:00,0.0,-1,1,CHoCH,-1,18687.0,68.0,CHoCH,1,18214.0,9.0,64,20,38,7,current_internal_high,internal,0.0,16.0,18214.0,18214.0,18214.0,0.22560942056897595,active_bull_internal_ob,internal,1.0,9.0,18081.0,18165.0,18123.0,0.044021350354922134,18209.0,18225.0,18165.0,18173.0,5001.0,228323.0,0,0,0,0,0,0,,18214.0,16,above,0.22560942056897595,18320.0,True,9.0,18081.0,12,below,0.5062455290816046,18112.0,False,,19050.0,33.0,above,4.825840532658339,19185.0,False,,18687.0,79.0,above,2.8283717603037473,18136.0,True,68.0,4,12002,2026-05-20 00:15:00,5.0,-1,-1,BOS,-1,18136.0,11.0,BOS,-1,18501.0,11.0,63,12,25,6,current_internal_high,internal,0.0,3.0,18320.0,18320.0,18320.0,0.8088923127716943,current_swing_low,swing,0.0,13.0,18136.0,18136.0,18136.0,0.2035987453915149,18237.0,18278.0,18195.0,18213.0,13816.0,228399.0,0,0,0,0,0,0,,18320.0,3,above,0.8088923127716943,18775.0,False,,18081.0,0,below,0.5062455290816046,17928.0,False,,22051.0,97.0,above,21.339349584548508,20150.0,False,,18136.0,13.0,below,0.2035987453915149,19523.0,True,11.0,3572,2026-05-20 00:00:00,20.0,1,-1,BOS,1,20556.0,68.0,CHoCH,-1,21050.0,35.0,36,4,9,1,current_internal_high,internal,0.0,8.0,19185.0,19185.0,19185.0,5.568700819897651,current_internal_low,internal,0.0,13.0,18136.0,18136.0,18136.0,0.2035987453915149,18160.0,18255.0,18124.0,18231.0,61371.0,228365.0,0,0,0,0,0,0,,19185.0,8.0,above,5.568700819897651,22051.0,False,,18136.0,13.0,below,0.2035987453915149,21050.0,False,,20556.0,154.0,above,13.112859736972432,19157.0,True,68.0,17555.0,62.0,below,3.400649314917735,17266.0,False,,0.0018691594227018271,0.0020888310145572575,0.00022013097882123134,0.00022013097882123134,0.0020888310145572575,0.0018691594227018271,0.0020888310145572575,0.00022013097882123134,True,0.003570353412348126,0.005049684148120903,0.00022013097882123134,0.00022013097882123134,0.005049684148120903,0.003570353412348126,0.005049684148120903,0.00022013097882123134,True,0.003570353412348126,0.005049684148120903,0.00022013097882123134,0.00022013097882123134,0.005049684148120903,0.003570353412348126,0.005049684148120903,0.00022013097882123134,True,0.005979993132502415,0.006909437446424249,0.00022013097882123134,0.00022013097882123134,0.006909437446424249,0.005979993132502415,0.006909437446424249,0.00022013097882123134,True,0.0018142339839712918,0.006909437446424249,0.00022013097882123134,0.00022013097882123134,0.006909437446424249,0.0018142339839712918,0.006909437446424249,0.00022013097882123134,True
AG:36025:I:1:36009:36020,AG,2026-05-20 01:40:00,36025,1,internal,5,18165.0,18225.0,18165.0,18225.0,False,0.3286950805302947,0.05,36009,2026-05-20T00:15:00,36020,2026-05-20T01:10:00,36025,2026-05-20T01:35:00,False,True,True,36034.0,36025,2026-05-20 01:40:00,0.0,-1,1,CHoCH,-1,18687.0,84.0,BOS,1,18278.0,5.0,65,20,38,7,current_internal_high,internal,0.0,0.0,18299.0,18299.0,18299.0,0.24652131039772104,active_bull_internal_ob,internal,1.0,5.0,18165.0,18225.0,18195.0,0.15886928892297578,18245.0,18255.0,18222.0,18254.0,2738.0,228038.0,0,0,0,0,0,0,,18299.0,0,above,0.24652131039772104,18278.0,False,,18165.0,11,below,0.48756436945327053,18081.0,False,,19050.0,49.0,above,4.360688068368577,19185.0,False,,18687.0,95.0,above,2.3720828311602937,18136.0,True,84.0,4,12007,2026-05-20 01:30:00,10.0,-1,-1,BOS,-1,18136.0,16.0,BOS,-1,18501.0,16.0,63,12,25,6,current_internal_high,internal,0.0,8.0,18320.0,18320.0,18320.0,0.3615645885833242,current_swing_low,swing,0.0,18.0,18136.0,18136.0,18136.0,0.6464336583762463,18293.0,18297.0,18244.0,18255.0,7631.0,228215.0,0,0,0,0,0,0,,18320.0,8,above,0.3615645885833242,18775.0,False,,18081.0,5,below,0.9477374821956831,17928.0,False,,19185.0,1.0,above,5.10025199956174,22051.0,False,,18136.0,18.0,below,0.6464336583762463,19523.0,True,16.0,3573,2026-05-20 01:00:00,40.0,1,-1,BOS,1,20556.0,69.0,CHoCH,-1,21050.0,36.0,36,4,9,1,current_internal_high,internal,0.0,9.0,19185.0,19185.0,19185.0,5.10025199956174,current_internal_low,internal,0.0,14.0,18136.0,18136.0,18136.0,0.6464336583762463,18237.0,18278.0,18165.0,18247.0,43822.0,228456.0,0,0,0,0,0,0,,19185.0,9.0,above,5.10025199956174,22051.0,False,,18136.0,14.0,below,0.6464336583762463,21050.0,False,,20556.0,155.0,above,12.610934589678974,19157.0,True,69.0,17555.0,63.0,below,3.8292976881779337,17266.0,False,,-0.0010961307685253274,0.00038336209018474676,0.0016446470457847084,0.0016446470457847084,0.00038336209018474676,-0.0010961307685253274,0.00038336209018474676,0.0016446470457847084,True,-0.0022483626591931483,0.00038336209018474676,0.002522899380203114,0.002522899380203114,0.00038336209018474676,-0.0022483626591931483,0.00038336209018474676,0.002522899380203114,True,-0.0004931101653209424,0.00038336209018474676,0.0030721990369695362,0.0030721990369695362,0.00038336209018474676,-0.0004931101653209424,0.00038336209018474676,0.0030721990369695362,True,-0.00560287101528445,0.005081283983097151,0.010572785712414046,0.010572785712414046,0.005081283983097151,-0.00560287101528445,0.005081283983097151,0.010572785712414046,False,-0.010462074392068033,0.005081283983097151,0.01645809502110218,0.01645809502110218,0.005081283983097151,-0.010462074392068033,0.005081283983097151,0.01645809502110218,False
AG:36051:I:1:34916:34918,AG,2026-05-20 10:35:00,36051,1,internal,1133,17889.0,17917.0,17889.0,17917.0,False,0.1564158426903525,1.0,34916,2026-04-30T14:10:00,34918,2026-04-30T14:20:00,36051,2026-05-20T10:30:00,True,False,False,36051.0,36051,2026-05-20 10:35:00,0.0,-1,-1,BOS,-1,17928.0,0.0,BOS,-1,17958.0,0.0,62,21,38,8,current_swing_low,swing,0.0,23.0,17928.0,17928.0,17928.0,0.1508295625942685,active_bull_internal_ob,internal,1.0,1170.0,17555.0,17595.0,17575.0,1.7094017094017095,18048.0,18063.0,17856.0,17901.0,18507.0,229198.0,0,0,0,0,0,0,,18299.0,26,above,2.223339478241439,18278.0,False,,17958.0,3,above,0.318417965476789,18165.0,True,0.0,18320.0,18.0,above,2.3406513602592036,19050.0,False,,17928.0,23.0,above,0.1508295625942685,18687.0,True,0.0,4,12016,2026-05-20 10:15:00,20.0,-1,-1,BOS,-1,18136.0,25.0,BOS,-1,18081.0,3.0,63,13,25,6,current_internal_low,internal,0.0,14.0,18081.0,18081.0,18081.0,1.0055304172951232,active_bull_internal_ob,internal,1.0,389.0,17555.0,17707.0,17631.0,1.0837383386402994,18112.0,18157.0,18008.0,18048.0,18427.0,227517.0,1,1,1,0,1,0,active_bull_internal_ob,18299.0,5,above,2.223339478241439,18320.0,False,,18081.0,14,above,1.0055304172951232,17928.0,True,3.0,19185.0,10.0,above,7.172783643371878,22051.0,False,,18136.0,27.0,above,1.3127758225797441,19523.0,True,25.0,3576,2026-05-20 10:00:00,35.0,1,-1,BOS,1,20556.0,72.0,BOS,-1,18136.0,0.0,36,5,9,1,current_internal_low,internal,0.0,17.0,18136.0,18136.0,18136.0,1.3127758225797441,active_bull_swing_ob,swing,1.0,243.0,17266.0,17864.0,17565.0,0.20669236355510867,18250.0,18349.0,17958.0,18114.0,131613.0,227122.0,0,0,0,0,0,0,,19185.0,12.0,above,7.172783643371878,22051.0,False,,18136.0,17.0,above,1.3127758225797441,21050.0,True,0.0,20556.0,158.0,above,14.831573655103067,19157.0,True,72.0,17555.0,66.0,below,1.93285291324507,17266.0,False,,0.0031234338517069915,0.0034018380407037085,0.001677289893393663,0.001677289893393663,0.0034018380407037085,0.0031234338517069915,0.0034018380407037085,0.001677289893393663,True,0.0005584720350668704,0.0034018380407037085,0.001677289893393663,0.001677289893393663,0.0034018380407037085,0.0005584720350668704,0.0034018380407037085,0.001677289893393663,True,0.00022342624234106268,0.003513178017437113,0.001677289893393663,0.001677289893393663,0.003513178017437113,0.00022342624234106268,0.003513178017437113,0.001677289893393663,True,0.015905458754708945,0.01854108514313957,0.002181025946359938,0.002181025946359938,0.01854108514313957,0.015905458754708945,0.01854108514313957,0.002181025946359938,False,0.02089628272641164,0.024227889620263454,0.002181025946359938,0.002181025946359938,0.024227889620263454,0.02089628272641164,0.024227889620263454,0.002181025946359938,False
AG:36063:I:-1:36048:36051,AG,2026-05-20 13:35:00,36063,-1,internal,12,18085.0,18157.0,18085.0,18157.0,False,0.39586540576204093,1.0,36048,2026-05-20T10:00:00,36051,2026-05-20T10:30:00,36063,2026-05-20T13:30:00,True,False,False,36063.0,36063,2026-05-20 13:35:00,0.0,-1,1,BOS,-1,17928.0,12.0,CHoCH,1,18157.0,0.0,63,20,38,8,active_bear_swing_ob,swing,-1.0,12.0,18203.0,18320.0,18261.5,0.08247195953375852,current_internal_high,internal,0.0,10.0,18157.0,18157.0,18157.0,0.17044204970310095,18031.0,18236.0,18031.0,18188.0,20495.0,226537.0,0,0,0,0,0,0,,18157.0,10,below,0.17044204970310095,18299.0,True,0.0,17871.0,6,below,1.7429074114800966,17958.0,False,,18320.0,30.0,above,0.725753243897075,19050.0,False,,17928.0,35.0,below,1.4295139652518143,18687.0,True,12.0,2,12020,2026-05-20 11:30:00,125.0,-1,-1,BOS,-1,18136.0,29.0,BOS,-1,18081.0,7.0,63,13,25,6,active_bear_internal_ob,internal,-1.0,7.0,18243.0,18299.0,18271.0,0.3023971849571146,current_swing_low,swing,0.0,31.0,18136.0,18136.0,18136.0,0.28590279305036287,17935.0,18017.0,17926.0,18010.0,14355.0,228369.0,0,0,0,0,0,0,,18299.0,9,above,0.6102925005498131,18320.0,False,,18081.0,18,below,0.5882999780074775,17928.0,True,7.0,19185.0,14.0,above,5.4816362436771495,22051.0,False,,18136.0,31.0,below,0.28590279305036287,19523.0,True,29.0,3578,2026-05-20 11:30:00,125.0,1,-1,BOS,1,20556.0,74.0,BOS,-1,18136.0,2.0,36,5,9,1,active_bear_internal_ob,internal,-1.0,2.0,18940.0,19185.0,19062.5,4.134594237959094,current_internal_low,internal,0.0,19.0,18136.0,18136.0,18136.0,0.28590279305036287,17938.0,18017.0,17862.0,18010.0,31346.0,228369.0,0,0,0,0,0,0,,19185.0,14.0,above,5.4816362436771495,22051.0,False,,18136.0,19.0,below,0.28590279305036287,21050.0,True,2.0,20556.0,160.0,above,13.01957334506268,19157.0,True,74.0,17555.0,68.0,below,3.4803166923246094,17266.0,False,,0.0007145409378690459,0.0020872247498413543,0.0008801364779618126,0.0008801364779618126,0.0020872247498413543,-0.0007145409378690459,0.0008801364779618126,0.0020872247498413543,True,-0.0030287200662773017,0.0020872247498413543,0.003966728797839991,0.003966728797839991,0.0020872247498413543,0.0030287200662773017,0.003966728797839991,0.0020872247498413543,True,0.001044156938215579,0.0020872247498413543,0.003966728797839991,0.003966728797839991,0.0020872247498413543,-0.001044156938215579,0.003966728797839991,0.0020872247498413543,True,0.005045806789585328,0.00837741368343714,0.003966728797839991,0.003966728797839991,0.00837741368343714,-0.005045806789585328,0.003966728797839991,0.00837741368343714,True,0.008486458991871615,0.021540131146633,0.003966728797839991,0.003966728797839991,0.021540131146633,-0.008486458991871615,0.003966728797839991,0.021540131146633,False
AG:36063:S:-1:35983:36051,AG,2026-05-20 13:35:00,36063,-1,swing,12,18203.0,18320.0,18203.0,18320.0,False,0.6432812843633164,0.28205128205128205,35983,2026-05-19T22:05:00,36051,2026-05-20T10:30:00,36063,2026-05-20T13:30:00,False,True,True,36072.0,36063,2026-05-20 13:35:00,0.0,-1,1,BOS,-1,17928.0,12.0,CHoCH,1,18157.0,0.0,63,20,38,8,active_bear_swing_ob,swing,-1.0,12.0,18203.0,18320.0,18261.5,0.08247195953375852,current_internal_high,internal,0.0,10.0,18157.0,18157.0,18157.0,0.17044204970310095,18031.0,18236.0,18031.0,18188.0,20495.0,226537.0,0,0,0,0,0,0,,18157.0,10,below,0.17044204970310095,18299.0,True,0.0,17871.0,6,below,1.7429074114800966,17958.0,False,,18320.0,30.0,above,0.725753243897075,19050.0,False,,17928.0,35.0,below,1.4295139652518143,18687.0,True,12.0,2,12020,2026-05-20 11:30:00,125.0,-1,-1,BOS,-1,18136.0,29.0,BOS,-1,18081.0,7.0,63,13,25,6,active_bear_internal_ob,internal,-1.0,7.0,18243.0,18299.0,18271.0,0.3023971849571146,current_swing_low,swing,0.0,31.0,18136.0,18136.0,18136.0,0.28590279305036287,17935.0,18017.0,17926.0,18010.0,14355.0,228369.0,0,0,0,0,0,0,,18299.0,9,above,0.6102925005498131,18320.0,False,,18081.0,18,below,0.5882999780074775,17928.0,True,7.0,19185.0,14.0,above,5.4816362436771495,22051.0,False,,18136.0,31.0,below,0.28590279305036287,19523.0,True,29.0,3578,2026-05-20 11:30:00,125.0,1,-1,BOS,1,20556.0,74.0,BOS,-1,18136.0,2.0,36,5,9,1,active_bear_internal_ob,internal,-1.0,2.0,18940.0,19185.0,19062.5,4.134594237959094,current_internal_low,internal,0.0,19.0,18136.0,18136.0,18136.0,0.28590279305036287,17938.0,18017.0,17862.0,18010.0,31346.0,228369.0,0,0,0,0,0,0,,19185.0,14.0,above,5.4816362436771495,22051.0,False,,18136.0,19.0,below,0.28590279305036287,21050.0,True,2.0,20556.0,160.0,above,13.01957334506268,19157.0,True,74.0,17555.0,68.0,below,3.4803166923246094,17266.0,False,,0.0007145409378690459,0.0020872247498413543,0.0008801364779618126,0.0008801364779618126,0.0020872247498413543,-0.0007145409378690459,0.0008801364779618126,0.0020872247498413543,True,-0.0030287200662773017,0.0020872247498413543,0.003966728797839991,0.003966728797839991,0.0020872247498413543,0.0030287200662773017,0.003966728797839991,0.0020872247498413543,True,0.001044156938215579,0.0020872247498413543,0.003966728797839991,0.003966728797839991,0.0020872247498413543,-0.001044156938215579,0.003966728797839991,0.0020872247498413543,True,0.005045806789585328,0.00837741368343714,0.003966728797839991,0.003966728797839991,0.00837741368343714,-0.005045806789585328,0.003966728797839991,0.00837741368343714,True,0.008486458991871615,0.021540131146633,0.003966728797839991,0.003966728797839991,0.021540131146633,-0.008486458991871615,0.003966728797839991,0.021540131146633,False
AG:36099:I:-1:35961:35973,AG,2026-05-20 22:35:00,36099,-1,internal,126,18698.0,18775.0,18698.0,18775.0,False,0.41097352690008543,1.0,35961,2026-05-19T14:15:00,35973,2026-05-19T21:15:00,36099,2026-05-20T22:30:00,True,False,False,36099.0,36099,2026-05-20 22:35:00,0.0,1,1,CHoCH,1,18320.0,27.0,BOS,1,18583.0,0.0,65,19,39,7,active_bear_internal_ob,internal,-1.0,161.0,18920.0,18974.0,18947.0,0.982066609735269,current_internal_high,internal,0.0,13.0,18583.0,18583.0,18583.0,0.8166097352690008,18542.0,18778.0,18542.0,18736.0,39516.0,234596.0,0,0,0,0,0,0,,18583.0,13,below,0.8166097352690008,18236.0,True,0.0,18115.0,28,below,3.314474807856533,17871.0,False,,18320.0,66.0,below,2.220324508966695,19050.0,True,27.0,17928.0,71.0,below,4.312553373185312,18687.0,True,48.0,4,12032,2026-05-20 22:30:00,5.0,-1,1,BOS,-1,18136.0,41.0,CHoCH,1,18299.0,7.0,64,12,25,6,active_bear_internal_ob,internal,-1.0,52.0,18895.0,19050.0,18972.5,0.8486336464560205,current_internal_high,internal,0.0,0.0,18583.0,18583.0,18583.0,0.8166097352690008,18291.0,18552.0,18288.0,18542.0,72211.0,233047.0,1,1,0,1,1,0,active_bear_internal_ob,18583.0,0,below,0.8166097352690008,18299.0,False,,17856.0,10,below,4.6968403074295475,18081.0,False,,19185.0,26.0,above,2.3964560204953034,22051.0,False,,18136.0,43.0,below,3.202391118701964,19523.0,True,41.0,3581,2026-05-20 22:00:00,35.0,1,-1,BOS,1,20556.0,77.0,BOS,-1,18136.0,5.0,36,5,9,1,active_bear_internal_ob,internal,-1.0,5.0,18940.0,19185.0,19062.5,1.0888129803586677,current_internal_low,internal,0.0,22.0,18136.0,18136.0,18136.0,3.202391118701964,18530.0,18583.0,18258.0,18293.0,152170.0,231756.0,0,0,0,0,0,0,,19185.0,17.0,above,2.3964560204953034,22051.0,False,,18136.0,22.0,below,3.202391118701964,21050.0,True,5.0,22051.0,2.0,above,17.69321093082835,20556.0,False,,17555.0,71.0,below,6.303373185311699,17266.0,False,,-0.004278310178417399,0.00042682602152588345,0.006585487593538275,0.006585487593538275,0.00042682602152588345,0.004278310178417399,0.006585487593538275,0.00042682602152588345,True,-0.005297104336083436,0.00042682602152588345,0.006800379611126672,0.006800379611126672,0.00042682602152588345,0.005297104336083436,0.006800379611126672,0.00042682602152588345,True,-0.005458061495000166,0.00042682602152588345,0.006800379611126672,0.006800379611126672,0.00042682602152588345,0.005458061495000166,0.006800379611126672,0.00042682602152588345,True,-0.006263236127191263,0.00042682602152588345,0.01121587329626017,0.01121587329626017,0.00042682602152588345,0.006263236127191263,0.01121587329626017,0.00042682602152588345,True,-0.010083217637292918,0.00042682602152588345,0.011863681567673368,0.011863681567673368,0.00042682602152588345,0.010083217637292918,0.011863681567673368,0.00042682602152588345,True
AG:36140:I:1:36121:36130,AG,2026-05-21 02:00:00,36140,1,internal,10,18535.0,18584.0,18535.0,18584.0,False,0.2636109317839466,0.04081632653061224,36121,2026-05-21T00:20:00,36130,2026-05-21T01:05:00,36140,2026-05-21T01:55:00,False,True,True,36162.0,36140,2026-05-21 02:00:00,0.0,1,1,CHoCH,1,18320.0,68.0,BOS,1,18617.0,10.0,66,19,39,7,current_internal_high,internal,0.0,4.0,18666.0,18666.0,18666.0,0.4196255648805681,active_bull_internal_ob,internal,1.0,10.0,18535.0,18584.0,18559.5,0.021519259737465032,18609.0,18617.0,18582.0,18588.0,1822.0,233038.0,0,0,0,0,0,0,,18666.0,4,above,0.4196255648805681,18617.0,False,,18535.0,14,below,0.28513019152141167,18518.0,False,,18320.0,107.0,below,1.441790402410157,19050.0,True,68.0,17856.0,39.0,below,3.9380245319561005,17928.0,False,,4,12046,2026-05-21 02:00:00,0.0,-1,1,BOS,-1,18136.0,55.0,BOS,1,18583.0,13.0,65,11,25,6,current_internal_high,internal,0.0,8.0,18778.0,18778.0,18778.0,1.0221648375295889,current_internal_low,internal,0.0,3.0,18518.0,18518.0,18518.0,0.37658704540563803,18620.0,18634.0,18582.0,18588.0,4027.0,233038.0,0,0,0,0,0,0,,18778.0,8,above,1.0221648375295889,18583.0,False,,18518.0,3,below,0.37658704540563803,18201.0,False,,19185.0,40.0,above,3.211749515816656,22051.0,False,,18136.0,57.0,below,2.431676350333549,19523.0,True,55.0,3585,2026-05-21 02:00:00,0.0,1,-1,BOS,1,20556.0,81.0,BOS,-1,18136.0,9.0,36,5,9,1,active_bear_internal_ob,internal,-1.0,9.0,18940.0,19185.0,19062.5,1.8936948568969227,active_bull_swing_ob,swing,1.0,252.0,17266.0,17864.0,17565.0,3.8949860124811706,18611.0,18666.0,18582.0,18588.0,29218.0,233038.0,0,0,0,0,0,0,,19185.0,21.0,above,3.211749515816656,22051.0,False,,17856.0,3.0,below,3.9380245319561005,18136.0,False,,22051.0,6.0,above,18.63029911771035,20556.0,False,,17555.0,75.0,below,5.557348827200345,17266.0,False,,0.0014515741373024582,0.0021497294246479726,0.0012381902472871076,0.0012381902472871076,0.0021497294246479726,0.0014515741373024582,0.0021497294246479726,0.0012381902472871076,True,0.0021497294246479726,0.0030083288871072256,0.0012381902472871076,0.0012381902472871076,0.0030083288871072256,0.0021497294246479726,0.0030083288871072256,0.0012381902472871076,True,0.003973372925118568,0.0046697704355178615,0.0012381902472871076,0.0012381902472871076,0.0046697704355178615,0.003973372925118568,0.0046697704355178615,0.0012381902472871076,True,0.01219201241918455,0.013679080514137354,0.0012381902472871076,0.0012381902472871076,0.013679080514137354,0.01219201241918455,0.013679080514137354,0.0012381902472871076,False,-0.005989819057857559,0.01590554453820303,0.006314617415068113,0.006314617415068113,0.01590554453820303,-0.005989819057857559,0.01590554453820303,0.006314617415068113,False
AG:36162:I:1:36141:36148,AG,2026-05-21 10:35:00,36162,1,internal,14,18564.0,18627.0,18564.0,18627.0,False,0.34009933059814296,1.0,36141,2026-05-21T02:00:00,36148,2026-05-21T09:05:00,36162,2026-05-21T10:30:00,True,False,False,36162.0,36162,2026-05-21 10:35:00,0.0,1,-1,CHoCH,1,18320.0,90.0,CHoCH,-1,18564.0,0.0,65,20,39,7,current_internal_low,internal,0.0,16.0,18564.0,18564.0,18564.0,0.21593608291945585,current_swing_high,swing,0.0,129.0,18320.0,18320.0,18320.0,1.1012740228892248,18650.0,18650.0,18493.0,18524.0,22055.0,233256.0,0,0,0,0,0,0,,18885.0,4,above,1.948823148348089,18666.0,False,,18564.0,16,above,0.21593608291945585,18535.0,True,0.0,18320.0,129.0,below,1.1012740228892248,19050.0,True,90.0,17856.0,61.0,below,3.6061325847549126,17928.0,False,,4,12053,2026-05-21 10:15:00,20.0,-1,1,BOS,-1,18136.0,62.0,BOS,1,18778.0,4.0,66,11,25,6,current_internal_high,internal,0.0,15.0,18778.0,18778.0,18778.0,1.3711941265385446,current_internal_low,internal,0.0,10.0,18518.0,18518.0,18518.0,0.032390412437918376,18718.0,18764.0,18685.0,18718.0,16106.0,234484.0,1,1,1,0,1,0,active_bull_internal_ob,18778.0,15,above,1.3711941265385446,18583.0,True,4.0,18518.0,10,below,0.032390412437918376,18201.0,False,,19185.0,47.0,above,3.5683437702440077,22051.0,False,,18136.0,64.0,below,2.094580004318722,19523.0,True,62.0,3587,2026-05-21 10:00:00,35.0,1,-1,BOS,1,20556.0,83.0,BOS,-1,18136.0,11.0,36,5,9,1,active_bear_internal_ob,internal,-1.0,11.0,18940.0,19185.0,19062.5,2.2457352623623406,active_bull_swing_ob,swing,1.0,254.0,17266.0,17864.0,17565.0,3.5629453681710213,18663.0,18885.0,18571.0,18715.0,123006.0,234342.0,0,0,0,0,0,0,,19185.0,23.0,above,3.5683437702440077,22051.0,False,,17856.0,5.0,below,3.6061325847549126,18136.0,False,,22051.0,8.0,above,19.040164111423017,20556.0,False,,17555.0,77.0,below,5.231051608723818,17266.0,False,,0.001402600434937895,0.0032876151307092982,0.0,0.0,0.0032876151307092982,0.001402600434937895,0.0032876151307092982,0.0,True,-0.0027569820420048075,0.0032876151307092982,0.004653436242103126,0.004653436242103126,0.0032876151307092982,-0.0027569820420048075,0.0032876151307092982,0.004653436242103126,True,-0.00021595940047269835,0.0032876151307092982,0.004653436242103126,0.004653436242103126,0.0032876151307092982,-0.00021595940047269835,0.0032876151307092982,0.004653436242103126,True,-0.006064562663510742,0.0032876151307092982,0.008947271140437252,0.008947271140437252,0.0032876151307092982,-0.006064562663510742,0.0032876151307092982,0.008947271140437252,False,-0.010746372075484345,0.0032876151307092982,0.012275424361162024,0.012275424361162024,0.0032876151307092982,-0.010746372075484345,0.0032876151307092982,0.012275424361162024,False
AG:36179:I:-1:36172:36174,AG,2026-05-21 14:00:00,36179,-1,internal,5,18492.0,18574.0,18492.0,18574.0,False,0.4443481088110979,0.024390243902439025,36172,2026-05-21T11:20:00,36174,2026-05-21T13:30:00,36179,2026-05-21T13:55:00,False,True,True,36203.0,36179,2026-05-21 14:00:00,0.0,1,-1,CHoCH,1,18320.0,107.0,BOS,-1,18438.0,5.0,65,21,39,7,active_bear_internal_ob,internal,-1.0,5.0,18492.0,18574.0,18533.0,0.20591741627831364,current_internal_low,internal,0.0,9.0,18438.0,18438.0,18438.0,0.08670207001192154,18476.0,18494.0,18436.0,18454.0,6051.0,233189.0,0,0,0,0,0,0,,18574.0,2,above,0.6502655250894115,18885.0,False,,18438.0,9,below,0.08670207001192154,18564.0,True,5.0,18320.0,146.0,below,0.7261298363498428,19050.0,True,107.0,17856.0,78.0,below,3.240489866695567,17928.0,False,,2,12059,2026-05-21 14:00:00,0.0,-1,-1,BOS,-1,18136.0,68.0,CHoCH,-1,18518.0,5.0,65,12,25,6,current_internal_low,internal,0.0,16.0,18518.0,18518.0,18518.0,0.34680828004768616,active_bull_internal_ob,internal,1.0,26.0,18201.0,18311.0,18256.0,0.7748997507315487,18426.0,18494.0,18355.0,18454.0,20769.0,233189.0,0,0,0,0,0,0,,18885.0,3,above,2.3355370109461364,18778.0,False,,18518.0,16,above,0.34680828004768616,18201.0,True,5.0,19185.0,53.0,above,3.961200823669665,22051.0,False,,18136.0,70.0,below,1.7232036414869405,19523.0,True,68.0,3590,2026-05-21 14:00:00,0.0,1,-1,BOS,1,20556.0,86.0,BOS,-1,18136.0,14.0,36,5,9,1,active_bear_internal_ob,internal,-1.0,14.0,18940.0,19185.0,19062.5,2.6335753766121166,active_bull_swing_ob,swing,1.0,257.0,17266.0,17864.0,17565.0,3.1971388316896068,18450.0,18494.0,18355.0,18454.0,49548.0,233189.0,0,0,0,0,0,0,,19185.0,26.0,above,3.961200823669665,22051.0,False,,17856.0,8.0,below,3.240489866695567,18136.0,False,,22051.0,11.0,above,19.49170911455511,20556.0,False,,17555.0,80.0,below,4.871572558794841,17266.0,False,,0.00157049665379283,0.0031925570256614577,0.00048789744279531533,0.00048789744279531533,0.0031925570256614577,-0.00157049665379283,0.00048789744279531533,0.0031925570256614577,True,-0.0007048171833421435,0.0031925570256614577,0.0022788940953191172,0.0022788940953191172,0.0031925570256614577,0.0007048171833421435,0.0022788940953191172,0.0031925570256614577,True,-0.0032571550429008056,0.0031925570256614577,0.003692245059010446,0.003692245059010446,0.0031925570256614577,0.0032571550429008056,0.003692245059010446,0.0031925570256614577,True,-0.007452774874204593,0.0031925570256614577,0.009092209090246328,0.009092209090246328,0.0031925570256614577,0.007452774874204593,0.009092209090246328,0.0031925570256614577,True,0.003516653609279885,0.00685951540558527,0.01556685447972228,0.01556685447972228,0.00685951540558527,-0.003516653609279885,0.01556685447972228,0.00685951540558527,False
AG:36186:I:1:36095:36099,AG,2026-05-21 14:35:00,36186,1,internal,87,18201.0,18310.0,18201.0,18310.0,False,0.5947833678926117,0.11009174311926606,36095,2026-05-20T22:10:00,36099,2026-05-20T22:30:00,36186,2026-05-21T14:30:00,False,True,True,36192.0,36186,2026-05-21 14:35:00,0.0,1,-1,CHoCH,1,18320.0,114.0,BOS,-1,18355.0,0.0,65,22,39,7,current_internal_low,internal,0.0,4.0,18355.0,18355.0,18355.0,0.1582451162283095,current_swing_high,swing,0.0,153.0,18320.0,18320.0,18320.0,0.03274036887482266,18393.0,18409.0,18298.0,18326.0,12161.0,233249.0,0,0,0,0,0,0,,18510.0,1,above,1.0040379788278948,18574.0,False,,18355.0,4,above,0.1582451162283095,18438.0,True,0.0,18320.0,153.0,below,0.03274036887482266,19050.0,True,114.0,17856.0,85.0,below,2.5646622285277747,17928.0,False,,2,12061,2026-05-21 14:30:00,5.0,-1,-1,BOS,-1,18136.0,70.0,CHoCH,-1,18518.0,7.0,65,12,25,6,current_internal_low,internal,0.0,18.0,18518.0,18518.0,18518.0,1.047691803994325,active_bull_internal_ob,internal,1.0,28.0,18201.0,18311.0,18256.0,0.08185092218705664,18437.0,18504.0,18383.0,18391.0,19243.0,233592.0,0,0,0,0,0,0,,18885.0,5,above,3.0503110335043107,18778.0,False,,18518.0,18,above,1.047691803994325,18201.0,True,7.0,19185.0,55.0,above,4.687329477245443,22051.0,False,,18136.0,72.0,below,1.0367783477027175,19523.0,True,70.0,3590,2026-05-21 14:00:00,35.0,1,-1,BOS,1,20556.0,86.0,BOS,-1,18136.0,14.0,36,5,9,1,active_bear_internal_ob,internal,-1.0,14.0,18940.0,19185.0,19062.5,3.3504310815235185,active_bull_swing_ob,swing,1.0,257.0,17266.0,17864.0,17565.0,2.5210084033613445,18450.0,18494.0,18355.0,18454.0,49548.0,233189.0,0,0,0,0,0,0,,19185.0,26.0,above,4.687329477245443,22051.0,False,,17856.0,8.0,below,2.5646622285277747,18136.0,False,,22051.0,11.0,above,20.326312343119067,20556.0,False,,17555.0,80.0,below,4.2071374004147115,17266.0,False,,0.002778460560012519,0.003648545992032126,0.0002728140788992306,0.0002728140788992306,0.003648545992032126,0.002778460560012519,0.003648545992032126,0.0002728140788992306,True,-0.00016367951587525909,0.004300613612810977,0.0007640670567656827,0.0007640670567656827,0.004300613612810977,-0.00016367951587525909,0.004300613612810977,0.0007640670567656827,True,0.0035941878260636884,0.004300613612810977,0.008987346771592186,0.008987346771592186,0.004300613612810977,0.0035941878260636884,0.004300613612810977,0.008987346771592186,False,-0.0024033221093802126,0.00478938544756069,0.008987346771592186,0.008987346771592186,0.00478938544756069,-0.0024033221093802126,0.00478938544756069,0.008987346771592186,False,0.005983156276833768,0.013439023113715365,0.008987346771592186,0.008987346771592186,0.013439023113715365,0.005983156276833768,0.013439023113715365,0.008987346771592186,False
AG:36192:I:1:36066:36072,AG,2026-05-21 21:05:00,36192,1,internal,120,18115.0,18172.0,18115.0,18172.0,False,0.30984996738421394,0.10526315789473684,36066,2026-05-20T13:45:00,36072,2026-05-20T14:15:00,36192,2026-05-21T21:00:00,False,True,True,36636.0,36192,2026-05-21 21:05:00,0.0,1,-1,CHoCH,1,18320.0,120.0,BOS,-1,18355.0,6.0,64,22,39,7,active_bear_internal_ob,internal,-1.0,6.0,18442.0,18510.0,18476.0,0.2500543596434007,current_internal_low,internal,0.0,10.0,18355.0,18355.0,18355.0,0.22287453794303108,18266.0,18405.0,18166.0,18396.0,28850.0,235586.0,0,0,0,0,0,0,,18510.0,7,above,0.6196999347684279,18574.0,False,,18355.0,10,below,0.22287453794303108,18438.0,True,6.0,18320.0,159.0,below,0.4131332898456186,19050.0,True,120.0,17856.0,91.0,below,2.935420743639922,17928.0,False,,4,12063,2026-05-21 15:00:00,365.0,-1,-1,BOS,-1,18136.0,72.0,CHoCH,-1,18518.0,9.0,65,12,25,6,current_internal_low,internal,0.0,20.0,18518.0,18518.0,18518.0,0.6631876494890193,active_bull_internal_ob,internal,1.0,30.0,18201.0,18311.0,18256.0,0.46205696890628395,18401.0,18407.0,18284.0,18314.0,21932.0,231182.0,0,0,0,0,0,0,,18885.0,7,above,2.658186562296151,18778.0,False,,18518.0,20,above,0.6631876494890193,18201.0,True,9.0,19185.0,57.0,above,4.28897586431833,22051.0,False,,18136.0,74.0,below,1.4133507284192215,19523.0,True,72.0,3591,2026-05-21 15:00:00,365.0,1,-1,BOS,1,20556.0,87.0,BOS,-1,18136.0,15.0,36,5,9,1,active_bear_internal_ob,internal,-1.0,15.0,18940.0,19185.0,19062.5,2.9571646010002173,active_bull_swing_ob,swing,1.0,258.0,17266.0,17864.0,17565.0,2.89193302891933,18451.0,18510.0,18284.0,18314.0,85979.0,231182.0,0,0,0,0,0,0,,19185.0,27.0,above,4.28897586431833,22051.0,False,,17856.0,9.0,below,2.935420743639922,18136.0,False,,22051.0,12.0,above,19.86844966297021,20556.0,False,,17555.0,81.0,below,4.5716460100021745,17266.0,False,,-0.0031576681289493536,0.001140839455528564,0.004467211612869448,0.004467211612869448,0.001140839455528564,-0.0031576681289493536,0.001140839455528564,0.004467211612869448,True,-0.00501336127144647,0.001140839455528564,0.005833145440872656,0.005833145440872656,0.001140839455528564,-0.00501336127144647,0.001140839455528564,0.005833145440872656,True,-0.006051868101412339,0.001140839455528564,0.0076938147239271615,0.0076938147239271615,0.001140839455528564,-0.006051868101412339,0.001140839455528564,0.0076938147239271615,True,0.004501458369890798,0.009790477121683239,0.0076938147239271615,0.0076938147239271615,0.009790477121683239,0.004501458369890798,0.009790477121683239,0.0076938147239271615,True,0.0033102729997391833,0.009790477121683239,0.0076938147239271615,0.0076938147239271615,0.009790477121683239,0.0033102729997391833,0.009790477121683239,0.0076938147239271615,True
AG:36202:I:-1:36180:36186,AG,2026-05-21 21:55:00,36202,-1,internal,16,18442.0,18510.0,18442.0,18510.0,False,0.3665768194070081,1.0,36180,2026-05-21T14:00:00,36186,2026-05-21T14:30:00,36202,2026-05-21T21:50:00,True,False,False,36202.0,36202,2026-05-21 21:55:00,0.0,1,1,CHoCH,1,18320.0,130.0,CHoCH,1,18418.0,0.0,65,21,39,7,active_bear_internal_ob,internal,-1.0,40.0,18788.0,18885.0,18836.5,1.2830188679245282,current_internal_high,internal,0.0,4.0,18418.0,18418.0,18418.0,0.7115902964959568,18346.0,18570.0,18343.0,18550.0,25982.0,237061.0,1,1,0,1,1,0,active_bear_internal_ob,18418.0,4,below,0.7115902964959568,18510.0,True,0.0,18166.0,5,below,2.0700808625336924,18355.0,False,,18320.0,169.0,below,1.2398921832884098,19050.0,True,130.0,17856.0,101.0,below,3.741239892183289,17928.0,False,,4,12066,2026-05-21 21:45:00,10.0,-1,-1,BOS,-1,18136.0,75.0,CHoCH,-1,18518.0,12.0,64,12,25,6,active_bear_internal_ob,internal,-1.0,12.0,18756.0,18885.0,18820.5,1.110512129380054,current_internal_low,internal,0.0,23.0,18518.0,18518.0,18518.0,0.17250673854447438,18325.0,18355.0,18256.0,18317.0,33502.0,237319.0,0,0,0,0,0,0,,18885.0,10,above,1.8059299191374663,18778.0,False,,18518.0,23,below,0.17250673854447438,18201.0,True,12.0,19185.0,60.0,above,3.4231805929919137,22051.0,False,,18136.0,77.0,below,2.2318059299191373,19523.0,True,75.0,3591,2026-05-21 15:00:00,415.0,1,-1,BOS,1,20556.0,87.0,BOS,-1,18136.0,15.0,36,5,9,1,active_bear_internal_ob,internal,-1.0,15.0,18940.0,19185.0,19062.5,2.102425876010782,active_bull_swing_ob,swing,1.0,258.0,17266.0,17864.0,17565.0,3.69811320754717,18451.0,18510.0,18284.0,18314.0,85979.0,231182.0,0,0,0,0,0,0,,19185.0,27.0,above,3.4231805929919137,22051.0,False,,17856.0,9.0,below,3.741239892183289,18136.0,False,,22051.0,12.0,above,18.873315363881403,20556.0,False,,17555.0,81.0,below,5.363881401617251,17266.0,False,,-0.0016189092090090895,0.0017239525872962957,0.002753707093615887,0.002753707093615887,0.0017239525872962957,0.0016189092090090895,0.002753707093615887,0.0017239525872962957,True,-0.004431242052344686,0.0017239525872962957,0.006165847864552987,0.006165847864552987,0.0017239525872962957,0.004431242052344686,0.006165847864552987,0.0017239525872962957,True,-0.0062743606963024945,0.0017239525872962957,0.007849121413796567,0.007849121413796567,0.0017239525872962957,0.0062743606963024945,0.007849121413796567,0.0017239525872962957,True,-0.005840380001631118,0.0017239525872962957,0.00839271786118978,0.00839271786118978,0.0017239525872962957,0.005840380001631118,0.00839271786118978,0.0017239525872962957,True,-0.0015109003521782682,0.0017239525872962957,0.00839271786118978,0.00839271786118978,0.0017239525872962957,0.0015109003521782682,0.00839271786118978,0.0017239525872962957,True
AG:36244:I:-1:36153:36162,AG,2026-05-22 01:25:00,36244,-1,internal,82,18788.0,18885.0,18788.0,18885.0,False,0.5174161199125193,0.6391752577319587,36153,2026-05-21T09:30:00,36162,2026-05-21T10:30:00,36244,2026-05-22T01:20:00,False,True,True,36250.0,36244,2026-05-22 01:25:00,0.0,1,1,CHoCH,1,18320.0,172.0,BOS,1,18639.0,2.0,67,20,39,7,active_bear_internal_ob,internal,-1.0,82.0,18788.0,18885.0,18836.5,0.21870165893209578,current_internal_high,internal,0.0,10.0,18639.0,18639.0,18639.0,0.5760921747479597,18735.0,18850.0,18727.0,18747.0,15912.0,236488.0,0,0,0,0,0,0,,18639.0,10,below,0.5760921747479597,18565.0,True,2.0,18569.0,8,below,0.9494852509734891,18454.0,False,,18885.0,41.0,above,0.7361177788446152,18320.0,False,,18166.0,2.0,below,3.0991625326718943,17856.0,False,,4,12080,2026-05-22 01:15:00,10.0,-1,1,BOS,-1,18136.0,89.0,CHoCH,1,18578.0,4.0,65,12,25,6,active_bear_internal_ob,internal,-1.0,26.0,18756.0,18885.0,18820.5,0.04800768122899664,current_internal_high,internal,0.0,8.0,18578.0,18578.0,18578.0,0.9014775697444923,18621.0,18730.0,18595.0,18691.0,21311.0,236940.0,0,0,0,0,0,0,,18578.0,8,below,0.9014775697444923,18885.0,True,4.0,18391.0,5,below,1.8989705019469783,18166.0,False,,19185.0,74.0,above,2.33637381981117,22051.0,False,,17856.0,13.0,below,4.752760441670667,18136.0,False,,3595,2026-05-22 01:00:00,25.0,1,-1,BOS,1,20556.0,91.0,BOS,-1,18136.0,19.0,36,5,9,1,current_internal_high,internal,0.0,3.0,18885.0,18885.0,18885.0,0.7361177788446152,active_bull_swing_ob,swing,1.0,262.0,17266.0,17864.0,17565.0,4.710086947244893,18537.0,18639.0,18537.0,18621.0,59072.0,237692.0,0,0,0,0,0,0,,18885.0,3.0,above,0.7361177788446152,19185.0,False,,17856.0,13.0,below,4.752760441670667,18136.0,False,,22051.0,16.0,above,17.62415319784499,20556.0,False,,17555.0,85.0,below,6.358350669440443,17266.0,False,,0.0019718091069886867,0.0020782827016390115,0.00021340162266270113,0.00021340162266270113,0.0020782827016390115,-0.0019718091069886867,0.00021340162266270113,0.0020782827016390115,True,0.0028764735116091344,0.0036208772254653354,0.00021340162266270113,0.00021340162266270113,0.0036208772254653354,-0.0028764735116091344,0.00021340162266270113,0.0036208772254653354,True,0.007069796888611535,0.007440510516582677,0.00021340162266270113,0.00021340162266270113,0.007440510516582677,-0.007069796888611535,0.00021340162266270113,0.007440510516582677,True,0.0050549499715693,0.008128614288606784,0.00021340162266270113,0.00021340162266270113,0.008128614288606784,-0.0050549499715693,0.00021340162266270113,0.008128614288606784,True,0.0011196119848424502,0.008128614288606784,0.006690420224668259,0.006690420224668259,0.008128614288606784,-0.0011196119848424502,0.006690420224668259,0.008128614288606784,False
AG:36273:I:1:36231:36242,AG,2026-05-22 10:35:00,36273,1,internal,31,18569.0,18602.0,18569.0,18602.0,False,0.1772573454369662,0.12121212121212122,36231,2026-05-22T00:15:00,36242,2026-05-22T01:10:00,36273,2026-05-22T10:30:00,False,True,True,36290.0,36273,2026-05-22 10:35:00,0.0,1,-1,CHoCH,1,18320.0,201.0,CHoCH,-1,18621.0,0.0,67,20,39,7,current_internal_low,internal,0.0,9.0,18621.0,18621.0,18621.0,0.021485738840844388,active_bull_internal_ob,internal,1.0,31.0,18569.0,18602.0,18585.5,0.08057152065316646,18675.0,18675.0,18598.0,18617.0,11870.0,234411.0,0,0,0,0,0,0,,18824.0,0,above,1.1118869850136972,18899.0,False,,18621.0,9,above,0.021485738840844388,18569.0,True,0.0,18885.0,70.0,above,1.439544502336574,18320.0,False,,18166.0,31.0,below,2.422517054305205,17856.0,False,,4,12090,2026-05-22 10:15:00,20.0,-1,1,BOS,-1,18136.0,99.0,CHoCH,1,18578.0,14.0,65,11,25,6,active_bear_internal_ob,internal,-1.0,110.0,18895.0,19050.0,18972.5,1.4932588494386851,active_bull_internal_ob,internal,1.0,14.0,18391.0,18476.0,18433.5,0.7573722941397647,18757.0,18770.0,18682.0,18700.0,14068.0,234620.0,0,0,0,0,0,0,,18899.0,2,above,1.5147445882795294,18578.0,False,,18391.0,15,below,1.213944244507708,18166.0,False,,19185.0,84.0,above,3.050974915399903,22051.0,False,,17856.0,23.0,below,4.087661814470645,18136.0,False,,3598,2026-05-22 10:00:00,35.0,1,-1,BOS,1,20556.0,94.0,BOS,-1,18136.0,22.0,36,5,9,1,current_internal_high,internal,0.0,6.0,18885.0,18885.0,18885.0,1.439544502336574,current_internal_low,internal,0.0,1.0,18166.0,18166.0,18166.0,2.422517054305205,18714.0,18824.0,18621.0,18753.0,100456.0,235056.0,0,0,0,0,0,0,,18885.0,6.0,above,1.439544502336574,19185.0,False,,18166.0,1.0,below,2.422517054305205,17856.0,False,,22051.0,19.0,above,18.445506794864908,20556.0,False,,17555.0,88.0,below,5.704463662244185,17266.0,False,,0.0014492367207346035,0.0020926683783208944,0.0002148804735639942,0.0002148804735639942,0.0020926683783208944,0.0014492367207346035,0.0020926683783208944,0.0002148804735639942,True,0.0033782910109358966,0.004180966639315997,0.0002148804735639942,0.0002148804735639942,0.004180966639315997,0.0033782910109358966,0.004180966639315997,0.0002148804735639942,True,0.00514332770589121,0.00573098164806396,0.0002148804735639942,0.0002148804735639942,0.00573098164806396,0.00514332770589121,0.00573098164806396,0.0002148804735639942,True,0.007438559437579428,0.008451055860438927,0.0002148804735639942,0.0002148804735639942,0.008451055860438927,0.007438559437579428,0.008451055860438927,0.0002148804735639942,False,0.0044483820707803545,0.014239860894280199,0.00463013640788823,0.00463013640788823,0.014239860894280199,0.0044483820707803545,0.014239860894280199,0.00463013640788823,False
AG:36285:I:-1:36268:36273,AG,2026-05-22 13:35:00,36285,-1,internal,12,18735.0,18824.0,18735.0,18824.0,False,0.47451482192365113,0.449438202247191,36268,2026-05-22T09:50:00,36273,2026-05-22T10:30:00,36285,2026-05-22T13:30:00,False,True,True,36286.0,36285,2026-05-22 13:35:00,0.0,1,1,CHoCH,1,18320.0,213.0,CHoCH,1,18724.0,0.0,68,20,39,7,current_swing_high,swing,0.0,82.0,18885.0,18885.0,18885.0,0.6877799104286628,current_internal_high,internal,0.0,1.0,18724.0,18724.0,18724.0,0.17061207080400936,18713.0,18775.0,18702.0,18756.0,12854.0,233770.0,1,1,0,1,1,0,active_bear_internal_ob,18724.0,1,below,0.17061207080400936,18824.0,True,0.0,18598.0,7,below,0.8423970995947964,18621.0,False,,18885.0,82.0,above,0.6877799104286628,18320.0,False,,18166.0,43.0,below,3.145660055448923,17856.0,False,,2,12094,2026-05-22 11:30:00,125.0,-1,1,BOS,-1,18136.0,103.0,CHoCH,1,18578.0,18.0,65,11,25,6,active_bear_internal_ob,internal,-1.0,114.0,18895.0,19050.0,18972.5,0.7410961825549157,active_bull_internal_ob,internal,1.0,18.0,18391.0,18476.0,18433.5,1.4928556195350822,18663.0,18672.0,18613.0,18649.0,11255.0,233486.0,0,0,0,0,0,0,,18899.0,6,above,0.762422691405417,18578.0,False,,18391.0,19,below,1.946043932608232,18166.0,False,,19185.0,88.0,above,2.287268074216251,22051.0,False,,17856.0,27.0,below,4.798464491362764,18136.0,False,,3600,2026-05-22 11:30:00,125.0,1,-1,BOS,1,20556.0,96.0,BOS,-1,18136.0,24.0,36,5,9,1,current_internal_high,internal,0.0,8.0,18885.0,18885.0,18885.0,0.6877799104286628,current_internal_low,internal,0.0,3.0,18166.0,18166.0,18166.0,3.145660055448923,18706.0,18724.0,18613.0,18649.0,21201.0,233486.0,0,0,0,0,0,0,,18885.0,8.0,above,0.6877799104286628,19185.0,False,,18166.0,3.0,below,3.145660055448923,17856.0,False,,22051.0,21.0,above,17.567711665600342,20556.0,False,,17555.0,90.0,below,6.403284282362977,17266.0,False,,0.005634716163003262,0.005687722974391463,0.00047988483685124095,0.00047988483685124095,0.005687722974391463,-0.005634716163003262,0.00047988483685124095,0.005687722974391463,True,0.0027681678576136903,0.0066413654307702075,0.00047988483685124095,0.00047988483685124095,0.0066413654307702075,-0.0027681678576136903,0.00047988483685124095,0.0066413654307702075,True,-0.006846777215054445,0.0066413654307702075,0.012228631871398221,0.012228631871398221,0.0066413654307702075,0.006846777215054445,0.012228631871398221,0.0066413654307702075,True,-0.0031501133927296365,0.0066413654307702075,0.012228631871398221,0.012228631871398221,0.0066413654307702075,0.0031501133927296365,0.012228631871398221,0.0066413654307702075,True,-0.0057202583071962465,0.0066413654307702075,0.012228631871398221,0.012228631871398221,0.0066413654307702075,0.0057202583071962465,0.012228631871398221,0.0066413654307702075,False
AG:36290:I:1:36284:36285,AG,2026-05-22 14:00:00,36290,1,internal,5,18613.0,18649.0,18613.0,18649.0,False,0.1938610662358643,1.0,36284,2026-05-22T11:25:00,36285,2026-05-22T13:30:00,36290,2026-05-22T13:55:00,True,False,False,36290.0,36290,2026-05-22 14:00:00,0.0,1,-1,CHoCH,1,18320.0,218.0,CHoCH,-1,18613.0,0.0,66,20,39,7,current_internal_low,internal,0.0,1.0,18613.0,18613.0,18613.0,0.2315562735595046,active_bull_internal_ob,internal,1.0,62.0,18427.0,18565.0,18496.0,0.026925148088314487,18796.0,18803.0,18551.0,18570.0,27790.0,235040.0,0,0,0,0,0,0,,18724.0,6,above,0.8292945611200861,18824.0,True,5.0,18613.0,1,above,0.2315562735595046,18598.0,True,0.0,18885.0,87.0,above,1.6962843295638126,18320.0,False,,18166.0,48.0,below,2.1755519655358104,17856.0,False,,2,12096,2026-05-22 14:00:00,0.0,-1,1,BOS,-1,18136.0,105.0,CHoCH,1,18578.0,20.0,65,11,25,6,active_bear_internal_ob,internal,-1.0,116.0,18895.0,19050.0,18972.5,1.7501346257404415,active_bull_internal_ob,internal,1.0,20.0,18391.0,18476.0,18433.5,0.5061927840603123,18817.0,18856.0,18551.0,18570.0,40487.0,235040.0,0,0,0,0,0,0,,18899.0,8,above,1.7716747442110932,18578.0,False,,18391.0,21,below,0.9639203015616585,18166.0,False,,19185.0,90.0,above,3.3117932148626816,22051.0,False,,17856.0,29.0,below,3.8449111470113086,18136.0,False,,3601,2026-05-22 14:00:00,0.0,1,-1,BOS,1,20556.0,97.0,BOS,-1,18136.0,25.0,36,5,9,1,current_internal_high,internal,0.0,0.0,18899.0,18899.0,18899.0,1.7716747442110932,current_internal_low,internal,0.0,4.0,18166.0,18166.0,18166.0,2.1755519655358104,18713.0,18884.0,18551.0,18570.0,76493.0,235040.0,0,0,0,0,0,0,,18899.0,0.0,above,1.7716747442110932,18885.0,False,,18166.0,4.0,below,2.1755519655358104,17856.0,False,,22051.0,22.0,above,18.745288099084544,20556.0,False,,17555.0,91.0,below,5.46580506192784,17266.0,False,,0.0031717898805414535,0.004191075932149957,0.002210064775802323,0.002210064775802323,0.004191075932149957,0.0031717898805414535,0.004191075932149957,0.002210064775802323,True,0.0044591365154467155,0.0060659927797726,0.002210064775802323,0.002210064775802323,0.0060659927797726,0.0044591365154467155,0.0060659927797726,0.002210064775802323,True,0.007296169705965028,0.0077237028462953106,0.002210064775802323,0.002210064775802323,0.0077237028462953106,0.007296169705965028,0.0077237028462953106,0.002210064775802323,True,0.0058518944007506235,0.009111924543956818,0.002210064775802323,0.002210064775802323,0.009111924543956818,0.0058518944007506235,0.009111924543956818,0.002210064775802323,True,0.003976575716826858,0.009111924543956818,0.002210064775802323,0.002210064775802323,0.009111924543956818,0.003976575716826858,0.009111924543956818,0.002210064775802323,False
AG:36290:I:1:36218:36228,AG,2026-05-22 14:00:00,36290,1,internal,62,18427.0,18565.0,18427.0,18565.0,False,0.7431340872374798,0.10144927536231885,36218,2026-05-21T23:10:00,36228,2026-05-22T00:00:00,36290,2026-05-22T13:55:00,False,True,True,36319.0,36290,2026-05-22 14:00:00,0.0,1,-1,CHoCH,1,18320.0,218.0,CHoCH,-1,18613.0,0.0,66,20,39,7,current_internal_low,internal,0.0,1.0,18613.0,18613.0,18613.0,0.2315562735595046,active_bull_internal_ob,internal,1.0,62.0,18427.0,18565.0,18496.0,0.026925148088314487,18796.0,18803.0,18551.0,18570.0,27790.0,235040.0,0,0,0,0,0,0,,18724.0,6,above,0.8292945611200861,18824.0,True,5.0,18613.0,1,above,0.2315562735595046,18598.0,True,0.0,18885.0,87.0,above,1.6962843295638126,18320.0,False,,18166.0,48.0,below,2.1755519655358104,17856.0,False,,2,12096,2026-05-22 14:00:00,0.0,-1,1,BOS,-1,18136.0,105.0,CHoCH,1,18578.0,20.0,65,11,25,6,active_bear_internal_ob,internal,-1.0,116.0,18895.0,19050.0,18972.5,1.7501346257404415,active_bull_internal_ob,internal,1.0,20.0,18391.0,18476.0,18433.5,0.5061927840603123,18817.0,18856.0,18551.0,18570.0,40487.0,235040.0,0,0,0,0,0,0,,18899.0,8,above,1.7716747442110932,18578.0,False,,18391.0,21,below,0.9639203015616585,18166.0,False,,19185.0,90.0,above,3.3117932148626816,22051.0,False,,17856.0,29.0,below,3.8449111470113086,18136.0,False,,3601,2026-05-22 14:00:00,0.0,1,-1,BOS,1,20556.0,97.0,BOS,-1,18136.0,25.0,36,5,9,1,current_internal_high,internal,0.0,0.0,18899.0,18899.0,18899.0,1.7716747442110932,current_internal_low,internal,0.0,4.0,18166.0,18166.0,18166.0,2.1755519655358104,18713.0,18884.0,18551.0,18570.0,76493.0,235040.0,0,0,0,0,0,0,,18899.0,0.0,above,1.7716747442110932,18885.0,False,,18166.0,4.0,below,2.1755519655358104,17856.0,False,,22051.0,22.0,above,18.745288099084544,20556.0,False,,17555.0,91.0,below,5.46580506192784,17266.0,False,,0.0031717898805414535,0.004191075932149957,0.002210064775802323,0.002210064775802323,0.004191075932149957,0.0031717898805414535,0.004191075932149957,0.002210064775802323,True,0.0044591365154467155,0.0060659927797726,0.002210064775802323,0.002210064775802323,0.0060659927797726,0.0044591365154467155,0.0060659927797726,0.002210064775802323,True,0.007296169705965028,0.0077237028462953106,0.002210064775802323,0.002210064775802323,0.0077237028462953106,0.007296169705965028,0.0077237028462953106,0.002210064775802323,True,0.0058518944007506235,0.009111924543956818,0.002210064775802323,0.002210064775802323,0.009111924543956818,0.0058518944007506235,0.009111924543956818,0.002210064775802323,True,0.003976575716826858,0.009111924543956818,0.002210064775802323,0.002210064775802323,0.009111924543956818,0.003976575716826858,0.009111924543956818,0.002210064775802323,False
AG:36344:I:-1:36305:36317,AG,2026-05-23 00:30:00,36344,-1,internal,27,18680.0,18740.0,18680.0,18740.0,False,0.3206327152247101,0.8833333333333333,36305,2026-05-22T21:10:00,36317,2026-05-22T22:10:00,36344,2026-05-23T00:25:00,False,True,True,36345.0,36344,2026-05-23 00:30:00,0.0,1,-1,CHoCH,1,18320.0,272.0,BOS,-1,18571.0,27.0,65,21,39,7,current_internal_high,internal,0.0,34.0,18740.0,18740.0,18740.0,0.14428472185111954,current_internal_low,internal,0.0,19.0,18380.0,18380.0,18380.0,1.779511569497141,18633.0,18733.0,18631.0,18713.0,12572.0,241991.0,1,1,0,1,1,0,active_bear_internal_ob,18740.0,34,above,0.14428472185111954,18742.0,False,,18380.0,19,below,1.779511569497141,18571.0,False,,18899.0,43.0,above,0.9939614171966014,18885.0,False,,18166.0,102.0,below,2.9231015871319403,17856.0,False,,4,12114,2026-05-23 00:30:00,0.0,-1,-1,BOS,-1,18136.0,123.0,CHoCH,-1,18531.0,9.0,64,12,25,6,current_internal_high,internal,0.0,10.0,18742.0,18742.0,18742.0,0.15497247902527655,current_internal_low,internal,0.0,3.0,18380.0,18380.0,18380.0,1.779511569497141,18651.0,18733.0,18592.0,18713.0,23006.0,241991.0,1,1,0,1,1,0,active_bear_internal_ob,18742.0,10,above,0.15497247902527655,18899.0,False,,18380.0,3,below,1.779511569497141,18531.0,False,,19185.0,108.0,above,2.5223106931010526,22051.0,False,,17856.0,47.0,below,4.579703949126276,18136.0,False,,3605,2026-05-23 00:00:00,30.0,1,-1,BOS,1,20556.0,101.0,BOS,-1,18136.0,29.0,36,5,9,1,current_internal_high,internal,0.0,4.0,18899.0,18899.0,18899.0,0.9939614171966014,current_internal_low,internal,0.0,8.0,18166.0,18166.0,18166.0,2.9231015871319403,18462.0,18661.0,18454.0,18648.0,82484.0,242566.0,0,0,0,0,0,0,,18899.0,4.0,above,0.9939614171966014,18885.0,False,,18166.0,8.0,below,2.9231015871319403,17856.0,False,,22051.0,26.0,above,17.83786672366804,20556.0,False,,17555.0,95.0,below,6.188211403836904,17266.0,False,,-0.0008553863125140282,0.0019219481651617798,0.0013903745555339242,0.0013903745555339242,0.0019219481651617798,0.0008553863125140282,0.0013903745555339242,0.0019219481651617798,True,-0.004123275541100924,0.0019219481651617798,0.004230600467417744,0.004230600467417744,0.0019219481651617798,0.004123275541100924,0.004230600467417744,0.0019219481651617798,True,-0.003962309745984882,0.0019219481651617798,0.005949367675375683,0.005949367675375683,0.0019219481651617798,0.003962309745984882,0.005949367675375683,0.0019219481651617798,True,-0.00010688328355712429,0.0019219481651617798,0.005949367675375683,0.005949367675375683,0.0019219481651617798,0.00010688328355712429,0.005949367675375683,0.0019219481651617798,True,-0.0017115049372264934,0.0019219481651617798,0.005949367675375683,0.005949367675375683,0.0019219481651617798,0.0017115049372264934,0.005949367675375683,0.0019219481651617798,True
AG:36369:I:-1:35739:35748,AG,2026-05-25 09:05:00,36369,-1,internal,621,19218.0,19320.0,19218.0,19320.0,False,0.5311670051554445,0.6764705882352942,35739,2026-05-15T14:15:00,35748,2026-05-15T21:00:00,36369,2026-05-25T09:00:00,False,True,True,,36369,2026-05-25 09:05:00,0.0,1,1,BOS,1,18899.0,0.0,CHoCH,1,18724.0,0.0,66,18,40,6,active_bear_internal_ob,internal,-1.0,621.0,19218.0,19320.0,19269.0,0.07811279487580065,current_swing_high,swing,0.0,68.0,18899.0,18899.0,18899.0,1.58308597614956,19174.0,19287.0,19132.0,19203.0,49054.0,240404.0,0,0,0,0,0,0,,18724.0,7,below,2.4944019163672344,18749.0,True,0.0,18623.0,1,below,3.020361401864292,18602.0,False,,18899.0,68.0,below,1.58308597614956,18885.0,True,0.0,18166.0,127.0,below,5.400197885747018,17856.0,False,,2,12122,2026-05-23 02:30:00,3275.0,-1,-1,BOS,-1,18136.0,131.0,CHoCH,-1,18531.0,17.0,64,11,25,6,active_bear_internal_ob,internal,-1.0,212.0,19961.0,20096.0,20028.5,3.947299901057127,active_bear_swing_ob,swing,-1.0,131.0,19065.0,19185.0,19125.0,0.0937353538509608,18660.0,18696.0,18645.0,18681.0,9261.0,238236.0,0,0,0,0,0,0,,18749.0,2,below,2.3642139249075664,18742.0,False,,18602.0,1,below,3.129719314690413,18380.0,False,,19185.0,116.0,below,0.0937353538509608,22051.0,False,,17856.0,55.0,below,7.014528979846898,18136.0,False,,3608,2026-05-23 02:30:00,3275.0,1,-1,BOS,1,20556.0,104.0,BOS,-1,18136.0,32.0,36,5,9,1,active_bear_internal_ob,internal,-1.0,71.0,21824.0,22051.0,21937.5,13.648909024631568,active_bear_internal_ob,internal,-1.0,32.0,18940.0,19185.0,19062.5,0.0937353538509608,18671.0,18696.0,18623.0,18681.0,16538.0,238236.0,0,0,0,0,0,0,,18899.0,7.0,below,1.58308597614956,18885.0,False,,18166.0,11.0,below,5.400197885747018,17856.0,False,,22051.0,29.0,above,14.831015987085353,20556.0,False,,17555.0,98.0,below,8.581992397021299,17266.0,False,,-0.0038091308547567593,0.00041655819399544214,0.0046459509872711635,0.0046459509872711635,0.00041655819399544214,0.0038091308547567593,0.0046459509872711635,0.00041655819399544214,True,-0.003338727082851989,0.00041655819399544214,0.005483471974251586,0.005483471974251586,0.00041655819399544214,0.003338727082851989,0.005483471974251586,0.00041655819399544214,True,-0.003913695083429758,0.00041655819399544214,0.005483471974251586,0.005483471974251586,0.00041655819399544214,0.003913695083429758,0.005483471974251586,0.00041655819399544214,True,-0.00878804630513308,0.00041655819399544214,0.009208457263030212,0.009208457263030212,0.00041655819399544214,0.00878804630513308,0.009208457263030212,0.00041655819399544214,True,-0.011787338195464514,0.00041655819399544214,0.015483029007587135,0.015483029007587135,0.00041655819399544214,0.011787338195464514,0.015483029007587135,0.00041655819399544214,False
AG:36422:I:-1:36413:36417,AG,2026-05-25 21:45:00,36422,-1,internal,5,18967.0,18998.0,18967.0,18998.0,False,0.16342453476725183,0.3870967741935484,36413,2026-05-25T14:55:00,36417,2026-05-25T21:15:00,36422,2026-05-25T21:40:00,False,True,True,36426.0,36422,2026-05-25 21:45:00,0.0,1,-1,BOS,1,18899.0,53.0,BOS,-1,18919.0,5.0,66,20,40,6,current_internal_high,internal,0.0,3.0,19017.0,19017.0,19017.0,0.25304444092993833,current_internal_low,internal,0.0,0.0,18893.0,18893.0,18893.0,0.400653698139069,18943.0,18979.0,18943.0,18969.0,5930.0,250855.0,1,1,0,1,1,0,active_bear_internal_ob,19017.0,3,above,0.25304444092993833,19030.0,False,,18893.0,0,below,0.400653698139069,18919.0,False,,19287.0,3.0,above,1.6764194211608414,18899.0,False,,18380.0,52.0,below,3.1050661605777847,18166.0,False,,4,12140,2026-05-25 21:45:00,0.0,-1,1,BOS,-1,18136.0,149.0,CHoCH,1,18749.0,17.0,65,10,25,5,current_internal_high,internal,0.0,4.0,19035.0,19035.0,19035.0,0.3479361062786652,current_internal_low,internal,0.0,5.0,18906.0,18906.0,18906.0,0.33212082872054405,18919.0,18979.0,18913.0,18969.0,17628.0,250855.0,0,0,0,0,0,0,,19035.0,4,above,0.3479361062786652,19287.0,False,,18906.0,5,below,0.33212082872054405,18602.0,False,,19185.0,134.0,above,1.1386999841847223,22051.0,False,,17856.0,73.0,below,5.8674679740629445,18136.0,False,,3613,2026-05-25 15:00:00,405.0,1,1,BOS,1,20556.0,109.0,CHoCH,1,18899.0,4.0,37,4,9,1,active_bear_internal_ob,internal,-1.0,76.0,21824.0,22051.0,21937.5,15.050872476145289,current_internal_high,internal,0.0,12.0,18899.0,18899.0,18899.0,0.3690231430228267,18962.0,18998.0,18919.0,18995.0,49524.0,245606.0,0,0,0,0,0,0,,18899.0,12.0,below,0.3690231430228267,18885.0,True,4.0,18380.0,4.0,below,3.1050661605777847,18166.0,False,,22051.0,34.0,above,16.247561811376457,20556.0,False,,17555.0,103.0,below,7.454267489061099,17266.0,False,,-0.0025335176646699153,5.2713423485784006e-05,0.003908524491915699,0.003908524491915699,5.2713423485784006e-05,0.0025335176646699153,0.003908524491915699,5.2713423485784006e-05,True,-0.0006327779160724134,0.0003162388683932704,0.003908524491915699,0.003908524491915699,0.0003162388683932704,0.0006327779160724134,0.003908524491915699,0.0003162388683932704,True,0.0015275622554806745,0.004208317625787217,0.003908524491915699,0.003908524491915699,0.004208317625787217,-0.0015275622554806745,0.003908524491915699,0.004208317625787217,True,0.0021589750625672366,0.004208317625787217,0.003908524491915699,0.003908524491915699,0.004208317625787217,-0.0021589750625672366,0.003908524491915699,0.004208317625787217,True,0.0023167659899154813,0.005834291601281905,0.003908524491915699,0.003908524491915699,0.005834291601281905,-0.0023167659899154813,0.003908524491915699,0.005834291601281905,True
AG:36445:I:1:36432:36440,AG,2026-05-25 23:40:00,36445,1,internal,5,18988.0,19020.0,18988.0,19020.0,False,0.1683147485798443,0.875,36432,2026-05-25T22:30:00,36440,2026-05-25T23:10:00,36445,2026-05-25T23:35:00,False,True,True,36450.0,36445,2026-05-25 23:40:00,0.0,1,1,BOS,1,18899.0,76.0,BOS,1,19050.0,5.0,68,19,40,6,current_internal_high,internal,0.0,0.0,19081.0,19081.0,19081.0,0.36292867662528927,current_internal_low,internal,0.0,8.0,18988.0,18988.0,18988.0,0.12623606143488322,19040.0,19041.0,18992.0,19012.0,6259.0,254378.0,1,1,1,0,1,0,active_bull_internal_ob,19081.0,0,above,0.36292867662528927,19050.0,False,,18988.0,8,below,0.12623606143488322,18893.0,False,,19287.0,26.0,above,1.4464548706080371,18899.0,False,,18380.0,75.0,below,3.324216284451925,18166.0,False,,4,12147,2026-05-25 23:30:00,10.0,-1,1,BOS,-1,18136.0,156.0,BOS,1,19035.0,1.0,66,10,25,5,current_internal_high,internal,0.0,11.0,19035.0,19035.0,19035.0,0.12097622554176309,current_internal_low,internal,0.0,4.0,18885.0,18885.0,18885.0,0.6679991584262571,19058.0,19068.0,19037.0,19051.0,11360.0,254506.0,1,1,1,0,1,0,active_bull_internal_ob,19035.0,11,above,0.12097622554176309,19287.0,True,1.0,18885.0,4,below,0.6679991584262571,18906.0,False,,19185.0,141.0,above,0.9099516095097833,22051.0,False,,17856.0,80.0,below,6.080370292446876,18136.0,False,,3615,2026-05-25 23:00:00,40.0,1,1,BOS,1,20556.0,111.0,CHoCH,1,18899.0,6.0,37,4,9,1,current_internal_high,internal,0.0,1.0,19287.0,19287.0,19287.0,1.4464548706080371,active_bull_internal_ob,internal,1.0,6.0,18380.0,18646.0,18513.0,1.9250999368819692,18959.0,19066.0,18945.0,19026.0,67806.0,253365.0,0,0,0,0,0,0,,19287.0,1.0,above,1.4464548706080371,18899.0,False,,18380.0,6.0,below,3.324216284451925,18166.0,False,,22051.0,36.0,above,15.984641279192088,20556.0,False,,17555.0,105.0,below,7.663580896276036,17266.0,False,,0.00015779092734824474,0.00047329810775487147,0.0002630402203660509,0.0002630402203660509,0.00047329810775487147,0.00015779092734824474,0.00047329810775487147,0.0002630402203660509,True,0.00021038237073334187,0.0009463723103806387,0.0002630402203660509,0.0002630402203660509,0.0009463723103806387,0.00021038237073334187,0.0009463723103806387,0.0002630402203660509,True,-0.00010520778547373766,0.0009463723103806387,0.0014212398760271583,0.0014212398760271583,0.0009463723103806387,-0.00010520778547373766,0.0009463723103806387,0.0014212398760271583,True,0.0015767899829537413,0.0019443501750711079,0.0014212398760271583,0.0014212398760271583,0.0019443501750711079,0.0015767899829537413,0.0019443501750711079,0.0014212398760271583,True,0.004879978200701629,0.010933644532656217,0.0014212398760271583,0.0014212398760271583,0.010933644532656217,0.004879978200701629,0.010933644532656217,0.0014212398760271583,True
AG:36462:I:-1:36374:36380,AG,2026-05-26 01:05:00,36462,-1,internal,82,19123.0,19185.0,19123.0,19185.0,False,0.3243356350700984,0.0,36374,2026-05-25T09:25:00,36380,2026-05-25T09:55:00,36462,2026-05-26T01:00:00,False,True,True,36464.0,36462,2026-05-26 01:05:00,0.0,1,1,BOS,1,18899.0,93.0,BOS,1,19081.0,1.0,68,19,40,6,active_bear_internal_ob,internal,-1.0,82.0,19123.0,19185.0,19154.0,0.0366185394433982,current_internal_high,internal,0.0,17.0,19081.0,19081.0,19081.0,0.183092697216991,19094.0,19123.0,19089.0,19116.0,6688.0,254897.0,0,0,0,0,0,0,,19081.0,17,below,0.183092697216991,19050.0,True,1.0,18984.0,7,below,0.6905210295040803,18988.0,False,,19287.0,43.0,above,0.8945386064030132,18899.0,False,,18380.0,92.0,below,3.850177861477296,18166.0,False,,4,12153,2026-05-26 01:00:00,5.0,-1,1,BOS,-1,18136.0,162.0,BOS,1,19081.0,0.0,67,10,25,5,current_swing_high,swing,0.0,147.0,19185.0,19185.0,19185.0,0.36095417451349654,current_internal_high,internal,0.0,2.0,19081.0,19081.0,19081.0,0.183092697216991,19055.0,19098.0,19051.0,19091.0,11911.0,254251.0,0,0,0,0,0,0,,19081.0,2,below,0.183092697216991,19035.0,True,0.0,18885.0,10,below,1.2084118016321406,18906.0,False,,19185.0,147.0,above,0.36095417451349654,22051.0,False,,17856.0,86.0,below,6.591337099811676,18136.0,False,,3617,2026-05-26 01:00:00,5.0,1,1,BOS,1,20556.0,113.0,CHoCH,1,18899.0,8.0,37,4,9,1,current_internal_high,internal,0.0,3.0,19287.0,19287.0,19287.0,0.8945386064030132,active_bull_internal_ob,internal,1.0,8.0,18380.0,18646.0,18513.0,2.458673362628165,19012.0,19098.0,18984.0,19091.0,33193.0,254251.0,0,0,0,0,0,0,,19287.0,3.0,above,0.8945386064030132,18899.0,False,,18380.0,8.0,below,3.850177861477296,18166.0,False,,22051.0,38.0,above,15.353630466624818,20556.0,False,,17555.0,107.0,below,8.165934295877799,17266.0,False,,0.0020383104765357984,0.0022993321167117386,0.0009421618074600957,0.0009421618074600957,0.0022993321167117386,-0.0020383104765357984,0.0009421618074600957,0.0022993321167117386,True,0.003551288461769886,0.005530352698157159,0.0009421618074600957,0.0009421618074600957,0.005530352698157159,-0.003551288461769886,0.0009421618074600957,0.005530352698157159,True,0.0002615541562782653,0.005530352698157159,0.0009421618074600957,0.0009421618074600957,0.005530352698157159,-0.0002615541562782653,0.0009421618074600957,0.005530352698157159,True,0.0008367326081728521,0.005530352698157159,0.0013087979252244253,0.0013087979252244253,0.005530352698157159,-0.0008367326081728521,0.0013087979252244253,0.005530352698157159,True,-0.018107925159652538,0.005530352698157159,0.018640803782515647,0.018640803782515647,0.005530352698157159,0.018107925159652538,0.018640803782515647,0.005530352698157159,False
AG:36480:I:1:36417:36427,AG,2026-05-26 09:05:00,36480,1,internal,53,18893.0,18943.0,18893.0,18943.0,False,0.2654350480437437,1.0,36417,2026-05-25T21:15:00,36427,2026-05-25T22:05:00,36480,2026-05-26T09:00:00,True,False,False,36480.0,36480,2026-05-26 09:05:00,0.0,-1,-1,CHoCH,-1,18885.0,0.0,CHoCH,-1,19089.0,1.0,66,19,40,7,current_swing_low,swing,0.0,16.0,18885.0,18885.0,18885.0,0.2548176461219939,active_bull_internal_ob,internal,1.0,111.0,18623.0,18675.0,18649.0,0.8600095556617295,18943.0,18979.0,18824.0,18837.0,27077.0,253323.0,0,0,0,0,0,0,,19133.0,1,above,1.5713754844189627,19220.0,False,,19089.0,4,above,1.3377926421404682,18984.0,True,1.0,19287.0,61.0,above,2.388915432393693,18899.0,False,,18885.0,16.0,above,0.2548176461219939,18380.0,True,0.0,2,12159,2026-05-26 02:30:00,395.0,1,1,CHoCH,1,19185.0,5.0,BOS,1,19081.0,6.0,67,10,26,5,active_bull_internal_ob,internal,1.0,13.0,18885.0,19017.0,18951.0,0.2548176461219939,active_bull_internal_ob,internal,1.0,36.0,18602.0,18669.0,18635.5,0.8918617614269788,19097.0,19117.0,19075.0,19087.0,5877.0,253359.0,0,0,0,0,0,0,,19220.0,0,above,2.033232468015077,19081.0,False,,18984.0,4,above,0.7803790412486065,18885.0,False,,19185.0,153.0,above,1.847427934384456,22051.0,True,5.0,17856.0,92.0,below,5.207835642618251,18136.0,False,,3619,2026-05-26 02:30:00,395.0,1,1,BOS,1,20556.0,115.0,CHoCH,1,18899.0,10.0,37,4,9,1,current_internal_low,internal,0.0,0.0,18885.0,18885.0,18885.0,0.2548176461219939,active_bull_internal_ob,internal,1.0,10.0,18380.0,18646.0,18513.0,1.013961883527101,19122.0,19133.0,19075.0,19087.0,11597.0,253359.0,0,0,0,0,0,0,,19287.0,5.0,above,2.388915432393693,18899.0,False,,18885.0,0.0,above,0.2548176461219939,18380.0,False,,22051.0,40.0,above,17.062164888251843,20556.0,False,,17555.0,109.0,below,6.805754631841589,17266.0,False,,0.001591343429392822,0.0025449353643374195,0.00037167813102101377,0.00037167813102101377,0.0025449353643374195,0.001591343429392822,0.0025449353643374195,0.00037167813102101377,True,0.002650833913627082,0.004449395549540824,0.00037167813102101377,0.00037167813102101377,0.004449395549540824,0.002650833913627082,0.004449395549540824,0.00037167813102101377,True,-0.0035098951157461755,0.004449395549540824,0.004042773738609284,0.004042773738609284,0.004449395549540824,-0.0035098951157461755,0.004449395549540824,0.004042773738609284,True,-0.009387236248747044,0.004449395549540824,0.018376665644636248,0.018376665644636248,0.004449395549540824,-0.009387236248747044,0.004449395549540824,0.018376665644636248,True,-0.00596349139680008,0.004449395549540824,0.018376665644636248,0.018376665644636248,0.004449395549540824,-0.00596349139680008,0.004449395549540824,0.018376665644636248,False
AG:36487:I:1:36363:36369,AG,2026-05-26 09:40:00,36487,1,internal,118,18623.0,18675.0,18623.0,18675.0,False,0.2799913848804652,1.0,36363,2026-05-23T02:00:00,36369,2026-05-25T09:00:00,36487,2026-05-26T09:35:00,True,False,False,36487.0,36487,2026-05-26 09:40:00,0.0,-1,-1,CHoCH,-1,18885.0,7.0,CHoCH,-1,19089.0,8.0,65,19,40,7,current_swing_low,swing,0.0,23.0,18885.0,18885.0,18885.0,1.6853327589920313,active_bull_swing_ob,swing,1.0,118.0,18380.0,18448.0,18414.0,0.6676717639457247,18770.0,18770.0,18558.0,18572.0,22865.0,255896.0,0,0,0,0,0,0,,19133.0,8,above,3.0206762868834804,19220.0,False,,19089.0,11,above,2.7837604996769327,18984.0,True,8.0,19287.0,68.0,above,3.8498815421063965,18899.0,False,,18885.0,23.0,above,1.6853327589920313,18380.0,True,7.0,2,12161,2026-05-26 09:30:00,10.0,1,-1,CHoCH,1,19185.0,7.0,CHoCH,-1,18984.0,1.0,65,11,26,5,active_bull_internal_ob,internal,1.0,38.0,18602.0,18669.0,18635.5,0.16153349127719147,active_bull_internal_ob,internal,1.0,136.0,17856.0,18063.0,17959.5,2.7406849020030153,18908.0,18908.0,18841.0,18864.0,19461.0,254933.0,0,0,0,0,0,0,,19220.0,2,above,3.489123411587336,19081.0,False,,18984.0,6,above,2.218393280206763,18885.0,True,1.0,19185.0,155.0,above,3.300667671763946,22051.0,True,7.0,17856.0,94.0,below,3.8552659918156365,18136.0,False,,3619,2026-05-26 02:30:00,430.0,1,1,BOS,1,20556.0,115.0,CHoCH,1,18899.0,10.0,37,4,9,1,current_internal_low,internal,0.0,0.0,18885.0,18885.0,18885.0,1.6853327589920313,active_bull_swing_ob,swing,1.0,286.0,17266.0,17864.0,17565.0,3.8121903941417186,19122.0,19133.0,19075.0,19087.0,11597.0,253359.0,1,1,1,0,1,0,active_bull_internal_ob,19287.0,5.0,above,3.8498815421063965,18899.0,False,,18885.0,0.0,above,1.6853327589920313,18380.0,False,,22051.0,40.0,above,18.73250053844497,20556.0,False,,17555.0,109.0,below,5.475985354296791,17266.0,False,,-0.00048469182627464136,0.000592082262903304,0.004262558049758169,0.004262558049758169,0.000592082262903304,-0.00048469182627464136,0.000592082262903304,0.004262558049758169,True,0.003815465305290644,0.003815465305290644,0.004262558049758169,0.004262558049758169,0.003815465305290644,0.003815465305290644,0.003815465305290644,0.004262558049758169,True,0.007135414807155627,0.007456116076673069,0.004262558049758169,0.004262558049758169,0.007456116076673069,0.007135414807155627,0.007456116076673069,0.004262558049758169,True,0.006172693440612775,0.010284519381780655,0.004262558049758169,0.004262558049758169,0.010284519381780655,0.006172693440612775,0.010284519381780655,0.004262558049758169,False,0.004029988528252204,0.012839207023789712,0.004262558049758169,0.004262558049758169,0.012839207023789712,0.004029988528252204,0.012839207023789712,0.004262558049758169,False
AG:36508:I:1:36500:36505,AG,2026-05-26 13:40:00,36508,1,internal,3,18667.0,18706.0,18667.0,18706.0,False,0.20874591874966547,0.5897435897435898,36500,2026-05-26T10:55:00,36505,2026-05-26T11:20:00,36508,2026-05-26T13:35:00,False,True,True,36509.0,36508,2026-05-26 13:40:00,0.0,-1,1,CHoCH,-1,18885.0,28.0,CHoCH,1,18765.0,3.0,66,19,40,7,current_internal_high,internal,0.0,6.0,18765.0,18765.0,18765.0,0.4389016753198094,current_internal_low,internal,0.0,3.0,18667.0,18667.0,18667.0,0.08563935128191405,18745.0,18752.0,18683.0,18683.0,6643.0,254685.0,1,1,1,0,1,0,active_bull_internal_ob,18765.0,6,above,0.4389016753198094,19133.0,True,3.0,18667.0,3,below,0.08563935128191405,18494.0,False,,19287.0,89.0,above,3.2328855108922547,18899.0,False,,18885.0,44.0,above,1.0811968099341647,18380.0,True,28.0,2,12168,2026-05-26 11:30:00,130.0,1,-1,CHoCH,1,19185.0,14.0,CHoCH,-1,18984.0,8.0,64,11,26,5,active_bear_internal_ob,internal,-1.0,8.0,19089.0,19220.0,19154.5,2.173098538778569,current_internal_low,internal,0.0,0.0,18550.0,18550.0,18550.0,0.7118771075309105,18709.0,18813.0,18706.0,18779.0,15421.0,253843.0,0,0,0,0,0,0,,19220.0,9,above,2.87427072739924,19081.0,False,,18550.0,0,below,0.7118771075309105,18984.0,False,,19185.0,162.0,above,2.686934646470053,22051.0,True,14.0,17856.0,101.0,below,4.426483969383932,18136.0,False,,3622,2026-05-26 11:30:00,130.0,1,-1,BOS,1,20556.0,118.0,CHoCH,-1,18885.0,2.0,37,5,9,1,current_internal_low,internal,0.0,3.0,18885.0,18885.0,18885.0,1.0811968099341647,active_bull_internal_ob,internal,1.0,13.0,18380.0,18646.0,18513.0,0.1980409998394262,18673.0,18813.0,18671.0,18779.0,25195.0,253843.0,0,0,0,0,0,0,,19287.0,8.0,above,3.2328855108922547,18899.0,False,,18885.0,3.0,above,1.0811968099341647,18380.0,True,2.0,22051.0,43.0,above,18.027083444842905,20556.0,False,,17555.0,112.0,below,6.03757426537494,17266.0,False,,-0.000267658790175318,0.0004281051063390606,0.002787159439485265,0.002787159439485265,0.0004281051063390606,-0.000267658790175318,0.0004281051063390606,0.002787159439485265,True,-0.0018751177442446476,0.0004281051063390606,0.0035925934777107926,0.0035925934777107926,0.0004281051063390606,-0.0018751177442446476,0.0004281051063390606,0.0035925934777107926,True,-0.0008567604272418095,0.000535102752493799,0.0035925934777107926,0.0035925934777107926,0.000535102752493799,-0.0008567604272418095,0.000535102752493799,0.0035925934777107926,True,0.00021407546241647424,0.0014975667343932741,0.0035925934777107926,0.0035925934777107926,0.0014975667343932741,0.00021407546241647424,0.0014975667343932741,0.0035925934777107926,True,0.0013906720255807414,0.0024057107109083375,0.0056897630684336065,0.0056897630684336065,0.0024057107109083375,0.0013906720255807414,0.0024057107109083375,0.0056897630684336065,False
AG:36528:I:-1:36521:36525,AG,2026-05-26 21:20:00,36528,-1,internal,3,18678.0,18695.0,18678.0,18695.0,False,0.09101616875468466,0.7647058823529411,36521,2026-05-26T14:40:00,36525,2026-05-26T21:00:00,36528,2026-05-26T21:15:00,False,True,True,36529.0,36528,2026-05-26 21:20:00,0.0,-1,-1,CHoCH,-1,18885.0,48.0,BOS,-1,18651.0,3.0,65,21,40,7,current_internal_high,internal,0.0,2.0,18695.0,18695.0,18695.0,0.09101616875468466,current_internal_low,internal,0.0,4.0,18651.0,18651.0,18651.0,0.144555091551558,18612.0,18691.0,18606.0,18678.0,10829.0,259674.0,1,1,0,1,1,0,active_bear_internal_ob,18695.0,2,above,0.09101616875468466,18711.0,False,,18651.0,4,below,0.144555091551558,18616.0,True,3.0,19220.0,14.0,above,2.9018096155905346,19287.0,False,,18885.0,64.0,above,1.108255701895278,18380.0,True,48.0,4,12175,2026-05-26 21:15:00,5.0,1,-1,CHoCH,1,19185.0,21.0,CHoCH,-1,18984.0,15.0,64,11,26,5,current_internal_high,internal,0.0,2.0,18813.0,18813.0,18813.0,0.72277545775779,current_internal_low,internal,0.0,7.0,18550.0,18550.0,18550.0,0.6852982117999786,18624.0,18664.0,18577.0,18611.0,40154.0,259196.0,0,0,0,0,0,0,,18813.0,2,above,0.72277545775779,19220.0,False,,18550.0,7,below,0.6852982117999786,18984.0,False,,19287.0,2.0,above,3.2605203983295854,19185.0,False,,17856.0,108.0,below,4.400899453902987,18136.0,False,,3624,2026-05-26 15:00:00,380.0,1,-1,BOS,1,20556.0,120.0,CHoCH,-1,18885.0,4.0,37,5,9,1,current_internal_low,internal,0.0,5.0,18885.0,18885.0,18885.0,1.108255701895278,active_bull_internal_ob,internal,1.0,15.0,18380.0,18646.0,18513.0,0.17132455294999466,18663.0,18711.0,18633.0,18684.0,53266.0,255092.0,0,0,0,0,0,0,,19220.0,1.0,above,2.9018096155905346,19287.0,False,,18885.0,5.0,above,1.108255701895278,18380.0,True,4.0,22051.0,45.0,above,18.058678659385375,20556.0,False,,17555.0,114.0,below,6.012421030088875,17266.0,False,,0.0010166680919585502,0.0020323036195932787,0.0004819406235352375,0.0004819406235352375,0.0020323036195932787,-0.0010166680919585502,0.0004819406235352375,0.0020323036195932787,True,-0.0003212679402224694,0.0020323036195932787,0.0006962110336115046,0.0006962110336115046,0.0020323036195932787,0.0003212679402224694,0.0006962110336115046,0.0020323036195932787,True,0.0018185713184859509,0.0031536493518302677,0.0012856915040444505,0.0012856915040444505,0.0031536493518302677,-0.0018185713184859509,0.0012856915040444505,0.0031536493518302677,True,-0.0031636263282450727,0.0031536493518302677,0.007253611579770336,0.007253611579770336,0.0031536493518302677,0.0031636263282450727,0.007253611579770336,0.0031536493518302677,True,-0.002841444077699151,0.0031536493518302677,0.007253611579770336,0.007253611579770336,0.0031536493518302677,0.002841444077699151,0.007253611579770336,0.0031536493518302677,True
AG:36535:I:1:36527:36529,AG,2026-05-26 21:55:00,36535,1,internal,6,18577.0,18628.0,18577.0,18628.0,False,0.27450347166155337,1.0,36527,2026-05-26T21:10:00,36529,2026-05-26T21:20:00,36535,2026-05-26T21:50:00,True,False,False,36535.0,36535,2026-05-26 21:55:00,0.0,-1,1,CHoCH,-1,18885.0,55.0,CHoCH,1,18695.0,6.0,65,20,40,7,current_internal_high,internal,0.0,9.0,18695.0,18695.0,18695.0,0.6243608375047096,current_internal_low,internal,0.0,3.0,18577.0,18577.0,18577.0,0.010764842025943269,18712.0,18716.0,18563.0,18579.0,23132.0,261820.0,0,0,0,0,0,0,,18695.0,9,above,0.6243608375047096,18711.0,True,6.0,18577.0,3,below,0.010764842025943269,18651.0,False,,19220.0,21.0,above,3.450131869314818,19287.0,False,,18885.0,71.0,above,1.64702082996932,18380.0,True,55.0,4,12177,2026-05-26 21:45:00,10.0,1,-1,CHoCH,1,19185.0,23.0,CHoCH,-1,18984.0,17.0,64,11,26,5,current_internal_high,internal,0.0,4.0,18813.0,18813.0,18813.0,1.2594865170353626,current_internal_low,internal,0.0,9.0,18550.0,18550.0,18550.0,0.1560902093761774,18671.0,18738.0,18655.0,18711.0,28152.0,260955.0,0,0,0,0,0,0,,18813.0,4,above,1.2594865170353626,19220.0,False,,18550.0,9,below,0.1560902093761774,18984.0,False,,19287.0,4.0,above,3.8107540771839172,19185.0,False,,17856.0,110.0,below,3.8914903923784916,18136.0,False,,3624,2026-05-26 15:00:00,415.0,1,-1,BOS,1,20556.0,120.0,CHoCH,-1,18885.0,4.0,37,5,9,1,current_internal_low,internal,0.0,5.0,18885.0,18885.0,18885.0,1.64702082996932,active_bull_swing_ob,swing,1.0,291.0,17266.0,17864.0,17565.0,3.8484310242747193,18663.0,18711.0,18633.0,18684.0,53266.0,255092.0,1,1,1,0,1,0,active_bull_internal_ob,19220.0,1.0,above,3.450131869314818,19287.0,False,,18885.0,5.0,above,1.64702082996932,18380.0,True,4.0,22051.0,45.0,above,18.687765757037518,20556.0,False,,17555.0,114.0,below,5.5115991172829535,17266.0,False,,0.00021520417579168338,0.0018814680997056854,0.0006458905440105411,0.0006458905440105411,0.0018814680997056854,0.00021520417579168338,0.0018814680997056854,0.0006458905440105411,True,0.0017203380405454993,0.002364702558356413,0.002208517151819578,0.002208517151819578,0.002364702558356413,0.0017203380405454993,0.002364702558356413,0.002208517151819578,True,0.002364702558356413,0.003169574761280103,0.002208517151819578,0.002208517151819578,0.003169574761280103,0.002364702558356413,0.003169574761280103,0.002208517151819578,True,0.003491342340609549,0.00659643611442462,0.002208517151819578,0.002208517151819578,0.00659643611442462,0.003491342340609549,0.00659643611442462,0.002208517151819578,True,0.0028477036142486867,0.00659643611442462,0.002208517151819578,0.002208517151819578,0.00659643611442462,0.0028477036142486867,0.00659643611442462,0.002208517151819578,True
AG:36591:I:-1:36506:36510,AG,2026-05-27 09:05:00,36591,-1,internal,81,18771.0,18813.0,18771.0,18813.0,False,0.2231312755671253,0.23809523809523808,36506,2026-05-26T11:25:00,36510,2026-05-26T13:45:00,36591,2026-05-27T09:00:00,True,False,False,36591.0,36591,2026-05-27 09:05:00,0.0,1,1,CHoCH,1,18813.0,0.0,CHoCH,1,18656.0,0.0,66,19,41,7,active_bear_internal_ob,internal,-1.0,112.0,19108.0,19133.0,19120.5,1.5141050842054933,current_swing_high,swing,0.0,35.0,18813.0,18813.0,18813.0,0.05312649418264889,18807.0,18880.0,18803.0,18823.0,28319.0,260175.0,0,0,0,0,0,0,,18656.0,9,below,0.8872124528502364,18687.0,True,0.0,18530.0,1,below,1.5566062795516125,18602.0,False,,18813.0,35.0,below,0.05312649418264889,19220.0,True,0.0,18494.0,53.0,below,1.7478616586091484,18885.0,False,,2,12196,2026-05-27 02:30:00,395.0,1,-1,CHoCH,1,19185.0,42.0,CHoCH,-1,18984.0,36.0,64,11,26,5,active_bear_internal_ob,internal,-1.0,36.0,19089.0,19220.0,19154.5,1.4131647452584604,current_internal_high,internal,0.0,2.0,18687.0,18687.0,18687.0,0.7225203208840248,18567.0,18619.0,18562.0,18601.0,6728.0,262339.0,0,0,0,0,0,0,,18687.0,2,below,0.7225203208840248,18708.0,False,,18554.0,5,below,1.4291026935132551,18544.0,False,,19287.0,23.0,above,2.4650693300749085,19185.0,False,,17856.0,129.0,below,5.137331987462147,18136.0,False,,3630,2026-05-27 02:30:00,395.0,1,-1,BOS,1,20556.0,126.0,CHoCH,-1,18885.0,10.0,37,5,9,1,current_internal_low,internal,0.0,11.0,18885.0,18885.0,18885.0,0.3293842639324231,active_bull_internal_ob,internal,1.0,21.0,18380.0,18646.0,18513.0,0.9403389470328853,18584.0,18619.0,18530.0,18601.0,17240.0,262339.0,0,0,0,0,0,0,,19220.0,7.0,above,2.1091218190511607,19287.0,False,,18885.0,11.0,above,0.3293842639324231,18380.0,True,10.0,22051.0,51.0,above,17.14923232215906,20556.0,False,,17856.0,3.0,below,5.137331987462147,17555.0,False,,-0.00111598257895551,0.0004778972611862997,0.002499403040095771,0.002499403040095771,0.0004778972611862997,0.00111598257895551,0.002499403040095771,0.0004778972611862997,True,-0.0006906994934947619,0.0014860420949336373,0.002499403040095771,0.002499403040095771,0.0014860420949336373,0.0006906994934947619,0.002499403040095771,0.0014860420949336373,True,0.0004778972611862997,0.005085834230005304,0.002499403040095771,0.002499403040095771,0.005085834230005304,-0.0004778972611862997,0.002499403040095771,0.005085834230005304,True,-0.00511183221760092,0.005085834230005304,0.00644733817212817,0.00644733817212817,0.005085834230005304,0.00511183221760092,0.00644733817212817,0.005085834230005304,True,-0.004044710144293973,0.005085834230005304,0.008748588819766923,0.008748588819766923,0.005085834230005304,0.004044710144293973,0.008748588819766923,0.005085834230005304,False
AG:36618:I:1:36585:36591,AG,2026-05-27 13:35:00,36618,1,internal,27,18530.0,18588.0,18530.0,18588.0,False,0.31290461804056974,1.0,36585,2026-05-27T02:00:00,36591,2026-05-27T09:00:00,36618,2026-05-27T13:30:00,True,False,False,36618.0,36618,2026-05-27 13:35:00,0.0,1,-1,CHoCH,1,18813.0,27.0,CHoCH,-1,18664.0,0.0,65,20,40,7,current_internal_low,internal,0.0,6.0,18664.0,18664.0,18664.0,0.6905481225722918,current_swing_low,swing,0.0,80.0,18494.0,18494.0,18494.0,0.22658610271903326,18727.0,18742.0,18510.0,18536.0,22821.0,261864.0,0,0,0,0,0,0,,18924.0,18,above,2.0932239965472594,18656.0,False,,18664.0,6,above,0.6905481225722918,18530.0,True,0.0,18813.0,62.0,above,1.4943892965041001,19220.0,True,27.0,18494.0,80.0,below,0.22658610271903326,18885.0,False,,2,12205,2026-05-27 11:30:00,125.0,1,1,CHoCH,1,19185.0,51.0,CHoCH,1,18687.0,8.0,65,11,26,5,current_internal_high,internal,0.0,2.0,18924.0,18924.0,18924.0,2.0932239965472594,current_internal_low,internal,0.0,5.0,18530.0,18530.0,18530.0,0.032369443245576175,18740.0,18760.0,18707.0,18724.0,8858.0,259413.0,1,1,1,0,1,0,active_bull_internal_ob,18924.0,2,above,2.0932239965472594,18687.0,False,,18530.0,5,below,0.032369443245576175,18554.0,False,,19287.0,32.0,above,4.0515753129046175,19185.0,False,,17856.0,138.0,below,3.6685369011653,18136.0,False,,3633,2026-05-27 11:30:00,125.0,1,-1,BOS,1,20556.0,129.0,CHoCH,-1,18885.0,13.0,37,5,9,1,current_internal_low,internal,0.0,14.0,18885.0,18885.0,18885.0,1.8828226154510141,active_bull_swing_ob,swing,1.0,300.0,17266.0,17864.0,17565.0,3.625377643504532,18741.0,18774.0,18707.0,18724.0,20148.0,259413.0,1,1,1,0,1,0,active_bull_internal_ob,19220.0,10.0,above,3.6901165299956844,19287.0,False,,18885.0,14.0,above,1.8828226154510141,18380.0,True,13.0,22051.0,54.0,above,18.96309883470004,20556.0,False,,17856.0,6.0,below,3.6685369011653,17555.0,False,,0.0017249748226397799,0.0021557540011283294,0.002106344112727143,0.002106344112727143,0.0021557540011283294,0.0017249748226397799,0.0021557540011283294,0.002106344112727143,True,-0.00475908096325206,0.0021557540011283294,0.007745049141814064,0.007745049141814064,0.0021557540011283294,-0.00475908096325206,0.0021557540011283294,0.007745049141814064,True,-0.007527586925016649,0.0021557540011283294,0.008506539524001155,0.008506539524001155,0.0021557540011283294,-0.007527586925016649,0.0021557540011283294,0.008506539524001155,True,-0.01670196320105788,0.0021557540011283294,0.021706785967408493,0.021706785967408493,0.0021557540011283294,-0.01670196320105788,0.0021557540011283294,0.021706785967408493,True,-0.02214797055516371,0.0021557540011283294,0.029733621945680966,0.029733621945680966,0.0021557540011283294,-0.02214797055516371,0.0021557540011283294,0.029733621945680966,False
AG:36618:S:1:36585:36591,AG,2026-05-27 13:35:00,36618,1,swing,27,18530.0,18588.0,18530.0,18588.0,False,0.31290461804056974,1.0,36585,2026-05-27T02:00:00,36591,2026-05-27T09:00:00,36618,2026-05-27T13:30:00,True,False,False,36618.0,36618,2026-05-27 13:35:00,0.0,1,-1,CHoCH,1,18813.0,27.0,CHoCH,-1,18664.0,0.0,65,20,40,7,current_internal_low,internal,0.0,6.0,18664.0,18664.0,18664.0,0.6905481225722918,current_swing_low,swing,0.0,80.0,18494.0,18494.0,18494.0,0.22658610271903326,18727.0,18742.0,18510.0,18536.0,22821.0,261864.0,0,0,0,0,0,0,,18924.0,18,above,2.0932239965472594,18656.0,False,,18664.0,6,above,0.6905481225722918,18530.0,True,0.0,18813.0,62.0,above,1.4943892965041001,19220.0,True,27.0,18494.0,80.0,below,0.22658610271903326,18885.0,False,,2,12205,2026-05-27 11:30:00,125.0,1,1,CHoCH,1,19185.0,51.0,CHoCH,1,18687.0,8.0,65,11,26,5,current_internal_high,internal,0.0,2.0,18924.0,18924.0,18924.0,2.0932239965472594,current_internal_low,internal,0.0,5.0,18530.0,18530.0,18530.0,0.032369443245576175,18740.0,18760.0,18707.0,18724.0,8858.0,259413.0,1,1,1,0,1,0,active_bull_internal_ob,18924.0,2,above,2.0932239965472594,18687.0,False,,18530.0,5,below,0.032369443245576175,18554.0,False,,19287.0,32.0,above,4.0515753129046175,19185.0,False,,17856.0,138.0,below,3.6685369011653,18136.0,False,,3633,2026-05-27 11:30:00,125.0,1,-1,BOS,1,20556.0,129.0,CHoCH,-1,18885.0,13.0,37,5,9,1,current_internal_low,internal,0.0,14.0,18885.0,18885.0,18885.0,1.8828226154510141,active_bull_swing_ob,swing,1.0,300.0,17266.0,17864.0,17565.0,3.625377643504532,18741.0,18774.0,18707.0,18724.0,20148.0,259413.0,1,1,1,0,1,0,active_bull_internal_ob,19220.0,10.0,above,3.6901165299956844,19287.0,False,,18885.0,14.0,above,1.8828226154510141,18380.0,True,13.0,22051.0,54.0,above,18.96309883470004,20556.0,False,,17856.0,6.0,below,3.6685369011653,17555.0,False,,0.0017249748226397799,0.0021557540011283294,0.002106344112727143,0.002106344112727143,0.0021557540011283294,0.0017249748226397799,0.0021557540011283294,0.002106344112727143,True,-0.00475908096325206,0.0021557540011283294,0.007745049141814064,0.007745049141814064,0.0021557540011283294,-0.00475908096325206,0.0021557540011283294,0.007745049141814064,True,-0.007527586925016649,0.0021557540011283294,0.008506539524001155,0.008506539524001155,0.0021557540011283294,-0.007527586925016649,0.0021557540011283294,0.008506539524001155,True,-0.01670196320105788,0.0021557540011283294,0.021706785967408493,0.021706785967408493,0.0021557540011283294,-0.01670196320105788,0.0021557540011283294,0.021706785967408493,True,-0.02214797055516371,0.0021557540011283294,0.029733621945680966,0.029733621945680966,0.0021557540011283294,-0.02214797055516371,0.0021557540011283294,0.029733621945680966,False
AG:36620:S:1:36320:36369,AG,2026-05-27 13:45:00,36620,1,swing,251,18380.0,18448.0,18380.0,18448.0,False,0.36906377204884666,0.5882352941176471,36320,2026-05-22T22:25:00,36369,2026-05-25T09:00:00,36620,2026-05-27T13:40:00,False,True,True,36624.0,36620,2026-05-27 13:45:00,0.0,-1,-1,CHoCH,-1,18494.0,0.0,CHoCH,-1,18664.0,2.0,65,20,40,8,current_swing_low,swing,0.0,82.0,18494.0,18494.0,18494.0,0.37449118046132973,active_bull_internal_ob,internal,1.0,418.0,18256.0,18326.0,18291.0,0.5373134328358209,18565.0,18565.0,18408.0,18425.0,25334.0,264006.0,1,1,1,0,0,1,active_bull_swing_ob,18774.0,1,above,1.8941655359565805,18924.0,False,,18664.0,8,above,1.2971506105834463,18530.0,True,2.0,18813.0,64.0,above,2.105834464043419,19220.0,True,29.0,18494.0,82.0,above,0.37449118046132973,18885.0,True,0.0,2,12206,2026-05-27 13:45:00,0.0,1,-1,CHoCH,1,19185.0,52.0,CHoCH,-1,18530.0,0.0,64,12,26,5,current_internal_low,internal,0.0,6.0,18530.0,18530.0,18530.0,0.5698778833107192,active_bull_internal_ob,internal,1.0,181.0,17856.0,18063.0,17959.5,1.9647218453188602,18727.0,18742.0,18408.0,18425.0,64537.0,264006.0,0,0,0,0,0,0,,18924.0,3,above,2.7082767978290367,18687.0,False,,18530.0,6,above,0.5698778833107192,18554.0,True,0.0,19287.0,33.0,above,4.67842605156038,19185.0,False,,17856.0,139.0,below,3.0881953867028495,18136.0,False,,3633,2026-05-27 11:30:00,135.0,1,-1,BOS,1,20556.0,129.0,CHoCH,-1,18885.0,13.0,37,5,9,1,current_internal_low,internal,0.0,14.0,18885.0,18885.0,18885.0,2.496607869742198,active_bull_swing_ob,swing,1.0,300.0,17266.0,17864.0,17565.0,3.044776119402985,18741.0,18774.0,18707.0,18724.0,20148.0,259413.0,1,1,1,0,1,0,active_bull_internal_ob,19220.0,10.0,above,4.314789687924017,19287.0,False,,18885.0,14.0,above,2.496607869742198,18380.0,True,13.0,22051.0,54.0,above,19.6797829036635,20556.0,False,,17856.0,6.0,below,3.0881953867028495,17555.0,False,,0.001301871624070472,0.0014644864711641503,0.001684096554491532,0.001684096554491532,0.0014644864711641503,0.001301871624070472,0.0014644864711641503,0.001684096554491532,True,-0.0011405296552027266,0.002980951233181983,0.001684096554491532,0.001684096554491532,0.002980951233181983,-0.0011405296552027266,0.002980951233181983,0.001684096554491532,True,-0.0009775171843884323,0.002980951233181983,0.002445586936678623,0.002445586936678623,0.002980951233181983,-0.0009775171843884323,0.002980951233181983,0.002445586936678623,True,-0.008558475745884309,0.002980951233181983,0.01564583338008596,0.01564583338008596,0.002980951233181983,-0.008558475745884309,0.002980951233181983,0.01564583338008596,True,-0.020121844500136987,0.002980951233181983,0.023672669358358434,0.023672669358358434,0.002980951233181983,-0.020121844500136987,0.002980951233181983,0.023672669358358434,False
AG:36627:I:1:36198:36202,AG,2026-05-27 14:20:00,36627,1,internal,425,18256.0,18326.0,18256.0,18326.0,False,0.3819501282261145,0.24285714285714285,36198,2026-05-21T21:30:00,36202,2026-05-21T21:50:00,36627,2026-05-27T14:15:00,False,True,True,36628.0,36627,2026-05-27 14:20:00,0.0,-1,-1,CHoCH,-1,18494.0,7.0,CHoCH,-1,18664.0,9.0,65,20,39,8,current_swing_low,swing,0.0,89.0,18494.0,18494.0,18494.0,0.9112238773394445,active_bull_internal_ob,internal,1.0,425.0,18256.0,18326.0,18291.0,0.005456430403230207,18404.0,18424.0,18309.0,18327.0,14342.0,267226.0,0,0,0,0,0,0,,18774.0,8,above,2.4390243902439024,18924.0,False,,18664.0,15,above,1.8388170458885795,18530.0,True,9.0,18813.0,71.0,above,2.6518251759698805,19220.0,True,36.0,18494.0,89.0,above,0.9112238773394445,18885.0,True,7.0,2,12208,2026-05-27 14:15:00,5.0,1,-1,CHoCH,1,19185.0,54.0,CHoCH,-1,18530.0,2.0,64,12,26,5,current_internal_low,internal,0.0,8.0,18530.0,18530.0,18530.0,1.1076553718557318,active_bull_internal_ob,internal,1.0,183.0,17856.0,18063.0,17959.5,1.4404976264527745,18405.0,18435.0,18378.0,18405.0,24689.0,266728.0,0,0,0,0,0,0,,18924.0,5,above,3.2574889507284337,18687.0,False,,18530.0,8,above,1.1076553718557318,18554.0,True,2.0,19287.0,35.0,above,5.238173187100998,19185.0,False,,17856.0,141.0,below,2.5699787199214277,18136.0,False,,3634,2026-05-27 14:00:00,20.0,1,-1,BOS,1,20556.0,130.0,CHoCH,-1,18885.0,14.0,37,5,9,1,active_bull_internal_ob,internal,1.0,25.0,18380.0,18646.0,18513.0,0.28919081137120095,active_bull_swing_ob,swing,1.0,301.0,17266.0,17864.0,17565.0,2.5263272766955858,18727.0,18742.0,18392.0,18402.0,101882.0,266316.0,0,0,0,0,0,0,,19220.0,11.0,above,4.872592350084575,19287.0,False,,18885.0,15.0,above,3.0446881650024555,18380.0,True,14.0,22051.0,55.0,above,20.319746821629288,20556.0,False,,17856.0,7.0,below,2.5699787199214277,17555.0,False,,-0.003005548862139662,0.0005454942312876909,0.004977719984545104,0.004977719984545104,0.0005454942312876909,-0.003005548862139662,0.0005454942312876909,0.004977719984545104,True,-0.005416508934102282,0.0005454942312876909,0.010421331700452896,0.010421331700452896,0.0005454942312876909,-0.005416508934102282,0.0005454942312876909,0.010421331700452896,True,-0.0025131132107905074,0.0005454942312876909,0.010421331700452896,0.010421331700452896,0.0005454942312876909,-0.0025131132107905074,0.0005454942312876909,0.010421331700452896,True,-0.015728436865073192,0.0005454942312876909,0.017836971660253553,0.017836971660253553,0.0005454942312876909,-0.015728436865073192,0.0005454942312876909,0.017836971660253553,False,-0.007778303896786909,0.0005454942312876909,0.01844816767872537,0.01844816767872537,0.0005454942312876909,-0.007778303896786909,0.0005454942312876909,0.01844816767872537,False
AG:36702:I:1:36697:36700,AG,2026-05-28 09:05:00,36702,1,internal,2,18125.0,18147.0,18125.0,18147.0,False,0.1215738284703802,1.0,36697,2026-05-28T02:05:00,36700,2026-05-28T02:20:00,36702,2026-05-28T09:00:00,True,False,False,36702.0,36702,2026-05-28 09:05:00,0.0,-1,-1,CHoCH,-1,18494.0,82.0,CHoCH,-1,18122.0,0.0,63,22,39,8,current_internal_low,internal,0.0,12.0,18122.0,18122.0,18122.0,0.14367816091954022,current_swing_low,swing,0.0,11.0,17992.0,17992.0,17992.0,0.5747126436781609,18200.0,18223.0,18085.0,18096.0,17709.0,268464.0,0,0,0,0,0,0,,18186.0,6,above,0.49734748010610075,18214.0,True,2.0,18122.0,12,above,0.14367816091954022,18058.0,True,0.0,18813.0,146.0,above,3.9622015915119366,19220.0,True,111.0,17992.0,11.0,below,0.5747126436781609,18494.0,False,,2,12233,2026-05-28 02:30:00,395.0,1,-1,CHoCH,1,19185.0,79.0,CHoCH,-1,18530.0,27.0,64,12,26,5,current_internal_low,internal,0.0,0.0,18122.0,18122.0,18122.0,0.14367816091954022,active_bull_internal_ob,internal,1.0,208.0,17856.0,18063.0,17959.5,0.1823607427055703,18150.0,18272.0,18148.0,18168.0,13112.0,267341.0,0,0,0,0,0,0,,18214.0,2,above,0.652077807250221,18227.0,False,,18122.0,0,above,0.14367816091954022,18058.0,False,,19287.0,60.0,above,6.581564986737401,19185.0,False,,17856.0,166.0,below,1.3262599469496021,18136.0,False,,3641,2026-05-28 02:30:00,395.0,1,-1,BOS,1,20556.0,137.0,CHoCH,-1,18885.0,21.0,36,5,9,1,active_bear_internal_ob,internal,-1.0,21.0,19089.0,19220.0,19154.5,5.487400530503979,current_internal_low,internal,0.0,0.0,17992.0,17992.0,17992.0,0.5747126436781609,18138.0,18272.0,18125.0,18168.0,17103.0,267341.0,0,0,0,0,0,0,,19220.0,18.0,above,6.21131741821397,19287.0,False,,17992.0,0.0,below,0.5747126436781609,18885.0,False,,22051.0,62.0,above,21.855658709106983,20556.0,False,,17856.0,14.0,below,1.3262599469496021,17555.0,False,,-0.0033771658395380655,0.0,0.00498671246147353,0.00498671246147353,0.0,-0.0033771658395380655,0.0,0.00498671246147353,True,-0.009328736651275094,0.0,0.01038927092499442,0.01038927092499442,0.0,-0.009328736651275094,0.0,0.01038927092499442,True,-0.01217798017775884,0.0,0.01722594647506348,0.01722594647506348,0.0,-0.01217798017775884,0.0,0.01722594647506348,True,-0.021903987977939465,0.0,0.02224300933953316,0.02224300933953316,0.0,-0.021903987977939465,0.0,0.02224300933953316,True,-0.027967188306476487,0.0,0.028365130382731252,0.028365130382731252,0.0,-0.027967188306476487,0.0,0.028365130382731252,False
AG:36705:I:1:36058:36063,AG,2026-05-28 09:20:00,36705,1,internal,642,17862.0,17910.0,17862.0,17910.0,False,0.2677824267782427,0.08333333333333333,36058,2026-05-20T11:05:00,36063,2026-05-20T13:30:00,36705,2026-05-28T09:15:00,False,True,True,36706.0,36705,2026-05-28 09:20:00,0.0,-1,-1,BOS,-1,17992.0,1.0,CHoCH,-1,18122.0,3.0,63,22,39,9,current_swing_low,swing,0.0,14.0,17992.0,17992.0,17992.0,0.3737796373779637,active_bull_internal_ob,internal,1.0,642.0,17862.0,17910.0,17886.0,0.08368200836820083,17949.0,17972.0,17906.0,17925.0,15088.0,272676.0,0,0,0,0,0,0,,18186.0,9,above,1.4560669456066946,18214.0,True,5.0,18122.0,15,above,1.099023709902371,18058.0,True,3.0,18813.0,149.0,above,4.953974895397489,19220.0,True,114.0,17992.0,14.0,above,0.3737796373779637,18494.0,True,1.0,2,12234,2026-05-28 09:15:00,5.0,1,-1,CHoCH,1,19185.0,80.0,BOS,-1,18122.0,0.0,64,13,26,5,current_internal_low,internal,0.0,1.0,18122.0,18122.0,18122.0,1.099023709902371,active_bull_internal_ob,internal,1.0,593.0,17841.0,17916.0,17878.5,0.05020920502092051,18200.0,18223.0,17945.0,17950.0,49766.0,271389.0,2,2,2,0,1,1,active_bull_internal_ob|active_bull_swing_ob,18214.0,3,above,1.612273361227336,18227.0,False,,18122.0,1,above,1.099023709902371,18058.0,True,0.0,19287.0,61.0,above,7.598326359832636,19185.0,False,,17856.0,167.0,below,0.38493723849372385,18136.0,False,,3641,2026-05-28 02:30:00,410.0,1,-1,BOS,1,20556.0,137.0,CHoCH,-1,18885.0,21.0,36,5,9,1,current_internal_low,internal,0.0,0.0,17992.0,17992.0,17992.0,0.3737796373779637,active_bull_swing_ob,swing,1.0,308.0,17266.0,17864.0,17565.0,0.3403068340306834,18138.0,18272.0,18125.0,18168.0,17103.0,267341.0,0,0,0,0,0,0,,19220.0,18.0,above,7.224546722454672,19287.0,False,,17992.0,0.0,above,0.3737796373779637,18885.0,False,,22051.0,62.0,above,23.01813110181311,20556.0,False,,17856.0,14.0,below,0.38493723849372385,17555.0,False,,-0.0013398840771863263,0.00022313957473052426,0.004697469772033003,0.004697469772033003,0.00022313957473052426,-0.0013398840771863263,0.00022313957473052426,0.004697469772033003,True,-0.002793453964695658,0.00022313957473052426,0.007841420262000298,0.007841420262000298,0.00022313957473052426,-0.002793453964695658,0.00022313957473052426,0.007841420262000298,True,-0.006661280194155239,0.00022313957473052426,0.007841420262000298,0.007841420262000298,0.00022313957473052426,-0.006661280194155239,0.00022313957473052426,0.007841420262000298,True,-0.006661280194155239,0.00022313957473052426,0.013141088752201213,0.013141088752201213,0.00022313957473052426,-0.006661280194155239,0.00022313957473052426,0.013141088752201213,False,-0.014215719097977697,0.00022313957473052426,0.02565547277793101,0.02565547277793101,0.00022313957473052426,-0.014215719097977697,0.00022313957473052426,0.02565547277793101,False
AG:36705:S:1:36058:36072,AG,2026-05-28 09:20:00,36705,1,swing,633,17862.0,17910.0,17862.0,17910.0,False,0.2677824267782427,0.08333333333333333,36058,2026-05-20T11:05:00,36072,2026-05-20T14:15:00,36705,2026-05-28T09:15:00,False,True,True,36706.0,36705,2026-05-28 09:20:00,0.0,-1,-1,BOS,-1,17992.0,1.0,CHoCH,-1,18122.0,3.0,63,22,39,9,current_swing_low,swing,0.0,14.0,17992.0,17992.0,17992.0,0.3737796373779637,active_bull_internal_ob,internal,1.0,642.0,17862.0,17910.0,17886.0,0.08368200836820083,17949.0,17972.0,17906.0,17925.0,15088.0,272676.0,0,0,0,0,0,0,,18186.0,9,above,1.4560669456066946,18214.0,True,5.0,18122.0,15,above,1.099023709902371,18058.0,True,3.0,18813.0,149.0,above,4.953974895397489,19220.0,True,114.0,17992.0,14.0,above,0.3737796373779637,18494.0,True,1.0,2,12234,2026-05-28 09:15:00,5.0,1,-1,CHoCH,1,19185.0,80.0,BOS,-1,18122.0,0.0,64,13,26,5,current_internal_low,internal,0.0,1.0,18122.0,18122.0,18122.0,1.099023709902371,active_bull_internal_ob,internal,1.0,593.0,17841.0,17916.0,17878.5,0.05020920502092051,18200.0,18223.0,17945.0,17950.0,49766.0,271389.0,2,2,2,0,1,1,active_bull_internal_ob|active_bull_swing_ob,18214.0,3,above,1.612273361227336,18227.0,False,,18122.0,1,above,1.099023709902371,18058.0,True,0.0,19287.0,61.0,above,7.598326359832636,19185.0,False,,17856.0,167.0,below,0.38493723849372385,18136.0,False,,3641,2026-05-28 02:30:00,410.0,1,-1,BOS,1,20556.0,137.0,CHoCH,-1,18885.0,21.0,36,5,9,1,current_internal_low,internal,0.0,0.0,17992.0,17992.0,17992.0,0.3737796373779637,active_bull_swing_ob,swing,1.0,308.0,17266.0,17864.0,17565.0,0.3403068340306834,18138.0,18272.0,18125.0,18168.0,17103.0,267341.0,0,0,0,0,0,0,,19220.0,18.0,above,7.224546722454672,19287.0,False,,17992.0,0.0,above,0.3737796373779637,18885.0,False,,22051.0,62.0,above,23.01813110181311,20556.0,False,,17856.0,14.0,below,0.38493723849372385,17555.0,False,,-0.0013398840771863263,0.00022313957473052426,0.004697469772033003,0.004697469772033003,0.00022313957473052426,-0.0013398840771863263,0.00022313957473052426,0.004697469772033003,True,-0.002793453964695658,0.00022313957473052426,0.007841420262000298,0.007841420262000298,0.00022313957473052426,-0.002793453964695658,0.00022313957473052426,0.007841420262000298,True,-0.006661280194155239,0.00022313957473052426,0.007841420262000298,0.007841420262000298,0.00022313957473052426,-0.006661280194155239,0.00022313957473052426,0.007841420262000298,True,-0.006661280194155239,0.00022313957473052426,0.013141088752201213,0.013141088752201213,0.00022313957473052426,-0.006661280194155239,0.00022313957473052426,0.013141088752201213,False,-0.014215719097977697,0.00022313957473052426,0.02565547277793101,0.02565547277793101,0.00022313957473052426,-0.014215719097977697,0.00022313957473052426,0.02565547277793101,False
AG:36726:I:1:34877:34881,AG,2026-05-28 11:20:00,36726,1,internal,1845,17555.0,17595.0,17555.0,17595.0,False,0.22735023303398885,0.2,34877,2026-04-30T02:10:00,34881,2026-04-30T09:00:00,36726,2026-05-28T11:15:00,False,True,True,36727.0,36726,2026-05-28 11:20:00,0.0,-1,-1,BOS,-1,17992.0,22.0,BOS,-1,17690.0,0.0,62,23,38,9,current_internal_low,internal,0.0,6.0,17690.0,17690.0,17690.0,0.5456405592815733,active_bull_internal_ob,internal,1.0,3652.0,17437.0,17477.0,17457.0,0.6649994316244174,17700.0,17709.0,17587.0,17594.0,16127.0,276586.0,2,2,2,0,1,1,active_bull_internal_ob|active_bull_swing_ob,17818.0,3,above,1.2731613049903376,18186.0,False,,17690.0,6,above,0.5456405592815733,18122.0,True,0.0,18813.0,170.0,above,6.92849835171081,19220.0,True,135.0,17992.0,35.0,above,2.2621348186881893,18494.0,True,22.0,3,12241,2026-05-28 11:15:00,5.0,-1,-1,CHoCH,-1,17856.0,6.0,BOS,-1,18122.0,7.0,62,13,25,6,current_swing_low,swing,0.0,174.0,17856.0,17856.0,17856.0,1.489144026372627,active_bull_internal_ob,internal,1.0,1206.0,17306.0,17569.0,17437.5,0.14209389564624303,17724.0,17759.0,17680.0,17701.0,22245.0,275924.0,2,2,2,0,1,1,active_bull_internal_ob|active_bull_swing_ob,18272.0,3,above,3.8535864499261114,18214.0,False,,18122.0,8,above,3.001023076048653,18058.0,True,7.0,19287.0,68.0,above,9.622598613163579,19185.0,False,,17856.0,174.0,above,1.489144026372627,18136.0,True,6.0,3643,2026-05-28 11:00:00,20.0,-1,-1,CHoCH,-1,17856.0,1.0,BOS,-1,17992.0,1.0,36,6,9,2,current_swing_low,swing,0.0,16.0,17856.0,17856.0,17856.0,1.489144026372627,active_bull_internal_ob,internal,1.0,451.0,16401.001953125,16723.001953125,16562.001953125,4.950540223229511,17730.0,17818.0,17690.0,17723.0,71849.0,275550.0,4,4,4,0,2,2,active_bull_internal_ob|active_bull_swing_ob,19220.0,20.0,above,9.241786972831648,19287.0,False,,17992.0,2.0,above,2.2621348186881893,18885.0,True,1.0,22051.0,64.0,above,25.332499715812208,20556.0,False,,17856.0,16.0,above,1.489144026372627,17555.0,True,1.0,0.0024980142432315944,0.0026114122135290074,0.002219377778251541,0.002219377778251541,0.0026114122135290074,0.0024980142432315944,0.0026114122135290074,0.002219377778251541,True,0.004480624573458769,0.004989803957037964,0.006959129106494544,0.006959129106494544,0.004989803957037964,0.004480624573458769,0.004989803957037964,0.006959129106494544,False,0.012708804449372835,0.014559254973187663,0.006959129106494544,0.006959129106494544,0.014559254973187663,0.012708804449372835,0.014559254973187663,0.006959129106494544,False,0.007306123740749015,0.014559254973187663,0.006959129106494544,0.006959129106494544,0.014559254973187663,0.007306123740749015,0.014559254973187663,0.006959129106494544,False,0.018807919682711116,0.02520269221820648,0.006959129106494544,0.006959129106494544,0.02520269221820648,0.018807919682711116,0.02520269221820648,0.006959129106494544,False
AG:36726:S:1:34877:34926,AG,2026-05-28 11:20:00,36726,1,swing,1800,17555.0,17595.0,17555.0,17595.0,False,0.22735023303398885,0.2,34877,2026-04-30T02:10:00,34926,2026-05-06T09:00:00,36726,2026-05-28T11:15:00,False,True,True,36727.0,36726,2026-05-28 11:20:00,0.0,-1,-1,BOS,-1,17992.0,22.0,BOS,-1,17690.0,0.0,62,23,38,9,current_internal_low,internal,0.0,6.0,17690.0,17690.0,17690.0,0.5456405592815733,active_bull_internal_ob,internal,1.0,3652.0,17437.0,17477.0,17457.0,0.6649994316244174,17700.0,17709.0,17587.0,17594.0,16127.0,276586.0,2,2,2,0,1,1,active_bull_internal_ob|active_bull_swing_ob,17818.0,3,above,1.2731613049903376,18186.0,False,,17690.0,6,above,0.5456405592815733,18122.0,True,0.0,18813.0,170.0,above,6.92849835171081,19220.0,True,135.0,17992.0,35.0,above,2.2621348186881893,18494.0,True,22.0,3,12241,2026-05-28 11:15:00,5.0,-1,-1,CHoCH,-1,17856.0,6.0,BOS,-1,18122.0,7.0,62,13,25,6,current_swing_low,swing,0.0,174.0,17856.0,17856.0,17856.0,1.489144026372627,active_bull_internal_ob,internal,1.0,1206.0,17306.0,17569.0,17437.5,0.14209389564624303,17724.0,17759.0,17680.0,17701.0,22245.0,275924.0,2,2,2,0,1,1,active_bull_internal_ob|active_bull_swing_ob,18272.0,3,above,3.8535864499261114,18214.0,False,,18122.0,8,above,3.001023076048653,18058.0,True,7.0,19287.0,68.0,above,9.622598613163579,19185.0,False,,17856.0,174.0,above,1.489144026372627,18136.0,True,6.0,3643,2026-05-28 11:00:00,20.0,-1,-1,CHoCH,-1,17856.0,1.0,BOS,-1,17992.0,1.0,36,6,9,2,current_swing_low,swing,0.0,16.0,17856.0,17856.0,17856.0,1.489144026372627,active_bull_internal_ob,internal,1.0,451.0,16401.001953125,16723.001953125,16562.001953125,4.950540223229511,17730.0,17818.0,17690.0,17723.0,71849.0,275550.0,4,4,4,0,2,2,active_bull_internal_ob|active_bull_swing_ob,19220.0,20.0,above,9.241786972831648,19287.0,False,,17992.0,2.0,above,2.2621348186881893,18885.0,True,1.0,22051.0,64.0,above,25.332499715812208,20556.0,False,,17856.0,16.0,above,1.489144026372627,17555.0,True,1.0,0.0024980142432315944,0.0026114122135290074,0.002219377778251541,0.002219377778251541,0.0026114122135290074,0.0024980142432315944,0.0026114122135290074,0.002219377778251541,True,0.004480624573458769,0.004989803957037964,0.006959129106494544,0.006959129106494544,0.004989803957037964,0.004480624573458769,0.004989803957037964,0.006959129106494544,False,0.012708804449372835,0.014559254973187663,0.006959129106494544,0.006959129106494544,0.014559254973187663,0.012708804449372835,0.014559254973187663,0.006959129106494544,False,0.007306123740749015,0.014559254973187663,0.006959129106494544,0.006959129106494544,0.014559254973187663,0.007306123740749015,0.014559254973187663,0.006959129106494544,False,0.018807919682711116,0.02520269221820648,0.006959129106494544,0.006959129106494544,0.02520269221820648,0.018807919682711116,0.02520269221820648,0.006959129106494544,False
AG:36729:I:1:33064:33074,AG,2026-05-28 13:35:00,36729,1,internal,3655,17437.0,17477.0,17437.0,17477.0,False,0.22635957218040859,0.175,33064,2026-04-07T23:05:00,33074,2026-04-07T23:55:00,36729,2026-05-28T13:30:00,False,True,True,37396.0,36729,2026-05-28 13:35:00,0.0,-1,-1,BOS,-1,17992.0,25.0,BOS,-1,17690.0,3.0,61,23,37,9,current_internal_low,internal,0.0,9.0,17690.0,17690.0,17690.0,0.10752079678569408,active_bull_internal_ob,internal,1.0,3655.0,17437.0,17477.0,17457.0,1.0978439250749816,17501.0,17680.0,17470.0,17671.0,26101.0,274704.0,0,0,0,0,0,0,,17818.0,6,above,0.8318714277630016,18186.0,False,,17690.0,9,above,0.10752079678569408,18122.0,True,3.0,18813.0,173.0,above,6.462565785750665,19220.0,True,138.0,17992.0,38.0,above,1.816535566747779,18494.0,True,25.0,2,12242,2026-05-28 11:30:00,125.0,-1,-1,CHoCH,-1,17856.0,7.0,BOS,-1,18122.0,8.0,61,13,24,6,current_swing_low,swing,0.0,175.0,17856.0,17856.0,17856.0,1.0469130213343896,active_bull_internal_ob,internal,1.0,1207.0,17306.0,17569.0,17437.5,0.5772169090600419,17700.0,17709.0,17553.0,17667.0,38052.0,274630.0,0,0,0,0,0,0,,18272.0,4,above,3.4010525720106393,18214.0,False,,18122.0,9,above,2.5522041763341066,18058.0,True,8.0,19287.0,69.0,above,9.144926716088507,19185.0,False,,17856.0,175.0,above,1.0469130213343896,18136.0,True,7.0,3644,2026-05-28 11:30:00,125.0,-1,-1,CHoCH,-1,17856.0,2.0,BOS,-1,17992.0,2.0,35,6,8,2,current_swing_low,swing,0.0,17.0,17856.0,17856.0,17856.0,1.0469130213343896,active_bull_internal_ob,internal,1.0,359.0,17306.0,17666.0,17486.0,0.028294946522551073,17724.0,17759.0,17553.0,17667.0,60297.0,274630.0,1,1,1,0,0,1,active_bull_swing_ob,19220.0,21.0,above,8.765774432686323,19287.0,False,,17992.0,3.0,above,1.816535566747779,18885.0,True,2.0,22051.0,65.0,above,24.78637315375474,20556.0,False,,17856.0,17.0,above,1.0469130213343896,17555.0,True,2.0,0.004573566031062626,0.0048552006401845205,0.00022639800866386395,0.00022639800866386395,0.0048552006401845205,0.004573566031062626,0.0048552006401845205,0.00022639800866386395,True,0.008284771370227872,0.0101352218940427,0.00022639800866386395,0.00022639800866386395,0.0101352218940427,0.008284771370227872,0.0101352218940427,0.00022639800866386395,True,0.006487119068813385,0.0101352218940427,0.00022639800866386395,0.00022639800866386395,0.0101352218940427,0.006487119068813385,0.0101352218940427,0.00022639800866386395,True,0.005868428984678431,0.0101352218940427,0.00022639800866386395,0.00022639800866386395,0.0101352218940427,0.005868428984678431,0.0101352218940427,0.00022639800866386395,True,0.009070229220304427,0.020778659139061517,0.00022639800866386395,0.00022639800866386395,0.020778659139061517,0.009070229220304427,0.020778659139061517,0.00022639800866386395,False
AG:36731:I:-1:36718:36726,AG,2026-05-28 13:45:00,36731,-1,internal,5,17778.0,17818.0,17778.0,17818.0,False,0.22544101899340585,0.5,36718,2026-05-28T10:35:00,36726,2026-05-28T11:15:00,36731,2026-05-28T13:40:00,False,True,True,36732.0,36731,2026-05-28 13:45:00,0.0,-1,-1,BOS,-1,17992.0,27.0,BOS,-1,17690.0,5.0,61,23,37,9,active_bear_internal_ob,internal,-1.0,5.0,17778.0,17818.0,17798.0,0.1972608916192301,current_internal_low,internal,0.0,11.0,17690.0,17690.0,17690.0,0.2987093501662627,17751.0,17798.0,17736.0,17743.0,14941.0,273048.0,0,0,0,0,0,0,,17818.0,8,above,0.42270191061263596,18186.0,False,,17690.0,11,below,0.2987093501662627,18122.0,True,5.0,18813.0,175.0,above,6.030547258073606,19220.0,True,140.0,17992.0,40.0,above,1.4033703432339515,18494.0,True,27.0,2,12243,2026-05-28 13:45:00,0.0,-1,-1,CHoCH,-1,17856.0,8.0,BOS,-1,18122.0,9.0,61,13,24,6,current_swing_low,swing,0.0,176.0,17856.0,17856.0,17856.0,0.6368708786563715,active_bull_internal_ob,internal,1.0,1208.0,17306.0,17569.0,17437.5,0.9806684326213155,17501.0,17798.0,17470.0,17743.0,55425.0,273048.0,0,0,0,0,0,0,,18272.0,5,above,2.9814574761877926,18214.0,False,,18122.0,10,above,2.1360536549625206,18058.0,True,9.0,19287.0,70.0,above,8.702023333145466,19185.0,False,,17856.0,176.0,above,0.6368708786563715,18136.0,True,8.0,3644,2026-05-28 11:30:00,135.0,-1,-1,CHoCH,-1,17856.0,2.0,BOS,-1,17992.0,2.0,35,6,8,2,current_swing_low,swing,0.0,17.0,17856.0,17856.0,17856.0,0.6368708786563715,active_bull_internal_ob,internal,1.0,359.0,17306.0,17666.0,17486.0,0.4339739615623063,17724.0,17759.0,17553.0,17667.0,60297.0,274630.0,1,1,1,0,0,1,active_bull_swing_ob,19220.0,21.0,above,8.32440962633151,19287.0,False,,17992.0,3.0,above,1.4033703432339515,18885.0,True,2.0,22051.0,65.0,above,24.27999774558981,20556.0,False,,17856.0,17.0,above,0.6368708786563715,17555.0,True,2.0,0.0041619857603905075,0.006012436284205336,0.0,0.0,0.006012436284205336,-0.0041619857603905075,0.0,0.006012436284205336,True,0.001689379836413707,0.006012436284205336,0.0,0.0,0.006012436284205336,-0.001689379836413707,0.0,0.006012436284205336,True,-0.0027654728802470885,0.006012436284205336,0.004066194115523558,0.004066194115523558,0.006012436284205336,0.0027654728802470885,0.004066194115523558,0.006012436284205336,True,0.0015768432619065464,0.006012436284205336,0.004066194115523558,0.004066194115523558,0.006012436284205336,-0.0015768432619065464,0.004066194115523558,0.006012436284205336,True,0.005508107451124289,0.016655873529224152,0.004066194115523558,0.004066194115523558,0.016655873529224152,-0.005508107451124289,0.004066194115523558,0.016655873529224152,False
AG:36778:I:-1:36700:36702,AG,2026-05-28 23:40:00,36778,-1,internal,76,18180.0,18272.0,18180.0,18272.0,False,0.5066358279640949,0.16304347826086957,36700,2026-05-28T02:20:00,36702,2026-05-28T09:00:00,36778,2026-05-28T23:35:00,False,True,True,36787.0,36778,2026-05-28 23:40:00,0.0,-1,1,BOS,-1,17992.0,74.0,BOS,1,18041.0,17.0,63,22,37,9,current_internal_high,internal,0.0,1.0,18165.0,18165.0,18165.0,0.03304146704113663,current_internal_low,internal,0.0,7.0,18026.0,18026.0,18026.0,0.7324191860785286,18148.0,18195.0,18143.0,18159.0,10882.0,275882.0,0,0,0,0,0,0,,18165.0,1,above,0.03304146704113663,18158.0,False,,18026.0,7,below,0.7324191860785286,17800.0,False,,18272.0,28.0,above,0.6222809626080732,18813.0,False,,17992.0,87.0,below,0.9196541659783027,18494.0,True,74.0,4,12258,2026-05-28 23:30:00,10.0,-1,-1,CHoCH,-1,17856.0,23.0,BOS,-1,18122.0,24.0,61,13,24,6,current_internal_high,internal,0.0,20.0,18272.0,18272.0,18272.0,0.6222809626080732,current_swing_low,swing,0.0,191.0,17856.0,17856.0,17856.0,1.6685940855773997,18120.0,18148.0,18088.0,18119.0,21024.0,275708.0,1,1,0,1,1,0,active_bear_internal_ob,18272.0,20,above,0.6222809626080732,18214.0,False,,17470.0,10,below,3.7942617985571894,18122.0,False,,19287.0,85.0,above,6.211795803733685,19185.0,False,,17856.0,191.0,below,1.6685940855773997,18136.0,True,23.0,3648,2026-05-28 23:00:00,40.0,-1,-1,CHoCH,-1,17856.0,6.0,BOS,-1,17992.0,6.0,35,6,8,2,current_internal_high,internal,0.0,2.0,18272.0,18272.0,18272.0,0.6222809626080732,current_internal_low,internal,0.0,7.0,17992.0,17992.0,17992.0,0.9196541659783027,17855.0,18164.0,17804.0,18113.0,197856.0,275156.0,1,1,0,1,1,0,active_bear_internal_ob,18272.0,2.0,above,0.6222809626080732,19220.0,False,,17992.0,7.0,below,0.9196541659783027,18885.0,True,6.0,22051.0,69.0,above,21.432898287350625,20556.0,False,,17856.0,21.0,below,1.6685940855773997,17555.0,True,6.0,0.0007156423194967232,0.0008807178419232287,0.000661047784772606,0.000661047784772606,0.0008807178419232287,-0.0007156423194967232,0.000661047784772606,0.0008807178419232287,True,0.0009907530533013187,0.0025849045054364694,0.000661047784772606,0.000661047784772606,0.0025849045054364694,-0.0009907530533013187,0.000661047784772606,0.0025849045054364694,True,0.001705686952371721,0.003518226926258805,0.000661047784772606,0.000661047784772606,0.003518226926258805,-0.001705686952371721,0.000661047784772606,0.003518226926258805,True,0.008335666581917422,0.010899141219239183,0.000661047784772606,0.000661047784772606,0.010899141219239183,-0.008335666581917422,0.000661047784772606,0.010899141219239183,True,0.011334823613671219,0.013510392839005902,0.000661047784772606,0.000661047784772606,0.013510392839005902,-0.011334823613671219,0.000661047784772606,0.013510392839005902,True
AG:36778:S:-1:36700:36704,AG,2026-05-28 23:40:00,36778,-1,swing,74,18180.0,18272.0,18180.0,18272.0,False,0.5066358279640949,0.16304347826086957,36700,2026-05-28T02:20:00,36704,2026-05-28T09:10:00,36778,2026-05-28T23:35:00,False,True,True,36787.0,36778,2026-05-28 23:40:00,0.0,-1,1,BOS,-1,17992.0,74.0,BOS,1,18041.0,17.0,63,22,37,9,current_internal_high,internal,0.0,1.0,18165.0,18165.0,18165.0,0.03304146704113663,current_internal_low,internal,0.0,7.0,18026.0,18026.0,18026.0,0.7324191860785286,18148.0,18195.0,18143.0,18159.0,10882.0,275882.0,0,0,0,0,0,0,,18165.0,1,above,0.03304146704113663,18158.0,False,,18026.0,7,below,0.7324191860785286,17800.0,False,,18272.0,28.0,above,0.6222809626080732,18813.0,False,,17992.0,87.0,below,0.9196541659783027,18494.0,True,74.0,4,12258,2026-05-28 23:30:00,10.0,-1,-1,CHoCH,-1,17856.0,23.0,BOS,-1,18122.0,24.0,61,13,24,6,current_internal_high,internal,0.0,20.0,18272.0,18272.0,18272.0,0.6222809626080732,current_swing_low,swing,0.0,191.0,17856.0,17856.0,17856.0,1.6685940855773997,18120.0,18148.0,18088.0,18119.0,21024.0,275708.0,1,1,0,1,1,0,active_bear_internal_ob,18272.0,20,above,0.6222809626080732,18214.0,False,,17470.0,10,below,3.7942617985571894,18122.0,False,,19287.0,85.0,above,6.211795803733685,19185.0,False,,17856.0,191.0,below,1.6685940855773997,18136.0,True,23.0,3648,2026-05-28 23:00:00,40.0,-1,-1,CHoCH,-1,17856.0,6.0,BOS,-1,17992.0,6.0,35,6,8,2,current_internal_high,internal,0.0,2.0,18272.0,18272.0,18272.0,0.6222809626080732,current_internal_low,internal,0.0,7.0,17992.0,17992.0,17992.0,0.9196541659783027,17855.0,18164.0,17804.0,18113.0,197856.0,275156.0,1,1,0,1,1,0,active_bear_internal_ob,18272.0,2.0,above,0.6222809626080732,19220.0,False,,17992.0,7.0,below,0.9196541659783027,18885.0,True,6.0,22051.0,69.0,above,21.432898287350625,20556.0,False,,17856.0,21.0,below,1.6685940855773997,17555.0,True,6.0,0.0007156423194967232,0.0008807178419232287,0.000661047784772606,0.000661047784772606,0.0008807178419232287,-0.0007156423194967232,0.000661047784772606,0.0008807178419232287,True,0.0009907530533013187,0.0025849045054364694,0.000661047784772606,0.000661047784772606,0.0025849045054364694,-0.0009907530533013187,0.000661047784772606,0.0025849045054364694,True,0.001705686952371721,0.003518226926258805,0.000661047784772606,0.000661047784772606,0.003518226926258805,-0.001705686952371721,0.000661047784772606,0.003518226926258805,True,0.008335666581917422,0.010899141219239183,0.000661047784772606,0.000661047784772606,0.010899141219239183,-0.008335666581917422,0.000661047784772606,0.010899141219239183,True,0.011334823613671219,0.013510392839005902,0.000661047784772606,0.000661047784772606,0.013510392839005902,-0.011334823613671219,0.000661047784772606,0.013510392839005902,True
AG:36787:I:-1:36634:36637,AG,2026-05-29 00:25:00,36787,-1,internal,150,18282.0,18315.0,18282.0,18315.0,False,0.18007202881152462,1.0,36634,2026-05-27T14:50:00,36637,2026-05-27T21:05:00,36787,2026-05-29T00:20:00,True,False,False,36787.0,36787,2026-05-29 00:25:00,0.0,1,1,CHoCH,1,18272.0,0.0,BOS,1,18165.0,8.0,64,20,38,8,active_bear_internal_ob,internal,-1.0,169.0,18735.0,18774.0,18754.5,2.2318018116337446,current_swing_high,swing,0.0,37.0,18272.0,18272.0,18272.0,0.2946633198734039,18261.0,18329.0,18253.0,18326.0,16492.0,275666.0,0,0,0,0,0,0,,18165.0,10,below,0.878533231474408,18158.0,True,8.0,18088.0,7,below,1.2987012987012987,18026.0,False,,18272.0,37.0,below,0.2946633198734039,18813.0,True,0.0,17470.0,8.0,below,4.670959292808032,17992.0,False,,4,12261,2026-05-29 00:15:00,10.0,-1,-1,CHoCH,-1,17856.0,26.0,BOS,-1,18122.0,27.0,61,13,24,6,active_bear_internal_ob,internal,-1.0,55.0,18812.0,18924.0,18868.0,2.651969878860635,active_bear_internal_ob,internal,-1.0,27.0,18148.0,18272.0,18210.0,0.2946633198734039,18215.0,18223.0,18155.0,18201.0,18683.0,276086.0,0,0,0,0,0,0,,18272.0,23,below,0.2946633198734039,18214.0,False,,17470.0,13,below,4.670959292808032,18122.0,False,,19287.0,88.0,above,5.243915748117429,19185.0,False,,17856.0,194.0,below,2.5646622285277747,18136.0,True,26.0,3649,2026-05-29 00:00:00,25.0,-1,-1,CHoCH,-1,17856.0,7.0,BOS,-1,17992.0,7.0,35,6,8,2,active_bear_swing_ob,swing,-1.0,7.0,19042.0,19287.0,19164.5,3.907017352395504,active_bear_internal_ob,internal,-1.0,7.0,18125.0,18272.0,18198.5,0.2946633198734039,18113.0,18213.0,18088.0,18213.0,87072.0,276397.0,0,0,0,0,0,0,,18272.0,3.0,below,0.2946633198734039,19220.0,False,,17992.0,8.0,below,1.822547200698461,18885.0,True,7.0,22051.0,70.0,above,20.326312343119067,20556.0,False,,17856.0,22.0,below,2.5646622285277747,17555.0,True,7.0,-0.00016374205205238468,0.0019083454988617632,0.0012013981348921732,0.0012013981348921732,0.0019083454988617632,0.00016374205205238468,0.0012013981348921732,0.0019083454988617632,True,-0.0006551291384599978,0.0019083454988617632,0.001693295502228409,0.001693295502228409,0.0019083454988617632,0.0006551291384599978,0.001693295502228409,0.0019083454988617632,True,0.003323619808362821,0.0039217872587009595,0.001693295502228409,0.001693295502228409,0.0039217872587009595,-0.003323619808362821,0.001693295502228409,0.0039217872587009595,True,0.0009273655302806105,0.004519597118628482,0.001693295502228409,0.001693295502228409,0.004519597118628482,-0.0009273655302806105,0.001693295502228409,0.004519597118628482,True,0.005334216872043385,0.007936549595736864,0.001693295502228409,0.001693295502228409,0.007936549595736864,-0.005334216872043385,0.001693295502228409,0.007936549595736864,True
AG:36813:I:1:36800:36804,AG,2026-05-29 09:05:00,36813,1,internal,9,18310.0,18343.0,18310.0,18343.0,False,0.17951368111842464,0.6060606060606061,36800,2026-05-29T01:25:00,36804,2026-05-29T01:45:00,36813,2026-05-29T09:00:00,False,True,True,36836.0,36813,2026-05-29 09:05:00,0.0,1,1,CHoCH,1,18272.0,26.0,BOS,1,18406.0,9.0,65,20,38,8,current_internal_high,internal,0.0,1.0,18469.0,18469.0,18469.0,0.46782353261165205,active_bull_internal_ob,internal,1.0,9.0,18310.0,18343.0,18326.5,0.21759234074960562,18358.0,18425.0,18323.0,18383.0,23119.0,269030.0,0,0,0,0,0,0,,18469.0,1,above,0.46782353261165205,18406.0,False,,18310.0,8,below,0.39710602186803023,18088.0,False,,18272.0,63.0,below,0.6038187455801556,18813.0,True,26.0,17470.0,34.0,below,4.966545177609748,17992.0,False,,2,12270,2026-05-29 02:30:00,395.0,-1,1,CHoCH,-1,17856.0,35.0,CHoCH,1,18272.0,8.0,62,12,24,6,active_bear_internal_ob,internal,-1.0,64.0,18812.0,18924.0,18868.0,2.3336778545395203,current_internal_high,internal,0.0,32.0,18272.0,18272.0,18272.0,0.6038187455801556,18430.0,18460.0,18417.0,18429.0,10607.0,269105.0,0,0,0,0,0,0,,18272.0,32,below,0.6038187455801556,18214.0,True,8.0,17470.0,22,below,4.966545177609748,18122.0,False,,19287.0,97.0,above,4.917586900941087,19185.0,False,,17856.0,203.0,below,2.866779089376054,18136.0,True,35.0,3652,2026-05-29 02:30:00,395.0,-1,1,CHoCH,-1,17856.0,10.0,CHoCH,1,18272.0,2.0,36,5,8,2,active_bear_swing_ob,swing,-1.0,10.0,19042.0,19287.0,19164.5,3.5848338138497526,current_internal_high,internal,0.0,6.0,18272.0,18272.0,18272.0,0.6038187455801556,18440.0,18469.0,18403.0,18429.0,21701.0,269105.0,0,0,0,0,0,0,,18272.0,6.0,below,0.6038187455801556,19220.0,True,2.0,17470.0,2.0,below,4.966545177609748,17992.0,False,,22051.0,73.0,above,19.953217646738835,20556.0,False,,17856.0,25.0,below,2.866779089376054,17555.0,True,10.0,0.005694930645798735,0.005911240402211249,0.0,0.0,0.005911240402211249,0.005694930645798735,0.005911240402211249,0.0,True,0.009365848177752767,0.010927296872981884,0.0,0.0,0.010927296872981884,0.009365848177752767,0.010927296872981884,0.0,True,0.0034750537223935396,0.010927296872981884,0.0,0.0,0.010927296872981884,0.0034750537223935396,0.010927296872981884,0.0,True,0.003962766090150893,0.010927296872981884,0.0,0.0,0.010927296872981884,0.003962766090150893,0.010927296872981884,0.0,True,-0.004196991961839203,0.010927296872981884,0.0058369639032243015,0.0058369639032243015,0.010927296872981884,-0.004196991961839203,0.010927296872981884,0.0058369639032243015,False
AG:36822:I:1:36813:36814,AG,2026-05-29 09:50:00,36822,1,internal,8,18323.0,18425.0,18323.0,18425.0,False,0.5533553952151034,0.049019607843137254,36813,2026-05-29T09:00:00,36814,2026-05-29T09:05:00,36822,2026-05-29T09:45:00,False,True,True,36835.0,36822,2026-05-29 09:50:00,0.0,1,1,CHoCH,1,18272.0,35.0,BOS,1,18469.0,8.0,66,20,38,8,current_internal_high,internal,0.0,1.0,18587.0,18587.0,18587.0,0.8354581457169207,active_bull_internal_ob,internal,1.0,8.0,18323.0,18425.0,18374.0,0.04340042315412575,18468.0,18480.0,18420.0,18433.0,6532.0,268349.0,0,0,0,0,0,0,,18587.0,1,above,0.8354581457169207,18469.0,False,,18323.0,4,below,0.5967558183692291,18310.0,False,,18272.0,72.0,below,0.8734335159767808,18813.0,True,35.0,17470.0,43.0,below,5.224325937177888,17992.0,False,,2,12273,2026-05-29 09:45:00,5.0,-1,1,CHoCH,-1,17856.0,38.0,CHoCH,1,18272.0,11.0,62,12,24,6,active_bear_internal_ob,internal,-1.0,67.0,18812.0,18924.0,18868.0,2.0560950469267074,current_internal_high,internal,0.0,35.0,18272.0,18272.0,18272.0,0.8734335159767808,18485.0,18527.0,18438.0,18469.0,26966.0,268551.0,0,0,0,0,0,0,,18272.0,35,below,0.8734335159767808,18214.0,True,11.0,17470.0,25,below,5.224325937177888,18122.0,False,,19287.0,100.0,above,4.632995171702924,19185.0,False,,17856.0,206.0,below,3.13025551999132,18136.0,True,38.0,3652,2026-05-29 02:30:00,440.0,-1,1,CHoCH,-1,17856.0,10.0,CHoCH,1,18272.0,2.0,36,5,8,2,active_bear_swing_ob,swing,-1.0,10.0,19042.0,19287.0,19164.5,3.3038572126078227,current_internal_high,internal,0.0,6.0,18272.0,18272.0,18272.0,0.8734335159767808,18440.0,18469.0,18403.0,18429.0,21701.0,269105.0,0,0,0,0,0,0,,18272.0,6.0,below,0.8734335159767808,19220.0,True,2.0,17470.0,2.0,below,5.224325937177888,17992.0,False,,22051.0,73.0,above,19.62784137145337,20556.0,False,,17856.0,25.0,below,3.13025551999132,17555.0,True,10.0,0.0006507592420543773,0.0016261047542158735,0.0007054674013922124,0.0007054674013922124,0.0016261047542158735,0.0006507592420543773,0.0016261047542158735,0.0007054674013922124,True,0.0013010952719128,0.0026004998943758295,0.0007597547443118913,0.0007597547443118913,0.0026004998943758295,0.0013010952719128,0.0026004998943758295,0.0007597547443118913,True,-0.0032601637221976176,0.0026004998943758295,0.005494070990584632,0.005494070990584632,0.0026004998943758295,-0.0032601637221976176,0.0026004998943758295,0.005494070990584632,False,-0.003314589933875567,0.0026004998943758295,0.005494070990584632,0.005494070990584632,0.0026004998943758295,-0.003314589933875567,0.0026004998943758295,0.005494070990584632,False,-0.005875969028451777,0.0026004998943758295,0.011183053020689115,0.011183053020689115,0.0026004998943758295,-0.005875969028451777,0.0026004998943758295,0.011183053020689115,False
AG:36858:I:1:36853:36857,AG,2026-05-29 21:05:00,36858,1,internal,1,18255.0,18295.0,18255.0,18295.0,False,0.2184837229626393,1.0,36853,2026-05-29T14:35:00,36857,2026-05-29T14:55:00,36858,2026-05-29T21:00:00,True,False,False,36858.0,36858,2026-05-29 21:05:00,0.0,1,1,CHoCH,1,18272.0,71.0,CHoCH,1,18337.0,1.0,64,21,38,8,current_internal_high,internal,0.0,7.0,18337.0,18337.0,18337.0,0.1584006991479135,current_swing_high,swing,0.0,108.0,18272.0,18272.0,18272.0,0.19663535066637536,18294.0,18333.0,18242.0,18308.0,18126.0,268348.0,0,0,0,0,0,0,,18337.0,7,above,0.1584006991479135,18433.0,True,1.0,18229.0,11,below,0.43150535285121255,18333.0,False,,18272.0,108.0,below,0.19663535066637536,18813.0,True,71.0,17470.0,79.0,below,4.577233996067293,17992.0,False,,4,12285,2026-05-29 15:00:00,365.0,-1,1,CHoCH,-1,17856.0,50.0,CHoCH,1,18272.0,23.0,62,12,24,6,current_internal_high,internal,0.0,8.0,18587.0,18587.0,18587.0,1.523923967664409,current_swing_low,swing,0.0,218.0,17856.0,17856.0,17856.0,2.468866069477824,18280.0,18360.0,18272.0,18358.0,17456.0,265829.0,0,0,0,0,0,0,,18587.0,8,above,1.523923967664409,18272.0,False,,17470.0,37,below,4.577233996067293,18122.0,False,,19287.0,112.0,above,5.347389119510596,19185.0,False,,17856.0,218.0,below,2.468866069477824,18136.0,True,50.0,3657,2026-05-29 15:00:00,365.0,-1,1,CHoCH,-1,17856.0,15.0,CHoCH,1,18272.0,7.0,36,5,8,2,active_bear_swing_ob,swing,-1.0,15.0,19042.0,19287.0,19164.5,4.009176316364431,current_internal_high,internal,0.0,11.0,18272.0,18272.0,18272.0,0.19663535066637536,18305.0,18360.0,18255.0,18358.0,66403.0,265829.0,0,0,0,0,0,0,,18272.0,11.0,below,0.19663535066637536,19220.0,True,7.0,17470.0,7.0,below,4.577233996067293,17992.0,False,,22051.0,78.0,above,20.44461437622897,20556.0,False,,17856.0,30.0,below,2.468866069477824,17555.0,True,15.0,-0.001749590386157962,0.00016386726787942507,0.0028446408679023705,0.0028446408679023705,0.00016386726787942507,-0.001749590386157962,0.00016386726787942507,0.0028446408679023705,True,-0.0009290887401487424,0.00016386726787942507,0.0028446408679023705,0.0028446408679023705,0.00016386726787942507,-0.0009290887401487424,0.00016386726787942507,0.0028446408679023705,True,-0.0030090019147035463,0.0026731419862109362,0.0030090019147035463,0.0030090019147035463,0.0026731419862109362,-0.0030090019147035463,0.0026731419862109362,0.0030090019147035463,True,-0.0014760150281212248,0.0026731419862109362,0.008062569384927443,0.008062569384927443,0.0026731419862109362,-0.0014760150281212248,0.0026731419862109362,0.008062569384927443,True,0.0031088955744547064,0.0034900242644475554,0.013473957521060953,0.013473957521060953,0.0034900242644475554,0.0031088955744547064,0.0034900242644475554,0.013473957521060953,True
AG:36875:I:1:36775:36779,AG,2026-05-29 22:30:00,36875,1,internal,96,18088.0,18123.0,18088.0,18123.0,False,0.19325271934183647,1.0,36775,2026-05-28T23:20:00,36779,2026-05-28T23:40:00,36875,2026-05-29T22:25:00,False,True,True,36876.0,36875,2026-05-29 22:30:00,0.0,1,-1,CHoCH,1,18272.0,88.0,BOS,-1,18159.0,1.0,64,23,38,8,current_internal_low,internal,0.0,5.0,18159.0,18159.0,18159.0,0.2650323008116614,active_bull_internal_ob,internal,1.0,114.0,17800.0,17845.0,17822.5,1.468720666997957,18136.0,18157.0,18088.0,18111.0,16317.0,275597.0,1,1,1,0,1,0,active_bull_internal_ob,18355.0,7,above,1.3472475291259456,18337.0,False,,18159.0,5,above,0.2650323008116614,18242.0,True,1.0,18587.0,9.0,above,2.628236983048976,18272.0,False,,17470.0,96.0,below,3.5392855170890622,17992.0,False,,4,12291,2026-05-29 22:30:00,0.0,-1,-1,CHoCH,-1,17856.0,56.0,CHoCH,-1,18234.0,1.0,62,13,24,6,current_internal_low,internal,0.0,5.0,18234.0,18234.0,18234.0,0.6791452708298824,current_swing_low,swing,0.0,224.0,17856.0,17856.0,17856.0,1.4079840980619514,18231.0,18234.0,18088.0,18111.0,40500.0,275597.0,0,0,0,0,0,0,,18360.0,1,above,1.3748550604604937,18587.0,False,,18234.0,5,above,0.6791452708298824,17470.0,True,1.0,19287.0,118.0,above,6.493291369885705,19185.0,False,,17856.0,224.0,below,1.4079840980619514,18136.0,True,56.0,3658,2026-05-29 22:00:00,30.0,-1,1,CHoCH,-1,17856.0,16.0,CHoCH,1,18272.0,8.0,36,5,8,2,current_internal_high,internal,0.0,0.0,18587.0,18587.0,18587.0,2.628236983048976,active_bull_swing_ob,swing,1.0,325.0,17266.0,17864.0,17565.0,1.3638120479266744,18294.0,18355.0,18159.0,18235.0,128536.0,273282.0,0,0,0,0,0,0,,18587.0,0.0,above,2.628236983048976,18272.0,False,,17470.0,8.0,below,3.5392855170890622,17992.0,False,,22051.0,79.0,above,21.754734691623874,20556.0,False,,17856.0,31.0,below,1.4079840980619514,17555.0,True,16.0,0.0006623979045468076,0.0009382675854592293,0.0027093544537954983,0.0027093544537954983,0.0009382675854592293,0.0006623979045468076,0.0009382675854592293,0.0027093544537954983,True,0.00220628881553786,0.002757101277826024,0.0027093544537954983,0.0027093544537954983,0.002757101277826024,0.00220628881553786,0.002757101277826024,0.0027093544537954983,True,0.008905561578277599,0.01092847033514488,0.0027093544537954983,0.0027093544537954983,0.01092847033514488,0.008905561578277599,0.01092847033514488,0.0027093544537954983,True,0.013219797033215741,0.020224794318215444,0.0027093544537954983,0.0027093544537954983,0.020224794318215444,0.013219797033215741,0.020224794318215444,0.0027093544537954983,True,0.010272840087106161,0.020224794318215444,0.0027093544537954983,0.0027093544537954983,0.020224794318215444,0.010272840087106161,0.020224794318215444,0.0027093544537954983,True
AG:36880:I:-1:36870:36874,AG,2026-05-29 22:55:00,36880,-1,internal,6,18212.0,18298.0,18212.0,18298.0,False,0.4713361832730461,1.0,36870,2026-05-29T22:00:00,36874,2026-05-29T22:20:00,36880,2026-05-29T22:50:00,True,False,False,36880.0,36880,2026-05-29 22:55:00,0.0,1,-1,CHoCH,1,18272.0,93.0,BOS,-1,18159.0,6.0,63,22,38,8,current_internal_high,internal,0.0,3.0,18298.0,18298.0,18298.0,0.2849939712813767,current_internal_low,internal,0.0,10.0,18159.0,18159.0,18159.0,0.47681683656691876,18152.0,18309.0,18152.0,18246.0,26091.0,274659.0,0,0,0,0,0,0,,18298.0,3,above,0.2849939712813767,18355.0,False,,18159.0,10,below,0.47681683656691876,18242.0,True,6.0,18587.0,14.0,above,1.8689027732105667,18272.0,False,,17470.0,101.0,below,4.25298695604516,17992.0,False,,4,12292,2026-05-29 22:45:00,10.0,-1,-1,CHoCH,-1,17856.0,57.0,CHoCH,-1,18234.0,2.0,62,13,24,6,active_bear_internal_ob,internal,-1.0,2.0,18272.0,18360.0,18316.0,0.14249698564068836,current_internal_low,internal,0.0,6.0,18234.0,18234.0,18234.0,0.06576783952647156,18110.0,18160.0,18061.0,18150.0,30937.0,276029.0,0,0,0,0,0,0,,18360.0,2,above,0.6247944755014798,18587.0,False,,18234.0,6,below,0.06576783952647156,17470.0,True,2.0,19287.0,119.0,above,5.705360078921407,19185.0,False,,17856.0,225.0,below,2.1374547846103256,18136.0,True,57.0,3658,2026-05-29 22:00:00,55.0,-1,1,CHoCH,-1,17856.0,16.0,CHoCH,1,18272.0,8.0,36,5,8,2,current_internal_high,internal,0.0,0.0,18587.0,18587.0,18587.0,1.8689027732105667,active_bull_swing_ob,swing,1.0,325.0,17266.0,17864.0,17565.0,2.0936095582593444,18294.0,18355.0,18159.0,18235.0,128536.0,273282.0,0,0,0,0,0,0,,18587.0,0.0,above,1.8689027732105667,18272.0,False,,17470.0,8.0,below,4.25298695604516,17992.0,False,,22051.0,79.0,above,20.853885783185355,20556.0,False,,17856.0,31.0,below,2.1374547846103256,17555.0,True,16.0,0.0013691505192010567,0.0024084526393899353,0.0,0.0,0.0024084526393899353,-0.0013691505192010567,0.0,0.0024084526393899353,True,0.009056253930683766,0.009762027732341139,0.0,0.0,0.009762027732341139,-0.009056253930683766,0.0,0.009762027732341139,True,0.00682708350914929,0.012688383259138902,0.0,0.0,0.012688383259138902,-0.00682708350914929,0.0,0.012688383259138902,True,0.004101840638618626,0.012688383259138902,0.0,0.0,0.012688383259138902,-0.004101840638618626,0.0,0.012688383259138902,True,0.004702031626489855,0.012688383259138902,0.0,0.0,0.012688383259138902,-0.004702031626489855,0.0,0.012688383259138902,True
AG:36882:I:-1:36863:36865,AG,2026-05-29 23:05:00,36882,-1,internal,17,18316.0,18355.0,18316.0,18355.0,False,0.21238359745139684,1.0,36863,2026-05-29T21:25:00,36865,2026-05-29T21:35:00,36882,2026-05-29T23:00:00,True,False,False,36882.0,36882,2026-05-29 23:05:00,0.0,1,1,CHoCH,1,18272.0,95.0,CHoCH,1,18298.0,0.0,64,21,38,8,active_bear_internal_ob,internal,-1.0,47.0,18387.0,18433.0,18410.0,0.13069759843162881,current_internal_high,internal,0.0,5.0,18298.0,18298.0,18298.0,0.3539726624189947,18272.0,18370.0,18272.0,18363.0,17848.0,275010.0,0,0,0,0,0,0,,18298.0,5,below,0.3539726624189947,18355.0,True,0.0,18061.0,1,below,1.6446114469313295,18159.0,False,,18587.0,16.0,above,1.2198442520285357,18272.0,False,,17470.0,103.0,below,4.863039808310189,17992.0,False,,4,12293,2026-05-29 23:00:00,5.0,-1,-1,CHoCH,-1,17856.0,58.0,CHoCH,-1,18234.0,3.0,62,13,24,6,active_bear_internal_ob,internal,-1.0,87.0,18812.0,18924.0,18868.0,2.445134237325056,active_bear_internal_ob,internal,-1.0,3.0,18272.0,18360.0,18316.0,0.016337199803953602,18148.0,18309.0,18128.0,18272.0,44002.0,275186.0,0,0,0,0,0,0,,18360.0,3,below,0.016337199803953602,18587.0,False,,18234.0,7,below,0.7024995915700049,17470.0,True,3.0,19287.0,120.0,above,5.031857539617709,19185.0,False,,17470.0,0.0,below,4.863039808310189,17856.0,False,,3659,2026-05-29 23:00:00,5.0,-1,1,CHoCH,-1,17856.0,17.0,CHoCH,1,18272.0,9.0,36,5,8,2,current_internal_high,internal,0.0,1.0,18587.0,18587.0,18587.0,1.2198442520285357,active_bull_swing_ob,swing,1.0,326.0,17266.0,17864.0,17565.0,2.7174209007242824,18238.0,18309.0,18061.0,18272.0,142617.0,275186.0,0,0,0,0,0,0,,18587.0,1.0,above,1.2198442520285357,18272.0,False,,17470.0,9.0,below,4.863039808310189,17992.0,False,,19287.0,0.0,above,5.031857539617709,22051.0,False,,17856.0,32.0,below,2.7609867668681587,17555.0,True,17.0,0.002773625163573712,0.003479398965231084,0.001580597140620199,0.001580597140620199,0.003479398965231084,-0.002773625163573712,0.001580597140620199,0.003479398965231084,True,0.0021216992427284254,0.006405754492028848,0.001580597140620199,0.001580597140620199,0.006405754492028848,-0.0021216992427284254,0.001580597140620199,0.006405754492028848,True,-0.0004357773246876917,0.006405754492028848,0.001580597140620199,0.001580597140620199,0.006405754492028848,0.0004357773246876917,0.001580597140620199,0.006405754492028848,True,-0.002945188930112863,0.006405754492028848,0.004694588020482726,0.004694588020482726,0.006405754492028848,0.002945188930112863,0.004694588020482726,0.006405754492028848,True,-0.002453721343428583,0.006405754492028848,0.005460913527359779,0.005460913527359779,0.006405754492028848,0.002453721343428583,0.005460913527359779,0.006405754492028848,True
AG:36883:I:-1:36831:36835,AG,2026-05-29 23:10:00,36883,-1,internal,48,18387.0,18433.0,18387.0,18433.0,False,0.2498234942703525,0.8478260869565217,36831,2026-05-29T10:45:00,36835,2026-05-29T11:05:00,36883,2026-05-29T23:05:00,False,True,True,36884.0,36883,2026-05-29 23:10:00,0.0,1,1,CHoCH,1,18272.0,96.0,CHoCH,1,18298.0,1.0,64,21,38,8,current_swing_high,swing,0.0,17.0,18587.0,18587.0,18587.0,0.9449845218052464,current_internal_high,internal,0.0,6.0,18298.0,18298.0,18298.0,0.6245587356758812,18362.0,18426.0,18333.0,18413.0,18099.0,274983.0,1,1,0,1,1,0,active_bear_internal_ob,18298.0,6,below,0.6245587356758812,18355.0,True,1.0,18061.0,2,below,1.9116928257209582,18159.0,False,,18587.0,17.0,above,0.9449845218052464,18272.0,False,,17470.0,104.0,below,5.121381632542225,17992.0,False,,4,12293,2026-05-29 23:00:00,10.0,-1,-1,CHoCH,-1,17856.0,58.0,CHoCH,-1,18234.0,3.0,62,13,24,6,active_bear_internal_ob,internal,-1.0,87.0,18812.0,18924.0,18868.0,2.166947265518927,active_bear_internal_ob,internal,-1.0,3.0,18272.0,18360.0,18316.0,0.287840112963667,18148.0,18309.0,18128.0,18272.0,44002.0,275186.0,0,0,0,0,0,0,,18360.0,3,below,0.287840112963667,18587.0,False,,18234.0,7,below,0.9721392494433281,17470.0,True,3.0,19287.0,120.0,above,4.7466463911366965,19185.0,False,,17470.0,0.0,below,5.121381632542225,17856.0,False,,3659,2026-05-29 23:00:00,10.0,-1,1,CHoCH,-1,17856.0,17.0,CHoCH,1,18272.0,9.0,36,5,8,2,current_internal_high,internal,0.0,1.0,18587.0,18587.0,18587.0,0.9449845218052464,active_bull_swing_ob,swing,1.0,326.0,17266.0,17864.0,17565.0,2.9815890946613806,18238.0,18309.0,18061.0,18272.0,142617.0,275186.0,0,0,0,0,0,0,,18587.0,1.0,above,0.9449845218052464,18272.0,False,,17470.0,9.0,below,5.121381632542225,17992.0,False,,19287.0,0.0,above,4.7466463911366965,22051.0,False,,17856.0,32.0,below,3.0250366588823114,17555.0,True,17.0,0.0016277811516101082,0.0035235163165090455,0.0008148852820877295,0.0008148852820877295,0.0035235163165090455,-0.0016277811516101082,0.0008148852820877295,0.0035235163165090455,True,-0.002337783433480567,0.0035235163165090455,0.003263532948230008,0.003263532948230008,0.0035235163165090455,0.002337783433480567,0.003263532948230008,0.0035235163165090455,True,-0.004571934159800506,0.0035235163165090455,0.0053359595189483855,0.0053359595189483855,0.0035235163165090455,0.004571934159800506,0.0053359595189483855,0.0035235163165090455,True,-0.006483093176548493,0.0035235163165090455,0.0075768261960025285,0.0075768261960025285,0.0035235163165090455,0.006483093176548493,0.0075768261960025285,0.0035235163165090455,True,-0.004626488045413879,0.0035235163165090455,0.008343151702879581,0.008343151702879581,0.0035235163165090455,0.004626488045413879,0.008343151702879581,0.0035235163165090455,True
AG:36915:I:-1:36906:36914,AG,2026-05-30 01:50:00,36915,-1,internal,1,18315.0,18358.0,18315.0,18358.0,False,0.23475459955232844,0.16279069767441862,36906,2026-05-30T01:00:00,36914,2026-05-30T01:40:00,36915,2026-05-30T01:45:00,False,True,True,37062.0,36915,2026-05-30 01:50:00,0.0,1,-1,CHoCH,1,18272.0,128.0,CHoCH,-1,18303.0,1.0,64,21,38,8,current_internal_high,internal,0.0,4.0,18358.0,18358.0,18358.0,0.2238357809684992,current_internal_low,internal,0.0,6.0,18303.0,18303.0,18303.0,0.07643173008680461,18297.0,18322.0,18285.0,18317.0,2503.0,271498.0,1,1,0,1,1,0,active_bear_internal_ob,18358.0,4,above,0.2238357809684992,18380.0,False,,18303.0,6,below,0.07643173008680461,18262.0,True,1.0,18587.0,49.0,above,1.474040508816946,18272.0,False,,17470.0,136.0,below,4.6241196702516785,17992.0,False,,4,12304,2026-05-30 01:45:00,5.0,-1,1,CHoCH,-1,17856.0,69.0,CHoCH,1,18360.0,10.0,63,12,24,6,current_internal_high,internal,0.0,5.0,18480.0,18480.0,18480.0,0.8898837145820823,current_internal_low,internal,0.0,1.0,18262.0,18262.0,18262.0,0.3002675110553038,18308.0,18311.0,18282.0,18298.0,5327.0,271564.0,0,0,0,0,0,0,,18480.0,5,above,0.8898837145820823,18360.0,False,,18262.0,1,below,0.3002675110553038,18061.0,False,,19287.0,131.0,above,5.295627013157176,19185.0,False,,17470.0,11.0,below,4.6241196702516785,17856.0,False,,3661,2026-05-30 01:00:00,50.0,-1,1,CHoCH,-1,17856.0,19.0,CHoCH,1,18272.0,11.0,36,5,8,2,current_internal_high,internal,0.0,3.0,18587.0,18587.0,18587.0,1.474040508816946,active_bull_swing_ob,swing,1.0,328.0,17266.0,17864.0,17565.0,2.4731124092373205,18323.0,18380.0,18262.0,18331.0,56440.0,272355.0,0,0,0,0,0,0,,18587.0,3.0,above,1.474040508816946,18272.0,False,,17470.0,11.0,below,4.6241196702516785,17992.0,False,,19287.0,2.0,above,5.295627013157176,22051.0,False,,17856.0,34.0,below,2.5167876835726375,17555.0,True,19.0,-0.001420454784291536,0.0001091822252430319,0.0014751279753060231,0.0014751279753060231,0.0001091822252430319,0.001420454784291536,0.0014751279753060231,0.0001091822252430319,True,-0.0005460900092018051,0.0001091822252430319,0.0039385204896689174,0.0039385204896689174,0.0001091822252430319,0.0005460900092018051,0.0039385204896689174,0.0001091822252430319,True,0.0007640253591478796,0.0009822111452102433,0.0039385204896689174,0.0039385204896689174,0.0009822111452102433,-0.0007640253591478796,0.0039385204896689174,0.0009822111452102433,True,-0.010923671130983692,0.0009822111452102433,0.014406935648658248,0.014406935648658248,0.0009822111452102433,0.010923671130983692,0.014406935648658248,0.0009822111452102433,False,-0.0018579240317126988,0.001690986356845059,0.014406935648658248,0.014406935648658248,0.001690986356845059,0.0018579240317126988,0.014406935648658248,0.001690986356845059,False
AG:36925:I:1:36876:36882,AG,2026-06-01 09:10:00,36925,1,internal,43,18061.0,18127.0,18061.0,18127.0,False,0.3645401822700911,0.6363636363636364,36876,2026-05-29T22:30:00,36882,2026-05-29T23:00:00,36925,2026-06-01T09:05:00,False,True,True,36926.0,36925,2026-06-01 09:10:00,0.0,1,-1,CHoCH,1,18272.0,138.0,BOS,-1,18245.0,1.0,64,22,38,8,current_internal_low,internal,0.0,3.0,18245.0,18245.0,18245.0,0.7732670533001933,active_bull_internal_ob,internal,1.0,164.0,17800.0,17845.0,17822.5,1.4360673847003589,18151.0,18191.0,18085.0,18105.0,12343.0,270466.0,1,1,1,0,1,0,active_bull_internal_ob,18358.0,14,above,1.3974040320353494,18380.0,False,,18245.0,3,above,0.7732670533001933,18303.0,True,1.0,18587.0,59.0,above,2.6622479977906655,18272.0,False,,17470.0,146.0,below,3.507318420325877,17992.0,False,,2,12307,2026-05-30 02:30:00,3280.0,-1,1,CHoCH,-1,17856.0,72.0,CHoCH,1,18360.0,13.0,63,12,24,6,current_internal_low,internal,0.0,4.0,18262.0,18262.0,18262.0,0.8671637669152167,active_bull_internal_ob,internal,1.0,45.0,17553.0,17709.0,17631.0,2.187241093620547,18310.0,18335.0,18308.0,18323.0,7500.0,268974.0,1,1,1,0,1,0,active_bull_internal_ob,18380.0,2,above,1.5189174261253797,18480.0,False,,18262.0,4,above,0.8671637669152167,18061.0,False,,19287.0,134.0,above,6.5285832642916315,19185.0,False,,17470.0,14.0,below,3.507318420325877,17856.0,False,,3663,2026-05-30 02:30:00,3280.0,-1,1,CHoCH,-1,17856.0,21.0,CHoCH,1,18272.0,13.0,36,5,8,2,current_internal_high,internal,0.0,5.0,18587.0,18587.0,18587.0,2.6622479977906655,active_bull_swing_ob,swing,1.0,330.0,17266.0,17864.0,17565.0,1.3311239988953327,18270.0,18335.0,18263.0,18323.0,12988.0,268974.0,0,0,0,0,0,0,,18587.0,5.0,above,2.6622479977906655,18272.0,False,,17470.0,13.0,below,3.507318420325877,17992.0,False,,19287.0,4.0,above,6.5285832642916315,22051.0,False,,17856.0,36.0,below,1.3753106876553438,17555.0,True,21.0,0.003144223016750658,0.0033094349013680358,0.0024892835423582227,0.0024892835423582227,0.0033094349013680358,0.003144223016750658,0.0033094349013680358,0.0024892835423582227,True,0.006827468433046491,0.008691401871109505,0.0024892835423582227,0.0024892835423582227,0.008691401871109505,0.006827468433046491,0.008691401871109505,0.0024892835423582227,True,0.004850097690983546,0.009293696082652403,0.0024892835423582227,0.0024892835423582227,0.009293696082652403,0.004850097690983546,0.009293696082652403,0.0024892835423582227,True,0.010497197322008489,0.013608638463145084,0.0024892835423582227,0.0024892835423582227,0.013608638463145084,0.010497197322008489,0.013608638463145084,0.0024892835423582227,True,0.006607953560031632,0.013608638463145084,0.0024892835423582227,0.0024892835423582227,0.013608638463145084,0.006607953560031632,0.013608638463145084,0.0024892835423582227,False
AG:36937:I:-1:36921:36924,AG,2026-06-01 10:10:00,36937,-1,internal,13,18308.0,18335.0,18308.0,18335.0,False,0.14761358044940134,1.0,36921,2026-05-30T02:15:00,36924,2026-06-01T09:00:00,36937,2026-06-01T10:05:00,True,False,False,36937.0,36937,2026-06-01 10:10:00,0.0,1,-1,CHoCH,1,18272.0,150.0,BOS,-1,18245.0,13.0,63,21,38,8,active_bear_internal_ob,internal,-1.0,23.0,18315.0,18358.0,18336.5,0.13121207151057895,current_internal_low,internal,0.0,6.0,18055.0,18055.0,18055.0,1.2902520365206933,18245.0,18348.0,18241.0,18291.0,8833.0,269699.0,0,0,0,0,0,0,,18335.0,9,above,0.24055546443606146,18358.0,False,,18055.0,6,below,1.2902520365206933,18245.0,False,,18587.0,71.0,above,1.6182822152971406,18272.0,False,,17470.0,158.0,below,4.488546279591056,17992.0,False,,4,12311,2026-06-01 10:00:00,10.0,-1,-1,CHoCH,-1,17856.0,76.0,CHoCH,-1,18262.0,3.0,62,13,24,6,current_internal_high,internal,0.0,6.0,18380.0,18380.0,18380.0,0.486578098518397,current_internal_low,internal,0.0,8.0,18262.0,18262.0,18262.0,0.1585479197419496,18276.0,18285.0,18211.0,18240.0,12315.0,269987.0,1,1,0,1,1,0,active_bear_internal_ob,18380.0,6,above,0.486578098518397,18480.0,False,,18262.0,8,below,0.1585479197419496,18061.0,True,3.0,19287.0,138.0,above,5.445300967689028,19185.0,False,,17470.0,18.0,below,4.488546279591056,17856.0,False,,3664,2026-06-01 10:00:00,10.0,-1,1,CHoCH,-1,17856.0,22.0,CHoCH,1,18272.0,14.0,36,5,8,2,current_internal_high,internal,0.0,6.0,18587.0,18587.0,18587.0,1.6182822152971406,active_bull_swing_ob,swing,1.0,331.0,17266.0,17864.0,17565.0,2.3344814389590507,18294.0,18313.0,18055.0,18240.0,100385.0,269987.0,0,0,0,0,0,0,,18587.0,6.0,above,1.6182822152971406,18272.0,False,,17470.0,14.0,below,4.488546279591056,17992.0,False,,19287.0,5.0,above,5.445300967689028,22051.0,False,,17856.0,37.0,below,2.378218796129244,17555.0,True,22.0,0.0013658592010603599,0.0026753312345295654,5.467319101448709e-05,5.467319101448709e-05,0.0026753312345295654,-0.0013658592010603599,5.467319101448709e-05,0.0026753312345295654,True,0.001038223092631796,0.0026753312345295654,0.0031211524310776895,0.0031211524310776895,0.0026753312345295654,-0.001038223092631796,0.0031211524310776895,0.0026753312345295654,False,-0.0030114732425943203,0.0026753312345295654,0.0033405469032175006,0.0033405469032175006,0.0026753312345295654,0.0030114732425943203,0.0033405469032175006,0.0026753312345295654,False,-0.003889243761976857,0.0026753312345295654,0.006527187696631742,0.006527187696631742,0.0026753312345295654,0.003889243761976857,0.006527187696631742,0.0026753312345295654,False,-0.004438241854272107,0.0026753312345295654,0.006527187696631742,0.006527187696631742,0.0026753312345295654,0.004438241854272107,0.006527187696631742,0.0026753312345295654,False
AG:36969:I:-1:36954:36967,AG,2026-06-01 21:05:00,36969,-1,internal,2,18237.0,18291.0,18237.0,18291.0,False,0.29514648010494093,1.0,36954,2026-06-01T13:45:00,36967,2026-06-01T14:50:00,36969,2026-06-01T21:00:00,True,False,False,36969.0,36969,2026-06-01 21:05:00,0.0,1,1,CHoCH,1,18272.0,182.0,CHoCH,1,18291.0,0.0,64,21,38,8,active_bear_internal_ob,internal,-1.0,55.0,18315.0,18358.0,18336.5,0.10384783559247923,current_internal_high,internal,0.0,10.0,18291.0,18291.0,18291.0,0.027328377787494532,18253.0,18317.0,18220.0,18296.0,18888.0,269463.0,0,0,0,0,0,0,,18291.0,10,below,0.027328377787494532,18348.0,True,0.0,18172.0,16,below,0.6777437691298644,18055.0,True,2.0,18587.0,103.0,above,1.590511587232182,18272.0,False,,17470.0,190.0,below,4.5146480104940965,17992.0,False,,4,12322,2026-06-01 15:00:00,365.0,-1,-1,CHoCH,-1,17856.0,87.0,BOS,-1,18172.0,0.0,62,14,24,6,current_internal_high,internal,0.0,5.0,18348.0,18348.0,18348.0,0.28421512898994317,active_bear_internal_ob,internal,-1.0,0.0,18237.0,18291.0,18264.0,0.027328377787494532,18216.0,18222.0,18137.0,18156.0,16183.0,267921.0,1,1,0,1,1,0,active_bear_internal_ob,18348.0,5,above,0.28421512898994317,18380.0,False,,18172.0,1,below,0.6777437691298644,18055.0,True,0.0,18587.0,0.0,above,1.590511587232182,19287.0,False,,17470.0,29.0,below,4.5146480104940965,17856.0,False,,3668,2026-06-01 15:00:00,365.0,-1,1,CHoCH,-1,17856.0,26.0,CHoCH,1,18272.0,18.0,36,5,8,2,current_internal_high,internal,0.0,10.0,18587.0,18587.0,18587.0,1.590511587232182,active_bull_swing_ob,swing,1.0,335.0,17266.0,17864.0,17565.0,2.3611718408395275,18255.0,18275.0,18137.0,18156.0,44569.0,267921.0,0,0,0,0,0,0,,18587.0,10.0,above,1.590511587232182,18272.0,False,,17470.0,18.0,below,4.5146480104940965,17992.0,False,,19287.0,9.0,above,5.416484477481417,22051.0,False,,17856.0,41.0,below,2.404897245299519,17555.0,True,26.0,-0.0009295967860136756,0.0005464182421075492,0.002243441612879593,0.002243441612879593,0.0005464182421075492,0.0009295967860136756,0.002243441612879593,0.0005464182421075492,True,-0.009831732726606646,0.0005464182421075492,0.012152688675652001,0.012152688675652001,0.0005464182421075492,0.009831732726606646,0.012152688675652001,0.0005464182421075492,True,-0.015255699975803338,0.0005464182421075492,0.017422427677006525,0.017422427677006525,0.0005464182421075492,0.015255699975803338,0.017422427677006525,0.0005464182421075492,True,-0.022384663612793787,0.0005464182421075492,0.024622927655064686,0.024622927655064686,0.0005464182421075492,0.022384663612793787,0.024622927655064686,0.0005464182421075492,True,-0.01792310917059403,0.0005464182421075492,0.024622927655064686,0.024622927655064686,0.0005464182421075492,0.01792310917059403,0.024622927655064686,0.0005464182421075492,True
AG:36971:I:1:36967:36969,AG,2026-06-01 21:15:00,36971,1,internal,2,18137.0,18213.0,18137.0,18213.0,False,0.41942604856512145,1.0,36967,2026-06-01T14:50:00,36969,2026-06-01T21:00:00,36971,2026-06-01T21:10:00,True,False,False,36971.0,36971,2026-06-01 21:15:00,0.0,1,1,CHoCH,1,18272.0,184.0,CHoCH,1,18291.0,2.0,63,21,38,8,current_internal_low,internal,0.0,18.0,18172.0,18172.0,18172.0,0.2869757174392936,active_bull_internal_ob,internal,1.0,210.0,17800.0,17845.0,17822.5,1.5176600441501102,18279.0,18279.0,18075.0,18120.0,28544.0,273061.0,0,0,0,0,0,0,,18291.0,12,above,0.9437086092715232,18348.0,True,2.0,18172.0,18,above,0.2869757174392936,18055.0,True,4.0,18587.0,105.0,above,2.577262693156733,18272.0,False,,17470.0,192.0,below,3.5871964679911703,17992.0,False,,4,12323,2026-06-01 21:15:00,0.0,-1,-1,CHoCH,-1,17856.0,88.0,BOS,-1,18172.0,1.0,62,13,24,6,current_internal_low,internal,0.0,2.0,18172.0,18172.0,18172.0,0.2869757174392936,active_bull_internal_ob,internal,1.0,61.0,17553.0,17709.0,17631.0,2.2682119205298013,18253.0,18317.0,18075.0,18120.0,55049.0,273061.0,0,0,0,0,0,0,,18348.0,6,above,1.2582781456953642,18380.0,False,,18172.0,2,above,0.2869757174392936,18055.0,True,1.0,18587.0,1.0,above,2.577262693156733,19287.0,False,,17470.0,30.0,below,3.5871964679911703,17856.0,False,,3668,2026-06-01 15:00:00,375.0,-1,1,CHoCH,-1,17856.0,26.0,CHoCH,1,18272.0,18.0,36,5,8,2,current_internal_high,internal,0.0,10.0,18587.0,18587.0,18587.0,2.577262693156733,active_bull_swing_ob,swing,1.0,335.0,17266.0,17864.0,17565.0,1.4128035320088301,18255.0,18275.0,18137.0,18156.0,44569.0,267921.0,0,0,0,0,0,0,,18587.0,10.0,above,2.577262693156733,18272.0,False,,17470.0,18.0,below,3.5871964679911703,17992.0,False,,19287.0,9.0,above,6.440397350993378,22051.0,False,,17856.0,41.0,below,1.456953642384106,17555.0,True,26.0,-0.00022076273614679565,0.002480228350002278,0.0008281116767712149,0.0008281116767712149,0.002480228350002278,-0.00022076273614679565,0.002480228350002278,0.0008281116767712149,True,-0.0058667425299638865,0.002480228350002278,0.0078114576865466745,0.0078114576865466745,0.002480228350002278,-0.0058667425299638865,0.002480228350002278,0.0078114576865466745,True,-0.007033117735092631,0.002480228350002278,0.008367785934552785,0.008367785934552785,0.002480228350002278,-0.007033117735092631,0.002480228350002278,0.008367785934552785,True,-0.008423435785703148,0.002480228350002278,0.015011957664604836,0.015011957664604836,0.002480228350002278,-0.008423435785703148,0.002480228350002278,0.015011957664604836,True,-0.0058667425299638865,0.002480228350002278,0.015011957664604836,0.015011957664604836,0.002480228350002278,-0.0058667425299638865,0.002480228350002278,0.015011957664604836,True
AG:37044:I:1:37036:37037,AG,2026-06-02 09:50:00,37044,1,internal,7,18085.0,18142.0,18085.0,18142.0,False,0.313980389996695,0.0,37036,2026-06-02T09:05:00,37037,2026-06-02T09:10:00,37044,2026-06-02T09:45:00,False,True,True,37045.0,37044,2026-06-02 09:50:00,0.0,1,1,CHoCH,1,18272.0,257.0,BOS,1,18189.0,7.0,65,21,38,8,current_internal_high,internal,0.0,13.0,18189.0,18189.0,18189.0,0.19279497631376005,active_bull_internal_ob,internal,1.0,7.0,18085.0,18142.0,18113.5,0.0661011347361463,18204.0,18226.0,18142.0,18154.0,7103.0,271918.0,0,0,0,0,0,0,,18189.0,13,above,0.19279497631376005,18100.0,True,7.0,18029.0,4,below,0.6885534868348573,18059.0,False,,18587.0,178.0,above,2.385149278395946,18272.0,False,,17851.0,14.0,below,1.6690536520876942,17470.0,False,,2,12347,2026-06-02 09:45:00,5.0,-1,1,CHoCH,-1,17856.0,112.0,CHoCH,1,18150.0,6.0,63,13,24,6,active_bear_internal_ob,internal,-1.0,39.0,18285.0,18380.0,18332.5,0.7216040542029305,current_internal_high,internal,0.0,9.0,18150.0,18150.0,18150.0,0.022033711578715434,18300.0,18316.0,18197.0,18204.0,19689.0,272154.0,0,0,0,0,0,0,,18150.0,9,below,0.022033711578715434,18317.0,True,6.0,18005.0,4,below,0.82075575630715,17851.0,False,,18587.0,25.0,above,2.385149278395946,19287.0,False,,17470.0,54.0,below,3.7677646799603393,17856.0,False,,3674,2026-06-02 02:30:00,440.0,-1,1,CHoCH,-1,17856.0,32.0,CHoCH,1,18272.0,24.0,36,5,8,2,current_internal_high,internal,0.0,16.0,18587.0,18587.0,18587.0,2.385149278395946,active_bull_swing_ob,swing,1.0,341.0,17266.0,17864.0,17565.0,1.5974440894568689,18159.0,18172.0,18120.0,18130.0,7946.0,274211.0,0,0,0,0,0,0,,18587.0,16.0,above,2.385149278395946,18272.0,False,,17470.0,24.0,below,3.7677646799603393,17992.0,False,,19287.0,15.0,above,6.241048804671147,22051.0,False,,17856.0,47.0,below,1.6415115126143,17555.0,True,32.0,-0.004139421425202627,0.00016522098344040614,0.00890714306322593,0.00890714306322593,0.00016522098344040614,-0.004139421425202627,0.00016522098344040614,0.00890714306322593,True,-0.003144396467485322,0.00016522098344040614,0.00890714306322593,0.00890714306322593,0.00016522098344040614,-0.003144396467485322,0.00016522098344040614,0.00890714306322593,True,-0.0007713924014662865,0.0017609513685439282,0.00890714306322593,0.00890714306322593,0.0017609513685439282,-0.0007713924014662865,0.0017609513685439282,0.00890714306322593,False,0.0024205094885303424,0.004615900051966548,0.00890714306322593,0.00890714306322593,0.004615900051966548,0.0024205094885303424,0.004615900051966548,0.00890714306322593,False,0.016442617730934472,0.020929475543489673,0.00890714306322593,0.00890714306322593,0.020929475543489673,0.016442617730934472,0.020929475543489673,0.00890714306322593,False
AG:37080:I:1:37071:37079,AG,2026-06-02 21:05:00,37080,1,internal,1,18433.0,18485.0,18433.0,18485.0,False,0.28184281842818426,0.4230769230769231,37071,2026-06-02T14:15:00,37079,2026-06-02T14:55:00,37080,2026-06-02T21:00:00,True,False,False,37080.0,37080,2026-06-02 21:05:00,0.0,1,1,CHoCH,1,18272.0,293.0,BOS,1,18520.0,1.0,65,20,38,8,current_internal_high,internal,0.0,6.0,18520.0,18520.0,18520.0,0.3794037940379404,current_internal_low,internal,0.0,4.0,18433.0,18433.0,18433.0,0.0921409214092141,18375.0,18455.0,18344.0,18450.0,18398.0,274289.0,0,0,0,0,0,0,,18520.0,6,above,0.3794037940379404,18540.0,True,1.0,18433.0,4,below,0.0921409214092141,18422.0,False,,18587.0,214.0,above,0.7425474254742548,18272.0,False,,17851.0,50.0,below,3.2466124661246614,17470.0,False,,4,12359,2026-06-02 15:00:00,365.0,-1,1,CHoCH,-1,17856.0,124.0,BOS,1,18350.0,5.0,63,12,24,6,current_internal_high,internal,0.0,0.0,18540.0,18540.0,18540.0,0.4878048780487805,active_bull_internal_ob,internal,1.0,5.0,18077.0,18146.0,18111.5,1.6476964769647697,18496.0,18530.0,18480.0,18522.0,13220.0,272959.0,0,0,0,0,0,0,,18540.0,0,above,0.4878048780487805,18350.0,False,,17995.0,6,below,2.4661246612466123,18005.0,False,,18587.0,37.0,above,0.7425474254742548,19287.0,False,,17470.0,66.0,below,5.311653116531166,17856.0,False,,3679,2026-06-02 15:00:00,365.0,-1,1,CHoCH,-1,17856.0,37.0,CHoCH,1,18272.0,29.0,36,5,8,2,current_internal_high,internal,0.0,21.0,18587.0,18587.0,18587.0,0.7425474254742548,active_bull_swing_ob,swing,1.0,346.0,17266.0,17864.0,17565.0,3.176151761517615,18442.0,18530.0,18433.0,18522.0,57817.0,272959.0,0,0,0,0,0,0,,18587.0,21.0,above,0.7425474254742548,18272.0,False,,17857.0,4.0,below,3.2140921409214087,17470.0,False,,19287.0,20.0,above,4.536585365853658,22051.0,False,,17856.0,52.0,below,3.2195121951219514,17555.0,True,37.0,-0.0016276045259733252,0.0016790796091115112,0.0023880608363846534,0.0023880608363846534,0.0016790796091115112,-0.0016276045259733252,0.0016790796091115112,0.0023880608363846534,True,-0.005054221242621892,0.0016790796091115112,0.005163195252427144,0.005163195252427144,0.0016790796091115112,-0.005054221242621892,0.0016790796091115112,0.005163195252427144,True,-0.005435682242859841,0.0016790796091115112,0.006580939096421545,0.006580939096421545,0.0016790796091115112,-0.005435682242859841,0.0016790796091115112,0.006580939096421545,True,-0.005980879072415846,0.0016790796091115112,0.00832861840527066,0.00832861840527066,0.0016790796091115112,-0.005980879072415846,0.0016790796091115112,0.00832861840527066,True,-0.007072165261362784,0.0016790796091115112,0.012381863807631177,0.012381863807631177,0.0016790796091115112,-0.007072165261362784,0.0016790796091115112,0.012381863807631177,True
AG:37123:I:1:37060:37062,AG,2026-06-03 00:40:00,37123,1,internal,61,18157.0,18210.0,18157.0,18210.0,False,0.2908093278463649,0.0,37060,2026-06-02T11:20:00,37062,2026-06-02T13:30:00,37123,2026-06-03T00:35:00,False,True,True,37146.0,37123,2026-06-03 00:40:00,0.0,1,-1,CHoCH,1,18272.0,336.0,BOS,-1,18315.0,7.0,65,23,38,8,current_internal_low,internal,0.0,9.0,18315.0,18315.0,18315.0,0.49382716049382713,active_bull_internal_ob,internal,1.0,61.0,18157.0,18210.0,18183.5,0.0823045267489712,18266.0,18271.0,18210.0,18225.0,5095.0,276973.0,0,0,0,0,0,0,,18377.0,7,above,0.8340192043895748,18371.0,False,,18315.0,9,above,0.49382716049382713,18220.0,True,7.0,18540.0,10.0,above,1.728395061728395,18587.0,False,,17851.0,93.0,below,2.0521262002743486,17470.0,False,,4,12373,2026-06-03 00:30:00,10.0,-1,1,CHoCH,-1,17856.0,138.0,BOS,1,18350.0,19.0,63,12,24,6,current_internal_high,internal,0.0,14.0,18540.0,18540.0,18540.0,1.728395061728395,current_internal_low,internal,0.0,3.0,18220.0,18220.0,18220.0,0.027434842249657067,18297.0,18305.0,18243.0,18255.0,10904.0,276960.0,0,0,0,0,0,0,,18540.0,14,above,1.728395061728395,18350.0,False,,18220.0,3,below,0.027434842249657067,17995.0,False,,18587.0,51.0,above,1.9862825788751715,19287.0,False,,17470.0,80.0,below,4.142661179698217,17856.0,False,,3682,2026-06-03 00:00:00,40.0,-1,1,CHoCH,-1,17856.0,40.0,CHoCH,1,18272.0,32.0,36,5,8,2,current_internal_high,internal,0.0,24.0,18587.0,18587.0,18587.0,1.9862825788751715,active_bull_swing_ob,swing,1.0,349.0,17266.0,17864.0,17565.0,1.98079561042524,18310.0,18377.0,18297.0,18316.0,44965.0,276942.0,0,0,0,0,0,0,,18587.0,24.0,above,1.9862825788751715,18272.0,False,,17857.0,7.0,below,2.0192043895747602,17470.0,False,,19287.0,23.0,above,5.827160493827161,22051.0,False,,17856.0,55.0,below,2.0246913580246915,17555.0,True,40.0,0.0010419238144763199,0.001315933954565196,0.0005488173124970075,0.0005488173124970075,0.001315933954565196,0.0010419238144763199,0.001315933954565196,0.0005488173124970075,True,0.0019184921059629545,0.002794292698370171,0.0005488173124970075,0.0005488173124970075,0.002794292698370171,0.0019184921059629545,0.002794292698370171,0.0005488173124970075,True,0.00010972732770220262,0.0031225202724325385,0.0005488173124970075,0.0005488173124970075,0.0031225202724325385,0.00010972732770220262,0.0031225202724325385,0.0005488173124970075,True,-0.002417052374267925,0.0031225202724325385,0.0030222294070156863,0.0030222294070156863,0.0031225202724325385,-0.002417052374267925,0.0031225202724325385,0.0030222294070156863,True,-0.009980507979182818,0.0031225202724325385,0.013922876837753506,0.013922876837753506,0.0031225202724325385,-0.009980507979182818,0.0031225202724325385,0.013922876837753506,False
AG:37151:I:1:36986:36994,AG,2026-06-03 09:30:00,37151,1,internal,157,17916.0,17960.0,17916.0,17960.0,False,0.24464831804281345,0.5454545454545454,36986,2026-06-01T22:25:00,36994,2026-06-01T23:05:00,37151,2026-06-03T09:25:00,False,True,True,37191.0,37151,2026-06-03 09:30:00,0.0,1,-1,CHoCH,1,18272.0,364.0,BOS,-1,18164.0,5.0,64,25,38,8,current_internal_low,internal,0.0,10.0,18164.0,18164.0,18164.0,0.9952738393105365,active_bull_internal_ob,internal,1.0,157.0,17916.0,17960.0,17938.0,0.13900472616068948,18005.0,18005.0,17936.0,17985.0,11296.0,281092.0,0,0,0,0,0,0,,18226.0,1,above,1.3400055601890464,18283.0,False,,18164.0,10,above,0.9952738393105365,18210.0,True,5.0,18540.0,38.0,above,3.085904920767306,18587.0,False,,17851.0,121.0,below,0.7450653322212955,17470.0,False,,2,12383,2026-06-03 09:30:00,0.0,-1,-1,CHoCH,-1,17856.0,148.0,CHoCH,-1,18220.0,5.0,62,13,24,6,current_internal_low,internal,0.0,13.0,18220.0,18220.0,18220.0,1.3066444259104808,current_swing_low,swing,0.0,7.0,17851.0,17851.0,17851.0,0.7450653322212955,18032.0,18045.0,17936.0,17985.0,21421.0,281092.0,0,0,0,0,0,0,,18377.0,8,above,2.1795941061996107,18540.0,False,,18220.0,13,above,1.3066444259104808,17995.0,True,5.0,18587.0,61.0,above,3.3472338059494025,19287.0,False,,17851.0,7.0,below,0.7450653322212955,17470.0,False,,3685,2026-06-03 02:30:00,420.0,-1,1,CHoCH,-1,17856.0,43.0,CHoCH,1,18272.0,35.0,36,5,8,2,current_internal_high,internal,0.0,2.0,18540.0,18540.0,18540.0,3.085904920767306,active_bull_swing_ob,swing,1.0,352.0,17266.0,17864.0,17565.0,0.672782874617737,18189.0,18226.0,18178.0,18202.0,8309.0,275717.0,0,0,0,0,0,0,,18540.0,2.0,above,3.085904920767306,18587.0,False,,17857.0,10.0,below,0.7117041979427301,17470.0,False,,19287.0,26.0,above,7.239366138448708,22051.0,False,,17856.0,58.0,below,0.7172643869891576,17555.0,True,43.0,0.003774636732609693,0.004162394665733871,0.00038937561332019754,0.00038937561332019754,0.004162394665733871,0.003774636732609693,0.004162394665733871,0.00038937561332019754,True,0.004882117880192993,0.005269446699532665,0.00038937561332019754,0.00038937561332019754,0.005269446699532665,0.004882117880192993,0.005269446699532665,0.00038937561332019754,True,0.006430533828563512,0.007535079144371792,0.00038937561332019754,0.00038937561332019754,0.007535079144371792,0.006430533828563512,0.007535079144371792,0.00038937561332019754,True,0.0073142676612789614,0.009354915861358393,0.00038937561332019754,0.00038937561332019754,0.009354915861358393,0.0073142676612789614,0.009354915861358393,0.00038937561332019754,False,0.002998669506000695,0.012655248890014903,0.00038937561332019754,0.00038937561332019754,0.012655248890014903,0.002998669506000695,0.012655248890014903,0.00038937561332019754,False
AG:37168:I:-1:37145:37146,AG,2026-06-03 11:10:00,37168,-1,internal,22,18195.0,18226.0,18195.0,18226.0,False,0.1705264315968975,0.4838709677419355,37145,2026-06-03T02:25:00,37146,2026-06-03T09:00:00,37168,2026-06-03T11:05:00,False,True,True,,37168,2026-06-03 11:10:00,0.0,1,-1,CHoCH,1,18272.0,381.0,BOS,-1,18164.0,22.0,64,25,38,8,active_bear_internal_ob,internal,-1.0,22.0,18195.0,18226.0,18210.5,0.08801364211452775,active_bull_internal_ob,internal,1.0,174.0,17916.0,17960.0,17938.0,1.2046867264425987,18184.0,18210.0,18165.0,18179.0,4995.0,277265.0,0,0,0,0,0,0,,18226.0,18,above,0.2585400737114253,18283.0,False,,17936.0,12,below,1.33670718961439,18164.0,False,,18540.0,55.0,above,1.9858078002090325,18587.0,False,,17851.0,138.0,below,1.804279663347819,17470.0,False,,3,12388,2026-06-03 11:00:00,10.0,-1,-1,CHoCH,-1,17856.0,153.0,CHoCH,-1,18220.0,10.0,62,13,24,6,active_bear_internal_ob,internal,-1.0,10.0,18324.0,18377.0,18350.5,0.7976236316629078,current_internal_low,internal,0.0,0.0,17936.0,17936.0,17936.0,1.33670718961439,18114.0,18135.0,18084.0,18135.0,8280.0,278026.0,0,0,0,0,0,0,,18377.0,13,above,1.089168821167281,18540.0,False,,17936.0,0,below,1.33670718961439,18220.0,False,,18587.0,66.0,above,2.2443478739204576,19287.0,False,,17851.0,12.0,below,1.804279663347819,17470.0,False,,3687,2026-06-03 11:00:00,10.0,-1,1,CHoCH,-1,17856.0,45.0,CHoCH,1,18272.0,37.0,36,5,8,2,current_internal_high,internal,0.0,4.0,18540.0,18540.0,18540.0,1.9858078002090325,active_bull_swing_ob,swing,1.0,354.0,17266.0,17864.0,17565.0,1.7327685791297651,18097.0,18150.0,18052.0,18135.0,28147.0,278026.0,0,0,0,0,0,0,,18540.0,4.0,above,1.9858078002090325,18587.0,False,,17857.0,12.0,below,1.771274547554871,17470.0,False,,19287.0,28.0,above,6.094944716431047,22051.0,False,,17856.0,60.0,below,1.7767754001870288,17555.0,True,45.0,-0.00044016506900490526,0.000494954226839539,0.001431245427630401,0.001431245427630401,0.000494954226839539,0.00044016506900490526,0.001431245427630401,0.000494954226839539,True,0.00016501196374285598,0.0007698229787429511,0.001541426124083145,0.001541426124083145,0.0007698229787429511,-0.00016501196374285598,0.001541426124083145,0.0007698229787429511,True,-0.006622906265718598,0.0007698229787429511,0.009006829778643421,0.009006829778643421,0.0007698229787429511,0.006622906265718598,0.009006829778643421,0.0007698229787429511,False,-0.006180011944133312,0.0007698229787429511,0.009395448798107608,0.009395448798107608,0.0007698229787429511,0.006180011944133312,0.009395448798107608,0.0007698229787429511,False,-0.009506510548556335,0.0007698229787429511,0.015410504527869406,0.015410504527869406,0.0007698229787429511,0.009506510548556335,0.015410504527869406,0.0007698229787429511,False
AG:37199:I:1:36754:36761,AG,2026-06-03 21:45:00,37199,1,internal,438,17800.0,17845.0,17800.0,17845.0,False,0.2531788004951052,1.0,36754,2026-05-28T21:35:00,36761,2026-05-28T22:10:00,37199,2026-06-03T21:40:00,True,False,False,37199.0,37199,2026-06-03 21:45:00,0.0,-1,-1,CHoCH,-1,17851.0,0.0,BOS,-1,17901.0,0.0,62,27,38,9,current_swing_low,swing,0.0,169.0,17851.0,17851.0,17851.0,0.4332170586249578,active_bull_internal_ob,internal,1.0,452.0,17671.0,17727.0,17699.0,0.26443119162822104,17932.0,17945.0,17764.0,17774.0,20876.0,285974.0,0,0,0,0,0,0,,18034.0,1,above,1.4628108473050523,18095.0,False,,17901.0,3,above,0.7145268369528525,18009.0,True,0.0,18540.0,86.0,above,4.309665803983346,18587.0,False,,17851.0,169.0,above,0.4332170586249578,17470.0,True,0.0,4,12399,2026-06-03 21:45:00,0.0,-1,-1,BOS,-1,17851.0,0.0,BOS,-1,17936.0,0.0,62,14,24,7,current_swing_low,swing,0.0,23.0,17851.0,17851.0,17851.0,0.4332170586249578,active_bull_internal_ob,internal,1.0,137.0,17553.0,17709.0,17631.0,0.36570271182626307,17947.0,17975.0,17764.0,17774.0,38767.0,285974.0,0,0,0,0,0,0,,18210.0,5,above,2.4530212670192415,18377.0,False,,17936.0,11,above,0.9114436817823788,18220.0,True,0.0,18587.0,77.0,above,4.574096995611567,19287.0,False,,17851.0,23.0,above,0.4332170586249578,17470.0,True,0.0,3690,2026-06-03 15:00:00,405.0,-1,1,CHoCH,-1,17856.0,48.0,CHoCH,1,18272.0,40.0,36,5,8,2,current_swing_low,swing,0.0,63.0,17856.0,17856.0,17856.0,0.4613480364577473,active_bull_internal_ob,internal,1.0,405.0,17306.0,17666.0,17486.0,0.6076291211882525,18018.0,18095.0,17922.0,18008.0,60146.0,279219.0,2,2,2,0,1,1,active_bull_internal_ob|active_bull_swing_ob,18540.0,7.0,above,4.309665803983346,18587.0,False,,17857.0,15.0,above,0.4669742320243052,17470.0,False,,19287.0,31.0,above,8.512433892202093,22051.0,False,,17856.0,63.0,above,0.4613480364577473,17555.0,True,48.0,0.003426680880219024,0.0039873132882437545,0.0007317965932127635,0.0007317965932127635,0.0039873132882437545,0.003426680880219024,0.0039873132882437545,0.0007317965932127635,True,0.007232797643361266,0.007791300869271822,0.0007317965932127635,0.0007317965932127635,0.007791300869271822,0.007232797643361266,0.007791300869271822,0.0007317965932127635,True,0.008070435553568345,0.009687882014558724,0.0007317965932127635,0.0007317965932127635,0.009687882014558724,0.008070435553568345,0.009687882014558724,0.0007317965932127635,True,0.007567937008616354,0.009687882014558724,0.0007317965932127635,0.0007317965932127635,0.009687882014558724,0.007567937008616354,0.009687882014558724,0.0007317965932127635,True,0.005611372111312463,0.012025762288974562,0.0007317965932127635,0.0007317965932127635,0.012025762288974562,0.005611372111312463,0.012025762288974562,0.0007317965932127635,True
AG:37215:I:1:37206:37213,AG,2026-06-03 23:05:00,37215,1,internal,2,17861.0,17942.0,17861.0,17942.0,False,0.4516812580159482,0.1111111111111111,37206,2026-06-03T22:15:00,37213,2026-06-03T22:50:00,37215,2026-06-03T23:00:00,False,True,True,37219.0,37215,2026-06-03 23:05:00,0.0,-1,1,CHoCH,-1,17851.0,16.0,CHoCH,1,17944.0,2.0,63,27,38,9,current_internal_high,internal,0.0,7.0,17944.0,17944.0,17944.0,0.06133943010093125,current_internal_low,internal,0.0,1.0,17870.0,17870.0,17870.0,0.3513076451235153,17958.0,17969.0,17933.0,17933.0,4107.0,287308.0,1,1,1,0,1,0,active_bull_internal_ob,17944.0,7,above,0.06133943010093125,18034.0,True,2.0,17870.0,1,below,0.3513076451235153,17758.0,False,,18540.0,102.0,above,3.384821279205933,18587.0,False,,17851.0,185.0,below,0.4572575698433057,17470.0,True,16.0,4,12404,2026-06-03 23:00:00,5.0,-1,-1,BOS,-1,17851.0,5.0,BOS,-1,17936.0,5.0,62,14,24,7,current_internal_low,internal,0.0,16.0,17936.0,17936.0,17936.0,0.016728935482072157,current_swing_low,swing,0.0,28.0,17851.0,17851.0,17851.0,0.4572575698433057,17907.0,17986.0,17898.0,17957.0,16085.0,287200.0,0,0,0,0,0,0,,18210.0,10,above,1.544638376177996,18377.0,False,,17936.0,16,above,0.016728935482072157,18220.0,True,5.0,18540.0,0.0,above,3.384821279205933,18587.0,False,,17851.0,28.0,below,0.4572575698433057,17470.0,True,5.0,3692,2026-06-03 23:00:00,5.0,-1,1,CHoCH,-1,17856.0,50.0,CHoCH,1,18272.0,42.0,36,5,8,2,current_internal_high,internal,0.0,9.0,18540.0,18540.0,18540.0,3.384821279205933,active_bull_swing_ob,swing,1.0,359.0,17266.0,17864.0,17565.0,0.38476551608765963,17905.0,17986.0,17861.0,17957.0,66852.0,287200.0,0,0,0,0,0,0,,18540.0,9.0,above,3.384821279205933,18587.0,False,,17857.0,17.0,below,0.42379969887916136,17470.0,False,,19287.0,33.0,above,7.550326214241901,22051.0,False,,17856.0,65.0,below,0.4293760107065187,17555.0,True,50.0,-0.0020094899310159064,0.00011152001795800004,0.002288905395685603,0.002288905395685603,0.00011152001795800004,-0.0020094899310159064,0.00011152001795800004,0.002288905395685603,True,-0.0025124939935992074,0.00011152001795800004,0.0037431256866398144,0.0037431256866398144,0.00011152001795800004,-0.0025124939935992074,0.00011152001795800004,0.0037431256866398144,True,-0.0038550764284313033,0.00011152001795800004,0.005591917495911147,0.005591917495911147,0.00011152001795800004,-0.0038550764284313033,0.00011152001795800004,0.005591917495911147,True,-0.0032395023862168415,0.00011152001795800004,0.005591917495911147,0.005591917495911147,0.00011152001795800004,-0.0032395023862168415,0.00011152001795800004,0.005591917495911147,True,-0.0037431256866398144,0.00011152001795800004,0.00783746944158814,0.00783746944158814,0.00011152001795800004,-0.0037431256866398144,0.00011152001795800004,0.00783746944158814,True
AG:37259:I:-1:37213:37219,AG,2026-06-04 09:15:00,37259,-1,internal,40,17911.0,17986.0,17911.0,17986.0,False,0.41843338540504355,0.44,37213,2026-06-03T22:50:00,37219,2026-06-03T23:20:00,37259,2026-06-04T09:10:00,False,True,True,37302.0,37259,2026-06-04 09:15:00,0.0,-1,1,CHoCH,-1,17851.0,60.0,CHoCH,1,17904.0,0.0,63,28,38,9,active_bear_internal_ob,internal,-1.0,60.0,17998.0,18034.0,18016.0,0.41285427359964294,current_internal_high,internal,0.0,14.0,17904.0,17904.0,17904.0,0.11158223610801161,17878.0,17944.0,17878.0,17924.0,9346.0,287669.0,1,1,0,1,1,0,active_bear_internal_ob,17904.0,14,below,0.11158223610801161,17888.0,True,0.0,17798.0,4,below,0.7029680874804731,17793.0,True,3.0,18540.0,146.0,above,3.4367328721267576,18587.0,False,,17758.0,9.0,below,0.9261325596964962,17851.0,False,,2,12419,2026-06-04 09:15:00,0.0,-1,-1,BOS,-1,17851.0,20.0,BOS,-1,17936.0,20.0,62,14,24,7,current_internal_high,internal,0.0,10.0,17986.0,17986.0,17986.0,0.345904931934836,current_swing_low,swing,0.0,43.0,17851.0,17851.0,17851.0,0.40727516179424234,17795.0,17944.0,17769.0,17924.0,30080.0,287669.0,0,0,0,0,0,0,,17986.0,10,above,0.345904931934836,18210.0,False,,17758.0,14,below,0.9261325596964962,17936.0,False,,18540.0,15.0,above,3.4367328721267576,18587.0,False,,17851.0,43.0,below,0.40727516179424234,17470.0,True,20.0,3696,2026-06-04 02:30:00,405.0,-1,-1,CHoCH,-1,17856.0,54.0,CHoCH,-1,17857.0,2.0,36,6,8,2,active_bear_internal_ob,internal,-1.0,2.0,18350.0,18540.0,18445.0,2.376701629100647,active_bull_swing_ob,swing,1.0,363.0,17266.0,17864.0,17565.0,0.3347467083240348,17817.0,17838.0,17790.0,17795.0,7917.0,287218.0,0,0,0,0,0,0,,18540.0,13.0,above,3.4367328721267576,18587.0,False,,17857.0,21.0,below,0.37380049096183887,17470.0,True,2.0,19287.0,37.0,above,7.604329390760991,22051.0,False,,17470.0,1.0,below,2.5329167596518634,17856.0,False,,-0.0008372638707410118,0.00039048336758185087,0.002234263343561693,0.002234263343561693,0.00039048336758185087,0.0008372638707410118,0.002234263343561693,0.00039048336758185087,True,-0.0007255881768397643,0.002451937700975293,0.002234263343561693,0.002234263343561693,0.002451937700975293,0.0007255881768397643,0.002234263343561693,0.002451937700975293,True,-0.01071388736665213,0.002451937700975293,0.011785970979000027,0.011785970979000027,0.002451937700975293,0.01071388736665213,0.011785970979000027,0.002451937700975293,True,-0.009361317277670977,0.002451937700975293,0.014669365202848894,0.014669365202848894,0.002451937700975293,0.009361317277670977,0.014669365202848894,0.002451937700975293,True,-0.004081296023812797,0.002451937700975293,0.014669365202848894,0.014669365202848894,0.002451937700975293,0.004081296023812797,0.014669365202848894,0.002451937700975293,False
AG:37265:I:1:37249:37259,AG,2026-06-04 09:45:00,37265,1,internal,6,17790.0,17837.0,17790.0,17837.0,False,0.2650575231220393,1.0,37249,2026-06-04T01:50:00,37259,2026-06-04T09:10:00,37265,2026-06-04T09:40:00,True,False,False,37265.0,37265,2026-06-04 09:45:00,0.0,-1,1,BOS,-1,17758.0,0.0,CHoCH,1,17904.0,6.0,62,28,38,10,current_swing_low,swing,0.0,15.0,17758.0,17758.0,17758.0,0.1466275659824047,active_bull_internal_ob,internal,1.0,518.0,17671.0,17727.0,17699.0,0.028197608842770134,17900.0,17904.0,17713.0,17732.0,18587.0,287682.0,0,0,0,0,0,0,,17904.0,20,above,0.9699977441912927,17888.0,True,6.0,17798.0,10,above,0.37220843672456577,17793.0,True,9.0,17986.0,2.0,above,1.4324385292127226,18540.0,False,,17758.0,15.0,above,0.1466275659824047,17851.0,True,0.0,2,12421,2026-06-04 09:45:00,0.0,-1,-1,BOS,-1,17851.0,22.0,BOS,-1,17758.0,0.0,62,15,24,7,current_internal_low,internal,0.0,16.0,17758.0,17758.0,17758.0,0.1466275659824047,active_bull_internal_ob,internal,1.0,159.0,17553.0,17709.0,17631.0,0.12970900067674263,17910.0,17944.0,17713.0,17732.0,24477.0,287682.0,0,0,0,0,0,0,,17986.0,12,above,1.4324385292127226,18210.0,False,,17758.0,16,above,0.1466275659824047,17936.0,True,0.0,18540.0,17.0,above,4.556733588991654,18587.0,False,,17851.0,45.0,above,0.6711030904579292,17470.0,True,22.0,3696,2026-06-04 02:30:00,435.0,-1,-1,CHoCH,-1,17856.0,54.0,CHoCH,-1,17857.0,2.0,36,6,8,2,current_internal_low,internal,0.0,21.0,17857.0,17857.0,17857.0,0.7049402210692534,active_bull_internal_ob,internal,1.0,411.0,17306.0,17666.0,17486.0,0.37220843672456577,17817.0,17838.0,17790.0,17795.0,7917.0,287218.0,2,2,2,0,1,1,active_bull_internal_ob|active_bull_swing_ob,18540.0,13.0,above,4.556733588991654,18587.0,False,,17857.0,21.0,above,0.7049402210692534,17470.0,True,2.0,19287.0,37.0,above,8.76945635010151,22051.0,False,,17470.0,1.0,below,1.477554703361155,17856.0,False,,0.0037151745518624324,0.004445327073840488,0.0008462862645082225,0.0008462862645082225,0.004445327073840488,0.0037151745518624324,0.004445327073840488,0.0008462862645082225,True,0.00045105999862471435,0.004445327073840488,0.0039554778361967635,0.0039554778361967635,0.004445327073840488,0.00045105999862471435,0.004445327073840488,0.0039554778361967635,True,0.0013525700889811532,0.004445327073840488,0.0039554778361967635,0.0039554778361967635,0.004445327073840488,0.0013525700889811532,0.004445327073840488,0.0039554778361967635,True,0.008311852862560087,0.009988299189812366,0.0039554778361967635,0.0039554778361967635,0.009988299189812366,0.008311852862560087,0.009988299189812366,0.0039554778361967635,False,0.001746725334941246,0.009988299189812366,0.0039554778361967635,0.0039554778361967635,0.009988299189812366,0.001746725334941246,0.009988299189812366,0.0039554778361967635,False
AG:37265:I:1:36737:36747,AG,2026-06-04 09:45:00,37265,1,internal,518,17671.0,17727.0,17671.0,17727.0,False,0.3158132190390255,0.25,36737,2026-05-28T14:10:00,36747,2026-05-28T21:00:00,37265,2026-06-04T09:40:00,False,True,True,37267.0,37265,2026-06-04 09:45:00,0.0,-1,1,BOS,-1,17758.0,0.0,CHoCH,1,17904.0,6.0,62,28,38,10,current_swing_low,swing,0.0,15.0,17758.0,17758.0,17758.0,0.1466275659824047,active_bull_internal_ob,internal,1.0,518.0,17671.0,17727.0,17699.0,0.028197608842770134,17900.0,17904.0,17713.0,17732.0,18587.0,287682.0,0,0,0,0,0,0,,17904.0,20,above,0.9699977441912927,17888.0,True,6.0,17798.0,10,above,0.37220843672456577,17793.0,True,9.0,17986.0,2.0,above,1.4324385292127226,18540.0,False,,17758.0,15.0,above,0.1466275659824047,17851.0,True,0.0,2,12421,2026-06-04 09:45:00,0.0,-1,-1,BOS,-1,17851.0,22.0,BOS,-1,17758.0,0.0,62,15,24,7,current_internal_low,internal,0.0,16.0,17758.0,17758.0,17758.0,0.1466275659824047,active_bull_internal_ob,internal,1.0,159.0,17553.0,17709.0,17631.0,0.12970900067674263,17910.0,17944.0,17713.0,17732.0,24477.0,287682.0,0,0,0,0,0,0,,17986.0,12,above,1.4324385292127226,18210.0,False,,17758.0,16,above,0.1466275659824047,17936.0,True,0.0,18540.0,17.0,above,4.556733588991654,18587.0,False,,17851.0,45.0,above,0.6711030904579292,17470.0,True,22.0,3696,2026-06-04 02:30:00,435.0,-1,-1,CHoCH,-1,17856.0,54.0,CHoCH,-1,17857.0,2.0,36,6,8,2,current_internal_low,internal,0.0,21.0,17857.0,17857.0,17857.0,0.7049402210692534,active_bull_internal_ob,internal,1.0,411.0,17306.0,17666.0,17486.0,0.37220843672456577,17817.0,17838.0,17790.0,17795.0,7917.0,287218.0,2,2,2,0,1,1,active_bull_internal_ob|active_bull_swing_ob,18540.0,13.0,above,4.556733588991654,18587.0,False,,17857.0,21.0,above,0.7049402210692534,17470.0,True,2.0,19287.0,37.0,above,8.76945635010151,22051.0,False,,17470.0,1.0,below,1.477554703361155,17856.0,False,,0.0037151745518624324,0.004445327073840488,0.0008462862645082225,0.0008462862645082225,0.004445327073840488,0.0037151745518624324,0.004445327073840488,0.0008462862645082225,True,0.00045105999862471435,0.004445327073840488,0.0039554778361967635,0.0039554778361967635,0.004445327073840488,0.00045105999862471435,0.004445327073840488,0.0039554778361967635,True,0.0013525700889811532,0.004445327073840488,0.0039554778361967635,0.0039554778361967635,0.004445327073840488,0.0013525700889811532,0.004445327073840488,0.0039554778361967635,True,0.008311852862560087,0.009988299189812366,0.0039554778361967635,0.0039554778361967635,0.009988299189812366,0.008311852862560087,0.009988299189812366,0.0039554778361967635,False,0.001746725334941246,0.009988299189812366,0.0039554778361967635,0.0039554778361967635,0.009988299189812366,0.001746725334941246,0.009988299189812366,0.0039554778361967635,False
AG:37302:I:-1:37193:37199,AG,2026-06-04 21:05:00,37302,-1,internal,103,17998.0,18034.0,17998.0,18034.0,False,0.1979218208807521,0.75,37193,2026-06-03T21:10:00,37199,2026-06-03T21:40:00,37302,2026-06-04T21:00:00,True,False,False,37302.0,37302,2026-06-04 21:05:00,0.0,1,1,CHoCH,1,17986.0,0.0,CHoCH,1,17910.0,0.0,62,25,39,9,active_bear_internal_ob,internal,-1.0,156.0,18195.0,18226.0,18210.5,0.03298697014679201,current_swing_high,swing,0.0,39.0,17986.0,17986.0,17986.0,1.11605915663313,18038.0,18220.0,18007.0,18189.0,50877.0,282335.0,0,0,0,0,0,0,,17910.0,20,below,1.533894111825829,17967.0,True,0.0,17700.0,29,below,2.688438066963549,17798.0,True,4.0,17986.0,39.0,below,1.11605915663313,18540.0,True,0.0,17758.0,52.0,below,2.3695640222112266,17851.0,True,37.0,4,12433,2026-06-04 15:00:00,365.0,-1,-1,BOS,-1,17851.0,34.0,BOS,-1,17758.0,12.0,62,15,24,7,active_bear_internal_ob,internal,-1.0,55.0,18324.0,18377.0,18350.5,0.7422068283028204,active_bear_internal_ob,internal,-1.0,12.0,17898.0,17986.0,17942.0,1.11605915663313,17666.0,17738.0,17650.0,17730.0,17570.0,287231.0,1,1,0,1,1,0,active_bear_internal_ob,17910.0,3,below,1.533894111825829,17986.0,False,,17662.0,6,below,2.897355544559899,17758.0,False,,18540.0,29.0,above,1.929737753587333,18587.0,False,,17851.0,57.0,below,1.8582659849359504,17470.0,True,34.0,3701,2026-06-04 15:00:00,365.0,-1,-1,CHoCH,-1,17856.0,59.0,CHoCH,-1,17857.0,7.0,36,6,8,2,active_bear_internal_ob,internal,-1.0,7.0,18350.0,18540.0,18445.0,0.8851503656055857,active_bull_swing_ob,swing,1.0,368.0,17266.0,17864.0,17565.0,1.7867942162845676,17764.0,17835.0,17650.0,17730.0,64876.0,287231.0,0,0,0,0,0,0,,18540.0,18.0,above,1.929737753587333,18587.0,False,,17857.0,26.0,below,1.8252790147891582,17470.0,True,7.0,19287.0,42.0,above,6.036615536862939,22051.0,False,,17470.0,6.0,below,3.9529385892572435,17856.0,False,,-0.001485107943262065,0.0007691885440497259,0.0018704962267221958,0.0018704962267221958,0.0007691885440497259,0.001485107943262065,0.0018704962267221958,0.0007691885440497259,True,-0.0003848162549893175,0.0007691885440497259,0.003413536321266619,0.003413536321266619,0.0007691885440497259,0.0003848162549893175,0.003413536321266619,0.0007691885440497259,True,-0.0037444977672809188,0.0007691885440497259,0.0044067494471136115,0.0044067494471136115,0.0007691885440497259,0.0037444977672809188,0.0044067494471136115,0.0007691885440497259,True,-0.009998149958448721,0.0007691885440497259,0.010609006564976653,0.010609006564976653,0.0007691885440497259,0.009998149958448721,0.010609006564976653,0.0007691885440497259,True,-0.017912582085209294,0.0007691885440497259,0.023580227233310325,0.023580227233310325,0.0007691885440497259,0.017912582085209294,0.023580227233310325,0.0007691885440497259,True
AG:37302:I:-1:37183:37185,AG,2026-06-04 21:05:00,37302,-1,internal,117,18040.0,18095.0,18040.0,18095.0,False,0.30238055967892685,1.0,37183,2026-06-03T14:20:00,37185,2026-06-03T14:30:00,37302,2026-06-04T21:00:00,True,False,False,37302.0,37302,2026-06-04 21:05:00,0.0,1,1,CHoCH,1,17986.0,0.0,CHoCH,1,17910.0,0.0,62,25,39,9,active_bear_internal_ob,internal,-1.0,156.0,18195.0,18226.0,18210.5,0.03298697014679201,current_swing_high,swing,0.0,39.0,17986.0,17986.0,17986.0,1.11605915663313,18038.0,18220.0,18007.0,18189.0,50877.0,282335.0,0,0,0,0,0,0,,17910.0,20,below,1.533894111825829,17967.0,True,0.0,17700.0,29,below,2.688438066963549,17798.0,True,4.0,17986.0,39.0,below,1.11605915663313,18540.0,True,0.0,17758.0,52.0,below,2.3695640222112266,17851.0,True,37.0,4,12433,2026-06-04 15:00:00,365.0,-1,-1,BOS,-1,17851.0,34.0,BOS,-1,17758.0,12.0,62,15,24,7,active_bear_internal_ob,internal,-1.0,55.0,18324.0,18377.0,18350.5,0.7422068283028204,active_bear_internal_ob,internal,-1.0,12.0,17898.0,17986.0,17942.0,1.11605915663313,17666.0,17738.0,17650.0,17730.0,17570.0,287231.0,1,1,0,1,1,0,active_bear_internal_ob,17910.0,3,below,1.533894111825829,17986.0,False,,17662.0,6,below,2.897355544559899,17758.0,False,,18540.0,29.0,above,1.929737753587333,18587.0,False,,17851.0,57.0,below,1.8582659849359504,17470.0,True,34.0,3701,2026-06-04 15:00:00,365.0,-1,-1,CHoCH,-1,17856.0,59.0,CHoCH,-1,17857.0,7.0,36,6,8,2,active_bear_internal_ob,internal,-1.0,7.0,18350.0,18540.0,18445.0,0.8851503656055857,active_bull_swing_ob,swing,1.0,368.0,17266.0,17864.0,17565.0,1.7867942162845676,17764.0,17835.0,17650.0,17730.0,64876.0,287231.0,0,0,0,0,0,0,,18540.0,18.0,above,1.929737753587333,18587.0,False,,17857.0,26.0,below,1.8252790147891582,17470.0,True,7.0,19287.0,42.0,above,6.036615536862939,22051.0,False,,17470.0,6.0,below,3.9529385892572435,17856.0,False,,-0.001485107943262065,0.0007691885440497259,0.0018704962267221958,0.0018704962267221958,0.0007691885440497259,0.001485107943262065,0.0018704962267221958,0.0007691885440497259,True,-0.0003848162549893175,0.0007691885440497259,0.003413536321266619,0.003413536321266619,0.0007691885440497259,0.0003848162549893175,0.003413536321266619,0.0007691885440497259,True,-0.0037444977672809188,0.0007691885440497259,0.0044067494471136115,0.0044067494471136115,0.0007691885440497259,0.0037444977672809188,0.0044067494471136115,0.0007691885440497259,True,-0.009998149958448721,0.0007691885440497259,0.010609006564976653,0.010609006564976653,0.0007691885440497259,0.009998149958448721,0.010609006564976653,0.0007691885440497259,True,-0.017912582085209294,0.0007691885440497259,0.023580227233310325,0.023580227233310325,0.0007691885440497259,0.017912582085209294,0.023580227233310325,0.0007691885440497259,True
AG:37356:I:-1:37347:37352,AG,2026-06-05 01:35:00,37356,-1,internal,4,17912.0,17940.0,17912.0,17940.0,False,0.1560845086125202,1.0,37347,2026-06-05T00:45:00,37352,2026-06-05T01:10:00,37356,2026-06-05T01:30:00,True,False,False,37356.0,37356,2026-06-05 01:35:00,0.0,1,-1,CHoCH,1,17986.0,54.0,CHoCH,-1,17891.0,4.0,62,25,39,9,current_internal_high,internal,0.0,4.0,17940.0,17940.0,17940.0,0.005574446736161436,current_internal_low,internal,0.0,7.0,17891.0,17891.0,17891.0,0.2675734433357489,17904.0,17958.0,17898.0,17939.0,3568.0,283216.0,0,0,0,0,0,0,,17940.0,4,above,0.005574446736161436,17958.0,False,,17891.0,7,below,0.2675734433357489,17770.0,True,4.0,18220.0,4.0,above,1.5664195328613635,17986.0,False,,17650.0,7.0,below,1.6110151067506548,17758.0,False,,4,12451,2026-06-05 01:30:00,5.0,-1,1,BOS,-1,17851.0,52.0,CHoCH,1,17910.0,17.0,63,13,24,7,current_internal_high,internal,0.0,0.0,17958.0,17958.0,17958.0,0.10591448798706728,current_swing_low,swing,0.0,75.0,17851.0,17851.0,17851.0,0.4905513127822064,17886.0,17911.0,17849.0,17903.0,8303.0,283290.0,0,0,0,0,0,0,,17958.0,0,above,0.10591448798706728,18220.0,False,,17770.0,5,below,0.9420814984112827,17650.0,False,,18540.0,47.0,above,3.350242488433023,18587.0,False,,17851.0,75.0,below,0.4905513127822064,17470.0,True,52.0,3705,2026-06-05 01:00:00,35.0,-1,-1,CHoCH,-1,17856.0,63.0,CHoCH,-1,17857.0,11.0,36,6,8,2,active_bear_internal_ob,internal,-1.0,11.0,18350.0,18540.0,18445.0,2.29109760856235,active_bull_swing_ob,swing,1.0,372.0,17266.0,17864.0,17565.0,0.41808350521210774,17928.0,17958.0,17891.0,17922.0,27813.0,283408.0,0,0,0,0,0,0,,18540.0,22.0,above,3.350242488433023,18587.0,False,,17857.0,30.0,below,0.4571046323652377,17470.0,True,11.0,18587.0,2.0,above,3.6122414850326106,19287.0,False,,17470.0,10.0,below,2.6144155192597136,17856.0,False,,-0.0007807272312696512,0.0006130012173333199,0.000892309467493746,0.000892309467493746,0.0006130012173333199,0.0007807272312696512,0.000892309467493746,0.0006130012173333199,True,-0.000892309467493746,0.0006130012173333199,0.0011155112986749316,0.0011155112986749316,0.0006130012173333199,0.000892309467493746,0.0011155112986749316,0.0006130012173333199,True,-0.0002787611870971318,0.0009472072027314482,0.0013945836639503995,0.0013945836639503995,0.0009472072027314482,0.0002787611870971318,0.0013945836639503995,0.0009472072027314482,True,-0.014203747563410474,0.002783346263594666,0.01782899227241508,0.01782899227241508,0.002783346263594666,0.014203747563410474,0.01782899227241508,0.002783346263594666,False,-0.01907821167284851,0.002783346263594666,0.02180921018407922,0.02180921018407922,0.002783346263594666,0.01907821167284851,0.02180921018407922,0.002783346263594666,False
AG:37368:I:1:37299:37302,AG,2026-06-05 09:05:00,37368,1,internal,66,17650.0,17718.0,17650.0,17718.0,False,0.38448490331335516,1.0,37299,2026-06-04T14:45:00,37302,2026-06-04T21:00:00,37368,2026-06-05T09:00:00,True,False,False,37368.0,37368,2026-06-05 09:05:00,0.0,1,-1,CHoCH,1,17986.0,66.0,CHoCH,-1,17914.0,0.0,61,26,38,9,current_internal_low,internal,0.0,2.0,17914.0,17914.0,17914.0,1.2891552640506616,current_swing_low,swing,0.0,19.0,17650.0,17650.0,17650.0,0.20355083116589393,17807.0,17807.0,17622.0,17686.0,34014.0,285453.0,0,0,0,0,0,0,,17958.0,7,above,1.5379396132534207,17940.0,True,4.0,17914.0,2,above,1.2891552640506616,17849.0,True,0.0,18220.0,16.0,above,3.01933732896076,17986.0,False,,17650.0,19.0,below,0.20355083116589393,17758.0,False,,2,12455,2026-06-05 02:30:00,395.0,-1,1,BOS,-1,17851.0,56.0,BOS,1,17958.0,1.0,64,13,24,7,current_internal_low,internal,0.0,9.0,17770.0,17770.0,17770.0,0.47495193938708585,active_bull_internal_ob,internal,1.0,1420.0,17306.0,17569.0,17437.5,0.6615402012891552,17959.0,17989.0,17953.0,17976.0,6057.0,281083.0,2,2,2,0,2,0,active_bull_internal_ob,17958.0,4,above,1.5379396132534207,18220.0,True,1.0,17770.0,9,above,0.47495193938708585,17650.0,False,,18540.0,51.0,above,4.828678050435372,18587.0,False,,17851.0,79.0,above,0.9329413095103471,17470.0,True,56.0,3707,2026-06-05 02:30:00,395.0,-1,-1,CHoCH,-1,17856.0,65.0,CHoCH,-1,17857.0,13.0,36,6,8,2,current_internal_high,internal,0.0,0.0,18220.0,18220.0,18220.0,3.01933732896076,active_bull_internal_ob,internal,1.0,422.0,17306.0,17666.0,17486.0,0.11308379509216329,17928.0,17989.0,17924.0,17976.0,10629.0,281083.0,2,2,2,0,1,1,active_bull_internal_ob|active_bull_swing_ob,18220.0,0.0,above,3.01933732896076,18540.0,False,,17650.0,1.0,below,0.20355083116589393,17857.0,False,,18587.0,4.0,above,5.094424968901956,19287.0,False,,17470.0,12.0,below,1.2213049869953636,17856.0,False,,0.0010735374085246718,0.0032735100910574744,0.0007351901928771554,0.0007351901928771554,0.0032735100910574744,0.0010735374085246718,0.0032735100910574744,0.0007351901928771554,True,-0.0009049262537104141,0.0032735100910574744,0.003170831035584243,0.003170831035584243,0.0032735100910574744,-0.0009049262537104141,0.0032735100910574744,0.003170831035584243,True,-0.002660554624794642,0.0032735100910574744,0.006806992078452367,0.006806992078452367,0.0032735100910574744,-0.002660554624794642,0.0032735100910574744,0.006806992078452367,True,-0.005044075417265148,0.0032735100910574744,0.007775073928495857,0.007775073928495857,0.0032735100910574744,-0.005044075417265148,0.0032735100910574744,0.007775073928495857,True,-0.009656971207684606,0.0032735100910574744,0.010456423054741038,0.010456423054741038,0.0032735100910574744,-0.009656971207684606,0.0032735100910574744,0.010456423054741038,False
AG:37368:S:1:37299:37302,AG,2026-06-05 09:05:00,37368,1,swing,66,17650.0,17718.0,17650.0,17718.0,False,0.38448490331335516,1.0,37299,2026-06-04T14:45:00,37302,2026-06-04T21:00:00,37368,2026-06-05T09:00:00,True,False,False,37368.0,37368,2026-06-05 09:05:00,0.0,1,-1,CHoCH,1,17986.0,66.0,CHoCH,-1,17914.0,0.0,61,26,38,9,current_internal_low,internal,0.0,2.0,17914.0,17914.0,17914.0,1.2891552640506616,current_swing_low,swing,0.0,19.0,17650.0,17650.0,17650.0,0.20355083116589393,17807.0,17807.0,17622.0,17686.0,34014.0,285453.0,0,0,0,0,0,0,,17958.0,7,above,1.5379396132534207,17940.0,True,4.0,17914.0,2,above,1.2891552640506616,17849.0,True,0.0,18220.0,16.0,above,3.01933732896076,17986.0,False,,17650.0,19.0,below,0.20355083116589393,17758.0,False,,2,12455,2026-06-05 02:30:00,395.0,-1,1,BOS,-1,17851.0,56.0,BOS,1,17958.0,1.0,64,13,24,7,current_internal_low,internal,0.0,9.0,17770.0,17770.0,17770.0,0.47495193938708585,active_bull_internal_ob,internal,1.0,1420.0,17306.0,17569.0,17437.5,0.6615402012891552,17959.0,17989.0,17953.0,17976.0,6057.0,281083.0,2,2,2,0,2,0,active_bull_internal_ob,17958.0,4,above,1.5379396132534207,18220.0,True,1.0,17770.0,9,above,0.47495193938708585,17650.0,False,,18540.0,51.0,above,4.828678050435372,18587.0,False,,17851.0,79.0,above,0.9329413095103471,17470.0,True,56.0,3707,2026-06-05 02:30:00,395.0,-1,-1,CHoCH,-1,17856.0,65.0,CHoCH,-1,17857.0,13.0,36,6,8,2,current_internal_high,internal,0.0,0.0,18220.0,18220.0,18220.0,3.01933732896076,active_bull_internal_ob,internal,1.0,422.0,17306.0,17666.0,17486.0,0.11308379509216329,17928.0,17989.0,17924.0,17976.0,10629.0,281083.0,2,2,2,0,1,1,active_bull_internal_ob|active_bull_swing_ob,18220.0,0.0,above,3.01933732896076,18540.0,False,,17650.0,1.0,below,0.20355083116589393,17857.0,False,,18587.0,4.0,above,5.094424968901956,19287.0,False,,17470.0,12.0,below,1.2213049869953636,17856.0,False,,0.0010735374085246718,0.0032735100910574744,0.0007351901928771554,0.0007351901928771554,0.0032735100910574744,0.0010735374085246718,0.0032735100910574744,0.0007351901928771554,True,-0.0009049262537104141,0.0032735100910574744,0.003170831035584243,0.003170831035584243,0.0032735100910574744,-0.0009049262537104141,0.0032735100910574744,0.003170831035584243,True,-0.002660554624794642,0.0032735100910574744,0.006806992078452367,0.006806992078452367,0.0032735100910574744,-0.002660554624794642,0.0032735100910574744,0.006806992078452367,True,-0.005044075417265148,0.0032735100910574744,0.007775073928495857,0.007775073928495857,0.0032735100910574744,-0.005044075417265148,0.0032735100910574744,0.007775073928495857,True,-0.009656971207684606,0.0032735100910574744,0.010456423054741038,0.010456423054741038,0.0032735100910574744,-0.009656971207684606,0.0032735100910574744,0.010456423054741038,False
AG:37368:S:1:36727:36787,AG,2026-06-05 09:05:00,37368,1,swing,581,17553.0,17638.0,17553.0,17638.0,False,0.480606129141694,0.18823529411764706,36727,2026-05-28T11:20:00,36787,2026-05-29T00:20:00,37368,2026-06-05T09:00:00,False,True,True,37378.0,37368,2026-06-05 09:05:00,0.0,1,-1,CHoCH,1,17986.0,66.0,CHoCH,-1,17914.0,0.0,61,26,38,9,current_internal_low,internal,0.0,2.0,17914.0,17914.0,17914.0,1.2891552640506616,current_swing_low,swing,0.0,19.0,17650.0,17650.0,17650.0,0.20355083116589393,17807.0,17807.0,17622.0,17686.0,34014.0,285453.0,0,0,0,0,0,0,,17958.0,7,above,1.5379396132534207,17940.0,True,4.0,17914.0,2,above,1.2891552640506616,17849.0,True,0.0,18220.0,16.0,above,3.01933732896076,17986.0,False,,17650.0,19.0,below,0.20355083116589393,17758.0,False,,2,12455,2026-06-05 02:30:00,395.0,-1,1,BOS,-1,17851.0,56.0,BOS,1,17958.0,1.0,64,13,24,7,current_internal_low,internal,0.0,9.0,17770.0,17770.0,17770.0,0.47495193938708585,active_bull_internal_ob,internal,1.0,1420.0,17306.0,17569.0,17437.5,0.6615402012891552,17959.0,17989.0,17953.0,17976.0,6057.0,281083.0,2,2,2,0,2,0,active_bull_internal_ob,17958.0,4,above,1.5379396132534207,18220.0,True,1.0,17770.0,9,above,0.47495193938708585,17650.0,False,,18540.0,51.0,above,4.828678050435372,18587.0,False,,17851.0,79.0,above,0.9329413095103471,17470.0,True,56.0,3707,2026-06-05 02:30:00,395.0,-1,-1,CHoCH,-1,17856.0,65.0,CHoCH,-1,17857.0,13.0,36,6,8,2,current_internal_high,internal,0.0,0.0,18220.0,18220.0,18220.0,3.01933732896076,active_bull_internal_ob,internal,1.0,422.0,17306.0,17666.0,17486.0,0.11308379509216329,17928.0,17989.0,17924.0,17976.0,10629.0,281083.0,2,2,2,0,1,1,active_bull_internal_ob|active_bull_swing_ob,18220.0,0.0,above,3.01933732896076,18540.0,False,,17650.0,1.0,below,0.20355083116589393,17857.0,False,,18587.0,4.0,above,5.094424968901956,19287.0,False,,17470.0,12.0,below,1.2213049869953636,17856.0,False,,0.0010735374085246718,0.0032735100910574744,0.0007351901928771554,0.0007351901928771554,0.0032735100910574744,0.0010735374085246718,0.0032735100910574744,0.0007351901928771554,True,-0.0009049262537104141,0.0032735100910574744,0.003170831035584243,0.003170831035584243,0.0032735100910574744,-0.0009049262537104141,0.0032735100910574744,0.003170831035584243,True,-0.002660554624794642,0.0032735100910574744,0.006806992078452367,0.006806992078452367,0.0032735100910574744,-0.002660554624794642,0.0032735100910574744,0.006806992078452367,True,-0.005044075417265148,0.0032735100910574744,0.007775073928495857,0.007775073928495857,0.0032735100910574744,-0.005044075417265148,0.0032735100910574744,0.007775073928495857,True,-0.009656971207684606,0.0032735100910574744,0.010456423054741038,0.010456423054741038,0.0032735100910574744,-0.009656971207684606,0.0032735100910574744,0.010456423054741038,False
AG:37395:S:1:33054:33105,AG,2026-06-05 13:35:00,37395,1,swing,4290,17306.0,17465.0,17306.0,17465.0,False,0.910705080474254,0.14465408805031446,33054,2026-04-07T22:15:00,33105,2026-04-08T09:00:00,37395,2026-06-05T13:30:00,False,True,True,37404.0,37395,2026-06-05 13:35:00,0.0,-1,-1,CHoCH,-1,17650.0,23.0,BOS,-1,17516.0,0.0,61,27,37,10,current_internal_low,internal,0.0,7.0,17516.0,17516.0,17516.0,0.32647917979265706,active_bull_internal_ob,internal,1.0,4944.0,16976.0,17073.0,17024.5,2.210894094736239,17564.0,17575.0,17442.0,17459.0,13588.0,293528.0,2,2,2,0,1,1,active_bull_internal_ob|active_bull_swing_ob,17669.0,3,above,1.2028180308150525,17989.0,False,,17516.0,7,above,0.32647917979265706,17914.0,True,0.0,18220.0,43.0,above,4.358783435477404,17986.0,False,,17650.0,46.0,above,1.0939916375508334,17758.0,True,23.0,2,12464,2026-06-05 11:30:00,125.0,-1,-1,BOS,-1,17851.0,65.0,CHoCH,-1,17770.0,8.0,61,14,24,7,current_internal_low,internal,0.0,18.0,17770.0,17770.0,17770.0,1.781316226588006,active_bull_internal_ob,internal,1.0,1643.0,16950.0,17207.0,17078.5,1.4433816369780628,17547.0,17563.0,17494.0,17532.0,15589.0,292409.0,2,2,2,0,1,1,active_bull_internal_ob|active_bull_swing_ob,17958.0,13,above,2.8581247494129105,18220.0,True,10.0,17770.0,18,above,1.781316226588006,17650.0,True,8.0,18540.0,60.0,above,6.191649006243198,18587.0,False,,17851.0,88.0,above,2.2452603241880977,17470.0,True,65.0,3710,2026-06-05 11:30:00,125.0,-1,-1,CHoCH,-1,17856.0,68.0,BOS,-1,17650.0,2.0,36,7,8,2,active_bull_internal_ob,internal,1.0,60.0,17470.0,17850.0,17660.0,0.06300475399507417,active_bull_internal_ob,internal,1.0,518.0,16401.001953125,16723.001953125,16562.001953125,4.215579625837677,17579.0,17591.0,17494.0,17532.0,29975.0,292409.0,2,2,2,0,1,1,active_bull_internal_ob|active_bull_swing_ob,18220.0,3.0,above,4.358783435477404,18540.0,False,,17650.0,4.0,above,1.0939916375508334,17857.0,True,2.0,18587.0,7.0,above,6.460851136949425,19287.0,False,,17470.0,15.0,above,0.06300475399507417,17856.0,False,,0.0022314413493251806,0.003830436607495713,0.0013183161855430114,0.0013183161855430114,0.003830436607495713,0.0022314413493251806,0.003830436607495713,0.0013183161855430114,True,0.0028599230154906508,0.003830436607495713,0.0013183161855430114,0.0013183161855430114,0.003830436607495713,0.0028599230154906508,0.003830436607495713,0.0013183161855430114,True,-0.001662510773613235,0.003830436607495713,0.0030404750497563526,0.0030404750497563526,0.003830436607495713,-0.001662510773613235,0.003830436607495713,0.0030404750497563526,True,-0.0014330345520807697,0.003830436607495713,0.015470176918400469,0.015470176918400469,0.003830436607495713,-0.0014330345520807697,0.003830436607495713,0.015470176918400469,True,-0.019842724331009975,0.004857013633889906,0.031478962820003176,0.031478962820003176,0.004857013633889906,-0.019842724331009975,0.004857013633889906,0.031478962820003176,False
AG:37413:I:1:32446:32451,AG,2026-06-05 21:05:00,37413,1,internal,4962,16976.0,17073.0,16976.0,17073.0,False,0.5669862052840776,1.0,32446,2026-03-27T21:35:00,32451,2026-03-27T22:00:00,37413,2026-06-05T21:00:00,True,False,False,37413.0,37413,2026-06-05 21:05:00,0.0,-1,-1,CHoCH,-1,17650.0,41.0,BOS,-1,17190.0,0.0,59,28,36,10,current_internal_low,internal,0.0,4.0,17190.0,17190.0,17190.0,0.47930792611643674,active_bull_internal_ob,internal,1.0,5012.0,16812.0,16900.0,16856.0,1.21580547112462,17242.0,17242.0,16917.0,17108.0,52125.0,291641.0,0,0,0,0,0,0,,17669.0,21,above,3.2791676408697685,17989.0,False,,17190.0,4,above,0.47930792611643674,17516.0,True,0.0,18220.0,61.0,above,6.4998830956277756,17986.0,False,,17650.0,64.0,above,3.1681084872574234,17758.0,True,41.0,4,12470,2026-06-05 15:00:00,365.0,-1,-1,BOS,-1,17851.0,71.0,CHoCH,-1,17770.0,14.0,60,14,23,7,current_internal_low,internal,0.0,24.0,17770.0,17770.0,17770.0,3.8695347205985504,active_bull_internal_ob,internal,1.0,1762.0,16740.001953125,17072.0,16906.0009765625,0.21042787000233812,17462.0,17543.0,17443.0,17528.0,22748.0,289322.0,1,1,1,0,1,0,active_bull_internal_ob,17958.0,19,above,4.96843581949965,18220.0,True,16.0,17770.0,24,above,3.8695347205985504,17650.0,True,14.0,18540.0,66.0,above,8.370353051204114,18587.0,False,,17851.0,94.0,above,4.3429974281038115,17470.0,True,71.0,3712,2026-06-05 15:00:00,365.0,-1,-1,BOS,-1,17470.0,1.0,BOS,-1,17650.0,4.0,34,7,7,3,current_swing_low,swing,0.0,17.0,17470.0,17470.0,17470.0,2.115969137245733,active_bull_internal_ob,internal,1.0,520.0,16401.001953125,16723.001953125,16562.001953125,2.2503977488601823,17466.0,17543.0,17190.0,17528.0,112337.0,289322.0,0,0,0,0,0,0,,18220.0,5.0,above,6.4998830956277756,18540.0,False,,17650.0,6.0,above,3.1681084872574234,17857.0,True,4.0,18587.0,9.0,above,8.64507832592939,19287.0,False,,17470.0,17.0,above,2.115969137245733,17856.0,True,1.0,0.003501812846588237,0.005015465112068185,0.0019898174763408605,0.0019898174763408605,0.005015465112068185,0.003501812846588237,0.005015465112068185,0.0019898174763408605,True,0.00437535336161865,0.007281656267579706,0.0019898174763408605,0.0019898174763408605,0.007281656267579706,0.00437535336161865,0.007281656267579706,0.0019898174763408605,True,0.0006429176994586783,0.007281656267579706,0.0038662106620410697,0.0038662106620410697,0.007281656267579706,0.0006429176994586783,0.007281656267579706,0.0038662106620410697,True,-0.015199114389517376,0.007281656267579706,0.018528883193241086,0.018528883193241086,0.007281656267579706,-0.015199114389517376,0.007281656267579706,0.018528883193241086,True,-0.015258477424174188,0.007281656267579706,0.026541725147534834,0.026541725147534834,0.007281656267579706,-0.015258477424174188,0.007281656267579706,0.026541725147534834,True
AG:37424:I:1:32392:32401,AG,2026-06-05 22:00:00,37424,1,internal,5023,16812.0,16900.0,16812.0,16900.0,False,0.5227205227205227,0.9090909090909091,32392,2026-03-27T02:20:00,32401,2026-03-27T09:35:00,37424,2026-06-05T21:55:00,False,True,True,37425.0,37424,2026-06-05 22:00:00,0.0,-1,-1,CHoCH,-1,17650.0,52.0,BOS,-1,17190.0,11.0,59,28,36,10,current_internal_low,internal,0.0,15.0,17190.0,17190.0,17190.0,2.1087021087021087,active_bull_internal_ob,internal,1.0,5329.0,16401.001953125,16535.001953125,16468.001953125,1.7819901804276803,16999.0,17005.0,16820.0,16835.0,20176.0,296767.0,2,2,2,0,2,0,active_bull_internal_ob,17543.0,9,above,4.205524205524205,17669.0,False,,17190.0,15,above,2.1087021087021087,17516.0,True,11.0,18220.0,72.0,above,8.226908226908227,17986.0,False,,17650.0,75.0,above,4.8411048411048405,17758.0,True,52.0,4,12474,2026-06-05 22:00:00,0.0,-1,-1,BOS,-1,17851.0,75.0,CHoCH,-1,17770.0,18.0,59,14,23,7,current_internal_low,internal,0.0,28.0,17770.0,17770.0,17770.0,5.553905553905554,active_bull_swing_ob,swing,1.0,1750.0,16401.001953125,16708.001953125,16554.501953125,0.7543691528066528,16987.0,17035.0,16820.0,16835.0,41746.0,296767.0,3,3,3,0,2,1,active_bull_internal_ob|active_bull_swing_ob,17958.0,23,above,6.670626670626671,18220.0,True,20.0,17770.0,28,above,5.553905553905554,17650.0,True,18.0,18540.0,70.0,above,10.127710127710127,18587.0,False,,17851.0,98.0,above,6.035046035046035,17470.0,True,75.0,3713,2026-06-05 22:00:00,0.0,-1,-1,BOS,-1,17470.0,2.0,BOS,-1,17650.0,5.0,34,7,7,3,current_swing_low,swing,0.0,18.0,17470.0,17470.0,17470.0,3.771903771903772,active_bull_internal_ob,internal,1.0,521.0,16401.001953125,16723.001953125,16562.001953125,0.6652690637065637,17242.0,17242.0,16820.0,16835.0,195947.0,296767.0,0,0,0,0,0,0,,18220.0,6.0,above,8.226908226908227,18540.0,False,,17650.0,7.0,above,4.8411048411048405,17857.0,True,5.0,18587.0,10.0,above,10.406890406890406,19287.0,False,,17470.0,18.0,above,3.771903771903772,17856.0,True,2.0,5.936303465681192e-05,0.003792147697776471,0.0032704057690668975,0.0032704057690668975,0.003792147697776471,5.936303465681192e-05,0.003792147697776471,0.0032704057690668975,True,-0.001723062723920421,0.003792147697776471,0.0032704057690668975,0.0032704057690668975,0.003792147697776471,-0.001723062723920421,0.003792147697776471,0.0032704057690668975,True,-0.004104466835142873,0.003792147697776471,0.011283247723360645,0.011283247723360645,0.003792147697776471,-0.004104466835142873,0.003792147697776471,0.011283247723360645,True,0.0006527996433725036,0.003792147697776471,0.011283247723360645,0.011283247723360645,0.003792147697776471,0.0006527996433725036,0.003792147697776471,0.011283247723360645,True,-0.00960358345807144,0.003792147697776471,0.012785335731701153,0.012785335731701153,0.003792147697776471,-0.00960358345807144,0.003792147697776471,0.012785335731701153,True
AG:37473:I:1:37458:37460,AG,2026-06-06 02:05:00,37473,1,internal,13,16632.001953125,16692.001953125,16632.001953125,16692.001953125,False,0.3599495648793272,0.43333333333333335,37458,2026-06-06T00:45:00,37460,2026-06-06T00:55:00,37473,2026-06-06T02:00:00,False,True,True,37475.0,37473,2026-06-06 02:05:00,0.0,-1,1,CHoCH,-1,17650.0,101.0,CHoCH,1,16733.001953125,13.0,58,28,36,10,current_internal_high,internal,0.0,7.0,16796.0,16796.0,16796.0,0.761881528553011,current_internal_low,internal,0.0,10.0,16632.001953125,16632.001953125,16632.001953125,0.2219688983422518,16723.001953125,16727.001953125,16666.001953125,16669.001953125,4221.0,300454.0,1,1,1,0,1,0,active_bull_internal_ob,16796.0,7,above,0.761881528553011,16733.001953125,False,,16632.001953125,10,below,0.2219688983422518,16650.001953125,False,,18220.0,121.0,above,9.304684535022378,17986.0,False,,17650.0,124.0,above,5.885163668668769,17758.0,True,101.0,4,12490,2026-06-06 02:00:00,5.0,-1,-1,BOS,-1,17851.0,91.0,CHoCH,-1,17770.0,34.0,57,14,22,7,current_swing_low,swing,0.0,114.0,17851.0,17851.0,17851.0,7.090994711014516,current_internal_low,internal,0.0,5.0,16631.001953125,16631.001953125,16631.001953125,0.22796805775690726,16709.001953125,16730.001953125,16700.001953125,16723.001953125,5962.0,301054.0,1,1,1,0,0,1,active_bull_swing_ob,17958.0,39,above,7.7329047683826495,18220.0,True,36.0,16631.001953125,5,below,0.22796805775690726,17770.0,False,,18540.0,86.0,above,11.224415547712123,18587.0,False,,17851.0,114.0,above,7.090994711014516,17470.0,True,91.0,3717,2026-06-06 02:00:00,5.0,-1,-1,BOS,-1,17470.0,6.0,BOS,-1,17650.0,9.0,34,7,7,3,current_swing_low,swing,0.0,22.0,17470.0,17470.0,17470.0,4.805314974030788,active_bull_internal_ob,internal,1.0,1165.0,15045.0009765625,15241.0009765625,15143.0009765625,8.566805502682104,16765.001953125,16796.0,16700.001953125,16723.001953125,36982.0,301054.0,1,1,1,0,1,0,active_bull_internal_ob,18220.0,10.0,above,9.304684535022378,18540.0,False,,17650.0,11.0,above,5.885163668668769,17857.0,True,9.0,18587.0,14.0,above,11.50637604020093,19287.0,False,,17470.0,22.0,above,4.805314974030788,17856.0,True,6.0,-0.00012000478627172129,0.0006597690274645629,0.0014410087864629162,0.0014410087864629162,0.0006597690274645629,-0.00012000478627172129,0.0006597690274645629,0.0014410087864629162,True,-0.0069841927803278026,0.0006597690274645629,0.008616846011390678,0.008616846011390678,0.0006597690274645629,-0.0069841927803278026,0.0006597690274645629,0.008616846011390678,True,-0.013287625233402878,0.0006597690274645629,0.018285866118199934,0.018285866118199934,0.0006597690274645629,-0.013287625233402878,0.0006597690274645629,0.018285866118199934,False,-0.024722669566331845,0.0006597690274645629,0.0321301103976559,0.0321301103976559,0.0006597690274645629,-0.024722669566331845,0.0006597690274645629,0.0321301103976559,False,-0.01810256487300954,0.0006597690274645629,0.0321301103976559,0.0321301103976559,0.0006597690274645629,-0.01810256487300954,0.0006597690274645629,0.0321301103976559,False
AG:37476:I:1:32088:32095,AG,2026-06-06 02:20:00,37476,1,internal,5381,16401.001953125,16535.001953125,16401.001953125,16535.001953125,False,0.8096186586135917,0.08208955223880597,32088,2026-03-24T13:30:00,32095,2026-03-24T14:05:00,37476,2026-06-06T02:15:00,False,True,True,37479.0,37476,2026-06-06 02:20:00,0.0,-1,-1,CHoCH,-1,17650.0,104.0,CHoCH,-1,16632.001953125,1.0,57,29,36,10,current_internal_low,internal,0.0,13.0,16632.001953125,16632.001953125,16632.001953125,0.48939635334105175,active_bull_internal_ob,internal,1.0,5381.0,16401.001953125,16535.001953125,16468.001953125,0.09667088461057811,16551.001953125,16592.001953125,16524.001953125,16551.001953125,5613.0,298839.0,0,0,0,0,0,0,,16796.0,10,above,1.4802611199543836,16733.001953125,False,,16632.001953125,13,above,0.48939635334105175,16650.001953125,True,1.0,18220.0,124.0,above,10.083969850295835,17986.0,False,,17650.0,127.0,above,6.640069586043991,17758.0,True,104.0,4,12491,2026-06-06 02:15:00,5.0,-1,-1,BOS,-1,17851.0,92.0,BOS,-1,16631.001953125,0.0,57,15,22,7,current_internal_low,internal,0.0,6.0,16631.001953125,16631.001953125,16631.001953125,0.4833544230528906,active_bull_internal_ob,internal,1.0,3934.0,15045.0009765625,15142.0009765625,15093.5009765625,8.513085676341584,16723.001953125,16727.001953125,16537.001953125,16554.001953125,16093.0,299313.0,1,1,1,0,0,1,active_bull_swing_ob,17958.0,40,above,8.50098411479762,18220.0,True,37.0,16631.001953125,6,above,0.4833544230528906,17770.0,True,0.0,18540.0,87.0,above,12.017387542507398,18587.0,False,,17851.0,115.0,above,7.854497573964378,17470.0,True,92.0,3717,2026-06-06 02:00:00,20.0,-1,-1,BOS,-1,17470.0,6.0,BOS,-1,17650.0,9.0,34,7,7,3,current_swing_low,swing,0.0,22.0,17470.0,17470.0,17470.0,5.552522134174987,active_bull_internal_ob,internal,1.0,1165.0,15045.0009765625,15241.0009765625,15143.0009765625,7.91493457781363,16765.001953125,16796.0,16700.001953125,16723.001953125,36982.0,301054.0,1,1,1,0,1,0,active_bull_internal_ob,18220.0,10.0,above,10.083969850295835,18540.0,False,,17650.0,11.0,above,6.640069586043991,17857.0,True,9.0,18587.0,14.0,above,12.301358266050972,19287.0,False,,17470.0,22.0,above,5.552522134174987,17856.0,True,6.0,-0.0016930707087716712,0.002293163488829464,0.00272240675615798,0.00272240675615798,0.002293163488829464,-0.0016930707087716712,0.002293163488829464,0.00272240675615798,True,-0.006363849930783871,0.002293163488829464,0.011362090815580927,0.011362090815580927,0.002293163488829464,-0.006363849930783871,0.002293163488829464,0.011362090815580927,False,-0.023349324460079757,0.002293163488829464,0.02520633509503689,0.02520633509503689,0.002293163488829464,-0.023349324460079757,0.002293163488829464,0.02520633509503689,False,-0.013135737240480339,0.002293163488829464,0.02520633509503689,0.02520633509503689,0.002293163488829464,-0.013135737240480339,0.002293163488829464,0.02520633509503689,False,-0.015341890718044482,0.002293163488829464,0.02520633509503689,0.02520633509503689,0.002293163488829464,-0.015341890718044482,0.002293163488829464,0.02520633509503689,False
AG:37476:S:1:32088:32172,AG,2026-06-06 02:20:00,37476,1,swing,5304,16401.001953125,16535.001953125,16401.001953125,16535.001953125,False,0.8096186586135917,0.08208955223880597,32088,2026-03-24T13:30:00,32172,2026-03-25T09:00:00,37476,2026-06-06T02:15:00,False,True,True,37479.0,37476,2026-06-06 02:20:00,0.0,-1,-1,CHoCH,-1,17650.0,104.0,CHoCH,-1,16632.001953125,1.0,57,29,36,10,current_internal_low,internal,0.0,13.0,16632.001953125,16632.001953125,16632.001953125,0.48939635334105175,active_bull_internal_ob,internal,1.0,5381.0,16401.001953125,16535.001953125,16468.001953125,0.09667088461057811,16551.001953125,16592.001953125,16524.001953125,16551.001953125,5613.0,298839.0,0,0,0,0,0,0,,16796.0,10,above,1.4802611199543836,16733.001953125,False,,16632.001953125,13,above,0.48939635334105175,16650.001953125,True,1.0,18220.0,124.0,above,10.083969850295835,17986.0,False,,17650.0,127.0,above,6.640069586043991,17758.0,True,104.0,4,12491,2026-06-06 02:15:00,5.0,-1,-1,BOS,-1,17851.0,92.0,BOS,-1,16631.001953125,0.0,57,15,22,7,current_internal_low,internal,0.0,6.0,16631.001953125,16631.001953125,16631.001953125,0.4833544230528906,active_bull_internal_ob,internal,1.0,3934.0,15045.0009765625,15142.0009765625,15093.5009765625,8.513085676341584,16723.001953125,16727.001953125,16537.001953125,16554.001953125,16093.0,299313.0,1,1,1,0,0,1,active_bull_swing_ob,17958.0,40,above,8.50098411479762,18220.0,True,37.0,16631.001953125,6,above,0.4833544230528906,17770.0,True,0.0,18540.0,87.0,above,12.017387542507398,18587.0,False,,17851.0,115.0,above,7.854497573964378,17470.0,True,92.0,3717,2026-06-06 02:00:00,20.0,-1,-1,BOS,-1,17470.0,6.0,BOS,-1,17650.0,9.0,34,7,7,3,current_swing_low,swing,0.0,22.0,17470.0,17470.0,17470.0,5.552522134174987,active_bull_internal_ob,internal,1.0,1165.0,15045.0009765625,15241.0009765625,15143.0009765625,7.91493457781363,16765.001953125,16796.0,16700.001953125,16723.001953125,36982.0,301054.0,1,1,1,0,1,0,active_bull_internal_ob,18220.0,10.0,above,10.083969850295835,18540.0,False,,17650.0,11.0,above,6.640069586043991,17857.0,True,9.0,18587.0,14.0,above,12.301358266050972,19287.0,False,,17470.0,22.0,above,5.552522134174987,17856.0,True,6.0,-0.0016930707087716712,0.002293163488829464,0.00272240675615798,0.00272240675615798,0.002293163488829464,-0.0016930707087716712,0.002293163488829464,0.00272240675615798,True,-0.006363849930783871,0.002293163488829464,0.011362090815580927,0.011362090815580927,0.002293163488829464,-0.006363849930783871,0.002293163488829464,0.011362090815580927,False,-0.023349324460079757,0.002293163488829464,0.02520633509503689,0.02520633509503689,0.002293163488829464,-0.023349324460079757,0.002293163488829464,0.02520633509503689,False,-0.013135737240480339,0.002293163488829464,0.02520633509503689,0.02520633509503689,0.002293163488829464,-0.013135737240480339,0.002293163488829464,0.02520633509503689,False,-0.015341890718044482,0.002293163488829464,0.02520633509503689,0.02520633509503689,0.002293163488829464,-0.015341890718044482,0.002293163488829464,0.02520633509503689,False
AG:37551:I:-1:37531:37535,AG,2026-06-08 23:20:00,37551,-1,internal,16,16494.001953125,16572.001953125,16494.001953125,16572.001953125,False,0.47255537847087586,0.2692307692307692,37531,2026-06-08T21:35:00,37535,2026-06-08T21:55:00,37551,2026-06-08T23:15:00,False,True,True,38034.0,37551,2026-06-08 23:20:00,0.0,-1,-1,CHoCH,-1,17650.0,179.0,CHoCH,-1,16404.001953125,16.0,57,30,35,10,current_internal_high,internal,0.0,15.0,16572.001953125,16572.001953125,16572.001953125,0.399854551013818,current_internal_low,internal,0.0,9.0,16318.0009765625,16318.0009765625,16318.0009765625,1.138985546569057,16447.001953125,16515.001953125,16428.001953125,16506.001953125,9617.0,288515.0,1,1,0,1,1,0,active_bear_internal_ob,16572.001953125,15,above,0.399854551013818,16604.001953125,False,,16318.0009765625,9,below,1.138985546569057,16404.001953125,False,,18220.0,199.0,above,10.384089688966123,17986.0,False,,17650.0,202.0,above,6.930800384755877,17758.0,True,179.0,4,12516,2026-06-08 23:15:00,5.0,-1,1,BOS,-1,17851.0,117.0,CHoCH,1,16439.001953125,8.0,58,15,21,7,current_internal_high,internal,0.0,3.0,16604.001953125,16604.001953125,16604.001953125,0.5937234242326389,active_bull_internal_ob,internal,1.0,8.0,16020.0009765625,16126.0009765625,16073.0009765625,2.3021987858819823,16467.001953125,16487.001953125,16439.001953125,16446.001953125,14530.0,288888.0,0,0,0,0,0,0,,16604.001953125,3,above,0.5937234242326389,16439.001953125,False,,16020.0009765625,8,below,2.944389428419326,16140.0009765625,False,,18540.0,112.0,above,12.322778421154332,18587.0,False,,17851.0,140.0,above,8.148539244661595,17470.0,True,117.0,3725,2026-06-08 23:00:00,20.0,-1,-1,BOS,-1,17470.0,14.0,BOS,-1,17650.0,17.0,33,7,7,3,current_swing_low,swing,0.0,30.0,17470.0,17470.0,17470.0,5.8402879729000094,active_bull_internal_ob,internal,1.0,1173.0,15045.0009765625,15241.0009765625,15143.0009765625,7.663884810839996,16374.0009765625,16472.001953125,16318.0009765625,16470.001953125,78651.0,287999.0,0,0,0,0,0,0,,18220.0,18.0,above,10.384089688966123,18540.0,False,,17650.0,19.0,above,6.930800384755877,17857.0,True,17.0,18587.0,22.0,above,12.607523328694475,19287.0,False,,17470.0,30.0,above,5.8402879729000094,17856.0,True,14.0,0.0005451076077775951,0.0009083476705278315,0.0013337375359974146,0.0013337375359974146,0.0009083476705278315,-0.0005451076077775951,0.0013337375359974146,0.0009083476705278315,True,-0.0008485362253907169,0.0009083476705278315,0.0016977930760262439,0.0016977930760262439,0.0009083476705278315,0.0008485362253907169,0.0016977930760262439,0.0009083476705278315,True,0.000242306732875619,0.0023599899241588673,0.0016977930760262439,0.0016977930760262439,0.0023599899241588673,-0.000242306732875619,0.0016977930760262439,0.0023599899241588673,True,0.0006056567817065428,0.0026621503379917755,0.0016977930760262439,0.0016977930760262439,0.0026621503379917755,-0.0006056567817065428,0.0016977930760262439,0.0026621503379917755,True,-0.0013337375359974146,0.0030850215904987266,0.0027907555908814885,0.0027907555908814885,0.0030850215904987266,0.0013337375359974146,0.0027907555908814885,0.0030850215904987266,True
AG:37575:I:-1:37570:37572,AG,2026-06-09 01:20:00,37575,-1,internal,3,16493.001953125,16557.001953125,16493.001953125,16557.001953125,False,0.388255231842332,0.0625,37570,2026-06-09T00:50:00,37572,2026-06-09T01:00:00,37575,2026-06-09T01:15:00,False,True,True,37644.0,37575,2026-06-09 01:20:00,0.0,-1,-1,CHoCH,-1,17650.0,203.0,BOS,-1,16482.001953125,3.0,57,31,35,10,active_bear_internal_ob,internal,-1.0,3.0,16493.001953125,16557.001953125,16525.001953125,0.05459839197782793,current_internal_low,internal,0.0,8.0,16482.001953125,16482.001953125,16482.001953125,0.012132975995072875,16490.001953125,16497.001953125,16474.001953125,16484.001953125,1760.0,287081.0,0,0,0,0,0,0,,16557.001953125,0,above,0.4428536238201599,16550.001953125,False,,16482.001953125,8,below,0.012132975995072875,16318.0009765625,True,3.0,16604.001953125,1.0,above,0.7279785597043725,18220.0,False,,15974.0009765625,18.0,below,3.093914803048268,17650.0,False,,4,12524,2026-06-09 01:15:00,5.0,-1,1,BOS,-1,17851.0,125.0,CHoCH,1,16439.001953125,16.0,58,15,21,7,current_internal_high,internal,0.0,11.0,16604.001953125,16604.001953125,16604.001953125,0.7279785597043725,current_internal_low,internal,0.0,7.0,16318.0009765625,16318.0009765625,16318.0009765625,1.0070429318957337,16496.001953125,16504.001953125,16460.001953125,16484.001953125,7975.0,287182.0,0,0,0,0,0,0,,16604.001953125,11,above,0.7279785597043725,16439.001953125,False,,16318.0009765625,7,below,1.0070429318957337,16020.0009765625,False,,18540.0,120.0,above,12.472687474325545,18587.0,False,,17851.0,148.0,above,8.29287724402294,17470.0,True,125.0,3727,2026-06-09 01:00:00,20.0,-1,-1,BOS,-1,17470.0,16.0,BOS,-1,17650.0,19.0,33,7,7,3,current_swing_low,swing,0.0,32.0,17470.0,17470.0,17470.0,5.981545316961557,current_internal_low,internal,0.0,0.0,15974.0009765625,15974.0009765625,15974.0009765625,3.093914803048268,16513.001953125,16557.001953125,16482.001953125,16497.001953125,33096.0,287712.0,0,0,0,0,0,0,,18220.0,20.0,above,10.531411315113886,18540.0,False,,15974.0009765625,0.0,below,3.093914803048268,17650.0,False,,18587.0,24.0,above,12.757812410209757,19287.0,False,,17470.0,32.0,above,5.981545316961557,17856.0,True,16.0,-0.0010318351183880026,0.0005458349247877692,0.0012140342409434624,0.0012140342409434624,0.0005458349247877692,0.0010318351183880026,0.0012140342409434624,0.0005458349247877692,True,-0.0026728235314212867,0.0005458349247877692,0.0036465333270854217,0.0036465333270854217,0.0005458349247877692,0.0026728235314212867,0.0036465333270854217,0.0005458349247877692,True,-0.0016392946689318677,0.0005458349247877692,0.004986934269993526,0.004986934269993526,0.0005458349247877692,0.0016392946689318677,0.004986934269993526,0.0005458349247877692,True,0.0004852013106066977,0.0019999398256551615,0.004986934269993526,0.004986934269993526,0.0019999398256551615,-0.0004852013106066977,0.004986934269993526,0.0019999398256551615,True,-0.00761206765490563,0.0019999398256551615,0.01472822510336158,0.01472822510336158,0.0019999398256551615,0.00761206765490563,0.01472822510336158,0.0019999398256551615,False
AG:37617:I:-1:37596:37611,AG,2026-06-09 13:35:00,37617,-1,internal,6,16362.0009765625,16420.001953125,16362.0009765625,16420.001953125,False,0.3540098245132179,0.5344905965349452,37596,2026-06-09T09:30:00,37611,2026-06-09T11:00:00,37617,2026-06-09T13:30:00,False,True,True,37618.0,37617,2026-06-09 13:35:00,0.0,-1,-1,BOS,-1,16318.0009765625,27.0,BOS,-1,16243.0009765625,6.0,57,33,35,11,current_internal_high,internal,0.0,16.0,16420.001953125,16420.001953125,16420.001953125,0.2197265363065557,current_swing_low,swing,0.0,30.0,16318.0009765625,16318.0009765625,16318.0009765625,0.40283794369245246,16324.0009765625,16393.001953125,16315.0009765625,16384.001953125,11091.0,283174.0,1,1,0,1,1,0,active_bear_internal_ob,16420.001953125,16,above,0.2197265363065557,16517.001953125,False,,16223.0009765625,0,below,0.9826718589458635,16243.0009765625,False,,16604.001953125,43.0,above,1.3427732774289516,18220.0,False,,16318.0009765625,30.0,below,0.40283794369245246,15974.0009765625,True,27.0,2,12538,2026-06-09 11:30:00,125.0,-1,-1,BOS,-1,17851.0,139.0,CHoCH,-1,16318.0009765625,4.0,58,16,21,7,current_internal_high,internal,0.0,1.0,16420.001953125,16420.001953125,16420.001953125,0.2197265363065557,current_internal_low,internal,0.0,2.0,16243.0009765625,16243.0009765625,16243.0009765625,0.860601560997777,16306.0009765625,16348.0009765625,16270.0009765625,16293.0009765625,10704.0,283156.0,0,0,0,0,0,0,,16420.001953125,1,above,0.2197265363065557,16557.001953125,False,,16243.0009765625,2,below,0.860601560997777,16318.0009765625,False,,18540.0,134.0,above,13.159166197876191,18587.0,False,,17851.0,162.0,above,8.953844433564612,17470.0,True,139.0,3732,2026-06-09 11:30:00,125.0,-1,-1,BOS,-1,17470.0,21.0,BOS,-1,17650.0,24.0,33,7,7,3,current_internal_high,internal,0.0,3.0,16604.001953125,16604.001953125,16604.001953125,1.3427732774289516,current_internal_low,internal,0.0,5.0,15974.0009765625,15974.0009765625,15974.0009765625,2.5024470683995403,16271.0009765625,16348.0009765625,16223.0009765625,16293.0009765625,24856.0,283156.0,0,0,0,0,0,0,,16604.001953125,3.0,above,1.3427732774289516,18220.0,False,,15974.0009765625,5.0,below,2.5024470683995403,17650.0,False,,18587.0,29.0,above,13.446031398054195,19287.0,False,,17470.0,37.0,above,6.628405257653563,17856.0,True,21.0,0.003533356895593087,0.003533356895593087,0.0004273447912748196,0.0004273447912748196,0.003533356895593087,-0.003533356895593087,0.0004273447912748196,0.003533356895593087,True,0.004991791594521899,0.006872460473330122,0.0004273447912748196,0.0004273447912748196,0.006872460473330122,-0.004991791594521899,0.0004273447912748196,0.006872460473330122,True,0.005720212081829601,0.006993672580343002,0.0004273447912748196,0.0004273447912748196,0.006993672580343002,-0.005720212081829601,0.0004273447912748196,0.006993672580343002,True,0.0018291570509081367,0.007841746192090326,0.0004273447912748196,0.0004273447912748196,0.007841746192090326,-0.0018291570509081367,0.0004273447912748196,0.007841746192090326,True,-6.1029561571501745e-05,0.009656628508471599,0.0004273447912748196,0.0004273447912748196,0.009656628508471599,6.1029561571501745e-05,0.0004273447912748196,0.009656628508471599,False
AG:37619:I:-1:37587:37590,AG,2026-06-09 13:45:00,37619,-1,internal,29,16483.001953125,16517.001953125,16483.001953125,16517.001953125,False,0.20636074271374572,0.47058823529411764,37587,2026-06-09T02:15:00,37590,2026-06-09T09:00:00,37619,2026-06-09T13:40:00,False,True,True,37635.0,37619,2026-06-09 13:45:00,0.0,-1,1,BOS,-1,16318.0009765625,29.0,CHoCH,1,16420.001953125,1.0,58,32,35,11,active_bear_internal_ob,internal,-1.0,29.0,16483.001953125,16517.001953125,16500.001953125,0.042486035264594706,current_internal_high,internal,0.0,18.0,16420.001953125,16420.001953125,16420.001953125,0.33988828211675765,16447.001953125,16499.001953125,16419.001953125,16476.001953125,10056.0,283157.0,0,0,0,0,0,0,,16420.001953125,18,below,0.33988828211675765,16517.001953125,True,1.0,16223.0009765625,2,below,1.535572630315896,16243.0009765625,False,,16604.001953125,45.0,above,0.7768875019811603,18220.0,False,,16318.0009765625,32.0,below,0.9589764374392539,15974.0009765625,True,29.0,2,12539,2026-06-09 13:45:00,0.0,-1,1,BOS,-1,17851.0,140.0,CHoCH,1,16420.001953125,0.0,59,16,21,7,active_bear_internal_ob,internal,-1.0,5.0,16486.001953125,16557.001953125,16521.501953125,0.06069433609227815,current_internal_high,internal,0.0,2.0,16420.001953125,16420.001953125,16420.001953125,0.33988828211675765,16324.0009765625,16499.001953125,16315.0009765625,16476.001953125,30547.0,283157.0,0,0,0,0,0,0,,16420.001953125,2,below,0.33988828211675765,16557.001953125,True,0.0,16243.0009765625,3,below,1.41418395813134,16318.0009765625,False,,18540.0,135.0,above,12.527299115083693,18587.0,False,,17851.0,163.0,above,8.345459358325728,17470.0,True,140.0,3732,2026-06-09 11:30:00,135.0,-1,-1,BOS,-1,17470.0,21.0,BOS,-1,17650.0,24.0,33,7,7,3,current_internal_high,internal,0.0,3.0,16604.001953125,16604.001953125,16604.001953125,0.7768875019811603,current_internal_low,internal,0.0,5.0,15974.0009765625,15974.0009765625,15974.0009765625,3.046861599013622,16271.0009765625,16348.0009765625,16223.0009765625,16293.0009765625,24856.0,283156.0,0,0,0,0,0,0,,16604.001953125,3.0,above,0.7768875019811603,18220.0,False,,15974.0009765625,5.0,below,3.046861599013622,17650.0,False,,18587.0,29.0,above,12.8125624947174,19287.0,False,,17470.0,37.0,above,6.03300515320993,17856.0,True,21.0,-0.000485672608588672,0.0004854368452047453,0.0015185107564050782,0.0015185107564050782,0.0004854368452047453,0.000485672608588672,0.0015185107564050782,0.0004854368452047453,True,-0.0026741230702072016,0.0004854368452047453,0.0031610964818806764,0.0031610964818806764,0.0004854368452047453,0.0026741230702072016,0.0031610964818806764,0.0004854368452047453,True,-0.0007285973957387171,0.002364281988979755,0.0031610964818806764,0.0031610964818806764,0.002364281988979755,0.0007285973957387171,0.0031610964818806764,0.002364281988979755,True,-0.001579299175089588,0.002364281988979755,0.0040748112967925465,0.0040748112967925465,0.002364281988979755,0.001579299175089588,0.0040748112967925465,0.002364281988979755,True,-0.007126630809700885,0.004179164305361027,0.009145906271907478,0.009145906271907478,0.004179164305361027,0.007126630809700885,0.009145906271907478,0.004179164305361027,False
AG:37619:S:-1:37570:37590,AG,2026-06-09 13:45:00,37619,-1,swing,29,16493.001953125,16557.001953125,16493.001953125,16557.001953125,False,0.38844375099058015,0.09375,37570,2026-06-09T00:50:00,37590,2026-06-09T09:00:00,37619,2026-06-09T13:40:00,False,True,True,37644.0,37619,2026-06-09 13:45:00,0.0,-1,1,BOS,-1,16318.0009765625,29.0,CHoCH,1,16420.001953125,1.0,58,32,35,11,active_bear_internal_ob,internal,-1.0,29.0,16483.001953125,16517.001953125,16500.001953125,0.042486035264594706,current_internal_high,internal,0.0,18.0,16420.001953125,16420.001953125,16420.001953125,0.33988828211675765,16447.001953125,16499.001953125,16419.001953125,16476.001953125,10056.0,283157.0,0,0,0,0,0,0,,16420.001953125,18,below,0.33988828211675765,16517.001953125,True,1.0,16223.0009765625,2,below,1.535572630315896,16243.0009765625,False,,16604.001953125,45.0,above,0.7768875019811603,18220.0,False,,16318.0009765625,32.0,below,0.9589764374392539,15974.0009765625,True,29.0,2,12539,2026-06-09 13:45:00,0.0,-1,1,BOS,-1,17851.0,140.0,CHoCH,1,16420.001953125,0.0,59,16,21,7,active_bear_internal_ob,internal,-1.0,5.0,16486.001953125,16557.001953125,16521.501953125,0.06069433609227815,current_internal_high,internal,0.0,2.0,16420.001953125,16420.001953125,16420.001953125,0.33988828211675765,16324.0009765625,16499.001953125,16315.0009765625,16476.001953125,30547.0,283157.0,0,0,0,0,0,0,,16420.001953125,2,below,0.33988828211675765,16557.001953125,True,0.0,16243.0009765625,3,below,1.41418395813134,16318.0009765625,False,,18540.0,135.0,above,12.527299115083693,18587.0,False,,17851.0,163.0,above,8.345459358325728,17470.0,True,140.0,3732,2026-06-09 11:30:00,135.0,-1,-1,BOS,-1,17470.0,21.0,BOS,-1,17650.0,24.0,33,7,7,3,current_internal_high,internal,0.0,3.0,16604.001953125,16604.001953125,16604.001953125,0.7768875019811603,current_internal_low,internal,0.0,5.0,15974.0009765625,15974.0009765625,15974.0009765625,3.046861599013622,16271.0009765625,16348.0009765625,16223.0009765625,16293.0009765625,24856.0,283156.0,0,0,0,0,0,0,,16604.001953125,3.0,above,0.7768875019811603,18220.0,False,,15974.0009765625,5.0,below,3.046861599013622,17650.0,False,,18587.0,29.0,above,12.8125624947174,19287.0,False,,17470.0,37.0,above,6.03300515320993,17856.0,True,21.0,-0.000485672608588672,0.0004854368452047453,0.0015185107564050782,0.0015185107564050782,0.0004854368452047453,0.000485672608588672,0.0015185107564050782,0.0004854368452047453,True,-0.0026741230702072016,0.0004854368452047453,0.0031610964818806764,0.0031610964818806764,0.0004854368452047453,0.0026741230702072016,0.0031610964818806764,0.0004854368452047453,True,-0.0007285973957387171,0.002364281988979755,0.0031610964818806764,0.0031610964818806764,0.002364281988979755,0.0007285973957387171,0.0031610964818806764,0.002364281988979755,True,-0.001579299175089588,0.002364281988979755,0.0040748112967925465,0.0040748112967925465,0.002364281988979755,0.001579299175089588,0.0040748112967925465,0.002364281988979755,True,-0.007126630809700885,0.004179164305361027,0.009145906271907478,0.009145906271907478,0.004179164305361027,0.007126630809700885,0.009145906271907478,0.004179164305361027,False
AG:37639:I:1:37629:37636,AG,2026-06-09 21:25:00,37639,1,internal,3,16409.001953125,16447.001953125,16409.001953125,16447.001953125,False,0.23103110097077947,0.4473684210526316,37629,2026-06-09T14:30:00,37636,2026-06-09T21:05:00,37639,2026-06-09T21:20:00,False,True,True,37641.0,37639,2026-06-09 21:25:00,0.0,-1,1,BOS,-1,16318.0009765625,49.0,BOS,1,16515.001953125,3.0,59,31,35,11,active_bear_internal_ob,internal,-1.0,67.0,16493.001953125,16557.001953125,16525.001953125,0.2735894616759231,active_bull_internal_ob,internal,1.0,3.0,16409.001953125,16447.001953125,16428.001953125,0.006079765815020513,16461.001953125,16478.001953125,16430.001953125,16448.001953125,8070.0,282809.0,0,0,0,0,0,0,,16515.001953125,10,above,0.40734430960637436,16420.001953125,True,3.0,16409.001953125,5,below,0.2371108667858,16223.0009765625,False,,16557.001953125,19.0,above,0.6626944738372359,16604.001953125,False,,16318.0009765625,52.0,below,0.7903754932239705,15974.0009765625,True,49.0,4,12545,2026-06-09 21:15:00,10.0,-1,1,BOS,-1,17851.0,146.0,CHoCH,1,16420.001953125,6.0,59,16,21,7,active_bear_internal_ob,internal,-1.0,11.0,16486.001953125,16557.001953125,16521.501953125,0.23103110097077947,current_internal_high,internal,0.0,8.0,16420.001953125,16420.001953125,16420.001953125,0.17023344282057437,16500.0,16545.001953125,16474.001953125,16528.001953125,32077.0,283116.0,0,0,0,0,0,0,,16420.001953125,8,below,0.17023344282057437,16557.001953125,True,6.0,16223.0009765625,3,below,1.3679532456509191,16243.0009765625,False,,18540.0,141.0,above,12.718858210480304,18587.0,False,,17851.0,169.0,above,8.529899563931172,17470.0,True,146.0,3734,2026-06-09 15:00:00,385.0,-1,-1,BOS,-1,17470.0,23.0,BOS,-1,17650.0,26.0,33,7,7,3,current_internal_high,internal,0.0,5.0,16604.001953125,16604.001953125,16604.001953125,0.9484434671432,current_internal_low,internal,0.0,7.0,15974.0009765625,15974.0009765625,15974.0009765625,2.8818149335910266,16432.001953125,16515.001953125,16409.001953125,16458.001953125,53242.0,279277.0,0,0,0,0,0,0,,16604.001953125,5.0,above,0.9484434671432,18220.0,False,,15974.0009765625,7.0,below,2.8818149335910266,17650.0,False,,18587.0,31.0,above,13.00460720378627,19287.0,False,,17470.0,39.0,above,6.213508788408356,17856.0,True,23.0,-0.0007299269529905672,0.0008509085992098875,0.0015212828581976368,0.0015212828581976368,0.0008509085992098875,-0.0007299269529905672,0.0008509085992098875,0.0015212828581976368,True,-0.0046930434870962046,0.0008509085992098875,0.0054875430995000585,0.0054875430995000585,0.0008509085992098875,-0.0046930434870962046,0.0008509085992098875,0.0054875430995000585,True,-0.00219138118617046,0.0071493782885863055,0.007323416463018262,0.007323416463018262,0.0071493782885863055,-0.00219138118617046,0.0071493782885863055,0.007323416463018262,True,-0.012666588688766467,0.0071493782885863055,0.016862830323031375,0.016862830323031375,0.0071493782885863055,-0.012666588688766467,0.0071493782885863055,0.016862830323031375,True,-0.03722835053347673,0.0071493782885863055,0.04756878522701946,0.04756878522701946,0.0071493782885863055,-0.03722835053347673,0.0071493782885863055,0.04756878522701946,True
AG:37644:I:-1:37636:37641,AG,2026-06-09 21:50:00,37644,-1,internal,3,16505.001953125,16545.001953125,16505.001953125,16545.001953125,False,0.24260065054406868,1.0,37636,2026-06-09T21:05:00,37641,2026-06-09T21:30:00,37644,2026-06-09T21:45:00,True,False,False,37644.0,37644,2026-06-09 21:50:00,0.0,-1,-1,BOS,-1,16318.0009765625,54.0,CHoCH,-1,16409.001953125,3.0,58,30,35,10,active_bear_internal_ob,internal,-1.0,109.0,16494.001953125,16572.001953125,16533.001953125,0.0363900975816103,current_internal_low,internal,0.0,10.0,16409.001953125,16409.001953125,16409.001953125,0.47913628482453563,16359.0009765625,16564.001953125,16351.0009765625,16488.001953125,23403.0,284291.0,0,0,0,0,0,0,,16545.001953125,3,above,0.34570592702529784,16515.001953125,False,,16409.001953125,10,below,0.47913628482453563,16223.0009765625,True,3.0,16557.001953125,24.0,above,0.41848612218851844,16604.001953125,False,,16318.0009765625,57.0,below,1.0310586876797367,15974.0009765625,True,54.0,4,12547,2026-06-09 21:45:00,5.0,-1,1,BOS,-1,17851.0,148.0,CHoCH,1,16420.001953125,8.0,59,16,21,7,active_bear_internal_ob,internal,-1.0,56.0,16713.001953125,16796.0,16754.5009765625,1.3646286593103862,current_internal_high,internal,0.0,10.0,16420.001953125,16420.001953125,16420.001953125,0.4124211059249167,16435.001953125,16441.001953125,16326.0009765625,16359.0009765625,29729.0,284992.0,1,1,0,1,1,0,active_bear_internal_ob,16420.001953125,10,below,0.4124211059249167,16557.001953125,True,8.0,16223.0009765625,5,below,1.6072352327219,16243.0009765625,False,,18540.0,143.0,above,12.445401527175834,18587.0,False,,17851.0,171.0,above,8.26660532155425,17470.0,True,148.0,3734,2026-06-09 15:00:00,410.0,-1,-1,BOS,-1,17470.0,23.0,BOS,-1,17650.0,26.0,33,7,7,3,current_internal_high,internal,0.0,5.0,16604.001953125,16604.001953125,16604.001953125,0.7035418865777991,current_internal_low,internal,0.0,7.0,15974.0009765625,15974.0009765625,15974.0009765625,3.1174242823587277,16432.001953125,16515.001953125,16409.001953125,16458.001953125,53242.0,279277.0,0,0,0,0,0,0,,16604.001953125,5.0,above,0.7035418865777991,18220.0,False,,15974.0009765625,7.0,below,3.1174242823587277,17650.0,False,,18587.0,31.0,above,12.730457291565115,19287.0,False,,17470.0,39.0,above,5.955834125121997,17856.0,True,23.0,-0.004741937923107287,0.0005457025410038341,0.005778428457359652,0.005778428457359652,0.0005457025410038341,0.004741937923107287,0.005778428457359652,0.0005457025410038341,True,-0.007610213917617514,0.0005457025410038341,0.00864968320836823,0.00864968320836823,0.0005457025410038341,0.007610213917617514,0.00864968320836823,0.0005457025410038341,True,-0.01731306518896858,0.0005457025410038341,0.0194133870599682,0.0194133870599682,0.0005457025410038341,0.01731306518896858,0.0194133870599682,0.0005457025410038341,True,-0.04503092015729493,0.0005457025410038341,0.05011934196395629,0.05011934196395629,0.0005457025410038341,0.04503092015729493,0.05011934196395629,0.0005457025410038341,True,-0.04788997081717028,0.0005457025410038341,0.053568722364689236,0.053568722364689236,0.0005457025410038341,0.04788997081717028,0.053568722364689236,0.0005457025410038341,True
AG:37650:I:1:37612:37618,AG,2026-06-09 22:20:00,37650,1,internal,32,16223.0009765625,16279.0009765625,16223.0009765625,16279.0009765625,False,0.34557233338642507,1.0,37612,2026-06-09T11:05:00,37618,2026-06-09T13:35:00,37650,2026-06-09T22:15:00,True,False,False,37650.0,37650,2026-06-09 22:20:00,0.0,-1,-1,BOS,-1,16318.0009765625,60.0,CHoCH,-1,16409.001953125,9.0,57,30,35,10,current_swing_low,swing,0.0,63.0,16318.0009765625,16318.0009765625,16318.0009765625,0.6973156012976077,active_bull_internal_ob,internal,1.0,11979.0,15045.0009765625,15142.0009765625,15093.5009765625,6.559703399817318,16291.0009765625,16308.0009765625,16171.0009765625,16205.0009765625,21082.0,287724.0,1,1,1,0,1,0,active_bull_internal_ob,16545.001953125,9,above,2.0981237647208277,16515.001953125,False,,16409.001953125,16,above,1.2588766693537952,16223.0009765625,True,9.0,16557.001953125,30.0,above,2.172174979017919,16604.001953125,False,,16318.0009765625,63.0,above,0.6973156012976077,15974.0009765625,True,60.0,4,12549,2026-06-09 22:15:00,5.0,-1,1,BOS,-1,17851.0,150.0,CHoCH,1,16420.001953125,10.0,59,15,21,7,active_bull_internal_ob,internal,1.0,10.0,16223.0009765625,16309.0009765625,16266.0009765625,0.11107682144563663,active_bull_internal_ob,internal,1.0,41.0,16020.0009765625,16126.0009765625,16073.0009765625,0.48750382745584964,16381.0009765625,16403.001953125,16283.0009765625,16291.0009765625,32393.0,286600.0,0,0,0,0,0,0,,16420.001953125,12,above,1.3267569491261288,16557.001953125,True,10.0,16223.0009765625,7,above,0.11107682144563663,16243.0009765625,False,,18540.0,145.0,above,14.409126089005728,18587.0,False,,17851.0,173.0,above,10.157352201447747,17470.0,True,150.0,3735,2026-06-09 22:00:00,20.0,-1,-1,BOS,-1,17470.0,24.0,BOS,-1,17650.0,27.0,33,7,7,3,current_internal_high,internal,0.0,6.0,16604.001953125,16604.001953125,16604.001953125,2.4622089016815254,current_internal_low,internal,0.0,8.0,15974.0009765625,15974.0009765625,15974.0009765625,1.4254858752190034,16500.0,16564.001953125,16326.0009765625,16381.0009765625,134385.0,284287.0,0,0,0,0,0,0,,16604.001953125,6.0,above,2.4622089016815254,18220.0,False,,15974.0009765625,8.0,below,1.4254858752190034,17650.0,False,,18587.0,32.0,above,14.699160011669335,19287.0,False,,17470.0,40.0,above,7.806226147515105,17856.0,True,24.0,0.002095919763265286,0.0029576703495521883,0.001111385574674273,0.001111385574674273,0.0029576703495521883,0.002095919763265286,0.0029576703495521883,0.001111385574674273,True,-0.007246183684896934,0.0033267648197590205,0.008925862972443355,0.008925862972443355,0.0033267648197590205,-0.007246183684896934,0.0033267648197590205,0.008925862972443355,True,-0.02771785496832635,0.0033267648197590205,0.03280627677498771,0.03280627677498771,0.0033267648197590205,-0.02771785496832635,0.0033267648197590205,0.03280627677498771,True,-0.020133442894893605,0.0033267648197590205,0.03280627677498771,0.03280627677498771,0.0033267648197590205,-0.020133442894893605,0.0033267648197590205,0.03280627677498771,True,-0.03804892000089666,0.0033267648197590205,0.03946017167022298,0.03946017167022298,0.0033267648197590205,-0.03804892000089666,0.0033267648197590205,0.03946017167022298,True
AG:37650:I:1:37520:37524,AG,2026-06-09 22:20:00,37650,1,internal,126,16160.0009765625,16212.0009765625,16160.0009765625,16212.0009765625,False,0.3208885952873947,0.7884615384615384,37520,2026-06-08T14:40:00,37524,2026-06-08T21:00:00,37650,2026-06-09T22:15:00,False,True,True,37652.0,37650,2026-06-09 22:20:00,0.0,-1,-1,BOS,-1,16318.0009765625,60.0,CHoCH,-1,16409.001953125,9.0,57,30,35,10,current_swing_low,swing,0.0,63.0,16318.0009765625,16318.0009765625,16318.0009765625,0.6973156012976077,active_bull_internal_ob,internal,1.0,11979.0,15045.0009765625,15142.0009765625,15093.5009765625,6.559703399817318,16291.0009765625,16308.0009765625,16171.0009765625,16205.0009765625,21082.0,287724.0,1,1,1,0,1,0,active_bull_internal_ob,16545.001953125,9,above,2.0981237647208277,16515.001953125,False,,16409.001953125,16,above,1.2588766693537952,16223.0009765625,True,9.0,16557.001953125,30.0,above,2.172174979017919,16604.001953125,False,,16318.0009765625,63.0,above,0.6973156012976077,15974.0009765625,True,60.0,4,12549,2026-06-09 22:15:00,5.0,-1,1,BOS,-1,17851.0,150.0,CHoCH,1,16420.001953125,10.0,59,15,21,7,active_bull_internal_ob,internal,1.0,10.0,16223.0009765625,16309.0009765625,16266.0009765625,0.11107682144563663,active_bull_internal_ob,internal,1.0,41.0,16020.0009765625,16126.0009765625,16073.0009765625,0.48750382745584964,16381.0009765625,16403.001953125,16283.0009765625,16291.0009765625,32393.0,286600.0,0,0,0,0,0,0,,16420.001953125,12,above,1.3267569491261288,16557.001953125,True,10.0,16223.0009765625,7,above,0.11107682144563663,16243.0009765625,False,,18540.0,145.0,above,14.409126089005728,18587.0,False,,17851.0,173.0,above,10.157352201447747,17470.0,True,150.0,3735,2026-06-09 22:00:00,20.0,-1,-1,BOS,-1,17470.0,24.0,BOS,-1,17650.0,27.0,33,7,7,3,current_internal_high,internal,0.0,6.0,16604.001953125,16604.001953125,16604.001953125,2.4622089016815254,current_internal_low,internal,0.0,8.0,15974.0009765625,15974.0009765625,15974.0009765625,1.4254858752190034,16500.0,16564.001953125,16326.0009765625,16381.0009765625,134385.0,284287.0,0,0,0,0,0,0,,16604.001953125,6.0,above,2.4622089016815254,18220.0,False,,15974.0009765625,8.0,below,1.4254858752190034,17650.0,False,,18587.0,32.0,above,14.699160011669335,19287.0,False,,17470.0,40.0,above,7.806226147515105,17856.0,True,24.0,0.002095919763265286,0.0029576703495521883,0.001111385574674273,0.001111385574674273,0.0029576703495521883,0.002095919763265286,0.0029576703495521883,0.001111385574674273,True,-0.007246183684896934,0.0033267648197590205,0.008925862972443355,0.008925862972443355,0.0033267648197590205,-0.007246183684896934,0.0033267648197590205,0.008925862972443355,True,-0.02771785496832635,0.0033267648197590205,0.03280627677498771,0.03280627677498771,0.0033267648197590205,-0.02771785496832635,0.0033267648197590205,0.03280627677498771,True,-0.020133442894893605,0.0033267648197590205,0.03280627677498771,0.03280627677498771,0.0033267648197590205,-0.020133442894893605,0.0033267648197590205,0.03280627677498771,True,-0.03804892000089666,0.0033267648197590205,0.03946017167022298,0.03946017167022298,0.0033267648197590205,-0.03804892000089666,0.0033267648197590205,0.03946017167022298,True
AG:37678:I:-1:37668:37674,AG,2026-06-10 00:40:00,37678,-1,internal,4,15690.0009765625,15757.0009765625,15690.0009765625,15757.0009765625,False,0.4322301514676629,0.14925373134328357,37668,2026-06-09T23:45:00,37674,2026-06-10T00:15:00,37678,2026-06-10T00:35:00,False,True,True,37699.0,37678,2026-06-10 00:40:00,0.0,-1,-1,BOS,-1,16318.0009765625,88.0,BOS,-1,15628.0009765625,4.0,56,32,35,10,current_internal_low,internal,0.0,7.0,15628.0009765625,15628.0009765625,15628.0009765625,0.819301928901391,active_bull_internal_ob,internal,1.0,12007.0,15045.0009765625,15142.0009765625,15093.5009765625,2.315979468311806,15650.0009765625,15700.0009765625,15452.0009765625,15501.0009765625,24712.0,296251.0,0,0,0,0,0,0,,15757.0009765625,5,above,1.6515062503839062,15928.0009765625,False,,15628.0009765625,7,above,0.819301928901391,15682.0009765625,True,4.0,16557.001953125,58.0,above,6.81246958282999,16604.001953125,False,,16318.0009765625,91.0,above,5.2706273693892625,15974.0009765625,True,88.0,4,12558,2026-06-10 00:30:00,10.0,-1,-1,BOS,-1,17851.0,159.0,CHoCH,-1,16223.0009765625,8.0,57,16,21,7,current_internal_low,internal,0.0,16.0,16223.0009765625,16223.0009765625,16223.0009765625,4.65776372178586,active_bull_internal_ob,internal,1.0,4001.0,15045.0009765625,15142.0009765625,15093.5009765625,2.315979468311806,15629.0009765625,15672.0009765625,15570.0009765625,15644.0009765625,28672.0,297113.0,0,0,0,0,0,0,,16564.001953125,5,above,6.857627956863925,16420.001953125,False,,16223.0009765625,16,above,4.65776372178586,16243.0009765625,True,8.0,18540.0,154.0,above,19.605179227021942,18587.0,False,,17851.0,182.0,above,15.160304982824634,17470.0,True,159.0,3737,2026-06-10 00:00:00,40.0,-1,-1,BOS,-1,17470.0,26.0,BOS,-1,15974.0009765625,1.0,33,8,7,3,current_internal_low,internal,0.0,10.0,15974.0009765625,15974.0009765625,15974.0009765625,3.051415845435889,active_bull_internal_ob,internal,1.0,1185.0,15045.0009765625,15241.0009765625,15143.0009765625,1.6773110355461547,15890.0009765625,15928.0009765625,15628.0009765625,15679.0009765625,144502.0,296409.0,0,0,0,0,0,0,,16604.001953125,8.0,above,7.11567580848641,18220.0,False,,15974.0009765625,10.0,above,3.051415845435889,17650.0,True,1.0,18587.0,34.0,above,19.908385452678363,19287.0,False,,17470.0,42.0,above,12.702399196120462,17856.0,True,26.0,0.0021911459343542106,0.003799225168711118,0.002260617645578833,0.002260617645578833,0.003799225168711118,-0.0021911459343542106,0.002260617645578833,0.003799225168711118,True,-0.000322632665159972,0.0038634945820970046,0.002260617645578833,0.002260617645578833,0.0038634945820970046,0.000322632665159972,0.002260617645578833,0.0038634945820970046,True,0.006110325750762868,0.008288138414826562,0.002260617645578833,0.002260617645578833,0.008288138414826562,-0.006110325750762868,0.002260617645578833,0.008288138414826562,True,0.007135769601346098,0.00918350807848256,0.002260617645578833,0.002260617645578833,0.00918350807848256,-0.007135769601346098,0.002260617645578833,0.00918350807848256,True,-0.00998516953747064,0.01771315824394115,0.014687986526777053,0.014687986526777053,0.01771315824394115,0.00998516953747064,0.014687986526777053,0.01771315824394115,False
