candidate_id,symbol,context_tf,bar_index,bar_end,lag_minutes,swing_bias,internal_bias,last_swing_structure_type,last_swing_structure_bias,last_swing_structure_level,last_swing_structure_age,last_internal_structure_type,last_internal_structure_bias,last_internal_structure_level,last_internal_structure_age,active_bull_internal_ob_count,active_bear_internal_ob_count,active_bull_swing_ob_count,active_bear_swing_ob_count,nearest_above_type,nearest_above_structure_class,nearest_above_bias,nearest_above_age_bars,nearest_above_zone_low,nearest_above_zone_high,nearest_above_object_price_center,nearest_above_distance_pct,nearest_below_type,nearest_below_structure_class,nearest_below_bias,nearest_below_age_bars,nearest_below_zone_low,nearest_below_zone_high,nearest_below_object_price_center,nearest_below_distance_pct,open,high,low,close,volume,close_oi,overlap_object_count,overlap_active_ob_count,overlap_bull_ob_count,overlap_bear_ob_count,overlap_internal_count,overlap_swing_count,overlap_types,current_internal_high_level,current_internal_high_age,current_internal_high_relation,current_internal_high_distance_pct,current_internal_high_last_level,current_internal_high_crossed,current_internal_high_crossed_age,current_internal_low_level,current_internal_low_age,current_internal_low_relation,current_internal_low_distance_pct,current_internal_low_last_level,current_internal_low_crossed,current_internal_low_crossed_age,current_swing_high_level,current_swing_high_age,current_swing_high_relation,current_swing_high_distance_pct,current_swing_high_last_level,current_swing_high_crossed,current_swing_high_crossed_age,current_swing_low_level,current_swing_low_age,current_swing_low_relation,current_swing_low_distance_pct,current_swing_low_last_level,current_swing_low_crossed,current_swing_low_crossed_age,dsa_direction,dsa_raw_regime_value,dsa_raw_regime_strength,dsa_raw_dsa_dir_bars,dsa_raw_trend_transition,dsa_raw_offset_rate,dsa_raw_offset_mean,dsa_raw_offset_std,dsa_raw_offset_percentile,dsa_raw_vwap_ret_avg,dsa_raw_vwap_ret_total,dsa_raw_vwap_ret_5,dsa_raw_vwap_ret_10,dsa_raw_vwap_ret_20,dsa_raw_dsa_vwap,dsa_raw_dsa_vwap_dev_pct,dsa_raw_change_pct,dsa_raw_vol_zscore,dsa_raw_avg_amount_20d,dsa_raw_segment_id,dsa_raw_segment_direction,dsa_raw_segment_start_bar_index,dsa_raw_segment_end_bar_index,dsa_raw_segment_start_time,dsa_raw_segment_end_time,dsa_raw_segment_start_price,dsa_raw_segment_end_price,dsa_raw_segment_bars,dsa_raw_segment_change_pct,dsa_raw_segment_slope,dsa_raw_prev_segment_id,dsa_raw_prev_segment_direction,dsa_raw_prev_segment_start_bar_index,dsa_raw_prev_segment_end_bar_index,dsa_raw_prev_segment_start_time,dsa_raw_prev_segment_end_time,dsa_raw_prev_segment_start_price,dsa_raw_prev_segment_end_price,dsa_raw_prev_segment_bars,dsa_raw_prev_segment_change_pct,dsa_raw_prev_segment_slope,dsa_raw_current_segment_volume_sum,dsa_raw_current_segment_amount_sum,dsa_raw_current_segment_volume_mean,dsa_raw_current_segment_amount_mean,dsa_raw_prev_segment_volume_sum,dsa_raw_prev_segment_amount_sum,dsa_raw_prev_segment_volume_mean,dsa_raw_prev_segment_amount_mean,dsa_raw_current_vs_prev_volume_mean_ratio,dsa_raw_current_vs_prev_amount_mean_ratio,dsa_raw_current_vs_prev_volume_ratio,dsa_raw_current_vs_prev_amount_ratio,dsa_raw_rope_dir1_pct,dsa_raw_rope_dir0_pct,dsa_raw_rope_dir_neg1_pct,dsa_raw_touch_rope,dsa_raw_touch_vwap,dsa_raw_last_cross_up_date,dsa_raw_last_cross_up_price,dsa_raw_last_cross_down_date,dsa_raw_last_cross_down_price,dsa_raw_cross_up_count,dsa_raw_cross_down_count,dsa_raw_rope_cross_up_date,dsa_raw_rope_cross_up_price,dsa_raw_rope_cross_down_date,dsa_raw_rope_cross_down_price,dsa_raw_rope_cross_up_count,dsa_raw_rope_cross_down_count,dsa_raw_offset_variance_rate,atr14,component_15m_count
AG:5m:1:-1:11422:11432:1,AG,5m,11441.0,2025-06-13 21:30:00,0.0,1.0,-1.0,CHoCH,1.0,8862.0009765625,39.0,CHoCH,-1.0,8821.0009765625,9.0,20.0,4.0,9.0,2.0,active_bear_internal_ob,internal,-1.0,9.0,8834.0009765625,8844.0009765625,8839.0009765625,0.022644925032361343,active_bull_swing_ob,swing,1.0,39.0,8766.0009765625,8787.0009765625,8776.5009765625,0.5095108132281302,8826.0009765625,8835.0009765625,8825.0009765625,8832.0009765625,10122.0,414842.0,0.0,0.0,0.0,0.0,0.0,0.0,,8844.0009765625,14.0,above,0.13586955019416808,8912.0009765625,False,,8777.0009765625,3.0,below,0.622735438389937,8821.0009765625,False,,8862.0009765625,110.0,above,0.33967387548542016,8931.0009765625,True,39.0,8766.0009765625,52.0,below,0.7472825260679243,8795.0009765625,False,,1.0,1.0,0.00010094573119604641,51.0,UP_CONFIRMED,0.0007391586674673686,0.001746282699648312,0.003380610489203101,0.3828852095968591,0.00010094573119604641,0.005148232290998367,-7.94045097738394e-05,-0.0011308812492317744,-0.0011785386392831887,8825.477548338107,0.07391586674673685,0.07932010453699512,0.5557430331033122,,155.0,1.0,11391.0,11441.0,2025-06-13 09:00:00,2025-06-13 21:25:00,8813.0009765625,8832.0009765625,51.0,0.2155905808989278,0.004227266292135839,154.0,-1.0,11322.0,11390.0,2025-06-12 14:45:00,2025-06-13 02:25:00,8810.0009765625,8787.0009765625,69.0,-0.2610669404145116,-0.0037835788465871247,509030.0,,9980.980392156862,,376512.0,0.0,5456.695652173913,0.0,1.8291253587105416,,1.351962221655618,,35.294117647058826,23.52941176470588,41.17647058823529,False,True,2025-06-13 21:25:00,8832.0009765625,2025-06-13 14:05:00,8836.0009765625,3.0,3.0,2025-06-13 21:00:00,8826.0009765625,2025-06-13 11:05:00,8861.0009765625,3.0,2.0,1.9358895841343042,16.054779186070522,
AG:5m:1:-1:11422:11432:1,AG,15m,3813.0,2025-06-13 21:30:00,0.0,1.0,1.0,BOS,1.0,8498.0009765625,223.0,CHoCH,1.0,8801.0009765625,16.0,11.0,2.0,4.0,0.0,active_bear_internal_ob,internal,-1.0,79.0,8902.0009765625,8918.0009765625,8910.0009765625,0.7925723761326472,active_bull_internal_ob,internal,1.0,16.0,8772.0009765625,8788.0009765625,8780.0009765625,0.4981883507119496,8823.0009765625,8835.0009765625,8811.0009765625,8832.0009765625,21248.0,414842.0,0.0,0.0,0.0,0.0,0.0,0.0,,8912.0009765625,7.0,above,0.9057970012944538,8801.0009765625,False,,8772.0009765625,18.0,below,0.6793477509708403,8766.0009765625,False,,9020.0009765625,78.0,above,2.1286229530419662,8498.0009765625,False,,8451.0009765625,210.0,below,4.313858218664836,8412.0009765625,False,,0.0,0.0,0.00017990334120399076,14.0,NONE,0.0030324692811767805,0.005045042944681405,0.004032603367846463,0.3088630877101228,0.00017990334120399076,0.0025186467768558707,0.0001646776516799342,0.0009404889773132474,,8805.29917729578,0.30324692811767806,0.09066182133534717,-0.27590314172396335,,57.0,1.0,3800.0,3813.0,2025-06-13 09:45:00,2025-06-13 21:15:00,8875.0009765625,8832.0009765625,14.0,-0.48450698894069166,-0.03460764206719226,56.0,-1.0,3739.0,3799.0,2025-06-11 21:15:00,2025-06-13 09:30:00,8826.0009765625,8817.0009765625,61.0,-0.10197143671182296,-0.0016716628969151305,398326.0,,28451.85714285714,,1069036.0,0.0,17525.180327868853,0.0,1.6234844155989934,,0.3726029806292772,,28.57142857142857,35.714285714285715,35.714285714285715,True,False,2025-06-13 21:00:00,8824.0009765625,2025-06-13 14:45:00,8791.0009765625,1.0,1.0,2025-06-13 21:15:00,8832.0009765625,2025-06-13 11:00:00,8850.0009765625,1.0,1.0,0.799319928901244,25.213541659938894,
AG:5m:1:-1:11422:11432:1,AG,1h,1135.0,2025-06-13 15:00:00,390.0,1.0,1.0,CHoCH,1.0,8341.0,92.0,CHoCH,1.0,8862.0009765625,4.0,7.0,1.0,1.0,0.0,current_internal_high,internal,0.0,10.0,8862.0009765625,8862.0009765625,8862.0009765625,0.33967387548542016,active_bull_internal_ob,internal,1.0,4.0,8766.0009765625,8794.0009765625,8780.0009765625,0.43025357561486555,8838.0009765625,8843.0009765625,8777.0009765625,8791.0009765625,83644.0,413597.0,0.0,0.0,0.0,0.0,0.0,0.0,,8862.0009765625,10.0,above,0.33967387548542016,8931.0009765625,True,4.0,8766.0009765625,4.0,below,0.7472825260679243,8795.0009765625,False,,8341.0,110.0,below,5.559340152537011,8375.0,True,92.0,8168.0,58.0,below,7.518126167836267,7944.0,False,,0.0,0.0,0.00018224884120705554,-10.0,NONE,0.0009679252042012053,0.004752551247680908,0.004161048502566888,0.1815334650705001,0.00018224884120705554,0.0018224884120705553,0.0017268443303122272,,,8782.500173288872,0.09679252042012053,-0.5205385868124357,0.5517160647600117,,18.0,-1.0,1126.0,1135.0,2025-06-12 22:00:00,2025-06-13 14:00:00,8784.0009765625,8791.0009765625,10.0,0.07969033722421415,0.007969033722421415,17.0,1.0,1043.0,1125.0,2025-06-03 09:00:00,2025-06-12 21:00:00,8457.0009765625,8782.0009765625,83.0,3.842969876682001,0.04630084188773495,623082.0,,62308.2,,5843996.0,0.0,70409.59036144578,0.0,0.8849391067345016,,0.10661916948608452,,30.0,20.0,50.0,True,True,2025-06-12 22:00:00,8784.0009765625,,,1.0,0.0,2025-06-13 09:00:00,8875.0009765625,2025-06-13 14:00:00,8791.0009765625,1.0,1.0,0.8755399543765774,42.00092199537584,4.0
AG:5m:1:-1:11422:11432:1,AG,4h,413.0,2025-06-13 15:00:00,390.0,1.0,1.0,CHoCH,1.0,8375.0,33.0,BOS,1.0,8498.0009765625,23.0,3.0,0.0,1.0,0.0,current_internal_high,internal,0.0,9.0,9020.0009765625,9020.0009765625,9020.0009765625,2.1286229530419662,active_bull_internal_ob,internal,1.0,23.0,8451.0009765625,8486.0009765625,8468.5009765625,3.9175720305985124,8823.0009765625,8844.0009765625,8777.0009765625,8791.0009765625,113983.0,413597.0,0.0,0.0,0.0,0.0,0.0,0.0,,9020.0009765625,9.0,above,2.1286229530419662,8498.0009765625,False,,8451.0009765625,22.0,below,4.313858218664836,8421.0009765625,False,,8375.0,75.0,below,5.174376426986868,8544.0009765625,True,33.0,7944.0,28.0,below,10.054357771460738,7535.0,False,,1.0,1.0,0.0011334151262986343,62.0,UP_CONFIRMED,0.021038973086894563,0.029249117319300563,0.01526446861293563,0.29533691728864786,0.0011334151262986343,0.07027173783051532,0.004535704917149497,0.00975726672070465,0.031484299298601526,8609.85839745644,2.103897308689456,-0.565546821367291,-0.6311721731776216,,7.0,1.0,352.0,413.0,2025-05-21 21:00:00,2025-06-13 13:30:00,8292.0,8791.0009765625,62.0,6.0178603058671065,0.09706226299785656,6.0,-1.0,332.0,351.0,2025-05-14 21:00:00,2025-05-21 13:30:00,8096.0,8272.0,20.0,2.1739130434782705,0.10869565217391353,11268910.0,,181756.61290322582,,3730511.0,0.0,186525.55,0.0,0.9744327943449347,,3.0207416624692973,,38.70967741935484,54.83870967741935,6.451612903225806,True,False,,,,,0.0,0.0,2025-06-11 09:00:00,8914.0009765625,2025-06-11 13:30:00,8902.0009765625,4.0,5.0,0.5218779235728626,69.29261907142191,
AG:5m:1:-1:11422:11432:2,AG,5m,11456.0,2025-06-13 22:45:00,0.0,1.0,-1.0,CHoCH,1.0,8862.0009765625,54.0,CHoCH,-1.0,8821.0009765625,24.0,20.0,4.0,9.0,2.0,active_bear_internal_ob,internal,-1.0,24.0,8834.0009765625,8844.0009765625,8839.0009765625,0.101982991547562,active_bull_swing_ob,swing,1.0,54.0,8766.0009765625,8787.0009765625,8776.5009765625,0.4305948532008174,8832.0009765625,8834.0009765625,8822.0009765625,8825.0009765625,5448.0,414740.0,0.0,0.0,0.0,0.0,0.0,0.0,,8840.0009765625,8.0,above,0.16997165257927005,8844.0009765625,False,,8777.0009765625,18.0,below,0.5439092882536641,8821.0009765625,False,,8912.0009765625,1.0,above,0.9858355849597662,8862.0009765625,False,,8766.0009765625,67.0,below,0.6685551668117955,8795.0009765625,False,,1.0,1.0,7.405079783555578e-05,66.0,UP_CONFIRMED,0.00020559725992711335,0.001203064387340043,0.0031746143185439374,0.37668417559634965,7.405079783555578e-05,0.004887352657146682,-4.871927413452326e-05,-0.0002493337327935663,-0.0003389273447668151,8823.186953501036,0.020559725992711334,-0.07925723761326164,-0.5891348862928363,,155.0,1.0,11391.0,11456.0,2025-06-13 09:00:00,2025-06-13 22:40:00,8813.0009765625,8825.0009765625,66.0,0.13616247214669475,0.002063067759798405,154.0,-1.0,11322.0,11390.0,2025-06-12 14:45:00,2025-06-13 02:25:00,8810.0009765625,8787.0009765625,69.0,-0.2610669404145116,-0.0037835788465871247,601077.0,,9107.227272727272,,376512.0,0.0,5456.695652173913,0.0,1.6690004085346066,,1.596435173380928,,33.33333333333333,34.84848484848485,31.818181818181817,False,True,2025-06-13 22:35:00,8832.0009765625,2025-06-13 21:45:00,8821.0009765625,4.0,4.0,2025-06-13 22:25:00,8818.0009765625,2025-06-13 22:10:00,8807.0009765625,6.0,5.0,2.6387734122551505,13.514776240224585,
AG:5m:1:-1:11422:11432:2,AG,15m,3818.0,2025-06-13 22:45:00,0.0,1.0,1.0,BOS,1.0,8498.0009765625,228.0,CHoCH,1.0,8801.0009765625,21.0,11.0,2.0,4.0,0.0,active_bear_internal_ob,internal,-1.0,84.0,8902.0009765625,8918.0009765625,8910.0009765625,0.8725211499069195,active_bull_internal_ob,internal,1.0,21.0,8772.0009765625,8788.0009765625,8780.0009765625,0.4192634096955327,8819.0009765625,8834.0009765625,8814.0009765625,8825.0009765625,16604.0,414740.0,0.0,0.0,0.0,0.0,0.0,0.0,,8912.0009765625,12.0,above,0.9858355849597662,8801.0009765625,False,,8777.0009765625,2.0,below,0.5439092882536641,8772.0009765625,False,,9020.0009765625,83.0,above,2.2096314835305106,8498.0009765625,False,,8451.0009765625,215.0,below,4.237959870976466,8412.0009765625,False,,0.0,0.0,0.00014267120419844827,19.0,NONE,0.002045478020985304,0.00407456058384478,0.003844503064942631,0.2988232453201287,0.00014267120419844827,0.002710752879770517,0.00019162347107659627,0.00035633267885981645,,8806.986479288002,0.2045478020985304,0.07938307127210997,-0.7001950211701857,,57.0,1.0,3800.0,3818.0,2025-06-13 09:45:00,2025-06-13 22:30:00,8875.0009765625,8825.0009765625,19.0,-0.5633802196984838,-0.029651590510446517,56.0,-1.0,3739.0,3799.0,2025-06-11 21:15:00,2025-06-13 09:30:00,8826.0009765625,8817.0009765625,61.0,-0.10197143671182296,-0.0016716628969151305,490373.0,,25809.105263157893,,1069036.0,0.0,17525.180327868853,0.0,1.472687001235348,,0.4587057872700265,,21.052631578947366,52.63157894736842,26.31578947368421,True,False,2025-06-13 21:00:00,8824.0009765625,2025-06-13 14:45:00,8791.0009765625,1.0,1.0,2025-06-13 21:15:00,8832.0009765625,2025-06-13 21:30:00,8826.0009765625,1.0,2.0,0.9435380787282183,23.4487369911787,
AG:5m:1:-1:11422:11432:2,AG,1h,1136.0,2025-06-13 22:00:00,45.0,1.0,1.0,CHoCH,1.0,8341.0,93.0,CHoCH,1.0,8862.0009765625,5.0,7.0,1.0,1.0,0.0,current_internal_high,internal,0.0,11.0,8862.0009765625,8862.0009765625,8862.0009765625,0.4192634096955327,active_bull_internal_ob,internal,1.0,5.0,8766.0009765625,8794.0009765625,8780.0009765625,0.3512747486638247,8801.0,8840.0009765625,8801.0,8816.0009765625,96963.0,416446.0,0.0,0.0,0.0,0.0,0.0,0.0,,8862.0009765625,11.0,above,0.4192634096955327,8931.0009765625,True,5.0,8766.0009765625,5.0,below,0.6685551668117955,8795.0009765625,False,,8341.0,111.0,below,5.484429722420578,8375.0,True,93.0,8168.0,59.0,below,7.444769448834826,7944.0,False,,0.0,0.0,0.00018297192588571804,-11.0,NONE,0.0036239502389460053,0.004649951155977735,0.003980648554707755,0.3983010179677332,0.00018297192588571804,0.0020126911847428985,0.001246501662560906,0.0020126911847428985,,8784.167590324601,0.36239502389460054,0.2843817224756462,0.7716895797260627,,18.0,-1.0,1126.0,1136.0,2025-06-12 22:00:00,2025-06-13 21:00:00,8784.0009765625,8816.0009765625,11.0,0.3642986844535123,0.03311806222304658,17.0,1.0,1043.0,1125.0,2025-06-03 09:00:00,2025-06-12 21:00:00,8457.0009765625,8782.0009765625,83.0,3.842969876682001,0.04630084188773495,720045.0,,65458.63636363636,,5843996.0,0.0,70409.59036144578,0.0,0.9296835278774691,,0.12321106995966459,,27.27272727272727,27.27272727272727,45.45454545454545,True,False,2025-06-12 22:00:00,8784.0009765625,,,1.0,0.0,2025-06-13 09:00:00,8875.0009765625,2025-06-13 14:00:00,8791.0009765625,1.0,1.0,0.8560624447829824,42.50085613856328,4.0
AG:5m:1:-1:11422:11432:2,AG,4h,413.0,2025-06-13 15:00:00,465.0,1.0,1.0,CHoCH,1.0,8375.0,33.0,BOS,1.0,8498.0009765625,23.0,3.0,0.0,1.0,0.0,current_internal_high,internal,0.0,9.0,9020.0009765625,9020.0009765625,9020.0009765625,2.2096314835305106,active_bull_internal_ob,internal,1.0,23.0,8451.0009765625,8486.0009765625,8468.5009765625,3.841359348291503,8823.0009765625,8844.0009765625,8777.0009765625,8791.0009765625,113983.0,413597.0,0.0,0.0,0.0,0.0,0.0,0.0,,9020.0009765625,9.0,above,2.2096314835305106,8498.0009765625,False,,8451.0009765625,22.0,below,4.237959870976466,8421.0009765625,False,,8375.0,75.0,below,5.099160643240899,8544.0009765625,True,33.0,7944.0,28.0,below,9.983012794018592,7535.0,False,,1.0,1.0,0.0011334151262986343,62.0,UP_CONFIRMED,0.021038973086894563,0.029249117319300563,0.01526446861293563,0.29533691728864786,0.0011334151262986343,0.07027173783051532,0.004535704917149497,0.00975726672070465,0.031484299298601526,8609.85839745644,2.103897308689456,-0.565546821367291,-0.6311721731776216,,7.0,1.0,352.0,413.0,2025-05-21 21:00:00,2025-06-13 13:30:00,8292.0,8791.0009765625,62.0,6.0178603058671065,0.09706226299785656,6.0,-1.0,332.0,351.0,2025-05-14 21:00:00,2025-05-21 13:30:00,8096.0,8272.0,20.0,2.1739130434782705,0.10869565217391353,11268910.0,,181756.61290322582,,3730511.0,0.0,186525.55,0.0,0.9744327943449347,,3.0207416624692973,,38.70967741935484,54.83870967741935,6.451612903225806,True,False,,,,,0.0,0.0,2025-06-11 09:00:00,8914.0009765625,2025-06-11 13:30:00,8902.0009765625,4.0,5.0,0.5218779235728626,69.29261907142191,
AG:5m:1:-1:11422:11432:3,AG,5m,11478.0,2025-06-14 00:35:00,0.0,1.0,-1.0,CHoCH,1.0,8862.0009765625,76.0,CHoCH,-1.0,8821.0009765625,46.0,20.0,4.0,9.0,2.0,active_bear_internal_ob,internal,-1.0,46.0,8834.0009765625,8844.0009765625,8839.0009765625,0.056631548838572104,current_internal_low,internal,0.0,12.0,8801.0009765625,8801.0009765625,8801.0009765625,0.3171366734960038,8828.0009765625,8836.0009765625,8827.0009765625,8829.0009765625,4154.0,415911.0,0.0,0.0,0.0,0.0,0.0,0.0,,8834.0009765625,17.0,above,0.056631548838572104,8840.0009765625,False,,8801.0009765625,12.0,below,0.3171366734960038,8798.0009765625,False,,8912.0009765625,23.0,above,0.940083710720297,8862.0009765625,False,,8766.0009765625,89.0,below,0.7135575153660084,8795.0009765625,False,,1.0,1.0,5.3258668300819196e-05,88.0,UP_CONFIRMED,0.0008587338655980197,0.0008176006289128679,0.002846875444729026,0.5057639389663127,5.3258668300819196e-05,0.004686762810472089,5.17237523314229e-05,3.532124710536877e-05,-0.0001890875087097177,8821.425719554261,0.08587338655980196,0.02265775210981147,0.31328287648545877,,155.0,1.0,11391.0,11478.0,2025-06-13 09:00:00,2025-06-14 00:30:00,8813.0009765625,8829.0009765625,88.0,0.18154996286225966,0.002063067759798405,154.0,-1.0,11322.0,11390.0,2025-06-12 14:45:00,2025-06-13 02:25:00,8810.0009765625,8787.0009765625,69.0,-0.2610669404145116,-0.0037835788465871247,683098.0,,7762.477272727273,,376512.0,0.0,5456.695652173913,0.0,1.4225600560358815,,1.8142794917559069,,28.40909090909091,47.72727272727273,23.863636363636363,False,False,2025-06-14 00:15:00,8821.0009765625,2025-06-13 23:55:00,8818.0009765625,6.0,6.0,2025-06-14 00:10:00,8817.0009765625,2025-06-14 00:05:00,8813.0009765625,8.0,7.0,3.4819878361815926,8.680253662531356,
AG:5m:1:-1:11422:11432:3,AG,15m,3825.0,2025-06-14 00:30:00,5.0,1.0,1.0,BOS,1.0,8498.0009765625,235.0,CHoCH,1.0,8801.0009765625,28.0,11.0,2.0,4.0,0.0,current_internal_high,internal,0.0,2.0,8834.0009765625,8834.0009765625,8834.0009765625,0.056631548838572104,current_internal_low,internal,0.0,0.0,8801.0009765625,8801.0009765625,8801.0009765625,0.3171366734960038,8817.0009765625,8831.0009765625,8817.0009765625,8827.0009765625,9249.0,415617.0,0.0,0.0,0.0,0.0,0.0,0.0,,8834.0009765625,2.0,above,0.056631548838572104,8840.0009765625,False,,8801.0009765625,0.0,below,0.3171366734960038,8798.0009765625,False,,9020.0009765625,90.0,above,2.163325165633454,8498.0009765625,False,,8451.0009765625,222.0,below,4.281345092196051,8412.0009765625,False,,0.0,0.0,0.00010869314463500215,26.0,NONE,0.0021573651906565522,0.0032665324436710282,0.0035570723203643293,0.37758855899274113,0.00010869314463500215,0.0028260217605100557,8.096752546493668e-05,0.00019195080031653156,0.0006702587980089714,8807.998906322659,0.21573651906565522,0.11341724954530008,-0.8972943206636801,,57.0,1.0,3800.0,3825.0,2025-06-13 09:45:00,2025-06-14 00:15:00,8875.0009765625,8827.0009765625,26.0,-0.54084501091054,-0.020801731188866926,56.0,-1.0,3739.0,3799.0,2025-06-11 21:15:00,2025-06-13 09:30:00,8826.0009765625,8817.0009765625,61.0,-0.10197143671182296,-0.0016716628969151305,568240.0,,21855.384615384617,,1069036.0,0.0,17525.180327868853,0.0,1.2470847207563278,,0.531544307207615,,15.384615384615385,65.38461538461539,19.230769230769234,True,False,2025-06-13 21:00:00,8824.0009765625,2025-06-13 14:45:00,8791.0009765625,1.0,1.0,2025-06-13 21:15:00,8832.0009765625,2025-06-13 21:30:00,8826.0009765625,1.0,2.0,1.0889444331882354,19.33843598178375,
AG:5m:1:-1:11422:11432:3,AG,1h,1138.0,2025-06-14 00:00:00,35.0,1.0,1.0,CHoCH,1.0,8341.0,95.0,CHoCH,1.0,8862.0009765625,7.0,7.0,1.0,1.0,0.0,active_bear_internal_ob,internal,-1.0,24.0,8896.0009765625,8931.0009765625,8913.5009765625,0.7588627544368662,active_bull_internal_ob,internal,1.0,7.0,8766.0009765625,8794.0009765625,8780.0009765625,0.3964208418700047,8813.0009765625,8823.0009765625,8801.0009765625,8818.0009765625,42488.0,414843.0,0.0,0.0,0.0,0.0,0.0,0.0,,8912.0009765625,1.0,above,0.940083710720297,8862.0009765625,False,,8766.0009765625,7.0,below,0.7135575153660084,8795.0009765625,False,,8341.0,113.0,below,5.52725022749402,8375.0,True,95.0,8168.0,61.0,below,7.486701817308615,7944.0,False,,0.0,0.0,0.00016894317185077126,-13.0,NONE,0.0036677593380904628,0.0044514514761020965,0.003693114601611671,0.4159741071430602,0.00016894317185077126,0.0021962612340600263,0.0005614196671397398,0.00212060886516352,,8785.776861436587,0.3667759338090463,0.06808896204117953,-0.45091125017327427,,18.0,-1.0,1126.0,1138.0,2025-06-12 22:00:00,2025-06-13 23:00:00,8784.0009765625,8818.0009765625,13.0,0.3870673522318402,0.029774411710141554,17.0,1.0,1043.0,1125.0,2025-06-03 09:00:00,2025-06-12 21:00:00,8457.0009765625,8782.0009765625,83.0,3.842969876682001,0.04630084188773495,833765.0,,64135.769230769234,,5843996.0,0.0,70409.59036144578,0.0,0.9108953610087767,,0.1426703577483626,,23.076923076923077,38.46153846153847,38.46153846153847,True,False,2025-06-12 22:00:00,8784.0009765625,,,1.0,0.0,2025-06-13 09:00:00,8875.0009765625,2025-06-13 14:00:00,8791.0009765625,1.0,1.0,0.8296427853787454,40.605330037842826,4.0
AG:5m:1:-1:11422:11432:3,AG,4h,414.0,2025-06-14 00:00:00,35.0,1.0,1.0,CHoCH,1.0,8375.0,34.0,BOS,1.0,8498.0009765625,24.0,3.0,0.0,1.0,0.0,current_internal_high,internal,0.0,10.0,9020.0009765625,9020.0009765625,9020.0009765625,2.163325165633454,active_bull_internal_ob,internal,1.0,24.0,8451.0009765625,8486.0009765625,8468.5009765625,3.884924250326046,8801.0,8840.0009765625,8798.0009765625,8818.0009765625,210683.0,414843.0,0.0,0.0,0.0,0.0,0.0,0.0,,9020.0009765625,10.0,above,2.163325165633454,8498.0009765625,False,,8451.0009765625,23.0,below,4.281345092196051,8421.0009765625,False,,8375.0,76.0,below,5.142155695391729,8544.0009765625,True,34.0,7944.0,29.0,below,10.023795205276645,7535.0,False,,1.0,1.0,0.0011314632384472982,63.0,UP_CONFIRMED,0.0232088991138428,0.029153240839848854,0.015161643986384256,0.3475052940680461,0.0011314632384472982,0.07128218402217978,0.0049279972352727075,0.00967462998556834,0.028183402096006338,8617.986986039108,2.3208899113842802,0.30713226027370144,0.24368715572469138,,7.0,1.0,352.0,414.0,2025-05-21 21:00:00,2025-06-13 21:00:00,8292.0,8818.0009765625,63.0,6.3434753565183355,0.10069008502410057,6.0,-1.0,332.0,351.0,2025-05-14 21:00:00,2025-05-21 13:30:00,8096.0,8272.0,20.0,2.1739130434782705,0.10869565217391353,11479593.0,,182215.7619047619,,3730511.0,0.0,186525.55,0.0,0.97689438205523,,3.0772173034739745,,38.095238095238095,53.96825396825397,7.936507936507936,True,False,,,,,0.0,0.0,2025-06-11 09:00:00,8914.0009765625,2025-06-11 13:30:00,8902.0009765625,4.0,5.0,0.5200671880589062,67.84314628060606,
AG:5m:1:-1:11422:11432:4,AG,5m,11482.0,2025-06-14 00:55:00,0.0,1.0,-1.0,CHoCH,1.0,8862.0009765625,80.0,CHoCH,-1.0,8821.0009765625,50.0,20.0,4.0,9.0,2.0,active_bear_internal_ob,internal,-1.0,50.0,8834.0009765625,8844.0009765625,8839.0009765625,0.022644925032361343,current_internal_low,internal,0.0,16.0,8801.0009765625,8801.0009765625,8801.0009765625,0.35099633800160085,8827.0009765625,8835.0009765625,8826.0009765625,8832.0009765625,1985.0,415747.0,0.0,0.0,0.0,0.0,0.0,0.0,,8834.0009765625,21.0,above,0.022644925032361343,8840.0009765625,False,,8801.0009765625,16.0,below,0.35099633800160085,8798.0009765625,False,,8912.0009765625,27.0,above,0.9057970012944538,8862.0009765625,False,,8766.0009765625,93.0,below,0.7472825260679243,8795.0009765625,False,,1.0,1.0,5.13019253471286e-05,92.0,UP_CONFIRMED,0.0011659163218561922,0.0008161353015407051,0.002784811224438522,0.5499769593998173,5.13019253471286e-05,0.004719777131935832,6.167607005491682e-05,7.53867728120472e-05,1.925359868226728e-05,8821.715594364257,0.11659163218561922,0.06798095780788938,-0.516081333004118,,155.0,1.0,11391.0,11482.0,2025-06-13 09:00:00,2025-06-14 00:50:00,8813.0009765625,8832.0009765625,92.0,0.2155905808989278,0.0023433758793361716,154.0,-1.0,11322.0,11390.0,2025-06-12 14:45:00,2025-06-13 02:25:00,8810.0009765625,8787.0009765625,69.0,-0.2610669404145116,-0.0037835788465871247,689158.0,,7490.847826086957,,376512.0,0.0,5456.695652173913,0.0,1.372780947220806,,1.8303745962944076,,31.521739130434785,45.65217391304348,22.82608695652174,False,False,2025-06-14 00:15:00,8821.0009765625,2025-06-13 23:55:00,8818.0009765625,6.0,6.0,2025-06-14 00:10:00,8817.0009765625,2025-06-14 00:05:00,8813.0009765625,8.0,7.0,3.412193075316481,7.832015953133022,
AG:5m:1:-1:11422:11432:4,AG,15m,3826.0,2025-06-14 00:45:00,10.0,1.0,1.0,BOS,1.0,8498.0009765625,236.0,CHoCH,1.0,8801.0009765625,29.0,11.0,2.0,4.0,0.0,current_internal_high,internal,0.0,3.0,8834.0009765625,8834.0009765625,8834.0009765625,0.022644925032361343,current_internal_low,internal,0.0,1.0,8801.0009765625,8801.0009765625,8801.0009765625,0.35099633800160085,8828.0009765625,8836.0009765625,8824.0009765625,8827.0009765625,7200.0,415832.0,0.0,0.0,0.0,0.0,0.0,0.0,,8834.0009765625,3.0,above,0.022644925032361343,8840.0009765625,False,,8801.0009765625,1.0,below,0.35099633800160085,8798.0009765625,False,,9020.0009765625,91.0,above,2.1286229530419662,8498.0009765625,False,,8451.0009765625,223.0,below,4.313858218664836,8412.0009765625,False,,0.0,0.0,0.00010575088945551657,27.0,NONE,0.0021281332931487283,0.0032243695121702024,0.003497193611287219,0.376964961087179,0.00010575088945551657,0.0028552740152989475,9.726492608175263e-05,0.00020818433374691914,0.0006202568048929713,8808.25583406745,0.21281332931487285,0.0,-1.0378030843305754,,57.0,1.0,3800.0,3826.0,2025-06-13 09:45:00,2025-06-14 00:30:00,8875.0009765625,8827.0009765625,27.0,-0.54084501091054,-0.02003129670039037,56.0,-1.0,3739.0,3799.0,2025-06-11 21:15:00,2025-06-13 09:30:00,8826.0009765625,8817.0009765625,61.0,-0.10197143671182296,-0.0016716628969151305,575440.0,,21312.59259259259,,1069036.0,0.0,17525.180327868853,0.0,1.2161125987788513,,0.5382793470004752,,14.814814814814813,66.66666666666666,18.51851851851852,True,False,2025-06-13 21:00:00,8824.0009765625,2025-06-13 14:45:00,8791.0009765625,1.0,1.0,2025-06-13 21:15:00,8832.0009765625,2025-06-13 21:30:00,8826.0009765625,1.0,2.0,1.084613161763023,18.81426198308491,
AG:5m:1:-1:11422:11432:4,AG,1h,1138.0,2025-06-14 00:00:00,55.0,1.0,1.0,CHoCH,1.0,8341.0,95.0,CHoCH,1.0,8862.0009765625,7.0,7.0,1.0,1.0,0.0,active_bear_internal_ob,internal,-1.0,24.0,8896.0009765625,8931.0009765625,8913.5009765625,0.724637601035563,active_bull_internal_ob,internal,1.0,7.0,8766.0009765625,8794.0009765625,8780.0009765625,0.43025357561486555,8813.0009765625,8823.0009765625,8801.0009765625,8818.0009765625,42488.0,414843.0,0.0,0.0,0.0,0.0,0.0,0.0,,8912.0009765625,1.0,above,0.9057970012944538,8862.0009765625,False,,8766.0009765625,7.0,below,0.7472825260679243,8795.0009765625,False,,8341.0,113.0,below,5.559340152537011,8375.0,True,95.0,8168.0,61.0,below,7.518126167836267,7944.0,False,,0.0,0.0,0.00016894317185077126,-13.0,NONE,0.0036677593380904628,0.0044514514761020965,0.003693114601611671,0.4159741071430602,0.00016894317185077126,0.0021962612340600263,0.0005614196671397398,0.00212060886516352,,8785.776861436587,0.3667759338090463,0.06808896204117953,-0.45091125017327427,,18.0,-1.0,1126.0,1138.0,2025-06-12 22:00:00,2025-06-13 23:00:00,8784.0009765625,8818.0009765625,13.0,0.3870673522318402,0.029774411710141554,17.0,1.0,1043.0,1125.0,2025-06-03 09:00:00,2025-06-12 21:00:00,8457.0009765625,8782.0009765625,83.0,3.842969876682001,0.04630084188773495,833765.0,,64135.769230769234,,5843996.0,0.0,70409.59036144578,0.0,0.9108953610087767,,0.1426703577483626,,23.076923076923077,38.46153846153847,38.46153846153847,True,False,2025-06-12 22:00:00,8784.0009765625,,,1.0,0.0,2025-06-13 09:00:00,8875.0009765625,2025-06-13 14:00:00,8791.0009765625,1.0,1.0,0.8296427853787454,40.605330037842826,4.0
AG:5m:1:-1:11422:11432:4,AG,4h,414.0,2025-06-14 00:00:00,55.0,1.0,1.0,CHoCH,1.0,8375.0,34.0,BOS,1.0,8498.0009765625,24.0,3.0,0.0,1.0,0.0,current_internal_high,internal,0.0,10.0,9020.0009765625,9020.0009765625,9020.0009765625,2.1286229530419662,active_bull_internal_ob,internal,1.0,24.0,8451.0009765625,8486.0009765625,8468.5009765625,3.9175720305985124,8801.0,8840.0009765625,8798.0009765625,8818.0009765625,210683.0,414843.0,0.0,0.0,0.0,0.0,0.0,0.0,,9020.0009765625,10.0,above,2.1286229530419662,8498.0009765625,False,,8451.0009765625,23.0,below,4.313858218664836,8421.0009765625,False,,8375.0,76.0,below,5.174376426986868,8544.0009765625,True,34.0,7944.0,29.0,below,10.054357771460738,7535.0,False,,1.0,1.0,0.0011314632384472982,63.0,UP_CONFIRMED,0.0232088991138428,0.029153240839848854,0.015161643986384256,0.3475052940680461,0.0011314632384472982,0.07128218402217978,0.0049279972352727075,0.00967462998556834,0.028183402096006338,8617.986986039108,2.3208899113842802,0.30713226027370144,0.24368715572469138,,7.0,1.0,352.0,414.0,2025-05-21 21:00:00,2025-06-13 21:00:00,8292.0,8818.0009765625,63.0,6.3434753565183355,0.10069008502410057,6.0,-1.0,332.0,351.0,2025-05-14 21:00:00,2025-05-21 13:30:00,8096.0,8272.0,20.0,2.1739130434782705,0.10869565217391353,11479593.0,,182215.7619047619,,3730511.0,0.0,186525.55,0.0,0.97689438205523,,3.0772173034739745,,38.095238095238095,53.96825396825397,7.936507936507936,True,False,,,,,0.0,0.0,2025-06-11 09:00:00,8914.0009765625,2025-06-11 13:30:00,8902.0009765625,4.0,5.0,0.5200671880589062,67.84314628060606,
AG:5m:1:1:11461:11483:1,AG,5m,11502.0,2025-06-16 09:05:00,0.0,1.0,-1.0,CHoCH,1.0,8862.0009765625,100.0,CHoCH,-1.0,8830.0009765625,0.0,21.0,4.0,9.0,2.0,current_internal_low,internal,0.0,6.0,8830.0009765625,8830.0009765625,8830.0009765625,0.12473068127822814,active_bull_internal_ob,internal,1.0,19.0,8801.0009765625,8812.0009765625,8806.5009765625,0.07937406990432701,8827.0009765625,8827.0009765625,8807.0009765625,8819.0009765625,16936.0,409571.0,0.0,0.0,0.0,0.0,0.0,0.0,,8843.0009765625,13.0,above,0.2721396682434069,8834.0009765625,True,5.0,8830.0009765625,6.0,above,0.12473068127822814,8801.0009765625,True,0.0,8912.0009765625,47.0,above,1.0545412144432018,8862.0009765625,False,,8777.0009765625,19.0,below,0.47624441942596196,8766.0009765625,False,,1.0,1.0,5.8824587269024065e-05,112.0,UP_CONFIRMED,-0.0021634950816963273,0.0008113526687645789,0.0025783729956216444,0.12429737037103245,5.8824587269024065e-05,0.006588353774130695,0.001567687374849358,0.0016774243744528405,0.001859798806318702,8838.12221049634,-0.21634950816963272,-0.22626991503940097,4.2575914353123325,,155.0,1.0,11391.0,11502.0,2025-06-13 09:00:00,2025-06-16 09:00:00,8813.0009765625,8819.0009765625,112.0,0.06808123607335848,0.000607868179226415,154.0,-1.0,11322.0,11390.0,2025-06-12 14:45:00,2025-06-13 02:25:00,8810.0009765625,8787.0009765625,69.0,-0.2610669404145116,-0.0037835788465871247,737178.0,,6581.946428571428,,376512.0,0.0,5456.695652173913,0.0,1.20621468524623,,1.9579136919938807,,40.17857142857143,41.07142857142857,18.75,True,True,2025-06-14 00:15:00,8821.0009765625,2025-06-14 02:10:00,8842.0009765625,6.0,7.0,2025-06-14 02:20:00,8836.0009765625,2025-06-16 09:00:00,8819.0009765625,9.0,9.0,3.1778696180880894,8.66394705250541,
AG:5m:1:1:11461:11483:1,AG,15m,3833.0,2025-06-14 02:30:00,3275.0,1.0,1.0,BOS,1.0,8498.0009765625,243.0,BOS,1.0,8834.0009765625,6.0,12.0,2.0,4.0,0.0,current_internal_high,internal,0.0,10.0,8834.0009765625,8834.0009765625,8834.0009765625,0.1700872926521293,active_bull_internal_ob,internal,1.0,6.0,8801.0009765625,8814.0009765625,8807.5009765625,0.05669576421737643,8842.0009765625,8845.0009765625,8831.0009765625,8839.0009765625,6471.0,412806.0,0.0,0.0,0.0,0.0,0.0,0.0,,8834.0009765625,10.0,above,0.1700872926521293,8840.0009765625,True,6.0,8801.0009765625,8.0,below,0.20410475118255514,8798.0009765625,False,,9020.0009765625,98.0,above,2.279169721538533,8498.0009765625,False,,8766.0009765625,4.0,below,0.6009751007041901,8451.0009765625,False,,0.0,0.0,8.993982546853307e-05,34.0,NONE,0.0032877240926487525,0.003222958194213332,0.003119611517501004,0.5082818001882419,8.993982546853307e-05,0.003057954065930124,0.0001361320206472172,0.00027324910170878347,0.0005379523770536743,8810.036008918874,0.3287724092648753,-0.033928971597629864,-0.664735298899665,,57.0,1.0,3800.0,3833.0,2025-06-13 09:45:00,2025-06-14 02:15:00,8875.0009765625,8839.0009765625,34.0,-0.4056337581829106,-0.011930404652438546,56.0,-1.0,3739.0,3799.0,2025-06-11 21:15:00,2025-06-13 09:30:00,8826.0009765625,8817.0009765625,61.0,-0.10197143671182296,-0.0016716628969151305,609538.0,,17927.58823529412,,1069036.0,0.0,17525.180327868853,0.0,1.0229616985330159,,0.5701753729528285,,11.76470588235294,73.52941176470588,14.705882352941178,False,False,2025-06-13 21:00:00,8824.0009765625,2025-06-13 14:45:00,8791.0009765625,1.0,1.0,2025-06-14 00:45:00,8840.0009765625,2025-06-13 21:30:00,8826.0009765625,2.0,2.0,0.9679342174224033,15.72441728991437,
AG:5m:1:1:11461:11483:1,AG,1h,1141.0,2025-06-14 02:30:00,3275.0,1.0,1.0,CHoCH,1.0,8341.0,98.0,CHoCH,1.0,8862.0009765625,10.0,7.0,1.0,1.0,0.0,active_bear_internal_ob,internal,-1.0,27.0,8896.0009765625,8931.0009765625,8913.5009765625,0.8731147689475971,active_bull_internal_ob,internal,1.0,10.0,8766.0009765625,8794.0009765625,8780.0009765625,0.28347882108688216,8837.0009765625,8847.0009765625,8831.0009765625,8839.0009765625,11562.0,412806.0,0.0,0.0,0.0,0.0,0.0,0.0,,8912.0009765625,4.0,above,1.0545412144432018,8862.0009765625,False,,8777.0009765625,1.0,below,0.47624441942596196,8766.0009765625,False,,8341.0,116.0,below,5.420126132572635,8375.0,True,98.0,8168.0,64.0,below,7.3817995744938605,7944.0,False,,0.0,0.0,0.00014700024803511458,-16.0,NONE,0.005901667656314851,0.004730783289221644,0.003379702673323305,0.6354962083113499,0.00014700024803511458,0.0023520039685618332,0.00033863122374011567,0.0015855549906842459,,8787.14218374525,0.5901667656314851,0.011314775848658698,-1.003789142018175,,18.0,-1.0,1126.0,1141.0,2025-06-12 22:00:00,2025-06-14 02:00:00,8784.0009765625,8839.0009765625,16.0,0.6261383639044604,0.03913364774402878,17.0,1.0,1043.0,1125.0,2025-06-03 09:00:00,2025-06-12 21:00:00,8457.0009765625,8782.0009765625,83.0,3.842969876682001,0.04630084188773495,890900.0,,55681.25,,5843996.0,0.0,70409.59036144578,0.0,0.7908191158926188,,0.15244705848532408,,18.75,50.0,31.25,True,False,2025-06-12 22:00:00,8784.0009765625,,,1.0,0.0,2025-06-14 00:00:00,8840.0009765625,2025-06-13 14:00:00,8791.0009765625,2.0,1.0,0.7144065721681722,36.2404920164507,2.0
AG:5m:1:1:11461:11483:1,AG,4h,415.0,2025-06-14 02:30:00,3275.0,1.0,1.0,CHoCH,1.0,8375.0,35.0,BOS,1.0,8498.0009765625,25.0,3.0,0.0,1.0,0.0,current_internal_high,internal,0.0,11.0,9020.0009765625,9020.0009765625,9020.0009765625,2.279169721538533,current_internal_low,internal,0.0,0.0,8766.0009765625,8766.0009765625,8766.0009765625,0.6009751007041901,8817.0009765625,8847.0009765625,8812.0009765625,8839.0009765625,57135.0,412806.0,0.0,0.0,0.0,0.0,0.0,0.0,,9020.0009765625,11.0,above,2.279169721538533,8498.0009765625,False,,8766.0009765625,0.0,below,0.6009751007041901,8451.0009765625,False,,8375.0,77.0,below,5.034594935894476,8544.0009765625,True,35.0,7944.0,30.0,below,9.921769811432323,7535.0,False,,1.0,1.0,0.0011182920836628543,64.0,UP_CONFIRMED,0.02536951857021224,0.02909412017938578,0.0150500446974811,0.4022679585352725,0.0011182920836628543,0.07157069335442268,0.0037211153676357522,0.009214460338939467,0.027723915429059387,8620.307914836118,2.536951857021224,0.23814921381632992,-1.0806127660081604,,7.0,1.0,352.0,415.0,2025-05-21 21:00:00,2025-06-14 00:00:00,8292.0,8839.0009765625,64.0,6.5967315070248445,0.1030739297972632,6.0,-1.0,332.0,351.0,2025-05-14 21:00:00,2025-05-21 13:30:00,8096.0,8272.0,20.0,2.1739130434782705,0.10869565217391353,11536728.0,,180261.375,,3730511.0,0.0,186525.55,0.0,0.966416531140104,,3.0925328996483326,,37.5,53.125,9.375,True,False,,,,,0.0,0.0,2025-06-11 09:00:00,8914.0009765625,2025-06-11 13:30:00,8902.0009765625,4.0,5.0,0.5172881876024074,65.49720726056277,
AG:5m:1:1:11487:11497:1,AG,5m,11499.0,2025-06-14 02:20:00,0.0,1.0,1.0,CHoCH,1.0,8862.0009765625,97.0,BOS,1.0,8843.0009765625,2.0,22.0,3.0,9.0,2.0,current_internal_high,internal,0.0,10.0,8843.0009765625,8843.0009765625,8843.0009765625,0.1245470876779874,current_internal_low,internal,0.0,3.0,8830.0009765625,8830.0009765625,8830.0009765625,0.022644925032361343,8842.0009765625,8845.0009765625,8831.0009765625,8832.0009765625,2283.0,414289.0,1.0,1.0,1.0,0.0,1.0,0.0,active_bull_internal_ob,8843.0009765625,10.0,above,0.1245470876779874,8834.0009765625,True,2.0,8830.0009765625,3.0,below,0.022644925032361343,8801.0009765625,False,,8912.0009765625,44.0,above,0.9057970012944538,8862.0009765625,False,,8777.0009765625,16.0,below,0.622735438389937,8766.0009765625,False,,1.0,1.0,6.905821210682194e-05,109.0,UP_CONFIRMED,-0.0016239249570575908,0.0008706101055424056,0.0025864798772405944,0.167409742057417,6.905821210682194e-05,0.007527345119643591,0.0025879998353348643,0.0026441660627769537,0.002819360538571125,8846.366812408456,-0.1623924957057591,-0.11309657199209955,1.0024517691551267,,155.0,1.0,11391.0,11499.0,2025-06-13 09:00:00,2025-06-14 02:15:00,8813.0009765625,8832.0009765625,109.0,0.2155905808989278,0.001977895237604842,154.0,-1.0,11322.0,11390.0,2025-06-12 14:45:00,2025-06-13 02:25:00,8810.0009765625,8787.0009765625,69.0,-0.2610669404145116,-0.0037835788465871247,716054.0,,6569.302752293578,,376512.0,0.0,5456.695652173913,0.0,1.2038975913337606,,1.9018092384837668,,41.284403669724774,39.44954128440367,19.26605504587156,True,True,2025-06-14 00:15:00,8821.0009765625,2025-06-14 02:10:00,8842.0009765625,6.0,7.0,2025-06-14 00:10:00,8817.0009765625,2025-06-14 02:15:00,8832.0009765625,8.0,8.0,2.9708819835363287,6.918921580370892,
AG:5m:1:1:11487:11497:1,AG,15m,3832.0,2025-06-14 02:15:00,5.0,1.0,1.0,BOS,1.0,8498.0009765625,242.0,BOS,1.0,8834.0009765625,5.0,12.0,2.0,4.0,0.0,current_internal_high,internal,0.0,9.0,8834.0009765625,8834.0009765625,8834.0009765625,0.022644925032361343,active_bull_internal_ob,internal,1.0,5.0,8801.0009765625,8814.0009765625,8807.5009765625,0.20380432529125211,8837.0009765625,8847.0009765625,8833.0009765625,8842.0009765625,5091.0,414848.0,0.0,0.0,0.0,0.0,0.0,0.0,,8834.0009765625,9.0,above,0.022644925032361343,8840.0009765625,True,5.0,8801.0009765625,7.0,below,0.35099633800160085,8798.0009765625,False,,9020.0009765625,97.0,above,2.1286229530419662,8498.0009765625,False,,8766.0009765625,3.0,below,0.7472825260679243,8451.0009765625,False,,0.0,0.0,9.136549730361729e-05,33.0,NONE,0.003671163711699461,0.003220995591230441,0.0031665049222786936,0.5565254045326428,9.136549730361729e-05,0.0030150614110193708,0.00012669155319633418,0.00024178371215088923,0.0005681151624545855,8809.659275119246,0.3671163711699461,0.04525910339461259,-0.9559526976738009,,57.0,1.0,3800.0,3832.0,2025-06-13 09:45:00,2025-06-14 02:00:00,8875.0009765625,8842.0009765625,33.0,-0.3718309450009949,-0.011267604393969542,56.0,-1.0,3739.0,3799.0,2025-06-11 21:15:00,2025-06-13 09:30:00,8826.0009765625,8817.0009765625,61.0,-0.10197143671182296,-0.0016716628969151305,603067.0,,18274.757575757576,,1069036.0,0.0,17525.180327868853,0.0,1.042771442796325,,0.5641222559389955,,12.121212121212121,72.72727272727273,15.151515151515152,False,False,2025-06-13 21:00:00,8824.0009765625,2025-06-13 14:45:00,8791.0009765625,1.0,1.0,2025-06-14 00:45:00,8840.0009765625,2025-06-13 21:30:00,8826.0009765625,2.0,2.0,0.9830826626710993,15.857064773753937,
AG:5m:1:1:11487:11497:1,AG,1h,1140.0,2025-06-14 02:00:00,20.0,1.0,1.0,CHoCH,1.0,8341.0,97.0,CHoCH,1.0,8862.0009765625,9.0,7.0,1.0,1.0,0.0,active_bear_internal_ob,internal,-1.0,26.0,8896.0009765625,8931.0009765625,8913.5009765625,0.724637601035563,active_bull_internal_ob,internal,1.0,9.0,8766.0009765625,8794.0009765625,8780.0009765625,0.43025357561486555,8840.0009765625,8843.0009765625,8830.0009765625,8838.0009765625,16359.0,415263.0,0.0,0.0,0.0,0.0,0.0,0.0,,8912.0009765625,3.0,above,0.9057970012944538,8862.0009765625,False,,8777.0009765625,0.0,below,0.622735438389937,8766.0009765625,False,,8341.0,115.0,below,5.559340152537011,8375.0,True,97.0,8168.0,63.0,below,7.518126167836267,7944.0,False,,0.0,0.0,0.000154435539189605,-15.0,NONE,0.0058234587412156836,0.004652724331415429,0.0034765488092511993,0.6318480314789799,0.000154435539189605,0.002316533087844075,0.0004931459230432811,0.00222084183959681,,8786.831227443457,0.5823458741215684,-0.022624431889795016,-0.9423345268863911,,18.0,-1.0,1126.0,1140.0,2025-06-12 22:00:00,2025-06-14 01:00:00,8784.0009765625,8838.0009765625,15.0,0.6147540300152965,0.04098360200101977,17.0,1.0,1043.0,1125.0,2025-06-03 09:00:00,2025-06-12 21:00:00,8457.0009765625,8782.0009765625,83.0,3.842969876682001,0.04630084188773495,879338.0,,58622.53333333333,,5843996.0,0.0,70409.59036144578,0.0,0.8325930179737746,,0.15046861770610384,,20.0,46.666666666666664,33.33333333333333,True,False,2025-06-12 22:00:00,8784.0009765625,,,1.0,0.0,2025-06-14 00:00:00,8840.0009765625,2025-06-13 14:00:00,8791.0009765625,2.0,1.0,0.7472071332009435,37.79745294079306,4.0
AG:5m:1:1:11487:11497:1,AG,4h,414.0,2025-06-14 00:00:00,140.0,1.0,1.0,CHoCH,1.0,8375.0,34.0,BOS,1.0,8498.0009765625,24.0,3.0,0.0,1.0,0.0,current_internal_high,internal,0.0,10.0,9020.0009765625,9020.0009765625,9020.0009765625,2.1286229530419662,active_bull_internal_ob,internal,1.0,24.0,8451.0009765625,8486.0009765625,8468.5009765625,3.9175720305985124,8801.0,8840.0009765625,8798.0009765625,8818.0009765625,210683.0,414843.0,0.0,0.0,0.0,0.0,0.0,0.0,,9020.0009765625,10.0,above,2.1286229530419662,8498.0009765625,False,,8451.0009765625,23.0,below,4.313858218664836,8421.0009765625,False,,8375.0,76.0,below,5.174376426986868,8544.0009765625,True,34.0,7944.0,29.0,below,10.054357771460738,7535.0,False,,1.0,1.0,0.0011314632384472982,63.0,UP_CONFIRMED,0.0232088991138428,0.029153240839848854,0.015161643986384256,0.3475052940680461,0.0011314632384472982,0.07128218402217978,0.0049279972352727075,0.00967462998556834,0.028183402096006338,8617.986986039108,2.3208899113842802,0.30713226027370144,0.24368715572469138,,7.0,1.0,352.0,414.0,2025-05-21 21:00:00,2025-06-13 21:00:00,8292.0,8818.0009765625,63.0,6.3434753565183355,0.10069008502410057,6.0,-1.0,332.0,351.0,2025-05-14 21:00:00,2025-05-21 13:30:00,8096.0,8272.0,20.0,2.1739130434782705,0.10869565217391353,11479593.0,,182215.7619047619,,3730511.0,0.0,186525.55,0.0,0.97689438205523,,3.0772173034739745,,38.095238095238095,53.96825396825397,7.936507936507936,True,False,,,,,0.0,0.0,2025-06-11 09:00:00,8914.0009765625,2025-06-11 13:30:00,8902.0009765625,4.0,5.0,0.5200671880589062,67.84314628060606,
AG:5m:1:-1:11497:11502:1,AG,5m,11517.0,2025-06-16 10:35:00,0.0,1.0,-1.0,CHoCH,1.0,8862.0009765625,115.0,CHoCH,-1.0,8830.0009765625,15.0,20.0,4.0,9.0,2.0,active_bear_internal_ob,internal,-1.0,15.0,8836.0009765625,8847.0009765625,8841.5009765625,0.09062074212768255,current_internal_low,internal,0.0,4.0,8798.0009765625,8798.0009765625,8798.0009765625,0.33982778297880956,8836.0009765625,8837.0009765625,8826.0009765625,8828.0009765625,6425.0,408242.0,0.0,0.0,0.0,0.0,0.0,0.0,,8847.0009765625,14.0,above,0.21522426255324603,8843.0009765625,False,,8798.0009765625,4.0,below,0.33982778297880956,8830.0009765625,False,,8912.0009765625,62.0,above,0.9515177923406667,8862.0009765625,False,,8777.0009765625,34.0,below,0.5777072310639763,8766.0009765625,False,,0.0,0.0,-4.5887662794341644e-05,-12.0,NONE,0.00029257016224130326,-0.0013109042419613092,0.0012254367910652104,0.9046467799135971,-4.5887662794341644e-05,-0.0005506519535320997,2.8535225499837225e-05,-0.0004200892778409848,,8825.41892231655,0.029257016224130326,-0.056605903398709856,0.45295428119512193,,156.0,-1.0,11506.0,11517.0,2025-06-16 09:20:00,2025-06-16 10:30:00,8808.0009765625,8828.0009765625,12.0,0.2270662781852284,0.018922189848769033,155.0,1.0,11391.0,11505.0,2025-06-13 09:00:00,2025-06-16 09:15:00,8813.0009765625,8809.0009765625,115.0,-0.045387490715564915,-0.00039467383230926015,55626.0,,4635.5,,753894.0,0.0,6555.6,0.0,0.7071053755567759,,0.07378490875375053,,16.666666666666664,8.333333333333332,75.0,False,False,2025-06-16 10:05:00,8830.0009765625,,,1.0,0.0,2025-06-16 10:05:00,8830.0009765625,,,1.0,0.0,0.9348026742455066,9.776628949032936,
AG:5m:1:-1:11497:11502:1,AG,15m,3838.0,2025-06-16 10:15:00,20.0,1.0,1.0,BOS,1.0,8498.0009765625,248.0,BOS,1.0,8834.0009765625,11.0,11.0,2.0,4.0,0.0,current_internal_high,internal,0.0,1.0,8847.0009765625,8847.0009765625,8847.0009765625,0.21522426255324603,current_internal_low,internal,0.0,13.0,8801.0009765625,8801.0009765625,8801.0009765625,0.30584500468092857,8811.0009765625,8835.0009765625,8809.0009765625,8833.0009765625,18600.0,407833.0,0.0,0.0,0.0,0.0,0.0,0.0,,8847.0009765625,1.0,above,0.21522426255324603,8834.0009765625,False,,8801.0009765625,13.0,below,0.30584500468092857,8798.0009765625,False,,9020.0009765625,103.0,above,2.174897811064381,8498.0009765625,False,,8766.0009765625,9.0,below,0.7023107514895397,8451.0009765625,False,,0.0,0.0,8.078417135604373e-05,39.0,NONE,0.002514104213903249,0.002870991924780168,0.003078509185312799,0.4538545064484684,8.078417135604373e-05,0.0031505826828857053,9.234622643683466e-05,0.0002284908183625145,0.0004386407564216377,8810.849582499071,0.2514104213903249,0.24968786246331032,1.3175896214728688,,57.0,1.0,3800.0,3838.0,2025-06-13 09:45:00,2025-06-16 10:00:00,8875.0009765625,8833.0009765625,39.0,-0.47323938454671977,-0.012134343193505636,56.0,-1.0,3739.0,3799.0,2025-06-11 21:15:00,2025-06-13 09:30:00,8826.0009765625,8817.0009765625,61.0,-0.10197143671182296,-0.0016716628969151305,692391.0,,17753.615384615383,,1069036.0,0.0,17525.180327868853,0.0,1.0130346765324445,,0.6476779079469728,,10.256410256410255,76.92307692307693,12.82051282051282,True,True,2025-06-16 09:30:00,8811.0009765625,2025-06-16 09:15:00,8804.0009765625,2.0,2.0,2025-06-16 10:00:00,8833.0009765625,2025-06-16 09:00:00,8814.0009765625,3.0,3.0,1.0722806841571038,17.222783045799698,
AG:5m:1:-1:11497:11502:1,AG,1h,1142.0,2025-06-16 10:00:00,35.0,1.0,1.0,CHoCH,1.0,8341.0,99.0,CHoCH,1.0,8862.0009765625,11.0,7.0,1.0,1.0,0.0,active_bear_internal_ob,internal,-1.0,28.0,8896.0009765625,8931.0009765625,8913.5009765625,0.7702763080853017,active_bull_internal_ob,internal,1.0,11.0,8766.0009765625,8794.0009765625,8780.0009765625,0.38513815404265084,8827.0009765625,8827.0009765625,8798.0009765625,8811.0009765625,64253.0,407259.0,0.0,0.0,0.0,0.0,0.0,0.0,,8912.0009765625,5.0,above,0.9515177923406667,8862.0009765625,False,,8777.0009765625,2.0,below,0.5777072310639763,8766.0009765625,False,,8341.0,117.0,below,5.5165487391249854,8375.0,True,99.0,8168.0,65.0,below,7.476222287636121,7944.0,False,,0.0,0.0,0.0001438835310795054,-17.0,NONE,0.00262115236332925,0.004606687352404444,0.003316154652769961,0.27467107262996915,0.0001438835310795054,0.002446020028351592,0.00031583900079712457,0.0010968283827479386,,8787.966377722674,0.262115236332925,-0.3167778810551636,0.05313862536384334,,18.0,-1.0,1126.0,1142.0,2025-06-12 22:00:00,2025-06-16 09:00:00,8784.0009765625,8811.0009765625,17.0,0.30737701500764825,0.018081000882802838,17.0,1.0,1043.0,1125.0,2025-06-03 09:00:00,2025-06-12 21:00:00,8457.0009765625,8782.0009765625,83.0,3.842969876682001,0.04630084188773495,955153.0,,56185.470588235294,,5843996.0,0.0,70409.59036144578,0.0,0.7979803646038652,,0.16344176142488803,,17.647058823529413,52.94117647058824,29.411764705882355,True,False,2025-06-12 22:00:00,8784.0009765625,,,1.0,0.0,2025-06-14 00:00:00,8840.0009765625,2025-06-16 09:00:00,8811.0009765625,2.0,2.0,0.719856677714216,36.58045687241851,4.0
AG:5m:1:-1:11497:11502:1,AG,4h,415.0,2025-06-14 02:30:00,3365.0,1.0,1.0,CHoCH,1.0,8375.0,35.0,BOS,1.0,8498.0009765625,25.0,3.0,0.0,1.0,0.0,current_internal_high,internal,0.0,11.0,9020.0009765625,9020.0009765625,9020.0009765625,2.174897811064381,current_internal_low,internal,0.0,0.0,8766.0009765625,8766.0009765625,8766.0009765625,0.7023107514895397,8817.0009765625,8847.0009765625,8812.0009765625,8839.0009765625,57135.0,412806.0,0.0,0.0,0.0,0.0,0.0,0.0,,9020.0009765625,11.0,above,2.174897811064381,8498.0009765625,False,,8766.0009765625,0.0,below,0.7023107514895397,8451.0009765625,False,,8375.0,77.0,below,5.131410585082334,8544.0009765625,True,35.0,7944.0,30.0,below,10.013603067211232,7535.0,False,,1.0,1.0,0.0011182920836628543,64.0,UP_CONFIRMED,0.02536951857021224,0.02909412017938578,0.0150500446974811,0.4022679585352725,0.0011182920836628543,0.07157069335442268,0.0037211153676357522,0.009214460338939467,0.027723915429059387,8620.307914836118,2.536951857021224,0.23814921381632992,-1.0806127660081604,,7.0,1.0,352.0,415.0,2025-05-21 21:00:00,2025-06-14 00:00:00,8292.0,8839.0009765625,64.0,6.5967315070248445,0.1030739297972632,6.0,-1.0,332.0,351.0,2025-05-14 21:00:00,2025-05-21 13:30:00,8096.0,8272.0,20.0,2.1739130434782705,0.10869565217391353,11536728.0,,180261.375,,3730511.0,0.0,186525.55,0.0,0.966416531140104,,3.0925328996483326,,37.5,53.125,9.375,True,False,,,,,0.0,0.0,2025-06-11 09:00:00,8914.0009765625,2025-06-11 13:30:00,8902.0009765625,4.0,5.0,0.5172881876024074,65.49720726056277,
AG:5m:1:-1:11497:11502:2,AG,5m,11542.0,2025-06-16 14:40:00,0.0,1.0,1.0,CHoCH,1.0,8862.0009765625,140.0,CHoCH,1.0,8822.0009765625,1.0,21.0,3.0,9.0,2.0,active_bear_internal_ob,internal,-1.0,342.0,8907.0009765625,8918.0009765625,8912.5009765625,0.5304739821624155,current_internal_high,internal,0.0,8.0,8822.0009765625,8822.0009765625,8822.0009765625,0.4288938579185488,8825.0009765625,8860.0009765625,8824.0009765625,8860.0009765625,22051.0,408290.0,0.0,0.0,0.0,0.0,0.0,0.0,,8822.0009765625,8.0,below,0.4288938579185488,8837.0009765625,True,1.0,8790.0009765625,7.0,below,0.7900676330078529,8800.0009765625,False,,8912.0009765625,87.0,above,0.5869073845201194,8862.0009765625,False,,8777.0009765625,59.0,below,0.9367944791378828,8766.0009765625,False,,0.0,0.0,0.0,1.0,DOWN_BROKEN,0.006679224173655134,0.006679224173655134,0.0,0.5,0.0,0.0,,,,8801.215684008319,0.6679224173655134,0.40797819600904006,3.7003210822389385,,157.0,1.0,11542.0,11542.0,2025-06-16 14:35:00,2025-06-16 14:35:00,8860.0009765625,8860.0009765625,1.0,0.0,0.0,156.0,-1.0,11506.0,11541.0,2025-06-16 09:20:00,2025-06-16 14:30:00,8808.0009765625,8824.0009765625,36.0,0.18165302254820048,0.005045917293005569,22051.0,,22051.0,,175373.0,0.0,4871.472222222223,0.0,4.526557679916521,,0.12573771333101447,,100.0,0.0,0.0,True,False,,,,,0.0,0.0,,,,,0.0,0.0,0.0,11.72167101556141,
AG:5m:1:-1:11497:11502:2,AG,15m,3846.0,2025-06-16 14:30:00,10.0,1.0,1.0,BOS,1.0,8498.0009765625,256.0,BOS,1.0,8834.0009765625,19.0,11.0,2.0,4.0,0.0,active_bear_internal_ob,internal,-1.0,112.0,8902.0009765625,8918.0009765625,8910.0009765625,0.47404057980471176,current_internal_high,internal,0.0,2.0,8837.0009765625,8837.0009765625,8837.0009765625,0.2595936508454374,8818.0009765625,8828.0009765625,8815.0009765625,8819.0009765625,14304.0,404264.0,0.0,0.0,0.0,0.0,0.0,0.0,,8837.0009765625,2.0,below,0.2595936508454374,8847.0009765625,False,,8798.0009765625,5.0,below,0.6997741892355269,8801.0009765625,False,,9020.0009765625,111.0,above,1.8058688754465209,8498.0009765625,False,,8766.0009765625,17.0,below,1.060947964324831,8451.0009765625,False,,0.0,0.0,6.768386805158848e-05,47.0,NONE,0.0008946637576445426,0.002416741936102042,0.0029939318531796524,0.3055907326967018,6.768386805158848e-05,0.003181141798424658,-1.620653171197084e-05,0.00010276352957294677,0.0003249399904143857,8811.11798863374,0.08946637576445425,0.011340438753149051,0.3408697082976319,,57.0,1.0,3800.0,3846.0,2025-06-13 09:45:00,2025-06-16 14:15:00,8875.0009765625,8819.0009765625,47.0,-0.630985846062293,-0.01342523076728283,56.0,-1.0,3739.0,3799.0,2025-06-11 21:15:00,2025-06-13 09:30:00,8826.0009765625,8817.0009765625,61.0,-0.10197143671182296,-0.0016716628969151305,815013.0,,17340.702127659573,,1069036.0,0.0,17525.180327868853,0.0,0.9894735348362768,,0.7623812481525412,,8.51063829787234,80.85106382978722,10.638297872340425,True,False,2025-06-16 14:00:00,8818.0009765625,2025-06-16 13:30:00,8801.0009765625,4.0,4.0,2025-06-16 10:00:00,8833.0009765625,2025-06-16 10:30:00,8823.0009765625,3.0,4.0,1.238829768481015,17.489446216341072,
AG:5m:1:-1:11497:11502:2,AG,1h,1145.0,2025-06-16 14:00:00,40.0,1.0,1.0,CHoCH,1.0,8341.0,102.0,CHoCH,1.0,8862.0009765625,14.0,7.0,1.0,1.0,0.0,active_bear_internal_ob,internal,-1.0,31.0,8896.0009765625,8931.0009765625,8913.5009765625,0.40632049697546724,active_bull_internal_ob,internal,1.0,14.0,8766.0009765625,8794.0009765625,8780.0009765625,0.7449209111216899,8815.0009765625,8822.0009765625,8790.0009765625,8807.0009765625,35940.0,404567.0,0.0,0.0,0.0,0.0,0.0,0.0,,8912.0009765625,8.0,above,0.5869073845201194,8862.0009765625,False,,8777.0009765625,5.0,below,0.9367944791378828,8766.0009765625,False,,8341.0,120.0,below,5.857798186878551,8375.0,True,102.0,8168.0,68.0,below,7.810393908455102,7944.0,False,,0.0,0.0,0.00013009982588930714,-20.0,NONE,0.00201007582794424,0.004285028997070768,0.003154281189675933,0.2353848912457559,0.00013009982588930714,0.0026019965177861426,0.00028480367281047414,0.0007780900456240136,,8789.3337492494,0.20100758279442402,-0.056740801700982946,-0.45750496413467706,,18.0,-1.0,1126.0,1145.0,2025-06-12 22:00:00,2025-06-16 13:30:00,8784.0009765625,8807.0009765625,20.0,0.2618396794509481,0.013091983972547405,17.0,1.0,1043.0,1125.0,2025-06-03 09:00:00,2025-06-12 21:00:00,8457.0009765625,8782.0009765625,83.0,3.842969876682001,0.04630084188773495,1067095.0,,53354.75,,5843996.0,0.0,70409.59036144578,0.0,0.757776742146983,,0.1825968053366224,,15.0,60.0,25.0,True,False,2025-06-12 22:00:00,8784.0009765625,,,1.0,0.0,2025-06-14 00:00:00,8840.0009765625,2025-06-16 09:00:00,8811.0009765625,2.0,2.0,0.7361166498131494,34.78143722620389,2.0
AG:5m:1:-1:11497:11502:2,AG,4h,416.0,2025-06-16 11:30:00,190.0,1.0,1.0,CHoCH,1.0,8375.0,36.0,BOS,1.0,8498.0009765625,26.0,3.0,0.0,1.0,0.0,current_internal_high,internal,0.0,12.0,9020.0009765625,9020.0009765625,9020.0009765625,1.8058688754465209,current_internal_low,internal,0.0,1.0,8766.0009765625,8766.0009765625,8766.0009765625,1.060947964324831,8827.0009765625,8837.0009765625,8798.0009765625,8812.0009765625,140255.0,404911.0,0.0,0.0,0.0,0.0,0.0,0.0,,9020.0009765625,12.0,above,1.8058688754465209,8498.0009765625,False,,8766.0009765625,1.0,below,1.060947964324831,8451.0009765625,False,,8375.0,78.0,below,5.474051050846165,8544.0009765625,True,36.0,7944.0,31.0,below,10.338610334080231,7535.0,False,,1.0,1.0,0.0011110780394593105,65.0,UP_CONFIRMED,0.021618272173601093,0.02897910713314294,0.014962144328377872,0.3113724300039674,0.0011110780394593105,0.07222007256485519,0.004135236030408329,0.007613451422771256,0.026661822534925106,8625.531880722958,2.161827217360109,-0.3054643853031891,-0.34608180743176115,,7.0,1.0,352.0,416.0,2025-05-21 21:00:00,2025-06-16 09:00:00,8292.0,8812.0009765625,65.0,6.2711164563736155,0.09647871471344024,6.0,-1.0,332.0,351.0,2025-05-14 21:00:00,2025-05-21 13:30:00,8096.0,8272.0,20.0,2.1739130434782705,0.10869565217391353,11676983.0,,179645.8923076923,,3730511.0,0.0,186525.55,0.0,0.9631168078994663,,3.130129625673266,,36.92307692307693,52.307692307692314,10.76923076923077,True,False,,,,,0.0,0.0,2025-06-11 09:00:00,8914.0009765625,2025-06-11 13:30:00,8902.0009765625,4.0,5.0,0.5163079821484875,63.74740674195115,
AG:5m:1:1:11530:11541:1,AG,5m,11558.0,2025-06-16 22:00:00,0.0,1.0,1.0,CHoCH,1.0,8862.0009765625,156.0,CHoCH,1.0,8822.0009765625,17.0,21.0,3.0,9.0,2.0,current_internal_high,internal,0.0,10.0,8894.0009765625,8894.0009765625,8894.0009765625,0.964922131648681,active_bull_internal_ob,internal,1.0,17.0,8790.0009765625,8804.0009765625,8797.0009765625,0.056760125391098884,8813.0009765625,8818.0009765625,8804.0009765625,8809.0009765625,23005.0,396915.0,0.0,0.0,0.0,0.0,0.0,0.0,,8894.0009765625,10.0,above,0.964922131648681,8822.0009765625,False,,8790.0009765625,23.0,below,0.21568847648617576,8800.0009765625,False,,8912.0009765625,103.0,above,1.1692585830566369,8862.0009765625,False,,8777.0009765625,75.0,below,0.36326480250303284,8766.0009765625,False,,0.0,0.0,0.00016806620720370458,17.0,NONE,-0.0019669356045900277,0.002648972017372484,0.002678355747145046,0.04240711808666464,0.00016806620720370458,0.0028571255224629777,-8.82146579377352e-05,0.00014493927772041282,,8826.3618619678,-0.19669356045900277,-0.045387490715564915,1.3800089924690293,,157.0,1.0,11542.0,11558.0,2025-06-16 14:35:00,2025-06-16 21:55:00,8860.0009765625,8809.0009765625,17.0,-0.5756207040485739,-0.033860041414622,156.0,-1.0,11506.0,11541.0,2025-06-16 09:20:00,2025-06-16 14:30:00,8808.0009765625,8824.0009765625,36.0,0.18165302254820048,0.005045917293005569,218665.0,,12862.64705882353,,175373.0,0.0,4871.472222222223,0.0,2.640402422936524,,1.2468566997200252,,11.76470588235294,29.411764705882355,58.82352941176471,True,True,,,2025-06-16 21:50:00,8813.0009765625,0.0,1.0,,,2025-06-16 14:45:00,8867.0009765625,0.0,1.0,1.011092502895409,16.206885491992523,
AG:5m:1:1:11530:11541:1,AG,15m,3852.0,2025-06-16 22:00:00,0.0,1.0,1.0,BOS,1.0,8498.0009765625,262.0,BOS,1.0,8837.0009765625,5.0,12.0,2.0,4.0,0.0,current_internal_high,internal,0.0,0.0,8894.0009765625,8894.0009765625,8894.0009765625,0.964922131648681,current_internal_low,internal,0.0,4.0,8790.0009765625,8790.0009765625,8790.0009765625,0.21568847648617576,8831.0009765625,8847.0009765625,8804.0009765625,8809.0009765625,44347.0,396915.0,1.0,1.0,1.0,0.0,1.0,0.0,active_bull_internal_ob,8894.0009765625,0.0,above,0.964922131648681,8837.0009765625,False,,8790.0009765625,4.0,below,0.21568847648617576,8798.0009765625,False,,8912.0009765625,1.0,above,1.1692585830566369,9020.0009765625,False,,8766.0009765625,23.0,below,0.4881370783634504,8451.0009765625,False,,1.0,1.0,8.712576181588632e-05,53.0,UP_CONFIRMED,-0.0016698431208805448,0.002460563265401553,0.0030103219853131365,0.08501907111517676,8.712576181588632e-05,0.004617665376241975,0.0007175348321120101,0.0014184165769475232,0.0015977865406808789,8823.735230137016,-0.16698431208805448,-0.2491223821443178,1.6852604150048531,,57.0,1.0,3800.0,3852.0,2025-06-13 09:45:00,2025-06-16 21:45:00,8875.0009765625,8809.0009765625,53.0,-0.7436618900019898,-0.014031356415131882,56.0,-1.0,3739.0,3799.0,2025-06-11 21:15:00,2025-06-13 09:30:00,8826.0009765625,8817.0009765625,61.0,-0.10197143671182296,-0.0016716628969151305,1037228.0,,19570.33962264151,,1069036.0,0.0,17525.180327868853,0.0,1.116698331002073,,0.9702460908706536,,7.547169811320755,81.13207547169812,11.320754716981133,True,True,2025-06-16 14:00:00,8818.0009765625,2025-06-16 21:45:00,8809.0009765625,4.0,5.0,2025-06-16 14:30:00,8892.0009765625,2025-06-16 14:45:00,8858.0009765625,4.0,5.0,1.2234279961998316,25.909842572244962,
AG:5m:1:1:11530:11541:1,AG,1h,1147.0,2025-06-16 22:00:00,0.0,1.0,1.0,CHoCH,1.0,8341.0,104.0,CHoCH,1.0,8862.0009765625,16.0,7.0,1.0,1.0,0.0,active_bear_internal_ob,internal,-1.0,33.0,8896.0009765625,8931.0009765625,8913.5009765625,0.9876261818051205,active_bull_internal_ob,internal,1.0,16.0,8766.0009765625,8794.0009765625,8780.0009765625,0.17028037617329667,8864.0,8871.0009765625,8804.0009765625,8809.0009765625,124144.0,396915.0,0.0,0.0,0.0,0.0,0.0,0.0,,8912.0009765625,10.0,above,1.1692585830566369,8862.0009765625,False,,8777.0009765625,7.0,below,0.36326480250303284,8766.0009765625,False,,9020.0009765625,0.0,above,2.3952772915043727,8341.0,False,,8168.0,70.0,below,7.276659161100866,7944.0,False,,0.0,0.0,0.0001508616492643767,-22.0,NONE,0.0015214373017377995,0.004298312121702515,0.003133117764400062,0.18772858541746484,0.0001508616492643767,0.003318956283816288,0.0008708062459461541,0.0011869202813179491,0.003259461332036029,8795.61899373356,0.15214373017377994,-0.5531722126656979,1.4757283182045824,,18.0,-1.0,1126.0,1147.0,2025-06-12 22:00:00,2025-06-16 21:00:00,8784.0009765625,8809.0009765625,22.0,0.2846083472292982,0.01293674305587719,17.0,1.0,1043.0,1125.0,2025-06-03 09:00:00,2025-06-12 21:00:00,8457.0009765625,8782.0009765625,83.0,3.842969876682001,0.04630084188773495,1318590.0,,59935.90909090909,,5843996.0,0.0,70409.59036144578,0.0,0.8512463825343917,,0.2256315712741761,,13.636363636363635,63.63636363636363,22.727272727272727,True,False,2025-06-12 22:00:00,8784.0009765625,,,1.0,0.0,2025-06-16 14:00:00,8858.0009765625,2025-06-16 21:00:00,8809.0009765625,3.0,3.0,0.7289181603589708,40.87787189402274,4.0
AG:5m:1:1:11530:11541:1,AG,4h,417.0,2025-06-16 15:00:00,420.0,1.0,1.0,CHoCH,1.0,8375.0,37.0,BOS,1.0,8498.0009765625,27.0,3.0,0.0,1.0,0.0,current_internal_high,internal,0.0,0.0,8912.0009765625,8912.0009765625,8912.0009765625,1.1692585830566369,current_internal_low,internal,0.0,2.0,8766.0009765625,8766.0009765625,8766.0009765625,0.4881370783634504,8815.0009765625,8894.0009765625,8790.0009765625,8858.0009765625,163291.0,412329.0,0.0,0.0,0.0,0.0,0.0,0.0,,8912.0009765625,0.0,above,1.1692585830566369,9020.0009765625,False,,8766.0009765625,2.0,below,0.4881370783634504,8451.0009765625,False,,8375.0,79.0,below,4.926789969909374,8544.0009765625,True,37.0,7944.0,32.0,below,9.819512778622098,7535.0,False,,1.0,1.0,0.0011072873380249622,66.0,UP_CONFIRMED,0.026127392971053126,0.028935899342808245,0.014852447837280597,0.425009635292817,0.0011072873380249622,0.0730809643096475,0.0031139211760866647,0.007966552360763268,0.025721691511259914,8632.457370536626,2.6127392971053127,0.5220153756490431,-0.14837260047961823,,7.0,1.0,352.0,417.0,2025-05-21 21:00:00,2025-06-16 13:30:00,8292.0,8858.0009765625,66.0,6.825868024149773,0.10342224279014807,6.0,-1.0,332.0,351.0,2025-05-14 21:00:00,2025-05-21 13:30:00,8096.0,8272.0,20.0,2.1739130434782705,0.10869565217391353,11840274.0,,179398.0909090909,,3730511.0,0.0,186525.55,0.0,0.9617882960757437,,3.173901377049954,,36.36363636363637,51.515151515151516,12.121212121212121,True,False,,,,,0.0,0.0,2025-06-11 09:00:00,8914.0009765625,2025-06-11 13:30:00,8902.0009765625,4.0,5.0,0.5132879286495043,66.62259197466892,
AG:5m:1:1:11530:11541:2,AG,5m,11873.0,2025-06-19 14:30:00,0.0,-1.0,-1.0,CHoCH,-1.0,8901.0009765625,27.0,BOS,-1.0,8885.0009765625,5.0,21.0,3.0,9.0,1.0,current_internal_low,internal,0.0,21.0,8885.0009765625,8885.0009765625,8885.0009765625,0.8055365569937833,active_bull_internal_ob,internal,1.0,332.0,8790.0009765625,8804.0009765625,8797.0009765625,0.11345585309771596,8822.0009765625,8823.0009765625,8800.0009765625,8814.0009765625,24973.0,391939.0,0.0,0.0,0.0,0.0,0.0,0.0,,8924.0009765625,9.0,above,1.2480143840748756,8969.0009765625,False,,8885.0009765625,21.0,above,0.8055365569937833,8942.0009765625,True,5.0,9075.0009765625,64.0,above,2.9611977658503865,8894.0009765625,False,,8901.0009765625,38.0,above,0.9870659219501289,8804.0009765625,True,27.0,-1.0,-1.0,-0.00018431710741476732,-91.0,DOWN_CONFIRMED,-0.007822969728623754,-0.004375750739090935,0.0016743865075542791,0.019756928419176756,-0.00018431710741476732,-0.016772856774743827,-0.004510004488401442,-0.00573485155325304,-0.006150447946883353,8883.496299195447,-0.7822969728623754,-0.09068237490852393,2.0787137384321253,,160.0,-1.0,11783.0,11873.0,2025-06-18 22:10:00,2025-06-19 14:25:00,8964.0009765625,8814.0009765625,91.0,-1.6733599247946707,-0.018388570602139238,159.0,1.0,11640.0,11782.0,2025-06-17 13:30:00,2025-06-18 22:05:00,8848.0009765625,8988.0009765625,143.0,1.582278306375029,0.01106488326136384,534247.0,,5870.846153846154,,994541.0,0.0,6954.832167832168,0.0,0.8441391556506972,,0.5371794626868073,,25.274725274725274,41.75824175824176,32.967032967032964,True,True,,,,,0.0,0.0,2025-06-19 11:00:00,8913.0009765625,2025-06-19 13:45:00,8911.0009765625,4.0,4.0,0.38265125401135947,15.118983655882346,
AG:5m:1:1:11530:11541:2,AG,15m,3957.0,2025-06-19 14:30:00,0.0,1.0,-1.0,BOS,1.0,8912.0009765625,71.0,BOS,-1.0,8885.0009765625,1.0,12.0,3.0,5.0,0.0,current_internal_low,internal,0.0,3.0,8885.0009765625,8885.0009765625,8885.0009765625,0.8055365569937833,active_bull_swing_ob,swing,1.0,71.0,8777.0009765625,8808.0009765625,8792.5009765625,0.06807351185862957,8855.0009765625,8855.0009765625,8800.0009765625,8814.0009765625,63973.0,391939.0,1.0,1.0,1.0,0.0,1.0,0.0,active_bull_internal_ob,8957.0009765625,16.0,above,1.6224186992973382,8956.0009765625,True,14.0,8885.0009765625,3.0,above,0.8055365569937833,8932.0009765625,True,1.0,8912.0009765625,106.0,above,1.1118673603576164,9020.0009765625,True,71.0,8777.0009765625,96.0,below,0.41978665646154906,8766.0009765625,False,,0.0,0.0,-0.0005118600225271109,-10.0,NONE,-0.015936762087340375,-0.01069314847033145,0.002278107333333912,0.010674884279673225,-0.0005118600225271109,-0.005118600225271108,-0.00418686752075792,,,8956.742450066797,-1.5936762087340375,-0.4630151945608896,2.9318350021871877,,58.0,-1.0,3948.0,3957.0,2025-06-19 09:45:00,2025-06-19 14:15:00,8895.0009765625,8814.0009765625,10.0,-0.9106238460617089,-0.09106238460617089,57.0,1.0,3800.0,3947.0,2025-06-13 09:45:00,2025-06-19 09:30:00,8875.0009765625,8907.0009765625,148.0,0.3605633406070341,0.0024362387878853657,218374.0,,21837.4,,2585183.0,0.0,17467.452702702703,0.0,1.2501765639028262,,0.08447138945289366,,0.0,0.0,100.0,True,True,,,,,0.0,0.0,,,,,0.0,0.0,0.21304364562547765,22.874036188067514,
AG:5m:1:1:11530:11541:2,AG,1h,1178.0,2025-06-19 14:00:00,30.0,1.0,1.0,BOS,1.0,9020.0009765625,12.0,BOS,1.0,8894.0009765625,20.0,8.0,0.0,2.0,0.0,current_swing_high,swing,0.0,31.0,9020.0009765625,9020.0009765625,9020.0009765625,2.337190573812949,current_internal_low,internal,0.0,25.0,8806.0009765625,8806.0009765625,8806.0009765625,0.09076468247817276,8915.0009765625,8922.0009765625,8888.0009765625,8895.0009765625,29430.0,398463.0,1.0,1.0,1.0,0.0,1.0,0.0,active_bull_internal_ob,9075.0009765625,5.0,above,2.9611977658503865,8894.0009765625,False,,8806.0009765625,25.0,below,0.09076468247817276,8777.0009765625,False,,9020.0009765625,31.0,above,2.337190573812949,8341.0,True,12.0,8766.0009765625,2.0,below,0.5445880948690366,8168.0,False,,0.0,0.0,0.0012267742952560305,21.0,NONE,-0.01686938363536143,0.0019444461264681208,0.015512610875127468,0.11260148009114773,0.0012267742952560305,0.02576226020037664,-0.0012557920087508112,-0.0029164031792734413,0.02576226020037664,9047.628899457837,-1.6869383635361428,-0.24671972177444657,-0.573946963763531,,19.0,1.0,1158.0,1178.0,2025-06-17 21:00:00,2025-06-19 13:30:00,8978.0009765625,8895.0009765625,21.0,-0.924481966717039,-0.044022950796049475,18.0,-1.0,1126.0,1157.0,2025-06-12 22:00:00,2025-06-17 14:00:00,8784.0009765625,8864.0009765625,32.0,0.9107467111337586,0.028460834722929956,1315587.0,,62647.0,,1651467.0,0.0,51608.34375,0.0,1.213892860105591,,0.796617189444294,,52.38095238095239,4.761904761904762,42.857142857142854,True,True,,,2025-06-18 14:00:00,9045.0009765625,0.0,1.0,,,2025-06-18 21:00:00,8998.0009765625,0.0,1.0,7.977907263136404,36.24152765761271,2.0
AG:5m:1:1:11530:11541:2,AG,4h,428.0,2025-06-19 11:30:00,180.0,1.0,1.0,CHoCH,1.0,8375.0,48.0,BOS,1.0,8912.0009765625,6.0,4.0,0.0,1.0,0.0,current_internal_high,internal,0.0,11.0,8912.0009765625,8912.0009765625,8912.0009765625,1.1118673603576164,current_internal_low,internal,0.0,10.0,8777.0009765625,8777.0009765625,8777.0009765625,0.41978665646154906,8932.0009765625,8934.0009765625,8885.0009765625,8917.0009765625,131048.0,398965.0,1.0,1.0,1.0,0.0,1.0,0.0,active_bull_internal_ob,8912.0009765625,11.0,above,1.1118673603576164,9020.0009765625,True,6.0,8777.0009765625,10.0,below,0.41978665646154906,8766.0009765625,False,,8375.0,90.0,below,4.980723030662885,8544.0009765625,True,48.0,7944.0,43.0,below,9.870670299174442,7535.0,False,,1.0,1.0,0.0016379978876731147,77.0,UP_CONFIRMED,-0.01569443646104469,0.026834497694786724,0.016581735893741446,0.005161676735187193,0.0016379978876731147,0.12612583735082983,0.04367102614278284,0.04837467207802448,0.05695924863127577,9059.179696701569,-1.5694436461044692,-0.35758181369974773,-0.27773812175155443,,7.0,1.0,352.0,428.0,2025-05-21 21:00:00,2025-06-19 09:00:00,8292.0,8917.0009765625,77.0,7.5373972089061825,0.09788827544034004,6.0,-1.0,332.0,351.0,2025-05-14 21:00:00,2025-05-21 13:30:00,8096.0,8272.0,20.0,2.1739130434782705,0.10869565217391353,13583452.0,,176408.46753246753,,3730511.0,0.0,186525.55,0.0,0.9457603397093188,,3.6411773078808776,,35.064935064935064,49.35064935064935,15.584415584415584,True,True,,,2025-06-18 13:30:00,9045.0009765625,0.0,1.0,2025-06-19 00:00:00,8949.0009765625,2025-06-19 09:00:00,8917.0009765625,6.0,7.0,0.6179260771839551,66.5703623645725,
AG:5m:1:1:11565:11569:1,AG,5m,11608.0,2025-06-17 02:10:00,0.0,1.0,-1.0,CHoCH,1.0,8862.0009765625,206.0,CHoCH,-1.0,8836.0009765625,4.0,22.0,4.0,9.0,2.0,current_internal_low,internal,0.0,6.0,8836.0009765625,8836.0009765625,8836.0009765625,0.1586941560899159,active_bull_internal_ob,internal,1.0,39.0,8806.0009765625,8821.0009765625,8813.5009765625,0.011335296863565422,8829.0009765625,8830.0009765625,8820.0009765625,8822.0009765625,2993.0,398890.0,0.0,0.0,0.0,0.0,0.0,0.0,,8846.0009765625,3.0,above,0.27204712472557013,8847.0009765625,False,,8836.0009765625,6.0,above,0.1586941560899159,8831.0009765625,True,4.0,8894.0009765625,15.0,above,0.8161413741767104,8912.0009765625,False,,8804.0009765625,0.0,below,0.2040353435441776,8777.0009765625,False,,1.0,1.0,4.723368308272613e-05,67.0,UP_CONFIRMED,-0.0008004846950038043,0.0012033832738247829,0.0017496246815524084,0.12603975237635812,4.723368308272613e-05,0.0031646567665426506,-3.1883911179031443e-06,4.427114745686467e-05,0.00016478994830171345,8829.068510776517,-0.08004846950038043,-0.07928416837400531,3.3983362494376026,,157.0,1.0,11542.0,11608.0,2025-06-16 14:35:00,2025-06-17 02:05:00,8860.0009765625,8822.0009765625,67.0,-0.4288938579185442,-0.006401400864455883,156.0,-1.0,11506.0,11541.0,2025-06-16 09:20:00,2025-06-16 14:30:00,8808.0009765625,8824.0009765625,36.0,0.18165302254820048,0.005045917293005569,348921.0,,5207.776119402985,,175373.0,0.0,4871.472222222223,0.0,1.0690353720270935,,1.989593609050424,,10.44776119402985,58.2089552238806,31.343283582089555,True,True,2025-06-16 22:40:00,8828.0009765625,2025-06-17 02:00:00,8829.0009765625,2.0,3.0,2025-06-16 23:25:00,8839.0009765625,2025-06-17 01:50:00,8832.0009765625,3.0,4.0,1.4539213894767498,6.313056303920564,
AG:5m:1:1:11565:11569:1,AG,15m,3868.0,2025-06-17 02:00:00,10.0,1.0,1.0,BOS,1.0,8498.0009765625,278.0,BOS,1.0,8837.0009765625,21.0,12.0,2.0,4.0,0.0,current_internal_high,internal,0.0,16.0,8894.0009765625,8894.0009765625,8894.0009765625,0.8161413741767104,current_internal_low,internal,0.0,8.0,8806.0009765625,8806.0009765625,8806.0009765625,0.18136474981704676,8838.0009765625,8839.0009765625,8829.0009765625,8832.0009765625,3616.0,399791.0,1.0,1.0,1.0,0.0,1.0,0.0,active_bull_internal_ob,8894.0009765625,16.0,above,0.8161413741767104,8837.0009765625,False,,8806.0009765625,8.0,below,0.18136474981704676,8790.0009765625,False,,8912.0009765625,17.0,above,1.020176717720888,9020.0009765625,False,,8777.0009765625,7.0,below,0.510088358860444,8766.0009765625,False,,1.0,1.0,6.93024108060234e-05,69.0,UP_CONFIRMED,0.0007731901394911687,0.002160344406700831,0.002729174975467101,0.305632452274595,6.93024108060234e-05,0.004781866345615615,5.7402360873703984e-05,0.00013616995829579537,0.00048374280663288083,8825.177436389424,0.07731901394911687,-0.07919447026378812,-0.7480984707927745,,57.0,1.0,3800.0,3868.0,2025-06-13 09:45:00,2025-06-17 01:45:00,8875.0009765625,8832.0009765625,69.0,-0.48450698894069166,-0.007021840419430314,56.0,-1.0,3739.0,3799.0,2025-06-11 21:15:00,2025-06-13 09:30:00,8826.0009765625,8817.0009765625,61.0,-0.10197143671182296,-0.0016716628969151305,1162970.0,,16854.63768115942,,1069036.0,0.0,17525.180327868853,0.0,0.9617383311232967,,1.0878679483197946,,5.797101449275362,62.31884057971014,31.88405797101449,True,False,2025-06-16 22:30:00,8828.0009765625,2025-06-16 22:15:00,8811.0009765625,6.0,6.0,2025-06-16 14:30:00,8892.0009765625,2025-06-16 14:45:00,8858.0009765625,4.0,5.0,1.2633055021235988,15.991957376335794,
AG:5m:1:1:11565:11569:1,AG,1h,1151.0,2025-06-17 02:00:00,10.0,1.0,1.0,CHoCH,1.0,8341.0,108.0,CHoCH,1.0,8862.0009765625,20.0,7.0,1.0,1.0,0.0,current_internal_high,internal,0.0,0.0,8894.0009765625,8894.0009765625,8894.0009765625,0.8161413741767104,active_bull_internal_ob,internal,1.0,20.0,8766.0009765625,8794.0009765625,8780.0009765625,0.3173883121798318,8842.0009765625,8847.0009765625,8829.0009765625,8832.0009765625,12378.0,399791.0,0.0,0.0,0.0,0.0,0.0,0.0,,8894.0009765625,0.0,above,0.8161413741767104,8912.0009765625,False,,8777.0009765625,11.0,below,0.510088358860444,8766.0009765625,False,,9020.0009765625,4.0,above,2.244388778985954,8341.0,False,,8168.0,74.0,below,7.4132952183976295,7944.0,False,,0.0,0.0,0.00013735764536655542,-26.0,NONE,0.0038838909092892403,0.004296403189443006,0.0028949321343655914,0.44334466080274193,0.00013735764536655542,0.0035712987795304407,0.0004982769184835867,0.0012164337539517511,0.00280391746724562,8797.831160098332,0.38838909092892404,-0.10179842784611148,-1.208993636112254,,18.0,-1.0,1126.0,1151.0,2025-06-12 22:00:00,2025-06-17 01:00:00,8784.0009765625,8832.0009765625,26.0,0.5464480266802463,0.021017231795394088,17.0,1.0,1043.0,1125.0,2025-06-03 09:00:00,2025-06-12 21:00:00,8457.0009765625,8782.0009765625,83.0,3.842969876682001,0.04630084188773495,1444332.0,,55551.230769230766,,5843996.0,0.0,70409.59036144578,0.0,0.7889725033771676,,0.24714801310610068,,11.538461538461538,69.23076923076923,19.230769230769234,True,False,2025-06-12 22:00:00,8784.0009765625,,,1.0,0.0,2025-06-16 23:00:00,8841.0009765625,2025-06-16 21:00:00,8809.0009765625,4.0,3.0,0.6738036461473011,35.72904256469137,4.0
AG:5m:1:1:11565:11569:1,AG,4h,418.0,2025-06-17 00:00:00,130.0,1.0,1.0,CHoCH,1.0,8375.0,38.0,BOS,1.0,8498.0009765625,28.0,3.0,0.0,1.0,0.0,current_internal_high,internal,0.0,1.0,8912.0009765625,8912.0009765625,8912.0009765625,1.020176717720888,current_internal_low,internal,0.0,0.0,8777.0009765625,8777.0009765625,8777.0009765625,0.510088358860444,8864.0,8871.0009765625,8804.0009765625,8841.0009765625,222747.0,401334.0,0.0,0.0,0.0,0.0,0.0,0.0,,8912.0009765625,1.0,above,1.020176717720888,9020.0009765625,False,,8777.0009765625,0.0,below,0.510088358860444,8766.0009765625,False,,8375.0,80.0,below,5.066888767639587,8544.0009765625,True,38.0,7944.0,33.0,below,9.952401715836285,7535.0,False,,1.0,1.0,0.0011069183415364757,67.0,UP_CONFIRMED,0.023125913157447983,0.02884918313108645,0.014758016170115533,0.3490792319448125,0.0011069183415364757,0.07416352888294386,0.0036362644316081383,0.008188462371220062,0.02207568730185283,8641.166119308295,2.312591315744798,-0.1919168901085122,0.4974111934988703,,7.0,1.0,352.0,418.0,2025-05-21 21:00:00,2025-06-16 21:00:00,8292.0,8841.0009765625,67.0,6.620851140406425,0.09881867373740934,6.0,-1.0,332.0,351.0,2025-05-14 21:00:00,2025-05-21 13:30:00,8096.0,8272.0,20.0,2.1739130434782705,0.10869565217391353,12063021.0,,180045.08955223882,,3730511.0,0.0,186525.55,0.0,0.9652569825004608,,3.2336108913765433,,35.82089552238806,50.74626865671642,13.432835820895523,True,False,,,,,0.0,0.0,2025-06-11 09:00:00,8914.0009765625,2025-06-11 13:30:00,8902.0009765625,4.0,5.0,0.5115575059112515,66.649549690764,
AG:5m:1:1:11565:11569:2,AG,5m,11616.0,2025-06-17 09:20:00,0.0,1.0,-1.0,CHoCH,1.0,8862.0009765625,214.0,CHoCH,-1.0,8836.0009765625,12.0,22.0,4.0,9.0,2.0,current_internal_low,internal,0.0,14.0,8836.0009765625,8836.0009765625,8836.0009765625,0.09062074212768255,active_bull_internal_ob,internal,1.0,47.0,8806.0009765625,8821.0009765625,8813.5009765625,0.07929314936172223,8825.0009765625,8831.0009765625,8820.0009765625,8828.0009765625,3445.0,396948.0,0.0,0.0,0.0,0.0,0.0,0.0,,8846.0009765625,11.0,above,0.20389666978728574,8847.0009765625,False,,8836.0009765625,14.0,above,0.09062074212768255,8831.0009765625,True,12.0,8894.0009765625,23.0,above,0.7476211225533811,8912.0009765625,False,,8804.0009765625,8.0,below,0.27186222638304763,8777.0009765625,False,,1.0,1.0,4.012909093405052e-05,75.0,UP_CONFIRMED,3.357993170357809e-05,0.0010101698653667516,0.0017617404252658329,0.2896756639033864,4.012909093405052e-05,0.003009681820053789,-7.3246763247381e-05,-0.00017264509956826934,-9.107745851311133e-05,8827.704542846852,0.003357993170357809,0.03399433051585188,0.6440973996080881,,157.0,1.0,11542.0,11616.0,2025-06-16 14:35:00,2025-06-17 09:15:00,8860.0009765625,8828.0009765625,75.0,-0.36117377508930737,-0.004815650334524098,156.0,-1.0,11506.0,11541.0,2025-06-16 09:20:00,2025-06-16 14:30:00,8808.0009765625,8824.0009765625,36.0,0.18165302254820048,0.005045917293005569,378183.0,,5042.44,,175373.0,0.0,4871.472222222223,0.0,1.0350957102860758,,2.1564493964293248,,9.333333333333334,57.333333333333336,33.33333333333333,True,True,2025-06-17 09:15:00,8828.0009765625,2025-06-17 09:10:00,8825.0009765625,4.0,4.0,2025-06-17 09:15:00,8828.0009765625,2025-06-17 09:10:00,8825.0009765625,5.0,5.0,1.7440041379834832,8.290928063712867,
AG:5m:1:1:11565:11569:2,AG,15m,3871.0,2025-06-17 09:15:00,5.0,1.0,1.0,BOS,1.0,8498.0009765625,281.0,BOS,1.0,8837.0009765625,24.0,12.0,2.0,4.0,0.0,current_internal_high,internal,0.0,1.0,8847.0009765625,8847.0009765625,8847.0009765625,0.21522426255324603,active_bull_internal_ob,internal,1.0,24.0,8790.0009765625,8822.0009765625,8806.0009765625,0.06796555659576191,8812.0009765625,8834.0009765625,8812.0009765625,8825.0009765625,17157.0,396845.0,0.0,0.0,0.0,0.0,0.0,0.0,,8847.0009765625,1.0,above,0.21522426255324603,8894.0009765625,False,,8806.0009765625,11.0,below,0.249207040851127,8790.0009765625,False,,8912.0009765625,20.0,above,0.9515177923406667,9020.0009765625,False,,8777.0009765625,10.0,below,0.5777072310639763,8766.0009765625,False,,1.0,1.0,6.607413322752399e-05,72.0,UP_CONFIRMED,4.4170802679237505e-06,0.002043424694021957,0.0027315518357041487,0.22769330850457137,6.607413322752399e-05,0.004757337592381727,-7.438727997355343e-06,5.0997846777756095e-05,0.00010477588768642576,8824.961995997002,0.00044170802679237503,0.0907337996362445,0.7382219805734876,,57.0,1.0,3800.0,3871.0,2025-06-13 09:45:00,2025-06-17 09:00:00,8875.0009765625,8825.0009765625,72.0,-0.5633802196984838,-0.007824725273590053,56.0,-1.0,3739.0,3799.0,2025-06-11 21:15:00,2025-06-13 09:30:00,8826.0009765625,8817.0009765625,61.0,-0.10197143671182296,-0.0016716628969151305,1193301.0,,16573.625,,1069036.0,0.0,17525.180327868853,0.0,0.9457035357088068,,1.1162402388694113,,5.555555555555555,59.72222222222222,34.72222222222222,True,True,2025-06-17 09:00:00,8825.0009765625,2025-06-17 02:00:00,8816.0009765625,7.0,7.0,2025-06-16 14:30:00,8892.0009765625,2025-06-16 14:45:00,8858.0009765625,4.0,5.0,1.3367518968011443,16.218414852700345,
AG:5m:1:1:11565:11569:2,AG,1h,1152.0,2025-06-17 02:30:00,410.0,1.0,1.0,CHoCH,1.0,8341.0,109.0,CHoCH,1.0,8862.0009765625,21.0,7.0,1.0,1.0,0.0,current_internal_high,internal,0.0,1.0,8894.0009765625,8894.0009765625,8894.0009765625,0.7476211225533811,active_bull_internal_ob,internal,1.0,21.0,8766.0009765625,8794.0009765625,8780.0009765625,0.38513815404265084,8832.0009765625,8833.0009765625,8813.0009765625,8817.0009765625,13174.0,396958.0,0.0,0.0,0.0,0.0,0.0,0.0,,8894.0009765625,1.0,above,0.7476211225533811,8912.0009765625,False,,8777.0009765625,12.0,below,0.5777072310639763,8766.0009765625,False,,9020.0009765625,5.0,above,2.174897811064381,8341.0,False,,8168.0,75.0,below,7.476222287636121,7944.0,False,,0.0,0.0,0.00013299141425347926,-27.0,NONE,0.0021594832345563472,0.004217258005928686,0.0028693381195666486,0.23663766227509908,0.00013299141425347926,0.00359076818484394,0.0002709127534423761,0.0011419549119062733,0.0022400358232135265,8798.001839093382,0.21594832345563472,-0.1698369377427067,-1.0750855421832202,,18.0,-1.0,1126.0,1152.0,2025-06-12 22:00:00,2025-06-17 02:00:00,8784.0009765625,8817.0009765625,27.0,0.37568301834267626,0.013914185864543564,17.0,1.0,1043.0,1125.0,2025-06-03 09:00:00,2025-06-12 21:00:00,8457.0009765625,8782.0009765625,83.0,3.842969876682001,0.04630084188773495,1457506.0,,53981.7037037037,,5843996.0,0.0,70409.59036144578,0.0,0.7666811215146977,,0.24940229254092577,,11.11111111111111,70.37037037037037,18.51851851851852,True,False,2025-06-12 22:00:00,8784.0009765625,,,1.0,0.0,2025-06-16 23:00:00,8841.0009765625,2025-06-17 02:00:00,8817.0009765625,4.0,4.0,0.6803800278600193,34.605539524356274,2.0
AG:5m:1:1:11565:11569:2,AG,4h,419.0,2025-06-17 02:30:00,410.0,1.0,1.0,CHoCH,1.0,8375.0,39.0,BOS,1.0,8498.0009765625,29.0,3.0,0.0,1.0,0.0,current_internal_high,internal,0.0,2.0,8912.0009765625,8912.0009765625,8912.0009765625,0.9515177923406667,current_internal_low,internal,0.0,1.0,8777.0009765625,8777.0009765625,8777.0009765625,0.5777072310639763,8841.0009765625,8847.0009765625,8813.0009765625,8817.0009765625,40313.0,396958.0,0.0,0.0,0.0,0.0,0.0,0.0,,8912.0009765625,2.0,above,0.9515177923406667,9020.0009765625,False,,8777.0009765625,1.0,below,0.5777072310639763,8766.0009765625,False,,8375.0,81.0,below,5.131410585082334,8544.0009765625,True,39.0,7944.0,34.0,below,10.013603067211232,7535.0,False,,1.0,1.0,0.0010932879987655653,68.0,UP_CONFIRMED,0.020177504531208732,0.028721658445794135,0.014686242022342868,0.2803576213961184,0.0010932879987655653,0.07434358391605844,0.0028576970097500265,0.007799776967986061,0.020926836827577455,8642.614581679178,2.017750453120873,-0.271462474256301,-1.19014334595535,,7.0,1.0,352.0,419.0,2025-05-21 21:00:00,2025-06-17 00:00:00,8292.0,8817.0009765625,68.0,6.331415539827545,0.09310905205628743,6.0,-1.0,332.0,351.0,2025-05-14 21:00:00,2025-05-21 13:30:00,8096.0,8272.0,20.0,2.1739130434782705,0.10869565217391353,12103334.0,,177990.20588235295,,3730511.0,0.0,186525.55,0.0,0.9542403487476807,,3.244417185742114,,35.294117647058826,50.0,14.705882352941178,True,False,,,,,0.0,0.0,2025-06-11 09:00:00,8914.0009765625,2025-06-11 13:30:00,8902.0009765625,4.0,5.0,0.5113298749812775,64.31743899856657,
AG:5m:1:1:11565:11569:3,AG,5m,11622.0,2025-06-17 09:50:00,0.0,1.0,-1.0,CHoCH,1.0,8862.0009765625,220.0,CHoCH,-1.0,8836.0009765625,18.0,22.0,4.0,9.0,2.0,current_internal_high,internal,0.0,3.0,8834.0009765625,8834.0009765625,8834.0009765625,0.09064127707717287,active_bull_internal_ob,internal,1.0,53.0,8806.0009765625,8821.0009765625,8813.5009765625,0.05665079817323305,8832.0009765625,8833.0009765625,8821.0009765625,8826.0009765625,2618.0,397385.0,0.0,0.0,0.0,0.0,0.0,0.0,,8834.0009765625,3.0,above,0.09064127707717287,8846.0009765625,False,,8820.0009765625,1.0,below,0.06798095780787966,8812.0009765625,False,,8894.0009765625,29.0,above,0.7704508551559696,8912.0009765625,False,,8804.0009765625,14.0,below,0.24926351196222543,8777.0009765625,False,,1.0,1.0,3.725359686870239e-05,81.0,UP_CONFIRMED,-0.00020081390026216973,0.0009459796037783779,0.0017114596454231126,0.251407377457776,3.725359686870239e-05,0.0030175413463648937,9.658734241746458e-06,-3.4137353345786714e-05,-0.00014067941942708106,8827.773716233089,-0.020081390026216974,-0.06793477509708934,0.05411586224728409,,157.0,1.0,11542.0,11622.0,2025-06-16 14:35:00,2025-06-17 09:45:00,8860.0009765625,8826.0009765625,81.0,-0.3837471360323863,-0.004737618963362794,156.0,-1.0,11506.0,11541.0,2025-06-16 09:20:00,2025-06-16 14:30:00,8808.0009765625,8824.0009765625,36.0,0.18165302254820048,0.005045917293005569,390202.0,,4817.308641975309,,175373.0,0.0,4871.472222222223,0.0,0.9888814761172535,,2.2249833212638204,,8.641975308641975,60.49382716049383,30.864197530864196,True,True,2025-06-17 09:15:00,8828.0009765625,2025-06-17 09:45:00,8826.0009765625,4.0,5.0,2025-06-17 09:15:00,8828.0009765625,2025-06-17 09:10:00,8825.0009765625,5.0,5.0,1.8091929663042394,8.419494002855137,
AG:5m:1:1:11565:11569:3,AG,15m,3873.0,2025-06-17 09:45:00,5.0,1.0,1.0,BOS,1.0,8498.0009765625,283.0,BOS,1.0,8837.0009765625,26.0,12.0,2.0,4.0,0.0,current_internal_high,internal,0.0,3.0,8847.0009765625,8847.0009765625,8847.0009765625,0.2379333523275788,active_bull_internal_ob,internal,1.0,26.0,8790.0009765625,8822.0009765625,8806.0009765625,0.045320638538586436,8829.0009765625,8836.0009765625,8824.0009765625,8832.0009765625,5140.0,397065.0,0.0,0.0,0.0,0.0,0.0,0.0,,8847.0009765625,3.0,above,0.2379333523275788,8894.0009765625,False,,8806.0009765625,13.0,below,0.2266031926929322,8790.0009765625,False,,8912.0009765625,22.0,above,0.9743937285796084,9020.0009765625,False,,8777.0009765625,12.0,below,0.5551778220976838,8766.0009765625,False,,1.0,1.0,6.444968471978032e-05,74.0,UP_CONFIRMED,0.0007857297452077443,0.002004950625505041,0.0027043944145946322,0.32605620588052175,6.444968471978032e-05,0.0047692766692637445,-1.2529760710866533e-05,4.4871880924945984e-05,0.00016020204721978182,8825.066859027915,0.07857297452077444,0.03397892930314672,-0.48556242012837086,,57.0,1.0,3800.0,3873.0,2025-06-13 09:45:00,2025-06-17 09:30:00,8875.0009765625,8832.0009765625,74.0,-0.48450698894069166,-0.0065473917424417796,56.0,-1.0,3739.0,3799.0,2025-06-11 21:15:00,2025-06-13 09:30:00,8826.0009765625,8817.0009765625,61.0,-0.10197143671182296,-0.0016716628969151305,1206147.0,,16299.283783783783,,1069036.0,0.0,17525.180327868853,0.0,0.9300494191129305,,1.128256672366506,,5.405405405405405,58.108108108108105,36.486486486486484,True,True,2025-06-17 09:00:00,8825.0009765625,2025-06-17 02:00:00,8816.0009765625,7.0,7.0,2025-06-16 14:30:00,8892.0009765625,2025-06-16 14:45:00,8858.0009765625,4.0,5.0,1.3488583609950011,15.570980153603871,
AG:5m:1:1:11565:11569:3,AG,1h,1152.0,2025-06-17 02:30:00,440.0,1.0,1.0,CHoCH,1.0,8341.0,109.0,CHoCH,1.0,8862.0009765625,21.0,7.0,1.0,1.0,0.0,current_internal_high,internal,0.0,1.0,8894.0009765625,8894.0009765625,8894.0009765625,0.7704508551559696,active_bull_internal_ob,internal,1.0,21.0,8766.0009765625,8794.0009765625,8780.0009765625,0.3625651083086915,8832.0009765625,8833.0009765625,8813.0009765625,8817.0009765625,13174.0,396958.0,0.0,0.0,0.0,0.0,0.0,0.0,,8894.0009765625,1.0,above,0.7704508551559696,8912.0009765625,False,,8777.0009765625,12.0,below,0.5551778220976838,8766.0009765625,False,,9020.0009765625,5.0,above,2.1980509691214425,8341.0,False,,8168.0,75.0,below,7.455256104206488,7944.0,False,,0.0,0.0,0.00013299141425347926,-27.0,NONE,0.0021594832345563472,0.004217258005928686,0.0028693381195666486,0.23663766227509908,0.00013299141425347926,0.00359076818484394,0.0002709127534423761,0.0011419549119062733,0.0022400358232135265,8798.001839093382,0.21594832345563472,-0.1698369377427067,-1.0750855421832202,,18.0,-1.0,1126.0,1152.0,2025-06-12 22:00:00,2025-06-17 02:00:00,8784.0009765625,8817.0009765625,27.0,0.37568301834267626,0.013914185864543564,17.0,1.0,1043.0,1125.0,2025-06-03 09:00:00,2025-06-12 21:00:00,8457.0009765625,8782.0009765625,83.0,3.842969876682001,0.04630084188773495,1457506.0,,53981.7037037037,,5843996.0,0.0,70409.59036144578,0.0,0.7666811215146977,,0.24940229254092577,,11.11111111111111,70.37037037037037,18.51851851851852,True,False,2025-06-12 22:00:00,8784.0009765625,,,1.0,0.0,2025-06-16 23:00:00,8841.0009765625,2025-06-17 02:00:00,8817.0009765625,4.0,4.0,0.6803800278600193,34.605539524356274,2.0
AG:5m:1:1:11565:11569:3,AG,4h,419.0,2025-06-17 02:30:00,440.0,1.0,1.0,CHoCH,1.0,8375.0,39.0,BOS,1.0,8498.0009765625,29.0,3.0,0.0,1.0,0.0,current_internal_high,internal,0.0,2.0,8912.0009765625,8912.0009765625,8912.0009765625,0.9743937285796084,current_internal_low,internal,0.0,1.0,8777.0009765625,8777.0009765625,8777.0009765625,0.5551778220976838,8841.0009765625,8847.0009765625,8813.0009765625,8817.0009765625,40313.0,396958.0,0.0,0.0,0.0,0.0,0.0,0.0,,8912.0009765625,2.0,above,0.9743937285796084,9020.0009765625,False,,8777.0009765625,1.0,below,0.5551778220976838,8766.0009765625,False,,8375.0,81.0,below,5.109913059834639,8544.0009765625,True,39.0,7944.0,34.0,below,9.993211862367328,7535.0,False,,1.0,1.0,0.0010932879987655653,68.0,UP_CONFIRMED,0.020177504531208732,0.028721658445794135,0.014686242022342868,0.2803576213961184,0.0010932879987655653,0.07434358391605844,0.0028576970097500265,0.007799776967986061,0.020926836827577455,8642.614581679178,2.017750453120873,-0.271462474256301,-1.19014334595535,,7.0,1.0,352.0,419.0,2025-05-21 21:00:00,2025-06-17 00:00:00,8292.0,8817.0009765625,68.0,6.331415539827545,0.09310905205628743,6.0,-1.0,332.0,351.0,2025-05-14 21:00:00,2025-05-21 13:30:00,8096.0,8272.0,20.0,2.1739130434782705,0.10869565217391353,12103334.0,,177990.20588235295,,3730511.0,0.0,186525.55,0.0,0.9542403487476807,,3.244417185742114,,35.294117647058826,50.0,14.705882352941178,True,False,,,,,0.0,0.0,2025-06-11 09:00:00,8914.0009765625,2025-06-11 13:30:00,8902.0009765625,4.0,5.0,0.5113298749812775,64.31743899856657,
AG:5m:1:1:11565:11569:4,AG,5m,11637.0,2025-06-17 11:20:00,0.0,1.0,-1.0,CHoCH,1.0,8862.0009765625,235.0,CHoCH,-1.0,8820.0009765625,0.0,23.0,4.0,9.0,2.0,current_internal_low,internal,0.0,16.0,8820.0009765625,8820.0009765625,8820.0009765625,0.022680877506317254,active_bull_internal_ob,internal,1.0,96.0,8790.0009765625,8804.0009765625,8797.0009765625,0.15876614254422078,8827.0009765625,8829.0009765625,8817.0009765625,8818.0009765625,6032.0,396218.0,2.0,2.0,2.0,0.0,2.0,0.0,active_bull_internal_ob,8853.0009765625,2.0,above,0.396915356360552,8834.0009765625,False,,8820.0009765625,16.0,above,0.022680877506317254,8812.0009765625,True,0.0,8894.0009765625,44.0,above,0.8618733452400558,8912.0009765625,False,,8804.0009765625,29.0,below,0.15876614254422078,8777.0009765625,False,,1.0,1.0,5.686784152182193e-05,96.0,UP_CONFIRMED,-0.0035328696032893535,0.0007193308604667528,0.0017708340905155612,0.008169772534982245,5.686784152182193e-05,0.005459312786094905,-0.0003384971300163242,0.0023110131938155476,0.002444107707959331,8849.264273325205,-0.35328696032893536,-0.1019598844941405,1.6011973769657581,,157.0,1.0,11542.0,11637.0,2025-06-16 14:35:00,2025-06-17 11:15:00,8860.0009765625,8818.0009765625,96.0,-0.47404057980471315,-0.004937922706299096,156.0,-1.0,11506.0,11541.0,2025-06-16 09:20:00,2025-06-16 14:30:00,8808.0009765625,8824.0009765625,36.0,0.18165302254820048,0.005045917293005569,443964.0,,4624.625,,175373.0,0.0,4871.472222222223,0.0,0.9493280037405986,,2.531541343308263,,14.583333333333334,58.333333333333336,27.083333333333332,True,True,2025-06-17 09:50:00,8830.0009765625,2025-06-17 10:40:00,8850.0009765625,5.0,6.0,2025-06-17 11:05:00,8837.0009765625,2025-06-17 11:10:00,8827.0009765625,6.0,7.0,2.461779673079115,9.139088645387629,
AG:5m:1:1:11565:11569:4,AG,15m,3878.0,2025-06-17 11:15:00,5.0,1.0,1.0,BOS,1.0,8498.0009765625,288.0,BOS,1.0,8847.0009765625,2.0,13.0,2.0,4.0,0.0,current_internal_high,internal,0.0,8.0,8847.0009765625,8847.0009765625,8847.0009765625,0.3288727238416002,current_internal_low,internal,0.0,2.0,8812.0009765625,8812.0009765625,8812.0009765625,0.06804263251895178,8839.0009765625,8843.0009765625,8823.0009765625,8827.0009765625,11301.0,397041.0,2.0,2.0,2.0,0.0,2.0,0.0,active_bull_internal_ob,8847.0009765625,8.0,above,0.3288727238416002,8894.0009765625,True,2.0,8812.0009765625,2.0,below,0.06804263251895178,8806.0009765625,False,,8912.0009765625,27.0,above,1.066001242796911,9020.0009765625,False,,8777.0009765625,17.0,below,0.46495798887950374,8766.0009765625,False,,1.0,1.0,6.26867312181257e-05,79.0,UP_CONFIRMED,3.7048472545324277e-05,0.0019642591285571535,0.002635045954517454,0.23227461125494098,6.26867312181257e-05,0.00495225176623193,0.00018210658030337612,0.00016957453784050003,0.0003057675870941079,8826.67396177456,0.0037048472545324275,-0.14705880728369536,1.2104100183242572,,57.0,1.0,3800.0,3878.0,2025-06-13 09:45:00,2025-06-17 11:00:00,8875.0009765625,8827.0009765625,79.0,-0.54084501091054,-0.006846139378614431,56.0,-1.0,3739.0,3799.0,2025-06-11 21:15:00,2025-06-13 09:30:00,8826.0009765625,8817.0009765625,61.0,-0.10197143671182296,-0.0016716628969151305,1256495.0,,15905.0,,1069036.0,0.0,17525.180327868853,0.0,0.907551289198867,,1.175353308962467,,5.063291139240507,59.49367088607595,35.44303797468354,True,True,2025-06-17 09:00:00,8825.0009765625,2025-06-17 02:00:00,8816.0009765625,7.0,7.0,2025-06-17 10:00:00,8845.0009765625,2025-06-17 10:45:00,8840.0009765625,5.0,6.0,1.3414960970312644,16.13446765888477,
AG:5m:1:1:11565:11569:4,AG,1h,1154.0,2025-06-17 11:00:00,20.0,1.0,1.0,CHoCH,1.0,8341.0,111.0,CHoCH,1.0,8862.0009765625,23.0,7.0,1.0,1.0,0.0,current_internal_high,internal,0.0,3.0,8894.0009765625,8894.0009765625,8894.0009765625,0.8618733452400558,current_internal_low,internal,0.0,1.0,8806.0009765625,8806.0009765625,8806.0009765625,0.13608526503790355,8827.0009765625,8853.0009765625,8824.0009765625,8840.0009765625,32629.0,398971.0,0.0,0.0,0.0,0.0,0.0,0.0,,8894.0009765625,3.0,above,0.8618733452400558,8912.0009765625,False,,8806.0009765625,1.0,below,0.13608526503790355,8777.0009765625,False,,9020.0009765625,7.0,above,2.290768628138043,8341.0,False,,8168.0,77.0,below,7.3712962642003275,7944.0,False,,0.0,0.0,0.00012902816283463886,-29.0,NONE,0.004622509372259119,0.004201168310402258,0.0027743317408694423,0.5603557339835956,0.00012902816283463886,0.0037418167222045273,0.00023641651294470378,0.001175138961183153,0.002016167213101605,8799.326009613498,0.4622509372259119,0.13593111319152307,-0.478121840109903,,18.0,-1.0,1126.0,1154.0,2025-06-12 22:00:00,2025-06-17 10:00:00,8784.0009765625,8840.0009765625,29.0,0.6375226977936244,0.021983541303228427,17.0,1.0,1043.0,1125.0,2025-06-03 09:00:00,2025-06-12 21:00:00,8457.0009765625,8782.0009765625,83.0,3.842969876682001,0.04630084188773495,1526556.0,,52639.862068965514,,5843996.0,0.0,70409.59036144578,0.0,0.7476234671830949,,0.2612178379314428,,10.344827586206897,72.41379310344827,17.24137931034483,True,False,2025-06-12 22:00:00,8784.0009765625,,,1.0,0.0,2025-06-17 10:00:00,8840.0009765625,2025-06-17 02:00:00,8817.0009765625,5.0,4.0,0.6603714814281751,33.50171520212353,3.0
AG:5m:1:1:11565:11569:4,AG,4h,419.0,2025-06-17 02:30:00,530.0,1.0,1.0,CHoCH,1.0,8375.0,39.0,BOS,1.0,8498.0009765625,29.0,3.0,0.0,1.0,0.0,current_internal_high,internal,0.0,2.0,8912.0009765625,8912.0009765625,8912.0009765625,1.066001242796911,current_internal_low,internal,0.0,1.0,8777.0009765625,8777.0009765625,8777.0009765625,0.46495798887950374,8841.0009765625,8847.0009765625,8813.0009765625,8817.0009765625,40313.0,396958.0,0.0,0.0,0.0,0.0,0.0,0.0,,8912.0009765625,2.0,above,1.066001242796911,9020.0009765625,False,,8777.0009765625,1.0,below,0.46495798887950374,8766.0009765625,False,,8375.0,81.0,below,5.023825442296492,8544.0009765625,True,39.0,7944.0,34.0,below,9.91155454490786,7535.0,False,,1.0,1.0,0.0010932879987655653,68.0,UP_CONFIRMED,0.020177504531208732,0.028721658445794135,0.014686242022342868,0.2803576213961184,0.0010932879987655653,0.07434358391605844,0.0028576970097500265,0.007799776967986061,0.020926836827577455,8642.614581679178,2.017750453120873,-0.271462474256301,-1.19014334595535,,7.0,1.0,352.0,419.0,2025-05-21 21:00:00,2025-06-17 00:00:00,8292.0,8817.0009765625,68.0,6.331415539827545,0.09310905205628743,6.0,-1.0,332.0,351.0,2025-05-14 21:00:00,2025-05-21 13:30:00,8096.0,8272.0,20.0,2.1739130434782705,0.10869565217391353,12103334.0,,177990.20588235295,,3730511.0,0.0,186525.55,0.0,0.9542403487476807,,3.244417185742114,,35.294117647058826,50.0,14.705882352941178,True,False,,,,,0.0,0.0,2025-06-11 09:00:00,8914.0009765625,2025-06-11 13:30:00,8902.0009765625,4.0,5.0,0.5113298749812775,64.31743899856657,
AG:5m:1:1:11565:11569:5,AG,5m,11872.0,2025-06-19 14:25:00,0.0,-1.0,-1.0,CHoCH,-1.0,8901.0009765625,26.0,BOS,-1.0,8885.0009765625,4.0,23.0,3.0,10.0,1.0,current_internal_low,internal,0.0,20.0,8885.0009765625,8885.0009765625,8885.0009765625,0.7141237024046216,active_bull_internal_ob,internal,1.0,228.0,8810.0009765625,8821.0009765625,8815.5009765625,0.011335296863565422,8830.0009765625,8835.0009765625,8815.0009765625,8822.0009765625,19903.0,393122.0,0.0,0.0,0.0,0.0,0.0,0.0,,8924.0009765625,8.0,above,1.156200280083673,8969.0009765625,False,,8885.0009765625,20.0,above,0.7141237024046216,8942.0009765625,True,4.0,9075.0009765625,63.0,above,2.867830106482052,8894.0009765625,False,,8901.0009765625,37.0,above,0.8954884522216685,8804.0009765625,True,26.0,-1.0,-1.0,-0.0001746502938726296,-90.0,DOWN_CONFIRMED,-0.007986175823406534,-0.004337448305873903,0.0016435379535925828,0.013207870975630809,-0.0001746502938726296,-0.015718526448536663,-0.00396348730919005,-0.0046984664956434274,-0.005159248048090426,8893.022215577563,-0.7986175823406534,-0.09060021648055194,1.7860360102147468,,160.0,-1.0,11783.0,11872.0,2025-06-18 22:10:00,2025-06-19 14:20:00,8964.0009765625,8822.0009765625,90.0,-1.5841140621389527,-0.017601267357099475,159.0,1.0,11640.0,11782.0,2025-06-17 13:30:00,2025-06-18 22:05:00,8848.0009765625,8988.0009765625,143.0,1.582278306375029,0.01106488326136384,509274.0,,5658.6,,994541.0,0.0,6954.832167832168,0.0,0.8136213589987743,,0.5120693867824454,,25.555555555555554,42.22222222222222,32.22222222222222,True,True,,,,,0.0,0.0,2025-06-19 11:00:00,8913.0009765625,2025-06-19 13:45:00,8911.0009765625,4.0,4.0,0.3789181651725633,14.512751629411756,
AG:5m:1:1:11565:11569:5,AG,15m,3956.0,2025-06-19 14:15:00,10.0,1.0,-1.0,BOS,1.0,8912.0009765625,70.0,BOS,-1.0,8885.0009765625,0.0,12.0,3.0,5.0,0.0,current_internal_low,internal,0.0,2.0,8885.0009765625,8885.0009765625,8885.0009765625,0.7141237024046216,active_bull_swing_ob,swing,1.0,70.0,8777.0009765625,8808.0009765625,8792.5009765625,0.1586941560899159,8895.0009765625,8895.0009765625,8841.0009765625,8855.0009765625,53892.0,394058.0,1.0,1.0,1.0,0.0,1.0,0.0,active_bull_internal_ob,8957.0009765625,15.0,above,1.530265076581332,8956.0009765625,True,13.0,8885.0009765625,2.0,above,0.7141237024046216,8932.0009765625,True,0.0,8912.0009765625,105.0,above,1.020176717720888,9020.0009765625,True,70.0,8777.0009765625,95.0,below,0.510088358860444,8766.0009765625,False,,0.0,0.0,-0.00035104156897438867,-9.0,NONE,-0.013302314851386679,-0.010110524735108239,0.0015401007436675119,0.019111495314007243,-0.00035104156897438867,-0.003159374120769498,-0.0023677715090464346,,,8974.381018466449,-1.3302314851386678,-0.44969078817862496,3.3322653843198777,,58.0,-1.0,3948.0,3956.0,2025-06-19 09:45:00,2025-06-19 14:00:00,8895.0009765625,8855.0009765625,9.0,-0.44969078817862496,-0.04996564313095833,57.0,1.0,3800.0,3947.0,2025-06-13 09:45:00,2025-06-19 09:30:00,8875.0009765625,8907.0009765625,148.0,0.3605633406070341,0.0024362387878853657,154401.0,,17155.666666666668,,2585183.0,0.0,17467.452702702703,0.0,0.9821504576916477,,0.059725365670438034,,0.0,0.0,100.0,True,True,,,,,0.0,0.0,,,,,0.0,0.0,0.15232648987243927,20.402808202534246,
AG:5m:1:1:11565:11569:5,AG,1h,1178.0,2025-06-19 14:00:00,25.0,1.0,1.0,BOS,1.0,9020.0009765625,12.0,BOS,1.0,8894.0009765625,20.0,8.0,0.0,2.0,0.0,current_swing_high,swing,0.0,31.0,9020.0009765625,9020.0009765625,9020.0009765625,2.244388778985954,current_internal_low,internal,0.0,25.0,8806.0009765625,8806.0009765625,8806.0009765625,0.18136474981704676,8915.0009765625,8922.0009765625,8888.0009765625,8895.0009765625,29430.0,398463.0,1.0,1.0,1.0,0.0,1.0,0.0,active_bull_internal_ob,9075.0009765625,5.0,above,2.867830106482052,8894.0009765625,False,,8806.0009765625,25.0,below,0.18136474981704676,8777.0009765625,False,,9020.0009765625,31.0,above,2.244388778985954,8341.0,True,12.0,8766.0009765625,2.0,below,0.6347766243596636,8168.0,False,,0.0,0.0,0.0012267742952560305,21.0,NONE,-0.01686938363536143,0.0019444461264681208,0.015512610875127468,0.11260148009114773,0.0012267742952560305,0.02576226020037664,-0.0012557920087508112,-0.0029164031792734413,0.02576226020037664,9047.628899457837,-1.6869383635361428,-0.24671972177444657,-0.573946963763531,,19.0,1.0,1158.0,1178.0,2025-06-17 21:00:00,2025-06-19 13:30:00,8978.0009765625,8895.0009765625,21.0,-0.924481966717039,-0.044022950796049475,18.0,-1.0,1126.0,1157.0,2025-06-12 22:00:00,2025-06-17 14:00:00,8784.0009765625,8864.0009765625,32.0,0.9107467111337586,0.028460834722929956,1315587.0,,62647.0,,1651467.0,0.0,51608.34375,0.0,1.213892860105591,,0.796617189444294,,52.38095238095239,4.761904761904762,42.857142857142854,True,True,,,2025-06-18 14:00:00,9045.0009765625,0.0,1.0,,,2025-06-18 21:00:00,8998.0009765625,0.0,1.0,7.977907263136404,36.24152765761271,2.0
AG:5m:1:1:11565:11569:5,AG,4h,428.0,2025-06-19 11:30:00,175.0,1.0,1.0,CHoCH,1.0,8375.0,48.0,BOS,1.0,8912.0009765625,6.0,4.0,0.0,1.0,0.0,current_internal_high,internal,0.0,11.0,8912.0009765625,8912.0009765625,8912.0009765625,1.020176717720888,current_internal_low,internal,0.0,10.0,8777.0009765625,8777.0009765625,8777.0009765625,0.510088358860444,8932.0009765625,8934.0009765625,8885.0009765625,8917.0009765625,131048.0,398965.0,1.0,1.0,1.0,0.0,1.0,0.0,active_bull_internal_ob,8912.0009765625,11.0,above,1.020176717720888,9020.0009765625,True,6.0,8777.0009765625,10.0,below,0.510088358860444,8766.0009765625,False,,8375.0,90.0,below,5.066888767639587,8544.0009765625,True,48.0,7944.0,43.0,below,9.952401715836285,7535.0,False,,1.0,1.0,0.0016379978876731147,77.0,UP_CONFIRMED,-0.01569443646104469,0.026834497694786724,0.016581735893741446,0.005161676735187193,0.0016379978876731147,0.12612583735082983,0.04367102614278284,0.04837467207802448,0.05695924863127577,9059.179696701569,-1.5694436461044692,-0.35758181369974773,-0.27773812175155443,,7.0,1.0,352.0,428.0,2025-05-21 21:00:00,2025-06-19 09:00:00,8292.0,8917.0009765625,77.0,7.5373972089061825,0.09788827544034004,6.0,-1.0,332.0,351.0,2025-05-14 21:00:00,2025-05-21 13:30:00,8096.0,8272.0,20.0,2.1739130434782705,0.10869565217391353,13583452.0,,176408.46753246753,,3730511.0,0.0,186525.55,0.0,0.9457603397093188,,3.6411773078808776,,35.064935064935064,49.35064935064935,15.584415584415584,True,True,,,2025-06-18 13:30:00,9045.0009765625,0.0,1.0,2025-06-19 00:00:00,8949.0009765625,2025-06-19 09:00:00,8917.0009765625,6.0,7.0,0.6179260771839551,66.5703623645725,
AG:5m:1:1:11570:11576:1,AG,5m,11581.0,2025-06-16 23:55:00,0.0,1.0,1.0,CHoCH,1.0,8862.0009765625,179.0,BOS,1.0,8838.0009765625,5.0,23.0,3.0,9.0,2.0,active_bear_internal_ob,internal,-1.0,381.0,8907.0009765625,8918.0009765625,8912.5009765625,0.7465218042048185,current_internal_high,internal,0.0,7.0,8838.0009765625,8838.0009765625,8838.0009765625,0.03393280928203721,8841.0009765625,8842.0009765625,8835.0009765625,8841.0009765625,1835.0,401180.0,0.0,0.0,0.0,0.0,0.0,0.0,,8838.0009765625,7.0,below,0.03393280928203721,8832.0009765625,True,5.0,8826.0009765625,5.0,below,0.16966404641018604,8806.0009765625,False,,8912.0009765625,126.0,above,0.8030764863415472,8862.0009765625,False,,8777.0009765625,98.0,below,0.7238999313501271,8766.0009765625,False,,0.0,0.0,7.330102658972826e-05,40.0,NONE,0.0015837468186480285,0.0013243944636794254,0.0022096482299900438,0.546717637345002,7.330102658972826e-05,0.0029320410635891303,9.657241933247462e-05,0.0001608147760023826,0.00013865592940986993,8827.021209803335,0.15837468186480286,-0.011309657199209955,-1.1279486833300711,,157.0,1.0,11542.0,11581.0,2025-06-16 14:35:00,2025-06-16 23:50:00,8860.0009765625,8841.0009765625,40.0,-0.21444692895927764,-0.005361173223981941,156.0,-1.0,11506.0,11541.0,2025-06-16 09:20:00,2025-06-16 14:30:00,8808.0009765625,8824.0009765625,36.0,0.18165302254820048,0.005045917293005569,315281.0,,7882.025,,175373.0,0.0,4871.472222222223,0.0,1.6179964988909352,,1.7977738876565947,,5.0,45.0,50.0,False,False,2025-06-16 22:40:00,8828.0009765625,2025-06-16 22:15:00,8823.0009765625,2.0,2.0,2025-06-16 23:25:00,8839.0009765625,2025-06-16 23:15:00,8829.0009765625,3.0,3.0,1.6684215243932772,9.927556481505555,
AG:5m:1:1:11570:11576:1,AG,15m,3859.0,2025-06-16 23:45:00,10.0,1.0,1.0,BOS,1.0,8498.0009765625,269.0,BOS,1.0,8837.0009765625,12.0,12.0,2.0,4.0,0.0,current_internal_high,internal,0.0,7.0,8894.0009765625,8894.0009765625,8894.0009765625,0.599479630649324,active_bull_internal_ob,internal,1.0,12.0,8790.0009765625,8822.0009765625,8806.0009765625,0.21490779211956898,8838.0009765625,8845.0009765625,8831.0009765625,8843.0009765625,7533.0,400400.0,0.0,0.0,0.0,0.0,0.0,0.0,,8894.0009765625,7.0,above,0.599479630649324,8837.0009765625,False,,8790.0009765625,11.0,below,0.5768577577946324,8798.0009765625,False,,8912.0009765625,8.0,above,0.8030764863415472,9020.0009765625,False,,8766.0009765625,30.0,below,0.8483202320509302,8451.0009765625,False,,1.0,1.0,7.782876029843363e-05,60.0,UP_CONFIRMED,0.0021314689267767093,0.0022487419701426826,0.0029118081449964407,0.48393694641881935,7.782876029843363e-05,0.004669725617906018,7.745732227748547e-05,0.00013260992689967388,0.0014620954740560688,8824.192484477939,0.21314689267767092,0.04525398300787575,-0.9975398004661955,,57.0,1.0,3800.0,3859.0,2025-06-13 09:45:00,2025-06-16 23:30:00,8875.0009765625,8843.0009765625,60.0,-0.360563340607023,-0.00600938901011705,56.0,-1.0,3739.0,3799.0,2025-06-11 21:15:00,2025-06-13 09:30:00,8826.0009765625,8817.0009765625,61.0,-0.10197143671182296,-0.0016716628969151305,1128840.0,,18814.0,,1069036.0,0.0,17525.180327868853,0.0,1.0735410220048716,,1.0559419888572508,,6.666666666666667,71.66666666666667,21.666666666666668,True,False,2025-06-16 22:30:00,8828.0009765625,2025-06-16 22:15:00,8811.0009765625,6.0,6.0,2025-06-16 14:30:00,8892.0009765625,2025-06-16 14:45:00,8858.0009765625,4.0,5.0,1.2948609416542738,21.927616257892698,
AG:5m:1:1:11570:11576:1,AG,1h,1148.0,2025-06-16 23:00:00,55.0,1.0,1.0,CHoCH,1.0,8341.0,105.0,CHoCH,1.0,8862.0009765625,17.0,7.0,1.0,1.0,0.0,active_bear_internal_ob,internal,-1.0,34.0,8896.0009765625,8931.0009765625,8913.5009765625,0.6221015035040155,active_bull_internal_ob,internal,1.0,17.0,8766.0009765625,8794.0009765625,8780.0009765625,0.5316140120852495,8809.0009765625,8838.0009765625,8806.0009765625,8826.0009765625,65360.0,398401.0,0.0,0.0,0.0,0.0,0.0,0.0,,8912.0009765625,11.0,above,0.8030764863415472,8862.0009765625,False,,8777.0009765625,8.0,below,0.7238999313501271,8766.0009765625,False,,9020.0009765625,1.0,above,2.0246576204948865,8341.0,False,,8168.0,71.0,below,7.612271261440035,7944.0,False,,0.0,0.0,0.00014885090133733074,-23.0,NONE,0.0033496000599644374,0.004257063771192164,0.0030703513050068325,0.38378422171058185,0.00014885090133733074,0.003423570730758607,0.000886135725880921,0.0012246199114607226,0.0033478257164647474,8796.536098718752,0.3349600059964437,0.19298442632973423,0.08417911688485481,,18.0,-1.0,1126.0,1148.0,2025-06-12 22:00:00,2025-06-16 22:00:00,8784.0009765625,8826.0009765625,23.0,0.47814202334521827,0.02078878362370514,17.0,1.0,1043.0,1125.0,2025-06-03 09:00:00,2025-06-12 21:00:00,8457.0009765625,8782.0009765625,83.0,3.842969876682001,0.04630084188773495,1383950.0,,60171.739130434784,,5843996.0,0.0,70409.59036144578,0.0,0.8545957847722838,,0.2368156993947292,,13.043478260869565,65.21739130434783,21.73913043478261,True,False,2025-06-12 22:00:00,8784.0009765625,,,1.0,0.0,2025-06-16 14:00:00,8858.0009765625,2025-06-16 21:00:00,8809.0009765625,3.0,3.0,0.7212368594955296,40.24373818730683,4.0
AG:5m:1:1:11570:11576:1,AG,4h,417.0,2025-06-16 15:00:00,535.0,1.0,1.0,CHoCH,1.0,8375.0,37.0,BOS,1.0,8498.0009765625,27.0,3.0,0.0,1.0,0.0,current_internal_high,internal,0.0,0.0,8912.0009765625,8912.0009765625,8912.0009765625,0.8030764863415472,current_internal_low,internal,0.0,2.0,8766.0009765625,8766.0009765625,8766.0009765625,0.8483202320509302,8815.0009765625,8894.0009765625,8790.0009765625,8858.0009765625,163291.0,412329.0,0.0,0.0,0.0,0.0,0.0,0.0,,8912.0009765625,0.0,above,0.8030764863415472,9020.0009765625,False,,8766.0009765625,2.0,below,0.8483202320509302,8451.0009765625,False,,8375.0,79.0,below,5.2709074209794675,8544.0009765625,True,37.0,7944.0,32.0,below,10.14592102116548,7535.0,False,,1.0,1.0,0.0011072873380249622,66.0,UP_CONFIRMED,0.026127392971053126,0.028935899342808245,0.014852447837280597,0.425009635292817,0.0011072873380249622,0.0730809643096475,0.0031139211760866647,0.007966552360763268,0.025721691511259914,8632.457370536626,2.6127392971053127,0.5220153756490431,-0.14837260047961823,,7.0,1.0,352.0,417.0,2025-05-21 21:00:00,2025-06-16 13:30:00,8292.0,8858.0009765625,66.0,6.825868024149773,0.10342224279014807,6.0,-1.0,332.0,351.0,2025-05-14 21:00:00,2025-05-21 13:30:00,8096.0,8272.0,20.0,2.1739130434782705,0.10869565217391353,11840274.0,,179398.0909090909,,3730511.0,0.0,186525.55,0.0,0.9617882960757437,,3.173901377049954,,36.36363636363637,51.515151515151516,12.121212121212121,True,False,,,,,0.0,0.0,2025-06-11 09:00:00,8914.0009765625,2025-06-11 13:30:00,8902.0009765625,4.0,5.0,0.5132879286495043,66.62259197466892,
AG:5m:1:1:11570:11576:2,AG,5m,11583.0,2025-06-17 00:05:00,0.0,1.0,1.0,CHoCH,1.0,8862.0009765625,181.0,BOS,1.0,8838.0009765625,7.0,23.0,3.0,9.0,2.0,current_internal_high,internal,0.0,9.0,8838.0009765625,8838.0009765625,8838.0009765625,0.011316056235053053,current_internal_low,internal,0.0,7.0,8826.0009765625,8826.0009765625,8826.0009765625,0.12447661858558359,8841.0009765625,8843.0009765625,8835.0009765625,8837.0009765625,1429.0,401275.0,1.0,1.0,1.0,0.0,1.0,0.0,active_bull_internal_ob,8838.0009765625,9.0,above,0.011316056235053053,8832.0009765625,True,7.0,8826.0009765625,7.0,below,0.12447661858558359,8806.0009765625,False,,8912.0009765625,128.0,above,0.8487042176289791,8862.0009765625,False,,8777.0009765625,100.0,below,0.6789633741031832,8766.0009765625,False,,0.0,0.0,7.047418726475423e-05,42.0,NONE,0.0011027688551706596,0.0013248794743104346,0.0021569901987383015,0.4589924083172665,7.047418726475423e-05,0.0029599158651196777,9.945525173149505e-05,0.0001725754585235606,0.00017874160098041436,8827.266541943754,0.11027688551706596,-0.04524374570937795,-1.2386751473126254,,157.0,1.0,11542.0,11583.0,2025-06-16 14:35:00,2025-06-17 00:00:00,8860.0009765625,8837.0009765625,42.0,-0.2595936508454355,-0.006180801210605607,156.0,-1.0,11506.0,11541.0,2025-06-16 09:20:00,2025-06-16 14:30:00,8808.0009765625,8824.0009765625,36.0,0.18165302254820048,0.005045917293005569,318697.0,,7588.023809523809,,175373.0,0.0,4871.472222222223,0.0,1.5576448891383343,,1.8172523706613903,,4.761904761904762,47.61904761904761,47.61904761904761,False,False,2025-06-16 22:40:00,8828.0009765625,2025-06-16 22:15:00,8823.0009765625,2.0,2.0,2025-06-16 23:25:00,8839.0009765625,2025-06-16 23:15:00,8829.0009765625,3.0,3.0,1.6280652244695382,9.463046149869587,
AG:5m:1:1:11570:11576:2,AG,15m,3860.0,2025-06-17 00:00:00,5.0,1.0,1.0,BOS,1.0,8498.0009765625,270.0,BOS,1.0,8837.0009765625,13.0,12.0,2.0,4.0,0.0,current_internal_high,internal,0.0,8.0,8894.0009765625,8894.0009765625,8894.0009765625,0.645015205398024,active_bull_internal_ob,internal,1.0,13.0,8790.0009765625,8822.0009765625,8806.0009765625,0.1697408435257958,8844.0009765625,8847.0009765625,8835.0009765625,8841.0009765625,6991.0,401334.0,0.0,0.0,0.0,0.0,0.0,0.0,,8894.0009765625,8.0,above,0.645015205398024,8837.0009765625,False,,8806.0009765625,0.0,below,0.35079774328664465,8790.0009765625,False,,8912.0009765625,9.0,above,0.8487042176289791,9020.0009765625,False,,8766.0009765625,31.0,below,0.8034399926887669,8451.0009765625,False,,1.0,1.0,7.696351002619526e-05,61.0,UP_CONFIRMED,0.0018798403563480917,0.0022426944027034274,0.002888222148259015,0.45001148937631213,7.696351002619526e-05,0.00469477411159791,0.00010943045827471742,0.00010138621468325226,0.0014812105763715167,8824.412489843031,0.18798403563480917,-0.022616756520787984,-0.9704698805931723,,57.0,1.0,3800.0,3860.0,2025-06-13 09:45:00,2025-06-16 23:45:00,8875.0009765625,8841.0009765625,61.0,-0.3830985493949668,-0.006280304088442079,56.0,-1.0,3739.0,3799.0,2025-06-11 21:15:00,2025-06-13 09:30:00,8826.0009765625,8817.0009765625,61.0,-0.10197143671182296,-0.0016716628969151305,1135831.0,,18620.180327868853,,1069036.0,0.0,17525.180327868853,0.0,1.0624815254116793,,1.0624815254116793,,6.557377049180328,70.49180327868852,22.950819672131146,True,False,2025-06-16 22:30:00,8828.0009765625,2025-06-16 22:15:00,8811.0009765625,6.0,6.0,2025-06-16 14:30:00,8892.0009765625,2025-06-16 14:45:00,8858.0009765625,4.0,5.0,1.2878358035662123,21.218500810900363,
AG:5m:1:1:11570:11576:2,AG,1h,1149.0,2025-06-17 00:00:00,5.0,1.0,1.0,CHoCH,1.0,8341.0,106.0,CHoCH,1.0,8862.0009765625,18.0,7.0,1.0,1.0,0.0,active_bear_internal_ob,internal,-1.0,35.0,8896.0009765625,8931.0009765625,8913.5009765625,0.6676473178681301,active_bull_internal_ob,internal,1.0,18.0,8766.0009765625,8794.0009765625,8780.0009765625,0.48659041810728126,8826.0009765625,8847.0009765625,8826.0009765625,8841.0009765625,33243.0,401334.0,0.0,0.0,0.0,0.0,0.0,0.0,,8912.0009765625,12.0,above,0.8487042176289791,8862.0009765625,False,,8777.0009765625,9.0,below,0.6789633741031832,8766.0009765625,False,,9020.0009765625,2.0,above,2.0708382910147085,8341.0,False,,8168.0,72.0,below,7.57045267208666,7944.0,False,,0.0,0.0,0.00014602381961025443,-24.0,NONE,0.0049736906580126194,0.004286923224809683,0.003009114419415623,0.590265924593624,0.00014602381961025443,0.003504571670646106,0.0009385005712059247,0.0012325282077716437,0.0034172777749079675,8797.246195344478,0.49736906580126194,0.16995239451969013,-0.7001896344540955,,18.0,-1.0,1126.0,1149.0,2025-06-12 22:00:00,2025-06-16 23:00:00,8784.0009765625,8841.0009765625,24.0,0.6489070316828105,0.02703779298678377,17.0,1.0,1043.0,1125.0,2025-06-03 09:00:00,2025-06-12 21:00:00,8457.0009765625,8782.0009765625,83.0,3.842969876682001,0.04630084188773495,1417193.0,,59049.708333333336,,5843996.0,0.0,70409.59036144578,0.0,0.8386600181907495,,0.2425041016455179,,12.5,66.66666666666666,20.833333333333336,True,False,2025-06-12 22:00:00,8784.0009765625,,,1.0,0.0,2025-06-16 23:00:00,8841.0009765625,2025-06-16 21:00:00,8809.0009765625,4.0,3.0,0.7019286937542979,38.86918545964206,4.0
AG:5m:1:1:11570:11576:2,AG,4h,418.0,2025-06-17 00:00:00,5.0,1.0,1.0,CHoCH,1.0,8375.0,38.0,BOS,1.0,8498.0009765625,28.0,3.0,0.0,1.0,0.0,current_internal_high,internal,0.0,1.0,8912.0009765625,8912.0009765625,8912.0009765625,0.8487042176289791,current_internal_low,internal,0.0,0.0,8777.0009765625,8777.0009765625,8777.0009765625,0.6789633741031832,8864.0,8871.0009765625,8804.0009765625,8841.0009765625,222747.0,401334.0,0.0,0.0,0.0,0.0,0.0,0.0,,8912.0009765625,1.0,above,0.8487042176289791,9020.0009765625,False,,8777.0009765625,0.0,below,0.6789633741031832,8766.0009765625,False,,8375.0,80.0,below,5.228029031430678,8544.0009765625,True,38.0,7944.0,33.0,below,10.105249268738543,7535.0,False,,1.0,1.0,0.0011069183415364757,67.0,UP_CONFIRMED,0.023125913157447983,0.02884918313108645,0.014758016170115533,0.3490792319448125,0.0011069183415364757,0.07416352888294386,0.0036362644316081383,0.008188462371220062,0.02207568730185283,8641.166119308295,2.312591315744798,-0.1919168901085122,0.4974111934988703,,7.0,1.0,352.0,418.0,2025-05-21 21:00:00,2025-06-16 21:00:00,8292.0,8841.0009765625,67.0,6.620851140406425,0.09881867373740934,6.0,-1.0,332.0,351.0,2025-05-14 21:00:00,2025-05-21 13:30:00,8096.0,8272.0,20.0,2.1739130434782705,0.10869565217391353,12063021.0,,180045.08955223882,,3730511.0,0.0,186525.55,0.0,0.9652569825004608,,3.2336108913765433,,35.82089552238806,50.74626865671642,13.432835820895523,True,False,,,,,0.0,0.0,2025-06-11 09:00:00,8914.0009765625,2025-06-11 13:30:00,8902.0009765625,4.0,5.0,0.5115575059112515,66.649549690764,
AG:5m:1:1:11570:11576:3,AG,5m,11596.0,2025-06-17 01:10:00,0.0,1.0,1.0,CHoCH,1.0,8862.0009765625,194.0,BOS,1.0,8838.0009765625,20.0,23.0,3.0,9.0,2.0,current_internal_high,internal,0.0,11.0,8847.0009765625,8847.0009765625,8847.0009765625,0.0791855116142985,active_bull_internal_ob,internal,1.0,20.0,8826.0009765625,8837.0009765625,8831.5009765625,0.03393664783469936,8841.0009765625,8842.0009765625,8837.0009765625,8840.0009765625,1346.0,400736.0,0.0,0.0,0.0,0.0,0.0,0.0,,8847.0009765625,11.0,above,0.0791855116142985,8838.0009765625,False,,8831.0009765625,4.0,below,0.10180994350409808,8826.0009765625,False,,8894.0009765625,3.0,above,0.6108596610245886,8912.0009765625,False,,8777.0009765625,113.0,below,0.7126696045286866,8766.0009765625,False,,1.0,1.0,5.638257661027394e-05,55.0,UP_CONFIRMED,0.0013017323855453275,0.00129256378044856,0.0018916754370429012,0.5019335927468119,5.638257661027394e-05,0.003101041713565067,7.987874030890296e-05,0.00011439229453680255,0.0002650952741793944,8828.508620974511,0.13017323855453275,-0.011310936427344487,-0.4165533296436012,,157.0,1.0,11542.0,11596.0,2025-06-16 14:35:00,2025-06-17 01:05:00,8860.0009765625,8840.0009765625,55.0,-0.22573360943081155,-0.004104247444196574,156.0,-1.0,11506.0,11541.0,2025-06-16 09:20:00,2025-06-16 14:30:00,8808.0009765625,8824.0009765625,36.0,0.18165302254820048,0.005045917293005569,335065.0,,6092.090909090909,,175373.0,0.0,4871.472222222223,0.0,1.250564640664599,,1.9105848676820263,,3.6363636363636362,60.0,36.36363636363637,False,False,2025-06-16 22:40:00,8828.0009765625,2025-06-16 22:15:00,8823.0009765625,2.0,2.0,2025-06-16 23:25:00,8839.0009765625,2025-06-16 23:15:00,8829.0009765625,3.0,3.0,1.463506455663202,6.984832037596744,
AG:5m:1:1:11570:11576:3,AG,15m,3864.0,2025-06-17 01:00:00,10.0,1.0,1.0,BOS,1.0,8498.0009765625,274.0,BOS,1.0,8837.0009765625,17.0,12.0,2.0,4.0,0.0,current_internal_high,internal,0.0,12.0,8894.0009765625,8894.0009765625,8894.0009765625,0.6108596610245886,active_bull_internal_ob,internal,1.0,17.0,8790.0009765625,8822.0009765625,8806.0009765625,0.20361988700819617,8839.0009765625,8845.0009765625,8837.0009765625,8841.0009765625,3692.0,400563.0,0.0,0.0,0.0,0.0,0.0,0.0,,8894.0009765625,12.0,above,0.6108596610245886,8837.0009765625,False,,8806.0009765625,4.0,below,0.38461534212659276,8790.0009765625,False,,8912.0009765625,13.0,above,0.8144795480327847,9020.0009765625,False,,8777.0009765625,3.0,below,0.7126696045286866,8766.0009765625,False,,1.0,1.0,7.290037995057665e-05,65.0,UP_CONFIRMED,0.0018362142504231127,0.0021960886946640525,0.0028048659201508497,0.4489543511972093,7.290037995057665e-05,0.004738524696787483,6.847929934283847e-05,0.00014594192584360677,0.0015948758955188769,8824.796758996543,0.18362142504231127,0.011312215944903059,-0.9562038309061913,,57.0,1.0,3800.0,3864.0,2025-06-13 09:45:00,2025-06-17 00:45:00,8875.0009765625,8841.0009765625,65.0,-0.3830985493949668,-0.0058938238368456426,56.0,-1.0,3739.0,3799.0,2025-06-11 21:15:00,2025-06-13 09:30:00,8826.0009765625,8817.0009765625,61.0,-0.10197143671182296,-0.0016716628969151305,1150592.0,,17701.415384615386,,1069036.0,0.0,17525.180327868853,0.0,1.0100561051840522,,1.076289292409236,,6.153846153846154,66.15384615384615,27.692307692307693,True,False,2025-06-16 22:30:00,8828.0009765625,2025-06-16 22:15:00,8811.0009765625,6.0,6.0,2025-06-16 14:30:00,8892.0009765625,2025-06-16 14:45:00,8858.0009765625,4.0,5.0,1.277209762504572,18.06540508278127,
AG:5m:1:1:11570:11576:3,AG,1h,1150.0,2025-06-17 01:00:00,10.0,1.0,1.0,CHoCH,1.0,8341.0,107.0,CHoCH,1.0,8862.0009765625,19.0,7.0,1.0,1.0,0.0,active_bear_internal_ob,internal,-1.0,36.0,8896.0009765625,8931.0009765625,8913.5009765625,0.633484092914388,active_bull_internal_ob,internal,1.0,19.0,8766.0009765625,8794.0009765625,8780.0009765625,0.5203619334653903,8841.0009765625,8845.0009765625,8831.0009765625,8841.0009765625,14761.0,400563.0,0.0,0.0,0.0,0.0,0.0,0.0,,8912.0009765625,13.0,above,0.8144795480327847,8862.0009765625,False,,8777.0009765625,10.0,below,0.7126696045286866,8766.0009765625,False,,9020.0009765625,3.0,above,2.0361988700819613,8341.0,False,,8168.0,73.0,below,7.601820162058541,7944.0,False,,0.0,0.0,0.00014167098497464004,-25.0,NONE,0.0049364346207965435,0.004312903680649158,0.0029510639477355735,0.5836695916119664,0.00014167098497464004,0.003541774624366001,0.0009373391533666897,0.0012224097838107184,0.0034459664022006287,8797.572335904579,0.49364346207965437,0.0,-1.161277198695628,,18.0,-1.0,1126.0,1150.0,2025-06-12 22:00:00,2025-06-17 00:00:00,8784.0009765625,8841.0009765625,25.0,0.6489070316828105,0.02595628126731242,17.0,1.0,1043.0,1125.0,2025-06-03 09:00:00,2025-06-12 21:00:00,8457.0009765625,8782.0009765625,83.0,3.842969876682001,0.04630084188773495,1431954.0,,57278.16,,5843996.0,0.0,70409.59036144578,0.0,0.8134994069126674,,0.24502994184116483,,12.0,68.0,20.0,True,False,2025-06-12 22:00:00,8784.0009765625,,,1.0,0.0,2025-06-16 23:00:00,8841.0009765625,2025-06-16 21:00:00,8809.0009765625,4.0,3.0,0.6842406337466348,37.09281506966763,4.0
AG:5m:1:1:11570:11576:3,AG,4h,418.0,2025-06-17 00:00:00,70.0,1.0,1.0,CHoCH,1.0,8375.0,38.0,BOS,1.0,8498.0009765625,28.0,3.0,0.0,1.0,0.0,current_internal_high,internal,0.0,1.0,8912.0009765625,8912.0009765625,8912.0009765625,0.8144795480327847,current_internal_low,internal,0.0,0.0,8777.0009765625,8777.0009765625,8777.0009765625,0.7126696045286866,8864.0,8871.0009765625,8804.0009765625,8841.0009765625,222747.0,401334.0,0.0,0.0,0.0,0.0,0.0,0.0,,8912.0009765625,1.0,above,0.8144795480327847,9020.0009765625,False,,8777.0009765625,0.0,below,0.7126696045286866,8766.0009765625,False,,8375.0,80.0,below,5.260191461464284,8544.0009765625,True,38.0,7944.0,33.0,below,10.135756533716092,7535.0,False,,1.0,1.0,0.0011069183415364757,67.0,UP_CONFIRMED,0.023125913157447983,0.02884918313108645,0.014758016170115533,0.3490792319448125,0.0011069183415364757,0.07416352888294386,0.0036362644316081383,0.008188462371220062,0.02207568730185283,8641.166119308295,2.312591315744798,-0.1919168901085122,0.4974111934988703,,7.0,1.0,352.0,418.0,2025-05-21 21:00:00,2025-06-16 21:00:00,8292.0,8841.0009765625,67.0,6.620851140406425,0.09881867373740934,6.0,-1.0,332.0,351.0,2025-05-14 21:00:00,2025-05-21 13:30:00,8096.0,8272.0,20.0,2.1739130434782705,0.10869565217391353,12063021.0,,180045.08955223882,,3730511.0,0.0,186525.55,0.0,0.9652569825004608,,3.2336108913765433,,35.82089552238806,50.74626865671642,13.432835820895523,True,False,,,,,0.0,0.0,2025-06-11 09:00:00,8914.0009765625,2025-06-11 13:30:00,8902.0009765625,4.0,5.0,0.5115575059112515,66.649549690764,
AG:5m:1:1:11570:11576:4,AG,5m,11599.0,2025-06-17 01:25:00,0.0,1.0,1.0,CHoCH,1.0,8862.0009765625,197.0,BOS,1.0,8838.0009765625,23.0,23.0,3.0,9.0,2.0,current_internal_high,internal,0.0,14.0,8847.0009765625,8847.0009765625,8847.0009765625,0.0791855116142985,active_bull_internal_ob,internal,1.0,23.0,8826.0009765625,8837.0009765625,8831.5009765625,0.03393664783469936,8840.0009765625,8843.0009765625,8837.0009765625,8840.0009765625,692.0,400834.0,0.0,0.0,0.0,0.0,0.0,0.0,,8847.0009765625,14.0,above,0.0791855116142985,8838.0009765625,False,,8831.0009765625,7.0,below,0.10180994350409808,8826.0009765625,False,,8894.0009765625,6.0,above,0.6108596610245886,8912.0009765625,False,,8777.0009765625,116.0,below,0.7126696045286866,8766.0009765625,False,,1.0,1.0,5.39324719726715e-05,58.0,UP_CONFIRMED,0.001274739958252697,0.0012920848773893912,0.0018421051590549729,0.49624368928396817,5.39324719726715e-05,0.003128083374414947,6.331840837536795e-05,0.00012285884311857842,0.00024070784562857384,8828.746620464106,0.1274739958252697,0.0,-1.2113565725472433,,157.0,1.0,11542.0,11599.0,2025-06-16 14:35:00,2025-06-17 01:20:00,8860.0009765625,8840.0009765625,58.0,-0.22573360943081155,-0.0038919587832898545,156.0,-1.0,11506.0,11541.0,2025-06-16 09:20:00,2025-06-16 14:30:00,8808.0009765625,8824.0009765625,36.0,0.18165302254820048,0.005045917293005569,337491.0,,5818.810344827586,,175373.0,0.0,4871.472222222223,0.0,1.194466493780645,,1.9244182399799286,,3.4482758620689653,62.06896551724138,34.48275862068966,False,False,2025-06-16 22:40:00,8828.0009765625,2025-06-16 22:15:00,8823.0009765625,2.0,2.0,2025-06-16 23:25:00,8839.0009765625,2025-06-16 23:15:00,8829.0009765625,3.0,3.0,1.4256843271603619,6.726922735641417,
AG:5m:1:1:11570:11576:4,AG,15m,3865.0,2025-06-17 01:15:00,10.0,1.0,1.0,BOS,1.0,8498.0009765625,275.0,BOS,1.0,8837.0009765625,18.0,12.0,2.0,4.0,0.0,current_internal_high,internal,0.0,13.0,8894.0009765625,8894.0009765625,8894.0009765625,0.6108596610245886,active_bull_internal_ob,internal,1.0,18.0,8790.0009765625,8822.0009765625,8806.0009765625,0.20361988700819617,8842.0009765625,8847.0009765625,8836.0009765625,8840.0009765625,3957.0,400775.0,0.0,0.0,0.0,0.0,0.0,0.0,,8894.0009765625,13.0,above,0.6108596610245886,8837.0009765625,False,,8806.0009765625,5.0,below,0.38461534212659276,8790.0009765625,False,,8912.0009765625,14.0,above,0.8144795480327847,9020.0009765625,False,,8777.0009765625,4.0,below,0.7126696045286866,8766.0009765625,False,,1.0,1.0,7.203288748657378e-05,66.0,UP_CONFIRMED,0.0017072985183194688,0.002188682782901256,0.0027841761467130555,0.43136498634970255,7.203288748657378e-05,0.0047541705741138696,5.911891257559532e-05,0.00016855584026020942,0.0016013403172949747,8824.93417951355,0.1707298518319469,-0.011310936427344487,-0.8848649243884894,,57.0,1.0,3800.0,3865.0,2025-06-13 09:45:00,2025-06-17 01:00:00,8875.0009765625,8840.0009765625,66.0,-0.3943661537889387,-0.005975244754377859,56.0,-1.0,3739.0,3799.0,2025-06-11 21:15:00,2025-06-13 09:30:00,8826.0009765625,8817.0009765625,61.0,-0.10197143671182296,-0.0016716628969151305,1154549.0,,17493.166666666668,,1069036.0,0.0,17525.180327868853,0.0,0.9981732763598856,,1.0799907580287287,,6.0606060606060606,65.15151515151516,28.78787878787879,True,False,2025-06-16 22:30:00,8828.0009765625,2025-06-16 22:15:00,8811.0009765625,6.0,6.0,2025-06-16 14:30:00,8892.0009765625,2025-06-16 14:45:00,8858.0009765625,4.0,5.0,1.272078424732903,17.560733291154037,
AG:5m:1:1:11570:11576:4,AG,1h,1150.0,2025-06-17 01:00:00,25.0,1.0,1.0,CHoCH,1.0,8341.0,107.0,CHoCH,1.0,8862.0009765625,19.0,7.0,1.0,1.0,0.0,active_bear_internal_ob,internal,-1.0,36.0,8896.0009765625,8931.0009765625,8913.5009765625,0.633484092914388,active_bull_internal_ob,internal,1.0,19.0,8766.0009765625,8794.0009765625,8780.0009765625,0.5203619334653903,8841.0009765625,8845.0009765625,8831.0009765625,8841.0009765625,14761.0,400563.0,0.0,0.0,0.0,0.0,0.0,0.0,,8912.0009765625,13.0,above,0.8144795480327847,8862.0009765625,False,,8777.0009765625,10.0,below,0.7126696045286866,8766.0009765625,False,,9020.0009765625,3.0,above,2.0361988700819613,8341.0,False,,8168.0,73.0,below,7.601820162058541,7944.0,False,,0.0,0.0,0.00014167098497464004,-25.0,NONE,0.0049364346207965435,0.004312903680649158,0.0029510639477355735,0.5836695916119664,0.00014167098497464004,0.003541774624366001,0.0009373391533666897,0.0012224097838107184,0.0034459664022006287,8797.572335904579,0.49364346207965437,0.0,-1.161277198695628,,18.0,-1.0,1126.0,1150.0,2025-06-12 22:00:00,2025-06-17 00:00:00,8784.0009765625,8841.0009765625,25.0,0.6489070316828105,0.02595628126731242,17.0,1.0,1043.0,1125.0,2025-06-03 09:00:00,2025-06-12 21:00:00,8457.0009765625,8782.0009765625,83.0,3.842969876682001,0.04630084188773495,1431954.0,,57278.16,,5843996.0,0.0,70409.59036144578,0.0,0.8134994069126674,,0.24502994184116483,,12.0,68.0,20.0,True,False,2025-06-12 22:00:00,8784.0009765625,,,1.0,0.0,2025-06-16 23:00:00,8841.0009765625,2025-06-16 21:00:00,8809.0009765625,4.0,3.0,0.6842406337466348,37.09281506966763,4.0
AG:5m:1:1:11570:11576:4,AG,4h,418.0,2025-06-17 00:00:00,85.0,1.0,1.0,CHoCH,1.0,8375.0,38.0,BOS,1.0,8498.0009765625,28.0,3.0,0.0,1.0,0.0,current_internal_high,internal,0.0,1.0,8912.0009765625,8912.0009765625,8912.0009765625,0.8144795480327847,current_internal_low,internal,0.0,0.0,8777.0009765625,8777.0009765625,8777.0009765625,0.7126696045286866,8864.0,8871.0009765625,8804.0009765625,8841.0009765625,222747.0,401334.0,0.0,0.0,0.0,0.0,0.0,0.0,,8912.0009765625,1.0,above,0.8144795480327847,9020.0009765625,False,,8777.0009765625,0.0,below,0.7126696045286866,8766.0009765625,False,,8375.0,80.0,below,5.260191461464284,8544.0009765625,True,38.0,7944.0,33.0,below,10.135756533716092,7535.0,False,,1.0,1.0,0.0011069183415364757,67.0,UP_CONFIRMED,0.023125913157447983,0.02884918313108645,0.014758016170115533,0.3490792319448125,0.0011069183415364757,0.07416352888294386,0.0036362644316081383,0.008188462371220062,0.02207568730185283,8641.166119308295,2.312591315744798,-0.1919168901085122,0.4974111934988703,,7.0,1.0,352.0,418.0,2025-05-21 21:00:00,2025-06-16 21:00:00,8292.0,8841.0009765625,67.0,6.620851140406425,0.09881867373740934,6.0,-1.0,332.0,351.0,2025-05-14 21:00:00,2025-05-21 13:30:00,8096.0,8272.0,20.0,2.1739130434782705,0.10869565217391353,12063021.0,,180045.08955223882,,3730511.0,0.0,186525.55,0.0,0.9652569825004608,,3.2336108913765433,,35.82089552238806,50.74626865671642,13.432835820895523,True,False,,,,,0.0,0.0,2025-06-11 09:00:00,8914.0009765625,2025-06-11 13:30:00,8902.0009765625,4.0,5.0,0.5115575059112515,66.649549690764,
AG:5m:1:1:11570:11576:5,AG,5m,11602.0,2025-06-17 01:40:00,0.0,1.0,1.0,CHoCH,1.0,8862.0009765625,200.0,BOS,1.0,8838.0009765625,26.0,23.0,3.0,9.0,2.0,current_internal_high,internal,0.0,2.0,8847.0009765625,8847.0009765625,8847.0009765625,0.10183298263789634,active_bull_internal_ob,internal,1.0,26.0,8826.0009765625,8837.0009765625,8831.5009765625,0.01131477584865515,8839.0009765625,8841.0009765625,8837.0009765625,8838.0009765625,609.0,400711.0,0.0,0.0,0.0,0.0,0.0,0.0,,8847.0009765625,2.0,above,0.10183298263789634,8847.0009765625,False,,8836.0009765625,0.0,below,0.0226295516973103,8831.0009765625,False,,8894.0009765625,9.0,above,0.6336274475246884,8912.0009765625,False,,8777.0009765625,119.0,below,0.6902013267679641,8766.0009765625,False,,1.0,1.0,5.178139549127481e-05,61.0,UP_CONFIRMED,0.00101768982440189,0.0012956900797201245,0.001797893375731468,0.43855826241656376,5.178139549127481e-05,0.0031586651249677633,4.833778870616534e-05,0.00012634807788125535,0.00020862876179306156,8829.015777046716,0.101768982440189,-0.022624431889795016,-1.573844897634467,,157.0,1.0,11542.0,11602.0,2025-06-16 14:35:00,2025-06-17 01:35:00,8860.0009765625,8838.0009765625,61.0,-0.2483069703739016,-0.004070606071703305,156.0,-1.0,11506.0,11541.0,2025-06-16 09:20:00,2025-06-16 14:30:00,8808.0009765625,8824.0009765625,36.0,0.18165302254820048,0.005045917293005569,339837.0,,5571.098360655737,,175373.0,0.0,4871.472222222223,0.0,1.1436169819961255,,1.9377954417156575,,8.19672131147541,59.01639344262295,32.78688524590164,False,False,2025-06-16 22:40:00,8828.0009765625,2025-06-16 22:15:00,8823.0009765625,2.0,2.0,2025-06-16 23:25:00,8839.0009765625,2025-06-16 23:15:00,8829.0009765625,3.0,3.0,1.3875952311989777,6.56707334191115,
AG:5m:1:1:11570:11576:5,AG,15m,3866.0,2025-06-17 01:30:00,10.0,1.0,1.0,BOS,1.0,8498.0009765625,276.0,BOS,1.0,8837.0009765625,19.0,12.0,2.0,4.0,0.0,current_internal_high,internal,0.0,14.0,8894.0009765625,8894.0009765625,8894.0009765625,0.6336274475246884,active_bull_internal_ob,internal,1.0,19.0,8790.0009765625,8822.0009765625,8806.0009765625,0.1810364135784824,8840.0009765625,8846.0009765625,8837.0009765625,8845.0009765625,2388.0,400860.0,0.0,0.0,0.0,0.0,0.0,0.0,,8894.0009765625,14.0,above,0.6336274475246884,8837.0009765625,False,,8806.0009765625,6.0,below,0.3620728271569648,8790.0009765625,False,,8912.0009765625,15.0,above,0.837293412800481,9020.0009765625,False,,8777.0009765625,5.0,below,0.6902013267679641,8766.0009765625,False,,1.0,1.0,7.111659350026262e-05,67.0,UP_CONFIRMED,0.0022632601724694766,0.002189795878267946,0.0027633353970902552,0.5106047789414714,7.111659350026262e-05,0.004764811764517596,5.8437009472056545e-05,0.00015816281636937823,0.0015786480627555388,8825.027642977208,0.22632601724694767,0.05656107972449309,-0.927047176989388,,57.0,1.0,3800.0,3866.0,2025-06-13 09:45:00,2025-06-17 01:15:00,8875.0009765625,8845.0009765625,67.0,-0.3380281318190903,-0.005045195997299855,56.0,-1.0,3739.0,3799.0,2025-06-11 21:15:00,2025-06-13 09:30:00,8826.0009765625,8817.0009765625,61.0,-0.10197143671182296,-0.0016716628969151305,1156937.0,,17267.716417910447,,1069036.0,0.0,17525.180327868853,0.0,0.9853089152213184,,1.082224546226694,,5.970149253731343,64.17910447761194,29.850746268656714,True,False,2025-06-16 22:30:00,8828.0009765625,2025-06-16 22:15:00,8811.0009765625,6.0,6.0,2025-06-16 14:30:00,8892.0009765625,2025-06-16 14:45:00,8858.0009765625,4.0,5.0,1.2619146033263884,16.94925234178589,
AG:5m:1:1:11570:11576:5,AG,1h,1150.0,2025-06-17 01:00:00,40.0,1.0,1.0,CHoCH,1.0,8341.0,107.0,CHoCH,1.0,8862.0009765625,19.0,7.0,1.0,1.0,0.0,active_bear_internal_ob,internal,-1.0,36.0,8896.0009765625,8931.0009765625,8913.5009765625,0.6562569992219986,active_bull_internal_ob,internal,1.0,19.0,8766.0009765625,8794.0009765625,8780.0009765625,0.4978501373408266,8841.0009765625,8845.0009765625,8831.0009765625,8841.0009765625,14761.0,400563.0,0.0,0.0,0.0,0.0,0.0,0.0,,8912.0009765625,13.0,above,0.837293412800481,8862.0009765625,False,,8777.0009765625,10.0,below,0.6902013267679641,8766.0009765625,False,,9020.0009765625,3.0,above,2.059289204455237,8341.0,False,,8168.0,73.0,below,7.5809108681847395,7944.0,False,,0.0,0.0,0.00014167098497464004,-25.0,NONE,0.0049364346207965435,0.004312903680649158,0.0029510639477355735,0.5836695916119664,0.00014167098497464004,0.003541774624366001,0.0009373391533666897,0.0012224097838107184,0.0034459664022006287,8797.572335904579,0.49364346207965437,0.0,-1.161277198695628,,18.0,-1.0,1126.0,1150.0,2025-06-12 22:00:00,2025-06-17 00:00:00,8784.0009765625,8841.0009765625,25.0,0.6489070316828105,0.02595628126731242,17.0,1.0,1043.0,1125.0,2025-06-03 09:00:00,2025-06-12 21:00:00,8457.0009765625,8782.0009765625,83.0,3.842969876682001,0.04630084188773495,1431954.0,,57278.16,,5843996.0,0.0,70409.59036144578,0.0,0.8134994069126674,,0.24502994184116483,,12.0,68.0,20.0,True,False,2025-06-12 22:00:00,8784.0009765625,,,1.0,0.0,2025-06-16 23:00:00,8841.0009765625,2025-06-16 21:00:00,8809.0009765625,4.0,3.0,0.6842406337466348,37.09281506966763,4.0
AG:5m:1:1:11570:11576:5,AG,4h,418.0,2025-06-17 00:00:00,100.0,1.0,1.0,CHoCH,1.0,8375.0,38.0,BOS,1.0,8498.0009765625,28.0,3.0,0.0,1.0,0.0,current_internal_high,internal,0.0,1.0,8912.0009765625,8912.0009765625,8912.0009765625,0.837293412800481,current_internal_low,internal,0.0,0.0,8777.0009765625,8777.0009765625,8777.0009765625,0.6902013267679641,8864.0,8871.0009765625,8804.0009765625,8841.0009765625,222747.0,401334.0,0.0,0.0,0.0,0.0,0.0,0.0,,8912.0009765625,1.0,above,0.837293412800481,9020.0009765625,False,,8777.0009765625,0.0,below,0.6902013267679641,8766.0009765625,False,,8375.0,80.0,below,5.238752267513124,8544.0009765625,True,38.0,7944.0,33.0,below,10.115420658283494,7535.0,False,,1.0,1.0,0.0011069183415364757,67.0,UP_CONFIRMED,0.023125913157447983,0.02884918313108645,0.014758016170115533,0.3490792319448125,0.0011069183415364757,0.07416352888294386,0.0036362644316081383,0.008188462371220062,0.02207568730185283,8641.166119308295,2.312591315744798,-0.1919168901085122,0.4974111934988703,,7.0,1.0,352.0,418.0,2025-05-21 21:00:00,2025-06-16 21:00:00,8292.0,8841.0009765625,67.0,6.620851140406425,0.09881867373740934,6.0,-1.0,332.0,351.0,2025-05-14 21:00:00,2025-05-21 13:30:00,8096.0,8272.0,20.0,2.1739130434782705,0.10869565217391353,12063021.0,,180045.08955223882,,3730511.0,0.0,186525.55,0.0,0.9652569825004608,,3.2336108913765433,,35.82089552238806,50.74626865671642,13.432835820895523,True,False,,,,,0.0,0.0,2025-06-11 09:00:00,8914.0009765625,2025-06-11 13:30:00,8902.0009765625,4.0,5.0,0.5115575059112515,66.649549690764,
AG:5m:1:-1:11600:11604:1,AG,5m,11626.0,2025-06-17 10:10:00,0.0,1.0,1.0,CHoCH,1.0,8862.0009765625,224.0,CHoCH,1.0,8834.0009765625,0.0,23.0,4.0,9.0,2.0,active_bear_internal_ob,internal,-1.0,22.0,8839.0009765625,8846.0009765625,8842.5009765625,0.03395201073378673,active_bull_internal_ob,internal,1.0,0.0,8817.0009765625,8834.0009765625,8825.5009765625,0.022634673822524484,8831.0009765625,8839.0009765625,8824.0009765625,8836.0009765625,3582.0,397461.0,0.0,0.0,0.0,0.0,0.0,0.0,,8834.0009765625,7.0,below,0.022634673822524484,8846.0009765625,True,0.0,8820.0009765625,5.0,below,0.18107739058019587,8812.0009765625,False,,8894.0009765625,33.0,above,0.65640554085321,8912.0009765625,False,,8804.0009765625,18.0,below,0.36215478116039174,8777.0009765625,False,,1.0,1.0,3.595896534214085e-05,85.0,UP_CONFIRMED,0.0008930863725693918,0.0009205557212509429,0.0016760778891538126,0.4934620019102729,3.595896534214085e-05,0.0030565120540819724,3.51033049073024e-05,4.6689712847935994e-05,-0.00012596344747028976,8828.116705837065,0.08930863725693917,0.04528985006473363,0.4774903807778673,,157.0,1.0,11542.0,11626.0,2025-06-16 14:35:00,2025-06-17 10:05:00,8860.0009765625,8836.0009765625,85.0,-0.2708803313169805,-0.0031868274272585945,156.0,-1.0,11506.0,11541.0,2025-06-16 09:20:00,2025-06-16 14:30:00,8808.0009765625,8824.0009765625,36.0,0.18165302254820048,0.005045917293005569,399249.0,,4697.047058823529,,175373.0,0.0,4871.472222222223,0.0,0.9641945688198699,,2.276570509713582,,8.235294117647058,62.35294117647059,29.411764705882355,True,True,2025-06-17 09:50:00,8830.0009765625,2025-06-17 09:45:00,8826.0009765625,5.0,5.0,2025-06-17 09:15:00,8828.0009765625,2025-06-17 09:10:00,8825.0009765625,5.0,5.0,1.8207239936287518,8.688701796531278,
AG:5m:1:-1:11600:11604:1,AG,15m,3874.0,2025-06-17 10:00:00,10.0,1.0,1.0,BOS,1.0,8498.0009765625,284.0,BOS,1.0,8837.0009765625,27.0,12.0,2.0,4.0,0.0,current_internal_high,internal,0.0,4.0,8847.0009765625,8847.0009765625,8847.0009765625,0.12449070602388466,active_bull_internal_ob,internal,1.0,27.0,8790.0009765625,8822.0009765625,8806.0009765625,0.1584427167576714,8832.0009765625,8833.0009765625,8821.0009765625,8828.0009765625,6418.0,397397.0,0.0,0.0,0.0,0.0,0.0,0.0,,8847.0009765625,4.0,above,0.12449070602388466,8894.0009765625,False,,8806.0009765625,14.0,below,0.33952010733786725,8790.0009765625,False,,8912.0009765625,23.0,above,0.8601176052559304,9020.0009765625,False,,8777.0009765625,13.0,below,0.6677228777644724,8766.0009765625,False,,1.0,1.0,6.3646495242858e-05,75.0,UP_CONFIRMED,0.0003282835247164044,0.0019825950641611926,0.0026931794514037364,0.269521871959279,6.3646495242858e-05,0.00477348714321435,-1.7254462134630444e-06,3.479755734203671e-05,0.00018074456160821484,8825.103840367796,0.03282835247164044,-0.045289850064722526,-0.1434137145265269,,57.0,1.0,3800.0,3874.0,2025-06-13 09:45:00,2025-06-17 09:45:00,8875.0009765625,8828.0009765625,75.0,-0.5295774065165681,-0.007061032086887575,56.0,-1.0,3739.0,3799.0,2025-06-11 21:15:00,2025-06-13 09:30:00,8826.0009765625,8817.0009765625,61.0,-0.10197143671182296,-0.0016716628969151305,1212565.0,,16167.533333333333,,1069036.0,0.0,17525.180327868853,0.0,0.9225316390966565,,1.1342602120040859,,5.333333333333334,57.333333333333336,37.333333333333336,True,True,2025-06-17 09:00:00,8825.0009765625,2025-06-17 02:00:00,8816.0009765625,7.0,7.0,2025-06-16 14:30:00,8892.0009765625,2025-06-16 14:45:00,8858.0009765625,4.0,5.0,1.3584112560792547,15.315910142632168,
AG:5m:1:-1:11600:11604:1,AG,1h,1153.0,2025-06-17 10:00:00,10.0,1.0,1.0,CHoCH,1.0,8341.0,110.0,CHoCH,1.0,8862.0009765625,22.0,7.0,1.0,1.0,0.0,current_internal_high,internal,0.0,2.0,8894.0009765625,8894.0009765625,8894.0009765625,0.65640554085321,current_internal_low,internal,0.0,0.0,8806.0009765625,8806.0009765625,8806.0009765625,0.33952010733786725,8812.0009765625,8836.0009765625,8812.0009765625,8828.0009765625,36421.0,397397.0,0.0,0.0,0.0,0.0,0.0,0.0,,8894.0009765625,2.0,above,0.65640554085321,8912.0009765625,False,,8806.0009765625,0.0,below,0.33952010733786725,8777.0009765625,False,,9020.0009765625,6.0,above,2.0823899916722524,8341.0,False,,8168.0,76.0,below,7.559992108810006,7944.0,False,,0.0,0.0,0.00013054091369649586,-28.0,NONE,0.0033454054693318473,0.004186120415335942,0.0028222756336040364,0.3828952832967815,0.00013054091369649586,0.0036551455835018842,0.00023078474484572453,0.001117124977334072,0.002017924198508103,8798.566205057821,0.33454054693318475,0.12475897449983897,-0.36584919988955994,,18.0,-1.0,1126.0,1153.0,2025-06-12 22:00:00,2025-06-17 09:00:00,8784.0009765625,8828.0009765625,28.0,0.5009106911235683,0.01788966754012744,17.0,1.0,1043.0,1125.0,2025-06-03 09:00:00,2025-06-12 21:00:00,8457.0009765625,8782.0009765625,83.0,3.842969876682001,0.04630084188773495,1493927.0,,53354.53571428572,,5843996.0,0.0,70409.59036144578,0.0,0.7577736987304089,,0.25563450077652344,,10.714285714285714,71.42857142857143,17.857142857142858,True,False,2025-06-12 22:00:00,8784.0009765625,,,1.0,0.0,2025-06-16 23:00:00,8841.0009765625,2025-06-17 02:00:00,8817.0009765625,4.0,4.0,0.6741983874292219,33.84800098690226,4.0
AG:5m:1:-1:11600:11604:1,AG,4h,419.0,2025-06-17 02:30:00,460.0,1.0,1.0,CHoCH,1.0,8375.0,39.0,BOS,1.0,8498.0009765625,29.0,3.0,0.0,1.0,0.0,current_internal_high,internal,0.0,2.0,8912.0009765625,8912.0009765625,8912.0009765625,0.8601176052559304,current_internal_low,internal,0.0,1.0,8777.0009765625,8777.0009765625,8777.0009765625,0.6677228777644724,8841.0009765625,8847.0009765625,8813.0009765625,8817.0009765625,40313.0,396958.0,0.0,0.0,0.0,0.0,0.0,0.0,,8912.0009765625,2.0,above,0.8601176052559304,9020.0009765625,False,,8777.0009765625,1.0,below,0.6677228777644724,8766.0009765625,False,,8375.0,81.0,below,5.217303368178721,8544.0009765625,True,39.0,7944.0,34.0,below,10.095075576932748,7535.0,False,,1.0,1.0,0.0010932879987655653,68.0,UP_CONFIRMED,0.020177504531208732,0.028721658445794135,0.014686242022342868,0.2803576213961184,0.0010932879987655653,0.07434358391605844,0.0028576970097500265,0.007799776967986061,0.020926836827577455,8642.614581679178,2.017750453120873,-0.271462474256301,-1.19014334595535,,7.0,1.0,352.0,419.0,2025-05-21 21:00:00,2025-06-17 00:00:00,8292.0,8817.0009765625,68.0,6.331415539827545,0.09310905205628743,6.0,-1.0,332.0,351.0,2025-05-14 21:00:00,2025-05-21 13:30:00,8096.0,8272.0,20.0,2.1739130434782705,0.10869565217391353,12103334.0,,177990.20588235295,,3730511.0,0.0,186525.55,0.0,0.9542403487476807,,3.244417185742114,,35.294117647058826,50.0,14.705882352941178,True,False,,,,,0.0,0.0,2025-06-11 09:00:00,8914.0009765625,2025-06-11 13:30:00,8902.0009765625,4.0,5.0,0.5113298749812775,64.31743899856657,
AG:5m:1:1:11614:11626:1,AG,5m,11633.0,2025-06-17 11:00:00,0.0,1.0,1.0,CHoCH,1.0,8862.0009765625,231.0,CHoCH,1.0,8834.0009765625,7.0,23.0,3.0,9.0,2.0,current_swing_high,swing,0.0,40.0,8894.0009765625,8894.0009765625,8894.0009765625,0.6108596610245886,active_bull_internal_ob,internal,1.0,7.0,8817.0009765625,8834.0009765625,8825.5009765625,0.06787329566939872,8837.0009765625,8841.0009765625,8832.0009765625,8840.0009765625,2691.0,398971.0,0.0,0.0,0.0,0.0,0.0,0.0,,8834.0009765625,14.0,below,0.06787329566939872,8846.0009765625,True,7.0,8820.0009765625,12.0,below,0.22624431889799573,8812.0009765625,False,,8894.0009765625,40.0,above,0.6108596610245886,8912.0009765625,False,,8804.0009765625,25.0,below,0.40723977401639233,8777.0009765625,False,,1.0,1.0,6.2718351358445e-05,92.0,UP_CONFIRMED,-0.001355456396311685,0.0008553235428929977,0.001674435033639586,0.09336510937814657,6.2718351358445e-05,0.005770088324976941,0.0025464267069650326,0.0027397788294127867,0.0027292579670477046,8851.999475872219,-0.1355456396311685,0.033948168705166815,-0.24028666208512975,,157.0,1.0,11542.0,11633.0,2025-06-16 14:35:00,2025-06-17 10:55:00,8860.0009765625,8840.0009765625,92.0,-0.22573360943081155,-0.002453626189465343,156.0,-1.0,11506.0,11541.0,2025-06-16 09:20:00,2025-06-16 14:30:00,8808.0009765625,8824.0009765625,36.0,0.18165302254820048,0.005045917293005569,426631.0,,4637.29347826087,,175373.0,0.0,4871.472222222223,0.0,0.9519285478231615,,2.4327062888814126,,15.217391304347828,57.608695652173914,27.173913043478258,True,True,2025-06-17 09:50:00,8830.0009765625,2025-06-17 10:40:00,8850.0009765625,5.0,6.0,2025-06-17 09:15:00,8828.0009765625,2025-06-17 09:10:00,8825.0009765625,5.0,5.0,1.9576627435929945,8.765947599916357,
AG:5m:1:1:11614:11626:1,AG,15m,3877.0,2025-06-17 11:00:00,0.0,1.0,1.0,BOS,1.0,8498.0009765625,287.0,BOS,1.0,8847.0009765625,1.0,13.0,2.0,4.0,0.0,current_internal_high,internal,0.0,7.0,8847.0009765625,8847.0009765625,8847.0009765625,0.0791855116142985,active_bull_internal_ob,internal,1.0,1.0,8812.0009765625,8834.0009765625,8823.0009765625,0.06787329566939872,8851.0009765625,8851.0009765625,8832.0009765625,8840.0009765625,10497.0,398971.0,0.0,0.0,0.0,0.0,0.0,0.0,,8847.0009765625,7.0,above,0.0791855116142985,8894.0009765625,True,1.0,8812.0009765625,1.0,below,0.316742046457194,8806.0009765625,False,,8912.0009765625,26.0,above,0.8144795480327847,9020.0009765625,False,,8777.0009765625,16.0,below,0.7126696045286866,8766.0009765625,False,,1.0,1.0,6.329907059593892e-05,78.0,UP_CONFIRMED,0.0015247302815678703,0.0019889669574803823,0.002642774739634831,0.4302795105110542,6.329907059593892e-05,0.004937327506483236,0.00017550045856862262,0.0001625849593704931,0.0003154534167437717,8826.542879352794,0.15247302815678704,-0.1129943378140097,1.048880764120497,,57.0,1.0,3800.0,3877.0,2025-06-13 09:45:00,2025-06-17 10:45:00,8875.0009765625,8840.0009765625,78.0,-0.3943661537889387,-0.005055976330627419,56.0,-1.0,3739.0,3799.0,2025-06-11 21:15:00,2025-06-13 09:30:00,8826.0009765625,8817.0009765625,61.0,-0.10197143671182296,-0.0016716628969151305,1245194.0,,15964.02564102564,,1069036.0,0.0,17525.180327868853,0.0,0.9109193367693549,,1.164782102754257,,5.128205128205128,58.97435897435898,35.8974358974359,True,False,2025-06-17 09:00:00,8825.0009765625,2025-06-17 02:00:00,8816.0009765625,7.0,7.0,2025-06-17 10:00:00,8845.0009765625,2025-06-17 10:45:00,8840.0009765625,5.0,6.0,1.32871726686837,15.837119017260523,
AG:5m:1:1:11614:11626:1,AG,1h,1154.0,2025-06-17 11:00:00,0.0,1.0,1.0,CHoCH,1.0,8341.0,111.0,CHoCH,1.0,8862.0009765625,23.0,7.0,1.0,1.0,0.0,current_internal_high,internal,0.0,3.0,8894.0009765625,8894.0009765625,8894.0009765625,0.6108596610245886,current_internal_low,internal,0.0,1.0,8806.0009765625,8806.0009765625,8806.0009765625,0.38461534212659276,8827.0009765625,8853.0009765625,8824.0009765625,8840.0009765625,32629.0,398971.0,0.0,0.0,0.0,0.0,0.0,0.0,,8894.0009765625,3.0,above,0.6108596610245886,8912.0009765625,False,,8806.0009765625,1.0,below,0.38461534212659276,8777.0009765625,False,,9020.0009765625,7.0,above,2.0361988700819613,8341.0,False,,8168.0,77.0,below,7.601820162058541,7944.0,False,,0.0,0.0,0.00012902816283463886,-29.0,NONE,0.004622509372259119,0.004201168310402258,0.0027743317408694423,0.5603557339835956,0.00012902816283463886,0.0037418167222045273,0.00023641651294470378,0.001175138961183153,0.002016167213101605,8799.326009613498,0.4622509372259119,0.13593111319152307,-0.478121840109903,,18.0,-1.0,1126.0,1154.0,2025-06-12 22:00:00,2025-06-17 10:00:00,8784.0009765625,8840.0009765625,29.0,0.6375226977936244,0.021983541303228427,17.0,1.0,1043.0,1125.0,2025-06-03 09:00:00,2025-06-12 21:00:00,8457.0009765625,8782.0009765625,83.0,3.842969876682001,0.04630084188773495,1526556.0,,52639.862068965514,,5843996.0,0.0,70409.59036144578,0.0,0.7476234671830949,,0.2612178379314428,,10.344827586206897,72.41379310344827,17.24137931034483,True,False,2025-06-12 22:00:00,8784.0009765625,,,1.0,0.0,2025-06-17 10:00:00,8840.0009765625,2025-06-17 02:00:00,8817.0009765625,5.0,4.0,0.6603714814281751,33.50171520212353,3.0
AG:5m:1:1:11614:11626:1,AG,4h,419.0,2025-06-17 02:30:00,510.0,1.0,1.0,CHoCH,1.0,8375.0,39.0,BOS,1.0,8498.0009765625,29.0,3.0,0.0,1.0,0.0,current_internal_high,internal,0.0,2.0,8912.0009765625,8912.0009765625,8912.0009765625,0.8144795480327847,current_internal_low,internal,0.0,1.0,8777.0009765625,8777.0009765625,8777.0009765625,0.7126696045286866,8841.0009765625,8847.0009765625,8813.0009765625,8817.0009765625,40313.0,396958.0,0.0,0.0,0.0,0.0,0.0,0.0,,8912.0009765625,2.0,above,0.8144795480327847,9020.0009765625,False,,8777.0009765625,1.0,below,0.7126696045286866,8766.0009765625,False,,8375.0,81.0,below,5.260191461464284,8544.0009765625,True,39.0,7944.0,34.0,below,10.135756533716092,7535.0,False,,1.0,1.0,0.0010932879987655653,68.0,UP_CONFIRMED,0.020177504531208732,0.028721658445794135,0.014686242022342868,0.2803576213961184,0.0010932879987655653,0.07434358391605844,0.0028576970097500265,0.007799776967986061,0.020926836827577455,8642.614581679178,2.017750453120873,-0.271462474256301,-1.19014334595535,,7.0,1.0,352.0,419.0,2025-05-21 21:00:00,2025-06-17 00:00:00,8292.0,8817.0009765625,68.0,6.331415539827545,0.09310905205628743,6.0,-1.0,332.0,351.0,2025-05-14 21:00:00,2025-05-21 13:30:00,8096.0,8272.0,20.0,2.1739130434782705,0.10869565217391353,12103334.0,,177990.20588235295,,3730511.0,0.0,186525.55,0.0,0.9542403487476807,,3.244417185742114,,35.294117647058826,50.0,14.705882352941178,True,False,,,,,0.0,0.0,2025-06-11 09:00:00,8914.0009765625,2025-06-11 13:30:00,8902.0009765625,4.0,5.0,0.5113298749812775,64.31743899856657,
AG:5m:1:1:11614:11626:2,AG,5m,11636.0,2025-06-17 11:15:00,0.0,1.0,1.0,CHoCH,1.0,8862.0009765625,234.0,CHoCH,1.0,8834.0009765625,10.0,23.0,3.0,9.0,2.0,current_internal_high,internal,0.0,1.0,8853.0009765625,8853.0009765625,8853.0009765625,0.2945507774275242,active_bull_internal_ob,internal,1.0,67.0,8806.0009765625,8821.0009765625,8813.5009765625,0.06797325632942867,8837.0009765625,8838.0009765625,8823.0009765625,8827.0009765625,8143.0,397041.0,1.0,1.0,1.0,0.0,1.0,0.0,active_bull_internal_ob,8853.0009765625,1.0,above,0.2945507774275242,8834.0009765625,False,,8820.0009765625,15.0,below,0.07930213238433345,8812.0009765625,False,,8894.0009765625,43.0,above,0.7590346956786201,8912.0009765625,False,,8804.0009765625,28.0,below,0.2605641492628099,8777.0009765625,False,,1.0,1.0,5.888929713543904e-05,95.0,UP_CONFIRMED,-0.0026499161670532853,0.0007640908653483958,0.001725262411196127,0.02391737846118691,5.888929713543904e-05,0.005594483227866709,-0.0002548835779946357,0.002530237472450514,0.0025770453213596056,8850.45393753734,-0.2649916167053285,-0.11316056235053384,3.0926941253468674,,157.0,1.0,11542.0,11636.0,2025-06-16 14:35:00,2025-06-17 11:10:00,8860.0009765625,8827.0009765625,95.0,-0.3724604555608413,-0.003920636374324645,156.0,-1.0,11506.0,11541.0,2025-06-16 09:20:00,2025-06-16 14:30:00,8808.0009765625,8824.0009765625,36.0,0.18165302254820048,0.005045917293005569,437932.0,,4609.8105263157895,,175373.0,0.0,4871.472222222223,0.0,0.9462869366856267,,2.4971460829204037,,14.736842105263156,58.94736842105262,26.31578947368421,True,True,2025-06-17 09:50:00,8830.0009765625,2025-06-17 10:40:00,8850.0009765625,5.0,6.0,2025-06-17 11:05:00,8837.0009765625,2025-06-17 11:10:00,8827.0009765625,6.0,7.0,2.257928329518079,8.919018541186677,
AG:5m:1:1:11614:11626:2,AG,15m,3878.0,2025-06-17 11:15:00,0.0,1.0,1.0,BOS,1.0,8498.0009765625,288.0,BOS,1.0,8847.0009765625,2.0,13.0,2.0,4.0,0.0,current_internal_high,internal,0.0,8.0,8847.0009765625,8847.0009765625,8847.0009765625,0.22657752109809556,active_bull_internal_ob,internal,1.0,31.0,8790.0009765625,8822.0009765625,8806.0009765625,0.05664438027452389,8839.0009765625,8843.0009765625,8823.0009765625,8827.0009765625,11301.0,397041.0,1.0,1.0,1.0,0.0,1.0,0.0,active_bull_internal_ob,8847.0009765625,8.0,above,0.22657752109809556,8894.0009765625,True,2.0,8812.0009765625,2.0,below,0.1699331408235717,8806.0009765625,False,,8912.0009765625,27.0,above,0.9629544646669063,9020.0009765625,False,,8777.0009765625,17.0,below,0.566443802745239,8766.0009765625,False,,1.0,1.0,6.26867312181257e-05,79.0,UP_CONFIRMED,3.7048472545324277e-05,0.0019642591285571535,0.002635045954517454,0.23227461125494098,6.26867312181257e-05,0.00495225176623193,0.00018210658030337612,0.00016957453784050003,0.0003057675870941079,8826.67396177456,0.0037048472545324275,-0.14705880728369536,1.2104100183242572,,57.0,1.0,3800.0,3878.0,2025-06-13 09:45:00,2025-06-17 11:00:00,8875.0009765625,8827.0009765625,79.0,-0.54084501091054,-0.006846139378614431,56.0,-1.0,3739.0,3799.0,2025-06-11 21:15:00,2025-06-13 09:30:00,8826.0009765625,8817.0009765625,61.0,-0.10197143671182296,-0.0016716628969151305,1256495.0,,15905.0,,1069036.0,0.0,17525.180327868853,0.0,0.907551289198867,,1.175353308962467,,5.063291139240507,59.49367088607595,35.44303797468354,True,True,2025-06-17 09:00:00,8825.0009765625,2025-06-17 02:00:00,8816.0009765625,7.0,7.0,2025-06-17 10:00:00,8845.0009765625,2025-06-17 10:45:00,8840.0009765625,5.0,6.0,1.3414960970312644,16.13446765888477,
AG:5m:1:1:11614:11626:2,AG,1h,1154.0,2025-06-17 11:00:00,15.0,1.0,1.0,CHoCH,1.0,8341.0,111.0,CHoCH,1.0,8862.0009765625,23.0,7.0,1.0,1.0,0.0,current_internal_high,internal,0.0,3.0,8894.0009765625,8894.0009765625,8894.0009765625,0.7590346956786201,current_internal_low,internal,0.0,1.0,8806.0009765625,8806.0009765625,8806.0009765625,0.23790639715300035,8827.0009765625,8853.0009765625,8824.0009765625,8840.0009765625,32629.0,398971.0,0.0,0.0,0.0,0.0,0.0,0.0,,8894.0009765625,3.0,above,0.7590346956786201,8912.0009765625,False,,8806.0009765625,1.0,below,0.23790639715300035,8777.0009765625,False,,9020.0009765625,7.0,above,2.186473078596622,8341.0,False,,8168.0,77.0,below,7.465740383537771,7944.0,False,,0.0,0.0,0.00012902816283463886,-29.0,NONE,0.004622509372259119,0.004201168310402258,0.0027743317408694423,0.5603557339835956,0.00012902816283463886,0.0037418167222045273,0.00023641651294470378,0.001175138961183153,0.002016167213101605,8799.326009613498,0.4622509372259119,0.13593111319152307,-0.478121840109903,,18.0,-1.0,1126.0,1154.0,2025-06-12 22:00:00,2025-06-17 10:00:00,8784.0009765625,8840.0009765625,29.0,0.6375226977936244,0.021983541303228427,17.0,1.0,1043.0,1125.0,2025-06-03 09:00:00,2025-06-12 21:00:00,8457.0009765625,8782.0009765625,83.0,3.842969876682001,0.04630084188773495,1526556.0,,52639.862068965514,,5843996.0,0.0,70409.59036144578,0.0,0.7476234671830949,,0.2612178379314428,,10.344827586206897,72.41379310344827,17.24137931034483,True,False,2025-06-12 22:00:00,8784.0009765625,,,1.0,0.0,2025-06-17 10:00:00,8840.0009765625,2025-06-17 02:00:00,8817.0009765625,5.0,4.0,0.6603714814281751,33.50171520212353,3.0
AG:5m:1:1:11614:11626:2,AG,4h,419.0,2025-06-17 02:30:00,525.0,1.0,1.0,CHoCH,1.0,8375.0,39.0,BOS,1.0,8498.0009765625,29.0,3.0,0.0,1.0,0.0,current_internal_high,internal,0.0,2.0,8912.0009765625,8912.0009765625,8912.0009765625,0.9629544646669063,current_internal_low,internal,0.0,1.0,8777.0009765625,8777.0009765625,8777.0009765625,0.566443802745239,8841.0009765625,8847.0009765625,8813.0009765625,8817.0009765625,40313.0,396958.0,0.0,0.0,0.0,0.0,0.0,0.0,,8912.0009765625,2.0,above,0.9629544646669063,9020.0009765625,False,,8777.0009765625,1.0,below,0.566443802745239,8766.0009765625,False,,8375.0,81.0,below,5.120663040172483,8544.0009765625,True,39.0,7944.0,34.0,below,10.003408619836442,7535.0,False,,1.0,1.0,0.0010932879987655653,68.0,UP_CONFIRMED,0.020177504531208732,0.028721658445794135,0.014686242022342868,0.2803576213961184,0.0010932879987655653,0.07434358391605844,0.0028576970097500265,0.007799776967986061,0.020926836827577455,8642.614581679178,2.017750453120873,-0.271462474256301,-1.19014334595535,,7.0,1.0,352.0,419.0,2025-05-21 21:00:00,2025-06-17 00:00:00,8292.0,8817.0009765625,68.0,6.331415539827545,0.09310905205628743,6.0,-1.0,332.0,351.0,2025-05-14 21:00:00,2025-05-21 13:30:00,8096.0,8272.0,20.0,2.1739130434782705,0.10869565217391353,12103334.0,,177990.20588235295,,3730511.0,0.0,186525.55,0.0,0.9542403487476807,,3.244417185742114,,35.294117647058826,50.0,14.705882352941178,True,False,,,,,0.0,0.0,2025-06-11 09:00:00,8914.0009765625,2025-06-11 13:30:00,8902.0009765625,4.0,5.0,0.5113298749812775,64.31743899856657,
AG:5m:1:-1:11630:11637:1,AG,5m,11640.0,2025-06-17 13:35:00,0.0,1.0,-1.0,CHoCH,1.0,8862.0009765625,238.0,CHoCH,-1.0,8820.0009765625,3.0,22.0,3.0,9.0,2.0,current_internal_high,internal,0.0,5.0,8853.0009765625,8853.0009765625,8853.0009765625,0.05650993951339424,active_bull_internal_ob,internal,1.0,71.0,8806.0009765625,8821.0009765625,8813.5009765625,0.3051536733723289,8852.0009765625,8855.0009765625,8841.0009765625,8848.0009765625,15124.0,396497.0,0.0,0.0,0.0,0.0,0.0,0.0,,8853.0009765625,5.0,above,0.05650993951339424,8834.0009765625,False,,8820.0009765625,19.0,below,0.3164556612750077,8812.0009765625,True,3.0,8894.0009765625,47.0,above,0.5198914435232269,8912.0009765625,False,,8804.0009765625,32.0,below,0.4972874677178693,8777.0009765625,False,,0.0,0.0,0.0,1.0,DOWN_BROKEN,0.004003501685271044,0.004003501685271044,0.0,0.5,0.0,0.0,,,,8812.719240232409,0.4003501685271044,0.26062320062154587,3.4236555161653337,,159.0,1.0,11640.0,11640.0,2025-06-17 13:30:00,2025-06-17 13:30:00,8848.0009765625,8848.0009765625,1.0,0.0,0.0,158.0,-1.0,11638.0,11639.0,2025-06-17 11:20:00,2025-06-17 11:25:00,8814.0009765625,8825.0009765625,2.0,0.1248014384074958,0.0624007192037479,15124.0,,15124.0,,12242.0,0.0,6121.0,0.0,2.470838098349943,,1.2354190491749715,,0.0,100.0,0.0,False,False,,,,,0.0,0.0,2025-06-17 13:30:00,8848.0009765625,,,1.0,0.0,0.0,10.933519589619761,
AG:5m:1:-1:11630:11637:1,AG,15m,3879.0,2025-06-17 11:30:00,125.0,1.0,1.0,BOS,1.0,8498.0009765625,289.0,BOS,1.0,8847.0009765625,3.0,12.0,2.0,4.0,0.0,active_bear_internal_ob,internal,-1.0,145.0,8902.0009765625,8918.0009765625,8910.0009765625,0.6103073467446578,current_internal_high,internal,0.0,9.0,8847.0009765625,8847.0009765625,8847.0009765625,0.011301987902678848,8827.0009765625,8829.0009765625,8810.0009765625,8825.0009765625,18274.0,394189.0,0.0,0.0,0.0,0.0,0.0,0.0,,8847.0009765625,9.0,below,0.011301987902678848,8894.0009765625,True,3.0,8812.0009765625,3.0,below,0.40687156449643846,8806.0009765625,False,,8912.0009765625,28.0,above,0.7233272257714463,9020.0009765625,False,,8777.0009765625,18.0,below,0.8024411410901982,8766.0009765625,False,,1.0,1.0,6.15466410351262e-05,80.0,UP_CONFIRMED,-0.00016116207785405796,0.0019376913634770135,0.0026291511344549013,0.21234797834569813,6.15466410351262e-05,0.004923731282810095,0.00014953035835252315,0.000147804654132333,0.0002528250413316169,8826.423461307544,-0.016116207785405796,-0.02265775210981147,2.431105866658009,,57.0,1.0,3800.0,3879.0,2025-06-13 09:45:00,2025-06-17 11:15:00,8875.0009765625,8825.0009765625,80.0,-0.5633802196984838,-0.007042252746231048,56.0,-1.0,3739.0,3799.0,2025-06-11 21:15:00,2025-06-13 09:30:00,8826.0009765625,8817.0009765625,61.0,-0.10197143671182296,-0.0016716628969151305,1274769.0,,15934.6125,,1069036.0,0.0,17525.180327868853,0.0,0.9092410007707878,,1.1924472141256235,,5.0,60.0,35.0,True,True,2025-06-17 09:00:00,8825.0009765625,2025-06-17 11:15:00,8825.0009765625,7.0,8.0,2025-06-17 10:00:00,8845.0009765625,2025-06-17 10:45:00,8840.0009765625,5.0,6.0,1.3568472172663892,16.339148540393,
AG:5m:1:-1:11630:11637:1,AG,1h,1155.0,2025-06-17 11:30:00,125.0,1.0,1.0,CHoCH,1.0,8341.0,112.0,CHoCH,1.0,8862.0009765625,24.0,7.0,1.0,1.0,0.0,current_internal_high,internal,0.0,4.0,8894.0009765625,8894.0009765625,8894.0009765625,0.5198914435232269,current_internal_low,internal,0.0,2.0,8806.0009765625,8806.0009765625,8806.0009765625,0.4746834919125116,8839.0009765625,8843.0009765625,8810.0009765625,8825.0009765625,29575.0,394189.0,0.0,0.0,0.0,0.0,0.0,0.0,,8894.0009765625,4.0,above,0.5198914435232269,8912.0009765625,False,,8806.0009765625,2.0,below,0.4746834919125116,8777.0009765625,False,,9020.0009765625,8.0,above,1.9439419192607617,8341.0,False,,8168.0,78.0,below,7.685362810919178,7944.0,False,,0.0,0.0,0.00012648467646827476,-30.0,NONE,0.0028651558334352864,0.004156634561170026,0.0027382233494090383,0.31858887824705806,0.00012648467646827476,0.003794540294048243,0.0002518735901919644,0.0011894488345365328,0.0019684643784583233,8799.788212033796,0.2865155833435286,-0.16968323917350148,-0.497693684394994,,18.0,-1.0,1126.0,1155.0,2025-06-12 22:00:00,2025-06-17 11:00:00,8784.0009765625,8825.0009765625,30.0,0.46675768945605434,0.015558589648535145,17.0,1.0,1043.0,1125.0,2025-06-03 09:00:00,2025-06-12 21:00:00,8457.0009765625,8782.0009765625,83.0,3.842969876682001,0.04630084188773495,1556131.0,,51871.03333333333,,5843996.0,0.0,70409.59036144578,0.0,0.7367040919717719,,0.2662785874596766,,10.0,73.33333333333333,16.666666666666664,True,False,2025-06-12 22:00:00,8784.0009765625,,,1.0,0.0,2025-06-17 10:00:00,8840.0009765625,2025-06-17 11:00:00,8825.0009765625,5.0,5.0,0.6587597030993921,33.46587840197185,2.0
AG:5m:1:-1:11630:11637:1,AG,4h,420.0,2025-06-17 11:30:00,125.0,1.0,1.0,CHoCH,1.0,8375.0,40.0,BOS,1.0,8498.0009765625,30.0,3.0,0.0,1.0,0.0,current_internal_high,internal,0.0,3.0,8912.0009765625,8912.0009765625,8912.0009765625,0.7233272257714463,current_internal_low,internal,0.0,2.0,8777.0009765625,8777.0009765625,8777.0009765625,0.8024411410901982,8812.0009765625,8853.0009765625,8810.0009765625,8825.0009765625,98625.0,394189.0,0.0,0.0,0.0,0.0,0.0,0.0,,8912.0009765625,3.0,above,0.7233272257714463,9020.0009765625,False,,8777.0009765625,2.0,below,0.8024411410901982,8766.0009765625,False,,8375.0,82.0,below,5.345851315064656,8544.0009765625,True,40.0,7944.0,35.0,below,10.217008101119239,7535.0,False,,1.0,1.0,0.0010840015123044053,69.0,UP_CONFIRMED,0.020673236207082286,0.02860501464523309,0.014611126504901664,0.2936135161914405,0.0010840015123044053,0.07479610434900397,0.0030099843291575556,0.006742300195736961,0.01811040100736272,8646.254906572287,2.067323620708229,0.0907337996362445,-0.5677538094743424,,7.0,1.0,352.0,420.0,2025-05-21 21:00:00,2025-06-17 09:00:00,8292.0,8825.0009765625,69.0,6.427894073353846,0.09315788512107023,6.0,-1.0,332.0,351.0,2025-05-14 21:00:00,2025-05-21 13:30:00,8096.0,8272.0,20.0,2.1739130434782705,0.10869565217391353,12201959.0,,176839.98550724637,,3730511.0,0.0,186525.55,0.0,0.9480737920743103,,3.2708545826563706,,34.78260869565217,49.275362318840585,15.942028985507244,True,False,,,,,0.0,0.0,2025-06-11 09:00:00,8914.0009765625,2025-06-11 13:30:00,8902.0009765625,4.0,5.0,0.5107889887878995,62.79476478438325,
AG:5m:1:1:11638:11644:1,AG,5m,11872.0,2025-06-19 14:25:00,0.0,-1.0,-1.0,CHoCH,-1.0,8901.0009765625,26.0,BOS,-1.0,8885.0009765625,4.0,23.0,3.0,10.0,1.0,current_internal_low,internal,0.0,20.0,8885.0009765625,8885.0009765625,8885.0009765625,0.7141237024046216,active_bull_internal_ob,internal,1.0,228.0,8810.0009765625,8821.0009765625,8815.5009765625,0.011335296863565422,8830.0009765625,8835.0009765625,8815.0009765625,8822.0009765625,19903.0,393122.0,0.0,0.0,0.0,0.0,0.0,0.0,,8924.0009765625,8.0,above,1.156200280083673,8969.0009765625,False,,8885.0009765625,20.0,above,0.7141237024046216,8942.0009765625,True,4.0,9075.0009765625,63.0,above,2.867830106482052,8894.0009765625,False,,8901.0009765625,37.0,above,0.8954884522216685,8804.0009765625,True,26.0,-1.0,-1.0,-0.0001746502938726296,-90.0,DOWN_CONFIRMED,-0.007986175823406534,-0.004337448305873903,0.0016435379535925828,0.013207870975630809,-0.0001746502938726296,-0.015718526448536663,-0.00396348730919005,-0.0046984664956434274,-0.005159248048090426,8893.022215577563,-0.7986175823406534,-0.09060021648055194,1.7860360102147468,,160.0,-1.0,11783.0,11872.0,2025-06-18 22:10:00,2025-06-19 14:20:00,8964.0009765625,8822.0009765625,90.0,-1.5841140621389527,-0.017601267357099475,159.0,1.0,11640.0,11782.0,2025-06-17 13:30:00,2025-06-18 22:05:00,8848.0009765625,8988.0009765625,143.0,1.582278306375029,0.01106488326136384,509274.0,,5658.6,,994541.0,0.0,6954.832167832168,0.0,0.8136213589987743,,0.5120693867824454,,25.555555555555554,42.22222222222222,32.22222222222222,True,True,,,,,0.0,0.0,2025-06-19 11:00:00,8913.0009765625,2025-06-19 13:45:00,8911.0009765625,4.0,4.0,0.3789181651725633,14.512751629411756,
AG:5m:1:1:11638:11644:1,AG,15m,3956.0,2025-06-19 14:15:00,10.0,1.0,-1.0,BOS,1.0,8912.0009765625,70.0,BOS,-1.0,8885.0009765625,0.0,12.0,3.0,5.0,0.0,current_internal_low,internal,0.0,2.0,8885.0009765625,8885.0009765625,8885.0009765625,0.7141237024046216,active_bull_swing_ob,swing,1.0,70.0,8777.0009765625,8808.0009765625,8792.5009765625,0.1586941560899159,8895.0009765625,8895.0009765625,8841.0009765625,8855.0009765625,53892.0,394058.0,1.0,1.0,1.0,0.0,1.0,0.0,active_bull_internal_ob,8957.0009765625,15.0,above,1.530265076581332,8956.0009765625,True,13.0,8885.0009765625,2.0,above,0.7141237024046216,8932.0009765625,True,0.0,8912.0009765625,105.0,above,1.020176717720888,9020.0009765625,True,70.0,8777.0009765625,95.0,below,0.510088358860444,8766.0009765625,False,,0.0,0.0,-0.00035104156897438867,-9.0,NONE,-0.013302314851386679,-0.010110524735108239,0.0015401007436675119,0.019111495314007243,-0.00035104156897438867,-0.003159374120769498,-0.0023677715090464346,,,8974.381018466449,-1.3302314851386678,-0.44969078817862496,3.3322653843198777,,58.0,-1.0,3948.0,3956.0,2025-06-19 09:45:00,2025-06-19 14:00:00,8895.0009765625,8855.0009765625,9.0,-0.44969078817862496,-0.04996564313095833,57.0,1.0,3800.0,3947.0,2025-06-13 09:45:00,2025-06-19 09:30:00,8875.0009765625,8907.0009765625,148.0,0.3605633406070341,0.0024362387878853657,154401.0,,17155.666666666668,,2585183.0,0.0,17467.452702702703,0.0,0.9821504576916477,,0.059725365670438034,,0.0,0.0,100.0,True,True,,,,,0.0,0.0,,,,,0.0,0.0,0.15232648987243927,20.402808202534246,
AG:5m:1:1:11638:11644:1,AG,1h,1178.0,2025-06-19 14:00:00,25.0,1.0,1.0,BOS,1.0,9020.0009765625,12.0,BOS,1.0,8894.0009765625,20.0,8.0,0.0,2.0,0.0,current_swing_high,swing,0.0,31.0,9020.0009765625,9020.0009765625,9020.0009765625,2.244388778985954,current_internal_low,internal,0.0,25.0,8806.0009765625,8806.0009765625,8806.0009765625,0.18136474981704676,8915.0009765625,8922.0009765625,8888.0009765625,8895.0009765625,29430.0,398463.0,1.0,1.0,1.0,0.0,1.0,0.0,active_bull_internal_ob,9075.0009765625,5.0,above,2.867830106482052,8894.0009765625,False,,8806.0009765625,25.0,below,0.18136474981704676,8777.0009765625,False,,9020.0009765625,31.0,above,2.244388778985954,8341.0,True,12.0,8766.0009765625,2.0,below,0.6347766243596636,8168.0,False,,0.0,0.0,0.0012267742952560305,21.0,NONE,-0.01686938363536143,0.0019444461264681208,0.015512610875127468,0.11260148009114773,0.0012267742952560305,0.02576226020037664,-0.0012557920087508112,-0.0029164031792734413,0.02576226020037664,9047.628899457837,-1.6869383635361428,-0.24671972177444657,-0.573946963763531,,19.0,1.0,1158.0,1178.0,2025-06-17 21:00:00,2025-06-19 13:30:00,8978.0009765625,8895.0009765625,21.0,-0.924481966717039,-0.044022950796049475,18.0,-1.0,1126.0,1157.0,2025-06-12 22:00:00,2025-06-17 14:00:00,8784.0009765625,8864.0009765625,32.0,0.9107467111337586,0.028460834722929956,1315587.0,,62647.0,,1651467.0,0.0,51608.34375,0.0,1.213892860105591,,0.796617189444294,,52.38095238095239,4.761904761904762,42.857142857142854,True,True,,,2025-06-18 14:00:00,9045.0009765625,0.0,1.0,,,2025-06-18 21:00:00,8998.0009765625,0.0,1.0,7.977907263136404,36.24152765761271,2.0
AG:5m:1:1:11638:11644:1,AG,4h,428.0,2025-06-19 11:30:00,175.0,1.0,1.0,CHoCH,1.0,8375.0,48.0,BOS,1.0,8912.0009765625,6.0,4.0,0.0,1.0,0.0,current_internal_high,internal,0.0,11.0,8912.0009765625,8912.0009765625,8912.0009765625,1.020176717720888,current_internal_low,internal,0.0,10.0,8777.0009765625,8777.0009765625,8777.0009765625,0.510088358860444,8932.0009765625,8934.0009765625,8885.0009765625,8917.0009765625,131048.0,398965.0,1.0,1.0,1.0,0.0,1.0,0.0,active_bull_internal_ob,8912.0009765625,11.0,above,1.020176717720888,9020.0009765625,True,6.0,8777.0009765625,10.0,below,0.510088358860444,8766.0009765625,False,,8375.0,90.0,below,5.066888767639587,8544.0009765625,True,48.0,7944.0,43.0,below,9.952401715836285,7535.0,False,,1.0,1.0,0.0016379978876731147,77.0,UP_CONFIRMED,-0.01569443646104469,0.026834497694786724,0.016581735893741446,0.005161676735187193,0.0016379978876731147,0.12612583735082983,0.04367102614278284,0.04837467207802448,0.05695924863127577,9059.179696701569,-1.5694436461044692,-0.35758181369974773,-0.27773812175155443,,7.0,1.0,352.0,428.0,2025-05-21 21:00:00,2025-06-19 09:00:00,8292.0,8917.0009765625,77.0,7.5373972089061825,0.09788827544034004,6.0,-1.0,332.0,351.0,2025-05-14 21:00:00,2025-05-21 13:30:00,8096.0,8272.0,20.0,2.1739130434782705,0.10869565217391353,13583452.0,,176408.46753246753,,3730511.0,0.0,186525.55,0.0,0.9457603397093188,,3.6411773078808776,,35.064935064935064,49.35064935064935,15.584415584415584,True,True,,,2025-06-18 13:30:00,9045.0009765625,0.0,1.0,2025-06-19 00:00:00,8949.0009765625,2025-06-19 09:00:00,8917.0009765625,6.0,7.0,0.6179260771839551,66.5703623645725,
AG:5m:1:1:11655:11658:1,AG,5m,11869.0,2025-06-19 14:10:00,0.0,-1.0,-1.0,CHoCH,-1.0,8901.0009765625,23.0,BOS,-1.0,8885.0009765625,1.0,24.0,3.0,10.0,1.0,current_internal_low,internal,0.0,17.0,8885.0009765625,8885.0009765625,8885.0009765625,0.21430180360037165,active_bull_internal_ob,internal,1.0,211.0,8850.0009765625,8861.0009765625,8855.5009765625,0.05639521147378201,8882.0009765625,8882.0009765625,8855.0009765625,8866.0009765625,16746.0,396445.0,0.0,0.0,0.0,0.0,0.0,0.0,,8924.0009765625,5.0,above,0.6541844530958714,8969.0009765625,False,,8885.0009765625,17.0,above,0.21430180360037165,8942.0009765625,True,1.0,9075.0009765625,60.0,above,2.357319839604088,8894.0009765625,False,,8901.0009765625,34.0,above,0.39476648031647404,8804.0009765625,True,23.0,-1.0,-1.0,-0.00014967142985365268,-87.0,DOWN_CONFIRMED,-0.005762868881762093,-0.004234424847117469,0.0015641255199948345,0.16423814734508457,-0.00014967142985365268,-0.013021414397267783,-0.0019034760421799968,-0.0021004581675814205,-0.0027319962225008654,8917.39073010755,-0.5762868881762093,-0.16889988008768064,2.838634760031858,,160.0,-1.0,11783.0,11869.0,2025-06-18 22:10:00,2025-06-19 14:05:00,8964.0009765625,8866.0009765625,87.0,-1.0932618175325204,-0.01256622778773012,159.0,1.0,11640.0,11782.0,2025-06-17 13:30:00,2025-06-18 22:05:00,8848.0009765625,8988.0009765625,143.0,1.582278306375029,0.01106488326136384,447181.0,,5140.0114942528735,,994541.0,0.0,6954.832167832168,0.0,0.7390561512076032,,0.44963556052490544,,26.436781609195403,43.67816091954023,29.88505747126437,True,True,,,,,0.0,0.0,2025-06-19 11:00:00,8913.0009765625,2025-06-19 13:45:00,8911.0009765625,4.0,4.0,0.3693832282935883,11.856618330043629,
AG:5m:1:1:11655:11658:1,AG,15m,3955.0,2025-06-19 14:00:00,10.0,1.0,-1.0,BOS,1.0,8912.0009765625,69.0,CHoCH,-1.0,8932.0009765625,10.0,12.0,2.0,5.0,0.0,current_internal_low,internal,0.0,1.0,8885.0009765625,8885.0009765625,8885.0009765625,0.21430180360037165,active_bull_internal_ob,internal,1.0,108.0,8790.0009765625,8822.0009765625,8806.0009765625,0.4962778609692817,8913.0009765625,8917.0009765625,8888.0009765625,8895.0009765625,21961.0,398463.0,0.0,0.0,0.0,0.0,0.0,0.0,,8957.0009765625,14.0,above,1.0263928488228327,8956.0009765625,True,12.0,8885.0009765625,1.0,above,0.21430180360037165,8932.0009765625,False,,8912.0009765625,104.0,above,0.5188359455587945,9020.0009765625,True,69.0,8777.0009765625,94.0,below,1.0038347642333199,8766.0009765625,False,,0.0,0.0,-0.0002101192172575539,-8.0,NONE,-0.010312993748509622,-0.009711550970573433,0.0011116557493856668,0.29424231541587814,-0.0002101192172575539,-0.0016809537380604311,-0.0010358296326530292,,,8987.690977426233,-1.0312993748509622,-0.201952182517795,1.4658212940229471,,58.0,-1.0,3948.0,3955.0,2025-06-19 09:45:00,2025-06-19 13:45:00,8895.0009765625,8895.0009765625,8.0,0.0,0.0,57.0,1.0,3800.0,3947.0,2025-06-13 09:45:00,2025-06-19 09:30:00,8875.0009765625,8907.0009765625,148.0,0.3605633406070341,0.0024362387878853657,100509.0,,12563.625,,2585183.0,0.0,17467.452702702703,0.0,0.7192591394883844,,0.03887887240477753,,0.0,0.0,100.0,True,True,,,,,0.0,0.0,,,,,0.0,0.0,0.11446737526828091,17.818408833498417,
AG:5m:1:1:11655:11658:1,AG,1h,1178.0,2025-06-19 14:00:00,10.0,1.0,1.0,BOS,1.0,9020.0009765625,12.0,BOS,1.0,8894.0009765625,20.0,8.0,0.0,2.0,0.0,current_swing_high,swing,0.0,31.0,9020.0009765625,9020.0009765625,9020.0009765625,1.736972513392486,current_internal_low,internal,0.0,25.0,8806.0009765625,8806.0009765625,8806.0009765625,0.6767425376853842,8915.0009765625,8922.0009765625,8888.0009765625,8895.0009765625,29430.0,398463.0,1.0,1.0,1.0,0.0,1.0,0.0,active_bull_internal_ob,9075.0009765625,5.0,above,2.357319839604088,8894.0009765625,False,,8806.0009765625,25.0,below,0.6767425376853842,8777.0009765625,False,,9020.0009765625,31.0,above,1.736972513392486,8341.0,True,12.0,8766.0009765625,2.0,below,1.12790422947564,8168.0,False,,0.0,0.0,0.0012267742952560305,21.0,NONE,-0.01686938363536143,0.0019444461264681208,0.015512610875127468,0.11260148009114773,0.0012267742952560305,0.02576226020037664,-0.0012557920087508112,-0.0029164031792734413,0.02576226020037664,9047.628899457837,-1.6869383635361428,-0.24671972177444657,-0.573946963763531,,19.0,1.0,1158.0,1178.0,2025-06-17 21:00:00,2025-06-19 13:30:00,8978.0009765625,8895.0009765625,21.0,-0.924481966717039,-0.044022950796049475,18.0,-1.0,1126.0,1157.0,2025-06-12 22:00:00,2025-06-17 14:00:00,8784.0009765625,8864.0009765625,32.0,0.9107467111337586,0.028460834722929956,1315587.0,,62647.0,,1651467.0,0.0,51608.34375,0.0,1.213892860105591,,0.796617189444294,,52.38095238095239,4.761904761904762,42.857142857142854,True,True,,,2025-06-18 14:00:00,9045.0009765625,0.0,1.0,,,2025-06-18 21:00:00,8998.0009765625,0.0,1.0,7.977907263136404,36.24152765761271,2.0
AG:5m:1:1:11655:11658:1,AG,4h,428.0,2025-06-19 11:30:00,160.0,1.0,1.0,CHoCH,1.0,8375.0,48.0,BOS,1.0,8912.0009765625,6.0,4.0,0.0,1.0,0.0,current_internal_high,internal,0.0,11.0,8912.0009765625,8912.0009765625,8912.0009765625,0.5188359455587945,active_bull_internal_ob,internal,1.0,6.0,8777.0009765625,8844.0009765625,8810.5009765625,0.24813893048464086,8932.0009765625,8934.0009765625,8885.0009765625,8917.0009765625,131048.0,398965.0,0.0,0.0,0.0,0.0,0.0,0.0,,8912.0009765625,11.0,above,0.5188359455587945,9020.0009765625,True,6.0,8777.0009765625,10.0,below,1.0038347642333199,8766.0009765625,False,,8375.0,90.0,below,5.538020781415135,8544.0009765625,True,48.0,7944.0,43.0,below,10.399288010455143,7535.0,False,,1.0,1.0,0.0016379978876731147,77.0,UP_CONFIRMED,-0.01569443646104469,0.026834497694786724,0.016581735893741446,0.005161676735187193,0.0016379978876731147,0.12612583735082983,0.04367102614278284,0.04837467207802448,0.05695924863127577,9059.179696701569,-1.5694436461044692,-0.35758181369974773,-0.27773812175155443,,7.0,1.0,352.0,428.0,2025-05-21 21:00:00,2025-06-19 09:00:00,8292.0,8917.0009765625,77.0,7.5373972089061825,0.09788827544034004,6.0,-1.0,332.0,351.0,2025-05-14 21:00:00,2025-05-21 13:30:00,8096.0,8272.0,20.0,2.1739130434782705,0.10869565217391353,13583452.0,,176408.46753246753,,3730511.0,0.0,186525.55,0.0,0.9457603397093188,,3.6411773078808776,,35.064935064935064,49.35064935064935,15.584415584415584,True,True,,,2025-06-18 13:30:00,9045.0009765625,0.0,1.0,2025-06-19 00:00:00,8949.0009765625,2025-06-19 09:00:00,8917.0009765625,6.0,7.0,0.6179260771839551,66.5703623645725,
AG:5m:0:1:11558:11658:1,AG,5m,11872.0,2025-06-19 14:25:00,0.0,-1.0,-1.0,CHoCH,-1.0,8901.0009765625,26.0,BOS,-1.0,8885.0009765625,4.0,23.0,3.0,10.0,1.0,current_internal_low,internal,0.0,20.0,8885.0009765625,8885.0009765625,8885.0009765625,0.7141237024046216,active_bull_internal_ob,internal,1.0,228.0,8810.0009765625,8821.0009765625,8815.5009765625,0.011335296863565422,8830.0009765625,8835.0009765625,8815.0009765625,8822.0009765625,19903.0,393122.0,0.0,0.0,0.0,0.0,0.0,0.0,,8924.0009765625,8.0,above,1.156200280083673,8969.0009765625,False,,8885.0009765625,20.0,above,0.7141237024046216,8942.0009765625,True,4.0,9075.0009765625,63.0,above,2.867830106482052,8894.0009765625,False,,8901.0009765625,37.0,above,0.8954884522216685,8804.0009765625,True,26.0,-1.0,-1.0,-0.0001746502938726296,-90.0,DOWN_CONFIRMED,-0.007986175823406534,-0.004337448305873903,0.0016435379535925828,0.013207870975630809,-0.0001746502938726296,-0.015718526448536663,-0.00396348730919005,-0.0046984664956434274,-0.005159248048090426,8893.022215577563,-0.7986175823406534,-0.09060021648055194,1.7860360102147468,,160.0,-1.0,11783.0,11872.0,2025-06-18 22:10:00,2025-06-19 14:20:00,8964.0009765625,8822.0009765625,90.0,-1.5841140621389527,-0.017601267357099475,159.0,1.0,11640.0,11782.0,2025-06-17 13:30:00,2025-06-18 22:05:00,8848.0009765625,8988.0009765625,143.0,1.582278306375029,0.01106488326136384,509274.0,,5658.6,,994541.0,0.0,6954.832167832168,0.0,0.8136213589987743,,0.5120693867824454,,25.555555555555554,42.22222222222222,32.22222222222222,True,True,,,,,0.0,0.0,2025-06-19 11:00:00,8913.0009765625,2025-06-19 13:45:00,8911.0009765625,4.0,4.0,0.3789181651725633,14.512751629411756,
AG:5m:0:1:11558:11658:1,AG,15m,3956.0,2025-06-19 14:15:00,10.0,1.0,-1.0,BOS,1.0,8912.0009765625,70.0,BOS,-1.0,8885.0009765625,0.0,12.0,3.0,5.0,0.0,current_internal_low,internal,0.0,2.0,8885.0009765625,8885.0009765625,8885.0009765625,0.7141237024046216,active_bull_swing_ob,swing,1.0,70.0,8777.0009765625,8808.0009765625,8792.5009765625,0.1586941560899159,8895.0009765625,8895.0009765625,8841.0009765625,8855.0009765625,53892.0,394058.0,1.0,1.0,1.0,0.0,1.0,0.0,active_bull_internal_ob,8957.0009765625,15.0,above,1.530265076581332,8956.0009765625,True,13.0,8885.0009765625,2.0,above,0.7141237024046216,8932.0009765625,True,0.0,8912.0009765625,105.0,above,1.020176717720888,9020.0009765625,True,70.0,8777.0009765625,95.0,below,0.510088358860444,8766.0009765625,False,,0.0,0.0,-0.00035104156897438867,-9.0,NONE,-0.013302314851386679,-0.010110524735108239,0.0015401007436675119,0.019111495314007243,-0.00035104156897438867,-0.003159374120769498,-0.0023677715090464346,,,8974.381018466449,-1.3302314851386678,-0.44969078817862496,3.3322653843198777,,58.0,-1.0,3948.0,3956.0,2025-06-19 09:45:00,2025-06-19 14:00:00,8895.0009765625,8855.0009765625,9.0,-0.44969078817862496,-0.04996564313095833,57.0,1.0,3800.0,3947.0,2025-06-13 09:45:00,2025-06-19 09:30:00,8875.0009765625,8907.0009765625,148.0,0.3605633406070341,0.0024362387878853657,154401.0,,17155.666666666668,,2585183.0,0.0,17467.452702702703,0.0,0.9821504576916477,,0.059725365670438034,,0.0,0.0,100.0,True,True,,,,,0.0,0.0,,,,,0.0,0.0,0.15232648987243927,20.402808202534246,
AG:5m:0:1:11558:11658:1,AG,1h,1178.0,2025-06-19 14:00:00,25.0,1.0,1.0,BOS,1.0,9020.0009765625,12.0,BOS,1.0,8894.0009765625,20.0,8.0,0.0,2.0,0.0,current_swing_high,swing,0.0,31.0,9020.0009765625,9020.0009765625,9020.0009765625,2.244388778985954,current_internal_low,internal,0.0,25.0,8806.0009765625,8806.0009765625,8806.0009765625,0.18136474981704676,8915.0009765625,8922.0009765625,8888.0009765625,8895.0009765625,29430.0,398463.0,1.0,1.0,1.0,0.0,1.0,0.0,active_bull_internal_ob,9075.0009765625,5.0,above,2.867830106482052,8894.0009765625,False,,8806.0009765625,25.0,below,0.18136474981704676,8777.0009765625,False,,9020.0009765625,31.0,above,2.244388778985954,8341.0,True,12.0,8766.0009765625,2.0,below,0.6347766243596636,8168.0,False,,0.0,0.0,0.0012267742952560305,21.0,NONE,-0.01686938363536143,0.0019444461264681208,0.015512610875127468,0.11260148009114773,0.0012267742952560305,0.02576226020037664,-0.0012557920087508112,-0.0029164031792734413,0.02576226020037664,9047.628899457837,-1.6869383635361428,-0.24671972177444657,-0.573946963763531,,19.0,1.0,1158.0,1178.0,2025-06-17 21:00:00,2025-06-19 13:30:00,8978.0009765625,8895.0009765625,21.0,-0.924481966717039,-0.044022950796049475,18.0,-1.0,1126.0,1157.0,2025-06-12 22:00:00,2025-06-17 14:00:00,8784.0009765625,8864.0009765625,32.0,0.9107467111337586,0.028460834722929956,1315587.0,,62647.0,,1651467.0,0.0,51608.34375,0.0,1.213892860105591,,0.796617189444294,,52.38095238095239,4.761904761904762,42.857142857142854,True,True,,,2025-06-18 14:00:00,9045.0009765625,0.0,1.0,,,2025-06-18 21:00:00,8998.0009765625,0.0,1.0,7.977907263136404,36.24152765761271,2.0
AG:5m:0:1:11558:11658:1,AG,4h,428.0,2025-06-19 11:30:00,175.0,1.0,1.0,CHoCH,1.0,8375.0,48.0,BOS,1.0,8912.0009765625,6.0,4.0,0.0,1.0,0.0,current_internal_high,internal,0.0,11.0,8912.0009765625,8912.0009765625,8912.0009765625,1.020176717720888,current_internal_low,internal,0.0,10.0,8777.0009765625,8777.0009765625,8777.0009765625,0.510088358860444,8932.0009765625,8934.0009765625,8885.0009765625,8917.0009765625,131048.0,398965.0,1.0,1.0,1.0,0.0,1.0,0.0,active_bull_internal_ob,8912.0009765625,11.0,above,1.020176717720888,9020.0009765625,True,6.0,8777.0009765625,10.0,below,0.510088358860444,8766.0009765625,False,,8375.0,90.0,below,5.066888767639587,8544.0009765625,True,48.0,7944.0,43.0,below,9.952401715836285,7535.0,False,,1.0,1.0,0.0016379978876731147,77.0,UP_CONFIRMED,-0.01569443646104469,0.026834497694786724,0.016581735893741446,0.005161676735187193,0.0016379978876731147,0.12612583735082983,0.04367102614278284,0.04837467207802448,0.05695924863127577,9059.179696701569,-1.5694436461044692,-0.35758181369974773,-0.27773812175155443,,7.0,1.0,352.0,428.0,2025-05-21 21:00:00,2025-06-19 09:00:00,8292.0,8917.0009765625,77.0,7.5373972089061825,0.09788827544034004,6.0,-1.0,332.0,351.0,2025-05-14 21:00:00,2025-05-21 13:30:00,8096.0,8272.0,20.0,2.1739130434782705,0.10869565217391353,13583452.0,,176408.46753246753,,3730511.0,0.0,186525.55,0.0,0.9457603397093188,,3.6411773078808776,,35.064935064935064,49.35064935064935,15.584415584415584,True,True,,,2025-06-18 13:30:00,9045.0009765625,0.0,1.0,2025-06-19 00:00:00,8949.0009765625,2025-06-19 09:00:00,8917.0009765625,6.0,7.0,0.6179260771839551,66.5703623645725,
AG:5m:1:1:11664:11671:1,AG,5m,11673.0,2025-06-17 22:20:00,0.0,1.0,1.0,BOS,1.0,8894.0009765625,15.0,BOS,1.0,8992.0009765625,2.0,25.0,1.0,10.0,0.0,current_internal_high,internal,0.0,5.0,8992.0009765625,8992.0009765625,8992.0009765625,0.011122232136408094,active_bull_internal_ob,internal,1.0,2.0,8957.0009765625,8979.0009765625,8968.0009765625,0.13346678563689712,8988.0009765625,8994.0009765625,8978.0009765625,8991.0009765625,8165.0,437652.0,0.0,0.0,0.0,0.0,0.0,0.0,,8992.0009765625,5.0,above,0.011122232136408094,8874.0009765625,True,2.0,8957.0009765625,4.0,below,0.37815589263787525,8850.0009765625,False,,8894.0009765625,80.0,below,1.0788565172315852,8912.0009765625,True,15.0,8804.0009765625,65.0,below,2.0798574095083135,8777.0009765625,False,,0.0,0.0,0.00034267880202065726,34.0,NONE,0.008480165995662198,0.006720403259655396,0.002858392132770332,0.7309364913188803,0.00034267880202065726,0.011651079268702347,0.0017431233332656504,0.0035770756417610183,0.01040493760318939,8915.396930673174,0.8480165995662198,0.03337783348960066,-0.5244401294702625,,159.0,1.0,11640.0,11673.0,2025-06-17 13:30:00,2025-06-17 22:15:00,8848.0009765625,8991.0009765625,34.0,1.6161842700830764,0.04753483147303166,158.0,-1.0,11638.0,11639.0,2025-06-17 11:20:00,2025-06-17 11:25:00,8814.0009765625,8825.0009765625,2.0,0.1248014384074958,0.0624007192037479,347521.0,,10221.20588235294,,12242.0,0.0,6121.0,0.0,1.6698588273734587,,28.3876000653488,,97.05882352941177,2.941176470588235,0.0,False,False,,,,,0.0,0.0,2025-06-17 13:30:00,8848.0009765625,,,1.0,0.0,0.4253304485357479,16.679125098328225,
AG:5m:1:1:11664:11671:1,AG,15m,3890.0,2025-06-17 22:15:00,5.0,1.0,1.0,BOS,1.0,8912.0009765625,4.0,BOS,1.0,8847.0009765625,14.0,12.0,1.0,5.0,0.0,active_bear_internal_ob,internal,-1.0,204.0,9000.0009765625,9020.0009765625,9010.0009765625,0.10010008922767286,current_swing_high,swing,0.0,39.0,8912.0009765625,8912.0009765625,8912.0009765625,0.8786563387762394,8979.0009765625,9005.0009765625,8975.0009765625,8988.0009765625,41171.0,438648.0,0.0,0.0,0.0,0.0,0.0,0.0,,8847.0009765625,20.0,below,1.6016014276427657,8894.0009765625,True,14.0,8812.0009765625,14.0,below,1.9908795524170488,8806.0009765625,False,,8912.0009765625,39.0,below,0.8786563387762394,9020.0009765625,True,4.0,8777.0009765625,29.0,below,2.3801576771913324,8766.0009765625,False,,1.0,1.0,0.00012939311163140765,91.0,UP_CONFIRMED,0.011410846513348692,0.002556110710069361,0.0033478148259067256,0.9959146088698188,0.00012939311163140765,0.011774773158458096,0.006083564700204658,0.006641347208970139,0.006977856314553055,8886.597377857837,1.1410846513348691,0.11138336948397498,0.9491955473149263,,57.0,1.0,3800.0,3890.0,2025-06-13 09:45:00,2025-06-17 22:00:00,8875.0009765625,8988.0009765625,91.0,1.273239296518569,0.013991640621083176,56.0,-1.0,3739.0,3799.0,2025-06-11 21:15:00,2025-06-13 09:30:00,8826.0009765625,8817.0009765625,61.0,-0.10197143671182296,-0.0016716628969151305,1614125.0,,17737.637362637364,,1069036.0,0.0,17525.180327868853,0.0,1.0121229585541358,,1.5098883480069896,,9.89010989010989,59.34065934065934,30.76923076923077,False,False,2025-06-17 13:30:00,8850.0009765625,2025-06-17 11:15:00,8825.0009765625,8.0,8.0,2025-06-17 13:30:00,8850.0009765625,2025-06-17 10:45:00,8840.0009765625,6.0,6.0,1.309729978720633,24.714776580533947,
AG:5m:1:1:11664:11671:1,AG,1h,1158.0,2025-06-17 22:00:00,20.0,1.0,1.0,CHoCH,1.0,8341.0,115.0,BOS,1.0,8894.0009765625,0.0,8.0,0.0,1.0,0.0,current_swing_high,swing,0.0,11.0,9020.0009765625,9020.0009765625,9020.0009765625,0.3225447319558347,current_internal_high,internal,0.0,7.0,8894.0009765625,8894.0009765625,8894.0009765625,1.0788565172315852,8932.0,8992.0009765625,8910.0009765625,8978.0009765625,202849.0,433213.0,0.0,0.0,0.0,0.0,0.0,0.0,,8894.0009765625,7.0,below,1.0788565172315852,8912.0009765625,True,0.0,8806.0009765625,5.0,below,2.0576129452354976,8777.0009765625,False,,9020.0009765625,11.0,above,0.3225447319558347,8341.0,False,,8168.0,81.0,below,9.153607909818682,7944.0,False,,0.0,0.0,0.0,1.0,DOWN_BROKEN,0.017868291918094692,0.017868291918094692,0.0,0.5,0.0,0.0,,,,8820.395573619988,1.7868291918094692,1.2861009413404734,3.2166892409429537,,19.0,1.0,1158.0,1158.0,2025-06-17 21:00:00,2025-06-17 21:00:00,8978.0009765625,8978.0009765625,1.0,0.0,0.0,18.0,-1.0,1126.0,1157.0,2025-06-12 22:00:00,2025-06-17 14:00:00,8784.0009765625,8864.0009765625,32.0,0.9107467111337586,0.028460834722929956,202849.0,,202849.0,,1651467.0,0.0,51608.34375,0.0,3.9305465988723967,,0.1228295812147624,,100.0,0.0,0.0,True,False,,,,,0.0,0.0,,,,,0.0,0.0,0.0,40.139772175339715,4.0
AG:5m:1:1:11664:11671:1,AG,4h,421.0,2025-06-17 15:00:00,440.0,1.0,1.0,CHoCH,1.0,8375.0,41.0,BOS,1.0,8498.0009765625,31.0,3.0,0.0,1.0,0.0,,,,,,,,,current_internal_high,internal,0.0,4.0,8912.0009765625,8912.0009765625,8912.0009765625,0.8786563387762394,8852.0009765625,8874.0009765625,8841.0009765625,8864.0009765625,95336.0,409052.0,0.0,0.0,0.0,0.0,0.0,0.0,,8912.0009765625,4.0,below,0.8786563387762394,9020.0009765625,False,,8777.0009765625,3.0,below,2.3801576771913324,8766.0009765625,False,,8375.0,83.0,below,6.851305857582207,8544.0009765625,True,41.0,7944.0,36.0,below,11.644987908374096,7535.0,False,,1.0,1.0,0.00107576848007332,70.0,UP_CONFIRMED,0.02469983379282142,0.028549226347341493,0.0145137859579445,0.39541876717800956,0.00107576848007332,0.0753037936051324,0.002876015026374912,0.0070231440577441795,0.017619844774063864,8650.339040022393,2.469983379282142,0.4419262967060966,-0.5913982441358837,,7.0,1.0,352.0,421.0,2025-05-21 21:00:00,2025-06-17 13:30:00,8292.0,8864.0009765625,70.0,6.898226924294493,0.09854609891849275,6.0,-1.0,332.0,351.0,2025-05-14 21:00:00,2025-05-21 13:30:00,8096.0,8272.0,20.0,2.1739130434782705,0.10869565217391353,12297295.0,,175675.64285714287,,3730511.0,0.0,186525.55,0.0,0.9418315231191806,,3.2964103309171318,,34.285714285714285,48.57142857142857,17.142857142857142,True,False,,,,,0.0,0.0,2025-06-11 09:00:00,8914.0009765625,2025-06-11 13:30:00,8902.0009765625,4.0,5.0,0.5083775574638654,61.809424442641586,
AG:5m:1:1:11664:11671:2,AG,5m,11675.0,2025-06-17 22:30:00,0.0,1.0,1.0,BOS,1.0,8894.0009765625,17.0,BOS,1.0,8992.0009765625,4.0,25.0,1.0,10.0,0.0,current_internal_high,internal,0.0,7.0,8992.0009765625,8992.0009765625,8992.0009765625,0.1336302750001876,active_bull_internal_ob,internal,1.0,4.0,8957.0009765625,8979.0009765625,8968.0009765625,0.011135856250015633,8984.0009765625,8984.0009765625,8966.0009765625,8980.0009765625,11925.0,435766.0,0.0,0.0,0.0,0.0,0.0,0.0,,8992.0009765625,7.0,above,0.1336302750001876,8874.0009765625,True,4.0,8957.0009765625,6.0,below,0.25612469375035957,8850.0009765625,False,,8894.0009765625,82.0,below,0.9576836375013444,8912.0009765625,True,17.0,8804.0009765625,67.0,below,1.9599107000027514,8777.0009765625,False,,0.0,0.0,0.000334414969049389,36.0,NONE,0.006860322563403744,0.00675143997401385,0.0027825548051559046,0.5156068033923135,0.000334414969049389,0.012038938885778006,0.0014701045918528166,0.0030652235041943587,0.010623687604401022,8918.815028583087,0.6860322563403745,-0.05564829667845661,-0.19586919269866804,,159.0,1.0,11640.0,11675.0,2025-06-17 13:30:00,2025-06-17 22:25:00,8848.0009765625,8980.0009765625,36.0,1.4918624031535987,0.041440622309822185,158.0,-1.0,11638.0,11639.0,2025-06-17 11:20:00,2025-06-17 11:25:00,8814.0009765625,8825.0009765625,2.0,0.1248014384074958,0.0624007192037479,363403.0,,10094.527777777777,,12242.0,0.0,6121.0,0.0,1.649163172321153,,29.684937101780754,,97.22222222222221,2.7777777777777777,0.0,True,False,,,,,0.0,0.0,2025-06-17 13:30:00,8848.0009765625,,,1.0,0.0,0.412142419375111,16.468225212334033,
AG:5m:1:1:11664:11671:2,AG,15m,3891.0,2025-06-17 22:30:00,0.0,1.0,1.0,BOS,1.0,8912.0009765625,5.0,BOS,1.0,8847.0009765625,15.0,12.0,1.0,5.0,0.0,active_bear_internal_ob,internal,-1.0,205.0,9000.0009765625,9020.0009765625,9010.0009765625,0.22271712500031268,current_swing_high,swing,0.0,40.0,8912.0009765625,8912.0009765625,8912.0009765625,0.757238225001063,8988.0009765625,8994.0009765625,8966.0009765625,8980.0009765625,24047.0,435766.0,0.0,0.0,0.0,0.0,0.0,0.0,,8847.0009765625,21.0,below,1.4810688812520791,8894.0009765625,True,15.0,8812.0009765625,15.0,below,1.8708238500026262,8806.0009765625,False,,8912.0009765625,40.0,below,0.757238225001063,9020.0009765625,True,5.0,8777.0009765625,30.0,below,2.2605788187531735,8766.0009765625,False,,1.0,1.0,0.00013288197057494423,92.0,UP_CONFIRMED,0.01006100914599711,0.0026376856930685755,0.003419297732452606,0.9850347241483122,0.00013288197057494423,0.01222514129289487,0.003903337533521123,0.0069979504675017346,0.007432445050272296,8890.55304110299,1.0061009145997108,-0.08900755597224252,0.08893404795827849,,57.0,1.0,3800.0,3891.0,2025-06-13 09:45:00,2025-06-17 22:15:00,8875.0009765625,8980.0009765625,92.0,1.183098461366816,0.012859765884421915,56.0,-1.0,3739.0,3799.0,2025-06-11 21:15:00,2025-06-13 09:30:00,8826.0009765625,8817.0009765625,61.0,-0.10197143671182296,-0.0016716628969151305,1638172.0,,17806.217391304348,,1069036.0,0.0,17525.180327868853,0.0,1.016036186685542,,1.5323824454929489,,10.869565217391305,58.69565217391305,30.434782608695656,False,False,2025-06-17 13:30:00,8850.0009765625,2025-06-17 11:15:00,8825.0009765625,8.0,8.0,2025-06-17 13:30:00,8850.0009765625,2025-06-17 10:45:00,8840.0009765625,6.0,6.0,1.2963249341792256,24.949435396210095,
AG:5m:1:1:11664:11671:2,AG,1h,1158.0,2025-06-17 22:00:00,30.0,1.0,1.0,CHoCH,1.0,8341.0,115.0,BOS,1.0,8894.0009765625,0.0,8.0,0.0,1.0,0.0,current_swing_high,swing,0.0,11.0,9020.0009765625,9020.0009765625,9020.0009765625,0.44543425000062536,current_internal_high,internal,0.0,7.0,8894.0009765625,8894.0009765625,8894.0009765625,0.9576836375013444,8932.0,8992.0009765625,8910.0009765625,8978.0009765625,202849.0,433213.0,0.0,0.0,0.0,0.0,0.0,0.0,,8894.0009765625,7.0,below,0.9576836375013444,8912.0009765625,True,0.0,8806.0009765625,5.0,below,1.93763898750272,8777.0009765625,False,,9020.0009765625,11.0,above,0.44543425000062536,8341.0,False,,8168.0,81.0,below,9.042326149872313,7944.0,False,,0.0,0.0,0.0,1.0,DOWN_BROKEN,0.017868291918094692,0.017868291918094692,0.0,0.5,0.0,0.0,,,,8820.395573619988,1.7868291918094692,1.2861009413404734,3.2166892409429537,,19.0,1.0,1158.0,1158.0,2025-06-17 21:00:00,2025-06-17 21:00:00,8978.0009765625,8978.0009765625,1.0,0.0,0.0,18.0,-1.0,1126.0,1157.0,2025-06-12 22:00:00,2025-06-17 14:00:00,8784.0009765625,8864.0009765625,32.0,0.9107467111337586,0.028460834722929956,202849.0,,202849.0,,1651467.0,0.0,51608.34375,0.0,3.9305465988723967,,0.1228295812147624,,100.0,0.0,0.0,True,False,,,,,0.0,0.0,,,,,0.0,0.0,0.0,40.139772175339715,4.0
AG:5m:1:1:11664:11671:2,AG,4h,421.0,2025-06-17 15:00:00,450.0,1.0,1.0,CHoCH,1.0,8375.0,41.0,BOS,1.0,8498.0009765625,31.0,3.0,0.0,1.0,0.0,,,,,,,,,current_internal_high,internal,0.0,4.0,8912.0009765625,8912.0009765625,8912.0009765625,0.757238225001063,8852.0009765625,8874.0009765625,8841.0009765625,8864.0009765625,95336.0,409052.0,0.0,0.0,0.0,0.0,0.0,0.0,,8912.0009765625,4.0,below,0.757238225001063,9020.0009765625,False,,8777.0009765625,3.0,below,2.2605788187531735,8766.0009765625,False,,8375.0,83.0,below,6.737203906119077,8544.0009765625,True,41.0,7944.0,36.0,below,11.536757949875815,7535.0,False,,1.0,1.0,0.00107576848007332,70.0,UP_CONFIRMED,0.02469983379282142,0.028549226347341493,0.0145137859579445,0.39541876717800956,0.00107576848007332,0.0753037936051324,0.002876015026374912,0.0070231440577441795,0.017619844774063864,8650.339040022393,2.469983379282142,0.4419262967060966,-0.5913982441358837,,7.0,1.0,352.0,421.0,2025-05-21 21:00:00,2025-06-17 13:30:00,8292.0,8864.0009765625,70.0,6.898226924294493,0.09854609891849275,6.0,-1.0,332.0,351.0,2025-05-14 21:00:00,2025-05-21 13:30:00,8096.0,8272.0,20.0,2.1739130434782705,0.10869565217391353,12297295.0,,175675.64285714287,,3730511.0,0.0,186525.55,0.0,0.9418315231191806,,3.2964103309171318,,34.285714285714285,48.57142857142857,17.142857142857142,True,False,,,,,0.0,0.0,2025-06-11 09:00:00,8914.0009765625,2025-06-11 13:30:00,8902.0009765625,4.0,5.0,0.5083775574638654,61.809424442641586,
AG:5m:1:-1:11672:11676:1,AG,5m,11683.0,2025-06-17 23:10:00,0.0,1.0,-1.0,BOS,1.0,8894.0009765625,25.0,CHoCH,-1.0,8957.0009765625,7.0,24.0,2.0,10.0,0.0,active_bear_internal_ob,internal,-1.0,7.0,8988.0009765625,9005.0009765625,8996.5009765625,0.03338897800707581,current_internal_low,internal,0.0,1.0,8930.0009765625,8930.0009765625,8930.0009765625,0.6121312634630566,8977.0009765625,8988.0009765625,8977.0009765625,8985.0009765625,7126.0,439299.0,0.0,0.0,0.0,0.0,0.0,0.0,,9005.0009765625,6.0,above,0.22259318671383876,8992.0009765625,False,,8930.0009765625,1.0,below,0.6121312634630566,8957.0009765625,False,,8894.0009765625,90.0,below,1.0127989995479663,8912.0009765625,True,25.0,8804.0009765625,75.0,below,2.0144683397602408,8777.0009765625,False,,0.0,0.0,0.00030761481086614344,44.0,NONE,0.005933847612577486,0.006411912175650036,0.0026608056823708313,0.428706176507958,0.00030761481086614344,0.01353505167811031,0.0008606644153155152,0.001862274896963445,0.00544601203689643,8931.999850573631,0.5933847612577486,0.07796835863878027,-0.986544439006704,,159.0,1.0,11640.0,11683.0,2025-06-17 13:30:00,2025-06-17 23:05:00,8848.0009765625,8985.0009765625,44.0,1.5483723426670037,0.03519028051515918,158.0,-1.0,11638.0,11639.0,2025-06-17 11:20:00,2025-06-17 11:25:00,8814.0009765625,8825.0009765625,2.0,0.1248014384074958,0.0624007192037479,465442.0,,10578.227272727272,,12242.0,0.0,6121.0,0.0,1.7281861252617663,,38.02009475575886,,79.54545454545455,20.454545454545457,0.0,False,False,,,,,0.0,0.0,2025-06-17 22:50:00,8984.0009765625,2025-06-17 22:30:00,8951.0009765625,2.0,1.0,0.41497849775228407,16.15143747213669,
AG:5m:1:-1:11672:11676:1,AG,15m,3893.0,2025-06-17 23:00:00,10.0,1.0,1.0,BOS,1.0,8912.0009765625,7.0,BOS,1.0,8847.0009765625,17.0,12.0,1.0,5.0,0.0,active_bear_internal_ob,internal,-1.0,207.0,9000.0009765625,9020.0009765625,9010.0009765625,0.16694489003537905,current_swing_high,swing,0.0,42.0,8912.0009765625,8912.0009765625,8912.0009765625,0.8124651315055114,8959.0009765625,8986.0009765625,8959.0009765625,8981.0009765625,29818.0,436288.0,0.0,0.0,0.0,0.0,0.0,0.0,,8847.0009765625,23.0,below,1.5358929883254875,8894.0009765625,True,17.0,8812.0009765625,17.0,below,1.925431065074705,8806.0009765625,False,,8912.0009765625,42.0,below,0.8124651315055114,9020.0009765625,True,7.0,8777.0009765625,32.0,below,2.314969141823923,8766.0009765625,False,,1.0,1.0,0.0001419828351625777,94.0,UP_CONFIRMED,0.009055753617073179,0.002753754925198273,0.0034759571776545105,0.9650860489589419,0.0001419828351625777,0.013346386505282304,0.0030183254407660787,0.007838955035065487,0.008536397395082496,8900.40113677475,0.9055753617073179,0.23437497445515376,0.1921726972402994,,57.0,1.0,3800.0,3893.0,2025-06-13 09:45:00,2025-06-17 22:45:00,8875.0009765625,8981.0009765625,94.0,1.1943660657607769,0.012706021976178478,56.0,-1.0,3739.0,3799.0,2025-06-11 21:15:00,2025-06-13 09:30:00,8826.0009765625,8817.0009765625,61.0,-0.10197143671182296,-0.0016716628969151305,1722876.0,,18328.468085106382,,1069036.0,0.0,17525.180327868853,0.0,1.045836204946783,,1.611616446967174,,12.76595744680851,57.446808510638306,29.78723404255319,False,False,2025-06-17 13:30:00,8850.0009765625,2025-06-17 11:15:00,8825.0009765625,8.0,8.0,2025-06-17 13:30:00,8850.0009765625,2025-06-17 10:45:00,8840.0009765625,6.0,6.0,1.2622609026851719,26.757421336528097,
AG:5m:1:-1:11672:11676:1,AG,1h,1159.0,2025-06-17 23:00:00,10.0,1.0,1.0,CHoCH,1.0,8341.0,116.0,BOS,1.0,8894.0009765625,1.0,8.0,0.0,1.0,0.0,current_swing_high,swing,0.0,12.0,9020.0009765625,9020.0009765625,9020.0009765625,0.3895380767492178,current_internal_high,internal,0.0,8.0,8894.0009765625,8894.0009765625,8894.0009765625,1.0127989995479663,8979.0009765625,9005.0009765625,8930.0009765625,8981.0009765625,149922.0,436288.0,0.0,0.0,0.0,0.0,0.0,0.0,,8894.0009765625,8.0,below,1.0127989995479663,8912.0009765625,True,1.0,8806.0009765625,6.0,below,1.9922090210888568,8777.0009765625,False,,9020.0009765625,12.0,above,0.3895380767492178,8341.0,False,,8168.0,82.0,below,9.092942546068256,7944.0,False,,0.0,0.0,0.0006712451198092051,2.0,NONE,0.016843310498663184,0.017355801208378936,0.0005124907097157532,0.15865525393145752,0.0006712451198092051,0.0013424902396184102,,,,8832.236868587146,1.6843310498663184,0.033415010845194715,1.8016645452468028,,19.0,1.0,1158.0,1159.0,2025-06-17 21:00:00,2025-06-17 22:00:00,8978.0009765625,8981.0009765625,2.0,0.033415010845194715,0.016707505422597357,18.0,-1.0,1126.0,1157.0,2025-06-12 22:00:00,2025-06-17 14:00:00,8784.0009765625,8864.0009765625,32.0,0.9107467111337586,0.028460834722929956,352771.0,,176385.5,,1651467.0,0.0,51608.34375,0.0,3.4177709878550404,,0.21361068674094003,,100.0,0.0,0.0,False,False,,,,,0.0,0.0,,,,,0.0,0.0,0.029528496181918457,42.62978844852973,4.0
AG:5m:1:-1:11672:11676:1,AG,4h,421.0,2025-06-17 15:00:00,490.0,1.0,1.0,CHoCH,1.0,8375.0,41.0,BOS,1.0,8498.0009765625,31.0,3.0,0.0,1.0,0.0,,,,,,,,,current_internal_high,internal,0.0,4.0,8912.0009765625,8912.0009765625,8912.0009765625,0.8124651315055114,8852.0009765625,8874.0009765625,8841.0009765625,8864.0009765625,95336.0,409052.0,0.0,0.0,0.0,0.0,0.0,0.0,,8912.0009765625,4.0,below,0.8124651315055114,9020.0009765625,False,,8777.0009765625,3.0,below,2.314969141823923,8766.0009765625,False,,8375.0,83.0,below,6.7891030635800265,8544.0009765625,True,41.0,7944.0,36.0,below,11.585986237263251,7535.0,False,,1.0,1.0,0.00107576848007332,70.0,UP_CONFIRMED,0.02469983379282142,0.028549226347341493,0.0145137859579445,0.39541876717800956,0.00107576848007332,0.0753037936051324,0.002876015026374912,0.0070231440577441795,0.017619844774063864,8650.339040022393,2.469983379282142,0.4419262967060966,-0.5913982441358837,,7.0,1.0,352.0,421.0,2025-05-21 21:00:00,2025-06-17 13:30:00,8292.0,8864.0009765625,70.0,6.898226924294493,0.09854609891849275,6.0,-1.0,332.0,351.0,2025-05-14 21:00:00,2025-05-21 13:30:00,8096.0,8272.0,20.0,2.1739130434782705,0.10869565217391353,12297295.0,,175675.64285714287,,3730511.0,0.0,186525.55,0.0,0.9418315231191806,,3.2964103309171318,,34.285714285714285,48.57142857142857,17.142857142857142,True,False,,,,,0.0,0.0,2025-06-11 09:00:00,8914.0009765625,2025-06-11 13:30:00,8902.0009765625,4.0,5.0,0.5083775574638654,61.809424442641586,
AG:5m:1:-1:11672:11676:2,AG,5m,11693.0,2025-06-18 00:00:00,0.0,1.0,-1.0,BOS,1.0,8894.0009765625,35.0,CHoCH,-1.0,8957.0009765625,17.0,24.0,2.0,10.0,0.0,current_internal_high,internal,0.0,4.0,8995.0009765625,8995.0009765625,8995.0009765625,0.07788161147571637,current_internal_low,internal,0.0,11.0,8930.0009765625,8930.0009765625,8930.0009765625,0.6453047807987928,8983.0009765625,8989.0009765625,8983.0009765625,8988.0009765625,3049.0,442160.0,1.0,1.0,0.0,1.0,1.0,0.0,active_bear_internal_ob,8995.0009765625,4.0,above,0.07788161147571637,9005.0009765625,False,,8930.0009765625,11.0,below,0.6453047807987928,8957.0009765625,False,,8894.0009765625,100.0,below,1.0458387826739057,8912.0009765625,True,35.0,8804.0009765625,85.0,below,2.0471737873616878,8777.0009765625,False,,1.0,1.0,0.00026873395800591164,54.0,UP_CONFIRMED,0.0053010703638539936,0.006234242893544056,0.002445734605127406,0.35139721086652587,0.00026873395800591164,0.014511633732319229,0.00030822935978380706,0.0009635404839647421,0.0028276097581836357,8940.606194032425,0.5301070363853994,0.04452359266695627,-0.9820381503239746,,159.0,1.0,11640.0,11693.0,2025-06-17 13:30:00,2025-06-17 23:55:00,8848.0009765625,8988.0009765625,54.0,1.582278306375029,0.029301450118056092,158.0,-1.0,11638.0,11639.0,2025-06-17 11:20:00,2025-06-17 11:25:00,8814.0009765625,8825.0009765625,2.0,0.1248014384074958,0.0624007192037479,515007.0,,9537.166666666666,,12242.0,0.0,6121.0,0.0,1.558105973969395,,42.06886129717366,,64.81481481481481,35.18518518518518,0.0,False,False,,,,,0.0,0.0,2025-06-17 22:50:00,8984.0009765625,2025-06-17 22:30:00,8951.0009765625,2.0,1.0,0.39230659550658753,12.495850773620532,
AG:5m:1:-1:11672:11676:2,AG,15m,3897.0,2025-06-18 00:00:00,0.0,1.0,1.0,BOS,1.0,8912.0009765625,11.0,BOS,1.0,8847.0009765625,21.0,12.0,1.0,5.0,0.0,active_bear_internal_ob,internal,-1.0,211.0,9000.0009765625,9020.0009765625,9010.0009765625,0.13351133395837092,current_internal_low,internal,0.0,0.0,8930.0009765625,8930.0009765625,8930.0009765625,0.6453047807987928,8988.0009765625,8989.0009765625,8976.0009765625,8988.0009765625,9985.0,442160.0,0.0,0.0,0.0,0.0,0.0,0.0,,9005.0009765625,2.0,above,0.1891410564410255,8847.0009765625,False,,8930.0009765625,0.0,below,0.6453047807987928,8812.0009765625,False,,8912.0009765625,46.0,below,0.8455717817363493,9020.0009765625,True,11.0,8777.0009765625,36.0,below,2.347574288768022,8766.0009765625,False,,1.0,1.0,0.0001466546388785748,98.0,UP_CONFIRMED,0.008821047729160479,0.0030111690104586476,0.003627522055102771,0.9453791561076228,0.0001466546388785748,0.01437215461010033,0.0014436248756042325,0.004934027946164488,0.009388473136954234,8909.410640067772,0.8821047729160478,0.0,-0.8627536413974791,,57.0,1.0,3800.0,3897.0,2025-06-13 09:45:00,2025-06-17 23:45:00,8875.0009765625,8988.0009765625,98.0,1.273239296518569,0.012992237719577235,56.0,-1.0,3739.0,3799.0,2025-06-11 21:15:00,2025-06-13 09:30:00,8826.0009765625,8817.0009765625,61.0,-0.10197143671182296,-0.0016716628969151305,1789776.0,,18263.020408163266,,1069036.0,0.0,17525.180327868853,0.0,1.0421017111659094,,1.6741961917091661,,16.3265306122449,55.10204081632652,28.57142857142857,False,False,2025-06-17 13:30:00,8850.0009765625,2025-06-17 11:15:00,8825.0009765625,8.0,8.0,2025-06-17 13:30:00,8850.0009765625,2025-06-17 10:45:00,8840.0009765625,6.0,6.0,1.2046889571802026,23.761159693684377,
AG:5m:1:-1:11672:11676:2,AG,1h,1160.0,2025-06-18 00:00:00,0.0,1.0,1.0,CHoCH,1.0,8341.0,117.0,BOS,1.0,8894.0009765625,2.0,8.0,0.0,1.0,0.0,current_swing_high,swing,0.0,13.0,9020.0009765625,9020.0009765625,9020.0009765625,0.35603022388898914,current_internal_high,internal,0.0,9.0,8894.0009765625,8894.0009765625,8894.0009765625,1.0458387826739057,8981.0009765625,8995.0009765625,8975.0009765625,8988.0009765625,66900.0,442160.0,0.0,0.0,0.0,0.0,0.0,0.0,,8894.0009765625,9.0,below,1.0458387826739057,8912.0009765625,True,2.0,8806.0009765625,7.0,below,2.0249218983686257,8777.0009765625,False,,9020.0009765625,13.0,above,0.35603022388898914,8341.0,False,,8168.0,83.0,below,9.12328535233552,7944.0,False,,0.0,0.0,0.0006498676558506222,3.0,NONE,0.017019244182027445,0.01724361553292844,0.000447514323699111,0.30805451412948937,0.0006498676558506222,0.0019496029675518667,,,,8837.591843005299,1.7019244182027444,0.07794231420603648,0.14413757517211692,,19.0,1.0,1158.0,1160.0,2025-06-17 21:00:00,2025-06-17 23:00:00,8978.0009765625,8988.0009765625,3.0,0.11138336948397498,0.03712778982799166,18.0,-1.0,1126.0,1157.0,2025-06-12 22:00:00,2025-06-17 14:00:00,8784.0009765625,8864.0009765625,32.0,0.9107467111337586,0.028460834722929956,419671.0,,139890.33333333334,,1651467.0,0.0,51608.34375,0.0,2.7106146636091832,,0.25412012471336093,,100.0,0.0,0.0,False,False,,,,,0.0,0.0,,,,,0.0,0.0,0.0259524647162619,41.013374987920464,4.0
AG:5m:1:-1:11672:11676:2,AG,4h,422.0,2025-06-18 00:00:00,0.0,1.0,1.0,CHoCH,1.0,8375.0,42.0,BOS,1.0,8912.0009765625,0.0,4.0,0.0,1.0,0.0,,,,,,,,,current_internal_high,internal,0.0,5.0,8912.0009765625,8912.0009765625,8912.0009765625,0.8455717817363493,8932.0,9005.0009765625,8910.0009765625,8988.0009765625,419671.0,442160.0,0.0,0.0,0.0,0.0,0.0,0.0,,8912.0009765625,5.0,below,0.8455717817363493,9020.0009765625,True,0.0,8777.0009765625,4.0,below,2.347574288768022,8766.0009765625,False,,8375.0,84.0,below,6.820214841553621,8544.0009765625,True,42.0,7944.0,37.0,below,11.615496919558444,7535.0,False,,1.0,1.0,0.0011051842067134657,71.0,UP_CONFIRMED,0.03598594719271685,0.02865396889445946,0.014437834039382005,0.6942140322273618,0.0011051842067134657,0.07846807867665606,0.005020231041442669,0.008149784821277928,0.017905353357007936,8675.794300992124,3.5985947192716847,1.3989168133878849,2.373584859982943,,7.0,1.0,352.0,422.0,2025-05-21 21:00:00,2025-06-17 21:00:00,8292.0,8988.0009765625,71.0,8.39364419395201,0.11822034075988747,6.0,-1.0,332.0,351.0,2025-05-14 21:00:00,2025-05-21 13:30:00,8096.0,8272.0,20.0,2.1739130434782705,0.10869565217391353,12716966.0,,179112.1971830986,,3730511.0,0.0,186525.55,0.0,0.9602555638254309,,3.4089072515802794,,33.80281690140845,49.29577464788733,16.901408450704224,False,False,,,,,0.0,0.0,2025-06-17 21:00:00,8988.0009765625,2025-06-11 13:30:00,8902.0009765625,5.0,5.0,0.5038685597991875,67.46589412531004,
AG:5m:1:1:11688:11699:1,AG,5m,11703.0,2025-06-18 00:50:00,0.0,1.0,1.0,BOS,1.0,8894.0009765625,45.0,CHoCH,1.0,8995.0009765625,4.0,25.0,1.0,10.0,0.0,current_internal_high,internal,0.0,14.0,8995.0009765625,8995.0009765625,8995.0009765625,0.022239517211355662,active_bull_internal_ob,internal,1.0,4.0,8976.0009765625,8991.0009765625,8983.5009765625,0.022239517211355662,8997.0009765625,9001.0009765625,8988.0009765625,8993.0009765625,3545.0,446018.0,0.0,0.0,0.0,0.0,0.0,0.0,,8995.0009765625,14.0,above,0.022239517211355662,9005.0009765625,True,4.0,8976.0009765625,6.0,below,0.18903589629652315,8930.0009765625,False,,8894.0009765625,110.0,below,1.1008561019621053,8912.0009765625,True,45.0,8804.0009765625,95.0,below,2.1016343764731102,8777.0009765625,False,,1.0,1.0,0.0002395551429095269,64.0,UP_CONFIRMED,0.005048069291512919,0.0061526611568496195,0.002260085870295891,0.3125132826021991,0.0002395551429095269,0.015331529146209721,0.0004856179420877904,0.0008081675819469059,0.0017724867680946055,8947.831702121395,0.5048069291512919,-0.05556789794781691,-0.2543295413057856,,159.0,1.0,11640.0,11703.0,2025-06-17 13:30:00,2025-06-18 00:45:00,8848.0009765625,8993.0009765625,64.0,1.638788245888434,0.02560606634200678,158.0,-1.0,11638.0,11639.0,2025-06-17 11:20:00,2025-06-17 11:25:00,8814.0009765625,8825.0009765625,2.0,0.1248014384074958,0.0624007192037479,547240.0,,8550.625,,12242.0,0.0,6121.0,0.0,1.3969326907368078,,44.70184610357785,,65.625,34.375,0.0,False,False,,,,,0.0,0.0,2025-06-17 22:50:00,8984.0009765625,2025-06-17 22:30:00,8951.0009765625,2.0,1.0,0.367334688629779,10.351987438888186,
AG:5m:1:1:11688:11699:1,AG,15m,3900.0,2025-06-18 00:45:00,5.0,1.0,1.0,BOS,1.0,8912.0009765625,14.0,BOS,1.0,8847.0009765625,24.0,12.0,1.0,5.0,0.0,active_bear_internal_ob,internal,-1.0,214.0,9000.0009765625,9020.0009765625,9010.0009765625,0.07783831023974482,current_internal_low,internal,0.0,3.0,8930.0009765625,8930.0009765625,8930.0009765625,0.7005447921577034,9004.0009765625,9005.0009765625,8996.0009765625,8998.0009765625,6268.0,446308.0,0.0,0.0,0.0,0.0,0.0,0.0,,9005.0009765625,5.0,above,0.133437103268134,8847.0009765625,False,,8930.0009765625,3.0,below,0.7005447921577034,8812.0009765625,False,,8912.0009765625,49.0,below,0.9007004470599043,9020.0009765625,True,14.0,8777.0009765625,39.0,below,2.4018678588264115,8766.0009765625,False,,1.0,1.0,0.00014710610363524037,101.0,UP_CONFIRMED,0.009460245813625544,0.0032047338017960557,0.00374145252589045,0.9527326575961292,0.00014710610363524037,0.014857716467159277,0.0008089739081738045,0.0030470648117437715,0.009708648636096884,8913.675416024042,0.9460245813625544,-0.055537037183672755,-0.9447538061489936,,57.0,1.0,3800.0,3900.0,2025-06-13 09:45:00,2025-06-18 00:30:00,8875.0009765625,8998.0009765625,101.0,1.3859153404582658,0.013721934063943226,56.0,-1.0,3739.0,3799.0,2025-06-11 21:15:00,2025-06-13 09:30:00,8826.0009765625,8817.0009765625,61.0,-0.10197143671182296,-0.0016716628969151305,1818464.0,,18004.59405940594,,1069036.0,0.0,17525.180327868853,0.0,1.0273557089038743,,1.7010315835949397,,18.81188118811881,53.46534653465347,27.722772277227726,False,False,2025-06-17 13:30:00,8850.0009765625,2025-06-17 11:15:00,8825.0009765625,8.0,8.0,2025-06-17 13:30:00,8850.0009765625,2025-06-17 10:45:00,8840.0009765625,6.0,6.0,1.1674768505869648,21.67138041072324,
AG:5m:1:1:11688:11699:1,AG,1h,1160.0,2025-06-18 00:00:00,50.0,1.0,1.0,CHoCH,1.0,8341.0,117.0,BOS,1.0,8894.0009765625,2.0,8.0,0.0,1.0,0.0,current_swing_high,swing,0.0,13.0,9020.0009765625,9020.0009765625,9020.0009765625,0.30023348235330144,current_internal_high,internal,0.0,9.0,8894.0009765625,8894.0009765625,8894.0009765625,1.1008561019621053,8981.0009765625,8995.0009765625,8975.0009765625,8988.0009765625,66900.0,442160.0,0.0,0.0,0.0,0.0,0.0,0.0,,8894.0009765625,9.0,below,1.1008561019621053,8912.0009765625,True,2.0,8806.0009765625,7.0,below,2.0793948592617544,8777.0009765625,False,,9020.0009765625,13.0,above,0.30023348235330144,8341.0,False,,8168.0,83.0,below,9.173811708823475,7944.0,False,,0.0,0.0,0.0006498676558506222,3.0,NONE,0.017019244182027445,0.01724361553292844,0.000447514323699111,0.30805451412948937,0.0006498676558506222,0.0019496029675518667,,,,8837.591843005299,1.7019244182027444,0.07794231420603648,0.14413757517211692,,19.0,1.0,1158.0,1160.0,2025-06-17 21:00:00,2025-06-17 23:00:00,8978.0009765625,8988.0009765625,3.0,0.11138336948397498,0.03712778982799166,18.0,-1.0,1126.0,1157.0,2025-06-12 22:00:00,2025-06-17 14:00:00,8784.0009765625,8864.0009765625,32.0,0.9107467111337586,0.028460834722929956,419671.0,,139890.33333333334,,1651467.0,0.0,51608.34375,0.0,2.7106146636091832,,0.25412012471336093,,100.0,0.0,0.0,False,False,,,,,0.0,0.0,,,,,0.0,0.0,0.0259524647162619,41.013374987920464,4.0
AG:5m:1:1:11688:11699:1,AG,4h,422.0,2025-06-18 00:00:00,50.0,1.0,1.0,CHoCH,1.0,8375.0,42.0,BOS,1.0,8912.0009765625,0.0,4.0,0.0,1.0,0.0,,,,,,,,,current_internal_high,internal,0.0,5.0,8912.0009765625,8912.0009765625,8912.0009765625,0.9007004470599043,8932.0,9005.0009765625,8910.0009765625,8988.0009765625,419671.0,442160.0,0.0,0.0,0.0,0.0,0.0,0.0,,8912.0009765625,5.0,below,0.9007004470599043,9020.0009765625,True,0.0,8777.0009765625,4.0,below,2.4018678588264115,8766.0009765625,False,,8375.0,84.0,below,6.8720216774481635,8544.0009765625,True,42.0,7944.0,37.0,below,11.664637636495307,7535.0,False,,1.0,1.0,0.0011051842067134657,71.0,UP_CONFIRMED,0.03598594719271685,0.02865396889445946,0.014437834039382005,0.6942140322273618,0.0011051842067134657,0.07846807867665606,0.005020231041442669,0.008149784821277928,0.017905353357007936,8675.794300992124,3.5985947192716847,1.3989168133878849,2.373584859982943,,7.0,1.0,352.0,422.0,2025-05-21 21:00:00,2025-06-17 21:00:00,8292.0,8988.0009765625,71.0,8.39364419395201,0.11822034075988747,6.0,-1.0,332.0,351.0,2025-05-14 21:00:00,2025-05-21 13:30:00,8096.0,8272.0,20.0,2.1739130434782705,0.10869565217391353,12716966.0,,179112.1971830986,,3730511.0,0.0,186525.55,0.0,0.9602555638254309,,3.4089072515802794,,33.80281690140845,49.29577464788733,16.901408450704224,False,False,,,,,0.0,0.0,2025-06-17 21:00:00,8988.0009765625,2025-06-11 13:30:00,8902.0009765625,5.0,5.0,0.5038685597991875,67.46589412531004,
AG:5m:1:1:11715:11724:1,AG,5m,11736.0,2025-06-18 10:05:00,0.0,1.0,1.0,BOS,1.0,8894.0009765625,78.0,BOS,1.0,9005.0009765625,3.0,25.0,1.0,10.0,0.0,current_internal_high,internal,0.0,6.0,9005.0009765625,9005.0009765625,9005.0009765625,0.17799530828528834,current_internal_low,internal,0.0,5.0,8987.0009765625,8987.0009765625,8987.0009765625,0.022249413535661042,8998.0009765625,8998.0009765625,8985.0009765625,8989.0009765625,8340.0,439031.0,0.0,0.0,0.0,0.0,0.0,0.0,,9005.0009765625,6.0,above,0.17799530828528834,8990.0009765625,True,3.0,8987.0009765625,5.0,below,0.022249413535661042,8973.0009765625,False,,8894.0009765625,143.0,below,1.0568471429438995,8912.0009765625,True,78.0,8804.0009765625,128.0,below,2.0580707520486463,8777.0009765625,False,,1.0,1.0,0.00018698260040873752,97.0,UP_CONFIRMED,0.0018325538018383741,0.005279668841456612,0.00222115387396497,0.06033734788873757,0.00018698260040873752,0.01813731223964754,0.0007682166643125932,0.0012769880006544554,0.002188246813679573,8972.558280772853,0.1832553801838374,-0.10002221630607266,1.442000275288514,,159.0,1.0,11640.0,11736.0,2025-06-17 13:30:00,2025-06-18 10:00:00,8848.0009765625,8989.0009765625,97.0,1.5935802942777189,0.01642866282760535,158.0,-1.0,11638.0,11639.0,2025-06-17 11:20:00,2025-06-17 11:25:00,8814.0009765625,8825.0009765625,2.0,0.1248014384074958,0.0624007192037479,659204.0,,6795.917525773196,,12242.0,0.0,6121.0,0.0,1.110262624697467,,53.84773729782715,,49.48453608247423,50.51546391752577,0.0,True,False,,,,,0.0,0.0,2025-06-18 02:20:00,8987.0009765625,2025-06-18 10:00:00,8989.0009765625,6.0,6.0,0.42069946821743726,10.30409098989426,
AG:5m:1:1:11715:11724:1,AG,15m,3911.0,2025-06-18 10:00:00,5.0,1.0,1.0,BOS,1.0,8912.0009765625,25.0,BOS,1.0,8847.0009765625,35.0,12.0,1.0,5.0,0.0,active_bear_internal_ob,internal,-1.0,225.0,9000.0009765625,9020.0009765625,9010.0009765625,0.12237177444613571,current_internal_low,internal,0.0,1.0,8973.0009765625,8973.0009765625,8973.0009765625,0.17799530828528834,8998.0009765625,9012.0009765625,8996.0009765625,8998.0009765625,14463.0,440999.0,0.0,0.0,0.0,0.0,0.0,0.0,,9008.0009765625,7.0,above,0.21136942858877988,9005.0009765625,False,,8973.0009765625,1.0,below,0.17799530828528834,8930.0009765625,False,,8912.0009765625,60.0,below,0.8566024211229502,9020.0009765625,True,25.0,8777.0009765625,50.0,below,2.3584378347800703,8766.0009765625,False,,1.0,1.0,0.0001484138817242809,112.0,UP_CONFIRMED,0.007708039412114503,0.0036366703543571294,0.0037874464674839846,0.8588046036451477,0.0001484138817242809,0.01662235475311946,0.0012046229367910222,0.001577321705790613,0.0043441061487647925,8929.174547234765,0.7708039412114503,-0.011112344610297864,0.007596744774077384,,57.0,1.0,3800.0,3911.0,2025-06-13 09:45:00,2025-06-18 09:45:00,8875.0009765625,8998.0009765625,112.0,1.3859153404582658,0.012374244111234516,56.0,-1.0,3739.0,3799.0,2025-06-11 21:15:00,2025-06-13 09:30:00,8826.0009765625,8817.0009765625,61.0,-0.10197143671182296,-0.0016716628969151305,1925633.0,,17193.151785714286,,1069036.0,0.0,17525.180327868853,0.0,0.9810542011013393,,1.8012798446450822,,26.785714285714285,48.214285714285715,25.0,False,False,2025-06-17 13:30:00,8850.0009765625,2025-06-17 11:15:00,8825.0009765625,8.0,8.0,2025-06-17 13:30:00,8850.0009765625,2025-06-17 10:45:00,8840.0009765625,6.0,6.0,1.0414599340702433,17.453266807090003,
AG:5m:1:1:11715:11724:1,AG,1h,1164.0,2025-06-18 10:00:00,5.0,1.0,1.0,CHoCH,1.0,8341.0,121.0,BOS,1.0,8894.0009765625,6.0,8.0,0.0,1.0,0.0,current_swing_high,swing,0.0,17.0,9020.0009765625,9020.0009765625,9020.0009765625,0.3448659098027461,current_internal_high,internal,0.0,13.0,8894.0009765625,8894.0009765625,8894.0009765625,1.0568471429438995,8994.0009765625,9012.0009765625,8981.0009765625,8998.0009765625,65398.0,440999.0,0.0,0.0,0.0,0.0,0.0,0.0,,8894.0009765625,13.0,below,1.0568471429438995,8912.0009765625,True,6.0,8806.0009765625,11.0,below,2.035821338512985,8777.0009765625,False,,9020.0009765625,17.0,above,0.3448659098027461,8341.0,False,,8168.0,87.0,below,9.13339512036031,7944.0,False,,0.0,0.0,0.0004590022237315353,7.0,NONE,0.016868549440937266,0.01667552980306847,0.0006748881456857551,0.6125618631225285,0.0004590022237315353,0.003213015566120747,0.0018680175311991398,,,8848.73564189737,1.6868549440937266,0.11125944496530593,0.12932380503121313,,19.0,1.0,1158.0,1164.0,2025-06-17 21:00:00,2025-06-18 09:00:00,8978.0009765625,8998.0009765625,7.0,0.22276673896797217,0.03182381985256745,18.0,-1.0,1126.0,1157.0,2025-06-12 22:00:00,2025-06-17 14:00:00,8784.0009765625,8864.0009765625,32.0,0.9107467111337586,0.028460834722929956,555528.0,,79361.14285714286,,1651467.0,0.0,51608.34375,0.0,1.537757988157542,,0.3363845599094623,,100.0,0.0,0.0,False,False,,,,,0.0,0.0,,,,,0.0,0.0,0.04047176633401889,36.08426184480416,4.0
AG:5m:1:1:11715:11724:1,AG,4h,423.0,2025-06-18 02:30:00,455.0,1.0,1.0,CHoCH,1.0,8375.0,43.0,BOS,1.0,8912.0009765625,1.0,4.0,0.0,1.0,0.0,,,,,,,,,current_internal_high,internal,0.0,6.0,8912.0009765625,8912.0009765625,8912.0009765625,0.8566024211229502,8989.0009765625,9008.0009765625,8973.0009765625,8988.0009765625,70459.0,437773.0,0.0,0.0,0.0,0.0,0.0,0.0,,8912.0009765625,6.0,below,0.8566024211229502,9020.0009765625,True,1.0,8777.0009765625,5.0,below,2.3584378347800703,8766.0009765625,False,,8375.0,85.0,below,6.830580819419392,8544.0009765625,True,43.0,7944.0,38.0,below,11.625329436354347,7535.0,False,,1.0,1.0,0.0010972861012107833,72.0,UP_CONFIRMED,0.035470817031783654,0.028748647340811187,0.014359399111198259,0.6801567807342579,0.0010972861012107833,0.0790045992871764,0.004506828126316087,0.008159480576739542,0.017996361525733695,8680.110369818964,3.5470817031783652,0.0,-0.8226526344141712,,7.0,1.0,352.0,423.0,2025-05-21 21:00:00,2025-06-18 00:00:00,8292.0,8988.0009765625,72.0,8.39364419395201,0.11657839158266681,6.0,-1.0,332.0,351.0,2025-05-14 21:00:00,2025-05-21 13:30:00,8096.0,8272.0,20.0,2.1739130434782705,0.10869565217391353,12787425.0,,177603.125,,3730511.0,0.0,186525.55,0.0,0.9521651323370981,,3.427794476413553,,34.72222222222222,48.61111111111111,16.666666666666664,False,False,,,,,0.0,0.0,2025-06-17 21:00:00,8988.0009765625,2025-06-11 13:30:00,8902.0009765625,5.0,5.0,0.49948086047213264,65.1469016877879,
AG:5m:1:1:11715:11724:2,AG,5m,11739.0,2025-06-18 10:35:00,0.0,1.0,1.0,BOS,1.0,8894.0009765625,81.0,BOS,1.0,9005.0009765625,6.0,25.0,1.0,10.0,0.0,current_internal_high,internal,0.0,9.0,9005.0009765625,9005.0009765625,9005.0009765625,0.08891851874686106,current_internal_low,internal,0.0,8.0,8987.0009765625,8987.0009765625,8987.0009765625,0.11114814843357634,8993.0009765625,8997.0009765625,8981.0009765625,8997.0009765625,5314.0,438024.0,0.0,0.0,0.0,0.0,0.0,0.0,,9005.0009765625,9.0,above,0.08891851874686106,8990.0009765625,True,6.0,8987.0009765625,8.0,below,0.11114814843357634,8973.0009765625,False,,8894.0009765625,146.0,below,1.1448259288658362,8912.0009765625,True,81.0,8804.0009765625,131.0,below,2.1451592647680235,8777.0009765625,False,,1.0,1.0,0.00018299110476742043,100.0,UP_CONFIRMED,0.0025648377503192147,0.005184607533339722,0.0022542407925090083,0.12258692378368613,0.00018299110476742043,0.018299110476742042,0.00044086836940548935,0.0011437286936177848,0.0022735918984559955,8973.984163209932,0.2564837750319215,0.05560497616752258,0.29085894492142117,,159.0,1.0,11640.0,11739.0,2025-06-17 13:30:00,2025-06-18 10:30:00,8848.0009765625,8997.0009765625,100.0,1.683996197499149,0.01683996197499149,158.0,-1.0,11638.0,11639.0,2025-06-17 11:20:00,2025-06-17 11:25:00,8814.0009765625,8825.0009765625,2.0,0.1248014384074958,0.0624007192037479,670404.0,,6704.04,,12242.0,0.0,6121.0,0.0,1.0952524097369711,,54.762620486848554,,48.0,52.0,0.0,True,False,,,,,0.0,0.0,2025-06-18 10:10:00,8992.0009765625,2025-06-18 10:00:00,8989.0009765625,7.0,6.0,0.43479487656742927,10.155644280174085,
AG:5m:1:1:11715:11724:2,AG,15m,3912.0,2025-06-18 10:15:00,20.0,1.0,1.0,BOS,1.0,8912.0009765625,26.0,BOS,1.0,8847.0009765625,36.0,12.0,1.0,5.0,0.0,active_bear_internal_ob,internal,-1.0,226.0,9000.0009765625,9020.0009765625,9010.0009765625,0.0333444445300729,current_internal_low,internal,0.0,2.0,8973.0009765625,8973.0009765625,8973.0009765625,0.2667555562405832,8998.0009765625,8998.0009765625,8985.0009765625,8992.0009765625,14226.0,438651.0,0.0,0.0,0.0,0.0,0.0,0.0,,9008.0009765625,8.0,above,0.12226296327693398,9005.0009765625,False,,8973.0009765625,2.0,below,0.2667555562405832,8930.0009765625,False,,8912.0009765625,61.0,below,0.9447592616853989,9020.0009765625,True,26.0,8777.0009765625,51.0,below,2.4452592655386796,8766.0009765625,False,,1.0,1.0,0.00014897656954516105,113.0,UP_CONFIRMED,0.006826130016400783,0.003664895661100879,0.0037824638605773973,0.7983552087528581,0.00014897656954516105,0.0168343523586032,0.001338965202412723,0.0016687012682397029,0.0038744410481648117,8931.036559823913,0.6826130016400783,-0.06668147753737808,0.2566386479610017,,57.0,1.0,3800.0,3912.0,2025-06-13 09:45:00,2025-06-18 10:00:00,8875.0009765625,8992.0009765625,113.0,1.3183097140944344,0.011666457646853402,56.0,-1.0,3739.0,3799.0,2025-06-11 21:15:00,2025-06-13 09:30:00,8826.0009765625,8817.0009765625,61.0,-0.10197143671182296,-0.0016716628969151305,1939859.0,,17166.893805309734,,1069036.0,0.0,17525.180327868853,0.0,0.9795559009461736,,1.8145871607691415,,27.43362831858407,47.78761061946903,24.778761061946902,False,False,2025-06-17 13:30:00,8850.0009765625,2025-06-17 11:15:00,8825.0009765625,8.0,8.0,2025-06-17 13:30:00,8850.0009765625,2025-06-17 10:45:00,8840.0009765625,6.0,6.0,1.0320795488734875,17.135176320869288,
AG:5m:1:1:11715:11724:2,AG,1h,1164.0,2025-06-18 10:00:00,35.0,1.0,1.0,CHoCH,1.0,8341.0,121.0,BOS,1.0,8894.0009765625,6.0,8.0,0.0,1.0,0.0,current_swing_high,swing,0.0,17.0,9020.0009765625,9020.0009765625,9020.0009765625,0.2556407413972256,current_internal_high,internal,0.0,13.0,8894.0009765625,8894.0009765625,8894.0009765625,1.1448259288658362,8994.0009765625,9012.0009765625,8981.0009765625,8998.0009765625,65398.0,440999.0,0.0,0.0,0.0,0.0,0.0,0.0,,8894.0009765625,13.0,below,1.1448259288658362,8912.0009765625,True,6.0,8806.0009765625,11.0,below,2.122929635081308,8777.0009765625,False,,9020.0009765625,17.0,above,0.2556407413972256,8341.0,False,,8168.0,87.0,below,9.214192359454849,7944.0,False,,0.0,0.0,0.0004590022237315353,7.0,NONE,0.016868549440937266,0.01667552980306847,0.0006748881456857551,0.6125618631225285,0.0004590022237315353,0.003213015566120747,0.0018680175311991398,,,8848.73564189737,1.6868549440937266,0.11125944496530593,0.12932380503121313,,19.0,1.0,1158.0,1164.0,2025-06-17 21:00:00,2025-06-18 09:00:00,8978.0009765625,8998.0009765625,7.0,0.22276673896797217,0.03182381985256745,18.0,-1.0,1126.0,1157.0,2025-06-12 22:00:00,2025-06-17 14:00:00,8784.0009765625,8864.0009765625,32.0,0.9107467111337586,0.028460834722929956,555528.0,,79361.14285714286,,1651467.0,0.0,51608.34375,0.0,1.537757988157542,,0.3363845599094623,,100.0,0.0,0.0,False,False,,,,,0.0,0.0,,,,,0.0,0.0,0.04047176633401889,36.08426184480416,4.0
AG:5m:1:1:11715:11724:2,AG,4h,423.0,2025-06-18 02:30:00,485.0,1.0,1.0,CHoCH,1.0,8375.0,43.0,BOS,1.0,8912.0009765625,1.0,4.0,0.0,1.0,0.0,,,,,,,,,current_internal_high,internal,0.0,6.0,8912.0009765625,8912.0009765625,8912.0009765625,0.9447592616853989,8989.0009765625,9008.0009765625,8973.0009765625,8988.0009765625,70459.0,437773.0,0.0,0.0,0.0,0.0,0.0,0.0,,8912.0009765625,6.0,below,0.9447592616853989,9020.0009765625,True,1.0,8777.0009765625,5.0,below,2.4452592655386796,8766.0009765625,False,,8375.0,85.0,below,6.913425686879819,8544.0009765625,True,43.0,7944.0,38.0,below,11.703910884366959,7535.0,False,,1.0,1.0,0.0010972861012107833,72.0,UP_CONFIRMED,0.035470817031783654,0.028748647340811187,0.014359399111198259,0.6801567807342579,0.0010972861012107833,0.0790045992871764,0.004506828126316087,0.008159480576739542,0.017996361525733695,8680.110369818964,3.5470817031783652,0.0,-0.8226526344141712,,7.0,1.0,352.0,423.0,2025-05-21 21:00:00,2025-06-18 00:00:00,8292.0,8988.0009765625,72.0,8.39364419395201,0.11657839158266681,6.0,-1.0,332.0,351.0,2025-05-14 21:00:00,2025-05-21 13:30:00,8096.0,8272.0,20.0,2.1739130434782705,0.10869565217391353,12787425.0,,177603.125,,3730511.0,0.0,186525.55,0.0,0.9521651323370981,,3.427794476413553,,34.72222222222222,48.61111111111111,16.666666666666664,False,False,,,,,0.0,0.0,2025-06-17 21:00:00,8988.0009765625,2025-06-11 13:30:00,8902.0009765625,5.0,5.0,0.49948086047213264,65.1469016877879,
AG:5m:1:1:11715:11724:3,AG,5m,11781.0,2025-06-18 22:05:00,0.0,1.0,-1.0,BOS,1.0,8894.0009765625,123.0,CHoCH,-1.0,9004.0009765625,6.0,26.0,1.0,10.0,0.0,current_internal_low,internal,0.0,7.0,9004.0009765625,9004.0009765625,9004.0009765625,0.0889284029741948,active_bull_internal_ob,internal,1.0,57.0,8973.0009765625,8986.0009765625,8979.5009765625,0.11116050371774351,8997.0009765625,8999.0009765625,8984.0009765625,8996.0009765625,12457.0,433432.0,1.0,1.0,1.0,0.0,1.0,0.0,active_bull_internal_ob,9025.0009765625,4.0,above,0.32236546078145617,9075.0009765625,False,,9004.0009765625,7.0,above,0.0889284029741948,8981.0009765625,True,6.0,8894.0009765625,188.0,below,1.1338371379209837,8912.0009765625,True,123.0,8804.0009765625,173.0,below,2.1342816713806756,8777.0009765625,False,,1.0,1.0,0.00018332031094366608,142.0,UP_CONFIRMED,-0.0051012801387959935,0.0036332737128467827,0.003859341851139958,0.011810952219265425,0.00018332031094366608,0.026031484154000584,-0.0007562717905579275,-0.001746402554700488,-0.0035187727664667268,9042.127401488175,-0.5101280138795994,-0.022227159179122324,0.716274502326119,,159.0,1.0,11640.0,11781.0,2025-06-17 13:30:00,2025-06-18 22:00:00,8848.0009765625,8996.0009765625,142.0,1.6726942095964592,0.011779536687299008,158.0,-1.0,11638.0,11639.0,2025-06-17 11:20:00,2025-06-17 11:25:00,8814.0009765625,8825.0009765625,2.0,0.1248014384074958,0.0624007192037479,987334.0,,6953.056338028169,,12242.0,0.0,6121.0,0.0,1.1359347064251215,,80.65136415618363,,47.183098591549296,43.66197183098591,9.15492957746479,True,True,,,2025-06-18 14:10:00,9065.0009765625,0.0,1.0,2025-06-18 10:10:00,8992.0009765625,2025-06-18 14:25:00,9045.0009765625,7.0,7.0,1.0622216095346266,13.04424325161306,
AG:5m:1:1:11715:11724:3,AG,15m,3926.0,2025-06-18 22:00:00,5.0,1.0,1.0,BOS,1.0,8912.0009765625,40.0,BOS,1.0,9008.0009765625,11.0,13.0,0.0,5.0,0.0,current_internal_high,internal,0.0,2.0,9075.0009765625,9075.0009765625,9075.0009765625,0.8781679793701737,active_bull_internal_ob,internal,1.0,11.0,8973.0009765625,8986.0009765625,8979.5009765625,0.11116050371774351,8999.0009765625,9007.0009765625,8997.0009765625,8998.0009765625,12028.0,435139.0,0.0,0.0,0.0,0.0,0.0,0.0,,9075.0009765625,2.0,above,0.8781679793701737,9008.0009765625,False,,8973.0009765625,16.0,below,0.25566915855081007,8930.0009765625,False,,8912.0009765625,75.0,below,0.9337482312290455,9020.0009765625,True,40.0,8777.0009765625,65.0,below,2.434415031418583,8766.0009765625,False,,1.0,1.0,0.0002489887296644477,127.0,UP_CONFIRMED,-0.006943484853505533,0.0034467563047388882,0.0043520359145213456,0.008482998283362742,0.0002489887296644477,0.03162156866738486,-0.0012797264536873465,0.013155143828448734,0.015976364125806164,9060.915304739858,-0.6943484853505534,-0.011112344610297864,-0.7649900751927154,,57.0,1.0,3800.0,3926.0,2025-06-13 09:45:00,2025-06-18 21:45:00,8875.0009765625,8998.0009765625,127.0,1.3859153404582658,0.010912719216206818,56.0,-1.0,3739.0,3799.0,2025-06-11 21:15:00,2025-06-13 09:30:00,8826.0009765625,8817.0009765625,61.0,-0.10197143671182296,-0.0016716628969151305,2249646.0,,17713.748031496063,,1069036.0,0.0,17525.180327868853,0.0,1.0107598153114206,,2.104368795812302,,30.708661417322837,45.66929133858268,23.62204724409449,True,True,2025-06-17 13:30:00,8850.0009765625,2025-06-18 14:00:00,9065.0009765625,8.0,9.0,2025-06-18 14:45:00,9045.0009765625,2025-06-18 21:00:00,9021.0009765625,7.0,8.0,1.2626468278415284,20.58359260998484,
AG:5m:1:1:11715:11724:3,AG,1h,1169.0,2025-06-18 22:00:00,5.0,1.0,1.0,BOS,1.0,9020.0009765625,3.0,BOS,1.0,8894.0009765625,11.0,8.0,0.0,2.0,0.0,current_swing_high,swing,0.0,22.0,9020.0009765625,9020.0009765625,9020.0009765625,0.26678520892258445,current_internal_high,internal,0.0,18.0,8894.0009765625,8894.0009765625,8894.0009765625,1.1338371379209837,9012.0,9025.0009765625,8987.0009765625,8998.0009765625,102737.0,435139.0,0.0,0.0,0.0,0.0,0.0,0.0,,8894.0009765625,18.0,below,1.1338371379209837,8912.0009765625,True,11.0,8806.0009765625,16.0,below,2.1120495706371267,8777.0009765625,False,,9020.0009765625,22.0,above,0.26678520892258445,8341.0,True,3.0,8168.0,92.0,below,9.204100563347103,7944.0,False,,0.0,0.0,0.002369116784304607,12.0,NONE,-0.008064372217754332,0.0139462448592799,0.009052578070841892,0.0075198898765045374,0.002369116784304607,0.028429401411655286,0.025135624692134817,0.027050596010916417,,9071.154139992019,-0.8064372217754332,-0.5196240456113443,0.9902863603580164,,19.0,1.0,1158.0,1169.0,2025-06-17 21:00:00,2025-06-18 21:00:00,8978.0009765625,8998.0009765625,12.0,0.22276673896797217,0.01856389491399768,18.0,-1.0,1126.0,1157.0,2025-06-12 22:00:00,2025-06-17 14:00:00,8784.0009765625,8864.0009765625,32.0,0.9107467111337586,0.028460834722929956,879541.0,,73295.08333333333,,1651467.0,0.0,51608.34375,0.0,1.4202177013931654,,0.5325816380224371,,91.66666666666666,8.333333333333332,0.0,True,True,,,2025-06-18 14:00:00,9045.0009765625,0.0,1.0,,,2025-06-18 21:00:00,8998.0009765625,0.0,1.0,0.6491050574677284,39.02197342093858,4.0
AG:5m:1:1:11715:11724:3,AG,4h,425.0,2025-06-18 15:00:00,425.0,1.0,1.0,CHoCH,1.0,8375.0,45.0,BOS,1.0,8912.0009765625,3.0,4.0,0.0,1.0,0.0,,,,,,,,,current_internal_high,internal,0.0,8.0,8912.0009765625,8912.0009765625,8912.0009765625,0.9337482312290455,9044.0009765625,9075.0009765625,9025.0009765625,9045.0009765625,140602.0,445981.0,0.0,0.0,0.0,0.0,0.0,0.0,,8912.0009765625,8.0,below,0.9337482312290455,9020.0009765625,True,3.0,8777.0009765625,7.0,below,2.434415031418583,8766.0009765625,False,,8375.0,87.0,below,6.903078136389813,8544.0009765625,True,45.0,7944.0,40.0,below,11.694095846624558,7535.0,False,,1.0,1.0,0.0017294544273867038,74.0,UP_CONFIRMED,-0.0032060104169006854,0.02848195670564855,0.014709347592859127,0.015609339847754256,0.0017294544273867038,0.12797962762661608,0.04948243026041199,0.05264135592922203,0.06234087795455934,9074.092612000495,-0.32060104169006853,-0.011054608578875413,-0.2136370533348951,,7.0,1.0,352.0,425.0,2025-05-21 21:00:00,2025-06-18 13:30:00,8292.0,9045.0009765625,74.0,9.081053745326816,0.12271694250441643,6.0,-1.0,332.0,351.0,2025-05-14 21:00:00,2025-05-21 13:30:00,8096.0,8272.0,20.0,2.1739130434782705,0.10869565217391353,13074099.0,,176677.01351351352,,3730511.0,0.0,186525.55,0.0,0.9472000673018444,,3.504640249016824,,36.486486486486484,47.2972972972973,16.216216216216218,False,True,,,2025-06-18 13:30:00,9045.0009765625,0.0,1.0,2025-06-17 21:00:00,8988.0009765625,2025-06-11 13:30:00,8902.0009765625,5.0,5.0,0.5164444193520583,64.12156318998039,
AG:5m:1:1:11739:11748:1,AG,5m,11775.0,2025-06-18 21:35:00,0.0,1.0,-1.0,BOS,1.0,8894.0009765625,117.0,CHoCH,-1.0,9004.0009765625,0.0,26.0,1.0,10.0,0.0,current_internal_low,internal,0.0,1.0,9004.0009765625,9004.0009765625,9004.0009765625,0.0889284029741948,active_bull_internal_ob,internal,1.0,51.0,8973.0009765625,8986.0009765625,8979.5009765625,0.11116050371774351,9020.0009765625,9022.0009765625,8987.0009765625,8996.0009765625,20569.0,436559.0,1.0,1.0,1.0,0.0,1.0,0.0,active_bull_internal_ob,9075.0009765625,11.0,above,0.8781679793701737,9012.0009765625,False,,9004.0009765625,1.0,above,0.0889284029741948,8981.0009765625,True,0.0,8894.0009765625,182.0,below,1.1338371379209837,8912.0009765625,True,117.0,8804.0009765625,167.0,below,2.1342816713806756,8777.0009765625,False,,1.0,1.0,0.00019815782348378877,136.0,UP_CONFIRMED,-0.00599061013943538,0.004013772852969662,0.0034816729370777217,0.0020301322788980336,0.00019815782348378877,0.026949463993795275,-0.0009726536143644937,-0.0021446815812597997,0.00476772179711471,9050.21730008448,-0.5990610139435381,-0.26607535921959746,2.275926499721074,,159.0,1.0,11640.0,11775.0,2025-06-17 13:30:00,2025-06-18 21:30:00,8848.0009765625,8996.0009765625,136.0,1.6726942095964592,0.01229922212938573,158.0,-1.0,11638.0,11639.0,2025-06-17 11:20:00,2025-06-17 11:25:00,8814.0009765625,8825.0009765625,2.0,0.1248014384074958,0.0624007192037479,949142.0,,6978.985294117647,,12242.0,0.0,6121.0,0.0,1.140170771788539,,77.53161248162066,,49.26470588235294,45.588235294117645,5.147058823529411,True,True,,,2025-06-18 14:10:00,9065.0009765625,0.0,1.0,2025-06-18 10:10:00,8992.0009765625,2025-06-18 14:25:00,9045.0009765625,7.0,7.0,0.8674314827013053,14.083002695109254,
AG:5m:1:1:11739:11748:1,AG,15m,3924.0,2025-06-18 21:30:00,5.0,1.0,1.0,BOS,1.0,8912.0009765625,38.0,BOS,1.0,9008.0009765625,9.0,13.0,0.0,5.0,0.0,current_internal_high,internal,0.0,0.0,9075.0009765625,9075.0009765625,9075.0009765625,0.8781679793701737,active_bull_internal_ob,internal,1.0,9.0,8973.0009765625,8986.0009765625,8979.5009765625,0.11116050371774351,9021.0009765625,9025.0009765625,9008.0009765625,9020.0009765625,16849.0,440132.0,0.0,0.0,0.0,0.0,0.0,0.0,,9075.0009765625,0.0,above,0.8781679793701737,9008.0009765625,False,,8973.0009765625,14.0,below,0.25566915855081007,8930.0009765625,False,,8912.0009765625,73.0,below,0.9337482312290455,9020.0009765625,True,38.0,8777.0009765625,63.0,below,2.434415031418583,8766.0009765625,False,,1.0,1.0,0.0002575219447747266,125.0,UP_CONFIRMED,-0.005063925875645489,0.0036132431687779186,0.004181288229323583,0.018982232097513485,0.0002575219447747266,0.03219024309684082,-0.0009692529042858444,0.014793532642699114,0.01667163896051771,9065.910073168292,-0.5063925875645489,-0.011085244338160383,-0.09768984547494931,,57.0,1.0,3800.0,3924.0,2025-06-13 09:45:00,2025-06-18 21:15:00,8875.0009765625,9020.0009765625,125.0,1.633802637125581,0.013070421097004648,56.0,-1.0,3739.0,3799.0,2025-06-11 21:15:00,2025-06-13 09:30:00,8826.0009765625,8817.0009765625,61.0,-0.10197143671182296,-0.0016716628969151305,2203342.0,,17626.736,,1069036.0,0.0,17525.180327868853,0.0,1.005794843204532,,2.0610550065666637,,31.2,46.400000000000006,22.400000000000002,True,True,2025-06-17 13:30:00,8850.0009765625,2025-06-18 14:00:00,9065.0009765625,8.0,9.0,2025-06-18 14:45:00,9045.0009765625,2025-06-18 21:00:00,9021.0009765625,7.0,8.0,1.1572119655422444,20.351385512171767,
AG:5m:1:1:11739:11748:1,AG,1h,1168.0,2025-06-18 15:00:00,395.0,1.0,1.0,BOS,1.0,9020.0009765625,2.0,BOS,1.0,8894.0009765625,10.0,8.0,0.0,2.0,0.0,current_swing_high,swing,0.0,21.0,9020.0009765625,9020.0009765625,9020.0009765625,0.26678520892258445,current_internal_high,internal,0.0,17.0,8894.0009765625,8894.0009765625,8894.0009765625,1.1338371379209837,9065.0009765625,9075.0009765625,9025.0009765625,9045.0009765625,83619.0,445981.0,0.0,0.0,0.0,0.0,0.0,0.0,,8894.0009765625,17.0,below,1.1338371379209837,8912.0009765625,True,10.0,8806.0009765625,15.0,below,2.1120495706371267,8777.0009765625,False,,9020.0009765625,21.0,above,0.26678520892258445,8341.0,True,2.0,8168.0,91.0,below,9.204100563347103,7944.0,False,,0.0,0.0,0.002614776960171569,11.0,NONE,-0.0032060104169008854,0.015947210048101193,0.00643061070249021,0.0014485749749824084,0.002614776960171569,0.02876254656188726,0.026114996942603552,0.02876254656188726,,9074.092612000497,-0.3206010416900885,-0.23163465406952355,0.6757718539976765,,19.0,1.0,1158.0,1168.0,2025-06-17 21:00:00,2025-06-18 14:00:00,8978.0009765625,9045.0009765625,11.0,0.7462685755426746,0.06784259777660678,18.0,-1.0,1126.0,1157.0,2025-06-12 22:00:00,2025-06-17 14:00:00,8784.0009765625,8864.0009765625,32.0,0.9107467111337586,0.028460834722929956,776804.0,,70618.54545454546,,1651467.0,0.0,51608.34375,0.0,1.3683551984662452,,0.4703720994727718,,100.0,0.0,0.0,False,True,,,2025-06-18 14:00:00,9045.0009765625,0.0,1.0,,,,,0.0,0.0,0.40324361961081034,37.56212522254924,4.0
AG:5m:1:1:11739:11748:1,AG,4h,425.0,2025-06-18 15:00:00,395.0,1.0,1.0,CHoCH,1.0,8375.0,45.0,BOS,1.0,8912.0009765625,3.0,4.0,0.0,1.0,0.0,,,,,,,,,current_internal_high,internal,0.0,8.0,8912.0009765625,8912.0009765625,8912.0009765625,0.9337482312290455,9044.0009765625,9075.0009765625,9025.0009765625,9045.0009765625,140602.0,445981.0,0.0,0.0,0.0,0.0,0.0,0.0,,8912.0009765625,8.0,below,0.9337482312290455,9020.0009765625,True,3.0,8777.0009765625,7.0,below,2.434415031418583,8766.0009765625,False,,8375.0,87.0,below,6.903078136389813,8544.0009765625,True,45.0,7944.0,40.0,below,11.694095846624558,7535.0,False,,1.0,1.0,0.0017294544273867038,74.0,UP_CONFIRMED,-0.0032060104169006854,0.02848195670564855,0.014709347592859127,0.015609339847754256,0.0017294544273867038,0.12797962762661608,0.04948243026041199,0.05264135592922203,0.06234087795455934,9074.092612000495,-0.32060104169006853,-0.011054608578875413,-0.2136370533348951,,7.0,1.0,352.0,425.0,2025-05-21 21:00:00,2025-06-18 13:30:00,8292.0,9045.0009765625,74.0,9.081053745326816,0.12271694250441643,6.0,-1.0,332.0,351.0,2025-05-14 21:00:00,2025-05-21 13:30:00,8096.0,8272.0,20.0,2.1739130434782705,0.10869565217391353,13074099.0,,176677.01351351352,,3730511.0,0.0,186525.55,0.0,0.9472000673018444,,3.504640249016824,,36.486486486486484,47.2972972972973,16.216216216216218,False,True,,,2025-06-18 13:30:00,9045.0009765625,0.0,1.0,2025-06-17 21:00:00,8988.0009765625,2025-06-11 13:30:00,8902.0009765625,5.0,5.0,0.5164444193520583,64.12156318998039,
AG:5m:1:1:11739:11748:2,AG,5m,11780.0,2025-06-18 22:00:00,0.0,1.0,-1.0,BOS,1.0,8894.0009765625,122.0,CHoCH,-1.0,9004.0009765625,5.0,26.0,1.0,10.0,0.0,current_internal_low,internal,0.0,6.0,9004.0009765625,9004.0009765625,9004.0009765625,0.06668147753738271,active_bull_internal_ob,internal,1.0,32.0,8981.0009765625,8997.0009765625,8989.0009765625,0.011113579589563785,9001.0009765625,9007.0009765625,8997.0009765625,8998.0009765625,3973.0,435139.0,0.0,0.0,0.0,0.0,0.0,0.0,,9025.0009765625,3.0,above,0.3000666489182222,9075.0009765625,False,,9004.0009765625,6.0,above,0.06668147753738271,8981.0009765625,True,5.0,8894.0009765625,187.0,below,1.1558122773146335,8912.0009765625,True,122.0,8804.0009765625,172.0,below,2.156034440375374,8777.0009765625,False,,1.0,1.0,0.00018693852576247942,141.0,UP_CONFIRMED,-0.005196993228198148,0.0036952209032839653,0.003802004193707136,0.009672302852422487,0.00018693852576247942,0.0263583321325096,-0.0005756192315313768,-0.0015477129677697876,-0.0032521807374743528,9045.007820957013,-0.5196993228198148,-0.04443456527514211,-0.776970122617196,,159.0,1.0,11640.0,11780.0,2025-06-17 13:30:00,2025-06-18 21:55:00,8848.0009765625,8998.0009765625,141.0,1.6952981854018168,0.012023391385828487,158.0,-1.0,11638.0,11639.0,2025-06-17 11:20:00,2025-06-17 11:25:00,8814.0009765625,8825.0009765625,2.0,0.1248014384074958,0.0624007192037479,974877.0,,6914.021276595745,,12242.0,0.0,6121.0,0.0,1.1295574704453104,,79.63380166639438,,47.5177304964539,43.97163120567376,8.51063829787234,True,True,,,2025-06-18 14:10:00,9065.0009765625,0.0,1.0,2025-06-18 10:10:00,8992.0009765625,2025-06-18 14:25:00,9045.0009765625,7.0,7.0,1.028897674379432,12.893800424814065,
AG:5m:1:1:11739:11748:2,AG,15m,3926.0,2025-06-18 22:00:00,0.0,1.0,1.0,BOS,1.0,8912.0009765625,40.0,BOS,1.0,9008.0009765625,11.0,13.0,0.0,5.0,0.0,current_internal_high,internal,0.0,2.0,9075.0009765625,9075.0009765625,9075.0009765625,0.8557456283964114,active_bull_internal_ob,internal,1.0,11.0,8973.0009765625,8986.0009765625,8979.5009765625,0.13336295507476542,8999.0009765625,9007.0009765625,8997.0009765625,8998.0009765625,12028.0,435139.0,0.0,0.0,0.0,0.0,0.0,0.0,,9075.0009765625,2.0,above,0.8557456283964114,9008.0009765625,False,,8973.0009765625,16.0,below,0.2778394897390946,8930.0009765625,False,,8912.0009765625,75.0,below,0.9557678447024854,9020.0009765625,True,40.0,8777.0009765625,65.0,below,2.4561010892935964,8766.0009765625,False,,1.0,1.0,0.0002489887296644477,127.0,UP_CONFIRMED,-0.006943484853505533,0.0034467563047388882,0.0043520359145213456,0.008482998283362742,0.0002489887296644477,0.03162156866738486,-0.0012797264536873465,0.013155143828448734,0.015976364125806164,9060.915304739858,-0.6943484853505534,-0.011112344610297864,-0.7649900751927154,,57.0,1.0,3800.0,3926.0,2025-06-13 09:45:00,2025-06-18 21:45:00,8875.0009765625,8998.0009765625,127.0,1.3859153404582658,0.010912719216206818,56.0,-1.0,3739.0,3799.0,2025-06-11 21:15:00,2025-06-13 09:30:00,8826.0009765625,8817.0009765625,61.0,-0.10197143671182296,-0.0016716628969151305,2249646.0,,17713.748031496063,,1069036.0,0.0,17525.180327868853,0.0,1.0107598153114206,,2.104368795812302,,30.708661417322837,45.66929133858268,23.62204724409449,True,True,2025-06-17 13:30:00,8850.0009765625,2025-06-18 14:00:00,9065.0009765625,8.0,9.0,2025-06-18 14:45:00,9045.0009765625,2025-06-18 21:00:00,9021.0009765625,7.0,8.0,1.2626468278415284,20.58359260998484,
AG:5m:1:1:11739:11748:2,AG,1h,1169.0,2025-06-18 22:00:00,0.0,1.0,1.0,BOS,1.0,9020.0009765625,3.0,BOS,1.0,8894.0009765625,11.0,8.0,0.0,2.0,0.0,current_swing_high,swing,0.0,22.0,9020.0009765625,9020.0009765625,9020.0009765625,0.24449875097040324,current_internal_high,internal,0.0,18.0,8894.0009765625,8894.0009765625,8894.0009765625,1.1558122773146335,9012.0,9025.0009765625,8987.0009765625,8998.0009765625,102737.0,435139.0,0.0,0.0,0.0,0.0,0.0,0.0,,8894.0009765625,18.0,below,1.1558122773146335,8912.0009765625,True,11.0,8806.0009765625,16.0,below,2.1338072811962467,8777.0009765625,False,,9020.0009765625,22.0,above,0.24449875097040324,8341.0,True,3.0,8168.0,92.0,below,9.22428191244301,7944.0,False,,0.0,0.0,0.002369116784304607,12.0,NONE,-0.008064372217754332,0.0139462448592799,0.009052578070841892,0.0075198898765045374,0.002369116784304607,0.028429401411655286,0.025135624692134817,0.027050596010916417,,9071.154139992019,-0.8064372217754332,-0.5196240456113443,0.9902863603580164,,19.0,1.0,1158.0,1169.0,2025-06-17 21:00:00,2025-06-18 21:00:00,8978.0009765625,8998.0009765625,12.0,0.22276673896797217,0.01856389491399768,18.0,-1.0,1126.0,1157.0,2025-06-12 22:00:00,2025-06-17 14:00:00,8784.0009765625,8864.0009765625,32.0,0.9107467111337586,0.028460834722929956,879541.0,,73295.08333333333,,1651467.0,0.0,51608.34375,0.0,1.4202177013931654,,0.5325816380224371,,91.66666666666666,8.333333333333332,0.0,True,True,,,2025-06-18 14:00:00,9045.0009765625,0.0,1.0,,,2025-06-18 21:00:00,8998.0009765625,0.0,1.0,0.6491050574677284,39.02197342093858,4.0
AG:5m:1:1:11739:11748:2,AG,4h,425.0,2025-06-18 15:00:00,420.0,1.0,1.0,CHoCH,1.0,8375.0,45.0,BOS,1.0,8912.0009765625,3.0,4.0,0.0,1.0,0.0,,,,,,,,,current_internal_high,internal,0.0,8.0,8912.0009765625,8912.0009765625,8912.0009765625,0.9557678447024854,9044.0009765625,9075.0009765625,9025.0009765625,9045.0009765625,140602.0,445981.0,0.0,0.0,0.0,0.0,0.0,0.0,,8912.0009765625,8.0,below,0.9557678447024854,9020.0009765625,True,3.0,8777.0009765625,7.0,below,2.4561010892935964,8766.0009765625,False,,8375.0,87.0,below,6.923770937403306,8544.0009765625,True,45.0,7944.0,40.0,below,11.713723740505296,7535.0,False,,1.0,1.0,0.0017294544273867038,74.0,UP_CONFIRMED,-0.0032060104169006854,0.02848195670564855,0.014709347592859127,0.015609339847754256,0.0017294544273867038,0.12797962762661608,0.04948243026041199,0.05264135592922203,0.06234087795455934,9074.092612000495,-0.32060104169006853,-0.011054608578875413,-0.2136370533348951,,7.0,1.0,352.0,425.0,2025-05-21 21:00:00,2025-06-18 13:30:00,8292.0,9045.0009765625,74.0,9.081053745326816,0.12271694250441643,6.0,-1.0,332.0,351.0,2025-05-14 21:00:00,2025-05-21 13:30:00,8096.0,8272.0,20.0,2.1739130434782705,0.10869565217391353,13074099.0,,176677.01351351352,,3730511.0,0.0,186525.55,0.0,0.9472000673018444,,3.504640249016824,,36.486486486486484,47.2972972972973,16.216216216216218,False,True,,,2025-06-18 13:30:00,9045.0009765625,0.0,1.0,2025-06-17 21:00:00,8988.0009765625,2025-06-11 13:30:00,8902.0009765625,5.0,5.0,0.5164444193520583,64.12156318998039,
AG:5m:1:-1:11772:11775:1,AG,5m,13546.0,2025-07-10 21:10:00,0.0,1.0,1.0,BOS,1.0,8932.0009765625,1.0,CHoCH,1.0,8890.0009765625,19.0,29.0,1.0,14.0,0.0,active_bear_internal_ob,internal,-1.0,1771.0,9014.0009765625,9025.0009765625,9019.5009765625,0.011095083675242133,current_swing_high,swing,0.0,102.0,8932.0009765625,8932.0009765625,8932.0009765625,0.8987017776946129,8995.0009765625,9018.0009765625,8995.0009765625,9013.0009765625,33515.0,354069.0,0.0,0.0,0.0,0.0,0.0,0.0,,8890.0009765625,21.0,below,1.3646952920547823,8901.0009765625,True,19.0,8874.0009765625,17.0,below,1.5422166308586565,8875.0009765625,False,,8932.0009765625,102.0,below,0.8987017776946129,8973.0009765625,True,1.0,8856.0009765625,44.0,below,1.741928137013015,8845.0009765625,False,,0.0,0.0,0.00015817867255388075,47.0,NONE,0.00871030001315285,0.002023087439926435,0.00168736412046805,0.999963010434642,0.00015817867255388075,0.007434397610032395,0.005241838146923694,0.005585478744773997,0.006328511815154592,8935.172939589273,0.871030001315285,0.17783703749372215,1.806521158935144,,185.0,1.0,13500.0,13546.0,2025-07-10 09:00:00,2025-07-10 21:05:00,8904.0009765625,9013.0009765625,47.0,1.2241687785851996,0.026046144225217012,184.0,-1.0,13434.0,13499.0,2025-07-09 21:00:00,2025-07-10 02:25:00,8863.0009765625,8870.0009765625,66.0,0.0789800206330904,0.0011966669792892485,292950.0,,6232.978723404255,,289645.0,0.0,4388.560606060606,0.0,1.4202786022361196,,1.0114105197742063,,40.42553191489361,40.42553191489361,19.148936170212767,False,False,,,,,0.0,0.0,2025-07-10 13:55:00,8895.0009765625,2025-07-10 13:50:00,8889.0009765625,5.0,4.0,0.8340539747156985,14.165140468492996,
AG:5m:1:-1:11772:11775:1,AG,15m,4514.0,2025-07-10 15:00:00,370.0,1.0,1.0,CHoCH,1.0,8953.0009765625,79.0,BOS,1.0,8911.0009765625,0.0,16.0,3.0,7.0,1.0,active_bear_internal_ob,internal,-1.0,587.0,9059.0009765625,9075.0009765625,9067.0009765625,0.5103738490611381,active_bear_internal_ob,internal,-1.0,70.0,8954.0009765625,8973.0009765625,8963.5009765625,0.4438033470096853,8908.0009765625,8920.0009765625,8907.0009765625,8919.0009765625,17097.0,333179.0,0.0,0.0,0.0,0.0,0.0,0.0,,8911.0009765625,9.0,below,1.1316985348746975,8897.0009765625,True,0.0,8874.0009765625,1.0,below,1.5422166308586565,8860.0009765625,False,,8932.0009765625,0.0,below,0.8987017776946129,8973.0009765625,False,,8845.0009765625,10.0,below,1.8639740574406785,8840.0009765625,False,,1.0,1.0,4.321845760745055e-05,86.0,UP_CONFIRMED,0.003175580464256918,0.001936037340098949,0.003595239831838242,0.6348676406173488,4.321845760745055e-05,0.003716787354240747,0.0003681825851087339,0.00033884393973071525,0.00034249466966418396,8890.767628568969,0.3175580464256918,0.12348449476984324,0.823124784015509,,65.0,1.0,4429.0,4514.0,2025-07-08 09:45:00,2025-07-10 14:45:00,8946.0009765625,8919.0009765625,86.0,-0.3018108322448976,-0.0035094282819174137,64.0,-1.0,4396.0,4428.0,2025-07-07 11:00:00,2025-07-08 09:30:00,8912.0009765625,8929.0009765625,33.0,0.19075401859478536,0.005780424805902587,1247248.0,,14502.883720930233,,370352.0,0.0,11222.787878787878,0.0,1.2922710361782783,,3.367736639737331,,27.906976744186046,37.2093023255814,34.883720930232556,False,False,2025-07-10 13:30:00,8889.0009765625,2025-07-10 09:45:00,8884.0009765625,5.0,5.0,2025-07-10 13:30:00,8889.0009765625,2025-07-10 11:00:00,8880.0009765625,7.0,7.0,1.8570095510939333,13.542228887396965,
AG:5m:1:-1:11772:11775:1,AG,1h,1344.0,2025-07-10 15:00:00,370.0,-1.0,1.0,CHoCH,-1.0,8766.0009765625,157.0,CHoCH,1.0,8953.0009765625,23.0,11.0,1.0,1.0,1.0,active_bear_internal_ob,internal,-1.0,164.0,9025.0009765625,9075.0009765625,9050.0009765625,0.13314100410290558,current_internal_high,internal,0.0,10.0,8932.0009765625,8932.0009765625,8932.0009765625,0.8987017776946129,8895.0009765625,8920.0009765625,8892.0009765625,8919.0009765625,61417.0,333179.0,0.0,0.0,0.0,0.0,0.0,0.0,,8932.0009765625,10.0,below,0.8987017776946129,8973.0009765625,False,,8856.0009765625,4.0,below,1.741928137013015,8845.0009765625,False,,9075.0009765625,126.0,above,0.6878951878650122,9020.0009765625,False,,8563.0009765625,81.0,below,4.99278765385896,8766.0009765625,False,,1.0,1.0,0.0002917485615809885,110.0,UP_CONFIRMED,0.005519834458529922,0.013332967096971666,0.006687928778525719,0.12135417932098985,0.0002917485615809885,0.03209234177390874,0.000513803712391514,0.0007292675931340753,0.0025004460792215077,8870.03982508745,0.5519834458529922,0.26981447290717053,0.6434696117971729,,21.0,1.0,1235.0,1344.0,2025-06-26 21:00:00,2025-07-10 14:00:00,8798.0009765625,8919.0009765625,110.0,1.3753124183816245,0.012502840167105678,20.0,-1.0,1187.0,1234.0,2025-06-20 10:00:00,2025-06-26 14:00:00,8681.0009765625,8796.0009765625,48.0,1.3247320246879912,0.027598583847666485,4235335.0,,38503.045454545456,,2279293.0,0.0,47485.270833333336,0.0,0.8108418627259337,,1.8581792687469316,,35.45454545454545,42.72727272727273,21.818181818181817,True,False,,,,,0.0,0.0,2025-07-10 14:00:00,8919.0009765625,2025-07-09 14:00:00,8899.0009765625,8.0,8.0,0.5016084364330845,27.569417429027972,4.0
AG:5m:1:-1:11772:11775:1,AG,4h,489.0,2025-07-10 15:00:00,370.0,1.0,-1.0,CHoCH,1.0,8375.0,109.0,CHoCH,-1.0,8878.0009765625,12.0,5.0,1.0,1.0,0.0,active_bear_internal_ob,internal,-1.0,57.0,9025.0009765625,9075.0009765625,9050.0009765625,0.13314100410290558,current_internal_high,internal,0.0,0.0,8932.0009765625,8932.0009765625,8932.0009765625,0.8987017776946129,8889.0009765625,8920.0009765625,8880.0009765625,8919.0009765625,88822.0,333179.0,0.0,0.0,0.0,0.0,0.0,0.0,,8932.0009765625,0.0,below,0.8987017776946129,8973.0009765625,False,,8845.0009765625,1.0,below,1.8639740574406785,8840.0009765625,False,,9075.0009765625,14.0,above,0.6878951878650122,8375.0,False,,7944.0,104.0,below,11.860655283876492,7535.0,False,,0.0,0.0,0.0005468087488950237,9.0,NONE,0.023011589039719792,0.022869232358377296,0.003778391257558818,0.515027206504393,0.0005468087488950237,0.004921278740055213,0.0024688569964519402,,,8718.377261918005,2.301158903971979,0.4165727981525036,-0.3012977616479618,,9.0,1.0,481.0,489.0,2025-07-08 13:30:00,2025-07-10 13:30:00,8953.0009765625,8919.0009765625,9.0,-0.3797609325521867,-0.042195659172465184,8.0,-1.0,442.0,480.0,2025-06-24 21:00:00,2025-07-08 09:00:00,8650.0009765625,8948.0009765625,39.0,3.445086316261037,0.08833554657079581,1182782.0,,131420.22222222222,,4086304.0,0.0,104777.02564102564,0.0,1.2542847195574942,,0.2894503198978833,,11.11111111111111,88.88888888888889,0.0,False,False,,,,,0.0,0.0,2025-07-10 09:00:00,8882.0009765625,2025-07-10 00:00:00,8870.0009765625,2.0,2.0,0.16521723153399787,49.86264328476169,
AG:5m:1:1:11825:11830:1,AG,5m,11833.0,2025-06-19 02:25:00,0.0,1.0,1.0,BOS,1.0,8894.0009765625,175.0,CHoCH,1.0,8957.0009765625,3.0,25.0,1.0,10.0,0.0,current_internal_high,internal,0.0,19.0,8957.0009765625,8957.0009765625,8957.0009765625,0.08939545342493603,active_bull_internal_ob,internal,1.0,3.0,8942.0009765625,8946.0009765625,8944.0009765625,0.03352329503435101,8958.0009765625,8959.0009765625,8946.0009765625,8949.0009765625,2324.0,413819.0,0.0,0.0,0.0,0.0,0.0,0.0,,8957.0009765625,19.0,above,0.08939545342493603,8954.0009765625,True,3.0,8942.0009765625,3.0,below,0.07822102174681902,8939.0009765625,False,,9075.0009765625,24.0,above,1.4079783914427424,8894.0009765625,False,,8804.0009765625,225.0,below,1.6202925933269656,8777.0009765625,False,,-1.0,-1.0,-0.00012567281660750862,-51.0,DOWN_CONFIRMED,-0.0031335563095873037,-0.004564084857844953,0.001660033362504071,0.8055865852837576,-0.00012567281660750862,-0.006409313646982939,-0.00038763280333953265,-0.0005039942460817182,-0.000749490120366958,8977.131323061874,-0.31335563095873037,-0.10046884370237263,0.502517188373711,,160.0,-1.0,11783.0,11833.0,2025-06-18 22:10:00,2025-06-19 02:20:00,8964.0009765625,8949.0009765625,51.0,-0.16733599247946707,-0.003281097891754256,159.0,1.0,11640.0,11782.0,2025-06-17 13:30:00,2025-06-18 22:05:00,8848.0009765625,8988.0009765625,143.0,1.582278306375029,0.01106488326136384,252957.0,,4959.941176470588,,994541.0,0.0,6954.832167832168,0.0,0.7131647546308237,,0.2543454719312728,,45.09803921568628,47.05882352941176,7.8431372549019605,True,True,,,,,0.0,0.0,2025-06-18 22:40:00,8940.0009765625,2025-06-19 02:20:00,8949.0009765625,2.0,2.0,0.36371658595495465,7.815999290084691,
AG:5m:1:1:11825:11830:1,AG,15m,3943.0,2025-06-19 02:15:00,10.0,1.0,1.0,BOS,1.0,8912.0009765625,57.0,CHoCH,1.0,8957.0009765625,0.0,13.0,1.0,5.0,0.0,current_internal_high,internal,0.0,2.0,8957.0009765625,8957.0009765625,8957.0009765625,0.08939545342493603,current_internal_low,internal,0.0,7.0,8932.0009765625,8932.0009765625,8932.0009765625,0.18996533852798905,8948.0009765625,8969.0009765625,8948.0009765625,8958.0009765625,13271.0,414336.0,1.0,1.0,1.0,0.0,1.0,0.0,active_bull_internal_ob,8957.0009765625,2.0,above,0.08939545342493603,8956.0009765625,True,0.0,8932.0009765625,7.0,below,0.18996533852798905,8926.0009765625,False,,8912.0009765625,92.0,below,0.41345397209032914,9020.0009765625,True,57.0,8777.0009765625,82.0,below,1.9220022486361246,8766.0009765625,False,,1.0,1.0,0.00018716709180089755,144.0,UP_CONFIRMED,-0.006862736902393667,0.0020020345600894104,0.005696100528168267,0.0598198417885033,0.00018716709180089755,0.02695206121932925,-0.00036666390992856623,-0.0006525632341664034,-0.005236261675158671,9019.902192192843,-0.6862736902393667,0.11175680496897655,-0.15775374914466372,,57.0,1.0,3800.0,3943.0,2025-06-13 09:45:00,2025-06-19 02:00:00,8875.0009765625,8958.0009765625,144.0,0.9352111646994787,0.006494521977079714,56.0,-1.0,3739.0,3799.0,2025-06-11 21:15:00,2025-06-13 09:30:00,8826.0009765625,8817.0009765625,61.0,-0.10197143671182296,-0.0016716628969151305,2517882.0,,17485.291666666668,,1069036.0,0.0,17525.180327868853,0.0,0.9977239229237057,,2.3552827032953054,,27.083333333333332,40.27777777777778,32.63888888888889,True,True,2025-06-17 13:30:00,8850.0009765625,2025-06-18 14:00:00,9065.0009765625,8.0,9.0,2025-06-18 14:45:00,9045.0009765625,2025-06-18 21:00:00,9021.0009765625,7.0,8.0,2.845155943718514,15.855940453852565,
AG:5m:1:1:11825:11830:1,AG,1h,1173.0,2025-06-19 02:00:00,25.0,1.0,1.0,BOS,1.0,9020.0009765625,7.0,BOS,1.0,8894.0009765625,15.0,8.0,0.0,2.0,0.0,current_swing_high,swing,0.0,26.0,9020.0009765625,9020.0009765625,9020.0009765625,0.7933846491463072,active_bull_internal_ob,internal,1.0,15.0,8804.0009765625,8871.0009765625,8837.5009765625,0.8716056708931262,8952.0009765625,8953.0009765625,8942.0009765625,8948.0009765625,11338.0,415033.0,0.0,0.0,0.0,0.0,0.0,0.0,,9075.0009765625,0.0,above,1.4079783914427424,8894.0009765625,False,,8806.0009765625,20.0,below,1.5979437299707313,8777.0009765625,False,,9020.0009765625,26.0,above,0.7933846491463072,8341.0,True,7.0,8168.0,96.0,below,8.727242053140314,7944.0,False,,0.0,0.0,0.0016907514952870378,16.0,NONE,-0.012253459138077797,0.007335164621590109,0.013880096530066284,0.07908187207086609,0.0016907514952870378,0.027052023924592605,-0.0016626991748593944,0.024408876383876343,,9059.005125701926,-1.2253459138077798,-0.044682747583169036,-0.9835426106163946,,19.0,1.0,1158.0,1173.0,2025-06-17 21:00:00,2025-06-19 01:00:00,8978.0009765625,8948.0009765625,16.0,-0.33415010845194715,-0.020884381778246697,18.0,-1.0,1126.0,1157.0,2025-06-12 22:00:00,2025-06-17 14:00:00,8784.0009765625,8864.0009765625,32.0,0.9107467111337586,0.028460834722929956,1134506.0,,70906.625,,1651467.0,0.0,51608.34375,0.0,1.3739372327754658,,0.6869686163877329,,68.75,6.25,25.0,True,True,,,2025-06-18 14:00:00,9045.0009765625,0.0,1.0,,,2025-06-18 21:00:00,8998.0009765625,0.0,1.0,1.8922678966484288,37.68535461462481,4.0
AG:5m:1:1:11825:11830:1,AG,4h,426.0,2025-06-19 00:00:00,145.0,1.0,1.0,CHoCH,1.0,8375.0,46.0,BOS,1.0,8912.0009765625,4.0,4.0,0.0,1.0,0.0,,,,,,,,,current_internal_high,internal,0.0,9.0,8912.0009765625,8912.0009765625,8912.0009765625,0.41345397209032914,9012.0,9025.0009765625,8901.0009765625,8947.0009765625,330724.0,417867.0,0.0,0.0,0.0,0.0,0.0,0.0,,8912.0009765625,9.0,below,0.41345397209032914,9020.0009765625,True,4.0,8777.0009765625,8.0,below,1.9220022486361246,8766.0009765625,False,,8375.0,88.0,below,6.414134695770096,8544.0009765625,True,46.0,7944.0,41.0,below,11.230314749038524,7535.0,False,,1.0,1.0,0.0016916144503314001,75.0,UP_CONFIRMED,-0.013036030373610572,0.027928383544591765,0.015367395397062398,0.003841746957741865,0.0016916144503314001,0.126871083774855,0.04795601994189447,0.0509699572022273,0.05897146591817859,9065.174871529854,-1.3036030373610572,-1.0834714142534452,1.587452020532567,,7.0,1.0,352.0,426.0,2025-05-21 21:00:00,2025-06-18 21:00:00,8292.0,8947.0009765625,75.0,7.89919170962976,0.1053225561283968,6.0,-1.0,332.0,351.0,2025-05-14 21:00:00,2025-05-21 13:30:00,8096.0,8272.0,20.0,2.1739130434782705,0.10869565217391353,13404823.0,,178730.97333333333,,3730511.0,0.0,186525.55,0.0,0.958211748113507,,3.593294055425651,,36.0,48.0,16.0,True,True,,,2025-06-18 13:30:00,9045.0009765625,0.0,1.0,2025-06-17 21:00:00,8988.0009765625,2025-06-18 21:00:00,8947.0009765625,5.0,6.0,0.550242923029401,69.8271658192675,
AG:5m:1:-1:11830:11835:1,AG,5m,12978.0,2025-07-03 14:05:00,0.0,1.0,1.0,BOS,1.0,8849.0009765625,6.0,CHoCH,1.0,8845.0009765625,6.0,26.0,2.0,12.0,1.0,active_bear_internal_ob,internal,-1.0,1203.0,9014.0009765625,9025.0009765625,9019.5009765625,0.6363737164833418,current_swing_high,swing,0.0,11.0,8849.0009765625,8849.0009765625,8849.0009765625,1.205760725968437,8938.0009765625,8958.0009765625,8938.0009765625,8957.0009765625,17434.0,271811.0,2.0,2.0,0.0,2.0,1.0,1.0,active_bear_internal_ob|active_bear_swing_ob,8845.0009765625,20.0,below,1.2504185306339348,8847.0009765625,True,6.0,8825.0009765625,11.0,below,1.473707553961423,8820.0009765625,False,,8849.0009765625,11.0,below,1.205760725968437,8823.0009765625,True,6.0,8741.0009765625,50.0,below,2.411521451936874,8708.0009765625,False,,1.0,1.0,0.00015454780737666373,100.0,UP_CONFIRMED,0.008542138168990833,0.004892937944796521,0.0017012317093775405,0.984024944266527,0.00015454780737666373,0.015454780737666374,0.005511132525679585,0.007171347691304675,0.0076174752466604545,8881.137076556804,0.8542138168990833,0.22378871897239527,1.589862900394852,,177.0,1.0,12879.0,12978.0,2025-07-02 21:00:00,2025-07-03 14:00:00,8795.0009765625,8957.0009765625,100.0,1.8419554520995307,0.018419554520995307,176.0,-1.0,12834.0,12878.0,2025-07-02 09:00:00,2025-07-02 14:55:00,8780.0009765625,8747.0009765625,45.0,-0.37585417231832396,-0.0083523149404072,346453.0,,3464.53,,123980.0,0.0,2755.1111111111113,0.0,1.2574919341829327,,2.794426520406517,,73.0,27.0,0.0,True,False,,,,,0.0,0.0,2025-07-03 11:25:00,8839.0009765625,2025-07-03 11:15:00,8832.0009765625,6.0,5.0,0.3476912498321677,12.637174976475084,
AG:5m:1:-1:11830:11835:1,AG,15m,4325.0,2025-07-03 14:00:00,5.0,1.0,1.0,BOS,1.0,8858.0009765625,1.0,CHoCH,1.0,8845.0009765625,1.0,13.0,2.0,6.0,1.0,active_bear_internal_ob,internal,-1.0,398.0,9059.0009765625,9075.0009765625,9067.0009765625,1.1387740189701905,current_swing_high,swing,0.0,101.0,8858.0009765625,8858.0009765625,8858.0009765625,1.1052806654710672,8887.0009765625,8946.0009765625,8886.0009765625,8937.0009765625,51590.0,268345.0,1.0,1.0,0.0,1.0,1.0,0.0,active_bear_internal_ob,8845.0009765625,3.0,below,1.2504185306339348,8848.0009765625,True,1.0,8825.0009765625,0.0,below,1.473707553961423,8820.0009765625,False,,8858.0009765625,101.0,below,1.1052806654710672,8811.0009765625,True,1.0,8664.0009765625,92.0,below,3.2711841917477043,8563.0009765625,False,,1.0,1.0,0.00017861465980847777,76.0,UP_CONFIRMED,0.012358387614434987,0.0048079764489685865,0.002588606466471376,0.9982317085096589,0.00017861465980847777,0.013574714145444311,0.0037247336873942327,0.004288964689226127,0.005248228532338972,8827.902337651427,1.2358387614434987,0.5739364662969981,3.488147450885071,,63.0,1.0,4250.0,4325.0,2025-07-01 13:30:00,2025-07-03 13:45:00,8746.0009765625,8937.0009765625,76.0,2.1838552329440652,0.028734937275579808,62.0,-1.0,4182.0,4249.0,2025-06-27 21:00:00,2025-07-01 11:15:00,8672.0009765625,8721.0009765625,68.0,0.5650368367396519,0.008309365246171352,749731.0,,9864.881578947368,,750129.0,0.0,11031.308823529413,0.0,0.894262116740482,,0.9994694245923035,,50.0,38.15789473684211,11.842105263157894,True,False,2025-07-02 21:00:00,8803.0009765625,2025-07-02 14:30:00,8755.0009765625,1.0,1.0,2025-07-03 10:45:00,8836.0009765625,2025-07-03 10:30:00,8826.0009765625,5.0,4.0,0.5383983249391098,17.41138386207253,
AG:5m:1:-1:11830:11835:1,AG,1h,1288.0,2025-07-03 14:00:00,5.0,-1.0,1.0,CHoCH,-1.0,8766.0009765625,101.0,BOS,1.0,8849.0009765625,0.0,10.0,1.0,1.0,1.0,active_bear_internal_ob,internal,-1.0,108.0,9025.0009765625,9075.0009765625,9050.0009765625,0.7591826793134604,current_internal_high,internal,0.0,1.0,8849.0009765625,8849.0009765625,8849.0009765625,1.205760725968437,8842.0009765625,8946.0009765625,8842.0009765625,8937.0009765625,85966.0,268345.0,0.0,0.0,0.0,0.0,0.0,0.0,,8849.0009765625,1.0,below,1.205760725968437,8823.0009765625,True,0.0,8741.0009765625,5.0,below,2.411521451936874,8702.0009765625,False,,9075.0009765625,70.0,above,1.3174052376321812,9020.0009765625,False,,8563.0009765625,25.0,below,4.398793759551521,8766.0009765625,False,,1.0,1.0,0.00024378031848056088,54.0,UP_CONFIRMED,0.02637244128163929,0.015580879162377412,0.005791825456512553,0.9687857615023432,0.00024378031848056088,0.013164137197950287,0.0022628451137505223,0.004089707503190043,0.006013309814054013,8707.36646572739,2.637244128163929,1.108722583693078,2.5369449726395414,,21.0,1.0,1235.0,1288.0,2025-06-26 21:00:00,2025-07-03 13:30:00,8798.0009765625,8937.0009765625,54.0,1.5799043483887942,0.02925748793312582,20.0,-1.0,1187.0,1234.0,2025-06-20 10:00:00,2025-06-26 14:00:00,8681.0009765625,8796.0009765625,48.0,1.3247320246879912,0.027598583847666485,1969409.0,,36470.53703703704,,2279293.0,0.0,47485.270833333336,0.0,0.7680389391700749,,0.8640438065663344,,48.148148148148145,33.33333333333333,18.51851851851852,True,False,,,,,0.0,0.0,2025-07-02 21:00:00,8803.0009765625,2025-07-02 14:00:00,8747.0009765625,4.0,4.0,0.37172648578764833,30.305749897311056,2.0
AG:5m:1:-1:11830:11835:1,AG,4h,468.0,2025-07-03 11:30:00,155.0,1.0,1.0,CHoCH,1.0,8375.0,88.0,CHoCH,1.0,8811.0009765625,18.0,4.0,1.0,1.0,0.0,active_bear_internal_ob,internal,-1.0,36.0,9025.0009765625,9075.0009765625,9050.0009765625,0.7591826793134604,current_internal_high,internal,0.0,11.0,8858.0009765625,8858.0009765625,8858.0009765625,1.1052806654710672,8830.0009765625,8845.0009765625,8820.0009765625,8839.0009765625,58930.0,255042.0,0.0,0.0,0.0,0.0,0.0,0.0,,8858.0009765625,11.0,below,1.1052806654710672,8811.0009765625,False,,8664.0009765625,9.0,below,3.2711841917477043,8563.0009765625,False,,8375.0,130.0,below,6.497721481614254,8544.0009765625,True,88.0,7944.0,83.0,below,11.309599934321628,7535.0,False,,0.0,0.0,0.00021954832659469106,-27.0,NONE,0.02580610484881314,0.0200933174692008,0.005341160364538327,0.8575953387585151,0.00021954832659469106,0.005927804818056659,0.001237144835025239,0.0023560742379258315,0.004961536690810009,8616.63908489336,2.5806104848813143,-0.06783492750197517,-0.6148833905975547,,8.0,-1.0,442.0,468.0,2025-06-24 21:00:00,2025-07-03 09:00:00,8650.0009765625,8839.0009765625,27.0,2.184970851588375,0.080924846355125,7.0,1.0,352.0,441.0,2025-05-21 21:00:00,2025-06-24 13:30:00,8292.0,8739.0009765625,90.0,5.390749837946207,0.05989722042162452,2917194.0,,108044.22222222222,,15358026.0,0.0,170644.73333333334,0.0,0.6331529846348742,,0.18994589539046228,,7.4074074074074066,74.07407407407408,18.51851851851852,False,False,2025-06-24 21:00:00,8650.0009765625,,,1.0,0.0,2025-07-02 21:00:00,8838.0009765625,2025-07-02 13:30:00,8747.0009765625,4.0,3.0,0.26581774625943677,51.65227910245348,
AG:5m:1:-1:11830:11835:2,AG,5m,12998.0,2025-07-03 21:45:00,0.0,1.0,1.0,BOS,1.0,8849.0009765625,26.0,CHoCH,1.0,8845.0009765625,26.0,26.0,2.0,12.0,1.0,active_bear_internal_ob,internal,-1.0,1163.0,8948.0009765625,8969.0009765625,8958.5009765625,0.06709907565125911,current_internal_low,internal,0.0,3.0,8878.0009765625,8878.0009765625,8878.0009765625,0.7157234736134305,8937.0009765625,8950.0009765625,8937.0009765625,8942.0009765625,7210.0,266596.0,0.0,0.0,0.0,0.0,0.0,0.0,,8966.0009765625,10.0,above,0.26839630260503644,8845.0009765625,False,,8878.0009765625,3.0,below,0.7157234736134305,8825.0009765625,False,,8849.0009765625,31.0,below,1.0400356725945161,8823.0009765625,True,26.0,8820.0009765625,2.0,below,1.364347871575602,8741.0009765625,False,,1.0,1.0,0.00019147127169638994,120.0,UP_CONFIRMED,-0.0005500541012219242,0.004000084805898596,0.0029600903145332244,0.062126798535732886,0.00019147127169638994,0.02297655260356679,-0.00026187624709195223,-0.002000413429282699,0.0074072937649043435,8946.922267849244,-0.05500541012219242,0.05594717974310992,-0.2877914799675093,,177.0,1.0,12879.0,12998.0,2025-07-02 21:00:00,2025-07-03 21:40:00,8795.0009765625,8942.0009765625,120.0,1.6714040213495762,0.013928366844579801,176.0,-1.0,12834.0,12878.0,2025-07-02 09:00:00,2025-07-02 14:55:00,8780.0009765625,8747.0009765625,45.0,-0.37585417231832396,-0.0083523149404072,535330.0,,4461.083333333333,,123980.0,0.0,2755.1111111111113,0.0,1.6192026939829003,,4.317873850621068,,70.0,30.0,0.0,False,True,,,2025-07-03 14:25:00,8957.0009765625,0.0,1.0,2025-07-03 21:30:00,8931.0009765625,2025-07-03 21:00:00,8903.0009765625,7.0,6.0,0.7400068893960005,14.623353804466351,
AG:5m:1:-1:11830:11835:2,AG,15m,4332.0,2025-07-03 21:45:00,0.0,1.0,1.0,BOS,1.0,8858.0009765625,8.0,CHoCH,1.0,8845.0009765625,8.0,13.0,2.0,6.0,1.0,active_bear_internal_ob,internal,-1.0,387.0,8948.0009765625,8969.0009765625,8958.5009765625,0.06709907565125911,current_swing_high,swing,0.0,108.0,8858.0009765625,8858.0009765625,8858.0009765625,0.9393870591176275,8922.0009765625,8950.0009765625,8921.0009765625,8942.0009765625,22297.0,266596.0,0.0,0.0,0.0,0.0,0.0,0.0,,8966.0009765625,0.0,above,0.26839630260503644,8845.0009765625,False,,8825.0009765625,7.0,below,1.3084319751995526,8820.0009765625,False,,8858.0009765625,108.0,below,0.9393870591176275,8811.0009765625,True,8.0,8664.0009765625,99.0,below,3.1089238385083386,8563.0009765625,False,,1.0,1.0,0.00034215911980453226,83.0,UP_CONFIRMED,-0.0016766534811893281,0.004364798227011197,0.0032231523993844825,0.030438194077184233,0.00034215911980453226,0.02839920694377618,-0.0009575232385679033,0.01824329978575845,0.01951099205698026,8957.01879330337,-0.1676653481189328,0.2241649608931695,0.2601466438810853,,63.0,1.0,4250.0,4332.0,2025-07-01 13:30:00,2025-07-03 21:30:00,8746.0009765625,8942.0009765625,83.0,2.2410242180996853,0.02700029178433356,62.0,-1.0,4182.0,4249.0,2025-06-27 21:00:00,2025-07-01 11:15:00,8672.0009765625,8721.0009765625,68.0,0.5650368367396519,0.008309365246171352,956042.0,,11518.578313253012,,750129.0,0.0,11031.308823529413,0.0,1.0441715029031071,,1.2745034520729102,,50.602409638554214,38.55421686746988,10.843373493975903,True,True,2025-07-02 21:00:00,8803.0009765625,2025-07-03 14:15:00,8957.0009765625,1.0,2.0,2025-07-03 21:30:00,8942.0009765625,2025-07-03 21:00:00,8916.0009765625,6.0,5.0,0.7384424735691716,21.8887067378273,
AG:5m:1:-1:11830:11835:2,AG,1h,1289.0,2025-07-03 15:00:00,405.0,-1.0,1.0,CHoCH,-1.0,8766.0009765625,102.0,BOS,1.0,8849.0009765625,1.0,10.0,1.0,1.0,1.0,active_bear_internal_ob,internal,-1.0,109.0,9025.0009765625,9075.0009765625,9050.0009765625,0.9282038798424177,current_internal_high,internal,0.0,2.0,8849.0009765625,8849.0009765625,8849.0009765625,1.0400356725945161,8938.0009765625,8966.0009765625,8938.0009765625,8944.0009765625,98747.0,272055.0,0.0,0.0,0.0,0.0,0.0,0.0,,8849.0009765625,2.0,below,1.0400356725945161,8823.0009765625,True,1.0,8741.0009765625,6.0,below,2.24781903431718,8702.0009765625,False,,9075.0009765625,71.0,above,1.4873628436029103,9020.0009765625,False,,8563.0009765625,26.0,below,4.2384249453045335,8766.0009765625,False,,1.0,1.0,0.00027400999185851885,55.0,UP_CONFIRMED,0.025247209916716865,0.01575663063063813,0.0058824579785845075,0.9466678907399195,0.00027400999185851885,0.015070549552218537,0.004077503252976511,0.005324591643002474,0.007516076875180522,8723.750613560842,2.5247209916716864,0.07832605164033168,2.474138471788512,,21.0,1.0,1235.0,1289.0,2025-06-26 21:00:00,2025-07-03 14:00:00,8798.0009765625,8944.0009765625,55.0,1.6594678767249293,0.030172143213180534,20.0,-1.0,1187.0,1234.0,2025-06-20 10:00:00,2025-06-26 14:00:00,8681.0009765625,8796.0009765625,48.0,1.3247320246879912,0.027598583847666485,2068156.0,,37602.836363636365,,2279293.0,0.0,47485.270833333336,0.0,0.7918842138569044,,0.9073673283777031,,49.09090909090909,32.72727272727273,18.181818181818183,False,False,,,,,0.0,0.0,2025-07-02 21:00:00,8803.0009765625,2025-07-02 14:00:00,8747.0009765625,4.0,4.0,0.3733322254280878,30.212482047503123,4.0
AG:5m:1:-1:11830:11835:2,AG,4h,469.0,2025-07-03 15:00:00,405.0,1.0,1.0,CHoCH,1.0,8375.0,89.0,BOS,1.0,8858.0009765625,0.0,5.0,1.0,1.0,0.0,active_bear_internal_ob,internal,-1.0,37.0,9025.0009765625,9075.0009765625,9050.0009765625,0.9282038798424177,current_internal_high,internal,0.0,12.0,8858.0009765625,8858.0009765625,8858.0009765625,0.9393870591176275,8842.0009765625,8966.0009765625,8842.0009765625,8944.0009765625,184713.0,272055.0,0.0,0.0,0.0,0.0,0.0,0.0,,8858.0009765625,12.0,below,0.9393870591176275,8811.0009765625,True,0.0,8664.0009765625,10.0,below,3.1089238385083386,8563.0009765625,False,,8375.0,131.0,below,6.340873570117496,8544.0009765625,True,89.0,7944.0,84.0,below,11.160823837732943,7535.0,False,,0.0,0.0,0.000247700322809035,-28.0,NONE,0.03695294327678826,0.02069544696232892,0.006107229742287669,0.9961162019409351,0.000247700322809035,0.006935609038652979,0.0020303417410469926,0.0033144594094676183,0.0058072951320737864,8625.271797097475,3.695294327678826,1.1879170539568662,1.257146206879895,,8.0,-1.0,442.0,469.0,2025-06-24 21:00:00,2025-07-03 13:30:00,8650.0009765625,8944.0009765625,28.0,3.3988435469152423,0.12138726953268722,7.0,1.0,352.0,441.0,2025-05-21 21:00:00,2025-06-24 13:30:00,8292.0,8739.0009765625,90.0,5.390749837946207,0.05989722042162452,3101907.0,,110782.39285714286,,15358026.0,0.0,170644.73333333334,0.0,0.6491990153645304,,0.20197302700229836,,10.714285714285714,71.42857142857143,17.857142857142858,True,False,2025-06-24 21:00:00,8650.0009765625,,,1.0,0.0,2025-07-02 21:00:00,8838.0009765625,2025-07-02 13:30:00,8747.0009765625,4.0,3.0,0.295100161567151,57.03425916656394,
AG:5m:1:-1:11830:11835:3,AG,5m,13103.0,2025-07-04 21:15:00,0.0,1.0,1.0,BOS,1.0,8849.0009765625,131.0,CHoCH,1.0,8934.0009765625,9.0,28.0,2.0,12.0,1.0,current_internal_high,internal,0.0,3.0,8943.0009765625,8943.0009765625,8943.0009765625,0.011183179275209851,active_bull_internal_ob,internal,1.0,9.0,8902.0009765625,8913.0009765625,8907.5009765625,0.3243121989810857,8937.0009765625,8953.0009765625,8937.0009765625,8942.0009765625,8443.0,254287.0,0.0,0.0,0.0,0.0,0.0,0.0,,8943.0009765625,3.0,above,0.011183179275209851,8934.0009765625,False,,8902.0009765625,7.0,below,0.44732717100839403,8891.0009765625,False,,8943.0009765625,11.0,above,0.011183179275209851,8950.0009765625,False,,8889.0009765625,39.0,below,0.5927085015861222,8878.0009765625,False,,0.0,0.0,9.595129206872876e-05,9.0,NONE,0.0031660791902764565,0.0021579977039869382,0.0006551006515386945,0.9380757842015408,9.595129206872876e-05,0.0008635616286185588,0.0006404484303135227,,,8913.779245586331,0.3166079190276456,0.04475273621573628,2.5473684164258787,,179.0,1.0,13095.0,13103.0,2025-07-04 14:30:00,2025-07-04 21:10:00,8929.0009765625,8942.0009765625,9.0,0.14559299561198724,0.016176999512443026,178.0,-1.0,13071.0,13094.0,2025-07-04 10:30:00,2025-07-04 14:25:00,8908.0009765625,8939.0009765625,24.0,0.3480017579877037,0.014500073249487655,43209.0,,4801.0,,77749.0,0.0,3239.5416666666665,0.0,1.4819997684857684,,0.5557499131821632,,22.22222222222222,77.77777777777779,0.0,False,False,,,,,0.0,0.0,2025-07-04 21:00:00,8929.0009765625,2025-07-04 14:50:00,8922.0009765625,2.0,2.0,0.303568743529423,11.162250286935466,
AG:5m:1:-1:11830:11835:3,AG,15m,4367.0,2025-07-04 21:15:00,0.0,1.0,1.0,BOS,1.0,8858.0009765625,43.0,CHoCH,1.0,8845.0009765625,43.0,13.0,2.0,6.0,1.0,current_internal_high,internal,0.0,15.0,8943.0009765625,8943.0009765625,8943.0009765625,0.011183179275209851,current_internal_low,internal,0.0,3.0,8891.0009765625,8891.0009765625,8891.0009765625,0.5703421430357024,8919.0,8953.0009765625,8918.0009765625,8942.0009765625,19172.0,254287.0,0.0,0.0,0.0,0.0,0.0,0.0,,8943.0009765625,15.0,above,0.011183179275209851,8950.0009765625,False,,8891.0009765625,3.0,below,0.5703421430357024,8889.0009765625,False,,8858.0009765625,143.0,below,0.9393870591176275,8811.0009765625,True,43.0,8664.0009765625,134.0,below,3.1089238385083386,8563.0009765625,False,,1.0,1.0,0.0002241400776224638,118.0,UP_CONFIRMED,0.0002205747950520024,0.0022042097789139914,0.0043523016479728,0.3242788080976617,0.0002241400776224638,0.02644852915945073,-0.00027886081328165613,-0.0006850195208271126,-0.0010858705539757985,8940.02903149112,0.02205747950520024,0.25787641531198613,2.1670951503276457,,63.0,1.0,4250.0,4367.0,2025-07-01 13:30:00,2025-07-04 21:00:00,8746.0009765625,8942.0009765625,118.0,2.2410242180996853,0.01899173066186174,62.0,-1.0,4182.0,4249.0,2025-06-27 21:00:00,2025-07-01 11:15:00,8672.0009765625,8721.0009765625,68.0,0.5650368367396519,0.008309365246171352,1253647.0,,10624.127118644068,,750129.0,0.0,11031.308823529413,0.0,0.9630885408613673,,1.6712418797300197,,35.59322033898305,47.45762711864407,16.94915254237288,True,True,2025-07-04 21:00:00,8942.0009765625,2025-07-03 14:15:00,8957.0009765625,2.0,2.0,2025-07-04 14:15:00,8939.0009765625,2025-07-04 14:00:00,8910.0009765625,10.0,9.0,1.9745405766764939,18.04969375042267,
AG:5m:1:-1:11830:11835:3,AG,1h,1300.0,2025-07-04 15:00:00,375.0,-1.0,1.0,CHoCH,-1.0,8766.0009765625,113.0,BOS,1.0,8849.0009765625,12.0,10.0,1.0,1.0,1.0,current_internal_high,internal,0.0,1.0,8943.0009765625,8943.0009765625,8943.0009765625,0.011183179275209851,current_internal_low,internal,0.0,3.0,8889.0009765625,8889.0009765625,8889.0009765625,0.5927085015861222,8924.0009765625,8943.0009765625,8902.0009765625,8919.0009765625,49044.0,250718.0,0.0,0.0,0.0,0.0,0.0,0.0,,8943.0009765625,1.0,above,0.011183179275209851,8966.0009765625,False,,8889.0009765625,3.0,below,0.5927085015861222,8820.0009765625,False,,9075.0009765625,82.0,above,1.4873628436029103,9020.0009765625,False,,8563.0009765625,37.0,below,4.2384249453045335,8766.0009765625,False,,1.0,1.0,0.00031025240700939327,66.0,UP_CONFIRMED,0.016965269742762402,0.016265386303714453,0.005533599917185395,0.5503235611682641,0.00031025240700939327,0.020476658862619956,0.0019500691467124742,0.0035450356540933647,0.010119409327212114,8770.211964877157,1.69652697427624,-0.056028680556308164,0.45914736104231385,,21.0,1.0,1235.0,1300.0,2025-06-26 21:00:00,2025-07-04 14:00:00,8798.0009765625,8919.0009765625,66.0,1.3753124183816245,0.02083806694517613,20.0,-1.0,1187.0,1234.0,2025-06-20 10:00:00,2025-06-26 14:00:00,8681.0009765625,8796.0009765625,48.0,1.3247320246879912,0.027598583847666485,2454153.0,,37184.13636363636,,2279293.0,0.0,47485.270833333336,0.0,0.783066742825317,,1.076716771384811,,42.42424242424242,42.42424242424242,15.151515151515152,False,False,,,,,0.0,0.0,2025-07-03 23:00:00,8924.0009765625,2025-07-03 22:00:00,8898.0009765625,5.0,5.0,0.34020710076352206,29.540032647343338,4.0
AG:5m:1:-1:11830:11835:3,AG,4h,473.0,2025-07-04 15:00:00,375.0,1.0,1.0,CHoCH,1.0,8375.0,93.0,BOS,1.0,8858.0009765625,4.0,5.0,1.0,1.0,0.0,active_bear_internal_ob,internal,-1.0,41.0,9025.0009765625,9075.0009765625,9050.0009765625,0.9282038798424177,current_internal_high,internal,0.0,16.0,8858.0009765625,8858.0009765625,8858.0009765625,0.9393870591176275,8928.0009765625,8943.0009765625,8902.0009765625,8919.0009765625,70342.0,250718.0,0.0,0.0,0.0,0.0,0.0,0.0,,8858.0009765625,16.0,below,0.9393870591176275,8811.0009765625,True,4.0,8664.0009765625,14.0,below,3.1089238385083386,8563.0009765625,False,,8375.0,135.0,below,6.340873570117496,8544.0009765625,True,93.0,7944.0,88.0,below,11.160823837732943,7535.0,False,,0.0,0.0,0.00028136254827551554,-32.0,NONE,0.031935148617142514,0.022161132963340848,0.0069171963760585806,0.921172502965833,0.00028136254827551554,0.009003601544816497,0.0030576714472227984,0.004298599064686215,0.006517409096719939,8642.985936194264,3.1935148617142515,0.15721503048509167,-0.4469492188622001,,8.0,-1.0,442.0,473.0,2025-06-24 21:00:00,2025-07-04 13:30:00,8650.0009765625,8919.0009765625,32.0,3.1098262385040876,0.09718206995325274,7.0,1.0,352.0,441.0,2025-05-21 21:00:00,2025-06-24 13:30:00,8292.0,8739.0009765625,90.0,5.390749837946207,0.05989722042162452,3487904.0,,108997.0,,15358026.0,0.0,170644.73333333334,0.0,0.6387363844806617,,0.22710627003756864,,21.875,62.5,15.625,False,False,2025-06-24 21:00:00,8650.0009765625,,,1.0,0.0,2025-07-02 21:00:00,8838.0009765625,2025-07-02 13:30:00,8747.0009765625,4.0,3.0,0.3121318926925384,54.4285057282443,
AG:5m:1:-1:11830:11835:4,AG,5m,13289.0,2025-07-08 10:00:00,0.0,-1.0,1.0,CHoCH,-1.0,8922.0009765625,122.0,BOS,1.0,8942.0009765625,0.0,29.0,2.0,12.0,1.0,current_swing_high,swing,0.0,72.0,8947.0009765625,8947.0009765625,8947.0009765625,0.011178178972033265,current_internal_high,internal,0.0,6.0,8942.0009765625,8942.0009765625,8942.0009765625,0.04471271588813306,8935.0009765625,8951.0009765625,8935.0009765625,8946.0009765625,7946.0,324689.0,0.0,0.0,0.0,0.0,0.0,0.0,,8942.0009765625,6.0,below,0.04471271588813306,8944.0009765625,True,0.0,8918.0009765625,2.0,below,0.31298901121693146,8914.0009765625,False,,8947.0009765625,72.0,above,0.011178178972033265,8953.0009765625,False,,8840.0009765625,25.0,below,1.1848869710355263,8922.0009765625,False,,0.0,0.0,0.00010600596480729767,46.0,NONE,0.004444788238253253,0.005143594420967578,0.0013241347207740824,0.29883798311230714,0.00010600596480729767,0.004876274381135692,0.0008046506685539523,0.0013985469899162606,0.0028638360880299807,8906.413853023565,0.4444788238253253,0.12311134636531218,1.6891162136525577,,181.0,1.0,13244.0,13289.0,2025-07-07 23:40:00,2025-07-08 09:55:00,8915.0009765625,8946.0009765625,46.0,0.34772850930133714,0.007559315419594286,180.0,-1.0,13167.0,13243.0,2025-07-07 09:00:00,2025-07-07 23:35:00,8920.0009765625,8912.0009765625,77.0,-0.08968608883587192,-0.001164754400465869,117085.0,,2545.3260869565215,,344290.0,0.0,4471.298701298701,0.0,0.5692587896704875,,0.3400766795434082,,63.04347826086957,30.434782608695656,6.521739130434782,False,False,,,,,0.0,0.0,2025-07-08 09:40:00,8929.0009765625,2025-07-08 09:30:00,8920.0009765625,3.0,3.0,0.25743373454491675,8.436502426763038,
AG:5m:1:-1:11830:11835:4,AG,15m,4429.0,2025-07-08 10:00:00,0.0,-1.0,1.0,CHoCH,-1.0,8878.0009765625,31.0,BOS,1.0,8944.0009765625,0.0,15.0,2.0,6.0,1.0,active_bear_internal_ob,internal,-1.0,484.0,8948.0009765625,8969.0009765625,8958.5009765625,0.02235635794406653,current_internal_high,internal,0.0,2.0,8944.0009765625,8944.0009765625,8944.0009765625,0.02235635794406653,8928.0009765625,8951.0009765625,8927.0009765625,8946.0009765625,15377.0,324689.0,0.0,0.0,0.0,0.0,0.0,0.0,,8944.0009765625,2.0,below,0.02235635794406653,8937.0009765625,True,0.0,8840.0009765625,20.0,below,1.1848869710355263,8893.0009765625,False,,8953.0009765625,12.0,above,0.07824725280423286,8966.0009765625,False,,8878.0009765625,49.0,below,0.7601161700982622,8664.0009765625,True,31.0,0.0,0.0,0.0,1.0,DOWN_BROKEN,0.00995231626681097,0.00995231626681097,0.0,0.5,0.0,0.0,,,,8857.844902648978,0.995231626681097,0.19039084041565513,1.7784186847607073,,65.0,1.0,4429.0,4429.0,2025-07-08 09:45:00,2025-07-08 09:45:00,8946.0009765625,8946.0009765625,1.0,0.0,0.0,64.0,-1.0,4396.0,4428.0,2025-07-07 11:00:00,2025-07-08 09:30:00,8912.0009765625,8929.0009765625,33.0,0.19075401859478536,0.005780424805902587,15377.0,,15377.0,,370352.0,0.0,11222.787878787878,0.0,1.3701586598695297,,0.04151995938998574,,100.0,0.0,0.0,False,False,,,,,0.0,0.0,,,,,0.0,0.0,0.0,14.42368078931808,
AG:5m:1:-1:11830:11835:4,AG,1h,1318.0,2025-07-08 10:00:00,0.0,-1.0,-1.0,CHoCH,-1.0,8766.0009765625,131.0,CHoCH,-1.0,8891.0009765625,8.0,10.0,2.0,1.0,1.0,current_internal_high,internal,0.0,12.0,8953.0009765625,8953.0009765625,8953.0009765625,0.07824725280423286,active_bull_internal_ob,internal,1.0,30.0,8820.0009765625,8845.0009765625,8832.5009765625,1.12899607617536,8938.0009765625,8951.0009765625,8918.0009765625,8946.0009765625,59104.0,324689.0,1.0,1.0,0.0,1.0,1.0,0.0,active_bear_internal_ob,8953.0009765625,12.0,above,0.07824725280423286,8943.0009765625,False,,8840.0009765625,1.0,below,1.1848869710355263,8891.0009765625,False,,9075.0009765625,100.0,above,1.4419850873922913,9020.0009765625,False,,8563.0009765625,55.0,below,4.281242546288741,8766.0009765625,False,,1.0,1.0,0.0003167413462645448,84.0,UP_CONFIRMED,0.013953440903692663,0.015824156161425445,0.005204623050653594,0.35963545339150876,0.0003167413462645448,0.026606273086221766,0.0015190970771257195,0.003671183640054032,0.006987629221332448,8822.891284425563,1.3953440903692664,0.33647371819340854,1.1606546764514303,,21.0,1.0,1235.0,1318.0,2025-06-26 21:00:00,2025-07-08 09:00:00,8798.0009765625,8946.0009765625,84.0,1.6822003133923902,0.020026194207052265,20.0,-1.0,1187.0,1234.0,2025-06-20 10:00:00,2025-06-26 14:00:00,8681.0009765625,8796.0009765625,48.0,1.3247320246879912,0.027598583847666485,3003464.0,,35755.52380952381,,2279293.0,0.0,47485.270833333336,0.0,0.7529813599467654,,1.3177173799068396,,41.66666666666667,46.42857142857143,11.904761904761903,False,False,,,,,0.0,0.0,2025-07-07 23:00:00,8919.0009765625,2025-07-07 13:30:00,8881.0009765625,6.0,6.0,0.3289036709168042,29.591172791432733,4.0
AG:5m:1:-1:11830:11835:4,AG,4h,479.0,2025-07-08 02:30:00,450.0,1.0,-1.0,CHoCH,1.0,8375.0,99.0,CHoCH,-1.0,8878.0009765625,2.0,5.0,2.0,1.0,0.0,current_internal_high,internal,0.0,0.0,8953.0009765625,8953.0009765625,8953.0009765625,0.07824725280423286,current_internal_low,internal,0.0,4.0,8878.0009765625,8878.0009765625,8878.0009765625,0.7601161700982622,8920.0009765625,8944.0009765625,8914.0009765625,8916.0009765625,46242.0,316936.0,1.0,1.0,0.0,1.0,1.0,0.0,active_bear_internal_ob,8953.0009765625,0.0,above,0.07824725280423286,8966.0009765625,False,,8878.0009765625,4.0,below,0.7601161700982622,8664.0009765625,True,2.0,9075.0009765625,4.0,above,1.4419850873922913,8375.0,False,,7944.0,94.0,below,11.200546246167734,7535.0,False,,0.0,0.0,0.00030593282285318324,-38.0,NONE,0.028914463243138934,0.023421607987601362,0.007078621278863641,0.7811190485222335,0.00030593282285318324,0.011625447268420963,0.0021680484597124128,0.004657535385252043,0.007987432006702155,8665.444305699873,2.8914463243138933,-0.033636054171126695,-0.8105672989658969,,8.0,-1.0,442.0,479.0,2025-06-24 21:00:00,2025-07-08 00:00:00,8650.0009765625,8916.0009765625,38.0,3.0751441614947472,0.08092484635512492,7.0,1.0,352.0,441.0,2025-05-21 21:00:00,2025-06-24 13:30:00,8292.0,8739.0009765625,90.0,5.390749837946207,0.05989722042162452,3978111.0,,104687.13157894737,,15358026.0,0.0,170644.73333333334,0.0,0.6134800033614518,,0.2590248903081685,,34.21052631578947,52.63157894736842,13.157894736842104,False,False,2025-06-24 21:00:00,8650.0009765625,,,1.0,0.0,2025-07-02 21:00:00,8838.0009765625,2025-07-02 13:30:00,8747.0009765625,4.0,3.0,0.3022261017523149,52.75195819578275,
AG:5m:1:-1:11830:11835:5,AG,5m,13301.0,2025-07-08 11:15:00,0.0,1.0,1.0,CHoCH,1.0,8947.0009765625,11.0,BOS,1.0,8956.0009765625,4.0,29.0,2.0,13.0,1.0,current_internal_high,internal,0.0,5.0,8956.0009765625,8956.0009765625,8956.0009765625,0.08940544397518956,current_swing_high,swing,0.0,84.0,8947.0009765625,8947.0009765625,8947.0009765625,0.011175680496898694,8946.0009765625,8950.0009765625,8945.0009765625,8948.0009765625,1587.0,330578.0,2.0,2.0,0.0,2.0,1.0,1.0,active_bear_internal_ob|active_bear_swing_ob,8956.0009765625,5.0,above,0.08940544397518956,8942.0009765625,True,4.0,8918.0009765625,14.0,below,0.33527041490696086,8914.0009765625,False,,8947.0009765625,84.0,below,0.011175680496898694,8953.0009765625,True,11.0,8840.0009765625,37.0,below,1.206973493665059,8922.0009765625,False,,1.0,1.0,0.0001120294243376379,58.0,UP_CONFIRMED,0.00305085870512518,0.004872130332852775,0.0013265424256420427,0.08488450752176124,0.0001120294243376379,0.0064977066115829984,0.0005001795623489347,0.0010458109862012677,0.0027095988104588464,8920.784922225977,0.305085870512518,0.022356357944075533,-1.3710927599979739,,181.0,1.0,13244.0,13301.0,2025-07-07 23:40:00,2025-07-08 11:10:00,8915.0009765625,8948.0009765625,58.0,0.37016260667561696,0.006382113908200293,180.0,-1.0,13167.0,13243.0,2025-07-07 09:00:00,2025-07-07 23:35:00,8920.0009765625,8912.0009765625,77.0,-0.08968608883587192,-0.001164754400465869,160083.0,,2760.051724137931,,344290.0,0.0,4471.298701298701,0.0,0.6172818924703614,,0.4649655813413111,,65.51724137931035,29.310344827586203,5.172413793103448,True,False,,,,,0.0,0.0,2025-07-08 11:10:00,8948.0009765625,2025-07-08 11:00:00,8945.0009765625,4.0,4.0,0.2722715393504905,7.403317505688837,
AG:5m:1:-1:11830:11835:5,AG,15m,4433.0,2025-07-08 11:15:00,0.0,-1.0,1.0,CHoCH,-1.0,8878.0009765625,35.0,BOS,1.0,8944.0009765625,4.0,15.0,2.0,6.0,1.0,current_swing_high,swing,0.0,16.0,8953.0009765625,8953.0009765625,8953.0009765625,0.05587840248449347,current_internal_high,internal,0.0,6.0,8944.0009765625,8944.0009765625,8944.0009765625,0.04470272198759478,8949.0009765625,8950.0009765625,8942.0009765625,8948.0009765625,7892.0,330578.0,1.0,1.0,0.0,1.0,1.0,0.0,active_bear_internal_ob,8944.0009765625,6.0,below,0.04470272198759478,8937.0009765625,True,4.0,8914.0009765625,3.0,below,0.37997313689455564,8840.0009765625,False,,8953.0009765625,16.0,above,0.05587840248449347,8966.0009765625,False,,8878.0009765625,53.0,below,0.7822976347829086,8664.0009765625,True,35.0,0.0,0.0,0.00013123608571716794,5.0,NONE,0.009515680389877509,0.009827928698154756,0.00018181798156408362,0.04295601503169133,0.00013123608571716794,0.0006561804285858397,,,,8863.657247113546,0.9515680389877509,-0.011174431678118157,-0.08015336862067449,,65.0,1.0,4429.0,4433.0,2025-07-08 09:45:00,2025-07-08 11:00:00,8946.0009765625,8948.0009765625,5.0,0.022356357944075533,0.004471271588815107,64.0,-1.0,4396.0,4428.0,2025-07-07 11:00:00,2025-07-08 09:30:00,8912.0009765625,8929.0009765625,33.0,0.19075401859478536,0.005780424805902587,58375.0,,11675.0,,370352.0,0.0,11222.787878787878,0.0,1.04029409858729,,0.1576203179677712,,100.0,0.0,0.0,False,False,,,,,0.0,0.0,,,,,0.0,0.0,0.01850013234204893,13.365960720109166,
AG:5m:1:-1:11830:11835:5,AG,1h,1319.0,2025-07-08 11:00:00,15.0,-1.0,-1.0,CHoCH,-1.0,8766.0009765625,132.0,CHoCH,-1.0,8891.0009765625,9.0,10.0,1.0,1.0,1.0,current_internal_high,internal,0.0,13.0,8953.0009765625,8953.0009765625,8953.0009765625,0.05587840248449347,active_bull_internal_ob,internal,1.0,31.0,8820.0009765625,8845.0009765625,8832.5009765625,1.1510950911805655,8947.0009765625,8959.0009765625,8940.0009765625,8949.0009765625,35106.0,331200.0,0.0,0.0,0.0,0.0,0.0,0.0,,8953.0009765625,13.0,above,0.05587840248449347,8943.0009765625,False,,8840.0009765625,2.0,below,1.206973493665059,8891.0009765625,False,,9075.0009765625,101.0,above,1.4193114231061341,9020.0009765625,False,,8563.0009765625,56.0,below,4.302636991305997,8766.0009765625,False,,1.0,1.0,0.0003183961423268149,85.0,UP_CONFIRMED,0.013841753647414221,0.015800833778907668,0.00517833061644953,0.3525954341478287,0.0003183961423268149,0.027063672097779268,0.0016843936667723103,0.003948928248910244,0.007130358561995509,8826.822277113191,1.384175364741422,0.0335345369161022,0.14221218283213027,,21.0,1.0,1235.0,1319.0,2025-06-26 21:00:00,2025-07-08 10:00:00,8798.0009765625,8949.0009765625,85.0,1.7162989683935814,0.020191752569336252,20.0,-1.0,1187.0,1234.0,2025-06-20 10:00:00,2025-06-26 14:00:00,8681.0009765625,8796.0009765625,48.0,1.3247320246879912,0.027598583847666485,3038570.0,,35747.882352941175,,2279293.0,0.0,47485.270833333336,0.0,0.7528204372764609,,1.3331195243437328,,42.35294117647059,45.88235294117647,11.76470588235294,False,False,,,,,0.0,0.0,2025-07-07 23:00:00,8919.0009765625,2025-07-07 13:30:00,8881.0009765625,6.0,6.0,0.3277251497551995,28.83466044918754,3.0
AG:5m:1:-1:11830:11835:5,AG,4h,479.0,2025-07-08 02:30:00,525.0,1.0,-1.0,CHoCH,1.0,8375.0,99.0,CHoCH,-1.0,8878.0009765625,2.0,5.0,2.0,1.0,0.0,current_internal_high,internal,0.0,0.0,8953.0009765625,8953.0009765625,8953.0009765625,0.05587840248449347,current_internal_low,internal,0.0,4.0,8878.0009765625,8878.0009765625,8878.0009765625,0.7822976347829086,8920.0009765625,8944.0009765625,8914.0009765625,8916.0009765625,46242.0,316936.0,1.0,1.0,0.0,1.0,1.0,0.0,active_bear_internal_ob,8953.0009765625,0.0,above,0.05587840248449347,8966.0009765625,False,,8878.0009765625,4.0,below,0.7822976347829086,8664.0009765625,True,2.0,9075.0009765625,4.0,above,1.4193114231061341,8375.0,False,,7944.0,94.0,below,11.220394132636773,7535.0,False,,0.0,0.0,0.00030593282285318324,-38.0,NONE,0.028914463243138934,0.023421607987601362,0.007078621278863641,0.7811190485222335,0.00030593282285318324,0.011625447268420963,0.0021680484597124128,0.004657535385252043,0.007987432006702155,8665.444305699873,2.8914463243138933,-0.033636054171126695,-0.8105672989658969,,8.0,-1.0,442.0,479.0,2025-06-24 21:00:00,2025-07-08 00:00:00,8650.0009765625,8916.0009765625,38.0,3.0751441614947472,0.08092484635512492,7.0,1.0,352.0,441.0,2025-05-21 21:00:00,2025-06-24 13:30:00,8292.0,8739.0009765625,90.0,5.390749837946207,0.05989722042162452,3978111.0,,104687.13157894737,,15358026.0,0.0,170644.73333333334,0.0,0.6134800033614518,,0.2590248903081685,,34.21052631578947,52.63157894736842,13.157894736842104,False,False,2025-06-24 21:00:00,8650.0009765625,,,1.0,0.0,2025-07-02 21:00:00,8838.0009765625,2025-07-02 13:30:00,8747.0009765625,4.0,3.0,0.3022261017523149,52.75195819578275,
AG:5m:1:-1:11830:11835:6,AG,5m,13304.0,2025-07-08 11:30:00,0.0,1.0,1.0,CHoCH,1.0,8947.0009765625,14.0,BOS,1.0,8956.0009765625,7.0,29.0,2.0,13.0,1.0,current_internal_high,internal,0.0,8.0,8956.0009765625,8956.0009765625,8956.0009765625,0.08940544397518956,current_swing_high,swing,0.0,87.0,8947.0009765625,8947.0009765625,8947.0009765625,0.011175680496898694,8943.0009765625,8951.0009765625,8943.0009765625,8948.0009765625,2497.0,331018.0,2.0,2.0,0.0,2.0,1.0,1.0,active_bear_internal_ob|active_bear_swing_ob,8956.0009765625,8.0,above,0.08940544397518956,8942.0009765625,True,7.0,8918.0009765625,17.0,below,0.33527041490696086,8914.0009765625,False,,8947.0009765625,87.0,below,0.011175680496898694,8953.0009765625,True,14.0,8840.0009765625,40.0,below,1.206973493665059,8922.0009765625,False,,1.0,1.0,0.00010918126903662457,61.0,UP_CONFIRMED,0.002889089985086431,0.004759357913482266,0.0013861553931241246,0.08862859878767804,0.00010918126903662457,0.006660057411234099,0.0002913815490428462,0.0008042295427446167,0.002581206049369733,8922.223868938052,0.2889089985086431,0.05590964390034259,-0.6287467457126711,,181.0,1.0,13244.0,13304.0,2025-07-07 23:40:00,2025-07-08 11:25:00,8915.0009765625,8948.0009765625,61.0,0.37016260667561696,0.006068239453698639,180.0,-1.0,13167.0,13243.0,2025-07-07 09:00:00,2025-07-07 23:35:00,8920.0009765625,8912.0009765625,77.0,-0.08968608883587192,-0.001164754400465869,166174.0,,2724.1639344262294,,344290.0,0.0,4471.298701298701,0.0,0.6092556360940476,,0.4826570623602196,,62.295081967213115,32.78688524590164,4.918032786885246,True,False,,,,,0.0,0.0,2025-07-08 11:25:00,8948.0009765625,2025-07-08 11:15:00,8943.0009765625,5.0,5.0,0.291248403318741,7.328020612244306,
AG:5m:1:-1:11830:11835:6,AG,15m,4434.0,2025-07-08 11:30:00,0.0,-1.0,1.0,CHoCH,-1.0,8878.0009765625,36.0,BOS,1.0,8944.0009765625,5.0,15.0,2.0,6.0,1.0,current_swing_high,swing,0.0,17.0,8953.0009765625,8953.0009765625,8953.0009765625,0.05587840248449347,current_internal_high,internal,0.0,7.0,8944.0009765625,8944.0009765625,8944.0009765625,0.04470272198759478,8948.0009765625,8951.0009765625,8940.0009765625,8948.0009765625,6091.0,331018.0,1.0,1.0,0.0,1.0,1.0,0.0,active_bear_internal_ob,8944.0009765625,7.0,below,0.04470272198759478,8937.0009765625,True,5.0,8914.0009765625,4.0,below,0.37997313689455564,8840.0009765625,False,,8953.0009765625,17.0,above,0.05587840248449347,8966.0009765625,False,,8878.0009765625,54.0,below,0.7822976347829086,8664.0009765625,True,36.0,0.0,0.0,0.00012464233031110142,6.0,NONE,0.009423203659454732,0.009760474525038086,0.00022427321738815287,0.06631138194479125,0.00012464233031110142,0.0007478539818666086,0.0007478539818666086,,,8864.46927723018,0.9423203659454732,0.0,-0.41543593556504965,,65.0,1.0,4429.0,4434.0,2025-07-08 09:45:00,2025-07-08 11:15:00,8946.0009765625,8948.0009765625,6.0,0.022356357944075533,0.0037260596573459224,64.0,-1.0,4396.0,4428.0,2025-07-07 11:00:00,2025-07-08 09:30:00,8912.0009765625,8929.0009765625,33.0,0.19075401859478536,0.005780424805902587,64466.0,,10744.333333333334,,370352.0,0.0,11222.787878787878,0.0,0.9573675854322375,,0.17406683371495227,,100.0,0.0,0.0,False,False,,,,,0.0,0.0,,,,,0.0,0.0,0.022977696095905515,13.196963525815656,
AG:5m:1:-1:11830:11835:6,AG,1h,1320.0,2025-07-08 11:30:00,0.0,-1.0,-1.0,CHoCH,-1.0,8766.0009765625,133.0,CHoCH,-1.0,8891.0009765625,10.0,10.0,1.0,1.0,1.0,current_internal_high,internal,0.0,14.0,8953.0009765625,8953.0009765625,8953.0009765625,0.05587840248449347,active_bull_internal_ob,internal,1.0,32.0,8820.0009765625,8845.0009765625,8832.5009765625,1.1510950911805655,8949.0009765625,8951.0009765625,8940.0009765625,8948.0009765625,13983.0,331018.0,0.0,0.0,0.0,0.0,0.0,0.0,,8953.0009765625,14.0,above,0.05587840248449347,8943.0009765625,False,,8840.0009765625,3.0,below,1.206973493665059,8891.0009765625,False,,9075.0009765625,102.0,above,1.4193114231061341,9020.0009765625,False,,8563.0009765625,57.0,below,4.302636991305997,8766.0009765625,False,,1.0,1.0,0.00031674055078304074,86.0,UP_CONFIRMED,0.013554762442525937,0.01577471667034509,0.005153763981571729,0.33332716818568897,0.00031674055078304074,0.027239687367341503,0.0016774001888095746,0.0037729320945087963,0.006627323071023872,8828.334992969756,1.3554762442525938,-0.011174431678118157,-0.6616292064944186,,21.0,1.0,1235.0,1320.0,2025-06-26 21:00:00,2025-07-08 11:00:00,8798.0009765625,8948.0009765625,86.0,1.704932750059851,0.019824799419300595,20.0,-1.0,1187.0,1234.0,2025-06-20 10:00:00,2025-06-26 14:00:00,8681.0009765625,8796.0009765625,48.0,1.3247320246879912,0.027598583847666485,3052553.0,,35494.8023255814,,2279293.0,0.0,47485.270833333336,0.0,0.7474907840404489,,1.3392543214058044,,43.02325581395349,45.348837209302324,11.627906976744185,False,False,,,,,0.0,0.0,2025-07-07 23:00:00,8919.0009765625,2025-07-07 13:30:00,8881.0009765625,6.0,6.0,0.3267103992593602,27.560756131388427,2.0
AG:5m:1:-1:11830:11835:6,AG,4h,480.0,2025-07-08 11:30:00,0.0,1.0,-1.0,CHoCH,1.0,8375.0,100.0,CHoCH,-1.0,8878.0009765625,3.0,5.0,1.0,1.0,0.0,current_internal_high,internal,0.0,1.0,8953.0009765625,8953.0009765625,8953.0009765625,0.05587840248449347,current_internal_low,internal,0.0,5.0,8878.0009765625,8878.0009765625,8878.0009765625,0.7822976347829086,8938.0009765625,8959.0009765625,8918.0009765625,8948.0009765625,108193.0,331018.0,0.0,0.0,0.0,0.0,0.0,0.0,,8953.0009765625,1.0,above,0.05587840248449347,8966.0009765625,False,,8878.0009765625,5.0,below,0.7822976347829086,8664.0009765625,True,3.0,9075.0009765625,5.0,above,1.4193114231061341,8375.0,False,,7944.0,95.0,below,11.220394132636773,7535.0,False,,0.0,0.0,0.00031520619870249126,-39.0,NONE,0.03192630030567075,0.023639677021398013,0.007115415895646204,0.877909810736425,0.00031520619870249126,0.01229304174939716,0.0027435274673888177,0.004216921185212552,0.008440288372348004,8671.162828112801,3.192630030567075,0.358905299406298,0.29584458234490824,,8.0,-1.0,442.0,480.0,2025-06-24 21:00:00,2025-07-08 09:00:00,8650.0009765625,8948.0009765625,39.0,3.445086316261037,0.08833554657079581,7.0,1.0,352.0,441.0,2025-05-21 21:00:00,2025-06-24 13:30:00,8292.0,8739.0009765625,90.0,5.390749837946207,0.05989722042162452,4086304.0,,104777.02564102564,,15358026.0,0.0,170644.73333333334,0.0,0.6140067940822803,,0.26606961076898816,,35.8974358974359,51.28205128205128,12.82051282051282,False,False,2025-06-24 21:00:00,8650.0009765625,,,1.0,0.0,2025-07-02 21:00:00,8838.0009765625,2025-07-02 13:30:00,8747.0009765625,4.0,3.0,0.3009946324226645,52.05538975322684,
AG:5m:0:-1:11830:11846:1,AG,5m,12978.0,2025-07-03 14:05:00,0.0,1.0,1.0,BOS,1.0,8849.0009765625,6.0,CHoCH,1.0,8845.0009765625,6.0,26.0,2.0,12.0,1.0,active_bear_internal_ob,internal,-1.0,1203.0,9014.0009765625,9025.0009765625,9019.5009765625,0.6363737164833418,current_swing_high,swing,0.0,11.0,8849.0009765625,8849.0009765625,8849.0009765625,1.205760725968437,8938.0009765625,8958.0009765625,8938.0009765625,8957.0009765625,17434.0,271811.0,2.0,2.0,0.0,2.0,1.0,1.0,active_bear_internal_ob|active_bear_swing_ob,8845.0009765625,20.0,below,1.2504185306339348,8847.0009765625,True,6.0,8825.0009765625,11.0,below,1.473707553961423,8820.0009765625,False,,8849.0009765625,11.0,below,1.205760725968437,8823.0009765625,True,6.0,8741.0009765625,50.0,below,2.411521451936874,8708.0009765625,False,,1.0,1.0,0.00015454780737666373,100.0,UP_CONFIRMED,0.008542138168990833,0.004892937944796521,0.0017012317093775405,0.984024944266527,0.00015454780737666373,0.015454780737666374,0.005511132525679585,0.007171347691304675,0.0076174752466604545,8881.137076556804,0.8542138168990833,0.22378871897239527,1.589862900394852,,177.0,1.0,12879.0,12978.0,2025-07-02 21:00:00,2025-07-03 14:00:00,8795.0009765625,8957.0009765625,100.0,1.8419554520995307,0.018419554520995307,176.0,-1.0,12834.0,12878.0,2025-07-02 09:00:00,2025-07-02 14:55:00,8780.0009765625,8747.0009765625,45.0,-0.37585417231832396,-0.0083523149404072,346453.0,,3464.53,,123980.0,0.0,2755.1111111111113,0.0,1.2574919341829327,,2.794426520406517,,73.0,27.0,0.0,True,False,,,,,0.0,0.0,2025-07-03 11:25:00,8839.0009765625,2025-07-03 11:15:00,8832.0009765625,6.0,5.0,0.3476912498321677,12.637174976475084,
AG:5m:0:-1:11830:11846:1,AG,15m,4325.0,2025-07-03 14:00:00,5.0,1.0,1.0,BOS,1.0,8858.0009765625,1.0,CHoCH,1.0,8845.0009765625,1.0,13.0,2.0,6.0,1.0,active_bear_internal_ob,internal,-1.0,398.0,9059.0009765625,9075.0009765625,9067.0009765625,1.1387740189701905,current_swing_high,swing,0.0,101.0,8858.0009765625,8858.0009765625,8858.0009765625,1.1052806654710672,8887.0009765625,8946.0009765625,8886.0009765625,8937.0009765625,51590.0,268345.0,1.0,1.0,0.0,1.0,1.0,0.0,active_bear_internal_ob,8845.0009765625,3.0,below,1.2504185306339348,8848.0009765625,True,1.0,8825.0009765625,0.0,below,1.473707553961423,8820.0009765625,False,,8858.0009765625,101.0,below,1.1052806654710672,8811.0009765625,True,1.0,8664.0009765625,92.0,below,3.2711841917477043,8563.0009765625,False,,1.0,1.0,0.00017861465980847777,76.0,UP_CONFIRMED,0.012358387614434987,0.0048079764489685865,0.002588606466471376,0.9982317085096589,0.00017861465980847777,0.013574714145444311,0.0037247336873942327,0.004288964689226127,0.005248228532338972,8827.902337651427,1.2358387614434987,0.5739364662969981,3.488147450885071,,63.0,1.0,4250.0,4325.0,2025-07-01 13:30:00,2025-07-03 13:45:00,8746.0009765625,8937.0009765625,76.0,2.1838552329440652,0.028734937275579808,62.0,-1.0,4182.0,4249.0,2025-06-27 21:00:00,2025-07-01 11:15:00,8672.0009765625,8721.0009765625,68.0,0.5650368367396519,0.008309365246171352,749731.0,,9864.881578947368,,750129.0,0.0,11031.308823529413,0.0,0.894262116740482,,0.9994694245923035,,50.0,38.15789473684211,11.842105263157894,True,False,2025-07-02 21:00:00,8803.0009765625,2025-07-02 14:30:00,8755.0009765625,1.0,1.0,2025-07-03 10:45:00,8836.0009765625,2025-07-03 10:30:00,8826.0009765625,5.0,4.0,0.5383983249391098,17.41138386207253,
AG:5m:0:-1:11830:11846:1,AG,1h,1288.0,2025-07-03 14:00:00,5.0,-1.0,1.0,CHoCH,-1.0,8766.0009765625,101.0,BOS,1.0,8849.0009765625,0.0,10.0,1.0,1.0,1.0,active_bear_internal_ob,internal,-1.0,108.0,9025.0009765625,9075.0009765625,9050.0009765625,0.7591826793134604,current_internal_high,internal,0.0,1.0,8849.0009765625,8849.0009765625,8849.0009765625,1.205760725968437,8842.0009765625,8946.0009765625,8842.0009765625,8937.0009765625,85966.0,268345.0,0.0,0.0,0.0,0.0,0.0,0.0,,8849.0009765625,1.0,below,1.205760725968437,8823.0009765625,True,0.0,8741.0009765625,5.0,below,2.411521451936874,8702.0009765625,False,,9075.0009765625,70.0,above,1.3174052376321812,9020.0009765625,False,,8563.0009765625,25.0,below,4.398793759551521,8766.0009765625,False,,1.0,1.0,0.00024378031848056088,54.0,UP_CONFIRMED,0.02637244128163929,0.015580879162377412,0.005791825456512553,0.9687857615023432,0.00024378031848056088,0.013164137197950287,0.0022628451137505223,0.004089707503190043,0.006013309814054013,8707.36646572739,2.637244128163929,1.108722583693078,2.5369449726395414,,21.0,1.0,1235.0,1288.0,2025-06-26 21:00:00,2025-07-03 13:30:00,8798.0009765625,8937.0009765625,54.0,1.5799043483887942,0.02925748793312582,20.0,-1.0,1187.0,1234.0,2025-06-20 10:00:00,2025-06-26 14:00:00,8681.0009765625,8796.0009765625,48.0,1.3247320246879912,0.027598583847666485,1969409.0,,36470.53703703704,,2279293.0,0.0,47485.270833333336,0.0,0.7680389391700749,,0.8640438065663344,,48.148148148148145,33.33333333333333,18.51851851851852,True,False,,,,,0.0,0.0,2025-07-02 21:00:00,8803.0009765625,2025-07-02 14:00:00,8747.0009765625,4.0,4.0,0.37172648578764833,30.305749897311056,2.0
AG:5m:0:-1:11830:11846:1,AG,4h,468.0,2025-07-03 11:30:00,155.0,1.0,1.0,CHoCH,1.0,8375.0,88.0,CHoCH,1.0,8811.0009765625,18.0,4.0,1.0,1.0,0.0,active_bear_internal_ob,internal,-1.0,36.0,9025.0009765625,9075.0009765625,9050.0009765625,0.7591826793134604,current_internal_high,internal,0.0,11.0,8858.0009765625,8858.0009765625,8858.0009765625,1.1052806654710672,8830.0009765625,8845.0009765625,8820.0009765625,8839.0009765625,58930.0,255042.0,0.0,0.0,0.0,0.0,0.0,0.0,,8858.0009765625,11.0,below,1.1052806654710672,8811.0009765625,False,,8664.0009765625,9.0,below,3.2711841917477043,8563.0009765625,False,,8375.0,130.0,below,6.497721481614254,8544.0009765625,True,88.0,7944.0,83.0,below,11.309599934321628,7535.0,False,,0.0,0.0,0.00021954832659469106,-27.0,NONE,0.02580610484881314,0.0200933174692008,0.005341160364538327,0.8575953387585151,0.00021954832659469106,0.005927804818056659,0.001237144835025239,0.0023560742379258315,0.004961536690810009,8616.63908489336,2.5806104848813143,-0.06783492750197517,-0.6148833905975547,,8.0,-1.0,442.0,468.0,2025-06-24 21:00:00,2025-07-03 09:00:00,8650.0009765625,8839.0009765625,27.0,2.184970851588375,0.080924846355125,7.0,1.0,352.0,441.0,2025-05-21 21:00:00,2025-06-24 13:30:00,8292.0,8739.0009765625,90.0,5.390749837946207,0.05989722042162452,2917194.0,,108044.22222222222,,15358026.0,0.0,170644.73333333334,0.0,0.6331529846348742,,0.18994589539046228,,7.4074074074074066,74.07407407407408,18.51851851851852,False,False,2025-06-24 21:00:00,8650.0009765625,,,1.0,0.0,2025-07-02 21:00:00,8838.0009765625,2025-07-02 13:30:00,8747.0009765625,4.0,3.0,0.26581774625943677,51.65227910245348,
AG:5m:0:-1:11830:11846:2,AG,5m,12998.0,2025-07-03 21:45:00,0.0,1.0,1.0,BOS,1.0,8849.0009765625,26.0,CHoCH,1.0,8845.0009765625,26.0,26.0,2.0,12.0,1.0,active_bear_internal_ob,internal,-1.0,1163.0,8948.0009765625,8969.0009765625,8958.5009765625,0.06709907565125911,current_internal_low,internal,0.0,3.0,8878.0009765625,8878.0009765625,8878.0009765625,0.7157234736134305,8937.0009765625,8950.0009765625,8937.0009765625,8942.0009765625,7210.0,266596.0,0.0,0.0,0.0,0.0,0.0,0.0,,8966.0009765625,10.0,above,0.26839630260503644,8845.0009765625,False,,8878.0009765625,3.0,below,0.7157234736134305,8825.0009765625,False,,8849.0009765625,31.0,below,1.0400356725945161,8823.0009765625,True,26.0,8820.0009765625,2.0,below,1.364347871575602,8741.0009765625,False,,1.0,1.0,0.00019147127169638994,120.0,UP_CONFIRMED,-0.0005500541012219242,0.004000084805898596,0.0029600903145332244,0.062126798535732886,0.00019147127169638994,0.02297655260356679,-0.00026187624709195223,-0.002000413429282699,0.0074072937649043435,8946.922267849244,-0.05500541012219242,0.05594717974310992,-0.2877914799675093,,177.0,1.0,12879.0,12998.0,2025-07-02 21:00:00,2025-07-03 21:40:00,8795.0009765625,8942.0009765625,120.0,1.6714040213495762,0.013928366844579801,176.0,-1.0,12834.0,12878.0,2025-07-02 09:00:00,2025-07-02 14:55:00,8780.0009765625,8747.0009765625,45.0,-0.37585417231832396,-0.0083523149404072,535330.0,,4461.083333333333,,123980.0,0.0,2755.1111111111113,0.0,1.6192026939829003,,4.317873850621068,,70.0,30.0,0.0,False,True,,,2025-07-03 14:25:00,8957.0009765625,0.0,1.0,2025-07-03 21:30:00,8931.0009765625,2025-07-03 21:00:00,8903.0009765625,7.0,6.0,0.7400068893960005,14.623353804466351,
AG:5m:0:-1:11830:11846:2,AG,15m,4332.0,2025-07-03 21:45:00,0.0,1.0,1.0,BOS,1.0,8858.0009765625,8.0,CHoCH,1.0,8845.0009765625,8.0,13.0,2.0,6.0,1.0,active_bear_internal_ob,internal,-1.0,387.0,8948.0009765625,8969.0009765625,8958.5009765625,0.06709907565125911,current_swing_high,swing,0.0,108.0,8858.0009765625,8858.0009765625,8858.0009765625,0.9393870591176275,8922.0009765625,8950.0009765625,8921.0009765625,8942.0009765625,22297.0,266596.0,0.0,0.0,0.0,0.0,0.0,0.0,,8966.0009765625,0.0,above,0.26839630260503644,8845.0009765625,False,,8825.0009765625,7.0,below,1.3084319751995526,8820.0009765625,False,,8858.0009765625,108.0,below,0.9393870591176275,8811.0009765625,True,8.0,8664.0009765625,99.0,below,3.1089238385083386,8563.0009765625,False,,1.0,1.0,0.00034215911980453226,83.0,UP_CONFIRMED,-0.0016766534811893281,0.004364798227011197,0.0032231523993844825,0.030438194077184233,0.00034215911980453226,0.02839920694377618,-0.0009575232385679033,0.01824329978575845,0.01951099205698026,8957.01879330337,-0.1676653481189328,0.2241649608931695,0.2601466438810853,,63.0,1.0,4250.0,4332.0,2025-07-01 13:30:00,2025-07-03 21:30:00,8746.0009765625,8942.0009765625,83.0,2.2410242180996853,0.02700029178433356,62.0,-1.0,4182.0,4249.0,2025-06-27 21:00:00,2025-07-01 11:15:00,8672.0009765625,8721.0009765625,68.0,0.5650368367396519,0.008309365246171352,956042.0,,11518.578313253012,,750129.0,0.0,11031.308823529413,0.0,1.0441715029031071,,1.2745034520729102,,50.602409638554214,38.55421686746988,10.843373493975903,True,True,2025-07-02 21:00:00,8803.0009765625,2025-07-03 14:15:00,8957.0009765625,1.0,2.0,2025-07-03 21:30:00,8942.0009765625,2025-07-03 21:00:00,8916.0009765625,6.0,5.0,0.7384424735691716,21.8887067378273,
AG:5m:0:-1:11830:11846:2,AG,1h,1289.0,2025-07-03 15:00:00,405.0,-1.0,1.0,CHoCH,-1.0,8766.0009765625,102.0,BOS,1.0,8849.0009765625,1.0,10.0,1.0,1.0,1.0,active_bear_internal_ob,internal,-1.0,109.0,9025.0009765625,9075.0009765625,9050.0009765625,0.9282038798424177,current_internal_high,internal,0.0,2.0,8849.0009765625,8849.0009765625,8849.0009765625,1.0400356725945161,8938.0009765625,8966.0009765625,8938.0009765625,8944.0009765625,98747.0,272055.0,0.0,0.0,0.0,0.0,0.0,0.0,,8849.0009765625,2.0,below,1.0400356725945161,8823.0009765625,True,1.0,8741.0009765625,6.0,below,2.24781903431718,8702.0009765625,False,,9075.0009765625,71.0,above,1.4873628436029103,9020.0009765625,False,,8563.0009765625,26.0,below,4.2384249453045335,8766.0009765625,False,,1.0,1.0,0.00027400999185851885,55.0,UP_CONFIRMED,0.025247209916716865,0.01575663063063813,0.0058824579785845075,0.9466678907399195,0.00027400999185851885,0.015070549552218537,0.004077503252976511,0.005324591643002474,0.007516076875180522,8723.750613560842,2.5247209916716864,0.07832605164033168,2.474138471788512,,21.0,1.0,1235.0,1289.0,2025-06-26 21:00:00,2025-07-03 14:00:00,8798.0009765625,8944.0009765625,55.0,1.6594678767249293,0.030172143213180534,20.0,-1.0,1187.0,1234.0,2025-06-20 10:00:00,2025-06-26 14:00:00,8681.0009765625,8796.0009765625,48.0,1.3247320246879912,0.027598583847666485,2068156.0,,37602.836363636365,,2279293.0,0.0,47485.270833333336,0.0,0.7918842138569044,,0.9073673283777031,,49.09090909090909,32.72727272727273,18.181818181818183,False,False,,,,,0.0,0.0,2025-07-02 21:00:00,8803.0009765625,2025-07-02 14:00:00,8747.0009765625,4.0,4.0,0.3733322254280878,30.212482047503123,4.0
AG:5m:0:-1:11830:11846:2,AG,4h,469.0,2025-07-03 15:00:00,405.0,1.0,1.0,CHoCH,1.0,8375.0,89.0,BOS,1.0,8858.0009765625,0.0,5.0,1.0,1.0,0.0,active_bear_internal_ob,internal,-1.0,37.0,9025.0009765625,9075.0009765625,9050.0009765625,0.9282038798424177,current_internal_high,internal,0.0,12.0,8858.0009765625,8858.0009765625,8858.0009765625,0.9393870591176275,8842.0009765625,8966.0009765625,8842.0009765625,8944.0009765625,184713.0,272055.0,0.0,0.0,0.0,0.0,0.0,0.0,,8858.0009765625,12.0,below,0.9393870591176275,8811.0009765625,True,0.0,8664.0009765625,10.0,below,3.1089238385083386,8563.0009765625,False,,8375.0,131.0,below,6.340873570117496,8544.0009765625,True,89.0,7944.0,84.0,below,11.160823837732943,7535.0,False,,0.0,0.0,0.000247700322809035,-28.0,NONE,0.03695294327678826,0.02069544696232892,0.006107229742287669,0.9961162019409351,0.000247700322809035,0.006935609038652979,0.0020303417410469926,0.0033144594094676183,0.0058072951320737864,8625.271797097475,3.695294327678826,1.1879170539568662,1.257146206879895,,8.0,-1.0,442.0,469.0,2025-06-24 21:00:00,2025-07-03 13:30:00,8650.0009765625,8944.0009765625,28.0,3.3988435469152423,0.12138726953268722,7.0,1.0,352.0,441.0,2025-05-21 21:00:00,2025-06-24 13:30:00,8292.0,8739.0009765625,90.0,5.390749837946207,0.05989722042162452,3101907.0,,110782.39285714286,,15358026.0,0.0,170644.73333333334,0.0,0.6491990153645304,,0.20197302700229836,,10.714285714285714,71.42857142857143,17.857142857142858,True,False,2025-06-24 21:00:00,8650.0009765625,,,1.0,0.0,2025-07-02 21:00:00,8838.0009765625,2025-07-02 13:30:00,8747.0009765625,4.0,3.0,0.295100161567151,57.03425916656394,
AG:5m:0:-1:11830:11846:3,AG,5m,13103.0,2025-07-04 21:15:00,0.0,1.0,1.0,BOS,1.0,8849.0009765625,131.0,CHoCH,1.0,8934.0009765625,9.0,28.0,2.0,12.0,1.0,current_internal_high,internal,0.0,3.0,8943.0009765625,8943.0009765625,8943.0009765625,0.011183179275209851,active_bull_internal_ob,internal,1.0,9.0,8902.0009765625,8913.0009765625,8907.5009765625,0.3243121989810857,8937.0009765625,8953.0009765625,8937.0009765625,8942.0009765625,8443.0,254287.0,0.0,0.0,0.0,0.0,0.0,0.0,,8943.0009765625,3.0,above,0.011183179275209851,8934.0009765625,False,,8902.0009765625,7.0,below,0.44732717100839403,8891.0009765625,False,,8943.0009765625,11.0,above,0.011183179275209851,8950.0009765625,False,,8889.0009765625,39.0,below,0.5927085015861222,8878.0009765625,False,,0.0,0.0,9.595129206872876e-05,9.0,NONE,0.0031660791902764565,0.0021579977039869382,0.0006551006515386945,0.9380757842015408,9.595129206872876e-05,0.0008635616286185588,0.0006404484303135227,,,8913.779245586331,0.3166079190276456,0.04475273621573628,2.5473684164258787,,179.0,1.0,13095.0,13103.0,2025-07-04 14:30:00,2025-07-04 21:10:00,8929.0009765625,8942.0009765625,9.0,0.14559299561198724,0.016176999512443026,178.0,-1.0,13071.0,13094.0,2025-07-04 10:30:00,2025-07-04 14:25:00,8908.0009765625,8939.0009765625,24.0,0.3480017579877037,0.014500073249487655,43209.0,,4801.0,,77749.0,0.0,3239.5416666666665,0.0,1.4819997684857684,,0.5557499131821632,,22.22222222222222,77.77777777777779,0.0,False,False,,,,,0.0,0.0,2025-07-04 21:00:00,8929.0009765625,2025-07-04 14:50:00,8922.0009765625,2.0,2.0,0.303568743529423,11.162250286935466,
AG:5m:0:-1:11830:11846:3,AG,15m,4367.0,2025-07-04 21:15:00,0.0,1.0,1.0,BOS,1.0,8858.0009765625,43.0,CHoCH,1.0,8845.0009765625,43.0,13.0,2.0,6.0,1.0,current_internal_high,internal,0.0,15.0,8943.0009765625,8943.0009765625,8943.0009765625,0.011183179275209851,current_internal_low,internal,0.0,3.0,8891.0009765625,8891.0009765625,8891.0009765625,0.5703421430357024,8919.0,8953.0009765625,8918.0009765625,8942.0009765625,19172.0,254287.0,0.0,0.0,0.0,0.0,0.0,0.0,,8943.0009765625,15.0,above,0.011183179275209851,8950.0009765625,False,,8891.0009765625,3.0,below,0.5703421430357024,8889.0009765625,False,,8858.0009765625,143.0,below,0.9393870591176275,8811.0009765625,True,43.0,8664.0009765625,134.0,below,3.1089238385083386,8563.0009765625,False,,1.0,1.0,0.0002241400776224638,118.0,UP_CONFIRMED,0.0002205747950520024,0.0022042097789139914,0.0043523016479728,0.3242788080976617,0.0002241400776224638,0.02644852915945073,-0.00027886081328165613,-0.0006850195208271126,-0.0010858705539757985,8940.02903149112,0.02205747950520024,0.25787641531198613,2.1670951503276457,,63.0,1.0,4250.0,4367.0,2025-07-01 13:30:00,2025-07-04 21:00:00,8746.0009765625,8942.0009765625,118.0,2.2410242180996853,0.01899173066186174,62.0,-1.0,4182.0,4249.0,2025-06-27 21:00:00,2025-07-01 11:15:00,8672.0009765625,8721.0009765625,68.0,0.5650368367396519,0.008309365246171352,1253647.0,,10624.127118644068,,750129.0,0.0,11031.308823529413,0.0,0.9630885408613673,,1.6712418797300197,,35.59322033898305,47.45762711864407,16.94915254237288,True,True,2025-07-04 21:00:00,8942.0009765625,2025-07-03 14:15:00,8957.0009765625,2.0,2.0,2025-07-04 14:15:00,8939.0009765625,2025-07-04 14:00:00,8910.0009765625,10.0,9.0,1.9745405766764939,18.04969375042267,
AG:5m:0:-1:11830:11846:3,AG,1h,1300.0,2025-07-04 15:00:00,375.0,-1.0,1.0,CHoCH,-1.0,8766.0009765625,113.0,BOS,1.0,8849.0009765625,12.0,10.0,1.0,1.0,1.0,current_internal_high,internal,0.0,1.0,8943.0009765625,8943.0009765625,8943.0009765625,0.011183179275209851,current_internal_low,internal,0.0,3.0,8889.0009765625,8889.0009765625,8889.0009765625,0.5927085015861222,8924.0009765625,8943.0009765625,8902.0009765625,8919.0009765625,49044.0,250718.0,0.0,0.0,0.0,0.0,0.0,0.0,,8943.0009765625,1.0,above,0.011183179275209851,8966.0009765625,False,,8889.0009765625,3.0,below,0.5927085015861222,8820.0009765625,False,,9075.0009765625,82.0,above,1.4873628436029103,9020.0009765625,False,,8563.0009765625,37.0,below,4.2384249453045335,8766.0009765625,False,,1.0,1.0,0.00031025240700939327,66.0,UP_CONFIRMED,0.016965269742762402,0.016265386303714453,0.005533599917185395,0.5503235611682641,0.00031025240700939327,0.020476658862619956,0.0019500691467124742,0.0035450356540933647,0.010119409327212114,8770.211964877157,1.69652697427624,-0.056028680556308164,0.45914736104231385,,21.0,1.0,1235.0,1300.0,2025-06-26 21:00:00,2025-07-04 14:00:00,8798.0009765625,8919.0009765625,66.0,1.3753124183816245,0.02083806694517613,20.0,-1.0,1187.0,1234.0,2025-06-20 10:00:00,2025-06-26 14:00:00,8681.0009765625,8796.0009765625,48.0,1.3247320246879912,0.027598583847666485,2454153.0,,37184.13636363636,,2279293.0,0.0,47485.270833333336,0.0,0.783066742825317,,1.076716771384811,,42.42424242424242,42.42424242424242,15.151515151515152,False,False,,,,,0.0,0.0,2025-07-03 23:00:00,8924.0009765625,2025-07-03 22:00:00,8898.0009765625,5.0,5.0,0.34020710076352206,29.540032647343338,4.0
AG:5m:0:-1:11830:11846:3,AG,4h,473.0,2025-07-04 15:00:00,375.0,1.0,1.0,CHoCH,1.0,8375.0,93.0,BOS,1.0,8858.0009765625,4.0,5.0,1.0,1.0,0.0,active_bear_internal_ob,internal,-1.0,41.0,9025.0009765625,9075.0009765625,9050.0009765625,0.9282038798424177,current_internal_high,internal,0.0,16.0,8858.0009765625,8858.0009765625,8858.0009765625,0.9393870591176275,8928.0009765625,8943.0009765625,8902.0009765625,8919.0009765625,70342.0,250718.0,0.0,0.0,0.0,0.0,0.0,0.0,,8858.0009765625,16.0,below,0.9393870591176275,8811.0009765625,True,4.0,8664.0009765625,14.0,below,3.1089238385083386,8563.0009765625,False,,8375.0,135.0,below,6.340873570117496,8544.0009765625,True,93.0,7944.0,88.0,below,11.160823837732943,7535.0,False,,0.0,0.0,0.00028136254827551554,-32.0,NONE,0.031935148617142514,0.022161132963340848,0.0069171963760585806,0.921172502965833,0.00028136254827551554,0.009003601544816497,0.0030576714472227984,0.004298599064686215,0.006517409096719939,8642.985936194264,3.1935148617142515,0.15721503048509167,-0.4469492188622001,,8.0,-1.0,442.0,473.0,2025-06-24 21:00:00,2025-07-04 13:30:00,8650.0009765625,8919.0009765625,32.0,3.1098262385040876,0.09718206995325274,7.0,1.0,352.0,441.0,2025-05-21 21:00:00,2025-06-24 13:30:00,8292.0,8739.0009765625,90.0,5.390749837946207,0.05989722042162452,3487904.0,,108997.0,,15358026.0,0.0,170644.73333333334,0.0,0.6387363844806617,,0.22710627003756864,,21.875,62.5,15.625,False,False,2025-06-24 21:00:00,8650.0009765625,,,1.0,0.0,2025-07-02 21:00:00,8838.0009765625,2025-07-02 13:30:00,8747.0009765625,4.0,3.0,0.3121318926925384,54.4285057282443,
AG:5m:0:-1:11830:11846:4,AG,5m,13289.0,2025-07-08 10:00:00,0.0,-1.0,1.0,CHoCH,-1.0,8922.0009765625,122.0,BOS,1.0,8942.0009765625,0.0,29.0,2.0,12.0,1.0,current_swing_high,swing,0.0,72.0,8947.0009765625,8947.0009765625,8947.0009765625,0.011178178972033265,current_internal_high,internal,0.0,6.0,8942.0009765625,8942.0009765625,8942.0009765625,0.04471271588813306,8935.0009765625,8951.0009765625,8935.0009765625,8946.0009765625,7946.0,324689.0,0.0,0.0,0.0,0.0,0.0,0.0,,8942.0009765625,6.0,below,0.04471271588813306,8944.0009765625,True,0.0,8918.0009765625,2.0,below,0.31298901121693146,8914.0009765625,False,,8947.0009765625,72.0,above,0.011178178972033265,8953.0009765625,False,,8840.0009765625,25.0,below,1.1848869710355263,8922.0009765625,False,,0.0,0.0,0.00010600596480729767,46.0,NONE,0.004444788238253253,0.005143594420967578,0.0013241347207740824,0.29883798311230714,0.00010600596480729767,0.004876274381135692,0.0008046506685539523,0.0013985469899162606,0.0028638360880299807,8906.413853023565,0.4444788238253253,0.12311134636531218,1.6891162136525577,,181.0,1.0,13244.0,13289.0,2025-07-07 23:40:00,2025-07-08 09:55:00,8915.0009765625,8946.0009765625,46.0,0.34772850930133714,0.007559315419594286,180.0,-1.0,13167.0,13243.0,2025-07-07 09:00:00,2025-07-07 23:35:00,8920.0009765625,8912.0009765625,77.0,-0.08968608883587192,-0.001164754400465869,117085.0,,2545.3260869565215,,344290.0,0.0,4471.298701298701,0.0,0.5692587896704875,,0.3400766795434082,,63.04347826086957,30.434782608695656,6.521739130434782,False,False,,,,,0.0,0.0,2025-07-08 09:40:00,8929.0009765625,2025-07-08 09:30:00,8920.0009765625,3.0,3.0,0.25743373454491675,8.436502426763038,
AG:5m:0:-1:11830:11846:4,AG,15m,4429.0,2025-07-08 10:00:00,0.0,-1.0,1.0,CHoCH,-1.0,8878.0009765625,31.0,BOS,1.0,8944.0009765625,0.0,15.0,2.0,6.0,1.0,active_bear_internal_ob,internal,-1.0,484.0,8948.0009765625,8969.0009765625,8958.5009765625,0.02235635794406653,current_internal_high,internal,0.0,2.0,8944.0009765625,8944.0009765625,8944.0009765625,0.02235635794406653,8928.0009765625,8951.0009765625,8927.0009765625,8946.0009765625,15377.0,324689.0,0.0,0.0,0.0,0.0,0.0,0.0,,8944.0009765625,2.0,below,0.02235635794406653,8937.0009765625,True,0.0,8840.0009765625,20.0,below,1.1848869710355263,8893.0009765625,False,,8953.0009765625,12.0,above,0.07824725280423286,8966.0009765625,False,,8878.0009765625,49.0,below,0.7601161700982622,8664.0009765625,True,31.0,0.0,0.0,0.0,1.0,DOWN_BROKEN,0.00995231626681097,0.00995231626681097,0.0,0.5,0.0,0.0,,,,8857.844902648978,0.995231626681097,0.19039084041565513,1.7784186847607073,,65.0,1.0,4429.0,4429.0,2025-07-08 09:45:00,2025-07-08 09:45:00,8946.0009765625,8946.0009765625,1.0,0.0,0.0,64.0,-1.0,4396.0,4428.0,2025-07-07 11:00:00,2025-07-08 09:30:00,8912.0009765625,8929.0009765625,33.0,0.19075401859478536,0.005780424805902587,15377.0,,15377.0,,370352.0,0.0,11222.787878787878,0.0,1.3701586598695297,,0.04151995938998574,,100.0,0.0,0.0,False,False,,,,,0.0,0.0,,,,,0.0,0.0,0.0,14.42368078931808,
AG:5m:0:-1:11830:11846:4,AG,1h,1318.0,2025-07-08 10:00:00,0.0,-1.0,-1.0,CHoCH,-1.0,8766.0009765625,131.0,CHoCH,-1.0,8891.0009765625,8.0,10.0,2.0,1.0,1.0,current_internal_high,internal,0.0,12.0,8953.0009765625,8953.0009765625,8953.0009765625,0.07824725280423286,active_bull_internal_ob,internal,1.0,30.0,8820.0009765625,8845.0009765625,8832.5009765625,1.12899607617536,8938.0009765625,8951.0009765625,8918.0009765625,8946.0009765625,59104.0,324689.0,1.0,1.0,0.0,1.0,1.0,0.0,active_bear_internal_ob,8953.0009765625,12.0,above,0.07824725280423286,8943.0009765625,False,,8840.0009765625,1.0,below,1.1848869710355263,8891.0009765625,False,,9075.0009765625,100.0,above,1.4419850873922913,9020.0009765625,False,,8563.0009765625,55.0,below,4.281242546288741,8766.0009765625,False,,1.0,1.0,0.0003167413462645448,84.0,UP_CONFIRMED,0.013953440903692663,0.015824156161425445,0.005204623050653594,0.35963545339150876,0.0003167413462645448,0.026606273086221766,0.0015190970771257195,0.003671183640054032,0.006987629221332448,8822.891284425563,1.3953440903692664,0.33647371819340854,1.1606546764514303,,21.0,1.0,1235.0,1318.0,2025-06-26 21:00:00,2025-07-08 09:00:00,8798.0009765625,8946.0009765625,84.0,1.6822003133923902,0.020026194207052265,20.0,-1.0,1187.0,1234.0,2025-06-20 10:00:00,2025-06-26 14:00:00,8681.0009765625,8796.0009765625,48.0,1.3247320246879912,0.027598583847666485,3003464.0,,35755.52380952381,,2279293.0,0.0,47485.270833333336,0.0,0.7529813599467654,,1.3177173799068396,,41.66666666666667,46.42857142857143,11.904761904761903,False,False,,,,,0.0,0.0,2025-07-07 23:00:00,8919.0009765625,2025-07-07 13:30:00,8881.0009765625,6.0,6.0,0.3289036709168042,29.591172791432733,4.0
AG:5m:0:-1:11830:11846:4,AG,4h,479.0,2025-07-08 02:30:00,450.0,1.0,-1.0,CHoCH,1.0,8375.0,99.0,CHoCH,-1.0,8878.0009765625,2.0,5.0,2.0,1.0,0.0,current_internal_high,internal,0.0,0.0,8953.0009765625,8953.0009765625,8953.0009765625,0.07824725280423286,current_internal_low,internal,0.0,4.0,8878.0009765625,8878.0009765625,8878.0009765625,0.7601161700982622,8920.0009765625,8944.0009765625,8914.0009765625,8916.0009765625,46242.0,316936.0,1.0,1.0,0.0,1.0,1.0,0.0,active_bear_internal_ob,8953.0009765625,0.0,above,0.07824725280423286,8966.0009765625,False,,8878.0009765625,4.0,below,0.7601161700982622,8664.0009765625,True,2.0,9075.0009765625,4.0,above,1.4419850873922913,8375.0,False,,7944.0,94.0,below,11.200546246167734,7535.0,False,,0.0,0.0,0.00030593282285318324,-38.0,NONE,0.028914463243138934,0.023421607987601362,0.007078621278863641,0.7811190485222335,0.00030593282285318324,0.011625447268420963,0.0021680484597124128,0.004657535385252043,0.007987432006702155,8665.444305699873,2.8914463243138933,-0.033636054171126695,-0.8105672989658969,,8.0,-1.0,442.0,479.0,2025-06-24 21:00:00,2025-07-08 00:00:00,8650.0009765625,8916.0009765625,38.0,3.0751441614947472,0.08092484635512492,7.0,1.0,352.0,441.0,2025-05-21 21:00:00,2025-06-24 13:30:00,8292.0,8739.0009765625,90.0,5.390749837946207,0.05989722042162452,3978111.0,,104687.13157894737,,15358026.0,0.0,170644.73333333334,0.0,0.6134800033614518,,0.2590248903081685,,34.21052631578947,52.63157894736842,13.157894736842104,False,False,2025-06-24 21:00:00,8650.0009765625,,,1.0,0.0,2025-07-02 21:00:00,8838.0009765625,2025-07-02 13:30:00,8747.0009765625,4.0,3.0,0.3022261017523149,52.75195819578275,
AG:5m:0:-1:11830:11846:5,AG,5m,13301.0,2025-07-08 11:15:00,0.0,1.0,1.0,CHoCH,1.0,8947.0009765625,11.0,BOS,1.0,8956.0009765625,4.0,29.0,2.0,13.0,1.0,current_internal_high,internal,0.0,5.0,8956.0009765625,8956.0009765625,8956.0009765625,0.08940544397518956,current_swing_high,swing,0.0,84.0,8947.0009765625,8947.0009765625,8947.0009765625,0.011175680496898694,8946.0009765625,8950.0009765625,8945.0009765625,8948.0009765625,1587.0,330578.0,2.0,2.0,0.0,2.0,1.0,1.0,active_bear_internal_ob|active_bear_swing_ob,8956.0009765625,5.0,above,0.08940544397518956,8942.0009765625,True,4.0,8918.0009765625,14.0,below,0.33527041490696086,8914.0009765625,False,,8947.0009765625,84.0,below,0.011175680496898694,8953.0009765625,True,11.0,8840.0009765625,37.0,below,1.206973493665059,8922.0009765625,False,,1.0,1.0,0.0001120294243376379,58.0,UP_CONFIRMED,0.00305085870512518,0.004872130332852775,0.0013265424256420427,0.08488450752176124,0.0001120294243376379,0.0064977066115829984,0.0005001795623489347,0.0010458109862012677,0.0027095988104588464,8920.784922225977,0.305085870512518,0.022356357944075533,-1.3710927599979739,,181.0,1.0,13244.0,13301.0,2025-07-07 23:40:00,2025-07-08 11:10:00,8915.0009765625,8948.0009765625,58.0,0.37016260667561696,0.006382113908200293,180.0,-1.0,13167.0,13243.0,2025-07-07 09:00:00,2025-07-07 23:35:00,8920.0009765625,8912.0009765625,77.0,-0.08968608883587192,-0.001164754400465869,160083.0,,2760.051724137931,,344290.0,0.0,4471.298701298701,0.0,0.6172818924703614,,0.4649655813413111,,65.51724137931035,29.310344827586203,5.172413793103448,True,False,,,,,0.0,0.0,2025-07-08 11:10:00,8948.0009765625,2025-07-08 11:00:00,8945.0009765625,4.0,4.0,0.2722715393504905,7.403317505688837,
AG:5m:0:-1:11830:11846:5,AG,15m,4433.0,2025-07-08 11:15:00,0.0,-1.0,1.0,CHoCH,-1.0,8878.0009765625,35.0,BOS,1.0,8944.0009765625,4.0,15.0,2.0,6.0,1.0,current_swing_high,swing,0.0,16.0,8953.0009765625,8953.0009765625,8953.0009765625,0.05587840248449347,current_internal_high,internal,0.0,6.0,8944.0009765625,8944.0009765625,8944.0009765625,0.04470272198759478,8949.0009765625,8950.0009765625,8942.0009765625,8948.0009765625,7892.0,330578.0,1.0,1.0,0.0,1.0,1.0,0.0,active_bear_internal_ob,8944.0009765625,6.0,below,0.04470272198759478,8937.0009765625,True,4.0,8914.0009765625,3.0,below,0.37997313689455564,8840.0009765625,False,,8953.0009765625,16.0,above,0.05587840248449347,8966.0009765625,False,,8878.0009765625,53.0,below,0.7822976347829086,8664.0009765625,True,35.0,0.0,0.0,0.00013123608571716794,5.0,NONE,0.009515680389877509,0.009827928698154756,0.00018181798156408362,0.04295601503169133,0.00013123608571716794,0.0006561804285858397,,,,8863.657247113546,0.9515680389877509,-0.011174431678118157,-0.08015336862067449,,65.0,1.0,4429.0,4433.0,2025-07-08 09:45:00,2025-07-08 11:00:00,8946.0009765625,8948.0009765625,5.0,0.022356357944075533,0.004471271588815107,64.0,-1.0,4396.0,4428.0,2025-07-07 11:00:00,2025-07-08 09:30:00,8912.0009765625,8929.0009765625,33.0,0.19075401859478536,0.005780424805902587,58375.0,,11675.0,,370352.0,0.0,11222.787878787878,0.0,1.04029409858729,,0.1576203179677712,,100.0,0.0,0.0,False,False,,,,,0.0,0.0,,,,,0.0,0.0,0.01850013234204893,13.365960720109166,
AG:5m:0:-1:11830:11846:5,AG,1h,1319.0,2025-07-08 11:00:00,15.0,-1.0,-1.0,CHoCH,-1.0,8766.0009765625,132.0,CHoCH,-1.0,8891.0009765625,9.0,10.0,1.0,1.0,1.0,current_internal_high,internal,0.0,13.0,8953.0009765625,8953.0009765625,8953.0009765625,0.05587840248449347,active_bull_internal_ob,internal,1.0,31.0,8820.0009765625,8845.0009765625,8832.5009765625,1.1510950911805655,8947.0009765625,8959.0009765625,8940.0009765625,8949.0009765625,35106.0,331200.0,0.0,0.0,0.0,0.0,0.0,0.0,,8953.0009765625,13.0,above,0.05587840248449347,8943.0009765625,False,,8840.0009765625,2.0,below,1.206973493665059,8891.0009765625,False,,9075.0009765625,101.0,above,1.4193114231061341,9020.0009765625,False,,8563.0009765625,56.0,below,4.302636991305997,8766.0009765625,False,,1.0,1.0,0.0003183961423268149,85.0,UP_CONFIRMED,0.013841753647414221,0.015800833778907668,0.00517833061644953,0.3525954341478287,0.0003183961423268149,0.027063672097779268,0.0016843936667723103,0.003948928248910244,0.007130358561995509,8826.822277113191,1.384175364741422,0.0335345369161022,0.14221218283213027,,21.0,1.0,1235.0,1319.0,2025-06-26 21:00:00,2025-07-08 10:00:00,8798.0009765625,8949.0009765625,85.0,1.7162989683935814,0.020191752569336252,20.0,-1.0,1187.0,1234.0,2025-06-20 10:00:00,2025-06-26 14:00:00,8681.0009765625,8796.0009765625,48.0,1.3247320246879912,0.027598583847666485,3038570.0,,35747.882352941175,,2279293.0,0.0,47485.270833333336,0.0,0.7528204372764609,,1.3331195243437328,,42.35294117647059,45.88235294117647,11.76470588235294,False,False,,,,,0.0,0.0,2025-07-07 23:00:00,8919.0009765625,2025-07-07 13:30:00,8881.0009765625,6.0,6.0,0.3277251497551995,28.83466044918754,3.0
AG:5m:0:-1:11830:11846:5,AG,4h,479.0,2025-07-08 02:30:00,525.0,1.0,-1.0,CHoCH,1.0,8375.0,99.0,CHoCH,-1.0,8878.0009765625,2.0,5.0,2.0,1.0,0.0,current_internal_high,internal,0.0,0.0,8953.0009765625,8953.0009765625,8953.0009765625,0.05587840248449347,current_internal_low,internal,0.0,4.0,8878.0009765625,8878.0009765625,8878.0009765625,0.7822976347829086,8920.0009765625,8944.0009765625,8914.0009765625,8916.0009765625,46242.0,316936.0,1.0,1.0,0.0,1.0,1.0,0.0,active_bear_internal_ob,8953.0009765625,0.0,above,0.05587840248449347,8966.0009765625,False,,8878.0009765625,4.0,below,0.7822976347829086,8664.0009765625,True,2.0,9075.0009765625,4.0,above,1.4193114231061341,8375.0,False,,7944.0,94.0,below,11.220394132636773,7535.0,False,,0.0,0.0,0.00030593282285318324,-38.0,NONE,0.028914463243138934,0.023421607987601362,0.007078621278863641,0.7811190485222335,0.00030593282285318324,0.011625447268420963,0.0021680484597124128,0.004657535385252043,0.007987432006702155,8665.444305699873,2.8914463243138933,-0.033636054171126695,-0.8105672989658969,,8.0,-1.0,442.0,479.0,2025-06-24 21:00:00,2025-07-08 00:00:00,8650.0009765625,8916.0009765625,38.0,3.0751441614947472,0.08092484635512492,7.0,1.0,352.0,441.0,2025-05-21 21:00:00,2025-06-24 13:30:00,8292.0,8739.0009765625,90.0,5.390749837946207,0.05989722042162452,3978111.0,,104687.13157894737,,15358026.0,0.0,170644.73333333334,0.0,0.6134800033614518,,0.2590248903081685,,34.21052631578947,52.63157894736842,13.157894736842104,False,False,2025-06-24 21:00:00,8650.0009765625,,,1.0,0.0,2025-07-02 21:00:00,8838.0009765625,2025-07-02 13:30:00,8747.0009765625,4.0,3.0,0.3022261017523149,52.75195819578275,
