candidate_id,symbol,context_tf,bar_index,bar_end,lag_minutes,swing_bias,internal_bias,last_swing_structure_type,last_swing_structure_bias,last_swing_structure_level,last_swing_structure_age,last_internal_structure_type,last_internal_structure_bias,last_internal_structure_level,last_internal_structure_age,active_bull_internal_ob_count,active_bear_internal_ob_count,active_bull_swing_ob_count,active_bear_swing_ob_count,nearest_above_type,nearest_above_structure_class,nearest_above_bias,nearest_above_age_bars,nearest_above_zone_low,nearest_above_zone_high,nearest_above_object_price_center,nearest_above_distance_pct,nearest_below_type,nearest_below_structure_class,nearest_below_bias,nearest_below_age_bars,nearest_below_zone_low,nearest_below_zone_high,nearest_below_object_price_center,nearest_below_distance_pct,open,high,low,close,volume,close_oi,overlap_object_count,overlap_active_ob_count,overlap_bull_ob_count,overlap_bear_ob_count,overlap_internal_count,overlap_swing_count,overlap_types,current_internal_high_level,current_internal_high_age,current_internal_high_relation,current_internal_high_distance_pct,current_internal_high_last_level,current_internal_high_crossed,current_internal_high_crossed_age,current_internal_low_level,current_internal_low_age,current_internal_low_relation,current_internal_low_distance_pct,current_internal_low_last_level,current_internal_low_crossed,current_internal_low_crossed_age,current_swing_high_level,current_swing_high_age,current_swing_high_relation,current_swing_high_distance_pct,current_swing_high_last_level,current_swing_high_crossed,current_swing_high_crossed_age,current_swing_low_level,current_swing_low_age,current_swing_low_relation,current_swing_low_distance_pct,current_swing_low_last_level,current_swing_low_crossed,current_swing_low_crossed_age,dsa_direction,dsa_raw_regime_value,dsa_raw_regime_strength,dsa_raw_dsa_dir_bars,dsa_raw_trend_transition,dsa_raw_offset_rate,dsa_raw_offset_mean,dsa_raw_offset_std,dsa_raw_offset_percentile,dsa_raw_vwap_ret_avg,dsa_raw_vwap_ret_total,dsa_raw_vwap_ret_5,dsa_raw_vwap_ret_10,dsa_raw_vwap_ret_20,dsa_raw_dsa_vwap,dsa_raw_dsa_vwap_dev_pct,dsa_raw_change_pct,dsa_raw_vol_zscore,dsa_raw_avg_amount_20d,dsa_raw_segment_id,dsa_raw_segment_direction,dsa_raw_segment_start_bar_index,dsa_raw_segment_end_bar_index,dsa_raw_segment_start_time,dsa_raw_segment_end_time,dsa_raw_segment_start_price,dsa_raw_segment_end_price,dsa_raw_segment_bars,dsa_raw_segment_change_pct,dsa_raw_segment_slope,dsa_raw_prev_segment_id,dsa_raw_prev_segment_direction,dsa_raw_prev_segment_start_bar_index,dsa_raw_prev_segment_end_bar_index,dsa_raw_prev_segment_start_time,dsa_raw_prev_segment_end_time,dsa_raw_prev_segment_start_price,dsa_raw_prev_segment_end_price,dsa_raw_prev_segment_bars,dsa_raw_prev_segment_change_pct,dsa_raw_prev_segment_slope,dsa_raw_current_segment_volume_sum,dsa_raw_current_segment_amount_sum,dsa_raw_current_segment_volume_mean,dsa_raw_current_segment_amount_mean,dsa_raw_prev_segment_volume_sum,dsa_raw_prev_segment_amount_sum,dsa_raw_prev_segment_volume_mean,dsa_raw_prev_segment_amount_mean,dsa_raw_current_vs_prev_volume_mean_ratio,dsa_raw_current_vs_prev_amount_mean_ratio,dsa_raw_current_vs_prev_volume_ratio,dsa_raw_current_vs_prev_amount_ratio,dsa_raw_rope_dir1_pct,dsa_raw_rope_dir0_pct,dsa_raw_rope_dir_neg1_pct,dsa_raw_touch_rope,dsa_raw_touch_vwap,dsa_raw_last_cross_up_date,dsa_raw_last_cross_up_price,dsa_raw_last_cross_down_date,dsa_raw_last_cross_down_price,dsa_raw_cross_up_count,dsa_raw_cross_down_count,dsa_raw_rope_cross_up_date,dsa_raw_rope_cross_up_price,dsa_raw_rope_cross_down_date,dsa_raw_rope_cross_down_price,dsa_raw_rope_cross_up_count,dsa_raw_rope_cross_down_count,dsa_raw_offset_variance_rate,atr14,component_15m_count
AG:5m:1:-1:6615:6625:1,AG,5m,6628.0,2025-04-08 01:40:00,0.0,-1.0,-1.0,CHoCH,-1.0,8387.0,145.0,BOS,-1.0,7644.0,3.0,1.0,9.0,0.0,1.0,active_bear_internal_ob,internal,-1.0,15.0,7665.0,7682.0,7673.5,0.13063357282821686,current_internal_low,internal,0.0,10.0,7644.0,7644.0,7644.0,0.14369693011103854,7650.0,7658.0,7646.0,7655.0,4151.0,372885.0,1.0,1.0,0.0,1.0,1.0,0.0,active_bear_internal_ob,7671.0,7.0,above,0.20901371652514697,7682.0,False,,7644.0,10.0,below,0.14369693011103854,7653.0,True,3.0,7815.0,42.0,above,2.0901371652514698,8461.0009765625,False,,7536.0,15.0,below,1.5545395166557805,7535.0,False,,-1.0,-1.0,-0.0006660503901566206,-147.0,DOWN_CONFIRMED,0.003827036796402952,0.0039684732657263334,0.016635241672475355,0.4966081461925004,-0.0006660503901566206,-0.09790940735302323,0.00020789002751686603,0.00043723867148282025,0.0009281625304842223,7625.815722626919,0.3827036796402952,0.07844162635639584,-0.8417523999470108,,92.0,-1.0,6482.0,6628.0,2025-04-03 02:25:00,2025-04-08 01:35:00,8396.0009765625,7655.0,147.0,-8.825641857724998,-0.06003837998452379,91.0,1.0,6458.0,6481.0,2025-04-03 00:25:00,2025-04-03 02:20:00,8438.0009765625,8405.0009765625,24.0,-0.39108789026762736,-0.01629532876115114,2411289.0,,16403.326530612245,,91618.0,0.0,3817.4166666666665,0.0,4.2969704286787955,,26.31894387565762,,19.727891156462583,37.41496598639456,42.857142857142854,True,False,2025-04-07 14:15:00,7569.0,2025-04-07 14:10:00,7559.0,3.0,2.0,2025-04-07 22:40:00,7696.0,2025-04-07 23:05:00,7682.0,7.0,7.0,4.191849247453775,14.59851798769762,
AG:5m:1:-1:6615:6625:1,AG,15m,2208.0,2025-04-08 01:30:00,10.0,-1.0,-1.0,CHoCH,-1.0,8340.0,38.0,BOS,-1.0,8315.0,38.0,0.0,5.0,0.0,1.0,current_internal_high,internal,0.0,7.0,7745.0,7745.0,7745.0,1.1757021554539515,current_internal_low,internal,0.0,16.0,7536.0,7536.0,7536.0,1.5545395166557805,7662.0,7668.0,7637.0,7642.0,21441.0,373801.0,0.0,0.0,0.0,0.0,0.0,0.0,,7745.0,7.0,above,1.1757021554539515,7815.0,False,,7536.0,16.0,below,1.5545395166557805,7535.0,False,,8482.0009765625,65.0,above,10.80340923007838,8544.0009765625,False,,8340.0,90.0,above,8.948399738732855,8143.0,True,38.0,0.0,0.0,-0.0021583054390780787,-48.0,NONE,0.009715668714590937,0.005512151553760521,0.01950007062099796,0.585336268774529,-0.0021583054390780787,-0.10359866107574778,0.0002582051998909485,0.0007600471481523652,0.0023529431201403384,7568.467279237705,0.9715668714590937,-0.2610284521012751,-0.8641379780263329,,32.0,-1.0,2161.0,2208.0,2025-04-03 09:00:00,2025-04-08 01:15:00,8374.0,7642.0,48.0,-8.741342249820871,-0.18211129687126815,31.0,1.0,2153.0,2160.0,2025-04-03 00:30:00,2025-04-03 02:15:00,8441.0009765625,8396.0009765625,8.0,-0.5331121288215446,-0.06663901610269307,2394914.0,,49894.041666666664,,88403.0,0.0,11050.375,0.0,4.515144659494964,,27.090867956969785,,14.583333333333334,60.416666666666664,25.0,True,False,2025-04-07 09:15:00,7717.0,2025-04-03 09:45:00,8426.0009765625,2.0,1.0,2025-04-07 23:30:00,7673.0,2025-04-08 00:00:00,7660.0,5.0,5.0,3.537651392711535,40.345957073233784,
AG:5m:1:-1:6615:6625:1,AG,1h,656.0,2025-04-08 01:00:00,40.0,-1.0,-1.0,CHoCH,-1.0,8143.0,8.0,BOS,-1.0,8387.0,12.0,0.0,2.0,0.0,1.0,current_swing_low,swing,0.0,56.0,8143.0,8143.0,8143.0,6.374918354016983,,,,,,,,,7678.0,7678.0,7644.0,7654.0,69087.0,373357.0,0.0,0.0,0.0,0.0,0.0,0.0,,8461.0009765625,11.0,above,10.529078727139126,8443.0009765625,False,,8387.0,14.0,above,9.562377531025474,8359.0,True,12.0,8544.0009765625,7.0,above,11.613337381613324,8442.0009765625,False,,8143.0,56.0,above,6.374918354016983,7804.0,True,8.0,0.0,0.0,-0.007709637630324641,-14.0,NONE,0.013704005030868166,0.006374766703931489,0.015042627850686274,0.6869527679791186,-0.007709637630324641,-0.10793492682454497,0.0009791694065861556,-0.10648949472404223,,7550.527532706087,1.3704005030868165,-0.29959619643089574,-0.5885361290694103,,12.0,-1.0,643.0,656.0,2025-04-03 09:00:00,2025-04-08 00:00:00,8426.0009765625,7654.0,14.0,-9.162127784103912,-0.6544376988645652,11.0,1.0,593.0,642.0,2025-03-27 21:00:00,2025-04-03 02:00:00,8402.0009765625,8396.0009765625,50.0,-0.07141156037397955,-0.001428231207479591,2353700.0,,168121.42857142858,,3799871.0,0.0,75997.42,0.0,2.2121991584902303,,0.6194157643772644,,0.0,7.142857142857142,92.85714285714286,True,False,2025-04-07 09:00:00,7739.0,,,1.0,0.0,,,,,0.0,0.0,2.3597142529794985,82.22608131489538,4.0
AG:5m:1:-1:6615:6625:1,AG,4h,238.0,2025-04-08 00:00:00,100.0,-1.0,-1.0,CHoCH,-1.0,7804.0,2.0,CHoCH,-1.0,8340.0,3.0,0.0,1.0,0.0,1.0,current_swing_low,swing,0.0,48.0,7804.0,7804.0,7804.0,1.946440235140431,,,,,,,,,7650.0,7745.0,7617.0,7677.0,625504.0,371969.0,0.0,0.0,0.0,0.0,0.0,0.0,,8482.0009765625,7.0,above,10.80340923007838,8544.0009765625,False,,8340.0,9.0,above,8.948399738732855,8143.0,True,3.0,8285.0,88.0,above,8.22991508817766,,True,62.0,7804.0,48.0,above,1.946440235140431,7505.0,True,2.0,0.0,0.0,0.00022649658848032198,-3.0,NONE,0.01748046644101997,0.015996489977812337,0.004351321935572831,0.6334634064136393,0.00022649658848032198,0.000679489765440966,,,,7545.107992935617,1.748046644101997,0.7877116975187004,1.984581947541415,,4.0,-1.0,236.0,238.0,2025-04-07 09:00:00,2025-04-07 21:00:00,7694.0,7677.0,3.0,-0.22095139069404635,-0.07365046356468212,3.0,1.0,170.0,235.0,2025-03-12 09:00:00,2025-04-03 13:30:00,8096.0,8286.0,66.0,2.3468379446640375,0.035558150676727844,1630408.0,,543469.3333333334,,10005242.0,0.0,151594.57575757575,0.0,3.5850183333896375,,0.16295537879043806,,0.0,0.0,100.0,True,False,2025-04-07 09:00:00,7694.0,,,1.0,0.0,,,,,0.0,0.0,0.27201729514463857,118.37916623598974,
AG:5m:1:1:6625:6637:1,AG,5m,6638.0,2025-04-08 02:30:00,0.0,-1.0,1.0,CHoCH,-1.0,8387.0,155.0,CHoCH,1.0,7671.0,1.0,2.0,8.0,0.0,1.0,current_internal_high,internal,0.0,17.0,7671.0,7671.0,7671.0,0.03912363067292645,active_bull_internal_ob,internal,1.0,1.0,7637.0,7663.0,7650.0,0.06520605112154408,7672.0,7673.0,7661.0,7668.0,4493.0,369501.0,1.0,1.0,0.0,1.0,1.0,0.0,active_bear_internal_ob,7671.0,17.0,above,0.03912363067292645,7682.0,True,1.0,7637.0,8.0,below,0.4042775169535733,7644.0,False,,7745.0,0.0,above,1.004173187271779,7815.0,False,,7536.0,25.0,below,1.7214397496087637,7535.0,False,,-1.0,-1.0,-0.0006214273359862572,-157.0,DOWN_CONFIRMED,0.005147007391953611,0.004044760300774641,0.016099641079123712,0.5272918929332521,-0.0006214273359862572,-0.09756409174984237,0.00019079641174757356,0.0003827948168351192,0.0008202008610149747,7628.73484535968,0.5147007391953612,-0.0651635605369516,0.05866717838641682,,92.0,-1.0,6482.0,6638.0,2025-04-03 02:25:00,2025-04-08 02:25:00,8396.0009765625,7668.0,157.0,-8.670806239717221,-0.055228065221128796,91.0,1.0,6458.0,6481.0,2025-04-03 00:25:00,2025-04-03 02:20:00,8438.0009765625,8405.0009765625,24.0,-0.39108789026762736,-0.01629532876115114,2440807.0,,15546.541401273886,,91618.0,0.0,3817.4166666666665,0.0,4.072529346095454,,26.641129472374423,,18.471337579617835,40.12738853503185,41.40127388535032,True,False,2025-04-07 14:15:00,7569.0,2025-04-07 14:10:00,7559.0,3.0,2.0,2025-04-08 02:10:00,7666.0,2025-04-08 02:05:00,7664.0,9.0,8.0,3.980369634274831,11.290789641969537,
AG:5m:1:1:6625:6637:1,AG,15m,2212.0,2025-04-08 02:30:00,0.0,-1.0,-1.0,CHoCH,-1.0,8340.0,42.0,BOS,-1.0,8315.0,42.0,0.0,5.0,0.0,1.0,current_internal_high,internal,0.0,11.0,7745.0,7745.0,7745.0,1.004173187271779,current_internal_low,internal,0.0,20.0,7536.0,7536.0,7536.0,1.7214397496087637,7666.0,7676.0,7661.0,7668.0,9191.0,369501.0,0.0,0.0,0.0,0.0,0.0,0.0,,7745.0,11.0,above,1.004173187271779,7815.0,False,,7536.0,20.0,below,1.7214397496087637,7535.0,False,,8482.0009765625,69.0,above,10.615557858144236,8544.0009765625,False,,8340.0,94.0,above,8.763693270735525,8143.0,True,42.0,-1.0,-1.0,-0.0019898881212116215,-52.0,DOWN_CONFIRMED,0.013010302898542773,0.006067234165317191,0.018833697650037843,0.6438062055239225,-0.0019898881212116215,-0.10347418230300431,0.00020099857187716452,0.00046869556024820014,0.002070917195272637,7569.518274453308,1.3010302898542774,0.02608922515001666,-1.0182329813330697,,32.0,-1.0,2161.0,2212.0,2025-04-03 09:00:00,2025-04-08 02:15:00,8374.0,7668.0,52.0,-8.430857415810845,-0.1621318733809778,31.0,1.0,2153.0,2160.0,2025-04-03 00:30:00,2025-04-03 02:15:00,8441.0009765625,8396.0009765625,8.0,-0.5331121288215446,-0.06663901610269307,2433272.0,,46793.692307692305,,88403.0,0.0,11050.375,0.0,4.234579578312257,,27.52476725902967,,13.461538461538462,63.46153846153846,23.076923076923077,True,False,2025-04-07 09:15:00,7717.0,2025-04-03 09:45:00,8426.0009765625,2.0,1.0,2025-04-08 02:15:00,7668.0,2025-04-08 02:00:00,7666.0,7.0,6.0,3.104165281389503,34.013741148704455,
AG:5m:1:1:6625:6637:1,AG,1h,658.0,2025-04-08 02:30:00,0.0,-1.0,-1.0,CHoCH,-1.0,8143.0,10.0,BOS,-1.0,8387.0,14.0,0.0,2.0,0.0,1.0,current_swing_low,swing,0.0,58.0,8143.0,8143.0,8143.0,6.194574856546688,current_internal_low,internal,0.0,1.0,7536.0,7536.0,7536.0,1.7214397496087637,7668.0,7676.0,7661.0,7668.0,15246.0,369501.0,0.0,0.0,0.0,0.0,0.0,0.0,,8461.0009765625,13.0,above,10.34169244343375,8443.0009765625,False,,7536.0,1.0,below,1.7214397496087637,8387.0,False,,8544.0009765625,9.0,above,11.424112892051383,8442.0009765625,False,,8143.0,58.0,above,6.194574856546688,7804.0,True,10.0,0.0,0.0,-0.006740858855420737,-16.0,NONE,0.015465764512981742,0.007504080002449472,0.014384832625582007,0.7100318370931928,-0.006740858855420737,-0.10785374168673179,0.0007170240241953785,0.0014215360303009295,,7551.214691789811,1.5465764512981741,0.013042911177785221,-0.9647374262019539,,12.0,-1.0,643.0,658.0,2025-04-03 09:00:00,2025-04-08 02:00:00,8426.0009765625,7668.0,16.0,-8.995975417887225,-0.5622484636179516,11.0,1.0,593.0,642.0,2025-03-27 21:00:00,2025-04-03 02:00:00,8402.0009765625,8396.0009765625,50.0,-0.07141156037397955,-0.001428231207479591,2433272.0,,152079.5,,3799871.0,0.0,75997.42,0.0,2.0011139851852864,,0.6403564752592917,,0.0,6.25,93.75,True,False,2025-04-07 09:00:00,7739.0,,,1.0,0.0,,,,,0.0,0.0,1.9169348702154732,74.22554970519042,2.0
AG:5m:1:1:6625:6637:1,AG,4h,239.0,2025-04-08 02:30:00,0.0,-1.0,-1.0,CHoCH,-1.0,7804.0,3.0,CHoCH,-1.0,8340.0,4.0,0.0,1.0,0.0,1.0,current_swing_low,swing,0.0,49.0,7804.0,7804.0,7804.0,1.7736045905059992,,,,,,,,,7678.0,7678.0,7637.0,7668.0,148659.0,369501.0,0.0,0.0,0.0,0.0,0.0,0.0,,8482.0009765625,8.0,above,10.615557858144236,8544.0009765625,False,,8340.0,10.0,above,8.763693270735525,8143.0,True,4.0,8285.0,89.0,above,8.04642670839854,,True,63.0,7804.0,49.0,above,1.7736045905059992,7505.0,True,3.0,0.0,0.0,0.00019788697677519673,-4.0,NONE,0.016173847340204033,0.01604082931841026,0.003769137815419057,0.5140762959736439,0.00019788697677519673,0.0007915479071007869,,,,7545.952909603701,1.6173847340204033,-0.11723329425556983,-0.5977630939098997,,4.0,-1.0,236.0,239.0,2025-04-07 09:00:00,2025-04-08 00:00:00,7694.0,7668.0,4.0,-0.3379256563555977,-0.08448141408889942,3.0,1.0,170.0,235.0,2025-03-12 09:00:00,2025-04-03 13:30:00,8096.0,8286.0,66.0,2.3468379446640375,0.035558150676727844,1779067.0,,444766.75,,10005242.0,0.0,151594.57575757575,0.0,2.9339225877794863,,0.1778134901684537,,0.0,0.0,100.0,True,False,2025-04-07 09:00:00,7694.0,,,1.0,0.0,,,,,0.0,0.0,0.23497150556256904,112.85208293341906,
AG:5m:1:1:6625:6637:2,AG,5m,6644.0,2025-04-08 09:30:00,0.0,-1.0,1.0,CHoCH,-1.0,8387.0,161.0,CHoCH,1.0,7671.0,7.0,2.0,7.0,0.0,1.0,current_internal_high,internal,0.0,23.0,7671.0,7671.0,7671.0,0.03912363067292645,active_bull_internal_ob,internal,1.0,7.0,7637.0,7663.0,7650.0,0.06520605112154408,7666.0,7674.0,7662.0,7668.0,6482.0,363673.0,0.0,0.0,0.0,0.0,0.0,0.0,,7671.0,23.0,above,0.03912363067292645,7682.0,True,7.0,7637.0,14.0,below,0.4042775169535733,7644.0,False,,7745.0,6.0,above,1.004173187271779,7815.0,False,,7536.0,31.0,below,1.7214397496087637,7535.0,False,,-1.0,-1.0,-0.0005929287888542138,-163.0,DOWN_CONFIRMED,0.004127009866704741,0.004081733791220254,0.015802752462028568,0.5011429981032297,-0.0005929287888542138,-0.09664739258323685,0.0006841902379355336,0.001176578502918968,0.0015536817673900138,7636.484154547249,0.4127009866704741,0.02608922515001666,0.13640045222779124,,92.0,-1.0,6482.0,6644.0,2025-04-03 02:25:00,2025-04-08 09:25:00,8396.0009765625,7668.0,163.0,-8.670806239717221,-0.053195130305013626,91.0,1.0,6458.0,6481.0,2025-04-03 00:25:00,2025-04-03 02:20:00,8438.0009765625,8405.0009765625,24.0,-0.39108789026762736,-0.01629532876115114,2504030.0,,15362.147239263804,,91618.0,0.0,3817.4166666666665,0.0,4.024225957151775,,27.33120129232247,,17.791411042944784,42.331288343558285,39.87730061349693,True,False,2025-04-07 14:15:00,7569.0,2025-04-07 14:10:00,7559.0,3.0,2.0,2025-04-08 02:10:00,7666.0,2025-04-08 02:05:00,7664.0,9.0,8.0,3.8715784199400862,12.46398729761905,
AG:5m:1:1:6625:6637:2,AG,15m,2214.0,2025-04-08 09:30:00,0.0,-1.0,-1.0,CHoCH,-1.0,8340.0,44.0,BOS,-1.0,8315.0,44.0,0.0,5.0,0.0,1.0,current_internal_high,internal,0.0,13.0,7745.0,7745.0,7745.0,1.004173187271779,current_internal_low,internal,0.0,1.0,7637.0,7637.0,7637.0,0.4042775169535733,7678.0,7680.0,7662.0,7668.0,22097.0,363673.0,0.0,0.0,0.0,0.0,0.0,0.0,,7745.0,13.0,above,1.004173187271779,7815.0,False,,7637.0,1.0,below,0.4042775169535733,7536.0,False,,8482.0009765625,71.0,above,10.615557858144236,8544.0009765625,False,,8340.0,96.0,above,8.763693270735525,8143.0,True,44.0,-1.0,-1.0,-0.0019115626718744598,-54.0,DOWN_CONFIRMED,0.012728127552475287,0.006337699694095589,0.018533429775160114,0.6348796875871152,-0.0019115626718744598,-0.10322438428122083,0.0003719582474086547,0.0006296387526130154,0.0020761047846649117,7571.627361167251,1.2728127552475286,-0.11723329425556983,-0.36551890584316193,,32.0,-1.0,2161.0,2214.0,2025-04-03 09:00:00,2025-04-08 09:15:00,8374.0,7668.0,54.0,-8.430857415810845,-0.1561269891816823,31.0,1.0,2153.0,2160.0,2025-04-03 00:30:00,2025-04-03 02:15:00,8441.0009765625,8396.0009765625,8.0,-0.5331121288215446,-0.06663901610269307,2496495.0,,46231.38888888889,,88403.0,0.0,11050.375,0.0,4.183694117972367,,28.239935296313472,,12.962962962962962,64.81481481481481,22.22222222222222,True,False,2025-04-07 09:15:00,7717.0,2025-04-03 09:45:00,8426.0009765625,2.0,1.0,2025-04-08 02:15:00,7668.0,2025-04-08 02:00:00,7666.0,7.0,6.0,2.924314920195173,32.40470537821966,
AG:5m:1:1:6625:6637:2,AG,1h,658.0,2025-04-08 02:30:00,420.0,-1.0,-1.0,CHoCH,-1.0,8143.0,10.0,BOS,-1.0,8387.0,14.0,0.0,2.0,0.0,1.0,current_swing_low,swing,0.0,58.0,8143.0,8143.0,8143.0,6.194574856546688,current_internal_low,internal,0.0,1.0,7536.0,7536.0,7536.0,1.7214397496087637,7668.0,7676.0,7661.0,7668.0,15246.0,369501.0,0.0,0.0,0.0,0.0,0.0,0.0,,8461.0009765625,13.0,above,10.34169244343375,8443.0009765625,False,,7536.0,1.0,below,1.7214397496087637,8387.0,False,,8544.0009765625,9.0,above,11.424112892051383,8442.0009765625,False,,8143.0,58.0,above,6.194574856546688,7804.0,True,10.0,0.0,0.0,-0.006740858855420737,-16.0,NONE,0.015465764512981742,0.007504080002449472,0.014384832625582007,0.7100318370931928,-0.006740858855420737,-0.10785374168673179,0.0007170240241953785,0.0014215360303009295,,7551.214691789811,1.5465764512981741,0.013042911177785221,-0.9647374262019539,,12.0,-1.0,643.0,658.0,2025-04-03 09:00:00,2025-04-08 02:00:00,8426.0009765625,7668.0,16.0,-8.995975417887225,-0.5622484636179516,11.0,1.0,593.0,642.0,2025-03-27 21:00:00,2025-04-03 02:00:00,8402.0009765625,8396.0009765625,50.0,-0.07141156037397955,-0.001428231207479591,2433272.0,,152079.5,,3799871.0,0.0,75997.42,0.0,2.0011139851852864,,0.6403564752592917,,0.0,6.25,93.75,True,False,2025-04-07 09:00:00,7739.0,,,1.0,0.0,,,,,0.0,0.0,1.9169348702154732,74.22554970519042,2.0
AG:5m:1:1:6625:6637:2,AG,4h,239.0,2025-04-08 02:30:00,420.0,-1.0,-1.0,CHoCH,-1.0,7804.0,3.0,CHoCH,-1.0,8340.0,4.0,0.0,1.0,0.0,1.0,current_swing_low,swing,0.0,49.0,7804.0,7804.0,7804.0,1.7736045905059992,,,,,,,,,7678.0,7678.0,7637.0,7668.0,148659.0,369501.0,0.0,0.0,0.0,0.0,0.0,0.0,,8482.0009765625,8.0,above,10.615557858144236,8544.0009765625,False,,8340.0,10.0,above,8.763693270735525,8143.0,True,4.0,8285.0,89.0,above,8.04642670839854,,True,63.0,7804.0,49.0,above,1.7736045905059992,7505.0,True,3.0,0.0,0.0,0.00019788697677519673,-4.0,NONE,0.016173847340204033,0.01604082931841026,0.003769137815419057,0.5140762959736439,0.00019788697677519673,0.0007915479071007869,,,,7545.952909603701,1.6173847340204033,-0.11723329425556983,-0.5977630939098997,,4.0,-1.0,236.0,239.0,2025-04-07 09:00:00,2025-04-08 00:00:00,7694.0,7668.0,4.0,-0.3379256563555977,-0.08448141408889942,3.0,1.0,170.0,235.0,2025-03-12 09:00:00,2025-04-03 13:30:00,8096.0,8286.0,66.0,2.3468379446640375,0.035558150676727844,1779067.0,,444766.75,,10005242.0,0.0,151594.57575757575,0.0,2.9339225877794863,,0.1778134901684537,,0.0,0.0,100.0,True,False,2025-04-07 09:00:00,7694.0,,,1.0,0.0,,,,,0.0,0.0,0.23497150556256904,112.85208293341906,
AG:5m:1:1:6625:6637:3,AG,5m,6662.0,2025-04-08 11:15:00,0.0,-1.0,1.0,CHoCH,-1.0,8387.0,179.0,CHoCH,1.0,7671.0,25.0,2.0,7.0,0.0,1.0,active_bear_internal_ob,internal,-1.0,63.0,7683.0,7714.0,7698.5,0.274079874706343,active_bull_internal_ob,internal,1.0,75.0,7617.0,7640.0,7628.5,0.28713129731140696,7668.0,7668.0,7660.0,7662.0,6319.0,352453.0,2.0,1.0,1.0,0.0,2.0,0.0,active_bull_internal_ob|current_internal_low,7695.0,2.0,above,0.4306969459671104,7692.0,False,,7662.0,13.0,overlap,0.0,7637.0,False,,7745.0,24.0,above,1.0832680762203082,7815.0,False,,7536.0,49.0,below,1.644479248238058,7535.0,False,,0.0,0.0,6.125906669793291e-05,8.0,NONE,0.0019258451048968811,0.004023955867532582,0.001419967124281523,0.0697605172495972,6.125906669793291e-05,0.0004900725335834633,0.00030008410307558187,,,7647.272537617617,0.1925845104896881,-0.07824726134585402,0.9488386346982252,,93.0,1.0,6655.0,6662.0,2025-04-08 10:35:00,2025-04-08 11:10:00,7692.0,7662.0,8.0,-0.3900156006240274,-0.048751950078003425,92.0,-1.0,6482.0,6654.0,2025-04-03 02:25:00,2025-04-08 10:30:00,8396.0009765625,7685.0,173.0,-8.468328893091659,-0.04894987799474947,41134.0,,5141.75,,2550651.0,0.0,14743.64739884393,0.0,0.34874341883699495,,0.016126863298820574,,50.0,50.0,0.0,True,False,,,,,0.0,0.0,,,2025-04-08 10:55:00,7674.0,0.0,1.0,0.352878403995077,9.575345183308045,
AG:5m:1:1:6625:6637:3,AG,15m,2220.0,2025-04-08 11:15:00,0.0,-1.0,-1.0,CHoCH,-1.0,8340.0,50.0,BOS,-1.0,8315.0,50.0,0.0,5.0,0.0,1.0,current_internal_high,internal,0.0,19.0,7745.0,7745.0,7745.0,1.0832680762203082,current_internal_low,internal,0.0,7.0,7637.0,7637.0,7637.0,0.3262855651265988,7674.0,7674.0,7660.0,7662.0,15547.0,352453.0,0.0,0.0,0.0,0.0,0.0,0.0,,7745.0,19.0,above,1.0832680762203082,7815.0,False,,7637.0,7.0,below,0.3262855651265988,7536.0,False,,8482.0009765625,77.0,above,10.702179281682328,8544.0009765625,False,,8340.0,102.0,above,8.84886452623336,8143.0,True,50.0,-1.0,-1.0,-0.001713976707032283,-60.0,DOWN_CONFIRMED,0.011500560405889418,0.00705962080129555,0.017718213115402514,0.5989547917755138,-0.001713976707032283,-0.10283860242193699,0.0003558252581477017,0.000769079892003699,0.001309094711824832,7574.884582293691,1.1500560405889417,-0.15637216575449253,-0.20588001158697672,,32.0,-1.0,2161.0,2220.0,2025-04-03 09:00:00,2025-04-08 11:00:00,8374.0,7662.0,60.0,-8.502507762120848,-0.14170846270201412,31.0,1.0,2153.0,2160.0,2025-04-03 00:30:00,2025-04-03 02:15:00,8441.0009765625,8396.0009765625,8.0,-0.5331121288215446,-0.06663901610269307,2584250.0,,43070.833333333336,,88403.0,0.0,11050.375,0.0,3.897680697110581,,29.232605228329355,,11.666666666666666,68.33333333333333,20.0,True,False,2025-04-07 09:15:00,7717.0,2025-04-03 09:45:00,8426.0009765625,2.0,1.0,2025-04-08 02:15:00,7668.0,2025-04-08 11:00:00,7662.0,7.0,7.0,2.509796717714774,25.895120570768118,
AG:5m:1:1:6625:6637:3,AG,1h,660.0,2025-04-08 11:00:00,15.0,-1.0,-1.0,CHoCH,-1.0,8143.0,12.0,BOS,-1.0,8387.0,16.0,0.0,2.0,0.0,1.0,current_internal_high,internal,0.0,1.0,7745.0,7745.0,7745.0,1.0832680762203082,current_internal_low,internal,0.0,3.0,7536.0,7536.0,7536.0,1.644479248238058,7682.0,7695.0,7671.0,7674.0,43379.0,354230.0,0.0,0.0,0.0,0.0,0.0,0.0,,7745.0,1.0,above,1.0832680762203082,8461.0009765625,False,,7536.0,3.0,below,1.644479248238058,8387.0,False,,8544.0009765625,11.0,above,11.511367483196294,8442.0009765625,False,,8143.0,60.0,above,6.277734273035761,7804.0,True,12.0,0.0,0.0,-0.00598235553498032,-18.0,NONE,0.016065197228674385,0.008517717117498852,0.013863139876989835,0.7069264740404737,-0.00598235553498032,-0.10768239962964576,0.00035865741945717566,0.001339298000867739,,7552.664948008153,1.6065197228674384,-0.10413954699296513,-0.7360786021792295,,12.0,-1.0,643.0,660.0,2025-04-03 09:00:00,2025-04-08 10:00:00,8426.0009765625,7674.0,18.0,-8.924767260937216,-0.4958204033854009,11.0,1.0,593.0,642.0,2025-03-27 21:00:00,2025-04-03 02:00:00,8402.0009765625,8396.0009765625,50.0,-0.07141156037397955,-0.001428231207479591,2568703.0,,142705.72222222222,,3799871.0,0.0,75997.42,0.0,1.8777706167159651,,0.6759974220177475,,0.0,5.555555555555555,94.44444444444444,True,False,2025-04-07 09:00:00,7739.0,,,1.0,0.0,,,,,0.0,0.0,1.6275651897982515,67.70468316416928,3.0
AG:5m:1:1:6625:6637:3,AG,4h,239.0,2025-04-08 02:30:00,525.0,-1.0,-1.0,CHoCH,-1.0,7804.0,3.0,CHoCH,-1.0,8340.0,4.0,0.0,1.0,0.0,1.0,current_swing_low,swing,0.0,49.0,7804.0,7804.0,7804.0,1.8533020099190813,,,,,,,,,7678.0,7678.0,7637.0,7668.0,148659.0,369501.0,0.0,0.0,0.0,0.0,0.0,0.0,,8482.0009765625,8.0,above,10.702179281682328,8544.0009765625,False,,8340.0,10.0,above,8.84886452623336,8143.0,True,4.0,8285.0,89.0,above,8.131036282954843,,True,63.0,7804.0,49.0,above,1.8533020099190813,7505.0,True,3.0,0.0,0.0,0.00019788697677519673,-4.0,NONE,0.016173847340204033,0.01604082931841026,0.003769137815419057,0.5140762959736439,0.00019788697677519673,0.0007915479071007869,,,,7545.952909603701,1.6173847340204033,-0.11723329425556983,-0.5977630939098997,,4.0,-1.0,236.0,239.0,2025-04-07 09:00:00,2025-04-08 00:00:00,7694.0,7668.0,4.0,-0.3379256563555977,-0.08448141408889942,3.0,1.0,170.0,235.0,2025-03-12 09:00:00,2025-04-03 13:30:00,8096.0,8286.0,66.0,2.3468379446640375,0.035558150676727844,1779067.0,,444766.75,,10005242.0,0.0,151594.57575757575,0.0,2.9339225877794863,,0.1778134901684537,,0.0,0.0,100.0,True,False,2025-04-07 09:00:00,7694.0,,,1.0,0.0,,,,,0.0,0.0,0.23497150556256904,112.85208293341906,
AG:5m:1:1:6625:6637:4,AG,5m,6673.0,2025-04-08 14:10:00,0.0,-1.0,-1.0,CHoCH,-1.0,8387.0,190.0,CHoCH,-1.0,7662.0,8.0,2.0,8.0,0.0,1.0,active_bear_internal_ob,internal,-1.0,74.0,7683.0,7714.0,7698.5,0.2479123173277662,active_bull_internal_ob,internal,1.0,36.0,7637.0,7663.0,7650.0,0.013048016701461376,7668.0,7670.0,7662.0,7664.0,3353.0,351724.0,0.0,0.0,0.0,0.0,0.0,0.0,,7695.0,13.0,above,0.4044885177453027,7692.0,False,,7648.0,2.0,below,0.20876826722338201,7662.0,False,,7745.0,35.0,above,1.0568893528183716,7815.0,False,,7536.0,60.0,below,1.6701461377870561,7535.0,False,,0.0,0.0,4.974929571977567e-05,19.0,NONE,0.0017316473288311103,0.002909921850085461,0.001394677195887253,0.1991010020568117,4.974929571977567e-05,0.0009452366186757377,0.00019358607668795713,0.00041309890681318073,,7650.751596434484,0.17316473288311104,-0.0651975485721712,-0.7449272421180478,,93.0,1.0,6655.0,6673.0,2025-04-08 10:35:00,2025-04-08 14:05:00,7692.0,7664.0,19.0,-0.3640145605824263,-0.019158661083285594,92.0,-1.0,6482.0,6654.0,2025-04-03 02:25:00,2025-04-08 10:30:00,8396.0009765625,7685.0,173.0,-8.468328893091659,-0.04894987799474947,90360.0,,4755.789473684211,,2550651.0,0.0,14743.64739884393,0.0,0.3225653289875285,,0.03542625000441064,,21.052631578947366,31.57894736842105,47.368421052631575,True,False,,,,,0.0,0.0,,,2025-04-08 10:55:00,7674.0,0.0,1.0,0.479283385513014,10.433554903262939,
AG:5m:1:1:6625:6637:4,AG,15m,2223.0,2025-04-08 14:00:00,10.0,-1.0,-1.0,CHoCH,-1.0,8340.0,53.0,BOS,-1.0,8315.0,53.0,0.0,5.0,0.0,1.0,current_internal_high,internal,0.0,0.0,7695.0,7695.0,7695.0,0.4044885177453027,current_internal_low,internal,0.0,10.0,7637.0,7637.0,7637.0,0.3522964509394572,7657.0,7675.0,7655.0,7669.0,11605.0,352095.0,0.0,0.0,0.0,0.0,0.0,0.0,,7695.0,0.0,above,0.4044885177453027,7745.0,False,,7637.0,10.0,below,0.3522964509394572,7536.0,False,,8482.0009765625,80.0,above,10.673290403999216,8544.0009765625,False,,8340.0,105.0,above,8.820459290187891,8143.0,True,53.0,-1.0,-1.0,-0.001629569309635135,-63.0,DOWN_CONFIRMED,0.012226392057033898,0.0072586180136976885,0.017314764726966587,0.6129092704500902,-0.001629569309635135,-0.1026628665070135,0.0003361654691329541,0.000719614267790103,0.0013024207260317056,7576.36835018217,1.2226392057033897,0.156719341778766,-0.5949582044526129,,32.0,-1.0,2161.0,2223.0,2025-04-03 09:00:00,2025-04-08 13:45:00,8374.0,7669.0,63.0,-8.418915691425843,-0.1336335824035848,31.0,1.0,2153.0,2160.0,2025-04-03 00:30:00,2025-04-03 02:15:00,8441.0009765625,8396.0009765625,8.0,-0.5331121288215446,-0.06663901610269307,2626154.0,,41684.98412698413,,88403.0,0.0,11050.375,0.0,3.7722687354034705,,29.706616291302332,,11.11111111111111,69.84126984126983,19.047619047619047,True,False,2025-04-07 09:15:00,7717.0,2025-04-03 09:45:00,8426.0009765625,2.0,1.0,2025-04-08 13:45:00,7669.0,2025-04-08 11:00:00,7662.0,8.0,7.0,2.385407896419403,24.937893547367914,
AG:5m:1:1:6625:6637:4,AG,1h,662.0,2025-04-08 14:00:00,10.0,-1.0,-1.0,CHoCH,-1.0,8143.0,14.0,BOS,-1.0,8387.0,18.0,0.0,2.0,0.0,1.0,current_internal_high,internal,0.0,3.0,7745.0,7745.0,7745.0,1.0568893528183716,current_internal_low,internal,0.0,0.0,7637.0,7637.0,7637.0,0.3522964509394572,7654.0,7675.0,7648.0,7669.0,30392.0,352095.0,0.0,0.0,0.0,0.0,0.0,0.0,,7745.0,3.0,above,1.0568893528183716,8461.0009765625,False,,7637.0,0.0,below,0.3522964509394572,7536.0,False,,8544.0009765625,13.0,above,11.482267439489823,8442.0009765625,False,,8143.0,62.0,above,6.25,7804.0,True,14.0,0.0,0.0,-0.0053807502753071,-20.0,NONE,0.01532649462423875,0.009121229177665153,0.013278022378564515,0.6798693747644924,-0.0053807502753071,-0.107615005506142,0.0002867552175389587,0.0012551057200134164,,7553.235378574665,1.5326494624238751,0.156719341778766,-0.8514310482044769,,12.0,-1.0,643.0,662.0,2025-04-03 09:00:00,2025-04-08 13:30:00,8426.0009765625,7669.0,20.0,-8.984107391728891,-0.4492053695864445,11.0,1.0,593.0,642.0,2025-03-27 21:00:00,2025-04-03 02:00:00,8402.0009765625,8396.0009765625,50.0,-0.07141156037397955,-0.001428231207479591,2626154.0,,131307.7,,3799871.0,0.0,75997.42,0.0,1.7277915487131013,,0.6911166194852404,,0.0,5.0,95.0,True,False,2025-04-07 09:00:00,7739.0,,,1.0,0.0,,,,,0.0,0.0,1.4557273060387477,61.56679313645209,2.0
AG:5m:1:1:6625:6637:4,AG,4h,240.0,2025-04-08 11:30:00,160.0,-1.0,-1.0,CHoCH,-1.0,7804.0,4.0,CHoCH,-1.0,8340.0,5.0,0.0,1.0,0.0,1.0,current_swing_low,swing,0.0,50.0,7804.0,7804.0,7804.0,1.826722338204593,,,,,,,,,7685.0,7695.0,7655.0,7657.0,162490.0,352723.0,0.0,0.0,0.0,0.0,0.0,0.0,,8482.0009765625,9.0,above,10.673290403999216,8544.0009765625,False,,8340.0,11.0,above,8.820459290187891,8143.0,True,5.0,8285.0,90.0,above,8.102818371607516,,True,64.0,7804.0,50.0,above,1.826722338204593,7505.0,True,4.0,0.0,0.0,0.00018501565437505362,-5.0,NONE,0.014580742111166252,0.015748811876961456,0.003421434880534594,0.36640212881775736,0.00018501565437505362,0.0009250782718752681,,,,7546.95972650448,1.4580742111166252,-0.1434533124674009,-0.4656980602450667,,4.0,-1.0,236.0,240.0,2025-04-07 09:00:00,2025-04-08 09:00:00,7694.0,7657.0,5.0,-0.48089420327528387,-0.09617884065505677,3.0,1.0,170.0,235.0,2025-03-12 09:00:00,2025-04-03 13:30:00,8096.0,8286.0,66.0,2.3468379446640375,0.035558150676727844,1941557.0,,388311.4,,10005242.0,0.0,151594.57575757575,0.0,2.5615124951500428,,0.19405397690530624,,0.0,0.0,100.0,True,False,2025-04-07 09:00:00,7694.0,,,1.0,0.0,,,,,0.0,0.0,0.2172503492495028,107.64836272388914,
AG:5m:1:1:6625:6637:5,AG,5m,6750.0,2025-04-09 09:05:00,0.0,1.0,-1.0,CHoCH,1.0,7745.0,64.0,BOS,-1.0,7670.0,0.0,1.0,9.0,0.0,1.0,current_internal_low,internal,0.0,11.0,7670.0,7670.0,7670.0,0.2745456922473526,active_bull_internal_ob,internal,1.0,163.0,7617.0,7640.0,7628.5,0.1176624395345797,7654.0,7672.0,7635.0,7649.0,46258.0,363222.0,0.0,0.0,0.0,0.0,0.0,0.0,,7741.0,30.0,above,1.202771604131259,7773.0,False,,7670.0,11.0,above,0.2745456922473526,7727.0,True,0.0,7780.0,3.0,above,1.712642175447771,7745.0,False,,7637.0,75.0,below,0.1568832527127729,7536.0,False,,0.0,0.0,-0.00022067909084002825,-18.0,NONE,-0.00861340303473267,-0.00525881570899677,0.0020223823122381586,0.04858505019915882,-0.00022067909084002825,-0.003972223635120509,-0.0022542130551483908,-0.00253227432123615,,7715.456335010325,-0.8613403034732671,-0.713914849428865,4.211861391091429,,94.0,-1.0,6733.0,6750.0,2025-04-09 01:05:00,2025-04-09 09:00:00,7687.0,7649.0,18.0,-0.4943410953557992,-0.027463394186433288,93.0,1.0,6655.0,6732.0,2025-04-08 10:35:00,2025-04-09 01:00:00,7692.0,7691.0,78.0,-0.013000520020800543,-0.00016667333360000696,124968.0,,6942.666666666667,,620018.0,0.0,7948.948717948718,0.0,0.8734069010899684,,0.2015554387130696,,16.666666666666664,44.44444444444444,38.88888888888889,True,True,,,,,0.0,0.0,2025-04-09 01:40:00,7702.0,2025-04-09 09:00:00,7649.0,1.0,1.0,0.38456991538575336,14.751646455738417,
AG:5m:1:1:6625:6637:5,AG,15m,2249.0,2025-04-09 02:30:00,395.0,-1.0,1.0,CHoCH,-1.0,8340.0,79.0,CHoCH,1.0,7695.0,21.0,1.0,5.0,0.0,1.0,current_internal_low,internal,0.0,0.0,7670.0,7670.0,7670.0,0.2745456922473526,current_swing_low,swing,0.0,12.0,7536.0,7536.0,7536.0,1.4773172963786116,7705.0,7717.0,7701.0,7704.0,8425.0,364776.0,1.0,1.0,1.0,0.0,1.0,0.0,active_bull_internal_ob,7780.0,12.0,above,1.712642175447771,7695.0,False,,7670.0,0.0,above,0.2745456922473526,7648.0,False,,7815.0,21.0,above,2.1702183291933586,8482.0009765625,False,,7536.0,12.0,below,1.4773172963786116,7535.0,False,,0.0,0.0,0.0011335269721840734,20.0,NONE,-0.0076744204959352585,-0.004071784371173534,0.008980535741935478,0.34415098359914,0.0011335269721840734,0.02267053944368147,-0.0005753488628693626,-0.0013812003395585748,,7763.5809850333935,-0.7674420495935258,0.0,-1.2827457932716078,,33.0,1.0,2230.0,2249.0,2025-04-08 21:30:00,2025-04-09 02:15:00,7750.0,7704.0,20.0,-0.5935483870967762,-0.029677419354838808,32.0,-1.0,2161.0,2229.0,2025-04-03 09:00:00,2025-04-08 21:15:00,8374.0,7752.0,69.0,-7.427752567470747,-0.10764858793435865,436498.0,,21824.9,,2805346.0,0.0,40657.188405797104,0.0,0.5368029825910957,,0.1555950674177089,,45.0,20.0,35.0,True,True,,,2025-04-08 22:00:00,7758.0,0.0,1.0,,,2025-04-08 23:45:00,7719.0,0.0,1.0,2.205552878859149,21.684850949406094,
AG:5m:1:1:6625:6637:5,AG,1h,669.0,2025-04-09 02:30:00,395.0,-1.0,1.0,CHoCH,-1.0,8143.0,21.0,CHoCH,1.0,7745.0,5.0,1.0,2.0,0.0,1.0,current_internal_high,internal,0.0,10.0,7745.0,7745.0,7745.0,1.2550660217021832,current_internal_low,internal,0.0,7.0,7637.0,7637.0,7637.0,0.1568832527127729,7709.0,7717.0,7700.0,7704.0,15882.0,364776.0,1.0,1.0,1.0,0.0,1.0,0.0,active_bull_internal_ob,7745.0,10.0,above,1.2550660217021832,8461.0009765625,True,5.0,7637.0,7.0,below,0.1568832527127729,7536.0,False,,8544.0009765625,20.0,above,11.700888698686104,8442.0009765625,False,,8143.0,69.0,above,6.458360570009152,7804.0,True,21.0,0.0,0.0,-0.003941621281609148,-27.0,NONE,0.0186005564149882,0.01205870540558778,0.012580621706316852,0.6984662102992656,-0.003941621281609148,-0.10642377460344699,0.000764204264763535,0.0014735283998545956,0.002817550575069827,7563.318075453036,1.86005564149882,-0.05189413596263792,-1.1444747225890626,,12.0,-1.0,643.0,669.0,2025-04-03 09:00:00,2025-04-09 02:00:00,8426.0009765625,7704.0,27.0,-8.56872647618716,-0.31736023985878375,11.0,1.0,593.0,642.0,2025-03-27 21:00:00,2025-04-03 02:00:00,8402.0009765625,8396.0009765625,50.0,-0.07141156037397955,-0.001428231207479591,3241844.0,,120068.29629629629,,3799871.0,0.0,75997.42,0.0,1.5798996373336922,,0.8531458041601938,,0.0,25.925925925925924,74.07407407407408,True,False,2025-04-07 09:00:00,7739.0,,,1.0,0.0,2025-04-08 21:00:00,7766.0,2025-04-08 22:00:00,7730.0,1.0,1.0,1.0432812879305622,53.121399320509724,2.0
AG:5m:1:1:6625:6637:5,AG,4h,243.0,2025-04-09 02:30:00,395.0,-1.0,-1.0,CHoCH,-1.0,7804.0,7.0,CHoCH,-1.0,8340.0,8.0,0.0,1.0,0.0,1.0,current_swing_low,swing,0.0,53.0,7804.0,7804.0,7804.0,2.026408680873317,current_internal_low,internal,0.0,1.0,7536.0,7536.0,7536.0,1.4773172963786116,7719.0,7728.0,7670.0,7704.0,153762.0,364776.0,0.0,0.0,0.0,0.0,0.0,0.0,,8482.0009765625,12.0,above,10.890325226336776,8544.0009765625,False,,7536.0,1.0,below,1.4773172963786116,8340.0,False,,8285.0,93.0,above,8.314812393776965,,True,67.0,7804.0,53.0,above,2.026408680873317,7505.0,True,7.0,0.0,0.0,0.0002092877074874322,-8.0,NONE,0.020044880314777164,0.017366814065630353,0.0035790392201880935,0.7728495367129342,0.0002092877074874322,0.0016743016598994576,0.0009941363889567345,,,7552.6088593500035,2.0044880314777163,-0.1943256898562007,-0.5868267885406143,,4.0,-1.0,236.0,243.0,2025-04-07 09:00:00,2025-04-09 00:00:00,7694.0,7704.0,8.0,0.12997140629060766,0.016246425786325958,3.0,1.0,170.0,235.0,2025-03-12 09:00:00,2025-04-03 13:30:00,8096.0,8286.0,66.0,2.3468379446640375,0.035558150676727844,2587639.0,,323454.875,,10005242.0,0.0,151594.57575757575,0.0,2.133683698005506,,0.2586283270309704,,0.0,0.0,100.0,True,False,2025-04-07 09:00:00,7694.0,,,1.0,0.0,,,,,0.0,0.0,0.20608496219644343,99.29098137914886,
AG:5m:1:-1:6655:6665:1,AG,5m,6682.0,2025-04-08 14:55:00,0.0,-1.0,1.0,CHoCH,-1.0,8387.0,199.0,BOS,1.0,7683.0,0.0,4.0,8.0,0.0,1.0,current_swing_high,swing,0.0,44.0,7745.0,7745.0,7745.0,0.7676294561540463,current_internal_high,internal,0.0,1.0,7683.0,7683.0,7683.0,0.039032006245121,7674.0,7689.0,7672.0,7686.0,7429.0,346272.0,2.0,2.0,0.0,2.0,2.0,0.0,active_bear_internal_ob,7683.0,1.0,below,0.039032006245121,7675.0,True,0.0,7659.0,3.0,below,0.351288056206089,7648.0,False,,7745.0,44.0,above,0.7676294561540463,7815.0,False,,7637.0,7.0,below,0.6375227686703097,7536.0,False,,0.0,0.0,5.6225731098266275e-05,28.0,NONE,0.003976193029866155,0.0028639451037335687,0.0012006425965235884,0.822875005511581,5.6225731098266275e-05,0.0015743204707514558,0.00036883123944542184,0.000659393182765422,0.0010837168373118988,7655.560015626145,0.3976193029866155,0.16942525739607195,1.4256979701954662,,93.0,1.0,6655.0,6682.0,2025-04-08 10:35:00,2025-04-08 14:50:00,7692.0,7686.0,28.0,-0.07800312012480326,-0.0027858257187429736,92.0,-1.0,6482.0,6654.0,2025-04-03 02:25:00,2025-04-08 10:30:00,8396.0009765625,7685.0,173.0,-8.468328893091659,-0.04894987799474947,135262.0,,4830.785714285715,,2550651.0,0.0,14743.64739884393,0.0,0.32765201063235566,,0.053030383223733865,,14.285714285714285,50.0,35.714285714285715,False,False,,,,,0.0,0.0,2025-04-08 14:30:00,7672.0,2025-04-08 14:25:00,7671.0,2.0,2.0,0.41922681931241496,10.215431065199459,
AG:5m:1:-1:6655:6665:1,AG,15m,2226.0,2025-04-08 14:45:00,10.0,-1.0,-1.0,CHoCH,-1.0,8340.0,56.0,BOS,-1.0,8315.0,56.0,0.0,5.0,0.0,1.0,current_internal_high,internal,0.0,3.0,7695.0,7695.0,7695.0,0.117096018735363,current_internal_low,internal,0.0,13.0,7637.0,7637.0,7637.0,0.6375227686703097,7672.0,7680.0,7664.0,7677.0,13807.0,347505.0,0.0,0.0,0.0,0.0,0.0,0.0,,7695.0,3.0,above,0.117096018735363,7745.0,False,,7637.0,13.0,below,0.6375227686703097,7536.0,False,,8482.0009765625,83.0,above,10.356505029436638,8544.0009765625,False,,8340.0,108.0,above,8.508977361436378,8143.0,True,56.0,-1.0,-1.0,-0.001552372523776812,-66.0,DOWN_CONFIRMED,0.013049427037051609,0.007487729725406813,0.01694975236698424,0.6285927579812893,-0.001552372523776812,-0.10245658656926959,0.00037382119578510675,0.0007222544319878121,0.0013992202538863907,7578.110006392826,1.3049427037051609,0.07821666014862227,-0.26487735741110824,,32.0,-1.0,2161.0,2226.0,2025-04-03 09:00:00,2025-04-08 14:30:00,8374.0,7677.0,66.0,-8.323381896345827,-0.12611184691433072,31.0,1.0,2153.0,2160.0,2025-04-03 00:30:00,2025-04-03 02:15:00,8441.0009765625,8396.0009765625,8.0,-0.5331121288215446,-0.06663901610269307,2667790.0,,40421.06060606061,,88403.0,0.0,11050.375,0.0,3.6578903979331567,,30.177595782948544,,10.606060606060606,71.21212121212122,18.181818181818183,True,False,2025-04-07 09:15:00,7717.0,2025-04-03 09:45:00,8426.0009765625,2.0,1.0,2025-04-08 14:15:00,7671.0,2025-04-08 14:00:00,7664.0,9.0,8.0,2.2636704299664543,23.30304377681024,
AG:5m:1:-1:6655:6665:1,AG,1h,662.0,2025-04-08 14:00:00,55.0,-1.0,-1.0,CHoCH,-1.0,8143.0,14.0,BOS,-1.0,8387.0,18.0,0.0,2.0,0.0,1.0,current_internal_high,internal,0.0,3.0,7745.0,7745.0,7745.0,0.7676294561540463,current_internal_low,internal,0.0,0.0,7637.0,7637.0,7637.0,0.6375227686703097,7654.0,7675.0,7648.0,7669.0,30392.0,352095.0,0.0,0.0,0.0,0.0,0.0,0.0,,7745.0,3.0,above,0.7676294561540463,8461.0009765625,False,,7637.0,0.0,below,0.6375227686703097,7536.0,False,,8544.0009765625,13.0,above,11.163166491835804,8442.0009765625,False,,8143.0,62.0,above,5.945875618006766,7804.0,True,14.0,0.0,0.0,-0.0053807502753071,-20.0,NONE,0.01532649462423875,0.009121229177665153,0.013278022378564515,0.6798693747644924,-0.0053807502753071,-0.107615005506142,0.0002867552175389587,0.0012551057200134164,,7553.235378574665,1.5326494624238751,0.156719341778766,-0.8514310482044769,,12.0,-1.0,643.0,662.0,2025-04-03 09:00:00,2025-04-08 13:30:00,8426.0009765625,7669.0,20.0,-8.984107391728891,-0.4492053695864445,11.0,1.0,593.0,642.0,2025-03-27 21:00:00,2025-04-03 02:00:00,8402.0009765625,8396.0009765625,50.0,-0.07141156037397955,-0.001428231207479591,2626154.0,,131307.7,,3799871.0,0.0,75997.42,0.0,1.7277915487131013,,0.6911166194852404,,0.0,5.0,95.0,True,False,2025-04-07 09:00:00,7739.0,,,1.0,0.0,,,,,0.0,0.0,1.4557273060387477,61.56679313645209,2.0
AG:5m:1:-1:6655:6665:1,AG,4h,240.0,2025-04-08 11:30:00,205.0,-1.0,-1.0,CHoCH,-1.0,7804.0,4.0,CHoCH,-1.0,8340.0,5.0,0.0,1.0,0.0,1.0,current_swing_low,swing,0.0,50.0,7804.0,7804.0,7804.0,1.5352589123080926,,,,,,,,,7685.0,7695.0,7655.0,7657.0,162490.0,352723.0,0.0,0.0,0.0,0.0,0.0,0.0,,8482.0009765625,9.0,above,10.356505029436638,8544.0009765625,False,,8340.0,11.0,above,8.508977361436378,8143.0,True,5.0,8285.0,90.0,above,7.793390580275826,,True,64.0,7804.0,50.0,above,1.5352589123080926,7505.0,True,4.0,0.0,0.0,0.00018501565437505362,-5.0,NONE,0.014580742111166252,0.015748811876961456,0.003421434880534594,0.36640212881775736,0.00018501565437505362,0.0009250782718752681,,,,7546.95972650448,1.4580742111166252,-0.1434533124674009,-0.4656980602450667,,4.0,-1.0,236.0,240.0,2025-04-07 09:00:00,2025-04-08 09:00:00,7694.0,7657.0,5.0,-0.48089420327528387,-0.09617884065505677,3.0,1.0,170.0,235.0,2025-03-12 09:00:00,2025-04-03 13:30:00,8096.0,8286.0,66.0,2.3468379446640375,0.035558150676727844,1941557.0,,388311.4,,10005242.0,0.0,151594.57575757575,0.0,2.5615124951500428,,0.19405397690530624,,0.0,0.0,100.0,True,False,2025-04-07 09:00:00,7694.0,,,1.0,0.0,,,,,0.0,0.0,0.2172503492495028,107.64836272388914,
AG:5m:1:1:6674:6676:1,AG,5m,6678.0,2025-04-08 14:35:00,0.0,-1.0,1.0,CHoCH,-1.0,8387.0,195.0,CHoCH,1.0,7675.0,2.0,3.0,8.0,0.0,1.0,current_internal_high,internal,0.0,3.0,7675.0,7675.0,7675.0,0.03910323253388947,active_bull_internal_ob,internal,1.0,2.0,7659.0,7664.0,7661.5,0.10427528675703858,7672.0,7672.0,7664.0,7672.0,4723.0,349043.0,0.0,0.0,0.0,0.0,0.0,0.0,,7675.0,3.0,above,0.03910323253388947,7695.0,True,2.0,7648.0,7.0,below,0.31282586027111575,7662.0,False,,7745.0,40.0,above,0.9515119916579771,7815.0,False,,7637.0,3.0,below,0.45620437956204374,7536.0,False,,0.0,0.0,5.23420435247964e-05,24.0,NONE,0.002465851381379619,0.002817963065389173,0.0012708471104990063,0.39086375995430855,5.23420435247964e-05,0.0012562090445951135,0.0003106787609779005,0.0005043249807483718,0.0010198895361153149,7653.128522461014,0.2465851381379619,0.013036110024766678,-0.04180463137512161,,93.0,1.0,6655.0,6678.0,2025-04-08 10:35:00,2025-04-08 14:30:00,7692.0,7672.0,24.0,-0.26001040041602197,-0.010833766684000915,92.0,-1.0,6482.0,6654.0,2025-04-03 02:25:00,2025-04-08 10:30:00,8396.0009765625,7685.0,173.0,-8.468328893091659,-0.04894987799474947,115590.0,,4816.25,,2550651.0,0.0,14743.64739884393,0.0,0.3266661138666168,,0.04531784238612025,,16.666666666666664,41.66666666666667,41.66666666666667,True,False,,,,,0.0,0.0,2025-04-08 14:30:00,7672.0,2025-04-08 14:25:00,7671.0,2.0,2.0,0.45098075489626643,10.2039494345682,
AG:5m:1:1:6674:6676:1,AG,15m,2225.0,2025-04-08 14:30:00,5.0,-1.0,-1.0,CHoCH,-1.0,8340.0,55.0,BOS,-1.0,8315.0,55.0,0.0,5.0,0.0,1.0,current_internal_high,internal,0.0,2.0,7695.0,7695.0,7695.0,0.2997914494264859,current_internal_low,internal,0.0,12.0,7637.0,7637.0,7637.0,0.45620437956204374,7664.0,7683.0,7662.0,7671.0,16606.0,349357.0,0.0,0.0,0.0,0.0,0.0,0.0,,7695.0,2.0,above,0.2997914494264859,7745.0,False,,7637.0,12.0,below,0.45620437956204374,7536.0,False,,8482.0009765625,82.0,above,10.557885513066998,8544.0009765625,False,,8340.0,107.0,above,8.706986444212722,8143.0,True,55.0,-1.0,-1.0,-0.0015773624379348706,-65.0,DOWN_CONFIRMED,0.012338849965923371,0.0074021651513815085,0.017065485901572534,0.6138160171990478,-0.0015773624379348706,-0.10252855846576658,0.00034558325515043897,0.000701531480549189,0.0013536570875272158,7577.502335565029,1.233884996592337,0.09133611691023447,0.14156010275529715,,32.0,-1.0,2161.0,2225.0,2025-04-03 09:00:00,2025-04-08 14:15:00,8374.0,7671.0,65.0,-8.395032242655843,-0.12915434219470526,31.0,1.0,2153.0,2160.0,2025-04-03 00:30:00,2025-04-03 02:15:00,8441.0009765625,8396.0009765625,8.0,-0.5331121288215446,-0.06663901610269307,2653983.0,,40830.50769230769,,88403.0,0.0,11050.375,0.0,3.694943175440444,,30.021413300453606,,10.76923076923077,70.76923076923077,18.461538461538463,True,False,2025-04-07 09:15:00,7717.0,2025-04-03 09:45:00,8426.0009765625,2.0,1.0,2025-04-08 14:15:00,7671.0,2025-04-08 14:00:00,7664.0,9.0,8.0,2.3054721899021,23.864816375026415,
AG:5m:1:1:6674:6676:1,AG,1h,662.0,2025-04-08 14:00:00,35.0,-1.0,-1.0,CHoCH,-1.0,8143.0,14.0,BOS,-1.0,8387.0,18.0,0.0,2.0,0.0,1.0,current_internal_high,internal,0.0,3.0,7745.0,7745.0,7745.0,0.9515119916579771,current_internal_low,internal,0.0,0.0,7637.0,7637.0,7637.0,0.45620437956204374,7654.0,7675.0,7648.0,7669.0,30392.0,352095.0,0.0,0.0,0.0,0.0,0.0,0.0,,7745.0,3.0,above,0.9515119916579771,8461.0009765625,False,,7637.0,0.0,below,0.45620437956204374,7536.0,False,,8544.0009765625,13.0,above,11.366018985434046,8442.0009765625,False,,8143.0,62.0,above,6.139207507820647,7804.0,True,14.0,0.0,0.0,-0.0053807502753071,-20.0,NONE,0.01532649462423875,0.009121229177665153,0.013278022378564515,0.6798693747644924,-0.0053807502753071,-0.107615005506142,0.0002867552175389587,0.0012551057200134164,,7553.235378574665,1.5326494624238751,0.156719341778766,-0.8514310482044769,,12.0,-1.0,643.0,662.0,2025-04-03 09:00:00,2025-04-08 13:30:00,8426.0009765625,7669.0,20.0,-8.984107391728891,-0.4492053695864445,11.0,1.0,593.0,642.0,2025-03-27 21:00:00,2025-04-03 02:00:00,8402.0009765625,8396.0009765625,50.0,-0.07141156037397955,-0.001428231207479591,2626154.0,,131307.7,,3799871.0,0.0,75997.42,0.0,1.7277915487131013,,0.6911166194852404,,0.0,5.0,95.0,True,False,2025-04-07 09:00:00,7739.0,,,1.0,0.0,,,,,0.0,0.0,1.4557273060387477,61.56679313645209,2.0
AG:5m:1:1:6674:6676:1,AG,4h,240.0,2025-04-08 11:30:00,185.0,-1.0,-1.0,CHoCH,-1.0,7804.0,4.0,CHoCH,-1.0,8340.0,5.0,0.0,1.0,0.0,1.0,current_swing_low,swing,0.0,50.0,7804.0,7804.0,7804.0,1.7205422314911365,,,,,,,,,7685.0,7695.0,7655.0,7657.0,162490.0,352723.0,0.0,0.0,0.0,0.0,0.0,0.0,,8482.0009765625,9.0,above,10.557885513066998,8544.0009765625,False,,8340.0,11.0,above,8.706986444212722,8143.0,True,5.0,8285.0,90.0,above,7.990093847758081,,True,64.0,7804.0,50.0,above,1.7205422314911365,7505.0,True,4.0,0.0,0.0,0.00018501565437505362,-5.0,NONE,0.014580742111166252,0.015748811876961456,0.003421434880534594,0.36640212881775736,0.00018501565437505362,0.0009250782718752681,,,,7546.95972650448,1.4580742111166252,-0.1434533124674009,-0.4656980602450667,,4.0,-1.0,236.0,240.0,2025-04-07 09:00:00,2025-04-08 09:00:00,7694.0,7657.0,5.0,-0.48089420327528387,-0.09617884065505677,3.0,1.0,170.0,235.0,2025-03-12 09:00:00,2025-04-03 13:30:00,8096.0,8286.0,66.0,2.3468379446640375,0.035558150676727844,1941557.0,,388311.4,,10005242.0,0.0,151594.57575757575,0.0,2.5615124951500428,,0.19405397690530624,,0.0,0.0,100.0,True,False,2025-04-07 09:00:00,7694.0,,,1.0,0.0,,,,,0.0,0.0,0.2172503492495028,107.64836272388914,
AG:5m:1:1:6674:6676:2,AG,5m,6750.0,2025-04-09 09:05:00,0.0,1.0,-1.0,CHoCH,1.0,7745.0,64.0,BOS,-1.0,7670.0,0.0,1.0,9.0,0.0,1.0,current_internal_low,internal,0.0,11.0,7670.0,7670.0,7670.0,0.2745456922473526,active_bull_internal_ob,internal,1.0,163.0,7617.0,7640.0,7628.5,0.1176624395345797,7654.0,7672.0,7635.0,7649.0,46258.0,363222.0,0.0,0.0,0.0,0.0,0.0,0.0,,7741.0,30.0,above,1.202771604131259,7773.0,False,,7670.0,11.0,above,0.2745456922473526,7727.0,True,0.0,7780.0,3.0,above,1.712642175447771,7745.0,False,,7637.0,75.0,below,0.1568832527127729,7536.0,False,,0.0,0.0,-0.00022067909084002825,-18.0,NONE,-0.00861340303473267,-0.00525881570899677,0.0020223823122381586,0.04858505019915882,-0.00022067909084002825,-0.003972223635120509,-0.0022542130551483908,-0.00253227432123615,,7715.456335010325,-0.8613403034732671,-0.713914849428865,4.211861391091429,,94.0,-1.0,6733.0,6750.0,2025-04-09 01:05:00,2025-04-09 09:00:00,7687.0,7649.0,18.0,-0.4943410953557992,-0.027463394186433288,93.0,1.0,6655.0,6732.0,2025-04-08 10:35:00,2025-04-09 01:00:00,7692.0,7691.0,78.0,-0.013000520020800543,-0.00016667333360000696,124968.0,,6942.666666666667,,620018.0,0.0,7948.948717948718,0.0,0.8734069010899684,,0.2015554387130696,,16.666666666666664,44.44444444444444,38.88888888888889,True,True,,,,,0.0,0.0,2025-04-09 01:40:00,7702.0,2025-04-09 09:00:00,7649.0,1.0,1.0,0.38456991538575336,14.751646455738417,
AG:5m:1:1:6674:6676:2,AG,15m,2249.0,2025-04-09 02:30:00,395.0,-1.0,1.0,CHoCH,-1.0,8340.0,79.0,CHoCH,1.0,7695.0,21.0,1.0,5.0,0.0,1.0,current_internal_low,internal,0.0,0.0,7670.0,7670.0,7670.0,0.2745456922473526,current_swing_low,swing,0.0,12.0,7536.0,7536.0,7536.0,1.4773172963786116,7705.0,7717.0,7701.0,7704.0,8425.0,364776.0,1.0,1.0,1.0,0.0,1.0,0.0,active_bull_internal_ob,7780.0,12.0,above,1.712642175447771,7695.0,False,,7670.0,0.0,above,0.2745456922473526,7648.0,False,,7815.0,21.0,above,2.1702183291933586,8482.0009765625,False,,7536.0,12.0,below,1.4773172963786116,7535.0,False,,0.0,0.0,0.0011335269721840734,20.0,NONE,-0.0076744204959352585,-0.004071784371173534,0.008980535741935478,0.34415098359914,0.0011335269721840734,0.02267053944368147,-0.0005753488628693626,-0.0013812003395585748,,7763.5809850333935,-0.7674420495935258,0.0,-1.2827457932716078,,33.0,1.0,2230.0,2249.0,2025-04-08 21:30:00,2025-04-09 02:15:00,7750.0,7704.0,20.0,-0.5935483870967762,-0.029677419354838808,32.0,-1.0,2161.0,2229.0,2025-04-03 09:00:00,2025-04-08 21:15:00,8374.0,7752.0,69.0,-7.427752567470747,-0.10764858793435865,436498.0,,21824.9,,2805346.0,0.0,40657.188405797104,0.0,0.5368029825910957,,0.1555950674177089,,45.0,20.0,35.0,True,True,,,2025-04-08 22:00:00,7758.0,0.0,1.0,,,2025-04-08 23:45:00,7719.0,0.0,1.0,2.205552878859149,21.684850949406094,
AG:5m:1:1:6674:6676:2,AG,1h,669.0,2025-04-09 02:30:00,395.0,-1.0,1.0,CHoCH,-1.0,8143.0,21.0,CHoCH,1.0,7745.0,5.0,1.0,2.0,0.0,1.0,current_internal_high,internal,0.0,10.0,7745.0,7745.0,7745.0,1.2550660217021832,current_internal_low,internal,0.0,7.0,7637.0,7637.0,7637.0,0.1568832527127729,7709.0,7717.0,7700.0,7704.0,15882.0,364776.0,1.0,1.0,1.0,0.0,1.0,0.0,active_bull_internal_ob,7745.0,10.0,above,1.2550660217021832,8461.0009765625,True,5.0,7637.0,7.0,below,0.1568832527127729,7536.0,False,,8544.0009765625,20.0,above,11.700888698686104,8442.0009765625,False,,8143.0,69.0,above,6.458360570009152,7804.0,True,21.0,0.0,0.0,-0.003941621281609148,-27.0,NONE,0.0186005564149882,0.01205870540558778,0.012580621706316852,0.6984662102992656,-0.003941621281609148,-0.10642377460344699,0.000764204264763535,0.0014735283998545956,0.002817550575069827,7563.318075453036,1.86005564149882,-0.05189413596263792,-1.1444747225890626,,12.0,-1.0,643.0,669.0,2025-04-03 09:00:00,2025-04-09 02:00:00,8426.0009765625,7704.0,27.0,-8.56872647618716,-0.31736023985878375,11.0,1.0,593.0,642.0,2025-03-27 21:00:00,2025-04-03 02:00:00,8402.0009765625,8396.0009765625,50.0,-0.07141156037397955,-0.001428231207479591,3241844.0,,120068.29629629629,,3799871.0,0.0,75997.42,0.0,1.5798996373336922,,0.8531458041601938,,0.0,25.925925925925924,74.07407407407408,True,False,2025-04-07 09:00:00,7739.0,,,1.0,0.0,2025-04-08 21:00:00,7766.0,2025-04-08 22:00:00,7730.0,1.0,1.0,1.0432812879305622,53.121399320509724,2.0
AG:5m:1:1:6674:6676:2,AG,4h,243.0,2025-04-09 02:30:00,395.0,-1.0,-1.0,CHoCH,-1.0,7804.0,7.0,CHoCH,-1.0,8340.0,8.0,0.0,1.0,0.0,1.0,current_swing_low,swing,0.0,53.0,7804.0,7804.0,7804.0,2.026408680873317,current_internal_low,internal,0.0,1.0,7536.0,7536.0,7536.0,1.4773172963786116,7719.0,7728.0,7670.0,7704.0,153762.0,364776.0,0.0,0.0,0.0,0.0,0.0,0.0,,8482.0009765625,12.0,above,10.890325226336776,8544.0009765625,False,,7536.0,1.0,below,1.4773172963786116,8340.0,False,,8285.0,93.0,above,8.314812393776965,,True,67.0,7804.0,53.0,above,2.026408680873317,7505.0,True,7.0,0.0,0.0,0.0002092877074874322,-8.0,NONE,0.020044880314777164,0.017366814065630353,0.0035790392201880935,0.7728495367129342,0.0002092877074874322,0.0016743016598994576,0.0009941363889567345,,,7552.6088593500035,2.0044880314777163,-0.1943256898562007,-0.5868267885406143,,4.0,-1.0,236.0,243.0,2025-04-07 09:00:00,2025-04-09 00:00:00,7694.0,7704.0,8.0,0.12997140629060766,0.016246425786325958,3.0,1.0,170.0,235.0,2025-03-12 09:00:00,2025-04-03 13:30:00,8096.0,8286.0,66.0,2.3468379446640375,0.035558150676727844,2587639.0,,323454.875,,10005242.0,0.0,151594.57575757575,0.0,2.133683698005506,,0.2586283270309704,,0.0,0.0,100.0,True,False,2025-04-07 09:00:00,7694.0,,,1.0,0.0,,,,,0.0,0.0,0.20608496219644343,99.29098137914886,
AG:5m:1:1:6678:6682:1,AG,5m,6734.0,2025-04-09 01:15:00,0.0,1.0,-1.0,CHoCH,1.0,7745.0,48.0,BOS,-1.0,7727.0,17.0,4.0,8.0,1.0,1.0,current_internal_low,internal,0.0,19.0,7727.0,7727.0,7727.0,0.5988803541205573,active_bull_internal_ob,internal,1.0,52.0,7664.0,7672.0,7668.0,0.11717224319750033,7687.0,7688.0,7670.0,7681.0,12149.0,369097.0,0.0,0.0,0.0,0.0,0.0,0.0,,7741.0,14.0,above,0.7811482879833356,7773.0,False,,7727.0,19.0,above,0.5988803541205573,7748.0,True,17.0,7745.0,96.0,above,0.8332248405155578,7815.0,True,48.0,7637.0,59.0,below,0.5728420778544461,7536.0,False,,0.0,0.0,-0.00021765818132801762,-2.0,NONE,-0.007988529579751331,-0.007817163626449639,0.00017136595330169272,0.15865525393145735,-0.00021765818132801762,-0.00043531636265603524,,,,7742.854018357344,-0.7988529579751331,-0.07805385716144198,2.3295170465048933,,94.0,-1.0,6733.0,6734.0,2025-04-09 01:05:00,2025-04-09 01:10:00,7687.0,7681.0,2.0,-0.07805385716144198,-0.03902692858072099,93.0,1.0,6655.0,6732.0,2025-04-08 10:35:00,2025-04-09 01:00:00,7692.0,7691.0,78.0,-0.013000520020800543,-0.00016667333360000696,16872.0,,8436.0,,620018.0,0.0,7948.948717948718,0.0,1.0612724146718322,,0.027212113196713645,,0.0,0.0,100.0,True,True,,,,,0.0,0.0,,,,,0.0,0.0,0.021921755957860493,11.628228915244204,
AG:5m:1:1:6678:6682:1,AG,15m,2244.0,2025-04-09 01:15:00,0.0,-1.0,1.0,CHoCH,-1.0,8340.0,74.0,CHoCH,1.0,7695.0,16.0,1.0,5.0,0.0,1.0,current_internal_high,internal,0.0,7.0,7780.0,7780.0,7780.0,1.2888946751725037,active_bull_internal_ob,internal,1.0,16.0,7648.0,7675.0,7661.5,0.07811482879833355,7694.0,7696.0,7670.0,7681.0,24302.0,369097.0,0.0,0.0,0.0,0.0,0.0,0.0,,7780.0,7.0,above,1.2888946751725037,7695.0,False,,7648.0,17.0,below,0.42963155839083456,7637.0,False,,7815.0,16.0,above,1.7445645098294493,8482.0009765625,False,,7536.0,7.0,below,1.8877750292930608,7535.0,False,,0.0,0.0,0.0015506180334256658,15.0,NONE,-0.011206199795791603,-0.0025954978730295722,0.009897435185020476,0.19215204321039753,0.0015506180334256658,0.023259270501384988,-0.0008063153893316244,-0.001385781246831086,,7768.050323953992,-1.1206199795791603,-0.15598596126348285,-0.1831561715290781,,33.0,1.0,2230.0,2244.0,2025-04-08 21:30:00,2025-04-09 01:00:00,7750.0,7681.0,15.0,-0.8903225806451642,-0.059354838709677615,32.0,-1.0,2161.0,2229.0,2025-04-03 09:00:00,2025-04-08 21:15:00,8374.0,7752.0,69.0,-7.427752567470747,-0.10764858793435865,374660.0,,24977.333333333332,,2805346.0,0.0,40657.188405797104,0.0,0.6143399067352119,,0.13355215363808956,,60.0,26.666666666666668,13.333333333333334,True,True,,,2025-04-08 22:00:00,7758.0,0.0,1.0,,,2025-04-08 23:45:00,7719.0,0.0,1.0,3.813308917671268,22.622051256052185,
AG:5m:1:1:6678:6682:1,AG,1h,667.0,2025-04-09 01:00:00,15.0,-1.0,1.0,CHoCH,-1.0,8143.0,19.0,CHoCH,1.0,7745.0,3.0,1.0,2.0,0.0,1.0,current_internal_high,internal,0.0,8.0,7745.0,7745.0,7745.0,0.8332248405155578,active_bull_internal_ob,internal,1.0,3.0,7637.0,7671.0,7654.0,0.1301913813305559,7719.0,7728.0,7691.0,7693.0,67622.0,366964.0,0.0,0.0,0.0,0.0,0.0,0.0,,7745.0,8.0,above,0.8332248405155578,8461.0009765625,True,3.0,7637.0,5.0,below,0.5728420778544461,7536.0,False,,8544.0009765625,18.0,above,11.23552892282906,8442.0009765625,False,,8143.0,67.0,above,6.014841817471684,7804.0,True,19.0,0.0,0.0,-0.004262872934443598,-25.0,NONE,0.017314718185602308,0.011512852553952194,0.012919174821900112,0.6733164490846416,-0.004262872934443598,-0.10657182336108995,0.0011689821674374379,0.001456072596712099,-0.10420749933999851,7562.064976038677,1.7314718185602307,-0.33683119575074194,-0.4891799121451736,,12.0,-1.0,643.0,667.0,2025-04-03 09:00:00,2025-04-09 00:00:00,8426.0009765625,7693.0,25.0,-8.699274763928855,-0.3479709905571542,11.0,1.0,593.0,642.0,2025-03-27 21:00:00,2025-04-03 02:00:00,8402.0009765625,8396.0009765625,50.0,-0.07141156037397955,-0.001428231207479591,3155704.0,,126228.16,,3799871.0,0.0,75997.42,0.0,1.6609532270963936,,0.8304766135481968,,0.0,20.0,80.0,True,False,2025-04-07 09:00:00,7739.0,,,1.0,0.0,2025-04-08 21:00:00,7766.0,2025-04-08 22:00:00,7730.0,1.0,1.0,1.1221523737368764,56.9691968450882,4.0
AG:5m:1:1:6678:6682:1,AG,4h,242.0,2025-04-09 00:00:00,75.0,-1.0,-1.0,CHoCH,-1.0,7804.0,6.0,CHoCH,-1.0,8340.0,7.0,0.0,1.0,0.0,1.0,current_swing_low,swing,0.0,52.0,7804.0,7804.0,7804.0,1.6013539903658378,current_internal_low,internal,0.0,0.0,7536.0,7536.0,7536.0,1.8877750292930608,7690.0,7780.0,7685.0,7719.0,403069.0,363314.0,0.0,0.0,0.0,0.0,0.0,0.0,,8482.0009765625,11.0,above,10.428342358579613,8544.0009765625,False,,7536.0,0.0,below,1.8877750292930608,8340.0,False,,8285.0,92.0,above,7.8635594323655775,,True,66.0,7804.0,52.0,above,1.6013539903658378,7505.0,True,6.0,0.0,0.0,0.00021570588092179044,-7.0,NONE,0.022198677258284276,0.016984233172895095,0.0036699466346048985,0.9223198305555009,0.00021570588092179044,0.001509941166452533,0.001379341101885645,,,7551.369583752259,2.2198677258284274,0.4685669660289049,0.7793524140279463,,4.0,-1.0,236.0,242.0,2025-04-07 09:00:00,2025-04-08 21:00:00,7694.0,7719.0,7.0,0.32492851572654136,0.046418359389505906,3.0,1.0,170.0,235.0,2025-03-12 09:00:00,2025-04-03 13:30:00,8096.0,8286.0,66.0,2.3468379446640375,0.035558150676727844,2433877.0,,347696.71428571426,,10005242.0,0.0,151594.57575757575,0.0,2.2935960112566134,,0.24326018301206506,,0.0,0.0,100.0,True,False,2025-04-07 09:00:00,7694.0,,,1.0,0.0,,,,,0.0,0.0,0.21607961909412055,102.46721071600646,
AG:5m:1:1:6678:6682:2,AG,5m,6750.0,2025-04-09 09:05:00,0.0,1.0,-1.0,CHoCH,1.0,7745.0,64.0,BOS,-1.0,7670.0,0.0,1.0,9.0,0.0,1.0,current_internal_low,internal,0.0,11.0,7670.0,7670.0,7670.0,0.2745456922473526,active_bull_internal_ob,internal,1.0,163.0,7617.0,7640.0,7628.5,0.1176624395345797,7654.0,7672.0,7635.0,7649.0,46258.0,363222.0,0.0,0.0,0.0,0.0,0.0,0.0,,7741.0,30.0,above,1.202771604131259,7773.0,False,,7670.0,11.0,above,0.2745456922473526,7727.0,True,0.0,7780.0,3.0,above,1.712642175447771,7745.0,False,,7637.0,75.0,below,0.1568832527127729,7536.0,False,,0.0,0.0,-0.00022067909084002825,-18.0,NONE,-0.00861340303473267,-0.00525881570899677,0.0020223823122381586,0.04858505019915882,-0.00022067909084002825,-0.003972223635120509,-0.0022542130551483908,-0.00253227432123615,,7715.456335010325,-0.8613403034732671,-0.713914849428865,4.211861391091429,,94.0,-1.0,6733.0,6750.0,2025-04-09 01:05:00,2025-04-09 09:00:00,7687.0,7649.0,18.0,-0.4943410953557992,-0.027463394186433288,93.0,1.0,6655.0,6732.0,2025-04-08 10:35:00,2025-04-09 01:00:00,7692.0,7691.0,78.0,-0.013000520020800543,-0.00016667333360000696,124968.0,,6942.666666666667,,620018.0,0.0,7948.948717948718,0.0,0.8734069010899684,,0.2015554387130696,,16.666666666666664,44.44444444444444,38.88888888888889,True,True,,,,,0.0,0.0,2025-04-09 01:40:00,7702.0,2025-04-09 09:00:00,7649.0,1.0,1.0,0.38456991538575336,14.751646455738417,
AG:5m:1:1:6678:6682:2,AG,15m,2249.0,2025-04-09 02:30:00,395.0,-1.0,1.0,CHoCH,-1.0,8340.0,79.0,CHoCH,1.0,7695.0,21.0,1.0,5.0,0.0,1.0,current_internal_low,internal,0.0,0.0,7670.0,7670.0,7670.0,0.2745456922473526,current_swing_low,swing,0.0,12.0,7536.0,7536.0,7536.0,1.4773172963786116,7705.0,7717.0,7701.0,7704.0,8425.0,364776.0,1.0,1.0,1.0,0.0,1.0,0.0,active_bull_internal_ob,7780.0,12.0,above,1.712642175447771,7695.0,False,,7670.0,0.0,above,0.2745456922473526,7648.0,False,,7815.0,21.0,above,2.1702183291933586,8482.0009765625,False,,7536.0,12.0,below,1.4773172963786116,7535.0,False,,0.0,0.0,0.0011335269721840734,20.0,NONE,-0.0076744204959352585,-0.004071784371173534,0.008980535741935478,0.34415098359914,0.0011335269721840734,0.02267053944368147,-0.0005753488628693626,-0.0013812003395585748,,7763.5809850333935,-0.7674420495935258,0.0,-1.2827457932716078,,33.0,1.0,2230.0,2249.0,2025-04-08 21:30:00,2025-04-09 02:15:00,7750.0,7704.0,20.0,-0.5935483870967762,-0.029677419354838808,32.0,-1.0,2161.0,2229.0,2025-04-03 09:00:00,2025-04-08 21:15:00,8374.0,7752.0,69.0,-7.427752567470747,-0.10764858793435865,436498.0,,21824.9,,2805346.0,0.0,40657.188405797104,0.0,0.5368029825910957,,0.1555950674177089,,45.0,20.0,35.0,True,True,,,2025-04-08 22:00:00,7758.0,0.0,1.0,,,2025-04-08 23:45:00,7719.0,0.0,1.0,2.205552878859149,21.684850949406094,
AG:5m:1:1:6678:6682:2,AG,1h,669.0,2025-04-09 02:30:00,395.0,-1.0,1.0,CHoCH,-1.0,8143.0,21.0,CHoCH,1.0,7745.0,5.0,1.0,2.0,0.0,1.0,current_internal_high,internal,0.0,10.0,7745.0,7745.0,7745.0,1.2550660217021832,current_internal_low,internal,0.0,7.0,7637.0,7637.0,7637.0,0.1568832527127729,7709.0,7717.0,7700.0,7704.0,15882.0,364776.0,1.0,1.0,1.0,0.0,1.0,0.0,active_bull_internal_ob,7745.0,10.0,above,1.2550660217021832,8461.0009765625,True,5.0,7637.0,7.0,below,0.1568832527127729,7536.0,False,,8544.0009765625,20.0,above,11.700888698686104,8442.0009765625,False,,8143.0,69.0,above,6.458360570009152,7804.0,True,21.0,0.0,0.0,-0.003941621281609148,-27.0,NONE,0.0186005564149882,0.01205870540558778,0.012580621706316852,0.6984662102992656,-0.003941621281609148,-0.10642377460344699,0.000764204264763535,0.0014735283998545956,0.002817550575069827,7563.318075453036,1.86005564149882,-0.05189413596263792,-1.1444747225890626,,12.0,-1.0,643.0,669.0,2025-04-03 09:00:00,2025-04-09 02:00:00,8426.0009765625,7704.0,27.0,-8.56872647618716,-0.31736023985878375,11.0,1.0,593.0,642.0,2025-03-27 21:00:00,2025-04-03 02:00:00,8402.0009765625,8396.0009765625,50.0,-0.07141156037397955,-0.001428231207479591,3241844.0,,120068.29629629629,,3799871.0,0.0,75997.42,0.0,1.5798996373336922,,0.8531458041601938,,0.0,25.925925925925924,74.07407407407408,True,False,2025-04-07 09:00:00,7739.0,,,1.0,0.0,2025-04-08 21:00:00,7766.0,2025-04-08 22:00:00,7730.0,1.0,1.0,1.0432812879305622,53.121399320509724,2.0
AG:5m:1:1:6678:6682:2,AG,4h,243.0,2025-04-09 02:30:00,395.0,-1.0,-1.0,CHoCH,-1.0,7804.0,7.0,CHoCH,-1.0,8340.0,8.0,0.0,1.0,0.0,1.0,current_swing_low,swing,0.0,53.0,7804.0,7804.0,7804.0,2.026408680873317,current_internal_low,internal,0.0,1.0,7536.0,7536.0,7536.0,1.4773172963786116,7719.0,7728.0,7670.0,7704.0,153762.0,364776.0,0.0,0.0,0.0,0.0,0.0,0.0,,8482.0009765625,12.0,above,10.890325226336776,8544.0009765625,False,,7536.0,1.0,below,1.4773172963786116,8340.0,False,,8285.0,93.0,above,8.314812393776965,,True,67.0,7804.0,53.0,above,2.026408680873317,7505.0,True,7.0,0.0,0.0,0.0002092877074874322,-8.0,NONE,0.020044880314777164,0.017366814065630353,0.0035790392201880935,0.7728495367129342,0.0002092877074874322,0.0016743016598994576,0.0009941363889567345,,,7552.6088593500035,2.0044880314777163,-0.1943256898562007,-0.5868267885406143,,4.0,-1.0,236.0,243.0,2025-04-07 09:00:00,2025-04-09 00:00:00,7694.0,7704.0,8.0,0.12997140629060766,0.016246425786325958,3.0,1.0,170.0,235.0,2025-03-12 09:00:00,2025-04-03 13:30:00,8096.0,8286.0,66.0,2.3468379446640375,0.035558150676727844,2587639.0,,323454.875,,10005242.0,0.0,151594.57575757575,0.0,2.133683698005506,,0.2586283270309704,,0.0,0.0,100.0,True,False,2025-04-07 09:00:00,7694.0,,,1.0,0.0,,,,,0.0,0.0,0.20608496219644343,99.29098137914886,
AG:5m:0:1:6625:6686:1,AG,5m,6750.0,2025-04-09 09:05:00,0.0,1.0,-1.0,CHoCH,1.0,7745.0,64.0,BOS,-1.0,7670.0,0.0,1.0,9.0,0.0,1.0,current_internal_low,internal,0.0,11.0,7670.0,7670.0,7670.0,0.2745456922473526,active_bull_internal_ob,internal,1.0,163.0,7617.0,7640.0,7628.5,0.1176624395345797,7654.0,7672.0,7635.0,7649.0,46258.0,363222.0,0.0,0.0,0.0,0.0,0.0,0.0,,7741.0,30.0,above,1.202771604131259,7773.0,False,,7670.0,11.0,above,0.2745456922473526,7727.0,True,0.0,7780.0,3.0,above,1.712642175447771,7745.0,False,,7637.0,75.0,below,0.1568832527127729,7536.0,False,,0.0,0.0,-0.00022067909084002825,-18.0,NONE,-0.00861340303473267,-0.00525881570899677,0.0020223823122381586,0.04858505019915882,-0.00022067909084002825,-0.003972223635120509,-0.0022542130551483908,-0.00253227432123615,,7715.456335010325,-0.8613403034732671,-0.713914849428865,4.211861391091429,,94.0,-1.0,6733.0,6750.0,2025-04-09 01:05:00,2025-04-09 09:00:00,7687.0,7649.0,18.0,-0.4943410953557992,-0.027463394186433288,93.0,1.0,6655.0,6732.0,2025-04-08 10:35:00,2025-04-09 01:00:00,7692.0,7691.0,78.0,-0.013000520020800543,-0.00016667333360000696,124968.0,,6942.666666666667,,620018.0,0.0,7948.948717948718,0.0,0.8734069010899684,,0.2015554387130696,,16.666666666666664,44.44444444444444,38.88888888888889,True,True,,,,,0.0,0.0,2025-04-09 01:40:00,7702.0,2025-04-09 09:00:00,7649.0,1.0,1.0,0.38456991538575336,14.751646455738417,
AG:5m:0:1:6625:6686:1,AG,15m,2249.0,2025-04-09 02:30:00,395.0,-1.0,1.0,CHoCH,-1.0,8340.0,79.0,CHoCH,1.0,7695.0,21.0,1.0,5.0,0.0,1.0,current_internal_low,internal,0.0,0.0,7670.0,7670.0,7670.0,0.2745456922473526,current_swing_low,swing,0.0,12.0,7536.0,7536.0,7536.0,1.4773172963786116,7705.0,7717.0,7701.0,7704.0,8425.0,364776.0,1.0,1.0,1.0,0.0,1.0,0.0,active_bull_internal_ob,7780.0,12.0,above,1.712642175447771,7695.0,False,,7670.0,0.0,above,0.2745456922473526,7648.0,False,,7815.0,21.0,above,2.1702183291933586,8482.0009765625,False,,7536.0,12.0,below,1.4773172963786116,7535.0,False,,0.0,0.0,0.0011335269721840734,20.0,NONE,-0.0076744204959352585,-0.004071784371173534,0.008980535741935478,0.34415098359914,0.0011335269721840734,0.02267053944368147,-0.0005753488628693626,-0.0013812003395585748,,7763.5809850333935,-0.7674420495935258,0.0,-1.2827457932716078,,33.0,1.0,2230.0,2249.0,2025-04-08 21:30:00,2025-04-09 02:15:00,7750.0,7704.0,20.0,-0.5935483870967762,-0.029677419354838808,32.0,-1.0,2161.0,2229.0,2025-04-03 09:00:00,2025-04-08 21:15:00,8374.0,7752.0,69.0,-7.427752567470747,-0.10764858793435865,436498.0,,21824.9,,2805346.0,0.0,40657.188405797104,0.0,0.5368029825910957,,0.1555950674177089,,45.0,20.0,35.0,True,True,,,2025-04-08 22:00:00,7758.0,0.0,1.0,,,2025-04-08 23:45:00,7719.0,0.0,1.0,2.205552878859149,21.684850949406094,
AG:5m:0:1:6625:6686:1,AG,1h,669.0,2025-04-09 02:30:00,395.0,-1.0,1.0,CHoCH,-1.0,8143.0,21.0,CHoCH,1.0,7745.0,5.0,1.0,2.0,0.0,1.0,current_internal_high,internal,0.0,10.0,7745.0,7745.0,7745.0,1.2550660217021832,current_internal_low,internal,0.0,7.0,7637.0,7637.0,7637.0,0.1568832527127729,7709.0,7717.0,7700.0,7704.0,15882.0,364776.0,1.0,1.0,1.0,0.0,1.0,0.0,active_bull_internal_ob,7745.0,10.0,above,1.2550660217021832,8461.0009765625,True,5.0,7637.0,7.0,below,0.1568832527127729,7536.0,False,,8544.0009765625,20.0,above,11.700888698686104,8442.0009765625,False,,8143.0,69.0,above,6.458360570009152,7804.0,True,21.0,0.0,0.0,-0.003941621281609148,-27.0,NONE,0.0186005564149882,0.01205870540558778,0.012580621706316852,0.6984662102992656,-0.003941621281609148,-0.10642377460344699,0.000764204264763535,0.0014735283998545956,0.002817550575069827,7563.318075453036,1.86005564149882,-0.05189413596263792,-1.1444747225890626,,12.0,-1.0,643.0,669.0,2025-04-03 09:00:00,2025-04-09 02:00:00,8426.0009765625,7704.0,27.0,-8.56872647618716,-0.31736023985878375,11.0,1.0,593.0,642.0,2025-03-27 21:00:00,2025-04-03 02:00:00,8402.0009765625,8396.0009765625,50.0,-0.07141156037397955,-0.001428231207479591,3241844.0,,120068.29629629629,,3799871.0,0.0,75997.42,0.0,1.5798996373336922,,0.8531458041601938,,0.0,25.925925925925924,74.07407407407408,True,False,2025-04-07 09:00:00,7739.0,,,1.0,0.0,2025-04-08 21:00:00,7766.0,2025-04-08 22:00:00,7730.0,1.0,1.0,1.0432812879305622,53.121399320509724,2.0
AG:5m:0:1:6625:6686:1,AG,4h,243.0,2025-04-09 02:30:00,395.0,-1.0,-1.0,CHoCH,-1.0,7804.0,7.0,CHoCH,-1.0,8340.0,8.0,0.0,1.0,0.0,1.0,current_swing_low,swing,0.0,53.0,7804.0,7804.0,7804.0,2.026408680873317,current_internal_low,internal,0.0,1.0,7536.0,7536.0,7536.0,1.4773172963786116,7719.0,7728.0,7670.0,7704.0,153762.0,364776.0,0.0,0.0,0.0,0.0,0.0,0.0,,8482.0009765625,12.0,above,10.890325226336776,8544.0009765625,False,,7536.0,1.0,below,1.4773172963786116,8340.0,False,,8285.0,93.0,above,8.314812393776965,,True,67.0,7804.0,53.0,above,2.026408680873317,7505.0,True,7.0,0.0,0.0,0.0002092877074874322,-8.0,NONE,0.020044880314777164,0.017366814065630353,0.0035790392201880935,0.7728495367129342,0.0002092877074874322,0.0016743016598994576,0.0009941363889567345,,,7552.6088593500035,2.0044880314777163,-0.1943256898562007,-0.5868267885406143,,4.0,-1.0,236.0,243.0,2025-04-07 09:00:00,2025-04-09 00:00:00,7694.0,7704.0,8.0,0.12997140629060766,0.016246425786325958,3.0,1.0,170.0,235.0,2025-03-12 09:00:00,2025-04-03 13:30:00,8096.0,8286.0,66.0,2.3468379446640375,0.035558150676727844,2587639.0,,323454.875,,10005242.0,0.0,151594.57575757575,0.0,2.133683698005506,,0.2586283270309704,,0.0,0.0,100.0,True,False,2025-04-07 09:00:00,7694.0,,,1.0,0.0,,,,,0.0,0.0,0.20608496219644343,99.29098137914886,
AG:5m:1:-1:6701:6706:1,AG,5m,6793.0,2025-04-09 14:55:00,0.0,-1.0,1.0,CHoCH,-1.0,7637.0,42.0,BOS,1.0,7756.0,0.0,3.0,7.0,0.0,2.0,active_bear_swing_ob,swing,-1.0,42.0,7764.0,7780.0,7772.0,0.038654812524159254,current_internal_high,internal,0.0,1.0,7756.0,7756.0,7756.0,0.06442468754026544,7745.0,7762.0,7744.0,7761.0,8041.0,349873.0,1.0,1.0,0.0,1.0,1.0,0.0,active_bear_internal_ob,7756.0,1.0,below,0.06442468754026544,7698.0,True,0.0,7676.0,13.0,below,1.0952196881845124,7664.0,False,,7780.0,46.0,above,0.2448138126530086,7745.0,False,,7637.0,118.0,below,1.5977322509985827,7536.0,True,42.0,0.0,0.0,0.00024973855173843575,15.0,NONE,0.014611763751822236,0.01337809243599378,0.0011011395033830626,0.868719549554507,0.00024973855173843575,0.0037460782760765365,0.0011977426482319142,0.0030658290590688253,,7649.231240234633,1.4611763751822235,0.20658489347966658,0.06083632246297696,,95.0,1.0,6779.0,6793.0,2025-04-09 13:40:00,2025-04-09 14:50:00,7713.0,7761.0,15.0,0.6223259432127648,0.04148839621418432,94.0,-1.0,6733.0,6778.0,2025-04-09 01:05:00,2025-04-09 13:35:00,7687.0,7707.0,46.0,0.26017952387147325,0.005656076605901592,122183.0,,8145.533333333334,,385800.0,0.0,8386.95652173913,0.0,0.9712144461724556,,0.31670036288232245,,100.0,0.0,0.0,False,False,,,,,0.0,0.0,,,,,0.0,0.0,0.08230915645495503,13.521900027847796,
AG:5m:1:-1:6701:6706:1,AG,15m,2263.0,2025-04-09 14:45:00,10.0,-1.0,1.0,CHoCH,-1.0,8340.0,93.0,CHoCH,1.0,7717.0,3.0,1.0,5.0,0.0,1.0,current_swing_high,swing,0.0,35.0,7815.0,7815.0,7815.0,0.6957866254348666,current_internal_high,internal,0.0,9.0,7717.0,7717.0,7717.0,0.5669372503543357,7750.0,7753.0,7741.0,7743.0,20069.0,352266.0,0.0,0.0,0.0,0.0,0.0,0.0,,7717.0,9.0,below,0.5669372503543357,7780.0,True,3.0,7599.0,7.0,below,2.0873598763045997,7670.0,False,,7815.0,35.0,above,0.6957866254348666,8482.0009765625,False,,7536.0,26.0,below,2.8991109393119445,7535.0,False,,0.0,0.0,-0.001254809562134537,-14.0,NONE,0.01649725482936389,0.010210342818986858,0.007614777968021915,0.7954901205515542,-0.001254809562134537,-0.017567333869883517,0.0013944146483646502,0.001891006644090254,,7617.334885276982,1.649725482936389,-0.09032258064516352,-0.2766617371192817,,34.0,-1.0,2250.0,2263.0,2025-04-09 09:00:00,2025-04-09 14:30:00,7639.0,7743.0,14.0,1.3614347427673756,0.09724533876909826,33.0,1.0,2230.0,2249.0,2025-04-08 21:30:00,2025-04-09 02:15:00,7750.0,7704.0,20.0,-0.5935483870967762,-0.029677419354838808,415512.0,,29679.428571428572,,436498.0,0.0,21824.9,0.0,1.3598884105507274,,0.9519218873855092,,28.57142857142857,42.857142857142854,28.57142857142857,False,False,2025-04-09 09:15:00,7646.0,,,1.0,0.0,2025-04-09 10:00:00,7685.0,,,1.0,0.0,0.7457906265264369,24.600870918917266,
AG:5m:1:-1:6701:6706:1,AG,1h,673.0,2025-04-09 14:00:00,55.0,-1.0,1.0,CHoCH,-1.0,8143.0,25.0,CHoCH,1.0,7745.0,9.0,0.0,2.0,0.0,1.0,current_internal_high,internal,0.0,3.0,7780.0,7780.0,7780.0,0.2448138126530086,current_internal_low,internal,0.0,11.0,7637.0,7637.0,7637.0,1.5977322509985827,7701.0,7722.0,7687.0,7718.0,47368.0,358365.0,0.0,0.0,0.0,0.0,0.0,0.0,,7780.0,3.0,above,0.2448138126530086,7745.0,False,,7637.0,11.0,below,1.5977322509985827,7536.0,False,,8544.0009765625,24.0,above,10.088918651752351,8442.0009765625,False,,8143.0,73.0,above,4.922046128076278,7804.0,True,25.0,0.0,0.0,-0.003417685375340653,-31.0,NONE,0.01990883837102015,0.012721974472254228,0.01188742253735365,0.7272699995898605,-0.003417685375340653,-0.10594824663556024,0.0005652977055852215,0.0017768486551668072,0.0028544104887269217,7567.342991484464,1.990883837102015,0.2077382498052449,-0.5558051952328444,,12.0,-1.0,643.0,673.0,2025-04-03 09:00:00,2025-04-09 13:30:00,8426.0009765625,7718.0,31.0,-8.402574109970473,-0.271050777740983,11.0,1.0,593.0,642.0,2025-03-27 21:00:00,2025-04-03 02:00:00,8402.0009765625,8396.0009765625,50.0,-0.07141156037397955,-0.001428231207479591,3578591.0,,115438.41935483871,,3799871.0,0.0,75997.42,0.0,1.5189781357688026,,0.9417664441766576,,0.0,35.483870967741936,64.51612903225806,True,False,2025-04-07 09:00:00,7739.0,,,1.0,0.0,2025-04-08 21:00:00,7766.0,2025-04-08 22:00:00,7730.0,1.0,1.0,0.9344007538514811,51.89320298815801,2.0
AG:5m:1:-1:6701:6706:1,AG,4h,244.0,2025-04-09 11:30:00,205.0,-1.0,-1.0,CHoCH,-1.0,7804.0,8.0,CHoCH,-1.0,8340.0,9.0,0.0,1.0,0.0,1.0,current_swing_low,swing,0.0,54.0,7804.0,7804.0,7804.0,0.5540523128462826,current_internal_low,internal,0.0,2.0,7536.0,7536.0,7536.0,2.8991109393119445,7654.0,7705.0,7599.0,7702.0,289379.0,359057.0,0.0,0.0,0.0,0.0,0.0,0.0,,8482.0009765625,13.0,above,9.29005252625306,8544.0009765625,False,,7536.0,2.0,below,2.8991109393119445,8340.0,False,,8285.0,94.0,above,6.751707254219817,,True,68.0,7804.0,54.0,above,0.5540523128462826,7505.0,True,8.0,0.0,0.0,0.0002132530011697615,-9.0,NONE,0.019530728732502393,0.017607249028616136,0.0034421960022285986,0.7118489631591244,0.0002132530011697615,0.0019192770105278534,0.001126837157833016,,,7554.455969733502,1.9530728732502394,-0.025960539979230646,0.22983095609344797,,4.0,-1.0,236.0,244.0,2025-04-07 09:00:00,2025-04-09 09:00:00,7694.0,7702.0,9.0,0.10397712503249501,0.011553013892499445,3.0,1.0,170.0,235.0,2025-03-12 09:00:00,2025-04-03 13:30:00,8096.0,8286.0,66.0,2.3468379446640375,0.035558150676727844,2877018.0,,319668.6666666667,,10005242.0,0.0,151594.57575757575,0.0,2.108707815363187,,0.28755106573134365,,0.0,0.0,100.0,True,False,2025-04-07 09:00:00,7694.0,,,1.0,0.0,,,,,0.0,0.0,0.19549879692359542,99.77019699492395,
AG:5m:1:-1:6701:6706:2,AG,5m,6796.0,2025-04-09 21:10:00,0.0,-1.0,1.0,CHoCH,-1.0,7637.0,45.0,BOS,1.0,7756.0,3.0,3.0,7.0,0.0,2.0,active_bear_swing_ob,swing,-1.0,45.0,7764.0,7780.0,7772.0,0.07733952049497293,current_internal_high,internal,0.0,4.0,7756.0,7756.0,7756.0,0.025779840164990978,7744.0,7768.0,7744.0,7758.0,18486.0,349954.0,1.0,1.0,0.0,1.0,1.0,0.0,active_bear_internal_ob,7756.0,4.0,below,0.025779840164990978,7698.0,True,3.0,7676.0,16.0,below,1.0569734467646301,7664.0,False,,7780.0,49.0,above,0.28357824181490077,7745.0,False,,7637.0,121.0,below,1.5596803299819542,7536.0,True,45.0,0.0,0.0,0.00030879525073786623,18.0,NONE,0.012391721765377433,0.013211438825430443,0.0011291257843931133,0.23392705680272163,0.00030879525073786623,0.0055583145132815925,0.002303010800041916,0.00377249395776591,,7663.041719139938,1.2391721765377433,0.16785022595222632,1.7953413821647572,,95.0,1.0,6779.0,6796.0,2025-04-09 13:40:00,2025-04-09 21:05:00,7713.0,7758.0,18.0,0.5834305717619559,0.03241280954233088,94.0,-1.0,6733.0,6778.0,2025-04-09 01:05:00,2025-04-09 13:35:00,7687.0,7707.0,46.0,0.26017952387147325,0.005656076605901592,176604.0,,9811.333333333334,,385800.0,0.0,8386.95652173913,0.0,1.1698323829272508,,0.4577604976671851,,100.0,0.0,0.0,False,False,,,,,0.0,0.0,,,,,0.0,0.0,0.0854657694224554,14.468882784687175,
AG:5m:1:-1:6701:6706:2,AG,15m,2264.0,2025-04-09 15:00:00,370.0,-1.0,1.0,CHoCH,-1.0,8340.0,94.0,CHoCH,1.0,7717.0,4.0,1.0,5.0,0.0,1.0,current_swing_high,swing,0.0,36.0,7815.0,7815.0,7815.0,0.7347254447022429,current_internal_high,internal,0.0,10.0,7717.0,7717.0,7717.0,0.5284867233823151,7743.0,7762.0,7737.0,7755.0,24182.0,348959.0,0.0,0.0,0.0,0.0,0.0,0.0,,7717.0,10.0,below,0.5284867233823151,7780.0,True,4.0,7599.0,8.0,below,2.0494972931167825,7670.0,False,,7815.0,36.0,above,0.7347254447022429,8482.0009765625,False,,7536.0,27.0,below,2.8615622583139984,7535.0,False,,0.0,0.0,-0.0011506216733507453,-15.0,NONE,0.01775352652393064,0.010713221732649776,0.0075933923969515975,0.8230787822468575,-0.0011506216733507453,-0.01725932510026118,0.0014545641327008418,0.002098550836526325,,7619.723044818804,1.775352652393064,0.15497869043006318,-0.049365286921228095,,34.0,-1.0,2250.0,2264.0,2025-04-09 09:00:00,2025-04-09 14:45:00,7639.0,7755.0,15.0,1.5185233669328335,0.10123489112885557,33.0,1.0,2230.0,2249.0,2025-04-08 21:30:00,2025-04-09 02:15:00,7750.0,7704.0,20.0,-0.5935483870967762,-0.029677419354838808,439694.0,,29312.933333333334,,436498.0,0.0,21824.9,0.0,1.3430958828371875,,1.0073219121278907,,33.33333333333333,40.0,26.666666666666668,False,False,2025-04-09 09:15:00,7646.0,,,1.0,0.0,2025-04-09 10:00:00,7685.0,,,1.0,0.0,0.7087870097759538,24.629380138994605,
AG:5m:1:-1:6701:6706:2,AG,1h,674.0,2025-04-09 15:00:00,370.0,-1.0,1.0,CHoCH,-1.0,8143.0,26.0,CHoCH,1.0,7745.0,10.0,0.0,2.0,0.0,1.0,current_internal_high,internal,0.0,4.0,7780.0,7780.0,7780.0,0.28357824181490077,current_internal_low,internal,0.0,12.0,7637.0,7637.0,7637.0,1.5596803299819542,7718.0,7762.0,7716.0,7755.0,102947.0,348959.0,0.0,0.0,0.0,0.0,0.0,0.0,,7780.0,4.0,above,0.28357824181490077,7745.0,False,,7637.0,12.0,below,1.5596803299819542,7536.0,False,,8544.0009765625,25.0,above,10.131489772654035,8442.0009765625,False,,8143.0,74.0,above,4.962619231760764,7804.0,True,26.0,0.0,0.0,-0.003302555257223918,-32.0,NONE,0.02449291187683422,0.013089816266147353,0.011878105352760552,0.831474817676411,-0.003302555257223918,-0.10568176823116537,0.0008303783730954084,0.0015952172165529799,0.0027859373039087476,7569.598491211734,2.449291187683422,0.47939880798133494,0.4733752754213977,,12.0,-1.0,643.0,674.0,2025-04-03 09:00:00,2025-04-09 14:00:00,8426.0009765625,7755.0,32.0,-7.963457142112085,-0.24885803569100265,11.0,1.0,593.0,642.0,2025-03-27 21:00:00,2025-04-03 02:00:00,8402.0009765625,8396.0009765625,50.0,-0.07141156037397955,-0.001428231207479591,3681538.0,,115048.0625,,3799871.0,0.0,75997.42,0.0,1.5138416869941111,,0.9688586796762311,,0.0,37.5,62.5,True,False,2025-04-07 09:00:00,7739.0,,,1.0,0.0,2025-04-09 14:00:00,7755.0,2025-04-08 22:00:00,7730.0,2.0,1.0,0.9074310220441744,51.47225991757529,4.0
AG:5m:1:-1:6701:6706:2,AG,4h,245.0,2025-04-09 15:00:00,370.0,-1.0,-1.0,CHoCH,-1.0,7804.0,9.0,CHoCH,-1.0,8340.0,10.0,0.0,1.0,0.0,1.0,current_swing_low,swing,0.0,55.0,7804.0,7804.0,7804.0,0.5929363237947924,current_internal_low,internal,0.0,3.0,7536.0,7536.0,7536.0,2.8615622583139984,7701.0,7762.0,7687.0,7755.0,150315.0,348959.0,0.0,0.0,0.0,0.0,0.0,0.0,,8482.0009765625,14.0,above,9.332314727539314,8544.0009765625,False,,7536.0,3.0,below,2.8615622583139984,8340.0,False,,8285.0,95.0,above,6.7929878834751225,,True,69.0,7804.0,55.0,above,0.5929363237947924,7505.0,True,9.0,0.0,0.0,0.00021220986288601474,-10.0,NONE,0.026338690721786243,0.018480393197933147,0.004186319224532851,0.9697503863367382,0.00021220986288601474,0.0021220986288601473,0.0011959140428887682,,,7555.985241622523,2.633869072178624,0.6881329524798696,-0.6143618807584459,,4.0,-1.0,236.0,245.0,2025-04-07 09:00:00,2025-04-09 13:30:00,7694.0,7755.0,10.0,0.7928255783727689,0.07928255783727689,3.0,1.0,170.0,235.0,2025-03-12 09:00:00,2025-04-03 13:30:00,8096.0,8286.0,66.0,2.3468379446640375,0.035558150676727844,3027333.0,,302733.3,,10005242.0,0.0,151594.57575757575,0.0,1.9969929562923117,,0.30257469034731993,,0.0,0.0,100.0,True,False,2025-04-07 09:00:00,7694.0,,,1.0,0.0,,,,,0.0,0.0,0.22652760575467895,98.00089720957224,
AG:5m:1:-1:6712:6717:1,AG,5m,6785.0,2025-04-09 14:15:00,0.0,-1.0,1.0,CHoCH,-1.0,7637.0,34.0,BOS,1.0,7698.0,9.0,2.0,7.0,0.0,2.0,active_bear_internal_ob,internal,-1.0,79.0,7758.0,7773.0,7765.5,0.27142303218301667,current_internal_high,internal,0.0,12.0,7698.0,7698.0,7698.0,0.5040713454827452,7720.0,7744.0,7719.0,7737.0,12580.0,356978.0,0.0,0.0,0.0,0.0,0.0,0.0,,7698.0,12.0,below,0.5040713454827452,7687.0,True,9.0,7676.0,5.0,below,0.7884192839601912,7664.0,False,,7780.0,38.0,above,0.5557709706604628,7745.0,False,,7637.0,110.0,below,1.2924906294429366,7536.0,True,34.0,0.0,0.0,0.00018321773013491821,7.0,NONE,0.0139628232856192,0.012537035590549656,0.0006363820242360045,0.9874694231079141,0.00018321773013491821,0.0012825241109444274,0.0011549759069551246,,,7630.457273501629,1.39628232856192,0.2202072538860067,2.2510650966445946,,95.0,1.0,6779.0,6785.0,2025-04-09 13:40:00,2025-04-09 14:10:00,7713.0,7737.0,7.0,0.3111629716063824,0.04445185308662606,94.0,-1.0,6733.0,6778.0,2025-04-09 01:05:00,2025-04-09 13:35:00,7687.0,7707.0,46.0,0.26017952387147325,0.005656076605901592,53551.0,,7650.142857142857,,385800.0,0.0,8386.95652173913,0.0,0.9121476708879508,,0.13880508035251427,,100.0,0.0,0.0,False,False,,,,,0.0,0.0,,,,,0.0,0.0,0.05076016731704148,14.2895200258418,
AG:5m:1:-1:6712:6717:1,AG,15m,2261.0,2025-04-09 14:15:00,0.0,-1.0,1.0,CHoCH,-1.0,8340.0,91.0,CHoCH,1.0,7717.0,1.0,1.0,5.0,0.0,1.0,current_swing_high,swing,0.0,33.0,7815.0,7815.0,7815.0,1.0081426909654905,current_internal_high,internal,0.0,7.0,7717.0,7717.0,7717.0,0.2584981258885873,7718.0,7744.0,7716.0,7737.0,23894.0,356978.0,0.0,0.0,0.0,0.0,0.0,0.0,,7717.0,7.0,below,0.2584981258885873,7780.0,True,1.0,7599.0,5.0,below,1.7836370686312524,7670.0,False,,7815.0,33.0,above,1.0081426909654905,8482.0009765625,False,,7536.0,24.0,below,2.5979061651803024,7535.0,False,,0.0,0.0,-0.001520151810996841,-12.0,NONE,0.016407390927422865,0.009064854467386354,0.007642430433985872,0.8316634078244177,-0.001520151810996841,-0.018241821731962093,0.0009180393832870504,0.001574940123228341,,7612.10521397366,1.6407390927422865,0.2461777662606801,-0.011293222882917165,,34.0,-1.0,2250.0,2261.0,2025-04-09 09:00:00,2025-04-09 14:00:00,7639.0,7737.0,12.0,1.2828904306846356,0.1069075358903863,33.0,1.0,2230.0,2249.0,2025-04-08 21:30:00,2025-04-09 02:15:00,7750.0,7704.0,20.0,-0.5935483870967762,-0.029677419354838808,360641.0,,30053.416666666668,,436498.0,0.0,21824.9,0.0,1.3770242551703176,,0.8262145531021906,,16.666666666666664,50.0,33.33333333333333,False,False,2025-04-09 09:15:00,7646.0,,,1.0,0.0,2025-04-09 10:00:00,7685.0,,,1.0,0.0,0.8430836326696587,25.921720118980968,
AG:5m:1:-1:6712:6717:1,AG,1h,673.0,2025-04-09 14:00:00,15.0,-1.0,1.0,CHoCH,-1.0,8143.0,25.0,CHoCH,1.0,7745.0,9.0,0.0,2.0,0.0,1.0,current_internal_high,internal,0.0,3.0,7780.0,7780.0,7780.0,0.5557709706604628,current_internal_low,internal,0.0,11.0,7637.0,7637.0,7637.0,1.2924906294429366,7701.0,7722.0,7687.0,7718.0,47368.0,358365.0,0.0,0.0,0.0,0.0,0.0,0.0,,7780.0,3.0,above,0.5557709706604628,7745.0,False,,7637.0,11.0,below,1.2924906294429366,7536.0,False,,8544.0009765625,24.0,above,10.430412001583301,8442.0009765625,False,,8143.0,73.0,above,5.2475119555383225,7804.0,True,25.0,0.0,0.0,-0.003417685375340653,-31.0,NONE,0.01990883837102015,0.012721974472254228,0.01188742253735365,0.7272699995898605,-0.003417685375340653,-0.10594824663556024,0.0005652977055852215,0.0017768486551668072,0.0028544104887269217,7567.342991484464,1.990883837102015,0.2077382498052449,-0.5558051952328444,,12.0,-1.0,643.0,673.0,2025-04-03 09:00:00,2025-04-09 13:30:00,8426.0009765625,7718.0,31.0,-8.402574109970473,-0.271050777740983,11.0,1.0,593.0,642.0,2025-03-27 21:00:00,2025-04-03 02:00:00,8402.0009765625,8396.0009765625,50.0,-0.07141156037397955,-0.001428231207479591,3578591.0,,115438.41935483871,,3799871.0,0.0,75997.42,0.0,1.5189781357688026,,0.9417664441766576,,0.0,35.483870967741936,64.51612903225806,True,False,2025-04-07 09:00:00,7739.0,,,1.0,0.0,2025-04-08 21:00:00,7766.0,2025-04-08 22:00:00,7730.0,1.0,1.0,0.9344007538514811,51.89320298815801,2.0
AG:5m:1:-1:6712:6717:1,AG,4h,244.0,2025-04-09 11:30:00,165.0,-1.0,-1.0,CHoCH,-1.0,7804.0,8.0,CHoCH,-1.0,8340.0,9.0,0.0,1.0,0.0,1.0,current_swing_low,swing,0.0,54.0,7804.0,7804.0,7804.0,0.8659687217267675,current_internal_low,internal,0.0,2.0,7536.0,7536.0,7536.0,2.5979061651803024,7654.0,7705.0,7599.0,7702.0,289379.0,359057.0,0.0,0.0,0.0,0.0,0.0,0.0,,8482.0009765625,13.0,above,9.62906781132868,8544.0009765625,False,,7536.0,2.0,below,2.5979061651803024,8340.0,False,,8285.0,94.0,above,7.082848649347293,,True,68.0,7804.0,54.0,above,0.8659687217267675,7505.0,True,8.0,0.0,0.0,0.0002132530011697615,-9.0,NONE,0.019530728732502393,0.017607249028616136,0.0034421960022285986,0.7118489631591244,0.0002132530011697615,0.0019192770105278534,0.001126837157833016,,,7554.455969733502,1.9530728732502394,-0.025960539979230646,0.22983095609344797,,4.0,-1.0,236.0,244.0,2025-04-07 09:00:00,2025-04-09 09:00:00,7694.0,7702.0,9.0,0.10397712503249501,0.011553013892499445,3.0,1.0,170.0,235.0,2025-03-12 09:00:00,2025-04-03 13:30:00,8096.0,8286.0,66.0,2.3468379446640375,0.035558150676727844,2877018.0,,319668.6666666667,,10005242.0,0.0,151594.57575757575,0.0,2.108707815363187,,0.28755106573134365,,0.0,0.0,100.0,True,False,2025-04-07 09:00:00,7694.0,,,1.0,0.0,,,,,0.0,0.0,0.19549879692359542,99.77019699492395,
AG:5m:1:-1:6747:6750:1,AG,5m,6776.0,2025-04-09 11:30:00,0.0,-1.0,1.0,CHoCH,-1.0,7637.0,25.0,BOS,1.0,7698.0,0.0,2.0,9.0,0.0,2.0,active_bear_internal_ob,internal,-1.0,59.0,7734.0,7741.0,7737.5,0.41547649961049077,current_internal_high,internal,0.0,3.0,7698.0,7698.0,7698.0,0.051934562451311346,7684.0,7705.0,7684.0,7702.0,9318.0,359057.0,1.0,1.0,0.0,1.0,1.0,0.0,active_bear_internal_ob,7698.0,3.0,below,0.051934562451311346,7687.0,True,0.0,7664.0,10.0,below,0.4933783432874578,7599.0,False,,7780.0,29.0,above,1.0127239678005713,7745.0,False,,7637.0,101.0,below,0.8439366398338094,7536.0,True,25.0,0.0,0.0,-0.0003837558827389408,-44.0,NONE,0.011367836864325773,0.0014824303085558266,0.007720184392131725,0.8998087362394211,-0.0003837558827389408,-0.016885258840513395,0.00045020896472736105,0.0008475540653498648,0.001865802278067763,7615.42904496499,1.1367836864325773,0.23425299323269755,0.7936537628291896,,94.0,-1.0,6733.0,6776.0,2025-04-09 01:05:00,2025-04-09 11:25:00,7687.0,7702.0,44.0,0.19513464290359384,0.004434878247808951,93.0,1.0,6655.0,6732.0,2025-04-08 10:35:00,2025-04-09 01:00:00,7692.0,7691.0,78.0,-0.013000520020800543,-0.00016667333360000696,368089.0,,8365.65909090909,,620018.0,0.0,7948.948717948718,0.0,1.052423331404748,,0.593674699766781,,43.18181818181818,31.818181818181817,25.0,False,False,2025-04-09 09:25:00,7646.0,,,1.0,0.0,2025-04-09 09:25:00,7646.0,2025-04-09 09:00:00,7649.0,2.0,1.0,5.207789093068851,15.019531293608223,
AG:5m:1:-1:6747:6750:1,AG,15m,2258.0,2025-04-09 11:30:00,0.0,-1.0,-1.0,CHoCH,-1.0,8340.0,88.0,CHoCH,-1.0,7670.0,8.0,0.0,6.0,0.0,1.0,current_internal_high,internal,0.0,4.0,7717.0,7717.0,7717.0,0.19475460919241755,current_internal_low,internal,0.0,2.0,7599.0,7599.0,7599.0,1.3373149831212672,7685.0,7705.0,7676.0,7702.0,17657.0,359057.0,1.0,1.0,0.0,1.0,1.0,0.0,active_bear_internal_ob,7717.0,4.0,above,0.19475460919241755,7780.0,False,,7599.0,2.0,below,1.3373149831212672,7670.0,False,,7815.0,30.0,above,1.4671513892495456,8482.0009765625,False,,7536.0,21.0,below,2.1552843417294207,7535.0,False,,0.0,0.0,-0.0021039271995658445,-9.0,NONE,0.012524708153388827,0.007163520390984521,0.007934454017074148,0.7503795171606461,-0.0021039271995658445,-0.0189353447960926,0.0004959005047975307,,,7606.72795239404,1.2524708153388826,0.22121014964215924,-0.31891767882361366,,34.0,-1.0,2250.0,2258.0,2025-04-09 09:00:00,2025-04-09 11:15:00,7639.0,7702.0,9.0,0.8247152768686927,0.09163503076318807,33.0,1.0,2230.0,2249.0,2025-04-08 21:30:00,2025-04-09 02:15:00,7750.0,7704.0,20.0,-0.5935483870967762,-0.029677419354838808,289379.0,,32153.222222222223,,436498.0,0.0,21824.9,0.0,1.4732357180203446,,0.6629560731091552,,0.0,55.55555555555556,44.44444444444444,True,False,2025-04-09 09:15:00,7646.0,,,1.0,0.0,2025-04-09 10:00:00,7685.0,,,1.0,0.0,1.1076193804180228,25.853982706638035,
AG:5m:1:-1:6747:6750:1,AG,1h,672.0,2025-04-09 11:30:00,0.0,-1.0,1.0,CHoCH,-1.0,8143.0,24.0,CHoCH,1.0,7745.0,8.0,0.0,2.0,0.0,1.0,current_internal_high,internal,0.0,2.0,7780.0,7780.0,7780.0,1.0127239678005713,current_internal_low,internal,0.0,10.0,7637.0,7637.0,7637.0,0.8439366398338094,7690.0,7705.0,7676.0,7702.0,28142.0,359057.0,0.0,0.0,0.0,0.0,0.0,0.0,,7780.0,2.0,above,1.0127239678005713,7745.0,False,,7637.0,10.0,below,0.8439366398338094,7536.0,False,,8544.0009765625,23.0,above,10.932238075337574,8442.0009765625,False,,8143.0,72.0,above,5.725785510257076,7804.0,True,24.0,0.0,0.0,-0.0035348271982605485,-30.0,NONE,0.01790443693711518,0.012482412342295364,0.01201008262378794,0.6741695568691427,-0.0035348271982605485,-0.10604481594781645,0.0005898710462166612,0.001759542762388211,0.0030168568945874163,7566.525619217651,1.790443693711518,0.1560468140442195,-0.8920388047649281,,12.0,-1.0,643.0,672.0,2025-04-03 09:00:00,2025-04-09 11:00:00,8426.0009765625,7702.0,30.0,-8.59246252850383,-0.28641541761679434,11.0,1.0,593.0,642.0,2025-03-27 21:00:00,2025-04-03 02:00:00,8402.0009765625,8396.0009765625,50.0,-0.07141156037397955,-0.001428231207479591,3531223.0,,117707.43333333333,,3799871.0,0.0,75997.42,0.0,1.548834596402527,,0.9293007578415162,,0.0,33.33333333333333,66.66666666666666,True,False,2025-04-07 09:00:00,7739.0,,,1.0,0.0,2025-04-08 21:00:00,7766.0,2025-04-08 22:00:00,7730.0,1.0,1.0,0.9621603816990579,53.19268014109324,2.0
AG:5m:1:-1:6747:6750:1,AG,4h,244.0,2025-04-09 11:30:00,0.0,-1.0,-1.0,CHoCH,-1.0,7804.0,8.0,CHoCH,-1.0,8340.0,9.0,0.0,1.0,0.0,1.0,current_swing_low,swing,0.0,54.0,7804.0,7804.0,7804.0,1.3243313425084395,current_internal_low,internal,0.0,2.0,7536.0,7536.0,7536.0,2.1552843417294207,7654.0,7705.0,7599.0,7702.0,289379.0,359057.0,0.0,0.0,0.0,0.0,0.0,0.0,,8482.0009765625,13.0,above,10.127252357342249,8544.0009765625,False,,7536.0,2.0,below,2.1552843417294207,8340.0,False,,8285.0,94.0,above,7.56946247727863,,True,68.0,7804.0,54.0,above,1.3243313425084395,7505.0,True,8.0,0.0,0.0,0.0002132530011697615,-9.0,NONE,0.019530728732502393,0.017607249028616136,0.0034421960022285986,0.7118489631591244,0.0002132530011697615,0.0019192770105278534,0.001126837157833016,,,7554.455969733502,1.9530728732502394,-0.025960539979230646,0.22983095609344797,,4.0,-1.0,236.0,244.0,2025-04-07 09:00:00,2025-04-09 09:00:00,7694.0,7702.0,9.0,0.10397712503249501,0.011553013892499445,3.0,1.0,170.0,235.0,2025-03-12 09:00:00,2025-04-03 13:30:00,8096.0,8286.0,66.0,2.3468379446640375,0.035558150676727844,2877018.0,,319668.6666666667,,10005242.0,0.0,151594.57575757575,0.0,2.108707815363187,,0.28755106573134365,,0.0,0.0,100.0,True,False,2025-04-07 09:00:00,7694.0,,,1.0,0.0,,,,,0.0,0.0,0.19549879692359542,99.77019699492395,
AG:5m:0:-1:6696:6751:1,AG,5m,6796.0,2025-04-09 21:10:00,0.0,-1.0,1.0,CHoCH,-1.0,7637.0,45.0,BOS,1.0,7756.0,3.0,3.0,7.0,0.0,2.0,active_bear_swing_ob,swing,-1.0,45.0,7764.0,7780.0,7772.0,0.07733952049497293,current_internal_high,internal,0.0,4.0,7756.0,7756.0,7756.0,0.025779840164990978,7744.0,7768.0,7744.0,7758.0,18486.0,349954.0,1.0,1.0,0.0,1.0,1.0,0.0,active_bear_internal_ob,7756.0,4.0,below,0.025779840164990978,7698.0,True,3.0,7676.0,16.0,below,1.0569734467646301,7664.0,False,,7780.0,49.0,above,0.28357824181490077,7745.0,False,,7637.0,121.0,below,1.5596803299819542,7536.0,True,45.0,0.0,0.0,0.00030879525073786623,18.0,NONE,0.012391721765377433,0.013211438825430443,0.0011291257843931133,0.23392705680272163,0.00030879525073786623,0.0055583145132815925,0.002303010800041916,0.00377249395776591,,7663.041719139938,1.2391721765377433,0.16785022595222632,1.7953413821647572,,95.0,1.0,6779.0,6796.0,2025-04-09 13:40:00,2025-04-09 21:05:00,7713.0,7758.0,18.0,0.5834305717619559,0.03241280954233088,94.0,-1.0,6733.0,6778.0,2025-04-09 01:05:00,2025-04-09 13:35:00,7687.0,7707.0,46.0,0.26017952387147325,0.005656076605901592,176604.0,,9811.333333333334,,385800.0,0.0,8386.95652173913,0.0,1.1698323829272508,,0.4577604976671851,,100.0,0.0,0.0,False,False,,,,,0.0,0.0,,,,,0.0,0.0,0.0854657694224554,14.468882784687175,
AG:5m:0:-1:6696:6751:1,AG,15m,2264.0,2025-04-09 15:00:00,370.0,-1.0,1.0,CHoCH,-1.0,8340.0,94.0,CHoCH,1.0,7717.0,4.0,1.0,5.0,0.0,1.0,current_swing_high,swing,0.0,36.0,7815.0,7815.0,7815.0,0.7347254447022429,current_internal_high,internal,0.0,10.0,7717.0,7717.0,7717.0,0.5284867233823151,7743.0,7762.0,7737.0,7755.0,24182.0,348959.0,0.0,0.0,0.0,0.0,0.0,0.0,,7717.0,10.0,below,0.5284867233823151,7780.0,True,4.0,7599.0,8.0,below,2.0494972931167825,7670.0,False,,7815.0,36.0,above,0.7347254447022429,8482.0009765625,False,,7536.0,27.0,below,2.8615622583139984,7535.0,False,,0.0,0.0,-0.0011506216733507453,-15.0,NONE,0.01775352652393064,0.010713221732649776,0.0075933923969515975,0.8230787822468575,-0.0011506216733507453,-0.01725932510026118,0.0014545641327008418,0.002098550836526325,,7619.723044818804,1.775352652393064,0.15497869043006318,-0.049365286921228095,,34.0,-1.0,2250.0,2264.0,2025-04-09 09:00:00,2025-04-09 14:45:00,7639.0,7755.0,15.0,1.5185233669328335,0.10123489112885557,33.0,1.0,2230.0,2249.0,2025-04-08 21:30:00,2025-04-09 02:15:00,7750.0,7704.0,20.0,-0.5935483870967762,-0.029677419354838808,439694.0,,29312.933333333334,,436498.0,0.0,21824.9,0.0,1.3430958828371875,,1.0073219121278907,,33.33333333333333,40.0,26.666666666666668,False,False,2025-04-09 09:15:00,7646.0,,,1.0,0.0,2025-04-09 10:00:00,7685.0,,,1.0,0.0,0.7087870097759538,24.629380138994605,
AG:5m:0:-1:6696:6751:1,AG,1h,674.0,2025-04-09 15:00:00,370.0,-1.0,1.0,CHoCH,-1.0,8143.0,26.0,CHoCH,1.0,7745.0,10.0,0.0,2.0,0.0,1.0,current_internal_high,internal,0.0,4.0,7780.0,7780.0,7780.0,0.28357824181490077,current_internal_low,internal,0.0,12.0,7637.0,7637.0,7637.0,1.5596803299819542,7718.0,7762.0,7716.0,7755.0,102947.0,348959.0,0.0,0.0,0.0,0.0,0.0,0.0,,7780.0,4.0,above,0.28357824181490077,7745.0,False,,7637.0,12.0,below,1.5596803299819542,7536.0,False,,8544.0009765625,25.0,above,10.131489772654035,8442.0009765625,False,,8143.0,74.0,above,4.962619231760764,7804.0,True,26.0,0.0,0.0,-0.003302555257223918,-32.0,NONE,0.02449291187683422,0.013089816266147353,0.011878105352760552,0.831474817676411,-0.003302555257223918,-0.10568176823116537,0.0008303783730954084,0.0015952172165529799,0.0027859373039087476,7569.598491211734,2.449291187683422,0.47939880798133494,0.4733752754213977,,12.0,-1.0,643.0,674.0,2025-04-03 09:00:00,2025-04-09 14:00:00,8426.0009765625,7755.0,32.0,-7.963457142112085,-0.24885803569100265,11.0,1.0,593.0,642.0,2025-03-27 21:00:00,2025-04-03 02:00:00,8402.0009765625,8396.0009765625,50.0,-0.07141156037397955,-0.001428231207479591,3681538.0,,115048.0625,,3799871.0,0.0,75997.42,0.0,1.5138416869941111,,0.9688586796762311,,0.0,37.5,62.5,True,False,2025-04-07 09:00:00,7739.0,,,1.0,0.0,2025-04-09 14:00:00,7755.0,2025-04-08 22:00:00,7730.0,2.0,1.0,0.9074310220441744,51.47225991757529,4.0
AG:5m:0:-1:6696:6751:1,AG,4h,245.0,2025-04-09 15:00:00,370.0,-1.0,-1.0,CHoCH,-1.0,7804.0,9.0,CHoCH,-1.0,8340.0,10.0,0.0,1.0,0.0,1.0,current_swing_low,swing,0.0,55.0,7804.0,7804.0,7804.0,0.5929363237947924,current_internal_low,internal,0.0,3.0,7536.0,7536.0,7536.0,2.8615622583139984,7701.0,7762.0,7687.0,7755.0,150315.0,348959.0,0.0,0.0,0.0,0.0,0.0,0.0,,8482.0009765625,14.0,above,9.332314727539314,8544.0009765625,False,,7536.0,3.0,below,2.8615622583139984,8340.0,False,,8285.0,95.0,above,6.7929878834751225,,True,69.0,7804.0,55.0,above,0.5929363237947924,7505.0,True,9.0,0.0,0.0,0.00021220986288601474,-10.0,NONE,0.026338690721786243,0.018480393197933147,0.004186319224532851,0.9697503863367382,0.00021220986288601474,0.0021220986288601473,0.0011959140428887682,,,7555.985241622523,2.633869072178624,0.6881329524798696,-0.6143618807584459,,4.0,-1.0,236.0,245.0,2025-04-07 09:00:00,2025-04-09 13:30:00,7694.0,7755.0,10.0,0.7928255783727689,0.07928255783727689,3.0,1.0,170.0,235.0,2025-03-12 09:00:00,2025-04-03 13:30:00,8096.0,8286.0,66.0,2.3468379446640375,0.035558150676727844,3027333.0,,302733.3,,10005242.0,0.0,151594.57575757575,0.0,1.9969929562923117,,0.30257469034731993,,0.0,0.0,100.0,True,False,2025-04-07 09:00:00,7694.0,,,1.0,0.0,,,,,0.0,0.0,0.22652760575467895,98.00089720957224,
AG:5m:1:1:6761:6770:1,AG,5m,6775.0,2025-04-09 11:25:00,0.0,-1.0,1.0,CHoCH,-1.0,7637.0,24.0,CHoCH,1.0,7687.0,5.0,1.0,9.0,0.0,2.0,current_internal_high,internal,0.0,2.0,7698.0,7698.0,7698.0,0.18219677251431546,active_bull_internal_ob,internal,1.0,5.0,7664.0,7676.0,7670.0,0.10411244143675169,7680.0,7688.0,7676.0,7684.0,4206.0,359589.0,0.0,0.0,0.0,0.0,0.0,0.0,,7698.0,2.0,above,0.18219677251431546,7687.0,False,,7664.0,9.0,below,0.2602811035918792,7599.0,False,,7780.0,28.0,above,1.2493492972410203,7745.0,False,,7637.0,100.0,below,0.6116605934409162,7536.0,True,24.0,0.0,0.0,-0.0003974889254473235,-43.0,NONE,0.009216468860336816,0.0012525371328402464,0.007659104659337427,0.8507834247387303,-0.0003974889254473235,-0.017092023794234912,0.0003490113886144286,0.0006875622034736573,0.0018015390996510838,7613.827396888597,0.9216468860336816,0.05208333333333037,-0.6123923323016487,,94.0,-1.0,6733.0,6775.0,2025-04-09 01:05:00,2025-04-09 11:20:00,7687.0,7684.0,43.0,-0.03902692858072099,-0.0009076029902493253,93.0,1.0,6655.0,6732.0,2025-04-08 10:35:00,2025-04-09 01:00:00,7692.0,7691.0,78.0,-0.013000520020800543,-0.00016667333360000696,358771.0,,8343.511627906977,,620018.0,0.0,7948.948717948718,0.0,1.0496371185622744,,0.5786461038227922,,41.86046511627907,32.55813953488372,25.581395348837212,False,False,2025-04-09 09:25:00,7646.0,,,1.0,0.0,2025-04-09 09:25:00,7646.0,2025-04-09 09:00:00,7649.0,2.0,1.0,6.11487233274249,14.559495239270394,
AG:5m:1:1:6761:6770:1,AG,15m,2257.0,2025-04-09 11:15:00,10.0,-1.0,-1.0,CHoCH,-1.0,8340.0,87.0,CHoCH,-1.0,7670.0,7.0,0.0,6.0,0.0,1.0,active_bear_internal_ob,internal,-1.0,7.0,7701.0,7717.0,7709.0,0.22123893805309736,current_internal_low,internal,0.0,1.0,7599.0,7599.0,7599.0,1.1061946902654867,7690.0,7696.0,7681.0,7685.0,10485.0,360355.0,0.0,0.0,0.0,0.0,0.0,0.0,,7717.0,3.0,above,0.42946382092660074,7780.0,False,,7599.0,1.0,below,1.1061946902654867,7670.0,False,,7815.0,29.0,above,1.7048412285268089,8482.0009765625,False,,7536.0,20.0,below,1.9260801665799063,7535.0,False,,0.0,0.0,-0.0023837343982386627,-8.0,NONE,0.010428401426957213,0.0064933719206839826,0.008172093664874487,0.6849266445155031,-0.0023837343982386627,-0.019069875185909302,0.0005291784320613502,,,7605.684865099806,1.0428401426957212,-0.06501950585175997,-0.6983829232621986,,34.0,-1.0,2250.0,2257.0,2025-04-09 09:00:00,2025-04-09 11:00:00,7639.0,7685.0,8.0,0.6021730593009478,0.07527163241261847,33.0,1.0,2230.0,2249.0,2025-04-08 21:30:00,2025-04-09 02:15:00,7750.0,7704.0,20.0,-0.5935483870967762,-0.029677419354838808,271722.0,,33965.25,,436498.0,0.0,21824.9,0.0,1.556261426169192,,0.6225045704676768,,0.0,50.0,50.0,False,False,2025-04-09 09:15:00,7646.0,,,1.0,0.0,2025-04-09 10:00:00,7685.0,,,1.0,0.0,1.258528506405602,25.611981376379422,
AG:5m:1:1:6761:6770:1,AG,1h,671.0,2025-04-09 11:00:00,25.0,-1.0,1.0,CHoCH,-1.0,8143.0,23.0,CHoCH,1.0,7745.0,7.0,0.0,2.0,0.0,1.0,current_internal_high,internal,0.0,1.0,7780.0,7780.0,7780.0,1.2493492972410203,current_internal_low,internal,0.0,9.0,7637.0,7637.0,7637.0,0.6116605934409162,7676.0,7698.0,7666.0,7690.0,45084.0,360657.0,0.0,0.0,0.0,0.0,0.0,0.0,,7780.0,1.0,above,1.2493492972410203,7745.0,False,,7637.0,9.0,below,0.6116605934409162,7536.0,False,,8544.0009765625,22.0,above,11.19210016348907,8442.0009765625,False,,8143.0,71.0,above,5.9734513274336285,7804.0,True,23.0,0.0,0.0,-0.0036584476834378423,-29.0,NONE,0.016375541133709665,0.01229544597695675,0.012172397338422031,0.6312600251093842,-0.0036584476834378423,-0.10609498281969743,0.0006656846032593311,0.0017442439055235237,0.003043756034970757,7566.101001822848,1.6375541133709666,0.18238665971861412,-0.7581666232651062,,12.0,-1.0,643.0,671.0,2025-04-03 09:00:00,2025-04-09 10:00:00,8426.0009765625,7690.0,29.0,-8.734878842403859,-0.30120271870358134,11.0,1.0,593.0,642.0,2025-03-27 21:00:00,2025-04-03 02:00:00,8402.0009765625,8396.0009765625,50.0,-0.07141156037397955,-0.001428231207479591,3503081.0,,120795.89655172414,,3799871.0,0.0,75997.42,0.0,1.5894736499176438,,0.9218947169522334,,0.0,31.03448275862069,68.96551724137932,True,False,2025-04-07 09:00:00,7739.0,,,1.0,0.0,2025-04-08 21:00:00,7766.0,2025-04-08 22:00:00,7730.0,1.0,1.0,0.9899923403538735,55.053655536561955,3.0
AG:5m:1:1:6761:6770:1,AG,4h,243.0,2025-04-09 02:30:00,535.0,-1.0,-1.0,CHoCH,-1.0,7804.0,7.0,CHoCH,-1.0,8340.0,8.0,0.0,1.0,0.0,1.0,current_swing_low,swing,0.0,53.0,7804.0,7804.0,7804.0,1.5616866215512752,current_internal_low,internal,0.0,1.0,7536.0,7536.0,7536.0,1.9260801665799063,7719.0,7728.0,7670.0,7704.0,153762.0,364776.0,0.0,0.0,0.0,0.0,0.0,0.0,,8482.0009765625,12.0,above,10.385228742354242,8544.0009765625,False,,7536.0,1.0,below,1.9260801665799063,8340.0,False,,8285.0,93.0,above,7.821447162935971,,True,67.0,7804.0,53.0,above,1.5616866215512752,7505.0,True,7.0,0.0,0.0,0.0002092877074874322,-8.0,NONE,0.020044880314777164,0.017366814065630353,0.0035790392201880935,0.7728495367129342,0.0002092877074874322,0.0016743016598994576,0.0009941363889567345,,,7552.6088593500035,2.0044880314777163,-0.1943256898562007,-0.5868267885406143,,4.0,-1.0,236.0,243.0,2025-04-07 09:00:00,2025-04-09 00:00:00,7694.0,7704.0,8.0,0.12997140629060766,0.016246425786325958,3.0,1.0,170.0,235.0,2025-03-12 09:00:00,2025-04-03 13:30:00,8096.0,8286.0,66.0,2.3468379446640375,0.035558150676727844,2587639.0,,323454.875,,10005242.0,0.0,151594.57575757575,0.0,2.133683698005506,,0.2586283270309704,,0.0,0.0,100.0,True,False,2025-04-07 09:00:00,7694.0,,,1.0,0.0,,,,,0.0,0.0,0.20608496219644343,99.29098137914886,
AG:5m:1:1:6792:6793:1,AG,5m,6795.0,2025-04-09 21:05:00,0.0,-1.0,1.0,CHoCH,-1.0,7637.0,44.0,BOS,1.0,7756.0,2.0,3.0,7.0,0.0,2.0,current_internal_high,internal,0.0,3.0,7756.0,7756.0,7756.0,0.14202711426726922,active_bull_internal_ob,internal,1.0,19.0,7676.0,7688.0,7682.0,0.7359586830213041,7746.0,7755.0,7738.0,7745.0,25514.0,349858.0,1.0,1.0,1.0,0.0,1.0,0.0,active_bull_internal_ob,7756.0,3.0,above,0.14202711426726922,7698.0,True,2.0,7676.0,15.0,below,0.8908973531310522,7664.0,False,,7780.0,48.0,above,0.4519044544867657,7745.0,False,,7637.0,120.0,below,1.3944480309877338,7536.0,True,44.0,0.0,0.0,0.0002911149757541744,17.0,NONE,0.01130811172969904,0.013259657476021798,0.0011437088522105235,0.04397324474018671,0.0002911149757541744,0.004948954587820964,0.0019201138902205095,0.0036617342144587006,,7658.3979799719755,1.130811172969904,-0.12894906511927706,3.6520106894153015,,95.0,1.0,6779.0,6795.0,2025-04-09 13:40:00,2025-04-09 21:00:00,7713.0,7745.0,17.0,0.4148839621418432,0.02440493894952019,94.0,-1.0,6733.0,6778.0,2025-04-09 01:05:00,2025-04-09 13:35:00,7687.0,7707.0,46.0,0.26017952387147325,0.005656076605901592,158118.0,,9301.058823529413,,385800.0,0.0,8386.95652173913,0.0,1.1089909431890954,,0.40984447900466564,,100.0,0.0,0.0,True,False,,,,,0.0,0.0,,,,,0.0,0.0,0.08625478103629435,13.735719921970803,
AG:5m:1:1:6792:6793:1,AG,15m,2264.0,2025-04-09 15:00:00,365.0,-1.0,1.0,CHoCH,-1.0,8340.0,94.0,CHoCH,1.0,7717.0,4.0,1.0,5.0,0.0,1.0,current_swing_high,swing,0.0,36.0,7815.0,7815.0,7815.0,0.9038089089735314,current_internal_high,internal,0.0,10.0,7717.0,7717.0,7717.0,0.3615235635894125,7743.0,7762.0,7737.0,7755.0,24182.0,348959.0,0.0,0.0,0.0,0.0,0.0,0.0,,7717.0,10.0,below,0.3615235635894125,7780.0,True,4.0,7599.0,8.0,below,1.8850871530019366,7670.0,False,,7815.0,36.0,above,0.9038089089735314,8482.0009765625,False,,7536.0,27.0,below,2.698515171078115,7535.0,False,,0.0,0.0,-0.0011506216733507453,-15.0,NONE,0.01775352652393064,0.010713221732649776,0.0075933923969515975,0.8230787822468575,-0.0011506216733507453,-0.01725932510026118,0.0014545641327008418,0.002098550836526325,,7619.723044818804,1.775352652393064,0.15497869043006318,-0.049365286921228095,,34.0,-1.0,2250.0,2264.0,2025-04-09 09:00:00,2025-04-09 14:45:00,7639.0,7755.0,15.0,1.5185233669328335,0.10123489112885557,33.0,1.0,2230.0,2249.0,2025-04-08 21:30:00,2025-04-09 02:15:00,7750.0,7704.0,20.0,-0.5935483870967762,-0.029677419354838808,439694.0,,29312.933333333334,,436498.0,0.0,21824.9,0.0,1.3430958828371875,,1.0073219121278907,,33.33333333333333,40.0,26.666666666666668,False,False,2025-04-09 09:15:00,7646.0,,,1.0,0.0,2025-04-09 10:00:00,7685.0,,,1.0,0.0,0.7087870097759538,24.629380138994605,
AG:5m:1:1:6792:6793:1,AG,1h,674.0,2025-04-09 15:00:00,365.0,-1.0,1.0,CHoCH,-1.0,8143.0,26.0,CHoCH,1.0,7745.0,10.0,0.0,2.0,0.0,1.0,current_internal_high,internal,0.0,4.0,7780.0,7780.0,7780.0,0.4519044544867657,current_internal_low,internal,0.0,12.0,7637.0,7637.0,7637.0,1.3944480309877338,7718.0,7762.0,7716.0,7755.0,102947.0,348959.0,0.0,0.0,0.0,0.0,0.0,0.0,,7780.0,4.0,above,0.4519044544867657,7745.0,False,,7637.0,12.0,below,1.3944480309877338,7536.0,False,,8544.0009765625,25.0,above,10.316345727081988,8442.0009765625,False,,8143.0,74.0,above,5.1387992253066495,7804.0,True,26.0,0.0,0.0,-0.003302555257223918,-32.0,NONE,0.02449291187683422,0.013089816266147353,0.011878105352760552,0.831474817676411,-0.003302555257223918,-0.10568176823116537,0.0008303783730954084,0.0015952172165529799,0.0027859373039087476,7569.598491211734,2.449291187683422,0.47939880798133494,0.4733752754213977,,12.0,-1.0,643.0,674.0,2025-04-03 09:00:00,2025-04-09 14:00:00,8426.0009765625,7755.0,32.0,-7.963457142112085,-0.24885803569100265,11.0,1.0,593.0,642.0,2025-03-27 21:00:00,2025-04-03 02:00:00,8402.0009765625,8396.0009765625,50.0,-0.07141156037397955,-0.001428231207479591,3681538.0,,115048.0625,,3799871.0,0.0,75997.42,0.0,1.5138416869941111,,0.9688586796762311,,0.0,37.5,62.5,True,False,2025-04-07 09:00:00,7739.0,,,1.0,0.0,2025-04-09 14:00:00,7755.0,2025-04-08 22:00:00,7730.0,2.0,1.0,0.9074310220441744,51.47225991757529,4.0
AG:5m:1:1:6792:6793:1,AG,4h,245.0,2025-04-09 15:00:00,365.0,-1.0,-1.0,CHoCH,-1.0,7804.0,9.0,CHoCH,-1.0,8340.0,10.0,0.0,1.0,0.0,1.0,current_swing_low,swing,0.0,55.0,7804.0,7804.0,7804.0,0.7617817947062621,current_internal_low,internal,0.0,3.0,7536.0,7536.0,7536.0,2.698515171078115,7701.0,7762.0,7687.0,7755.0,150315.0,348959.0,0.0,0.0,0.0,0.0,0.0,0.0,,8482.0009765625,14.0,above,9.51582926484829,8544.0009765625,False,,7536.0,3.0,below,2.698515171078115,8340.0,False,,8285.0,95.0,above,6.972240154938671,,True,69.0,7804.0,55.0,above,0.7617817947062621,7505.0,True,9.0,0.0,0.0,0.00021220986288601474,-10.0,NONE,0.026338690721786243,0.018480393197933147,0.004186319224532851,0.9697503863367382,0.00021220986288601474,0.0021220986288601473,0.0011959140428887682,,,7555.985241622523,2.633869072178624,0.6881329524798696,-0.6143618807584459,,4.0,-1.0,236.0,245.0,2025-04-07 09:00:00,2025-04-09 13:30:00,7694.0,7755.0,10.0,0.7928255783727689,0.07928255783727689,3.0,1.0,170.0,235.0,2025-03-12 09:00:00,2025-04-03 13:30:00,8096.0,8286.0,66.0,2.3468379446640375,0.035558150676727844,3027333.0,,302733.3,,10005242.0,0.0,151594.57575757575,0.0,1.9969929562923117,,0.30257469034731993,,0.0,0.0,100.0,True,False,2025-04-07 09:00:00,7694.0,,,1.0,0.0,,,,,0.0,0.0,0.22652760575467895,98.00089720957224,
AG:5m:1:1:6792:6793:2,AG,5m,6801.0,2025-04-09 21:35:00,0.0,-1.0,1.0,CHoCH,-1.0,7637.0,50.0,BOS,1.0,7756.0,8.0,3.0,7.0,0.0,2.0,active_bear_internal_ob,internal,-1.0,95.0,7758.0,7773.0,7765.5,0.0257864878803507,active_bull_internal_ob,internal,1.0,8.0,7737.0,7747.0,7742.0,0.11603919546157813,7753.0,7765.0,7746.0,7756.0,13510.0,346764.0,1.0,0.0,0.0,0.0,1.0,0.0,current_internal_high,7756.0,9.0,overlap,0.0,7698.0,True,8.0,7737.0,4.0,below,0.2449716348633316,7676.0,False,,7780.0,54.0,above,0.30943785456420836,7745.0,False,,7637.0,126.0,below,1.5342960288808665,7536.0,True,50.0,0.0,0.0,0.00032117904368639505,23.0,NONE,0.01029331378847415,0.012728079012404388,0.0014004144072621984,0.04105227566593583,0.00032117904368639505,0.0073871180047870855,0.0018186946148326388,0.0041258938882144935,0.00704915571884257,7676.978451847776,1.029331378847415,0.0386946988262693,0.5647533776370279,,95.0,1.0,6779.0,6801.0,2025-04-09 13:40:00,2025-04-09 21:30:00,7713.0,7756.0,23.0,0.5575003241280907,0.02423914452730829,94.0,-1.0,6733.0,6778.0,2025-04-09 01:05:00,2025-04-09 13:35:00,7687.0,7707.0,46.0,0.26017952387147325,0.005656076605901592,238454.0,,10367.565217391304,,385800.0,0.0,8386.95652173913,0.0,1.2361534473820632,,0.6180767236910316,,100.0,0.0,0.0,False,False,,,,,0.0,0.0,,,,,0.0,0.0,0.11002559034221883,15.968335172426027,
AG:5m:1:1:6792:6793:2,AG,15m,2266.0,2025-04-09 21:30:00,5.0,-1.0,1.0,CHoCH,-1.0,8340.0,96.0,CHoCH,1.0,7717.0,6.0,1.0,5.0,0.0,1.0,current_swing_high,swing,0.0,38.0,7815.0,7815.0,7815.0,0.7607013924703455,current_internal_high,internal,0.0,12.0,7717.0,7717.0,7717.0,0.5028365136668386,7749.0,7770.0,7744.0,7753.0,33814.0,346823.0,0.0,0.0,0.0,0.0,0.0,0.0,,7717.0,12.0,below,0.5028365136668386,7780.0,True,6.0,7599.0,10.0,below,2.0242392986075295,7670.0,False,,7815.0,38.0,above,0.7607013924703455,8482.0009765625,False,,7536.0,29.0,below,2.8365136668385764,7535.0,False,,0.0,0.0,-0.0009478191856827764,-17.0,NONE,0.016305496393363757,0.011365748184625615,0.0073532171426582095,0.7491382915684341,-0.0009478191856827764,-0.0161129261566072,0.0021684520918485717,0.003088482199556708,,7628.611699448274,1.6305496393363756,0.05161956381467547,0.30480105639669575,,34.0,-1.0,2250.0,2266.0,2025-04-09 09:00:00,2025-04-09 21:15:00,7639.0,7753.0,17.0,1.4923419295719276,0.08778481938658397,33.0,1.0,2230.0,2249.0,2025-04-08 21:30:00,2025-04-09 02:15:00,7750.0,7704.0,20.0,-0.5935483870967762,-0.029677419354838808,532034.0,,31296.117647058825,,436498.0,0.0,21824.9,0.0,1.4339638507878076,,1.2188692731696364,,41.17647058823529,35.294117647058826,23.52941176470588,False,False,2025-04-09 09:15:00,7646.0,,,1.0,0.0,2025-04-09 10:00:00,7685.0,,,1.0,0.0,0.6469628768130606,25.083496140255555,
AG:5m:1:1:6792:6793:2,AG,1h,674.0,2025-04-09 15:00:00,395.0,-1.0,1.0,CHoCH,-1.0,8143.0,26.0,CHoCH,1.0,7745.0,10.0,0.0,2.0,0.0,1.0,current_internal_high,internal,0.0,4.0,7780.0,7780.0,7780.0,0.30943785456420836,current_internal_low,internal,0.0,12.0,7637.0,7637.0,7637.0,1.5342960288808665,7718.0,7762.0,7716.0,7755.0,102947.0,348959.0,0.0,0.0,0.0,0.0,0.0,0.0,,7780.0,4.0,above,0.30943785456420836,7745.0,False,,7637.0,12.0,below,1.5342960288808665,7536.0,False,,8544.0009765625,25.0,above,10.159888815916709,8442.0009765625,False,,8143.0,74.0,above,4.98968540484786,7804.0,True,26.0,0.0,0.0,-0.003302555257223918,-32.0,NONE,0.02449291187683422,0.013089816266147353,0.011878105352760552,0.831474817676411,-0.003302555257223918,-0.10568176823116537,0.0008303783730954084,0.0015952172165529799,0.0027859373039087476,7569.598491211734,2.449291187683422,0.47939880798133494,0.4733752754213977,,12.0,-1.0,643.0,674.0,2025-04-03 09:00:00,2025-04-09 14:00:00,8426.0009765625,7755.0,32.0,-7.963457142112085,-0.24885803569100265,11.0,1.0,593.0,642.0,2025-03-27 21:00:00,2025-04-03 02:00:00,8402.0009765625,8396.0009765625,50.0,-0.07141156037397955,-0.001428231207479591,3681538.0,,115048.0625,,3799871.0,0.0,75997.42,0.0,1.5138416869941111,,0.9688586796762311,,0.0,37.5,62.5,True,False,2025-04-07 09:00:00,7739.0,,,1.0,0.0,2025-04-09 14:00:00,7755.0,2025-04-08 22:00:00,7730.0,2.0,1.0,0.9074310220441744,51.47225991757529,4.0
AG:5m:1:1:6792:6793:2,AG,4h,245.0,2025-04-09 15:00:00,395.0,-1.0,-1.0,CHoCH,-1.0,7804.0,9.0,CHoCH,-1.0,8340.0,10.0,0.0,1.0,0.0,1.0,current_swing_low,swing,0.0,55.0,7804.0,7804.0,7804.0,0.6188757091284167,current_internal_low,internal,0.0,3.0,7536.0,7536.0,7536.0,2.8365136668385764,7701.0,7762.0,7687.0,7755.0,150315.0,348959.0,0.0,0.0,0.0,0.0,0.0,0.0,,8482.0009765625,14.0,above,9.360507691625838,8544.0009765625,False,,7536.0,3.0,below,2.8365136668385764,8340.0,False,,8285.0,95.0,above,6.820526044352759,,True,69.0,7804.0,55.0,above,0.6188757091284167,7505.0,True,9.0,0.0,0.0,0.00021220986288601474,-10.0,NONE,0.026338690721786243,0.018480393197933147,0.004186319224532851,0.9697503863367382,0.00021220986288601474,0.0021220986288601473,0.0011959140428887682,,,7555.985241622523,2.633869072178624,0.6881329524798696,-0.6143618807584459,,4.0,-1.0,236.0,245.0,2025-04-07 09:00:00,2025-04-09 13:30:00,7694.0,7755.0,10.0,0.7928255783727689,0.07928255783727689,3.0,1.0,170.0,235.0,2025-03-12 09:00:00,2025-04-03 13:30:00,8096.0,8286.0,66.0,2.3468379446640375,0.035558150676727844,3027333.0,,302733.3,,10005242.0,0.0,151594.57575757575,0.0,1.9969929562923117,,0.30257469034731993,,0.0,0.0,100.0,True,False,2025-04-07 09:00:00,7694.0,,,1.0,0.0,,,,,0.0,0.0,0.22652760575467895,98.00089720957224,
AG:5m:1:1:6804:6811:1,AG,5m,6817.0,2025-04-09 22:55:00,0.0,1.0,1.0,CHoCH,1.0,7780.0,7.0,BOS,1.0,7794.0,6.0,4.0,6.0,1.0,1.0,current_swing_high,swing,0.0,70.0,7780.0,7780.0,7780.0,0.2189875048306067,current_internal_low,internal,0.0,8.0,7754.0,7754.0,7754.0,0.11593456138090945,7779.0,7779.0,7761.0,7763.0,17269.0,347475.0,1.0,1.0,1.0,0.0,1.0,0.0,active_bull_internal_ob,7814.0,0.0,above,0.6569625144918202,7794.0,False,,7754.0,8.0,below,0.11593456138090945,7737.0,False,,7780.0,70.0,above,0.2189875048306067,7745.0,True,7.0,7599.0,12.0,below,2.1125853407187942,7637.0,False,,0.0,0.0,0.0003372530375850935,39.0,NONE,0.0054504647752940194,0.011647070637980133,0.0019997924863182364,0.0009721065291379283,0.0003372530375850935,0.013152868465818646,0.001300860845168117,0.0032325382401170444,0.007113286189408319,7720.917411615038,0.5450464775294019,-0.20568196426276053,1.2058068680156744,,95.0,1.0,6779.0,6817.0,2025-04-09 13:40:00,2025-04-09 22:50:00,7713.0,7763.0,39.0,0.64825619084663,0.01662195361145205,94.0,-1.0,6733.0,6778.0,2025-04-09 01:05:00,2025-04-09 13:35:00,7687.0,7707.0,46.0,0.26017952387147325,0.005656076605901592,446787.0,,11456.076923076924,,385800.0,0.0,8386.95652173913,0.0,1.3659397057064244,,1.1580793157076206,,97.43589743589743,2.564102564102564,0.0,True,False,,,,,0.0,0.0,,,2025-04-09 22:50:00,7763.0,0.0,1.0,0.1716991807190624,16.881749154029666,
AG:5m:1:1:6804:6811:1,AG,15m,2271.0,2025-04-09 22:45:00,10.0,-1.0,1.0,CHoCH,-1.0,8340.0,101.0,CHoCH,1.0,7717.0,11.0,1.0,5.0,0.0,1.0,current_swing_high,swing,0.0,43.0,7815.0,7815.0,7815.0,0.6698441324230323,current_internal_high,internal,0.0,17.0,7717.0,7717.0,7717.0,0.5925544248357594,7798.0,7809.0,7784.0,7784.0,28205.0,347308.0,0.0,0.0,0.0,0.0,0.0,0.0,,7717.0,17.0,below,0.5925544248357594,7780.0,True,11.0,7599.0,15.0,below,2.1125853407187942,7670.0,False,,7815.0,43.0,above,0.6698441324230323,8482.0009765625,False,,7536.0,34.0,below,2.9241272703851604,7535.0,False,,0.0,0.0,0.00039912333786489284,5.0,NONE,0.017603192991048244,0.018085280291083184,0.0009907425506346928,0.3132737824603157,0.00039912333786489284,0.0019956166893244642,,,,7649.347067318484,1.7603192991048244,-0.19233235030131635,-0.07721691426701772,,35.0,1.0,2267.0,2271.0,2025-04-09 21:30:00,2025-04-09 22:30:00,7766.0,7784.0,5.0,0.23177955189286337,0.04635591037857267,34.0,-1.0,2250.0,2266.0,2025-04-09 09:00:00,2025-04-09 21:15:00,7639.0,7753.0,17.0,1.4923419295719276,0.08778481938658397,194613.0,,38922.6,,532034.0,0.0,31296.117647058825,0.0,1.2436878094257133,,0.36579053218403335,,100.0,0.0,0.0,False,False,,,,,0.0,0.0,,,,,0.0,0.0,0.05478170836661963,27.33113905739407,
AG:5m:1:1:6804:6811:1,AG,1h,675.0,2025-04-09 22:00:00,55.0,-1.0,1.0,CHoCH,-1.0,8143.0,27.0,CHoCH,1.0,7745.0,11.0,0.0,2.0,0.0,1.0,current_internal_high,internal,0.0,5.0,7780.0,7780.0,7780.0,0.2189875048306067,current_internal_low,internal,0.0,0.0,7599.0,7599.0,7599.0,2.1125853407187942,7746.0,7794.0,7738.0,7776.0,179448.0,344878.0,0.0,0.0,0.0,0.0,0.0,0.0,,7780.0,5.0,above,0.2189875048306067,7745.0,False,,7599.0,0.0,below,2.1125853407187942,7637.0,False,,8544.0009765625,26.0,above,10.060556183981708,8442.0009765625,False,,8143.0,75.0,above,4.895014813860621,7804.0,True,27.0,0.0,0.0,-0.0031864026970489716,-33.0,NONE,0.0266581885439284,0.01350097906244375,0.011925758082838068,0.8650428206932947,-0.0031864026970489716,-0.10515128900261606,0.001136770935589393,0.0019000781816447265,0.0031962327710861604,7574.088520180621,2.6658188543928403,0.27079303675048294,1.743624310592118,,12.0,-1.0,643.0,675.0,2025-04-03 09:00:00,2025-04-09 21:00:00,8426.0009765625,7776.0,33.0,-7.714228592787043,-0.23376450281172856,11.0,1.0,593.0,642.0,2025-03-27 21:00:00,2025-04-03 02:00:00,8402.0009765625,8396.0009765625,50.0,-0.07141156037397955,-0.001428231207479591,3860986.0,,116999.57575757576,,3799871.0,0.0,75997.42,0.0,1.5395203647383788,,1.01608344072733,,0.0,39.39393939393939,60.60606060606061,True,False,2025-04-07 09:00:00,7739.0,,,1.0,0.0,2025-04-09 14:00:00,7755.0,2025-04-08 22:00:00,7730.0,2.0,1.0,0.8833254260805765,51.795669923462775,4.0
AG:5m:1:1:6804:6811:1,AG,4h,245.0,2025-04-09 15:00:00,475.0,-1.0,-1.0,CHoCH,-1.0,7804.0,9.0,CHoCH,-1.0,8340.0,10.0,0.0,1.0,0.0,1.0,current_swing_low,swing,0.0,55.0,7804.0,7804.0,7804.0,0.5281463351796986,current_internal_low,internal,0.0,3.0,7536.0,7536.0,7536.0,2.9241272703851604,7701.0,7762.0,7687.0,7755.0,150315.0,348959.0,0.0,0.0,0.0,0.0,0.0,0.0,,8482.0009765625,14.0,above,9.261895872246555,8544.0009765625,False,,7536.0,3.0,below,2.9241272703851604,8340.0,False,,8285.0,95.0,above,6.724204560092748,,True,69.0,7804.0,55.0,above,0.5281463351796986,7505.0,True,9.0,0.0,0.0,0.00021220986288601474,-10.0,NONE,0.026338690721786243,0.018480393197933147,0.004186319224532851,0.9697503863367382,0.00021220986288601474,0.0021220986288601473,0.0011959140428887682,,,7555.985241622523,2.633869072178624,0.6881329524798696,-0.6143618807584459,,4.0,-1.0,236.0,245.0,2025-04-07 09:00:00,2025-04-09 13:30:00,7694.0,7755.0,10.0,0.7928255783727689,0.07928255783727689,3.0,1.0,170.0,235.0,2025-03-12 09:00:00,2025-04-03 13:30:00,8096.0,8286.0,66.0,2.3468379446640375,0.035558150676727844,3027333.0,,302733.3,,10005242.0,0.0,151594.57575757575,0.0,1.9969929562923117,,0.30257469034731993,,0.0,0.0,100.0,True,False,2025-04-07 09:00:00,7694.0,,,1.0,0.0,,,,,0.0,0.0,0.22652760575467895,98.00089720957224,
AG:5m:1:1:6830:6842:1,AG,5m,6849.0,2025-04-10 01:35:00,0.0,1.0,1.0,CHoCH,1.0,7780.0,39.0,BOS,1.0,7810.0,0.0,4.0,6.0,1.0,1.0,active_bear_internal_ob,internal,-1.0,321.0,8278.0,8287.0,8282.5,5.762105532132362,current_internal_high,internal,0.0,1.0,7810.0,7810.0,7810.0,0.21719688258592054,7777.0,7828.0,7772.0,7827.0,25692.0,347217.0,0.0,0.0,0.0,0.0,0.0,0.0,,7810.0,1.0,below,0.21719688258592054,7792.0,True,0.0,7762.0,14.0,below,0.8304586687108727,7748.0,False,,7780.0,102.0,below,0.6004854989140156,7745.0,True,39.0,7599.0,44.0,below,2.9129934840935223,7637.0,False,,1.0,1.0,0.00025368505539446405,71.0,UP_CONFIRMED,0.008901254137674702,0.008974580355340838,0.003388696642667999,0.49136817221612783,0.00025368505539446405,0.018011638933006946,0.0015819423334748617,0.00231257993153422,0.002988081213875393,7757.944563851169,0.8901254137674702,0.6299820005142731,3.1352338932499686,,95.0,1.0,6779.0,6849.0,2025-04-09 13:40:00,2025-04-10 01:30:00,7713.0,7827.0,71.0,1.4780241151302942,0.020817241058173157,94.0,-1.0,6733.0,6778.0,2025-04-09 01:05:00,2025-04-09 13:35:00,7687.0,7707.0,46.0,0.26017952387147325,0.005656076605901592,705762.0,,9940.30985915493,,385800.0,0.0,8386.95652173913,0.0,1.1852106104746676,,1.8293468118195957,,63.38028169014085,36.61971830985916,0.0,True,False,,,,,0.0,0.0,2025-04-10 01:30:00,7827.0,2025-04-10 01:25:00,7778.0,3.0,3.0,0.3775883114859361,15.95304154063738,
AG:5m:1:1:6830:6842:1,AG,15m,2282.0,2025-04-10 01:30:00,5.0,-1.0,1.0,CHoCH,-1.0,8340.0,112.0,BOS,1.0,7792.0,2.0,2.0,5.0,0.0,1.0,active_bear_internal_ob,internal,-1.0,112.0,8423.0009765625,8442.0009765625,8432.5009765625,7.614679654561135,current_swing_high,swing,0.0,54.0,7815.0,7815.0,7815.0,0.15331544653123802,7791.0,7808.0,7776.0,7778.0,43084.0,348251.0,0.0,0.0,0.0,0.0,0.0,0.0,,7792.0,3.0,below,0.44717005238277757,7814.0,True,2.0,7762.0,1.0,below,0.8304586687108727,7748.0,False,,7815.0,54.0,below,0.15331544653123802,8482.0009765625,False,,7536.0,45.0,below,3.717899578382522,7535.0,False,,0.0,0.0,0.00032982571586022413,16.0,NONE,0.013499541521118156,0.01595750345541861,0.0017895376562671185,0.08479570621638477,0.00032982571586022413,0.005277211453763586,0.001328420592052515,0.0028108642277804297,,7674.3991302910035,1.3499541521118157,-0.1668591965087951,0.9727549504626302,,35.0,1.0,2267.0,2282.0,2025-04-09 21:30:00,2025-04-10 01:15:00,7766.0,7778.0,16.0,0.1545197012619015,0.009657481328868844,34.0,-1.0,2250.0,2266.0,2025-04-09 09:00:00,2025-04-09 21:15:00,7639.0,7753.0,17.0,1.4923419295719276,0.08778481938658397,455126.0,,28445.375,,532034.0,0.0,31296.117647058825,0.0,0.9089106617246265,,0.8554453286820015,,50.0,50.0,0.0,False,False,,,,,0.0,0.0,2025-04-09 23:00:00,7767.0,2025-04-09 22:45:00,7754.0,1.0,1.0,0.11214396169592894,24.479344691944906,
AG:5m:1:1:6830:6842:1,AG,1h,678.0,2025-04-10 01:00:00,35.0,-1.0,1.0,CHoCH,-1.0,8143.0,30.0,BOS,1.0,7780.0,0.0,1.0,2.0,0.0,1.0,current_swing_low,swing,0.0,78.0,8143.0,8143.0,8143.0,4.037306758655935,current_internal_high,internal,0.0,8.0,7780.0,7780.0,7780.0,0.6004854989140156,7774.0,7804.0,7767.0,7795.0,45516.0,348817.0,0.0,0.0,0.0,0.0,0.0,0.0,,7780.0,8.0,below,0.6004854989140156,7745.0,True,0.0,7599.0,3.0,below,2.9129934840935223,7637.0,False,,8544.0009765625,29.0,above,9.160610407084452,8442.0009765625,False,,8143.0,78.0,above,4.037306758655935,7804.0,True,30.0,0.0,0.0,-0.002895119890820456,-36.0,NONE,0.02810173160550068,0.014507087958957134,0.011909457953935377,0.8731689984665003,-0.002895119890820456,-0.10422431606953642,0.0019282223423155997,0.0024946100675669047,0.004068195750837278,7581.93451131261,2.8101731605500677,0.28303100476005927,-0.7062981947077179,,12.0,-1.0,643.0,678.0,2025-04-03 09:00:00,2025-04-10 00:00:00,8426.0009765625,7795.0,36.0,-7.48873609577868,-0.20802044710496334,11.0,1.0,593.0,642.0,2025-03-27 21:00:00,2025-04-03 02:00:00,8402.0009765625,8396.0009765625,50.0,-0.07141156037397955,-0.001428231207479591,4167316.0,,115758.77777777778,,3799871.0,0.0,75997.42,0.0,1.5231935212771406,,1.0966993353195411,,0.0,44.44444444444444,55.55555555555556,False,False,2025-04-07 09:00:00,7739.0,,,1.0,0.0,2025-04-09 14:00:00,7755.0,2025-04-08 22:00:00,7730.0,2.0,1.0,0.8209406317538801,50.850250299507195,4.0
AG:5m:1:1:6830:6842:1,AG,4h,246.0,2025-04-10 00:00:00,95.0,-1.0,-1.0,CHoCH,-1.0,7804.0,10.0,CHoCH,-1.0,8340.0,11.0,0.0,1.0,0.0,1.0,current_swing_high,swing,0.0,96.0,8285.0,8285.0,8285.0,5.851539542608918,current_swing_low,swing,0.0,56.0,7804.0,7804.0,7804.0,0.29385460585153955,7746.0,7814.0,7738.0,7773.0,440262.0,349643.0,0.0,0.0,0.0,0.0,0.0,0.0,,8482.0009765625,15.0,above,8.368480600006388,8544.0009765625,False,,7536.0,4.0,below,3.717899578382522,8340.0,False,,8285.0,96.0,above,5.851539542608918,,True,70.0,7804.0,56.0,below,0.29385460585153955,7505.0,True,10.0,0.0,0.0,0.0002591612224036588,-11.0,NONE,0.02797343603937764,0.019343397092609918,0.004835268310144214,0.9628539919362972,0.0002591612224036588,0.0028507734464402468,0.0018462215774464052,0.0028507734464402468,,7561.479438562308,2.797343603937764,0.2321083172146965,0.999057447127926,,4.0,-1.0,236.0,246.0,2025-04-07 09:00:00,2025-04-09 21:00:00,7694.0,7773.0,11.0,1.0267741096958716,0.09334310088144288,3.0,1.0,170.0,235.0,2025-03-12 09:00:00,2025-04-03 13:30:00,8096.0,8286.0,66.0,2.3468379446640375,0.035558150676727844,3467595.0,,315235.9090909091,,10005242.0,0.0,151594.57575757575,0.0,2.079466943428255,,0.34657782390470915,,0.0,0.0,100.0,True,False,2025-04-07 09:00:00,7694.0,,,1.0,0.0,,,,,0.0,0.0,0.24996996582319622,96.42940455174566,
AG:5m:1:1:6859:6861:1,AG,5m,6916.0,2025-04-10 21:55:00,0.0,1.0,-1.0,CHoCH,1.0,7780.0,106.0,BOS,-1.0,7908.0,3.0,5.0,8.0,1.0,1.0,current_internal_low,internal,0.0,5.0,7908.0,7908.0,7908.0,0.30441400304414,active_bull_internal_ob,internal,1.0,55.0,7849.0,7881.0,7865.0,0.0380517503805175,7899.0,7904.0,7878.0,7884.0,12530.0,336461.0,0.0,0.0,0.0,0.0,0.0,0.0,,7946.0,2.0,above,0.7864028411973617,7975.0,False,,7908.0,5.0,above,0.30441400304414,7955.0,True,3.0,7780.0,169.0,below,1.3191273465246067,7745.0,True,106.0,7599.0,111.0,below,3.6149162861491626,7637.0,False,,0.0,0.0,-0.00025138187631304487,-4.0,NONE,-0.00902441542106131,-0.008135984176114937,0.0005873856092606714,0.0652010819329426,-0.00025138187631304487,-0.0010055275052521795,,,,7955.796411825704,-0.902441542106131,-0.20253164556962577,0.48439992233163875,,96.0,-1.0,6913.0,6916.0,2025-04-10 21:35:00,2025-04-10 21:50:00,7899.0,7884.0,4.0,-0.18989745537409952,-0.04747436384352488,95.0,1.0,6779.0,6912.0,2025-04-09 13:40:00,2025-04-10 21:30:00,7713.0,7908.0,134.0,2.5281991443018237,0.01886715779329719,50254.0,,12563.5,,1335457.0,0.0,9966.097014925374,0.0,1.2606238912971364,,0.03763056391931751,,0.0,0.0,100.0,True,True,,,,,0.0,0.0,,,,,0.0,0.0,0.07219601176033229,16.532155518328146,
AG:5m:1:1:6859:6861:1,AG,15m,2304.0,2025-04-10 21:45:00,10.0,1.0,1.0,CHoCH,1.0,7815.0,21.0,BOS,1.0,7792.0,24.0,2.0,5.0,1.0,1.0,current_internal_high,internal,0.0,3.0,7990.0,7990.0,7990.0,1.3444951801116183,current_swing_high,swing,0.0,76.0,7815.0,7815.0,7815.0,0.8751902587519025,7926.0,7927.0,7893.0,7897.0,45546.0,335641.0,0.0,0.0,0.0,0.0,0.0,0.0,,7990.0,3.0,above,1.3444951801116183,7792.0,False,,7762.0,23.0,below,1.5474378488077116,7748.0,False,,7815.0,76.0,below,0.8751902587519025,8482.0009765625,True,21.0,7536.0,67.0,below,4.41400304414003,7535.0,False,,0.0,0.0,0.0005351718953173709,38.0,NONE,0.013818372044507034,0.02077133325275259,0.005072718334567909,0.08524081999130084,0.0005351718953173709,0.020336532022060094,0.003158784483946464,0.00541107189563772,0.012493226829771498,7789.363674752304,1.3818372044507035,-0.36588443098662937,0.9284640604462406,,35.0,1.0,2267.0,2304.0,2025-04-09 21:30:00,2025-04-10 21:30:00,7766.0,7897.0,38.0,1.686840072109197,0.04439052821339992,34.0,-1.0,2250.0,2266.0,2025-04-09 09:00:00,2025-04-09 21:15:00,7639.0,7753.0,17.0,1.4923419295719276,0.08778481938658397,1138303.0,,29955.342105263157,,532034.0,0.0,31296.117647058825,0.0,0.9571584067737656,,2.1395305563178293,,73.68421052631578,26.31578947368421,0.0,True,False,,,,,0.0,0.0,2025-04-09 23:00:00,7767.0,2025-04-10 21:15:00,7926.0,1.0,2.0,0.24421727160415568,29.467576472210478,
AG:5m:1:1:6859:6861:1,AG,1h,685.0,2025-04-10 15:00:00,415.0,-1.0,1.0,CHoCH,-1.0,8143.0,37.0,BOS,1.0,7780.0,7.0,1.0,2.0,0.0,1.0,current_swing_low,swing,0.0,85.0,8143.0,8143.0,8143.0,3.285134449518011,current_internal_high,internal,0.0,15.0,7780.0,7780.0,7780.0,1.3191273465246067,7969.0,7975.0,7955.0,7974.0,50517.0,332956.0,0.0,0.0,0.0,0.0,0.0,0.0,,7780.0,15.0,below,1.3191273465246067,7745.0,True,7.0,7599.0,10.0,below,3.6149162861491626,7637.0,False,,8544.0009765625,36.0,above,8.371397470351344,8442.0009765625,False,,8143.0,85.0,above,3.285134449518011,7804.0,True,37.0,0.0,0.0,-0.00234736256857938,-43.0,NONE,0.04786455145966335,0.019282987662510482,0.015443852049829856,0.9678918987735166,-0.00234736256857938,-0.10093659044891334,0.0023815288858606287,0.004709956556796291,0.0066189840241310804,7609.762148068001,4.786455145966335,0.05018820577165073,-0.6695941229403131,,12.0,-1.0,643.0,685.0,2025-04-03 09:00:00,2025-04-10 14:00:00,8426.0009765625,7974.0,43.0,-5.3643594134367145,-0.12475254449852824,11.0,1.0,593.0,642.0,2025-03-27 21:00:00,2025-04-03 02:00:00,8402.0009765625,8396.0009765625,50.0,-0.07141156037397955,-0.001428231207479591,4786868.0,,111322.51162790698,,3799871.0,0.0,75997.42,0.0,1.4648196166120768,,1.259744870286386,,16.27906976744186,37.2093023255814,46.51162790697674,False,False,2025-04-07 09:00:00,7739.0,,,1.0,0.0,2025-04-09 14:00:00,7755.0,2025-04-08 22:00:00,7730.0,2.0,1.0,0.8009055609082518,52.839665820926356,4.0
AG:5m:1:1:6859:6861:1,AG,4h,249.0,2025-04-10 15:00:00,415.0,-1.0,-1.0,CHoCH,-1.0,7804.0,13.0,CHoCH,-1.0,8340.0,14.0,0.0,1.0,0.0,1.0,current_swing_high,swing,0.0,99.0,8285.0,8285.0,8285.0,5.08625063419584,current_swing_low,swing,0.0,59.0,7804.0,7804.0,7804.0,1.0147133434804667,7971.0,7990.0,7954.0,7974.0,98851.0,332956.0,0.0,0.0,0.0,0.0,0.0,0.0,,8482.0009765625,18.0,above,7.584994629153982,8544.0009765625,False,,7536.0,7.0,below,4.41400304414003,8340.0,False,,8285.0,99.0,above,5.08625063419584,,True,73.0,7804.0,59.0,below,1.0147133434804667,7505.0,True,13.0,0.0,0.0,0.00032850410045883106,-14.0,NONE,0.052720313462114164,0.025448189006128153,0.012648436230672666,0.9844646358942133,0.00032850410045883106,0.0045990574064236345,0.0026746470073830686,0.003804498056848127,,7574.661472785357,5.272031346211416,0.3397508493771184,-1.0129201520227626,,4.0,-1.0,236.0,249.0,2025-04-07 09:00:00,2025-04-10 13:30:00,7694.0,7974.0,14.0,3.6391993761372587,0.25994281258123275,3.0,1.0,170.0,235.0,2025-03-12 09:00:00,2025-04-03 13:30:00,8096.0,8286.0,66.0,2.3468379446640375,0.035558150676727844,4132663.0,,295190.21428571426,,10005242.0,0.0,151594.57575757575,0.0,1.9472346738696718,,0.413049779305688,,14.285714285714285,7.142857142857142,78.57142857142857,False,False,2025-04-07 09:00:00,7694.0,,,1.0,0.0,2025-04-10 00:00:00,7879.0,,,1.0,0.0,0.497026968309093,94.95532135575264,
AG:5m:1:1:6859:6861:2,AG,5m,6947.0,2025-04-11 00:30:00,0.0,1.0,-1.0,CHoCH,1.0,7780.0,137.0,CHoCH,-1.0,7920.0,7.0,5.0,8.0,1.0,1.0,current_internal_low,internal,0.0,15.0,7920.0,7920.0,7920.0,0.3547896604156108,active_bull_internal_ob,internal,1.0,86.0,7849.0,7881.0,7865.0,0.1393816523061328,7890.0,7893.0,7878.0,7892.0,10750.0,345923.0,0.0,0.0,0.0,0.0,0.0,0.0,,7961.0,9.0,above,0.8743030917384693,7940.0,False,,7920.0,15.0,above,0.3547896604156108,7862.0,True,7.0,7990.0,8.0,above,1.2417638114546377,7780.0,False,,7599.0,142.0,below,3.7126203750633553,7637.0,False,,0.0,0.0,-0.00027216542881492524,-35.0,NONE,0.0005143661585171251,0.0038591591627199504,0.005098724928347317,0.25591020385836627,-0.00027216542881492524,-0.009525790008522383,6.316222948177241e-05,0.0004496698802176624,0.0019330060344895372,7887.9427092100605,0.05143661585171251,0.025348542458814016,0.2929184496808908,,96.0,-1.0,6913.0,6947.0,2025-04-10 21:35:00,2025-04-11 00:25:00,7899.0,7892.0,35.0,-0.08861881250791237,-0.0025319660716546393,95.0,1.0,6779.0,6912.0,2025-04-09 13:40:00,2025-04-10 21:30:00,7713.0,7908.0,134.0,2.5281991443018237,0.01886715779329719,383648.0,,10961.371428571429,,1335457.0,0.0,9966.097014925374,0.0,1.0998660169728949,,0.28727843726903973,,42.857142857142854,20.0,37.142857142857146,True,True,2025-04-10 21:55:00,7870.0,,,1.0,0.0,2025-04-10 23:35:00,7936.0,2025-04-10 23:40:00,7927.0,2.0,2.0,1.3212009956992072,14.578998968854183,
AG:5m:1:1:6859:6861:2,AG,15m,2315.0,2025-04-11 00:30:00,0.0,1.0,1.0,CHoCH,1.0,7815.0,32.0,BOS,1.0,7792.0,35.0,2.0,5.0,1.0,1.0,current_internal_high,internal,0.0,14.0,7990.0,7990.0,7990.0,1.2417638114546377,current_internal_low,internal,0.0,5.0,7862.0,7862.0,7862.0,0.3801317790167258,7899.0,7899.0,7878.0,7892.0,21847.0,345923.0,0.0,0.0,0.0,0.0,0.0,0.0,,7990.0,14.0,above,1.2417638114546377,7792.0,False,,7862.0,5.0,below,0.3801317790167258,7762.0,False,,7815.0,87.0,below,0.9756715661429296,8482.0009765625,True,32.0,7536.0,78.0,below,4.51089711099848,7535.0,False,,0.0,0.0,0.0005177666992343053,49.0,NONE,0.008202301522254294,0.019115636140847322,0.005642522300599095,0.0265489765524326,0.0005177666992343053,0.025370568262480964,0.001828738647890571,0.004417201615446009,0.009926463323842727,7827.7940727610985,0.8202301522254294,-0.10126582278481289,-0.569128862244914,,35.0,1.0,2267.0,2315.0,2025-04-09 21:30:00,2025-04-11 00:15:00,7766.0,7892.0,49.0,1.6224568632500658,0.03311136455612379,34.0,-1.0,2250.0,2266.0,2025-04-09 09:00:00,2025-04-09 21:15:00,7639.0,7753.0,17.0,1.4923419295719276,0.08778481938658397,1494161.0,,30493.081632653062,,532034.0,0.0,31296.117647058825,0.0,0.9743407146067771,,2.808393824454828,,57.14285714285714,40.816326530612244,2.0408163265306123,True,False,,,,,0.0,0.0,2025-04-10 22:00:00,7917.0,2025-04-10 23:45:00,7900.0,2.0,3.0,0.2951783691122813,28.37226590632922,
AG:5m:1:1:6859:6861:2,AG,1h,688.0,2025-04-11 00:00:00,30.0,-1.0,1.0,CHoCH,-1.0,8143.0,40.0,BOS,1.0,7780.0,10.0,1.0,2.0,0.0,1.0,current_swing_low,swing,0.0,88.0,8143.0,8143.0,8143.0,3.1804358844399387,current_internal_high,internal,0.0,18.0,7780.0,7780.0,7780.0,1.419158641662443,7926.0,7961.0,7895.0,7900.0,123605.0,344721.0,0.0,0.0,0.0,0.0,0.0,0.0,,7780.0,18.0,below,1.419158641662443,7745.0,True,10.0,7599.0,13.0,below,3.7126203750633553,7637.0,False,,8544.0009765625,39.0,above,8.261543038044856,8442.0009765625,False,,8143.0,88.0,above,3.1804358844399387,7804.0,True,40.0,0.0,0.0,-0.002143637157308384,-46.0,NONE,0.035457550924178516,0.020379848536951517,0.015513640967770042,0.8344497656029641,-0.002143637157308384,-0.09860730923618566,0.003320680653650099,0.006270550690441246,0.008780803336889909,7629.477415997402,3.545755092417852,-0.32803431743628764,0.4008866239825862,,12.0,-1.0,643.0,688.0,2025-04-03 09:00:00,2025-04-10 23:00:00,8426.0009765625,7900.0,46.0,-6.242593349153502,-0.1357085510685544,11.0,1.0,593.0,642.0,2025-03-27 21:00:00,2025-04-03 02:00:00,8402.0009765625,8396.0009765625,50.0,-0.07141156037397955,-0.001428231207479591,5214276.0,,113353.82608695653,,3799871.0,0.0,75997.42,0.0,1.4915483458116938,,1.372224478146758,,15.217391304347828,41.30434782608695,43.47826086956522,False,False,2025-04-07 09:00:00,7739.0,,,1.0,0.0,2025-04-10 22:00:00,7926.0,2025-04-10 21:00:00,7870.0,3.0,2.0,0.7612245468675413,58.62782281653615,4.0
AG:5m:1:1:6859:6861:2,AG,4h,250.0,2025-04-11 00:00:00,30.0,-1.0,-1.0,CHoCH,-1.0,7804.0,14.0,CHoCH,-1.0,8340.0,15.0,0.0,1.0,0.0,1.0,current_swing_high,swing,0.0,100.0,8285.0,8285.0,8285.0,4.979726305119108,current_swing_low,swing,0.0,60.0,7804.0,7804.0,7804.0,1.1150532184490625,7908.0,7961.0,7862.0,7900.0,427408.0,344721.0,0.0,0.0,0.0,0.0,0.0,0.0,,8482.0009765625,19.0,above,7.475937361410288,8544.0009765625,False,,7536.0,8.0,below,4.51089711099848,8340.0,False,,8285.0,100.0,above,4.979726305119108,,True,74.0,7804.0,60.0,below,1.1150532184490625,7505.0,True,14.0,0.0,0.0,0.0003837152614457384,-15.0,NONE,0.04175145206789789,0.026535073210246132,0.012878503470262242,0.8813045051075397,0.0003837152614457384,0.005755728921686076,0.0036259356996493075,0.00482618604995988,,7583.382758256145,4.175145206789789,-0.9280160521695557,0.8287934876970645,,4.0,-1.0,236.0,250.0,2025-04-07 09:00:00,2025-04-10 21:00:00,7694.0,7900.0,15.0,2.677410969586691,0.17849406463911274,3.0,1.0,170.0,235.0,2025-03-12 09:00:00,2025-04-03 13:30:00,8096.0,8286.0,66.0,2.3468379446640375,0.035558150676727844,4560071.0,,304004.73333333334,,10005242.0,0.0,151594.57575757575,0.0,2.0053800197936242,,0.45576818631673277,,20.0,6.666666666666667,73.33333333333333,False,False,2025-04-07 09:00:00,7694.0,,,1.0,0.0,2025-04-10 00:00:00,7879.0,,,1.0,0.0,0.4853389085540339,96.17279840177032,
AG:5m:1:1:6868:6874:1,AG,5m,6906.0,2025-04-10 21:05:00,0.0,1.0,-1.0,CHoCH,1.0,7780.0,96.0,CHoCH,-1.0,7955.0,0.0,6.0,7.0,1.0,1.0,current_internal_low,internal,0.0,1.0,7955.0,7955.0,7955.0,0.4292387324832723,active_bull_internal_ob,internal,1.0,32.0,7901.0,7914.0,7907.5,0.0883726802171443,7908.0,7936.0,7908.0,7921.0,31055.0,334404.0,0.0,0.0,0.0,0.0,0.0,0.0,,7976.0,8.0,above,0.6943567731347052,7990.0,False,,7955.0,1.0,above,0.4292387324832723,7954.0,True,0.0,7780.0,159.0,below,1.7800782729453353,7745.0,True,96.0,7599.0,101.0,below,4.0651432899886375,7637.0,False,,1.0,1.0,0.00036551844902925866,128.0,UP_CONFIRMED,-0.007048516308023522,0.007948128506888596,0.005256778630512411,0.002166655875535217,0.00036551844902925866,0.04678636147574511,-0.0010223453666652338,-0.0012279116319849903,0.013426480236871763,7977.227618965091,-0.7048516308023522,-0.6646601454727841,3.8766115493704025,,95.0,1.0,6779.0,6906.0,2025-04-09 13:40:00,2025-04-10 21:00:00,7713.0,7921.0,128.0,2.6967457539219586,0.0210683262025153,94.0,-1.0,6733.0,6778.0,2025-04-09 01:05:00,2025-04-09 13:35:00,7687.0,7707.0,46.0,0.26017952387147325,0.005656076605901592,1268989.0,,9913.9765625,,385800.0,0.0,8386.95652173913,0.0,1.18207081875324,,3.2892405391394504,,75.0,25.0,0.0,True,True,,,2025-04-10 13:35:00,7973.0,0.0,1.0,2025-04-10 02:20:00,7878.0,2025-04-10 21:00:00,7921.0,4.0,5.0,0.661385711863666,15.37007236113871,
AG:5m:1:1:6868:6874:1,AG,15m,2301.0,2025-04-10 15:00:00,365.0,1.0,1.0,CHoCH,1.0,7815.0,18.0,BOS,1.0,7792.0,21.0,2.0,5.0,1.0,1.0,current_internal_high,internal,0.0,0.0,7990.0,7990.0,7990.0,0.8711021335689939,current_swing_high,swing,0.0,73.0,7815.0,7815.0,7815.0,1.3382148718596136,7965.0,7975.0,7961.0,7974.0,16582.0,332956.0,0.0,0.0,0.0,0.0,0.0,0.0,,7990.0,0.0,above,0.8711021335689939,7792.0,False,,7762.0,20.0,below,2.0073223077894204,7748.0,False,,7815.0,73.0,below,1.3382148718596136,8482.0009765625,True,18.0,7536.0,64.0,below,4.860497411942936,7535.0,False,,0.0,0.0,0.0005124922487164023,35.0,NONE,0.02611654169530537,0.02106528350275133,0.005125704069423318,0.8378048354874252,0.0005124922487164023,0.017937228705074082,0.0017473401531566957,0.004332328075688174,0.013190793927634337,7771.047123775728,2.611654169530537,0.1129943502824915,-0.6001286393146745,,35.0,1.0,2267.0,2301.0,2025-04-09 21:30:00,2025-04-10 14:45:00,7766.0,7974.0,35.0,2.6783414885397816,0.07652404252970804,34.0,-1.0,2250.0,2266.0,2025-04-09 09:00:00,2025-04-09 21:15:00,7639.0,7753.0,17.0,1.4923419295719276,0.08778481938658397,1012990.0,,28942.571428571428,,532034.0,0.0,31296.117647058825,0.0,0.9247975022004501,,1.9039948574715149,,77.14285714285715,22.857142857142858,0.0,False,False,,,,,0.0,0.0,2025-04-09 23:00:00,7767.0,2025-04-09 22:45:00,7754.0,1.0,1.0,0.2433247133253085,26.871656731791326,
AG:5m:1:1:6868:6874:1,AG,1h,685.0,2025-04-10 15:00:00,365.0,-1.0,1.0,CHoCH,-1.0,8143.0,37.0,BOS,1.0,7780.0,7.0,1.0,2.0,0.0,1.0,current_swing_low,swing,0.0,85.0,8143.0,8143.0,8143.0,2.802676429743719,current_internal_high,internal,0.0,15.0,7780.0,7780.0,7780.0,1.7800782729453353,7969.0,7975.0,7955.0,7974.0,50517.0,332956.0,0.0,0.0,0.0,0.0,0.0,0.0,,7780.0,15.0,below,1.7800782729453353,7745.0,True,7.0,7599.0,10.0,below,4.0651432899886375,7637.0,False,,8544.0009765625,36.0,above,7.865180868103774,8442.0009765625,False,,8143.0,85.0,above,2.802676429743719,7804.0,True,37.0,0.0,0.0,-0.00234736256857938,-43.0,NONE,0.04786455145966335,0.019282987662510482,0.015443852049829856,0.9678918987735166,-0.00234736256857938,-0.10093659044891334,0.0023815288858606287,0.004709956556796291,0.0066189840241310804,7609.762148068001,4.786455145966335,0.05018820577165073,-0.6695941229403131,,12.0,-1.0,643.0,685.0,2025-04-03 09:00:00,2025-04-10 14:00:00,8426.0009765625,7974.0,43.0,-5.3643594134367145,-0.12475254449852824,11.0,1.0,593.0,642.0,2025-03-27 21:00:00,2025-04-03 02:00:00,8402.0009765625,8396.0009765625,50.0,-0.07141156037397955,-0.001428231207479591,4786868.0,,111322.51162790698,,3799871.0,0.0,75997.42,0.0,1.4648196166120768,,1.259744870286386,,16.27906976744186,37.2093023255814,46.51162790697674,False,False,2025-04-07 09:00:00,7739.0,,,1.0,0.0,2025-04-09 14:00:00,7755.0,2025-04-08 22:00:00,7730.0,2.0,1.0,0.8009055609082518,52.839665820926356,4.0
AG:5m:1:1:6868:6874:1,AG,4h,249.0,2025-04-10 15:00:00,365.0,-1.0,-1.0,CHoCH,-1.0,7804.0,13.0,CHoCH,-1.0,8340.0,14.0,0.0,1.0,0.0,1.0,current_swing_high,swing,0.0,99.0,8285.0,8285.0,8285.0,4.595379371291504,current_swing_low,swing,0.0,59.0,7804.0,7804.0,7804.0,1.4770862264865547,7971.0,7990.0,7954.0,7974.0,98851.0,332956.0,0.0,0.0,0.0,0.0,0.0,0.0,,8482.0009765625,18.0,above,7.082451414751925,8544.0009765625,False,,7536.0,7.0,below,4.860497411942936,8340.0,False,,8285.0,99.0,above,4.595379371291504,,True,73.0,7804.0,59.0,below,1.4770862264865547,7505.0,True,13.0,0.0,0.0,0.00032850410045883106,-14.0,NONE,0.052720313462114164,0.025448189006128153,0.012648436230672666,0.9844646358942133,0.00032850410045883106,0.0045990574064236345,0.0026746470073830686,0.003804498056848127,,7574.661472785357,5.272031346211416,0.3397508493771184,-1.0129201520227626,,4.0,-1.0,236.0,249.0,2025-04-07 09:00:00,2025-04-10 13:30:00,7694.0,7974.0,14.0,3.6391993761372587,0.25994281258123275,3.0,1.0,170.0,235.0,2025-03-12 09:00:00,2025-04-03 13:30:00,8096.0,8286.0,66.0,2.3468379446640375,0.035558150676727844,4132663.0,,295190.21428571426,,10005242.0,0.0,151594.57575757575,0.0,1.9472346738696718,,0.413049779305688,,14.285714285714285,7.142857142857142,78.57142857142857,False,False,2025-04-07 09:00:00,7694.0,,,1.0,0.0,2025-04-10 00:00:00,7879.0,,,1.0,0.0,0.497026968309093,94.95532135575264,
AG:5m:1:1:6868:6874:2,AG,5m,6912.0,2025-04-10 21:35:00,0.0,1.0,-1.0,CHoCH,1.0,7780.0,102.0,CHoCH,-1.0,7955.0,6.0,6.0,7.0,1.0,1.0,active_bear_internal_ob,internal,-1.0,6.0,7968.0,7975.0,7971.5,0.7587253414264037,active_bull_internal_ob,internal,1.0,51.0,7849.0,7881.0,7865.0,0.34142640364188165,7926.0,7927.0,7907.0,7908.0,17756.0,336761.0,2.0,1.0,1.0,0.0,2.0,0.0,active_bull_internal_ob|current_internal_low,7975.0,2.0,above,0.8472432979261507,7976.0,False,,7908.0,1.0,overlap,0.0,7955.0,False,,7780.0,165.0,below,1.6186140617096612,7745.0,True,102.0,7599.0,107.0,below,3.9074355083459786,7637.0,False,,1.0,1.0,0.00033875569036531455,134.0,UP_CONFIRMED,-0.007357112165879538,0.007350680756574463,0.0058358351250682745,0.005863491436344459,0.00033875569036531455,0.04539326250895215,-0.00109635222622817,-0.00231869199396606,-0.0026782416334142356,7966.611252567094,-0.7357112165879538,-0.2271006813020393,1.5405893109227473,,95.0,1.0,6779.0,6912.0,2025-04-09 13:40:00,2025-04-10 21:30:00,7713.0,7908.0,134.0,2.5281991443018237,0.01886715779329719,94.0,-1.0,6733.0,6778.0,2025-04-09 01:05:00,2025-04-09 13:35:00,7687.0,7707.0,46.0,0.26017952387147325,0.005656076605901592,1335457.0,,9966.097014925374,,385800.0,0.0,8386.95652173913,0.0,1.1882852843094018,,3.4615266977708656,,71.64179104477611,27.611940298507463,0.7462686567164178,True,True,,,2025-04-10 13:35:00,7973.0,0.0,1.0,2025-04-10 02:20:00,7878.0,2025-04-10 21:00:00,7921.0,4.0,5.0,0.793917640872744,15.553842176117572,
AG:5m:1:1:6868:6874:2,AG,15m,2303.0,2025-04-10 21:30:00,5.0,1.0,1.0,CHoCH,1.0,7815.0,20.0,BOS,1.0,7792.0,23.0,2.0,5.0,1.0,1.0,current_internal_high,internal,0.0,2.0,7990.0,7990.0,7990.0,1.0369246332827515,current_swing_high,swing,0.0,75.0,7815.0,7815.0,7815.0,1.1760242792109257,7934.0,7946.0,7924.0,7926.0,29891.0,336388.0,0.0,0.0,0.0,0.0,0.0,0.0,,7990.0,2.0,above,1.0369246332827515,7792.0,False,,7762.0,22.0,below,1.8462316641375824,7748.0,False,,7815.0,75.0,below,1.1760242792109257,8482.0009765625,True,20.0,7536.0,66.0,below,4.704097116843703,7535.0,False,,0.0,0.0,0.0005296129904693468,37.0,NONE,0.018280756303287855,0.020959251123245714,0.005008597079949989,0.29640118545735333,0.0005296129904693468,0.019595680647365832,0.0026807543817559676,0.004956123321110617,0.012814467174304234,7783.707932156282,1.8280756303287855,-0.10083186286866663,0.10503006327454067,,35.0,1.0,2267.0,2303.0,2025-04-09 21:30:00,2025-04-10 21:15:00,7766.0,7926.0,37.0,2.0602626834921534,0.05568277522951766,34.0,-1.0,2250.0,2266.0,2025-04-09 09:00:00,2025-04-09 21:15:00,7639.0,7753.0,17.0,1.4923419295719276,0.08778481938658397,1092757.0,,29533.972972972973,,532034.0,0.0,31296.117647058825,0.0,0.9436944641518034,,2.053923245506866,,75.67567567567568,24.324324324324326,0.0,True,False,,,,,0.0,0.0,2025-04-09 23:00:00,7767.0,2025-04-10 21:15:00,7926.0,1.0,2.0,0.2389683224127698,29.118928508534363,
AG:5m:1:1:6868:6874:2,AG,1h,685.0,2025-04-10 15:00:00,395.0,-1.0,1.0,CHoCH,-1.0,8143.0,37.0,BOS,1.0,7780.0,7.0,1.0,2.0,0.0,1.0,current_swing_low,swing,0.0,85.0,8143.0,8143.0,8143.0,2.971674253920081,current_internal_high,internal,0.0,15.0,7780.0,7780.0,7780.0,1.6186140617096612,7969.0,7975.0,7955.0,7974.0,50517.0,332956.0,0.0,0.0,0.0,0.0,0.0,0.0,,7780.0,15.0,below,1.6186140617096612,7745.0,True,7.0,7599.0,10.0,below,3.9074355083459786,7637.0,False,,8544.0009765625,36.0,above,8.042500968165148,8442.0009765625,False,,8143.0,85.0,above,2.971674253920081,7804.0,True,37.0,0.0,0.0,-0.00234736256857938,-43.0,NONE,0.04786455145966335,0.019282987662510482,0.015443852049829856,0.9678918987735166,-0.00234736256857938,-0.10093659044891334,0.0023815288858606287,0.004709956556796291,0.0066189840241310804,7609.762148068001,4.786455145966335,0.05018820577165073,-0.6695941229403131,,12.0,-1.0,643.0,685.0,2025-04-03 09:00:00,2025-04-10 14:00:00,8426.0009765625,7974.0,43.0,-5.3643594134367145,-0.12475254449852824,11.0,1.0,593.0,642.0,2025-03-27 21:00:00,2025-04-03 02:00:00,8402.0009765625,8396.0009765625,50.0,-0.07141156037397955,-0.001428231207479591,4786868.0,,111322.51162790698,,3799871.0,0.0,75997.42,0.0,1.4648196166120768,,1.259744870286386,,16.27906976744186,37.2093023255814,46.51162790697674,False,False,2025-04-07 09:00:00,7739.0,,,1.0,0.0,2025-04-09 14:00:00,7755.0,2025-04-08 22:00:00,7730.0,2.0,1.0,0.8009055609082518,52.839665820926356,4.0
AG:5m:1:1:6868:6874:2,AG,4h,249.0,2025-04-10 15:00:00,395.0,-1.0,-1.0,CHoCH,-1.0,7804.0,13.0,CHoCH,-1.0,8340.0,14.0,0.0,1.0,0.0,1.0,current_swing_high,swing,0.0,99.0,8285.0,8285.0,8285.0,4.767324228629236,current_swing_low,swing,0.0,59.0,7804.0,7804.0,7804.0,1.3151239251390996,7971.0,7990.0,7954.0,7974.0,98851.0,332956.0,0.0,0.0,0.0,0.0,0.0,0.0,,8482.0009765625,18.0,above,7.258484782024532,8544.0009765625,False,,7536.0,7.0,below,4.704097116843703,8340.0,False,,8285.0,99.0,above,4.767324228629236,,True,73.0,7804.0,59.0,below,1.3151239251390996,7505.0,True,13.0,0.0,0.0,0.00032850410045883106,-14.0,NONE,0.052720313462114164,0.025448189006128153,0.012648436230672666,0.9844646358942133,0.00032850410045883106,0.0045990574064236345,0.0026746470073830686,0.003804498056848127,,7574.661472785357,5.272031346211416,0.3397508493771184,-1.0129201520227626,,4.0,-1.0,236.0,249.0,2025-04-07 09:00:00,2025-04-10 13:30:00,7694.0,7974.0,14.0,3.6391993761372587,0.25994281258123275,3.0,1.0,170.0,235.0,2025-03-12 09:00:00,2025-04-03 13:30:00,8096.0,8286.0,66.0,2.3468379446640375,0.035558150676727844,4132663.0,,295190.21428571426,,10005242.0,0.0,151594.57575757575,0.0,1.9472346738696718,,0.413049779305688,,14.285714285714285,7.142857142857142,78.57142857142857,False,False,2025-04-07 09:00:00,7694.0,,,1.0,0.0,2025-04-10 00:00:00,7879.0,,,1.0,0.0,0.497026968309093,94.95532135575264,
AG:5m:1:-1:6880:6887:1,AG,5m,6888.0,2025-04-10 13:35:00,0.0,1.0,1.0,CHoCH,1.0,7780.0,78.0,CHoCH,1.0,7973.0,0.0,7.0,6.0,1.0,1.0,active_bear_internal_ob,internal,-1.0,360.0,8278.0,8287.0,8282.5,3.76034093757834,current_internal_high,internal,0.0,3.0,7973.0,7973.0,7973.0,0.06267234895963901,7971.0,7979.0,7962.0,7978.0,12478.0,337529.0,0.0,0.0,0.0,0.0,0.0,0.0,,7973.0,3.0,below,0.06267234895963901,7974.0,True,0.0,7948.0,5.0,below,0.37603409375783403,7901.0,True,1.0,7780.0,141.0,below,2.481825018801705,7745.0,True,78.0,7599.0,83.0,below,4.750564051140637,7637.0,False,,1.0,1.0,0.0003071635797357334,110.0,UP_CONFIRMED,0.012671573893531865,0.009720475058483894,0.003094186388334664,0.829896416991261,0.0003071635797357334,0.03378799377093067,0.001335645335832858,0.0022400281625758467,0.005252278770641938,7878.17117185001,1.2671573893531864,0.39008430854410303,1.593849587651205,,95.0,1.0,6779.0,6888.0,2025-04-09 13:40:00,2025-04-10 13:30:00,7713.0,7978.0,110.0,3.4357578114871057,0.03123416192261005,94.0,-1.0,6733.0,6778.0,2025-04-09 01:05:00,2025-04-09 13:35:00,7687.0,7707.0,46.0,0.26017952387147325,0.005656076605901592,1151561.0,,10468.736363636364,,385800.0,0.0,8386.95652173913,0.0,1.2482163626938123,,2.984865215137377,,71.81818181818181,28.18181818181818,0.0,False,False,,,,,0.0,0.0,2025-04-10 02:20:00,7878.0,2025-04-10 02:10:00,7857.0,4.0,4.0,0.31831637545678404,17.220258656911888,
AG:5m:1:-1:6880:6887:1,AG,15m,2295.0,2025-04-10 11:30:00,125.0,1.0,1.0,CHoCH,1.0,7815.0,12.0,BOS,1.0,7792.0,15.0,2.0,5.0,1.0,1.0,active_bear_internal_ob,internal,-1.0,125.0,8423.0009765625,8442.0009765625,8432.5009765625,5.577851298101027,current_swing_high,swing,0.0,67.0,7815.0,7815.0,7815.0,2.0431185760842316,7968.0,7969.0,7940.0,7947.0,17795.0,337589.0,0.0,0.0,0.0,0.0,0.0,0.0,,7792.0,16.0,below,2.331411381298571,7814.0,True,15.0,7762.0,14.0,below,2.7074454750564048,7748.0,False,,7815.0,67.0,below,2.0431185760842316,8482.0009765625,True,12.0,7536.0,58.0,below,5.540235648032088,7535.0,False,,0.0,0.0,0.0005273209110284459,29.0,NONE,0.025306175588189254,0.020038304682615502,0.005047205088141399,0.8516926152881947,0.0005273209110284459,0.01529230641982493,0.0026735301349130047,0.006713350542585594,0.0116891968132522,7750.8554900110985,2.5306175588189253,-0.2635542168674676,-0.5076346904008933,,35.0,1.0,2267.0,2295.0,2025-04-09 21:30:00,2025-04-10 11:15:00,7766.0,7947.0,29.0,2.3306721607004866,0.08036800554139609,34.0,-1.0,2250.0,2266.0,2025-04-09 09:00:00,2025-04-09 21:15:00,7639.0,7753.0,17.0,1.4923419295719276,0.08778481938658397,914139.0,,31522.03448275862,,532034.0,0.0,31296.117647058825,0.0,1.0072186856608722,,1.7181965814214881,,72.41379310344827,27.586206896551722,0.0,False,False,,,,,0.0,0.0,2025-04-09 23:00:00,7767.0,2025-04-09 22:45:00,7754.0,1.0,1.0,0.25187784935320245,32.23756766461344,
AG:5m:1:-1:6880:6887:1,AG,1h,683.0,2025-04-10 11:30:00,125.0,-1.0,1.0,CHoCH,-1.0,8143.0,35.0,BOS,1.0,7780.0,5.0,1.0,2.0,0.0,1.0,current_swing_low,swing,0.0,83.0,8143.0,8143.0,8143.0,2.0681875156680873,current_internal_high,internal,0.0,13.0,7780.0,7780.0,7780.0,2.481825018801705,7962.0,7970.0,7940.0,7947.0,28289.0,337589.0,0.0,0.0,0.0,0.0,0.0,0.0,,7780.0,13.0,below,2.481825018801705,7745.0,True,5.0,7599.0,8.0,below,4.750564051140637,7637.0,False,,8544.0009765625,34.0,above,7.094522142924292,8442.0009765625,False,,8143.0,83.0,above,2.0681875156680873,7804.0,True,35.0,0.0,0.0,-0.0024778204833561346,-41.0,NONE,0.045076748302058524,0.017892037750293317,0.014441265880773895,0.9701113525423996,-0.0024778204833561346,-0.10159063981760152,0.0029401068807526354,0.004873998402844526,0.006659507415518906,7604.2262091387365,4.507674830205852,-0.18839487565938118,-1.1782207521703156,,12.0,-1.0,643.0,683.0,2025-04-03 09:00:00,2025-04-10 11:00:00,8426.0009765625,7947.0,41.0,-5.684796119711755,-0.13865356389540864,11.0,1.0,593.0,642.0,2025-03-27 21:00:00,2025-04-03 02:00:00,8402.0009765625,8396.0009765625,50.0,-0.07141156037397955,-0.001428231207479591,4688017.0,,114341.87804878049,,3799871.0,0.0,75997.42,0.0,1.5045494708738862,,1.2337305661165865,,12.195121951219512,39.02439024390244,48.78048780487805,False,False,2025-04-07 09:00:00,7739.0,,,1.0,0.0,2025-04-09 14:00:00,7755.0,2025-04-08 22:00:00,7730.0,2.0,1.0,0.8071336581288595,56.317008881074344,2.0
AG:5m:1:-1:6880:6887:1,AG,4h,248.0,2025-04-10 11:30:00,125.0,-1.0,-1.0,CHoCH,-1.0,7804.0,12.0,CHoCH,-1.0,8340.0,13.0,0.0,1.0,0.0,1.0,current_swing_high,swing,0.0,98.0,8285.0,8285.0,8285.0,3.848082226121835,current_swing_low,swing,0.0,58.0,7804.0,7804.0,7804.0,2.1809977437954373,7921.0,7974.0,7885.0,7947.0,260061.0,337589.0,0.0,0.0,0.0,0.0,0.0,0.0,,8482.0009765625,17.0,above,6.317385015824768,8544.0009765625,False,,7536.0,6.0,below,5.540235648032088,8340.0,False,,8285.0,98.0,above,3.848082226121835,,True,72.0,7804.0,58.0,below,2.1809977437954373,7505.0,True,12.0,0.0,0.0,0.0003292302800859809,-13.0,NONE,0.04948911871555238,0.023350333278744615,0.010520234687016636,0.9935155103822608,0.0003292302800859809,0.004279993641117752,0.002601336559099332,0.0035980590313895444,,7572.255736892409,4.948911871555238,0.8630536870161132,-0.07459090780445328,,4.0,-1.0,236.0,248.0,2025-04-07 09:00:00,2025-04-10 09:00:00,7694.0,7947.0,13.0,3.2882765791525825,0.25294435224250633,3.0,1.0,170.0,235.0,2025-03-12 09:00:00,2025-04-03 13:30:00,8096.0,8286.0,66.0,2.3468379446640375,0.035558150676727844,4033812.0,,310293.23076923075,,10005242.0,0.0,151594.57575757575,0.0,2.046862357828949,,0.40316985836024755,,7.6923076923076925,7.6923076923076925,84.61538461538461,False,False,2025-04-07 09:00:00,7694.0,,,1.0,0.0,2025-04-10 00:00:00,7879.0,,,1.0,0.0,0.45053895211821304,98.95188453696439,
AG:5m:1:1:6887:6888:1,AG,5m,6890.0,2025-04-10 13:45:00,0.0,1.0,1.0,CHoCH,1.0,7780.0,80.0,CHoCH,1.0,7973.0,2.0,7.0,6.0,1.0,1.0,current_internal_high,internal,0.0,5.0,7973.0,7973.0,7973.0,0.20108080935025766,active_bull_internal_ob,internal,1.0,2.0,7940.0,7955.0,7947.5,0.025135101168782207,7973.0,7973.0,7954.0,7957.0,8275.0,337242.0,0.0,0.0,0.0,0.0,0.0,0.0,,7973.0,5.0,above,0.20108080935025766,7974.0,True,2.0,7948.0,7.0,below,0.11310795525951992,7901.0,True,3.0,7780.0,143.0,below,2.224456453437225,7745.0,True,80.0,7599.0,85.0,below,4.499183109212015,7637.0,False,,1.0,1.0,0.00043138778014925806,112.0,UP_CONFIRMED,-0.003990568905854832,0.009492761927155495,0.0035030532060178108,5.9295042185381064e-05,0.00043138778014925806,0.0483154313767169,0.015138155047512925,0.015857781433624485,0.01913253686412375,7988.880176826243,-0.3990568905854832,-0.20067728583971212,0.2286445358889406,,95.0,1.0,6779.0,6890.0,2025-04-09 13:40:00,2025-04-10 13:40:00,7713.0,7957.0,112.0,3.16349021133151,0.02824544831545991,94.0,-1.0,6733.0,6778.0,2025-04-09 01:05:00,2025-04-09 13:35:00,7687.0,7707.0,46.0,0.26017952387147325,0.005656076605901592,1171710.0,,10461.69642857143,,385800.0,0.0,8386.95652173913,0.0,1.2473769717840482,,3.0370917573872473,,72.32142857142857,27.67857142857143,0.0,False,True,,,2025-04-10 13:35:00,7973.0,0.0,1.0,2025-04-10 02:20:00,7878.0,2025-04-10 02:10:00,7857.0,4.0,4.0,0.3690236027090063,17.664406699071986,
AG:5m:1:1:6887:6888:1,AG,15m,2296.0,2025-04-10 13:45:00,0.0,1.0,1.0,CHoCH,1.0,7815.0,13.0,BOS,1.0,7792.0,16.0,2.0,5.0,1.0,1.0,active_bear_internal_ob,internal,-1.0,126.0,8423.0009765625,8442.0009765625,8432.5009765625,5.856490845324871,current_swing_high,swing,0.0,68.0,7815.0,7815.0,7815.0,1.7845921829835365,7971.0,7990.0,7954.0,7957.0,32627.0,337242.0,0.0,0.0,0.0,0.0,0.0,0.0,,7792.0,17.0,below,2.0736458464245318,7814.0,True,16.0,7762.0,15.0,below,2.450672363956265,7748.0,False,,7815.0,68.0,below,1.7845921829835365,8482.0009765625,True,13.0,7536.0,59.0,below,5.290938796028654,7535.0,False,,0.0,0.0,0.0005387216218094126,30.0,NONE,0.025718086461150574,0.020227630741900003,0.0050660263428750065,0.8607687213996253,0.0005387216218094126,0.01616164865428238,0.0025804789480510237,0.007012791554853015,0.012324303778296741,7757.492146260769,2.5718086461150573,0.12583364791745044,0.11900283516692542,,35.0,1.0,2267.0,2296.0,2025-04-09 21:30:00,2025-04-10 13:30:00,7766.0,7957.0,30.0,2.459438578418749,0.08198128594729163,34.0,-1.0,2250.0,2266.0,2025-04-09 09:00:00,2025-04-09 21:15:00,7639.0,7753.0,17.0,1.4923419295719276,0.08778481938658397,946766.0,,31558.866666666665,,532034.0,0.0,31296.117647058825,0.0,1.0083955787286776,,1.779521609521196,,73.33333333333333,26.666666666666668,0.0,False,False,,,,,0.0,0.0,2025-04-09 23:00:00,7767.0,2025-04-09 22:45:00,7754.0,1.0,1.0,0.25045080204974857,33.00631283142676,
AG:5m:1:1:6887:6888:1,AG,1h,683.0,2025-04-10 11:30:00,135.0,-1.0,1.0,CHoCH,-1.0,8143.0,35.0,BOS,1.0,7780.0,5.0,1.0,2.0,0.0,1.0,current_swing_low,swing,0.0,83.0,8143.0,8143.0,8143.0,2.3375644086967453,current_internal_high,internal,0.0,13.0,7780.0,7780.0,7780.0,2.224456453437225,7962.0,7970.0,7940.0,7947.0,28289.0,337589.0,0.0,0.0,0.0,0.0,0.0,0.0,,7780.0,13.0,below,2.224456453437225,7745.0,True,5.0,7599.0,8.0,below,4.499183109212015,7637.0,False,,8544.0009765625,34.0,above,7.377164466036194,8442.0009765625,False,,8143.0,83.0,above,2.3375644086967453,7804.0,True,35.0,0.0,0.0,-0.0024778204833561346,-41.0,NONE,0.045076748302058524,0.017892037750293317,0.014441265880773895,0.9701113525423996,-0.0024778204833561346,-0.10159063981760152,0.0029401068807526354,0.004873998402844526,0.006659507415518906,7604.2262091387365,4.507674830205852,-0.18839487565938118,-1.1782207521703156,,12.0,-1.0,643.0,683.0,2025-04-03 09:00:00,2025-04-10 11:00:00,8426.0009765625,7947.0,41.0,-5.684796119711755,-0.13865356389540864,11.0,1.0,593.0,642.0,2025-03-27 21:00:00,2025-04-03 02:00:00,8402.0009765625,8396.0009765625,50.0,-0.07141156037397955,-0.001428231207479591,4688017.0,,114341.87804878049,,3799871.0,0.0,75997.42,0.0,1.5045494708738862,,1.2337305661165865,,12.195121951219512,39.02439024390244,48.78048780487805,False,False,2025-04-07 09:00:00,7739.0,,,1.0,0.0,2025-04-09 14:00:00,7755.0,2025-04-08 22:00:00,7730.0,2.0,1.0,0.8071336581288595,56.317008881074344,2.0
AG:5m:1:1:6887:6888:1,AG,4h,248.0,2025-04-10 11:30:00,135.0,-1.0,-1.0,CHoCH,-1.0,7804.0,12.0,CHoCH,-1.0,8340.0,13.0,0.0,1.0,0.0,1.0,current_swing_high,swing,0.0,98.0,8285.0,8285.0,8285.0,4.122156591680282,current_swing_low,swing,0.0,58.0,7804.0,7804.0,7804.0,1.9228352394118389,7921.0,7974.0,7885.0,7947.0,260061.0,337589.0,0.0,0.0,0.0,0.0,0.0,0.0,,8482.0009765625,17.0,above,6.597976329803947,8544.0009765625,False,,7536.0,6.0,below,5.290938796028654,8340.0,False,,8285.0,98.0,above,4.122156591680282,,True,72.0,7804.0,58.0,below,1.9228352394118389,7505.0,True,12.0,0.0,0.0,0.0003292302800859809,-13.0,NONE,0.04948911871555238,0.023350333278744615,0.010520234687016636,0.9935155103822608,0.0003292302800859809,0.004279993641117752,0.002601336559099332,0.0035980590313895444,,7572.255736892409,4.948911871555238,0.8630536870161132,-0.07459090780445328,,4.0,-1.0,236.0,248.0,2025-04-07 09:00:00,2025-04-10 09:00:00,7694.0,7947.0,13.0,3.2882765791525825,0.25294435224250633,3.0,1.0,170.0,235.0,2025-03-12 09:00:00,2025-04-03 13:30:00,8096.0,8286.0,66.0,2.3468379446640375,0.035558150676727844,4033812.0,,310293.23076923075,,10005242.0,0.0,151594.57575757575,0.0,2.046862357828949,,0.40316985836024755,,7.6923076923076925,7.6923076923076925,84.61538461538461,False,False,2025-04-07 09:00:00,7694.0,,,1.0,0.0,2025-04-10 00:00:00,7879.0,,,1.0,0.0,0.45053895211821304,98.95188453696439,
AG:5m:1:1:6887:6888:2,AG,5m,6900.0,2025-04-10 14:35:00,0.0,1.0,1.0,CHoCH,1.0,7780.0,90.0,CHoCH,1.0,7973.0,12.0,7.0,6.0,1.0,1.0,current_internal_high,internal,0.0,2.0,7976.0,7976.0,7976.0,0.2261874842925358,active_bull_internal_ob,internal,1.0,12.0,7940.0,7955.0,7947.5,0.03769791404875597,7960.0,7966.0,7955.0,7958.0,6327.0,336702.0,0.0,0.0,0.0,0.0,0.0,0.0,,7976.0,2.0,above,0.2261874842925358,7990.0,False,,7954.0,5.0,below,0.050263885398341285,7940.0,False,,7780.0,153.0,below,2.2367429002261874,7745.0,True,90.0,7599.0,95.0,below,4.511183714501131,7637.0,False,,1.0,1.0,0.00039262866003444383,122.0,UP_CONFIRMED,-0.003471147885646409,0.008490310942300723,0.00474882884953102,0.005887393311194367,0.00039262866003444383,0.047900696524202147,-0.0001984844419111731,-0.00039562028765538493,0.015455887485916753,7985.7196137526425,-0.3471147885646409,-0.03768370807687438,0.3448724106549433,,95.0,1.0,6779.0,6900.0,2025-04-09 13:40:00,2025-04-10 14:30:00,7713.0,7958.0,122.0,3.1764553351484537,0.026036519140561095,94.0,-1.0,6733.0,6778.0,2025-04-09 01:05:00,2025-04-09 13:35:00,7687.0,7707.0,46.0,0.26017952387147325,0.005656076605901592,1214380.0,,9953.934426229509,,385800.0,0.0,8386.95652173913,0.0,1.1868351052528705,,3.1476931052358736,,74.59016393442623,25.40983606557377,0.0,False,True,,,2025-04-10 13:35:00,7973.0,0.0,1.0,2025-04-10 02:20:00,7878.0,2025-04-10 02:10:00,7857.0,4.0,4.0,0.5593233135751531,13.275960404855233,
AG:5m:1:1:6887:6888:2,AG,15m,2299.0,2025-04-10 14:30:00,5.0,1.0,1.0,CHoCH,1.0,7815.0,16.0,BOS,1.0,7792.0,19.0,2.0,5.0,1.0,1.0,active_bear_internal_ob,internal,-1.0,129.0,8423.0009765625,8442.0009765625,8432.5009765625,5.843188949013571,current_swing_high,swing,0.0,71.0,7815.0,7815.0,7815.0,1.7969339029907012,7970.0,7970.0,7961.0,7961.0,9569.0,336142.0,0.0,0.0,0.0,0.0,0.0,0.0,,7792.0,20.0,below,2.0859512440311634,7814.0,True,19.0,7762.0,18.0,below,2.4629303845187236,7748.0,False,,7815.0,71.0,below,1.7969339029907012,8482.0009765625,True,16.0,7536.0,62.0,below,5.302839909525006,7535.0,False,,0.0,0.0,0.0005188987149756628,33.0,NONE,0.02526309166462823,0.020780192872775948,0.005141545042483595,0.8083677728120813,0.0005188987149756628,0.017123657594196873,0.0022451953235400612,0.004776634042837458,0.012873104421914361,7764.836230546868,2.526309166462823,-0.11292346298620304,-0.922746305397626,,35.0,1.0,2267.0,2299.0,2025-04-09 21:30:00,2025-04-10 14:15:00,7766.0,7961.0,33.0,2.5109451455060494,0.07608924683351664,34.0,-1.0,2250.0,2266.0,2025-04-09 09:00:00,2025-04-09 21:15:00,7639.0,7753.0,17.0,1.4923419295719276,0.08778481938658397,983109.0,,29791.18181818182,,532034.0,0.0,31296.117647058825,0.0,0.9519130185459781,,1.8478311536480752,,75.75757575757575,24.242424242424242,0.0,False,False,,,,,0.0,0.0,2025-04-09 23:00:00,7767.0,2025-04-09 22:45:00,7754.0,1.0,1.0,0.24742528011948886,29.158844493675147,
AG:5m:1:1:6887:6888:2,AG,1h,684.0,2025-04-10 14:00:00,35.0,-1.0,1.0,CHoCH,-1.0,8143.0,36.0,BOS,1.0,7780.0,6.0,1.0,2.0,0.0,1.0,current_swing_low,swing,0.0,84.0,8143.0,8143.0,8143.0,2.3247046996732847,current_internal_high,internal,0.0,14.0,7780.0,7780.0,7780.0,2.2367429002261874,7971.0,7990.0,7954.0,7970.0,48334.0,335535.0,0.0,0.0,0.0,0.0,0.0,0.0,,7780.0,14.0,below,2.2367429002261874,7745.0,True,6.0,7599.0,9.0,below,4.511183714501131,7637.0,False,,8544.0009765625,35.0,above,7.3636714823133955,8442.0009765625,False,,8143.0,84.0,above,2.3247046996732847,7804.0,True,36.0,0.0,0.0,-0.002411250095385046,-42.0,NONE,0.04773037026626136,0.018602474238768745,0.014975920686353748,0.9741114270588487,-0.002411250095385046,-0.10127250400617194,0.0023647651679292725,0.004930307879637663,0.006533390008203188,7606.918942298648,4.773037026626136,0.2894173902101338,-0.7714441750712754,,12.0,-1.0,643.0,684.0,2025-04-03 09:00:00,2025-04-10 13:30:00,8426.0009765625,7970.0,42.0,-5.411831518070054,-0.12885313138262033,11.0,1.0,593.0,642.0,2025-03-27 21:00:00,2025-04-03 02:00:00,8402.0009765625,8396.0009765625,50.0,-0.07141156037397955,-0.001428231207479591,4736351.0,,112770.26190476191,,3799871.0,0.0,75997.42,0.0,1.48386960905728,,1.246450471608115,,14.285714285714285,38.095238095238095,47.61904761904761,False,False,2025-04-07 09:00:00,7739.0,,,1.0,0.0,2025-04-09 14:00:00,7755.0,2025-04-08 22:00:00,7730.0,2.0,1.0,0.8050499355157269,55.36579396099761,2.0
AG:5m:1:1:6887:6888:2,AG,4h,248.0,2025-04-10 11:30:00,185.0,-1.0,-1.0,CHoCH,-1.0,7804.0,12.0,CHoCH,-1.0,8340.0,13.0,0.0,1.0,0.0,1.0,current_swing_high,swing,0.0,98.0,8285.0,8285.0,8285.0,4.1090726313144,current_swing_low,swing,0.0,58.0,7804.0,7804.0,7804.0,1.9351595878361396,7921.0,7974.0,7885.0,7947.0,260061.0,337589.0,0.0,0.0,0.0,0.0,0.0,0.0,,8482.0009765625,17.0,above,6.584581258639105,8544.0009765625,False,,7536.0,6.0,below,5.302839909525006,8340.0,False,,8285.0,98.0,above,4.1090726313144,,True,72.0,7804.0,58.0,below,1.9351595878361396,7505.0,True,12.0,0.0,0.0,0.0003292302800859809,-13.0,NONE,0.04948911871555238,0.023350333278744615,0.010520234687016636,0.9935155103822608,0.0003292302800859809,0.004279993641117752,0.002601336559099332,0.0035980590313895444,,7572.255736892409,4.948911871555238,0.8630536870161132,-0.07459090780445328,,4.0,-1.0,236.0,248.0,2025-04-07 09:00:00,2025-04-10 09:00:00,7694.0,7947.0,13.0,3.2882765791525825,0.25294435224250633,3.0,1.0,170.0,235.0,2025-03-12 09:00:00,2025-04-03 13:30:00,8096.0,8286.0,66.0,2.3468379446640375,0.035558150676727844,4033812.0,,310293.23076923075,,10005242.0,0.0,151594.57575757575,0.0,2.046862357828949,,0.40316985836024755,,7.6923076923076925,7.6923076923076925,84.61538461538461,False,False,2025-04-07 09:00:00,7694.0,,,1.0,0.0,2025-04-10 00:00:00,7879.0,,,1.0,0.0,0.45053895211821304,98.95188453696439,
AG:5m:1:-1:6905:6906:1,AG,5m,6987.0,2025-04-11 10:35:00,0.0,1.0,1.0,BOS,1.0,7961.0,0.0,BOS,1.0,7951.0,0.0,7.0,6.0,2.0,1.0,active_bear_internal_ob,internal,-1.0,459.0,8278.0,8287.0,8282.5,3.799373040752351,current_swing_high,swing,0.0,4.0,7961.0,7961.0,7961.0,0.1755485893416928,7945.0,7988.0,7940.0,7975.0,24525.0,340590.0,0.0,0.0,0.0,0.0,0.0,0.0,,7951.0,1.0,below,0.3009404388714733,7958.0,True,0.0,7908.0,7.0,below,0.8401253918495298,7896.0,False,,7961.0,4.0,below,0.1755485893416928,7990.0,True,0.0,7862.0,20.0,below,1.4169278996865204,7599.0,False,,0.0,0.0,0.0,1.0,DOWN_TO_UP,0.0074597606632491415,0.0074597606632491415,0.0,0.5,0.0,0.0,,,,7915.94891566662,0.7459760663249142,0.5167632972019165,2.401192566151436,,97.0,1.0,6987.0,6987.0,2025-04-11 10:30:00,2025-04-11 10:30:00,7975.0,7975.0,1.0,0.0,0.0,96.0,-1.0,6913.0,6986.0,2025-04-10 21:35:00,2025-04-11 10:10:00,7899.0,7934.0,74.0,0.44309406253957295,0.005987757601886121,24525.0,,24525.0,,605160.0,0.0,8177.8378378378375,0.0,2.9989589530041645,,0.04052647233789411,,100.0,0.0,0.0,True,False,,,,,0.0,0.0,,,,,0.0,0.0,0.0,14.78035181971422,
AG:5m:1:-1:6905:6906:1,AG,15m,2328.0,2025-04-11 10:15:00,20.0,1.0,1.0,CHoCH,1.0,7815.0,45.0,BOS,1.0,7792.0,48.0,2.0,5.0,1.0,1.0,active_bear_internal_ob,internal,-1.0,158.0,8423.0009765625,8442.0009765625,8432.5009765625,5.617567104231975,current_internal_high,internal,0.0,12.0,7961.0,7961.0,7961.0,0.1755485893416928,7937.0,7941.0,7932.0,7934.0,9344.0,339035.0,0.0,0.0,0.0,0.0,0.0,0.0,,7961.0,12.0,below,0.1755485893416928,7990.0,False,,7878.0,8.0,below,1.2163009404388714,7862.0,False,,7815.0,100.0,below,2.0062695924764893,8482.0009765625,True,45.0,7536.0,91.0,below,5.504702194357367,7535.0,False,,1.0,1.0,0.00045630991431987135,62.0,UP_CONFIRMED,0.010688970170220484,0.017273258134140695,0.006181592551296166,0.14340532134848966,0.00045630991431987135,0.028291214687832023,0.0017695977535301388,0.002284990239779461,0.005522492373630339,7850.090615576574,1.0688970170220484,-0.02520161290322509,-1.0176309505585077,,35.0,1.0,2267.0,2328.0,2025-04-09 21:30:00,2025-04-11 10:00:00,7766.0,7934.0,62.0,2.1632758176667544,0.03489154544623797,34.0,-1.0,2250.0,2266.0,2025-04-09 09:00:00,2025-04-09 21:15:00,7639.0,7753.0,17.0,1.4923419295719276,0.08778481938658397,1715673.0,,27672.145161290322,,532034.0,0.0,31296.117647058825,0.0,0.884203768447008,,3.2247431555126176,,45.16129032258064,53.2258064516129,1.6129032258064515,False,False,,,,,0.0,0.0,2025-04-11 02:15:00,7928.0,2025-04-11 02:00:00,7905.0,4.0,4.0,0.35787067519579374,23.038933299318007,
AG:5m:1:-1:6905:6906:1,AG,1h,692.0,2025-04-11 10:00:00,35.0,-1.0,1.0,CHoCH,-1.0,8143.0,44.0,BOS,1.0,7780.0,14.0,1.0,2.0,0.0,1.0,current_internal_high,internal,0.0,3.0,7990.0,7990.0,7990.0,0.18808777429467086,current_internal_low,internal,0.0,1.0,7862.0,7862.0,7862.0,1.4169278996865204,7948.0,7958.0,7908.0,7936.0,113359.0,339467.0,0.0,0.0,0.0,0.0,0.0,0.0,,7990.0,3.0,above,0.18808777429467086,7780.0,False,,7862.0,1.0,below,1.4169278996865204,7599.0,False,,8544.0009765625,43.0,above,7.13480848354232,8442.0009765625,False,,8143.0,92.0,above,2.106583072100314,7804.0,True,44.0,0.0,0.0,-0.0019415004287030647,-50.0,NONE,0.03841088505734784,0.021729175872010145,0.015571238749548808,0.8579862001500036,-0.0019415004287030647,-0.09707502143515323,0.0024736845572050914,0.005219277276386158,0.010033830188225235,7642.446852395738,3.841088505734784,0.10090817356205317,0.30434130652610303,,12.0,-1.0,643.0,692.0,2025-04-03 09:00:00,2025-04-11 09:00:00,8426.0009765625,7936.0,50.0,-5.815344407453448,-0.11630688814906896,11.0,1.0,593.0,642.0,2025-03-27 21:00:00,2025-04-03 02:00:00,8402.0009765625,8396.0009765625,50.0,-0.07141156037397955,-0.001428231207479591,5480207.0,,109604.14,,3799871.0,0.0,75997.42,0.0,1.4422086960320495,,1.4422086960320495,,14.000000000000002,46.0,40.0,False,False,2025-04-07 09:00:00,7739.0,,,1.0,0.0,2025-04-10 22:00:00,7926.0,2025-04-10 21:00:00,7870.0,3.0,2.0,0.716605123050547,52.70223988606542,4.0
AG:5m:1:-1:6905:6906:1,AG,4h,251.0,2025-04-11 02:30:00,485.0,-1.0,-1.0,CHoCH,-1.0,7804.0,15.0,CHoCH,-1.0,8340.0,16.0,0.0,1.0,0.0,1.0,current_swing_high,swing,0.0,101.0,8285.0,8285.0,8285.0,3.8871473354231973,current_swing_low,swing,0.0,61.0,7804.0,7804.0,7804.0,2.1442006269592477,7899.0,7929.0,7878.0,7928.0,152572.0,337138.0,0.0,0.0,0.0,0.0,0.0,0.0,,8482.0009765625,20.0,above,6.35737901645768,8544.0009765625,False,,7536.0,9.0,below,5.504702194357367,8340.0,False,,8285.0,101.0,above,3.8871473354231973,,True,75.0,7804.0,61.0,below,2.1442006269592477,7505.0,True,15.0,0.0,0.0,0.0003858179578658111,-16.0,NONE,0.045010087911940486,0.02768976162910203,0.013247242772594542,0.9044728392292345,0.0003858179578658111,0.006173087325852977,0.0033128696386153234,0.005165207507471736,,7586.529634217336,4.501008791194049,0.35443037974682845,-0.8006558071503774,,4.0,-1.0,236.0,251.0,2025-04-07 09:00:00,2025-04-11 00:00:00,7694.0,7928.0,16.0,3.0413309072004235,0.19008318170002647,3.0,1.0,170.0,235.0,2025-03-12 09:00:00,2025-04-03 13:30:00,8096.0,8286.0,66.0,2.3468379446640375,0.035558150676727844,4712643.0,,294540.1875,,10005242.0,0.0,151594.57575757575,0.0,1.9429467448163673,,0.4710173926827557,,25.0,6.25,68.75,False,False,2025-04-07 09:00:00,7694.0,,,1.0,0.0,2025-04-10 00:00:00,7879.0,,,1.0,0.0,0.4784166418634549,92.94616994450101,
AG:5m:1:-1:6909:6913:1,AG,5m,6921.0,2025-04-10 22:20:00,0.0,1.0,-1.0,CHoCH,1.0,7780.0,111.0,BOS,-1.0,7908.0,8.0,5.0,8.0,1.0,1.0,active_bear_internal_ob,internal,-1.0,8.0,7930.0,7946.0,7938.0,0.10098459984852311,current_internal_low,internal,0.0,10.0,7908.0,7908.0,7908.0,0.17672304973491543,7917.0,7930.0,7917.0,7922.0,16404.0,338336.0,0.0,0.0,0.0,0.0,0.0,0.0,,7946.0,7.0,above,0.3029537995455693,7975.0,False,,7908.0,10.0,below,0.17672304973491543,7955.0,True,8.0,7780.0,174.0,below,1.792476647311285,7745.0,True,111.0,7599.0,116.0,below,4.07725321888412,7637.0,False,,0.0,0.0,-0.0013486109249907724,-9.0,NONE,0.006972851584208754,-0.0009929876845597865,0.006599588998864308,0.8862878770048259,-0.0013486109249907724,-0.012137498324916951,-0.011143175589215515,,,7867.143575456679,0.6972851584208754,0.06315523556903457,0.5209532023760491,,96.0,-1.0,6913.0,6921.0,2025-04-10 21:35:00,2025-04-10 22:15:00,7899.0,7922.0,9.0,0.29117609824027557,0.03235289980447506,95.0,1.0,6779.0,6912.0,2025-04-09 13:40:00,2025-04-10 21:30:00,7713.0,7908.0,134.0,2.5281991443018237,0.01886715779329719,142336.0,,15815.111111111111,,1335457.0,0.0,9966.097014925374,0.0,1.586891145794203,,0.10658224113543154,,11.11111111111111,22.22222222222222,66.66666666666666,False,False,2025-04-10 21:55:00,7870.0,,,1.0,0.0,2025-04-10 22:05:00,7905.0,,,1.0,0.0,6.646194209135688,17.052756327100713,
AG:5m:1:-1:6909:6913:1,AG,15m,2306.0,2025-04-10 22:15:00,5.0,1.0,1.0,CHoCH,1.0,7815.0,23.0,BOS,1.0,7792.0,26.0,2.0,5.0,1.0,1.0,current_internal_high,internal,0.0,5.0,7990.0,7990.0,7990.0,0.8583690987124464,current_swing_high,swing,0.0,78.0,7815.0,7815.0,7815.0,1.3506690229739964,7870.0,7921.0,7869.0,7917.0,54613.0,337752.0,0.0,0.0,0.0,0.0,0.0,0.0,,7990.0,5.0,above,0.8583690987124464,7792.0,False,,7762.0,25.0,below,2.019691996970462,7748.0,False,,7815.0,78.0,below,1.3506690229739964,8482.0009765625,True,23.0,7536.0,69.0,below,4.872506942691239,7535.0,False,,0.0,0.0,0.0005407675537546397,40.0,NONE,0.0150984496025862,0.020356048374374488,0.005298037586402228,0.16050921442414312,0.0005407675537546397,0.021630702150185588,0.0036283901806106744,0.005382070365621328,0.012432605258082097,7799.243514852699,1.50984496025862,0.5972045743328991,1.255609382555756,,35.0,1.0,2267.0,2306.0,2025-04-09 21:30:00,2025-04-10 22:00:00,7766.0,7917.0,40.0,1.9443729075457217,0.04860932268864304,34.0,-1.0,2250.0,2266.0,2025-04-09 09:00:00,2025-04-09 21:15:00,7639.0,7753.0,17.0,1.4923419295719276,0.08778481938658397,1236445.0,,30911.125,,532034.0,0.0,31296.117647058825,0.0,0.9876983895766059,,2.3239962107684846,,70.0,27.500000000000004,2.5,True,False,,,,,0.0,0.0,2025-04-10 22:00:00,7917.0,2025-04-10 21:15:00,7926.0,2.0,2.0,0.2602684710197359,32.30622665205904,
AG:5m:1:-1:6909:6913:1,AG,1h,686.0,2025-04-10 22:00:00,20.0,-1.0,1.0,CHoCH,-1.0,8143.0,38.0,BOS,1.0,7780.0,8.0,1.0,2.0,0.0,1.0,current_swing_low,swing,0.0,86.0,8143.0,8143.0,8143.0,2.7896995708154506,current_internal_high,internal,0.0,16.0,7780.0,7780.0,7780.0,1.792476647311285,7908.0,7946.0,7862.0,7870.0,168842.0,338915.0,0.0,0.0,0.0,0.0,0.0,0.0,,7780.0,16.0,below,1.792476647311285,7745.0,True,8.0,7599.0,11.0,below,4.07725321888412,7637.0,False,,8544.0009765625,37.0,above,7.851564965444332,8442.0009765625,False,,8143.0,86.0,above,2.7896995708154506,7804.0,True,38.0,0.0,0.0,-0.0022738655030680277,-44.0,NONE,0.03317914448825411,0.01959880940855011,0.015407166875653393,0.8109573663862935,-0.0022738655030680277,-0.10005008213499322,0.0024289789164311237,0.005205986260932827,0.007432538537135658,7617.265642637516,3.317914448825411,-1.3042387760220708,1.256793039293945,,12.0,-1.0,643.0,686.0,2025-04-03 09:00:00,2025-04-10 21:00:00,8426.0009765625,7870.0,44.0,-6.598634133903558,-0.14996895758871723,11.0,1.0,593.0,642.0,2025-03-27 21:00:00,2025-04-03 02:00:00,8402.0009765625,8396.0009765625,50.0,-0.07141156037397955,-0.001428231207479591,4955710.0,,112629.77272727272,,3799871.0,0.0,75997.42,0.0,1.4820210044929516,,1.3041784839537973,,15.909090909090908,38.63636363636363,45.45454545454545,True,False,2025-04-07 09:00:00,7739.0,,,1.0,0.0,2025-04-09 14:00:00,7755.0,2025-04-10 21:00:00,7870.0,2.0,2.0,0.7861276955390931,57.06540397657447,4.0
AG:5m:1:-1:6909:6913:1,AG,4h,249.0,2025-04-10 15:00:00,440.0,-1.0,-1.0,CHoCH,-1.0,7804.0,13.0,CHoCH,-1.0,8340.0,14.0,0.0,1.0,0.0,1.0,current_swing_high,swing,0.0,99.0,8285.0,8285.0,8285.0,4.582176218126736,current_swing_low,swing,0.0,59.0,7804.0,7804.0,7804.0,1.4895228477657156,7971.0,7990.0,7954.0,7974.0,98851.0,332956.0,0.0,0.0,0.0,0.0,0.0,0.0,,8482.0009765625,18.0,above,7.068934316618278,8544.0009765625,False,,7536.0,7.0,below,4.872506942691239,8340.0,False,,8285.0,99.0,above,4.582176218126736,,True,73.0,7804.0,59.0,below,1.4895228477657156,7505.0,True,13.0,0.0,0.0,0.00032850410045883106,-14.0,NONE,0.052720313462114164,0.025448189006128153,0.012648436230672666,0.9844646358942133,0.00032850410045883106,0.0045990574064236345,0.0026746470073830686,0.003804498056848127,,7574.661472785357,5.272031346211416,0.3397508493771184,-1.0129201520227626,,4.0,-1.0,236.0,249.0,2025-04-07 09:00:00,2025-04-10 13:30:00,7694.0,7974.0,14.0,3.6391993761372587,0.25994281258123275,3.0,1.0,170.0,235.0,2025-03-12 09:00:00,2025-04-03 13:30:00,8096.0,8286.0,66.0,2.3468379446640375,0.035558150676727844,4132663.0,,295190.21428571426,,10005242.0,0.0,151594.57575757575,0.0,1.9472346738696718,,0.413049779305688,,14.285714285714285,7.142857142857142,78.57142857142857,False,False,2025-04-07 09:00:00,7694.0,,,1.0,0.0,2025-04-10 00:00:00,7879.0,,,1.0,0.0,0.497026968309093,94.95532135575264,
AG:5m:1:1:6927:6932:1,AG,5m,6936.0,2025-04-10 23:35:00,0.0,1.0,1.0,CHoCH,1.0,7780.0,126.0,CHoCH,1.0,7940.0,4.0,6.0,7.0,1.0,1.0,current_internal_high,internal,0.0,7.0,7940.0,7940.0,7940.0,0.13873123975280616,current_internal_low,internal,0.0,4.0,7920.0,7920.0,7920.0,0.11350737797956867,7949.0,7955.0,7920.0,7929.0,17574.0,344383.0,1.0,1.0,1.0,0.0,1.0,0.0,active_bull_internal_ob,7940.0,7.0,above,0.13873123975280616,7946.0,True,4.0,7920.0,4.0,below,0.11350737797956867,7862.0,False,,7780.0,189.0,below,1.8791777021061926,7745.0,True,126.0,7599.0,131.0,below,4.161937192584184,7637.0,False,,0.0,0.0,-0.00041977497149886983,-24.0,NONE,0.005762349871993956,0.004462637714748192,0.005890402818853581,0.5873171716287566,-0.00041977497149886983,-0.010074599315972876,0.001001039579537455,0.0014809727721878385,-0.009078200190710595,7883.572099322613,0.5762349871993956,-0.26415094339622414,1.1407331268391137,,96.0,-1.0,6913.0,6936.0,2025-04-10 21:35:00,2025-04-10 23:30:00,7899.0,7929.0,24.0,0.37979491074819904,0.015824787947841628,95.0,1.0,6779.0,6912.0,2025-04-09 13:40:00,2025-04-10 21:30:00,7713.0,7908.0,134.0,2.5281991443018237,0.01886715779329719,279419.0,,11642.458333333334,,1335457.0,0.0,9966.097014925374,0.0,1.168206401753607,,0.20923099732900421,,62.5,12.5,25.0,True,False,2025-04-10 21:55:00,7870.0,,,1.0,0.0,2025-04-10 22:05:00,7905.0,2025-04-10 23:30:00,7929.0,1.0,1.0,1.3199374888503472,15.113720316696746,
AG:5m:1:1:6927:6932:1,AG,15m,2311.0,2025-04-10 23:30:00,5.0,1.0,1.0,CHoCH,1.0,7815.0,28.0,BOS,1.0,7792.0,31.0,2.0,5.0,1.0,1.0,current_internal_high,internal,0.0,10.0,7990.0,7990.0,7990.0,0.7693277840837431,current_internal_low,internal,0.0,1.0,7862.0,7862.0,7862.0,0.8449993694034557,7951.0,7961.0,7945.0,7950.0,24452.0,345016.0,0.0,0.0,0.0,0.0,0.0,0.0,,7990.0,10.0,above,0.7693277840837431,7792.0,False,,7862.0,1.0,below,0.8449993694034557,7762.0,False,,7815.0,83.0,below,1.4377601210745365,8482.0009765625,True,28.0,7536.0,74.0,below,4.956488838441166,7535.0,False,,0.0,0.0,0.0005322731503461902,45.0,NONE,0.017018520464301405,0.01990562553045156,0.005163293448204691,0.28802640333330737,0.0005322731503461902,0.02395229176557856,0.002272435245443294,0.0059090707077846805,0.010266998816401252,7816.9667907036455,1.7018520464301405,0.0,-0.13934395040307274,,35.0,1.0,2267.0,2311.0,2025-04-09 21:30:00,2025-04-10 23:15:00,7766.0,7950.0,45.0,2.3693020860159564,0.05265115746702125,34.0,-1.0,2250.0,2266.0,2025-04-09 09:00:00,2025-04-09 21:15:00,7639.0,7753.0,17.0,1.4923419295719276,0.08778481938658397,1372358.0,,30496.844444444443,,532034.0,0.0,31296.117647058825,0.0,0.9744609471491588,,2.5794554483360086,,62.22222222222222,35.55555555555556,2.2222222222222223,False,False,,,,,0.0,0.0,2025-04-10 22:00:00,7917.0,2025-04-10 21:15:00,7926.0,2.0,2.0,0.2593886557498985,28.23920615726141,
AG:5m:1:1:6927:6932:1,AG,1h,687.0,2025-04-10 23:00:00,35.0,-1.0,1.0,CHoCH,-1.0,8143.0,39.0,BOS,1.0,7780.0,9.0,1.0,2.0,0.0,1.0,current_swing_low,swing,0.0,87.0,8143.0,8143.0,8143.0,2.698953209736411,current_internal_high,internal,0.0,17.0,7780.0,7780.0,7780.0,1.8791777021061926,7870.0,7940.0,7869.0,7926.0,134961.0,343086.0,0.0,0.0,0.0,0.0,0.0,0.0,,7780.0,17.0,below,1.8791777021061926,7745.0,True,9.0,7599.0,12.0,below,4.161937192584184,7637.0,False,,8544.0009765625,38.0,above,7.756349811609282,8442.0009765625,False,,8143.0,87.0,above,2.698953209736411,7804.0,True,39.0,0.0,0.0,-0.0022067347009452763,-45.0,NONE,0.03966786779938638,0.020044788483902027,0.015519572971284886,0.8969582705164044,-0.0022067347009452763,-0.09930306154253743,0.0027388177480127673,0.005661568735900735,0.008135809915798431,7623.588499254644,3.966786779938638,0.7115628970775001,0.632760944820474,,12.0,-1.0,643.0,687.0,2025-04-03 09:00:00,2025-04-10 22:00:00,8426.0009765625,7926.0,45.0,-5.934024669036797,-0.13186721486748437,11.0,1.0,593.0,642.0,2025-03-27 21:00:00,2025-04-03 02:00:00,8402.0009765625,8396.0009765625,50.0,-0.07141156037397955,-0.001428231207479591,5090671.0,,113126.02222222222,,3799871.0,0.0,75997.42,0.0,1.4885508247809232,,1.3396957423028308,,15.555555555555555,40.0,44.44444444444444,True,False,2025-04-07 09:00:00,7739.0,,,1.0,0.0,2025-04-10 22:00:00,7926.0,2025-04-10 21:00:00,7870.0,3.0,2.0,0.7742447860574163,58.06073226396201,4.0
AG:5m:1:1:6927:6932:1,AG,4h,249.0,2025-04-10 15:00:00,515.0,-1.0,-1.0,CHoCH,-1.0,7804.0,13.0,CHoCH,-1.0,8340.0,14.0,0.0,1.0,0.0,1.0,current_swing_high,swing,0.0,99.0,8285.0,8285.0,8285.0,4.489847395636272,current_swing_low,swing,0.0,59.0,7804.0,7804.0,7804.0,1.5764913608273428,7971.0,7990.0,7954.0,7974.0,98851.0,332956.0,0.0,0.0,0.0,0.0,0.0,0.0,,8482.0009765625,18.0,above,6.974410096638921,8544.0009765625,False,,7536.0,7.0,below,4.956488838441166,8340.0,False,,8285.0,99.0,above,4.489847395636272,,True,73.0,7804.0,59.0,below,1.5764913608273428,7505.0,True,13.0,0.0,0.0,0.00032850410045883106,-14.0,NONE,0.052720313462114164,0.025448189006128153,0.012648436230672666,0.9844646358942133,0.00032850410045883106,0.0045990574064236345,0.0026746470073830686,0.003804498056848127,,7574.661472785357,5.272031346211416,0.3397508493771184,-1.0129201520227626,,4.0,-1.0,236.0,249.0,2025-04-07 09:00:00,2025-04-10 13:30:00,7694.0,7974.0,14.0,3.6391993761372587,0.25994281258123275,3.0,1.0,170.0,235.0,2025-03-12 09:00:00,2025-04-03 13:30:00,8096.0,8286.0,66.0,2.3468379446640375,0.035558150676727844,4132663.0,,295190.21428571426,,10005242.0,0.0,151594.57575757575,0.0,1.9472346738696718,,0.413049779305688,,14.285714285714285,7.142857142857142,78.57142857142857,False,False,2025-04-07 09:00:00,7694.0,,,1.0,0.0,2025-04-10 00:00:00,7879.0,,,1.0,0.0,0.497026968309093,94.95532135575264,
AG:5m:1:-1:6933:6940:1,AG,5m,6972.0,2025-04-11 09:05:00,0.0,1.0,1.0,CHoCH,1.0,7780.0,162.0,CHoCH,1.0,7920.0,6.0,6.0,8.0,1.0,1.0,active_bear_internal_ob,internal,-1.0,66.0,7968.0,7975.0,7971.5,0.2138095837001635,current_internal_high,internal,0.0,15.0,7920.0,7920.0,7920.0,0.3898880643944158,7948.0,7958.0,7940.0,7951.0,27129.0,336162.0,1.0,1.0,0.0,1.0,1.0,0.0,active_bear_internal_ob,7920.0,15.0,below,0.3898880643944158,7961.0,True,6.0,7896.0,9.0,below,0.6917368884417054,7878.0,False,,7990.0,33.0,above,0.4905043390768457,7780.0,False,,7862.0,5.0,below,1.1193560558420323,7599.0,False,,-1.0,-1.0,-0.00013453524564336535,-60.0,DOWN_CONFIRMED,0.006516916067298808,0.003310743701359793,0.004022333255820025,0.7873013942732336,-0.00013453524564336535,-0.008072114738601921,0.0009099266827194974,0.0010804482724451336,0.0012658331318535776,7899.519494482467,0.6516916067298808,0.2901109989909223,4.195681254789118,,96.0,-1.0,6913.0,6972.0,2025-04-10 21:35:00,2025-04-11 09:00:00,7899.0,7951.0,60.0,0.6583111786301998,0.010971852977169997,95.0,1.0,6779.0,6912.0,2025-04-09 13:40:00,2025-04-10 21:30:00,7713.0,7908.0,134.0,2.5281991443018237,0.01886715779329719,509586.0,,8493.1,,1335457.0,0.0,9966.097014925374,0.0,0.8521992097087364,,0.381581735690479,,26.666666666666668,46.666666666666664,26.666666666666668,False,False,2025-04-10 21:55:00,7870.0,,,1.0,0.0,2025-04-11 02:15:00,7913.0,2025-04-11 02:10:00,7905.0,5.0,4.0,1.214933446575151,12.543795149798555,
AG:5m:1:-1:6933:6940:1,AG,15m,2323.0,2025-04-11 02:30:00,395.0,1.0,1.0,CHoCH,1.0,7815.0,40.0,BOS,1.0,7792.0,43.0,2.0,5.0,1.0,1.0,current_internal_high,internal,0.0,7.0,7961.0,7961.0,7961.0,0.12577034335303736,current_internal_low,internal,0.0,3.0,7878.0,7878.0,7878.0,0.9181235064771728,7906.0,7929.0,7903.0,7928.0,9806.0,337138.0,0.0,0.0,0.0,0.0,0.0,0.0,,7961.0,7.0,above,0.12577034335303736,7990.0,False,,7878.0,3.0,below,0.9181235064771728,7862.0,False,,7815.0,95.0,below,1.710476669601308,8482.0009765625,True,40.0,7536.0,86.0,below,5.21946924915105,7535.0,False,,1.0,1.0,0.0004644696008010293,57.0,UP_CONFIRMED,0.01171180817084875,0.017805215578853784,0.006166781077686023,0.16155140013571245,0.0004644696008010293,0.02647476724565867,0.0005144820599518596,0.0015589372400894863,0.0067468769521710215,7836.223651806178,1.171180817084875,0.29095509171410683,-1.1371459049680337,,35.0,1.0,2267.0,2323.0,2025-04-09 21:30:00,2025-04-11 02:15:00,7766.0,7928.0,57.0,2.0860159670357925,0.03659677135150513,34.0,-1.0,2250.0,2266.0,2025-04-09 09:00:00,2025-04-09 21:15:00,7639.0,7753.0,17.0,1.4923419295719276,0.08778481938658397,1592970.0,,27946.842105263157,,532034.0,0.0,31296.117647058825,0.0,0.8929811173524129,,2.99411315818162,,49.122807017543856,49.122807017543856,1.7543859649122806,True,False,,,,,0.0,0.0,2025-04-11 02:15:00,7928.0,2025-04-11 02:00:00,7905.0,4.0,4.0,0.34634689203145336,23.949784301811263,
AG:5m:1:-1:6933:6940:1,AG,1h,691.0,2025-04-11 02:30:00,395.0,-1.0,1.0,CHoCH,-1.0,8143.0,43.0,BOS,1.0,7780.0,13.0,1.0,2.0,0.0,1.0,current_internal_high,internal,0.0,2.0,7990.0,7990.0,7990.0,0.4905043390768457,current_internal_low,internal,0.0,0.0,7862.0,7862.0,7862.0,1.1193560558420323,7918.0,7929.0,7903.0,7928.0,20497.0,337138.0,0.0,0.0,0.0,0.0,0.0,0.0,,7990.0,2.0,above,0.4905043390768457,7780.0,False,,7862.0,0.0,below,1.1193560558420323,7599.0,False,,8544.0009765625,42.0,above,7.458193643095208,8442.0009765625,False,,8143.0,91.0,above,2.414790592378317,7804.0,True,43.0,0.0,0.0,-0.0019955286531341764,-49.0,NONE,0.038175717865427686,0.021388732827411414,0.015544022551216854,0.8599208980614879,-0.0019955286531341764,-0.09778090400357464,0.0025214493455389952,0.00495655280926921,0.009300852614462674,7636.472192106941,3.8175717865427687,0.13894151825186718,-1.340137724406676,,12.0,-1.0,643.0,691.0,2025-04-03 09:00:00,2025-04-11 02:00:00,8426.0009765625,7928.0,49.0,-5.910288616720127,-0.12061813503510463,11.0,1.0,593.0,642.0,2025-03-27 21:00:00,2025-04-03 02:00:00,8402.0009765625,8396.0009765625,50.0,-0.07141156037397955,-0.001428231207479591,5366848.0,,109527.51020408163,,3799871.0,0.0,75997.42,0.0,1.4412003750138047,,1.4123763675135288,,14.285714285714285,44.89795918367347,40.816326530612244,False,False,2025-04-07 09:00:00,7739.0,,,1.0,0.0,2025-04-10 22:00:00,7926.0,2025-04-10 21:00:00,7870.0,3.0,2.0,0.7267388244382536,52.91010449268584,2.0
AG:5m:1:-1:6933:6940:1,AG,4h,251.0,2025-04-11 02:30:00,395.0,-1.0,-1.0,CHoCH,-1.0,7804.0,15.0,CHoCH,-1.0,8340.0,16.0,0.0,1.0,0.0,1.0,current_swing_high,swing,0.0,101.0,8285.0,8285.0,8285.0,4.200729467991448,current_swing_low,swing,0.0,61.0,7804.0,7804.0,7804.0,1.8488240472896493,7899.0,7929.0,7878.0,7928.0,152572.0,337138.0,0.0,0.0,0.0,0.0,0.0,0.0,,8482.0009765625,20.0,above,6.678417514306377,8544.0009765625,False,,7536.0,9.0,below,5.21946924915105,8340.0,False,,8285.0,101.0,above,4.200729467991448,,True,75.0,7804.0,61.0,below,1.8488240472896493,7505.0,True,15.0,0.0,0.0,0.0003858179578658111,-16.0,NONE,0.045010087911940486,0.02768976162910203,0.013247242772594542,0.9044728392292345,0.0003858179578658111,0.006173087325852977,0.0033128696386153234,0.005165207507471736,,7586.529634217336,4.501008791194049,0.35443037974682845,-0.8006558071503774,,4.0,-1.0,236.0,251.0,2025-04-07 09:00:00,2025-04-11 00:00:00,7694.0,7928.0,16.0,3.0413309072004235,0.19008318170002647,3.0,1.0,170.0,235.0,2025-03-12 09:00:00,2025-04-03 13:30:00,8096.0,8286.0,66.0,2.3468379446640375,0.035558150676727844,4712643.0,,294540.1875,,10005242.0,0.0,151594.57575757575,0.0,1.9429467448163673,,0.4710173926827557,,25.0,6.25,68.75,False,False,2025-04-07 09:00:00,7694.0,,,1.0,0.0,2025-04-10 00:00:00,7879.0,,,1.0,0.0,0.4784166418634549,92.94616994450101,
AG:5m:1:-1:6933:6940:2,AG,5m,6981.0,2025-04-11 09:50:00,0.0,1.0,1.0,CHoCH,1.0,7780.0,171.0,CHoCH,1.0,7920.0,15.0,6.0,8.0,1.0,1.0,current_internal_high,internal,0.0,4.0,7958.0,7958.0,7958.0,0.13841701270919843,active_bull_internal_ob,internal,1.0,15.0,7895.0,7910.0,7902.5,0.46558449729457657,7943.0,7951.0,7941.0,7947.0,8338.0,339929.0,1.0,1.0,0.0,1.0,1.0,0.0,active_bear_internal_ob,7958.0,4.0,above,0.13841701270919843,7920.0,False,,7908.0,1.0,below,0.4907512268780672,7896.0,False,,7990.0,42.0,above,0.5410846860450484,7780.0,False,,7862.0,14.0,below,1.0695860072983516,7599.0,False,,-1.0,-1.0,-0.00010118239742788607,-69.0,DOWN_CONFIRMED,0.004905758914724418,0.003337564700177262,0.003765225320658335,0.6614757661972043,-0.00010118239742788607,-0.006981585422524139,0.00046098106365422,0.0018396173978936226,0.002198734877992825,7908.204256469364,0.49057589147244185,0.05035880649628677,0.27408025655673063,,96.0,-1.0,6913.0,6981.0,2025-04-10 21:35:00,2025-04-11 09:45:00,7899.0,7947.0,69.0,0.6076718571971229,0.008806838510103231,95.0,1.0,6779.0,6912.0,2025-04-09 13:40:00,2025-04-10 21:30:00,7713.0,7908.0,134.0,2.5281991443018237,0.01886715779329719,587285.0,,8511.376811594202,,1335457.0,0.0,9966.097014925374,0.0,0.8540331083319216,,0.4397633169768851,,24.637681159420293,52.17391304347826,23.18840579710145,False,False,2025-04-10 21:55:00,7870.0,,,1.0,0.0,2025-04-11 09:40:00,7943.0,2025-04-11 09:10:00,7931.0,6.0,5.0,1.1281355296148594,13.297581304585231,
AG:5m:1:-1:6933:6940:2,AG,15m,2326.0,2025-04-11 09:45:00,5.0,1.0,1.0,CHoCH,1.0,7815.0,43.0,BOS,1.0,7792.0,46.0,2.0,5.0,1.0,1.0,current_internal_high,internal,0.0,10.0,7961.0,7961.0,7961.0,0.1761671070844344,current_internal_low,internal,0.0,6.0,7878.0,7878.0,7878.0,0.8682521706304266,7930.0,7944.0,7921.0,7943.0,16642.0,339145.0,0.0,0.0,0.0,0.0,0.0,0.0,,7961.0,10.0,above,0.1761671070844344,7990.0,False,,7878.0,6.0,below,0.8682521706304266,7862.0,False,,7815.0,98.0,below,1.6610041525103814,8482.0009765625,True,43.0,7536.0,89.0,below,5.171762929407323,7535.0,False,,1.0,1.0,0.0004651321515942423,60.0,UP_CONFIRMED,0.012212746249978182,0.01748631608555078,0.006170687354973119,0.19638180760189083,0.0004651321515942423,0.027907929095654538,0.0016542054924300054,0.002245922160412528,0.006144320968680228,7847.164570320852,1.2212746249978181,0.16393442622950616,-0.5273734054046896,,35.0,1.0,2267.0,2326.0,2025-04-09 21:30:00,2025-04-11 09:30:00,7766.0,7943.0,60.0,2.279165593613186,0.03798609322688643,34.0,-1.0,2250.0,2266.0,2025-04-09 09:00:00,2025-04-09 21:15:00,7639.0,7753.0,17.0,1.4923419295719276,0.08778481938658397,1689460.0,,28157.666666666668,,532034.0,0.0,31296.117647058825,0.0,0.8997175619102037,,3.175473747918366,,46.666666666666664,51.66666666666667,1.6666666666666667,False,False,,,,,0.0,0.0,2025-04-11 02:15:00,7928.0,2025-04-11 02:00:00,7905.0,4.0,4.0,0.352886641462009,24.589532110451653,
AG:5m:1:-1:6933:6940:2,AG,1h,691.0,2025-04-11 02:30:00,440.0,-1.0,1.0,CHoCH,-1.0,8143.0,43.0,BOS,1.0,7780.0,13.0,1.0,2.0,0.0,1.0,current_internal_high,internal,0.0,2.0,7990.0,7990.0,7990.0,0.5410846860450484,current_internal_low,internal,0.0,0.0,7862.0,7862.0,7862.0,1.0695860072983516,7918.0,7929.0,7903.0,7928.0,20497.0,337138.0,0.0,0.0,0.0,0.0,0.0,0.0,,7990.0,2.0,above,0.5410846860450484,7780.0,False,,7862.0,0.0,below,1.0695860072983516,7599.0,False,,8544.0009765625,42.0,above,7.512281069114131,8442.0009765625,False,,8143.0,91.0,above,2.466339499182081,7804.0,True,43.0,0.0,0.0,-0.0019955286531341764,-49.0,NONE,0.038175717865427686,0.021388732827411414,0.015544022551216854,0.8599208980614879,-0.0019955286531341764,-0.09778090400357464,0.0025214493455389952,0.00495655280926921,0.009300852614462674,7636.472192106941,3.8175717865427687,0.13894151825186718,-1.340137724406676,,12.0,-1.0,643.0,691.0,2025-04-03 09:00:00,2025-04-11 02:00:00,8426.0009765625,7928.0,49.0,-5.910288616720127,-0.12061813503510463,11.0,1.0,593.0,642.0,2025-03-27 21:00:00,2025-04-03 02:00:00,8402.0009765625,8396.0009765625,50.0,-0.07141156037397955,-0.001428231207479591,5366848.0,,109527.51020408163,,3799871.0,0.0,75997.42,0.0,1.4412003750138047,,1.4123763675135288,,14.285714285714285,44.89795918367347,40.816326530612244,False,False,2025-04-07 09:00:00,7739.0,,,1.0,0.0,2025-04-10 22:00:00,7926.0,2025-04-10 21:00:00,7870.0,3.0,2.0,0.7267388244382536,52.91010449268584,2.0
AG:5m:1:-1:6933:6940:2,AG,4h,251.0,2025-04-11 02:30:00,440.0,-1.0,-1.0,CHoCH,-1.0,7804.0,15.0,CHoCH,-1.0,8340.0,16.0,0.0,1.0,0.0,1.0,current_swing_high,swing,0.0,101.0,8285.0,8285.0,8285.0,4.2531772996099155,current_swing_low,swing,0.0,61.0,7804.0,7804.0,7804.0,1.7994211652195797,7899.0,7929.0,7878.0,7928.0,152572.0,337138.0,0.0,0.0,0.0,0.0,0.0,0.0,,8482.0009765625,20.0,above,6.732112452025922,8544.0009765625,False,,7536.0,9.0,below,5.171762929407323,8340.0,False,,8285.0,101.0,above,4.2531772996099155,,True,75.0,7804.0,61.0,below,1.7994211652195797,7505.0,True,15.0,0.0,0.0,0.0003858179578658111,-16.0,NONE,0.045010087911940486,0.02768976162910203,0.013247242772594542,0.9044728392292345,0.0003858179578658111,0.006173087325852977,0.0033128696386153234,0.005165207507471736,,7586.529634217336,4.501008791194049,0.35443037974682845,-0.8006558071503774,,4.0,-1.0,236.0,251.0,2025-04-07 09:00:00,2025-04-11 00:00:00,7694.0,7928.0,16.0,3.0413309072004235,0.19008318170002647,3.0,1.0,170.0,235.0,2025-03-12 09:00:00,2025-04-03 13:30:00,8096.0,8286.0,66.0,2.3468379446640375,0.035558150676727844,4712643.0,,294540.1875,,10005242.0,0.0,151594.57575757575,0.0,1.9429467448163673,,0.4710173926827557,,25.0,6.25,68.75,False,False,2025-04-07 09:00:00,7694.0,,,1.0,0.0,2025-04-10 00:00:00,7879.0,,,1.0,0.0,0.4784166418634549,92.94616994450101,
AG:5m:1:-1:6933:6940:3,AG,5m,6987.0,2025-04-11 10:35:00,0.0,1.0,1.0,BOS,1.0,7961.0,0.0,BOS,1.0,7951.0,0.0,7.0,6.0,2.0,1.0,active_bear_internal_ob,internal,-1.0,459.0,8278.0,8287.0,8282.5,3.799373040752351,current_swing_high,swing,0.0,4.0,7961.0,7961.0,7961.0,0.1755485893416928,7945.0,7988.0,7940.0,7975.0,24525.0,340590.0,0.0,0.0,0.0,0.0,0.0,0.0,,7951.0,1.0,below,0.3009404388714733,7958.0,True,0.0,7908.0,7.0,below,0.8401253918495298,7896.0,False,,7961.0,4.0,below,0.1755485893416928,7990.0,True,0.0,7862.0,20.0,below,1.4169278996865204,7599.0,False,,0.0,0.0,0.0,1.0,DOWN_TO_UP,0.0074597606632491415,0.0074597606632491415,0.0,0.5,0.0,0.0,,,,7915.94891566662,0.7459760663249142,0.5167632972019165,2.401192566151436,,97.0,1.0,6987.0,6987.0,2025-04-11 10:30:00,2025-04-11 10:30:00,7975.0,7975.0,1.0,0.0,0.0,96.0,-1.0,6913.0,6986.0,2025-04-10 21:35:00,2025-04-11 10:10:00,7899.0,7934.0,74.0,0.44309406253957295,0.005987757601886121,24525.0,,24525.0,,605160.0,0.0,8177.8378378378375,0.0,2.9989589530041645,,0.04052647233789411,,100.0,0.0,0.0,True,False,,,,,0.0,0.0,,,,,0.0,0.0,0.0,14.78035181971422,
AG:5m:1:-1:6933:6940:3,AG,15m,2328.0,2025-04-11 10:15:00,20.0,1.0,1.0,CHoCH,1.0,7815.0,45.0,BOS,1.0,7792.0,48.0,2.0,5.0,1.0,1.0,active_bear_internal_ob,internal,-1.0,158.0,8423.0009765625,8442.0009765625,8432.5009765625,5.617567104231975,current_internal_high,internal,0.0,12.0,7961.0,7961.0,7961.0,0.1755485893416928,7937.0,7941.0,7932.0,7934.0,9344.0,339035.0,0.0,0.0,0.0,0.0,0.0,0.0,,7961.0,12.0,below,0.1755485893416928,7990.0,False,,7878.0,8.0,below,1.2163009404388714,7862.0,False,,7815.0,100.0,below,2.0062695924764893,8482.0009765625,True,45.0,7536.0,91.0,below,5.504702194357367,7535.0,False,,1.0,1.0,0.00045630991431987135,62.0,UP_CONFIRMED,0.010688970170220484,0.017273258134140695,0.006181592551296166,0.14340532134848966,0.00045630991431987135,0.028291214687832023,0.0017695977535301388,0.002284990239779461,0.005522492373630339,7850.090615576574,1.0688970170220484,-0.02520161290322509,-1.0176309505585077,,35.0,1.0,2267.0,2328.0,2025-04-09 21:30:00,2025-04-11 10:00:00,7766.0,7934.0,62.0,2.1632758176667544,0.03489154544623797,34.0,-1.0,2250.0,2266.0,2025-04-09 09:00:00,2025-04-09 21:15:00,7639.0,7753.0,17.0,1.4923419295719276,0.08778481938658397,1715673.0,,27672.145161290322,,532034.0,0.0,31296.117647058825,0.0,0.884203768447008,,3.2247431555126176,,45.16129032258064,53.2258064516129,1.6129032258064515,False,False,,,,,0.0,0.0,2025-04-11 02:15:00,7928.0,2025-04-11 02:00:00,7905.0,4.0,4.0,0.35787067519579374,23.038933299318007,
AG:5m:1:-1:6933:6940:3,AG,1h,692.0,2025-04-11 10:00:00,35.0,-1.0,1.0,CHoCH,-1.0,8143.0,44.0,BOS,1.0,7780.0,14.0,1.0,2.0,0.0,1.0,current_internal_high,internal,0.0,3.0,7990.0,7990.0,7990.0,0.18808777429467086,current_internal_low,internal,0.0,1.0,7862.0,7862.0,7862.0,1.4169278996865204,7948.0,7958.0,7908.0,7936.0,113359.0,339467.0,0.0,0.0,0.0,0.0,0.0,0.0,,7990.0,3.0,above,0.18808777429467086,7780.0,False,,7862.0,1.0,below,1.4169278996865204,7599.0,False,,8544.0009765625,43.0,above,7.13480848354232,8442.0009765625,False,,8143.0,92.0,above,2.106583072100314,7804.0,True,44.0,0.0,0.0,-0.0019415004287030647,-50.0,NONE,0.03841088505734784,0.021729175872010145,0.015571238749548808,0.8579862001500036,-0.0019415004287030647,-0.09707502143515323,0.0024736845572050914,0.005219277276386158,0.010033830188225235,7642.446852395738,3.841088505734784,0.10090817356205317,0.30434130652610303,,12.0,-1.0,643.0,692.0,2025-04-03 09:00:00,2025-04-11 09:00:00,8426.0009765625,7936.0,50.0,-5.815344407453448,-0.11630688814906896,11.0,1.0,593.0,642.0,2025-03-27 21:00:00,2025-04-03 02:00:00,8402.0009765625,8396.0009765625,50.0,-0.07141156037397955,-0.001428231207479591,5480207.0,,109604.14,,3799871.0,0.0,75997.42,0.0,1.4422086960320495,,1.4422086960320495,,14.000000000000002,46.0,40.0,False,False,2025-04-07 09:00:00,7739.0,,,1.0,0.0,2025-04-10 22:00:00,7926.0,2025-04-10 21:00:00,7870.0,3.0,2.0,0.716605123050547,52.70223988606542,4.0
AG:5m:1:-1:6933:6940:3,AG,4h,251.0,2025-04-11 02:30:00,485.0,-1.0,-1.0,CHoCH,-1.0,7804.0,15.0,CHoCH,-1.0,8340.0,16.0,0.0,1.0,0.0,1.0,current_swing_high,swing,0.0,101.0,8285.0,8285.0,8285.0,3.8871473354231973,current_swing_low,swing,0.0,61.0,7804.0,7804.0,7804.0,2.1442006269592477,7899.0,7929.0,7878.0,7928.0,152572.0,337138.0,0.0,0.0,0.0,0.0,0.0,0.0,,8482.0009765625,20.0,above,6.35737901645768,8544.0009765625,False,,7536.0,9.0,below,5.504702194357367,8340.0,False,,8285.0,101.0,above,3.8871473354231973,,True,75.0,7804.0,61.0,below,2.1442006269592477,7505.0,True,15.0,0.0,0.0,0.0003858179578658111,-16.0,NONE,0.045010087911940486,0.02768976162910203,0.013247242772594542,0.9044728392292345,0.0003858179578658111,0.006173087325852977,0.0033128696386153234,0.005165207507471736,,7586.529634217336,4.501008791194049,0.35443037974682845,-0.8006558071503774,,4.0,-1.0,236.0,251.0,2025-04-07 09:00:00,2025-04-11 00:00:00,7694.0,7928.0,16.0,3.0413309072004235,0.19008318170002647,3.0,1.0,170.0,235.0,2025-03-12 09:00:00,2025-04-03 13:30:00,8096.0,8286.0,66.0,2.3468379446640375,0.035558150676727844,4712643.0,,294540.1875,,10005242.0,0.0,151594.57575757575,0.0,1.9429467448163673,,0.4710173926827557,,25.0,6.25,68.75,False,False,2025-04-07 09:00:00,7694.0,,,1.0,0.0,2025-04-10 00:00:00,7879.0,,,1.0,0.0,0.4784166418634549,92.94616994450101,
AG:5m:1:1:6953:6966:1,AG,5m,6968.0,2025-04-11 02:15:00,0.0,1.0,1.0,CHoCH,1.0,7780.0,158.0,CHoCH,1.0,7920.0,2.0,6.0,8.0,1.0,1.0,current_internal_high,internal,0.0,11.0,7920.0,7920.0,7920.0,0.18975332068311196,current_internal_low,internal,0.0,5.0,7896.0,7896.0,7896.0,0.11385199240986717,7918.0,7921.0,7905.0,7905.0,3035.0,339758.0,1.0,1.0,1.0,0.0,1.0,0.0,active_bull_internal_ob,7920.0,11.0,above,0.18975332068311196,7961.0,True,2.0,7896.0,5.0,below,0.11385199240986717,7878.0,False,,7990.0,29.0,above,1.0752688172043012,7780.0,False,,7862.0,1.0,below,0.5439595192915876,7599.0,False,,-1.0,-1.0,-0.000159771596774827,-56.0,DOWN_CONFIRMED,0.0015773846974457188,0.003235265229432936,0.004136092315309101,0.3442716970693823,-0.000159771596774827,-0.008947209419390312,0.00018158789682631848,0.00026242142423460457,0.0005511786157890164,7892.550411756676,0.1577384697445719,-0.1515725653656652,-0.47648943119939113,,96.0,-1.0,6913.0,6968.0,2025-04-10 21:35:00,2025-04-11 02:10:00,7899.0,7905.0,56.0,0.07595898214964869,0.001356410395529441,95.0,1.0,6779.0,6912.0,2025-04-09 13:40:00,2025-04-10 21:30:00,7713.0,7908.0,134.0,2.5281991443018237,0.01886715779329719,472651.0,,8440.19642857143,,1335457.0,0.0,9966.097014925374,0.0,0.8468908556610745,,0.35392453669418034,,26.785714285714285,44.642857142857146,28.57142857142857,True,False,2025-04-10 21:55:00,7870.0,,,1.0,0.0,2025-04-11 01:50:00,7913.0,2025-04-11 02:10:00,7905.0,4.0,4.0,1.2784399491209746,11.200078235168982,
AG:5m:1:1:6953:6966:1,AG,15m,2322.0,2025-04-11 02:15:00,0.0,1.0,1.0,CHoCH,1.0,7815.0,39.0,BOS,1.0,7792.0,42.0,2.0,5.0,1.0,1.0,current_internal_high,internal,0.0,6.0,7961.0,7961.0,7961.0,0.7084123972169513,current_internal_low,internal,0.0,2.0,7878.0,7878.0,7878.0,0.3415559772296015,7918.0,7928.0,7905.0,7905.0,10691.0,339758.0,0.0,0.0,0.0,0.0,0.0,0.0,,7961.0,6.0,above,0.7084123972169513,7990.0,False,,7878.0,2.0,below,0.3415559772296015,7862.0,False,,7815.0,94.0,below,1.1385199240986716,8482.0009765625,True,39.0,7536.0,85.0,below,4.667931688804554,7535.0,False,,1.0,1.0,0.0004703866980251944,56.0,UP_CONFIRMED,0.00890755499609973,0.0179140264254253,0.006167123551496336,0.07208999298616753,0.0004703866980251944,0.026341655089410887,0.0004976501129034805,0.0018545594863650372,0.0072266955885462725,7835.207458656169,0.890755499609973,-0.1515725653656652,-1.1843674836228326,,35.0,1.0,2267.0,2322.0,2025-04-09 21:30:00,2025-04-11 02:00:00,7766.0,7905.0,56.0,1.789853206283798,0.031961664397924965,34.0,-1.0,2250.0,2266.0,2025-04-09 09:00:00,2025-04-09 21:15:00,7639.0,7753.0,17.0,1.4923419295719276,0.08778481938658397,1583164.0,,28270.785714285714,,532034.0,0.0,31296.117647058825,0.0,0.903332037318775,,2.9756820052853765,,50.0,48.214285714285715,1.7857142857142856,True,False,,,,,0.0,0.0,2025-04-11 01:45:00,7917.0,2025-04-11 02:00:00,7905.0,3.0,4.0,0.34426227834203504,23.79207540195059,
AG:5m:1:1:6953:6966:1,AG,1h,690.0,2025-04-11 02:00:00,15.0,-1.0,1.0,CHoCH,-1.0,8143.0,42.0,BOS,1.0,7780.0,12.0,1.0,2.0,0.0,1.0,current_internal_high,internal,0.0,1.0,7990.0,7990.0,7990.0,1.0752688172043012,active_bull_internal_ob,internal,1.0,12.0,7666.0,7698.0,7682.0,2.6185958254269446,7905.0,7919.0,7896.0,7917.0,35193.0,341316.0,0.0,0.0,0.0,0.0,0.0,0.0,,7990.0,1.0,above,1.0752688172043012,7780.0,False,,7599.0,15.0,below,3.870967741935484,7637.0,False,,8544.0009765625,41.0,above,8.083503814832385,8442.0009765625,False,,8143.0,90.0,above,3.010752688172043,7804.0,True,42.0,0.0,0.0,-0.002039608905802251,-48.0,NONE,0.03687354367180137,0.021039003972452744,0.01551312714072211,0.8463061450650025,-0.002039608905802251,-0.09790122747850805,0.003376138922082106,0.005765708180308193,0.009247977996769574,7635.45376224388,3.6873543671801374,0.15180265654648473,-1.1208137388462653,,12.0,-1.0,643.0,690.0,2025-04-03 09:00:00,2025-04-11 01:00:00,8426.0009765625,7917.0,48.0,-6.040836904461811,-0.1258507688429544,11.0,1.0,593.0,642.0,2025-03-27 21:00:00,2025-04-03 02:00:00,8402.0009765625,8396.0009765625,50.0,-0.07141156037397955,-0.001428231207479591,5346351.0,,111382.3125,,3799871.0,0.0,75997.42,0.0,1.4656064969047633,,1.4069822370285727,,14.583333333333334,43.75,41.66666666666667,False,False,2025-04-07 09:00:00,7739.0,,,1.0,0.0,2025-04-10 22:00:00,7926.0,2025-04-10 21:00:00,7870.0,3.0,2.0,0.7373508347179412,54.98011253058475,4.0
AG:5m:1:1:6953:6966:1,AG,4h,250.0,2025-04-11 00:00:00,135.0,-1.0,-1.0,CHoCH,-1.0,7804.0,14.0,CHoCH,-1.0,8340.0,15.0,0.0,1.0,0.0,1.0,current_swing_high,swing,0.0,100.0,8285.0,8285.0,8285.0,4.80708412397217,current_swing_low,swing,0.0,60.0,7804.0,7804.0,7804.0,1.2776723592662873,7908.0,7961.0,7862.0,7900.0,427408.0,344721.0,0.0,0.0,0.0,0.0,0.0,0.0,,8482.0009765625,19.0,above,7.299190089342189,8544.0009765625,False,,7536.0,8.0,below,4.667931688804554,8340.0,False,,8285.0,100.0,above,4.80708412397217,,True,74.0,7804.0,60.0,below,1.2776723592662873,7505.0,True,14.0,0.0,0.0,0.0003837152614457384,-15.0,NONE,0.04175145206789789,0.026535073210246132,0.012878503470262242,0.8813045051075397,0.0003837152614457384,0.005755728921686076,0.0036259356996493075,0.00482618604995988,,7583.382758256145,4.175145206789789,-0.9280160521695557,0.8287934876970645,,4.0,-1.0,236.0,250.0,2025-04-07 09:00:00,2025-04-10 21:00:00,7694.0,7900.0,15.0,2.677410969586691,0.17849406463911274,3.0,1.0,170.0,235.0,2025-03-12 09:00:00,2025-04-03 13:30:00,8096.0,8286.0,66.0,2.3468379446640375,0.035558150676727844,4560071.0,,304004.73333333334,,10005242.0,0.0,151594.57575757575,0.0,2.0053800197936242,,0.45576818631673277,,20.0,6.666666666666667,73.33333333333333,False,False,2025-04-07 09:00:00,7694.0,,,1.0,0.0,2025-04-10 00:00:00,7879.0,,,1.0,0.0,0.4853389085540339,96.17279840177032,
AG:5m:1:1:6953:6966:2,AG,5m,6975.0,2025-04-11 09:20:00,0.0,1.0,1.0,CHoCH,1.0,7780.0,165.0,CHoCH,1.0,7920.0,9.0,6.0,8.0,1.0,1.0,active_bear_internal_ob,internal,-1.0,35.0,7945.0,7961.0,7953.0,0.2776725987630948,current_internal_high,internal,0.0,18.0,7920.0,7920.0,7920.0,0.03786444528587656,7931.0,7937.0,7908.0,7923.0,14827.0,339258.0,0.0,0.0,0.0,0.0,0.0,0.0,,7920.0,18.0,below,0.03786444528587656,7961.0,True,9.0,7896.0,12.0,below,0.34078000757288907,7878.0,False,,7990.0,36.0,above,0.8456392780512433,7780.0,False,,7862.0,8.0,below,0.7699103874794901,7599.0,False,,-1.0,-1.0,-0.00011890177316603667,-63.0,DOWN_CONFIRMED,0.0023849654507502524,0.0033195942667308583,0.003930432300937438,0.4060208706679682,-0.00011890177316603667,-0.00749081170946031,0.0013924742663340428,0.0016020636676017386,0.0017719385161811818,7904.148878008364,0.23849654507502524,-0.10087000378262712,1.4789897922560415,,96.0,-1.0,6913.0,6975.0,2025-04-10 21:35:00,2025-04-11 09:15:00,7899.0,7923.0,63.0,0.30383592859855035,0.004822792517437307,95.0,1.0,6779.0,6912.0,2025-04-09 13:40:00,2025-04-10 21:30:00,7713.0,7908.0,134.0,2.5281991443018237,0.01886715779329719,548570.0,,8707.460317460318,,1335457.0,0.0,9966.097014925374,0.0,0.8737081632277809,,0.41077324092052386,,26.984126984126984,47.61904761904761,25.396825396825395,True,False,2025-04-10 21:55:00,7870.0,,,1.0,0.0,2025-04-11 02:15:00,7913.0,2025-04-11 09:10:00,7931.0,5.0,5.0,1.1840098473263525,13.967098376132444,
AG:5m:1:1:6953:6966:2,AG,15m,2324.0,2025-04-11 09:15:00,5.0,1.0,1.0,CHoCH,1.0,7815.0,41.0,BOS,1.0,7792.0,44.0,2.0,5.0,1.0,1.0,current_internal_high,internal,0.0,8.0,7961.0,7961.0,7961.0,0.4796163069544364,current_internal_low,internal,0.0,4.0,7878.0,7878.0,7878.0,0.5679666792881485,7948.0,7958.0,7931.0,7931.0,51286.0,337887.0,0.0,0.0,0.0,0.0,0.0,0.0,,7961.0,8.0,above,0.4796163069544364,7990.0,False,,7878.0,4.0,below,0.5679666792881485,7862.0,False,,7815.0,96.0,below,1.3631200302915563,8482.0009765625,True,41.0,7536.0,87.0,below,4.8845134418780765,7535.0,False,,1.0,1.0,0.0004707433451623637,58.0,UP_CONFIRMED,0.011278561928176051,0.017692687067635198,0.006172137809772037,0.1493543763378148,0.0004707433451623637,0.027303114019417096,0.0012334910430567003,0.002067843715561235,0.006827729654598214,7842.547344104861,1.1278561928176052,0.037840565085778266,1.8748986581384937,,35.0,1.0,2267.0,2324.0,2025-04-09 21:30:00,2025-04-11 09:00:00,7766.0,7931.0,58.0,2.1246458923512845,0.036631825730194564,34.0,-1.0,2250.0,2266.0,2025-04-09 09:00:00,2025-04-09 21:15:00,7639.0,7753.0,17.0,1.4923419295719276,0.08778481938658397,1644256.0,,28349.241379310344,,532034.0,0.0,31296.117647058825,0.0,0.9058389190320089,,3.0905092531680305,,48.275862068965516,50.0,1.7241379310344827,False,False,,,,,0.0,0.0,2025-04-11 02:15:00,7928.0,2025-04-11 02:00:00,7905.0,4.0,4.0,0.3488524827335345,24.381942565967602,
AG:5m:1:1:6953:6966:2,AG,1h,691.0,2025-04-11 02:30:00,410.0,-1.0,1.0,CHoCH,-1.0,8143.0,43.0,BOS,1.0,7780.0,13.0,1.0,2.0,0.0,1.0,current_internal_high,internal,0.0,2.0,7990.0,7990.0,7990.0,0.8456392780512433,current_internal_low,internal,0.0,0.0,7862.0,7862.0,7862.0,0.7699103874794901,7918.0,7929.0,7903.0,7928.0,20497.0,337138.0,0.0,0.0,0.0,0.0,0.0,0.0,,7990.0,2.0,above,0.8456392780512433,7780.0,False,,7862.0,0.0,below,0.7699103874794901,7599.0,False,,8544.0009765625,42.0,above,7.837952499842231,8442.0009765625,False,,8143.0,91.0,above,2.776725987630948,7804.0,True,43.0,0.0,0.0,-0.0019955286531341764,-49.0,NONE,0.038175717865427686,0.021388732827411414,0.015544022551216854,0.8599208980614879,-0.0019955286531341764,-0.09778090400357464,0.0025214493455389952,0.00495655280926921,0.009300852614462674,7636.472192106941,3.8175717865427687,0.13894151825186718,-1.340137724406676,,12.0,-1.0,643.0,691.0,2025-04-03 09:00:00,2025-04-11 02:00:00,8426.0009765625,7928.0,49.0,-5.910288616720127,-0.12061813503510463,11.0,1.0,593.0,642.0,2025-03-27 21:00:00,2025-04-03 02:00:00,8402.0009765625,8396.0009765625,50.0,-0.07141156037397955,-0.001428231207479591,5366848.0,,109527.51020408163,,3799871.0,0.0,75997.42,0.0,1.4412003750138047,,1.4123763675135288,,14.285714285714285,44.89795918367347,40.816326530612244,False,False,2025-04-07 09:00:00,7739.0,,,1.0,0.0,2025-04-10 22:00:00,7926.0,2025-04-10 21:00:00,7870.0,3.0,2.0,0.7267388244382536,52.91010449268584,2.0
AG:5m:1:1:6953:6966:2,AG,4h,251.0,2025-04-11 02:30:00,410.0,-1.0,-1.0,CHoCH,-1.0,7804.0,15.0,CHoCH,-1.0,8340.0,16.0,0.0,1.0,0.0,1.0,current_swing_high,swing,0.0,101.0,8285.0,8285.0,8285.0,4.568976397829106,current_swing_low,swing,0.0,61.0,7804.0,7804.0,7804.0,1.5019563296731038,7899.0,7929.0,7878.0,7928.0,152572.0,337138.0,0.0,0.0,0.0,0.0,0.0,0.0,,8482.0009765625,20.0,above,7.055420630600782,8544.0009765625,False,,7536.0,9.0,below,4.8845134418780765,8340.0,False,,8285.0,101.0,above,4.568976397829106,,True,75.0,7804.0,61.0,below,1.5019563296731038,7505.0,True,15.0,0.0,0.0,0.0003858179578658111,-16.0,NONE,0.045010087911940486,0.02768976162910203,0.013247242772594542,0.9044728392292345,0.0003858179578658111,0.006173087325852977,0.0033128696386153234,0.005165207507471736,,7586.529634217336,4.501008791194049,0.35443037974682845,-0.8006558071503774,,4.0,-1.0,236.0,251.0,2025-04-07 09:00:00,2025-04-11 00:00:00,7694.0,7928.0,16.0,3.0413309072004235,0.19008318170002647,3.0,1.0,170.0,235.0,2025-03-12 09:00:00,2025-04-03 13:30:00,8096.0,8286.0,66.0,2.3468379446640375,0.035558150676727844,4712643.0,,294540.1875,,10005242.0,0.0,151594.57575757575,0.0,1.9429467448163673,,0.4710173926827557,,25.0,6.25,68.75,False,False,2025-04-07 09:00:00,7694.0,,,1.0,0.0,2025-04-10 00:00:00,7879.0,,,1.0,0.0,0.4784166418634549,92.94616994450101,
AG:5m:1:1:6989:6998:1,AG,5m,7001.0,2025-04-11 13:45:00,0.0,1.0,-1.0,BOS,1.0,7961.0,14.0,CHoCH,-1.0,7957.0,0.0,7.0,7.0,2.0,1.0,current_internal_low,internal,0.0,3.0,7957.0,7957.0,7957.0,0.037716872014080964,active_bull_internal_ob,internal,1.0,14.0,7932.0,7940.0,7936.0,0.17601206939904449,7993.0,7993.0,7954.0,7954.0,19985.0,339683.0,0.0,0.0,0.0,0.0,0.0,0.0,,7988.0,9.0,above,0.4274578828262509,7951.0,True,3.0,7957.0,3.0,above,0.037716872014080964,7932.0,True,0.0,7961.0,18.0,above,0.08800603469952224,7990.0,True,14.0,7878.0,4.0,below,0.9554940910233845,7862.0,False,,0.0,0.0,0.00020563625366358805,15.0,NONE,0.001717048450091408,0.006238890788155618,0.0014769844107860098,0.0011010190830803568,0.00020563625366358805,0.003084543804953821,0.0016554872917027286,0.0024425916220012223,,7940.3660068547715,0.1717048450091408,-0.4879269360690608,2.1291512386961746,,97.0,1.0,6987.0,7001.0,2025-04-11 10:30:00,2025-04-11 13:40:00,7975.0,7954.0,15.0,-0.2633228840125401,-0.017554858934169342,96.0,-1.0,6913.0,6986.0,2025-04-10 21:35:00,2025-04-11 10:10:00,7899.0,7934.0,74.0,0.44309406253957295,0.005987757601886121,136953.0,,9130.2,,605160.0,0.0,8177.8378378378375,0.0,1.116456474320841,,0.226308744794765,,93.33333333333333,6.666666666666667,0.0,True,False,,,,,0.0,0.0,,,2025-04-11 13:40:00,7954.0,0.0,1.0,0.2367383018773191,16.546802522409074,
AG:5m:1:1:6989:6998:1,AG,15m,2333.0,2025-04-11 13:45:00,0.0,1.0,1.0,CHoCH,1.0,7815.0,50.0,BOS,1.0,7961.0,4.0,3.0,5.0,1.0,1.0,current_internal_high,internal,0.0,17.0,7961.0,7961.0,7961.0,0.08800603469952224,active_bull_internal_ob,internal,1.0,4.0,7878.0,7899.0,7888.5,0.6914759869248177,8005.0,8011.0,7954.0,7954.0,44407.0,339683.0,0.0,0.0,0.0,0.0,0.0,0.0,,7961.0,17.0,above,0.08800603469952224,7990.0,True,4.0,7878.0,13.0,below,0.9554940910233845,7862.0,False,,7815.0,105.0,below,1.747548403319085,8482.0009765625,True,50.0,7536.0,96.0,below,5.255217500628614,7535.0,False,,1.0,1.0,0.0004608895319230338,67.0,UP_CONFIRMED,0.010692626152028593,0.01702463392205062,0.006034474054689084,0.14701873133487547,0.0004608895319230338,0.030879598638843264,0.002517170149894943,0.004291222282067686,0.00585684926837815,7869.850629348074,1.0692626152028593,-0.512820512820511,1.9359098261070837,,35.0,1.0,2267.0,2333.0,2025-04-09 21:30:00,2025-04-11 13:30:00,7766.0,7954.0,67.0,2.420808653103279,0.0361314724343773,34.0,-1.0,2250.0,2266.0,2025-04-09 09:00:00,2025-04-09 21:15:00,7639.0,7753.0,17.0,1.4923419295719276,0.08778481938658397,1852626.0,,27651.13432835821,,532034.0,0.0,31296.117647058825,0.0,0.8835324125565087,,3.4821571553697694,,47.76119402985074,50.74626865671642,1.4925373134328357,True,False,,,,,0.0,0.0,2025-04-11 02:15:00,7928.0,2025-04-11 13:30:00,7954.0,4.0,5.0,0.35445543688743414,28.015039606829895,
AG:5m:1:1:6989:6998:1,AG,1h,694.0,2025-04-11 11:30:00,135.0,-1.0,1.0,CHoCH,-1.0,8143.0,46.0,BOS,1.0,7990.0,0.0,2.0,2.0,0.0,1.0,current_internal_high,internal,0.0,5.0,7990.0,7990.0,7990.0,0.4526024641689716,active_bull_internal_ob,internal,1.0,0.0,7869.0,7940.0,7904.5,0.17601206939904449,7966.0,8005.0,7957.0,7995.0,39317.0,340514.0,0.0,0.0,0.0,0.0,0.0,0.0,,7990.0,5.0,above,0.4526024641689716,7780.0,True,0.0,7862.0,3.0,below,1.1566507417651497,7599.0,False,,8544.0009765625,45.0,above,7.417663773730199,8442.0009765625,False,,8143.0,94.0,above,2.376162936887101,7804.0,True,46.0,-1.0,-1.0,-0.0018529463099758448,-52.0,DOWN_CONFIRMED,0.04529529912968048,0.02256665241406366,0.015836527561836133,0.9243855040631623,-0.0018529463099758448,-0.09635320811874393,0.0019324497261039575,0.005473623439091746,0.010430917967501285,7648.556352120485,4.529529912968048,0.37664783427495685,-1.0472790324403363,,12.0,-1.0,643.0,694.0,2025-04-03 09:00:00,2025-04-11 11:00:00,8426.0009765625,7995.0,52.0,-5.115130864111683,-0.09836790123291698,11.0,1.0,593.0,642.0,2025-03-27 21:00:00,2025-04-03 02:00:00,8402.0009765625,8396.0009765625,50.0,-0.07141156037397955,-0.001428231207479591,5582097.0,,107348.01923076923,,3799871.0,0.0,75997.42,0.0,1.4125218886479203,,1.4690227641938371,,15.384615384615385,46.15384615384615,38.46153846153847,False,False,2025-04-07 09:00:00,7739.0,,,1.0,0.0,2025-04-10 22:00:00,7926.0,2025-04-10 21:00:00,7870.0,3.0,2.0,0.7017668048968895,52.58509459563805,2.0
AG:5m:1:1:6989:6998:1,AG,4h,252.0,2025-04-11 11:30:00,135.0,-1.0,-1.0,CHoCH,-1.0,7804.0,16.0,CHoCH,-1.0,8340.0,17.0,0.0,1.0,0.0,1.0,current_swing_high,swing,0.0,102.0,8285.0,8285.0,8285.0,4.161428212220267,current_swing_low,swing,0.0,62.0,7804.0,7804.0,7804.0,1.8858436007040482,7948.0,8005.0,7908.0,7995.0,215249.0,340514.0,0.0,0.0,0.0,0.0,0.0,0.0,,8482.0009765625,21.0,above,6.638181752105858,8544.0009765625,False,,7536.0,10.0,below,5.255217500628614,8340.0,False,,8285.0,102.0,above,4.161428212220267,,True,76.0,7804.0,62.0,below,1.8858436007040482,7505.0,True,16.0,0.0,0.0,0.00040435781691939383,-17.0,NONE,0.05310783562338084,0.0291849424522949,0.014175174915399316,0.9542618611839757,0.00040435781691939383,0.0068740828876296955,0.003333522414181944,0.005356054394157761,,7591.815129993224,5.310783562338084,0.845105953582248,-0.4088728752936904,,4.0,-1.0,236.0,252.0,2025-04-07 09:00:00,2025-04-11 09:00:00,7694.0,7995.0,17.0,3.9121393293475526,0.23012584290279722,3.0,1.0,170.0,235.0,2025-03-12 09:00:00,2025-04-03 13:30:00,8096.0,8286.0,66.0,2.3468379446640375,0.035558150676727844,4927892.0,,289876.0,,10005242.0,0.0,151594.57575757575,0.0,1.9121792356446752,,0.49253101524181025,,29.411764705882355,5.88235294117647,64.70588235294117,False,False,2025-04-07 09:00:00,7694.0,,,1.0,0.0,2025-04-10 00:00:00,7879.0,,,1.0,0.0,0.4857016572353967,93.23572923417952,
AG:5m:1:-1:6999:7001:1,AG,5m,7017.0,2025-04-11 21:05:00,0.0,1.0,1.0,BOS,1.0,7961.0,30.0,CHoCH,1.0,7987.0,0.0,8.0,7.0,2.0,1.0,active_bear_internal_ob,internal,-1.0,489.0,8278.0,8287.0,8282.5,3.4750000000000005,current_internal_high,internal,0.0,2.0,7987.0,7987.0,7987.0,0.1625,8007.0,8008.0,7985.0,8000.0,21996.0,332918.0,1.0,1.0,0.0,1.0,1.0,0.0,active_bear_internal_ob,7987.0,2.0,below,0.1625,8011.0,True,0.0,7953.0,9.0,below,0.5875,7957.0,False,,7961.0,34.0,below,0.4875,7990.0,True,30.0,7878.0,20.0,below,1.525,7862.0,False,,0.0,0.0,0.00015936131374903335,31.0,NONE,0.005649829712092252,0.0049363930424822025,0.0017203348014886437,0.6608221761638526,0.00015936131374903335,0.004940200726220034,0.0009280756718428318,0.0012479118790604815,0.003402824657376513,7955.055292248518,0.5649829712092251,0.37641154328733606,2.614485881458456,,97.0,1.0,6987.0,7017.0,2025-04-11 10:30:00,2025-04-11 21:00:00,7975.0,8000.0,31.0,0.31347962382444194,0.010112245929820707,96.0,-1.0,6913.0,6986.0,2025-04-10 21:35:00,2025-04-11 10:10:00,7899.0,7934.0,74.0,0.44309406253957295,0.005987757601886121,242068.0,,7808.645161290323,,605160.0,0.0,8177.8378378378375,0.0,0.954854487962661,,0.40000660982219577,,45.16129032258064,54.83870967741935,0.0,False,False,,,,,0.0,0.0,2025-04-11 21:00:00,8000.0,2025-04-11 14:55:00,7970.0,3.0,3.0,0.3485003699429078,13.881937949818102,
AG:5m:1:-1:6999:7001:1,AG,15m,2338.0,2025-04-11 15:00:00,365.0,1.0,1.0,CHoCH,1.0,7815.0,55.0,BOS,1.0,7961.0,9.0,3.0,5.0,1.0,1.0,current_internal_high,internal,0.0,0.0,8011.0,8011.0,8011.0,0.13749999999999998,active_bull_internal_ob,internal,1.0,9.0,7878.0,7899.0,7888.5,1.2625000000000002,7979.0,7983.0,7969.0,7970.0,17466.0,331473.0,0.0,0.0,0.0,0.0,0.0,0.0,,8011.0,0.0,above,0.13749999999999998,7961.0,False,,7878.0,18.0,below,1.525,7862.0,False,,7815.0,110.0,below,2.3125,8482.0009765625,True,55.0,7536.0,101.0,below,5.800000000000001,7535.0,False,,1.0,1.0,0.00044838883813707843,72.0,UP_CONFIRMED,0.011347912473668549,0.0167173929374035,0.0059315394268727156,0.18266851530977712,0.00044838883813707843,0.03228399634586965,0.0013623295182876305,0.0038829288833803766,0.006176791577760188,7880.5719591649495,1.1347912473668549,-0.1002757583354219,-0.1547060549559929,,35.0,1.0,2267.0,2338.0,2025-04-09 21:30:00,2025-04-11 14:45:00,7766.0,7970.0,72.0,2.626834921452481,0.03648381835350668,34.0,-1.0,2250.0,2266.0,2025-04-09 09:00:00,2025-04-09 21:15:00,7639.0,7753.0,17.0,1.4923419295719276,0.08778481938658397,1935745.0,,26885.347222222223,,532034.0,0.0,31296.117647058825,0.0,0.8590633357600788,,3.638385892630922,,44.44444444444444,54.166666666666664,1.3888888888888888,False,False,,,,,0.0,0.0,2025-04-11 13:45:00,7972.0,2025-04-11 13:30:00,7954.0,5.0,5.0,0.3548124668172085,23.931806874997573,
AG:5m:1:-1:6999:7001:1,AG,1h,696.0,2025-04-11 15:00:00,365.0,-1.0,1.0,CHoCH,-1.0,8143.0,48.0,BOS,1.0,7990.0,2.0,2.0,2.0,0.0,1.0,current_swing_low,swing,0.0,96.0,8143.0,8143.0,8143.0,1.7874999999999999,current_internal_high,internal,0.0,7.0,7990.0,7990.0,7990.0,0.125,7972.0,7987.0,7969.0,7970.0,59758.0,331473.0,0.0,0.0,0.0,0.0,0.0,0.0,,7990.0,7.0,below,0.125,7780.0,True,2.0,7862.0,5.0,below,1.725,7599.0,False,,8544.0009765625,47.0,above,6.8000122070312505,8442.0009765625,False,,8143.0,96.0,above,1.7874999999999999,7804.0,True,48.0,-1.0,-1.0,-0.0017667834033556042,-54.0,DOWN_CONFIRMED,0.04093594293446123,0.02326129458438899,0.01593920073929204,0.866258853535824,-0.0017667834033556042,-0.09540630378120263,0.002631955179079215,0.0051600408662819675,0.010392890229070417,7656.571044642852,4.093594293446123,-0.025087807325641087,-0.5236403416087253,,12.0,-1.0,643.0,696.0,2025-04-03 09:00:00,2025-04-11 14:00:00,8426.0009765625,7970.0,54.0,-5.411831518070054,-0.10021910218648247,11.0,1.0,593.0,642.0,2025-03-27 21:00:00,2025-04-03 02:00:00,8402.0009765625,8396.0009765625,50.0,-0.07141156037397955,-0.001428231207479591,5709623.0,,105733.75925925926,,3799871.0,0.0,75997.42,0.0,1.3912809047893897,,1.5025833771725408,,18.51851851851852,44.44444444444444,37.03703703703704,False,False,2025-04-07 09:00:00,7739.0,,,1.0,0.0,2025-04-10 22:00:00,7926.0,2025-04-10 21:00:00,7870.0,3.0,2.0,0.6852241469823044,50.473882585014444,4.0
AG:5m:1:-1:6999:7001:1,AG,4h,253.0,2025-04-11 15:00:00,365.0,-1.0,-1.0,CHoCH,-1.0,7804.0,17.0,CHoCH,-1.0,8340.0,18.0,0.0,1.0,0.0,1.0,current_swing_high,swing,0.0,103.0,8285.0,8285.0,8285.0,3.5624999999999996,current_swing_low,swing,0.0,63.0,7804.0,7804.0,7804.0,2.45,8005.0,8011.0,7953.0,7970.0,127526.0,331473.0,0.0,0.0,0.0,0.0,0.0,0.0,,8482.0009765625,22.0,above,6.02501220703125,8544.0009765625,False,,7536.0,11.0,below,5.800000000000001,8340.0,False,,8285.0,103.0,above,3.5624999999999996,,True,77.0,7804.0,63.0,below,2.45,7505.0,True,17.0,0.0,0.0,0.00040578857698435485,-18.0,NONE,0.04936655227817439,0.030306142998177094,0.014530761754917852,0.9051940629300664,0.00040578857698435485,0.007304194385718388,0.00301131234690466,0.0056204823429029105,,7595.058164086832,4.936655227817439,-0.3126954346466593,-0.935218007688617,,4.0,-1.0,236.0,253.0,2025-04-07 09:00:00,2025-04-11 13:30:00,7694.0,7970.0,18.0,3.5872108136210112,0.19928948964561174,3.0,1.0,170.0,235.0,2025-03-12 09:00:00,2025-04-03 13:30:00,8096.0,8286.0,66.0,2.3468379446640375,0.035558150676727844,5055418.0,,280856.55555555556,,10005242.0,0.0,151594.57575757575,0.0,1.8526820907147141,,0.5052769338312857,,33.33333333333333,5.555555555555555,61.111111111111114,False,False,2025-04-07 09:00:00,7694.0,,,1.0,0.0,2025-04-10 00:00:00,7879.0,,,1.0,0.0,0.47946588768461473,90.71889143173811,
AG:5m:1:1:7016:7017:1,AG,5m,9261.0,2025-05-15 11:20:00,0.0,-1.0,-1.0,BOS,-1.0,8062.0,16.0,CHoCH,-1.0,8091.0,30.0,7.0,12.0,2.0,6.0,current_swing_low,swing,0.0,40.0,8062.0,8062.0,8062.0,1.2814070351758795,active_bull_internal_ob,internal,1.0,2274.0,7932.0,7940.0,7936.0,0.25125628140703515,7987.0,7988.0,7959.0,7960.0,19360.0,349726.0,0.0,0.0,0.0,0.0,0.0,0.0,,8100.0,31.0,above,1.7587939698492463,8097.0,False,,8091.0,34.0,above,1.6457286432160805,8076.0,True,30.0,8124.0,30.0,above,2.0603015075376883,8244.0,False,,8062.0,40.0,above,1.2814070351758795,8103.0,True,16.0,-1.0,-1.0,-0.0001662352059231639,-129.0,DOWN_CONFIRMED,-0.010713929972498181,-0.0026900088281047825,0.001876465880167666,9.510578207749809e-06,-0.0001662352059231639,-0.021444341564088143,-0.0021477378749542586,-0.004616977385578536,-0.006207970449927491,8046.20649290929,-1.0713929972498182,-0.32556974705735264,1.5025656421149207,,130.0,-1.0,9133.0,9261.0,2025-05-14 09:35:00,2025-05-15 11:15:00,8210.0,7960.0,129.0,-3.0450669914738104,-0.023605170476541166,129.0,1.0,9019.0,9132.0,2025-05-13 09:20:00,2025-05-14 09:30:00,8148.0,8210.0,114.0,0.7609229258713768,0.006674762507643656,904693.0,,7013.124031007752,,586139.0,0.0,5141.570175438596,0.0,1.3640043394738854,,1.5434785946678178,,10.077519379844961,44.18604651162791,45.73643410852713,True,True,2025-05-14 14:40:00,8206.0,2025-05-14 14:55:00,8195.0,3.0,3.0,2025-05-15 09:10:00,8089.0,2025-05-15 09:15:00,8082.0,5.0,5.0,0.6975686698729946,14.24813532995944,
AG:5m:1:1:7016:7017:1,AG,15m,3086.0,2025-05-15 11:15:00,5.0,-1.0,-1.0,BOS,-1.0,8073.0,6.0,BOS,-1.0,8076.0,6.0,4.0,11.0,1.0,3.0,current_swing_low,swing,0.0,129.0,8073.0,8073.0,8073.0,1.4195979899497488,active_bull_internal_ob,internal,1.0,757.0,7878.0,7899.0,7888.5,0.7663316582914573,8012.0,8019.0,7985.0,7986.0,33254.0,346786.0,1.0,1.0,1.0,0.0,1.0,0.0,active_bull_internal_ob,8100.0,6.0,above,1.7587939698492463,8103.0,False,,8076.0,10.0,above,1.4572864321608041,8080.0,True,6.0,8244.0,4.0,above,3.567839195979899,8279.0,False,,8073.0,129.0,above,1.4195979899497488,8156.0,True,6.0,0.0,0.0,-0.0003194681091497268,-30.0,NONE,-0.014052972225424254,-0.007690457356752634,0.0019936299377089515,0.0007078711351874434,-0.0003194681091497268,-0.009584043274491805,-0.003428647202516011,-0.0052362512739729805,-0.006076978871396577,8099.826638785606,-1.4052972225424254,-0.32451323015476596,1.1271116636110474,,48.0,-1.0,3057.0,3086.0,2025-05-14 21:00:00,2025-05-15 11:00:00,8083.0,7986.0,30.0,-1.2000494865767708,-0.04000164955255903,47.0,1.0,3027.0,3056.0,2025-05-13 22:45:00,2025-05-14 14:45:00,8224.0,8195.0,30.0,-0.3526264591439676,-0.01175421530479892,701589.0,,23386.3,,382424.0,0.0,12747.466666666667,0.0,1.834584126519256,,1.8345841265192562,,0.0,0.0,100.0,True,True,,,,,0.0,0.0,,,,,0.0,0.0,0.2592342490474169,20.05935908487386,
AG:5m:1:1:7016:7017:1,AG,1h,918.0,2025-05-15 11:00:00,20.0,-1.0,-1.0,CHoCH,-1.0,8143.0,270.0,CHoCH,-1.0,8103.0,6.0,2.0,5.0,0.0,1.0,current_internal_low,internal,0.0,20.0,8103.0,8103.0,8103.0,1.7964824120603013,active_bull_internal_ob,internal,1.0,224.0,7869.0,7940.0,7904.5,0.25125628140703515,8059.0,8064.0,7999.0,8012.0,95990.0,340577.0,0.0,0.0,0.0,0.0,0.0,0.0,,8244.0,10.0,above,3.567839195979899,8235.0,False,,8103.0,20.0,above,1.7964824120603013,8106.0,True,6.0,8375.0,77.0,above,5.21356783919598,8544.0009765625,False,,7535.0,220.0,below,5.339195979899498,8143.0,False,,-1.0,-1.0,-0.00020109683329881228,-79.0,DOWN_CONFIRMED,-0.017735592195181966,-0.0055184842168233515,0.005211789806603134,0.009535785191406188,-0.00020109683329881228,-0.01588664983060617,-0.0022837932584619525,-0.004952309498732155,-0.004660399720171293,8156.663253130957,-1.7735592195181966,-0.5708612558947612,0.49227744553965996,,14.0,-1.0,840.0,918.0,2025-05-06 09:00:00,2025-05-15 10:00:00,8271.0,8012.0,79.0,-3.131423044371906,-0.03963826638445451,13.0,1.0,697.0,839.0,2025-04-11 21:00:00,2025-04-30 14:00:00,8008.0,8182.0,143.0,2.172827172827163,0.015194595614175965,4222921.0,,53454.696202531646,,10600971.0,0.0,74132.66433566433,0.0,0.7210680565923655,,0.39835228301256553,,15.18987341772152,55.69620253164557,29.11392405063291,True,True,2025-05-14 13:30:00,8207.0,2025-05-14 14:00:00,8195.0,5.0,5.0,2025-05-13 22:00:00,8224.0,2025-05-14 21:00:00,8114.0,7.0,7.0,0.9444241574008229,36.48329054014371,3.0
AG:5m:1:1:7016:7017:1,AG,4h,333.0,2025-05-15 02:30:00,530.0,-1.0,-1.0,CHoCH,-1.0,7804.0,97.0,CHoCH,-1.0,8156.0,21.0,1.0,2.0,0.0,1.0,active_bull_internal_ob,internal,1.0,69.0,8055.0,8124.0,8089.5,1.193467336683417,current_swing_low,swing,0.0,47.0,7535.0,7535.0,7535.0,5.339195979899498,8096.0,8100.0,8076.0,8085.0,54591.0,309999.0,0.0,0.0,0.0,0.0,0.0,0.0,,8279.0,19.0,above,4.007537688442211,8295.0,False,,8073.0,13.0,above,1.4195979899497488,8156.0,False,,8544.0009765625,65.0,above,7.336695685458543,8285.0,False,,7535.0,47.0,below,5.339195979899498,7804.0,False,,0.0,0.0,-0.00010932598663654369,-2.0,NONE,-0.019253905427367483,-0.018694098126759998,0.0005598073006074849,0.15865525393145674,-0.00010932598663654369,-0.00021865197327308739,,,,8243.723879953965,-1.9253905427367484,-0.13586956521739468,-0.973584482822409,,6.0,-1.0,332.0,333.0,2025-05-14 21:00:00,2025-05-15 00:00:00,8096.0,8085.0,2.0,-0.13586956521739468,-0.06793478260869734,5.0,1.0,286.0,331.0,2025-04-23 21:00:00,2025-05-14 13:30:00,8321.0,8195.0,46.0,-1.5142410767936543,-0.03291828427812292,446776.0,,223388.0,,6983751.0,0.0,151820.6739130435,0.0,1.4713938111481923,,0.06397364396296489,,0.0,0.0,100.0,True,True,,,,,0.0,0.0,,,,,0.0,0.0,0.029945670382789894,64.25142615703174,
AG:5m:1:1:7029:7032:1,AG,5m,9253.0,2025-05-15 10:40:00,0.0,-1.0,-1.0,BOS,-1.0,8062.0,8.0,CHoCH,-1.0,8091.0,22.0,9.0,12.0,2.0,6.0,current_swing_low,swing,0.0,32.0,8062.0,8062.0,8062.0,0.5111582096995387,active_bull_internal_ob,internal,1.0,2221.0,7999.0,8014.0,8006.5,0.08727091385114076,8042.0,8043.0,8014.0,8021.0,19220.0,335278.0,0.0,0.0,0.0,0.0,0.0,0.0,,8100.0,23.0,above,0.98491459917716,8097.0,False,,8091.0,26.0,above,0.8727091385114075,8076.0,True,22.0,8124.0,22.0,above,1.2841291609524998,8244.0,False,,8062.0,32.0,above,0.5111582096995387,8103.0,True,8.0,-1.0,-1.0,-0.00014855020514479124,-121.0,DOWN_CONFIRMED,-0.006654924744320353,-0.0024112658495990006,0.0015239284925113543,0.002678997725887866,-0.00014855020514479124,-0.01797457482251974,-0.0014041175674104345,-0.002349728064089618,-0.003999139600378898,8074.73676550463,-0.6654924744320353,-0.2611290723700588,1.9667710194453647,,130.0,-1.0,9133.0,9253.0,2025-05-14 09:35:00,2025-05-15 10:35:00,8210.0,8021.0,121.0,-2.3020706455541995,-0.01902537723598512,129.0,1.0,9019.0,9132.0,2025-05-13 09:20:00,2025-05-14 09:30:00,8148.0,8210.0,114.0,0.7609229258713768,0.006674762507643656,805538.0,,6657.338842975207,,586139.0,0.0,5141.570175438596,0.0,1.2948065699418971,,1.3743122365172766,,10.743801652892563,47.107438016528924,42.14876033057851,True,True,2025-05-14 14:40:00,8206.0,2025-05-14 14:55:00,8195.0,3.0,3.0,2025-05-15 09:10:00,8089.0,2025-05-15 09:15:00,8082.0,5.0,5.0,0.6320035149856195,12.162223692150352,
AG:5m:1:1:7029:7032:1,AG,15m,3083.0,2025-05-15 10:15:00,25.0,-1.0,-1.0,BOS,-1.0,8073.0,3.0,BOS,-1.0,8076.0,3.0,4.0,11.0,1.0,3.0,current_swing_low,swing,0.0,126.0,8073.0,8073.0,8073.0,0.6482982171799028,active_bull_internal_ob,internal,1.0,742.0,7953.0,7973.0,7963.0,0.5984291235506795,8059.0,8064.0,8050.0,8061.0,15554.0,329402.0,0.0,0.0,0.0,0.0,0.0,0.0,,8100.0,3.0,above,0.98491459917716,8103.0,False,,8076.0,7.0,above,0.6857000374018202,8080.0,True,3.0,8244.0,1.0,above,2.780201969829198,8279.0,False,,8073.0,126.0,above,0.6482982171799028,8156.0,True,3.0,0.0,0.0,-0.00025448062851389047,-27.0,NONE,-0.007512256381551299,-0.0071646860614843376,0.0012263005164306906,0.38842362810386355,-0.00025448062851389047,-0.006870976969875042,-0.002365586471302916,-0.0026311785284452993,-0.00411703562500898,8122.014656433848,-0.7512256381551299,0.03723008190616994,0.2245054118790519,,48.0,-1.0,3057.0,3083.0,2025-05-14 21:00:00,2025-05-15 10:00:00,8083.0,8061.0,27.0,-0.2721761722132898,-0.010080598970862586,47.0,1.0,3027.0,3056.0,2025-05-13 22:45:00,2025-05-14 14:45:00,8224.0,8195.0,30.0,-0.3526264591439676,-0.01175421530479892,587899.0,,21774.037037037036,,382424.0,0.0,12747.466666666667,0.0,1.7081069993282614,,1.5372962993954353,,0.0,0.0,100.0,True,True,,,,,0.0,0.0,,,,,0.0,0.0,0.17115900207030604,16.17427461488115,
AG:5m:1:1:7029:7032:1,AG,1h,917.0,2025-05-15 10:00:00,40.0,-1.0,-1.0,CHoCH,-1.0,8143.0,269.0,CHoCH,-1.0,8103.0,5.0,2.0,5.0,0.0,1.0,current_internal_low,internal,0.0,19.0,8103.0,8103.0,8103.0,1.0223164193990775,active_bull_internal_ob,internal,1.0,223.0,7869.0,7940.0,7904.5,1.0098491459917716,8085.0,8098.0,8053.0,8058.0,125569.0,328910.0,0.0,0.0,0.0,0.0,0.0,0.0,,8244.0,9.0,above,2.780201969829198,8235.0,False,,8103.0,19.0,above,1.0223164193990775,8106.0,True,5.0,8375.0,76.0,above,4.4134147861862605,8544.0009765625,False,,7535.0,219.0,below,6.059094875950629,8143.0,False,,-1.0,-1.0,-0.00019133434051497546,-78.0,DOWN_CONFIRMED,-0.01306136590117519,-0.005361854627357215,0.005056965490857935,0.06393495893607337,-0.00019133434051497546,-0.014924078560168086,-0.0016260966876204819,-0.003996615727694941,-0.0036082880482604107,8164.641368364075,-1.306136590117519,-0.33395176252318803,1.0282432709609997,,14.0,-1.0,840.0,917.0,2025-05-06 09:00:00,2025-05-15 09:00:00,8271.0,8058.0,78.0,-2.575262966993108,-0.03301619188452703,13.0,1.0,697.0,839.0,2025-04-11 21:00:00,2025-04-30 14:00:00,8008.0,8182.0,143.0,2.172827172827163,0.015194595614175965,4126931.0,,52909.3717948718,,10600971.0,0.0,74132.66433566433,0.0,0.7137119955017958,,0.38929745209188854,,15.384615384615385,56.41025641025641,28.205128205128204,True,True,2025-05-14 13:30:00,8207.0,2025-05-14 14:00:00,8195.0,5.0,5.0,2025-05-13 22:00:00,8224.0,2025-05-14 21:00:00,8114.0,7.0,7.0,0.9431373735976211,34.28969750477015,4.0
AG:5m:1:1:7029:7032:1,AG,4h,333.0,2025-05-15 02:30:00,490.0,-1.0,-1.0,CHoCH,-1.0,7804.0,97.0,CHoCH,-1.0,8156.0,21.0,1.0,2.0,0.0,1.0,active_bull_internal_ob,internal,1.0,69.0,8055.0,8124.0,8089.5,0.423887295848398,current_swing_low,swing,0.0,47.0,7535.0,7535.0,7535.0,6.059094875950629,8096.0,8100.0,8076.0,8085.0,54591.0,309999.0,0.0,0.0,0.0,0.0,0.0,0.0,,8279.0,19.0,above,3.216556539084902,8295.0,False,,8073.0,13.0,above,0.6482982171799028,8156.0,False,,8544.0009765625,65.0,above,6.520396167092632,8285.0,False,,7535.0,47.0,below,6.059094875950629,7804.0,False,,0.0,0.0,-0.00010932598663654369,-2.0,NONE,-0.019253905427367483,-0.018694098126759998,0.0005598073006074849,0.15865525393145674,-0.00010932598663654369,-0.00021865197327308739,,,,8243.723879953965,-1.9253905427367484,-0.13586956521739468,-0.973584482822409,,6.0,-1.0,332.0,333.0,2025-05-14 21:00:00,2025-05-15 00:00:00,8096.0,8085.0,2.0,-0.13586956521739468,-0.06793478260869734,5.0,1.0,286.0,331.0,2025-04-23 21:00:00,2025-05-14 13:30:00,8321.0,8195.0,46.0,-1.5142410767936543,-0.03291828427812292,446776.0,,223388.0,,6983751.0,0.0,151820.6739130435,0.0,1.4713938111481923,,0.06397364396296489,,0.0,0.0,100.0,True,True,,,,,0.0,0.0,,,,,0.0,0.0,0.029945670382789894,64.25142615703174,
AG:5m:1:-1:7054:7058:1,AG,5m,7221.0,2025-04-15 13:35:00,0.0,1.0,1.0,BOS,1.0,8125.0,39.0,CHoCH,1.0,8151.0,0.0,13.0,7.0,3.0,1.0,active_bear_internal_ob,internal,-1.0,163.0,8158.0,8173.0,8165.5,0.04905567819475104,current_internal_high,internal,0.0,7.0,8151.0,8151.0,8151.0,0.03679175864606328,8158.0,8160.0,8148.0,8154.0,14333.0,343068.0,0.0,0.0,0.0,0.0,0.0,0.0,,8151.0,7.0,below,0.03679175864606328,8157.0,True,0.0,8133.0,8.0,below,0.257542310522443,8123.0,True,4.0,8125.0,74.0,below,0.35565366691194505,8177.0,True,39.0,8055.0,37.0,below,1.2141280353200883,8059.0,False,,1.0,1.0,9.281202654021214e-05,72.0,UP_CONFIRMED,0.004320571617022215,0.004264101509525972,0.0013459016790006355,0.5167335443297912,9.281202654021214e-05,0.006682465910895274,0.0007063500916475451,0.0009660946381786495,0.0017565564680366297,8118.921617697747,0.4320571617022215,0.09820770930517586,3.845719465637559,,99.0,1.0,7150.0,7221.0,2025-04-14 22:50:00,2025-04-15 13:30:00,8114.0,8154.0,72.0,0.4929751047572095,0.006846876454961243,98.0,-1.0,7134.0,7149.0,2025-04-14 21:30:00,2025-04-14 22:45:00,8069.0,8122.0,16.0,0.6568347998512802,0.041052174990705015,333285.0,,4628.958333333333,,137732.0,0.0,8608.25,0.0,0.5377351184425793,,2.419808032991607,,63.888888888888886,25.0,11.11111111111111,False,False,,,,,0.0,0.0,2025-04-15 11:20:00,8139.0,2025-04-15 11:10:00,8132.0,4.0,4.0,0.31563546880718035,9.638564835495771,
AG:5m:1:-1:7054:7058:1,AG,15m,2406.0,2025-04-15 11:30:00,125.0,1.0,1.0,CHoCH,1.0,7815.0,123.0,BOS,1.0,8124.0,12.0,5.0,5.0,1.0,1.0,current_internal_high,internal,0.0,2.0,8157.0,8157.0,8157.0,0.03679175864606328,active_bull_internal_ob,internal,1.0,12.0,8077.0,8090.0,8083.5,0.7848908511160166,8133.0,8150.0,8132.0,8146.0,9182.0,342901.0,0.0,0.0,0.0,0.0,0.0,0.0,,8157.0,2.0,above,0.03679175864606328,8124.0,False,,8077.0,14.0,below,0.9443218052489575,8055.0,False,,8177.0,9.0,above,0.2820701496198185,7815.0,False,,7536.0,169.0,below,7.579102281089035,7535.0,False,,1.0,1.0,0.0004176602957217224,140.0,UP_CONFIRMED,0.008106247203561888,0.013341853076697809,0.006576387634542288,0.2129806083916687,0.0004176602957217224,0.05847244140104113,0.0005703960429486177,0.0018814886810298859,0.0027841561246146895,8080.49748981976,0.8106247203561888,0.17215937038859153,-0.3945682266690115,,35.0,1.0,2267.0,2406.0,2025-04-09 21:30:00,2025-04-15 11:15:00,7766.0,8146.0,140.0,4.8931238732938365,0.03495088480924169,34.0,-1.0,2250.0,2266.0,2025-04-09 09:00:00,2025-04-09 21:15:00,7639.0,7753.0,17.0,1.4923419295719276,0.08778481938658397,3742824.0,,26734.457142857143,,532034.0,0.0,31296.117647058825,0.0,0.8542419684241447,,7.0349338576106035,,38.57142857142858,48.57142857142857,12.857142857142856,False,False,,,,,0.0,0.0,2025-04-15 01:15:00,8122.0,2025-04-14 09:00:00,8086.0,7.0,7.0,0.4929141099618513,17.501053412523692,
AG:5m:1:-1:7054:7058:1,AG,1h,716.0,2025-04-15 11:30:00,125.0,-1.0,1.0,CHoCH,-1.0,8143.0,68.0,BOS,1.0,7990.0,22.0,2.0,2.0,0.0,1.0,current_internal_high,internal,0.0,12.0,8177.0,8177.0,8177.0,0.2820701496198185,current_internal_low,internal,0.0,3.0,8055.0,8055.0,8055.0,1.2141280353200883,8144.0,8150.0,8131.0,8146.0,18151.0,342901.0,0.0,0.0,0.0,0.0,0.0,0.0,,8177.0,12.0,above,0.2820701496198185,7990.0,False,,8055.0,3.0,below,1.2141280353200883,7862.0,False,,8544.0009765625,67.0,above,4.782940600472161,8442.0009765625,False,,7535.0,18.0,below,7.591366200637724,8143.0,False,,0.0,0.0,0.000850681077465798,20.0,NONE,0.044558969674201886,0.046232233822206564,0.005267414998053207,0.3753701966753484,0.000850681077465798,0.01701362154931596,0.0022155132027323887,0.006238547980381037,,7798.506581721029,4.4558969674201885,0.024557956778004097,-1.0286150378032608,,13.0,1.0,697.0,716.0,2025-04-11 21:00:00,2025-04-15 11:00:00,8008.0,8146.0,20.0,1.7232767232767232,0.08616383616383616,12.0,-1.0,643.0,696.0,2025-04-03 09:00:00,2025-04-11 14:00:00,8426.0009765625,7970.0,54.0,-5.411831518070054,-0.10021910218648247,1807079.0,,90353.95,,5709623.0,0.0,105733.75925925926,0.0,0.8545421125002474,,0.31649707870379534,,100.0,0.0,0.0,False,False,,,,,0.0,0.0,,,,,0.0,0.0,0.11393381981735713,42.64442520757158,2.0
AG:5m:1:-1:7054:7058:1,AG,4h,260.0,2025-04-15 11:30:00,125.0,-1.0,-1.0,CHoCH,-1.0,7804.0,24.0,CHoCH,-1.0,8340.0,25.0,0.0,1.0,0.0,1.0,current_internal_high,internal,0.0,1.0,8177.0,8177.0,8177.0,0.2820701496198185,current_swing_low,swing,0.0,70.0,7804.0,7804.0,7804.0,4.292371842040716,8130.0,8157.0,8116.0,8146.0,135184.0,342901.0,0.0,0.0,0.0,0.0,0.0,0.0,,8177.0,1.0,above,0.2820701496198185,8482.0009765625,False,,7536.0,18.0,below,7.579102281089035,8340.0,False,,8285.0,110.0,above,1.6065734608780964,,True,84.0,7804.0,70.0,below,4.292371842040716,7505.0,True,24.0,0.0,0.0,0.0006107590705204835,-25.0,NONE,0.06412544544344653,0.039544754326216285,0.019434589676675173,0.897026843132191,0.0006107590705204835,0.015268976763012088,0.003752325466557016,0.009458805520825342,0.014330641526039134,7655.11250095647,6.412544544344653,0.13521819299324722,-0.787741228446568,,4.0,-1.0,236.0,260.0,2025-04-07 09:00:00,2025-04-15 09:00:00,7694.0,8146.0,25.0,5.874707564335857,0.23498830257343428,3.0,1.0,170.0,235.0,2025-03-12 09:00:00,2025-04-03 13:30:00,8096.0,8286.0,66.0,2.3468379446640375,0.035558150676727844,6862497.0,,274499.88,,10005242.0,0.0,151594.57575757575,0.0,1.8107500128432676,,0.6858901563800256,,52.0,4.0,44.0,False,False,2025-04-07 09:00:00,7694.0,,,1.0,0.0,2025-04-10 00:00:00,7879.0,,,1.0,0.0,0.49145809622064,86.71031140588566,
AG:5m:1:-1:7054:7058:2,AG,5m,7238.0,2025-04-15 15:00:00,0.0,1.0,1.0,BOS,1.0,8125.0,56.0,CHoCH,1.0,8151.0,17.0,13.0,7.0,3.0,1.0,current_internal_high,internal,0.0,12.0,8160.0,8160.0,8160.0,0.024515812699190977,active_bull_internal_ob,internal,1.0,17.0,8131.0,8140.0,8135.5,0.22064231429271883,8154.0,8160.0,8153.0,8158.0,8066.0,339366.0,1.0,1.0,0.0,1.0,1.0,0.0,active_bear_internal_ob,8160.0,12.0,above,0.024515812699190977,8151.0,False,,8135.0,6.0,below,0.28193184604069627,8131.0,False,,8125.0,91.0,below,0.40451090953665114,8177.0,True,56.0,8055.0,54.0,below,1.2625643540083353,8059.0,False,,1.0,1.0,8.992318541612614e-05,89.0,UP_CONFIRMED,0.0034967297584690936,0.0040570160709249405,0.0012967727485941286,0.33284815220976394,8.992318541612614e-05,0.008003163502035227,0.0005307749655143468,0.0007603614116278301,0.0019077294139220324,8129.573079887907,0.3496729758469094,0.03678724708766623,1.4608239050469634,,99.0,1.0,7150.0,7238.0,2025-04-14 22:50:00,2025-04-15 14:55:00,8114.0,8158.0,89.0,0.5422726152329416,0.0060929507329544,98.0,-1.0,7134.0,7149.0,2025-04-14 21:30:00,2025-04-14 22:45:00,8069.0,8122.0,16.0,0.6568347998512802,0.041052174990705015,389428.0,,4375.595505617977,,137732.0,0.0,8608.25,0.0,0.5083025592446755,,2.827432985798507,,70.78651685393258,20.224719101123593,8.98876404494382,False,False,,,,,0.0,0.0,2025-04-15 11:20:00,8139.0,2025-04-15 11:10:00,8132.0,4.0,4.0,0.3196370746193478,7.8226358129281515,
AG:5m:1:-1:7054:7058:2,AG,15m,2412.0,2025-04-15 15:00:00,0.0,1.0,1.0,CHoCH,1.0,7815.0,129.0,BOS,1.0,8157.0,0.0,6.0,5.0,1.0,1.0,current_swing_high,swing,0.0,15.0,8177.0,8177.0,8177.0,0.2329002206423143,current_internal_high,internal,0.0,8.0,8157.0,8157.0,8157.0,0.012257906349595489,8153.0,8160.0,8150.0,8158.0,14266.0,339366.0,0.0,0.0,0.0,0.0,0.0,0.0,,8157.0,8.0,below,0.012257906349595489,8124.0,True,0.0,8131.0,2.0,below,0.33096347143907817,8077.0,False,,8177.0,15.0,above,0.2329002206423143,7815.0,False,,7536.0,175.0,below,7.624417749448393,7535.0,False,,1.0,1.0,0.00040795416623567776,146.0,UP_CONFIRMED,0.00855378949777649,0.013122927953061738,0.0065266437145567405,0.24194031240344743,0.00040795416623567776,0.05956130827040895,0.0007123202647143501,0.0014861474810765607,0.0034509617452289643,8088.8100217861365,0.855378949777649,0.04905567819475376,0.15243042567499554,,35.0,1.0,2267.0,2412.0,2025-04-09 21:30:00,2025-04-15 14:45:00,7766.0,8158.0,146.0,5.04764357455576,0.0345729011955874,34.0,-1.0,2250.0,2266.0,2025-04-09 09:00:00,2025-04-09 21:15:00,7639.0,7753.0,17.0,1.4923419295719276,0.08778481938658397,3813300.0,,26118.49315068493,,532034.0,0.0,31296.117647058825,0.0,0.8345601663834338,,7.167399075998902,,41.0958904109589,46.57534246575342,12.32876712328767,False,False,,,,,0.0,0.0,2025-04-15 01:15:00,8122.0,2025-04-14 09:00:00,8086.0,7.0,7.0,0.4973466087675956,15.45543591544686,
AG:5m:1:-1:7054:7058:2,AG,1h,718.0,2025-04-15 15:00:00,0.0,-1.0,1.0,CHoCH,-1.0,8143.0,70.0,BOS,1.0,7990.0,24.0,2.0,2.0,0.0,1.0,current_internal_high,internal,0.0,14.0,8177.0,8177.0,8177.0,0.2329002206423143,current_internal_low,internal,0.0,5.0,8055.0,8055.0,8055.0,1.2625643540083353,8151.0,8160.0,8135.0,8158.0,41145.0,339366.0,0.0,0.0,0.0,0.0,0.0,0.0,,8177.0,14.0,above,0.2329002206423143,7990.0,False,,8055.0,5.0,below,1.2625643540083353,7862.0,False,,8544.0009765625,69.0,above,4.731563821555528,8442.0009765625,False,,7535.0,20.0,below,7.63667565579799,8143.0,False,,0.0,0.0,0.0008139690964997074,22.0,NONE,0.045179276745148565,0.04612021251466936,0.005035050898336306,0.42587849260202004,0.0008139690964997074,0.017907320122993564,0.0024265302755732687,0.0050396190523527284,0.015513224026435068,7805.359502922107,4.517927674514857,0.08587903324746016,-0.5387978518409287,,13.0,1.0,697.0,718.0,2025-04-11 21:00:00,2025-04-15 14:00:00,8008.0,8158.0,22.0,1.8731268731268624,0.08514213059667557,12.0,-1.0,643.0,696.0,2025-04-03 09:00:00,2025-04-11 14:00:00,8426.0009765625,7970.0,54.0,-5.411831518070054,-0.10021910218648247,1877555.0,,85343.40909090909,,5709623.0,0.0,105733.75925925926,0.0,0.8071538332581838,,0.32884045058666744,,100.0,0.0,0.0,False,False,,,,,0.0,0.0,,,,,0.0,0.0,0.10917232648775886,39.55055030652856,4.0
AG:5m:1:-1:7054:7058:2,AG,4h,261.0,2025-04-15 15:00:00,0.0,-1.0,-1.0,CHoCH,-1.0,7804.0,25.0,CHoCH,-1.0,8340.0,26.0,0.0,1.0,0.0,1.0,current_internal_high,internal,0.0,2.0,8177.0,8177.0,8177.0,0.2329002206423143,current_swing_low,swing,0.0,71.0,7804.0,7804.0,7804.0,4.339298847756804,8158.0,8160.0,8135.0,8158.0,70476.0,339366.0,0.0,0.0,0.0,0.0,0.0,0.0,,8177.0,2.0,above,0.2329002206423143,8482.0009765625,False,,7536.0,19.0,below,7.624417749448393,8340.0,False,,8285.0,111.0,above,1.5567541063986272,,True,85.0,7804.0,71.0,below,4.339298847756804,7505.0,True,25.0,0.0,0.0,0.0006008727462610659,-26.0,NONE,0.06532187246100206,0.040536181946784974,0.019691354574997787,0.8959323187984667,0.0006008727462610659,0.015622691402787714,0.0031585010358350374,0.009391628732636104,0.014605345951345106,7657.779503911047,6.5321872461002055,0.1473115639577749,-1.2312234142399598,,4.0,-1.0,236.0,261.0,2025-04-07 09:00:00,2025-04-15 13:30:00,7694.0,8158.0,26.0,6.030673251884577,0.2319489712263299,3.0,1.0,170.0,235.0,2025-03-12 09:00:00,2025-04-03 13:30:00,8096.0,8286.0,66.0,2.3468379446640375,0.035558150676727844,6932973.0,,266652.8076923077,,10005242.0,0.0,151594.57575757575,0.0,1.7589864700616247,,0.6929340639636703,,53.84615384615385,3.8461538461538463,42.30769230769231,False,False,2025-04-07 09:00:00,7694.0,,,1.0,0.0,2025-04-10 00:00:00,7879.0,,,1.0,0.0,0.485772305858706,82.30243201975098,
AG:5m:1:-1:7054:7058:3,AG,5m,7242.0,2025-04-15 21:20:00,0.0,1.0,1.0,BOS,1.0,8125.0,60.0,CHoCH,1.0,8151.0,21.0,13.0,7.0,3.0,1.0,active_bear_internal_ob,internal,-1.0,184.0,8158.0,8173.0,8165.5,0.03678724708767627,active_bull_internal_ob,internal,1.0,21.0,8131.0,8140.0,8135.5,0.18393623543838136,8151.0,8159.0,8149.0,8155.0,6403.0,344407.0,0.0,0.0,0.0,0.0,0.0,0.0,,8160.0,16.0,above,0.06131207847946045,8151.0,False,,8135.0,10.0,below,0.2452483139178418,8131.0,False,,8125.0,95.0,below,0.3678724708767627,8177.0,True,60.0,8055.0,58.0,below,1.226241569589209,8059.0,False,,1.0,1.0,0.00013334227994584236,93.0,UP_CONFIRMED,-0.0012296812241769023,0.0038177291322681614,0.0016987565587101552,0.0014830082386281251,0.00013334227994584236,0.012400832034963338,0.004586157629526966,0.004939265415523586,0.00559948540005939,8165.040396870678,-0.12296812241769023,0.04907373328426612,0.48924461399444985,,99.0,1.0,7150.0,7242.0,2025-04-14 22:50:00,2025-04-15 21:15:00,8114.0,8155.0,93.0,0.5052994823761425,0.005433327767485403,98.0,-1.0,7134.0,7149.0,2025-04-14 21:30:00,2025-04-14 22:45:00,8069.0,8122.0,16.0,0.6568347998512802,0.041052174990705015,428415.0,,4606.612903225807,,137732.0,0.0,8608.25,0.0,0.5351393027881168,,3.110497197455929,,72.04301075268818,19.35483870967742,8.60215053763441,False,True,,,2025-04-15 21:00:00,8155.0,0.0,1.0,2025-04-15 11:20:00,8139.0,2025-04-15 11:10:00,8132.0,4.0,4.0,0.4449651873811441,8.69219339475846,
AG:5m:1:-1:7054:7058:3,AG,15m,2413.0,2025-04-15 21:15:00,5.0,1.0,1.0,CHoCH,1.0,7815.0,130.0,BOS,1.0,8157.0,1.0,6.0,5.0,1.0,1.0,current_internal_high,internal,0.0,9.0,8157.0,8157.0,8157.0,0.02452483139178418,active_bull_internal_ob,internal,1.0,1.0,8131.0,8150.0,8140.5,0.06131207847946045,8158.0,8166.0,8145.0,8151.0,32584.0,343756.0,0.0,0.0,0.0,0.0,0.0,0.0,,8157.0,9.0,above,0.02452483139178418,8124.0,True,1.0,8131.0,3.0,below,0.29429797670141017,8077.0,False,,8177.0,16.0,above,0.269773145309626,7815.0,False,,7536.0,176.0,below,7.590435315757205,7535.0,False,,1.0,1.0,0.00040859131400022126,147.0,UP_CONFIRMED,0.0072115648428836285,0.013082714598570732,0.006522530242255643,0.1840245324992486,0.00040859131400022126,0.06006292315803252,0.00106989527045398,0.00181715354951284,0.003775596317447283,8092.639406172313,0.7211564842883629,-0.08580534444716514,1.922618604919268,,35.0,1.0,2267.0,2413.0,2025-04-09 21:30:00,2025-04-15 21:00:00,7766.0,8151.0,147.0,4.957507082152968,0.03372453797382971,34.0,-1.0,2250.0,2266.0,2025-04-09 09:00:00,2025-04-09 21:15:00,7639.0,7753.0,17.0,1.4923419295719276,0.08778481938658397,3845884.0,,26162.47619047619,,532034.0,0.0,31296.117647058825,0.0,0.8359655496417432,,7.22864328219625,,41.49659863945578,46.25850340136054,12.244897959183673,False,False,,,,,0.0,0.0,2025-04-15 01:15:00,8122.0,2025-04-14 09:00:00,8086.0,7.0,7.0,0.4985609212149457,15.851476207200655,
AG:5m:1:-1:7054:7058:3,AG,1h,718.0,2025-04-15 15:00:00,380.0,-1.0,1.0,CHoCH,-1.0,8143.0,70.0,BOS,1.0,7990.0,24.0,2.0,2.0,0.0,1.0,current_internal_high,internal,0.0,14.0,8177.0,8177.0,8177.0,0.269773145309626,current_internal_low,internal,0.0,5.0,8055.0,8055.0,8055.0,1.226241569589209,8151.0,8160.0,8135.0,8158.0,41145.0,339366.0,0.0,0.0,0.0,0.0,0.0,0.0,,8177.0,14.0,above,0.269773145309626,7990.0,False,,8055.0,5.0,below,1.226241569589209,7862.0,False,,8544.0009765625,69.0,above,4.770091680717351,8442.0009765625,False,,7535.0,20.0,below,7.602697731453096,8143.0,False,,0.0,0.0,0.0008139690964997074,22.0,NONE,0.045179276745148565,0.04612021251466936,0.005035050898336306,0.42587849260202004,0.0008139690964997074,0.017907320122993564,0.0024265302755732687,0.0050396190523527284,0.015513224026435068,7805.359502922107,4.517927674514857,0.08587903324746016,-0.5387978518409287,,13.0,1.0,697.0,718.0,2025-04-11 21:00:00,2025-04-15 14:00:00,8008.0,8158.0,22.0,1.8731268731268624,0.08514213059667557,12.0,-1.0,643.0,696.0,2025-04-03 09:00:00,2025-04-11 14:00:00,8426.0009765625,7970.0,54.0,-5.411831518070054,-0.10021910218648247,1877555.0,,85343.40909090909,,5709623.0,0.0,105733.75925925926,0.0,0.8071538332581838,,0.32884045058666744,,100.0,0.0,0.0,False,False,,,,,0.0,0.0,,,,,0.0,0.0,0.10917232648775886,39.55055030652856,4.0
AG:5m:1:-1:7054:7058:3,AG,4h,261.0,2025-04-15 15:00:00,380.0,-1.0,-1.0,CHoCH,-1.0,7804.0,25.0,CHoCH,-1.0,8340.0,26.0,0.0,1.0,0.0,1.0,current_internal_high,internal,0.0,2.0,8177.0,8177.0,8177.0,0.269773145309626,current_swing_low,swing,0.0,71.0,7804.0,7804.0,7804.0,4.304107909258124,8158.0,8160.0,8135.0,8158.0,70476.0,339366.0,0.0,0.0,0.0,0.0,0.0,0.0,,8177.0,2.0,above,0.269773145309626,8482.0009765625,False,,7536.0,19.0,below,7.590435315757205,8340.0,False,,8285.0,111.0,above,1.594114040465972,,True,85.0,7804.0,71.0,below,4.304107909258124,7505.0,True,25.0,0.0,0.0,0.0006008727462610659,-26.0,NONE,0.06532187246100206,0.040536181946784974,0.019691354574997787,0.8959323187984667,0.0006008727462610659,0.015622691402787714,0.0031585010358350374,0.009391628732636104,0.014605345951345106,7657.779503911047,6.5321872461002055,0.1473115639577749,-1.2312234142399598,,4.0,-1.0,236.0,261.0,2025-04-07 09:00:00,2025-04-15 13:30:00,7694.0,8158.0,26.0,6.030673251884577,0.2319489712263299,3.0,1.0,170.0,235.0,2025-03-12 09:00:00,2025-04-03 13:30:00,8096.0,8286.0,66.0,2.3468379446640375,0.035558150676727844,6932973.0,,266652.8076923077,,10005242.0,0.0,151594.57575757575,0.0,1.7589864700616247,,0.6929340639636703,,53.84615384615385,3.8461538461538463,42.30769230769231,False,False,2025-04-07 09:00:00,7694.0,,,1.0,0.0,2025-04-10 00:00:00,7879.0,,,1.0,0.0,0.485772305858706,82.30243201975098,
AG:5m:1:-1:7054:7058:4,AG,5m,7246.0,2025-04-15 21:40:00,0.0,1.0,1.0,BOS,1.0,8125.0,64.0,CHoCH,1.0,8151.0,25.0,13.0,7.0,3.0,1.0,active_bear_internal_ob,internal,-1.0,188.0,8158.0,8173.0,8165.5,0.2457606291472106,current_internal_low,internal,0.0,14.0,8135.0,8135.0,8135.0,0.036864094372081595,8151.0,8163.0,8137.0,8138.0,14834.0,347327.0,1.0,1.0,1.0,0.0,1.0,0.0,active_bull_internal_ob,8166.0,2.0,above,0.3440648808060949,8160.0,False,,8135.0,14.0,below,0.036864094372081595,8131.0,False,,8125.0,99.0,below,0.1597444089456869,8177.0,True,64.0,8055.0,62.0,below,1.019906610960924,8059.0,False,,1.0,1.0,0.00012555217454506066,97.0,UP_CONFIRMED,-0.003092858998719891,0.0035620048931902636,0.002074043949070295,0.0006668178842940131,0.00012555217454506066,0.012178560930870885,-0.00023772173548786135,0.004459335039682433,0.0050908928777804174,8163.24777433764,-0.3092858998719891,-0.17173699705593792,1.9356185369975942,,99.0,1.0,7150.0,7246.0,2025-04-14 22:50:00,2025-04-15 21:35:00,8114.0,8138.0,97.0,0.2957850628543257,0.003049330544889956,98.0,-1.0,7134.0,7149.0,2025-04-14 21:30:00,2025-04-14 22:45:00,8069.0,8122.0,16.0,0.6568347998512802,0.041052174990705015,472800.0,,4874.226804123711,,137732.0,0.0,8608.25,0.0,0.5662273753810253,,3.432753463247466,,69.0721649484536,22.68041237113402,8.24742268041237,True,True,,,2025-04-15 21:00:00,8155.0,0.0,1.0,2025-04-15 21:30:00,8152.0,2025-04-15 21:35:00,8138.0,5.0,6.0,0.5822686973382297,11.074076831208258,
AG:5m:1:-1:7054:7058:4,AG,15m,2414.0,2025-04-15 21:30:00,10.0,1.0,1.0,CHoCH,1.0,7815.0,131.0,BOS,1.0,8157.0,2.0,6.0,5.0,1.0,1.0,current_internal_high,internal,0.0,10.0,8157.0,8157.0,8157.0,0.2334725976898501,current_internal_low,internal,0.0,4.0,8131.0,8131.0,8131.0,0.08601622020152372,8151.0,8159.0,8134.0,8144.0,26677.0,345635.0,1.0,1.0,1.0,0.0,1.0,0.0,active_bull_internal_ob,8157.0,10.0,above,0.2334725976898501,8124.0,True,2.0,8131.0,4.0,below,0.08601622020152372,8077.0,False,,8177.0,17.0,above,0.4792332268370607,7815.0,False,,7536.0,177.0,below,7.39739493733104,7535.0,False,,1.0,1.0,0.0004080564800113885,148.0,UP_CONFIRMED,0.006033935999502367,0.013035087716144594,0.006526054579931682,0.14168041791699926,0.0004080564800113885,0.060392359041685495,0.001218822310552481,0.0020463379046091745,0.003853647545509542,8095.154356705546,0.6033935999502367,-0.08587903324744905,1.2343506663882466,,35.0,1.0,2267.0,2414.0,2025-04-09 21:30:00,2025-04-15 21:15:00,7766.0,8144.0,148.0,4.867370589750197,0.03288763911993377,34.0,-1.0,2250.0,2266.0,2025-04-09 09:00:00,2025-04-09 21:15:00,7639.0,7753.0,17.0,1.4923419295719276,0.08778481938658397,3872561.0,,26165.952702702703,,532034.0,0.0,31296.117647058825,0.0,0.836076634098471,,7.278784814504336,,41.891891891891895,45.94594594594595,12.162162162162163,True,False,,,,,0.0,0.0,2025-04-15 01:15:00,8122.0,2025-04-14 09:00:00,8086.0,7.0,7.0,0.500652908675777,16.50494219240061,
AG:5m:1:-1:7054:7058:4,AG,1h,718.0,2025-04-15 15:00:00,400.0,-1.0,1.0,CHoCH,-1.0,8143.0,70.0,BOS,1.0,7990.0,24.0,2.0,2.0,0.0,1.0,current_internal_high,internal,0.0,14.0,8177.0,8177.0,8177.0,0.4792332268370607,current_internal_low,internal,0.0,5.0,8055.0,8055.0,8055.0,1.019906610960924,8151.0,8160.0,8135.0,8158.0,41145.0,339366.0,0.0,0.0,0.0,0.0,0.0,0.0,,8177.0,14.0,above,0.4792332268370607,7990.0,False,,8055.0,5.0,below,1.019906610960924,7862.0,False,,8544.0009765625,69.0,above,4.988952771719095,8442.0009765625,False,,7535.0,20.0,below,7.409682968788401,8143.0,False,,0.0,0.0,0.0008139690964997074,22.0,NONE,0.045179276745148565,0.04612021251466936,0.005035050898336306,0.42587849260202004,0.0008139690964997074,0.017907320122993564,0.0024265302755732687,0.0050396190523527284,0.015513224026435068,7805.359502922107,4.517927674514857,0.08587903324746016,-0.5387978518409287,,13.0,1.0,697.0,718.0,2025-04-11 21:00:00,2025-04-15 14:00:00,8008.0,8158.0,22.0,1.8731268731268624,0.08514213059667557,12.0,-1.0,643.0,696.0,2025-04-03 09:00:00,2025-04-11 14:00:00,8426.0009765625,7970.0,54.0,-5.411831518070054,-0.10021910218648247,1877555.0,,85343.40909090909,,5709623.0,0.0,105733.75925925926,0.0,0.8071538332581838,,0.32884045058666744,,100.0,0.0,0.0,False,False,,,,,0.0,0.0,,,,,0.0,0.0,0.10917232648775886,39.55055030652856,4.0
AG:5m:1:-1:7054:7058:4,AG,4h,261.0,2025-04-15 15:00:00,400.0,-1.0,-1.0,CHoCH,-1.0,7804.0,25.0,CHoCH,-1.0,8340.0,26.0,0.0,1.0,0.0,1.0,current_internal_high,internal,0.0,2.0,8177.0,8177.0,8177.0,0.4792332268370607,current_swing_low,swing,0.0,71.0,7804.0,7804.0,7804.0,4.104202506758417,8158.0,8160.0,8135.0,8158.0,70476.0,339366.0,0.0,0.0,0.0,0.0,0.0,0.0,,8177.0,2.0,above,0.4792332268370607,8482.0009765625,False,,7536.0,19.0,below,7.39739493733104,8340.0,False,,8285.0,111.0,above,1.8063406242319981,,True,85.0,7804.0,71.0,below,4.104202506758417,7505.0,True,25.0,0.0,0.0,0.0006008727462610659,-26.0,NONE,0.06532187246100206,0.040536181946784974,0.019691354574997787,0.8959323187984667,0.0006008727462610659,0.015622691402787714,0.0031585010358350374,0.009391628732636104,0.014605345951345106,7657.779503911047,6.5321872461002055,0.1473115639577749,-1.2312234142399598,,4.0,-1.0,236.0,261.0,2025-04-07 09:00:00,2025-04-15 13:30:00,7694.0,8158.0,26.0,6.030673251884577,0.2319489712263299,3.0,1.0,170.0,235.0,2025-03-12 09:00:00,2025-04-03 13:30:00,8096.0,8286.0,66.0,2.3468379446640375,0.035558150676727844,6932973.0,,266652.8076923077,,10005242.0,0.0,151594.57575757575,0.0,1.7589864700616247,,0.6929340639636703,,53.84615384615385,3.8461538461538463,42.30769230769231,False,False,2025-04-07 09:00:00,7694.0,,,1.0,0.0,2025-04-10 00:00:00,7879.0,,,1.0,0.0,0.485772305858706,82.30243201975098,
AG:5m:1:-1:7054:7058:5,AG,5m,7253.0,2025-04-15 22:15:00,0.0,1.0,1.0,BOS,1.0,8125.0,71.0,CHoCH,1.0,8151.0,32.0,13.0,7.0,3.0,1.0,active_bear_internal_ob,internal,-1.0,195.0,8158.0,8173.0,8165.5,0.12272950417280314,active_bull_internal_ob,internal,1.0,32.0,8131.0,8140.0,8135.5,0.09818360333824251,8152.0,8161.0,8147.0,8148.0,11869.0,350344.0,0.0,0.0,0.0,0.0,0.0,0.0,,8163.0,2.0,above,0.1840942562592047,8166.0,False,,8134.0,4.0,below,0.1718213058419244,8135.0,False,,8125.0,106.0,below,0.2822778595974472,8177.0,True,71.0,8055.0,69.0,below,1.1413843888070692,8059.0,False,,1.0,1.0,0.0001149209760412256,104.0,UP_CONFIRMED,-0.0016441739401588545,0.003198466538156045,0.0024211614682823125,0.022743051818313487,0.0001149209760412256,0.011951781508287462,-0.00016616666147950543,-0.00039217013668702005,0.004450121627198156,8161.4187920926815,-0.16441739401588545,-0.04906771344455052,1.0294401467166794,,99.0,1.0,7150.0,7253.0,2025-04-14 22:50:00,2025-04-15 22:10:00,8114.0,8148.0,104.0,0.41902883904363364,0.004029123452342631,98.0,-1.0,7134.0,7149.0,2025-04-14 21:30:00,2025-04-14 22:45:00,8069.0,8122.0,16.0,0.6568347998512802,0.041052174990705015,525611.0,,5053.951923076923,,137732.0,0.0,8608.25,0.0,0.5871056164815058,,3.8161865071297885,,64.42307692307693,27.884615384615387,7.6923076923076925,False,True,,,2025-04-15 21:00:00,8155.0,0.0,1.0,2025-04-15 22:00:00,8150.0,2025-04-15 21:50:00,8139.0,7.0,7.0,0.7569757067641988,11.168887330624905,
AG:5m:1:-1:7054:7058:5,AG,15m,2417.0,2025-04-15 22:15:00,0.0,1.0,1.0,CHoCH,1.0,7815.0,134.0,BOS,1.0,8157.0,5.0,6.0,5.0,1.0,1.0,current_internal_high,internal,0.0,13.0,8157.0,8157.0,8157.0,0.11045655375552282,current_internal_low,internal,0.0,7.0,8131.0,8131.0,8131.0,0.20864015709376535,8142.0,8161.0,8142.0,8148.0,23303.0,350344.0,1.0,1.0,1.0,0.0,1.0,0.0,active_bull_internal_ob,8157.0,13.0,above,0.11045655375552282,8124.0,True,5.0,8131.0,7.0,below,0.20864015709376535,8077.0,False,,8177.0,20.0,above,0.3559155621011291,7815.0,False,,7536.0,180.0,below,7.511045655375552,7535.0,False,,1.0,1.0,0.0004058502402181784,151.0,UP_CONFIRMED,0.005683002742672361,0.012890572342833634,0.006540390701053227,0.1352288733405067,0.0004058502402181784,0.06128338627294494,0.0016252745254987655,0.002338752506193309,0.004460017354763535,8101.956558656145,0.5683002742672361,0.06140243153629488,0.6022295586034097,,35.0,1.0,2267.0,2417.0,2025-04-09 21:30:00,2025-04-15 22:00:00,7766.0,8148.0,151.0,4.918877156837498,0.032575345409519854,34.0,-1.0,2250.0,2266.0,2025-04-09 09:00:00,2025-04-09 21:15:00,7639.0,7753.0,17.0,1.4923419295719276,0.08778481938658397,3949483.0,,26155.51655629139,,532034.0,0.0,31296.117647058825,0.0,0.835743169528552,,7.42336579993008,,43.04635761589404,45.033112582781456,11.920529801324504,False,False,,,,,0.0,0.0,2025-04-15 01:15:00,8122.0,2025-04-14 09:00:00,8086.0,7.0,7.0,0.5073778360732976,17.6324190950088,
AG:5m:1:-1:7054:7058:5,AG,1h,719.0,2025-04-15 22:00:00,15.0,-1.0,1.0,CHoCH,-1.0,8143.0,71.0,BOS,1.0,7990.0,25.0,2.0,2.0,0.0,1.0,current_internal_high,internal,0.0,15.0,8177.0,8177.0,8177.0,0.3559155621011291,current_internal_low,internal,0.0,6.0,8055.0,8055.0,8055.0,1.1413843888070692,8158.0,8166.0,8134.0,8143.0,112880.0,348873.0,0.0,0.0,0.0,0.0,0.0,0.0,,8177.0,15.0,above,0.3559155621011291,7990.0,False,,8055.0,6.0,below,1.1413843888070692,7862.0,False,,8544.0009765625,70.0,above,4.860100350546146,8442.0009765625,False,,7535.0,21.0,below,7.5233186057928325,8143.0,False,,0.0,0.0,0.0008399688803295943,23.0,NONE,0.04181239685038611,0.04593291618143966,0.0050021241739785505,0.2050397012940074,0.0008399688803295943,0.01931928424758067,0.002791560210704258,0.005487964370453957,0.014318764789107208,7816.186507876053,4.181239685038611,-0.18386859524393007,0.834168698956267,,13.0,1.0,697.0,719.0,2025-04-11 21:00:00,2025-04-15 21:00:00,8008.0,8143.0,23.0,1.685814185814194,0.07329626894844321,12.0,-1.0,643.0,696.0,2025-04-03 09:00:00,2025-04-11 14:00:00,8426.0009765625,7970.0,54.0,-5.411831518070054,-0.10021910218648247,1990435.0,,86540.65217391304,,5709623.0,0.0,105733.75925925926,0.0,0.8184770198297339,,0.3486105825200718,,100.0,0.0,0.0,False,False,,,,,0.0,0.0,,,,,0.0,0.0,0.10890064445766201,39.01122528463366,4.0
AG:5m:1:-1:7054:7058:5,AG,4h,261.0,2025-04-15 15:00:00,435.0,-1.0,-1.0,CHoCH,-1.0,7804.0,25.0,CHoCH,-1.0,8340.0,26.0,0.0,1.0,0.0,1.0,current_internal_high,internal,0.0,2.0,8177.0,8177.0,8177.0,0.3559155621011291,current_swing_low,swing,0.0,71.0,7804.0,7804.0,7804.0,4.221894943544428,8158.0,8160.0,8135.0,8158.0,70476.0,339366.0,0.0,0.0,0.0,0.0,0.0,0.0,,8177.0,2.0,above,0.3559155621011291,8482.0009765625,False,,7536.0,19.0,below,7.511045655375552,8340.0,False,,8285.0,111.0,above,1.681394207167403,,True,85.0,7804.0,71.0,below,4.221894943544428,7505.0,True,25.0,0.0,0.0,0.0006008727462610659,-26.0,NONE,0.06532187246100206,0.040536181946784974,0.019691354574997787,0.8959323187984667,0.0006008727462610659,0.015622691402787714,0.0031585010358350374,0.009391628732636104,0.014605345951345106,7657.779503911047,6.5321872461002055,0.1473115639577749,-1.2312234142399598,,4.0,-1.0,236.0,261.0,2025-04-07 09:00:00,2025-04-15 13:30:00,7694.0,8158.0,26.0,6.030673251884577,0.2319489712263299,3.0,1.0,170.0,235.0,2025-03-12 09:00:00,2025-04-03 13:30:00,8096.0,8286.0,66.0,2.3468379446640375,0.035558150676727844,6932973.0,,266652.8076923077,,10005242.0,0.0,151594.57575757575,0.0,1.7589864700616247,,0.6929340639636703,,53.84615384615385,3.8461538461538463,42.30769230769231,False,False,2025-04-07 09:00:00,7694.0,,,1.0,0.0,2025-04-10 00:00:00,7879.0,,,1.0,0.0,0.485772305858706,82.30243201975098,
AG:5m:1:-1:7054:7058:6,AG,5m,7289.0,2025-04-16 01:15:00,0.0,1.0,1.0,BOS,1.0,8125.0,107.0,CHoCH,1.0,8149.0,1.0,13.0,8.0,3.0,1.0,active_bear_internal_ob,internal,-1.0,231.0,8158.0,8173.0,8165.5,0.01225940909648155,current_internal_high,internal,0.0,4.0,8149.0,8149.0,8149.0,0.0980752727718524,8156.0,8161.0,8152.0,8157.0,6038.0,352795.0,1.0,1.0,0.0,1.0,1.0,0.0,active_bear_internal_ob,8149.0,4.0,below,0.0980752727718524,8149.0,True,1.0,8140.0,2.0,below,0.20840995464018633,8137.0,False,,8166.0,0.0,above,0.11033468186833395,8125.0,False,,8055.0,105.0,below,1.250459727841118,8059.0,False,,0.0,0.0,-0.0001276842454516163,-28.0,NONE,0.003396324424511934,0.0018017995495878182,0.0016170628863287203,0.8379487480255317,-0.0001276842454516163,-0.0035751588726452566,0.00033020384865678487,0.00042149366817123557,0.000679063157067894,8129.389954341687,0.3396324424511934,0.012260912211869979,2.746891760404357,,100.0,-1.0,7262.0,7289.0,2025-04-15 22:55:00,2025-04-16 01:10:00,8129.0,8157.0,28.0,0.34444581129289276,0.012301636117603312,99.0,1.0,7150.0,7261.0,2025-04-14 22:50:00,2025-04-15 22:50:00,8114.0,8139.0,112.0,0.3081094404732587,0.002750977147082667,104709.0,,3739.6071428571427,,570856.0,0.0,5096.928571428572,0.0,0.7336981655618929,,0.18342454139047326,,7.142857142857142,75.0,17.857142857142858,False,False,2025-04-15 23:05:00,8123.0,,,1.0,0.0,2025-04-15 23:45:00,8140.0,2025-04-15 23:40:00,8137.0,2.0,1.0,0.897471023732158,6.49694982604286,
AG:5m:1:-1:7054:7058:6,AG,15m,2429.0,2025-04-16 01:15:00,0.0,1.0,-1.0,CHoCH,1.0,7815.0,146.0,CHoCH,-1.0,8131.0,9.0,5.0,6.0,1.0,1.0,current_internal_high,internal,0.0,11.0,8166.0,8166.0,8166.0,0.11033468186833395,current_internal_low,internal,0.0,3.0,8121.0,8121.0,8121.0,0.4413387274733358,8144.0,8161.0,8141.0,8157.0,12623.0,352795.0,1.0,1.0,0.0,1.0,1.0,0.0,active_bear_internal_ob,8166.0,11.0,above,0.11033468186833395,8157.0,False,,8121.0,3.0,below,0.4413387274733358,8131.0,False,,8177.0,32.0,above,0.245188181929631,7815.0,False,,8055.0,1.0,below,1.250459727841118,7536.0,False,,1.0,1.0,0.00038325894105680695,163.0,UP_CONFIRMED,0.005668270563791489,0.012260791452429901,0.006683928208941047,0.1619869967063321,0.00038325894105680695,0.06247120739225953,0.00026087465768176443,0.0008043652012934555,0.0031816637810482273,8111.02451847971,0.5668270563791489,0.14732965009207621,-0.3284587136275158,,35.0,1.0,2267.0,2429.0,2025-04-09 21:30:00,2025-04-16 01:00:00,7766.0,8157.0,163.0,5.0347669327839295,0.03088814069192595,34.0,-1.0,2250.0,2266.0,2025-04-09 09:00:00,2025-04-09 21:15:00,7639.0,7753.0,17.0,1.4923419295719276,0.08778481938658397,4099437.0,,25149.920245398775,,532034.0,0.0,31296.117647058825,0.0,0.8036115063544419,,7.705216207986708,,41.717791411042946,47.239263803680984,11.042944785276074,False,False,,,,,0.0,0.0,2025-04-15 23:15:00,8146.0,2025-04-15 22:45:00,8129.0,8.0,8.0,0.5451465539458625,14.249636179826895,
AG:5m:1:-1:7054:7058:6,AG,1h,722.0,2025-04-16 01:00:00,15.0,-1.0,1.0,CHoCH,-1.0,8143.0,74.0,BOS,1.0,7990.0,28.0,2.0,2.0,0.0,1.0,current_internal_high,internal,0.0,18.0,8177.0,8177.0,8177.0,0.245188181929631,current_internal_low,internal,0.0,9.0,8055.0,8055.0,8055.0,1.250459727841118,8143.0,8149.0,8140.0,8145.0,15518.0,352119.0,0.0,0.0,0.0,0.0,0.0,0.0,,8177.0,18.0,above,0.245188181929631,7990.0,False,,8055.0,9.0,below,1.250459727841118,7862.0,False,,8544.0009765625,73.0,above,4.744403292417555,8442.0009765625,False,,7535.0,24.0,below,7.625352458011523,8143.0,False,,0.0,0.0,0.0008165943246218119,26.0,NONE,0.04011709275240781,0.045214091869697506,0.005110750166458982,0.15930717928943716,0.0008165943246218119,0.02123145244016711,0.003782776580383951,0.005825725052771791,0.012886348611746978,7830.849100312648,4.011709275240781,0.03684598378776993,-1.0569582298654279,,13.0,1.0,697.0,722.0,2025-04-11 21:00:00,2025-04-16 00:00:00,8008.0,8145.0,26.0,1.7107892107892209,0.06579958503035464,12.0,-1.0,643.0,696.0,2025-04-03 09:00:00,2025-04-11 14:00:00,8426.0009765625,7970.0,54.0,-5.411831518070054,-0.10021910218648247,2151069.0,,82733.42307692308,,5709623.0,0.0,105733.75925925926,0.0,0.7824693234831522,,0.3767444890844807,,100.0,0.0,0.0,False,False,,,,,0.0,0.0,,,,,0.0,0.0,0.11303445353248834,35.82859400522601,4.0
AG:5m:1:-1:7054:7058:6,AG,4h,262.0,2025-04-16 00:00:00,75.0,-1.0,-1.0,CHoCH,-1.0,7804.0,26.0,CHoCH,-1.0,8340.0,27.0,0.0,1.0,0.0,1.0,current_internal_high,internal,0.0,3.0,8177.0,8177.0,8177.0,0.245188181929631,current_swing_low,swing,0.0,72.0,7804.0,7804.0,7804.0,4.3275714110579875,8158.0,8166.0,8121.0,8142.0,257996.0,353251.0,0.0,0.0,0.0,0.0,0.0,0.0,,8177.0,3.0,above,0.245188181929631,8482.0009765625,False,,7536.0,20.0,below,7.613093048915043,8340.0,False,,8285.0,112.0,above,1.5692043643496385,,True,86.0,7804.0,72.0,below,4.3275714110579875,7505.0,True,26.0,0.0,0.0,0.0006262289859717387,-27.0,NONE,0.06188844336038488,0.04132700644358497,0.01973952487893281,0.851210201070702,0.0006262289859717387,0.016908182621236945,0.004093902935992766,0.009965595404770378,0.015375026069986086,7667.47208796655,6.188844336038488,-0.19612650159352985,0.14679609910367883,,4.0,-1.0,236.0,262.0,2025-04-07 09:00:00,2025-04-15 21:00:00,7694.0,8142.0,27.0,5.8227190018196096,0.2156562593266522,3.0,1.0,170.0,235.0,2025-03-12 09:00:00,2025-04-03 13:30:00,8096.0,8286.0,66.0,2.3468379446640375,0.035558150676727844,7190969.0,,266332.18518518517,,10005242.0,0.0,151594.57575757575,0.0,1.7568714701975447,,0.7187201468989955,,55.55555555555556,3.7037037037037033,40.74074074074074,False,False,2025-04-07 09:00:00,7694.0,,,1.0,0.0,2025-04-10 00:00:00,7879.0,,,1.0,0.0,0.4776422629565249,79.63797258976876,
AG:5m:1:-1:7082:7083:1,AG,5m,7183.0,2025-04-15 01:40:00,0.0,1.0,1.0,BOS,1.0,8125.0,1.0,CHoCH,1.0,8113.0,4.0,11.0,8.0,3.0,1.0,active_bear_internal_ob,internal,-1.0,100.0,8145.0,8156.0,8150.5,0.11061946902654868,current_swing_high,swing,0.0,36.0,8125.0,8125.0,8125.0,0.1352015732546706,8139.0,8145.0,8135.0,8136.0,5907.0,348516.0,0.0,0.0,0.0,0.0,0.0,0.0,,8113.0,22.0,below,0.28269419862340217,8124.0,True,4.0,8077.0,16.0,below,0.7251720747295969,8096.0,False,,8125.0,36.0,below,0.1352015732546706,8177.0,True,1.0,8059.0,50.0,below,0.9464110127826941,7878.0,False,,0.0,0.0,6.138851345097011e-05,34.0,NONE,0.0066988596997230735,0.0038637039924447995,0.0014106706436488926,0.9777734385919995,6.138851345097011e-05,0.0020872094573329836,0.0008227689413400352,0.0010292026432354717,0.0013683228766354638,8081.8607487315485,0.6698859699723073,-0.03685956505713461,1.0440094351497156,,99.0,1.0,7150.0,7183.0,2025-04-14 22:50:00,2025-04-15 01:35:00,8114.0,8136.0,34.0,0.2711363076164597,0.007974597282837049,98.0,-1.0,7134.0,7149.0,2025-04-14 21:30:00,2025-04-14 22:45:00,8069.0,8122.0,16.0,0.6568347998512802,0.041052174990705015,161226.0,,4741.941176470588,,137732.0,0.0,8608.25,0.0,0.55086006754806,,1.1705776435396278,,35.294117647058826,41.17647058823529,23.52941176470588,False,False,,,,,0.0,0.0,2025-04-15 01:00:00,8102.0,2025-04-15 00:55:00,8100.0,3.0,3.0,0.36510836399666213,10.183344256978849,
AG:5m:1:-1:7082:7083:1,AG,15m,2393.0,2025-04-15 01:30:00,10.0,1.0,1.0,CHoCH,1.0,7815.0,110.0,BOS,1.0,8011.0,52.0,4.0,5.0,1.0,1.0,active_bear_internal_ob,internal,-1.0,223.0,8423.0009765625,8442.0009765625,8432.5009765625,3.5275439597160765,current_internal_high,internal,0.0,5.0,8124.0,8124.0,8124.0,0.14749262536873156,8108.0,8125.0,8106.0,8122.0,14991.0,348258.0,0.0,0.0,0.0,0.0,0.0,0.0,,8124.0,5.0,below,0.14749262536873156,8123.0,False,,8077.0,1.0,below,0.7251720747295969,8055.0,False,,7815.0,165.0,below,3.9454277286135695,8482.0009765625,True,110.0,7536.0,156.0,below,7.374631268436578,7535.0,False,,1.0,1.0,0.00044154022032749125,127.0,UP_CONFIRMED,0.007417355958330652,0.013874477501305113,0.0066754950457058445,0.16670021670287694,0.00044154022032749125,0.05607560798159139,0.00038688921307450386,0.0008480307339735482,0.0026463121086433006,8062.199794318361,0.7417355958330653,0.18502528678918662,-0.4003554239785076,,35.0,1.0,2267.0,2393.0,2025-04-09 21:30:00,2025-04-15 01:15:00,7766.0,8122.0,127.0,4.5840844707700334,0.03609515331314987,34.0,-1.0,2250.0,2266.0,2025-04-09 09:00:00,2025-04-09 21:15:00,7639.0,7753.0,17.0,1.4923419295719276,0.08778481938658397,3569730.0,,28108.110236220473,,532034.0,0.0,31296.117647058825,0.0,0.8981340929635099,,6.709589988609751,,35.43307086614173,50.39370078740157,14.173228346456693,True,False,,,,,0.0,0.0,2025-04-15 01:15:00,8122.0,2025-04-14 09:00:00,8086.0,7.0,7.0,0.48113487841815367,19.772573972811976,
AG:5m:1:-1:7082:7083:1,AG,1h,711.0,2025-04-15 01:00:00,40.0,-1.0,1.0,CHoCH,-1.0,8143.0,63.0,BOS,1.0,7990.0,17.0,2.0,2.0,0.0,1.0,current_internal_high,internal,0.0,7.0,8177.0,8177.0,8177.0,0.5039331366764995,active_bull_internal_ob,internal,1.0,17.0,7869.0,7940.0,7904.5,2.4090462143559486,8083.0,8107.0,8080.0,8100.0,38144.0,347644.0,0.0,0.0,0.0,0.0,0.0,0.0,,8177.0,7.0,above,0.5039331366764995,7990.0,False,,7862.0,20.0,below,3.367748279252704,7599.0,False,,8544.0009765625,62.0,above,5.014761265517453,8442.0009765625,False,,7535.0,13.0,below,7.386922320550639,8143.0,False,,0.0,0.0,0.0009843596945394199,15.0,NONE,0.040961570253699356,0.04679705503386033,0.005976009215083191,0.16441202989123738,0.0009843596945394199,0.014765395418091298,0.004014141394391935,0.006838849038530048,,7781.267081767387,4.096157025369935,0.21031795125572295,-0.9079233052619998,,13.0,1.0,697.0,711.0,2025-04-11 21:00:00,2025-04-15 00:00:00,8008.0,8100.0,15.0,1.1488511488511488,0.07659007659007659,12.0,-1.0,643.0,696.0,2025-04-03 09:00:00,2025-04-11 14:00:00,8426.0009765625,7970.0,54.0,-5.411831518070054,-0.10021910218648247,1609471.0,,107298.06666666667,,5709623.0,0.0,105733.75925925926,0.0,1.0147947771683,,0.28188743810230554,,100.0,0.0,0.0,False,False,,,,,0.0,0.0,,,,,0.0,0.0,0.1277005403600549,50.21705591766334,4.0
AG:5m:1:-1:7082:7083:1,AG,4h,258.0,2025-04-15 00:00:00,100.0,-1.0,-1.0,CHoCH,-1.0,7804.0,22.0,CHoCH,-1.0,8340.0,23.0,0.0,1.0,0.0,1.0,current_swing_high,swing,0.0,108.0,8285.0,8285.0,8285.0,1.8313667649950836,current_swing_low,swing,0.0,68.0,7804.0,7804.0,7804.0,4.08062930186824,8111.0,8124.0,8055.0,8083.0,332597.0,349194.0,0.0,0.0,0.0,0.0,0.0,0.0,,8482.0009765625,27.0,above,4.252716034445673,8544.0009765625,False,,7536.0,16.0,below,7.374631268436578,8340.0,False,,8285.0,108.0,above,1.8313667649950836,,True,82.0,7804.0,68.0,below,4.08062930186824,7505.0,True,22.0,0.0,0.0,0.000615746806239316,-23.0,NONE,0.057047997117417315,0.03744016233521598,0.01884590881054502,0.8509297410601672,0.000615746806239316,0.014162176543504268,0.006808253351876514,0.009840067476160508,0.01347353165120202,7646.767244290173,5.704799711741732,-0.09887529353602709,0.6014565812127037,,4.0,-1.0,236.0,258.0,2025-04-07 09:00:00,2025-04-14 21:00:00,7694.0,8083.0,23.0,5.0558877047049755,0.21982120455239024,3.0,1.0,170.0,235.0,2025-03-12 09:00:00,2025-04-03 13:30:00,8096.0,8286.0,66.0,2.3468379446640375,0.035558150676727844,6626745.0,,288119.347826087,,10005242.0,0.0,151594.57575757575,0.0,1.9005914056373392,,0.6623273080251332,,47.82608695652174,4.3478260869565215,47.82608695652174,False,False,2025-04-07 09:00:00,7694.0,,,1.0,0.0,2025-04-10 00:00:00,7879.0,,,1.0,0.0,0.5033607664894839,92.16698837605674,
AG:5m:1:-1:7082:7083:2,AG,5m,7196.0,2025-04-15 09:15:00,0.0,1.0,1.0,BOS,1.0,8125.0,14.0,BOS,1.0,8145.0,0.0,12.0,8.0,3.0,1.0,active_bear_internal_ob,internal,-1.0,138.0,8158.0,8173.0,8165.5,0.1104429991409989,current_internal_high,internal,0.0,8.0,8145.0,8145.0,8145.0,0.04908577739599951,8136.0,8155.0,8133.0,8149.0,15154.0,345756.0,1.0,1.0,0.0,1.0,1.0,0.0,active_bear_internal_ob,8145.0,8.0,below,0.04908577739599951,8113.0,True,0.0,8123.0,6.0,below,0.3190575530739968,8077.0,False,,8125.0,49.0,below,0.29451466437599705,8177.0,True,14.0,8055.0,12.0,below,1.1535157688059885,8059.0,False,,0.0,0.0,8.502420636598905e-05,47.0,NONE,0.006390274783267872,0.0043616371987465355,0.001472302701549383,0.9158778515356141,8.502420636598905e-05,0.003996137699201485,0.0013934724396218456,0.0016355976930895189,0.002812874845650404,8097.256307206402,0.6390274783267872,0.17209588199138537,2.1941887151272295,,99.0,1.0,7150.0,7196.0,2025-04-14 22:50:00,2025-04-15 09:10:00,8114.0,8149.0,47.0,0.43135321666256665,0.009177728014097162,98.0,-1.0,7134.0,7149.0,2025-04-14 21:30:00,2025-04-14 22:45:00,8069.0,8122.0,16.0,0.6568347998512802,0.041052174990705015,228458.0,,4860.808510638298,,137732.0,0.0,8608.25,0.0,0.5646686040296574,,1.6587140243371186,,53.191489361702125,29.78723404255319,17.02127659574468,True,False,,,,,0.0,0.0,2025-04-15 01:00:00,8102.0,2025-04-15 00:55:00,8100.0,3.0,3.0,0.3375573516230326,10.652568646070582,
AG:5m:1:-1:7082:7083:2,AG,15m,2398.0,2025-04-15 09:15:00,0.0,1.0,1.0,CHoCH,1.0,7815.0,115.0,BOS,1.0,8124.0,4.0,5.0,5.0,1.0,1.0,current_swing_high,swing,0.0,1.0,8177.0,8177.0,8177.0,0.34360044177199656,current_internal_high,internal,0.0,10.0,8124.0,8124.0,8124.0,0.3067861087249969,8130.0,8155.0,8116.0,8149.0,44690.0,345756.0,0.0,0.0,0.0,0.0,0.0,0.0,,8124.0,10.0,below,0.3067861087249969,8123.0,True,4.0,8077.0,6.0,below,0.8835439931279911,8055.0,False,,8177.0,1.0,above,0.34360044177199656,7815.0,False,,7536.0,161.0,below,7.5223953859369255,7535.0,False,,1.0,1.0,0.0004334659008404728,132.0,UP_CONFIRMED,0.009674598431094934,0.013674711280700552,0.006625681395218219,0.273012073375691,0.0004334659008404728,0.05721749891094241,0.0010812586908748312,0.0014685662312734493,0.0027296844232782558,8070.9171179135365,0.9674598431094934,0.17209588199138537,3.038256999277552,,35.0,1.0,2267.0,2398.0,2025-04-09 21:30:00,2025-04-15 09:00:00,7766.0,8149.0,132.0,4.9317537986093285,0.03736177120158582,34.0,-1.0,2250.0,2266.0,2025-04-09 09:00:00,2025-04-09 21:15:00,7639.0,7753.0,17.0,1.4923419295719276,0.08778481938658397,3652330.0,,27669.166666666668,,532034.0,0.0,31296.117647058825,0.0,0.8841085970696109,,6.864843224305214,,34.84848484848485,51.515151515151516,13.636363636363635,True,False,,,,,0.0,0.0,2025-04-15 01:15:00,8122.0,2025-04-14 09:00:00,8086.0,7.0,7.0,0.48452075215432167,19.45585044194249,
AG:5m:1:-1:7082:7083:2,AG,1h,713.0,2025-04-15 02:30:00,405.0,-1.0,1.0,CHoCH,-1.0,8143.0,65.0,BOS,1.0,7990.0,19.0,2.0,2.0,0.0,1.0,current_internal_high,internal,0.0,9.0,8177.0,8177.0,8177.0,0.34360044177199656,current_internal_low,internal,0.0,0.0,8055.0,8055.0,8055.0,1.1535157688059885,8132.0,8136.0,8128.0,8135.0,11277.0,345779.0,0.0,0.0,0.0,0.0,0.0,0.0,,8177.0,9.0,above,0.34360044177199656,7990.0,False,,8055.0,0.0,below,1.1535157688059885,7862.0,False,,8544.0009765625,64.0,above,4.847232501687324,8442.0009765625,False,,7535.0,15.0,below,7.534666830285924,8143.0,False,,0.0,0.0,0.0009084303631276972,17.0,NONE,0.04476159243387616,0.04653504297901282,0.00565953988548086,0.3770051202512198,0.0009084303631276972,0.015443316173170851,0.00260676338650101,0.005718447873621635,,7786.465408867785,4.476159243387616,0.04919444102815529,-1.1809766231139092,,13.0,1.0,697.0,713.0,2025-04-11 21:00:00,2025-04-15 02:00:00,8008.0,8135.0,17.0,1.5859140859140863,0.0932890638772992,12.0,-1.0,643.0,696.0,2025-04-03 09:00:00,2025-04-11 14:00:00,8426.0009765625,7970.0,54.0,-5.411831518070054,-0.10021910218648247,1671895.0,,98346.76470588235,,5709623.0,0.0,105733.75925925926,0.0,0.930135894106782,,0.2928205592558388,,100.0,0.0,0.0,False,False,,,,,0.0,0.0,,,,,0.0,0.0,0.12161888166802162,46.921849235128086,2.0
AG:5m:1:-1:7082:7083:2,AG,4h,259.0,2025-04-15 02:30:00,405.0,-1.0,-1.0,CHoCH,-1.0,7804.0,23.0,CHoCH,-1.0,8340.0,24.0,0.0,1.0,0.0,1.0,current_internal_high,internal,0.0,0.0,8177.0,8177.0,8177.0,0.34360044177199656,current_swing_low,swing,0.0,69.0,7804.0,7804.0,7804.0,4.233648300404957,8083.0,8145.0,8080.0,8135.0,100568.0,345779.0,0.0,0.0,0.0,0.0,0.0,0.0,,8177.0,0.0,above,0.34360044177199656,8482.0009765625,False,,7536.0,17.0,below,7.5223953859369255,8340.0,False,,8285.0,109.0,above,1.6689164314639835,,True,83.0,7804.0,69.0,below,4.233648300404957,7505.0,True,23.0,0.0,0.0,0.0006091086562000544,-24.0,NONE,0.06336967900199318,0.03852055886299836,0.0191628939287543,0.9026381342079519,0.0006091086562000544,0.014618607748801304,0.004563632757333513,0.009973680811770969,0.013816123717887319,7650.208728572137,6.336967900199318,0.6433254979586689,-1.0505206577416426,,4.0,-1.0,236.0,259.0,2025-04-07 09:00:00,2025-04-15 00:00:00,7694.0,8135.0,24.0,5.731739017416171,0.23882245905900712,3.0,1.0,170.0,235.0,2025-03-12 09:00:00,2025-04-03 13:30:00,8096.0,8286.0,66.0,2.3468379446640375,0.035558150676727844,6727313.0,,280304.7083333333,,10005242.0,0.0,151594.57575757575,0.0,1.8490418072846215,,0.6723788390125895,,50.0,4.166666666666666,45.83333333333333,False,False,2025-04-07 09:00:00,7694.0,,,1.0,0.0,2025-04-10 00:00:00,7879.0,,,1.0,0.0,0.49747185644187464,90.2264892063384,
AG:5m:1:1:7092:7096:1,AG,5m,7098.0,2025-04-14 10:35:00,0.0,1.0,-1.0,BOS,1.0,7961.0,111.0,CHoCH,-1.0,8093.0,0.0,9.0,9.0,2.0,1.0,current_internal_low,internal,0.0,1.0,8093.0,8093.0,8093.0,0.07419314949919624,active_bull_internal_ob,internal,1.0,66.0,7999.0,8014.0,8006.5,0.9026833189068877,8096.0,8097.0,8084.0,8087.0,15081.0,340137.0,0.0,0.0,0.0,0.0,0.0,0.0,,8112.0,3.0,above,0.30913812291331766,8156.0,True,2.0,8093.0,1.0,above,0.07419314949919624,8066.0,True,0.0,8177.0,6.0,above,1.1128972424879435,7961.0,False,,7878.0,101.0,below,2.5843947075553357,7862.0,False,,1.0,1.0,0.00025194775034900155,112.0,UP_CONFIRMED,-0.006428340332455997,0.0005694709491343101,0.005618165729344561,0.10646139299651458,0.00025194775034900155,0.028218148039088176,-0.0003900937347448563,-0.0006775610445577396,-0.0023162593596587344,8139.322334038761,-0.6428340332455997,-0.35731887629374404,0.39493242993304684,,97.0,1.0,6987.0,7098.0,2025-04-11 10:30:00,2025-04-14 10:30:00,7975.0,8087.0,112.0,1.4043887147335399,0.012539184952978035,96.0,-1.0,6913.0,6986.0,2025-04-10 21:35:00,2025-04-11 10:10:00,7899.0,7934.0,74.0,0.44309406253957295,0.005987757601886121,1333939.0,,11910.169642857143,,605160.0,0.0,8177.8378378378375,0.0,1.456395917726599,,2.2042749025051225,,50.89285714285714,37.5,11.607142857142858,True,True,,,2025-04-11 23:05:00,8160.0,0.0,1.0,2025-04-14 09:30:00,8104.0,2025-04-14 10:30:00,8087.0,7.0,8.0,9.865587942431658,16.99138255423941,
AG:5m:1:1:7092:7096:1,AG,15m,2365.0,2025-04-14 10:15:00,20.0,1.0,1.0,CHoCH,1.0,7815.0,82.0,BOS,1.0,8011.0,24.0,4.0,5.0,1.0,1.0,current_internal_high,internal,0.0,0.0,8156.0,8156.0,8156.0,0.8532212192407568,current_internal_low,internal,0.0,6.0,8086.0,8086.0,8086.0,0.012365524916532707,8097.0,8125.0,8095.0,8116.0,17441.0,340328.0,0.0,0.0,0.0,0.0,0.0,0.0,,8156.0,0.0,above,0.8532212192407568,8177.0,False,,8086.0,6.0,below,0.012365524916532707,7953.0,False,,7815.0,137.0,below,3.363422777296896,8482.0009765625,True,82.0,7536.0,128.0,below,6.813404229009522,7535.0,False,,1.0,1.0,0.0005291180741120584,99.0,UP_CONFIRMED,0.010205661363072655,0.016214884126048833,0.005634680580668244,0.14310541751899247,0.0005291180741120584,0.05238268933709378,0.0014247679110954703,0.0026270388956626256,0.013617564491512413,8034.007638651583,1.0205661363072656,0.22227710545814627,-0.7685045077209953,,35.0,1.0,2267.0,2365.0,2025-04-09 21:30:00,2025-04-14 10:00:00,7766.0,8116.0,99.0,4.506824620139072,0.04552348101150577,34.0,-1.0,2250.0,2266.0,2025-04-09 09:00:00,2025-04-09 21:15:00,7639.0,7753.0,17.0,1.4923419295719276,0.08778481938658397,3034531.0,,30651.828282828283,,532034.0,0.0,31296.117647058825,0.0,0.9794131217329735,,5.703641120680257,,45.45454545454545,53.535353535353536,1.0101010101010102,True,False,,,,,0.0,0.0,2025-04-12 01:30:00,8134.0,2025-04-14 09:00:00,8086.0,6.0,7.0,0.347500514765706,29.37545994161307,
AG:5m:1:1:7092:7096:1,AG,1h,703.0,2025-04-14 10:00:00,35.0,-1.0,1.0,CHoCH,-1.0,8143.0,55.0,BOS,1.0,7990.0,9.0,2.0,2.0,0.0,1.0,active_bear_internal_ob,internal,-1.0,59.0,8416.0009765625,8461.0009765625,8438.5009765625,4.068269773247187,current_internal_high,internal,0.0,14.0,7990.0,7990.0,7990.0,1.1994559169036725,8122.0,8122.0,8059.0,8098.0,151193.0,341333.0,0.0,0.0,0.0,0.0,0.0,0.0,,7990.0,14.0,below,1.1994559169036725,7780.0,True,9.0,7862.0,12.0,below,2.7822431062198594,7599.0,False,,8544.0009765625,54.0,above,5.6510569625633735,8442.0009765625,False,,7535.0,5.0,below,6.825769753926054,8143.0,False,,0.0,0.0,0.001381367621199495,7.0,NONE,0.045956998872076806,0.051793823969169026,0.004980271266436581,0.12060065742648507,0.001381367621199495,0.009669573348396465,0.007294852254853934,,,7742.1920869907635,4.59569988720768,-0.6745983073715212,0.7170762537606646,,13.0,1.0,697.0,703.0,2025-04-11 21:00:00,2025-04-14 09:00:00,8008.0,8098.0,7.0,1.123876123876122,0.16055373198230313,12.0,-1.0,643.0,696.0,2025-04-03 09:00:00,2025-04-11 14:00:00,8426.0009765625,7970.0,54.0,-5.411831518070054,-0.10021910218648247,1081345.0,,154477.85714285713,,5709623.0,0.0,105733.75925925926,0.0,1.4610078959178716,,0.18938991243379816,,100.0,0.0,0.0,True,False,,,,,0.0,0.0,,,,,0.0,0.0,0.09615569743221035,58.009943417133584,4.0
AG:5m:1:1:7092:7096:1,AG,4h,255.0,2025-04-12 02:30:00,3365.0,-1.0,-1.0,CHoCH,-1.0,7804.0,19.0,CHoCH,-1.0,8340.0,20.0,0.0,1.0,0.0,1.0,current_swing_high,swing,0.0,105.0,8285.0,8285.0,8285.0,2.448373933473476,current_swing_low,swing,0.0,65.0,7804.0,7804.0,7804.0,3.499443551378756,8154.0,8173.0,8086.0,8153.0,318996.0,351051.0,0.0,0.0,0.0,0.0,0.0,0.0,,8482.0009765625,24.0,above,4.884394417738346,8544.0009765625,False,,7536.0,13.0,below,6.813404229009522,8340.0,False,,8285.0,105.0,above,2.448373933473476,,True,79.0,7804.0,65.0,below,3.499443551378756,7505.0,True,19.0,0.0,0.0,0.0005736799310079755,-20.0,NONE,0.06903624323043436,0.03425664697725282,0.018180954919655243,0.972123965130275,0.0005736799310079755,0.011473598620159509,0.0056851475304087185,0.009331697209446377,,7626.49540801639,6.903624323043436,0.0,0.10785081450407749,,4.0,-1.0,236.0,255.0,2025-04-07 09:00:00,2025-04-12 00:00:00,7694.0,8153.0,20.0,5.9656875487392735,0.2982843774369637,3.0,1.0,170.0,235.0,2025-03-12 09:00:00,2025-04-03 13:30:00,8096.0,8286.0,66.0,2.3468379446640375,0.035558150676727844,5985570.0,,299278.5,,10005242.0,0.0,151594.57575757575,0.0,1.9742032226706763,,0.5982434008092957,,40.0,5.0,55.00000000000001,False,False,2025-04-07 09:00:00,7694.0,,,1.0,0.0,2025-04-10 00:00:00,7879.0,,,1.0,0.0,0.5307278009937109,98.16577883654969,
