candidate_id,symbol,context_tf,bar_index,bar_end,lag_minutes,swing_bias,internal_bias,last_swing_structure_type,last_swing_structure_bias,last_swing_structure_level,last_swing_structure_age,last_internal_structure_type,last_internal_structure_bias,last_internal_structure_level,last_internal_structure_age,active_bull_internal_ob_count,active_bear_internal_ob_count,active_bull_swing_ob_count,active_bear_swing_ob_count,nearest_above_type,nearest_above_structure_class,nearest_above_bias,nearest_above_age_bars,nearest_above_zone_low,nearest_above_zone_high,nearest_above_object_price_center,nearest_above_distance_pct,nearest_below_type,nearest_below_structure_class,nearest_below_bias,nearest_below_age_bars,nearest_below_zone_low,nearest_below_zone_high,nearest_below_object_price_center,nearest_below_distance_pct,open,high,low,close,volume,close_oi,overlap_object_count,overlap_active_ob_count,overlap_bull_ob_count,overlap_bear_ob_count,overlap_internal_count,overlap_swing_count,overlap_types,current_internal_high_level,current_internal_high_age,current_internal_high_relation,current_internal_high_distance_pct,current_internal_high_last_level,current_internal_high_crossed,current_internal_high_crossed_age,current_internal_low_level,current_internal_low_age,current_internal_low_relation,current_internal_low_distance_pct,current_internal_low_last_level,current_internal_low_crossed,current_internal_low_crossed_age,current_swing_high_level,current_swing_high_age,current_swing_high_relation,current_swing_high_distance_pct,current_swing_high_last_level,current_swing_high_crossed,current_swing_high_crossed_age,current_swing_low_level,current_swing_low_age,current_swing_low_relation,current_swing_low_distance_pct,current_swing_low_last_level,current_swing_low_crossed,current_swing_low_crossed_age,dsa_direction,dsa_raw_regime_value,dsa_raw_regime_strength,dsa_raw_dsa_dir_bars,dsa_raw_trend_transition,dsa_raw_offset_rate,dsa_raw_offset_mean,dsa_raw_offset_std,dsa_raw_offset_percentile,dsa_raw_vwap_ret_avg,dsa_raw_vwap_ret_total,dsa_raw_vwap_ret_5,dsa_raw_vwap_ret_10,dsa_raw_vwap_ret_20,dsa_raw_dsa_vwap,dsa_raw_dsa_vwap_dev_pct,dsa_raw_change_pct,dsa_raw_vol_zscore,dsa_raw_avg_amount_20d,dsa_raw_segment_id,dsa_raw_segment_direction,dsa_raw_segment_start_bar_index,dsa_raw_segment_end_bar_index,dsa_raw_segment_start_time,dsa_raw_segment_end_time,dsa_raw_segment_start_price,dsa_raw_segment_end_price,dsa_raw_segment_bars,dsa_raw_segment_change_pct,dsa_raw_segment_slope,dsa_raw_prev_segment_id,dsa_raw_prev_segment_direction,dsa_raw_prev_segment_start_bar_index,dsa_raw_prev_segment_end_bar_index,dsa_raw_prev_segment_start_time,dsa_raw_prev_segment_end_time,dsa_raw_prev_segment_start_price,dsa_raw_prev_segment_end_price,dsa_raw_prev_segment_bars,dsa_raw_prev_segment_change_pct,dsa_raw_prev_segment_slope,dsa_raw_current_segment_volume_sum,dsa_raw_current_segment_amount_sum,dsa_raw_current_segment_volume_mean,dsa_raw_current_segment_amount_mean,dsa_raw_prev_segment_volume_sum,dsa_raw_prev_segment_amount_sum,dsa_raw_prev_segment_volume_mean,dsa_raw_prev_segment_amount_mean,dsa_raw_current_vs_prev_volume_mean_ratio,dsa_raw_current_vs_prev_amount_mean_ratio,dsa_raw_current_vs_prev_volume_ratio,dsa_raw_current_vs_prev_amount_ratio,dsa_raw_rope_dir1_pct,dsa_raw_rope_dir0_pct,dsa_raw_rope_dir_neg1_pct,dsa_raw_touch_rope,dsa_raw_touch_vwap,dsa_raw_last_cross_up_date,dsa_raw_last_cross_up_price,dsa_raw_last_cross_down_date,dsa_raw_last_cross_down_price,dsa_raw_cross_up_count,dsa_raw_cross_down_count,dsa_raw_rope_cross_up_date,dsa_raw_rope_cross_up_price,dsa_raw_rope_cross_down_date,dsa_raw_rope_cross_down_price,dsa_raw_rope_cross_up_count,dsa_raw_rope_cross_down_count,dsa_raw_offset_variance_rate,atr14,component_15m_count
AG:15m:1:1:5393:5399:1,AG,5m,16316.0,2025-08-14 14:45:00,0.0,-1.0,-1.0,CHoCH,-1.0,9293.0009765625,8.0,BOS,-1.0,9284.0009765625,1.0,41.0,6.0,17.0,3.0,current_internal_low,internal,0.0,3.0,9284.0009765625,9284.0009765625,9284.0009765625,0.09703503021447205,active_bull_internal_ob,internal,1.0,118.0,9257.0009765625,9265.0009765625,9261.0009765625,0.1078167002383023,9282.0009765625,9287.0009765625,9268.0009765625,9275.0009765625,7082.0,367554.0,0.0,0.0,0.0,0.0,0.0,0.0,,9301.0009765625,0.0,above,0.28032342061958593,9367.0009765625,False,,9284.0009765625,3.0,above,0.09703503021447205,9325.0009765625,True,1.0,9342.0009765625,57.0,above,0.7223718915966253,9218.0009765625,True,30.0,9293.0009765625,54.0,above,0.1940700604289441,9136.0009765625,True,8.0,0.0,0.0,-0.00015541069560862653,-15.0,NONE,-0.005691341292422718,-0.0048281518314061,0.00045920653641288143,0.03007167654836851,-0.00015541069560862653,-0.002331160434129398,-0.0008846574828373921,-0.0017209874913591827,,9328.090322192644,-0.5691341292422718,-0.08617902788331522,0.7658532725509766,,222.0,-1.0,16302.0,16316.0,2025-08-14 13:30:00,2025-08-14 14:40:00,9301.0009765625,9275.0009765625,15.0,-0.2795398050760012,-0.018635987005066745,221.0,1.0,16166.0,16301.0,2025-08-13 09:10:00,2025-08-14 11:25:00,9215.0009765625,9329.0009765625,136.0,1.2371132709583899,0.009096421109988161,68096.0,,4539.733333333334,,440889.0,0.0,3241.830882352941,0.0,1.400360937409038,,0.15445157397893802,,0.0,0.0,100.0,True,True,,,,,0.0,0.0,,,,,0.0,0.0,0.09511021037611962,11.545209386258529,
AG:15m:1:1:5393:5399:1,AG,15m,5438.0,2025-08-14 14:45:00,0.0,1.0,-1.0,BOS,1.0,9318.0009765625,35.0,CHoCH,-1.0,9313.0009765625,4.0,22.0,3.0,10.0,0.0,current_internal_low,internal,0.0,16.0,9313.0009765625,9313.0009765625,9313.0009765625,0.4097034609055487,active_bull_internal_ob,internal,1.0,49.0,9189.0009765625,9215.0009765625,9202.0009765625,0.6469002014298137,9291.0009765625,9297.0009765625,9268.0009765625,9275.0009765625,13310.0,367554.0,1.0,1.0,1.0,0.0,1.0,0.0,active_bull_internal_ob,9367.0009765625,2.0,above,0.9919136421923811,9322.0009765625,False,,9313.0009765625,16.0,above,0.4097034609055487,9307.0009765625,True,4.0,9318.0009765625,130.0,above,0.4636118110246998,9256.0009765625,True,35.0,9136.0009765625,17.0,below,1.4986521333124017,8885.0009765625,False,,0.0,0.0,0.00042985805958597914,50.0,NONE,-0.007882704965971132,0.00785171589042631,0.005865219873323198,0.0036519041552721676,0.00042985805958597914,0.021492902979298956,-0.0016369860489983123,0.010814089308366137,0.012715915764909047,9348.693972968564,-0.7882704965971132,-0.18295305868865075,0.6774450644594063,,75.0,1.0,5389.0,5438.0,2025-08-13 09:15:00,2025-08-14 14:30:00,9224.0009765625,9275.0009765625,50.0,0.5529054054697946,0.011058108109395892,74.0,-1.0,5312.0,5388.0,2025-08-09 02:00:00,2025-08-13 09:00:00,9264.0009765625,9215.0009765625,77.0,-0.5289291324986678,-0.006869209512969711,503985.0,,10079.7,,758270.0,0.0,9847.662337662337,0.0,1.023562715127857,,0.6646511137193876,,86.0,4.0,10.0,True,True,,,2025-08-14 10:45:00,9353.0009765625,0.0,1.0,,,2025-08-14 11:00:00,9335.0009765625,0.0,1.0,0.7469984848120562,17.262169269924676,
AG:15m:1:1:5393:5399:1,AG,1h,1618.0,2025-08-14 14:00:00,45.0,1.0,-1.0,CHoCH,1.0,9075.0009765625,264.0,CHoCH,-1.0,9304.0009765625,0.0,15.0,3.0,2.0,0.0,current_internal_low,internal,0.0,3.0,9304.0009765625,9304.0009765625,9304.0009765625,0.31266843069107664,active_bull_internal_ob,internal,1.0,14.0,9136.0009765625,9175.0009765625,9155.5009765625,1.0781670023830228,9315.0009765625,9318.0009765625,9285.0009765625,9298.0009765625,34322.0,371549.0,0.0,0.0,0.0,0.0,0.0,0.0,,9342.0009765625,4.0,above,0.7223718915966253,9218.0009765625,True,3.0,9304.0009765625,3.0,above,0.31266843069107664,9136.0009765625,True,0.0,9526.0009765625,127.0,above,2.706199175981387,9075.0009765625,False,,8885.0009765625,52.0,below,4.2048513092937885,8563.0009765625,False,,0.0,0.0,0.0021704714117508185,10.0,NONE,-0.00698812526665348,0.010130863405295499,0.00943236142430045,0.034768042981092484,0.0021704714117508185,0.021704714117508184,0.020558974848262856,,,9363.433825058026,-0.698812526665348,-0.3322971031719524,0.07540388864658804,,25.0,1.0,1609.0,1618.0,2025-08-13 21:00:00,2025-08-14 13:30:00,9311.0009765625,9298.0009765625,10.0,-0.1396197898885787,-0.01396197898885787,24.0,-1.0,1599.0,1608.0,2025-08-12 22:00:00,2025-08-13 14:00:00,9148.0009765625,9300.0009765625,10.0,1.661565192105141,0.1661565192105141,304746.0,,30474.6,,346986.0,0.0,34698.6,0.0,0.8782659819128149,,0.8782659819128149,,90.0,10.0,0.0,True,True,,,2025-08-14 10:00:00,9353.0009765625,0.0,1.0,,,2025-08-14 13:30:00,9298.0009765625,0.0,1.0,0.9310520778880568,27.7479793507216,2.0
AG:15m:1:1:5393:5399:1,AG,4h,588.0,2025-08-14 11:30:00,195.0,1.0,1.0,BOS,1.0,9075.0009765625,94.0,BOS,1.0,9318.0009765625,0.0,8.0,1.0,2.0,0.0,current_internal_high,internal,0.0,13.0,9318.0009765625,9318.0009765625,9318.0009765625,0.4636118110246998,active_bull_internal_ob,internal,1.0,0.0,9136.0009765625,9215.0009765625,9175.5009765625,0.6469002014298137,9336.0009765625,9367.0009765625,9324.0009765625,9329.0009765625,94505.0,375559.0,0.0,0.0,0.0,0.0,0.0,0.0,,9318.0009765625,13.0,above,0.4636118110246998,9256.0009765625,True,0.0,9136.0009765625,1.0,below,1.4986521333124017,8885.0009765625,False,,9526.0009765625,14.0,above,2.706199175981387,9075.0009765625,False,,8563.0009765625,96.0,below,7.676549056967122,7944.0,False,,0.0,0.0,0.0003788544782438545,3.0,NONE,0.026119894561206534,0.025973018973661683,0.00011668863908542979,0.8959300211458371,0.0003788544782438545,0.0011365634347315634,,,,9091.531141740317,2.6119894561206536,0.11805107155138383,0.03634144240922027,,11.0,1.0,586.0,588.0,2025-08-13 21:00:00,2025-08-14 09:00:00,9317.0009765625,9329.0009765625,3.0,0.12879680951185524,0.04293226983728508,10.0,-1.0,546.0,585.0,2025-07-30 21:00:00,2025-08-13 13:30:00,9094.0009765625,9300.0009765625,40.0,2.2652295786080634,0.056630739465201585,270424.0,,90141.33333333333,,4728118.0,0.0,118202.95,0.0,0.7625980005857158,,0.057194850043928686,,100.0,0.0,0.0,False,False,,,,,0.0,0.0,,,,,0.0,0.0,0.004492686784072333,48.42620138159668,
AG:15m:1:1:5393:5399:2,AG,5m,16320.0,2025-08-14 21:05:00,0.0,-1.0,-1.0,CHoCH,-1.0,9293.0009765625,12.0,BOS,-1.0,9284.0009765625,5.0,40.0,6.0,17.0,3.0,current_internal_low,internal,0.0,7.0,9284.0009765625,9284.0009765625,9284.0009765625,0.3025064503655515,active_bull_internal_ob,internal,1.0,154.0,9189.0009765625,9202.0009765625,9195.5009765625,0.5834052971335636,9242.0,9262.0009765625,9241.0009765625,9256.0009765625,17091.0,364493.0,0.0,0.0,0.0,0.0,0.0,0.0,,9301.0009765625,4.0,above,0.48617108094463635,9367.0009765625,False,,9284.0009765625,7.0,above,0.3025064503655515,9325.0009765625,True,5.0,9342.0009765625,61.0,above,0.9291269546941939,9218.0009765625,True,34.0,9293.0009765625,58.0,above,0.3997406665544788,9136.0009765625,True,12.0,0.0,0.0,-0.0002026185513033416,-19.0,NONE,-0.0062155202862289646,-0.004793887496615838,0.0006156331265312035,0.010465667372352994,-0.0002026185513033416,-0.0038497524747634904,-0.0019052288641849824,-0.0025923073498096416,,9313.891659113458,-0.6215520286228965,-0.3230669485790316,2.7623644353682812,,222.0,-1.0,16302.0,16320.0,2025-08-14 13:30:00,2025-08-14 21:00:00,9301.0009765625,9256.0009765625,19.0,-0.4838188934007781,-0.02546415228425148,221.0,1.0,16166.0,16301.0,2025-08-13 09:10:00,2025-08-14 11:25:00,9215.0009765625,9329.0009765625,136.0,1.2371132709583899,0.009096421109988161,97151.0,,5113.210526315789,,440889.0,0.0,3241.830882352941,0.0,1.5772601075983919,,0.22035251503212827,,0.0,0.0,100.0,True,True,,,,,0.0,0.0,,,,,0.0,0.0,0.1284204368512609,13.70566236154024,
AG:15m:1:1:5393:5399:2,AG,15m,5439.0,2025-08-14 15:00:00,365.0,1.0,-1.0,BOS,1.0,9318.0009765625,36.0,CHoCH,-1.0,9313.0009765625,5.0,22.0,3.0,10.0,0.0,current_internal_low,internal,0.0,17.0,9313.0009765625,9313.0009765625,9313.0009765625,0.6158167025298726,active_bull_internal_ob,internal,1.0,50.0,9189.0009765625,9215.0009765625,9202.0009765625,0.4429558737495575,9276.0009765625,9295.0009765625,9274.0009765625,9286.0009765625,11964.0,366680.0,1.0,1.0,1.0,0.0,1.0,0.0,active_bull_internal_ob,9367.0009765625,3.0,above,1.1992219996634361,9322.0009765625,False,,9313.0009765625,17.0,above,0.6158167025298726,9307.0009765625,True,5.0,9318.0009765625,131.0,above,0.6698357115237211,9256.0009765625,True,36.0,9136.0009765625,18.0,below,1.2964562158523636,8885.0009765625,False,,1.0,1.0,0.00041576533351058554,51.0,UP_CONFIRMED,-0.00642509406487634,0.007571778440322336,0.006135513620647326,0.011265710431243081,0.00041576533351058554,0.021204032009039864,-0.0013262101878213084,0.009924579114026555,0.012300776273824976,9346.050228415126,-0.642509406487634,0.11859837026213516,0.40944104756167454,,75.0,1.0,5389.0,5439.0,2025-08-13 09:15:00,2025-08-14 14:45:00,9224.0009765625,9286.0009765625,51.0,0.6721595125319002,0.01317959828493922,74.0,-1.0,5312.0,5388.0,2025-08-09 02:00:00,2025-08-13 09:00:00,9264.0009765625,9215.0009765625,77.0,-0.5289291324986678,-0.006869209512969711,515949.0,,10116.64705882353,,758270.0,0.0,9847.662337662337,0.0,1.0273145759813942,,0.6804291347409234,,84.31372549019608,3.9215686274509802,11.76470588235294,True,True,,,2025-08-14 10:45:00,9353.0009765625,0.0,1.0,,,2025-08-14 11:00:00,9335.0009765625,0.0,1.0,0.8103134117043884,17.529157179215773,
AG:15m:1:1:5393:5399:2,AG,1h,1619.0,2025-08-14 15:00:00,365.0,1.0,-1.0,CHoCH,1.0,9075.0009765625,265.0,CHoCH,-1.0,9304.0009765625,1.0,15.0,3.0,2.0,0.0,current_internal_low,internal,0.0,4.0,9304.0009765625,9304.0009765625,9304.0009765625,0.5185824863409454,active_bull_internal_ob,internal,1.0,15.0,9136.0009765625,9175.0009765625,9155.5009765625,0.8751079457003454,9298.0009765625,9301.0009765625,9268.0009765625,9286.0009765625,45738.0,366680.0,0.0,0.0,0.0,0.0,0.0,0.0,,9342.0009765625,5.0,above,0.9291269546941939,9218.0009765625,True,4.0,9304.0009765625,4.0,above,0.5185824863409454,9136.0009765625,True,1.0,9526.0009765625,128.0,above,2.917026485667818,9075.0009765625,False,,8885.0009765625,53.0,below,4.008210467343557,8563.0009765625,False,,0.0,0.0,0.0019363138494739231,11.0,NONE,-0.007876177948513032,0.008493859645858361,0.010376855208989065,0.05733418484852437,0.0019363138494739231,0.021299452344213154,0.02008602184877506,0.021299452344213154,,9359.719795217856,-0.7876177948513032,-0.12905999935092227,0.5907976846742061,,25.0,1.0,1609.0,1619.0,2025-08-13 21:00:00,2025-08-14 14:00:00,9311.0009765625,9286.0009765625,11.0,-0.2684995959395753,-0.024409054176325027,24.0,-1.0,1599.0,1608.0,2025-08-12 22:00:00,2025-08-13 14:00:00,9148.0009765625,9300.0009765625,10.0,1.661565192105141,0.1661565192105141,350484.0,,31862.18181818182,,346986.0,0.0,34698.6,0.0,0.9182555439753137,,1.010081098372845,,81.81818181818183,18.181818181818183,0.0,True,True,,,2025-08-14 10:00:00,9353.0009765625,0.0,1.0,,,2025-08-14 13:30:00,9298.0009765625,0.0,1.0,1.221689036744192,28.123123682812917,4.0
AG:15m:1:1:5393:5399:2,AG,4h,589.0,2025-08-14 15:00:00,365.0,1.0,1.0,BOS,1.0,9075.0009765625,95.0,BOS,1.0,9318.0009765625,1.0,8.0,1.0,2.0,0.0,current_internal_high,internal,0.0,14.0,9318.0009765625,9318.0009765625,9318.0009765625,0.6698357115237211,active_bull_internal_ob,internal,1.0,1.0,9136.0009765625,9215.0009765625,9175.5009765625,0.4429558737495575,9315.0009765625,9318.0009765625,9268.0009765625,9286.0009765625,80060.0,366680.0,0.0,0.0,0.0,0.0,0.0,0.0,,9318.0009765625,14.0,above,0.6698357115237211,9256.0009765625,True,1.0,9136.0009765625,2.0,below,1.2964562158523636,8885.0009765625,False,,9526.0009765625,15.0,above,2.917026485667818,9075.0009765625,False,,8563.0009765625,97.0,below,7.4870346465474,7944.0,False,,0.0,0.0,0.0004334369063987986,4.0,NONE,0.020781315784206156,0.0246750931762978,0.0022503435971550473,0.041788032686711996,0.0004334369063987986,0.0017337476255951945,,,,9096.954296649339,2.078131578420616,-0.4609282398836734,-0.23872361315582138,,11.0,1.0,586.0,589.0,2025-08-13 21:00:00,2025-08-14 13:30:00,9317.0009765625,9286.0009765625,4.0,-0.332725091238939,-0.08318127280973475,10.0,-1.0,546.0,585.0,2025-07-30 21:00:00,2025-08-13 13:30:00,9094.0009765625,9300.0009765625,40.0,2.2652295786080634,0.056630739465201585,350484.0,,87621.0,,4728118.0,0.0,118202.95,0.0,0.7412759157026115,,0.07412759157026115,,100.0,0.0,0.0,False,False,,,,,0.0,0.0,,,,,0.0,0.0,0.09119899086406141,49.32432985433977,
AG:15m:0:1:5371:5403:1,AG,5m,16441.0,2025-08-15 21:55:00,0.0,-1.0,-1.0,CHoCH,-1.0,9167.0009765625,0.0,BOS,-1.0,9166.0009765625,0.0,39.0,9.0,17.0,4.0,current_internal_low,internal,0.0,2.0,9166.0009765625,9166.0009765625,9166.0009765625,0.0982854541900307,active_bull_swing_ob,swing,1.0,272.0,9136.0009765625,9152.0009765625,9144.0009765625,0.05460303010557261,9169.0009765625,9170.0009765625,9156.0009765625,9157.0009765625,8404.0,351135.0,0.0,0.0,0.0,0.0,0.0,0.0,,9213.0009765625,8.0,above,0.6115539371824132,9232.0009765625,False,,9166.0009765625,2.0,above,0.0982854541900307,9200.0009765625,True,0.0,9226.0009765625,53.0,above,0.7535218154569021,9367.0009765625,True,26.0,9167.0009765625,57.0,above,0.10920606021114522,9293.0009765625,True,0.0,0.0,0.0,-0.00015161871157640117,-8.0,NONE,-0.004949411975366463,-0.003966212560293362,0.0005243128750630014,0.030381569524886964,-0.00015161871157640117,-0.0012129496926112093,-0.0009747224670267896,,,9202.548178722154,-0.4949411975366463,-0.13087576313574045,1.5771426793657366,,224.0,-1.0,16434.0,16441.0,2025-08-15 21:15:00,2025-08-15 21:50:00,9172.0009765625,9157.0009765625,8.0,-0.16354119497293818,-0.020442649371617272,223.0,1.0,16413.0,16433.0,2025-08-15 13:30:00,2025-08-15 21:10:00,9219.0009765625,9179.0009765625,21.0,-0.43388649270883484,-0.020661261557563565,40378.0,,5047.25,,67476.0,0.0,3213.1428571428573,0.0,1.5708140672239017,,0.5984053589424388,,0.0,0.0,100.0,True,True,,,,,0.0,0.0,,,,,0.0,0.0,0.13219485014797605,10.173564721577549,
AG:15m:0:1:5371:5403:1,AG,15m,5479.0,2025-08-15 21:45:00,10.0,1.0,-1.0,BOS,1.0,9318.0009765625,76.0,CHoCH,-1.0,9178.0009765625,0.0,20.0,4.0,10.0,0.0,current_internal_low,internal,0.0,21.0,9178.0009765625,9178.0009765625,9178.0009765625,0.22933272644340497,current_swing_low,swing,0.0,58.0,9136.0009765625,9136.0009765625,9136.0009765625,0.22933272644340497,9183.0009765625,9188.0009765625,9168.0009765625,9173.0009765625,11882.0,349788.0,1.0,1.0,1.0,0.0,0.0,1.0,active_bull_swing_ob,9232.0009765625,2.0,above,0.8190454515835891,9226.0009765625,False,,9178.0009765625,21.0,above,0.22933272644340497,9167.0009765625,True,0.0,9318.0009765625,171.0,above,1.7582175693994382,9256.0009765625,True,76.0,9136.0009765625,58.0,below,0.22933272644340497,8885.0009765625,False,,0.0,0.0,-0.00025788168257395857,-39.0,NONE,-0.0068094954364823785,-0.007283534789567769,0.0020307130494405783,0.5922881529304042,-0.00025788168257395857,-0.010057385620384385,-0.0013020579388438591,-0.0018146305668761409,-0.003434157013104455,9235.892746068695,-0.6809495436482379,-0.10889686307909985,0.7292245400515327,,76.0,-1.0,5441.0,5479.0,2025-08-14 21:15:00,2025-08-15 21:30:00,9244.0009765625,9173.0009765625,39.0,-0.768065691252251,-0.01969399208339105,75.0,1.0,5389.0,5440.0,2025-08-13 09:15:00,2025-08-14 21:00:00,9224.0009765625,9237.0009765625,52.0,0.1409366719824945,0.002710320615047971,430149.0,,11029.461538461539,,553415.0,0.0,10642.596153846154,0.0,1.0363506590894718,,0.7772629943171038,,0.0,61.53846153846154,38.46153846153847,True,True,,,,,0.0,0.0,2025-08-15 13:30:00,9230.0009765625,2025-08-15 14:00:00,9207.0009765625,2.0,2.0,0.2788087251740975,16.45531368903954,
AG:15m:0:1:5371:5403:1,AG,1h,1630.0,2025-08-15 15:00:00,415.0,1.0,-1.0,CHoCH,1.0,9075.0009765625,276.0,CHoCH,-1.0,9304.0009765625,12.0,15.0,3.0,2.0,0.0,current_internal_low,internal,0.0,15.0,9304.0009765625,9304.0009765625,9304.0009765625,1.6053290851038349,active_bull_internal_ob,internal,1.0,89.0,9052.0009765625,9097.0009765625,9074.5009765625,0.6552363612668713,9219.0009765625,9220.0009765625,9200.0009765625,9204.0009765625,24764.0,346128.0,1.0,1.0,1.0,0.0,1.0,0.0,active_bull_internal_ob,9367.0009765625,9.0,above,2.29332726443405,9342.0009765625,False,,9304.0009765625,15.0,above,1.6053290851038349,9136.0009765625,True,12.0,9526.0009765625,139.0,above,4.029703621791258,9075.0009765625,False,,8885.0009765625,64.0,below,2.97040483774315,8563.0009765625,False,,0.0,0.0,0.0007112285708233967,22.0,NONE,-0.01116437256732843,-0.002100524360998522,0.012925288056244853,0.24157374803493348,0.0007112285708233967,0.01564702855811473,-0.0013521773155761307,-0.004119038405121622,0.015124827910357075,9307.91804140288,-1.1164372567328429,-0.1627074347658075,-0.2680321592834749,,25.0,1.0,1609.0,1630.0,2025-08-13 21:00:00,2025-08-15 14:00:00,9311.0009765625,9204.0009765625,22.0,-1.149178270621376,-0.05223537593733527,24.0,-1.0,1599.0,1608.0,2025-08-12 22:00:00,2025-08-13 14:00:00,9148.0009765625,9300.0009765625,10.0,1.661565192105141,0.1661565192105141,770667.0,,35030.318181818184,,346986.0,0.0,34698.6,0.0,1.009559987487051,,2.2210319724715117,,40.909090909090914,9.090909090909092,50.0,True,True,,,2025-08-14 10:00:00,9353.0009765625,0.0,1.0,,,2025-08-14 13:30:00,9298.0009765625,0.0,1.0,6.153362606135443,28.473405852581546,4.0
AG:15m:0:1:5371:5403:1,AG,4h,593.0,2025-08-15 15:00:00,415.0,1.0,1.0,BOS,1.0,9075.0009765625,99.0,BOS,1.0,9318.0009765625,5.0,8.0,1.0,2.0,0.0,current_internal_high,internal,0.0,0.0,9367.0009765625,9367.0009765625,9367.0009765625,2.29332726443405,current_internal_low,internal,0.0,6.0,9136.0009765625,9136.0009765625,9136.0009765625,0.22933272644340497,9212.0009765625,9232.0009765625,9200.0009765625,9204.0009765625,47171.0,346128.0,1.0,1.0,1.0,0.0,1.0,0.0,active_bull_internal_ob,9367.0009765625,0.0,above,2.29332726443405,9318.0009765625,False,,9136.0009765625,6.0,below,0.22933272644340497,8885.0009765625,False,,9526.0009765625,19.0,above,4.029703621791258,9075.0009765625,False,,8563.0009765625,101.0,below,6.486839976542027,7944.0,False,,0.0,0.0,0.0004173097816957405,8.0,NONE,0.010149098225276423,0.01752375030011697,0.007336188728759988,0.15738993674183482,0.0004173097816957405,0.003338478253565924,0.002199415044117581,,,9111.527192107524,1.0149098225276423,0.0,-0.77082974914048,,11.0,1.0,586.0,593.0,2025-08-13 21:00:00,2025-08-15 13:30:00,9317.0009765625,9204.0009765625,8.0,-1.2128366229032128,-0.1516045778629016,10.0,-1.0,546.0,585.0,2025-07-30 21:00:00,2025-08-13 13:30:00,9094.0009765625,9300.0009765625,40.0,2.2652295786080634,0.056630739465201585,770667.0,,96333.375,,4728118.0,0.0,118202.95,0.0,0.8149828324927593,,0.16299656649855185,,50.0,50.0,0.0,True,False,,,,,0.0,0.0,,,2025-08-14 21:00:00,9209.0009765625,0.0,1.0,0.4186426194803186,50.376696818247574,
AG:15m:0:1:5371:5403:2,AG,5m,16620.0,2025-08-19 10:05:00,0.0,-1.0,-1.0,CHoCH,-1.0,9167.0009765625,179.0,BOS,-1.0,9181.0009765625,0.0,40.0,9.0,17.0,3.0,current_internal_low,internal,0.0,4.0,9181.0009765625,9181.0009765625,9181.0009765625,0.1855084917982719,current_swing_low,swing,0.0,128.0,9155.0009765625,9155.0009765625,9155.0009765625,0.09821037801084982,9193.0009765625,9193.0009765625,9160.0009765625,9164.0009765625,14522.0,346234.0,1.0,1.0,1.0,0.0,1.0,0.0,active_bull_internal_ob,9216.0009765625,2.0,above,0.5674377396182434,9233.0009765625,False,,9181.0009765625,4.0,above,0.1855084917982719,9216.0009765625,True,0.0,9276.0009765625,28.0,above,1.2221735930239088,9226.0009765625,False,,9155.0009765625,128.0,below,0.09821037801084982,9167.0009765625,False,,0.0,0.0,-0.00010722481604985315,-44.0,NONE,-0.006154394019101002,-0.0037585532802841726,0.0007418777572506715,0.0006201907328148293,-0.00010722481604985315,-0.004717891906193539,-0.001249599304838367,-0.0022215649114725178,-0.0038511709278971074,9220.74909967316,-0.6154394019101002,-0.3154573797385152,2.562853715262959,,226.0,-1.0,16577.0,16620.0,2025-08-18 23:55:00,2025-08-19 10:00:00,9233.0009765625,9164.0009765625,44.0,-0.7473193187691907,-0.01698452997202706,225.0,1.0,16496.0,16576.0,2025-08-16 02:25:00,2025-08-18 23:50:00,9217.0009765625,9231.0009765625,81.0,0.15189322465734012,0.001875224995769631,107069.0,,2433.3863636363635,,223746.0,0.0,2762.296296296296,0.0,0.8809288007586525,,0.4785292251034655,,0.0,47.72727272727273,52.27272727272727,True,True,,,,,0.0,0.0,2025-08-19 09:20:00,9203.0009765625,2025-08-19 09:45:00,9193.0009765625,3.0,3.0,0.19738386073765607,11.431918014023307,
AG:15m:0:1:5371:5403:2,AG,15m,5539.0,2025-08-19 10:00:00,5.0,1.0,-1.0,BOS,1.0,9318.0009765625,136.0,CHoCH,-1.0,9216.0009765625,3.0,20.0,3.0,10.0,0.0,current_internal_low,internal,0.0,5.0,9216.0009765625,9216.0009765625,9216.0009765625,0.5674377396182434,active_bull_swing_ob,swing,1.0,136.0,9136.0009765625,9160.0009765625,9148.0009765625,0.04364905689371103,9201.0009765625,9208.0009765625,9189.0009765625,9193.0009765625,7706.0,346435.0,0.0,0.0,0.0,0.0,0.0,0.0,,9276.0009765625,20.0,above,1.2221735930239088,9255.0009765625,False,,9216.0009765625,5.0,above,0.5674377396182434,9217.0009765625,True,3.0,9367.0009765625,58.0,above,2.215189637355835,9318.0009765625,False,,9155.0009765625,9.0,below,0.09821037801084982,9136.0009765625,False,,0.0,0.0,-0.00014050601366807913,-4.0,NONE,-0.006966430065754209,-0.006448835788259288,0.0008892993047519064,0.2802749777294752,-0.00014050601366807913,-0.0005620240546723165,,,,9257.492651704835,-0.6966430065754209,-0.09780481465849755,0.2613362034228255,,78.0,-1.0,5536.0,5539.0,2025-08-19 09:00:00,2025-08-19 09:45:00,9193.0009765625,9193.0009765625,4.0,0.0,0.0,77.0,1.0,5499.0,5535.0,2025-08-18 09:00:00,2025-08-19 02:15:00,9244.0009765625,9225.0009765625,37.0,-0.20553870610975356,-0.005555100165128475,59233.0,,14808.25,,252405.0,0.0,6821.756756756757,0.0,2.170738495671639,,0.2346744319645015,,0.0,0.0,100.0,True,True,,,,,0.0,0.0,,,,,0.0,0.0,0.13790075200409962,15.187833016022967,
AG:15m:0:1:5371:5403:2,AG,1h,1648.0,2025-08-19 10:00:00,5.0,1.0,-1.0,CHoCH,1.0,9075.0009765625,294.0,CHoCH,-1.0,9304.0009765625,30.0,15.0,3.0,2.0,0.0,current_internal_high,internal,0.0,1.0,9276.0009765625,9276.0009765625,9276.0009765625,1.2221735930239088,current_internal_low,internal,0.0,12.0,9155.0009765625,9155.0009765625,9155.0009765625,0.09821037801084982,9234.0009765625,9239.0009765625,9181.0009765625,9193.0009765625,59233.0,346435.0,1.0,1.0,1.0,0.0,1.0,0.0,active_bull_internal_ob,9276.0009765625,1.0,above,1.2221735930239088,9367.0009765625,False,,9155.0009765625,12.0,below,0.09821037801084982,9304.0009765625,False,,9526.0009765625,157.0,above,3.950239648880848,9075.0009765625,False,,8885.0009765625,82.0,below,3.044521718336344,8563.0009765625,False,,0.0,0.0,0.00029367542118524106,40.0,NONE,-0.00853902308002215,-0.004299751648383412,0.010066233686665538,0.3368272331637905,0.00029367542118524106,0.011747016847409641,-0.0008337066201263843,-0.0014069706312882513,-0.0043372786859127155,9272.1763040246,-0.853902308002215,-0.34688343211345396,1.8304545824004423,,25.0,1.0,1609.0,1648.0,2025-08-13 21:00:00,2025-08-19 09:00:00,9311.0009765625,9193.0009765625,40.0,-1.2673180928347794,-0.031682952320869484,24.0,-1.0,1599.0,1608.0,2025-08-12 22:00:00,2025-08-13 14:00:00,9148.0009765625,9300.0009765625,10.0,1.661565192105141,0.1661565192105141,1252546.0,,31313.65,,346986.0,0.0,34698.6,0.0,0.9024470727925623,,3.609788291170249,,40.0,20.0,40.0,True,True,,,2025-08-14 10:00:00,9353.0009765625,0.0,1.0,2025-08-16 02:00:00,9217.0009765625,2025-08-19 09:00:00,9193.0009765625,1.0,2.0,2.3411197924536324,26.562656235848372,4.0
AG:15m:0:1:5371:5403:2,AG,4h,599.0,2025-08-19 02:30:00,455.0,1.0,1.0,BOS,1.0,9075.0009765625,105.0,BOS,1.0,9318.0009765625,11.0,8.0,1.0,2.0,0.0,current_internal_high,internal,0.0,6.0,9367.0009765625,9367.0009765625,9367.0009765625,2.215189637355835,current_internal_low,internal,0.0,0.0,9155.0009765625,9155.0009765625,9155.0009765625,0.09821037801084982,9232.0009765625,9233.0009765625,9216.0009765625,9225.0009765625,30379.0,351437.0,1.0,1.0,1.0,0.0,1.0,0.0,active_bull_internal_ob,9367.0009765625,6.0,above,2.215189637355835,9318.0009765625,False,,9155.0009765625,0.0,below,0.09821037801084982,9136.0009765625,False,,9526.0009765625,25.0,above,3.950239648880848,9075.0009765625,False,,8563.0009765625,107.0,below,6.558270798280081,7944.0,False,,0.0,0.0,0.00035845383994641863,14.0,NONE,0.010761567141984809,0.015014980774913655,0.006341216924213859,0.2511877731373975,0.00035845383994641863,0.005018353759249861,0.0012670042846145702,0.003278921311616223,,9126.782493963421,1.076156714198481,-0.08664571811817234,-0.93101464990246,,11.0,1.0,586.0,599.0,2025-08-13 21:00:00,2025-08-19 00:00:00,9317.0009765625,9225.0009765625,14.0,-0.9874422062574828,-0.07053158616124877,10.0,-1.0,546.0,585.0,2025-07-30 21:00:00,2025-08-13 13:30:00,9094.0009765625,9300.0009765625,40.0,2.2652295786080634,0.056630739465201585,1193313.0,,85236.64285714286,,4728118.0,0.0,118202.95,0.0,0.7211041928914875,,0.25238646751202065,,28.57142857142857,71.42857142857143,0.0,True,False,,,,,0.0,0.0,2025-08-18 13:30:00,9258.0009765625,2025-08-18 21:00:00,9233.0009765625,1.0,2.0,0.4223260102209705,45.60377712419315,
AG:15m:0:1:5371:5403:3,AG,5m,16671.0,2025-08-19 22:35:00,0.0,-1.0,-1.0,BOS,-1.0,9160.0009765625,0.0,CHoCH,-1.0,9178.0009765625,1.0,39.0,9.0,17.0,4.0,current_swing_low,swing,0.0,1.0,9160.0009765625,9160.0009765625,9160.0009765625,0.10928960582206222,active_bull_internal_ob,internal,1.0,1113.0,9101.0009765625,9109.0009765625,9105.0009765625,0.4480873838704551,9178.0009765625,9181.0009765625,9148.0009765625,9150.0009765625,19033.0,333032.0,2.0,2.0,2.0,0.0,1.0,1.0,active_bull_internal_ob|active_bull_swing_ob,9215.0009765625,5.0,above,0.7103824378434045,9218.0009765625,False,,9178.0009765625,11.0,above,0.3060108963017742,9177.0009765625,True,1.0,9276.0009765625,79.0,above,1.377049033357984,9226.0009765625,False,,9160.0009765625,1.0,above,0.10928960582206222,9155.0009765625,True,0.0,-1.0,-1.0,-8.033858090559232e-05,-95.0,DOWN_CONFIRMED,-0.004758554622227072,-0.0026284939799308244,0.0014879413648410103,0.07613649890156582,-8.033858090559232e-05,-0.00763216518603127,-0.0009066108242768989,-0.000963427256028826,-0.001024532641773046,9193.749937824736,-0.4758554622227072,-0.29421376404945576,2.0538296128182547,,226.0,-1.0,16577.0,16671.0,2025-08-18 23:55:00,2025-08-19 22:30:00,9233.0009765625,9150.0009765625,95.0,-0.8989493254759839,-0.009462624478694568,225.0,1.0,16496.0,16576.0,2025-08-16 02:25:00,2025-08-18 23:50:00,9217.0009765625,9231.0009765625,81.0,0.15189322465734012,0.001875224995769631,305615.0,,3217.0,,223746.0,0.0,2762.296296296296,0.0,1.1646107639913117,,1.3659015133231431,,9.473684210526317,52.63157894736842,37.89473684210527,True,True,2025-08-19 21:35:00,9211.0009765625,2025-08-19 21:45:00,9196.0009765625,2.0,2.0,2025-08-19 22:05:00,9202.0009765625,2025-08-19 22:10:00,9188.0009765625,8.0,8.0,0.5660813287767809,12.059524105032576,
AG:15m:0:1:5371:5403:3,AG,15m,5556.0,2025-08-19 22:30:00,5.0,1.0,-1.0,BOS,1.0,9318.0009765625,153.0,CHoCH,-1.0,9216.0009765625,20.0,20.0,3.0,10.0,0.0,current_swing_low,swing,0.0,26.0,9155.0009765625,9155.0009765625,9155.0009765625,0.05464480291103111,active_bull_internal_ob,internal,1.0,375.0,9071.0009765625,9093.0009765625,9082.0009765625,0.6229507531857547,9188.0009765625,9192.0009765625,9175.0009765625,9177.0009765625,13706.0,331262.0,1.0,1.0,1.0,0.0,0.0,1.0,active_bull_swing_ob,9218.0009765625,0.0,above,0.7431693195900231,9212.0009765625,False,,9177.0009765625,2.0,above,0.29508193571956803,9160.0009765625,False,,9367.0009765625,75.0,above,2.3715844463387503,9318.0009765625,False,,9155.0009765625,26.0,above,0.05464480291103111,9136.0009765625,False,,0.0,0.0,-0.0001724046760345739,-21.0,NONE,-0.005651861568431876,-0.005674347560826826,0.0013348637632087138,0.5067199283546003,-0.0001724046760345739,-0.003620498196726052,-0.0006822037686761151,-0.0019092093231807272,-0.003620498196726052,9229.16292782306,-0.5651861568431876,-0.1197213629826499,0.2633310459895012,,78.0,-1.0,5536.0,5556.0,2025-08-19 09:00:00,2025-08-19 22:15:00,9193.0009765625,9177.0009765625,21.0,-0.1740454508902145,-0.008287878613819738,77.0,1.0,5499.0,5535.0,2025-08-18 09:00:00,2025-08-19 02:15:00,9244.0009765625,9225.0009765625,37.0,-0.20553870610975356,-0.005555100165128475,253268.0,,12060.380952380952,,252405.0,0.0,6821.756756756757,0.0,1.7679289048873645,,1.003419108179315,,0.0,38.095238095238095,61.904761904761905,True,True,,,,,0.0,0.0,2025-08-19 21:30:00,9209.0009765625,2025-08-19 21:45:00,9194.0009765625,2.0,2.0,0.23524532977571203,16.7532308977558,
AG:15m:0:1:5371:5403:3,AG,1h,1653.0,2025-08-19 22:00:00,35.0,1.0,-1.0,CHoCH,1.0,9075.0009765625,299.0,CHoCH,-1.0,9304.0009765625,35.0,15.0,3.0,2.0,0.0,current_internal_low,internal,0.0,17.0,9155.0009765625,9155.0009765625,9155.0009765625,0.05464480291103111,active_bull_internal_ob,internal,1.0,112.0,9052.0009765625,9097.0009765625,9074.5009765625,0.5792349108569297,9208.0,9218.0009765625,9178.0009765625,9194.0009765625,82438.0,329813.0,1.0,1.0,1.0,0.0,1.0,0.0,active_bull_internal_ob,9276.0009765625,6.0,above,1.377049033357984,9367.0009765625,False,,9155.0009765625,17.0,above,0.05464480291103111,9304.0009765625,False,,9526.0009765625,162.0,above,4.109289178909539,9075.0009765625,False,,8885.0009765625,87.0,below,2.8961745542846487,8563.0009765625,False,,0.0,0.0,0.00022601559042657963,45.0,NONE,-0.006883885449340401,-0.0046791319340000566,0.009553741708591404,0.4087452585826918,0.00022601559042657963,0.010170701569196083,-0.0015580132700815374,-0.0023904209642303664,-0.0036834793332944926,9257.730130300395,-0.6883885449340401,0.0761946147372683,2.78050421060483,,25.0,1.0,1609.0,1653.0,2025-08-13 21:00:00,2025-08-19 21:00:00,9311.0009765625,9194.0009765625,45.0,-1.2565781089971972,-0.027923957977715495,24.0,-1.0,1599.0,1608.0,2025-08-12 22:00:00,2025-08-13 14:00:00,9148.0009765625,9300.0009765625,10.0,1.661565192105141,0.1661565192105141,1424561.0,,31656.911111111112,,346986.0,0.0,34698.6,0.0,0.9123397229603244,,4.10552875332146,,35.55555555555556,28.888888888888886,35.55555555555556,True,True,,,2025-08-14 10:00:00,9353.0009765625,0.0,1.0,2025-08-16 02:00:00,9217.0009765625,2025-08-19 09:00:00,9193.0009765625,1.0,2.0,2.0417765182406775,26.767954427055784,4.0
AG:15m:0:1:5371:5403:3,AG,4h,601.0,2025-08-19 15:00:00,455.0,1.0,1.0,BOS,1.0,9075.0009765625,107.0,BOS,1.0,9318.0009765625,13.0,8.0,1.0,2.0,0.0,current_internal_low,internal,0.0,2.0,9155.0009765625,9155.0009765625,9155.0009765625,0.05464480291103111,active_bull_internal_ob,internal,1.0,32.0,8885.0009765625,8934.0009765625,8909.5009765625,2.3606554857565443,9208.0009765625,9212.0009765625,9177.0009765625,9187.0009765625,43032.0,342500.0,1.0,1.0,1.0,0.0,1.0,0.0,active_bull_internal_ob,9367.0009765625,8.0,above,2.3715844463387503,9318.0009765625,False,,9155.0009765625,2.0,above,0.05464480291103111,9136.0009765625,False,,9526.0009765625,27.0,above,4.109289178909539,9075.0009765625,False,,8563.0009765625,109.0,below,6.415299861755052,7944.0,False,,0.0,0.0,0.0003397811618533475,16.0,NONE,0.006179369020838717,0.014033669285229847,0.006484347799509321,0.11289584404535885,0.0003397811618533475,0.00543649858965356,0.001194132287536842,0.0024774775931160065,,9130.57975488288,0.6179369020838716,-0.18470228374909414,-0.7523835773646138,,11.0,1.0,586.0,601.0,2025-08-13 21:00:00,2025-08-19 13:30:00,9317.0009765625,9187.0009765625,16.0,-1.3952987697116614,-0.08720617310697884,10.0,-1.0,546.0,585.0,2025-07-30 21:00:00,2025-08-13 13:30:00,9094.0009765625,9300.0009765625,40.0,2.2652295786080634,0.056630739465201585,1342123.0,,83882.6875,,4728118.0,0.0,118202.95,0.0,0.709649695714024,,0.2838598782856096,,25.0,75.0,0.0,True,False,,,,,0.0,0.0,2025-08-18 13:30:00,9258.0009765625,2025-08-18 21:00:00,9233.0009765625,1.0,2.0,0.46205647772631825,47.06142007137062,
AG:15m:1:1:5413:5419:1,AG,5m,16264.0,2025-08-14 01:40:00,0.0,1.0,1.0,CHoCH,1.0,9218.0009765625,95.0,CHoCH,1.0,9321.0009765625,7.0,42.0,5.0,17.0,2.0,current_swing_high,swing,0.0,5.0,9342.0009765625,9342.0009765625,9342.0009765625,0.20379703968459226,current_internal_high,internal,0.0,12.0,9321.0009765625,9321.0009765625,9321.0009765625,0.021452319966799183,9324.0009765625,9325.0009765625,9320.0009765625,9323.0009765625,1375.0,375778.0,1.0,1.0,0.0,1.0,1.0,0.0,active_bear_internal_ob,9321.0009765625,12.0,below,0.021452319966799183,9322.0009765625,True,7.0,9313.0009765625,6.0,below,0.10726159983399591,9313.0009765625,False,,9342.0009765625,5.0,above,0.20379703968459226,9218.0009765625,False,,9293.0009765625,2.0,below,0.32178479950198774,9136.0009765625,False,,1.0,1.0,0.00014864936435240528,99.0,UP_CONFIRMED,0.0020913489391378047,0.004094118572337738,0.0017112862203423897,0.12093409313277292,0.00014864936435240528,0.014716287070888123,0.00023857956727280083,0.0004258227780995494,0.0005834743884181037,9303.54401964679,0.20913489391378046,-0.010725009601708635,0.7398511106117506,,221.0,1.0,16166.0,16264.0,2025-08-13 09:10:00,2025-08-14 01:35:00,9215.0009765625,9323.0009765625,99.0,1.1720020461711167,0.011838404506778956,220.0,-1.0,16104.0,16165.0,2025-08-12 21:30:00,2025-08-13 09:05:00,9167.0009765625,9201.0009765625,62.0,0.37089556428464565,0.005982186520720091,339458.0,,3428.868686868687,,209391.0,0.0,3377.2741935483873,0.0,1.0152769631257244,,1.6211680540233344,,51.515151515151516,48.484848484848484,0.0,True,False,,,,,0.0,0.0,2025-08-14 00:45:00,9317.0009765625,2025-08-14 00:40:00,9315.0009765625,11.0,11.0,0.41798648234197255,5.571095665594219,
AG:15m:1:1:5413:5419:1,AG,15m,5420.0,2025-08-14 01:30:00,10.0,1.0,1.0,BOS,1.0,9318.0009765625,17.0,BOS,1.0,9322.0009765625,1.0,23.0,2.0,10.0,0.0,active_bear_internal_ob,internal,-1.0,498.0,9383.0009765625,9397.0009765625,9390.0009765625,0.6435695990039755,active_bull_internal_ob,internal,1.0,1.0,9309.0009765625,9322.0009765625,9315.5009765625,0.010726159983399592,9325.0009765625,9334.0009765625,9325.0009765625,9327.0009765625,4131.0,376097.0,0.0,0.0,0.0,0.0,0.0,0.0,,9322.0009765625,2.0,below,0.010726159983399592,9336.0009765625,True,1.0,9307.0009765625,3.0,below,0.17161855973439347,9293.0009765625,False,,9318.0009765625,112.0,below,0.05363079991699796,9256.0009765625,True,17.0,8885.0009765625,275.0,below,4.698058072729021,9123.0009765625,False,,0.0,0.0,0.00027897811756503327,32.0,NONE,0.01010508858067058,0.010502767729230087,0.0014005652359707682,0.38822745444088186,0.00027897811756503327,0.008927299762081065,0.00042034401782498065,0.0012256356662501133,0.0055756025757400796,9233.693683959313,1.010508858067058,0.021447718933509385,-0.7059166227316395,,75.0,1.0,5389.0,5420.0,2025-08-13 09:15:00,2025-08-14 01:15:00,9224.0009765625,9327.0009765625,32.0,1.1166520933997726,0.03489537791874289,74.0,-1.0,5312.0,5388.0,2025-08-09 02:00:00,2025-08-13 09:00:00,9264.0009765625,9215.0009765625,77.0,-0.5289291324986678,-0.006869209512969711,332364.0,,10386.375,,758270.0,0.0,9847.662337662337,0.0,1.054704623682857,,0.4383188046474211,,100.0,0.0,0.0,False,False,,,,,0.0,0.0,,,,,0.0,0.0,0.13335201463828217,12.822578287973595,
AG:15m:1:1:5413:5419:1,AG,1h,1612.0,2025-08-14 01:00:00,40.0,1.0,1.0,CHoCH,1.0,9075.0009765625,258.0,CHoCH,1.0,9218.0009765625,8.0,15.0,2.0,2.0,0.0,active_bear_internal_ob,internal,-1.0,145.0,9399.0009765625,9447.0009765625,9423.0009765625,0.815188158738369,current_internal_high,internal,0.0,11.0,9218.0009765625,9218.0009765625,9218.0009765625,1.126246798256957,9316.0009765625,9321.0009765625,9313.0009765625,9320.0009765625,8891.0,375643.0,0.0,0.0,0.0,0.0,0.0,0.0,,9218.0009765625,11.0,below,1.126246798256957,9293.0009765625,True,8.0,9136.0009765625,8.0,below,2.0057919168957237,9140.0009765625,False,,9526.0009765625,121.0,above,2.177410476630117,9075.0009765625,False,,8885.0009765625,46.0,below,4.698058072729021,8563.0009765625,False,,0.0,0.0,0.00024306629889397913,4.0,NONE,0.015977675885950164,0.016122047201639282,0.0003849185280190561,0.3538042778252413,0.00024306629889397913,0.0009722651955759165,,,,9173.43087133809,1.5977675885950164,0.03219920237795826,-1.0566284386056544,,25.0,1.0,1609.0,1612.0,2025-08-13 21:00:00,2025-08-14 00:00:00,9311.0009765625,9320.0009765625,4.0,0.09665985453823911,0.024164963634559777,24.0,-1.0,1599.0,1608.0,2025-08-12 22:00:00,2025-08-13 14:00:00,9148.0009765625,9300.0009765625,10.0,1.661565192105141,0.1661565192105141,158547.0,,39636.75,,346986.0,0.0,34698.6,0.0,1.1423155401082465,,0.4569262160432986,,100.0,0.0,0.0,False,False,,,,,0.0,0.0,,,,,0.0,0.0,0.023875288491893125,28.03277909867883,4.0
AG:15m:1:1:5413:5419:1,AG,4h,586.0,2025-08-14 00:00:00,100.0,1.0,1.0,BOS,1.0,9075.0009765625,92.0,CHoCH,1.0,9256.0009765625,17.0,7.0,1.0,2.0,0.0,active_bear_internal_ob,internal,-1.0,52.0,9371.0009765625,9447.0009765625,9409.0009765625,0.5148556792031804,current_internal_high,internal,0.0,11.0,9318.0009765625,9318.0009765625,9318.0009765625,0.05363079991699796,9332.0,9342.0009765625,9293.0009765625,9317.0009765625,149656.0,376070.0,0.0,0.0,0.0,0.0,0.0,0.0,,9318.0009765625,11.0,below,0.05363079991699796,9256.0009765625,False,,8885.0009765625,29.0,below,4.698058072729021,9145.0009765625,False,,9526.0009765625,12.0,above,2.177410476630117,9075.0009765625,False,,8563.0009765625,94.0,below,8.15188158738369,7944.0,False,,0.0,0.0,0.0,1.0,DOWN_BROKEN,0.025964735067531757,0.025964735067531757,0.0,0.5,0.0,0.0,,,,9081.209770771731,2.596473506753176,0.18279567972996347,1.045335447716676,,11.0,1.0,586.0,586.0,2025-08-13 21:00:00,2025-08-13 21:00:00,9317.0009765625,9317.0009765625,1.0,0.0,0.0,10.0,-1.0,546.0,585.0,2025-07-30 21:00:00,2025-08-13 13:30:00,9094.0009765625,9300.0009765625,40.0,2.2652295786080634,0.056630739465201585,149656.0,,149656.0,,4728118.0,0.0,118202.95,0.0,1.2660936127228635,,0.03165234031807159,,100.0,0.0,0.0,False,False,,,,,0.0,0.0,,,,,0.0,0.0,0.0,50.48837556682218,
AG:15m:1:1:5413:5419:2,AG,5m,16302.0,2025-08-14 13:35:00,0.0,1.0,-1.0,BOS,1.0,9342.0009765625,16.0,CHoCH,-1.0,9325.0009765625,0.0,41.0,5.0,17.0,2.0,current_internal_low,internal,0.0,17.0,9325.0009765625,9325.0009765625,9325.0009765625,0.2580367431470802,current_swing_low,swing,0.0,40.0,9293.0009765625,9293.0009765625,9293.0009765625,0.08601224771569341,9315.0009765625,9318.0009765625,9285.0009765625,9301.0009765625,18132.0,372765.0,0.0,0.0,0.0,0.0,0.0,0.0,,9367.0009765625,3.0,above,0.7096010436544705,9349.0009765625,False,,9325.0009765625,17.0,above,0.2580367431470802,9314.0009765625,True,0.0,9342.0009765625,43.0,above,0.44081276954292864,9218.0009765625,True,16.0,9293.0009765625,40.0,below,0.08601224771569341,9136.0009765625,False,,0.0,0.0,0.0,-1.0,UP_TO_DOWN,-0.005228451850264802,-0.005228451850264802,0.0,0.5,0.0,0.0,,,,9349.886407449294,-0.5228451850264803,-0.30013931899401936,3.7668970542397755,,222.0,-1.0,16302.0,16302.0,2025-08-14 13:30:00,2025-08-14 13:30:00,9301.0009765625,9301.0009765625,1.0,0.0,0.0,221.0,1.0,16166.0,16301.0,2025-08-13 09:10:00,2025-08-14 11:25:00,9215.0009765625,9329.0009765625,136.0,1.2371132709583899,0.009096421109988161,18132.0,,18132.0,,440889.0,0.0,3241.830882352941,0.0,5.593135687213789,,0.041125997700101384,,0.0,0.0,100.0,True,True,,,,,0.0,0.0,,,,,0.0,0.0,0.0,11.324914888518888,
AG:15m:1:1:5413:5419:2,AG,15m,5433.0,2025-08-14 11:30:00,125.0,1.0,1.0,BOS,1.0,9318.0009765625,30.0,BOS,1.0,9322.0009765625,14.0,23.0,2.0,10.0,0.0,active_bull_internal_ob,internal,1.0,14.0,9309.0009765625,9322.0009765625,9315.5009765625,0.08601224771569341,active_bull_internal_ob,internal,1.0,34.0,9250.0009765625,9280.0009765625,9265.0009765625,0.2257821502536952,9336.0009765625,9337.0009765625,9327.0009765625,9329.0009765625,6096.0,375559.0,0.0,0.0,0.0,0.0,0.0,0.0,,9322.0009765625,15.0,above,0.2257821502536952,9336.0009765625,True,14.0,9313.0009765625,11.0,above,0.1290183715735401,9307.0009765625,False,,9318.0009765625,125.0,above,0.18277602639584847,9256.0009765625,True,30.0,9136.0009765625,12.0,below,1.7740026091361765,8885.0009765625,False,,0.0,0.0,0.0005148403203840937,45.0,NONE,-0.003740034806667862,0.009455461213889103,0.0035278641536097815,9.187698150708856e-05,0.0005148403203840937,0.023167814417284216,0.012471491014164782,0.013943122509540773,0.014708838662110368,9364.022747568837,-0.3740034806667862,-0.06427423001952315,-0.024311256249414402,,75.0,1.0,5389.0,5433.0,2025-08-13 09:15:00,2025-08-14 11:15:00,9224.0009765625,9329.0009765625,45.0,1.1383346583201392,0.025296325740447538,74.0,-1.0,5312.0,5388.0,2025-08-09 02:00:00,2025-08-13 09:00:00,9264.0009765625,9215.0009765625,77.0,-0.5289291324986678,-0.006869209512969711,435889.0,,9686.422222222222,,758270.0,0.0,9847.662337662337,0.0,0.9836265592877353,,0.5748466904928323,,95.55555555555556,4.444444444444445,0.0,True,True,,,2025-08-14 10:45:00,9353.0009765625,0.0,1.0,,,2025-08-14 11:00:00,9335.0009765625,0.0,1.0,0.37310333930910855,14.50191876881053,
AG:15m:1:1:5413:5419:2,AG,1h,1617.0,2025-08-14 11:30:00,125.0,1.0,1.0,CHoCH,1.0,9075.0009765625,263.0,BOS,1.0,9342.0009765625,2.0,16.0,2.0,2.0,0.0,current_internal_low,internal,0.0,2.0,9304.0009765625,9304.0009765625,9304.0009765625,0.032254592893385024,active_bull_internal_ob,internal,1.0,13.0,9136.0009765625,9175.0009765625,9155.5009765625,1.354692901522171,9353.0009765625,9354.0009765625,9324.0009765625,9329.0009765625,23230.0,375559.0,1.0,1.0,1.0,0.0,1.0,0.0,active_bull_internal_ob,9342.0009765625,3.0,above,0.44081276954292864,9218.0009765625,True,2.0,9304.0009765625,2.0,above,0.032254592893385024,9136.0009765625,False,,9526.0009765625,126.0,above,2.419094467003877,9075.0009765625,False,,8885.0009765625,51.0,below,4.472636881216057,8563.0009765625,False,,0.0,0.0,0.0024402285370073162,9.0,NONE,-0.003928260431350992,0.012032973257734276,0.00791673649245903,0.02189277100731546,0.0024402285370073162,0.021962056833065846,0.020969403815987553,,,9365.792247657226,-0.39282604313509917,-0.25660213294258494,-0.45495177651877994,,25.0,1.0,1609.0,1617.0,2025-08-13 21:00:00,2025-08-14 11:00:00,9311.0009765625,9329.0009765625,9.0,0.19331970907650042,0.021479967675166713,24.0,-1.0,1599.0,1608.0,2025-08-12 22:00:00,2025-08-13 14:00:00,9148.0009765625,9300.0009765625,10.0,1.661565192105141,0.1661565192105141,270424.0,,30047.11111111111,,346986.0,0.0,34698.6,0.0,0.8659459203285179,,0.7793513282956661,,100.0,0.0,0.0,False,True,,,2025-08-14 10:00:00,9353.0009765625,0.0,1.0,,,,,0.0,0.0,0.6579202266048829,26.497823916161725,2.0
AG:15m:1:1:5413:5419:2,AG,4h,588.0,2025-08-14 11:30:00,125.0,1.0,1.0,BOS,1.0,9075.0009765625,94.0,BOS,1.0,9318.0009765625,0.0,8.0,1.0,2.0,0.0,current_internal_high,internal,0.0,13.0,9318.0009765625,9318.0009765625,9318.0009765625,0.18277602639584847,active_bull_internal_ob,internal,1.0,0.0,9136.0009765625,9215.0009765625,9175.5009765625,0.9246316629437041,9336.0009765625,9367.0009765625,9324.0009765625,9329.0009765625,94505.0,375559.0,0.0,0.0,0.0,0.0,0.0,0.0,,9318.0009765625,13.0,above,0.18277602639584847,9256.0009765625,True,0.0,9136.0009765625,1.0,below,1.7740026091361765,8885.0009765625,False,,9526.0009765625,14.0,above,2.419094467003877,9075.0009765625,False,,8563.0009765625,96.0,below,7.9346298517727165,7944.0,False,,0.0,0.0,0.0003788544782438545,3.0,NONE,0.026119894561206534,0.025973018973661683,0.00011668863908542979,0.8959300211458371,0.0003788544782438545,0.0011365634347315634,,,,9091.531141740317,2.6119894561206536,0.11805107155138383,0.03634144240922027,,11.0,1.0,586.0,588.0,2025-08-13 21:00:00,2025-08-14 09:00:00,9317.0009765625,9329.0009765625,3.0,0.12879680951185524,0.04293226983728508,10.0,-1.0,546.0,585.0,2025-07-30 21:00:00,2025-08-13 13:30:00,9094.0009765625,9300.0009765625,40.0,2.2652295786080634,0.056630739465201585,270424.0,,90141.33333333333,,4728118.0,0.0,118202.95,0.0,0.7625980005857158,,0.057194850043928686,,100.0,0.0,0.0,False,False,,,,,0.0,0.0,,,,,0.0,0.0,0.004492686784072333,48.42620138159668,
AG:15m:1:-1:5431:5434:1,AG,5m,17002.0,2025-08-22 22:25:00,0.0,1.0,1.0,CHoCH,1.0,9254.0009765625,3.0,CHoCH,1.0,9218.0009765625,4.0,39.0,5.0,17.0,3.0,active_bear_internal_ob,internal,-1.0,700.0,9351.0009765625,9367.0009765625,9359.0009765625,0.18212982881281756,current_swing_high,swing,0.0,58.0,9254.0009765625,9254.0009765625,9254.0009765625,0.8570815473544355,9344.0009765625,9355.0009765625,9320.0009765625,9334.0009765625,31148.0,318859.0,0.0,0.0,0.0,0.0,0.0,0.0,,9218.0009765625,25.0,below,1.2427682436639316,9250.0009765625,True,4.0,9155.0009765625,11.0,below,1.9177199622055496,9200.0009765625,False,,9254.0009765625,58.0,below,0.8570815473544355,9177.0009765625,True,3.0,9221.0009765625,50.0,below,1.2106276856381402,9153.0009765625,True,36.0,0.0,0.0,0.0008873930151753751,5.0,NONE,0.013647083851025884,0.012744159827341348,0.002260106957599288,0.6552394288051842,0.0008873930151753751,0.004436965075876875,,,,9208.334069389286,1.3647083851025885,-0.09632879224327207,1.6898527760163164,,233.0,1.0,16998.0,17002.0,2025-08-22 22:00:00,2025-08-22 22:20:00,9253.0009765625,9334.0009765625,5.0,0.8753916724441035,0.1750783344888207,232.0,-1.0,16961.0,16997.0,2025-08-22 10:55:00,2025-08-22 21:55:00,9230.0009765625,9196.0009765625,37.0,-0.36836399136180864,-0.009955783550319152,154383.0,,30876.6,,128373.0,0.0,3469.5405405405404,0.0,8.899333972096937,,1.2026126989320185,,100.0,0.0,0.0,False,False,,,,,0.0,0.0,,,,,0.0,0.0,0.17734452394032674,20.29148222007188,
AG:15m:1:-1:5431:5434:1,AG,15m,5666.0,2025-08-22 22:15:00,10.0,1.0,-1.0,CHoCH,1.0,9276.0009765625,0.0,CHoCH,-1.0,9231.0009765625,13.0,19.0,3.0,10.0,0.0,active_bear_internal_ob,internal,-1.0,232.0,9350.0009765625,9367.0009765625,9358.5009765625,0.1714163094708871,current_swing_high,swing,0.0,102.0,9276.0009765625,9276.0009765625,9276.0009765625,0.6213841218319658,9197.0009765625,9314.0009765625,9197.0009765625,9311.0009765625,89565.0,312290.0,0.0,0.0,0.0,0.0,0.0,0.0,,9241.0009765625,20.0,below,0.9963572987995313,9247.0009765625,True,19.0,9231.0009765625,22.0,below,1.1034924922188358,9221.0009765625,True,13.0,9276.0009765625,102.0,below,0.6213841218319658,9367.0009765625,True,0.0,9031.0009765625,34.0,below,3.246196360604925,9155.0009765625,False,,0.0,0.0,0.0,1.0,DOWN_BROKEN,0.015203879111754996,0.015203879111754996,0.0,0.5,0.0,0.0,,,,9171.55772169536,1.5203879111754997,1.250543581857988,4.222787819303476,,81.0,1.0,5666.0,5666.0,2025-08-22 22:00:00,2025-08-22 22:00:00,9311.0009765625,9311.0009765625,1.0,0.0,0.0,80.0,-1.0,5662.0,5665.0,2025-08-22 21:00:00,2025-08-22 21:45:00,9173.0009765625,9196.0009765625,4.0,0.25073582853383236,0.06268395713345809,89565.0,,89565.0,,52910.0,0.0,13227.5,0.0,6.7711207711207715,,1.6927801927801929,,100.0,0.0,0.0,True,False,,,,,0.0,0.0,,,,,0.0,0.0,0.0,23.241011683050004,
AG:15m:1:-1:5431:5434:1,AG,1h,1686.0,2025-08-22 22:00:00,25.0,1.0,-1.0,CHoCH,1.0,9075.0009765625,332.0,BOS,-1.0,9221.0009765625,2.0,13.0,5.0,2.0,0.0,active_bear_internal_ob,internal,-1.0,68.0,9341.0009765625,9367.0009765625,9354.0009765625,0.07499463539351311,active_bear_internal_ob,internal,-1.0,32.0,9237.0009765625,9276.0009765625,9256.5009765625,0.6213841218319658,9168.0,9204.0009765625,9155.0009765625,9196.0009765625,52910.0,301676.0,0.0,0.0,0.0,0.0,0.0,0.0,,9254.0009765625,5.0,below,0.8570815473544355,9276.0009765625,False,,9221.0009765625,4.0,below,1.2106276856381402,9031.0009765625,True,2.0,9367.0009765625,20.0,above,0.3535461382837046,9526.0009765625,False,,8885.0009765625,120.0,below,4.81037018452677,8563.0009765625,False,,0.0,0.0,-0.00037820786799886043,-33.0,NONE,0.007718501705369926,0.004510885670956106,0.012315480683677,0.6027431977388523,-0.00037820786799886043,-0.012480859643962394,0.001671098946850913,0.0033190243195264646,0.0076475670668485485,9125.5652853451,0.7718501705369926,0.04351609633417297,1.41631354963313,,26.0,-1.0,1654.0,1686.0,2025-08-19 22:00:00,2025-08-22 21:00:00,9098.0009765625,9196.0009765625,33.0,1.0771596997237065,0.0326412030219305,25.0,1.0,1609.0,1653.0,2025-08-13 21:00:00,2025-08-19 21:00:00,9311.0009765625,9194.0009765625,45.0,-1.2565781089971972,-0.027923957977715495,1114398.0,,33769.63636363636,,1424561.0,0.0,31656.911111111112,0.0,1.0667381996022889,,0.7822746797083452,,60.60606060606061,9.090909090909092,30.303030303030305,True,False,2025-08-20 13:30:00,9055.0009765625,,,1.0,0.0,2025-08-20 21:00:00,9157.0009765625,2025-08-22 14:00:00,9192.0009765625,1.0,1.0,2.7301691024828547,26.812790161486813,4.0
AG:15m:1:-1:5431:5434:1,AG,4h,613.0,2025-08-22 15:00:00,445.0,1.0,-1.0,BOS,1.0,9075.0009765625,119.0,CHoCH,-1.0,9155.0009765625,11.0,7.0,2.0,2.0,0.0,active_bear_internal_ob,internal,-1.0,79.0,9371.0009765625,9447.0009765625,9409.0009765625,0.39640021565142647,active_bear_internal_ob,internal,-1.0,11.0,9225.0009765625,9276.0009765625,9250.5009765625,0.6213841218319658,9221.0009765625,9221.0009765625,9178.0009765625,9192.0009765625,60679.0,303690.0,0.0,0.0,0.0,0.0,0.0,0.0,,9276.0009765625,10.0,below,0.6213841218319658,9367.0009765625,False,,9031.0009765625,3.0,below,3.246196360604925,9155.0009765625,False,,9526.0009765625,39.0,above,2.0569957136506454,9075.0009765625,False,,8885.0009765625,11.0,below,4.81037018452677,8563.0009765625,False,,0.0,0.0,0.00022611347761061377,28.0,NONE,0.005831948702314877,0.00890131094871612,0.009029716602492816,0.366959180544788,0.00022611347761061377,0.006331177373097185,0.0011823909737154192,0.0010525298551589124,0.002982741302556491,9138.70452059279,0.5831948702314877,-0.3577235393670053,-0.3906073445435355,,11.0,1.0,586.0,613.0,2025-08-13 21:00:00,2025-08-22 13:30:00,9317.0009765625,9192.0009765625,28.0,-1.341633432415057,-0.04791547972910918,10.0,-1.0,546.0,585.0,2025-07-30 21:00:00,2025-08-13 13:30:00,9094.0009765625,9300.0009765625,40.0,2.2652295786080634,0.056630739465201585,2486049.0,,88787.46428571429,,4728118.0,0.0,118202.95,0.0,0.7511442335890457,,0.525800963512332,,28.57142857142857,57.14285714285714,14.285714285714285,False,False,2025-08-20 21:00:00,9160.0009765625,2025-08-19 21:00:00,9092.0009765625,1.0,1.0,2025-08-20 21:00:00,9160.0009765625,2025-08-18 21:00:00,9233.0009765625,2.0,2.0,1.0144254767097218,48.7603975129299,
AG:15m:1:1:5463:5471:1,AG,5m,16431.0,2025-08-15 21:05:00,0.0,1.0,-1.0,CHoCH,1.0,9226.0009765625,16.0,CHoCH,-1.0,9200.0009765625,0.0,39.0,8.0,18.0,3.0,current_internal_low,internal,0.0,5.0,9200.0009765625,9200.0009765625,9200.0009765625,0.21786490057094857,current_swing_low,swing,0.0,47.0,9167.0009765625,9167.0009765625,9167.0009765625,0.14161218537111658,9176.0,9192.0009765625,9176.0,9180.0009765625,12472.0,346278.0,1.0,1.0,1.0,0.0,0.0,1.0,active_bull_swing_ob,9232.0009765625,10.0,above,0.5664487414844663,9206.0009765625,False,,9200.0009765625,5.0,above,0.21786490057094857,9178.0009765625,True,0.0,9226.0009765625,43.0,above,0.5010892713131818,9367.0009765625,True,16.0,9167.0009765625,47.0,below,0.14161218537111658,9293.0009765625,False,,0.0,0.0,0.000253182841781096,19.0,NONE,-0.004380687182749729,-0.0010534386134322402,0.0027692894734294054,0.11478234433518786,0.000253182841781096,0.004810473993840825,-0.0008165370358778068,-0.0010034034198195263,,9220.392632387118,-0.4380687182749729,-0.2607561652928414,3.5368739226949732,,223.0,1.0,16413.0,16431.0,2025-08-15 13:30:00,2025-08-15 21:00:00,9219.0009765625,9180.0009765625,19.0,-0.4230393303911062,-0.02226522791532138,222.0,-1.0,16302.0,16412.0,2025-08-14 13:30:00,2025-08-15 11:25:00,9301.0009765625,9204.0009765625,111.0,-1.0428985035527805,-0.009395482013989013,59643.0,,3139.1052631578946,,453072.0,0.0,4081.7297297297296,0.0,0.7690624982575094,,0.13164132853056468,,31.57894736842105,26.31578947368421,42.10526315789473,True,True,,,2025-08-15 13:45:00,9226.0009765625,0.0,1.0,,,2025-08-15 14:00:00,9213.0009765625,0.0,1.0,2.628809536805092,8.522187153699381,
AG:15m:1:1:5463:5471:1,AG,15m,5476.0,2025-08-15 15:00:00,365.0,1.0,1.0,BOS,1.0,9318.0009765625,73.0,CHoCH,1.0,9226.0009765625,5.0,21.0,3.0,10.0,0.0,current_internal_high,internal,0.0,25.0,9226.0009765625,9226.0009765625,9226.0009765625,0.5010892713131818,current_internal_low,internal,0.0,18.0,9178.0009765625,9178.0009765625,9178.0009765625,0.02178649005709486,9208.0009765625,9213.0009765625,9201.0009765625,9204.0009765625,7538.0,346128.0,1.0,1.0,1.0,0.0,1.0,0.0,active_bull_internal_ob,9226.0009765625,25.0,above,0.5010892713131818,9367.0009765625,True,5.0,9178.0009765625,18.0,below,0.02178649005709486,9167.0009765625,False,,9318.0009765625,168.0,above,1.5032678139395452,9256.0009765625,True,73.0,9136.0009765625,55.0,below,0.47930278125608694,8885.0009765625,False,,0.0,0.0,-0.00024849806654141874,-36.0,NONE,-0.0045706405557292005,-0.007346318031745054,0.002098636189591049,0.9070174675374865,-0.00024849806654141874,-0.008945930395491075,-0.00047097321002009807,-0.001075275776661444,-0.0024546530485926032,9246.26231810253,-0.45706405557292007,-0.03258390009555079,0.3248874663199803,,76.0,-1.0,5441.0,5476.0,2025-08-14 21:15:00,2025-08-15 14:45:00,9244.0009765625,9204.0009765625,36.0,-0.43271306549422794,-0.012019807374839665,75.0,1.0,5389.0,5440.0,2025-08-13 09:15:00,2025-08-14 21:00:00,9224.0009765625,9237.0009765625,52.0,0.1409366719824945,0.002710320615047971,382717.0,,10631.027777777777,,553415.0,0.0,10642.596153846154,0.0,0.9989130118345987,,0.6915551620393375,,0.0,66.66666666666666,33.33333333333333,True,True,,,,,0.0,0.0,2025-08-15 13:30:00,9230.0009765625,2025-08-15 14:00:00,9207.0009765625,2.0,2.0,0.2856718400322966,14.969222013074416,
AG:15m:1:1:5463:5471:1,AG,1h,1630.0,2025-08-15 15:00:00,365.0,1.0,-1.0,CHoCH,1.0,9075.0009765625,276.0,CHoCH,-1.0,9304.0009765625,12.0,15.0,3.0,2.0,0.0,current_internal_low,internal,0.0,15.0,9304.0009765625,9304.0009765625,9304.0009765625,1.3507623835398812,active_bull_internal_ob,internal,1.0,26.0,9136.0009765625,9175.0009765625,9155.5009765625,0.05446622514273714,9219.0009765625,9220.0009765625,9200.0009765625,9204.0009765625,24764.0,346128.0,0.0,0.0,0.0,0.0,0.0,0.0,,9367.0009765625,9.0,above,2.0370368203383693,9342.0009765625,False,,9304.0009765625,15.0,above,1.3507623835398812,9136.0009765625,True,12.0,9526.0009765625,139.0,above,3.7690627798774106,9075.0009765625,False,,8885.0009765625,64.0,below,3.213507283421492,8563.0009765625,False,,0.0,0.0,0.0007112285708233967,22.0,NONE,-0.01116437256732843,-0.002100524360998522,0.012925288056244853,0.24157374803493348,0.0007112285708233967,0.01564702855811473,-0.0013521773155761307,-0.004119038405121622,0.015124827910357075,9307.91804140288,-1.1164372567328429,-0.1627074347658075,-0.2680321592834749,,25.0,1.0,1609.0,1630.0,2025-08-13 21:00:00,2025-08-15 14:00:00,9311.0009765625,9204.0009765625,22.0,-1.149178270621376,-0.05223537593733527,24.0,-1.0,1599.0,1608.0,2025-08-12 22:00:00,2025-08-13 14:00:00,9148.0009765625,9300.0009765625,10.0,1.661565192105141,0.1661565192105141,770667.0,,35030.318181818184,,346986.0,0.0,34698.6,0.0,1.009559987487051,,2.2210319724715117,,40.909090909090914,9.090909090909092,50.0,True,True,,,2025-08-14 10:00:00,9353.0009765625,0.0,1.0,,,2025-08-14 13:30:00,9298.0009765625,0.0,1.0,6.153362606135443,28.473405852581546,4.0
AG:15m:1:1:5463:5471:1,AG,4h,593.0,2025-08-15 15:00:00,365.0,1.0,1.0,BOS,1.0,9075.0009765625,99.0,BOS,1.0,9318.0009765625,5.0,8.0,1.0,2.0,0.0,current_internal_high,internal,0.0,0.0,9367.0009765625,9367.0009765625,9367.0009765625,2.0370368203383693,current_internal_low,internal,0.0,6.0,9136.0009765625,9136.0009765625,9136.0009765625,0.47930278125608694,9212.0009765625,9232.0009765625,9200.0009765625,9204.0009765625,47171.0,346128.0,1.0,1.0,1.0,0.0,1.0,0.0,active_bull_internal_ob,9367.0009765625,0.0,above,2.0370368203383693,9318.0009765625,False,,9136.0009765625,6.0,below,0.47930278125608694,8885.0009765625,False,,9526.0009765625,19.0,above,3.7690627798774106,9075.0009765625,False,,8563.0009765625,101.0,below,6.721132182613763,7944.0,False,,0.0,0.0,0.0004173097816957405,8.0,NONE,0.010149098225276423,0.01752375030011697,0.007336188728759988,0.15738993674183482,0.0004173097816957405,0.003338478253565924,0.002199415044117581,,,9111.527192107524,1.0149098225276423,0.0,-0.77082974914048,,11.0,1.0,586.0,593.0,2025-08-13 21:00:00,2025-08-15 13:30:00,9317.0009765625,9204.0009765625,8.0,-1.2128366229032128,-0.1516045778629016,10.0,-1.0,546.0,585.0,2025-07-30 21:00:00,2025-08-13 13:30:00,9094.0009765625,9300.0009765625,40.0,2.2652295786080634,0.056630739465201585,770667.0,,96333.375,,4728118.0,0.0,118202.95,0.0,0.8149828324927593,,0.16299656649855185,,50.0,50.0,0.0,True,False,,,,,0.0,0.0,,,2025-08-14 21:00:00,9209.0009765625,0.0,1.0,0.4186426194803186,50.376696818247574,
AG:15m:1:-1:5472:5479:1,AG,5m,16496.0,2025-08-16 02:30:00,0.0,-1.0,1.0,CHoCH,-1.0,9167.0009765625,55.0,BOS,1.0,9208.0009765625,1.0,41.0,7.0,17.0,4.0,active_bear_swing_ob,swing,-1.0,55.0,9224.0009765625,9232.0009765625,9228.0009765625,0.07594661232867381,current_internal_high,internal,0.0,7.0,9208.0009765625,9208.0009765625,9208.0009765625,0.0976456444225806,9210.0009765625,9220.0009765625,9210.0009765625,9217.0009765625,4655.0,349466.0,0.0,0.0,0.0,0.0,0.0,0.0,,9208.0009765625,7.0,below,0.0976456444225806,9215.0009765625,True,1.0,9198.0009765625,3.0,below,0.20614080489211462,9192.0009765625,False,,9226.0009765625,108.0,above,0.0976456444225806,9367.0009765625,True,81.0,9155.0009765625,4.0,below,0.6726699949111108,9167.0009765625,False,,0.0,0.0,0.0,1.0,DOWN_TO_UP,0.003643417657949332,0.003643417657949332,0.0,0.5,0.0,0.0,,,,9183.541499301435,0.3643417657949332,0.054277024207016744,3.982912099720611,,225.0,1.0,16496.0,16496.0,2025-08-16 02:25:00,2025-08-16 02:25:00,9217.0009765625,9217.0009765625,1.0,0.0,0.0,224.0,-1.0,16434.0,16495.0,2025-08-15 21:15:00,2025-08-16 02:20:00,9172.0009765625,9212.0009765625,62.0,0.43610985326116847,0.007034029891309169,4655.0,,4655.0,,145281.0,0.0,2343.2419354838707,0.0,1.9865639691356751,,0.032041354340897985,,100.0,0.0,0.0,False,False,,,,,0.0,0.0,,,,,0.0,0.0,0.0,5.655457690495502,
AG:15m:1:-1:5472:5479:1,AG,15m,5498.0,2025-08-16 02:30:00,0.0,1.0,1.0,BOS,1.0,9318.0009765625,95.0,CHoCH,1.0,9215.0009765625,0.0,21.0,4.0,10.0,0.0,active_bear_internal_ob,internal,-1.0,19.0,9218.0009765625,9232.0009765625,9225.0009765625,0.0108495160469534,current_internal_high,internal,0.0,8.0,9215.0009765625,9215.0009765625,9215.0009765625,0.0216990320939068,9205.0009765625,9220.0009765625,9205.0009765625,9217.0009765625,7137.0,349466.0,0.0,0.0,0.0,0.0,0.0,0.0,,9215.0009765625,8.0,below,0.0216990320939068,9232.0009765625,True,0.0,9192.0009765625,0.0,below,0.271237901173835,9155.0009765625,False,,9367.0009765625,17.0,above,1.6274274070430101,9318.0009765625,False,,9136.0009765625,77.0,below,0.8788107998032254,8885.0009765625,False,,-1.0,-1.0,-0.00030623777897743085,-58.0,DOWN_CONFIRMED,0.005782206996058632,-0.003495525202869645,0.005703524499716094,0.9480960256571273,-0.00030623777897743085,-0.01776179118069099,0.00022767055860306584,0.0003712686045831415,-0.008050614094625375,9164.012757881905,0.5782206996058632,0.11948727822215233,0.0776075055554702,,76.0,-1.0,5441.0,5498.0,2025-08-14 21:15:00,2025-08-16 02:15:00,9244.0009765625,9217.0009765625,58.0,-0.2920813192086036,-0.005035884813941441,75.0,1.0,5389.0,5440.0,2025-08-13 09:15:00,2025-08-14 21:00:00,9224.0009765625,9237.0009765625,52.0,0.1409366719824945,0.002710320615047971,552958.0,,9533.758620689656,,553415.0,0.0,10642.596153846154,0.0,0.8958113680978327,,0.9991742182629673,,1.7241379310344827,70.6896551724138,27.586206896551722,False,False,2025-08-15 21:45:00,9166.0009765625,,,1.0,0.0,2025-08-15 22:30:00,9196.0009765625,2025-08-15 22:15:00,9183.0009765625,4.0,3.0,1.6316645335681734,12.635624327546724,
AG:15m:1:-1:5472:5479:1,AG,1h,1636.0,2025-08-16 02:30:00,0.0,1.0,-1.0,CHoCH,1.0,9075.0009765625,282.0,CHoCH,-1.0,9304.0009765625,18.0,15.0,3.0,2.0,0.0,active_bear_internal_ob,internal,-1.0,18.0,9341.0009765625,9367.0009765625,9354.0009765625,1.3453399898222216,active_bull_internal_ob,internal,1.0,32.0,9136.0009765625,9175.0009765625,9155.5009765625,0.45567967397204284,9205.0009765625,9220.0009765625,9199.0009765625,9217.0009765625,10521.0,349466.0,0.0,0.0,0.0,0.0,0.0,0.0,,9367.0009765625,15.0,above,1.6274274070430101,9342.0009765625,False,,9155.0009765625,0.0,below,0.6726699949111108,9304.0009765625,False,,9526.0009765625,145.0,above,3.3525004585086005,9075.0009765625,False,,8885.0009765625,70.0,below,3.6020393275885283,8563.0009765625,False,,0.0,0.0,0.00048537008773866637,28.0,NONE,-0.007758441759873711,-0.003827016085198898,0.01196229933073788,0.37120961990929285,0.00048537008773866637,0.013590362456682659,-0.0010732992446614853,-0.0028776325283561555,-0.0082716836080583,9289.06968269913,-0.7758441759873711,0.13036391881493525,-0.8115004962937381,,25.0,1.0,1609.0,1636.0,2025-08-13 21:00:00,2025-08-16 02:00:00,9311.0009765625,9217.0009765625,28.0,-1.0095584807327973,-0.03605566002617133,24.0,-1.0,1599.0,1608.0,2025-08-12 22:00:00,2025-08-13 14:00:00,9148.0009765625,9300.0009765625,10.0,1.661565192105141,0.1661565192105141,940908.0,,33603.857142857145,,346986.0,0.0,34698.6,0.0,0.9684499415785405,,2.7116598364199134,,32.142857142857146,10.714285714285714,57.14285714285714,True,True,,,2025-08-14 10:00:00,9353.0009765625,0.0,1.0,2025-08-16 02:00:00,9217.0009765625,2025-08-14 13:30:00,9298.0009765625,1.0,1.0,3.1257509935749783,27.54944668966233,2.0
AG:15m:1:-1:5472:5479:1,AG,4h,595.0,2025-08-16 02:30:00,0.0,1.0,1.0,BOS,1.0,9075.0009765625,101.0,BOS,1.0,9318.0009765625,7.0,8.0,1.0,2.0,0.0,current_internal_high,internal,0.0,2.0,9367.0009765625,9367.0009765625,9367.0009765625,1.6274274070430101,active_bull_internal_ob,internal,1.0,7.0,9136.0009765625,9215.0009765625,9175.5009765625,0.0216990320939068,9206.0009765625,9220.0009765625,9192.0009765625,9217.0009765625,32745.0,349466.0,0.0,0.0,0.0,0.0,0.0,0.0,,9367.0009765625,2.0,above,1.6274274070430101,9318.0009765625,False,,9136.0009765625,8.0,below,0.8788107998032254,8885.0009765625,False,,9526.0009765625,21.0,above,3.3525004585086005,9075.0009765625,False,,8563.0009765625,103.0,below,7.095583494707523,7944.0,False,,0.0,0.0,0.0003863356047024924,10.0,NONE,0.011046951999335353,0.01611947380267201,0.0071416396131083245,0.2387670821249006,0.0003863356047024924,0.003863356047024924,0.001060018176097799,,,9116.293717453944,1.1046951999335353,0.11948727822215233,-0.9567180833370089,,11.0,1.0,586.0,595.0,2025-08-13 21:00:00,2025-08-16 00:00:00,9317.0009765625,9217.0009765625,10.0,-1.0733067459320456,-0.10733067459320456,10.0,-1.0,546.0,585.0,2025-07-30 21:00:00,2025-08-13 13:30:00,9094.0009765625,9300.0009765625,40.0,2.2652295786080634,0.056630739465201585,940908.0,,94090.8,,4728118.0,0.0,118202.95,0.0,0.7960105902602262,,0.19900264756505653,,40.0,60.0,0.0,True,False,,,,,0.0,0.0,,,2025-08-14 21:00:00,9209.0009765625,0.0,1.0,0.44304421475125977,49.41664164430531,
AG:15m:1:1:5492:5498:1,AG,5m,16610.0,2025-08-19 09:15:00,0.0,-1.0,-1.0,CHoCH,-1.0,9167.0009765625,169.0,CHoCH,-1.0,9216.0009765625,1.0,40.0,8.0,17.0,3.0,current_internal_low,internal,0.0,16.0,9216.0009765625,9216.0009765625,9216.0009765625,0.25019033565468296,active_bull_internal_ob,internal,1.0,165.0,9155.0009765625,9171.0009765625,9163.0009765625,0.23931249497404455,9210.0009765625,9212.0009765625,9188.0009765625,9193.0009765625,14258.0,347834.0,0.0,0.0,0.0,0.0,0.0,0.0,,9233.0009765625,7.0,above,0.4351136272255356,9228.0009765625,False,,9216.0009765625,16.0,above,0.25019033565468296,9217.0009765625,True,1.0,9276.0009765625,18.0,above,0.9028607764929863,9226.0009765625,False,,9155.0009765625,118.0,below,0.4133579458642588,9167.0009765625,False,,0.0,0.0,-7.358485573118435e-05,-34.0,NONE,-0.005224192849258962,-0.0037221284770798425,0.0006207889154324115,0.007768673108169533,-7.358485573118435e-05,-0.0025018850948602678,-0.0015421817157565965,-0.001633234352554469,-0.0018650060582625638,9241.279201283853,-0.5224192849258962,-0.18458195654117437,3.7077689549651014,,226.0,-1.0,16577.0,16610.0,2025-08-18 23:55:00,2025-08-19 09:10:00,9233.0009765625,9193.0009765625,34.0,-0.4332285905908395,-0.01274201737031881,225.0,1.0,16496.0,16576.0,2025-08-16 02:25:00,2025-08-18 23:50:00,9217.0009765625,9231.0009765625,81.0,0.15189322465734012,0.001875224995769631,60273.0,,1772.735294117647,,223746.0,0.0,2762.296296296296,0.0,0.641761456399352,,0.2693813520688638,,0.0,38.23529411764706,61.76470588235294,True,True,,,,,0.0,0.0,2025-08-19 02:05:00,9229.0009765625,2025-08-19 02:10:00,9226.0009765625,2.0,2.0,0.16678331209014177,8.118662266094919,
AG:15m:1:1:5492:5498:1,AG,15m,5536.0,2025-08-19 09:15:00,0.0,1.0,-1.0,BOS,1.0,9318.0009765625,133.0,CHoCH,-1.0,9216.0009765625,0.0,20.0,3.0,10.0,0.0,current_internal_low,internal,0.0,2.0,9216.0009765625,9216.0009765625,9216.0009765625,0.25019033565468296,active_bull_swing_ob,swing,1.0,133.0,9136.0009765625,9160.0009765625,9148.0009765625,0.35896874246106686,9234.0009765625,9239.0009765625,9188.0009765625,9193.0009765625,26959.0,347834.0,0.0,0.0,0.0,0.0,0.0,0.0,,9276.0009765625,17.0,above,0.9028607764929863,9255.0009765625,False,,9216.0009765625,2.0,above,0.25019033565468296,9217.0009765625,True,0.0,9367.0009765625,55.0,above,1.8927442784310795,9318.0009765625,False,,9155.0009765625,6.0,below,0.4133579458642588,9136.0009765625,False,,0.0,0.0,0.0,-1.0,UP_BROKEN,-0.007524538819154392,-0.007524538819154392,0.0,0.5,0.0,0.0,,,,9262.69851107924,-0.7524538819154392,-0.34688343211345396,3.8288508368094383,,78.0,-1.0,5536.0,5536.0,2025-08-19 09:00:00,2025-08-19 09:00:00,9193.0009765625,9193.0009765625,1.0,0.0,0.0,77.0,1.0,5499.0,5535.0,2025-08-18 09:00:00,2025-08-19 02:15:00,9244.0009765625,9225.0009765625,37.0,-0.20553870610975356,-0.005555100165128475,26959.0,,26959.0,,252405.0,0.0,6821.756756756757,0.0,3.951914581723817,,0.10680850220875181,,0.0,0.0,100.0,True,True,,,,,0.0,0.0,,,,,0.0,0.0,0.0,13.173606643589904,
AG:15m:1:1:5492:5498:1,AG,1h,1647.0,2025-08-19 02:30:00,405.0,1.0,-1.0,CHoCH,1.0,9075.0009765625,293.0,CHoCH,-1.0,9304.0009765625,29.0,15.0,3.0,2.0,0.0,current_internal_high,internal,0.0,0.0,9276.0009765625,9276.0009765625,9276.0009765625,0.9028607764929863,active_bull_internal_ob,internal,1.0,43.0,9136.0009765625,9175.0009765625,9155.5009765625,0.195801132251491,9227.0009765625,9230.0009765625,9221.0009765625,9225.0009765625,4084.0,351437.0,0.0,0.0,0.0,0.0,0.0,0.0,,9276.0009765625,0.0,above,0.9028607764929863,9367.0009765625,False,,9155.0009765625,11.0,below,0.4133579458642588,9304.0009765625,False,,9526.0009765625,156.0,above,3.6223209466525836,9075.0009765625,False,,8885.0009765625,81.0,below,3.3503749296366236,8563.0009765625,False,,0.0,0.0,0.00031477309667429006,39.0,NONE,-0.005607895096137588,-0.004191052380905496,0.010171264446786468,0.44460710515383695,0.00031477309667429006,0.012276150770297312,-0.00047092075565213776,-0.0010081818463643089,-0.003896743890303256,9277.025562722434,-0.5607895096137588,-0.032509749485498673,-1.1809076118014363,,25.0,1.0,1609.0,1647.0,2025-08-13 21:00:00,2025-08-19 02:00:00,9311.0009765625,9225.0009765625,39.0,-0.9236386100321292,-0.023683041282875107,24.0,-1.0,1599.0,1608.0,2025-08-12 22:00:00,2025-08-13 14:00:00,9148.0009765625,9300.0009765625,10.0,1.661565192105141,0.1661565192105141,1193313.0,,30597.76923076923,,346986.0,0.0,34698.6,0.0,0.8818156706832331,,3.439081115664609,,41.02564102564102,17.94871794871795,41.02564102564102,False,True,,,2025-08-14 10:00:00,9353.0009765625,0.0,1.0,2025-08-16 02:00:00,9217.0009765625,2025-08-14 13:30:00,9298.0009765625,1.0,1.0,2.4268998624610174,24.144399023221325,2.0
AG:15m:1:1:5492:5498:1,AG,4h,599.0,2025-08-19 02:30:00,405.0,1.0,1.0,BOS,1.0,9075.0009765625,105.0,BOS,1.0,9318.0009765625,11.0,8.0,1.0,2.0,0.0,current_internal_high,internal,0.0,6.0,9367.0009765625,9367.0009765625,9367.0009765625,1.8927442784310795,current_internal_low,internal,0.0,0.0,9155.0009765625,9155.0009765625,9155.0009765625,0.4133579458642588,9232.0009765625,9233.0009765625,9216.0009765625,9225.0009765625,30379.0,351437.0,1.0,1.0,1.0,0.0,1.0,0.0,active_bull_internal_ob,9367.0009765625,6.0,above,1.8927442784310795,9318.0009765625,False,,9155.0009765625,0.0,below,0.4133579458642588,9136.0009765625,False,,9526.0009765625,25.0,above,3.6223209466525836,9075.0009765625,False,,8563.0009765625,107.0,below,6.853039628802185,7944.0,False,,0.0,0.0,0.00035845383994641863,14.0,NONE,0.010761567141984809,0.015014980774913655,0.006341216924213859,0.2511877731373975,0.00035845383994641863,0.005018353759249861,0.0012670042846145702,0.003278921311616223,,9126.782493963421,1.076156714198481,-0.08664571811817234,-0.93101464990246,,11.0,1.0,586.0,599.0,2025-08-13 21:00:00,2025-08-19 00:00:00,9317.0009765625,9225.0009765625,14.0,-0.9874422062574828,-0.07053158616124877,10.0,-1.0,546.0,585.0,2025-07-30 21:00:00,2025-08-13 13:30:00,9094.0009765625,9300.0009765625,40.0,2.2652295786080634,0.056630739465201585,1193313.0,,85236.64285714286,,4728118.0,0.0,118202.95,0.0,0.7211041928914875,,0.25238646751202065,,28.57142857142857,71.42857142857143,0.0,True,False,,,,,0.0,0.0,2025-08-18 13:30:00,9258.0009765625,2025-08-18 21:00:00,9233.0009765625,1.0,2.0,0.4223260102209705,45.60377712419315,
AG:15m:1:1:5505:5513:1,AG,5m,16554.0,2025-08-18 22:05:00,0.0,-1.0,1.0,CHoCH,-1.0,9167.0009765625,113.0,CHoCH,1.0,9245.0009765625,17.0,42.0,6.0,17.0,3.0,current_internal_high,internal,0.0,7.0,9276.0009765625,9276.0009765625,9276.0009765625,0.36788570014462463,active_bull_internal_ob,internal,1.0,17.0,9227.0009765625,9237.0009765625,9232.0009765625,0.05410083825656245,9240.0009765625,9242.0009765625,9230.0009765625,9242.0009765625,5248.0,353407.0,0.0,0.0,0.0,0.0,0.0,0.0,,9276.0009765625,7.0,above,0.36788570014462463,9245.0009765625,False,,9227.0009765625,16.0,below,0.16230251476968732,9217.0009765625,False,,9226.0009765625,166.0,below,0.17312268242099985,9367.0009765625,True,139.0,9155.0009765625,62.0,below,0.9413545856641866,9167.0009765625,False,,1.0,1.0,0.00016349791060081719,59.0,UP_CONFIRMED,-0.003249353240700174,0.0011505868920939786,0.002404060499323392,0.033609129563250795,0.00016349791060081719,0.009646376725448214,-0.00018969909028843102,-0.00031178632217743196,0.0053761836538970265,9272.129400277483,-0.3249353240700174,0.021645019357396933,0.775956275192505,,225.0,1.0,16496.0,16554.0,2025-08-16 02:25:00,2025-08-18 22:00:00,9217.0009765625,9242.0009765625,59.0,0.2712379011738264,0.004597252562268244,224.0,-1.0,16434.0,16495.0,2025-08-15 21:15:00,2025-08-16 02:20:00,9172.0009765625,9212.0009765625,62.0,0.43610985326116847,0.007034029891309169,182163.0,,3087.508474576271,,145281.0,0.0,2343.2419354838707,0.0,1.317622575723796,,1.2538666446403866,,37.28813559322034,47.45762711864407,15.254237288135593,True,True,,,2025-08-18 21:00:00,9257.0009765625,0.0,1.0,2025-08-18 21:35:00,9247.0009765625,2025-08-18 21:45:00,9245.0009765625,4.0,5.0,2.089421073577667,8.924286108467529,
AG:15m:1:1:5505:5513:1,AG,15m,5517.0,2025-08-18 22:00:00,5.0,1.0,1.0,BOS,1.0,9318.0009765625,114.0,BOS,1.0,9255.0009765625,4.0,22.0,3.0,10.0,0.0,current_internal_high,internal,0.0,10.0,9255.0009765625,9255.0009765625,9255.0009765625,0.14066217946706236,active_bull_internal_ob,internal,1.0,4.0,9217.0009765625,9232.0009765625,9224.5009765625,0.1082016765131249,9247.0009765625,9248.0009765625,9237.0009765625,9240.0009765625,8038.0,353350.0,0.0,0.0,0.0,0.0,0.0,0.0,,9255.0009765625,10.0,above,0.14066217946706236,9215.0009765625,True,4.0,9217.0009765625,7.0,below,0.2705041912828122,9192.0009765625,False,,9367.0009765625,36.0,above,1.3525209564140612,9318.0009765625,False,,9136.0009765625,96.0,below,1.1469377710391238,8885.0009765625,False,,0.0,0.0,0.0005976486623079077,19.0,NONE,-0.0036851266719920618,0.004451586538696821,0.003960064243158663,0.019954370700116686,0.0005976486623079077,0.011355324583850246,0.009739755155799612,0.010361767189271287,,9274.17749541163,-0.36851266719920617,-0.0757002191060896,-0.15421022018446462,,77.0,1.0,5499.0,5517.0,2025-08-18 09:00:00,2025-08-18 21:45:00,9244.0009765625,9240.0009765625,19.0,-0.043271306549419464,-0.002277437186811551,76.0,-1.0,5441.0,5498.0,2025-08-14 21:15:00,2025-08-16 02:15:00,9244.0009765625,9217.0009765625,58.0,-0.2920813192086036,-0.005035884813941441,172260.0,,9066.315789473685,,552958.0,0.0,9533.758620689656,0.0,0.9509697224553649,,0.31152456425261954,,63.1578947368421,36.84210526315789,0.0,True,True,,,2025-08-18 21:00:00,9250.0009765625,0.0,1.0,2025-08-18 13:30:00,9234.0009765625,2025-08-18 10:45:00,9222.0009765625,1.0,1.0,0.8895849173625076,14.337261688327589,
AG:15m:1:1:5505:5513:1,AG,1h,1642.0,2025-08-18 22:00:00,5.0,1.0,-1.0,CHoCH,1.0,9075.0009765625,288.0,CHoCH,-1.0,9304.0009765625,24.0,15.0,3.0,2.0,0.0,active_bear_internal_ob,internal,-1.0,24.0,9341.0009765625,9367.0009765625,9354.0009765625,1.0711965974799365,active_bull_internal_ob,internal,1.0,38.0,9136.0009765625,9175.0009765625,9155.5009765625,0.7249512326379368,9263.0,9276.0009765625,9237.0009765625,9240.0009765625,43746.0,353350.0,0.0,0.0,0.0,0.0,0.0,0.0,,9367.0009765625,21.0,above,1.3525209564140612,9342.0009765625,False,,9155.0009765625,6.0,below,0.9413545856641866,9304.0009765625,False,,9526.0009765625,151.0,above,3.072927612972747,9075.0009765625,False,,8885.0009765625,76.0,below,3.8627998515185586,8563.0009765625,False,,0.0,0.0,0.0003750905063149535,34.0,NONE,-0.004460038847828814,-0.0040028223948099725,0.010878889895018895,0.48323824464189136,0.0003750905063149535,0.01275307721470842,-0.0005375142173136283,-0.0014178059652815156,-0.004785879813742344,9281.396364912105,-0.44600388478288133,-0.19442642148741474,1.1075507187999871,,25.0,1.0,1609.0,1642.0,2025-08-13 21:00:00,2025-08-18 21:00:00,9311.0009765625,9240.0009765625,34.0,-0.7625388524683863,-0.022427613307893713,24.0,-1.0,1599.0,1608.0,2025-08-12 22:00:00,2025-08-13 14:00:00,9148.0009765625,9300.0009765625,10.0,1.661565192105141,0.1661565192105141,1113168.0,,32740.235294117647,,346986.0,0.0,34698.6,0.0,0.9435606996857985,,3.208106378931715,,32.35294117647059,20.588235294117645,47.05882352941176,False,True,,,2025-08-14 10:00:00,9353.0009765625,0.0,1.0,2025-08-16 02:00:00,9217.0009765625,2025-08-14 13:30:00,9298.0009765625,1.0,1.0,2.717804794218294,28.047725812942836,4.0
AG:15m:1:1:5505:5513:1,AG,4h,597.0,2025-08-18 15:00:00,425.0,1.0,1.0,BOS,1.0,9075.0009765625,103.0,BOS,1.0,9318.0009765625,9.0,8.0,1.0,2.0,0.0,current_internal_high,internal,0.0,4.0,9367.0009765625,9367.0009765625,9367.0009765625,1.3525209564140612,active_bull_internal_ob,internal,1.0,9.0,9136.0009765625,9215.0009765625,9175.5009765625,0.2921445265854372,9241.0009765625,9259.0009765625,9227.0009765625,9258.0009765625,43585.0,350742.0,0.0,0.0,0.0,0.0,0.0,0.0,,9367.0009765625,4.0,above,1.3525209564140612,9318.0009765625,False,,9136.0009765625,10.0,below,1.1469377710391238,8885.0009765625,False,,9526.0009765625,23.0,above,3.072927612972747,9075.0009765625,False,,8563.0009765625,105.0,below,7.346893835241181,7944.0,False,,0.0,0.0,0.00037113571420725283,12.0,NONE,0.014947603681932075,0.015640835872301407,0.006643013438193641,0.45844378497788824,0.00037113571420725283,0.004453628570487034,0.0012909621155776652,0.004218269496414351,,9121.654106061425,1.4947603681932076,0.3577235393670053,-0.7448635886635329,,11.0,1.0,586.0,597.0,2025-08-13 21:00:00,2025-08-18 13:30:00,9317.0009765625,9258.0009765625,12.0,-0.6332509800999087,-0.052770915008325724,10.0,-1.0,546.0,585.0,2025-07-30 21:00:00,2025-08-13 13:30:00,9094.0009765625,9300.0009765625,40.0,2.2652295786080634,0.056630739465201585,1069422.0,,89118.5,,4728118.0,0.0,118202.95,0.0,0.7539448042540393,,0.22618344127621182,,33.33333333333333,66.66666666666666,0.0,True,False,,,,,0.0,0.0,2025-08-18 13:30:00,9258.0009765625,2025-08-14 21:00:00,9209.0009765625,1.0,1.0,0.42472240565850156,47.55822672391631,
AG:15m:1:1:5505:5513:2,AG,5m,16561.0,2025-08-18 22:40:00,0.0,-1.0,1.0,CHoCH,-1.0,9167.0009765625,120.0,CHoCH,1.0,9245.0009765625,24.0,42.0,6.0,17.0,3.0,current_internal_high,internal,0.0,14.0,9276.0009765625,9276.0009765625,9276.0009765625,0.4330878710548534,current_internal_low,internal,0.0,23.0,9227.0009765625,9227.0009765625,9227.0009765625,0.09744477098734201,9241.0009765625,9243.0009765625,9229.0009765625,9236.0009765625,2486.0,352945.0,1.0,1.0,1.0,0.0,1.0,0.0,active_bull_internal_ob,9276.0009765625,14.0,above,0.4330878710548534,9245.0009765625,False,,9227.0009765625,23.0,below,0.09744477098734201,9217.0009765625,False,,9226.0009765625,173.0,below,0.10827196776371335,9367.0009765625,True,146.0,9155.0009765625,69.0,below,0.877002938886078,9167.0009765625,False,,1.0,1.0,0.0001424751467661334,66.0,UP_CONFIRMED,-0.003656638720079813,0.0006388670331718667,0.00271680337958872,0.05692893669893839,0.0001424751467661334,0.009403359686564805,-0.00014721386382676727,-0.00039002465201631864,0.004314672667032005,9269.89764321586,-0.3656638720079813,-0.05410669269142465,-0.33232474596226597,,225.0,1.0,16496.0,16561.0,2025-08-16 02:25:00,2025-08-18 22:35:00,9217.0009765625,9236.0009765625,66.0,0.20614080489211872,0.0031233455286684654,224.0,-1.0,16434.0,16495.0,2025-08-15 21:15:00,2025-08-16 02:20:00,9172.0009765625,9212.0009765625,62.0,0.43610985326116847,0.007034029891309169,197772.0,,2996.5454545454545,,145281.0,0.0,2343.2419354838707,0.0,1.278803272154089,,1.361306709067256,,33.33333333333333,53.03030303030303,13.636363636363635,True,True,,,2025-08-18 21:00:00,9257.0009765625,0.0,1.0,2025-08-18 21:35:00,9247.0009765625,2025-08-18 21:45:00,9245.0009765625,4.0,5.0,4.25253337318135,8.91094696548593,
AG:15m:1:1:5505:5513:2,AG,15m,5519.0,2025-08-18 22:30:00,10.0,1.0,1.0,BOS,1.0,9318.0009765625,116.0,BOS,1.0,9255.0009765625,6.0,22.0,3.0,10.0,0.0,current_internal_high,internal,0.0,0.0,9276.0009765625,9276.0009765625,9276.0009765625,0.4330878710548534,active_bull_internal_ob,internal,1.0,6.0,9217.0009765625,9232.0009765625,9224.5009765625,0.04330878710548534,9234.0009765625,9241.0009765625,9234.0009765625,9236.0009765625,5284.0,353078.0,0.0,0.0,0.0,0.0,0.0,0.0,,9276.0009765625,0.0,above,0.4330878710548534,9255.0009765625,False,,9217.0009765625,9.0,below,0.20571673875105534,9192.0009765625,False,,9367.0009765625,38.0,above,1.4183627777046448,9318.0009765625,False,,9136.0009765625,98.0,below,1.0827196776371335,8885.0009765625,False,,0.0,0.0,0.0005348272050206535,21.0,NONE,-0.003994359769100723,0.0036402266485712287,0.004521391718616305,0.045653052650305725,0.0005348272050206535,0.011231371305433724,-0.0002518105987242558,0.0099632071797775,0.011231371305433724,9273.040837822326,-0.39943597691007227,0.010828369185200692,-0.7206413813480599,,77.0,1.0,5499.0,5519.0,2025-08-18 09:00:00,2025-08-18 22:15:00,9244.0009765625,9236.0009765625,21.0,-0.08654261309885003,-0.004121076814230954,76.0,-1.0,5441.0,5498.0,2025-08-14 21:15:00,2025-08-16 02:15:00,9244.0009765625,9217.0009765625,58.0,-0.2920813192086036,-0.005035884813941441,188914.0,,8995.904761904761,,552958.0,0.0,9533.758620689656,0.0,0.943584279801497,,0.34164258406605924,,57.14285714285714,42.857142857142854,0.0,True,True,,,2025-08-18 21:00:00,9250.0009765625,0.0,1.0,2025-08-18 13:30:00,9234.0009765625,2025-08-18 22:00:00,9235.0009765625,1.0,2.0,1.2420632436144956,13.923455231262054,
AG:15m:1:1:5505:5513:2,AG,1h,1642.0,2025-08-18 22:00:00,40.0,1.0,-1.0,CHoCH,1.0,9075.0009765625,288.0,CHoCH,-1.0,9304.0009765625,24.0,15.0,3.0,2.0,0.0,active_bear_internal_ob,internal,-1.0,24.0,9341.0009765625,9367.0009765625,9354.0009765625,1.13685566151899,active_bull_internal_ob,internal,1.0,38.0,9136.0009765625,9175.0009765625,9155.5009765625,0.6604590033586514,9263.0,9276.0009765625,9237.0009765625,9240.0009765625,43746.0,353350.0,0.0,0.0,0.0,0.0,0.0,0.0,,9367.0009765625,21.0,above,1.4183627777046448,9342.0009765625,False,,9155.0009765625,6.0,below,0.877002938886078,9304.0009765625,False,,9526.0009765625,151.0,above,3.1398870651476867,9075.0009765625,False,,8885.0009765625,76.0,below,3.8003460685063386,8563.0009765625,False,,0.0,0.0,0.0003750905063149535,34.0,NONE,-0.004460038847828814,-0.0040028223948099725,0.010878889895018895,0.48323824464189136,0.0003750905063149535,0.01275307721470842,-0.0005375142173136283,-0.0014178059652815156,-0.004785879813742344,9281.396364912105,-0.44600388478288133,-0.19442642148741474,1.1075507187999871,,25.0,1.0,1609.0,1642.0,2025-08-13 21:00:00,2025-08-18 21:00:00,9311.0009765625,9240.0009765625,34.0,-0.7625388524683863,-0.022427613307893713,24.0,-1.0,1599.0,1608.0,2025-08-12 22:00:00,2025-08-13 14:00:00,9148.0009765625,9300.0009765625,10.0,1.661565192105141,0.1661565192105141,1113168.0,,32740.235294117647,,346986.0,0.0,34698.6,0.0,0.9435606996857985,,3.208106378931715,,32.35294117647059,20.588235294117645,47.05882352941176,False,True,,,2025-08-14 10:00:00,9353.0009765625,0.0,1.0,2025-08-16 02:00:00,9217.0009765625,2025-08-14 13:30:00,9298.0009765625,1.0,1.0,2.717804794218294,28.047725812942836,4.0
AG:15m:1:1:5505:5513:2,AG,4h,597.0,2025-08-18 15:00:00,460.0,1.0,1.0,BOS,1.0,9075.0009765625,103.0,BOS,1.0,9318.0009765625,9.0,8.0,1.0,2.0,0.0,current_internal_high,internal,0.0,4.0,9367.0009765625,9367.0009765625,9367.0009765625,1.4183627777046448,active_bull_internal_ob,internal,1.0,9.0,9136.0009765625,9215.0009765625,9175.5009765625,0.22737113230379805,9241.0009765625,9259.0009765625,9227.0009765625,9258.0009765625,43585.0,350742.0,0.0,0.0,0.0,0.0,0.0,0.0,,9367.0009765625,4.0,above,1.4183627777046448,9318.0009765625,False,,9136.0009765625,10.0,below,1.0827196776371335,8885.0009765625,False,,9526.0009765625,23.0,above,3.1398870651476867,9075.0009765625,False,,8563.0009765625,105.0,below,7.286703430497908,7944.0,False,,0.0,0.0,0.00037113571420725283,12.0,NONE,0.014947603681932075,0.015640835872301407,0.006643013438193641,0.45844378497788824,0.00037113571420725283,0.004453628570487034,0.0012909621155776652,0.004218269496414351,,9121.654106061425,1.4947603681932076,0.3577235393670053,-0.7448635886635329,,11.0,1.0,586.0,597.0,2025-08-13 21:00:00,2025-08-18 13:30:00,9317.0009765625,9258.0009765625,12.0,-0.6332509800999087,-0.052770915008325724,10.0,-1.0,546.0,585.0,2025-07-30 21:00:00,2025-08-13 13:30:00,9094.0009765625,9300.0009765625,40.0,2.2652295786080634,0.056630739465201585,1069422.0,,89118.5,,4728118.0,0.0,118202.95,0.0,0.7539448042540393,,0.22618344127621182,,33.33333333333333,66.66666666666666,0.0,True,False,,,,,0.0,0.0,2025-08-18 13:30:00,9258.0009765625,2025-08-14 21:00:00,9209.0009765625,1.0,1.0,0.42472240565850156,47.55822672391631,
AG:15m:1:1:5505:5513:3,AG,5m,16563.0,2025-08-18 22:50:00,0.0,-1.0,1.0,CHoCH,-1.0,9167.0009765625,122.0,CHoCH,1.0,9245.0009765625,26.0,41.0,6.0,17.0,3.0,current_internal_high,internal,0.0,16.0,9276.0009765625,9276.0009765625,9276.0009765625,0.48748776123255694,current_internal_low,internal,0.0,25.0,9227.0009765625,9227.0009765625,9227.0009765625,0.04333224544289395,9235.0009765625,9235.0009765625,9225.0009765625,9231.0009765625,3629.0,352965.0,0.0,0.0,0.0,0.0,0.0,0.0,,9276.0009765625,16.0,above,0.48748776123255694,9245.0009765625,False,,9227.0009765625,25.0,below,0.04333224544289395,9217.0009765625,False,,9226.0009765625,175.0,below,0.05416530680361743,9367.0009765625,True,148.0,9155.0009765625,71.0,below,0.8233126634149851,9167.0009765625,False,,1.0,1.0,0.0001368852842248087,68.0,UP_CONFIRMED,-0.004102131857202127,0.0005047055947065758,0.00278547233763577,0.049075931670687856,0.0001368852842248087,0.009308199327286992,-0.0001866260247107565,-0.00040935563493371685,-0.0006752064790014334,9269.023734107344,-0.4102131857202127,-0.04331347674084718,1.0001179057866767,,225.0,1.0,16496.0,16563.0,2025-08-16 02:25:00,2025-08-18 22:45:00,9217.0009765625,9231.0009765625,68.0,0.15189322465734012,0.0022337238920197076,224.0,-1.0,16434.0,16495.0,2025-08-15 21:15:00,2025-08-16 02:20:00,9172.0009765625,9212.0009765625,62.0,0.43610985326116847,0.007034029891309169,202692.0,,2980.764705882353,,145281.0,0.0,2343.2419354838707,0.0,1.2720686928414997,,1.3951721147293865,,32.35294117647059,52.94117647058824,14.705882352941178,True,True,,,2025-08-18 21:00:00,9257.0009765625,0.0,1.0,2025-08-18 21:35:00,9247.0009765625,2025-08-18 21:45:00,9245.0009765625,4.0,5.0,5.519004280614681,8.729336924322052,
AG:15m:1:1:5505:5513:3,AG,15m,5520.0,2025-08-18 22:45:00,5.0,1.0,1.0,BOS,1.0,9318.0009765625,117.0,BOS,1.0,9255.0009765625,7.0,22.0,3.0,10.0,0.0,current_internal_high,internal,0.0,1.0,9276.0009765625,9276.0009765625,9276.0009765625,0.48748776123255694,current_internal_low,internal,0.0,10.0,9217.0009765625,9217.0009765625,9217.0009765625,0.15166285905012883,9236.0009765625,9243.0009765625,9229.0009765625,9235.0009765625,5494.0,353010.0,1.0,1.0,1.0,0.0,1.0,0.0,active_bull_internal_ob,9276.0009765625,1.0,above,0.48748776123255694,9255.0009765625,False,,9217.0009765625,10.0,below,0.15166285905012883,9192.0009765625,False,,9367.0009765625,39.0,above,1.4732963450583942,9318.0009765625,False,,9136.0009765625,99.0,below,1.0291408292687314,8885.0009765625,False,,0.0,0.0,0.0005085573587926172,22.0,NONE,-0.0040597417171788315,0.003290228086491681,0.00469959949702726,0.0589138766477198,0.0005085573587926172,0.011188261893437579,-0.00025168869197922383,0.00984595065097671,0.011007001458001486,9272.645522418474,-0.40597417171788314,-0.010827196776375114,-0.6097699010373073,,77.0,1.0,5499.0,5520.0,2025-08-18 09:00:00,2025-08-18 22:30:00,9244.0009765625,9235.0009765625,22.0,-0.0973604397362049,-0.004425474533463859,76.0,-1.0,5441.0,5498.0,2025-08-14 21:15:00,2025-08-16 02:15:00,9244.0009765625,9217.0009765625,58.0,-0.2920813192086036,-0.005035884813941441,194408.0,,8836.727272727272,,552958.0,0.0,9533.758620689656,0.0,0.9268880852039065,,0.3515782392152749,,54.54545454545454,45.45454545454545,0.0,True,True,,,2025-08-18 21:00:00,9250.0009765625,0.0,1.0,2025-08-18 13:30:00,9234.0009765625,2025-08-18 22:00:00,9235.0009765625,1.0,2.0,1.4283506715907863,13.928922714743337,
AG:15m:1:1:5505:5513:3,AG,1h,1642.0,2025-08-18 22:00:00,50.0,1.0,-1.0,CHoCH,1.0,9075.0009765625,288.0,CHoCH,-1.0,9304.0009765625,24.0,15.0,3.0,2.0,0.0,active_bear_internal_ob,internal,-1.0,24.0,9341.0009765625,9367.0009765625,9354.0009765625,1.1916367496795837,active_bull_internal_ob,internal,1.0,38.0,9136.0009765625,9175.0009765625,9155.5009765625,0.6066514362005153,9263.0,9276.0009765625,9237.0009765625,9240.0009765625,43746.0,353350.0,0.0,0.0,0.0,0.0,0.0,0.0,,9367.0009765625,21.0,above,1.4732963450583942,9342.0009765625,False,,9155.0009765625,6.0,below,0.8233126634149851,9304.0009765625,False,,9526.0009765625,151.0,above,3.1957531014134286,9075.0009765625,False,,8885.0009765625,76.0,below,3.7482392308103267,8563.0009765625,False,,0.0,0.0,0.0003750905063149535,34.0,NONE,-0.004460038847828814,-0.0040028223948099725,0.010878889895018895,0.48323824464189136,0.0003750905063149535,0.01275307721470842,-0.0005375142173136283,-0.0014178059652815156,-0.004785879813742344,9281.396364912105,-0.44600388478288133,-0.19442642148741474,1.1075507187999871,,25.0,1.0,1609.0,1642.0,2025-08-13 21:00:00,2025-08-18 21:00:00,9311.0009765625,9240.0009765625,34.0,-0.7625388524683863,-0.022427613307893713,24.0,-1.0,1599.0,1608.0,2025-08-12 22:00:00,2025-08-13 14:00:00,9148.0009765625,9300.0009765625,10.0,1.661565192105141,0.1661565192105141,1113168.0,,32740.235294117647,,346986.0,0.0,34698.6,0.0,0.9435606996857985,,3.208106378931715,,32.35294117647059,20.588235294117645,47.05882352941176,False,True,,,2025-08-14 10:00:00,9353.0009765625,0.0,1.0,2025-08-16 02:00:00,9217.0009765625,2025-08-14 13:30:00,9298.0009765625,1.0,1.0,2.717804794218294,28.047725812942836,4.0
AG:15m:1:1:5505:5513:3,AG,4h,597.0,2025-08-18 15:00:00,470.0,1.0,1.0,BOS,1.0,9075.0009765625,103.0,BOS,1.0,9318.0009765625,9.0,8.0,1.0,2.0,0.0,current_internal_high,internal,0.0,4.0,9367.0009765625,9367.0009765625,9367.0009765625,1.4732963450583942,active_bull_internal_ob,internal,1.0,9.0,9136.0009765625,9215.0009765625,9175.5009765625,0.1733289817715758,9241.0009765625,9259.0009765625,9227.0009765625,9258.0009765625,43585.0,350742.0,0.0,0.0,0.0,0.0,0.0,0.0,,9367.0009765625,4.0,above,1.4732963450583942,9318.0009765625,False,,9136.0009765625,10.0,below,1.0291408292687314,8885.0009765625,False,,9526.0009765625,23.0,above,3.1957531014134286,9075.0009765625,False,,8563.0009765625,105.0,below,7.236484988963291,7944.0,False,,0.0,0.0,0.00037113571420725283,12.0,NONE,0.014947603681932075,0.015640835872301407,0.006643013438193641,0.45844378497788824,0.00037113571420725283,0.004453628570487034,0.0012909621155776652,0.004218269496414351,,9121.654106061425,1.4947603681932076,0.3577235393670053,-0.7448635886635329,,11.0,1.0,586.0,597.0,2025-08-13 21:00:00,2025-08-18 13:30:00,9317.0009765625,9258.0009765625,12.0,-0.6332509800999087,-0.052770915008325724,10.0,-1.0,546.0,585.0,2025-07-30 21:00:00,2025-08-13 13:30:00,9094.0009765625,9300.0009765625,40.0,2.2652295786080634,0.056630739465201585,1069422.0,,89118.5,,4728118.0,0.0,118202.95,0.0,0.7539448042540393,,0.22618344127621182,,33.33333333333333,66.66666666666666,0.0,True,False,,,,,0.0,0.0,2025-08-18 13:30:00,9258.0009765625,2025-08-14 21:00:00,9209.0009765625,1.0,1.0,0.42472240565850156,47.55822672391631,
AG:15m:1:1:5505:5513:4,AG,5m,16575.0,2025-08-18 23:50:00,0.0,-1.0,1.0,CHoCH,-1.0,9167.0009765625,134.0,CHoCH,1.0,9245.0009765625,38.0,41.0,6.0,17.0,3.0,current_internal_high,internal,0.0,28.0,9276.0009765625,9276.0009765625,9276.0009765625,0.4330878710548534,current_swing_high,swing,0.0,187.0,9226.0009765625,9226.0009765625,9226.0009765625,0.10827196776371335,9235.0009765625,9237.0009765625,9231.0009765625,9236.0009765625,1123.0,355358.0,0.0,0.0,0.0,0.0,0.0,0.0,,9276.0009765625,28.0,above,0.4330878710548534,9245.0009765625,False,,9225.0009765625,7.0,below,0.11909916454008469,9227.0009765625,False,,9226.0009765625,187.0,below,0.10827196776371335,9367.0009765625,True,160.0,9155.0009765625,83.0,below,0.877002938886078,9167.0009765625,False,,1.0,1.0,0.00011141578165430044,80.0,UP_CONFIRMED,-0.003172647613882716,-9.918090878946925e-05,0.0029470773217438765,0.14850046661765343,0.00011141578165430044,0.008913262532344035,-0.00010656265790365271,-0.00031497214225806314,-0.000677081550080616,9265.396815661385,-0.31726476138827164,0.010828369185200692,-0.9974116336220549,,225.0,1.0,16496.0,16575.0,2025-08-16 02:25:00,2025-08-18 23:45:00,9217.0009765625,9236.0009765625,80.0,0.20614080489211872,0.002576760061151484,224.0,-1.0,16434.0,16495.0,2025-08-15 21:15:00,2025-08-16 02:20:00,9172.0009765625,9212.0009765625,62.0,0.43610985326116847,0.007034029891309169,222564.0,,2782.05,,145281.0,0.0,2343.2419354838707,0.0,1.1872653684927832,,1.5319553141842361,,27.500000000000004,45.0,27.500000000000004,True,True,,,2025-08-18 21:00:00,9257.0009765625,0.0,1.0,2025-08-18 21:35:00,9247.0009765625,2025-08-18 21:45:00,9245.0009765625,4.0,5.0,29.71415928442056,6.988227351866793,
AG:15m:1:1:5505:5513:4,AG,15m,5524.0,2025-08-18 23:45:00,5.0,1.0,1.0,BOS,1.0,9318.0009765625,121.0,BOS,1.0,9255.0009765625,11.0,22.0,3.0,10.0,0.0,current_internal_high,internal,0.0,5.0,9276.0009765625,9276.0009765625,9276.0009765625,0.4330878710548534,active_bull_internal_ob,internal,1.0,11.0,9217.0009765625,9232.0009765625,9224.5009765625,0.04330878710548534,9237.0009765625,9241.0009765625,9233.0009765625,9235.0009765625,3550.0,355301.0,0.0,0.0,0.0,0.0,0.0,0.0,,9276.0009765625,5.0,above,0.4330878710548534,9255.0009765625,False,,9217.0009765625,14.0,below,0.20571673875105534,9192.0009765625,False,,9367.0009765625,43.0,above,1.4183627777046448,9318.0009765625,False,,9136.0009765625,103.0,below,1.0827196776371335,8885.0009765625,False,,0.0,0.0,0.00042303806741504315,26.0,NONE,-0.0038732887666300827,0.0021798927767459606,0.005047221077843579,0.11520375903065216,0.00042303806741504315,0.010998989752791122,-0.00022980057703581025,-0.00048155330953914,0.010228141038020944,9270.909887686918,-0.38732887666300825,-0.021652049242759652,-1.0081477891522916,,77.0,1.0,5499.0,5524.0,2025-08-18 09:00:00,2025-08-18 23:30:00,9244.0009765625,9235.0009765625,26.0,-0.0973604397362049,-0.003744632297546342,76.0,-1.0,5441.0,5498.0,2025-08-14 21:15:00,2025-08-16 02:15:00,9244.0009765625,9217.0009765625,58.0,-0.2920813192086036,-0.005035884813941441,216786.0,,8337.923076923076,,552958.0,0.0,9533.758620689656,0.0,0.8745683007778862,,0.3920478589693973,,46.15384615384615,53.84615384615385,0.0,True,True,,,2025-08-18 21:00:00,9250.0009765625,0.0,1.0,2025-08-18 13:30:00,9234.0009765625,2025-08-18 22:00:00,9235.0009765625,1.0,2.0,2.315352907117674,12.583922367133082,
AG:15m:1:1:5505:5513:4,AG,1h,1643.0,2025-08-18 23:00:00,50.0,1.0,-1.0,CHoCH,1.0,9075.0009765625,289.0,CHoCH,-1.0,9304.0009765625,25.0,15.0,3.0,2.0,0.0,active_bear_internal_ob,internal,-1.0,25.0,9341.0009765625,9367.0009765625,9354.0009765625,1.13685566151899,active_bull_internal_ob,internal,1.0,39.0,9136.0009765625,9175.0009765625,9155.5009765625,0.6604590033586514,9240.0009765625,9246.0009765625,9225.0009765625,9233.0009765625,29566.0,353247.0,0.0,0.0,0.0,0.0,0.0,0.0,,9367.0009765625,22.0,above,1.4183627777046448,9342.0009765625,False,,9155.0009765625,7.0,below,0.877002938886078,9304.0009765625,False,,9526.0009765625,152.0,above,3.1398870651476867,9075.0009765625,False,,8885.0009765625,77.0,below,3.8003460685063386,8563.0009765625,False,,0.0,0.0,0.0003597491671918743,35.0,NONE,-0.005055225436076824,-0.004032891053131884,0.010723784312910526,0.4620250232112368,0.0003597491671918743,0.012591220851715601,-0.0005737423439522438,-0.001296156729282738,-0.004548400320669388,9279.913028951034,-0.5055225436076825,-0.07575756775086706,0.26852843861574116,,25.0,1.0,1609.0,1643.0,2025-08-13 21:00:00,2025-08-18 22:00:00,9311.0009765625,9233.0009765625,35.0,-0.8377187393314722,-0.02393482112375635,24.0,-1.0,1599.0,1608.0,2025-08-12 22:00:00,2025-08-13 14:00:00,9148.0009765625,9300.0009765625,10.0,1.661565192105141,0.1661565192105141,1142734.0,,32649.542857142857,,346986.0,0.0,34698.6,0.0,0.9409469793346953,,3.2933144276714335,,34.285714285714285,20.0,45.714285714285715,False,True,,,2025-08-14 10:00:00,9353.0009765625,0.0,1.0,2025-08-16 02:00:00,9217.0009765625,2025-08-14 13:30:00,9298.0009765625,1.0,1.0,2.659081083924296,27.544316826304062,4.0
AG:15m:1:1:5505:5513:4,AG,4h,597.0,2025-08-18 15:00:00,530.0,1.0,1.0,BOS,1.0,9075.0009765625,103.0,BOS,1.0,9318.0009765625,9.0,8.0,1.0,2.0,0.0,current_internal_high,internal,0.0,4.0,9367.0009765625,9367.0009765625,9367.0009765625,1.4183627777046448,active_bull_internal_ob,internal,1.0,9.0,9136.0009765625,9215.0009765625,9175.5009765625,0.22737113230379805,9241.0009765625,9259.0009765625,9227.0009765625,9258.0009765625,43585.0,350742.0,0.0,0.0,0.0,0.0,0.0,0.0,,9367.0009765625,4.0,above,1.4183627777046448,9318.0009765625,False,,9136.0009765625,10.0,below,1.0827196776371335,8885.0009765625,False,,9526.0009765625,23.0,above,3.1398870651476867,9075.0009765625,False,,8563.0009765625,105.0,below,7.286703430497908,7944.0,False,,0.0,0.0,0.00037113571420725283,12.0,NONE,0.014947603681932075,0.015640835872301407,0.006643013438193641,0.45844378497788824,0.00037113571420725283,0.004453628570487034,0.0012909621155776652,0.004218269496414351,,9121.654106061425,1.4947603681932076,0.3577235393670053,-0.7448635886635329,,11.0,1.0,586.0,597.0,2025-08-13 21:00:00,2025-08-18 13:30:00,9317.0009765625,9258.0009765625,12.0,-0.6332509800999087,-0.052770915008325724,10.0,-1.0,546.0,585.0,2025-07-30 21:00:00,2025-08-13 13:30:00,9094.0009765625,9300.0009765625,40.0,2.2652295786080634,0.056630739465201585,1069422.0,,89118.5,,4728118.0,0.0,118202.95,0.0,0.7539448042540393,,0.22618344127621182,,33.33333333333333,66.66666666666666,0.0,True,False,,,,,0.0,0.0,2025-08-18 13:30:00,9258.0009765625,2025-08-14 21:00:00,9209.0009765625,1.0,1.0,0.42472240565850156,47.55822672391631,
AG:15m:1:-1:5553:5557:1,AG,5m,16838.0,2025-08-21 09:45:00,0.0,1.0,1.0,CHoCH,1.0,9177.0009765625,1.0,BOS,1.0,9176.0009765625,1.0,40.0,9.0,16.0,4.0,active_bear_swing_ob,swing,-1.0,167.0,9204.0009765625,9218.0009765625,9211.0009765625,0.22868341246611726,current_swing_high,swing,0.0,3.0,9177.0009765625,9177.0009765625,9177.0009765625,0.06533811784746207,9188.0009765625,9196.0009765625,9181.0009765625,9183.0009765625,4702.0,312368.0,0.0,0.0,0.0,0.0,0.0,0.0,,9176.0009765625,2.0,below,0.07622780415537242,9169.0009765625,True,1.0,9160.0009765625,4.0,below,0.250462785081938,9158.0009765625,False,,9177.0009765625,3.0,below,0.06533811784746207,9218.0009765625,True,1.0,9031.0009765625,40.0,below,1.6552323188023725,9160.0009765625,False,,1.0,1.0,0.00019441136955272202,75.0,UP_CONFIRMED,-0.0013791332667479185,0.004929663480354293,0.0015970644433733045,3.9035524683539435e-05,0.00019441136955272202,0.014580852716454151,0.006012547428078108,0.007327560837515401,0.007702995617578257,9195.683048965799,-0.13791332667479186,-0.06529545502610423,1.0351387501002254,,227.0,1.0,16764.0,16838.0,2025-08-20 21:00:00,2025-08-21 09:40:00,9149.0009765625,9183.0009765625,75.0,0.3716252745747939,0.004955003660997252,226.0,-1.0,16577.0,16763.0,2025-08-18 23:55:00,2025-08-20 14:55:00,9233.0009765625,9042.0009765625,187.0,-2.0686665200712495,-0.011062387807867644,242455.0,,3232.733333333333,,697217.0,0.0,3728.433155080214,0.0,0.8670487571779422,,0.34774682774516397,,81.33333333333333,18.666666666666668,0.0,False,True,,,2025-08-21 09:40:00,9183.0009765625,0.0,1.0,2025-08-21 09:00:00,9171.0009765625,2025-08-21 02:25:00,9160.0009765625,2.0,1.0,0.323970277025588,7.293149170586138,
AG:15m:1:-1:5553:5557:1,AG,15m,5612.0,2025-08-21 09:45:00,0.0,-1.0,1.0,CHoCH,-1.0,9155.0009765625,55.0,BOS,1.0,9168.0009765625,2.0,20.0,4.0,9.0,1.0,active_bear_internal_ob,internal,-1.0,55.0,9196.0009765625,9215.0009765625,9205.5009765625,0.1415659220028345,current_internal_high,internal,0.0,7.0,9168.0009765625,9168.0009765625,9168.0009765625,0.16334529461865518,9168.0009765625,9196.0009765625,9163.0009765625,9183.0009765625,13755.0,312368.0,0.0,0.0,0.0,0.0,0.0,0.0,,9168.0009765625,7.0,below,0.16334529461865518,9177.0009765625,True,2.0,9158.0009765625,2.0,below,0.27224215769775867,9153.0009765625,False,,9276.0009765625,48.0,above,1.0127408266356621,9367.0009765625,False,,9155.0009765625,82.0,below,0.3049112166214897,9136.0009765625,True,55.0,0.0,0.0,0.0,1.0,DOWN_TO_UP,0.010486806594818114,0.010486806594818114,0.0,0.5,0.0,0.0,,,,9087.70002401889,1.0486806594818114,0.16361254801724456,1.7980401357602183,,79.0,1.0,5612.0,5612.0,2025-08-21 09:30:00,2025-08-21 09:30:00,9183.0009765625,9183.0009765625,1.0,0.0,0.0,78.0,-1.0,5536.0,5611.0,2025-08-19 09:00:00,2025-08-21 09:15:00,9193.0009765625,9168.0009765625,76.0,-0.271946017015956,-0.003578237065999421,13755.0,,13755.0,,892603.0,0.0,11744.776315789473,0.0,1.1711589586860005,,0.015409986298500005,,100.0,0.0,0.0,True,False,,,,,0.0,0.0,,,,,0.0,0.0,0.0,13.26584917394752,
AG:15m:1:-1:5553:5557:1,AG,1h,1669.0,2025-08-21 02:30:00,435.0,1.0,-1.0,CHoCH,1.0,9075.0009765625,315.0,BOS,-1.0,9155.0009765625,15.0,13.0,4.0,2.0,0.0,active_bear_internal_ob,internal,-1.0,15.0,9237.0009765625,9276.0009765625,9256.5009765625,0.5880430606271587,current_internal_low,internal,0.0,2.0,9031.0009765625,9031.0009765625,9031.0009765625,1.6552323188023725,9168.0009765625,9169.0009765625,9160.0009765625,9160.0009765625,4641.0,314105.0,0.0,0.0,0.0,0.0,0.0,0.0,,9276.0009765625,22.0,above,1.0127408266356621,9367.0009765625,False,,9031.0009765625,2.0,below,1.6552323188023725,9155.0009765625,False,,9367.0009765625,3.0,above,2.003702280655504,9526.0009765625,False,,8885.0009765625,103.0,below,3.2451265197572834,8563.0009765625,False,,0.0,0.0,-0.0012293087936312216,-16.0,NONE,0.011133508963580539,-0.003718786847619839,0.013263908006722468,0.8685904037221415,-0.0012293087936312216,-0.019668940698099546,0.0011923724906024447,-0.016495041757061846,,9059.140949597813,1.1133508963580538,-0.08726002560920376,-0.9496964307670271,,26.0,-1.0,1654.0,1669.0,2025-08-19 22:00:00,2025-08-21 02:00:00,9098.0009765625,9160.0009765625,16.0,0.6814683814578615,0.04259177384111634,25.0,1.0,1609.0,1653.0,2025-08-13 21:00:00,2025-08-19 21:00:00,9311.0009765625,9194.0009765625,45.0,-1.2565781089971972,-0.027923957977715495,639306.0,,39956.625,,1424561.0,0.0,31656.911111111112,0.0,1.262176996983632,,0.4487740433719581,,31.25,6.25,62.5,False,False,2025-08-20 13:30:00,9055.0009765625,,,1.0,0.0,2025-08-20 21:00:00,9157.0009765625,,,1.0,0.0,3.5667298369660148,28.958859626377507,2.0
AG:15m:1:-1:5553:5557:1,AG,4h,607.0,2025-08-21 02:30:00,435.0,1.0,-1.0,BOS,1.0,9075.0009765625,113.0,CHoCH,-1.0,9155.0009765625,5.0,7.0,2.0,2.0,0.0,active_bear_internal_ob,internal,-1.0,5.0,9225.0009765625,9276.0009765625,9250.5009765625,0.4573668249322345,current_internal_low,internal,0.0,8.0,9155.0009765625,9155.0009765625,9155.0009765625,0.3049112166214897,9159.0009765625,9169.0009765625,9158.0009765625,9160.0009765625,22297.0,314105.0,0.0,0.0,0.0,0.0,0.0,0.0,,9276.0009765625,4.0,above,1.0127408266356621,9367.0009765625,False,,9155.0009765625,8.0,below,0.3049112166214897,9136.0009765625,True,5.0,9526.0009765625,33.0,above,3.7351624036132494,9075.0009765625,False,,8885.0009765625,5.0,below,3.2451265197572834,8563.0009765625,False,,0.0,0.0,0.00022773236095667432,22.0,NONE,0.0036479012544393765,0.009195374477536085,0.01005429291650569,0.2905592411549922,0.00022773236095667432,0.005010111941046835,-0.0004179002102736584,0.0005540159891221919,0.004774622474283952,9126.707648283425,0.36479012544393763,0.0,-1.0227722954618494,,11.0,1.0,586.0,607.0,2025-08-13 21:00:00,2025-08-21 00:00:00,9317.0009765625,9160.0009765625,22.0,-1.685091591113319,-0.07659507232333268,10.0,-1.0,546.0,585.0,2025-07-30 21:00:00,2025-08-13 13:30:00,9094.0009765625,9300.0009765625,40.0,2.2652295786080634,0.056630739465201585,2063867.0,,93812.13636363637,,4728118.0,0.0,118202.95,0.0,0.7936530887227127,,0.43650919879749195,,18.181818181818183,63.63636363636363,18.181818181818183,False,False,2025-08-20 21:00:00,9160.0009765625,2025-08-19 21:00:00,9092.0009765625,1.0,1.0,2025-08-20 21:00:00,9160.0009765625,2025-08-18 21:00:00,9233.0009765625,2.0,2.0,1.0934076628491758,52.94373331281933,
AG:15m:1:-1:5553:5557:2,AG,5m,16875.0,2025-08-21 21:05:00,0.0,1.0,1.0,CHoCH,1.0,9177.0009765625,38.0,CHoCH,1.0,9184.0009765625,0.0,39.0,9.0,16.0,4.0,active_bear_internal_ob,internal,-1.0,266.0,9224.0009765625,9239.0009765625,9231.5009765625,0.1302648580968546,current_internal_high,internal,0.0,22.0,9184.0009765625,9184.0009765625,9184.0009765625,0.30395133555932735,9187.0,9215.0009765625,9187.0,9212.0009765625,21093.0,310661.0,2.0,2.0,0.0,2.0,1.0,1.0,active_bear_internal_ob|active_bear_swing_ob,9184.0009765625,22.0,below,0.30395133555932735,9196.0009765625,True,0.0,9171.0009765625,25.0,below,0.4450715984975866,9163.0009765625,True,16.0,9177.0009765625,40.0,below,0.37993916944915923,9218.0009765625,True,38.0,9153.0009765625,34.0,below,0.6404688856428684,9031.0009765625,False,,0.0,0.0,0.0,1.0,DOWN_BROKEN,0.004404763189565709,0.004404763189565709,0.0,0.5,0.0,0.0,,,,9171.602240623663,0.4404763189565709,0.545732314675651,4.241188957133892,,229.0,1.0,16875.0,16875.0,2025-08-21 21:00:00,2025-08-21 21:00:00,9212.0009765625,9212.0009765625,1.0,0.0,0.0,228.0,-1.0,16868.0,16874.0,2025-08-21 14:25:00,2025-08-21 14:55:00,9161.0009765625,9162.0009765625,7.0,0.010915837718594723,0.0015594053883706746,21093.0,,21093.0,,17436.0,0.0,2490.8571428571427,0.0,8.468169304886443,,1.2097384721266347,,0.0,100.0,0.0,True,False,,,,,0.0,0.0,2025-08-21 21:00:00,9212.0009765625,,,1.0,0.0,0.0,9.877092485200007,
AG:15m:1:-1:5553:5557:2,AG,15m,5624.0,2025-08-21 15:00:00,365.0,-1.0,1.0,CHoCH,-1.0,9155.0009765625,67.0,BOS,1.0,9168.0009765625,14.0,20.0,4.0,9.0,1.0,active_bear_swing_ob,swing,-1.0,67.0,9247.0009765625,9276.0009765625,9261.5009765625,0.37993916944915923,current_internal_high,internal,0.0,7.0,9196.0009765625,9196.0009765625,9196.0009765625,0.1736864774624728,9166.0009765625,9167.0009765625,9158.0009765625,9162.0009765625,6818.0,307098.0,1.0,1.0,0.0,1.0,1.0,0.0,active_bear_internal_ob,9196.0009765625,7.0,below,0.1736864774624728,9168.0009765625,False,,9158.0009765625,14.0,below,0.5861918614358457,9153.0009765625,False,,9276.0009765625,60.0,above,0.6947459098498912,9367.0009765625,False,,9155.0009765625,94.0,below,0.6187580759600593,9136.0009765625,True,67.0,0.0,0.0,0.0001543052364541681,13.0,NONE,0.006157670718202756,0.008508818291873029,0.0013228778228196352,0.03775964453305852,0.0001543052364541681,0.002005968073904185,0.0009090988116020604,0.001563641150793993,,9105.92966013229,0.6157670718202756,-0.043639532771466705,0.2830583587989236,,79.0,1.0,5612.0,5624.0,2025-08-21 09:30:00,2025-08-21 14:45:00,9183.0009765625,9162.0009765625,13.0,-0.228683412466113,-0.01759103172816254,78.0,-1.0,5536.0,5611.0,2025-08-19 09:00:00,2025-08-21 09:15:00,9193.0009765625,9168.0009765625,76.0,-0.271946017015956,-0.003578237065999421,82638.0,,6356.7692307692305,,892603.0,0.0,11744.776315789473,0.0,0.5412422561188586,,0.09258091223085739,,76.92307692307693,23.076923076923077,0.0,True,False,,,,,0.0,0.0,2025-08-21 14:30:00,9166.0009765625,2025-08-21 14:45:00,9162.0009765625,1.0,2.0,0.1554713918480486,12.42281972024674,
AG:15m:1:-1:5553:5557:2,AG,1h,1674.0,2025-08-21 15:00:00,365.0,1.0,-1.0,CHoCH,1.0,9075.0009765625,320.0,BOS,-1.0,9155.0009765625,20.0,13.0,4.0,2.0,0.0,active_bear_internal_ob,internal,-1.0,20.0,9237.0009765625,9276.0009765625,9256.5009765625,0.27138512103511375,current_internal_low,internal,0.0,7.0,9031.0009765625,9031.0009765625,9031.0009765625,1.9648282762942233,9172.0009765625,9182.0009765625,9158.0009765625,9162.0009765625,30806.0,307098.0,0.0,0.0,0.0,0.0,0.0,0.0,,9276.0009765625,27.0,above,0.6947459098498912,9367.0009765625,False,,9031.0009765625,7.0,below,1.9648282762942233,9155.0009765625,False,,9367.0009765625,8.0,above,1.6825877504177051,9526.0009765625,False,,8885.0009765625,108.0,below,3.5497173831392876,8563.0009765625,False,,0.0,0.0,-0.0008622595603391403,-21.0,NONE,0.009745937940192791,-8.547918374687386e-05,0.013285889881731199,0.7703467741514254,-0.0008622595603391403,-0.018107450767121946,0.0015928189932996606,0.00278709071745209,-0.018107450767121946,9073.570521365311,0.9745937940192791,-0.10902746331529212,0.008261661837486922,,26.0,-1.0,1654.0,1674.0,2025-08-19 22:00:00,2025-08-21 14:00:00,9098.0009765625,9162.0009765625,21.0,0.7034512324726183,0.03349767773679135,25.0,1.0,1609.0,1653.0,2025-08-13 21:00:00,2025-08-19 21:00:00,9311.0009765625,9194.0009765625,45.0,-1.2565781089971972,-0.027923957977715495,743993.0,,35428.23809523809,,1424561.0,0.0,31656.911111111112,0.0,1.1191312371219724,,0.5222612439902539,,47.61904761904761,4.761904761904762,47.61904761904761,False,False,2025-08-20 13:30:00,9055.0009765625,,,1.0,0.0,2025-08-20 21:00:00,9157.0009765625,,,1.0,0.0,155.42836629177674,25.91080328742597,4.0
AG:15m:1:-1:5553:5557:2,AG,4h,609.0,2025-08-21 15:00:00,365.0,1.0,-1.0,BOS,1.0,9075.0009765625,115.0,CHoCH,-1.0,9155.0009765625,7.0,7.0,2.0,2.0,0.0,active_bear_internal_ob,internal,-1.0,7.0,9225.0009765625,9276.0009765625,9250.5009765625,0.14112026293825913,current_internal_low,internal,0.0,10.0,9155.0009765625,9155.0009765625,9155.0009765625,0.6187580759600593,9181.0009765625,9184.0009765625,9158.0009765625,9162.0009765625,40199.0,307098.0,0.0,0.0,0.0,0.0,0.0,0.0,,9276.0009765625,6.0,above,0.6947459098498912,9367.0009765625,False,,9155.0009765625,10.0,below,0.6187580759600593,9136.0009765625,True,7.0,9526.0009765625,35.0,above,3.408597120201028,9075.0009765625,False,,8885.0009765625,7.0,below,3.5497173831392876,8563.0009765625,False,,0.0,0.0,0.0002169392318010499,24.0,NONE,0.003670870460516988,0.008819820637218501,0.009710948597730027,0.2979793099035398,0.0002169392318010499,0.005206541563225198,0.00021542993017376055,0.0001872481266349535,0.0034667834101240746,9128.49146688762,0.3670870460516988,-0.19607841051385577,-0.7073284559553273,,11.0,1.0,586.0,609.0,2025-08-13 21:00:00,2025-08-21 13:30:00,9317.0009765625,9162.0009765625,24.0,-1.6636254561946728,-0.0693177273414447,10.0,-1.0,546.0,585.0,2025-07-30 21:00:00,2025-08-13 13:30:00,9094.0009765625,9300.0009765625,40.0,2.2652295786080634,0.056630739465201585,2168554.0,,90356.41666666667,,4728118.0,0.0,118202.95,0.0,0.7644176111227907,,0.4586505666736744,,16.666666666666664,66.66666666666666,16.666666666666664,False,False,2025-08-20 21:00:00,9160.0009765625,2025-08-19 21:00:00,9092.0009765625,1.0,1.0,2025-08-20 21:00:00,9160.0009765625,2025-08-18 21:00:00,9233.0009765625,2.0,2.0,1.1010369708371486,49.89536188707381,
AG:15m:0:-1:5514:5557:1,AG,5m,16894.0,2025-08-21 22:40:00,0.0,1.0,1.0,CHoCH,1.0,9177.0009765625,57.0,BOS,1.0,9215.0009765625,6.0,40.0,6.0,16.0,3.0,active_bear_internal_ob,internal,-1.0,579.0,9292.0009765625,9301.0009765625,9296.5009765625,0.4975123852636882,current_internal_high,internal,0.0,14.0,9215.0009765625,9215.0009765625,9215.0009765625,0.3352800857211812,9239.0009765625,9254.0009765625,9239.0009765625,9246.0009765625,7988.0,317512.0,0.0,0.0,0.0,0.0,0.0,0.0,,9215.0009765625,14.0,below,0.3352800857211812,9184.0009765625,True,6.0,9193.0009765625,12.0,below,0.5732207917168582,9158.0009765625,False,,9177.0009765625,59.0,below,0.7462685778955324,9218.0009765625,True,57.0,9153.0009765625,53.0,below,1.0058402571635436,9031.0009765625,False,,0.0,0.0,0.00044778207216319423,20.0,NONE,-0.0008362937944541458,0.0027953217797395775,0.0012202809682947031,0.0014599425086829765,0.00044778207216319423,0.008955641443263884,0.0068254385346431246,0.007554567212516572,,9253.739821750924,-0.08362937944541458,0.07576576750838449,0.5166338600571525,,229.0,1.0,16875.0,16894.0,2025-08-21 21:00:00,2025-08-21 22:35:00,9212.0009765625,9246.0009765625,20.0,0.36908376460775827,0.018454188230387913,228.0,-1.0,16868.0,16874.0,2025-08-21 14:25:00,2025-08-21 14:55:00,9161.0009765625,9162.0009765625,7.0,0.010915837718594723,0.0015594053883706746,119152.0,,5957.6,,17436.0,0.0,2490.8571428571427,0.0,2.391787107134664,,6.833677448956182,,50.0,50.0,0.0,False,True,,,2025-08-21 22:35:00,9246.0009765625,0.0,1.0,2025-08-21 21:55:00,9201.0009765625,2025-08-21 21:50:00,9197.0009765625,3.0,2.0,0.4365440061817817,11.147850955881745,
AG:15m:0:-1:5514:5557:1,AG,15m,5630.0,2025-08-21 22:30:00,10.0,-1.0,1.0,CHoCH,-1.0,9155.0009765625,73.0,BOS,1.0,9196.0009765625,5.0,21.0,3.0,9.0,1.0,active_bear_swing_ob,swing,-1.0,73.0,9247.0009765625,9276.0009765625,9261.5009765625,0.010815486636167135,current_internal_high,internal,0.0,13.0,9196.0009765625,9196.0009765625,9196.0009765625,0.5407743318083568,9226.0009765625,9237.0009765625,9221.0009765625,9234.0009765625,16657.0,315663.0,0.0,0.0,0.0,0.0,0.0,0.0,,9196.0009765625,13.0,below,0.5407743318083568,9168.0009765625,True,5.0,9158.0009765625,1.0,below,0.9517628239827078,9158.0009765625,False,,9276.0009765625,66.0,above,0.32446459908501407,9367.0009765625,False,,9155.0009765625,100.0,below,0.9842092838912093,9136.0009765625,True,73.0,0.0,0.0,0.00028852123147606994,19.0,NONE,0.010559000788938693,0.008804688806547976,0.0012669869459529333,0.916917647846321,0.00028852123147606994,0.005481903398045329,0.0023070423394129236,0.004291645060758631,,9137.517917660976,1.0559000788938693,0.08671145841327998,0.9957100547271466,,79.0,1.0,5612.0,5630.0,2025-08-21 09:30:00,2025-08-21 22:15:00,9183.0009765625,9234.0009765625,19.0,0.5553740017034237,0.029230210615969667,78.0,-1.0,5536.0,5611.0,2025-08-19 09:00:00,2025-08-21 09:15:00,9193.0009765625,9168.0009765625,76.0,-0.271946017015956,-0.003578237065999421,187635.0,,9875.526315789473,,892603.0,0.0,11744.776315789473,0.0,0.8408441378754048,,0.21021103446885123,,78.94736842105263,21.052631578947366,0.0,False,False,,,,,0.0,0.0,2025-08-21 21:00:00,9199.0009765625,2025-08-21 14:45:00,9162.0009765625,2.0,2.0,0.14389911713980003,16.558590732691158,
AG:15m:0:-1:5514:5557:1,AG,1h,1675.0,2025-08-21 22:00:00,40.0,1.0,-1.0,CHoCH,1.0,9075.0009765625,321.0,BOS,-1.0,9155.0009765625,21.0,13.0,4.0,2.0,0.0,current_internal_high,internal,0.0,28.0,9276.0009765625,9276.0009765625,9276.0009765625,0.32446459908501407,current_internal_low,internal,0.0,8.0,9031.0009765625,9031.0009765625,9031.0009765625,2.3253296267759342,9187.0,9215.0009765625,9187.0,9201.0009765625,69004.0,312535.0,1.0,1.0,0.0,1.0,1.0,0.0,active_bear_internal_ob,9276.0009765625,28.0,above,0.32446459908501407,9367.0009765625,False,,9031.0009765625,8.0,below,2.3253296267759342,9155.0009765625,False,,9367.0009765625,9.0,above,1.3086738829762234,9526.0009765625,False,,8885.0009765625,109.0,below,3.9043906756563356,8563.0009765625,False,,0.0,0.0,-0.0007701618253046191,-22.0,NONE,0.012843557123726597,0.0005022042847746476,0.01325685768998855,0.8240579671973994,-0.0007701618253046191,-0.01694356015670162,0.0020772654381182587,0.003346885725514115,-0.015891061935916606,9084.325917707869,1.2843557123726597,0.4256712054470091,1.4252029282597396,,26.0,-1.0,1654.0,1675.0,2025-08-19 22:00:00,2025-08-21 21:00:00,9098.0009765625,9201.0009765625,22.0,1.1321168272606208,0.051459855784573676,25.0,1.0,1609.0,1653.0,2025-08-13 21:00:00,2025-08-19 21:00:00,9311.0009765625,9194.0009765625,45.0,-1.2565781089971972,-0.027923957977715495,812997.0,,36954.40909090909,,1424561.0,0.0,31656.911111111112,0.0,1.1673409626480782,,0.5707000261835049,,50.0,4.545454545454546,45.45454545454545,False,False,2025-08-20 13:30:00,9055.0009765625,,,1.0,0.0,2025-08-20 21:00:00,9157.0009765625,,,1.0,0.0,26.397340866849145,27.845745909752686,4.0
AG:15m:0:-1:5514:5557:1,AG,4h,609.0,2025-08-21 15:00:00,460.0,1.0,-1.0,BOS,1.0,9075.0009765625,115.0,CHoCH,-1.0,9155.0009765625,7.0,7.0,2.0,2.0,0.0,current_internal_high,internal,0.0,6.0,9276.0009765625,9276.0009765625,9276.0009765625,0.32446459908501407,current_internal_low,internal,0.0,10.0,9155.0009765625,9155.0009765625,9155.0009765625,0.9842092838912093,9181.0009765625,9184.0009765625,9158.0009765625,9162.0009765625,40199.0,307098.0,1.0,1.0,0.0,1.0,1.0,0.0,active_bear_internal_ob,9276.0009765625,6.0,above,0.32446459908501407,9367.0009765625,False,,9155.0009765625,10.0,below,0.9842092838912093,9136.0009765625,True,7.0,9526.0009765625,35.0,above,3.028336258126798,9075.0009765625,False,,8885.0009765625,7.0,below,3.9043906756563356,8563.0009765625,False,,0.0,0.0,0.0002169392318010499,24.0,NONE,0.003670870460516988,0.008819820637218501,0.009710948597730027,0.2979793099035398,0.0002169392318010499,0.005206541563225198,0.00021542993017376055,0.0001872481266349535,0.0034667834101240746,9128.49146688762,0.3670870460516988,-0.19607841051385577,-0.7073284559553273,,11.0,1.0,586.0,609.0,2025-08-13 21:00:00,2025-08-21 13:30:00,9317.0009765625,9162.0009765625,24.0,-1.6636254561946728,-0.0693177273414447,10.0,-1.0,546.0,585.0,2025-07-30 21:00:00,2025-08-13 13:30:00,9094.0009765625,9300.0009765625,40.0,2.2652295786080634,0.056630739465201585,2168554.0,,90356.41666666667,,4728118.0,0.0,118202.95,0.0,0.7644176111227907,,0.4586505666736744,,16.666666666666664,66.66666666666666,16.666666666666664,False,False,2025-08-20 21:00:00,9160.0009765625,2025-08-19 21:00:00,9092.0009765625,1.0,1.0,2025-08-20 21:00:00,9160.0009765625,2025-08-18 21:00:00,9233.0009765625,2.0,2.0,1.1010369708371486,49.89536188707381,
AG:15m:0:-1:5514:5557:2,AG,5m,16907.0,2025-08-21 23:45:00,0.0,1.0,1.0,CHoCH,1.0,9177.0009765625,70.0,BOS,1.0,9215.0009765625,19.0,40.0,6.0,16.0,3.0,current_internal_high,internal,0.0,8.0,9254.0009765625,9254.0009765625,9254.0009765625,0.09734990859185828,current_internal_low,internal,0.0,0.0,9221.0009765625,9221.0009765625,9221.0009765625,0.25959975624495546,9241.0009765625,9247.0009765625,9241.0009765625,9245.0009765625,3254.0,318740.0,0.0,0.0,0.0,0.0,0.0,0.0,,9254.0009765625,8.0,above,0.09734990859185828,9215.0009765625,False,,9221.0009765625,0.0,below,0.25959975624495546,9193.0009765625,False,,9177.0009765625,72.0,below,0.7355326426940404,9218.0009765625,True,70.0,9153.0009765625,66.0,below,0.9951323989389959,9031.0009765625,False,,0.0,0.0,0.0002588655509936837,33.0,NONE,-0.0005351655986965748,0.0010213905499437755,0.0024242829471833598,0.2604142957469249,0.0002588655509936837,0.008542563182791563,-0.00011354530706297883,-0.0003340529008868387,0.006905823911315556,9249.951232251622,-0.05351655986965748,0.04328535415314416,-0.8500477910937296,,229.0,1.0,16875.0,16907.0,2025-08-21 21:00:00,2025-08-21 23:40:00,9212.0009765625,9245.0009765625,33.0,0.3582283597663549,0.010855404841404695,228.0,-1.0,16868.0,16874.0,2025-08-21 14:25:00,2025-08-21 14:55:00,9161.0009765625,9162.0009765625,7.0,0.010915837718594723,0.0015594053883706746,167924.0,,5088.606060606061,,17436.0,0.0,2490.8571428571427,0.0,2.042913651310073,,9.630878641890343,,51.515151515151516,48.484848484848484,0.0,False,True,,,2025-08-21 22:35:00,9246.0009765625,0.0,1.0,2025-08-21 23:15:00,9230.0009765625,2025-08-21 23:10:00,9224.0009765625,4.0,3.0,2.373512215593545,9.262085412715306,
AG:15m:0:-1:5514:5557:2,AG,15m,5635.0,2025-08-21 23:45:00,0.0,-1.0,1.0,CHoCH,-1.0,9155.0009765625,78.0,BOS,1.0,9196.0009765625,10.0,21.0,3.0,9.0,1.0,active_bear_swing_ob,swing,-1.0,78.0,9247.0009765625,9276.0009765625,9261.5009765625,0.021633313020412954,current_internal_high,internal,0.0,18.0,9196.0009765625,9196.0009765625,9196.0009765625,0.5300161690001174,9235.0009765625,9247.0009765625,9231.0009765625,9245.0009765625,9423.0,318740.0,0.0,0.0,0.0,0.0,0.0,0.0,,9196.0009765625,18.0,below,0.5300161690001174,9168.0009765625,True,10.0,9158.0009765625,6.0,below,0.9410491163879635,9158.0009765625,False,,9276.0009765625,71.0,above,0.3353163518164008,9367.0009765625,False,,9031.0009765625,3.0,below,2.3147644931841858,9155.0009765625,False,,0.0,0.0,0.0007542386751316447,24.0,NONE,-0.0007784225232955621,0.006599487618680808,0.0044576739217278265,0.048951788190519596,0.0007542386751316447,0.018101728203159473,0.012551021318698119,0.014887019395696033,0.01748969635879316,9252.203099845525,-0.07784225232955622,0.10828369185211795,-0.20484404982131468,,79.0,1.0,5612.0,5635.0,2025-08-21 09:30:00,2025-08-21 23:30:00,9183.0009765625,9245.0009765625,24.0,0.6751605510904479,0.028131689628768664,78.0,-1.0,5536.0,5611.0,2025-08-19 09:00:00,2025-08-21 09:15:00,9193.0009765625,9168.0009765625,76.0,-0.271946017015956,-0.003578237065999421,250562.0,,10440.083333333334,,892603.0,0.0,11744.776315789473,0.0,0.8889129135050335,,0.28070934110685264,,83.33333333333334,16.666666666666664,0.0,False,True,,,2025-08-21 22:30:00,9240.0009765625,0.0,1.0,2025-08-21 21:00:00,9199.0009765625,2025-08-21 14:45:00,9162.0009765625,2.0,2.0,0.675457577814031,16.86804387478636,
AG:15m:0:-1:5514:5557:2,AG,1h,1676.0,2025-08-21 23:00:00,45.0,1.0,-1.0,CHoCH,1.0,9075.0009765625,322.0,BOS,-1.0,9155.0009765625,22.0,13.0,4.0,2.0,0.0,current_internal_high,internal,0.0,29.0,9276.0009765625,9276.0009765625,9276.0009765625,0.3353163518164008,current_internal_low,internal,0.0,9.0,9031.0009765625,9031.0009765625,9031.0009765625,2.3147644931841858,9202.0009765625,9254.0009765625,9200.0009765625,9238.0009765625,64510.0,317810.0,1.0,1.0,0.0,1.0,1.0,0.0,active_bear_internal_ob,9276.0009765625,29.0,above,0.3353163518164008,9367.0009765625,False,,9031.0009765625,9.0,below,2.3147644931841858,9155.0009765625,False,,9367.0009765625,10.0,above,1.3196320942451902,9526.0009765625,False,,8885.0009765625,110.0,below,3.8939963436743317,8563.0009765625,False,,0.0,0.0,-0.0006846790103868867,-23.0,NONE,0.015680874186744628,0.0011621464544255163,0.013329843998439441,0.8619648625330069,-0.0006846790103868867,-0.015747617238898393,0.003069289596289826,0.004314223733829614,-0.014196449764539931,9095.377506206725,1.5680874186744627,0.4021301605580563,1.154974917940155,,26.0,-1.0,1654.0,1676.0,2025-08-19 22:00:00,2025-08-21 22:00:00,9098.0009765625,9238.0009765625,23.0,1.5387995710338664,0.0669043291753855,25.0,1.0,1609.0,1653.0,2025-08-13 21:00:00,2025-08-19 21:00:00,9311.0009765625,9194.0009765625,45.0,-1.2565781089971972,-0.027923957977715495,877507.0,,38152.47826086957,,1424561.0,0.0,31656.911111111112,0.0,1.205186384955878,,0.6159841523107821,,52.17391304347826,4.3478260869565215,43.47826086956522,False,False,2025-08-20 13:30:00,9055.0009765625,,,1.0,0.0,2025-08-20 21:00:00,9157.0009765625,,,1.0,0.0,11.470020794434882,29.713906916198926,4.0
AG:15m:0:-1:5514:5557:2,AG,4h,609.0,2025-08-21 15:00:00,525.0,1.0,-1.0,BOS,1.0,9075.0009765625,115.0,CHoCH,-1.0,9155.0009765625,7.0,7.0,2.0,2.0,0.0,current_internal_high,internal,0.0,6.0,9276.0009765625,9276.0009765625,9276.0009765625,0.3353163518164008,current_internal_low,internal,0.0,10.0,9155.0009765625,9155.0009765625,9155.0009765625,0.9734990859185829,9181.0009765625,9184.0009765625,9158.0009765625,9162.0009765625,40199.0,307098.0,1.0,1.0,0.0,1.0,1.0,0.0,active_bear_internal_ob,9276.0009765625,6.0,above,0.3353163518164008,9367.0009765625,False,,9155.0009765625,10.0,below,0.9734990859185829,9136.0009765625,True,7.0,9526.0009765625,35.0,above,3.0394804793680197,9075.0009765625,False,,8885.0009765625,7.0,below,3.8939963436743317,8563.0009765625,False,,0.0,0.0,0.0002169392318010499,24.0,NONE,0.003670870460516988,0.008819820637218501,0.009710948597730027,0.2979793099035398,0.0002169392318010499,0.005206541563225198,0.00021542993017376055,0.0001872481266349535,0.0034667834101240746,9128.49146688762,0.3670870460516988,-0.19607841051385577,-0.7073284559553273,,11.0,1.0,586.0,609.0,2025-08-13 21:00:00,2025-08-21 13:30:00,9317.0009765625,9162.0009765625,24.0,-1.6636254561946728,-0.0693177273414447,10.0,-1.0,546.0,585.0,2025-07-30 21:00:00,2025-08-13 13:30:00,9094.0009765625,9300.0009765625,40.0,2.2652295786080634,0.056630739465201585,2168554.0,,90356.41666666667,,4728118.0,0.0,118202.95,0.0,0.7644176111227907,,0.4586505666736744,,16.666666666666664,66.66666666666666,16.666666666666664,False,False,2025-08-20 21:00:00,9160.0009765625,2025-08-19 21:00:00,9092.0009765625,1.0,1.0,2025-08-20 21:00:00,9160.0009765625,2025-08-18 21:00:00,9233.0009765625,2.0,2.0,1.1010369708371486,49.89536188707381,
AG:15m:0:-1:5514:5557:3,AG,5m,16955.0,2025-08-22 10:15:00,0.0,1.0,1.0,CHoCH,1.0,9177.0009765625,118.0,CHoCH,1.0,9239.0009765625,13.0,41.0,6.0,16.0,3.0,current_swing_high,swing,0.0,11.0,9254.0009765625,9254.0009765625,9254.0009765625,0.08652389308933708,active_bull_internal_ob,internal,1.0,13.0,9227.0009765625,9233.0009765625,9230.0009765625,0.14060132627017274,9236.0009765625,9250.0009765625,9235.0009765625,9246.0009765625,5592.0,312899.0,1.0,0.0,0.0,0.0,1.0,0.0,current_internal_high,9246.0009765625,6.0,overlap,0.0,9239.0009765625,False,,9227.0009765625,10.0,below,0.2054942460871756,9232.0009765625,False,,9254.0009765625,11.0,above,0.08652389308933708,9177.0009765625,False,,9221.0009765625,3.0,below,0.2703871659041784,9153.0009765625,False,,0.0,0.0,0.0,1.0,DOWN_BROKEN,0.0018187273170825547,0.0018187273170825547,0.0,0.5,0.0,0.0,,,,9229.215550126242,0.18187273170825546,0.11911206103731864,2.3991758725428367,,231.0,1.0,16955.0,16955.0,2025-08-22 10:10:00,2025-08-22 10:10:00,9246.0009765625,9246.0009765625,1.0,0.0,0.0,230.0,-1.0,16952.0,16954.0,2025-08-22 09:55:00,2025-08-22 10:05:00,9232.0009765625,9235.0009765625,3.0,0.032495663806964004,0.010831887935654668,5592.0,,5592.0,,4866.0,0.0,1622.0,0.0,3.4475955610357585,,1.1491985203452528,,100.0,0.0,0.0,True,False,,,,,0.0,0.0,,,,,0.0,0.0,0.0,6.803729404793613,
AG:15m:0:-1:5514:5557:3,AG,15m,5651.0,2025-08-22 10:15:00,0.0,-1.0,1.0,CHoCH,-1.0,9155.0009765625,94.0,BOS,1.0,9241.0009765625,4.0,22.0,3.0,9.0,1.0,active_bear_swing_ob,swing,-1.0,94.0,9247.0009765625,9276.0009765625,9261.5009765625,0.010815486636167135,current_internal_high,internal,0.0,5.0,9241.0009765625,9241.0009765625,9241.0009765625,0.054077433180835674,9233.0009765625,9250.0009765625,9228.0009765625,9246.0009765625,8741.0,312899.0,0.0,0.0,0.0,0.0,0.0,0.0,,9241.0009765625,5.0,below,0.054077433180835674,9247.0009765625,True,4.0,9231.0009765625,7.0,below,0.16223229954250704,9221.0009765625,False,,9276.0009765625,87.0,above,0.32446459908501407,9367.0009765625,False,,9031.0009765625,19.0,below,2.3253296267759342,9155.0009765625,False,,0.0,0.0,0.0004466926107189129,40.0,NONE,-0.00044057857073600133,0.0033435055989201614,0.00528109737891109,0.2368309375782346,0.0004466926107189129,0.017867704428756515,-0.00012674704537896098,-0.0001707562542252461,-0.0003799443981963302,9250.076361985262,-0.04405785707360013,0.15164643109919496,0.8937534380142966,,79.0,1.0,5612.0,5651.0,2025-08-21 09:30:00,2025-08-22 10:00:00,9183.0009765625,9246.0009765625,40.0,0.6860502373983612,0.01715125593495903,78.0,-1.0,5536.0,5611.0,2025-08-19 09:00:00,2025-08-21 09:15:00,9193.0009765625,9168.0009765625,76.0,-0.271946017015956,-0.003578237065999421,317822.0,,7945.55,,892603.0,0.0,11744.776315789473,0.0,0.6765177800209052,,0.3560619894846869,,90.0,10.0,0.0,False,True,,,2025-08-21 22:30:00,9240.0009765625,0.0,1.0,2025-08-21 21:00:00,9199.0009765625,2025-08-21 14:45:00,9162.0009765625,2.0,2.0,1.579509057982946,12.198539447466853,
AG:15m:0:-1:5514:5557:3,AG,1h,1681.0,2025-08-22 10:00:00,15.0,1.0,-1.0,CHoCH,1.0,9075.0009765625,327.0,BOS,-1.0,9155.0009765625,27.0,13.0,4.0,2.0,0.0,current_internal_high,internal,0.0,0.0,9254.0009765625,9254.0009765625,9254.0009765625,0.08652389308933708,current_internal_low,internal,0.0,14.0,9031.0009765625,9031.0009765625,9031.0009765625,2.3253296267759342,9240.0009765625,9246.0009765625,9227.0009765625,9232.0009765625,28515.0,312389.0,1.0,1.0,0.0,1.0,1.0,0.0,active_bear_internal_ob,9254.0009765625,0.0,above,0.08652389308933708,9276.0009765625,False,,9031.0009765625,14.0,below,2.3253296267759342,9155.0009765625,False,,9367.0009765625,15.0,above,1.3086738829762234,9526.0009765625,False,,8885.0009765625,115.0,below,3.9043906756563356,8563.0009765625,False,,0.0,0.0,-0.0005045838829336814,-28.0,NONE,0.013354052545365452,0.0035056479773326746,0.01308735305095471,0.7741287214668209,-0.0005045838829336814,-0.01412834872214308,0.001645176120592895,0.004719515238833738,-0.01029736840163109,9110.341004087715,1.3354052545365453,-0.010830714764775706,-0.053191208643123294,,26.0,-1.0,1654.0,1681.0,2025-08-19 22:00:00,2025-08-22 09:00:00,9098.0009765625,9232.0009765625,28.0,1.4728510179895515,0.05260182207105541,25.0,1.0,1609.0,1653.0,2025-08-13 21:00:00,2025-08-19 21:00:00,9311.0009765625,9194.0009765625,45.0,-1.2565781089971972,-0.027923957977715495,970436.0,,34658.42857142857,,1424561.0,0.0,31656.911111111112,0.0,1.0948139712615224,,0.6812175821182807,,60.71428571428571,3.571428571428571,35.714285714285715,False,False,2025-08-20 13:30:00,9055.0009765625,,,1.0,0.0,2025-08-20 21:00:00,9157.0009765625,,,1.0,0.0,3.733219403538749,25.16418315403598,4.0
AG:15m:0:-1:5514:5557:3,AG,4h,611.0,2025-08-22 02:30:00,465.0,1.0,-1.0,BOS,1.0,9075.0009765625,117.0,CHoCH,-1.0,9155.0009765625,9.0,7.0,2.0,2.0,0.0,current_internal_high,internal,0.0,8.0,9276.0009765625,9276.0009765625,9276.0009765625,0.32446459908501407,current_internal_low,internal,0.0,1.0,9031.0009765625,9031.0009765625,9031.0009765625,2.3253296267759342,9239.0009765625,9242.0009765625,9227.0009765625,9233.0009765625,24684.0,316437.0,1.0,1.0,0.0,1.0,1.0,0.0,active_bear_internal_ob,9276.0009765625,8.0,above,0.32446459908501407,9367.0009765625,False,,9031.0009765625,1.0,below,2.3253296267759342,9155.0009765625,False,,9526.0009765625,37.0,above,3.028336258126798,9075.0009765625,False,,8885.0009765625,9.0,below,3.9043906756563356,8563.0009765625,False,,0.0,0.0,0.00022918836891031664,26.0,NONE,0.010692254507841682,0.008992871802427199,0.009349801567417873,0.5721128991152324,0.00022918836891031664,0.005958897591668233,0.0009746539535189225,0.000519574336865114,0.00299833916375869,9135.323769804218,1.069225450784168,-0.06494208643575972,-0.9436557219637829,,11.0,1.0,586.0,611.0,2025-08-13 21:00:00,2025-08-22 00:00:00,9317.0009765625,9233.0009765625,26.0,-0.90157766658292,-0.03467606409934308,10.0,-1.0,546.0,585.0,2025-07-30 21:00:00,2025-08-13 13:30:00,9094.0009765625,9300.0009765625,40.0,2.2652295786080634,0.056630739465201585,2366482.0,,91018.53846153847,,4728118.0,0.0,118202.95,0.0,0.7700191785529757,,0.5005124660594342,,23.076923076923077,61.53846153846154,15.384615384615385,False,False,2025-08-20 21:00:00,9160.0009765625,2025-08-19 21:00:00,9092.0009765625,1.0,1.0,2025-08-20 21:00:00,9160.0009765625,2025-08-18 21:00:00,9233.0009765625,2.0,2.0,1.0396902983643488,50.1954906067116,
AG:15m:0:-1:5514:5557:4,AG,5m,16998.0,2025-08-22 22:05:00,0.0,-1.0,1.0,CHoCH,-1.0,9221.0009765625,32.0,CHoCH,1.0,9218.0009765625,0.0,39.0,6.0,16.0,3.0,current_swing_high,swing,0.0,54.0,9254.0009765625,9254.0009765625,9254.0009765625,0.010807304598075392,current_swing_low,swing,0.0,46.0,9221.0009765625,9221.0009765625,9221.0009765625,0.34583374713841253,9197.0009765625,9267.0009765625,9197.0009765625,9253.0009765625,37319.0,304368.0,0.0,0.0,0.0,0.0,0.0,0.0,,9218.0009765625,21.0,below,0.37825566093263874,9250.0009765625,True,0.0,9155.0009765625,7.0,below,1.0591158506113885,9200.0009765625,False,,9254.0009765625,54.0,above,0.010807304598075392,9177.0009765625,False,,9221.0009765625,46.0,below,0.34583374713841253,9153.0009765625,True,32.0,0.0,0.0,0.0,1.0,DOWN_BROKEN,0.009309191945830617,0.009309191945830617,0.0,0.5,0.0,0.0,,,,9167.657493264072,0.9309191945830617,0.6198346449209247,4.104695833888261,,233.0,1.0,16998.0,16998.0,2025-08-22 22:00:00,2025-08-22 22:00:00,9253.0009765625,9253.0009765625,1.0,0.0,0.0,232.0,-1.0,16961.0,16997.0,2025-08-22 10:55:00,2025-08-22 21:55:00,9230.0009765625,9196.0009765625,37.0,-0.36836399136180864,-0.009955783550319152,37319.0,,37319.0,,128373.0,0.0,3469.5405405405404,0.0,10.756179258878426,,0.2907075475372547,,100.0,0.0,0.0,True,False,,,,,0.0,0.0,,,,,0.0,0.0,0.0,14.702866880231127,
AG:15m:0:-1:5514:5557:4,AG,15m,5665.0,2025-08-22 22:00:00,5.0,-1.0,-1.0,CHoCH,-1.0,9155.0009765625,108.0,CHoCH,-1.0,9231.0009765625,12.0,19.0,4.0,9.0,1.0,current_swing_high,swing,0.0,101.0,9276.0009765625,9276.0009765625,9276.0009765625,0.248568005755734,active_bear_internal_ob,internal,-1.0,12.0,9228.0009765625,9250.0009765625,9239.0009765625,0.032421913794226175,9200.0009765625,9201.0009765625,9188.0009765625,9196.0009765625,7918.0,301676.0,1.0,1.0,0.0,1.0,0.0,1.0,active_bear_swing_ob,9241.0009765625,19.0,below,0.1296876551769047,9247.0009765625,True,18.0,9231.0009765625,21.0,below,0.23776070115765863,9221.0009765625,True,12.0,9276.0009765625,101.0,above,0.248568005755734,9367.0009765625,False,,9031.0009765625,33.0,below,2.399221620772737,9155.0009765625,False,,0.0,0.0,4.2702453603993273e-05,-4.0,NONE,0.004252077775501622,0.003684913184937767,0.0010726734207133774,0.7015068437012976,4.2702453603993273e-05,0.0001708098144159731,,,,9157.064426426057,0.4252077775501622,-0.043478256254425585,-0.19072414262877485,,80.0,-1.0,5662.0,5665.0,2025-08-22 21:00:00,2025-08-22 21:45:00,9173.0009765625,9196.0009765625,4.0,0.25073582853383236,0.06268395713345809,79.0,1.0,5612.0,5661.0,2025-08-21 09:30:00,2025-08-22 14:45:00,9183.0009765625,9192.0009765625,50.0,0.09800717677119763,0.0019601435354239527,52910.0,,13227.5,,400133.0,0.0,8002.66,0.0,1.6528879147683395,,0.13223103318146717,,0.0,50.0,50.0,True,False,2025-08-22 21:00:00,9173.0009765625,,,1.0,0.0,2025-08-22 21:30:00,9200.0009765625,,,1.0,0.0,0.2910986953771323,15.951858735592312,
AG:15m:0:-1:5514:5557:4,AG,1h,1686.0,2025-08-22 22:00:00,5.0,1.0,-1.0,CHoCH,1.0,9075.0009765625,332.0,BOS,-1.0,9221.0009765625,2.0,13.0,5.0,2.0,0.0,current_internal_high,internal,0.0,5.0,9254.0009765625,9254.0009765625,9254.0009765625,0.010807304598075392,active_bear_internal_ob,internal,-1.0,2.0,9227.0009765625,9250.0009765625,9238.5009765625,0.032421913794226175,9168.0,9204.0009765625,9155.0009765625,9196.0009765625,52910.0,301676.0,1.0,1.0,0.0,1.0,1.0,0.0,active_bear_internal_ob,9254.0009765625,5.0,above,0.010807304598075392,9276.0009765625,False,,9221.0009765625,4.0,below,0.34583374713841253,9031.0009765625,True,2.0,9367.0009765625,20.0,above,1.2320327241805948,9526.0009765625,False,,8885.0009765625,120.0,below,3.977088092091744,8563.0009765625,False,,0.0,0.0,-0.00037820786799886043,-33.0,NONE,0.007718501705369926,0.004510885670956106,0.012315480683677,0.6027431977388523,-0.00037820786799886043,-0.012480859643962394,0.001671098946850913,0.0033190243195264646,0.0076475670668485485,9125.5652853451,0.7718501705369926,0.04351609633417297,1.41631354963313,,26.0,-1.0,1654.0,1686.0,2025-08-19 22:00:00,2025-08-22 21:00:00,9098.0009765625,9196.0009765625,33.0,1.0771596997237065,0.0326412030219305,25.0,1.0,1609.0,1653.0,2025-08-13 21:00:00,2025-08-19 21:00:00,9311.0009765625,9194.0009765625,45.0,-1.2565781089971972,-0.027923957977715495,1114398.0,,33769.63636363636,,1424561.0,0.0,31656.911111111112,0.0,1.0667381996022889,,0.7822746797083452,,60.60606060606061,9.090909090909092,30.303030303030305,True,False,2025-08-20 13:30:00,9055.0009765625,,,1.0,0.0,2025-08-20 21:00:00,9157.0009765625,2025-08-22 14:00:00,9192.0009765625,1.0,1.0,2.7301691024828547,26.812790161486813,4.0
AG:15m:0:-1:5514:5557:4,AG,4h,613.0,2025-08-22 15:00:00,425.0,1.0,-1.0,BOS,1.0,9075.0009765625,119.0,CHoCH,-1.0,9155.0009765625,11.0,7.0,2.0,2.0,0.0,current_internal_high,internal,0.0,10.0,9276.0009765625,9276.0009765625,9276.0009765625,0.248568005755734,current_internal_low,internal,0.0,3.0,9031.0009765625,9031.0009765625,9031.0009765625,2.399221620772737,9221.0009765625,9221.0009765625,9178.0009765625,9192.0009765625,60679.0,303690.0,1.0,1.0,0.0,1.0,1.0,0.0,active_bear_internal_ob,9276.0009765625,10.0,above,0.248568005755734,9367.0009765625,False,,9031.0009765625,3.0,below,2.399221620772737,9155.0009765625,False,,9526.0009765625,39.0,above,2.950394155274582,9075.0009765625,False,,8885.0009765625,11.0,below,3.977088092091744,8563.0009765625,False,,0.0,0.0,0.00022611347761061377,28.0,NONE,0.005831948702314877,0.00890131094871612,0.009029716602492816,0.366959180544788,0.00022611347761061377,0.006331177373097185,0.0011823909737154192,0.0010525298551589124,0.002982741302556491,9138.70452059279,0.5831948702314877,-0.3577235393670053,-0.3906073445435355,,11.0,1.0,586.0,613.0,2025-08-13 21:00:00,2025-08-22 13:30:00,9317.0009765625,9192.0009765625,28.0,-1.341633432415057,-0.04791547972910918,10.0,-1.0,546.0,585.0,2025-07-30 21:00:00,2025-08-13 13:30:00,9094.0009765625,9300.0009765625,40.0,2.2652295786080634,0.056630739465201585,2486049.0,,88787.46428571429,,4728118.0,0.0,118202.95,0.0,0.7511442335890457,,0.525800963512332,,28.57142857142857,57.14285714285714,14.285714285714285,False,False,2025-08-20 21:00:00,9160.0009765625,2025-08-19 21:00:00,9092.0009765625,1.0,1.0,2025-08-20 21:00:00,9160.0009765625,2025-08-18 21:00:00,9233.0009765625,2.0,2.0,1.0144254767097218,48.7603975129299,
AG:15m:1:-1:5576:5582:1,AG,5m,16752.0,2025-08-20 14:05:00,0.0,-1.0,-1.0,BOS,-1.0,9160.0009765625,81.0,BOS,-1.0,9037.0009765625,4.0,34.0,12.0,15.0,4.0,active_bear_internal_ob,internal,-1.0,28.0,9063.0009765625,9074.0009765625,9068.5009765625,0.14364639333926177,current_internal_low,internal,0.0,22.0,9037.0009765625,9037.0009765625,9037.0009765625,0.14364639333926177,9055.0009765625,9059.0009765625,9047.0009765625,9050.0009765625,5161.0,321368.0,0.0,0.0,0.0,0.0,0.0,0.0,,9072.0009765625,19.0,above,0.2430938964202891,9074.0009765625,False,,9037.0009765625,22.0,below,0.14364639333926177,9054.0009765625,True,4.0,9218.0009765625,49.0,above,1.8563533908458445,9276.0009765625,False,,9160.0009765625,82.0,above,1.2154694821014456,9155.0009765625,True,81.0,-1.0,-1.0,-0.00014196331916432314,-176.0,DOWN_CONFIRMED,0.0018842824493117828,-0.0035613280943035727,0.0020141203227128594,0.9965715628392526,-0.00014196331916432314,-0.02498554417292087,-0.004716261174521619,-0.005406421283554952,-0.00615395732647861,9032.98029033644,0.18842824493117827,-0.05521810558543061,1.4312663966896002,,226.0,-1.0,16577.0,16752.0,2025-08-18 23:55:00,2025-08-20 14:00:00,9233.0009765625,9050.0009765625,176.0,-1.9820208019530772,-0.011261481829278847,225.0,1.0,16496.0,16576.0,2025-08-16 02:25:00,2025-08-18 23:50:00,9217.0009765625,9231.0009765625,81.0,0.15189322465734012,0.001875224995769631,665844.0,,3783.2045454545455,,223746.0,0.0,2762.296296296296,0.0,1.3695868001296927,,2.9758923064546403,,5.113636363636364,40.340909090909086,54.54545454545454,True,False,2025-08-20 13:40:00,9036.0009765625,2025-08-19 21:45:00,9196.0009765625,3.0,2.0,2025-08-20 13:55:00,9055.0009765625,2025-08-20 14:00:00,9050.0009765625,12.0,12.0,0.5655531502235056,9.918476930445568,
AG:15m:1:-1:5576:5582:1,AG,15m,5583.0,2025-08-20 14:00:00,5.0,-1.0,-1.0,CHoCH,-1.0,9155.0009765625,26.0,BOS,-1.0,9037.0009765625,1.0,18.0,5.0,9.0,1.0,active_bear_internal_ob,internal,-1.0,1.0,9056.0009765625,9072.0009765625,9064.0009765625,0.0662983353873516,current_internal_low,internal,0.0,3.0,9037.0009765625,9037.0009765625,9037.0009765625,0.14364639333926177,9036.0009765625,9055.0009765625,9033.0009765625,9055.0009765625,10319.0,322301.0,0.0,0.0,0.0,0.0,0.0,0.0,,9072.0009765625,2.0,above,0.2430938964202891,9218.0009765625,False,,9037.0009765625,3.0,below,0.14364639333926177,9177.0009765625,True,1.0,9276.0009765625,19.0,above,2.497237299590243,9367.0009765625,False,,9155.0009765625,53.0,above,1.1602208692786526,9136.0009765625,True,26.0,0.0,0.0,-0.0005197494136908986,-48.0,NONE,0.0025895714684125277,-0.008144453524393956,0.0034769592798715486,0.9989896992669312,-0.0005197494136908986,-0.02494797185716313,-0.012723317569293457,-0.014340674525480934,-0.01676199358627073,9031.612969303447,0.25895714684125276,0.21027000826230324,0.21826466816020787,,78.0,-1.0,5536.0,5583.0,2025-08-19 09:00:00,2025-08-20 13:45:00,9193.0009765625,9055.0009765625,48.0,-1.5011420139281029,-0.031273791956835474,77.0,1.0,5499.0,5535.0,2025-08-18 09:00:00,2025-08-19 02:15:00,9244.0009765625,9225.0009765625,37.0,-0.20553870610975356,-0.005555100165128475,627369.0,,13070.1875,,252405.0,0.0,6821.756756756757,0.0,1.9159562508666628,,2.485564865989184,,0.0,16.666666666666664,83.33333333333334,True,False,2025-08-20 13:30:00,9036.0009765625,,,1.0,0.0,2025-08-19 21:30:00,9209.0009765625,2025-08-19 21:45:00,9194.0009765625,2.0,2.0,0.4269113046636576,17.24860659614038,
AG:15m:1:-1:5576:5582:1,AG,1h,1662.0,2025-08-20 14:00:00,5.0,1.0,-1.0,CHoCH,1.0,9075.0009765625,308.0,BOS,-1.0,9155.0009765625,8.0,13.0,4.0,2.0,0.0,current_internal_low,internal,0.0,26.0,9155.0009765625,9155.0009765625,9155.0009765625,1.1602208692786526,active_bull_internal_ob,internal,1.0,131.0,8950.0009765625,8987.0009765625,8968.5009765625,0.6961325215671916,9043.0009765625,9055.0009765625,9031.0009765625,9055.0009765625,25959.0,322301.0,0.0,0.0,0.0,0.0,0.0,0.0,,9276.0009765625,15.0,above,2.497237299590243,9367.0009765625,False,,9155.0009765625,26.0,above,1.1602208692786526,9304.0009765625,True,8.0,9526.0009765625,171.0,above,5.2596679407298925,9075.0009765625,False,,8885.0009765625,96.0,below,1.8232042231521688,8563.0009765625,False,,0.0,0.0,-0.0025172352070035814,-9.0,NONE,0.002597006235145583,-0.01448647380801669,0.0060907065911180586,0.9974829508161454,-0.0025172352070035814,-0.022655116863032232,-0.02065831040730204,,,9031.545995299703,0.2597006235145583,0.09949147720984541,-0.30701137111205323,,26.0,-1.0,1654.0,1662.0,2025-08-19 22:00:00,2025-08-20 13:30:00,9098.0009765625,9055.0009765625,9.0,-0.47263129681753835,-0.05251458853528204,25.0,1.0,1609.0,1653.0,2025-08-13 21:00:00,2025-08-19 21:00:00,9311.0009765625,9194.0009765625,45.0,-1.2565781089971972,-0.027923957977715495,396121.0,,44013.444444444445,,1424561.0,0.0,31656.911111111112,0.0,1.3903265637624502,,0.2780653127524901,,0.0,0.0,100.0,True,True,2025-08-20 13:30:00,9055.0009765625,,,1.0,0.0,,,,,0.0,0.0,0.42044093489110607,29.08824697897774,2.0
AG:15m:1:-1:5576:5582:1,AG,4h,604.0,2025-08-20 11:30:00,155.0,1.0,-1.0,BOS,1.0,9075.0009765625,110.0,CHoCH,-1.0,9155.0009765625,2.0,7.0,2.0,2.0,0.0,current_internal_low,internal,0.0,5.0,9155.0009765625,9155.0009765625,9155.0009765625,1.1602208692786526,active_bull_internal_ob,internal,1.0,35.0,8885.0009765625,8934.0009765625,8909.5009765625,1.2817678174887972,9068.0009765625,9074.0009765625,9037.0009765625,9046.0009765625,97013.0,323780.0,0.0,0.0,0.0,0.0,0.0,0.0,,9276.0009765625,1.0,above,2.497237299590243,9367.0009765625,False,,9155.0009765625,5.0,above,1.1602208692786526,9136.0009765625,True,2.0,9526.0009765625,30.0,above,5.2596679407298925,9075.0009765625,False,,8885.0009765625,2.0,below,1.8232042231521688,8563.0009765625,False,,0.0,0.0,0.0002626335068320417,19.0,NONE,-0.008823112916142095,0.01073881152198618,0.009689975827956578,0.021755071978680762,0.0002626335068320417,0.004990036629808792,-2.8175733642332723e-05,0.0012387928521970792,,9126.52534017086,-0.8823112916142095,-0.1655446240299452,0.050751470138916746,,11.0,1.0,586.0,604.0,2025-08-13 21:00:00,2025-08-20 09:00:00,9317.0009765625,9046.0009765625,19.0,-2.908661281475844,-0.15308743586714968,10.0,-1.0,546.0,585.0,2025-07-30 21:00:00,2025-08-13 13:30:00,9094.0009765625,9300.0009765625,40.0,2.2652295786080634,0.056630739465201585,1794723.0,,94459.1052631579,,4728118.0,0.0,118202.95,0.0,0.7991264622681404,,0.3795850695773667,,21.052631578947366,63.1578947368421,15.789473684210526,True,True,,,2025-08-19 21:00:00,9092.0009765625,0.0,1.0,2025-08-18 13:30:00,9258.0009765625,2025-08-18 21:00:00,9233.0009765625,1.0,2.0,0.9023322374284843,51.80682940845527,
AG:15m:1:-1:5576:5582:2,AG,5m,16754.0,2025-08-20 14:15:00,0.0,-1.0,-1.0,BOS,-1.0,9160.0009765625,83.0,BOS,-1.0,9037.0009765625,6.0,34.0,12.0,15.0,4.0,active_bear_internal_ob,internal,-1.0,30.0,9063.0009765625,9074.0009765625,9068.5009765625,0.15471321128443802,current_internal_low,internal,0.0,1.0,9031.0009765625,9031.0009765625,9031.0009765625,0.1989169859371346,9047.0009765625,9057.0009765625,9047.0009765625,9049.0009765625,2411.0,320696.0,0.0,0.0,0.0,0.0,0.0,0.0,,9072.0009765625,21.0,above,0.2541717042530053,9074.0009765625,False,,9031.0009765625,1.0,below,0.1989169859371346,9037.0009765625,False,,9218.0009765625,51.0,above,1.8676094790764302,9276.0009765625,False,,9160.0009765625,84.0,above,1.22665474661233,9155.0009765625,True,83.0,-1.0,-1.0,-0.00014001968916889856,-178.0,DOWN_CONFIRMED,0.0017098389059169907,-0.0035031389371545825,0.002075852077162061,0.9939847300902755,-0.00014001968916889856,-0.024923504672063945,0.00024317373951499022,-0.005193494096820683,-0.005957792654115002,9033.555052674694,0.17098389059169908,0.02210677334049116,-0.5460330902133302,,226.0,-1.0,16577.0,16754.0,2025-08-18 23:55:00,2025-08-20 14:10:00,9233.0009765625,9049.0009765625,178.0,-1.9928515167178529,-0.011195795037740746,225.0,1.0,16496.0,16576.0,2025-08-16 02:25:00,2025-08-18 23:50:00,9217.0009765625,9231.0009765625,81.0,0.15189322465734012,0.001875224995769631,670537.0,,3767.061797752809,,223746.0,0.0,2762.296296296296,0.0,1.3637428406227488,,2.9968669830969046,,5.056179775280898,41.01123595505618,53.93258426966292,True,False,2025-08-20 13:40:00,9036.0009765625,2025-08-19 21:45:00,9196.0009765625,3.0,2.0,2025-08-20 13:55:00,9055.0009765625,2025-08-20 14:00:00,9050.0009765625,12.0,12.0,0.592569154236334,9.66440102676174,
AG:15m:1:-1:5576:5582:2,AG,15m,5584.0,2025-08-20 14:15:00,0.0,-1.0,-1.0,CHoCH,-1.0,9155.0009765625,27.0,BOS,-1.0,9037.0009765625,2.0,18.0,5.0,9.0,1.0,active_bear_internal_ob,internal,-1.0,2.0,9056.0009765625,9072.0009765625,9064.0009765625,0.07735660564221901,current_internal_low,internal,0.0,4.0,9037.0009765625,9037.0009765625,9037.0009765625,0.13261132395808972,9055.0009765625,9059.0009765625,9044.0009765625,9049.0009765625,9854.0,320696.0,0.0,0.0,0.0,0.0,0.0,0.0,,9072.0009765625,3.0,above,0.2541717042530053,9218.0009765625,False,,9037.0009765625,4.0,below,0.13261132395808972,9177.0009765625,True,2.0,9276.0009765625,20.0,above,2.5085642115405307,9367.0009765625,False,,9155.0009765625,54.0,above,1.1714000282964594,9136.0009765625,True,27.0,0.0,0.0,-0.0005082192978151594,-49.0,NONE,0.0018787677260151848,-0.007939897988671321,0.0037216916793981884,0.9958329555105906,-0.0005082192978151594,-0.02490274559294281,-0.012479070803697256,-0.013776404224045802,-0.016592330675295752,9032.031886553703,0.18787677260151847,-0.06626172670252117,0.05951404734327835,,78.0,-1.0,5536.0,5584.0,2025-08-19 09:00:00,2025-08-20 14:00:00,9193.0009765625,9049.0009765625,49.0,-1.5664090580119305,-0.031967531796161845,77.0,1.0,5499.0,5535.0,2025-08-18 09:00:00,2025-08-19 02:15:00,9244.0009765625,9225.0009765625,37.0,-0.20553870610975356,-0.005555100165128475,637223.0,,13004.551020408164,,252405.0,0.0,6821.756756756757,0.0,1.9063346120524636,,2.5246052970424517,,0.0,16.3265306122449,83.6734693877551,True,False,2025-08-20 13:30:00,9036.0009765625,,,1.0,0.0,2025-08-19 21:30:00,9209.0009765625,2025-08-19 21:45:00,9194.0009765625,2.0,2.0,0.4687329339379817,17.08799183927321,
AG:15m:1:-1:5576:5582:2,AG,1h,1662.0,2025-08-20 14:00:00,15.0,1.0,-1.0,CHoCH,1.0,9075.0009765625,308.0,BOS,-1.0,9155.0009765625,8.0,13.0,4.0,2.0,0.0,current_internal_low,internal,0.0,26.0,9155.0009765625,9155.0009765625,9155.0009765625,1.1714000282964594,active_bull_internal_ob,internal,1.0,131.0,8950.0009765625,8987.0009765625,8968.5009765625,0.6851585071167969,9043.0009765625,9055.0009765625,9031.0009765625,9055.0009765625,25959.0,322301.0,0.0,0.0,0.0,0.0,0.0,0.0,,9276.0009765625,15.0,above,2.5085642115405307,9367.0009765625,False,,9155.0009765625,26.0,above,1.1714000282964594,9304.0009765625,True,8.0,9526.0009765625,171.0,above,5.271300127334067,9075.0009765625,False,,8885.0009765625,96.0,below,1.8123547607605595,8563.0009765625,False,,0.0,0.0,-0.0025172352070035814,-9.0,NONE,0.002597006235145583,-0.01448647380801669,0.0060907065911180586,0.9974829508161454,-0.0025172352070035814,-0.022655116863032232,-0.02065831040730204,,,9031.545995299703,0.2597006235145583,0.09949147720984541,-0.30701137111205323,,26.0,-1.0,1654.0,1662.0,2025-08-19 22:00:00,2025-08-20 13:30:00,9098.0009765625,9055.0009765625,9.0,-0.47263129681753835,-0.05251458853528204,25.0,1.0,1609.0,1653.0,2025-08-13 21:00:00,2025-08-19 21:00:00,9311.0009765625,9194.0009765625,45.0,-1.2565781089971972,-0.027923957977715495,396121.0,,44013.444444444445,,1424561.0,0.0,31656.911111111112,0.0,1.3903265637624502,,0.2780653127524901,,0.0,0.0,100.0,True,True,2025-08-20 13:30:00,9055.0009765625,,,1.0,0.0,,,,,0.0,0.0,0.42044093489110607,29.08824697897774,2.0
AG:15m:1:-1:5576:5582:2,AG,4h,604.0,2025-08-20 11:30:00,165.0,1.0,-1.0,BOS,1.0,9075.0009765625,110.0,CHoCH,-1.0,9155.0009765625,2.0,7.0,2.0,2.0,0.0,current_internal_low,internal,0.0,5.0,9155.0009765625,9155.0009765625,9155.0009765625,1.1714000282964594,active_bull_internal_ob,internal,1.0,35.0,8885.0009765625,8934.0009765625,8909.5009765625,1.2708585212650265,9068.0009765625,9074.0009765625,9037.0009765625,9046.0009765625,97013.0,323780.0,0.0,0.0,0.0,0.0,0.0,0.0,,9276.0009765625,1.0,above,2.5085642115405307,9367.0009765625,False,,9155.0009765625,5.0,above,1.1714000282964594,9136.0009765625,True,2.0,9526.0009765625,30.0,above,5.271300127334067,9075.0009765625,False,,8885.0009765625,2.0,below,1.8123547607605595,8563.0009765625,False,,0.0,0.0,0.0002626335068320417,19.0,NONE,-0.008823112916142095,0.01073881152198618,0.009689975827956578,0.021755071978680762,0.0002626335068320417,0.004990036629808792,-2.8175733642332723e-05,0.0012387928521970792,,9126.52534017086,-0.8823112916142095,-0.1655446240299452,0.050751470138916746,,11.0,1.0,586.0,604.0,2025-08-13 21:00:00,2025-08-20 09:00:00,9317.0009765625,9046.0009765625,19.0,-2.908661281475844,-0.15308743586714968,10.0,-1.0,546.0,585.0,2025-07-30 21:00:00,2025-08-13 13:30:00,9094.0009765625,9300.0009765625,40.0,2.2652295786080634,0.056630739465201585,1794723.0,,94459.1052631579,,4728118.0,0.0,118202.95,0.0,0.7991264622681404,,0.3795850695773667,,21.052631578947366,63.1578947368421,15.789473684210526,True,True,,,2025-08-19 21:00:00,9092.0009765625,0.0,1.0,2025-08-18 13:30:00,9258.0009765625,2025-08-18 21:00:00,9233.0009765625,1.0,2.0,0.9023322374284843,51.80682940845527,
AG:15m:1:1:5605:5610:1,AG,5m,16834.0,2025-08-21 09:25:00,0.0,-1.0,1.0,BOS,-1.0,9160.0009765625,163.0,BOS,1.0,9169.0009765625,4.0,39.0,9.0,15.0,4.0,current_internal_high,internal,0.0,5.0,9169.0009765625,9169.0009765625,9169.0009765625,0.03272964957860044,active_bull_internal_ob,internal,1.0,4.0,9160.0009765625,9164.0009765625,9162.0009765625,0.021819766385733623,9166.0009765625,9168.0009765625,9164.0009765625,9166.0009765625,1370.0,313363.0,0.0,0.0,0.0,0.0,0.0,0.0,,9169.0009765625,5.0,above,0.03272964957860044,9168.0009765625,True,4.0,9160.0009765625,0.0,below,0.06545929915720088,9158.0009765625,False,,9218.0009765625,131.0,above,0.5673139260290742,9276.0009765625,False,,9031.0009765625,36.0,below,1.4728342310370195,9160.0009765625,False,,1.0,1.0,0.00012080247222195995,71.0,UP_CONFIRMED,0.002705778501974432,0.005082965135139223,0.0014077706893310454,0.04564634940711432,0.00012080247222195995,0.008576975527759156,0.001264216105463678,0.0015255001999807671,0.0018757153916619806,9141.266733554035,0.2705778501974432,0.0,-0.05446958371734012,,227.0,1.0,16764.0,16834.0,2025-08-20 21:00:00,2025-08-21 09:20:00,9149.0009765625,9166.0009765625,71.0,0.18581263728738584,0.0026170793984138852,226.0,-1.0,16577.0,16763.0,2025-08-18 23:55:00,2025-08-20 14:55:00,9233.0009765625,9042.0009765625,187.0,-2.0686665200712495,-0.011062387807867644,226929.0,,3196.1830985915494,,697217.0,0.0,3728.433155080214,0.0,0.8572456486812854,,0.32547829441909765,,83.09859154929578,16.901408450704224,0.0,False,False,,,,,0.0,0.0,2025-08-21 09:00:00,9171.0009765625,2025-08-21 02:25:00,9160.0009765625,2.0,1.0,0.27695855704359196,5.204671353847451,
AG:15m:1:1:5605:5610:1,AG,15m,5610.0,2025-08-21 09:15:00,10.0,-1.0,1.0,CHoCH,-1.0,9155.0009765625,53.0,BOS,1.0,9168.0009765625,0.0,20.0,4.0,9.0,1.0,current_internal_high,internal,0.0,5.0,9168.0009765625,9168.0009765625,9168.0009765625,0.021819766385733623,active_bull_internal_ob,internal,1.0,0.0,9158.0009765625,9165.0009765625,9161.5009765625,0.010909883192866811,9171.0009765625,9176.0009765625,9165.0009765625,9171.0009765625,16379.0,313623.0,0.0,0.0,0.0,0.0,0.0,0.0,,9168.0009765625,5.0,above,0.021819766385733623,9177.0009765625,True,0.0,9158.0009765625,0.0,below,0.08727906554293449,9153.0009765625,False,,9276.0009765625,46.0,above,1.2000871512153493,9367.0009765625,False,,9155.0009765625,80.0,below,0.12000871512153494,9136.0009765625,True,53.0,-1.0,-1.0,-0.0002600948207922249,-75.0,DOWN_CONFIRMED,0.009798597282419374,-0.002064416767781779,0.008778606478241366,0.9117091345996794,-0.0002600948207922249,-0.019507111559416868,0.0007428965382536568,0.00100226148570437,0.0028921721020065405,9082.010017882372,0.9798597282419373,0.12008732344184203,2.076727703376042,,78.0,-1.0,5536.0,5610.0,2025-08-19 09:00:00,2025-08-21 09:00:00,9193.0009765625,9171.0009765625,75.0,-0.23931249497404217,-0.003190833266320562,77.0,1.0,5499.0,5535.0,2025-08-18 09:00:00,2025-08-19 02:15:00,9244.0009765625,9225.0009765625,37.0,-0.20553870610975356,-0.005555100165128475,886933.0,,11825.773333333333,,252405.0,0.0,6821.756756756757,0.0,1.7335378195096505,,3.5139280125195618,,28.000000000000004,13.333333333333334,58.666666666666664,False,False,2025-08-20 13:30:00,9036.0009765625,,,1.0,0.0,2025-08-20 21:00:00,9145.0009765625,2025-08-19 21:45:00,9194.0009765625,3.0,2.0,4.252342170071599,11.805363539016058,
AG:15m:1:1:5605:5610:1,AG,1h,1669.0,2025-08-21 02:30:00,415.0,1.0,-1.0,CHoCH,1.0,9075.0009765625,315.0,BOS,-1.0,9155.0009765625,15.0,13.0,4.0,2.0,0.0,active_bear_internal_ob,internal,-1.0,15.0,9237.0009765625,9276.0009765625,9256.5009765625,0.7746017066935437,current_internal_low,internal,0.0,2.0,9031.0009765625,9031.0009765625,9031.0009765625,1.4728342310370195,9168.0009765625,9169.0009765625,9160.0009765625,9160.0009765625,4641.0,314105.0,0.0,0.0,0.0,0.0,0.0,0.0,,9276.0009765625,22.0,above,1.2000871512153493,9367.0009765625,False,,9031.0009765625,2.0,below,1.4728342310370195,9155.0009765625,False,,9367.0009765625,3.0,above,2.192886521766229,9526.0009765625,False,,8885.0009765625,103.0,below,3.065677177195574,8563.0009765625,False,,0.0,0.0,-0.0012293087936312216,-16.0,NONE,0.011133508963580539,-0.003718786847619839,0.013263908006722468,0.8685904037221415,-0.0012293087936312216,-0.019668940698099546,0.0011923724906024447,-0.016495041757061846,,9059.140949597813,1.1133508963580538,-0.08726002560920376,-0.9496964307670271,,26.0,-1.0,1654.0,1669.0,2025-08-19 22:00:00,2025-08-21 02:00:00,9098.0009765625,9160.0009765625,16.0,0.6814683814578615,0.04259177384111634,25.0,1.0,1609.0,1653.0,2025-08-13 21:00:00,2025-08-19 21:00:00,9311.0009765625,9194.0009765625,45.0,-1.2565781089971972,-0.027923957977715495,639306.0,,39956.625,,1424561.0,0.0,31656.911111111112,0.0,1.262176996983632,,0.4487740433719581,,31.25,6.25,62.5,False,False,2025-08-20 13:30:00,9055.0009765625,,,1.0,0.0,2025-08-20 21:00:00,9157.0009765625,,,1.0,0.0,3.5667298369660148,28.958859626377507,2.0
AG:15m:1:1:5605:5610:1,AG,4h,607.0,2025-08-21 02:30:00,415.0,1.0,-1.0,BOS,1.0,9075.0009765625,113.0,CHoCH,-1.0,9155.0009765625,5.0,7.0,2.0,2.0,0.0,active_bear_internal_ob,internal,-1.0,5.0,9225.0009765625,9276.0009765625,9250.5009765625,0.6436831083791419,current_internal_low,internal,0.0,8.0,9155.0009765625,9155.0009765625,9155.0009765625,0.12000871512153494,9159.0009765625,9169.0009765625,9158.0009765625,9160.0009765625,22297.0,314105.0,0.0,0.0,0.0,0.0,0.0,0.0,,9276.0009765625,4.0,above,1.2000871512153493,9367.0009765625,False,,9155.0009765625,8.0,below,0.12000871512153494,9136.0009765625,True,5.0,9526.0009765625,33.0,above,3.927557949432052,9075.0009765625,False,,8885.0009765625,5.0,below,3.065677177195574,8563.0009765625,False,,0.0,0.0,0.00022773236095667432,22.0,NONE,0.0036479012544393765,0.009195374477536085,0.01005429291650569,0.2905592411549922,0.00022773236095667432,0.005010111941046835,-0.0004179002102736584,0.0005540159891221919,0.004774622474283952,9126.707648283425,0.36479012544393763,0.0,-1.0227722954618494,,11.0,1.0,586.0,607.0,2025-08-13 21:00:00,2025-08-21 00:00:00,9317.0009765625,9160.0009765625,22.0,-1.685091591113319,-0.07659507232333268,10.0,-1.0,546.0,585.0,2025-07-30 21:00:00,2025-08-13 13:30:00,9094.0009765625,9300.0009765625,40.0,2.2652295786080634,0.056630739465201585,2063867.0,,93812.13636363637,,4728118.0,0.0,118202.95,0.0,0.7936530887227127,,0.43650919879749195,,18.181818181818183,63.63636363636363,18.181818181818183,False,False,2025-08-20 21:00:00,9160.0009765625,2025-08-19 21:00:00,9092.0009765625,1.0,1.0,2025-08-20 21:00:00,9160.0009765625,2025-08-18 21:00:00,9233.0009765625,2.0,2.0,1.0934076628491758,52.94373331281933,
AG:15m:1:1:5605:5610:2,AG,5m,16867.0,2025-08-21 14:25:00,0.0,1.0,-1.0,CHoCH,1.0,9177.0009765625,30.0,CHoCH,-1.0,9171.0009765625,8.0,40.0,10.0,16.0,4.0,current_internal_low,internal,0.0,17.0,9171.0009765625,9171.0009765625,9171.0009765625,0.06546644146949572,active_bull_internal_ob,internal,1.0,37.0,9160.0009765625,9164.0009765625,9162.0009765625,0.010911073578249287,9178.0009765625,9178.0009765625,9165.0009765625,9165.0009765625,2985.0,308925.0,1.0,1.0,1.0,0.0,1.0,0.0,active_bull_internal_ob,9184.0009765625,14.0,above,0.20731039798673645,9196.0009765625,False,,9171.0009765625,17.0,above,0.06546644146949572,9163.0009765625,True,8.0,9177.0009765625,32.0,above,0.13093288293899144,9218.0009765625,True,30.0,9153.0009765625,26.0,below,0.13093288293899144,9031.0009765625,False,,1.0,1.0,0.0001316731505553341,104.0,UP_CONFIRMED,-0.0024646278978336733,0.0030755234020445324,0.0032816028013022084,0.04568205211830234,0.0001316731505553341,0.013694007657754748,-0.0002843392132138023,-0.0004174975212776211,-0.0006193813797722436,9187.645102998746,-0.24646278978336733,-0.1416430444189043,1.592991211354698,,227.0,1.0,16764.0,16867.0,2025-08-20 21:00:00,2025-08-21 14:20:00,9149.0009765625,9165.0009765625,104.0,0.1748824821528494,0.0016815623283927827,226.0,-1.0,16577.0,16763.0,2025-08-18 23:55:00,2025-08-20 14:55:00,9233.0009765625,9042.0009765625,187.0,-2.0686665200712495,-0.011062387807867644,293902.0,,2825.980769230769,,697217.0,0.0,3728.433155080214,0.0,0.7579539854107886,,0.4215359063247167,,60.57692307692307,37.5,1.9230769230769231,True,True,,,2025-08-21 09:40:00,9183.0009765625,0.0,1.0,2025-08-21 14:10:00,9179.0009765625,2025-08-21 14:20:00,9165.0009765625,7.0,7.0,1.067006285538481,7.107308287532316,
AG:15m:1:1:5605:5610:2,AG,15m,5621.0,2025-08-21 14:15:00,10.0,-1.0,1.0,CHoCH,-1.0,9155.0009765625,64.0,BOS,1.0,9168.0009765625,11.0,20.0,4.0,9.0,1.0,active_bear_internal_ob,internal,-1.0,64.0,9196.0009765625,9215.0009765625,9205.5009765625,0.33824328092572786,current_internal_low,internal,0.0,11.0,9158.0009765625,9158.0009765625,9158.0009765625,0.076377515047745,9172.0009765625,9181.0009765625,9166.0009765625,9179.0009765625,8191.0,309551.0,1.0,1.0,1.0,0.0,1.0,0.0,active_bull_internal_ob,9196.0009765625,4.0,above,0.33824328092572786,9168.0009765625,False,,9158.0009765625,11.0,below,0.076377515047745,9153.0009765625,False,,9276.0009765625,57.0,above,1.2111291671856708,9367.0009765625,False,,9155.0009765625,91.0,below,0.10911073578249286,9136.0009765625,True,64.0,0.0,0.0,0.00014364280065617407,10.0,NONE,0.008597872989014032,0.009133637864902648,0.0007514153635896773,0.23792052265587582,0.00014364280065617407,0.0014364280065617407,0.0007235105008491782,,,9100.753850848623,0.8597872989014032,0.07631922432069782,0.8325348025708612,,79.0,1.0,5612.0,5621.0,2025-08-21 09:30:00,2025-08-21 14:00:00,9183.0009765625,9179.0009765625,10.0,-0.04355874523164216,-0.004355874523164216,78.0,-1.0,5536.0,5611.0,2025-08-19 09:00:00,2025-08-21 09:15:00,9193.0009765625,9168.0009765625,76.0,-0.271946017015956,-0.003578237065999421,60023.0,,6002.3,,892603.0,0.0,11744.776315789473,0.0,0.5110612444726267,,0.0672449005885035,,100.0,0.0,0.0,False,False,,,,,0.0,0.0,,,,,0.0,0.0,0.08226901205237201,11.9495754721698,
AG:15m:1:1:5605:5610:2,AG,1h,1673.0,2025-08-21 14:00:00,25.0,1.0,-1.0,CHoCH,1.0,9075.0009765625,319.0,BOS,-1.0,9155.0009765625,19.0,13.0,4.0,2.0,0.0,active_bear_internal_ob,internal,-1.0,19.0,9237.0009765625,9276.0009765625,9256.5009765625,0.7855972976339486,current_internal_low,internal,0.0,6.0,9031.0009765625,9031.0009765625,9031.0009765625,1.4620838594854044,9181.0009765625,9184.0009765625,9169.0009765625,9172.0009765625,9393.0,310203.0,0.0,0.0,0.0,0.0,0.0,0.0,,9276.0009765625,26.0,above,1.2111291671856708,9367.0009765625,False,,9031.0009765625,6.0,below,1.4620838594854044,9155.0009765625,False,,9367.0009765625,7.0,above,2.2040368628063556,9526.0009765625,False,,8885.0009765625,107.0,below,3.0551006019098,8563.0009765625,False,,0.0,0.0,-0.0009263748277758499,-20.0,NONE,0.01128065770250759,-0.0005770500399438571,0.013426322408130041,0.8114274356354492,-0.0009263748277758499,-0.018527496555516998,0.0012307902697819006,0.0041560688922703815,,9069.688920383429,1.128065770250759,-0.08714596022837418,-0.7489648910857346,,26.0,-1.0,1654.0,1673.0,2025-08-19 22:00:00,2025-08-21 13:30:00,9098.0009765625,9172.0009765625,20.0,0.8133654875464691,0.040668274377323455,25.0,1.0,1609.0,1653.0,2025-08-13 21:00:00,2025-08-19 21:00:00,9311.0009765625,9194.0009765625,45.0,-1.2565781089971972,-0.027923957977715495,713187.0,,35659.35,,1424561.0,0.0,31656.911111111112,0.0,1.126431756871064,,0.5006363363871397,,45.0,5.0,50.0,False,False,2025-08-20 13:30:00,9055.0009765625,,,1.0,0.0,2025-08-20 21:00:00,9157.0009765625,,,1.0,0.0,23.26717178537294,26.057788155689504,2.0
AG:15m:1:1:5605:5610:2,AG,4h,608.0,2025-08-21 11:30:00,175.0,1.0,-1.0,BOS,1.0,9075.0009765625,114.0,CHoCH,-1.0,9155.0009765625,6.0,7.0,2.0,2.0,0.0,active_bear_internal_ob,internal,-1.0,6.0,9225.0009765625,9276.0009765625,9250.5009765625,0.6546644146949572,current_internal_low,internal,0.0,9.0,9155.0009765625,9155.0009765625,9155.0009765625,0.10911073578249286,9171.0009765625,9196.0009765625,9163.0009765625,9180.0009765625,64488.0,310304.0,0.0,0.0,0.0,0.0,0.0,0.0,,9276.0009765625,5.0,above,1.2111291671856708,9367.0009765625,False,,9155.0009765625,9.0,below,0.10911073578249286,9136.0009765625,True,6.0,9526.0009765625,34.0,above,3.938897561747992,9075.0009765625,False,,8885.0009765625,6.0,below,3.0551006019098,8563.0009765625,False,,0.0,0.0,0.00022359590045951526,23.0,NONE,0.005706586326933197,0.009043688036205522,0.00985899759879575,0.36749967049303556,0.00022359590045951526,0.005142705710568851,-0.00012970775327991735,0.0002423899047532263,0.004001594210177428,9127.911760118754,0.5706586326933197,0.21834058807606027,-0.40127513317826946,,11.0,1.0,586.0,608.0,2025-08-13 21:00:00,2025-08-21 09:00:00,9317.0009765625,9180.0009765625,23.0,-1.470430241926901,-0.0639317496489957,10.0,-1.0,546.0,585.0,2025-07-30 21:00:00,2025-08-13 13:30:00,9094.0009765625,9300.0009765625,40.0,2.2652295786080634,0.056630739465201585,2128355.0,,92537.17391304347,,4728118.0,0.0,118202.95,0.0,0.782866873568244,,0.45014845230174033,,17.391304347826086,65.21739130434783,17.391304347826086,False,False,2025-08-20 21:00:00,9160.0009765625,2025-08-19 21:00:00,9092.0009765625,1.0,1.0,2025-08-20 21:00:00,9160.0009765625,2025-08-18 21:00:00,9233.0009765625,2.0,2.0,1.0901523315848818,51.73346664761795,
AG:15m:1:1:5605:5610:3,AG,5m,16872.0,2025-08-21 14:50:00,0.0,1.0,-1.0,CHoCH,1.0,9177.0009765625,35.0,CHoCH,-1.0,9171.0009765625,13.0,38.0,10.0,16.0,4.0,current_internal_low,internal,0.0,22.0,9171.0009765625,9171.0009765625,9171.0009765625,0.08730764102789826,active_bull_swing_ob,swing,1.0,35.0,9153.0009765625,9161.0009765625,9157.0009765625,0.021826910256974565,9166.0009765625,9167.0009765625,9162.0009765625,9163.0009765625,1282.0,307969.0,0.0,0.0,0.0,0.0,0.0,0.0,,9184.0009765625,19.0,above,0.22918255769823295,9196.0009765625,False,,9171.0009765625,22.0,above,0.08730764102789826,9163.0009765625,True,13.0,9177.0009765625,37.0,above,0.15278837179882196,9218.0009765625,True,35.0,9153.0009765625,31.0,below,0.10913455128487284,9031.0009765625,False,,0.0,0.0,-4.138791258709862e-05,-5.0,NONE,-0.0023299532918006818,-0.002353708790483006,0.00031846901725572467,0.5297306522464913,-4.138791258709862e-05,-0.0002069395629354931,,,,9184.400200041802,-0.23299532918006818,-0.03272964957860003,-0.6599609667113142,,228.0,-1.0,16868.0,16872.0,2025-08-21 14:25:00,2025-08-21 14:45:00,9161.0009765625,9163.0009765625,5.0,0.021831675437189446,0.004366335087437889,227.0,1.0,16764.0,16867.0,2025-08-20 21:00:00,2025-08-21 14:20:00,9149.0009765625,9165.0009765625,104.0,0.1748824821528494,0.0016815623283927827,11900.0,,2380.0,,293902.0,0.0,2825.980769230769,0.0,0.8421854904015624,,0.040489687038536656,,0.0,0.0,100.0,True,True,,,,,0.0,0.0,,,,,0.0,0.0,0.13530519091547066,6.732244778966235,
AG:15m:1:1:5605:5610:3,AG,15m,5623.0,2025-08-21 14:45:00,5.0,-1.0,1.0,CHoCH,-1.0,9155.0009765625,66.0,BOS,1.0,9168.0009765625,13.0,20.0,4.0,9.0,1.0,active_bear_internal_ob,internal,-1.0,66.0,9196.0009765625,9215.0009765625,9205.5009765625,0.3601440192400804,current_internal_low,internal,0.0,13.0,9158.0009765625,9158.0009765625,9158.0009765625,0.05456727564243642,9161.0009765625,9170.0009765625,9158.0009765625,9166.0009765625,6134.0,308320.0,1.0,1.0,1.0,0.0,1.0,0.0,active_bull_internal_ob,9196.0009765625,6.0,above,0.3601440192400804,9168.0009765625,False,,9158.0009765625,13.0,below,0.05456727564243642,9153.0009765625,False,,9276.0009765625,59.0,above,1.233220429519063,9367.0009765625,False,,9155.0009765625,93.0,below,0.08730764102789826,9136.0009765625,True,66.0,0.0,0.0,0.0001537781432766061,12.0,NONE,0.0067583371229291015,0.008704747256345551,0.0011818601764731352,0.04978890012191045,0.0001537781432766061,0.0018453377193192733,0.0009428653813534638,0.001594446079981937,,9104.46989965507,0.6758337122929101,0.05457918859295141,0.1685762589369972,,79.0,1.0,5612.0,5623.0,2025-08-21 09:30:00,2025-08-21 14:30:00,9183.0009765625,9166.0009765625,12.0,-0.18512466723447085,-0.015427055602872572,78.0,-1.0,5536.0,5611.0,2025-08-19 09:00:00,2025-08-21 09:15:00,9193.0009765625,9168.0009765625,76.0,-0.271946017015956,-0.003578237065999421,75820.0,,6318.333333333333,,892603.0,0.0,11744.776315789473,0.0,0.5379696610176454,,0.08494257805541769,,83.33333333333334,16.666666666666664,0.0,True,False,,,,,0.0,0.0,2025-08-21 14:30:00,9166.0009765625,2025-08-21 14:15:00,9161.0009765625,1.0,1.0,0.13577191177050976,12.686113544881104,
AG:15m:1:1:5605:5610:3,AG,1h,1673.0,2025-08-21 14:00:00,50.0,1.0,-1.0,CHoCH,1.0,9075.0009765625,319.0,BOS,-1.0,9155.0009765625,19.0,13.0,4.0,2.0,0.0,active_bear_internal_ob,internal,-1.0,19.0,9237.0009765625,9276.0009765625,9256.5009765625,0.807595679508059,current_internal_low,internal,0.0,6.0,9031.0009765625,9031.0009765625,9031.0009765625,1.4405760769603215,9181.0009765625,9184.0009765625,9169.0009765625,9172.0009765625,9393.0,310203.0,0.0,0.0,0.0,0.0,0.0,0.0,,9276.0009765625,26.0,above,1.233220429519063,9367.0009765625,False,,9031.0009765625,6.0,below,1.4405760769603215,9155.0009765625,False,,9367.0009765625,7.0,above,2.2263448462114055,9526.0009765625,False,,8885.0009765625,107.0,below,3.0339405257194647,8563.0009765625,False,,0.0,0.0,-0.0009263748277758499,-20.0,NONE,0.01128065770250759,-0.0005770500399438571,0.013426322408130041,0.8114274356354492,-0.0009263748277758499,-0.018527496555516998,0.0012307902697819006,0.0041560688922703815,,9069.688920383429,1.128065770250759,-0.08714596022837418,-0.7489648910857346,,26.0,-1.0,1654.0,1673.0,2025-08-19 22:00:00,2025-08-21 13:30:00,9098.0009765625,9172.0009765625,20.0,0.8133654875464691,0.040668274377323455,25.0,1.0,1609.0,1653.0,2025-08-13 21:00:00,2025-08-19 21:00:00,9311.0009765625,9194.0009765625,45.0,-1.2565781089971972,-0.027923957977715495,713187.0,,35659.35,,1424561.0,0.0,31656.911111111112,0.0,1.126431756871064,,0.5006363363871397,,45.0,5.0,50.0,False,False,2025-08-20 13:30:00,9055.0009765625,,,1.0,0.0,2025-08-20 21:00:00,9157.0009765625,,,1.0,0.0,23.26717178537294,26.057788155689504,2.0
AG:15m:1:1:5605:5610:3,AG,4h,608.0,2025-08-21 11:30:00,200.0,1.0,-1.0,BOS,1.0,9075.0009765625,114.0,CHoCH,-1.0,9155.0009765625,6.0,7.0,2.0,2.0,0.0,active_bear_internal_ob,internal,-1.0,6.0,9225.0009765625,9276.0009765625,9250.5009765625,0.6766342179662116,current_internal_low,internal,0.0,9.0,9155.0009765625,9155.0009765625,9155.0009765625,0.08730764102789826,9171.0009765625,9196.0009765625,9163.0009765625,9180.0009765625,64488.0,310304.0,0.0,0.0,0.0,0.0,0.0,0.0,,9276.0009765625,5.0,above,1.233220429519063,9367.0009765625,False,,9155.0009765625,9.0,below,0.08730764102789826,9136.0009765625,True,6.0,9526.0009765625,34.0,above,3.9615842116408837,9075.0009765625,False,,8885.0009765625,6.0,below,3.0339405257194647,8563.0009765625,False,,0.0,0.0,0.00022359590045951526,23.0,NONE,0.005706586326933197,0.009043688036205522,0.00985899759879575,0.36749967049303556,0.00022359590045951526,0.005142705710568851,-0.00012970775327991735,0.0002423899047532263,0.004001594210177428,9127.911760118754,0.5706586326933197,0.21834058807606027,-0.40127513317826946,,11.0,1.0,586.0,608.0,2025-08-13 21:00:00,2025-08-21 09:00:00,9317.0009765625,9180.0009765625,23.0,-1.470430241926901,-0.0639317496489957,10.0,-1.0,546.0,585.0,2025-07-30 21:00:00,2025-08-13 13:30:00,9094.0009765625,9300.0009765625,40.0,2.2652295786080634,0.056630739465201585,2128355.0,,92537.17391304347,,4728118.0,0.0,118202.95,0.0,0.782866873568244,,0.45014845230174033,,17.391304347826086,65.21739130434783,17.391304347826086,False,False,2025-08-20 21:00:00,9160.0009765625,2025-08-19 21:00:00,9092.0009765625,1.0,1.0,2025-08-20 21:00:00,9160.0009765625,2025-08-18 21:00:00,9233.0009765625,2.0,2.0,1.0901523315848818,51.73346664761795,
AG:15m:1:1:5605:5610:4,AG,5m,16986.0,2025-08-22 21:05:00,0.0,-1.0,-1.0,CHoCH,-1.0,9221.0009765625,20.0,BOS,-1.0,9200.0009765625,7.0,38.0,8.0,16.0,4.0,current_internal_low,internal,0.0,11.0,9200.0009765625,9200.0009765625,9200.0009765625,0.3928415120433993,active_bull_swing_ob,swing,1.0,149.0,9153.0009765625,9161.0009765625,9157.0009765625,0.03273679267028327,9168.0,9168.0009765625,9155.0009765625,9164.0009765625,13568.0,301323.0,0.0,0.0,0.0,0.0,0.0,0.0,,9218.0009765625,9.0,above,0.5892622680650988,9250.0009765625,False,,9200.0009765625,11.0,above,0.3928415120433993,9227.0009765625,True,7.0,9254.0009765625,42.0,above,0.9821037801084983,9177.0009765625,False,,9221.0009765625,34.0,above,0.6219990607353821,9153.0009765625,True,20.0,0.0,0.0,-0.000386933620816432,-26.0,NONE,0.0009557575165069739,-0.002696648648987159,0.0009622570119467552,0.9999263761675578,-0.000386933620816432,-0.010060274141227232,-0.0078030323941004065,-0.008395587034503271,-0.009659586439685341,9155.25077681705,0.09557575165069739,-0.3046126743392774,3.579271482824923,,232.0,-1.0,16961.0,16986.0,2025-08-22 10:55:00,2025-08-22 21:00:00,9230.0009765625,9164.0009765625,26.0,-0.7150595126435233,-0.02750228894782782,231.0,1.0,16955.0,16960.0,2025-08-22 10:10:00,2025-08-22 10:50:00,9246.0009765625,9238.0009765625,6.0,-0.08652389308934083,-0.014420648848223472,89031.0,,3424.269230769231,,12440.0,0.0,2073.3333333333335,0.0,1.6515767994063815,,7.156832797427652,,0.0,23.076923076923077,76.92307692307693,True,True,2025-08-22 21:00:00,9164.0009765625,,,1.0,0.0,2025-08-22 14:50:00,9192.0009765625,2025-08-22 21:00:00,9164.0009765625,1.0,2.0,0.3568344034393104,9.880663975567675,
AG:15m:1:1:5605:5610:4,AG,15m,5661.0,2025-08-22 15:00:00,365.0,-1.0,-1.0,CHoCH,-1.0,9155.0009765625,104.0,CHoCH,-1.0,9231.0009765625,8.0,21.0,4.0,9.0,1.0,active_bear_internal_ob,internal,-1.0,8.0,9228.0009765625,9250.0009765625,9239.0009765625,0.6983849102993764,active_bull_internal_ob,internal,1.0,73.0,9031.0009765625,9047.0009765625,9039.0009765625,1.2767349141410476,9180.0009765625,9194.0009765625,9178.0009765625,9192.0009765625,14102.0,303690.0,2.0,2.0,2.0,0.0,2.0,0.0,active_bull_internal_ob,9241.0009765625,15.0,above,0.8402443452039374,9247.0009765625,True,14.0,9231.0009765625,17.0,above,0.7311217029696597,9221.0009765625,True,8.0,9276.0009765625,97.0,above,1.2221735930239088,9367.0009765625,False,,9031.0009765625,29.0,below,1.4513311417158918,9155.0009765625,False,,0.0,0.0,0.0003362849523503719,50.0,NONE,-0.0052488362003352,0.0019153991296082262,0.005565291314519166,0.09899375050723347,0.0003362849523503719,0.016814247617518596,-0.0007379391454674922,-0.0010349643737140868,-0.0012055439012995661,9240.502862496473,-0.52488362003352,0.14162761321405704,1.9802172298760206,,79.0,1.0,5612.0,5661.0,2025-08-21 09:30:00,2025-08-22 14:45:00,9183.0009765625,9192.0009765625,50.0,0.09800717677119763,0.0019601435354239527,78.0,-1.0,5536.0,5611.0,2025-08-19 09:00:00,2025-08-21 09:15:00,9193.0009765625,9168.0009765625,76.0,-0.271946017015956,-0.003578237065999421,400133.0,,8002.66,,892603.0,0.0,11744.776315789473,0.0,0.6813803673077505,,0.4482765574393095,,76.0,16.0,8.0,True,True,,,2025-08-21 22:30:00,9240.0009765625,0.0,1.0,2025-08-21 21:00:00,9199.0009765625,2025-08-22 11:00:00,9223.0009765625,2.0,3.0,2.9055517612443964,13.314505976209313,
AG:15m:1:1:5605:5610:4,AG,1h,1685.0,2025-08-22 15:00:00,365.0,1.0,-1.0,CHoCH,1.0,9075.0009765625,331.0,BOS,-1.0,9221.0009765625,1.0,13.0,5.0,2.0,0.0,current_internal_low,internal,0.0,3.0,9221.0009765625,9221.0009765625,9221.0009765625,0.6219990607353821,active_bull_internal_ob,internal,1.0,154.0,8950.0009765625,8987.0009765625,8968.5009765625,1.931470767546713,9212.0009765625,9213.0009765625,9178.0009765625,9192.0009765625,39431.0,303690.0,0.0,0.0,0.0,0.0,0.0,0.0,,9254.0009765625,4.0,above,0.9821037801084983,9276.0009765625,False,,9221.0009765625,3.0,above,0.6219990607353821,9031.0009765625,True,1.0,9367.0009765625,19.0,above,2.215189637355835,9526.0009765625,False,,8885.0009765625,119.0,below,3.044521718336344,8563.0009765625,False,,0.0,0.0,-0.000404001312406109,-32.0,NONE,0.007736510162801833,0.004410647669880674,0.01249316663453837,0.6049630036027693,-0.000404001312406109,-0.012928041996995487,0.001721372672631949,0.004084727994199566,0.007445284837530153,9121.432918092363,0.7736510162801833,-0.21710809682808918,0.8670958056758434,,26.0,-1.0,1654.0,1685.0,2025-08-19 22:00:00,2025-08-22 14:00:00,9098.0009765625,9192.0009765625,32.0,1.0331939976941706,0.03228731242794283,25.0,1.0,1609.0,1653.0,2025-08-13 21:00:00,2025-08-19 21:00:00,9311.0009765625,9194.0009765625,45.0,-1.2565781089971972,-0.027923957977715495,1061488.0,,33171.5,,1424561.0,0.0,31656.911111111112,0.0,1.0478438620740003,,0.7451334130304003,,62.5,6.25,31.25,True,False,2025-08-20 13:30:00,9055.0009765625,,,1.0,0.0,2025-08-20 21:00:00,9157.0009765625,2025-08-22 14:00:00,9192.0009765625,1.0,1.0,2.8325016119177713,25.106081712370415,4.0
AG:15m:1:1:5605:5610:4,AG,4h,613.0,2025-08-22 15:00:00,365.0,1.0,-1.0,BOS,1.0,9075.0009765625,119.0,CHoCH,-1.0,9155.0009765625,11.0,7.0,2.0,2.0,0.0,active_bear_internal_ob,internal,-1.0,11.0,9225.0009765625,9276.0009765625,9250.5009765625,0.6656481176290932,current_internal_low,internal,0.0,3.0,9031.0009765625,9031.0009765625,9031.0009765625,1.4513311417158918,9221.0009765625,9221.0009765625,9178.0009765625,9192.0009765625,60679.0,303690.0,0.0,0.0,0.0,0.0,0.0,0.0,,9276.0009765625,10.0,above,1.2221735930239088,9367.0009765625,False,,9031.0009765625,3.0,below,1.4513311417158918,9155.0009765625,False,,9526.0009765625,39.0,above,3.950239648880848,9075.0009765625,False,,8885.0009765625,11.0,below,3.044521718336344,8563.0009765625,False,,0.0,0.0,0.00022611347761061377,28.0,NONE,0.005831948702314877,0.00890131094871612,0.009029716602492816,0.366959180544788,0.00022611347761061377,0.006331177373097185,0.0011823909737154192,0.0010525298551589124,0.002982741302556491,9138.70452059279,0.5831948702314877,-0.3577235393670053,-0.3906073445435355,,11.0,1.0,586.0,613.0,2025-08-13 21:00:00,2025-08-22 13:30:00,9317.0009765625,9192.0009765625,28.0,-1.341633432415057,-0.04791547972910918,10.0,-1.0,546.0,585.0,2025-07-30 21:00:00,2025-08-13 13:30:00,9094.0009765625,9300.0009765625,40.0,2.2652295786080634,0.056630739465201585,2486049.0,,88787.46428571429,,4728118.0,0.0,118202.95,0.0,0.7511442335890457,,0.525800963512332,,28.57142857142857,57.14285714285714,14.285714285714285,False,False,2025-08-20 21:00:00,9160.0009765625,2025-08-19 21:00:00,9092.0009765625,1.0,1.0,2025-08-20 21:00:00,9160.0009765625,2025-08-18 21:00:00,9233.0009765625,2.0,2.0,1.0144254767097218,48.7603975129299,
AG:15m:1:1:5623:5625:1,AG,5m,16986.0,2025-08-22 21:05:00,0.0,-1.0,-1.0,CHoCH,-1.0,9221.0009765625,20.0,BOS,-1.0,9200.0009765625,7.0,38.0,8.0,16.0,4.0,current_internal_low,internal,0.0,11.0,9200.0009765625,9200.0009765625,9200.0009765625,0.3928415120433993,active_bull_swing_ob,swing,1.0,149.0,9153.0009765625,9161.0009765625,9157.0009765625,0.03273679267028327,9168.0,9168.0009765625,9155.0009765625,9164.0009765625,13568.0,301323.0,0.0,0.0,0.0,0.0,0.0,0.0,,9218.0009765625,9.0,above,0.5892622680650988,9250.0009765625,False,,9200.0009765625,11.0,above,0.3928415120433993,9227.0009765625,True,7.0,9254.0009765625,42.0,above,0.9821037801084983,9177.0009765625,False,,9221.0009765625,34.0,above,0.6219990607353821,9153.0009765625,True,20.0,0.0,0.0,-0.000386933620816432,-26.0,NONE,0.0009557575165069739,-0.002696648648987159,0.0009622570119467552,0.9999263761675578,-0.000386933620816432,-0.010060274141227232,-0.0078030323941004065,-0.008395587034503271,-0.009659586439685341,9155.25077681705,0.09557575165069739,-0.3046126743392774,3.579271482824923,,232.0,-1.0,16961.0,16986.0,2025-08-22 10:55:00,2025-08-22 21:00:00,9230.0009765625,9164.0009765625,26.0,-0.7150595126435233,-0.02750228894782782,231.0,1.0,16955.0,16960.0,2025-08-22 10:10:00,2025-08-22 10:50:00,9246.0009765625,9238.0009765625,6.0,-0.08652389308934083,-0.014420648848223472,89031.0,,3424.269230769231,,12440.0,0.0,2073.3333333333335,0.0,1.6515767994063815,,7.156832797427652,,0.0,23.076923076923077,76.92307692307693,True,True,2025-08-22 21:00:00,9164.0009765625,,,1.0,0.0,2025-08-22 14:50:00,9192.0009765625,2025-08-22 21:00:00,9164.0009765625,1.0,2.0,0.3568344034393104,9.880663975567675,
AG:15m:1:1:5623:5625:1,AG,15m,5661.0,2025-08-22 15:00:00,365.0,-1.0,-1.0,CHoCH,-1.0,9155.0009765625,104.0,CHoCH,-1.0,9231.0009765625,8.0,21.0,4.0,9.0,1.0,active_bear_internal_ob,internal,-1.0,8.0,9228.0009765625,9250.0009765625,9239.0009765625,0.6983849102993764,active_bull_internal_ob,internal,1.0,73.0,9031.0009765625,9047.0009765625,9039.0009765625,1.2767349141410476,9180.0009765625,9194.0009765625,9178.0009765625,9192.0009765625,14102.0,303690.0,2.0,2.0,2.0,0.0,2.0,0.0,active_bull_internal_ob,9241.0009765625,15.0,above,0.8402443452039374,9247.0009765625,True,14.0,9231.0009765625,17.0,above,0.7311217029696597,9221.0009765625,True,8.0,9276.0009765625,97.0,above,1.2221735930239088,9367.0009765625,False,,9031.0009765625,29.0,below,1.4513311417158918,9155.0009765625,False,,0.0,0.0,0.0003362849523503719,50.0,NONE,-0.0052488362003352,0.0019153991296082262,0.005565291314519166,0.09899375050723347,0.0003362849523503719,0.016814247617518596,-0.0007379391454674922,-0.0010349643737140868,-0.0012055439012995661,9240.502862496473,-0.52488362003352,0.14162761321405704,1.9802172298760206,,79.0,1.0,5612.0,5661.0,2025-08-21 09:30:00,2025-08-22 14:45:00,9183.0009765625,9192.0009765625,50.0,0.09800717677119763,0.0019601435354239527,78.0,-1.0,5536.0,5611.0,2025-08-19 09:00:00,2025-08-21 09:15:00,9193.0009765625,9168.0009765625,76.0,-0.271946017015956,-0.003578237065999421,400133.0,,8002.66,,892603.0,0.0,11744.776315789473,0.0,0.6813803673077505,,0.4482765574393095,,76.0,16.0,8.0,True,True,,,2025-08-21 22:30:00,9240.0009765625,0.0,1.0,2025-08-21 21:00:00,9199.0009765625,2025-08-22 11:00:00,9223.0009765625,2.0,3.0,2.9055517612443964,13.314505976209313,
AG:15m:1:1:5623:5625:1,AG,1h,1685.0,2025-08-22 15:00:00,365.0,1.0,-1.0,CHoCH,1.0,9075.0009765625,331.0,BOS,-1.0,9221.0009765625,1.0,13.0,5.0,2.0,0.0,current_internal_low,internal,0.0,3.0,9221.0009765625,9221.0009765625,9221.0009765625,0.6219990607353821,active_bull_internal_ob,internal,1.0,154.0,8950.0009765625,8987.0009765625,8968.5009765625,1.931470767546713,9212.0009765625,9213.0009765625,9178.0009765625,9192.0009765625,39431.0,303690.0,0.0,0.0,0.0,0.0,0.0,0.0,,9254.0009765625,4.0,above,0.9821037801084983,9276.0009765625,False,,9221.0009765625,3.0,above,0.6219990607353821,9031.0009765625,True,1.0,9367.0009765625,19.0,above,2.215189637355835,9526.0009765625,False,,8885.0009765625,119.0,below,3.044521718336344,8563.0009765625,False,,0.0,0.0,-0.000404001312406109,-32.0,NONE,0.007736510162801833,0.004410647669880674,0.01249316663453837,0.6049630036027693,-0.000404001312406109,-0.012928041996995487,0.001721372672631949,0.004084727994199566,0.007445284837530153,9121.432918092363,0.7736510162801833,-0.21710809682808918,0.8670958056758434,,26.0,-1.0,1654.0,1685.0,2025-08-19 22:00:00,2025-08-22 14:00:00,9098.0009765625,9192.0009765625,32.0,1.0331939976941706,0.03228731242794283,25.0,1.0,1609.0,1653.0,2025-08-13 21:00:00,2025-08-19 21:00:00,9311.0009765625,9194.0009765625,45.0,-1.2565781089971972,-0.027923957977715495,1061488.0,,33171.5,,1424561.0,0.0,31656.911111111112,0.0,1.0478438620740003,,0.7451334130304003,,62.5,6.25,31.25,True,False,2025-08-20 13:30:00,9055.0009765625,,,1.0,0.0,2025-08-20 21:00:00,9157.0009765625,2025-08-22 14:00:00,9192.0009765625,1.0,1.0,2.8325016119177713,25.106081712370415,4.0
AG:15m:1:1:5623:5625:1,AG,4h,613.0,2025-08-22 15:00:00,365.0,1.0,-1.0,BOS,1.0,9075.0009765625,119.0,CHoCH,-1.0,9155.0009765625,11.0,7.0,2.0,2.0,0.0,active_bear_internal_ob,internal,-1.0,11.0,9225.0009765625,9276.0009765625,9250.5009765625,0.6656481176290932,current_internal_low,internal,0.0,3.0,9031.0009765625,9031.0009765625,9031.0009765625,1.4513311417158918,9221.0009765625,9221.0009765625,9178.0009765625,9192.0009765625,60679.0,303690.0,0.0,0.0,0.0,0.0,0.0,0.0,,9276.0009765625,10.0,above,1.2221735930239088,9367.0009765625,False,,9031.0009765625,3.0,below,1.4513311417158918,9155.0009765625,False,,9526.0009765625,39.0,above,3.950239648880848,9075.0009765625,False,,8885.0009765625,11.0,below,3.044521718336344,8563.0009765625,False,,0.0,0.0,0.00022611347761061377,28.0,NONE,0.005831948702314877,0.00890131094871612,0.009029716602492816,0.366959180544788,0.00022611347761061377,0.006331177373097185,0.0011823909737154192,0.0010525298551589124,0.002982741302556491,9138.70452059279,0.5831948702314877,-0.3577235393670053,-0.3906073445435355,,11.0,1.0,586.0,613.0,2025-08-13 21:00:00,2025-08-22 13:30:00,9317.0009765625,9192.0009765625,28.0,-1.341633432415057,-0.04791547972910918,10.0,-1.0,546.0,585.0,2025-07-30 21:00:00,2025-08-13 13:30:00,9094.0009765625,9300.0009765625,40.0,2.2652295786080634,0.056630739465201585,2486049.0,,88787.46428571429,,4728118.0,0.0,118202.95,0.0,0.7511442335890457,,0.525800963512332,,28.57142857142857,57.14285714285714,14.285714285714285,False,False,2025-08-20 21:00:00,9160.0009765625,2025-08-19 21:00:00,9092.0009765625,1.0,1.0,2025-08-20 21:00:00,9160.0009765625,2025-08-18 21:00:00,9233.0009765625,2.0,2.0,1.0144254767097218,48.7603975129299,
AG:15m:1:1:5646:5647:1,AG,5m,16945.0,2025-08-22 09:25:00,0.0,1.0,1.0,CHoCH,1.0,9177.0009765625,108.0,CHoCH,1.0,9239.0009765625,3.0,41.0,6.0,16.0,3.0,current_internal_high,internal,0.0,7.0,9239.0009765625,9239.0009765625,9239.0009765625,0.010824852720161806,active_bull_internal_ob,internal,1.0,3.0,9227.0009765625,9233.0009765625,9230.0009765625,0.05412426360080903,9242.0009765625,9244.0009765625,9235.0009765625,9238.0009765625,3761.0,315055.0,0.0,0.0,0.0,0.0,0.0,0.0,,9239.0009765625,7.0,above,0.010824852720161806,9241.0009765625,True,3.0,9227.0009765625,0.0,below,0.11907337992177987,9232.0009765625,False,,9254.0009765625,1.0,above,0.1731976435225889,9177.0009765625,False,,9153.0009765625,104.0,below,0.9201124812137536,9031.0009765625,False,,1.0,1.0,0.00011340739672514847,71.0,UP_CONFIRMED,-0.000805836159908025,-0.00017693550334254099,0.002007954317307137,0.3770625877415754,0.00011340739672514847,0.00805192516748554,-0.00015894949804406977,-0.0002559151102188295,-0.00032462113130271586,9245.451295531107,-0.08058361599080249,-0.03246401561485257,1.7349432863653391,,229.0,1.0,16875.0,16945.0,2025-08-21 21:00:00,2025-08-22 09:20:00,9212.0009765625,9238.0009765625,71.0,0.2822405258765093,0.003975218674317032,228.0,-1.0,16868.0,16874.0,2025-08-21 14:25:00,2025-08-21 14:55:00,9161.0009765625,9162.0009765625,7.0,0.010915837718594723,0.0015594053883706746,214210.0,,3017.042253521127,,17436.0,0.0,2490.8571428571427,0.0,1.211246603271845,,12.285501261757284,,73.23943661971832,26.76056338028169,0.0,False,True,,,2025-08-21 22:35:00,9246.0009765625,0.0,1.0,2025-08-22 02:25:00,9233.0009765625,2025-08-22 02:20:00,9230.0009765625,5.0,4.0,11.348509933700571,5.598220817437738,
AG:15m:1:1:5646:5647:1,AG,15m,5647.0,2025-08-22 09:15:00,10.0,-1.0,1.0,CHoCH,-1.0,9155.0009765625,90.0,BOS,1.0,9241.0009765625,0.0,22.0,3.0,9.0,1.0,current_internal_high,internal,0.0,1.0,9241.0009765625,9241.0009765625,9241.0009765625,0.032474558160485424,active_bull_internal_ob,internal,1.0,0.0,9227.0009765625,9235.0009765625,9231.0009765625,0.032474558160485424,9240.0009765625,9244.0009765625,9233.0009765625,9242.0009765625,9953.0,315799.0,0.0,0.0,0.0,0.0,0.0,0.0,,9241.0009765625,1.0,above,0.032474558160485424,9247.0009765625,True,0.0,9231.0009765625,3.0,below,0.07577396904113264,9221.0009765625,False,,9276.0009765625,83.0,above,0.4113444033661487,9367.0009765625,False,,9031.0009765625,15.0,below,2.2407445130734938,9155.0009765625,False,,0.0,0.0,0.0004990269516376217,36.0,NONE,-0.0009684733081205119,0.0038609261189922004,0.005317650437483772,0.18189078703337502,0.0004990269516376217,0.017964970258954382,-6.745267096408547e-05,-0.00011150940194815107,0.014040571598911145,9250.960284672688,-0.0968473308120512,0.09747643288293695,0.37305660626194953,,79.0,1.0,5612.0,5647.0,2025-08-21 09:30:00,2025-08-22 09:00:00,9183.0009765625,9242.0009765625,36.0,0.642491492166708,0.017846985893519667,78.0,-1.0,5536.0,5611.0,2025-08-19 09:00:00,2025-08-21 09:15:00,9193.0009765625,9168.0009765625,76.0,-0.271946017015956,-0.003578237065999421,290519.0,,8069.972222222223,,892603.0,0.0,11744.776315789473,0.0,0.6871116150056508,,0.3254739228974135,,88.88888888888889,11.11111111111111,0.0,False,True,,,2025-08-21 22:30:00,9240.0009765625,0.0,1.0,2025-08-21 21:00:00,9199.0009765625,2025-08-21 14:45:00,9162.0009765625,2.0,2.0,1.3772991954769167,11.211165274811336,
AG:15m:1:1:5646:5647:1,AG,1h,1680.0,2025-08-22 02:30:00,415.0,1.0,-1.0,CHoCH,1.0,9075.0009765625,326.0,BOS,-1.0,9155.0009765625,26.0,13.0,4.0,2.0,0.0,current_internal_high,internal,0.0,33.0,9276.0009765625,9276.0009765625,9276.0009765625,0.4113444033661487,current_internal_low,internal,0.0,13.0,9031.0009765625,9031.0009765625,9031.0009765625,2.2407445130734938,9237.0009765625,9238.0009765625,9227.0009765625,9233.0009765625,4876.0,316437.0,1.0,1.0,0.0,1.0,1.0,0.0,active_bear_internal_ob,9276.0009765625,33.0,above,0.4113444033661487,9367.0009765625,False,,9031.0009765625,13.0,below,2.2407445130734938,9155.0009765625,False,,9367.0009765625,14.0,above,1.396406000900873,9526.0009765625,False,,8885.0009765625,114.0,below,3.8211730102171173,8563.0009765625,False,,0.0,0.0,-0.0005416385518882354,-27.0,NONE,0.013973845467279011,0.00314089225259072,0.013187007273109176,0.7943154975329855,-0.0005416385518882354,-0.014624240900982355,0.002359294097182163,0.004441460415386844,-0.011017313001175588,9105.758514222396,1.3973845467279011,-0.04330409848553041,-0.8574328236808137,,26.0,-1.0,1654.0,1680.0,2025-08-19 22:00:00,2025-08-22 02:00:00,9098.0009765625,9233.0009765625,27.0,1.48384244349693,0.054957127536923334,25.0,1.0,1609.0,1653.0,2025-08-13 21:00:00,2025-08-19 21:00:00,9311.0009765625,9194.0009765625,45.0,-1.2565781089971972,-0.027923957977715495,941921.0,,34885.96296296296,,1424561.0,0.0,31656.911111111112,0.0,1.1020014820940158,,0.6612008892564095,,59.25925925925925,3.7037037037037033,37.03703703703704,False,False,2025-08-20 13:30:00,9055.0009765625,,,1.0,0.0,2025-08-20 21:00:00,9157.0009765625,,,1.0,0.0,4.1984908149052425,25.638351088961826,2.0
AG:15m:1:1:5646:5647:1,AG,4h,611.0,2025-08-22 02:30:00,415.0,1.0,-1.0,BOS,1.0,9075.0009765625,117.0,CHoCH,-1.0,9155.0009765625,9.0,7.0,2.0,2.0,0.0,current_internal_high,internal,0.0,8.0,9276.0009765625,9276.0009765625,9276.0009765625,0.4113444033661487,current_internal_low,internal,0.0,1.0,9031.0009765625,9031.0009765625,9031.0009765625,2.2407445130734938,9239.0009765625,9242.0009765625,9227.0009765625,9233.0009765625,24684.0,316437.0,1.0,1.0,0.0,1.0,1.0,0.0,active_bear_internal_ob,9276.0009765625,8.0,above,0.4113444033661487,9367.0009765625,False,,9031.0009765625,1.0,below,2.2407445130734938,9155.0009765625,False,,9526.0009765625,37.0,above,3.1175575834066,9075.0009765625,False,,8885.0009765625,9.0,below,3.8211730102171173,8563.0009765625,False,,0.0,0.0,0.00022918836891031664,26.0,NONE,0.010692254507841682,0.008992871802427199,0.009349801567417873,0.5721128991152324,0.00022918836891031664,0.005958897591668233,0.0009746539535189225,0.000519574336865114,0.00299833916375869,9135.323769804218,1.069225450784168,-0.06494208643575972,-0.9436557219637829,,11.0,1.0,586.0,611.0,2025-08-13 21:00:00,2025-08-22 00:00:00,9317.0009765625,9233.0009765625,26.0,-0.90157766658292,-0.03467606409934308,10.0,-1.0,546.0,585.0,2025-07-30 21:00:00,2025-08-13 13:30:00,9094.0009765625,9300.0009765625,40.0,2.2652295786080634,0.056630739465201585,2366482.0,,91018.53846153847,,4728118.0,0.0,118202.95,0.0,0.7700191785529757,,0.5005124660594342,,23.076923076923077,61.53846153846154,15.384615384615385,False,False,2025-08-20 21:00:00,9160.0009765625,2025-08-19 21:00:00,9092.0009765625,1.0,1.0,2025-08-20 21:00:00,9160.0009765625,2025-08-18 21:00:00,9233.0009765625,2.0,2.0,1.0396902983643488,50.1954906067116,
AG:15m:1:1:5646:5647:2,AG,5m,16948.0,2025-08-22 09:40:00,0.0,1.0,1.0,CHoCH,1.0,9177.0009765625,111.0,CHoCH,1.0,9239.0009765625,6.0,41.0,6.0,16.0,3.0,current_internal_high,internal,0.0,10.0,9239.0009765625,9239.0009765625,9239.0009765625,0.04331347674084276,active_bull_internal_ob,internal,1.0,6.0,9227.0009765625,9233.0009765625,9230.0009765625,0.02165673837042138,9238.0009765625,9240.0009765625,9233.0009765625,9235.0009765625,2141.0,314086.0,0.0,0.0,0.0,0.0,0.0,0.0,,9239.0009765625,10.0,above,0.04331347674084276,9241.0009765625,True,6.0,9227.0009765625,3.0,below,0.08662695348168552,9232.0009765625,False,,9254.0009765625,4.0,above,0.20573901451900312,9177.0009765625,False,,9153.0009765625,107.0,below,0.8879262731872766,9031.0009765625,False,,1.0,1.0,0.00010799645936273313,74.0,UP_CONFIRMED,-0.0010706775531139298,-0.00020679953705439065,0.0019723425826353347,0.33069461831447267,0.00010799645936273313,0.007991737992842252,-0.00010796141004176807,-0.0002745908788720497,-0.00035814965443436986,9244.899282705292,-0.10706775531139298,-0.03247455816048905,0.4834042654353853,,229.0,1.0,16875.0,16948.0,2025-08-21 21:00:00,2025-08-22 09:35:00,9212.0009765625,9235.0009765625,74.0,0.24967431135229923,0.003373977180436476,228.0,-1.0,16868.0,16874.0,2025-08-21 14:25:00,2025-08-21 14:55:00,9161.0009765625,9162.0009765625,7.0,0.010915837718594723,0.0015594053883706746,219441.0,,2965.4189189189187,,17436.0,0.0,2490.8571428571427,0.0,1.1905214746749502,,12.585512732278046,,74.32432432432432,25.675675675675674,0.0,True,True,,,2025-08-21 22:35:00,9246.0009765625,0.0,1.0,2025-08-22 02:25:00,9233.0009765625,2025-08-22 02:20:00,9230.0009765625,5.0,4.0,9.53746130542152,5.626563825040347,
AG:15m:1:1:5646:5647:2,AG,15m,5648.0,2025-08-22 09:30:00,10.0,-1.0,1.0,CHoCH,-1.0,9155.0009765625,91.0,BOS,1.0,9241.0009765625,1.0,22.0,3.0,9.0,1.0,current_internal_high,internal,0.0,2.0,9241.0009765625,9241.0009765625,9241.0009765625,0.06497021511126413,current_internal_low,internal,0.0,4.0,9231.0009765625,9231.0009765625,9231.0009765625,0.04331347674084276,9241.0009765625,9246.0009765625,9235.0009765625,9237.0009765625,7845.0,314928.0,1.0,1.0,1.0,0.0,1.0,0.0,active_bull_internal_ob,9241.0009765625,2.0,above,0.06497021511126413,9247.0009765625,True,1.0,9231.0009765625,4.0,below,0.04331347674084276,9221.0009765625,False,,9276.0009765625,84.0,above,0.4439631365936383,9367.0009765625,False,,9031.0009765625,16.0,below,2.2089873137829805,9155.0009765625,False,,0.0,0.0,0.00048485056314808285,37.0,NONE,-0.001483945499908596,0.0037164701292921785,0.005316425786267098,0.16399292042803093,0.00048485056314808285,0.017939470836479066,-8.67212043544896e-05,-0.00012813550670520701,0.013602741038429178,9250.728553570447,-0.1483945499908596,-0.05410083825656553,0.08526960635500998,,79.0,1.0,5612.0,5648.0,2025-08-21 09:30:00,2025-08-22 09:15:00,9183.0009765625,9237.0009765625,37.0,0.5880430606271636,0.015893055692626043,78.0,-1.0,5536.0,5611.0,2025-08-19 09:00:00,2025-08-21 09:15:00,9193.0009765625,9168.0009765625,76.0,-0.271946017015956,-0.003578237065999421,298364.0,,8063.891891891892,,892603.0,0.0,11744.776315789473,0.0,0.6865939099283599,,0.3342628245703857,,89.1891891891892,10.81081081081081,0.0,False,True,,,2025-08-21 22:30:00,9240.0009765625,0.0,1.0,2025-08-21 21:00:00,9199.0009765625,2025-08-21 14:45:00,9162.0009765625,2.0,2.0,1.4305041077458194,11.196082040896242,
AG:15m:1:1:5646:5647:2,AG,1h,1680.0,2025-08-22 02:30:00,430.0,1.0,-1.0,CHoCH,1.0,9075.0009765625,326.0,BOS,-1.0,9155.0009765625,26.0,13.0,4.0,2.0,0.0,active_bear_internal_ob,internal,-1.0,26.0,9237.0009765625,9276.0009765625,9256.5009765625,0.02165673837042138,current_internal_low,internal,0.0,13.0,9031.0009765625,9031.0009765625,9031.0009765625,2.2089873137829805,9237.0009765625,9238.0009765625,9227.0009765625,9233.0009765625,4876.0,316437.0,0.0,0.0,0.0,0.0,0.0,0.0,,9276.0009765625,33.0,above,0.4439631365936383,9367.0009765625,False,,9031.0009765625,13.0,below,2.2089873137829805,9155.0009765625,False,,9367.0009765625,14.0,above,1.429344732447811,9526.0009765625,False,,8885.0009765625,114.0,below,3.789929214823742,8563.0009765625,False,,0.0,0.0,-0.0005416385518882354,-27.0,NONE,0.013973845467279011,0.00314089225259072,0.013187007273109176,0.7943154975329855,-0.0005416385518882354,-0.014624240900982355,0.002359294097182163,0.004441460415386844,-0.011017313001175588,9105.758514222396,1.3973845467279011,-0.04330409848553041,-0.8574328236808137,,26.0,-1.0,1654.0,1680.0,2025-08-19 22:00:00,2025-08-22 02:00:00,9098.0009765625,9233.0009765625,27.0,1.48384244349693,0.054957127536923334,25.0,1.0,1609.0,1653.0,2025-08-13 21:00:00,2025-08-19 21:00:00,9311.0009765625,9194.0009765625,45.0,-1.2565781089971972,-0.027923957977715495,941921.0,,34885.96296296296,,1424561.0,0.0,31656.911111111112,0.0,1.1020014820940158,,0.6612008892564095,,59.25925925925925,3.7037037037037033,37.03703703703704,False,False,2025-08-20 13:30:00,9055.0009765625,,,1.0,0.0,2025-08-20 21:00:00,9157.0009765625,,,1.0,0.0,4.1984908149052425,25.638351088961826,2.0
AG:15m:1:1:5646:5647:2,AG,4h,611.0,2025-08-22 02:30:00,430.0,1.0,-1.0,BOS,1.0,9075.0009765625,117.0,CHoCH,-1.0,9155.0009765625,9.0,7.0,2.0,2.0,0.0,current_internal_high,internal,0.0,8.0,9276.0009765625,9276.0009765625,9276.0009765625,0.4439631365936383,current_internal_low,internal,0.0,1.0,9031.0009765625,9031.0009765625,9031.0009765625,2.2089873137829805,9239.0009765625,9242.0009765625,9227.0009765625,9233.0009765625,24684.0,316437.0,1.0,1.0,0.0,1.0,1.0,0.0,active_bear_internal_ob,9276.0009765625,8.0,above,0.4439631365936383,9367.0009765625,False,,9031.0009765625,1.0,below,2.2089873137829805,9155.0009765625,False,,9526.0009765625,37.0,above,3.151055432896311,9075.0009765625,False,,8885.0009765625,9.0,below,3.789929214823742,8563.0009765625,False,,0.0,0.0,0.00022918836891031664,26.0,NONE,0.010692254507841682,0.008992871802427199,0.009349801567417873,0.5721128991152324,0.00022918836891031664,0.005958897591668233,0.0009746539535189225,0.000519574336865114,0.00299833916375869,9135.323769804218,1.069225450784168,-0.06494208643575972,-0.9436557219637829,,11.0,1.0,586.0,611.0,2025-08-13 21:00:00,2025-08-22 00:00:00,9317.0009765625,9233.0009765625,26.0,-0.90157766658292,-0.03467606409934308,10.0,-1.0,546.0,585.0,2025-07-30 21:00:00,2025-08-13 13:30:00,9094.0009765625,9300.0009765625,40.0,2.2652295786080634,0.056630739465201585,2366482.0,,91018.53846153847,,4728118.0,0.0,118202.95,0.0,0.7700191785529757,,0.5005124660594342,,23.076923076923077,61.53846153846154,15.384615384615385,False,False,2025-08-20 21:00:00,9160.0009765625,2025-08-19 21:00:00,9092.0009765625,1.0,1.0,2025-08-20 21:00:00,9160.0009765625,2025-08-18 21:00:00,9233.0009765625,2.0,2.0,1.0396902983643488,50.1954906067116,
AG:15m:1:1:5646:5647:3,AG,5m,16951.0,2025-08-22 09:55:00,0.0,1.0,1.0,CHoCH,1.0,9177.0009765625,114.0,CHoCH,1.0,9239.0009765625,9.0,41.0,6.0,16.0,3.0,current_internal_high,internal,0.0,2.0,9246.0009765625,9246.0009765625,9246.0009765625,0.1624959204108523,current_internal_low,internal,0.0,6.0,9227.0009765625,9227.0009765625,9227.0009765625,0.04333224544289395,9238.0009765625,9238.0009765625,9229.0009765625,9231.0009765625,2105.0,312699.0,1.0,1.0,1.0,0.0,1.0,0.0,active_bull_internal_ob,9246.0009765625,2.0,above,0.1624959204108523,9239.0009765625,False,,9227.0009765625,6.0,below,0.04333224544289395,9232.0009765625,False,,9254.0009765625,7.0,above,0.2491604112966402,9177.0009765625,False,,9153.0009765625,110.0,below,0.8449787861364321,9031.0009765625,False,,1.0,1.0,0.00010278168670777274,77.0,UP_CONFIRMED,-0.0014265250344257794,-0.00023712185527558226,0.0019403893253399796,0.2699476222800982,0.00010278168670777274,0.0079141898764985,-0.00011900668058395514,-0.00021659344349456155,-0.0004159280346383021,9244.188042227677,-0.14265250344257793,-0.06495614772829006,0.33017684661646723,,229.0,1.0,16875.0,16951.0,2025-08-21 21:00:00,2025-08-22 09:50:00,9212.0009765625,9231.0009765625,77.0,0.20625269198668583,0.0026786063894374784,228.0,-1.0,16868.0,16874.0,2025-08-21 14:25:00,2025-08-21 14:55:00,9161.0009765625,9162.0009765625,7.0,0.010915837718594723,0.0015594053883706746,224726.0,,2918.5194805194806,,17436.0,0.0,2490.8571428571427,0.0,1.1716928403094957,,12.888621243404451,,74.02597402597402,25.97402597402597,0.0,True,True,,,2025-08-21 22:35:00,9246.0009765625,0.0,1.0,2025-08-22 02:25:00,9233.0009765625,2025-08-22 09:50:00,9231.0009765625,5.0,5.0,8.183089336429429,5.967405511521006,
AG:15m:1:1:5646:5647:3,AG,15m,5649.0,2025-08-22 09:45:00,10.0,-1.0,1.0,CHoCH,-1.0,9155.0009765625,92.0,BOS,1.0,9241.0009765625,2.0,22.0,3.0,9.0,1.0,current_internal_high,internal,0.0,3.0,9241.0009765625,9241.0009765625,9241.0009765625,0.10833061360723487,active_bull_internal_ob,internal,1.0,24.0,9158.0009765625,9170.0009765625,9164.0009765625,0.6608167430041327,9237.0009765625,9242.0009765625,9229.0009765625,9238.0009765625,5946.0,313564.0,2.0,1.0,1.0,0.0,2.0,0.0,active_bull_internal_ob|current_internal_low,9241.0009765625,3.0,above,0.10833061360723487,9247.0009765625,True,2.0,9231.0009765625,5.0,overlap,0.0,9221.0009765625,False,,9276.0009765625,85.0,above,0.48748776123255694,9367.0009765625,False,,9031.0009765625,17.0,below,2.1666122721446976,9155.0009765625,False,,0.0,0.0,0.00047144946369589844,38.0,NONE,-0.0013519169378886345,0.0035830915222611046,0.00530837151475365,0.17627221947119492,0.00047144946369589844,0.01791507962044414,-0.00010522120505729315,-0.00014080617358336323,0.012941450532986565,9250.5068935159,-0.13519169378886345,0.010826024621390928,-0.1360177891909667,,79.0,1.0,5612.0,5649.0,2025-08-21 09:30:00,2025-08-22 09:30:00,9183.0009765625,9238.0009765625,38.0,0.5989327469350769,0.015761388077238866,78.0,-1.0,5536.0,5611.0,2025-08-19 09:00:00,2025-08-21 09:15:00,9193.0009765625,9168.0009765625,76.0,-0.271946017015956,-0.003578237065999421,304310.0,,8008.1578947368425,,892603.0,0.0,11744.776315789473,0.0,0.681848481351732,,0.34092424067586596,,89.47368421052632,10.526315789473683,0.0,False,True,,,2025-08-21 22:30:00,9240.0009765625,0.0,1.0,2025-08-21 21:00:00,9199.0009765625,2025-08-21 14:45:00,9162.0009765625,2.0,2.0,1.48150597934038,11.324933323689368,
AG:15m:1:1:5646:5647:3,AG,1h,1680.0,2025-08-22 02:30:00,445.0,1.0,-1.0,CHoCH,1.0,9075.0009765625,326.0,BOS,-1.0,9155.0009765625,26.0,13.0,4.0,2.0,0.0,active_bear_internal_ob,internal,-1.0,26.0,9237.0009765625,9276.0009765625,9256.5009765625,0.06499836816434093,current_internal_low,internal,0.0,13.0,9031.0009765625,9031.0009765625,9031.0009765625,2.1666122721446976,9237.0009765625,9238.0009765625,9227.0009765625,9233.0009765625,4876.0,316437.0,0.0,0.0,0.0,0.0,0.0,0.0,,9276.0009765625,33.0,above,0.48748776123255694,9367.0009765625,False,,9031.0009765625,13.0,below,2.1666122721446976,9155.0009765625,False,,9367.0009765625,14.0,above,1.4732963450583942,9526.0009765625,False,,8885.0009765625,114.0,below,3.7482392308103267,8563.0009765625,False,,0.0,0.0,-0.0005416385518882354,-27.0,NONE,0.013973845467279011,0.00314089225259072,0.013187007273109176,0.7943154975329855,-0.0005416385518882354,-0.014624240900982355,0.002359294097182163,0.004441460415386844,-0.011017313001175588,9105.758514222396,1.3973845467279011,-0.04330409848553041,-0.8574328236808137,,26.0,-1.0,1654.0,1680.0,2025-08-19 22:00:00,2025-08-22 02:00:00,9098.0009765625,9233.0009765625,27.0,1.48384244349693,0.054957127536923334,25.0,1.0,1609.0,1653.0,2025-08-13 21:00:00,2025-08-19 21:00:00,9311.0009765625,9194.0009765625,45.0,-1.2565781089971972,-0.027923957977715495,941921.0,,34885.96296296296,,1424561.0,0.0,31656.911111111112,0.0,1.1020014820940158,,0.6612008892564095,,59.25925925925925,3.7037037037037033,37.03703703703704,False,False,2025-08-20 13:30:00,9055.0009765625,,,1.0,0.0,2025-08-20 21:00:00,9157.0009765625,,,1.0,0.0,4.1984908149052425,25.638351088961826,2.0
AG:15m:1:1:5646:5647:3,AG,4h,611.0,2025-08-22 02:30:00,445.0,1.0,-1.0,BOS,1.0,9075.0009765625,117.0,CHoCH,-1.0,9155.0009765625,9.0,7.0,2.0,2.0,0.0,current_internal_high,internal,0.0,8.0,9276.0009765625,9276.0009765625,9276.0009765625,0.48748776123255694,current_internal_low,internal,0.0,1.0,9031.0009765625,9031.0009765625,9031.0009765625,2.1666122721446976,9239.0009765625,9242.0009765625,9227.0009765625,9233.0009765625,24684.0,316437.0,1.0,1.0,0.0,1.0,1.0,0.0,active_bear_internal_ob,9276.0009765625,8.0,above,0.48748776123255694,9367.0009765625,False,,9031.0009765625,1.0,below,2.1666122721446976,9155.0009765625,False,,9526.0009765625,37.0,above,3.1957531014134286,9075.0009765625,False,,8885.0009765625,9.0,below,3.7482392308103267,8563.0009765625,False,,0.0,0.0,0.00022918836891031664,26.0,NONE,0.010692254507841682,0.008992871802427199,0.009349801567417873,0.5721128991152324,0.00022918836891031664,0.005958897591668233,0.0009746539535189225,0.000519574336865114,0.00299833916375869,9135.323769804218,1.069225450784168,-0.06494208643575972,-0.9436557219637829,,11.0,1.0,586.0,611.0,2025-08-13 21:00:00,2025-08-22 00:00:00,9317.0009765625,9233.0009765625,26.0,-0.90157766658292,-0.03467606409934308,10.0,-1.0,546.0,585.0,2025-07-30 21:00:00,2025-08-13 13:30:00,9094.0009765625,9300.0009765625,40.0,2.2652295786080634,0.056630739465201585,2366482.0,,91018.53846153847,,4728118.0,0.0,118202.95,0.0,0.7700191785529757,,0.5005124660594342,,23.076923076923077,61.53846153846154,15.384615384615385,False,False,2025-08-20 21:00:00,9160.0009765625,2025-08-19 21:00:00,9092.0009765625,1.0,1.0,2025-08-20 21:00:00,9160.0009765625,2025-08-18 21:00:00,9233.0009765625,2.0,2.0,1.0396902983643488,50.1954906067116,
AG:15m:1:1:5646:5647:4,AG,5m,16959.0,2025-08-22 10:50:00,0.0,1.0,1.0,CHoCH,1.0,9177.0009765625,122.0,CHoCH,1.0,9239.0009765625,17.0,41.0,6.0,16.0,3.0,current_internal_high,internal,0.0,10.0,9246.0009765625,9246.0009765625,9246.0009765625,0.11911206103731757,active_bull_internal_ob,internal,1.0,17.0,9227.0009765625,9233.0009765625,9230.0009765625,0.02165673837042138,9239.0009765625,9239.0009765625,9233.0009765625,9235.0009765625,1372.0,313231.0,0.0,0.0,0.0,0.0,0.0,0.0,,9246.0009765625,10.0,above,0.11911206103731757,9239.0009765625,False,,9227.0009765625,2.0,below,0.08662695348168552,9227.0009765625,False,,9254.0009765625,15.0,above,0.20573901451900312,9177.0009765625,False,,9221.0009765625,7.0,below,0.15159716859294964,9153.0009765625,False,,0.0,0.0,0.0004336439268736392,5.0,NONE,-0.0015380248179648068,-0.0005069280976788195,0.001198370031310368,0.194779891141226,0.0004336439268736392,0.002168219634368196,,,,9249.226516491843,-0.15380248179648068,-0.03247455816048905,-0.6382168985351938,,231.0,1.0,16955.0,16959.0,2025-08-22 10:10:00,2025-08-22 10:45:00,9246.0009765625,9235.0009765625,5.0,-0.11897035299783809,-0.02379407059956762,230.0,-1.0,16952.0,16954.0,2025-08-22 09:55:00,2025-08-22 10:05:00,9232.0009765625,9235.0009765625,3.0,0.032495663806964004,0.010831887935654668,11246.0,,2249.2,,4866.0,0.0,1622.0,0.0,1.386683107274969,,2.311138512124949,,80.0,20.0,0.0,True,True,,,2025-08-22 10:30:00,9242.0009765625,0.0,1.0,,,2025-08-22 10:45:00,9235.0009765625,0.0,1.0,2.3639842352349416,6.6411993838585595,
AG:15m:1:1:5646:5647:4,AG,15m,5652.0,2025-08-22 10:45:00,5.0,-1.0,1.0,CHoCH,-1.0,9155.0009765625,95.0,BOS,1.0,9241.0009765625,5.0,22.0,3.0,9.0,1.0,current_internal_high,internal,0.0,6.0,9241.0009765625,9241.0009765625,9241.0009765625,0.06497021511126413,current_internal_low,internal,0.0,8.0,9231.0009765625,9231.0009765625,9231.0009765625,0.04331347674084276,9246.0009765625,9250.0009765625,9238.0009765625,9238.0009765625,4282.0,313298.0,1.0,1.0,1.0,0.0,1.0,0.0,active_bull_internal_ob,9241.0009765625,6.0,above,0.06497021511126413,9247.0009765625,True,5.0,9231.0009765625,8.0,below,0.04331347674084276,9221.0009765625,False,,9276.0009765625,88.0,above,0.4439631365936383,9367.0009765625,False,,9031.0009765625,20.0,below,2.2089873137829805,9155.0009765625,False,,0.0,0.0,0.0004355435272310125,41.0,NONE,-0.0012952126525236198,0.0032303661293727522,0.005265146480522259,0.19502265166393828,0.0004355435272310125,0.017857284616471514,-0.000105785214254972,-0.00017323074972386276,-0.00036563042838011484,9249.98166985691,-0.129521265252362,-0.08652389308934083,-0.2848032855247493,,79.0,1.0,5612.0,5652.0,2025-08-21 09:30:00,2025-08-22 10:30:00,9183.0009765625,9238.0009765625,41.0,0.5989327469350769,0.014608115778904316,78.0,-1.0,5536.0,5611.0,2025-08-19 09:00:00,2025-08-21 09:15:00,9193.0009765625,9168.0009765625,76.0,-0.271946017015956,-0.003578237065999421,322104.0,,7856.195121951219,,892603.0,0.0,11744.776315789473,0.0,0.6689097272452509,,0.3608591949612538,,90.2439024390244,9.75609756097561,0.0,False,True,,,2025-08-21 22:30:00,9240.0009765625,0.0,1.0,2025-08-21 21:00:00,9199.0009765625,2025-08-21 14:45:00,9162.0009765625,2.0,2.0,1.629891557073936,12.18435805836208,
AG:15m:1:1:5646:5647:4,AG,1h,1681.0,2025-08-22 10:00:00,50.0,1.0,-1.0,CHoCH,1.0,9075.0009765625,327.0,BOS,-1.0,9155.0009765625,27.0,13.0,4.0,2.0,0.0,active_bear_internal_ob,internal,-1.0,27.0,9237.0009765625,9276.0009765625,9256.5009765625,0.02165673837042138,current_internal_low,internal,0.0,14.0,9031.0009765625,9031.0009765625,9031.0009765625,2.2089873137829805,9240.0009765625,9246.0009765625,9227.0009765625,9232.0009765625,28515.0,312389.0,0.0,0.0,0.0,0.0,0.0,0.0,,9254.0009765625,0.0,above,0.20573901451900312,9276.0009765625,False,,9031.0009765625,14.0,below,2.2089873137829805,9155.0009765625,False,,9367.0009765625,15.0,above,1.429344732447811,9526.0009765625,False,,8885.0009765625,115.0,below,3.789929214823742,8563.0009765625,False,,0.0,0.0,-0.0005045838829336814,-28.0,NONE,0.013354052545365452,0.0035056479773326746,0.01308735305095471,0.7741287214668209,-0.0005045838829336814,-0.01412834872214308,0.001645176120592895,0.004719515238833738,-0.01029736840163109,9110.341004087715,1.3354052545365453,-0.010830714764775706,-0.053191208643123294,,26.0,-1.0,1654.0,1681.0,2025-08-19 22:00:00,2025-08-22 09:00:00,9098.0009765625,9232.0009765625,28.0,1.4728510179895515,0.05260182207105541,25.0,1.0,1609.0,1653.0,2025-08-13 21:00:00,2025-08-19 21:00:00,9311.0009765625,9194.0009765625,45.0,-1.2565781089971972,-0.027923957977715495,970436.0,,34658.42857142857,,1424561.0,0.0,31656.911111111112,0.0,1.0948139712615224,,0.6812175821182807,,60.71428571428571,3.571428571428571,35.714285714285715,False,False,2025-08-20 13:30:00,9055.0009765625,,,1.0,0.0,2025-08-20 21:00:00,9157.0009765625,,,1.0,0.0,3.733219403538749,25.16418315403598,4.0
AG:15m:1:1:5646:5647:4,AG,4h,611.0,2025-08-22 02:30:00,500.0,1.0,-1.0,BOS,1.0,9075.0009765625,117.0,CHoCH,-1.0,9155.0009765625,9.0,7.0,2.0,2.0,0.0,current_internal_high,internal,0.0,8.0,9276.0009765625,9276.0009765625,9276.0009765625,0.4439631365936383,current_internal_low,internal,0.0,1.0,9031.0009765625,9031.0009765625,9031.0009765625,2.2089873137829805,9239.0009765625,9242.0009765625,9227.0009765625,9233.0009765625,24684.0,316437.0,1.0,1.0,0.0,1.0,1.0,0.0,active_bear_internal_ob,9276.0009765625,8.0,above,0.4439631365936383,9367.0009765625,False,,9031.0009765625,1.0,below,2.2089873137829805,9155.0009765625,False,,9526.0009765625,37.0,above,3.151055432896311,9075.0009765625,False,,8885.0009765625,9.0,below,3.789929214823742,8563.0009765625,False,,0.0,0.0,0.00022918836891031664,26.0,NONE,0.010692254507841682,0.008992871802427199,0.009349801567417873,0.5721128991152324,0.00022918836891031664,0.005958897591668233,0.0009746539535189225,0.000519574336865114,0.00299833916375869,9135.323769804218,1.069225450784168,-0.06494208643575972,-0.9436557219637829,,11.0,1.0,586.0,611.0,2025-08-13 21:00:00,2025-08-22 00:00:00,9317.0009765625,9233.0009765625,26.0,-0.90157766658292,-0.03467606409934308,10.0,-1.0,546.0,585.0,2025-07-30 21:00:00,2025-08-13 13:30:00,9094.0009765625,9300.0009765625,40.0,2.2652295786080634,0.056630739465201585,2366482.0,,91018.53846153847,,4728118.0,0.0,118202.95,0.0,0.7700191785529757,,0.5005124660594342,,23.076923076923077,61.53846153846154,15.384615384615385,False,False,2025-08-20 21:00:00,9160.0009765625,2025-08-19 21:00:00,9092.0009765625,1.0,1.0,2025-08-20 21:00:00,9160.0009765625,2025-08-18 21:00:00,9233.0009765625,2.0,2.0,1.0396902983643488,50.1954906067116,
AG:15m:1:-1:5651:5653:1,AG,5m,16998.0,2025-08-22 22:05:00,0.0,-1.0,1.0,CHoCH,-1.0,9221.0009765625,32.0,CHoCH,1.0,9218.0009765625,0.0,39.0,6.0,16.0,3.0,current_swing_high,swing,0.0,54.0,9254.0009765625,9254.0009765625,9254.0009765625,0.010807304598075392,current_swing_low,swing,0.0,46.0,9221.0009765625,9221.0009765625,9221.0009765625,0.34583374713841253,9197.0009765625,9267.0009765625,9197.0009765625,9253.0009765625,37319.0,304368.0,0.0,0.0,0.0,0.0,0.0,0.0,,9218.0009765625,21.0,below,0.37825566093263874,9250.0009765625,True,0.0,9155.0009765625,7.0,below,1.0591158506113885,9200.0009765625,False,,9254.0009765625,54.0,above,0.010807304598075392,9177.0009765625,False,,9221.0009765625,46.0,below,0.34583374713841253,9153.0009765625,True,32.0,0.0,0.0,0.0,1.0,DOWN_BROKEN,0.009309191945830617,0.009309191945830617,0.0,0.5,0.0,0.0,,,,9167.657493264072,0.9309191945830617,0.6198346449209247,4.104695833888261,,233.0,1.0,16998.0,16998.0,2025-08-22 22:00:00,2025-08-22 22:00:00,9253.0009765625,9253.0009765625,1.0,0.0,0.0,232.0,-1.0,16961.0,16997.0,2025-08-22 10:55:00,2025-08-22 21:55:00,9230.0009765625,9196.0009765625,37.0,-0.36836399136180864,-0.009955783550319152,37319.0,,37319.0,,128373.0,0.0,3469.5405405405404,0.0,10.756179258878426,,0.2907075475372547,,100.0,0.0,0.0,True,False,,,,,0.0,0.0,,,,,0.0,0.0,0.0,14.702866880231127,
AG:15m:1:-1:5651:5653:1,AG,15m,5665.0,2025-08-22 22:00:00,5.0,-1.0,-1.0,CHoCH,-1.0,9155.0009765625,108.0,CHoCH,-1.0,9231.0009765625,12.0,19.0,4.0,9.0,1.0,current_swing_high,swing,0.0,101.0,9276.0009765625,9276.0009765625,9276.0009765625,0.248568005755734,active_bear_internal_ob,internal,-1.0,12.0,9228.0009765625,9250.0009765625,9239.0009765625,0.032421913794226175,9200.0009765625,9201.0009765625,9188.0009765625,9196.0009765625,7918.0,301676.0,1.0,1.0,0.0,1.0,0.0,1.0,active_bear_swing_ob,9241.0009765625,19.0,below,0.1296876551769047,9247.0009765625,True,18.0,9231.0009765625,21.0,below,0.23776070115765863,9221.0009765625,True,12.0,9276.0009765625,101.0,above,0.248568005755734,9367.0009765625,False,,9031.0009765625,33.0,below,2.399221620772737,9155.0009765625,False,,0.0,0.0,4.2702453603993273e-05,-4.0,NONE,0.004252077775501622,0.003684913184937767,0.0010726734207133774,0.7015068437012976,4.2702453603993273e-05,0.0001708098144159731,,,,9157.064426426057,0.4252077775501622,-0.043478256254425585,-0.19072414262877485,,80.0,-1.0,5662.0,5665.0,2025-08-22 21:00:00,2025-08-22 21:45:00,9173.0009765625,9196.0009765625,4.0,0.25073582853383236,0.06268395713345809,79.0,1.0,5612.0,5661.0,2025-08-21 09:30:00,2025-08-22 14:45:00,9183.0009765625,9192.0009765625,50.0,0.09800717677119763,0.0019601435354239527,52910.0,,13227.5,,400133.0,0.0,8002.66,0.0,1.6528879147683395,,0.13223103318146717,,0.0,50.0,50.0,True,False,2025-08-22 21:00:00,9173.0009765625,,,1.0,0.0,2025-08-22 21:30:00,9200.0009765625,,,1.0,0.0,0.2910986953771323,15.951858735592312,
AG:15m:1:-1:5651:5653:1,AG,1h,1686.0,2025-08-22 22:00:00,5.0,1.0,-1.0,CHoCH,1.0,9075.0009765625,332.0,BOS,-1.0,9221.0009765625,2.0,13.0,5.0,2.0,0.0,current_internal_high,internal,0.0,5.0,9254.0009765625,9254.0009765625,9254.0009765625,0.010807304598075392,active_bear_internal_ob,internal,-1.0,2.0,9227.0009765625,9250.0009765625,9238.5009765625,0.032421913794226175,9168.0,9204.0009765625,9155.0009765625,9196.0009765625,52910.0,301676.0,1.0,1.0,0.0,1.0,1.0,0.0,active_bear_internal_ob,9254.0009765625,5.0,above,0.010807304598075392,9276.0009765625,False,,9221.0009765625,4.0,below,0.34583374713841253,9031.0009765625,True,2.0,9367.0009765625,20.0,above,1.2320327241805948,9526.0009765625,False,,8885.0009765625,120.0,below,3.977088092091744,8563.0009765625,False,,0.0,0.0,-0.00037820786799886043,-33.0,NONE,0.007718501705369926,0.004510885670956106,0.012315480683677,0.6027431977388523,-0.00037820786799886043,-0.012480859643962394,0.001671098946850913,0.0033190243195264646,0.0076475670668485485,9125.5652853451,0.7718501705369926,0.04351609633417297,1.41631354963313,,26.0,-1.0,1654.0,1686.0,2025-08-19 22:00:00,2025-08-22 21:00:00,9098.0009765625,9196.0009765625,33.0,1.0771596997237065,0.0326412030219305,25.0,1.0,1609.0,1653.0,2025-08-13 21:00:00,2025-08-19 21:00:00,9311.0009765625,9194.0009765625,45.0,-1.2565781089971972,-0.027923957977715495,1114398.0,,33769.63636363636,,1424561.0,0.0,31656.911111111112,0.0,1.0667381996022889,,0.7822746797083452,,60.60606060606061,9.090909090909092,30.303030303030305,True,False,2025-08-20 13:30:00,9055.0009765625,,,1.0,0.0,2025-08-20 21:00:00,9157.0009765625,2025-08-22 14:00:00,9192.0009765625,1.0,1.0,2.7301691024828547,26.812790161486813,4.0
AG:15m:1:-1:5651:5653:1,AG,4h,613.0,2025-08-22 15:00:00,425.0,1.0,-1.0,BOS,1.0,9075.0009765625,119.0,CHoCH,-1.0,9155.0009765625,11.0,7.0,2.0,2.0,0.0,current_internal_high,internal,0.0,10.0,9276.0009765625,9276.0009765625,9276.0009765625,0.248568005755734,current_internal_low,internal,0.0,3.0,9031.0009765625,9031.0009765625,9031.0009765625,2.399221620772737,9221.0009765625,9221.0009765625,9178.0009765625,9192.0009765625,60679.0,303690.0,1.0,1.0,0.0,1.0,1.0,0.0,active_bear_internal_ob,9276.0009765625,10.0,above,0.248568005755734,9367.0009765625,False,,9031.0009765625,3.0,below,2.399221620772737,9155.0009765625,False,,9526.0009765625,39.0,above,2.950394155274582,9075.0009765625,False,,8885.0009765625,11.0,below,3.977088092091744,8563.0009765625,False,,0.0,0.0,0.00022611347761061377,28.0,NONE,0.005831948702314877,0.00890131094871612,0.009029716602492816,0.366959180544788,0.00022611347761061377,0.006331177373097185,0.0011823909737154192,0.0010525298551589124,0.002982741302556491,9138.70452059279,0.5831948702314877,-0.3577235393670053,-0.3906073445435355,,11.0,1.0,586.0,613.0,2025-08-13 21:00:00,2025-08-22 13:30:00,9317.0009765625,9192.0009765625,28.0,-1.341633432415057,-0.04791547972910918,10.0,-1.0,546.0,585.0,2025-07-30 21:00:00,2025-08-13 13:30:00,9094.0009765625,9300.0009765625,40.0,2.2652295786080634,0.056630739465201585,2486049.0,,88787.46428571429,,4728118.0,0.0,118202.95,0.0,0.7511442335890457,,0.525800963512332,,28.57142857142857,57.14285714285714,14.285714285714285,False,False,2025-08-20 21:00:00,9160.0009765625,2025-08-19 21:00:00,9092.0009765625,1.0,1.0,2025-08-20 21:00:00,9160.0009765625,2025-08-18 21:00:00,9233.0009765625,2.0,2.0,1.0144254767097218,48.7603975129299,
AG:15m:1:1:5673:5680:1,AG,5m,17052.0,2025-08-25 09:05:00,0.0,1.0,-1.0,CHoCH,1.0,9254.0009765625,53.0,CHoCH,-1.0,9402.0009765625,3.0,39.0,3.0,17.0,2.0,current_internal_low,internal,0.0,8.0,9402.0009765625,9402.0009765625,9402.0009765625,0.22385670838822438,current_swing_high,swing,0.0,108.0,9254.0009765625,9254.0009765625,9254.0009765625,1.3538000935859285,9388.0009765625,9396.0009765625,9377.0009765625,9381.0009765625,19937.0,338371.0,0.0,0.0,0.0,0.0,0.0,0.0,,9412.0009765625,2.0,above,0.33045514095404555,9417.0009765625,False,,9402.0009765625,8.0,above,0.22385670838822438,9385.0009765625,True,3.0,9254.0009765625,108.0,below,1.3538000935859285,9177.0009765625,True,53.0,9221.0009765625,100.0,below,1.7055749210531383,9153.0009765625,True,86.0,1.0,1.0,0.0004822414697607126,55.0,UP_CONFIRMED,-0.0031679375975601307,0.009077558348618805,0.006529015035372326,0.03035852990774257,0.0004822414697607126,0.02652328083683919,-0.000556468636791152,-0.0005934678558201512,0.013145650053431712,9410.813847573869,-0.3167937597560131,-0.23396785829158384,4.141836795512575,,233.0,1.0,16998.0,17052.0,2025-08-22 22:00:00,2025-08-25 09:00:00,9253.0009765625,9381.0009765625,55.0,1.3833349885536528,0.02515154524643005,232.0,-1.0,16961.0,16997.0,2025-08-22 10:55:00,2025-08-22 21:55:00,9230.0009765625,9196.0009765625,37.0,-0.36836399136180864,-0.009955783550319152,444506.0,,8081.927272727273,,128373.0,0.0,3469.5405405405404,0.0,2.3293941022715767,,3.462612854728019,,98.18181818181819,1.8181818181818181,0.0,True,True,,,2025-08-23 01:20:00,9407.0009765625,0.0,1.0,,,2025-08-25 09:00:00,9381.0009765625,0.0,1.0,0.7192479282015023,8.368282030639856,
AG:15m:1:1:5673:5680:1,AG,15m,5683.0,2025-08-23 02:30:00,3275.0,1.0,1.0,CHoCH,1.0,9276.0009765625,17.0,CHoCH,1.0,9408.0009765625,3.0,20.0,1.0,10.0,0.0,current_internal_high,internal,0.0,8.0,9408.0009765625,9408.0009765625,9408.0009765625,0.2878157679277171,current_internal_low,internal,0.0,5.0,9378.0009765625,9378.0009765625,9378.0009765625,0.03197952976974635,9406.0009765625,9406.0009765625,9396.0009765625,9403.0009765625,8113.0,342193.0,1.0,1.0,1.0,0.0,1.0,0.0,active_bull_internal_ob,9408.0009765625,8.0,above,0.2878157679277171,9241.0009765625,True,3.0,9378.0009765625,5.0,below,0.03197952976974635,9155.0009765625,False,,9276.0009765625,119.0,below,1.119283541941122,9367.0009765625,True,17.0,9031.0009765625,51.0,below,3.7309451398037403,9155.0009765625,False,,0.0,0.0,0.0014810714363581907,18.0,NONE,-0.0013874080418766028,0.012459971121299228,0.008458037208169844,0.05079581731988009,0.0014810714363581907,0.026659285854447434,0.01936608442581922,0.0201365853313773,,9416.064900728603,-0.13874080418766027,-0.031894532091536476,-0.5526468657626382,,81.0,1.0,5666.0,5683.0,2025-08-22 22:00:00,2025-08-23 02:15:00,9311.0009765625,9403.0009765625,18.0,0.988078513057622,0.05489325072542344,80.0,-1.0,5662.0,5665.0,2025-08-22 21:00:00,2025-08-22 21:45:00,9173.0009765625,9196.0009765625,4.0,0.25073582853383236,0.06268395713345809,424569.0,,23587.166666666668,,52910.0,0.0,13227.5,0.0,1.7831915831915832,,8.024362124362124,,100.0,0.0,0.0,False,True,,,2025-08-23 01:15:00,9406.0009765625,0.0,1.0,,,,,0.0,0.0,0.6788167585486271,16.961421254013786,
AG:15m:1:1:5673:5680:1,AG,1h,1691.0,2025-08-23 02:30:00,3275.0,1.0,1.0,BOS,1.0,9367.0009765625,4.0,CHoCH,1.0,9254.0009765625,4.0,14.0,2.0,3.0,0.0,active_bear_internal_ob,internal,-1.0,224.0,9399.0009765625,9447.0009765625,9423.0009765625,0.19187717861847806,current_swing_high,swing,0.0,25.0,9367.0009765625,9367.0009765625,9367.0009765625,0.1492378055921496,9407.0009765625,9409.0009765625,9396.0009765625,9403.0009765625,11555.0,342193.0,0.0,0.0,0.0,0.0,0.0,0.0,,9254.0009765625,10.0,below,1.3538000935859285,9276.0009765625,True,4.0,9221.0009765625,9.0,below,1.7055749210531383,9031.0009765625,True,7.0,9367.0009765625,25.0,below,0.1492378055921496,9526.0009765625,True,4.0,8885.0009765625,125.0,below,5.287282255264729,8563.0009765625,False,,0.0,0.0,0.0006704935634058717,5.0,NONE,0.02137221937102258,0.021665745770247907,0.0008518940433821657,0.3652135671272314,0.0006704935634058717,0.0033524678170293587,,,,9206.243128830172,2.137221937102258,-0.05314625298674658,-0.5465050624487359,,27.0,1.0,1687.0,1691.0,2025-08-22 22:00:00,2025-08-23 02:00:00,9386.0009765625,9403.0009765625,5.0,0.18112079939529568,0.03622415987905914,26.0,-1.0,1654.0,1686.0,2025-08-19 22:00:00,2025-08-22 21:00:00,9098.0009765625,9196.0009765625,33.0,1.0771596997237065,0.0326412030219305,424569.0,,84913.8,,1114398.0,0.0,33769.63636363636,0.0,2.514501461775775,,0.3809850699660265,,60.0,40.0,0.0,False,False,,,,,0.0,0.0,2025-08-22 22:00:00,9386.0009765625,,,1.0,0.0,0.0393198578260811,34.57130454838186,2.0
AG:15m:1:1:5673:5680:1,AG,4h,615.0,2025-08-23 02:30:00,3275.0,1.0,1.0,BOS,1.0,9075.0009765625,121.0,CHoCH,1.0,9276.0009765625,1.0,8.0,1.0,2.0,0.0,current_swing_high,swing,0.0,41.0,9526.0009765625,9526.0009765625,9526.0009765625,1.5456772722044065,current_internal_high,internal,0.0,12.0,9276.0009765625,9276.0009765625,9276.0009765625,1.119283541941122,9383.0009765625,9417.0009765625,9383.0009765625,9403.0009765625,63078.0,342193.0,1.0,1.0,0.0,1.0,1.0,0.0,active_bear_internal_ob,9276.0009765625,12.0,below,1.119283541941122,9367.0009765625,True,1.0,9031.0009765625,5.0,below,3.7309451398037403,9155.0009765625,False,,9526.0009765625,41.0,above,1.5456772722044065,9075.0009765625,False,,8885.0009765625,13.0,below,5.287282255264729,8563.0009765625,False,,0.0,0.0,0.0003176885728119879,30.0,NONE,0.025659628651647982,0.009960838745066357,0.009584695046897138,0.9492789167164671,0.0003176885728119879,0.009530657184359637,0.003647520164837381,0.004716529604336328,0.0056454905970981795,9167.759667916214,2.5659628651647983,0.22383284815745697,-0.40019685218066836,,11.0,1.0,586.0,615.0,2025-08-13 21:00:00,2025-08-23 00:00:00,9317.0009765625,9403.0009765625,30.0,0.9230438015015663,0.030768126716718875,10.0,-1.0,546.0,585.0,2025-07-30 21:00:00,2025-08-13 13:30:00,9094.0009765625,9300.0009765625,40.0,2.2652295786080634,0.056630739465201585,2963528.0,,98784.26666666666,,4728118.0,0.0,118202.95,0.0,0.8357174390881671,,0.6267880793161253,,33.33333333333333,53.333333333333336,13.333333333333334,False,False,2025-08-20 21:00:00,9160.0009765625,2025-08-19 21:00:00,9092.0009765625,1.0,1.0,2025-08-20 21:00:00,9160.0009765625,2025-08-18 21:00:00,9233.0009765625,2.0,2.0,0.9622377484671635,61.32401622288344,
AG:15m:1:-1:5679:5687:1,AG,5m,17430.0,2025-08-28 21:05:00,0.0,1.0,1.0,CHoCH,1.0,9350.0009765625,45.0,BOS,1.0,9367.0009765625,11.0,43.0,3.0,18.0,2.0,active_bear_internal_ob,internal,-1.0,381.0,9406.0009765625,9412.0009765625,9409.0009765625,0.053185825769675246,current_internal_high,internal,0.0,17.0,9367.0009765625,9367.0009765625,9367.0009765625,0.3616636152337917,9390.0,9404.0009765625,9385.0009765625,9401.0009765625,28090.0,274240.0,0.0,0.0,0.0,0.0,0.0,0.0,,9367.0009765625,17.0,below,0.3616636152337917,9365.0009765625,True,11.0,9346.0009765625,11.0,below,0.5850440834664277,9350.0009765625,False,,9350.0009765625,137.0,below,0.5424954228506875,9380.0009765625,True,45.0,9255.0009765625,55.0,below,1.5530261124745173,9291.0009765625,False,,1.0,1.0,0.0001377069888993221,70.0,UP_CONFIRMED,0.004747457499111489,0.005459556928122788,0.001106891974600417,0.26000423069044687,0.0001377069888993221,0.009639489222952546,0.0019773083036145334,0.0027438276869036216,0.004105987426527458,9356.581005899996,0.47474574991114893,0.2559453716597382,4.260034884029689,,237.0,1.0,17361.0,17430.0,2025-08-28 00:30:00,2025-08-28 21:00:00,9332.0009765625,9401.0009765625,70.0,0.7393912642454259,0.010562732346363226,236.0,-1.0,17208.0,17360.0,2025-08-26 21:00:00,2025-08-28 00:25:00,9307.0009765625,9315.0009765625,153.0,0.08595679768537146,0.0005618091351985063,201536.0,,2879.0857142857144,,432751.0,0.0,2828.4379084967322,0.0,1.0179066351914017,,0.4657089180614256,,78.57142857142857,21.428571428571427,0.0,True,False,,,,,0.0,0.0,2025-08-28 13:45:00,9356.0009765625,2025-08-28 13:30:00,9353.0009765625,4.0,4.0,0.20274392028017743,9.131671419829141,
AG:15m:1:-1:5679:5687:1,AG,15m,5809.0,2025-08-28 15:00:00,365.0,1.0,1.0,CHoCH,1.0,9276.0009765625,143.0,CHoCH,1.0,9342.0009765625,14.0,20.0,3.0,10.0,0.0,current_swing_high,swing,0.0,80.0,9417.0009765625,9417.0009765625,9417.0009765625,0.1701946424629608,active_bear_internal_ob,internal,-1.0,110.0,9382.0009765625,9396.0009765625,9389.0009765625,0.053185825769675246,9380.0009765625,9385.0009765625,9371.0009765625,9377.0009765625,11213.0,278545.0,1.0,1.0,0.0,1.0,1.0,0.0,active_bear_internal_ob,9342.0009765625,15.0,below,0.6275927440821679,9348.0009765625,True,14.0,9324.0009765625,11.0,below,0.8190617168529989,9255.0009765625,False,,9417.0009765625,80.0,above,0.1701946424629608,9276.0009765625,False,,9031.0009765625,177.0,below,3.9357511069559683,9155.0009765625,False,,0.0,0.0,0.00013985947409761817,15.0,NONE,0.009754704260469852,0.009414009414377667,0.0006935797800958252,0.6883618126652298,0.00013985947409761817,0.0020978921114642723,0.0010400861722681398,0.0016034799610726846,,9286.414747064817,0.9754704260469852,-0.03198293910092742,0.664833256154855,,83.0,1.0,5795.0,5809.0,2025-08-28 09:00:00,2025-08-28 14:45:00,9351.0009765625,9377.0009765625,15.0,0.2780450998258521,0.018536339988390143,82.0,-1.0,5736.0,5794.0,2025-08-26 21:00:00,2025-08-28 02:15:00,9307.0009765625,9327.0009765625,59.0,0.21489199421345084,0.003642237190058489,138184.0,,9212.266666666666,,468013.0,0.0,7932.423728813559,0.0,1.1613432390410807,,0.29525675568841037,,100.0,0.0,0.0,False,False,,,,,0.0,0.0,,,,,0.0,0.0,0.07367528006043277,12.868648433790247,
AG:15m:1:-1:5679:5687:1,AG,1h,1729.0,2025-08-28 15:00:00,365.0,1.0,1.0,BOS,1.0,9367.0009765625,42.0,CHoCH,1.0,9350.0009765625,4.0,15.0,2.0,3.0,0.0,active_bear_internal_ob,internal,-1.0,279.0,9460.0009765625,9526.0009765625,9493.0009765625,0.6275927440821679,current_swing_high,swing,0.0,63.0,9367.0009765625,9367.0009765625,9367.0009765625,0.3616636152337917,9361.0009765625,9385.0009765625,9361.0009765625,9377.0009765625,41218.0,278545.0,1.0,1.0,0.0,1.0,1.0,0.0,active_bear_internal_ob,9350.0009765625,14.0,below,0.5424954228506875,9377.0009765625,True,4.0,9255.0009765625,5.0,below,1.5530261124745173,9291.0009765625,False,,9367.0009765625,63.0,below,0.3616636152337917,9526.0009765625,True,42.0,9031.0009765625,17.0,below,3.9357511069559683,8885.0009765625,False,,0.0,0.0,0.0002988499805347802,43.0,NONE,0.008996538825852357,0.010350568962593325,0.0057586553966880024,0.4070540862680745,0.0002988499805347802,0.01285054916299555,0.0012647437049038146,0.0016769892072989734,0.002664544752760012,9293.392609130568,0.8996538825852357,0.1709218922213429,0.8883733561187274,,27.0,1.0,1687.0,1729.0,2025-08-22 22:00:00,2025-08-28 14:00:00,9386.0009765625,9377.0009765625,43.0,-0.09588748203279707,-0.0022299414426231877,26.0,-1.0,1654.0,1686.0,2025-08-19 22:00:00,2025-08-22 21:00:00,9098.0009765625,9196.0009765625,33.0,1.0771596997237065,0.0326412030219305,1480271.0,,34424.90697674418,,1114398.0,0.0,33769.63636363636,0.0,1.0194041358944992,,1.3283144801049536,,30.23255813953488,58.139534883720934,11.627906976744185,False,False,2025-08-27 22:00:00,9297.0009765625,2025-08-27 21:00:00,9275.0009765625,1.0,1.0,2025-08-28 00:00:00,9336.0009765625,2025-08-26 21:00:00,9326.0009765625,4.0,3.0,0.5563612413481449,23.350136758962798,4.0
AG:15m:1:-1:5679:5687:1,AG,4h,629.0,2025-08-28 15:00:00,365.0,1.0,1.0,BOS,1.0,9075.0009765625,135.0,CHoCH,1.0,9276.0009765625,15.0,8.0,1.0,2.0,0.0,current_internal_high,internal,0.0,9.0,9417.0009765625,9417.0009765625,9417.0009765625,0.1701946424629608,active_bull_internal_ob,internal,1.0,15.0,9031.0009765625,9059.0009765625,9045.0009765625,3.637910482645787,9352.0009765625,9385.0009765625,9346.0009765625,9377.0009765625,56794.0,278545.0,1.0,1.0,0.0,1.0,1.0,0.0,active_bear_internal_ob,9417.0009765625,9.0,above,0.1701946424629608,9276.0009765625,False,,9031.0009765625,19.0,below,3.9357511069559683,9155.0009765625,False,,9526.0009765625,55.0,above,1.3296456442418811,9075.0009765625,False,,8885.0009765625,27.0,below,5.488777219430486,8563.0009765625,False,,0.0,0.0,0.00035160808180957246,44.0,NONE,0.016840493535661548,0.011890256012024862,0.008649628460845556,0.7164427847576609,0.00035160808180957246,0.015470755599621189,0.0017185256577243457,0.0035622436945881297,0.010211049781305492,9221.702947684233,1.6840493535661547,0.22445487182618518,-0.41102209621321656,,11.0,1.0,586.0,629.0,2025-08-13 21:00:00,2025-08-28 13:30:00,9317.0009765625,9377.0009765625,44.0,0.6439840475592318,0.014636001080891631,10.0,-1.0,546.0,585.0,2025-07-30 21:00:00,2025-08-13 13:30:00,9094.0009765625,9300.0009765625,40.0,2.2652295786080634,0.056630739465201585,4019230.0,,91346.13636363637,,4728118.0,0.0,118202.95,0.0,0.772790665238358,,0.8500697317621938,,43.18181818181818,47.72727272727273,9.090909090909092,False,False,2025-08-20 21:00:00,9160.0009765625,2025-08-19 21:00:00,9092.0009765625,1.0,1.0,2025-08-28 00:00:00,9327.0009765625,2025-08-27 13:30:00,9305.0009765625,3.0,3.0,0.7274551912169096,47.28880831124052,
AG:15m:1:-1:5679:5687:2,AG,5m,17434.0,2025-08-28 21:25:00,0.0,1.0,1.0,CHoCH,1.0,9350.0009765625,49.0,BOS,1.0,9367.0009765625,15.0,43.0,3.0,18.0,2.0,active_bear_internal_ob,internal,-1.0,385.0,9406.0009765625,9412.0009765625,9409.0009765625,0.09577523746615885,current_internal_high,internal,0.0,21.0,9367.0009765625,9367.0009765625,9367.0009765625,0.3192507915538628,9387.0009765625,9403.0009765625,9386.0009765625,9397.0009765625,5372.0,276260.0,0.0,0.0,0.0,0.0,0.0,0.0,,9367.0009765625,21.0,below,0.3192507915538628,9365.0009765625,True,15.0,9346.0009765625,15.0,below,0.5427263456415669,9350.0009765625,False,,9350.0009765625,141.0,below,0.5001595734343851,9380.0009765625,True,49.0,9255.0009765625,59.0,below,1.5111204133549505,9291.0009765625,False,,1.0,1.0,0.00013951901314989944,74.0,UP_CONFIRMED,0.0036391036959341027,0.005321492889235198,0.001225739104705345,0.08494601742701813,0.00013951901314989944,0.01032440697309256,0.0020325426093326104,0.002748432108370835,0.0043827294182183785,9362.928309546463,0.3639103695934103,0.10653029678986403,0.055506904115423375,,237.0,1.0,17361.0,17434.0,2025-08-28 00:30:00,2025-08-28 21:20:00,9332.0009765625,9397.0009765625,74.0,0.6965280025500231,0.009412540575000312,236.0,-1.0,17208.0,17360.0,2025-08-26 21:00:00,2025-08-28 00:25:00,9307.0009765625,9315.0009765625,153.0,0.08595679768537146,0.0005618091351985063,225953.0,,3053.4189189189187,,432751.0,0.0,2828.4379084967322,0.0,1.0795424957876343,,0.5221316646293134,,74.32432432432432,25.675675675675674,0.0,True,False,,,,,0.0,0.0,2025-08-28 21:20:00,9397.0009765625,2025-08-28 21:05:00,9385.0009765625,5.0,5.0,0.23033745045208687,10.380978431428053,
AG:15m:1:-1:5679:5687:2,AG,15m,5810.0,2025-08-28 21:15:00,10.0,1.0,1.0,CHoCH,1.0,9276.0009765625,144.0,CHoCH,1.0,9342.0009765625,15.0,20.0,2.0,10.0,0.0,active_bear_internal_ob,internal,-1.0,123.0,9401.0009765625,9417.0009765625,9409.0009765625,0.042566772207181705,current_internal_high,internal,0.0,16.0,9342.0009765625,9342.0009765625,9342.0009765625,0.5852931178487485,9390.0,9409.0009765625,9383.0009765625,9385.0009765625,44567.0,275203.0,0.0,0.0,0.0,0.0,0.0,0.0,,9342.0009765625,16.0,below,0.5852931178487485,9348.0009765625,True,15.0,9324.0009765625,12.0,below,0.7768435927810662,9255.0009765625,False,,9417.0009765625,81.0,above,0.21283386103590854,9276.0009765625,False,,9031.0009765625,178.0,below,3.894859656957126,9155.0009765625,False,,0.0,0.0,0.00019619099322314149,16.0,NONE,0.009567253409601734,0.009423587164079171,0.0006725794404663901,0.584572400244324,0.00019619099322314149,0.0031390558915702638,0.0019480282787067704,0.0025386119167729593,,9296.063184366001,0.9567253409601734,0.0853151238865868,3.587315697854033,,83.0,1.0,5795.0,5810.0,2025-08-28 09:00:00,2025-08-28 21:00:00,9351.0009765625,9385.0009765625,16.0,0.3635974382338203,0.022724839889613768,82.0,-1.0,5736.0,5794.0,2025-08-26 21:00:00,2025-08-28 02:15:00,9307.0009765625,9327.0009765625,59.0,0.21489199421345084,0.003642237190058489,182751.0,,11421.9375,,468013.0,0.0,7932.423728813559,0.0,1.4399051148151867,,0.3904827430007286,,100.0,0.0,0.0,False,False,,,,,0.0,0.0,,,,,0.0,0.0,0.07137191270752272,14.235173545662374,
AG:15m:1:-1:5679:5687:2,AG,1h,1729.0,2025-08-28 15:00:00,385.0,1.0,1.0,BOS,1.0,9367.0009765625,42.0,CHoCH,1.0,9350.0009765625,4.0,15.0,2.0,3.0,0.0,active_bear_internal_ob,internal,-1.0,262.0,9399.0009765625,9447.0009765625,9423.0009765625,0.021283386103590853,current_swing_high,swing,0.0,63.0,9367.0009765625,9367.0009765625,9367.0009765625,0.3192507915538628,9361.0009765625,9385.0009765625,9361.0009765625,9377.0009765625,41218.0,278545.0,0.0,0.0,0.0,0.0,0.0,0.0,,9350.0009765625,14.0,below,0.5001595734343851,9377.0009765625,True,4.0,9255.0009765625,5.0,below,1.5111204133549505,9291.0009765625,False,,9367.0009765625,63.0,below,0.3192507915538628,9526.0009765625,True,42.0,9031.0009765625,17.0,below,3.894859656957126,8885.0009765625,False,,0.0,0.0,0.0002988499805347802,43.0,NONE,0.008996538825852357,0.010350568962593325,0.0057586553966880024,0.4070540862680745,0.0002988499805347802,0.01285054916299555,0.0012647437049038146,0.0016769892072989734,0.002664544752760012,9293.392609130568,0.8996538825852357,0.1709218922213429,0.8883733561187274,,27.0,1.0,1687.0,1729.0,2025-08-22 22:00:00,2025-08-28 14:00:00,9386.0009765625,9377.0009765625,43.0,-0.09588748203279707,-0.0022299414426231877,26.0,-1.0,1654.0,1686.0,2025-08-19 22:00:00,2025-08-22 21:00:00,9098.0009765625,9196.0009765625,33.0,1.0771596997237065,0.0326412030219305,1480271.0,,34424.90697674418,,1114398.0,0.0,33769.63636363636,0.0,1.0194041358944992,,1.3283144801049536,,30.23255813953488,58.139534883720934,11.627906976744185,False,False,2025-08-27 22:00:00,9297.0009765625,2025-08-27 21:00:00,9275.0009765625,1.0,1.0,2025-08-28 00:00:00,9336.0009765625,2025-08-26 21:00:00,9326.0009765625,4.0,3.0,0.5563612413481449,23.350136758962798,4.0
AG:15m:1:-1:5679:5687:2,AG,4h,629.0,2025-08-28 15:00:00,385.0,1.0,1.0,BOS,1.0,9075.0009765625,135.0,CHoCH,1.0,9276.0009765625,15.0,8.0,1.0,2.0,0.0,current_internal_high,internal,0.0,9.0,9417.0009765625,9417.0009765625,9417.0009765625,0.21283386103590854,active_bull_internal_ob,internal,1.0,15.0,9031.0009765625,9059.0009765625,9045.0009765625,3.5968922515068544,9352.0009765625,9385.0009765625,9346.0009765625,9377.0009765625,56794.0,278545.0,1.0,1.0,0.0,1.0,1.0,0.0,active_bear_internal_ob,9417.0009765625,9.0,above,0.21283386103590854,9276.0009765625,False,,9031.0009765625,19.0,below,3.894859656957126,9155.0009765625,False,,9526.0009765625,55.0,above,1.37277840368161,9075.0009765625,False,,8885.0009765625,27.0,below,5.448546842519258,8563.0009765625,False,,0.0,0.0,0.00035160808180957246,44.0,NONE,0.016840493535661548,0.011890256012024862,0.008649628460845556,0.7164427847576609,0.00035160808180957246,0.015470755599621189,0.0017185256577243457,0.0035622436945881297,0.010211049781305492,9221.702947684233,1.6840493535661547,0.22445487182618518,-0.41102209621321656,,11.0,1.0,586.0,629.0,2025-08-13 21:00:00,2025-08-28 13:30:00,9317.0009765625,9377.0009765625,44.0,0.6439840475592318,0.014636001080891631,10.0,-1.0,546.0,585.0,2025-07-30 21:00:00,2025-08-13 13:30:00,9094.0009765625,9300.0009765625,40.0,2.2652295786080634,0.056630739465201585,4019230.0,,91346.13636363637,,4728118.0,0.0,118202.95,0.0,0.772790665238358,,0.8500697317621938,,43.18181818181818,47.72727272727273,9.090909090909092,False,False,2025-08-20 21:00:00,9160.0009765625,2025-08-19 21:00:00,9092.0009765625,1.0,1.0,2025-08-28 00:00:00,9327.0009765625,2025-08-27 13:30:00,9305.0009765625,3.0,3.0,0.7274551912169096,47.28880831124052,
AG:15m:1:-1:5679:5687:3,AG,5m,17470.0,2025-08-29 00:25:00,0.0,1.0,1.0,CHoCH,1.0,9350.0009765625,85.0,CHoCH,1.0,9389.0009765625,2.0,44.0,3.0,18.0,2.0,active_bear_internal_ob,internal,-1.0,421.0,9406.0009765625,9412.0009765625,9409.0009765625,0.10642825628630864,current_internal_high,internal,0.0,15.0,9389.0009765625,9389.0009765625,9389.0009765625,0.07449977940041605,9391.0009765625,9402.0009765625,9389.0009765625,9396.0009765625,8426.0,276457.0,0.0,0.0,0.0,0.0,0.0,0.0,,9389.0009765625,15.0,below,0.07449977940041605,9409.0009765625,True,2.0,9348.0009765625,5.0,below,0.5108556301742815,9367.0009765625,False,,9350.0009765625,177.0,below,0.4895699789170197,9380.0009765625,True,85.0,9255.0009765625,95.0,below,1.5006384136369517,9291.0009765625,False,,1.0,1.0,0.0001035712853962564,110.0,UP_CONFIRMED,0.002472168951533885,0.0038584694358192216,0.002445967072571945,0.28543526561465854,0.0001035712853962564,0.011392841393588204,0.00038459971953952454,0.0003532447044134468,0.00015710973163396424,9372.829757847137,0.2472168951533885,0.0532424606543902,2.5572935588258843,,237.0,1.0,17361.0,17470.0,2025-08-28 00:30:00,2025-08-29 00:20:00,9332.0009765625,9396.0009765625,110.0,0.685812187126178,0.006234656246601618,236.0,-1.0,17208.0,17360.0,2025-08-26 21:00:00,2025-08-28 00:25:00,9307.0009765625,9315.0009765625,153.0,0.08595679768537146,0.0005618091351985063,358131.0,,3255.7363636363634,,432751.0,0.0,2828.4379084967322,0.0,1.151072241627087,,0.8275682782939843,,53.63636363636364,39.09090909090909,7.2727272727272725,False,False,2025-08-28 23:50:00,9370.0009765625,2025-08-28 23:05:00,9370.0009765625,1.0,1.0,2025-08-28 23:45:00,9368.0009765625,2025-08-28 22:05:00,9382.0009765625,8.0,8.0,0.6339215881471982,8.528255165166858,
AG:15m:1:-1:5679:5687:3,AG,15m,5822.0,2025-08-29 00:15:00,10.0,1.0,1.0,CHoCH,1.0,9276.0009765625,156.0,CHoCH,1.0,9342.0009765625,27.0,20.0,2.0,10.0,0.0,active_bear_internal_ob,internal,-1.0,135.0,9401.0009765625,9417.0009765625,9409.0009765625,0.05321412814315432,active_bull_internal_ob,internal,1.0,27.0,9324.0009765625,9337.0009765625,9330.5009765625,0.6279267120892209,9374.0009765625,9393.0009765625,9371.0009765625,9391.0009765625,9280.0,274815.0,0.0,0.0,0.0,0.0,0.0,0.0,,9409.0009765625,7.0,above,0.13835673317220124,9342.0009765625,False,,9324.0009765625,24.0,below,0.7662834452614221,9255.0009765625,False,,9417.0009765625,93.0,above,0.22349933820124812,9276.0009765625,False,,9031.0009765625,190.0,below,3.8846313544502653,9155.0009765625,False,,0.0,0.0,0.00018841446207282627,28.0,NONE,0.00806564591139209,0.008586020738733343,0.0015404759456040154,0.3677564527768077,0.00018841446207282627,0.005275604938039136,0.0007107752103094889,0.001545258742710054,0.0044839410694470505,9315.862528052026,0.806564591139209,0.18135265872603057,-0.3164907451720535,,83.0,1.0,5795.0,5822.0,2025-08-28 09:00:00,2025-08-29 00:00:00,9351.0009765625,9391.0009765625,28.0,0.4277616920397742,0.015277203287134793,82.0,-1.0,5736.0,5794.0,2025-08-26 21:00:00,2025-08-28 02:15:00,9307.0009765625,9327.0009765625,59.0,0.21489199421345084,0.003642237190058489,311053.0,,11109.035714285714,,468013.0,0.0,7932.423728813559,0.0,1.4004591905414105,,0.6646247005959236,,71.42857142857143,17.857142857142858,10.714285714285714,True,False,,,,,0.0,0.0,2025-08-29 00:00:00,9391.0009765625,2025-08-28 23:00:00,9370.0009765625,2.0,2.0,0.1794167510747563,15.961032305230786,
AG:15m:1:-1:5679:5687:3,AG,1h,1732.0,2025-08-29 00:00:00,25.0,1.0,1.0,BOS,1.0,9367.0009765625,45.0,CHoCH,1.0,9350.0009765625,7.0,15.0,2.0,3.0,0.0,active_bear_internal_ob,internal,-1.0,265.0,9399.0009765625,9447.0009765625,9423.0009765625,0.03192847688589259,current_swing_high,swing,0.0,66.0,9367.0009765625,9367.0009765625,9367.0009765625,0.30864194323029503,9378.0009765625,9382.0009765625,9348.0009765625,9374.0009765625,43110.0,274589.0,0.0,0.0,0.0,0.0,0.0,0.0,,9350.0009765625,17.0,below,0.4895699789170197,9377.0009765625,True,7.0,9255.0009765625,8.0,below,1.5006384136369517,9291.0009765625,False,,9367.0009765625,66.0,below,0.30864194323029503,9526.0009765625,True,45.0,9031.0009765625,20.0,below,3.8846313544502653,8885.0009765625,False,,0.0,0.0,0.00031411797811142783,46.0,NONE,0.007083954104201803,0.010192914050420679,0.005602405516216914,0.28947022948891865,0.00031411797811142783,0.01444942699312568,0.0021488621630734173,0.00293870848167721,0.003934596264590251,9308.063084870264,0.7083954104201804,-0.05331058193185356,0.5569252389962442,,27.0,1.0,1687.0,1732.0,2025-08-22 22:00:00,2025-08-28 23:00:00,9386.0009765625,9374.0009765625,46.0,-0.12784997604373682,-0.002779347305298627,26.0,-1.0,1654.0,1686.0,2025-08-19 22:00:00,2025-08-22 21:00:00,9098.0009765625,9196.0009765625,33.0,1.0771596997237065,0.0326412030219305,1643860.0,,35736.086956521736,,1114398.0,0.0,33769.63636363636,0.0,1.0582313227098554,,1.475110328625859,,34.78260869565217,54.347826086956516,10.869565217391305,False,False,2025-08-27 22:00:00,9297.0009765625,2025-08-27 21:00:00,9275.0009765625,1.0,1.0,2025-08-28 00:00:00,9336.0009765625,2025-08-26 21:00:00,9326.0009765625,4.0,3.0,0.5496372762984,24.937773491050027,4.0
AG:15m:1:-1:5679:5687:3,AG,4h,630.0,2025-08-29 00:00:00,25.0,1.0,1.0,BOS,1.0,9075.0009765625,136.0,CHoCH,1.0,9276.0009765625,16.0,8.0,1.0,2.0,0.0,current_internal_high,internal,0.0,10.0,9417.0009765625,9417.0009765625,9417.0009765625,0.22349933820124812,active_bull_internal_ob,internal,1.0,16.0,9031.0009765625,9059.0009765625,9045.0009765625,3.586632236848601,9390.0,9409.0009765625,9348.0009765625,9374.0009765625,163589.0,274589.0,1.0,1.0,0.0,1.0,1.0,0.0,active_bear_internal_ob,9417.0009765625,10.0,above,0.22349933820124812,9276.0009765625,False,,9031.0009765625,20.0,below,3.8846313544502653,9155.0009765625,False,,9526.0009765625,56.0,above,1.3835673317220123,9075.0009765625,False,,8885.0009765625,28.0,below,5.438483896230371,8563.0009765625,False,,0.0,0.0,0.00036630921136429075,45.0,NONE,0.015501983944094562,0.01197051663273752,0.008569535044562187,0.6598653071936125,0.00036630921136429075,0.016483914511393083,0.002514133344234004,0.004144126757079647,0.010560256715908212,9230.90365629316,1.5501983944094562,-0.03199317145746727,0.8267433424542572,,11.0,1.0,586.0,630.0,2025-08-13 21:00:00,2025-08-28 21:00:00,9317.0009765625,9374.0009765625,45.0,0.6117848451812735,0.013595218781806077,10.0,-1.0,546.0,585.0,2025-07-30 21:00:00,2025-08-13 13:30:00,9094.0009765625,9300.0009765625,40.0,2.2652295786080634,0.056630739465201585,4182819.0,,92951.53333333334,,4728118.0,0.0,118202.95,0.0,0.7863723649311065,,0.8846689105474947,,42.22222222222222,48.888888888888886,8.88888888888889,False,False,2025-08-20 21:00:00,9160.0009765625,2025-08-19 21:00:00,9092.0009765625,1.0,1.0,2025-08-28 00:00:00,9327.0009765625,2025-08-27 13:30:00,9305.0009765625,3.0,3.0,0.7158868165410528,48.268179146151915,
AG:15m:1:-1:5679:5687:4,AG,5m,17485.0,2025-08-29 01:40:00,0.0,1.0,1.0,CHoCH,1.0,9350.0009765625,100.0,CHoCH,1.0,9389.0009765625,17.0,44.0,3.0,18.0,2.0,current_internal_high,internal,0.0,10.0,9402.0009765625,9402.0009765625,9402.0009765625,0.04256224286394017,current_internal_low,internal,0.0,9.0,9390.0009765625,9390.0009765625,9390.0009765625,0.08512448572788034,9399.0009765625,9401.0009765625,9397.0009765625,9398.0009765625,881.0,277727.0,0.0,0.0,0.0,0.0,0.0,0.0,,9402.0009765625,10.0,above,0.04256224286394017,9389.0009765625,False,,9390.0009765625,9.0,below,0.08512448572788034,9348.0009765625,False,,9409.0009765625,4.0,above,0.11704616787583547,9350.0009765625,False,,9255.0009765625,110.0,below,1.521600182385861,9291.0009765625,False,,1.0,1.0,9.473421806911908e-05,125.0,UP_CONFIRMED,0.002240678267721862,0.0036601237716303277,0.00235737609765197,0.2735439960411703,9.473421806911908e-05,0.011841777258639885,9.271490265505555e-05,0.00023055304726460335,0.0008286492592224359,9376.990158497712,0.2240678267721862,-0.010639428621117553,-0.6488907186830992,,237.0,1.0,17361.0,17485.0,2025-08-28 00:30:00,2025-08-29 01:35:00,9332.0009765625,9398.0009765625,125.0,0.7072438179738683,0.005657950543790946,236.0,-1.0,17208.0,17360.0,2025-08-26 21:00:00,2025-08-28 00:25:00,9307.0009765625,9315.0009765625,153.0,0.08595679768537146,0.0005618091351985063,377845.0,,3022.76,,432751.0,0.0,2828.4379084967322,0.0,1.0687029723790356,,0.8731233434469244,,59.199999999999996,34.4,6.4,False,False,2025-08-28 23:50:00,9370.0009765625,2025-08-28 23:05:00,9370.0009765625,1.0,1.0,2025-08-28 23:45:00,9368.0009765625,2025-08-28 22:05:00,9382.0009765625,8.0,8.0,0.6440700491945179,6.1218642580123905,
AG:15m:1:-1:5679:5687:4,AG,15m,5827.0,2025-08-29 01:30:00,10.0,1.0,1.0,CHoCH,1.0,9276.0009765625,161.0,CHoCH,1.0,9342.0009765625,32.0,20.0,2.0,10.0,0.0,active_bear_internal_ob,internal,-1.0,140.0,9401.0009765625,9417.0009765625,9409.0009765625,0.03192168214795513,current_internal_low,internal,0.0,2.0,9348.0009765625,9348.0009765625,9348.0009765625,0.5320280357992522,9394.0009765625,9398.0009765625,9392.0009765625,9396.0009765625,2105.0,277526.0,0.0,0.0,0.0,0.0,0.0,0.0,,9409.0009765625,12.0,above,0.11704616787583547,9342.0009765625,False,,9348.0009765625,2.0,below,0.5320280357992522,9324.0009765625,False,,9417.0009765625,98.0,above,0.2021706536037158,9276.0009765625,False,,9255.0009765625,2.0,below,1.521600182385861,9031.0009765625,False,,0.0,0.0,0.00017809445576581973,33.0,NONE,0.007999223072393686,0.008504554252957952,0.0014350047856451279,0.36236438983568675,0.00017809445576581973,0.005877117040272051,0.0005983554154485038,0.001309555921954253,0.004158562023044876,9321.43672484526,0.7999223072393686,0.010643958446565627,-1.0257169927491054,,83.0,1.0,5795.0,5827.0,2025-08-28 09:00:00,2025-08-29 01:15:00,9351.0009765625,9396.0009765625,33.0,0.4812319035447432,0.01458278495590131,82.0,-1.0,5736.0,5794.0,2025-08-26 21:00:00,2025-08-28 02:15:00,9307.0009765625,9327.0009765625,59.0,0.21489199421345084,0.003642237190058489,341053.0,,10334.939393939394,,468013.0,0.0,7932.423728813559,0.0,1.302872835246936,,0.7287254841211676,,60.60606060606061,30.303030303030305,9.090909090909092,False,False,,,,,0.0,0.0,2025-08-29 00:00:00,9391.0009765625,2025-08-28 23:00:00,9370.0009765625,2.0,2.0,0.16873368585379084,13.68529773254086,
AG:15m:1:-1:5679:5687:4,AG,1h,1733.0,2025-08-29 01:00:00,40.0,1.0,1.0,BOS,1.0,9367.0009765625,46.0,CHoCH,1.0,9350.0009765625,8.0,15.0,2.0,3.0,0.0,active_bear_internal_ob,internal,-1.0,266.0,9399.0009765625,9447.0009765625,9423.0009765625,0.010640560715985042,current_swing_high,swing,0.0,67.0,9367.0009765625,9367.0009765625,9367.0009765625,0.3298573821955363,9374.0009765625,9402.0009765625,9371.0009765625,9392.0009765625,33576.0,277689.0,0.0,0.0,0.0,0.0,0.0,0.0,,9350.0009765625,18.0,below,0.510746914367282,9377.0009765625,True,8.0,9255.0009765625,9.0,below,1.521600182385861,9291.0009765625,False,,9367.0009765625,67.0,below,0.3298573821955363,9526.0009765625,True,46.0,9031.0009765625,21.0,below,3.9050857827665104,8885.0009765625,False,,0.0,0.0,0.00031409063397761953,47.0,NONE,0.00870669948829569,0.010161292463992487,0.0055466329165151885,0.39656515336999837,0.00031409063397761953,0.014762259796948118,0.002323619692578882,0.0031866615272035936,0.004216778615494521,9310.933476824279,0.870669948829569,0.19202046218049773,0.07005401901902714,,27.0,1.0,1687.0,1733.0,2025-08-22 22:00:00,2025-08-29 00:00:00,9386.0009765625,9392.0009765625,47.0,0.06392498802185731,0.0013601061281246236,26.0,-1.0,1654.0,1686.0,2025-08-19 22:00:00,2025-08-22 21:00:00,9098.0009765625,9196.0009765625,33.0,1.0771596997237065,0.0326412030219305,1677436.0,,35690.12765957447,,1114398.0,0.0,33769.63636363636,0.0,1.056870357597517,,1.505239600214645,,36.17021276595745,53.191489361702125,10.638297872340425,False,False,2025-08-27 22:00:00,9297.0009765625,2025-08-27 21:00:00,9275.0009765625,1.0,1.0,2025-08-28 00:00:00,9336.0009765625,2025-08-26 21:00:00,9326.0009765625,4.0,3.0,0.5458589973834739,25.37078967026074,4.0
AG:15m:1:-1:5679:5687:4,AG,4h,630.0,2025-08-29 00:00:00,100.0,1.0,1.0,BOS,1.0,9075.0009765625,136.0,CHoCH,1.0,9276.0009765625,16.0,8.0,1.0,2.0,0.0,current_internal_high,internal,0.0,10.0,9417.0009765625,9417.0009765625,9417.0009765625,0.2021706536037158,active_bull_internal_ob,internal,1.0,16.0,9031.0009765625,9059.0009765625,9045.0009765625,3.6071500827189293,9390.0,9409.0009765625,9348.0009765625,9374.0009765625,163589.0,274589.0,1.0,1.0,0.0,1.0,1.0,0.0,active_bear_internal_ob,9417.0009765625,10.0,above,0.2021706536037158,9276.0009765625,False,,9031.0009765625,20.0,below,3.9050857827665104,9155.0009765625,False,,9526.0009765625,56.0,above,1.3619917716460854,9075.0009765625,False,,8885.0009765625,28.0,below,5.458607647300327,8563.0009765625,False,,0.0,0.0,0.00036630921136429075,45.0,NONE,0.015501983944094562,0.01197051663273752,0.008569535044562187,0.6598653071936125,0.00036630921136429075,0.016483914511393083,0.002514133344234004,0.004144126757079647,0.010560256715908212,9230.90365629316,1.5501983944094562,-0.03199317145746727,0.8267433424542572,,11.0,1.0,586.0,630.0,2025-08-13 21:00:00,2025-08-28 21:00:00,9317.0009765625,9374.0009765625,45.0,0.6117848451812735,0.013595218781806077,10.0,-1.0,546.0,585.0,2025-07-30 21:00:00,2025-08-13 13:30:00,9094.0009765625,9300.0009765625,40.0,2.2652295786080634,0.056630739465201585,4182819.0,,92951.53333333334,,4728118.0,0.0,118202.95,0.0,0.7863723649311065,,0.8846689105474947,,42.22222222222222,48.888888888888886,8.88888888888889,False,False,2025-08-20 21:00:00,9160.0009765625,2025-08-19 21:00:00,9092.0009765625,1.0,1.0,2025-08-28 00:00:00,9327.0009765625,2025-08-27 13:30:00,9305.0009765625,3.0,3.0,0.7158868165410528,48.268179146151915,
AG:15m:1:-1:5679:5687:5,AG,5m,17508.0,2025-08-29 10:05:00,0.0,1.0,-1.0,CHoCH,1.0,9350.0009765625,123.0,CHoCH,-1.0,9390.0009765625,9.0,44.0,4.0,18.0,2.0,active_bear_internal_ob,internal,-1.0,9.0,9401.0009765625,9406.0009765625,9403.5009765625,0.05321412814315432,current_internal_low,internal,0.0,2.0,9381.0009765625,9381.0009765625,9381.0009765625,0.15964238442946296,9392.0009765625,9401.0009765625,9390.0009765625,9396.0009765625,4074.0,272064.0,0.0,0.0,0.0,0.0,0.0,0.0,,9406.0009765625,15.0,above,0.10642825628630864,9402.0009765625,False,,9381.0009765625,2.0,below,0.15964238442946296,9390.0009765625,False,,9409.0009765625,27.0,above,0.13835673317220124,9350.0009765625,False,,9255.0009765625,133.0,below,1.5006384136369517,9291.0009765625,False,,1.0,1.0,9.432270733725887e-05,148.0,UP_CONFIRMED,-6.566859417017561e-05,0.0030019805749574037,0.0026898309267018284,0.12704699879179449,9.432270733725887e-05,0.013959760685914313,-0.0001520880072934938,-0.0005428493953398839,-0.000989106214580926,9396.618039259092,-0.006566859417017561,0.0532424606543902,1.3527061389243757,,237.0,1.0,17361.0,17508.0,2025-08-28 00:30:00,2025-08-29 10:00:00,9332.0009765625,9396.0009765625,148.0,0.685812187126178,0.004633866129230932,236.0,-1.0,17208.0,17360.0,2025-08-26 21:00:00,2025-08-28 00:25:00,9307.0009765625,9315.0009765625,153.0,0.08595679768537146,0.0005618091351985063,420611.0,,2841.9662162162163,,432751.0,0.0,2828.4379084967322,0.0,1.0047829608275454,,0.9719469163560569,,56.75675675675676,31.756756756756754,11.486486486486488,True,True,2025-08-28 23:50:00,9370.0009765625,2025-08-29 01:50:00,9404.0009765625,1.0,2.0,2025-08-29 10:00:00,9396.0009765625,2025-08-29 09:00:00,9395.0009765625,9.0,9.0,0.8960187647916394,6.892905391037701,
AG:15m:1:-1:5679:5687:5,AG,15m,5835.0,2025-08-29 10:00:00,5.0,1.0,1.0,CHoCH,1.0,9276.0009765625,169.0,CHoCH,1.0,9342.0009765625,40.0,20.0,2.0,10.0,0.0,active_bear_internal_ob,internal,-1.0,148.0,9401.0009765625,9417.0009765625,9409.0009765625,0.05321412814315432,current_internal_low,internal,0.0,10.0,9348.0009765625,9348.0009765625,9348.0009765625,0.5108556301742815,9390.0009765625,9392.0009765625,9383.0009765625,9391.0009765625,4713.0,272119.0,0.0,0.0,0.0,0.0,0.0,0.0,,9406.0009765625,1.0,above,0.10642825628630864,9409.0009765625,False,,9348.0009765625,10.0,below,0.5108556301742815,9324.0009765625,False,,9417.0009765625,106.0,above,0.22349933820124812,9276.0009765625,False,,9255.0009765625,10.0,below,1.5006384136369517,9031.0009765625,False,,0.0,0.0,0.00016400067547171535,41.0,NONE,0.006615292903798179,0.008312924015594041,0.0014189817036477034,0.11577555574683396,0.00016400067547171535,0.006724027694340329,0.0006706157669780222,0.0009580665983934811,0.002392369358156232,9329.285023548708,0.6615292903798179,0.010649626155490033,-0.5051221665465667,,83.0,1.0,5795.0,5835.0,2025-08-28 09:00:00,2025-08-29 09:45:00,9351.0009765625,9391.0009765625,41.0,0.4277616920397742,0.010433212000970103,82.0,-1.0,5736.0,5794.0,2025-08-26 21:00:00,2025-08-28 02:15:00,9307.0009765625,9327.0009765625,59.0,0.21489199421345084,0.003642237190058489,381275.0,,9299.390243902439,,468013.0,0.0,7932.423728813559,0.0,1.17232646185094,,0.8146675412862463,,60.97560975609756,31.70731707317073,7.317073170731707,True,False,,,,,0.0,0.0,2025-08-29 09:30:00,9390.0009765625,2025-08-29 09:15:00,9384.0009765625,3.0,3.0,0.1706958587599099,11.906972745883557,
AG:15m:1:-1:5679:5687:5,AG,1h,1736.0,2025-08-29 10:00:00,5.0,1.0,1.0,BOS,1.0,9367.0009765625,49.0,CHoCH,1.0,9350.0009765625,11.0,15.0,2.0,3.0,0.0,active_bear_internal_ob,internal,-1.0,269.0,9399.0009765625,9447.0009765625,9423.0009765625,0.03192847688589259,current_swing_high,swing,0.0,70.0,9367.0009765625,9367.0009765625,9367.0009765625,0.30864194323029503,9389.0009765625,9400.0009765625,9381.0009765625,9391.0009765625,29612.0,272119.0,0.0,0.0,0.0,0.0,0.0,0.0,,9409.0009765625,1.0,above,0.13835673317220124,9350.0009765625,False,,9255.0009765625,12.0,below,1.5006384136369517,9291.0009765625,False,,9367.0009765625,70.0,below,0.30864194323029503,9526.0009765625,True,49.0,9031.0009765625,24.0,below,3.8846313544502653,8885.0009765625,False,,0.0,0.0,0.00030439138188758096,50.0,NONE,0.008144971698367509,0.010106361233513838,0.005385495721190417,0.3578548885350351,0.00030439138188758096,0.015219569094379048,0.001069949022119987,0.0030141713691624883,0.0042466631072397565,9315.1295103342,0.8144971698367509,-0.14885697550578447,-0.08068854468569833,,27.0,1.0,1687.0,1736.0,2025-08-22 22:00:00,2025-08-29 09:00:00,9386.0009765625,9391.0009765625,50.0,0.05327082335155886,0.0010654164670311772,26.0,-1.0,1654.0,1686.0,2025-08-19 22:00:00,2025-08-22 21:00:00,9098.0009765625,9196.0009765625,33.0,1.0771596997237065,0.0326412030219305,1723362.0,,34467.24,,1114398.0,0.0,33769.63636363636,0.0,1.0206577183376138,,1.5464510883903237,,40.0,50.0,10.0,False,False,2025-08-27 22:00:00,9297.0009765625,2025-08-27 21:00:00,9275.0009765625,1.0,1.0,2025-08-28 00:00:00,9336.0009765625,2025-08-26 21:00:00,9326.0009765625,4.0,3.0,0.5328817758197187,23.48200616091941,4.0
AG:15m:1:-1:5679:5687:5,AG,4h,631.0,2025-08-29 02:30:00,455.0,1.0,1.0,BOS,1.0,9075.0009765625,137.0,CHoCH,1.0,9276.0009765625,17.0,8.0,1.0,2.0,0.0,current_internal_high,internal,0.0,11.0,9417.0009765625,9417.0009765625,9417.0009765625,0.22349933820124812,current_internal_low,internal,0.0,0.0,9255.0009765625,9255.0009765625,9255.0009765625,1.5006384136369517,9374.0009765625,9406.0009765625,9371.0009765625,9405.0009765625,49890.0,276280.0,1.0,1.0,0.0,1.0,1.0,0.0,active_bear_internal_ob,9417.0009765625,11.0,above,0.22349933820124812,9276.0009765625,False,,9255.0009765625,0.0,below,1.5006384136369517,9031.0009765625,False,,9526.0009765625,57.0,above,1.3835673317220123,9075.0009765625,False,,8885.0009765625,29.0,below,5.438483896230371,8563.0009765625,False,,0.0,0.0,0.00036551503945574283,46.0,NONE,0.018529827313612107,0.012113110343191315,0.008529681080942804,0.7740589527839556,0.00036551503945574283,0.01681369181496417,0.002301736424232592,0.004159974695333579,0.010790494769997938,9233.898433164528,1.8529827313612106,0.33070190708863745,-0.5065533282909037,,11.0,1.0,586.0,631.0,2025-08-13 21:00:00,2025-08-29 00:00:00,9317.0009765625,9405.0009765625,46.0,0.9445099364201903,0.020532824704786744,10.0,-1.0,546.0,585.0,2025-07-30 21:00:00,2025-08-13 13:30:00,9094.0009765625,9300.0009765625,40.0,2.2652295786080634,0.056630739465201585,4232709.0,,92015.41304347826,,4728118.0,0.0,118202.95,0.0,0.7784527631795845,,0.8952206776565221,,43.47826086956522,47.82608695652174,8.695652173913043,False,False,2025-08-20 21:00:00,9160.0009765625,2025-08-19 21:00:00,9092.0009765625,1.0,1.0,2025-08-28 00:00:00,9327.0009765625,2025-08-27 13:30:00,9305.0009765625,3.0,3.0,0.7041693536406419,47.32045206428392,
AG:15m:1:-1:5679:5687:6,AG,5m,17529.0,2025-08-29 14:05:00,0.0,1.0,-1.0,CHoCH,1.0,9350.0009765625,144.0,BOS,-1.0,9381.0009765625,14.0,44.0,4.0,18.0,2.0,active_bear_internal_ob,internal,-1.0,30.0,9401.0009765625,9406.0009765625,9403.5009765625,0.042566772207181705,current_internal_low,internal,0.0,5.0,9371.0009765625,9371.0009765625,9371.0009765625,0.27668401934668113,9397.0009765625,9402.0009765625,9394.0009765625,9397.0009765625,4805.0,267910.0,0.0,0.0,0.0,0.0,0.0,0.0,,9401.0009765625,16.0,above,0.042566772207181705,9406.0009765625,False,,9371.0009765625,5.0,below,0.27668401934668113,9381.0009765625,False,,9409.0009765625,48.0,above,0.12770031662154513,9350.0009765625,False,,9348.0009765625,19.0,below,0.5214429595379759,9255.0009765625,False,,0.0,0.0,3.754850655442303e-05,-11.0,NONE,0.002342290681631054,0.001231226600269238,0.0007229354864591328,0.9378384800609474,3.754850655442303e-05,0.0004130335720986533,0.00031852243578511796,0.0004130335720986533,,9375.041903272564,0.2342290681631054,0.0,2.291812915708477,,238.0,-1.0,17519.0,17529.0,2025-08-29 11:10:00,2025-08-29 14:00:00,9372.0009765625,9397.0009765625,11.0,0.2667519995198431,0.02425018177453119,237.0,1.0,17361.0,17518.0,2025-08-28 00:30:00,2025-08-29 11:05:00,9332.0009765625,9383.0009765625,158.0,0.5465065866161689,0.003458902446937778,29525.0,,2684.090909090909,,443926.0,0.0,2809.6582278481014,0.0,0.9553086857637615,,0.06650883255317327,,18.181818181818183,18.181818181818183,63.63636363636363,False,False,2025-08-29 11:10:00,9372.0009765625,,,1.0,0.0,2025-08-29 13:45:00,9385.0009765625,,,1.0,0.0,0.5871668840658943,7.564762904003514,
AG:15m:1:-1:5679:5687:6,AG,15m,5842.0,2025-08-29 14:00:00,5.0,1.0,1.0,CHoCH,1.0,9276.0009765625,176.0,CHoCH,1.0,9342.0009765625,47.0,20.0,2.0,10.0,0.0,active_bear_internal_ob,internal,-1.0,155.0,9401.0009765625,9417.0009765625,9409.0009765625,0.042566772207181705,current_internal_low,internal,0.0,17.0,9348.0009765625,9348.0009765625,9348.0009765625,0.5214429595379759,9379.0009765625,9397.0009765625,9378.0009765625,9397.0009765625,7859.0,267241.0,0.0,0.0,0.0,0.0,0.0,0.0,,9406.0009765625,8.0,above,0.09577523746615885,9409.0009765625,False,,9348.0009765625,17.0,below,0.5214429595379759,9324.0009765625,False,,9417.0009765625,113.0,above,0.21283386103590854,9276.0009765625,False,,9255.0009765625,17.0,below,1.5111204133549505,9031.0009765625,False,,0.0,0.0,0.00015952301665589827,48.0,NONE,0.0063257210686680655,0.00789625813212096,0.0016990090266111825,0.1776431645738465,0.00015952301665589827,0.0076571047994831165,0.0006057766671825338,0.0012515376092061548,0.0023690019430946396,9337.931824482584,0.6325721068668065,0.1919180949546906,0.538454367056513,,83.0,1.0,5795.0,5842.0,2025-08-28 09:00:00,2025-08-29 13:45:00,9351.0009765625,9397.0009765625,48.0,0.49192594584575033,0.010248457205119799,82.0,-1.0,5736.0,5794.0,2025-08-26 21:00:00,2025-08-28 02:15:00,9307.0009765625,9327.0009765625,59.0,0.21489199421345084,0.003642237190058489,433384.0,,9028.833333333334,,468013.0,0.0,7932.423728813559,0.0,1.1382187389381635,,0.9260084655768109,,52.083333333333336,41.66666666666667,6.25,True,False,,,,,0.0,0.0,2025-08-29 13:45:00,9397.0009765625,2025-08-29 10:45:00,9380.0009765625,4.0,4.0,0.21516634818457023,13.043295143320647,
AG:15m:1:-1:5679:5687:6,AG,1h,1739.0,2025-08-29 14:00:00,5.0,1.0,1.0,BOS,1.0,9367.0009765625,52.0,CHoCH,1.0,9350.0009765625,14.0,15.0,2.0,3.0,0.0,active_bear_internal_ob,internal,-1.0,272.0,9399.0009765625,9447.0009765625,9423.0009765625,0.021283386103590853,current_swing_high,swing,0.0,73.0,9367.0009765625,9367.0009765625,9367.0009765625,0.3192507915538628,9377.0009765625,9397.0009765625,9375.0009765625,9397.0009765625,14717.0,267241.0,0.0,0.0,0.0,0.0,0.0,0.0,,9406.0009765625,0.0,above,0.09577523746615885,9409.0009765625,False,,9348.0009765625,2.0,below,0.5214429595379759,9255.0009765625,False,,9367.0009765625,73.0,below,0.3192507915538628,9526.0009765625,True,52.0,9031.0009765625,27.0,below,3.894859656957126,8885.0009765625,False,,1.0,1.0,0.00029562731339845245,53.0,UP_CONFIRMED,0.008343445528398117,0.009948799667880688,0.0052730647513690755,0.3803947375317005,0.00029562731339845245,0.01566824761011798,0.000776119830698585,0.0027819488763183298,0.004463603381858139,9319.246352256723,0.8343445528398117,0.15988060582674546,-0.6694404221151565,,27.0,1.0,1687.0,1739.0,2025-08-22 22:00:00,2025-08-29 13:30:00,9386.0009765625,9397.0009765625,53.0,0.11719581137341617,0.00221124172402672,26.0,-1.0,1654.0,1686.0,2025-08-19 22:00:00,2025-08-22 21:00:00,9098.0009765625,9196.0009765625,33.0,1.0771596997237065,0.0326412030219305,1775471.0,,33499.45283018868,,1114398.0,0.0,33769.63636363636,0.0,0.9919992169729546,,1.5932108636232298,,43.39622641509434,47.16981132075472,9.433962264150944,False,False,2025-08-27 22:00:00,9297.0009765625,2025-08-27 21:00:00,9275.0009765625,1.0,1.0,2025-08-28 00:00:00,9336.0009765625,2025-08-26 21:00:00,9326.0009765625,4.0,3.0,0.53002019614416,23.101300122281327,2.0
AG:15m:1:-1:5679:5687:6,AG,4h,632.0,2025-08-29 11:30:00,155.0,1.0,1.0,BOS,1.0,9075.0009765625,138.0,CHoCH,1.0,9276.0009765625,18.0,8.0,1.0,2.0,0.0,current_internal_high,internal,0.0,12.0,9417.0009765625,9417.0009765625,9417.0009765625,0.21283386103590854,current_internal_low,internal,0.0,1.0,9255.0009765625,9255.0009765625,9255.0009765625,1.5111204133549505,9389.0009765625,9401.0009765625,9371.0009765625,9382.0009765625,67004.0,267611.0,1.0,1.0,0.0,1.0,1.0,0.0,active_bear_internal_ob,9417.0009765625,12.0,above,0.21283386103590854,9276.0009765625,False,,9255.0009765625,1.0,below,1.5111204133549505,9031.0009765625,False,,9526.0009765625,58.0,above,1.37277840368161,9075.0009765625,False,,8885.0009765625,30.0,below,5.448546842519258,8563.0009765625,False,,0.0,0.0,0.0003665319717646047,47.0,NONE,0.01562617686697648,0.012187856439442065,0.008453666179567306,0.6578951441457915,0.0003665319717646047,0.01722700267293642,0.0025269457247423244,0.0038526612985942954,0.010974604858696502,9237.651795766313,1.5626176866976478,-0.24455074547378164,-0.3121629633244924,,11.0,1.0,586.0,632.0,2025-08-13 21:00:00,2025-08-29 09:00:00,9317.0009765625,9382.0009765625,47.0,0.6976493848558363,0.014843603933102899,10.0,-1.0,546.0,585.0,2025-07-30 21:00:00,2025-08-13 13:30:00,9094.0009765625,9300.0009765625,40.0,2.2652295786080634,0.056630739465201585,4299713.0,,91483.25531914894,,4728118.0,0.0,118202.95,0.0,0.7739506951319653,,0.9093920667800592,,44.680851063829785,46.808510638297875,8.51063829787234,False,False,2025-08-20 21:00:00,9160.0009765625,2025-08-19 21:00:00,9092.0009765625,1.0,1.0,2025-08-28 00:00:00,9327.0009765625,2025-08-27 13:30:00,9305.0009765625,3.0,3.0,0.6936138624188043,46.36899120254936,
AG:15m:1:-1:5679:5687:7,AG,5m,17541.0,2025-08-29 21:05:00,0.0,1.0,1.0,BOS,1.0,9406.0009765625,0.0,CHoCH,1.0,9402.0009765625,0.0,45.0,2.0,19.0,2.0,active_bear_swing_ob,swing,-1.0,2754.0,9426.0009765625,9447.0009765625,9436.5009765625,0.1274697127170022,current_swing_high,swing,0.0,3.0,9406.0009765625,9406.0009765625,9406.0009765625,0.08497980847800146,9394.0,9430.0009765625,9394.0,9414.0009765625,16556.0,263921.0,0.0,0.0,0.0,0.0,0.0,0.0,,9402.0009765625,7.0,below,0.1274697127170022,9401.0009765625,True,0.0,9371.0009765625,17.0,below,0.4567664705692579,9381.0009765625,False,,9406.0009765625,3.0,below,0.08497980847800146,9409.0009765625,True,0.0,9348.0009765625,31.0,below,0.7010834199435121,9255.0009765625,False,,0.0,0.0,0.0,1.0,DOWN_BROKEN,0.003178549316267622,0.003178549316267622,0.0,0.5,0.0,0.0,,,,9384.172920143441,0.3178549316267622,0.29831661076871185,4.180351635845251,,239.0,1.0,17541.0,17541.0,2025-08-29 21:00:00,2025-08-29 21:00:00,9414.0009765625,9414.0009765625,1.0,0.0,0.0,238.0,-1.0,17519.0,17540.0,2025-08-29 11:10:00,2025-08-29 14:55:00,9372.0009765625,9386.0009765625,22.0,0.1493811197311068,0.006790050896868491,16556.0,,16556.0,,54837.0,0.0,2492.590909090909,0.0,6.64208472381786,,0.3019129419917209,,100.0,0.0,0.0,True,False,,,,,0.0,0.0,,,,,0.0,0.0,0.0,9.31024842357496,
AG:15m:1:-1:5679:5687:7,AG,15m,5846.0,2025-08-29 15:00:00,365.0,1.0,1.0,CHoCH,1.0,9276.0009765625,180.0,CHoCH,1.0,9342.0009765625,51.0,20.0,2.0,10.0,0.0,current_swing_high,swing,0.0,117.0,9417.0009765625,9417.0009765625,9417.0009765625,0.03186742817925055,current_internal_high,internal,0.0,12.0,9406.0009765625,9406.0009765625,9406.0009765625,0.08497980847800146,9385.0009765625,9390.0009765625,9383.0009765625,9386.0009765625,7443.0,262870.0,1.0,1.0,0.0,1.0,1.0,0.0,active_bear_internal_ob,9406.0009765625,12.0,below,0.08497980847800146,9409.0009765625,False,,9371.0009765625,2.0,below,0.4567664705692579,9348.0009765625,False,,9417.0009765625,117.0,above,0.03186742817925055,9276.0009765625,False,,9255.0009765625,21.0,below,1.688973693500279,9031.0009765625,False,,1.0,1.0,0.00015775994047058267,52.0,UP_CONFIRMED,0.00460297405879396,0.007678864109769503,0.0018023188377917592,0.04394549223906585,0.00015775994047058267,0.008203516904470298,0.0006913565971755631,0.0012943649070487062,0.0023562605532947423,9342.995411053987,0.46029740587939605,0.0,0.4401277938537903,,83.0,1.0,5795.0,5846.0,2025-08-28 09:00:00,2025-08-29 14:45:00,9351.0009765625,9386.0009765625,52.0,0.3742914805348052,0.007197913087207792,82.0,-1.0,5736.0,5794.0,2025-08-26 21:00:00,2025-08-28 02:15:00,9307.0009765625,9327.0009765625,59.0,0.21489199421345084,0.003642237190058489,463501.0,,8913.48076923077,,468013.0,0.0,7932.423728813559,0.0,1.1236768324482769,,0.9903592421578034,,48.07692307692308,46.15384615384615,5.769230769230769,True,False,,,,,0.0,0.0,2025-08-29 13:45:00,9397.0009765625,2025-08-29 14:30:00,9386.0009765625,4.0,5.0,0.23471164641378964,12.105491268960355,
AG:15m:1:-1:5679:5687:7,AG,1h,1740.0,2025-08-29 15:00:00,365.0,1.0,1.0,BOS,1.0,9367.0009765625,53.0,CHoCH,1.0,9350.0009765625,15.0,15.0,2.0,3.0,0.0,current_swing_high,swing,0.0,0.0,9417.0009765625,9417.0009765625,9417.0009765625,0.03186742817925055,current_internal_high,internal,0.0,1.0,9406.0009765625,9406.0009765625,9406.0009765625,0.08497980847800146,9397.0009765625,9402.0009765625,9382.0009765625,9386.0009765625,30117.0,262870.0,1.0,1.0,0.0,1.0,1.0,0.0,active_bear_internal_ob,9406.0009765625,1.0,below,0.08497980847800146,9409.0009765625,False,,9348.0009765625,3.0,below,0.7010834199435121,9255.0009765625,False,,9417.0009765625,0.0,above,0.03186742817925055,9367.0009765625,False,,9031.0009765625,28.0,below,4.068408330884321,8885.0009765625,False,,1.0,1.0,0.0002951868264240637,54.0,UP_CONFIRMED,0.006893600065467613,0.00989222189746563,0.005240224792767766,0.28358256589321024,0.0002951868264240637,0.01594008862689944,0.0009886860195191804,0.0020885988785313003,0.004691523119047858,9321.740624781236,0.6893600065467613,-0.1170586235697546,0.157578560813121,,27.0,1.0,1687.0,1740.0,2025-08-22 22:00:00,2025-08-29 14:00:00,9386.0009765625,9386.0009765625,54.0,0.0,0.0,26.0,-1.0,1654.0,1686.0,2025-08-19 22:00:00,2025-08-22 21:00:00,9098.0009765625,9196.0009765625,33.0,1.0771596997237065,0.0326412030219305,1805588.0,,33436.81481481482,,1114398.0,0.0,33769.63636363636,0.0,0.9901443549691304,,1.6202362172222133,,44.44444444444444,46.2962962962963,9.25925925925926,False,False,2025-08-27 22:00:00,9297.0009765625,2025-08-27 21:00:00,9275.0009765625,1.0,1.0,2025-08-28 00:00:00,9336.0009765625,2025-08-26 21:00:00,9326.0009765625,4.0,3.0,0.5297318284085705,22.879778684975516,4.0
AG:15m:1:-1:5679:5687:7,AG,4h,633.0,2025-08-29 15:00:00,365.0,1.0,1.0,BOS,1.0,9075.0009765625,139.0,CHoCH,1.0,9276.0009765625,19.0,8.0,1.0,2.0,0.0,current_internal_high,internal,0.0,13.0,9417.0009765625,9417.0009765625,9417.0009765625,0.03186742817925055,current_internal_low,internal,0.0,2.0,9255.0009765625,9255.0009765625,9255.0009765625,1.688973693500279,9377.0009765625,9402.0009765625,9375.0009765625,9386.0009765625,44834.0,262870.0,1.0,1.0,0.0,1.0,1.0,0.0,active_bear_internal_ob,9417.0009765625,13.0,above,0.03186742817925055,9276.0009765625,False,,9255.0009765625,2.0,below,1.688973693500279,9031.0009765625,False,,9526.0009765625,59.0,above,1.1897173186920205,9075.0009765625,False,,8885.0009765625,31.0,below,5.619289835607847,8563.0009765625,False,,0.0,0.0,0.0003647302420129496,48.0,NONE,0.015779536895524665,0.01226268311561045,0.00838085814164678,0.6626218660411306,0.0003647302420129496,0.017507051616621583,0.002351478120777184,0.004024681589468004,0.01110556295463061,9240.194978970001,1.5779536895524666,0.042634828220466936,-0.5595276705295954,,11.0,1.0,586.0,633.0,2025-08-13 21:00:00,2025-08-29 13:30:00,9317.0009765625,9386.0009765625,48.0,0.7405816546931066,0.015428784472773053,10.0,-1.0,546.0,585.0,2025-07-30 21:00:00,2025-08-13 13:30:00,9094.0009765625,9300.0009765625,40.0,2.2652295786080634,0.056630739465201585,4344547.0,,90511.39583333333,,4728118.0,0.0,118202.95,0.0,0.7657287388625523,,0.9188744866350629,,45.83333333333333,45.83333333333333,8.333333333333332,False,False,2025-08-20 21:00:00,9160.0009765625,2025-08-19 21:00:00,9092.0009765625,1.0,1.0,2025-08-28 00:00:00,9327.0009765625,2025-08-27 13:30:00,9305.0009765625,3.0,3.0,0.6834440768495365,44.98549183093869,
AG:15m:1:-1:5698:5699:1,AG,5m,17420.0,2025-08-28 14:15:00,0.0,1.0,1.0,CHoCH,1.0,9350.0009765625,35.0,BOS,1.0,9367.0009765625,1.0,43.0,4.0,18.0,2.0,active_bear_internal_ob,internal,-1.0,323.0,9387.0009765625,9396.0009765625,9391.5009765625,0.04263028438333826,current_internal_high,internal,0.0,7.0,9367.0009765625,9367.0009765625,9367.0009765625,0.17052113753335305,9371.0009765625,9384.0009765625,9370.0009765625,9383.0009765625,5340.0,279318.0,0.0,0.0,0.0,0.0,0.0,0.0,,9367.0009765625,7.0,below,0.17052113753335305,9365.0009765625,True,1.0,9346.0009765625,1.0,below,0.3943301305458789,9350.0009765625,False,,9350.0009765625,127.0,below,0.3516998461625407,9380.0009765625,True,35.0,9255.0009765625,45.0,below,1.3641691002668244,9291.0009765625,False,,1.0,1.0,0.00011461321335938246,60.0,UP_CONFIRMED,0.005575253235700782,0.005675165387991474,0.001040238646180292,0.4617414882310217,0.00011461321335938246,0.006876792801562948,0.0008095635531342182,0.0013584324350974786,0.0023487241005044623,9330.978408995494,0.5575253235700782,0.12805462330025552,2.692650527688564,,237.0,1.0,17361.0,17420.0,2025-08-28 00:30:00,2025-08-28 14:10:00,9332.0009765625,9383.0009765625,60.0,0.5465065866161689,0.009108443110269482,236.0,-1.0,17208.0,17360.0,2025-08-26 21:00:00,2025-08-28 00:25:00,9307.0009765625,9315.0009765625,153.0,0.08595679768537146,0.0005618091351985063,144293.0,,2404.883333333333,,432751.0,0.0,2828.4379084967322,0.0,0.8502514147858699,,0.33343192736700783,,75.0,25.0,0.0,True,False,,,,,0.0,0.0,2025-08-28 13:45:00,9356.0009765625,2025-08-28 13:30:00,9353.0009765625,4.0,4.0,0.18329662222380588,7.900812488271674,
AG:15m:1:-1:5698:5699:1,AG,15m,5806.0,2025-08-28 14:15:00,0.0,1.0,1.0,CHoCH,1.0,9276.0009765625,140.0,CHoCH,1.0,9342.0009765625,11.0,20.0,3.0,10.0,0.0,active_bear_internal_ob,internal,-1.0,119.0,9401.0009765625,9417.0009765625,9409.0009765625,0.19183627972502218,current_internal_high,internal,0.0,12.0,9342.0009765625,9342.0009765625,9342.0009765625,0.43696041492921717,9361.0009765625,9384.0009765625,9361.0009765625,9383.0009765625,12065.0,279318.0,1.0,1.0,0.0,1.0,1.0,0.0,active_bear_internal_ob,9342.0009765625,12.0,below,0.43696041492921717,9348.0009765625,True,11.0,9324.0009765625,8.0,below,0.6287966946542394,9255.0009765625,False,,9417.0009765625,77.0,above,0.3623574172583752,9276.0009765625,False,,9031.0009765625,174.0,below,3.7514650257337667,9155.0009765625,False,,0.0,0.0,0.00012123307954022462,12.0,NONE,0.01104964930488854,0.00927572892252927,0.0006996156833222341,0.9943866803471337,0.00012123307954022462,0.0014547969544826955,0.0007525270388490934,0.0013253844076674959,,9280.455201199517,1.104964930488854,0.23501760180435483,0.8533076361443734,,83.0,1.0,5795.0,5806.0,2025-08-28 09:00:00,2025-08-28 14:00:00,9351.0009765625,9383.0009765625,12.0,0.34220935363182825,0.028517446135985686,82.0,-1.0,5736.0,5794.0,2025-08-26 21:00:00,2025-08-28 02:15:00,9307.0009765625,9327.0009765625,59.0,0.21489199421345084,0.003642237190058489,109031.0,,9085.916666666666,,468013.0,0.0,7932.423728813559,0.0,1.1454149421775321,,0.23296575095136246,,100.0,0.0,0.0,True,False,,,,,0.0,0.0,,,,,0.0,0.0,0.07542433475206232,13.149099363823593,
AG:15m:1:-1:5698:5699:1,AG,1h,1728.0,2025-08-28 14:00:00,15.0,1.0,1.0,BOS,1.0,9367.0009765625,41.0,CHoCH,1.0,9350.0009765625,3.0,15.0,3.0,3.0,0.0,active_bear_internal_ob,internal,-1.0,261.0,9399.0009765625,9447.0009765625,9423.0009765625,0.17052113753335305,active_bear_internal_ob,internal,-1.0,20.0,9366.0009765625,9377.0009765625,9371.5009765625,0.06394542657500739,9352.0009765625,9362.0009765625,9346.0009765625,9361.0009765625,15576.0,278536.0,0.0,0.0,0.0,0.0,0.0,0.0,,9350.0009765625,13.0,below,0.3516998461625407,9377.0009765625,True,3.0,9255.0009765625,4.0,below,1.3641691002668244,9291.0009765625,False,,9367.0009765625,62.0,below,0.17052113753335305,9526.0009765625,True,41.0,9031.0009765625,16.0,below,3.7514650257337667,8885.0009765625,False,,0.0,0.0,0.0002954715342475029,42.0,NONE,0.007713394809271848,0.010382807775372874,0.0058229712696687575,0.3233224961942244,0.0002954715342475029,0.012409804438395122,0.0008610411025626874,0.0012392764043536175,0.0024860884553079554,9289.348563570737,0.7713394809271847,0.05344163614908748,-0.4568534183121762,,27.0,1.0,1687.0,1728.0,2025-08-22 22:00:00,2025-08-28 13:30:00,9386.0009765625,9361.0009765625,42.0,-0.2663541167577832,-0.006341764684709124,26.0,-1.0,1654.0,1686.0,2025-08-19 22:00:00,2025-08-22 21:00:00,9098.0009765625,9196.0009765625,33.0,1.0771596997237065,0.0326412030219305,1439053.0,,34263.166666666664,,1114398.0,0.0,33769.63636363636,0.0,1.0146146170398727,,1.2913276944143834,,28.57142857142857,59.523809523809526,11.904761904761903,False,False,2025-08-27 22:00:00,9297.0009765625,2025-08-27 21:00:00,9275.0009765625,1.0,1.0,2025-08-28 00:00:00,9336.0009765625,2025-08-26 21:00:00,9326.0009765625,4.0,3.0,0.56082818787037,23.30014727888301,2.0
AG:15m:1:-1:5698:5699:1,AG,4h,628.0,2025-08-28 11:30:00,165.0,1.0,1.0,BOS,1.0,9075.0009765625,134.0,CHoCH,1.0,9276.0009765625,14.0,8.0,1.0,2.0,0.0,current_internal_high,internal,0.0,8.0,9417.0009765625,9417.0009765625,9417.0009765625,0.3623574172583752,active_bull_internal_ob,internal,1.0,14.0,9031.0009765625,9059.0009765625,9045.0009765625,3.453053035050399,9344.0009765625,9367.0009765625,9337.0009765625,9356.0009765625,81390.0,280016.0,1.0,1.0,0.0,1.0,1.0,0.0,active_bear_internal_ob,9417.0009765625,8.0,above,0.3623574172583752,9276.0009765625,False,,9031.0009765625,18.0,below,3.7514650257337667,9155.0009765625,False,,9526.0009765625,54.0,above,1.5240326667043427,9075.0009765625,False,,8885.0009765625,26.0,below,5.3074704057256135,8563.0009765625,False,,0.0,0.0,0.0003516283512032814,43.0,NONE,0.01491380100749951,0.011775134209149588,0.008716240466842867,0.6406116189851547,0.0003516283512032814,0.0151200191017411,0.0016692781975318205,0.003341180545364697,0.009926265528752864,9218.517835972718,1.491380100749951,0.3109252381646943,-0.11805193554584581,,11.0,1.0,586.0,628.0,2025-08-13 21:00:00,2025-08-28 09:00:00,9317.0009765625,9356.0009765625,43.0,0.41858963091350176,0.009734642579383761,10.0,-1.0,546.0,585.0,2025-07-30 21:00:00,2025-08-13 13:30:00,9094.0009765625,9300.0009765625,40.0,2.2652295786080634,0.056630739465201585,3962436.0,,92149.67441860466,,4728118.0,0.0,118202.95,0.0,0.7795886178695596,,0.8380577642097765,,44.18604651162791,46.51162790697674,9.30232558139535,False,False,2025-08-20 21:00:00,9160.0009765625,2025-08-19 21:00:00,9092.0009765625,1.0,1.0,2025-08-28 00:00:00,9327.0009765625,2025-08-27 13:30:00,9305.0009765625,3.0,3.0,0.7402242991056628,47.92640895056672,
AG:15m:1:-1:5698:5699:2,AG,5m,17423.0,2025-08-28 14:30:00,0.0,1.0,1.0,CHoCH,1.0,9350.0009765625,38.0,BOS,1.0,9367.0009765625,4.0,43.0,4.0,18.0,2.0,active_bear_internal_ob,internal,-1.0,326.0,9387.0009765625,9396.0009765625,9391.5009765625,0.1386814449081397,current_internal_high,internal,0.0,10.0,9367.0009765625,9367.0009765625,9367.0009765625,0.07467462418130599,9377.0009765625,9385.0009765625,9374.0009765625,9374.0009765625,4502.0,278105.0,0.0,0.0,0.0,0.0,0.0,0.0,,9367.0009765625,10.0,below,0.07467462418130599,9365.0009765625,True,4.0,9346.0009765625,4.0,below,0.29869849672522397,9350.0009765625,False,,9350.0009765625,130.0,below,0.25602728290733484,9380.0009765625,True,38.0,9255.0009765625,48.0,below,1.2694686110822018,9291.0009765625,False,,1.0,1.0,0.00011874416140428543,63.0,UP_CONFIRMED,0.004008355748626443,0.0056104154515578845,0.0010567305508335269,0.06475295401133174,0.00011874416140428543,0.007480882168469982,0.0010546072592547695,0.0016840167768854553,0.002648122967593869,9336.576655851526,0.40083557486264426,-0.02133105579873451,1.5036203806422783,,237.0,1.0,17361.0,17423.0,2025-08-28 00:30:00,2025-08-28 14:25:00,9332.0009765625,9374.0009765625,63.0,0.4500642478015626,0.007143876949231152,236.0,-1.0,17208.0,17360.0,2025-08-26 21:00:00,2025-08-28 00:25:00,9307.0009765625,9315.0009765625,153.0,0.08595679768537146,0.0005618091351985063,155910.0,,2474.7619047619046,,432751.0,0.0,2828.4379084967322,0.0,0.8749571264504793,,0.36027646383255035,,76.19047619047619,23.809523809523807,0.0,False,False,,,,,0.0,0.0,2025-08-28 13:45:00,9356.0009765625,2025-08-28 13:30:00,9353.0009765625,4.0,4.0,0.18835156860622448,8.125395421549879,
AG:15m:1:-1:5698:5699:2,AG,15m,5807.0,2025-08-28 14:30:00,0.0,1.0,1.0,CHoCH,1.0,9276.0009765625,141.0,CHoCH,1.0,9342.0009765625,12.0,20.0,3.0,10.0,0.0,active_bear_internal_ob,internal,-1.0,108.0,9382.0009765625,9396.0009765625,9389.0009765625,0.08534242763577826,current_internal_high,internal,0.0,13.0,9342.0009765625,9342.0009765625,9342.0009765625,0.34136971054311305,9383.0009765625,9385.0009765625,9374.0009765625,9374.0009765625,11617.0,278105.0,0.0,0.0,0.0,0.0,0.0,0.0,,9342.0009765625,13.0,below,0.34136971054311305,9348.0009765625,True,12.0,9324.0009765625,9.0,below,0.5333901727236142,9255.0009765625,False,,9417.0009765625,78.0,above,0.45871554854230817,9276.0009765625,False,,9031.0009765625,175.0,below,3.6590565848839933,9155.0009765625,False,,0.0,0.0,0.000131649068968129,13.0,NONE,0.009821084333314328,0.009317679338743504,0.0006876984966488787,0.7679200184650545,0.000131649068968129,0.001711437896585677,0.0009225808426167603,0.0014177029869577584,,9282.833486043948,0.9821084333314328,-0.0959181398625164,0.7857485081716197,,83.0,1.0,5795.0,5807.0,2025-08-28 09:00:00,2025-08-28 14:15:00,9351.0009765625,9374.0009765625,13.0,0.24596297292287517,0.018920228686375013,82.0,-1.0,5736.0,5794.0,2025-08-26 21:00:00,2025-08-28 02:15:00,9307.0009765625,9327.0009765625,59.0,0.21489199421345084,0.003642237190058489,120648.0,,9280.615384615385,,468013.0,0.0,7932.423728813559,0.0,1.1699596115755497,,0.2577877110251211,,100.0,0.0,0.0,False,False,,,,,0.0,0.0,,,,,0.0,0.0,0.0738057698325574,12.995592266407623,
AG:15m:1:-1:5698:5699:2,AG,1h,1728.0,2025-08-28 14:00:00,30.0,1.0,1.0,BOS,1.0,9367.0009765625,41.0,CHoCH,1.0,9350.0009765625,3.0,15.0,3.0,3.0,0.0,active_bear_internal_ob,internal,-1.0,261.0,9399.0009765625,9447.0009765625,9423.0009765625,0.2666950863618071,current_swing_high,swing,0.0,62.0,9367.0009765625,9367.0009765625,9367.0009765625,0.07467462418130599,9352.0009765625,9362.0009765625,9346.0009765625,9361.0009765625,15576.0,278536.0,1.0,1.0,0.0,1.0,1.0,0.0,active_bear_internal_ob,9350.0009765625,13.0,below,0.25602728290733484,9377.0009765625,True,3.0,9255.0009765625,4.0,below,1.2694686110822018,9291.0009765625,False,,9367.0009765625,62.0,below,0.07467462418130599,9526.0009765625,True,41.0,9031.0009765625,16.0,below,3.6590565848839933,8885.0009765625,False,,0.0,0.0,0.0002954715342475029,42.0,NONE,0.007713394809271848,0.010382807775372874,0.0058229712696687575,0.3233224961942244,0.0002954715342475029,0.012409804438395122,0.0008610411025626874,0.0012392764043536175,0.0024860884553079554,9289.348563570737,0.7713394809271847,0.05344163614908748,-0.4568534183121762,,27.0,1.0,1687.0,1728.0,2025-08-22 22:00:00,2025-08-28 13:30:00,9386.0009765625,9361.0009765625,42.0,-0.2663541167577832,-0.006341764684709124,26.0,-1.0,1654.0,1686.0,2025-08-19 22:00:00,2025-08-22 21:00:00,9098.0009765625,9196.0009765625,33.0,1.0771596997237065,0.0326412030219305,1439053.0,,34263.166666666664,,1114398.0,0.0,33769.63636363636,0.0,1.0146146170398727,,1.2913276944143834,,28.57142857142857,59.523809523809526,11.904761904761903,False,False,2025-08-27 22:00:00,9297.0009765625,2025-08-27 21:00:00,9275.0009765625,1.0,1.0,2025-08-28 00:00:00,9336.0009765625,2025-08-26 21:00:00,9326.0009765625,4.0,3.0,0.56082818787037,23.30014727888301,2.0
AG:15m:1:-1:5698:5699:2,AG,4h,628.0,2025-08-28 11:30:00,180.0,1.0,1.0,BOS,1.0,9075.0009765625,134.0,CHoCH,1.0,9276.0009765625,14.0,8.0,1.0,2.0,0.0,current_internal_high,internal,0.0,8.0,9417.0009765625,9417.0009765625,9417.0009765625,0.45871554854230817,active_bull_internal_ob,internal,1.0,14.0,9031.0009765625,9059.0009765625,9045.0009765625,3.3603580881587694,9344.0009765625,9367.0009765625,9337.0009765625,9356.0009765625,81390.0,280016.0,1.0,1.0,0.0,1.0,1.0,0.0,active_bear_internal_ob,9417.0009765625,8.0,above,0.45871554854230817,9276.0009765625,False,,9031.0009765625,18.0,below,3.6590565848839933,9155.0009765625,False,,9526.0009765625,54.0,above,1.621506125079787,9075.0009765625,False,,8885.0009765625,26.0,below,5.216555889236947,8563.0009765625,False,,0.0,0.0,0.0003516283512032814,43.0,NONE,0.01491380100749951,0.011775134209149588,0.008716240466842867,0.6406116189851547,0.0003516283512032814,0.0151200191017411,0.0016692781975318205,0.003341180545364697,0.009926265528752864,9218.517835972718,1.491380100749951,0.3109252381646943,-0.11805193554584581,,11.0,1.0,586.0,628.0,2025-08-13 21:00:00,2025-08-28 09:00:00,9317.0009765625,9356.0009765625,43.0,0.41858963091350176,0.009734642579383761,10.0,-1.0,546.0,585.0,2025-07-30 21:00:00,2025-08-13 13:30:00,9094.0009765625,9300.0009765625,40.0,2.2652295786080634,0.056630739465201585,3962436.0,,92149.67441860466,,4728118.0,0.0,118202.95,0.0,0.7795886178695596,,0.8380577642097765,,44.18604651162791,46.51162790697674,9.30232558139535,False,False,2025-08-20 21:00:00,9160.0009765625,2025-08-19 21:00:00,9092.0009765625,1.0,1.0,2025-08-28 00:00:00,9327.0009765625,2025-08-27 13:30:00,9305.0009765625,3.0,3.0,0.7402242991056628,47.92640895056672,
AG:15m:1:-1:5698:5699:3,AG,5m,17426.0,2025-08-28 14:45:00,0.0,1.0,1.0,CHoCH,1.0,9350.0009765625,41.0,BOS,1.0,9367.0009765625,7.0,43.0,4.0,18.0,2.0,active_bear_internal_ob,internal,-1.0,329.0,9387.0009765625,9396.0009765625,9391.5009765625,0.07462685790215448,current_internal_high,internal,0.0,13.0,9367.0009765625,9367.0009765625,9367.0009765625,0.1385927361040012,9378.0009765625,9383.0009765625,9376.0009765625,9380.0009765625,2770.0,278368.0,0.0,0.0,0.0,0.0,0.0,0.0,,9367.0009765625,13.0,below,0.1385927361040012,9365.0009765625,True,7.0,9346.0009765625,7.0,below,0.36247330981046466,9350.0009765625,False,,9350.0009765625,133.0,below,0.3198293910092335,9380.0009765625,True,41.0,9255.0009765625,51.0,below,1.332622462538473,9291.0009765625,False,,1.0,1.0,0.00011795175331521659,66.0,UP_CONFIRMED,0.004348001143979607,0.00554397736182062,0.001076994733314096,0.13339709934711363,0.00011795175331521659,0.007784815718804294,0.0006757736698583816,0.0016416051435608203,0.0026722913770906853,9339.393283880114,0.4348001143979607,0.03199317145745617,-0.0023243463592623834,,237.0,1.0,17361.0,17426.0,2025-08-28 00:30:00,2025-08-28 14:40:00,9332.0009765625,9380.0009765625,66.0,0.5143591403446335,0.007793320308252022,236.0,-1.0,17208.0,17360.0,2025-08-26 21:00:00,2025-08-28 00:25:00,9307.0009765625,9315.0009765625,153.0,0.08595679768537146,0.0005618091351985063,162233.0,,2458.0757575757575,,432751.0,0.0,2828.4379084967322,0.0,0.869057705029199,,0.37488763746357606,,77.27272727272727,22.727272727272727,0.0,False,False,,,,,0.0,0.0,2025-08-28 13:45:00,9356.0009765625,2025-08-28 13:30:00,9353.0009765625,4.0,4.0,0.19426391253524444,7.844203258434797,
AG:15m:1:-1:5698:5699:3,AG,15m,5808.0,2025-08-28 14:45:00,0.0,1.0,1.0,CHoCH,1.0,9276.0009765625,142.0,CHoCH,1.0,9342.0009765625,13.0,20.0,3.0,10.0,0.0,active_bear_internal_ob,internal,-1.0,109.0,9382.0009765625,9396.0009765625,9389.0009765625,0.02132195940061557,current_internal_high,internal,0.0,14.0,9342.0009765625,9342.0009765625,9342.0009765625,0.4051172286116958,9374.0009765625,9383.0009765625,9373.0009765625,9380.0009765625,6323.0,278368.0,0.0,0.0,0.0,0.0,0.0,0.0,,9342.0009765625,14.0,below,0.4051172286116958,9348.0009765625,True,13.0,9324.0009765625,10.0,below,0.5970148632172358,9255.0009765625,False,,9417.0009765625,79.0,above,0.394456248911388,9276.0009765625,False,,9031.0009765625,176.0,below,3.7206819154074164,9155.0009765625,False,,0.0,0.0,0.00013229012582525814,14.0,NONE,0.010325605551529572,0.009389674068228226,0.0007117097003093444,0.9057528937754936,0.00013229012582525814,0.001852061761553614,0.0009328650002622396,0.0014753746946141177,,9284.136643693222,1.032560555152957,0.06400682072682518,-0.13369782869757524,,83.0,1.0,5795.0,5808.0,2025-08-28 09:00:00,2025-08-28 14:30:00,9351.0009765625,9380.0009765625,14.0,0.3101272267288291,0.022151944766344935,82.0,-1.0,5736.0,5794.0,2025-08-26 21:00:00,2025-08-28 02:15:00,9307.0009765625,9327.0009765625,59.0,0.21489199421345084,0.003642237190058489,126971.0,,9069.357142857143,,468013.0,0.0,7932.423728813559,0.0,1.1433273678905744,,0.27129801949945836,,100.0,0.0,0.0,False,False,,,,,0.0,0.0,,,,,0.0,0.0,0.07579706123320633,12.78162139023565,
AG:15m:1:-1:5698:5699:3,AG,1h,1728.0,2025-08-28 14:00:00,45.0,1.0,1.0,BOS,1.0,9367.0009765625,41.0,CHoCH,1.0,9350.0009765625,3.0,15.0,3.0,3.0,0.0,active_bear_internal_ob,internal,-1.0,261.0,9399.0009765625,9447.0009765625,9423.0009765625,0.2025586143058479,active_bear_internal_ob,internal,-1.0,20.0,9366.0009765625,9377.0009765625,9371.5009765625,0.03198293910092335,9352.0009765625,9362.0009765625,9346.0009765625,9361.0009765625,15576.0,278536.0,0.0,0.0,0.0,0.0,0.0,0.0,,9350.0009765625,13.0,below,0.3198293910092335,9377.0009765625,True,3.0,9255.0009765625,4.0,below,1.332622462538473,9291.0009765625,False,,9367.0009765625,62.0,below,0.1385927361040012,9526.0009765625,True,41.0,9031.0009765625,16.0,below,3.7206819154074164,8885.0009765625,False,,0.0,0.0,0.0002954715342475029,42.0,NONE,0.007713394809271848,0.010382807775372874,0.0058229712696687575,0.3233224961942244,0.0002954715342475029,0.012409804438395122,0.0008610411025626874,0.0012392764043536175,0.0024860884553079554,9289.348563570737,0.7713394809271847,0.05344163614908748,-0.4568534183121762,,27.0,1.0,1687.0,1728.0,2025-08-22 22:00:00,2025-08-28 13:30:00,9386.0009765625,9361.0009765625,42.0,-0.2663541167577832,-0.006341764684709124,26.0,-1.0,1654.0,1686.0,2025-08-19 22:00:00,2025-08-22 21:00:00,9098.0009765625,9196.0009765625,33.0,1.0771596997237065,0.0326412030219305,1439053.0,,34263.166666666664,,1114398.0,0.0,33769.63636363636,0.0,1.0146146170398727,,1.2913276944143834,,28.57142857142857,59.523809523809526,11.904761904761903,False,False,2025-08-27 22:00:00,9297.0009765625,2025-08-27 21:00:00,9275.0009765625,1.0,1.0,2025-08-28 00:00:00,9336.0009765625,2025-08-26 21:00:00,9326.0009765625,4.0,3.0,0.56082818787037,23.30014727888301,2.0
AG:15m:1:-1:5698:5699:3,AG,4h,628.0,2025-08-28 11:30:00,195.0,1.0,1.0,BOS,1.0,9075.0009765625,134.0,CHoCH,1.0,9276.0009765625,14.0,8.0,1.0,2.0,0.0,current_internal_high,internal,0.0,8.0,9417.0009765625,9417.0009765625,9417.0009765625,0.394456248911388,active_bull_internal_ob,internal,1.0,14.0,9031.0009765625,9059.0009765625,9045.0009765625,3.4221744837987984,9344.0009765625,9367.0009765625,9337.0009765625,9356.0009765625,81390.0,280016.0,1.0,1.0,0.0,1.0,1.0,0.0,active_bear_internal_ob,9417.0009765625,8.0,above,0.394456248911388,9276.0009765625,False,,9031.0009765625,18.0,below,3.7206819154074164,9155.0009765625,False,,9526.0009765625,54.0,above,1.5565030362449364,9075.0009765625,False,,8885.0009765625,26.0,below,5.277184951652353,8563.0009765625,False,,0.0,0.0,0.0003516283512032814,43.0,NONE,0.01491380100749951,0.011775134209149588,0.008716240466842867,0.6406116189851547,0.0003516283512032814,0.0151200191017411,0.0016692781975318205,0.003341180545364697,0.009926265528752864,9218.517835972718,1.491380100749951,0.3109252381646943,-0.11805193554584581,,11.0,1.0,586.0,628.0,2025-08-13 21:00:00,2025-08-28 09:00:00,9317.0009765625,9356.0009765625,43.0,0.41858963091350176,0.009734642579383761,10.0,-1.0,546.0,585.0,2025-07-30 21:00:00,2025-08-13 13:30:00,9094.0009765625,9300.0009765625,40.0,2.2652295786080634,0.056630739465201585,3962436.0,,92149.67441860466,,4728118.0,0.0,118202.95,0.0,0.7795886178695596,,0.8380577642097765,,44.18604651162791,46.51162790697674,9.30232558139535,False,False,2025-08-20 21:00:00,9160.0009765625,2025-08-19 21:00:00,9092.0009765625,1.0,1.0,2025-08-28 00:00:00,9327.0009765625,2025-08-27 13:30:00,9305.0009765625,3.0,3.0,0.7402242991056628,47.92640895056672,
AG:15m:1:-1:5698:5699:4,AG,5m,17430.0,2025-08-28 21:05:00,0.0,1.0,1.0,CHoCH,1.0,9350.0009765625,45.0,BOS,1.0,9367.0009765625,11.0,43.0,3.0,18.0,2.0,active_bear_internal_ob,internal,-1.0,381.0,9406.0009765625,9412.0009765625,9409.0009765625,0.053185825769675246,current_internal_high,internal,0.0,17.0,9367.0009765625,9367.0009765625,9367.0009765625,0.3616636152337917,9390.0,9404.0009765625,9385.0009765625,9401.0009765625,28090.0,274240.0,0.0,0.0,0.0,0.0,0.0,0.0,,9367.0009765625,17.0,below,0.3616636152337917,9365.0009765625,True,11.0,9346.0009765625,11.0,below,0.5850440834664277,9350.0009765625,False,,9350.0009765625,137.0,below,0.5424954228506875,9380.0009765625,True,45.0,9255.0009765625,55.0,below,1.5530261124745173,9291.0009765625,False,,1.0,1.0,0.0001377069888993221,70.0,UP_CONFIRMED,0.004747457499111489,0.005459556928122788,0.001106891974600417,0.26000423069044687,0.0001377069888993221,0.009639489222952546,0.0019773083036145334,0.0027438276869036216,0.004105987426527458,9356.581005899996,0.47474574991114893,0.2559453716597382,4.260034884029689,,237.0,1.0,17361.0,17430.0,2025-08-28 00:30:00,2025-08-28 21:00:00,9332.0009765625,9401.0009765625,70.0,0.7393912642454259,0.010562732346363226,236.0,-1.0,17208.0,17360.0,2025-08-26 21:00:00,2025-08-28 00:25:00,9307.0009765625,9315.0009765625,153.0,0.08595679768537146,0.0005618091351985063,201536.0,,2879.0857142857144,,432751.0,0.0,2828.4379084967322,0.0,1.0179066351914017,,0.4657089180614256,,78.57142857142857,21.428571428571427,0.0,True,False,,,,,0.0,0.0,2025-08-28 13:45:00,9356.0009765625,2025-08-28 13:30:00,9353.0009765625,4.0,4.0,0.20274392028017743,9.131671419829141,
AG:15m:1:-1:5698:5699:4,AG,15m,5809.0,2025-08-28 15:00:00,365.0,1.0,1.0,CHoCH,1.0,9276.0009765625,143.0,CHoCH,1.0,9342.0009765625,14.0,20.0,3.0,10.0,0.0,current_swing_high,swing,0.0,80.0,9417.0009765625,9417.0009765625,9417.0009765625,0.1701946424629608,active_bear_internal_ob,internal,-1.0,110.0,9382.0009765625,9396.0009765625,9389.0009765625,0.053185825769675246,9380.0009765625,9385.0009765625,9371.0009765625,9377.0009765625,11213.0,278545.0,1.0,1.0,0.0,1.0,1.0,0.0,active_bear_internal_ob,9342.0009765625,15.0,below,0.6275927440821679,9348.0009765625,True,14.0,9324.0009765625,11.0,below,0.8190617168529989,9255.0009765625,False,,9417.0009765625,80.0,above,0.1701946424629608,9276.0009765625,False,,9031.0009765625,177.0,below,3.9357511069559683,9155.0009765625,False,,0.0,0.0,0.00013985947409761817,15.0,NONE,0.009754704260469852,0.009414009414377667,0.0006935797800958252,0.6883618126652298,0.00013985947409761817,0.0020978921114642723,0.0010400861722681398,0.0016034799610726846,,9286.414747064817,0.9754704260469852,-0.03198293910092742,0.664833256154855,,83.0,1.0,5795.0,5809.0,2025-08-28 09:00:00,2025-08-28 14:45:00,9351.0009765625,9377.0009765625,15.0,0.2780450998258521,0.018536339988390143,82.0,-1.0,5736.0,5794.0,2025-08-26 21:00:00,2025-08-28 02:15:00,9307.0009765625,9327.0009765625,59.0,0.21489199421345084,0.003642237190058489,138184.0,,9212.266666666666,,468013.0,0.0,7932.423728813559,0.0,1.1613432390410807,,0.29525675568841037,,100.0,0.0,0.0,False,False,,,,,0.0,0.0,,,,,0.0,0.0,0.07367528006043277,12.868648433790247,
AG:15m:1:-1:5698:5699:4,AG,1h,1729.0,2025-08-28 15:00:00,365.0,1.0,1.0,BOS,1.0,9367.0009765625,42.0,CHoCH,1.0,9350.0009765625,4.0,15.0,2.0,3.0,0.0,active_bear_internal_ob,internal,-1.0,279.0,9460.0009765625,9526.0009765625,9493.0009765625,0.6275927440821679,current_swing_high,swing,0.0,63.0,9367.0009765625,9367.0009765625,9367.0009765625,0.3616636152337917,9361.0009765625,9385.0009765625,9361.0009765625,9377.0009765625,41218.0,278545.0,1.0,1.0,0.0,1.0,1.0,0.0,active_bear_internal_ob,9350.0009765625,14.0,below,0.5424954228506875,9377.0009765625,True,4.0,9255.0009765625,5.0,below,1.5530261124745173,9291.0009765625,False,,9367.0009765625,63.0,below,0.3616636152337917,9526.0009765625,True,42.0,9031.0009765625,17.0,below,3.9357511069559683,8885.0009765625,False,,0.0,0.0,0.0002988499805347802,43.0,NONE,0.008996538825852357,0.010350568962593325,0.0057586553966880024,0.4070540862680745,0.0002988499805347802,0.01285054916299555,0.0012647437049038146,0.0016769892072989734,0.002664544752760012,9293.392609130568,0.8996538825852357,0.1709218922213429,0.8883733561187274,,27.0,1.0,1687.0,1729.0,2025-08-22 22:00:00,2025-08-28 14:00:00,9386.0009765625,9377.0009765625,43.0,-0.09588748203279707,-0.0022299414426231877,26.0,-1.0,1654.0,1686.0,2025-08-19 22:00:00,2025-08-22 21:00:00,9098.0009765625,9196.0009765625,33.0,1.0771596997237065,0.0326412030219305,1480271.0,,34424.90697674418,,1114398.0,0.0,33769.63636363636,0.0,1.0194041358944992,,1.3283144801049536,,30.23255813953488,58.139534883720934,11.627906976744185,False,False,2025-08-27 22:00:00,9297.0009765625,2025-08-27 21:00:00,9275.0009765625,1.0,1.0,2025-08-28 00:00:00,9336.0009765625,2025-08-26 21:00:00,9326.0009765625,4.0,3.0,0.5563612413481449,23.350136758962798,4.0
AG:15m:1:-1:5698:5699:4,AG,4h,629.0,2025-08-28 15:00:00,365.0,1.0,1.0,BOS,1.0,9075.0009765625,135.0,CHoCH,1.0,9276.0009765625,15.0,8.0,1.0,2.0,0.0,current_internal_high,internal,0.0,9.0,9417.0009765625,9417.0009765625,9417.0009765625,0.1701946424629608,active_bull_internal_ob,internal,1.0,15.0,9031.0009765625,9059.0009765625,9045.0009765625,3.637910482645787,9352.0009765625,9385.0009765625,9346.0009765625,9377.0009765625,56794.0,278545.0,1.0,1.0,0.0,1.0,1.0,0.0,active_bear_internal_ob,9417.0009765625,9.0,above,0.1701946424629608,9276.0009765625,False,,9031.0009765625,19.0,below,3.9357511069559683,9155.0009765625,False,,9526.0009765625,55.0,above,1.3296456442418811,9075.0009765625,False,,8885.0009765625,27.0,below,5.488777219430486,8563.0009765625,False,,0.0,0.0,0.00035160808180957246,44.0,NONE,0.016840493535661548,0.011890256012024862,0.008649628460845556,0.7164427847576609,0.00035160808180957246,0.015470755599621189,0.0017185256577243457,0.0035622436945881297,0.010211049781305492,9221.702947684233,1.6840493535661547,0.22445487182618518,-0.41102209621321656,,11.0,1.0,586.0,629.0,2025-08-13 21:00:00,2025-08-28 13:30:00,9317.0009765625,9377.0009765625,44.0,0.6439840475592318,0.014636001080891631,10.0,-1.0,546.0,585.0,2025-07-30 21:00:00,2025-08-13 13:30:00,9094.0009765625,9300.0009765625,40.0,2.2652295786080634,0.056630739465201585,4019230.0,,91346.13636363637,,4728118.0,0.0,118202.95,0.0,0.772790665238358,,0.8500697317621938,,43.18181818181818,47.72727272727273,9.090909090909092,False,False,2025-08-20 21:00:00,9160.0009765625,2025-08-19 21:00:00,9092.0009765625,1.0,1.0,2025-08-28 00:00:00,9327.0009765625,2025-08-27 13:30:00,9305.0009765625,3.0,3.0,0.7274551912169096,47.28880831124052,
AG:15m:1:-1:5730:5736:1,AG,5m,17418.0,2025-08-28 14:05:00,0.0,1.0,1.0,CHoCH,1.0,9350.0009765625,33.0,BOS,1.0,9365.0009765625,15.0,42.0,5.0,18.0,3.0,current_internal_high,internal,0.0,5.0,9367.0009765625,9367.0009765625,9367.0009765625,0.021356110960429567,current_internal_low,internal,0.0,16.0,9350.0009765625,9350.0009765625,9350.0009765625,0.16017083220322173,9361.0009765625,9371.0009765625,9361.0009765625,9365.0009765625,4179.0,278678.0,0.0,0.0,0.0,0.0,0.0,0.0,,9367.0009765625,5.0,above,0.021356110960429567,9365.0009765625,False,,9350.0009765625,16.0,below,0.16017083220322173,9345.0009765625,False,,9350.0009765625,125.0,below,0.16017083220322173,9380.0009765625,True,33.0,9255.0009765625,43.0,below,1.1745861028236262,9291.0009765625,False,,1.0,1.0,0.00011068111815166223,58.0,UP_CONFIRMED,0.004102222916981156,0.005695223809278236,0.0010484922383397143,0.06434030430820942,0.00011068111815166223,0.006419504852796409,0.0006287464370737794,0.0011635809180674528,0.002200157864715946,9326.740607501668,0.4102222916981156,0.04273047305534128,2.143806928846256,,237.0,1.0,17361.0,17418.0,2025-08-28 00:30:00,2025-08-28 14:00:00,9332.0009765625,9365.0009765625,58.0,0.35362190898693413,0.006096929465291967,236.0,-1.0,17208.0,17360.0,2025-08-26 21:00:00,2025-08-28 00:25:00,9307.0009765625,9315.0009765625,153.0,0.08595679768537146,0.0005618091351985063,136407.0,,2351.844827586207,,432751.0,0.0,2828.4379084967322,0.0,0.8314995427409518,,0.3152089769867661,,74.13793103448276,25.862068965517242,0.0,False,False,,,,,0.0,0.0,2025-08-28 13:45:00,9356.0009765625,2025-08-28 13:30:00,9353.0009765625,4.0,4.0,0.18410026953314612,7.311001465687858,
AG:15m:1:-1:5730:5736:1,AG,15m,5805.0,2025-08-28 14:00:00,5.0,1.0,1.0,CHoCH,1.0,9276.0009765625,139.0,CHoCH,1.0,9342.0009765625,10.0,20.0,4.0,10.0,0.0,active_bear_internal_ob,internal,-1.0,69.0,9368.0009765625,9377.0009765625,9372.5009765625,0.03203416644064435,current_internal_high,internal,0.0,11.0,9342.0009765625,9342.0009765625,9342.0009765625,0.24559527604494,9354.0009765625,9362.0009765625,9348.0009765625,9361.0009765625,7379.0,278536.0,0.0,0.0,0.0,0.0,0.0,0.0,,9342.0009765625,11.0,below,0.24559527604494,9348.0009765625,True,10.0,9324.0009765625,7.0,below,0.43780027468880606,9255.0009765625,False,,9417.0009765625,76.0,above,0.5552588849711687,9276.0009765625,False,,9031.0009765625,173.0,below,3.5664705303917374,9155.0009765625,False,,0.0,0.0,0.00010806472439398281,11.0,NONE,0.00894715162389652,0.009114463433223882,0.0004710413599680072,0.3612215376736935,0.00010806472439398281,0.001188711968333811,0.0005894354012359049,0.001188711968333811,,9277.989398647893,0.894715162389652,0.074834287675829,0.10869378848029394,,83.0,1.0,5795.0,5805.0,2025-08-28 09:00:00,2025-08-28 13:45:00,9351.0009765625,9361.0009765625,11.0,0.106940423009938,0.00972185663726709,82.0,-1.0,5736.0,5794.0,2025-08-26 21:00:00,2025-08-28 02:15:00,9307.0009765625,9327.0009765625,59.0,0.21489199421345084,0.003642237190058489,96966.0,,8815.09090909091,,468013.0,0.0,7932.423728813559,0.0,1.1112733271006654,,0.20718655251029353,,100.0,0.0,0.0,False,False,,,,,0.0,0.0,,,,,0.0,0.0,0.05168064619700766,12.391337776425408,
AG:15m:1:-1:5730:5736:1,AG,1h,1728.0,2025-08-28 14:00:00,5.0,1.0,1.0,BOS,1.0,9367.0009765625,41.0,CHoCH,1.0,9350.0009765625,3.0,15.0,3.0,3.0,0.0,active_bear_internal_ob,internal,-1.0,20.0,9366.0009765625,9377.0009765625,9371.5009765625,0.010678055480214783,current_internal_high,internal,0.0,13.0,9350.0009765625,9350.0009765625,9350.0009765625,0.16017083220322173,9352.0009765625,9362.0009765625,9346.0009765625,9361.0009765625,15576.0,278536.0,0.0,0.0,0.0,0.0,0.0,0.0,,9350.0009765625,13.0,below,0.16017083220322173,9377.0009765625,True,3.0,9255.0009765625,4.0,below,1.1745861028236262,9291.0009765625,False,,9367.0009765625,62.0,above,0.021356110960429567,9526.0009765625,True,41.0,9031.0009765625,16.0,below,3.5664705303917374,8885.0009765625,False,,0.0,0.0,0.0002954715342475029,42.0,NONE,0.007713394809271848,0.010382807775372874,0.0058229712696687575,0.3233224961942244,0.0002954715342475029,0.012409804438395122,0.0008610411025626874,0.0012392764043536175,0.0024860884553079554,9289.348563570737,0.7713394809271847,0.05344163614908748,-0.4568534183121762,,27.0,1.0,1687.0,1728.0,2025-08-22 22:00:00,2025-08-28 13:30:00,9386.0009765625,9361.0009765625,42.0,-0.2663541167577832,-0.006341764684709124,26.0,-1.0,1654.0,1686.0,2025-08-19 22:00:00,2025-08-22 21:00:00,9098.0009765625,9196.0009765625,33.0,1.0771596997237065,0.0326412030219305,1439053.0,,34263.166666666664,,1114398.0,0.0,33769.63636363636,0.0,1.0146146170398727,,1.2913276944143834,,28.57142857142857,59.523809523809526,11.904761904761903,False,False,2025-08-27 22:00:00,9297.0009765625,2025-08-27 21:00:00,9275.0009765625,1.0,1.0,2025-08-28 00:00:00,9336.0009765625,2025-08-26 21:00:00,9326.0009765625,4.0,3.0,0.56082818787037,23.30014727888301,2.0
AG:15m:1:-1:5730:5736:1,AG,4h,628.0,2025-08-28 11:30:00,155.0,1.0,1.0,BOS,1.0,9075.0009765625,134.0,CHoCH,1.0,9276.0009765625,14.0,8.0,1.0,2.0,0.0,active_bear_internal_ob,internal,-1.0,94.0,9371.0009765625,9447.0009765625,9409.0009765625,0.0640683328812887,active_bull_internal_ob,internal,1.0,14.0,9031.0009765625,9059.0009765625,9045.0009765625,3.267484976945724,9344.0009765625,9367.0009765625,9337.0009765625,9356.0009765625,81390.0,280016.0,0.0,0.0,0.0,0.0,0.0,0.0,,9417.0009765625,8.0,above,0.5552588849711687,9276.0009765625,False,,9031.0009765625,18.0,below,3.5664705303917374,9155.0009765625,False,,9526.0009765625,54.0,above,1.7191669323145802,9075.0009765625,False,,8885.0009765625,26.0,below,5.125466630503095,8563.0009765625,False,,0.0,0.0,0.0003516283512032814,43.0,NONE,0.01491380100749951,0.011775134209149588,0.008716240466842867,0.6406116189851547,0.0003516283512032814,0.0151200191017411,0.0016692781975318205,0.003341180545364697,0.009926265528752864,9218.517835972718,1.491380100749951,0.3109252381646943,-0.11805193554584581,,11.0,1.0,586.0,628.0,2025-08-13 21:00:00,2025-08-28 09:00:00,9317.0009765625,9356.0009765625,43.0,0.41858963091350176,0.009734642579383761,10.0,-1.0,546.0,585.0,2025-07-30 21:00:00,2025-08-13 13:30:00,9094.0009765625,9300.0009765625,40.0,2.2652295786080634,0.056630739465201585,3962436.0,,92149.67441860466,,4728118.0,0.0,118202.95,0.0,0.7795886178695596,,0.8380577642097765,,44.18604651162791,46.51162790697674,9.30232558139535,False,False,2025-08-20 21:00:00,9160.0009765625,2025-08-19 21:00:00,9092.0009765625,1.0,1.0,2025-08-28 00:00:00,9327.0009765625,2025-08-27 13:30:00,9305.0009765625,3.0,3.0,0.7402242991056628,47.92640895056672,
AG:15m:1:-1:5758:5763:1,AG,5m,17297.0,2025-08-27 11:15:00,0.0,-1.0,-1.0,CHoCH,-1.0,9314.0009765625,89.0,CHoCH,-1.0,9330.0009765625,8.0,39.0,6.0,17.0,3.0,current_internal_high,internal,0.0,11.0,9341.0009765625,9341.0009765625,9341.0009765625,0.07499463539351311,current_internal_low,internal,0.0,2.0,9314.0009765625,9314.0009765625,9314.0009765625,0.21427038683860888,9329.0009765625,9335.0009765625,9328.0009765625,9334.0009765625,1893.0,291078.0,1.0,1.0,0.0,1.0,1.0,0.0,active_bear_internal_ob,9341.0009765625,11.0,above,0.07499463539351311,9348.0009765625,False,,9314.0009765625,2.0,below,0.21427038683860888,9330.0009765625,False,,9350.0009765625,4.0,above,0.1714163094708871,9380.0009765625,False,,9291.0009765625,39.0,below,0.46068133170300907,9314.0009765625,False,,-1.0,-1.0,-3.1770877658925884e-05,-90.0,DOWN_CONFIRMED,-6.483835818916063e-05,-0.0012943326561963054,0.001169835074944533,0.8533702406771655,-3.1770877658925884e-05,-0.0028593789893033295,-0.00011550422116324288,-0.000536479047507088,-0.000682241964837349,9334.60621710396,-0.006483835818916063,0.05359630696322171,-0.05328671021827844,,236.0,-1.0,17208.0,17297.0,2025-08-26 21:00:00,2025-08-27 11:10:00,9307.0009765625,9334.0009765625,90.0,0.2901041921881564,0.003223379913201738,235.0,1.0,17188.0,17207.0,2025-08-26 11:20:00,2025-08-26 14:55:00,9369.0009765625,9354.0009765625,20.0,-0.16010244888995384,-0.008005122444497692,217549.0,,2417.211111111111,,52296.0,0.0,2614.8,0.0,0.9244344160590144,,4.1599548722655655,,31.11111111111111,50.0,18.88888888888889,False,True,2025-08-27 09:00:00,9344.0009765625,2025-08-27 09:05:00,9339.0009765625,2.0,2.0,2025-08-27 10:55:00,9328.0009765625,2025-08-27 09:55:00,9333.0009765625,11.0,10.0,0.903813304365172,6.3148630747680645,
AG:15m:1:-1:5758:5763:1,AG,15m,5765.0,2025-08-27 11:15:00,0.0,1.0,-1.0,CHoCH,1.0,9276.0009765625,99.0,CHoCH,-1.0,9323.0009765625,2.0,19.0,5.0,10.0,0.0,current_internal_high,internal,0.0,2.0,9348.0009765625,9348.0009765625,9348.0009765625,0.14998927078702623,current_internal_low,internal,0.0,3.0,9323.0009765625,9323.0009765625,9323.0009765625,0.11784871276123489,9327.0009765625,9335.0009765625,9326.0009765625,9334.0009765625,6353.0,291078.0,1.0,1.0,0.0,1.0,1.0,0.0,active_bear_internal_ob,9348.0009765625,2.0,above,0.14998927078702623,9350.0009765625,False,,9323.0009765625,3.0,below,0.11784871276123489,9325.0009765625,True,2.0,9417.0009765625,36.0,above,0.8892221053802268,9276.0009765625,False,,9031.0009765625,133.0,below,3.246196360604925,9155.0009765625,False,,0.0,0.0,-5.847721838049269e-05,-30.0,NONE,-0.001407230812295879,-0.002312706453911862,0.0010559893366433133,0.804406481542093,-5.847721838049269e-05,-0.0017543165514147807,-0.00033827857655466254,-0.0005620522944632667,-0.0007504527155882679,9347.154580495466,-0.1407230812295879,0.06432246324883373,0.5660846184471005,,82.0,-1.0,5736.0,5765.0,2025-08-26 21:00:00,2025-08-27 11:00:00,9307.0009765625,9334.0009765625,30.0,0.2901041921881564,0.009670139739605213,81.0,1.0,5666.0,5735.0,2025-08-22 22:00:00,2025-08-26 14:45:00,9311.0009765625,9354.0009765625,70.0,0.4618193050160757,0.0065974186430867955,217549.0,,7251.633333333333,,874074.0,0.0,12486.771428571428,0.0,0.5807452610801068,,0.24889082617718866,,0.0,93.33333333333333,6.666666666666667,True,True,,,,,0.0,0.0,2025-08-27 11:00:00,9334.0009765625,2025-08-27 10:30:00,9321.0009765625,5.0,4.0,0.45660327312925697,10.996772588181406,
AG:15m:1:-1:5758:5763:1,AG,1h,1715.0,2025-08-27 11:00:00,15.0,1.0,-1.0,BOS,1.0,9367.0009765625,28.0,CHoCH,-1.0,9348.0009765625,7.0,14.0,3.0,3.0,0.0,current_internal_high,internal,0.0,0.0,9350.0009765625,9350.0009765625,9350.0009765625,0.1714163094708871,current_internal_low,internal,0.0,2.0,9291.0009765625,9291.0009765625,9291.0009765625,0.46068133170300907,9333.0009765625,9338.0009765625,9314.0009765625,9328.0009765625,19383.0,292182.0,0.0,0.0,0.0,0.0,0.0,0.0,,9350.0009765625,0.0,above,0.1714163094708871,9377.0009765625,False,,9291.0009765625,2.0,below,0.46068133170300907,9348.0009765625,False,,9367.0009765625,49.0,above,0.3535461382837046,9526.0009765625,True,28.0,9031.0009765625,3.0,below,3.246196360604925,8885.0009765625,False,,0.0,0.0,0.0003743832022879672,29.0,NONE,0.005703345178315609,0.012792394589771897,0.005273351107501198,0.08942313813798936,0.0003743832022879672,0.010857112866351049,0.000501312958541611,0.0020585858474693186,0.0055549030851347325,9275.101869039328,0.5703345178315609,-0.05357333629939509,-0.3361288419378046,,27.0,1.0,1687.0,1715.0,2025-08-22 22:00:00,2025-08-27 10:00:00,9386.0009765625,9328.0009765625,29.0,-0.6179415508780539,-0.02130832934062255,26.0,-1.0,1654.0,1686.0,2025-08-19 22:00:00,2025-08-22 21:00:00,9098.0009765625,9196.0009765625,33.0,1.0771596997237065,0.0326412030219305,1085270.0,,37423.10344827586,,1114398.0,0.0,33769.63636363636,0.0,1.1081879308766738,,0.9738621210734405,,27.586206896551722,72.41379310344827,0.0,True,False,,,,,0.0,0.0,2025-08-26 09:00:00,9356.0009765625,2025-08-26 21:00:00,9326.0009765625,3.0,3.0,0.41222548839429035,24.188417245211316,3.0
AG:15m:1:-1:5758:5763:1,AG,4h,623.0,2025-08-27 02:30:00,525.0,1.0,1.0,BOS,1.0,9075.0009765625,129.0,CHoCH,1.0,9276.0009765625,9.0,8.0,1.0,2.0,0.0,active_bear_internal_ob,internal,-1.0,89.0,9371.0009765625,9447.0009765625,9409.0009765625,0.39640021565142647,active_bull_internal_ob,internal,1.0,9.0,9031.0009765625,9059.0009765625,9045.0009765625,2.9462178190308723,9347.0009765625,9348.0009765625,9323.0009765625,9326.0009765625,20646.0,300197.0,0.0,0.0,0.0,0.0,0.0,0.0,,9417.0009765625,3.0,above,0.8892221053802268,9276.0009765625,False,,9031.0009765625,13.0,below,3.246196360604925,9155.0009765625,False,,9526.0009765625,49.0,above,2.0569957136506454,9075.0009765625,False,,8885.0009765625,21.0,below,4.81037018452677,8563.0009765625,False,,0.0,0.0,0.00035337698140966873,38.0,NONE,0.013348222879164703,0.011691084498069675,0.0092482073218766,0.5711037093580337,0.00035337698140966873,0.013428325293567411,0.0016691161286701561,0.007052497309083083,0.008112450128213267,9203.155209632776,1.3348222879164702,-0.22467099396541457,-0.825128175677005,,11.0,1.0,586.0,623.0,2025-08-13 21:00:00,2025-08-27 00:00:00,9317.0009765625,9326.0009765625,38.0,0.09659760713387477,0.0025420422929967046,10.0,-1.0,546.0,585.0,2025-07-30 21:00:00,2025-08-13 13:30:00,9094.0009765625,9300.0009765625,40.0,2.2652295786080634,0.056630739465201585,3575215.0,,94084.6052631579,,4728118.0,0.0,118202.95,0.0,0.7959581826270655,,0.7561602734957122,,47.368421052631575,42.10526315789473,10.526315789473683,False,False,2025-08-20 21:00:00,9160.0009765625,2025-08-19 21:00:00,9092.0009765625,1.0,1.0,2025-08-20 21:00:00,9160.0009765625,2025-08-18 21:00:00,9233.0009765625,2.0,2.0,0.7910478556034369,50.82252282544941,
AG:15m:1:-1:5758:5763:2,AG,5m,17300.0,2025-08-27 11:30:00,0.0,-1.0,-1.0,CHoCH,-1.0,9314.0009765625,92.0,CHoCH,-1.0,9330.0009765625,11.0,39.0,6.0,17.0,3.0,active_bear_internal_ob,internal,-1.0,11.0,9333.0009765625,9341.0009765625,9337.0009765625,0.010715815423846602,current_internal_low,internal,0.0,5.0,9314.0009765625,9314.0009765625,9314.0009765625,0.19288467762923886,9331.0009765625,9335.0009765625,9330.0009765625,9332.0009765625,1429.0,290164.0,0.0,0.0,0.0,0.0,0.0,0.0,,9341.0009765625,14.0,above,0.09644233881461943,9348.0009765625,False,,9314.0009765625,5.0,below,0.19288467762923886,9330.0009765625,False,,9350.0009765625,7.0,above,0.19288467762923886,9380.0009765625,False,,9291.0009765625,42.0,below,0.4393484323777107,9314.0009765625,False,,-1.0,-1.0,-3.0955783635164894e-05,-93.0,DOWN_CONFIRMED,-0.00025953509781161284,-0.0012634514125459129,0.0011632175491765467,0.8059453445302134,-3.0955783635164894e-05,-0.0028788878780703353,-3.7064786558183016e-05,-0.00027714115879662327,-0.0006553722191342537,9334.423587101193,-0.025953509781161285,0.010716963833901083,-0.3839669456299036,,236.0,-1.0,17208.0,17300.0,2025-08-26 21:00:00,2025-08-27 11:25:00,9307.0009765625,9332.0009765625,93.0,0.26861499276680245,0.0028883332555570155,235.0,1.0,17188.0,17207.0,2025-08-26 11:20:00,2025-08-26 14:55:00,9369.0009765625,9354.0009765625,20.0,-0.16010244888995384,-0.008005122444497692,221174.0,,2378.2150537634407,,52296.0,0.0,2614.8,0.0,0.9095208252116569,,4.229271837234205,,30.107526881720432,51.61290322580645,18.27956989247312,False,True,2025-08-27 09:00:00,9344.0009765625,2025-08-27 09:05:00,9339.0009765625,2.0,2.0,2025-08-27 10:55:00,9328.0009765625,2025-08-27 09:55:00,9333.0009765625,11.0,10.0,0.9206666260577522,6.114341900606938,
AG:15m:1:-1:5758:5763:2,AG,15m,5766.0,2025-08-27 11:30:00,0.0,1.0,-1.0,CHoCH,1.0,9276.0009765625,100.0,CHoCH,-1.0,9323.0009765625,3.0,19.0,5.0,10.0,0.0,active_bear_internal_ob,internal,-1.0,3.0,9334.0009765625,9348.0009765625,9341.0009765625,0.021431630847693204,current_internal_low,internal,0.0,4.0,9323.0009765625,9323.0009765625,9323.0009765625,0.09644233881461943,9334.0009765625,9335.0009765625,9328.0009765625,9332.0009765625,3625.0,290164.0,0.0,0.0,0.0,0.0,0.0,0.0,,9348.0009765625,3.0,above,0.17145304678154563,9350.0009765625,False,,9323.0009765625,4.0,below,0.09644233881461943,9325.0009765625,True,3.0,9417.0009765625,37.0,above,0.9108443110269612,9276.0009765625,False,,9031.0009765625,134.0,below,3.2254604425778273,9155.0009765625,False,,0.0,0.0,-5.7550284811945834e-05,-31.0,NONE,-0.0015914525410290522,-0.0022894401986575776,0.0010466048134608191,0.7475841025290746,-5.7550284811945834e-05,-0.0017840588291703208,-0.0003286781862590349,-0.0005733879329098412,-0.000749068473600234,9346.876086260663,-0.15914525410290523,-0.02142703868386331,-0.2188071607510777,,82.0,-1.0,5736.0,5766.0,2025-08-26 21:00:00,2025-08-27 11:15:00,9307.0009765625,9332.0009765625,31.0,0.26861499276680245,0.008664999766671047,81.0,1.0,5666.0,5735.0,2025-08-22 22:00:00,2025-08-26 14:45:00,9311.0009765625,9354.0009765625,70.0,0.4618193050160757,0.0065974186430867955,221174.0,,7134.645161290323,,874074.0,0.0,12486.771428571428,0.0,0.5713762922708175,,0.25303807229136205,,0.0,93.54838709677419,6.451612903225806,True,True,,,,,0.0,0.0,2025-08-27 11:00:00,9334.0009765625,2025-08-27 10:30:00,9321.0009765625,5.0,4.0,0.4571444207516318,10.711288831882735,
AG:15m:1:-1:5758:5763:2,AG,1h,1716.0,2025-08-27 11:30:00,0.0,1.0,-1.0,BOS,1.0,9367.0009765625,29.0,CHoCH,-1.0,9348.0009765625,8.0,14.0,3.0,3.0,0.0,current_internal_high,internal,0.0,1.0,9350.0009765625,9350.0009765625,9350.0009765625,0.19288467762923886,current_internal_low,internal,0.0,3.0,9291.0009765625,9291.0009765625,9291.0009765625,0.4393484323777107,9327.0009765625,9335.0009765625,9326.0009765625,9332.0009765625,9978.0,290164.0,0.0,0.0,0.0,0.0,0.0,0.0,,9350.0009765625,1.0,above,0.19288467762923886,9377.0009765625,False,,9291.0009765625,3.0,below,0.4393484323777107,9348.0009765625,False,,9367.0009765625,50.0,above,0.3750535398346311,9526.0009765625,True,29.0,9031.0009765625,4.0,below,3.2254604425778273,8885.0009765625,False,,0.0,0.0,0.00036421682674347234,30.0,NONE,0.006065544277136484,0.012568166246017382,0.00532347283206134,0.11094838619997016,0.00036421682674347234,0.010926504802304171,0.000492012463048086,0.001887985283195226,0.004973408269542956,9275.738573541541,0.6065544277136484,0.04288164216588175,-0.6749175320386138,,27.0,1.0,1687.0,1716.0,2025-08-22 22:00:00,2025-08-27 11:00:00,9386.0009765625,9332.0009765625,30.0,-0.5753248921968157,-0.019177496406560524,26.0,-1.0,1654.0,1686.0,2025-08-19 22:00:00,2025-08-22 21:00:00,9098.0009765625,9196.0009765625,33.0,1.0771596997237065,0.0326412030219305,1095248.0,,36508.26666666667,,1114398.0,0.0,33769.63636363636,0.0,1.0810974176191992,,0.9828158341992718,,26.666666666666668,73.33333333333333,0.0,True,False,,,,,0.0,0.0,2025-08-26 09:00:00,9356.0009765625,2025-08-26 21:00:00,9326.0009765625,3.0,3.0,0.423567983415898,23.10353029912479,2.0
AG:15m:1:-1:5758:5763:2,AG,4h,624.0,2025-08-27 11:30:00,0.0,1.0,1.0,BOS,1.0,9075.0009765625,130.0,CHoCH,1.0,9276.0009765625,10.0,8.0,1.0,2.0,0.0,active_bear_internal_ob,internal,-1.0,90.0,9371.0009765625,9447.0009765625,9409.0009765625,0.4179168015300175,active_bull_internal_ob,internal,1.0,10.0,9031.0009765625,9059.0009765625,9045.0009765625,2.925417610710123,9343.0009765625,9348.0009765625,9314.0009765625,9332.0009765625,58992.0,290164.0,0.0,0.0,0.0,0.0,0.0,0.0,,9417.0009765625,4.0,above,0.9108443110269612,9276.0009765625,False,,9031.0009765625,14.0,below,3.2254604425778273,9155.0009765625,False,,9526.0009765625,50.0,above,2.078868192226241,9075.0009765625,False,,8885.0009765625,22.0,below,4.789969494459432,8563.0009765625,False,,0.0,0.0,0.00035201633146390106,39.0,NONE,0.013699781126231554,0.011742589539817416,0.009134390178710445,0.5848302847034844,0.00035201633146390106,0.013728636927092142,0.0018405549958788736,0.004707673210593288,0.00869521087650571,9205.882402573417,1.3699781126231554,0.06433625747068739,-0.37030355761930184,,11.0,1.0,586.0,624.0,2025-08-13 21:00:00,2025-08-27 09:00:00,9317.0009765625,9332.0009765625,39.0,0.1609960118898135,0.004128102868969577,10.0,-1.0,546.0,585.0,2025-07-30 21:00:00,2025-08-13 13:30:00,9094.0009765625,9300.0009765625,40.0,2.2652295786080634,0.056630739465201585,3634207.0,,93184.79487179487,,4728118.0,0.0,118202.95,0.0,0.7883457635515432,,0.7686371194627545,,48.717948717948715,41.02564102564102,10.256410256410255,False,False,2025-08-20 21:00:00,9160.0009765625,2025-08-19 21:00:00,9092.0009765625,1.0,1.0,2025-08-20 21:00:00,9160.0009765625,2025-08-18 21:00:00,9233.0009765625,2.0,2.0,0.7778855036818799,49.62091405220303,
AG:15m:1:-1:5758:5763:3,AG,5m,17362.0,2025-08-28 00:40:00,0.0,-1.0,1.0,BOS,-1.0,9291.0009765625,38.0,BOS,1.0,9314.0009765625,2.0,41.0,7.0,17.0,4.0,active_bear_internal_ob,internal,-1.0,57.0,9328.0009765625,9335.0009765625,9331.5009765625,0.021445419156895545,current_internal_high,internal,0.0,5.0,9314.0009765625,9314.0009765625,9314.0009765625,0.12867251494137327,9331.0009765625,9335.0009765625,9323.0009765625,9326.0009765625,4220.0,283653.0,0.0,0.0,0.0,0.0,0.0,0.0,,9314.0009765625,5.0,below,0.12867251494137327,9319.0009765625,True,2.0,9304.0009765625,0.0,below,0.23589961072585103,9302.0009765625,False,,9350.0009765625,69.0,above,0.25734502988274655,9380.0009765625,False,,9291.0009765625,104.0,below,0.37529483524567203,9314.0009765625,True,38.0,0.0,0.0,6.82415031079131e-05,2.0,NONE,0.006202364060282322,0.006594749470183479,0.0003923854099011578,0.15865525393145719,6.82415031079131e-05,0.0001364830062158262,,,,9268.514276720356,0.6202364060282322,-0.06429489254308196,0.7210860298386167,,237.0,1.0,17361.0,17362.0,2025-08-28 00:30:00,2025-08-28 00:35:00,9332.0009765625,9326.0009765625,2.0,-0.06429489254308196,-0.03214744627154098,236.0,-1.0,17208.0,17360.0,2025-08-26 21:00:00,2025-08-28 00:25:00,9307.0009765625,9315.0009765625,153.0,0.08595679768537146,0.0005618091351985063,10212.0,,5106.0,,432751.0,0.0,2828.4379084967322,0.0,1.8052367296667136,,0.0235978657472773,,100.0,0.0,0.0,False,False,,,,,0.0,0.0,,,,,0.0,0.0,0.05949966889193151,7.7346501881927,
AG:15m:1:-1:5758:5763:3,AG,15m,5786.0,2025-08-28 00:30:00,10.0,1.0,-1.0,CHoCH,1.0,9276.0009765625,120.0,CHoCH,-1.0,9323.0009765625,23.0,19.0,5.0,10.0,0.0,active_bear_internal_ob,internal,-1.0,23.0,9334.0009765625,9348.0009765625,9341.0009765625,0.08578167662758218,current_internal_low,internal,0.0,6.0,9255.0009765625,9255.0009765625,9255.0009765625,0.7613123800697918,9309.0009765625,9315.0009765625,9308.0009765625,9315.0009765625,3097.0,283811.0,0.0,0.0,0.0,0.0,0.0,0.0,,9348.0009765625,23.0,above,0.23589961072585103,9350.0009765625,False,,9255.0009765625,6.0,below,0.7613123800697918,9323.0009765625,False,,9417.0009765625,57.0,above,0.9757665716387472,9276.0009765625,False,,9031.0009765625,154.0,below,3.163199325642093,9155.0009765625,False,,-1.0,-1.0,-0.00021825764793689535,-51.0,DOWN_CONFIRMED,0.0060098193972768,-0.0009533170950453225,0.003100960159755536,0.9876312547899327,-0.00021825764793689535,-0.011131140044781662,0.00020465759266907746,0.0004091037138773679,-0.009363786762058623,9259.353931697533,0.60098193972768,0.07520411759329715,-1.0059116913450856,,82.0,-1.0,5736.0,5786.0,2025-08-26 21:00:00,2025-08-28 00:15:00,9307.0009765625,9315.0009765625,51.0,0.08595679768537146,0.0016854274055955187,81.0,1.0,5666.0,5735.0,2025-08-22 22:00:00,2025-08-26 14:45:00,9311.0009765625,9354.0009765625,70.0,0.4618193050160757,0.0065974186430867955,432751.0,,8485.313725490196,,874074.0,0.0,12486.771428571428,0.0,0.6795442500112275,,0.4950965250081801,,11.76470588235294,68.62745098039215,19.607843137254903,False,False,2025-08-27 21:30:00,9264.0009765625,,,1.0,0.0,2025-08-27 22:45:00,9297.0009765625,2025-08-27 13:30:00,9326.0009765625,6.0,5.0,3.2528108180081574,13.055060734545075,
AG:15m:1:-1:5758:5763:3,AG,1h,1721.0,2025-08-28 00:00:00,40.0,1.0,-1.0,BOS,1.0,9367.0009765625,34.0,BOS,-1.0,9291.0009765625,2.0,14.0,4.0,3.0,0.0,active_bear_internal_ob,internal,-1.0,2.0,9329.0009765625,9350.0009765625,9339.5009765625,0.03216812873534332,current_internal_low,internal,0.0,8.0,9291.0009765625,9291.0009765625,9291.0009765625,0.37529483524567203,9296.0009765625,9319.0009765625,9293.0009765625,9311.0009765625,38444.0,284151.0,0.0,0.0,0.0,0.0,0.0,0.0,,9350.0009765625,6.0,above,0.25734502988274655,9377.0009765625,False,,9291.0009765625,8.0,below,0.37529483524567203,9348.0009765625,True,2.0,9367.0009765625,55.0,above,0.4396310927163587,9526.0009765625,True,34.0,9031.0009765625,9.0,below,3.163199325642093,8885.0009765625,False,,0.0,0.0,0.00032367728978925924,35.0,NONE,0.003402366777052352,0.01112085161385314,0.0060987614369986225,0.10283132404675882,0.00032367728978925924,0.011328705142624074,0.0003978531954689224,0.0008900614072477886,0.0033355975982520825,9279.42895577336,0.3402366777052352,0.15058619478791613,0.5150214225398916,,27.0,1.0,1687.0,1721.0,2025-08-22 22:00:00,2025-08-27 23:00:00,9386.0009765625,9311.0009765625,35.0,-0.7990623502733496,-0.022830352864952847,26.0,-1.0,1654.0,1686.0,2025-08-19 22:00:00,2025-08-22 21:00:00,9098.0009765625,9196.0009765625,33.0,1.0771596997237065,0.0326412030219305,1301037.0,,37172.485714285714,,1114398.0,0.0,33769.63636363636,0.0,1.1007665381411567,,1.167479661664863,,22.857142857142858,62.857142857142854,14.285714285714285,True,False,2025-08-27 22:00:00,9297.0009765625,2025-08-27 21:00:00,9275.0009765625,1.0,1.0,2025-08-26 09:00:00,9356.0009765625,2025-08-26 21:00:00,9326.0009765625,3.0,3.0,0.5484077702647748,25.522273225726156,4.0
AG:15m:1:-1:5758:5763:3,AG,4h,626.0,2025-08-28 00:00:00,40.0,1.0,1.0,BOS,1.0,9075.0009765625,132.0,CHoCH,1.0,9276.0009765625,12.0,8.0,1.0,2.0,0.0,active_bear_internal_ob,internal,-1.0,92.0,9371.0009765625,9447.0009765625,9409.0009765625,0.48252193103014973,active_bull_internal_ob,internal,1.0,12.0,9031.0009765625,9059.0009765625,9045.0009765625,2.8629634574455554,9287.0,9319.0009765625,9255.0009765625,9311.0009765625,158008.0,284151.0,0.0,0.0,0.0,0.0,0.0,0.0,,9417.0009765625,6.0,above,0.9757665716387472,9276.0009765625,False,,9031.0009765625,16.0,below,3.163199325642093,9155.0009765625,False,,9526.0009765625,52.0,above,2.1445419156895547,9075.0009765625,False,,8885.0009765625,24.0,below,4.728714924095468,8563.0009765625,False,,0.0,0.0,0.00035313730248936077,41.0,NONE,0.010670900725732098,0.011687641465943595,0.008912126831314527,0.4545851730405433,0.00035313730248936077,0.014478629402063792,0.0018539709187079811,0.004159806266464283,0.009452172887049803,9212.693241565135,1.0670900725732098,0.06448145481243728,0.772197700588861,,11.0,1.0,586.0,626.0,2025-08-13 21:00:00,2025-08-27 21:00:00,9317.0009765625,9311.0009765625,41.0,-0.06439840475592762,-0.001570692798925064,10.0,-1.0,546.0,585.0,2025-07-30 21:00:00,2025-08-13 13:30:00,9094.0009765625,9300.0009765625,40.0,2.2652295786080634,0.056630739465201585,3839996.0,,93658.43902439025,,4728118.0,0.0,118202.95,0.0,0.792352805275928,,0.8121616254078261,,46.34146341463415,43.90243902439025,9.75609756097561,True,False,2025-08-20 21:00:00,9160.0009765625,2025-08-19 21:00:00,9092.0009765625,1.0,1.0,2025-08-20 21:00:00,9160.0009765625,2025-08-27 13:30:00,9305.0009765625,2.0,3.0,0.7625256864084521,49.346604463379144,
AG:15m:1:-1:5758:5763:4,AG,5m,17364.0,2025-08-28 00:50:00,0.0,-1.0,1.0,BOS,-1.0,9291.0009765625,40.0,BOS,1.0,9314.0009765625,4.0,41.0,7.0,17.0,4.0,active_bear_internal_ob,internal,-1.0,75.0,9333.0009765625,9341.0009765625,9337.0009765625,0.010715815423846602,current_internal_high,internal,0.0,7.0,9314.0009765625,9314.0009765625,9314.0009765625,0.19288467762923886,9327.0009765625,9334.0009765625,9324.0009765625,9332.0009765625,2330.0,284291.0,1.0,1.0,0.0,1.0,1.0,0.0,active_bear_internal_ob,9314.0009765625,7.0,below,0.19288467762923886,9319.0009765625,True,4.0,9304.0009765625,2.0,below,0.3000428318677049,9302.0009765625,False,,9350.0009765625,71.0,above,0.19288467762923886,9380.0009765625,False,,9291.0009765625,106.0,below,0.4393484323777107,9314.0009765625,True,40.0,0.0,0.0,7.178445678879264e-05,4.0,NONE,0.006698073782577488,0.006558407791154396,0.00030625679194966994,0.6758201487705509,7.178445678879264e-05,0.00028713782715517056,,,,9269.910432527546,0.6698073782577487,0.04288164216588175,-0.09375343109319025,,237.0,1.0,17361.0,17364.0,2025-08-28 00:30:00,2025-08-28 00:45:00,9332.0009765625,9332.0009765625,4.0,0.0,0.0,236.0,-1.0,17208.0,17360.0,2025-08-26 21:00:00,2025-08-28 00:25:00,9307.0009765625,9315.0009765625,153.0,0.08595679768537146,0.0005618091351985063,14715.0,,3678.75,,432751.0,0.0,2828.4379084967322,0.0,1.3006295768236236,,0.034003387629375784,,100.0,0.0,0.0,False,False,,,,,0.0,0.0,,,,,0.0,0.0,0.04669682058543714,7.78140756022738,
AG:15m:1:-1:5758:5763:4,AG,15m,5787.0,2025-08-28 00:45:00,5.0,1.0,-1.0,CHoCH,1.0,9276.0009765625,121.0,CHoCH,-1.0,9323.0009765625,24.0,19.0,5.0,10.0,0.0,active_bear_internal_ob,internal,-1.0,24.0,9334.0009765625,9348.0009765625,9341.0009765625,0.021431630847693204,current_internal_low,internal,0.0,7.0,9255.0009765625,9255.0009765625,9255.0009765625,0.8251177876361884,9314.0009765625,9335.0009765625,9313.0009765625,9328.0009765625,12385.0,284066.0,0.0,0.0,0.0,0.0,0.0,0.0,,9348.0009765625,24.0,above,0.17145304678154563,9350.0009765625,False,,9255.0009765625,7.0,below,0.8251177876361884,9323.0009765625,False,,9417.0009765625,58.0,above,0.9108443110269612,9276.0009765625,False,,9031.0009765625,155.0,below,3.2254604425778273,9155.0009765625,False,,-1.0,-1.0,-0.00021176253364131698,-52.0,DOWN_CONFIRMED,0.007292090606717345,-0.0007947515623191174,0.003273121775671382,0.9932572110013805,-0.00021176253364131698,-0.011011651749348483,0.00022978138875240361,0.0004889039689501828,-0.009146400524272735,9260.472770062168,0.7292090606717345,0.13955983507365488,0.2148484058557127,,82.0,-1.0,5736.0,5787.0,2025-08-26 21:00:00,2025-08-28 00:30:00,9307.0009765625,9328.0009765625,52.0,0.22563659392411672,0.004339165267771476,81.0,1.0,5666.0,5735.0,2025-08-22 22:00:00,2025-08-26 14:45:00,9311.0009765625,9354.0009765625,70.0,0.4618193050160757,0.0065974186430867955,445136.0,,8560.307692307691,,874074.0,0.0,12486.771428571428,0.0,0.6855501232865162,,0.5092658058699836,,13.461538461538462,67.3076923076923,19.230769230769234,False,False,2025-08-27 21:30:00,9264.0009765625,,,1.0,0.0,2025-08-27 22:45:00,9297.0009765625,2025-08-27 13:30:00,9326.0009765625,6.0,5.0,4.118421316619095,13.693984967791856,
AG:15m:1:-1:5758:5763:4,AG,1h,1721.0,2025-08-28 00:00:00,50.0,1.0,-1.0,BOS,1.0,9367.0009765625,34.0,BOS,-1.0,9291.0009765625,2.0,14.0,4.0,3.0,0.0,current_internal_high,internal,0.0,6.0,9350.0009765625,9350.0009765625,9350.0009765625,0.19288467762923886,current_internal_low,internal,0.0,8.0,9291.0009765625,9291.0009765625,9291.0009765625,0.4393484323777107,9296.0009765625,9319.0009765625,9293.0009765625,9311.0009765625,38444.0,284151.0,1.0,1.0,0.0,1.0,1.0,0.0,active_bear_internal_ob,9350.0009765625,6.0,above,0.19288467762923886,9377.0009765625,False,,9291.0009765625,8.0,below,0.4393484323777107,9348.0009765625,True,2.0,9367.0009765625,55.0,above,0.3750535398346311,9526.0009765625,True,34.0,9031.0009765625,9.0,below,3.2254604425778273,8885.0009765625,False,,0.0,0.0,0.00032367728978925924,35.0,NONE,0.003402366777052352,0.01112085161385314,0.0060987614369986225,0.10283132404675882,0.00032367728978925924,0.011328705142624074,0.0003978531954689224,0.0008900614072477886,0.0033355975982520825,9279.42895577336,0.3402366777052352,0.15058619478791613,0.5150214225398916,,27.0,1.0,1687.0,1721.0,2025-08-22 22:00:00,2025-08-27 23:00:00,9386.0009765625,9311.0009765625,35.0,-0.7990623502733496,-0.022830352864952847,26.0,-1.0,1654.0,1686.0,2025-08-19 22:00:00,2025-08-22 21:00:00,9098.0009765625,9196.0009765625,33.0,1.0771596997237065,0.0326412030219305,1301037.0,,37172.485714285714,,1114398.0,0.0,33769.63636363636,0.0,1.1007665381411567,,1.167479661664863,,22.857142857142858,62.857142857142854,14.285714285714285,True,False,2025-08-27 22:00:00,9297.0009765625,2025-08-27 21:00:00,9275.0009765625,1.0,1.0,2025-08-26 09:00:00,9356.0009765625,2025-08-26 21:00:00,9326.0009765625,3.0,3.0,0.5484077702647748,25.522273225726156,4.0
AG:15m:1:-1:5758:5763:4,AG,4h,626.0,2025-08-28 00:00:00,50.0,1.0,1.0,BOS,1.0,9075.0009765625,132.0,CHoCH,1.0,9276.0009765625,12.0,8.0,1.0,2.0,0.0,active_bear_internal_ob,internal,-1.0,92.0,9371.0009765625,9447.0009765625,9409.0009765625,0.4179168015300175,active_bull_internal_ob,internal,1.0,12.0,9031.0009765625,9059.0009765625,9045.0009765625,2.925417610710123,9287.0,9319.0009765625,9255.0009765625,9311.0009765625,158008.0,284151.0,0.0,0.0,0.0,0.0,0.0,0.0,,9417.0009765625,6.0,above,0.9108443110269612,9276.0009765625,False,,9031.0009765625,16.0,below,3.2254604425778273,9155.0009765625,False,,9526.0009765625,52.0,above,2.078868192226241,9075.0009765625,False,,8885.0009765625,24.0,below,4.789969494459432,8563.0009765625,False,,0.0,0.0,0.00035313730248936077,41.0,NONE,0.010670900725732098,0.011687641465943595,0.008912126831314527,0.4545851730405433,0.00035313730248936077,0.014478629402063792,0.0018539709187079811,0.004159806266464283,0.009452172887049803,9212.693241565135,1.0670900725732098,0.06448145481243728,0.772197700588861,,11.0,1.0,586.0,626.0,2025-08-13 21:00:00,2025-08-27 21:00:00,9317.0009765625,9311.0009765625,41.0,-0.06439840475592762,-0.001570692798925064,10.0,-1.0,546.0,585.0,2025-07-30 21:00:00,2025-08-13 13:30:00,9094.0009765625,9300.0009765625,40.0,2.2652295786080634,0.056630739465201585,3839996.0,,93658.43902439025,,4728118.0,0.0,118202.95,0.0,0.792352805275928,,0.8121616254078261,,46.34146341463415,43.90243902439025,9.75609756097561,True,False,2025-08-20 21:00:00,9160.0009765625,2025-08-19 21:00:00,9092.0009765625,1.0,1.0,2025-08-20 21:00:00,9160.0009765625,2025-08-27 13:30:00,9305.0009765625,2.0,3.0,0.7625256864084521,49.346604463379144,
