horizon,feature_set,model,quantile,feature,effect_kind,folds,mean_value,median_value,mean_abs_value,positive_share,sign_consistency
4,F1_DIRECTION,gbr_quantile,0.1,feat_15m_location_32,tree_importance,5,0.1790765495087967,0.16663090658399893,0.1790765495087967,,
4,F1_DIRECTION,gbr_quantile,0.1,feat_15m_ret_1,tree_importance,5,0.08865349476279331,0.08597757367240876,0.08865349476279331,,
4,F1_DIRECTION,gbr_quantile,0.1,feat_15m_ret_16,tree_importance,5,0.14075491882668106,0.16992061132020048,0.14075491882668106,,
4,F1_DIRECTION,gbr_quantile,0.1,feat_15m_ret_4,tree_importance,5,0.07914880297109163,0.07752933514424772,0.07914880297109163,,
4,F1_DIRECTION,gbr_quantile,0.1,feat_15m_ret_8,tree_importance,5,0.08838008934862063,0.09119988886633332,0.08838008934862063,,
4,F1_DIRECTION,gbr_quantile,0.1,feat_time_after_long_gap,tree_importance,5,0.0016920723930796897,0.0007350822429230547,0.0016920723930796897,,
4,F1_DIRECTION,gbr_quantile,0.1,feat_time_bars_since_segment_start,tree_importance,5,0.422294072188937,0.4273200692164583,0.422294072188937,,
4,F1_DIRECTION,gbr_quantile,0.5,feat_15m_location_32,tree_importance,5,0.1688150520452194,0.17949546994512017,0.1688150520452194,,
4,F1_DIRECTION,gbr_quantile,0.5,feat_15m_ret_1,tree_importance,5,0.1284642712567344,0.12116642508277775,0.1284642712567344,,
4,F1_DIRECTION,gbr_quantile,0.5,feat_15m_ret_16,tree_importance,5,0.20043889303443246,0.18154281521939045,0.20043889303443246,,
4,F1_DIRECTION,gbr_quantile,0.5,feat_15m_ret_4,tree_importance,5,0.13706740332421732,0.14619537586764014,0.13706740332421732,,
4,F1_DIRECTION,gbr_quantile,0.5,feat_15m_ret_8,tree_importance,5,0.23195235812165033,0.24077418293967726,0.23195235812165033,,
4,F1_DIRECTION,gbr_quantile,0.5,feat_time_after_long_gap,tree_importance,5,0.024913686139422454,0.01786031567217297,0.024913686139422454,,
4,F1_DIRECTION,gbr_quantile,0.5,feat_time_bars_since_segment_start,tree_importance,5,0.10834833607832366,0.10281670627258319,0.10834833607832366,,
4,F1_DIRECTION,gbr_quantile,0.9,feat_15m_location_32,tree_importance,5,0.174419483856694,0.1729163692939197,0.174419483856694,,
4,F1_DIRECTION,gbr_quantile,0.9,feat_15m_ret_1,tree_importance,5,0.09568098008149623,0.09403429494150435,0.09568098008149623,,
4,F1_DIRECTION,gbr_quantile,0.9,feat_15m_ret_16,tree_importance,5,0.14565527446788787,0.130143010362864,0.14565527446788787,,
4,F1_DIRECTION,gbr_quantile,0.9,feat_15m_ret_4,tree_importance,5,0.12644513783744102,0.12436187149873329,0.12644513783744102,,
4,F1_DIRECTION,gbr_quantile,0.9,feat_15m_ret_8,tree_importance,5,0.16689967340850836,0.14541840240622528,0.16689967340850836,,
4,F1_DIRECTION,gbr_quantile,0.9,feat_time_after_long_gap,tree_importance,5,0.004555137067494613,0.001681065475438936,0.004555137067494613,,
4,F1_DIRECTION,gbr_quantile,0.9,feat_time_bars_since_segment_start,tree_importance,5,0.2863443132804778,0.2905974491712605,0.2863443132804778,,
4,F1_DIRECTION,linear_qr,0.1,feat_15m_location_32,standardized_coefficient,5,0.0012194144368935663,0.0017093897258439205,0.0012194144368935663,1.0,1.0
4,F1_DIRECTION,linear_qr,0.1,feat_15m_ret_1,standardized_coefficient,5,6.0905626875649074e-05,-3.4418496747123465e-05,0.0001371277793456792,0.4,0.6
4,F1_DIRECTION,linear_qr,0.1,feat_15m_ret_16,standardized_coefficient,5,0.0008094162980222983,0.000810878818858117,0.0008097252031011066,0.8,0.8
4,F1_DIRECTION,linear_qr,0.1,feat_15m_ret_4,standardized_coefficient,5,-0.0004655013811456682,-0.0006615898703439851,0.0005480015448284086,0.2,0.8
4,F1_DIRECTION,linear_qr,0.1,feat_15m_ret_8,standardized_coefficient,5,-0.00021157978088822896,-5.109736521049253e-05,0.00028087008541439286,0.4,0.6
4,F1_DIRECTION,linear_qr,0.1,feat_time_after_long_gap,standardized_coefficient,5,-0.0006065365326669259,-0.00026850318703643204,0.0006065365326669259,0.0,1.0
4,F1_DIRECTION,linear_qr,0.1,feat_time_bars_since_segment_start,standardized_coefficient,5,-0.0003854105319355572,-0.00025439867933167514,0.0003854105319355572,0.0,1.0
4,F1_DIRECTION,linear_qr,0.5,feat_15m_location_32,standardized_coefficient,5,5.833394825596355e-05,4.305105716576997e-05,7.445962446987479e-05,0.8,0.8
4,F1_DIRECTION,linear_qr,0.5,feat_15m_ret_1,standardized_coefficient,5,0.0001247888639071361,7.263600325409078e-05,0.00013133481086232733,0.8,0.8
4,F1_DIRECTION,linear_qr,0.5,feat_15m_ret_16,standardized_coefficient,5,-0.0002176007199895978,-0.0003576454188719943,0.00029598467796217685,0.4,0.6
4,F1_DIRECTION,linear_qr,0.5,feat_15m_ret_4,standardized_coefficient,5,-0.00040217639887264083,-0.00031911454058852653,0.00040217639887264083,0.0,1.0
4,F1_DIRECTION,linear_qr,0.5,feat_15m_ret_8,standardized_coefficient,5,0.0005807845071720808,0.0005687967258866937,0.0005807845071720808,1.0,1.0
4,F1_DIRECTION,linear_qr,0.5,feat_time_after_long_gap,standardized_coefficient,5,-0.0005501167568800825,-0.0005302620901480302,0.0005501167568800825,0.0,1.0
4,F1_DIRECTION,linear_qr,0.5,feat_time_bars_since_segment_start,standardized_coefficient,5,0.0001041362498442379,-6.421565773350543e-05,0.00022380813859458832,0.4,0.6
4,F1_DIRECTION,linear_qr,0.9,feat_15m_location_32,standardized_coefficient,5,0.001277457583550762,0.001417129211616227,0.001277457583550762,1.0,1.0
4,F1_DIRECTION,linear_qr,0.9,feat_15m_ret_1,standardized_coefficient,5,-0.0007697826557624913,-0.0007575206090882647,0.0007697826557624913,0.0,1.0
4,F1_DIRECTION,linear_qr,0.9,feat_15m_ret_16,standardized_coefficient,5,-0.0013056113140259497,-0.001811479317681232,0.0015135292023936975,0.2,0.8
4,F1_DIRECTION,linear_qr,0.9,feat_15m_ret_4,standardized_coefficient,5,0.00042798338401773395,0.000618991414137928,0.0006016774690703129,0.8,0.8
4,F1_DIRECTION,linear_qr,0.9,feat_15m_ret_8,standardized_coefficient,5,0.0005413874534941911,0.000660640755258153,0.0005413874534941911,1.0,1.0
4,F1_DIRECTION,linear_qr,0.9,feat_time_after_long_gap,standardized_coefficient,5,-0.0001640335180142051,-0.00014544429799691604,0.00017987460194778736,0.2,0.8
4,F1_DIRECTION,linear_qr,0.9,feat_time_bars_since_segment_start,standardized_coefficient,5,-0.0008042026159676994,-0.0008684442168967049,0.0008042026159676994,0.0,1.0
4,F2_ACTIVITY,gbr_quantile,0.1,feat_15m_location_32,tree_importance,5,0.13471244555599998,0.11787630480072206,0.13471244555599998,,
4,F2_ACTIVITY,gbr_quantile,0.1,feat_15m_oi_log_change_4,tree_importance,5,0.0898920555469168,0.08832619912224826,0.0898920555469168,,
4,F2_ACTIVITY,gbr_quantile,0.1,feat_15m_ret_1,tree_importance,5,0.0450401140560567,0.04063633009639015,0.0450401140560567,,
4,F2_ACTIVITY,gbr_quantile,0.1,feat_15m_ret_16,tree_importance,5,0.11793399595692948,0.14356982868676518,0.11793399595692948,,
4,F2_ACTIVITY,gbr_quantile,0.1,feat_15m_ret_4,tree_importance,5,0.062246585708776815,0.05360560210284921,0.062246585708776815,,
4,F2_ACTIVITY,gbr_quantile,0.1,feat_15m_ret_8,tree_importance,5,0.0733030700390473,0.06797620485791903,0.0733030700390473,,
4,F2_ACTIVITY,gbr_quantile,0.1,feat_15m_volume_ratio_32,tree_importance,5,0.14398737597104555,0.14346712269124953,0.14398737597104555,,
4,F2_ACTIVITY,gbr_quantile,0.1,feat_time_after_long_gap,tree_importance,5,0.0,0.0,0.0,,
4,F2_ACTIVITY,gbr_quantile,0.1,feat_time_bars_since_segment_start,tree_importance,5,0.33288435716522735,0.32947961012525745,0.33288435716522735,,
4,F2_ACTIVITY,gbr_quantile,0.5,feat_15m_location_32,tree_importance,5,0.1316311858269446,0.15214069057676374,0.1316311858269446,,
4,F2_ACTIVITY,gbr_quantile,0.5,feat_15m_oi_log_change_4,tree_importance,5,0.1814869937046335,0.16528029871661784,0.1814869937046335,,
4,F2_ACTIVITY,gbr_quantile,0.5,feat_15m_ret_1,tree_importance,5,0.0696997543894065,0.07022028670910468,0.0696997543894065,,
4,F2_ACTIVITY,gbr_quantile,0.5,feat_15m_ret_16,tree_importance,5,0.15352180683845731,0.1497831612189014,0.15352180683845731,,
4,F2_ACTIVITY,gbr_quantile,0.5,feat_15m_ret_4,tree_importance,5,0.10252665113206987,0.10539061947959139,0.10252665113206987,,
4,F2_ACTIVITY,gbr_quantile,0.5,feat_15m_ret_8,tree_importance,5,0.1748268216130552,0.18027881957925607,0.1748268216130552,,
4,F2_ACTIVITY,gbr_quantile,0.5,feat_15m_volume_ratio_32,tree_importance,5,0.0925888240249874,0.08821784030349032,0.0925888240249874,,
4,F2_ACTIVITY,gbr_quantile,0.5,feat_time_after_long_gap,tree_importance,5,0.01879820275911869,0.02117787327598003,0.01879820275911869,,
4,F2_ACTIVITY,gbr_quantile,0.5,feat_time_bars_since_segment_start,tree_importance,5,0.07491975971132683,0.08357801083587456,0.07491975971132683,,
4,F2_ACTIVITY,gbr_quantile,0.9,feat_15m_location_32,tree_importance,5,0.10071509247006069,0.09650300226826354,0.10071509247006069,,
4,F2_ACTIVITY,gbr_quantile,0.9,feat_15m_oi_log_change_4,tree_importance,5,0.17750753410007633,0.1731781061275464,0.17750753410007633,,
4,F2_ACTIVITY,gbr_quantile,0.9,feat_15m_ret_1,tree_importance,5,0.042054611646415295,0.041511454661675044,0.042054611646415295,,
4,F2_ACTIVITY,gbr_quantile,0.9,feat_15m_ret_16,tree_importance,5,0.10848445322214975,0.10075871075196859,0.10848445322214975,,
4,F2_ACTIVITY,gbr_quantile,0.9,feat_15m_ret_4,tree_importance,5,0.0744362910405679,0.058906500573076524,0.0744362910405679,,
4,F2_ACTIVITY,gbr_quantile,0.9,feat_15m_ret_8,tree_importance,5,0.1395358635648053,0.11906508439993956,0.1395358635648053,,
4,F2_ACTIVITY,gbr_quantile,0.9,feat_15m_volume_ratio_32,tree_importance,5,0.12724076166167742,0.121109859882671,0.12724076166167742,,
4,F2_ACTIVITY,gbr_quantile,0.9,feat_time_after_long_gap,tree_importance,5,0.003072224945986382,0.0014610545082225283,0.003072224945986382,,
4,F2_ACTIVITY,gbr_quantile,0.9,feat_time_bars_since_segment_start,tree_importance,5,0.22695316734826093,0.21740235289425014,0.22695316734826093,,
4,F2_ACTIVITY,linear_qr,0.1,feat_15m_location_32,standardized_coefficient,5,0.0011130174052663244,0.001594251791889207,0.0011146552441330016,0.8,0.8
4,F2_ACTIVITY,linear_qr,0.1,feat_15m_oi_log_change_4,standardized_coefficient,5,-0.0004323788083133269,-0.0004238119604138469,0.0004323788083133269,0.0,1.0
4,F2_ACTIVITY,linear_qr,0.1,feat_15m_ret_1,standardized_coefficient,5,8.606611769065984e-05,8.729939383677362e-05,0.00016123054257292517,0.6,0.6
4,F2_ACTIVITY,linear_qr,0.1,feat_15m_ret_16,standardized_coefficient,5,0.0009049485060135624,0.0008652358220841188,0.0009049485060135624,1.0,1.0
4,F2_ACTIVITY,linear_qr,0.1,feat_15m_ret_4,standardized_coefficient,5,-0.0006018687998469594,-0.0007013711052824181,0.0006018687998469594,0.0,1.0
4,F2_ACTIVITY,linear_qr,0.1,feat_15m_ret_8,standardized_coefficient,5,4.7304264663261955e-05,0.0001598824582523253,0.0003271563166710145,0.8,0.8
4,F2_ACTIVITY,linear_qr,0.1,feat_15m_volume_ratio_32,standardized_coefficient,5,-0.0002352615770083227,-0.0001266432644642932,0.0002352615770083227,0.0,1.0
4,F2_ACTIVITY,linear_qr,0.1,feat_time_after_long_gap,standardized_coefficient,5,-0.0006604021198246856,-0.0003864479381338489,0.0006604021198246856,0.0,1.0
4,F2_ACTIVITY,linear_qr,0.1,feat_time_bars_since_segment_start,standardized_coefficient,5,-0.0005572947776187093,-0.00044691106762784026,0.0005572947776187093,0.0,1.0
4,F2_ACTIVITY,linear_qr,0.5,feat_15m_location_32,standardized_coefficient,5,5.5602456741425416e-05,4.082535917028169e-05,0.00010175340992630106,0.6,0.6
4,F2_ACTIVITY,linear_qr,0.5,feat_15m_oi_log_change_4,standardized_coefficient,5,-0.0003861487125820979,-0.0003943444853683563,0.0003861487125820979,0.0,1.0
4,F2_ACTIVITY,linear_qr,0.5,feat_15m_ret_1,standardized_coefficient,5,0.00018626117851689933,0.00014022148830072863,0.00018626117851689933,1.0,1.0
4,F2_ACTIVITY,linear_qr,0.5,feat_15m_ret_16,standardized_coefficient,5,-0.0002249047808264533,-0.00038119040938812973,0.00031762285895283165,0.4,0.6
4,F2_ACTIVITY,linear_qr,0.5,feat_15m_ret_4,standardized_coefficient,5,-0.00040861181047300107,-0.00033144861948485065,0.00040861181047300107,0.0,1.0
4,F2_ACTIVITY,linear_qr,0.5,feat_15m_ret_8,standardized_coefficient,5,0.0005866914480828703,0.0005134684547755993,0.0005866914480828703,1.0,1.0
4,F2_ACTIVITY,linear_qr,0.5,feat_15m_volume_ratio_32,standardized_coefficient,5,4.150985736809551e-05,-1.631239982374205e-05,7.755948177828528e-05,0.4,0.6
4,F2_ACTIVITY,linear_qr,0.5,feat_time_after_long_gap,standardized_coefficient,5,-0.0005773500634762569,-0.0005671294108146274,0.0005773500634762569,0.0,1.0
4,F2_ACTIVITY,linear_qr,0.5,feat_time_bars_since_segment_start,standardized_coefficient,5,6.453332938156438e-05,2.5108454003832285e-05,0.0002037409953614172,0.6,0.6
4,F2_ACTIVITY,linear_qr,0.9,feat_15m_location_32,standardized_coefficient,5,0.001251420957516889,0.0013027488724556323,0.001251420957516889,1.0,1.0
4,F2_ACTIVITY,linear_qr,0.9,feat_15m_oi_log_change_4,standardized_coefficient,5,-0.0004965507105946316,-0.0008607048972469341,0.0005500189988309307,0.4,0.6
4,F2_ACTIVITY,linear_qr,0.9,feat_15m_ret_1,standardized_coefficient,5,-0.000681076043404971,-0.0007438732962092082,0.000681076043404971,0.0,1.0
4,F2_ACTIVITY,linear_qr,0.9,feat_15m_ret_16,standardized_coefficient,5,-0.0014691072622504979,-0.0019855781524456126,0.0015811214472641604,0.2,0.8
4,F2_ACTIVITY,linear_qr,0.9,feat_15m_ret_4,standardized_coefficient,5,0.0003827317566381872,0.0005890947790380879,0.0006105911440217107,0.8,0.8
4,F2_ACTIVITY,linear_qr,0.9,feat_15m_ret_8,standardized_coefficient,5,0.0007065813564037877,0.0009672412514887039,0.0007065813564037877,1.0,1.0
4,F2_ACTIVITY,linear_qr,0.9,feat_15m_volume_ratio_32,standardized_coefficient,5,-0.0005443805292243747,-0.0006092281035736141,0.0005443805292243747,0.0,1.0
4,F2_ACTIVITY,linear_qr,0.9,feat_time_after_long_gap,standardized_coefficient,5,-0.00023737023594120176,-0.0002319389271848955,0.00028451270755751486,0.2,0.8
4,F2_ACTIVITY,linear_qr,0.9,feat_time_bars_since_segment_start,standardized_coefficient,5,-0.0011890515837587772,-0.0012571293319517923,0.0011890515837587772,0.0,1.0
4,F3_VOL,gbr_quantile,0.1,feat_15m_location_32,tree_importance,5,0.1151292970417916,0.10549292502684249,0.1151292970417916,,
4,F3_VOL,gbr_quantile,0.1,feat_15m_oi_log_change_4,tree_importance,5,0.08213528023882094,0.06324885994458751,0.08213528023882094,,
4,F3_VOL,gbr_quantile,0.1,feat_15m_ret_1,tree_importance,5,0.027186928461410426,0.024906853063333925,0.027186928461410426,,
4,F3_VOL,gbr_quantile,0.1,feat_15m_ret_16,tree_importance,5,0.068924098477963,0.07482656505262787,0.068924098477963,,
4,F3_VOL,gbr_quantile,0.1,feat_15m_ret_4,tree_importance,5,0.045103717402499265,0.03658397166167005,0.045103717402499265,,
4,F3_VOL,gbr_quantile,0.1,feat_15m_ret_8,tree_importance,5,0.06522444786825429,0.07252753505953032,0.06522444786825429,,
4,F3_VOL,gbr_quantile,0.1,feat_15m_volume_ratio_32,tree_importance,5,0.10087293165062405,0.0890787257037135,0.10087293165062405,,
4,F3_VOL,gbr_quantile,0.1,feat_5m_1h_rv,tree_importance,5,0.08420623696122964,0.07920962266280997,0.08420623696122964,,
4,F3_VOL,gbr_quantile,0.1,feat_5m_rv_rate_ratio_1h_4h,tree_importance,5,0.10403861143506488,0.10835625434880228,0.10403861143506488,,
4,F3_VOL,gbr_quantile,0.1,feat_time_after_long_gap,tree_importance,5,0.0,0.0,0.0,,
4,F3_VOL,gbr_quantile,0.1,feat_time_bars_since_segment_start,tree_importance,5,0.3071784504623419,0.30971287850405155,0.3071784504623419,,
4,F3_VOL,gbr_quantile,0.5,feat_15m_location_32,tree_importance,5,0.08947038285501557,0.10137300446946,0.08947038285501557,,
4,F3_VOL,gbr_quantile,0.5,feat_15m_oi_log_change_4,tree_importance,5,0.12900327207511522,0.1359824541532407,0.12900327207511522,,
4,F3_VOL,gbr_quantile,0.5,feat_15m_ret_1,tree_importance,5,0.05810035439810888,0.05434313213272758,0.05810035439810888,,
4,F3_VOL,gbr_quantile,0.5,feat_15m_ret_16,tree_importance,5,0.10405520379082714,0.10824526162915721,0.10405520379082714,,
4,F3_VOL,gbr_quantile,0.5,feat_15m_ret_4,tree_importance,5,0.07412528814866928,0.07453856741157877,0.07412528814866928,,
4,F3_VOL,gbr_quantile,0.5,feat_15m_ret_8,tree_importance,5,0.1353192963432457,0.14303629740195345,0.1353192963432457,,
4,F3_VOL,gbr_quantile,0.5,feat_15m_volume_ratio_32,tree_importance,5,0.07093239906955576,0.07196016665739915,0.07093239906955576,,
4,F3_VOL,gbr_quantile,0.5,feat_5m_1h_rv,tree_importance,5,0.11092036845047207,0.12694631438386114,0.11092036845047207,,
4,F3_VOL,gbr_quantile,0.5,feat_5m_rv_rate_ratio_1h_4h,tree_importance,5,0.1613352954795814,0.15078112713819997,0.1613352954795814,,
4,F3_VOL,gbr_quantile,0.5,feat_time_after_long_gap,tree_importance,5,0.015416685923913029,0.015008416495876298,0.015416685923913029,,
4,F3_VOL,gbr_quantile,0.5,feat_time_bars_since_segment_start,tree_importance,5,0.05132145346549599,0.04738707566148517,0.05132145346549599,,
4,F3_VOL,gbr_quantile,0.9,feat_15m_location_32,tree_importance,5,0.07533720540988176,0.08116497656664863,0.07533720540988176,,
4,F3_VOL,gbr_quantile,0.9,feat_15m_oi_log_change_4,tree_importance,5,0.1362805642284651,0.1369610926369198,0.1362805642284651,,
4,F3_VOL,gbr_quantile,0.9,feat_15m_ret_1,tree_importance,5,0.019750734653928986,0.017288145135137465,0.019750734653928986,,
4,F3_VOL,gbr_quantile,0.9,feat_15m_ret_16,tree_importance,5,0.06214806462884774,0.05793166952858523,0.06214806462884774,,
4,F3_VOL,gbr_quantile,0.9,feat_15m_ret_4,tree_importance,5,0.05891535604551094,0.06122066011017007,0.05891535604551094,,
4,F3_VOL,gbr_quantile,0.9,feat_15m_ret_8,tree_importance,5,0.10420770023169093,0.08637231252267091,0.10420770023169093,,
4,F3_VOL,gbr_quantile,0.9,feat_15m_volume_ratio_32,tree_importance,5,0.07679851386018294,0.08068038953549365,0.07679851386018294,,
4,F3_VOL,gbr_quantile,0.9,feat_5m_1h_rv,tree_importance,5,0.11575265338457583,0.09947855545477381,0.11575265338457583,,
4,F3_VOL,gbr_quantile,0.9,feat_5m_rv_rate_ratio_1h_4h,tree_importance,5,0.1560688224426032,0.14980953721377568,0.1560688224426032,,
4,F3_VOL,gbr_quantile,0.9,feat_time_after_long_gap,tree_importance,5,0.0014576336890741706,0.0,0.0014576336890741706,,
4,F3_VOL,gbr_quantile,0.9,feat_time_bars_since_segment_start,tree_importance,5,0.19328275142523837,0.17617761602150947,0.19328275142523837,,
4,F3_VOL,linear_qr,0.1,feat_15m_location_32,standardized_coefficient,5,0.0011930368930254186,0.0013778022618172801,0.0011930368930254186,1.0,1.0
4,F3_VOL,linear_qr,0.1,feat_15m_oi_log_change_4,standardized_coefficient,5,-0.0003616145539846628,-0.00038106723311828793,0.0003616145539846628,0.0,1.0
4,F3_VOL,linear_qr,0.1,feat_15m_ret_1,standardized_coefficient,5,4.311181302099559e-05,9.274912503640097e-05,0.00012610183907182715,0.8,0.8
4,F3_VOL,linear_qr,0.1,feat_15m_ret_16,standardized_coefficient,5,0.0005462800073856775,0.0004541167830609792,0.0006276354365564002,0.8,0.8
4,F3_VOL,linear_qr,0.1,feat_15m_ret_4,standardized_coefficient,5,-0.0003674024669773761,-0.00046577252398129145,0.00039087935087491426,0.2,0.8
4,F3_VOL,linear_qr,0.1,feat_15m_ret_8,standardized_coefficient,5,0.0002524145206822308,0.000487524948938322,0.0005837937977525999,0.8,0.8
4,F3_VOL,linear_qr,0.1,feat_15m_volume_ratio_32,standardized_coefficient,5,0.00026713031424644275,0.00035746927666348044,0.00027033408196122893,0.8,0.8
4,F3_VOL,linear_qr,0.1,feat_5m_1h_rv,standardized_coefficient,5,-0.0004059820100796757,-0.00041557709318998013,0.0005044410227245713,0.2,0.8
4,F3_VOL,linear_qr,0.1,feat_5m_rv_rate_ratio_1h_4h,standardized_coefficient,5,-0.0010277145467489713,-0.0010743959701082714,0.0010277145467489713,0.0,1.0
4,F3_VOL,linear_qr,0.1,feat_time_after_long_gap,standardized_coefficient,5,-0.0007241111790539209,-0.00041044828951498875,0.0007241111790539209,0.0,1.0
4,F3_VOL,linear_qr,0.1,feat_time_bars_since_segment_start,standardized_coefficient,5,-0.0007767932646015831,-0.0008918540932157835,0.0007767932646015831,0.0,1.0
4,F3_VOL,linear_qr,0.5,feat_15m_location_32,standardized_coefficient,5,2.501918177514973e-05,-2.6531438331944106e-05,0.00015805792683402703,0.4,0.6
4,F3_VOL,linear_qr,0.5,feat_15m_oi_log_change_4,standardized_coefficient,5,-0.0004045038808140618,-0.0004319384211877375,0.0004045038808140618,0.0,1.0
4,F3_VOL,linear_qr,0.5,feat_15m_ret_1,standardized_coefficient,5,0.00018581624841315598,0.00015632322809617697,0.00018581624841315598,1.0,1.0
4,F3_VOL,linear_qr,0.5,feat_15m_ret_16,standardized_coefficient,5,-0.00019427898589360264,-0.00035348842418886497,0.00039475244860877047,0.4,0.6
4,F3_VOL,linear_qr,0.5,feat_15m_ret_4,standardized_coefficient,5,-0.0005676120158651761,-0.0004734149891967796,0.0005676120158651761,0.0,1.0
4,F3_VOL,linear_qr,0.5,feat_15m_ret_8,standardized_coefficient,5,0.0006421034276578262,0.0005831753489529955,0.0006421034276578262,1.0,1.0
4,F3_VOL,linear_qr,0.5,feat_15m_volume_ratio_32,standardized_coefficient,5,0.0002869158555261887,0.00033822377444571954,0.0002869158555261887,1.0,1.0
4,F3_VOL,linear_qr,0.5,feat_5m_1h_rv,standardized_coefficient,5,6.032128791871776e-05,7.784570080618501e-05,8.275816057953796e-05,0.6,0.6
4,F3_VOL,linear_qr,0.5,feat_5m_rv_rate_ratio_1h_4h,standardized_coefficient,5,-0.0006543648163802286,-0.0005699905807590798,0.0006543648163802286,0.0,1.0
4,F3_VOL,linear_qr,0.5,feat_time_after_long_gap,standardized_coefficient,5,-0.0005008050408872553,-0.0005202830408051773,0.0005008050408872553,0.0,1.0
4,F3_VOL,linear_qr,0.5,feat_time_bars_since_segment_start,standardized_coefficient,5,-0.00010287783333050372,-0.0001135118224428993,0.00021408837941364647,0.2,0.8
4,F3_VOL,linear_qr,0.9,feat_15m_location_32,standardized_coefficient,5,0.0011385921877269608,0.0010966775714965308,0.0011385921877269608,1.0,1.0
4,F3_VOL,linear_qr,0.9,feat_15m_oi_log_change_4,standardized_coefficient,5,-0.0005272494076248972,-0.000751166834946608,0.0005838553069591765,0.4,0.6
4,F3_VOL,linear_qr,0.9,feat_15m_ret_1,standardized_coefficient,5,-0.0007022295209298615,-0.0006246352479302185,0.0007022295209298615,0.0,1.0
4,F3_VOL,linear_qr,0.9,feat_15m_ret_16,standardized_coefficient,5,-0.0012675956467480033,-0.0019359901335535509,0.001509732042263191,0.2,0.8
4,F3_VOL,linear_qr,0.9,feat_15m_ret_4,standardized_coefficient,5,0.00037333351889150333,0.0005224421892177653,0.0005517497168994496,0.8,0.8
4,F3_VOL,linear_qr,0.9,feat_15m_ret_8,standardized_coefficient,5,0.000520332830776962,0.0005015747920464923,0.0005265747485041073,0.8,0.8
4,F3_VOL,linear_qr,0.9,feat_15m_volume_ratio_32,standardized_coefficient,5,-0.0004256500804321769,-0.000580188537728244,0.0004900705216141249,0.2,0.8
4,F3_VOL,linear_qr,0.9,feat_5m_1h_rv,standardized_coefficient,5,0.0006679433726601109,0.000587681225266805,0.0006679433726601109,1.0,1.0
4,F3_VOL,linear_qr,0.9,feat_5m_rv_rate_ratio_1h_4h,standardized_coefficient,5,-0.0007133879898424543,-0.000862481002923435,0.0007133879898424543,0.0,1.0
4,F3_VOL,linear_qr,0.9,feat_time_after_long_gap,standardized_coefficient,5,-0.0003045443654803617,-0.00029896386065889275,0.00031806968099230094,0.2,0.8
4,F3_VOL,linear_qr,0.9,feat_time_bars_since_segment_start,standardized_coefficient,5,-0.0012775512936889924,-0.0012548797673979713,0.0012775512936889924,0.0,1.0
4,F4_TAIL,gbr_quantile,0.1,feat_15m_location_32,tree_importance,5,0.08717826773879431,0.08380207295138029,0.08717826773879431,,
4,F4_TAIL,gbr_quantile,0.1,feat_15m_oi_log_change_4,tree_importance,5,0.06195457856239064,0.04747339983439559,0.06195457856239064,,
4,F4_TAIL,gbr_quantile,0.1,feat_15m_ret_1,tree_importance,5,0.019941510903322388,0.020487624607151773,0.019941510903322388,,
4,F4_TAIL,gbr_quantile,0.1,feat_15m_ret_16,tree_importance,5,0.027364038652282013,0.023400874208360265,0.027364038652282013,,
4,F4_TAIL,gbr_quantile,0.1,feat_15m_ret_4,tree_importance,5,0.026970706843889906,0.029476994261351516,0.026970706843889906,,
4,F4_TAIL,gbr_quantile,0.1,feat_15m_ret_8,tree_importance,5,0.05234249015333806,0.06441851307509042,0.05234249015333806,,
4,F4_TAIL,gbr_quantile,0.1,feat_15m_volume_ratio_32,tree_importance,5,0.09603360270293079,0.08505160697366652,0.09603360270293079,,
4,F4_TAIL,gbr_quantile,0.1,feat_5m_1h_jump_share,tree_importance,5,0.06045776310160984,0.055267951761029686,0.06045776310160984,,
4,F4_TAIL,gbr_quantile,0.1,feat_5m_1h_rv,tree_importance,5,0.0736742684287182,0.06956357043957365,0.0736742684287182,,
4,F4_TAIL,gbr_quantile,0.1,feat_5m_4h_neg_semivar_share,tree_importance,5,0.12901198617133341,0.12455669299838645,0.12901198617133341,,
4,F4_TAIL,gbr_quantile,0.1,feat_5m_rv_rate_ratio_1h_4h,tree_importance,5,0.08614650465089654,0.08561873110363775,0.08614650465089654,,
4,F4_TAIL,gbr_quantile,0.1,feat_time_after_long_gap,tree_importance,5,0.0004906770597167805,0.0,0.0004906770597167805,,
4,F4_TAIL,gbr_quantile,0.1,feat_time_bars_since_segment_start,tree_importance,5,0.2784336050307771,0.28539972902062777,0.2784336050307771,,
4,F4_TAIL,gbr_quantile,0.5,feat_15m_location_32,tree_importance,5,0.06488361759886643,0.06920725340094444,0.06488361759886643,,
4,F4_TAIL,gbr_quantile,0.5,feat_15m_oi_log_change_4,tree_importance,5,0.10915080464286157,0.10241388302314931,0.10915080464286157,,
4,F4_TAIL,gbr_quantile,0.5,feat_15m_ret_1,tree_importance,5,0.04246509325827471,0.04073547039705944,0.04246509325827471,,
4,F4_TAIL,gbr_quantile,0.5,feat_15m_ret_16,tree_importance,5,0.1039348072527072,0.10227716941108995,0.1039348072527072,,
4,F4_TAIL,gbr_quantile,0.5,feat_15m_ret_4,tree_importance,5,0.05270088994952179,0.05213538529700936,0.05270088994952179,,
4,F4_TAIL,gbr_quantile,0.5,feat_15m_ret_8,tree_importance,5,0.08271753994052758,0.09327208239187783,0.08271753994052758,,
4,F4_TAIL,gbr_quantile,0.5,feat_15m_volume_ratio_32,tree_importance,5,0.04721304358917705,0.048943814540836766,0.04721304358917705,,
4,F4_TAIL,gbr_quantile,0.5,feat_5m_1h_jump_share,tree_importance,5,0.07838058052015769,0.08520283225427798,0.07838058052015769,,
4,F4_TAIL,gbr_quantile,0.5,feat_5m_1h_rv,tree_importance,5,0.07005826828585494,0.07429212642461054,0.07005826828585494,,
4,F4_TAIL,gbr_quantile,0.5,feat_5m_4h_neg_semivar_share,tree_importance,5,0.1814207304119497,0.19893674126646196,0.1814207304119497,,
4,F4_TAIL,gbr_quantile,0.5,feat_5m_rv_rate_ratio_1h_4h,tree_importance,5,0.11288886908084753,0.10265282478994367,0.11288886908084753,,
4,F4_TAIL,gbr_quantile,0.5,feat_time_after_long_gap,tree_importance,5,0.006270532352157956,0.005299593064640367,0.006270532352157956,,
4,F4_TAIL,gbr_quantile,0.5,feat_time_bars_since_segment_start,tree_importance,5,0.04791522311709588,0.056434057447479036,0.04791522311709588,,
4,F4_TAIL,gbr_quantile,0.9,feat_15m_location_32,tree_importance,5,0.07012268225855439,0.07375825008217327,0.07012268225855439,,
4,F4_TAIL,gbr_quantile,0.9,feat_15m_oi_log_change_4,tree_importance,5,0.1283632101892592,0.12232901132696013,0.1283632101892592,,
4,F4_TAIL,gbr_quantile,0.9,feat_15m_ret_1,tree_importance,5,0.01896136264823264,0.018954738418783982,0.01896136264823264,,
4,F4_TAIL,gbr_quantile,0.9,feat_15m_ret_16,tree_importance,5,0.04012651260439197,0.03233632109884492,0.04012651260439197,,
4,F4_TAIL,gbr_quantile,0.9,feat_15m_ret_4,tree_importance,5,0.04586271365599516,0.052303091825925026,0.04586271365599516,,
4,F4_TAIL,gbr_quantile,0.9,feat_15m_ret_8,tree_importance,5,0.07720584725872986,0.06733050427970705,0.07720584725872986,,
4,F4_TAIL,gbr_quantile,0.9,feat_15m_volume_ratio_32,tree_importance,5,0.0640866214378447,0.07595474608960973,0.0640866214378447,,
4,F4_TAIL,gbr_quantile,0.9,feat_5m_1h_jump_share,tree_importance,5,0.05119480438496367,0.04352174660362378,0.05119480438496367,,
4,F4_TAIL,gbr_quantile,0.9,feat_5m_1h_rv,tree_importance,5,0.09870618863387551,0.09155998710253248,0.09870618863387551,,
4,F4_TAIL,gbr_quantile,0.9,feat_5m_4h_neg_semivar_share,tree_importance,5,0.07984748708560789,0.08072055622193179,0.07984748708560789,,
4,F4_TAIL,gbr_quantile,0.9,feat_5m_rv_rate_ratio_1h_4h,tree_importance,5,0.14174148387173005,0.14450196651836278,0.14174148387173005,,
4,F4_TAIL,gbr_quantile,0.9,feat_time_after_long_gap,tree_importance,5,0.0,0.0,0.0,,
4,F4_TAIL,gbr_quantile,0.9,feat_time_bars_since_segment_start,tree_importance,5,0.18378108597081502,0.16018658452892426,0.18378108597081502,,
4,F4_TAIL,linear_qr,0.1,feat_15m_location_32,standardized_coefficient,5,0.001250547041516472,0.0014741815665665365,0.001250547041516472,1.0,1.0
4,F4_TAIL,linear_qr,0.1,feat_15m_oi_log_change_4,standardized_coefficient,5,-0.0003232483302100679,-0.00033297002877513373,0.0003232483302100679,0.0,1.0
4,F4_TAIL,linear_qr,0.1,feat_15m_ret_1,standardized_coefficient,5,0.00013142830818133636,0.0001126425319093375,0.00021997390798830517,0.8,0.8
4,F4_TAIL,linear_qr,0.1,feat_15m_ret_16,standardized_coefficient,5,0.0005096140536224547,0.0009129488224635941,0.000707921075498979,0.6,0.6
4,F4_TAIL,linear_qr,0.1,feat_15m_ret_4,standardized_coefficient,5,-0.0005046553213470193,-0.0004851154652855369,0.0005046553213470193,0.0,1.0
4,F4_TAIL,linear_qr,0.1,feat_15m_ret_8,standardized_coefficient,5,0.00023869205131919194,0.0003259878427084549,0.0004101237589945094,0.8,0.8
4,F4_TAIL,linear_qr,0.1,feat_15m_volume_ratio_32,standardized_coefficient,5,0.00020041477967976232,0.00032585223612779495,0.0003510593423602065,0.6,0.6
4,F4_TAIL,linear_qr,0.1,feat_5m_1h_jump_share,standardized_coefficient,5,0.0002964239302950443,0.00021052730058103924,0.0003227355284746811,0.8,0.8
4,F4_TAIL,linear_qr,0.1,feat_5m_1h_rv,standardized_coefficient,5,-0.00030858369953737255,-0.00047447412905369087,0.0005996889188947891,0.2,0.8
4,F4_TAIL,linear_qr,0.1,feat_5m_4h_neg_semivar_share,standardized_coefficient,5,6.371076145375152e-05,-0.00026796063308949096,0.0006608354369848403,0.4,0.6
4,F4_TAIL,linear_qr,0.1,feat_5m_rv_rate_ratio_1h_4h,standardized_coefficient,5,-0.0010882402363673292,-0.0010335921884555865,0.0010882402363673292,0.0,1.0
4,F4_TAIL,linear_qr,0.1,feat_time_after_long_gap,standardized_coefficient,5,-0.0007862987598196113,-0.0005754826162834122,0.0007862987598196113,0.0,1.0
4,F4_TAIL,linear_qr,0.1,feat_time_bars_since_segment_start,standardized_coefficient,5,-0.0006815817004757688,-0.0007491678392402326,0.0006815817004757688,0.0,1.0
4,F4_TAIL,linear_qr,0.5,feat_15m_location_32,standardized_coefficient,5,4.412833904313134e-05,4.870407640368593e-05,0.00013215949975424948,0.6,0.6
4,F4_TAIL,linear_qr,0.5,feat_15m_oi_log_change_4,standardized_coefficient,5,-0.0003323429560169597,-0.00039444869066604084,0.0003323429560169597,0.0,1.0
4,F4_TAIL,linear_qr,0.5,feat_15m_ret_1,standardized_coefficient,5,0.000134252076130905,0.00010606845924895611,0.000134252076130905,1.0,1.0
4,F4_TAIL,linear_qr,0.5,feat_15m_ret_16,standardized_coefficient,5,-0.000472338193770147,-0.0006466386256857707,0.0005254360077780404,0.2,0.8
4,F4_TAIL,linear_qr,0.5,feat_15m_ret_4,standardized_coefficient,5,-0.0005386767679006368,-0.0005448745637859037,0.0005386767679006368,0.0,1.0
4,F4_TAIL,linear_qr,0.5,feat_15m_ret_8,standardized_coefficient,5,0.0006289855825662572,0.0005869375656010296,0.0006289855825662572,1.0,1.0
4,F4_TAIL,linear_qr,0.5,feat_15m_volume_ratio_32,standardized_coefficient,5,0.0001988201554291577,0.00019221761100807623,0.0001988201554291577,1.0,1.0
4,F4_TAIL,linear_qr,0.5,feat_5m_1h_jump_share,standardized_coefficient,5,0.0005188696973894891,0.0005553017308844512,0.0005188696973894891,1.0,1.0
4,F4_TAIL,linear_qr,0.5,feat_5m_1h_rv,standardized_coefficient,5,-7.836381264153015e-06,-1.2355667683466798e-05,5.732880205821084e-05,0.4,0.6
4,F4_TAIL,linear_qr,0.5,feat_5m_4h_neg_semivar_share,standardized_coefficient,5,-0.00029079546680478585,-0.0003436086016349695,0.00029079546680478585,0.0,1.0
4,F4_TAIL,linear_qr,0.5,feat_5m_rv_rate_ratio_1h_4h,standardized_coefficient,5,-0.0005903520338749511,-0.0004951051829164355,0.0005903520338749511,0.0,1.0
4,F4_TAIL,linear_qr,0.5,feat_time_after_long_gap,standardized_coefficient,5,-0.00046229648958012466,-0.0004834092937658862,0.00046229648958012466,0.0,1.0
4,F4_TAIL,linear_qr,0.5,feat_time_bars_since_segment_start,standardized_coefficient,5,2.1190409367860128e-05,1.5252135080578222e-05,0.00013773632553494802,0.6,0.6
4,F4_TAIL,linear_qr,0.9,feat_15m_location_32,standardized_coefficient,5,0.001378893398648327,0.00130100264532795,0.001378893398648327,1.0,1.0
4,F4_TAIL,linear_qr,0.9,feat_15m_oi_log_change_4,standardized_coefficient,5,-0.0006336694837667854,-0.0010605899468198044,0.000752178094641791,0.4,0.6
4,F4_TAIL,linear_qr,0.9,feat_15m_ret_1,standardized_coefficient,5,-0.000666331182590355,-0.0006424406269231638,0.000666331182590355,0.0,1.0
4,F4_TAIL,linear_qr,0.9,feat_15m_ret_16,standardized_coefficient,5,-0.0001935707156998342,-0.0009539668292276779,0.0014741562219066583,0.4,0.6
4,F4_TAIL,linear_qr,0.9,feat_15m_ret_4,standardized_coefficient,5,0.0003549883630872847,0.0005733884248157273,0.0006759410225897605,0.8,0.8
4,F4_TAIL,linear_qr,0.9,feat_15m_ret_8,standardized_coefficient,5,0.000515843569576729,0.0006976375395312598,0.0005794058140134032,0.8,0.8
4,F4_TAIL,linear_qr,0.9,feat_15m_volume_ratio_32,standardized_coefficient,5,-0.0004279536083845223,-0.0005073691835854691,0.0005860604043044031,0.2,0.8
4,F4_TAIL,linear_qr,0.9,feat_5m_1h_jump_share,standardized_coefficient,5,-8.445981525777165e-05,-0.00013983112135760304,0.0001353350709962892,0.4,0.6
4,F4_TAIL,linear_qr,0.9,feat_5m_1h_rv,standardized_coefficient,5,0.0006760480246273494,0.0006587253391777117,0.0006760480246273494,1.0,1.0
4,F4_TAIL,linear_qr,0.9,feat_5m_4h_neg_semivar_share,standardized_coefficient,5,0.0013931877966252225,0.001466540068064822,0.0013931877966252225,1.0,1.0
4,F4_TAIL,linear_qr,0.9,feat_5m_rv_rate_ratio_1h_4h,standardized_coefficient,5,-0.0007834630752261313,-0.0007350883571396907,0.0007834630752261313,0.0,1.0
4,F4_TAIL,linear_qr,0.9,feat_time_after_long_gap,standardized_coefficient,5,-0.00032541235540273764,-0.00037692685648130567,0.00036940034142456297,0.2,0.8
4,F4_TAIL,linear_qr,0.9,feat_time_bars_since_segment_start,standardized_coefficient,5,-0.0011408662453361049,-0.0012287758724577413,0.0011408662453361049,0.0,1.0
8,F1_DIRECTION,gbr_quantile,0.1,feat_15m_location_32,tree_importance,5,0.21428911485391372,0.20808822691981546,0.21428911485391372,,
8,F1_DIRECTION,gbr_quantile,0.1,feat_15m_ret_1,tree_importance,5,0.05302224334824355,0.04772629790627543,0.05302224334824355,,
8,F1_DIRECTION,gbr_quantile,0.1,feat_15m_ret_16,tree_importance,5,0.26813955980155246,0.2665718405057456,0.26813955980155246,,
8,F1_DIRECTION,gbr_quantile,0.1,feat_15m_ret_4,tree_importance,5,0.06136927671673572,0.05623258271544238,0.06136927671673572,,
8,F1_DIRECTION,gbr_quantile,0.1,feat_15m_ret_8,tree_importance,5,0.10971143429086165,0.10699771831518436,0.10971143429086165,,
8,F1_DIRECTION,gbr_quantile,0.1,feat_time_after_long_gap,tree_importance,5,0.006566008564316117,0.004136832569495111,0.006566008564316117,,
8,F1_DIRECTION,gbr_quantile,0.1,feat_time_bars_since_segment_start,tree_importance,5,0.2869023624243767,0.2759840623596327,0.2869023624243767,,
8,F1_DIRECTION,gbr_quantile,0.5,feat_15m_location_32,tree_importance,5,0.23625575441681662,0.2698922216694388,0.23625575441681662,,
8,F1_DIRECTION,gbr_quantile,0.5,feat_15m_ret_1,tree_importance,5,0.05902031689602464,0.0547278827187906,0.05902031689602464,,
8,F1_DIRECTION,gbr_quantile,0.5,feat_15m_ret_16,tree_importance,5,0.15616551679238663,0.14582554824695815,0.15616551679238663,,
8,F1_DIRECTION,gbr_quantile,0.5,feat_15m_ret_4,tree_importance,5,0.09954213394707422,0.10375030437129795,0.09954213394707422,,
8,F1_DIRECTION,gbr_quantile,0.5,feat_15m_ret_8,tree_importance,5,0.23128734025038322,0.24801276879122056,0.23128734025038322,,
8,F1_DIRECTION,gbr_quantile,0.5,feat_time_after_long_gap,tree_importance,5,0.00606687419299632,0.00267681979240701,0.00606687419299632,,
8,F1_DIRECTION,gbr_quantile,0.5,feat_time_bars_since_segment_start,tree_importance,5,0.21166206350431832,0.22132455532830714,0.21166206350431832,,
8,F1_DIRECTION,gbr_quantile,0.9,feat_15m_location_32,tree_importance,5,0.16304064413950053,0.1577663545373851,0.16304064413950053,,
8,F1_DIRECTION,gbr_quantile,0.9,feat_15m_ret_1,tree_importance,5,0.08267082726080885,0.07824526216310781,0.08267082726080885,,
8,F1_DIRECTION,gbr_quantile,0.9,feat_15m_ret_16,tree_importance,5,0.2641500101552143,0.24164227436775385,0.2641500101552143,,
8,F1_DIRECTION,gbr_quantile,0.9,feat_15m_ret_4,tree_importance,5,0.11808230378623548,0.10813887736636267,0.11808230378623548,,
8,F1_DIRECTION,gbr_quantile,0.9,feat_15m_ret_8,tree_importance,5,0.1180613255373036,0.12933476288086393,0.1180613255373036,,
8,F1_DIRECTION,gbr_quantile,0.9,feat_time_after_long_gap,tree_importance,5,0.005215633800880118,0.003204318531736698,0.005215633800880118,,
8,F1_DIRECTION,gbr_quantile,0.9,feat_time_bars_since_segment_start,tree_importance,5,0.24877925532005712,0.2417156770980786,0.24877925532005712,,
8,F1_DIRECTION,linear_qr,0.1,feat_15m_location_32,standardized_coefficient,5,0.0015577193879762914,0.0012430515029389863,0.0015577193879762914,1.0,1.0
8,F1_DIRECTION,linear_qr,0.1,feat_15m_ret_1,standardized_coefficient,5,6.024668953778948e-05,-0.00010428779633910337,0.000339761926405055,0.4,0.6
8,F1_DIRECTION,linear_qr,0.1,feat_15m_ret_16,standardized_coefficient,5,0.0036707817760391766,0.0031866579065809174,0.0036707817760391766,1.0,1.0
8,F1_DIRECTION,linear_qr,0.1,feat_15m_ret_4,standardized_coefficient,5,-2.8899377117556386e-05,9.056930413666628e-05,0.00035944096868310664,0.6,0.6
8,F1_DIRECTION,linear_qr,0.1,feat_15m_ret_8,standardized_coefficient,5,-0.002217274581786493,-0.002134395185232251,0.002217274581786493,0.0,1.0
8,F1_DIRECTION,linear_qr,0.1,feat_time_after_long_gap,standardized_coefficient,5,-0.0008185039718240304,-0.0004729711710708713,0.0008185039718240304,0.0,1.0
8,F1_DIRECTION,linear_qr,0.1,feat_time_bars_since_segment_start,standardized_coefficient,5,-0.001042185207994829,-0.0008379879214190398,0.001042185207994829,0.0,1.0
8,F1_DIRECTION,linear_qr,0.5,feat_15m_location_32,standardized_coefficient,5,-0.0004482254989808107,-0.0005303931247477016,0.0005522886112143133,0.2,0.8
8,F1_DIRECTION,linear_qr,0.5,feat_15m_ret_1,standardized_coefficient,5,-1.7964631822934445e-07,-8.950321282408114e-06,0.00014985763509233824,0.4,0.6
8,F1_DIRECTION,linear_qr,0.5,feat_15m_ret_16,standardized_coefficient,5,0.0003384409649206543,0.0003212782789600166,0.0004815763602253055,0.8,0.8
8,F1_DIRECTION,linear_qr,0.5,feat_15m_ret_4,standardized_coefficient,5,-7.899109737391576e-05,6.542296259035366e-05,0.00019013585750676627,0.6,0.6
8,F1_DIRECTION,linear_qr,0.5,feat_15m_ret_8,standardized_coefficient,5,0.00044480985365022316,0.0005023062304836176,0.00044480985365022316,1.0,1.0
8,F1_DIRECTION,linear_qr,0.5,feat_time_after_long_gap,standardized_coefficient,5,-0.00036212876265975265,-0.00019723747673760318,0.00036212876265975265,0.0,1.0
8,F1_DIRECTION,linear_qr,0.5,feat_time_bars_since_segment_start,standardized_coefficient,5,-0.0007450509781589389,-0.0008670490984470331,0.000809293584965574,0.2,0.8
8,F1_DIRECTION,linear_qr,0.9,feat_15m_location_32,standardized_coefficient,5,0.0019583067410810086,0.0024965193921527456,0.0019583067410810086,1.0,1.0
8,F1_DIRECTION,linear_qr,0.9,feat_15m_ret_1,standardized_coefficient,5,0.00015851025755082198,0.0002034313963235384,0.00025585834442223984,0.6,0.6
8,F1_DIRECTION,linear_qr,0.9,feat_15m_ret_16,standardized_coefficient,5,-0.0014399331440020171,-0.002162928705565575,0.0016463192948857914,0.2,0.8
8,F1_DIRECTION,linear_qr,0.9,feat_15m_ret_4,standardized_coefficient,5,0.00034563499193154227,0.0004509617671779713,0.0010216916201647832,0.8,0.8
8,F1_DIRECTION,linear_qr,0.9,feat_15m_ret_8,standardized_coefficient,5,0.0006854140148814154,-3.365999645410197e-05,0.0010626062296582512,0.4,0.6
8,F1_DIRECTION,linear_qr,0.9,feat_time_after_long_gap,standardized_coefficient,5,0.00034644216384382515,0.0003789562652941589,0.00036561920376572583,0.8,0.8
8,F1_DIRECTION,linear_qr,0.9,feat_time_bars_since_segment_start,standardized_coefficient,5,-0.0016177778953534515,-0.0013343280033183533,0.0016177778953534515,0.0,1.0
8,F2_ACTIVITY,gbr_quantile,0.1,feat_15m_location_32,tree_importance,5,0.18362321250314392,0.18008389681842618,0.18362321250314392,,
8,F2_ACTIVITY,gbr_quantile,0.1,feat_15m_oi_log_change_4,tree_importance,5,0.15937655847748097,0.14637696188317456,0.15937655847748097,,
8,F2_ACTIVITY,gbr_quantile,0.1,feat_15m_ret_1,tree_importance,5,0.0429922019342709,0.04271595410913528,0.0429922019342709,,
8,F2_ACTIVITY,gbr_quantile,0.1,feat_15m_ret_16,tree_importance,5,0.20821096698919686,0.18126710515303218,0.20821096698919686,,
8,F2_ACTIVITY,gbr_quantile,0.1,feat_15m_ret_4,tree_importance,5,0.0425062964245619,0.03946194555203755,0.0425062964245619,,
8,F2_ACTIVITY,gbr_quantile,0.1,feat_15m_ret_8,tree_importance,5,0.07300241382626811,0.07249329268019108,0.07300241382626811,,
8,F2_ACTIVITY,gbr_quantile,0.1,feat_15m_volume_ratio_32,tree_importance,5,0.08475485607732733,0.08636289550523217,0.08475485607732733,,
8,F2_ACTIVITY,gbr_quantile,0.1,feat_time_after_long_gap,tree_importance,5,0.0023575655317291007,0.0013505036686109208,0.0023575655317291007,,
8,F2_ACTIVITY,gbr_quantile,0.1,feat_time_bars_since_segment_start,tree_importance,5,0.2031759282360209,0.19496357982478868,0.2031759282360209,,
8,F2_ACTIVITY,gbr_quantile,0.5,feat_15m_location_32,tree_importance,5,0.18172037097391347,0.19078020322909334,0.18172037097391347,,
8,F2_ACTIVITY,gbr_quantile,0.5,feat_15m_oi_log_change_4,tree_importance,5,0.19218828199260068,0.1855055347742188,0.19218828199260068,,
8,F2_ACTIVITY,gbr_quantile,0.5,feat_15m_ret_1,tree_importance,5,0.039559030012165014,0.039525393389765955,0.039559030012165014,,
8,F2_ACTIVITY,gbr_quantile,0.5,feat_15m_ret_16,tree_importance,5,0.11770030351996782,0.11425166151657408,0.11770030351996782,,
8,F2_ACTIVITY,gbr_quantile,0.5,feat_15m_ret_4,tree_importance,5,0.08060990199175103,0.08040399639678507,0.08060990199175103,,
8,F2_ACTIVITY,gbr_quantile,0.5,feat_15m_ret_8,tree_importance,5,0.15226434498204736,0.1445940696428933,0.15226434498204736,,
8,F2_ACTIVITY,gbr_quantile,0.5,feat_15m_volume_ratio_32,tree_importance,5,0.07623317373001068,0.07035734696432433,0.07623317373001068,,
8,F2_ACTIVITY,gbr_quantile,0.5,feat_time_after_long_gap,tree_importance,5,0.0021413184141910245,0.0,0.0021413184141910245,,
8,F2_ACTIVITY,gbr_quantile,0.5,feat_time_bars_since_segment_start,tree_importance,5,0.15758327438335304,0.1644543331830963,0.15758327438335304,,
8,F2_ACTIVITY,gbr_quantile,0.9,feat_15m_location_32,tree_importance,5,0.11789094721089344,0.11258750750198149,0.11789094721089344,,
8,F2_ACTIVITY,gbr_quantile,0.9,feat_15m_oi_log_change_4,tree_importance,5,0.12414586630865317,0.12522126320483168,0.12414586630865317,,
8,F2_ACTIVITY,gbr_quantile,0.9,feat_15m_ret_1,tree_importance,5,0.0737785593744396,0.07471898719064217,0.0737785593744396,,
8,F2_ACTIVITY,gbr_quantile,0.9,feat_15m_ret_16,tree_importance,5,0.19241566586733055,0.15397801957806032,0.19241566586733055,,
8,F2_ACTIVITY,gbr_quantile,0.9,feat_15m_ret_4,tree_importance,5,0.08102935815572972,0.08022123738556203,0.08102935815572972,,
8,F2_ACTIVITY,gbr_quantile,0.9,feat_15m_ret_8,tree_importance,5,0.09413129670615697,0.08905769641133482,0.09413129670615697,,
8,F2_ACTIVITY,gbr_quantile,0.9,feat_15m_volume_ratio_32,tree_importance,5,0.1347758660200721,0.13450137339520538,0.1347758660200721,,
8,F2_ACTIVITY,gbr_quantile,0.9,feat_time_after_long_gap,tree_importance,5,0.0007233595171915389,0.0,0.0007233595171915389,,
8,F2_ACTIVITY,gbr_quantile,0.9,feat_time_bars_since_segment_start,tree_importance,5,0.18110908083953292,0.17255212961529923,0.18110908083953292,,
8,F2_ACTIVITY,linear_qr,0.1,feat_15m_location_32,standardized_coefficient,5,0.0013705044069631004,0.0011140973846802472,0.0014957482409022975,0.8,0.8
8,F2_ACTIVITY,linear_qr,0.1,feat_15m_oi_log_change_4,standardized_coefficient,5,-0.00029460850259408,-0.00036501778714033856,0.00029460850259408,0.0,1.0
8,F2_ACTIVITY,linear_qr,0.1,feat_15m_ret_1,standardized_coefficient,5,-2.1230095550203866e-05,-0.0002385097561790442,0.0003310780189255156,0.4,0.6
8,F2_ACTIVITY,linear_qr,0.1,feat_15m_ret_16,standardized_coefficient,5,0.003913381783475214,0.0032169663088867143,0.003913381783475214,1.0,1.0
8,F2_ACTIVITY,linear_qr,0.1,feat_15m_ret_4,standardized_coefficient,5,0.00014608267965993002,0.00019229379761844453,0.0005034472593294655,0.8,0.8
8,F2_ACTIVITY,linear_qr,0.1,feat_15m_ret_8,standardized_coefficient,5,-0.0022152471434700267,-0.00232661406456076,0.0022152471434700267,0.0,1.0
8,F2_ACTIVITY,linear_qr,0.1,feat_15m_volume_ratio_32,standardized_coefficient,5,0.00039523984519918937,0.0004831958620127361,0.0004831888466958775,0.8,0.8
8,F2_ACTIVITY,linear_qr,0.1,feat_time_after_long_gap,standardized_coefficient,5,-0.0007676598016188358,-0.00034663962474604937,0.0007676598016188358,0.0,1.0
8,F2_ACTIVITY,linear_qr,0.1,feat_time_bars_since_segment_start,standardized_coefficient,5,-0.0007922191759678193,-0.0005189634126788727,0.001020501167035549,0.2,0.8
8,F2_ACTIVITY,linear_qr,0.5,feat_15m_location_32,standardized_coefficient,5,-0.0004468667853034842,-0.000645522375774568,0.0005261386715371189,0.2,0.8
8,F2_ACTIVITY,linear_qr,0.5,feat_15m_oi_log_change_4,standardized_coefficient,5,-0.00026994119976512675,-0.0004569407399059662,0.0006381390297386183,0.4,0.6
8,F2_ACTIVITY,linear_qr,0.5,feat_15m_ret_1,standardized_coefficient,5,-3.480025713613325e-05,-6.586798294782232e-05,0.00012019985858836766,0.4,0.6
8,F2_ACTIVITY,linear_qr,0.5,feat_15m_ret_16,standardized_coefficient,5,0.000268559395448685,0.0002446451461851918,0.00041057459802125673,0.8,0.8
8,F2_ACTIVITY,linear_qr,0.5,feat_15m_ret_4,standardized_coefficient,5,-5.9559986906055423e-05,2.3288047643691026e-05,0.00018350693451157603,0.6,0.6
8,F2_ACTIVITY,linear_qr,0.5,feat_15m_ret_8,standardized_coefficient,5,0.0005250331216115227,0.0006246508312279361,0.0005250331216115227,1.0,1.0
8,F2_ACTIVITY,linear_qr,0.5,feat_15m_volume_ratio_32,standardized_coefficient,5,-0.000490127952742208,-0.0006491637525001349,0.000490127952742208,0.0,1.0
8,F2_ACTIVITY,linear_qr,0.5,feat_time_after_long_gap,standardized_coefficient,5,-0.000495164662885094,-0.00039223641785472274,0.000495164662885094,0.0,1.0
8,F2_ACTIVITY,linear_qr,0.5,feat_time_bars_since_segment_start,standardized_coefficient,5,-0.0010712329242423993,-0.0012115863614239769,0.0010712329242423993,0.0,1.0
8,F2_ACTIVITY,linear_qr,0.9,feat_15m_location_32,standardized_coefficient,5,0.0021833707209009284,0.002244805206824904,0.0021833707209009284,1.0,1.0
8,F2_ACTIVITY,linear_qr,0.9,feat_15m_oi_log_change_4,standardized_coefficient,5,-0.0011786928403381147,-0.0017158387754771815,0.0011786928403381147,0.0,1.0
8,F2_ACTIVITY,linear_qr,0.9,feat_15m_ret_1,standardized_coefficient,5,-0.00034820177570377717,-0.0002902877492663058,0.00034820177570377717,0.0,1.0
8,F2_ACTIVITY,linear_qr,0.9,feat_15m_ret_16,standardized_coefficient,5,-0.002027348109332674,-0.002241751722623587,0.002027348109332674,0.0,1.0
8,F2_ACTIVITY,linear_qr,0.9,feat_15m_ret_4,standardized_coefficient,5,-0.0002628307912482712,0.0004246184847407209,0.0008917391076857769,0.6,0.6
8,F2_ACTIVITY,linear_qr,0.9,feat_15m_ret_8,standardized_coefficient,5,0.001607622524462861,0.001029096115212214,0.001769025001601677,0.8,0.8
8,F2_ACTIVITY,linear_qr,0.9,feat_15m_volume_ratio_32,standardized_coefficient,5,-0.0016718457238146765,-0.001735427096098263,0.0016718457238146765,0.0,1.0
8,F2_ACTIVITY,linear_qr,0.9,feat_time_after_long_gap,standardized_coefficient,5,-1.2390013042703004e-05,7.656633557924263e-05,0.00019319101242204912,0.6,0.6
8,F2_ACTIVITY,linear_qr,0.9,feat_time_bars_since_segment_start,standardized_coefficient,5,-0.002505873861686349,-0.002241214837856879,0.002505873861686349,0.0,1.0
8,F3_VOL,gbr_quantile,0.1,feat_15m_location_32,tree_importance,5,0.1413590758454014,0.14572358620175901,0.1413590758454014,,
8,F3_VOL,gbr_quantile,0.1,feat_15m_oi_log_change_4,tree_importance,5,0.1318659131418757,0.11262520697954746,0.1318659131418757,,
8,F3_VOL,gbr_quantile,0.1,feat_15m_ret_1,tree_importance,5,0.029210541127562512,0.032080935543760396,0.029210541127562512,,
8,F3_VOL,gbr_quantile,0.1,feat_15m_ret_16,tree_importance,5,0.18544768007323653,0.1660958449567643,0.18544768007323653,,
8,F3_VOL,gbr_quantile,0.1,feat_15m_ret_4,tree_importance,5,0.01967150134930255,0.010404849039928716,0.01967150134930255,,
8,F3_VOL,gbr_quantile,0.1,feat_15m_ret_8,tree_importance,5,0.04703475655352905,0.04426815475204876,0.04703475655352905,,
8,F3_VOL,gbr_quantile,0.1,feat_15m_volume_ratio_32,tree_importance,5,0.05540975803270524,0.05331351215764101,0.05540975803270524,,
8,F3_VOL,gbr_quantile,0.1,feat_5m_1h_rv,tree_importance,5,0.0775125419249867,0.0742162943130228,0.0775125419249867,,
8,F3_VOL,gbr_quantile,0.1,feat_5m_rv_rate_ratio_1h_4h,tree_importance,5,0.1055583495235698,0.08766303409035095,0.1055583495235698,,
8,F3_VOL,gbr_quantile,0.1,feat_time_after_long_gap,tree_importance,5,0.0015514778233415767,0.0,0.0015514778233415767,,
8,F3_VOL,gbr_quantile,0.1,feat_time_bars_since_segment_start,tree_importance,5,0.20537840460448895,0.20470858754105903,0.20537840460448895,,
8,F3_VOL,gbr_quantile,0.5,feat_15m_location_32,tree_importance,5,0.10224054193044092,0.09854309275567125,0.10224054193044092,,
8,F3_VOL,gbr_quantile,0.5,feat_15m_oi_log_change_4,tree_importance,5,0.16263913310600459,0.1707474760308752,0.16263913310600459,,
8,F3_VOL,gbr_quantile,0.5,feat_15m_ret_1,tree_importance,5,0.03455157447387304,0.035670613825450226,0.03455157447387304,,
8,F3_VOL,gbr_quantile,0.5,feat_15m_ret_16,tree_importance,5,0.07533392926229227,0.07513457915435158,0.07533392926229227,,
8,F3_VOL,gbr_quantile,0.5,feat_15m_ret_4,tree_importance,5,0.0545560564284432,0.05722622901029878,0.0545560564284432,,
8,F3_VOL,gbr_quantile,0.5,feat_15m_ret_8,tree_importance,5,0.09268519870754889,0.1025639966517256,0.09268519870754889,,
8,F3_VOL,gbr_quantile,0.5,feat_15m_volume_ratio_32,tree_importance,5,0.04917603799242788,0.03942273026825997,0.04917603799242788,,
8,F3_VOL,gbr_quantile,0.5,feat_5m_1h_rv,tree_importance,5,0.09063784864615093,0.09008605442742593,0.09063784864615093,,
8,F3_VOL,gbr_quantile,0.5,feat_5m_rv_rate_ratio_1h_4h,tree_importance,5,0.20916719175410353,0.2152067997597415,0.20916719175410353,,
8,F3_VOL,gbr_quantile,0.5,feat_time_after_long_gap,tree_importance,5,0.002499091583498046,0.0,0.002499091583498046,,
8,F3_VOL,gbr_quantile,0.5,feat_time_bars_since_segment_start,tree_importance,5,0.12651339611521675,0.13474603592548406,0.12651339611521675,,
8,F3_VOL,gbr_quantile,0.9,feat_15m_location_32,tree_importance,5,0.10105925729584095,0.09550305782864348,0.10105925729584095,,
8,F3_VOL,gbr_quantile,0.9,feat_15m_oi_log_change_4,tree_importance,5,0.09631761310449069,0.09288090993061589,0.09631761310449069,,
8,F3_VOL,gbr_quantile,0.9,feat_15m_ret_1,tree_importance,5,0.05107207086774342,0.05909230558056468,0.05107207086774342,,
8,F3_VOL,gbr_quantile,0.9,feat_15m_ret_16,tree_importance,5,0.1492178421776666,0.13115340159158348,0.1492178421776666,,
8,F3_VOL,gbr_quantile,0.9,feat_15m_ret_4,tree_importance,5,0.063141510610577,0.06948225423888217,0.063141510610577,,
8,F3_VOL,gbr_quantile,0.9,feat_15m_ret_8,tree_importance,5,0.07158461297016036,0.07256779308055977,0.07158461297016036,,
8,F3_VOL,gbr_quantile,0.9,feat_15m_volume_ratio_32,tree_importance,5,0.09111190201894845,0.0949817885292567,0.09111190201894845,,
8,F3_VOL,gbr_quantile,0.9,feat_5m_1h_rv,tree_importance,5,0.04782397829894406,0.05022132141939188,0.04782397829894406,,
8,F3_VOL,gbr_quantile,0.9,feat_5m_rv_rate_ratio_1h_4h,tree_importance,5,0.16269123244809486,0.1582967769807036,0.16269123244809486,,
8,F3_VOL,gbr_quantile,0.9,feat_time_after_long_gap,tree_importance,5,0.0,0.0,0.0,,
8,F3_VOL,gbr_quantile,0.9,feat_time_bars_since_segment_start,tree_importance,5,0.16597998020753363,0.17526011517163548,0.16597998020753363,,
8,F3_VOL,linear_qr,0.1,feat_15m_location_32,standardized_coefficient,5,0.0015189029207923566,0.0012614534596435804,0.0015437328519007714,0.8,0.8
8,F3_VOL,linear_qr,0.1,feat_15m_oi_log_change_4,standardized_coefficient,5,-0.00019137443950723889,-0.0003460968033886587,0.0003397929061536794,0.2,0.8
8,F3_VOL,linear_qr,0.1,feat_15m_ret_1,standardized_coefficient,5,-0.0002944244065927433,-0.00041107703884817233,0.0003188258662900318,0.2,0.8
8,F3_VOL,linear_qr,0.1,feat_15m_ret_16,standardized_coefficient,5,0.0035878033378327553,0.0030606861835182787,0.0035878033378327553,1.0,1.0
8,F3_VOL,linear_qr,0.1,feat_15m_ret_4,standardized_coefficient,5,0.00012079531826790358,0.0001364277198532201,0.0002939805543816545,0.6,0.6
8,F3_VOL,linear_qr,0.1,feat_15m_ret_8,standardized_coefficient,5,-0.0021819623816133407,-0.002078824322551908,0.0021819623816133407,0.0,1.0
8,F3_VOL,linear_qr,0.1,feat_15m_volume_ratio_32,standardized_coefficient,5,0.0008183357343096101,0.0005586116570172213,0.0008496431273682069,0.6,0.6
8,F3_VOL,linear_qr,0.1,feat_5m_1h_rv,standardized_coefficient,5,-0.00031042835072653057,3.7437157071506166e-05,0.0009334840485542954,0.6,0.6
8,F3_VOL,linear_qr,0.1,feat_5m_rv_rate_ratio_1h_4h,standardized_coefficient,5,-0.00043047435600033655,-0.0005148385784069178,0.0005461125363460421,0.2,0.8
8,F3_VOL,linear_qr,0.1,feat_time_after_long_gap,standardized_coefficient,5,-0.0008486552055003068,-0.00046615080047158813,0.0008486552055003068,0.0,1.0
8,F3_VOL,linear_qr,0.1,feat_time_bars_since_segment_start,standardized_coefficient,5,-0.0007521424114080644,-0.0005753686304746882,0.0010982494390891656,0.2,0.8
8,F3_VOL,linear_qr,0.5,feat_15m_location_32,standardized_coefficient,5,-0.000592777360105536,-0.0005062886883112322,0.000748164262726403,0.2,0.8
8,F3_VOL,linear_qr,0.5,feat_15m_oi_log_change_4,standardized_coefficient,5,-0.0004012678727132667,-0.0008063433788264759,0.0006454669607295198,0.4,0.6
8,F3_VOL,linear_qr,0.5,feat_15m_ret_1,standardized_coefficient,5,-6.057038353749053e-05,-8.726837179314218e-05,8.903598136971815e-05,0.2,0.8
8,F3_VOL,linear_qr,0.5,feat_15m_ret_16,standardized_coefficient,5,0.0006119398064177841,0.00028200462572585755,0.0007931520562028504,0.6,0.6
8,F3_VOL,linear_qr,0.5,feat_15m_ret_4,standardized_coefficient,5,-0.00017506971432771728,-0.000123843147170649,0.00018096657207480876,0.2,0.8
8,F3_VOL,linear_qr,0.5,feat_15m_ret_8,standardized_coefficient,5,0.000452014519885598,0.0004269415039950295,0.000452014519885598,1.0,1.0
8,F3_VOL,linear_qr,0.5,feat_15m_volume_ratio_32,standardized_coefficient,5,8.611911610851045e-06,8.450841464758935e-05,0.00018498730742363208,0.6,0.6
8,F3_VOL,linear_qr,0.5,feat_5m_1h_rv,standardized_coefficient,5,0.0003076940331596613,0.0002742329931078019,0.00035789992886079894,0.8,0.8
8,F3_VOL,linear_qr,0.5,feat_5m_rv_rate_ratio_1h_4h,standardized_coefficient,5,-0.001560357772288147,-0.0014291897294852758,0.001560357772288147,0.0,1.0
8,F3_VOL,linear_qr,0.5,feat_time_after_long_gap,standardized_coefficient,5,-0.00042227723827992084,-0.0003169113115001204,0.00042227723827992084,0.0,1.0
8,F3_VOL,linear_qr,0.5,feat_time_bars_since_segment_start,standardized_coefficient,5,-0.0014869034750031609,-0.0015139193701317747,0.0014869034750031609,0.0,1.0
8,F3_VOL,linear_qr,0.9,feat_15m_location_32,standardized_coefficient,5,0.0019976330661809327,0.0023309597283125336,0.0019976330661809327,1.0,1.0
8,F3_VOL,linear_qr,0.9,feat_15m_oi_log_change_4,standardized_coefficient,5,-0.0012795479436773917,-0.001720338426701205,0.0012795479436773917,0.0,1.0
8,F3_VOL,linear_qr,0.9,feat_15m_ret_1,standardized_coefficient,5,-0.0001849388570111636,-0.0002616455314308565,0.0002071535898617082,0.2,0.8
8,F3_VOL,linear_qr,0.9,feat_15m_ret_16,standardized_coefficient,5,-0.00191580756298621,-0.0024604305514265372,0.00191580756298621,0.0,1.0
8,F3_VOL,linear_qr,0.9,feat_15m_ret_4,standardized_coefficient,5,-0.00035341109332124416,0.00035546495877701064,0.0009379104450223778,0.6,0.6
8,F3_VOL,linear_qr,0.9,feat_15m_ret_8,standardized_coefficient,5,0.0015226774061943694,0.0008240154321914546,0.0016347681973920929,0.6,0.6
8,F3_VOL,linear_qr,0.9,feat_15m_volume_ratio_32,standardized_coefficient,5,-0.001319930220860213,-0.001339797422095573,0.001319930220860213,0.0,1.0
8,F3_VOL,linear_qr,0.9,feat_5m_1h_rv,standardized_coefficient,5,0.0003752007925788043,0.00032834718675425333,0.0003771055678766974,0.8,0.8
8,F3_VOL,linear_qr,0.9,feat_5m_rv_rate_ratio_1h_4h,standardized_coefficient,5,-0.001108514187232978,-0.0010654184008230096,0.001108514187232978,0.0,1.0
8,F3_VOL,linear_qr,0.9,feat_time_after_long_gap,standardized_coefficient,5,1.5486861675310003e-05,0.00017976740373295134,0.00023209837646423075,0.6,0.6
8,F3_VOL,linear_qr,0.9,feat_time_bars_since_segment_start,standardized_coefficient,5,-0.002563076929149898,-0.002413281350519472,0.002563076929149898,0.0,1.0
8,F4_TAIL,gbr_quantile,0.1,feat_15m_location_32,tree_importance,5,0.12007632381600042,0.12079141899777991,0.12007632381600042,,
8,F4_TAIL,gbr_quantile,0.1,feat_15m_oi_log_change_4,tree_importance,5,0.08692807161822791,0.08064894291240161,0.08692807161822791,,
8,F4_TAIL,gbr_quantile,0.1,feat_15m_ret_1,tree_importance,5,0.020733088049985922,0.014441472848018394,0.020733088049985922,,
8,F4_TAIL,gbr_quantile,0.1,feat_15m_ret_16,tree_importance,5,0.09733414629718565,0.07999087757404355,0.09733414629718565,,
8,F4_TAIL,gbr_quantile,0.1,feat_15m_ret_4,tree_importance,5,0.02166476971398951,0.014657110014972155,0.02166476971398951,,
8,F4_TAIL,gbr_quantile,0.1,feat_15m_ret_8,tree_importance,5,0.04341372393427324,0.048015129536864896,0.04341372393427324,,
8,F4_TAIL,gbr_quantile,0.1,feat_15m_volume_ratio_32,tree_importance,5,0.05386834496294331,0.05422614503087669,0.05386834496294331,,
8,F4_TAIL,gbr_quantile,0.1,feat_5m_1h_jump_share,tree_importance,5,0.03323893189019013,0.030414716432022836,0.03323893189019013,,
8,F4_TAIL,gbr_quantile,0.1,feat_5m_1h_rv,tree_importance,5,0.060545677810989115,0.05766842515692216,0.060545677810989115,,
8,F4_TAIL,gbr_quantile,0.1,feat_5m_4h_neg_semivar_share,tree_importance,5,0.18300008327187597,0.16631472871874153,0.18300008327187597,,
8,F4_TAIL,gbr_quantile,0.1,feat_5m_rv_rate_ratio_1h_4h,tree_importance,5,0.07263860699159519,0.07740467154805225,0.07263860699159519,,
8,F4_TAIL,gbr_quantile,0.1,feat_time_after_long_gap,tree_importance,5,0.0005735794989059366,0.0,0.0005735794989059366,,
8,F4_TAIL,gbr_quantile,0.1,feat_time_bars_since_segment_start,tree_importance,5,0.20598465214383763,0.1981587722278423,0.20598465214383763,,
8,F4_TAIL,gbr_quantile,0.5,feat_15m_location_32,tree_importance,5,0.07596712892742263,0.06458873702569322,0.07596712892742263,,
8,F4_TAIL,gbr_quantile,0.5,feat_15m_oi_log_change_4,tree_importance,5,0.12642747116242248,0.12425026847633845,0.12642747116242248,,
8,F4_TAIL,gbr_quantile,0.5,feat_15m_ret_1,tree_importance,5,0.03140953037997289,0.033821501577628164,0.03140953037997289,,
8,F4_TAIL,gbr_quantile,0.5,feat_15m_ret_16,tree_importance,5,0.05011147184872441,0.04636226187079533,0.05011147184872441,,
8,F4_TAIL,gbr_quantile,0.5,feat_15m_ret_4,tree_importance,5,0.03403020518260648,0.034867242796753586,0.03403020518260648,,
8,F4_TAIL,gbr_quantile,0.5,feat_15m_ret_8,tree_importance,5,0.06956271214787361,0.07162314105658014,0.06956271214787361,,
8,F4_TAIL,gbr_quantile,0.5,feat_15m_volume_ratio_32,tree_importance,5,0.036979710039656694,0.03149046665986714,0.036979710039656694,,
8,F4_TAIL,gbr_quantile,0.5,feat_5m_1h_jump_share,tree_importance,5,0.05207892683358818,0.052239199311899326,0.05207892683358818,,
8,F4_TAIL,gbr_quantile,0.5,feat_5m_1h_rv,tree_importance,5,0.05433723171050011,0.05187522984299676,0.05433723171050011,,
8,F4_TAIL,gbr_quantile,0.5,feat_5m_4h_neg_semivar_share,tree_importance,5,0.17285438794927127,0.17685373199165608,0.17285438794927127,,
8,F4_TAIL,gbr_quantile,0.5,feat_5m_rv_rate_ratio_1h_4h,tree_importance,5,0.17296640870173224,0.17156066469651562,0.17296640870173224,,
8,F4_TAIL,gbr_quantile,0.5,feat_time_after_long_gap,tree_importance,5,0.0022915426668609316,0.0015919851800674037,0.0022915426668609316,,
8,F4_TAIL,gbr_quantile,0.5,feat_time_bars_since_segment_start,tree_importance,5,0.12098327244936813,0.12805629640739596,0.12098327244936813,,
8,F4_TAIL,gbr_quantile,0.9,feat_15m_location_32,tree_importance,5,0.10101712020891015,0.09367707342577554,0.10101712020891015,,
8,F4_TAIL,gbr_quantile,0.9,feat_15m_oi_log_change_4,tree_importance,5,0.0802151090675889,0.07794726163976426,0.0802151090675889,,
8,F4_TAIL,gbr_quantile,0.9,feat_15m_ret_1,tree_importance,5,0.056745507855397295,0.05264840132363484,0.056745507855397295,,
8,F4_TAIL,gbr_quantile,0.9,feat_15m_ret_16,tree_importance,5,0.10200088158591296,0.09147915684345174,0.10200088158591296,,
8,F4_TAIL,gbr_quantile,0.9,feat_15m_ret_4,tree_importance,5,0.047962907154388064,0.04613472293943675,0.047962907154388064,,
8,F4_TAIL,gbr_quantile,0.9,feat_15m_ret_8,tree_importance,5,0.05269332715825968,0.05311309289451566,0.05269332715825968,,
8,F4_TAIL,gbr_quantile,0.9,feat_15m_volume_ratio_32,tree_importance,5,0.08197503894592753,0.08461208653207333,0.08197503894592753,,
8,F4_TAIL,gbr_quantile,0.9,feat_5m_1h_jump_share,tree_importance,5,0.023192794854677012,0.018944652957717335,0.023192794854677012,,
8,F4_TAIL,gbr_quantile,0.9,feat_5m_1h_rv,tree_importance,5,0.03465404526288425,0.03366117530761378,0.03465404526288425,,
8,F4_TAIL,gbr_quantile,0.9,feat_5m_4h_neg_semivar_share,tree_importance,5,0.11068035269830201,0.11095009639083091,0.11068035269830201,,
8,F4_TAIL,gbr_quantile,0.9,feat_5m_rv_rate_ratio_1h_4h,tree_importance,5,0.14226059510081948,0.1430020427721919,0.14226059510081948,,
8,F4_TAIL,gbr_quantile,0.9,feat_time_after_long_gap,tree_importance,5,0.0003221530927051997,0.0,0.0003221530927051997,,
8,F4_TAIL,gbr_quantile,0.9,feat_time_bars_since_segment_start,tree_importance,5,0.16628016701422754,0.1581650836071586,0.16628016701422754,,
8,F4_TAIL,linear_qr,0.1,feat_15m_location_32,standardized_coefficient,5,0.0016440717669555748,0.0015536425378901608,0.0017194321206846122,0.8,0.8
8,F4_TAIL,linear_qr,0.1,feat_15m_oi_log_change_4,standardized_coefficient,5,-0.0002037394937693553,-0.000303018143790002,0.0003079769430584913,0.2,0.8
8,F4_TAIL,linear_qr,0.1,feat_15m_ret_1,standardized_coefficient,5,-0.00027022248952102336,-0.00020796407595641083,0.0002738405444533923,0.2,0.8
8,F4_TAIL,linear_qr,0.1,feat_15m_ret_16,standardized_coefficient,5,0.0042489567111407955,0.004025799716095189,0.0042489567111407955,1.0,1.0
8,F4_TAIL,linear_qr,0.1,feat_15m_ret_4,standardized_coefficient,5,4.1537918870782345e-05,0.0001691660570167596,0.0003492512356973284,0.6,0.6
8,F4_TAIL,linear_qr,0.1,feat_15m_ret_8,standardized_coefficient,5,-0.002047758382619871,-0.0018009162908189636,0.002047758382619871,0.0,1.0
8,F4_TAIL,linear_qr,0.1,feat_15m_volume_ratio_32,standardized_coefficient,5,0.0008433532030296517,0.0006522298239932693,0.0008553359971619663,0.6,0.6
8,F4_TAIL,linear_qr,0.1,feat_5m_1h_jump_share,standardized_coefficient,5,-0.0003119568681808491,-0.0006296734899466837,0.0005857847224143602,0.2,0.8
8,F4_TAIL,linear_qr,0.1,feat_5m_1h_rv,standardized_coefficient,5,-0.00038529775057403597,-9.927806108853363e-05,0.0009924048290665813,0.4,0.6
8,F4_TAIL,linear_qr,0.1,feat_5m_4h_neg_semivar_share,standardized_coefficient,5,0.0011112503695986423,0.0012042223840225395,0.0011112503695986423,1.0,1.0
8,F4_TAIL,linear_qr,0.1,feat_5m_rv_rate_ratio_1h_4h,standardized_coefficient,5,-0.00027147674210093006,-0.0003084094542104905,0.0005008897684528641,0.4,0.6
8,F4_TAIL,linear_qr,0.1,feat_time_after_long_gap,standardized_coefficient,5,-0.0008255772049744744,-0.0004098340848183788,0.0008255772049744744,0.0,1.0
8,F4_TAIL,linear_qr,0.1,feat_time_bars_since_segment_start,standardized_coefficient,5,-0.0008938398428839353,-0.0006779432105011576,0.0011044900833032411,0.2,0.8
8,F4_TAIL,linear_qr,0.5,feat_15m_location_32,standardized_coefficient,5,-0.0007126070938645111,-0.0007714436688871855,0.0008679097833219577,0.2,0.8
8,F4_TAIL,linear_qr,0.5,feat_15m_oi_log_change_4,standardized_coefficient,5,-0.0003333867094788318,-0.000801888482366792,0.0006649138511722089,0.4,0.6
8,F4_TAIL,linear_qr,0.5,feat_15m_ret_1,standardized_coefficient,5,-8.781674770620484e-05,-8.513207922727025e-05,9.81941549185405e-05,0.2,0.8
8,F4_TAIL,linear_qr,0.5,feat_15m_ret_16,standardized_coefficient,5,0.0001206423865543572,-0.0003210987515983672,0.0006687324619265363,0.4,0.6
8,F4_TAIL,linear_qr,0.5,feat_15m_ret_4,standardized_coefficient,5,-8.736765364128043e-05,-5.0533841164664634e-05,0.00014716937965696545,0.4,0.6
8,F4_TAIL,linear_qr,0.5,feat_15m_ret_8,standardized_coefficient,5,0.0004778498414953165,0.0003926585351882423,0.0004778498414953165,1.0,1.0
8,F4_TAIL,linear_qr,0.5,feat_15m_volume_ratio_32,standardized_coefficient,5,-0.00010700555767635686,-0.0002255596179516481,0.00024200349843195778,0.4,0.6
8,F4_TAIL,linear_qr,0.5,feat_5m_1h_jump_share,standardized_coefficient,5,0.00046611827101555756,0.000323113012200623,0.00046611827101555756,1.0,1.0
8,F4_TAIL,linear_qr,0.5,feat_5m_1h_rv,standardized_coefficient,5,0.00028087573953130917,0.0002519804311443697,0.000358384487026292,0.8,0.8
8,F4_TAIL,linear_qr,0.5,feat_5m_4h_neg_semivar_share,standardized_coefficient,5,-0.0005963119813628893,-0.0006768412558683159,0.0006775370436219577,0.2,0.8
8,F4_TAIL,linear_qr,0.5,feat_5m_rv_rate_ratio_1h_4h,standardized_coefficient,5,-0.001523262721148807,-0.0013113782361011846,0.001523262721148807,0.0,1.0
8,F4_TAIL,linear_qr,0.5,feat_time_after_long_gap,standardized_coefficient,5,-0.00038480499532094197,-0.00035282202145985335,0.00038480499532094197,0.0,1.0
8,F4_TAIL,linear_qr,0.5,feat_time_bars_since_segment_start,standardized_coefficient,5,-0.0014086947915003894,-0.0014936151798098176,0.0014086947915003894,0.0,1.0
8,F4_TAIL,linear_qr,0.9,feat_15m_location_32,standardized_coefficient,5,0.0023392317254364967,0.0027669571501900917,0.0023392317254364967,1.0,1.0
8,F4_TAIL,linear_qr,0.9,feat_15m_oi_log_change_4,standardized_coefficient,5,-0.001269437413393981,-0.0017101344752267244,0.001269437413393981,0.0,1.0
8,F4_TAIL,linear_qr,0.9,feat_15m_ret_1,standardized_coefficient,5,-0.00021678501506881107,-0.00030482897185148437,0.00029071493078287116,0.4,0.6
8,F4_TAIL,linear_qr,0.9,feat_15m_ret_16,standardized_coefficient,5,-0.0020299534118398666,-0.002521936371960076,0.0020299534118398666,0.0,1.0
8,F4_TAIL,linear_qr,0.9,feat_15m_ret_4,standardized_coefficient,5,-0.0004904457562797154,0.00013847158872504577,0.0009427299820897996,0.6,0.6
8,F4_TAIL,linear_qr,0.9,feat_15m_ret_8,standardized_coefficient,5,0.001718974109881805,0.0008177325399736057,0.001718974109881805,1.0,1.0
8,F4_TAIL,linear_qr,0.9,feat_15m_volume_ratio_32,standardized_coefficient,5,-0.0012509876837733741,-0.0012364360414351021,0.0012509876837733741,0.0,1.0
8,F4_TAIL,linear_qr,0.9,feat_5m_1h_jump_share,standardized_coefficient,5,0.00017087294718269802,0.00042158902690478254,0.00044449846045341247,0.6,0.6
8,F4_TAIL,linear_qr,0.9,feat_5m_1h_rv,standardized_coefficient,5,0.0004024908615642194,0.00028382911832006613,0.00046482109439784384,0.8,0.8
8,F4_TAIL,linear_qr,0.9,feat_5m_4h_neg_semivar_share,standardized_coefficient,5,0.0003557618974796003,0.00028792002176845596,0.0003557618974796003,1.0,1.0
8,F4_TAIL,linear_qr,0.9,feat_5m_rv_rate_ratio_1h_4h,standardized_coefficient,5,-0.001207183299160304,-0.001152376386287586,0.001207183299160304,0.0,1.0
8,F4_TAIL,linear_qr,0.9,feat_time_after_long_gap,standardized_coefficient,5,1.1518330292056877e-05,0.00011833273150798613,0.00021475522163377694,0.8,0.8
8,F4_TAIL,linear_qr,0.9,feat_time_bars_since_segment_start,standardized_coefficient,5,-0.0024784676118223105,-0.0023032699585445516,0.0024784676118223105,0.0,1.0
16,F1_DIRECTION,gbr_quantile,0.1,feat_15m_location_32,tree_importance,5,0.17385803701118951,0.15998908422321897,0.17385803701118951,,
16,F1_DIRECTION,gbr_quantile,0.1,feat_15m_ret_1,tree_importance,5,0.05860636016965633,0.05825774010977513,0.05860636016965633,,
16,F1_DIRECTION,gbr_quantile,0.1,feat_15m_ret_16,tree_importance,5,0.3658623580188644,0.37516184310056283,0.3658623580188644,,
16,F1_DIRECTION,gbr_quantile,0.1,feat_15m_ret_4,tree_importance,5,0.09526728711582025,0.09597545583697545,0.09526728711582025,,
16,F1_DIRECTION,gbr_quantile,0.1,feat_15m_ret_8,tree_importance,5,0.13260417789497655,0.13842306516938657,0.13260417789497655,,
16,F1_DIRECTION,gbr_quantile,0.1,feat_time_after_long_gap,tree_importance,5,0.0075861845772535715,0.010594730177262448,0.0075861845772535715,,
16,F1_DIRECTION,gbr_quantile,0.1,feat_time_bars_since_segment_start,tree_importance,5,0.16621559521223941,0.17947253691386478,0.16621559521223941,,
16,F1_DIRECTION,gbr_quantile,0.5,feat_15m_location_32,tree_importance,5,0.20511930939320147,0.2188015275893505,0.20511930939320147,,
16,F1_DIRECTION,gbr_quantile,0.5,feat_15m_ret_1,tree_importance,5,0.06790185907369008,0.06980332027406372,0.06790185907369008,,
16,F1_DIRECTION,gbr_quantile,0.5,feat_15m_ret_16,tree_importance,5,0.32445631752430615,0.3099447954189465,0.32445631752430615,,
16,F1_DIRECTION,gbr_quantile,0.5,feat_15m_ret_4,tree_importance,5,0.09220554327651084,0.08715662399565495,0.09220554327651084,,
16,F1_DIRECTION,gbr_quantile,0.5,feat_15m_ret_8,tree_importance,5,0.10867843889165554,0.10268463923012106,0.10867843889165554,,
16,F1_DIRECTION,gbr_quantile,0.5,feat_time_after_long_gap,tree_importance,5,0.0008901950246753175,0.0,0.0008901950246753175,,
16,F1_DIRECTION,gbr_quantile,0.5,feat_time_bars_since_segment_start,tree_importance,5,0.20074833681596055,0.20663631527408235,0.20074833681596055,,
16,F1_DIRECTION,gbr_quantile,0.9,feat_15m_location_32,tree_importance,5,0.20776713927585694,0.2214204767348373,0.20776713927585694,,
16,F1_DIRECTION,gbr_quantile,0.9,feat_15m_ret_1,tree_importance,5,0.07619739165598201,0.06978444627346403,0.07619739165598201,,
16,F1_DIRECTION,gbr_quantile,0.9,feat_15m_ret_16,tree_importance,5,0.2854423074039724,0.27661466265779855,0.2854423074039724,,
16,F1_DIRECTION,gbr_quantile,0.9,feat_15m_ret_4,tree_importance,5,0.07811493422171278,0.0770970178472224,0.07811493422171278,,
16,F1_DIRECTION,gbr_quantile,0.9,feat_15m_ret_8,tree_importance,5,0.11718524354661768,0.12237720078860044,0.11718524354661768,,
16,F1_DIRECTION,gbr_quantile,0.9,feat_time_after_long_gap,tree_importance,5,0.024341153103771003,0.02391772999091578,0.024341153103771003,,
16,F1_DIRECTION,gbr_quantile,0.9,feat_time_bars_since_segment_start,tree_importance,5,0.21095183079208718,0.19611458725285064,0.21095183079208718,,
16,F1_DIRECTION,linear_qr,0.1,feat_15m_location_32,standardized_coefficient,5,0.001123553621476785,0.0008361523581754596,0.001123553621476785,1.0,1.0
16,F1_DIRECTION,linear_qr,0.1,feat_15m_ret_1,standardized_coefficient,5,-0.001819027484714841,-0.0018671093245804645,0.0018655174609607758,0.2,0.8
16,F1_DIRECTION,linear_qr,0.1,feat_15m_ret_16,standardized_coefficient,5,0.004895594236313782,0.004625770236724605,0.004895594236313782,1.0,1.0
16,F1_DIRECTION,linear_qr,0.1,feat_15m_ret_4,standardized_coefficient,5,-0.0007301218538535127,-0.0008175717774430312,0.0007301218538535127,0.0,1.0
16,F1_DIRECTION,linear_qr,0.1,feat_15m_ret_8,standardized_coefficient,5,0.0010645245866770547,0.0004818136036564943,0.0012055745497609282,0.8,0.8
16,F1_DIRECTION,linear_qr,0.1,feat_time_after_long_gap,standardized_coefficient,5,-0.0009921668874219125,-0.0006726353158181791,0.0009921668874219125,0.0,1.0
16,F1_DIRECTION,linear_qr,0.1,feat_time_bars_since_segment_start,standardized_coefficient,5,-0.0010220724150453368,-0.0012369053804264032,0.0010502107259283656,0.2,0.8
16,F1_DIRECTION,linear_qr,0.5,feat_15m_location_32,standardized_coefficient,5,0.00011501104320937518,7.144048231396457e-05,0.0004201589626555715,0.6,0.6
16,F1_DIRECTION,linear_qr,0.5,feat_15m_ret_1,standardized_coefficient,5,-0.00023367360766221338,-0.00013709001793265076,0.0002525221320920498,0.2,0.8
16,F1_DIRECTION,linear_qr,0.5,feat_15m_ret_16,standardized_coefficient,5,0.0010146600064088486,0.0005056222797057775,0.0010497452158674265,0.8,0.8
16,F1_DIRECTION,linear_qr,0.5,feat_15m_ret_4,standardized_coefficient,5,-0.000556926568885009,-0.0006440589168191015,0.000556926568885009,0.0,1.0
16,F1_DIRECTION,linear_qr,0.5,feat_15m_ret_8,standardized_coefficient,5,0.00046055756069902616,0.0006102948197049137,0.0004974638270730407,0.8,0.8
16,F1_DIRECTION,linear_qr,0.5,feat_time_after_long_gap,standardized_coefficient,5,0.000397251927616699,0.0005246445232539577,0.0005581196559129962,0.8,0.8
16,F1_DIRECTION,linear_qr,0.5,feat_time_bars_since_segment_start,standardized_coefficient,5,-0.0026242104324191644,-0.002594711870960308,0.0026242104324191644,0.0,1.0
16,F1_DIRECTION,linear_qr,0.9,feat_15m_location_32,standardized_coefficient,5,0.0029283200401930176,0.002137116002027142,0.0029283200401930176,1.0,1.0
16,F1_DIRECTION,linear_qr,0.9,feat_15m_ret_1,standardized_coefficient,5,0.0005262611450567846,0.0008023674230006275,0.0007933905307051077,0.6,0.6
16,F1_DIRECTION,linear_qr,0.9,feat_15m_ret_16,standardized_coefficient,5,-0.001090696025057078,-0.001106857629044874,0.0018167873839362158,0.2,0.8
16,F1_DIRECTION,linear_qr,0.9,feat_15m_ret_4,standardized_coefficient,5,-0.0009731266581927599,-0.0004659430370927464,0.0010500260431940962,0.2,0.8
16,F1_DIRECTION,linear_qr,0.9,feat_15m_ret_8,standardized_coefficient,5,-0.00021308073092066908,-0.0007574674648347461,0.0013874679041123417,0.4,0.6
16,F1_DIRECTION,linear_qr,0.9,feat_time_after_long_gap,standardized_coefficient,5,0.0021376900011651377,0.0023553665640912293,0.0021376900011651377,1.0,1.0
16,F1_DIRECTION,linear_qr,0.9,feat_time_bars_since_segment_start,standardized_coefficient,5,-0.0039387642279909455,-0.0037407551391235357,0.0039387642279909455,0.0,1.0
16,F2_ACTIVITY,gbr_quantile,0.1,feat_15m_location_32,tree_importance,5,0.12980921819657593,0.1260541910798991,0.12980921819657593,,
16,F2_ACTIVITY,gbr_quantile,0.1,feat_15m_oi_log_change_4,tree_importance,5,0.23185642657690564,0.22729369428241056,0.23185642657690564,,
16,F2_ACTIVITY,gbr_quantile,0.1,feat_15m_ret_1,tree_importance,5,0.03964331967969449,0.039237815684331975,0.03964331967969449,,
16,F2_ACTIVITY,gbr_quantile,0.1,feat_15m_ret_16,tree_importance,5,0.2704978987004424,0.2607194311466006,0.2704978987004424,,
16,F2_ACTIVITY,gbr_quantile,0.1,feat_15m_ret_4,tree_importance,5,0.05278298461194977,0.05452601275843799,0.05278298461194977,,
16,F2_ACTIVITY,gbr_quantile,0.1,feat_15m_ret_8,tree_importance,5,0.09349268147228135,0.09352929757273838,0.09349268147228135,,
16,F2_ACTIVITY,gbr_quantile,0.1,feat_15m_volume_ratio_32,tree_importance,5,0.11452036837444915,0.10483879884806287,0.11452036837444915,,
16,F2_ACTIVITY,gbr_quantile,0.1,feat_time_after_long_gap,tree_importance,5,0.0014924936279135947,0.0011677209356687854,0.0014924936279135947,,
16,F2_ACTIVITY,gbr_quantile,0.1,feat_time_bars_since_segment_start,tree_importance,5,0.06590460875978772,0.07052430536350332,0.06590460875978772,,
16,F2_ACTIVITY,gbr_quantile,0.5,feat_15m_location_32,tree_importance,5,0.12760738284409526,0.1371486825097471,0.12760738284409526,,
16,F2_ACTIVITY,gbr_quantile,0.5,feat_15m_oi_log_change_4,tree_importance,5,0.18313935278891605,0.188610943603357,0.18313935278891605,,
16,F2_ACTIVITY,gbr_quantile,0.5,feat_15m_ret_1,tree_importance,5,0.04426475731752345,0.04611042846875254,0.04426475731752345,,
16,F2_ACTIVITY,gbr_quantile,0.5,feat_15m_ret_16,tree_importance,5,0.2159463283247109,0.2170536860121131,0.2159463283247109,,
16,F2_ACTIVITY,gbr_quantile,0.5,feat_15m_ret_4,tree_importance,5,0.0822491723615384,0.08196035933991672,0.0822491723615384,,
16,F2_ACTIVITY,gbr_quantile,0.5,feat_15m_ret_8,tree_importance,5,0.07554161377810656,0.07137098753498644,0.07554161377810656,,
16,F2_ACTIVITY,gbr_quantile,0.5,feat_15m_volume_ratio_32,tree_importance,5,0.14133190754864364,0.1432335314626271,0.14133190754864364,,
16,F2_ACTIVITY,gbr_quantile,0.5,feat_time_after_long_gap,tree_importance,5,0.0008753424157308592,0.0,0.0008753424157308592,,
16,F2_ACTIVITY,gbr_quantile,0.5,feat_time_bars_since_segment_start,tree_importance,5,0.12904414262073488,0.1329222790821908,0.12904414262073488,,
16,F2_ACTIVITY,gbr_quantile,0.9,feat_15m_location_32,tree_importance,5,0.11397147780944308,0.09926702521128186,0.11397147780944308,,
16,F2_ACTIVITY,gbr_quantile,0.9,feat_15m_oi_log_change_4,tree_importance,5,0.1298579978943279,0.13473099439956768,0.1298579978943279,,
16,F2_ACTIVITY,gbr_quantile,0.9,feat_15m_ret_1,tree_importance,5,0.06361769487586619,0.071231418462725,0.06361769487586619,,
16,F2_ACTIVITY,gbr_quantile,0.9,feat_15m_ret_16,tree_importance,5,0.2264941785354561,0.2229836846272861,0.2264941785354561,,
16,F2_ACTIVITY,gbr_quantile,0.9,feat_15m_ret_4,tree_importance,5,0.04914737918988714,0.053359887148837735,0.04914737918988714,,
16,F2_ACTIVITY,gbr_quantile,0.9,feat_15m_ret_8,tree_importance,5,0.06936035535629899,0.06506849265122719,0.06936035535629899,,
16,F2_ACTIVITY,gbr_quantile,0.9,feat_15m_volume_ratio_32,tree_importance,5,0.16625418293331148,0.17719364178138067,0.16625418293331148,,
16,F2_ACTIVITY,gbr_quantile,0.9,feat_time_after_long_gap,tree_importance,5,0.008984355988448933,0.007703535391692641,0.008984355988448933,,
16,F2_ACTIVITY,gbr_quantile,0.9,feat_time_bars_since_segment_start,tree_importance,5,0.17231237741696015,0.16699306024478008,0.17231237741696015,,
16,F2_ACTIVITY,linear_qr,0.1,feat_15m_location_32,standardized_coefficient,5,0.001330198242942061,0.0010207817915865475,0.001330198242942061,1.0,1.0
16,F2_ACTIVITY,linear_qr,0.1,feat_15m_oi_log_change_4,standardized_coefficient,5,4.463120973569939e-05,0.00012100061357913794,0.00011153441465889184,0.6,0.6
16,F2_ACTIVITY,linear_qr,0.1,feat_15m_ret_1,standardized_coefficient,5,-0.0015712892304952375,-0.00127974386246619,0.0015712892304952375,0.0,1.0
16,F2_ACTIVITY,linear_qr,0.1,feat_15m_ret_16,standardized_coefficient,5,0.004820529651655433,0.004055834874343124,0.004820529651655433,1.0,1.0
16,F2_ACTIVITY,linear_qr,0.1,feat_15m_ret_4,standardized_coefficient,5,-0.0009559947767987697,-0.0010410426350485043,0.0009559947767987697,0.0,1.0
16,F2_ACTIVITY,linear_qr,0.1,feat_15m_ret_8,standardized_coefficient,5,0.001049630007047611,0.0008969077534619339,0.001304802193712747,0.8,0.8
16,F2_ACTIVITY,linear_qr,0.1,feat_15m_volume_ratio_32,standardized_coefficient,5,6.426733429592685e-05,0.0004776838465180575,0.0006747768516197162,0.6,0.6
16,F2_ACTIVITY,linear_qr,0.1,feat_time_after_long_gap,standardized_coefficient,5,-0.0009539242717092541,-0.0006577569058405742,0.0009539242717092541,0.0,1.0
16,F2_ACTIVITY,linear_qr,0.1,feat_time_bars_since_segment_start,standardized_coefficient,5,-0.0010583839143863236,-0.001277154213799334,0.001139118369735708,0.2,0.8
16,F2_ACTIVITY,linear_qr,0.5,feat_15m_location_32,standardized_coefficient,5,5.876999827437698e-06,-6.902425039987356e-05,0.0005309687313239332,0.4,0.6
16,F2_ACTIVITY,linear_qr,0.5,feat_15m_oi_log_change_4,standardized_coefficient,5,-0.0006894780236043683,-0.0006791691567388445,0.0006894780236043683,0.0,1.0
16,F2_ACTIVITY,linear_qr,0.5,feat_15m_ret_1,standardized_coefficient,5,-3.773777008667497e-05,-8.496058324664957e-05,0.00014707304511287614,0.2,0.8
16,F2_ACTIVITY,linear_qr,0.5,feat_15m_ret_16,standardized_coefficient,5,0.0010823181817861066,0.0004906842697226561,0.0011039651191865085,0.8,0.8
16,F2_ACTIVITY,linear_qr,0.5,feat_15m_ret_4,standardized_coefficient,5,-0.0005181742480659835,-0.0005049236989993263,0.0005181742480659835,0.0,1.0
16,F2_ACTIVITY,linear_qr,0.5,feat_15m_ret_8,standardized_coefficient,5,0.0004445303728470511,0.000447984132263256,0.0004445303728470511,1.0,1.0
16,F2_ACTIVITY,linear_qr,0.5,feat_15m_volume_ratio_32,standardized_coefficient,5,-8.820767371140161e-05,-1.6684170609204334e-05,0.0002024216238382196,0.4,0.6
16,F2_ACTIVITY,linear_qr,0.5,feat_time_after_long_gap,standardized_coefficient,5,0.00022633356303465276,0.000442032446447485,0.0005024585754943359,0.8,0.8
16,F2_ACTIVITY,linear_qr,0.5,feat_time_bars_since_segment_start,standardized_coefficient,5,-0.00275266907131272,-0.0026216033874803535,0.00275266907131272,0.0,1.0
16,F2_ACTIVITY,linear_qr,0.9,feat_15m_location_32,standardized_coefficient,5,0.0031262055747922,0.002517497779373193,0.0031262055747922,1.0,1.0
16,F2_ACTIVITY,linear_qr,0.9,feat_15m_oi_log_change_4,standardized_coefficient,5,-0.0019221461633661175,-0.0016993715094191686,0.0019221461633661175,0.0,1.0
16,F2_ACTIVITY,linear_qr,0.9,feat_15m_ret_1,standardized_coefficient,5,0.0002719924424226637,0.00030875405397803163,0.00030066551850893835,0.8,0.8
16,F2_ACTIVITY,linear_qr,0.9,feat_15m_ret_16,standardized_coefficient,5,-0.0020963025014416256,-0.0024607999774226203,0.0021677957449467646,0.2,0.8
16,F2_ACTIVITY,linear_qr,0.9,feat_15m_ret_4,standardized_coefficient,5,-0.0011860820970580228,-0.0005975131039984514,0.0011860820970580228,0.0,1.0
16,F2_ACTIVITY,linear_qr,0.9,feat_15m_ret_8,standardized_coefficient,5,0.0008336691317495359,-0.00020947815455577085,0.0012245310532240658,0.4,0.6
16,F2_ACTIVITY,linear_qr,0.9,feat_15m_volume_ratio_32,standardized_coefficient,5,-0.0026658571505373723,-0.002737206066906061,0.0026658571505373723,0.0,1.0
16,F2_ACTIVITY,linear_qr,0.9,feat_time_after_long_gap,standardized_coefficient,5,0.001989748235989413,0.0020941108453660937,0.001989748235989413,1.0,1.0
16,F2_ACTIVITY,linear_qr,0.9,feat_time_bars_since_segment_start,standardized_coefficient,5,-0.005123090394236688,-0.005241886087229078,0.005123090394236688,0.0,1.0
16,F3_VOL,gbr_quantile,0.1,feat_15m_location_32,tree_importance,5,0.11563923515359165,0.1022343953936281,0.11563923515359165,,
16,F3_VOL,gbr_quantile,0.1,feat_15m_oi_log_change_4,tree_importance,5,0.18264705106327253,0.18220838346004278,0.18264705106327253,,
16,F3_VOL,gbr_quantile,0.1,feat_15m_ret_1,tree_importance,5,0.027109207274125864,0.02430869271233673,0.027109207274125864,,
16,F3_VOL,gbr_quantile,0.1,feat_15m_ret_16,tree_importance,5,0.2117507137524462,0.1971116360702965,0.2117507137524462,,
16,F3_VOL,gbr_quantile,0.1,feat_15m_ret_4,tree_importance,5,0.03126472502943535,0.03272888902528938,0.03126472502943535,,
16,F3_VOL,gbr_quantile,0.1,feat_15m_ret_8,tree_importance,5,0.06006649212292321,0.06834750334645301,0.06006649212292321,,
16,F3_VOL,gbr_quantile,0.1,feat_15m_volume_ratio_32,tree_importance,5,0.04519535771940596,0.04851653244632612,0.04519535771940596,,
16,F3_VOL,gbr_quantile,0.1,feat_5m_1h_rv,tree_importance,5,0.05934951289442588,0.06025397795434661,0.05934951289442588,,
16,F3_VOL,gbr_quantile,0.1,feat_5m_rv_rate_ratio_1h_4h,tree_importance,5,0.21797346749032148,0.222226428832682,0.21797346749032148,,
16,F3_VOL,gbr_quantile,0.1,feat_time_after_long_gap,tree_importance,5,0.0005872918322597251,0.0,0.0005872918322597251,,
16,F3_VOL,gbr_quantile,0.1,feat_time_bars_since_segment_start,tree_importance,5,0.048416945667792206,0.04705122912288974,0.048416945667792206,,
16,F3_VOL,gbr_quantile,0.5,feat_15m_location_32,tree_importance,5,0.0858275277214969,0.09608310523350963,0.0858275277214969,,
16,F3_VOL,gbr_quantile,0.5,feat_15m_oi_log_change_4,tree_importance,5,0.1576220531472416,0.1602127677965105,0.1576220531472416,,
16,F3_VOL,gbr_quantile,0.5,feat_15m_ret_1,tree_importance,5,0.02769547405455542,0.023845955122514386,0.02769547405455542,,
16,F3_VOL,gbr_quantile,0.5,feat_15m_ret_16,tree_importance,5,0.18605151004929274,0.19193236759796506,0.18605151004929274,,
16,F3_VOL,gbr_quantile,0.5,feat_15m_ret_4,tree_importance,5,0.05412464531898287,0.04999319203997861,0.05412464531898287,,
16,F3_VOL,gbr_quantile,0.5,feat_15m_ret_8,tree_importance,5,0.044739708236704034,0.04516047011770739,0.044739708236704034,,
16,F3_VOL,gbr_quantile,0.5,feat_15m_volume_ratio_32,tree_importance,5,0.08158674055960433,0.07689329817890306,0.08158674055960433,,
16,F3_VOL,gbr_quantile,0.5,feat_5m_1h_rv,tree_importance,5,0.11729040398979648,0.11638234742446814,0.11729040398979648,,
16,F3_VOL,gbr_quantile,0.5,feat_5m_rv_rate_ratio_1h_4h,tree_importance,5,0.1363950534497158,0.1254585312490931,0.1363950534497158,,
16,F3_VOL,gbr_quantile,0.5,feat_time_after_long_gap,tree_importance,5,0.0003901027869340549,0.0,0.0003901027869340549,,
16,F3_VOL,gbr_quantile,0.5,feat_time_bars_since_segment_start,tree_importance,5,0.10827678068567566,0.10211707849964423,0.10827678068567566,,
16,F3_VOL,gbr_quantile,0.9,feat_15m_location_32,tree_importance,5,0.075916191138886,0.08179895257319278,0.075916191138886,,
16,F3_VOL,gbr_quantile,0.9,feat_15m_oi_log_change_4,tree_importance,5,0.10491049607533456,0.11847536421508777,0.10491049607533456,,
16,F3_VOL,gbr_quantile,0.9,feat_15m_ret_1,tree_importance,5,0.03151845942413708,0.03232882580777941,0.03151845942413708,,
16,F3_VOL,gbr_quantile,0.9,feat_15m_ret_16,tree_importance,5,0.16054734064004023,0.15584160657770435,0.16054734064004023,,
16,F3_VOL,gbr_quantile,0.9,feat_15m_ret_4,tree_importance,5,0.030934359484000584,0.03400076752921087,0.030934359484000584,,
16,F3_VOL,gbr_quantile,0.9,feat_15m_ret_8,tree_importance,5,0.05911873033334234,0.0607297684116334,0.05911873033334234,,
16,F3_VOL,gbr_quantile,0.9,feat_15m_volume_ratio_32,tree_importance,5,0.1399664538338323,0.14254485499689673,0.1399664538338323,,
16,F3_VOL,gbr_quantile,0.9,feat_5m_1h_rv,tree_importance,5,0.14179514077746064,0.14844927505353062,0.14179514077746064,,
16,F3_VOL,gbr_quantile,0.9,feat_5m_rv_rate_ratio_1h_4h,tree_importance,5,0.13492261755900722,0.12952301427847576,0.13492261755900722,,
16,F3_VOL,gbr_quantile,0.9,feat_time_after_long_gap,tree_importance,5,0.010294428439647535,0.008783103452590688,0.010294428439647535,,
16,F3_VOL,gbr_quantile,0.9,feat_time_bars_since_segment_start,tree_importance,5,0.11007578229431152,0.12528026585317165,0.11007578229431152,,
16,F3_VOL,linear_qr,0.1,feat_15m_location_32,standardized_coefficient,5,0.001066838925280683,0.0009618777548114106,0.001066838925280683,1.0,1.0
16,F3_VOL,linear_qr,0.1,feat_15m_oi_log_change_4,standardized_coefficient,5,0.0002576800241771697,0.00026352384253257777,0.0002576800241771697,1.0,1.0
16,F3_VOL,linear_qr,0.1,feat_15m_ret_1,standardized_coefficient,5,-0.0013156252300137717,-0.0013555759991668332,0.0013237836995876739,0.2,0.8
16,F3_VOL,linear_qr,0.1,feat_15m_ret_16,standardized_coefficient,5,0.004909706922761398,0.004303081195300136,0.004909706922761398,1.0,1.0
16,F3_VOL,linear_qr,0.1,feat_15m_ret_4,standardized_coefficient,5,-0.0009534781113356046,-0.0011213111124401785,0.0009534781113356046,0.0,1.0
16,F3_VOL,linear_qr,0.1,feat_15m_ret_8,standardized_coefficient,5,0.0011807563088942004,0.0007995482269036403,0.0011807563088942004,1.0,1.0
16,F3_VOL,linear_qr,0.1,feat_15m_volume_ratio_32,standardized_coefficient,5,0.0010033816313405421,0.00064288690627975,0.0010033816313405421,1.0,1.0
16,F3_VOL,linear_qr,0.1,feat_5m_1h_rv,standardized_coefficient,5,-0.0007339158835116348,-0.0007684450326539716,0.0007339158835116348,0.0,1.0
16,F3_VOL,linear_qr,0.1,feat_5m_rv_rate_ratio_1h_4h,standardized_coefficient,5,-0.001806752410602818,-0.0012035999529350211,0.001806752410602818,0.0,1.0
16,F3_VOL,linear_qr,0.1,feat_time_after_long_gap,standardized_coefficient,5,-0.0010806793993680445,-0.0008917874106477442,0.0010806793993680445,0.0,1.0
16,F3_VOL,linear_qr,0.1,feat_time_bars_since_segment_start,standardized_coefficient,5,-0.0015259051139556918,-0.001502884664048905,0.0015259051139556918,0.0,1.0
16,F3_VOL,linear_qr,0.5,feat_15m_location_32,standardized_coefficient,5,6.261014781924323e-06,-2.8083457902175895e-05,0.0005838694018846614,0.4,0.6
16,F3_VOL,linear_qr,0.5,feat_15m_oi_log_change_4,standardized_coefficient,5,-0.0007010860231705556,-0.0006576462574096636,0.0007010860231705556,0.0,1.0
16,F3_VOL,linear_qr,0.5,feat_15m_ret_1,standardized_coefficient,5,-8.649447429555977e-05,-8.636784292896512e-05,0.00026144409540068285,0.4,0.6
16,F3_VOL,linear_qr,0.5,feat_15m_ret_16,standardized_coefficient,5,0.0011071676220520096,0.0005108616819109871,0.001204171047933415,0.8,0.8
16,F3_VOL,linear_qr,0.5,feat_15m_ret_4,standardized_coefficient,5,-0.00029941188114772913,-0.00033261834677941933,0.0003530658199381384,0.2,0.8
16,F3_VOL,linear_qr,0.5,feat_15m_ret_8,standardized_coefficient,5,0.00041872242452802336,0.0004618420712294753,0.000474976683142622,0.8,0.8
16,F3_VOL,linear_qr,0.5,feat_15m_volume_ratio_32,standardized_coefficient,5,0.0002199136028136887,0.00017884695437079913,0.00034597626883409063,0.8,0.8
16,F3_VOL,linear_qr,0.5,feat_5m_1h_rv,standardized_coefficient,5,-0.00046971052466335765,-0.0003831094227370456,0.00046971052466335765,0.0,1.0
16,F3_VOL,linear_qr,0.5,feat_5m_rv_rate_ratio_1h_4h,standardized_coefficient,5,-0.00039944995102711564,-0.00015643765698344233,0.00039944995102711564,0.0,1.0
16,F3_VOL,linear_qr,0.5,feat_time_after_long_gap,standardized_coefficient,5,0.00014603182405149536,0.0003266458843052782,0.00045346033736106474,0.8,0.8
16,F3_VOL,linear_qr,0.5,feat_time_bars_since_segment_start,standardized_coefficient,5,-0.0029631620549639462,-0.0030828623594171523,0.0029631620549639462,0.0,1.0
16,F3_VOL,linear_qr,0.9,feat_15m_location_32,standardized_coefficient,5,0.0030330328711268783,0.0026781391117464727,0.0030330328711268783,1.0,1.0
16,F3_VOL,linear_qr,0.9,feat_15m_oi_log_change_4,standardized_coefficient,5,-0.0016499414991863418,-0.0017011346470907724,0.0016499414991863418,0.0,1.0
16,F3_VOL,linear_qr,0.9,feat_15m_ret_1,standardized_coefficient,5,0.00048525990931164756,0.0004433421930382589,0.00048525990931164756,1.0,1.0
16,F3_VOL,linear_qr,0.9,feat_15m_ret_16,standardized_coefficient,5,-0.002255728006356444,-0.0025882060965669927,0.002401318266992224,0.2,0.8
16,F3_VOL,linear_qr,0.9,feat_15m_ret_4,standardized_coefficient,5,-0.0014975350891968876,-0.0012112560271935714,0.0014975350891968876,0.0,1.0
16,F3_VOL,linear_qr,0.9,feat_15m_ret_8,standardized_coefficient,5,0.001056532113684011,0.0005549375270760558,0.001056532113684011,1.0,1.0
16,F3_VOL,linear_qr,0.9,feat_15m_volume_ratio_32,standardized_coefficient,5,-0.0037483566687012545,-0.003412126740046543,0.0037483566687012545,0.0,1.0
16,F3_VOL,linear_qr,0.9,feat_5m_1h_rv,standardized_coefficient,5,-0.0011501810735574554,-0.0008703656152918034,0.0011501810735574554,0.0,1.0
16,F3_VOL,linear_qr,0.9,feat_5m_rv_rate_ratio_1h_4h,standardized_coefficient,5,0.0035745127799039615,0.0034472859964674173,0.0035745127799039615,1.0,1.0
16,F3_VOL,linear_qr,0.9,feat_time_after_long_gap,standardized_coefficient,5,0.0018978241169383494,0.001929633460643216,0.0018978241169383494,1.0,1.0
16,F3_VOL,linear_qr,0.9,feat_time_bars_since_segment_start,standardized_coefficient,5,-0.004966290902785067,-0.004673282482020044,0.004966290902785067,0.0,1.0
16,F4_TAIL,gbr_quantile,0.1,feat_15m_location_32,tree_importance,5,0.052315249144267814,0.036983593611023866,0.052315249144267814,,
16,F4_TAIL,gbr_quantile,0.1,feat_15m_oi_log_change_4,tree_importance,5,0.18127985785383094,0.1827519977432908,0.18127985785383094,,
16,F4_TAIL,gbr_quantile,0.1,feat_15m_ret_1,tree_importance,5,0.02034924690821719,0.020762282372148187,0.02034924690821719,,
16,F4_TAIL,gbr_quantile,0.1,feat_15m_ret_16,tree_importance,5,0.105185451915733,0.10618828362129426,0.105185451915733,,
16,F4_TAIL,gbr_quantile,0.1,feat_15m_ret_4,tree_importance,5,0.029014661811945664,0.025564114935407303,0.029014661811945664,,
16,F4_TAIL,gbr_quantile,0.1,feat_15m_ret_8,tree_importance,5,0.05505896667572892,0.058003486408696917,0.05505896667572892,,
16,F4_TAIL,gbr_quantile,0.1,feat_15m_volume_ratio_32,tree_importance,5,0.039461835095433564,0.052217055152191445,0.039461835095433564,,
16,F4_TAIL,gbr_quantile,0.1,feat_5m_1h_jump_share,tree_importance,5,0.03128743457245191,0.02716607865360109,0.03128743457245191,,
16,F4_TAIL,gbr_quantile,0.1,feat_5m_1h_rv,tree_importance,5,0.04586720745504705,0.05065418392369155,0.04586720745504705,,
16,F4_TAIL,gbr_quantile,0.1,feat_5m_4h_neg_semivar_share,tree_importance,5,0.3190339404922789,0.307008969526016,0.3190339404922789,,
16,F4_TAIL,gbr_quantile,0.1,feat_5m_rv_rate_ratio_1h_4h,tree_importance,5,0.10298487023049148,0.11629278835983459,0.10298487023049148,,
16,F4_TAIL,gbr_quantile,0.1,feat_time_after_long_gap,tree_importance,5,0.0,0.0,0.0,,
16,F4_TAIL,gbr_quantile,0.1,feat_time_bars_since_segment_start,tree_importance,5,0.018161277844573515,0.014500099597568736,0.018161277844573515,,
16,F4_TAIL,gbr_quantile,0.5,feat_15m_location_32,tree_importance,5,0.06225778512270377,0.05748061648491448,0.06225778512270377,,
16,F4_TAIL,gbr_quantile,0.5,feat_15m_oi_log_change_4,tree_importance,5,0.10128985425259171,0.09377623575925959,0.10128985425259171,,
16,F4_TAIL,gbr_quantile,0.5,feat_15m_ret_1,tree_importance,5,0.012651656584757967,0.012939036641844032,0.012651656584757967,,
16,F4_TAIL,gbr_quantile,0.5,feat_15m_ret_16,tree_importance,5,0.10436565993166966,0.10973057809615383,0.10436565993166966,,
16,F4_TAIL,gbr_quantile,0.5,feat_15m_ret_4,tree_importance,5,0.04078471168233033,0.03226748459486653,0.04078471168233033,,
16,F4_TAIL,gbr_quantile,0.5,feat_15m_ret_8,tree_importance,5,0.034000875887899046,0.041496379632673205,0.034000875887899046,,
16,F4_TAIL,gbr_quantile,0.5,feat_15m_volume_ratio_32,tree_importance,5,0.06674075497131875,0.056121731499826334,0.06674075497131875,,
16,F4_TAIL,gbr_quantile,0.5,feat_5m_1h_jump_share,tree_importance,5,0.04078933712860543,0.027942342895939137,0.04078933712860543,,
16,F4_TAIL,gbr_quantile,0.5,feat_5m_1h_rv,tree_importance,5,0.08637895656313836,0.0755765650002697,0.08637895656313836,,
16,F4_TAIL,gbr_quantile,0.5,feat_5m_4h_neg_semivar_share,tree_importance,5,0.26802730400723945,0.24725026712216625,0.26802730400723945,,
16,F4_TAIL,gbr_quantile,0.5,feat_5m_rv_rate_ratio_1h_4h,tree_importance,5,0.09145481548990289,0.07779407436567326,0.09145481548990289,,
16,F4_TAIL,gbr_quantile,0.5,feat_time_after_long_gap,tree_importance,5,0.0,0.0,0.0,,
16,F4_TAIL,gbr_quantile,0.5,feat_time_bars_since_segment_start,tree_importance,5,0.09125828837784272,0.0985399393807337,0.09125828837784272,,
16,F4_TAIL,gbr_quantile,0.9,feat_15m_location_32,tree_importance,5,0.04704751668962672,0.038977993867668696,0.04704751668962672,,
16,F4_TAIL,gbr_quantile,0.9,feat_15m_oi_log_change_4,tree_importance,5,0.08757195530731222,0.09571045608062108,0.08757195530731222,,
16,F4_TAIL,gbr_quantile,0.9,feat_15m_ret_1,tree_importance,5,0.027105486961439086,0.023566154029295457,0.027105486961439086,,
16,F4_TAIL,gbr_quantile,0.9,feat_15m_ret_16,tree_importance,5,0.08245247194006425,0.09060669553223132,0.08245247194006425,,
16,F4_TAIL,gbr_quantile,0.9,feat_15m_ret_4,tree_importance,5,0.014419913960239067,0.013543348842409564,0.014419913960239067,,
16,F4_TAIL,gbr_quantile,0.9,feat_15m_ret_8,tree_importance,5,0.04215572292406825,0.043932251548934584,0.04215572292406825,,
16,F4_TAIL,gbr_quantile,0.9,feat_15m_volume_ratio_32,tree_importance,5,0.11395915428705952,0.13159566843720907,0.11395915428705952,,
16,F4_TAIL,gbr_quantile,0.9,feat_5m_1h_jump_share,tree_importance,5,0.040759310484081115,0.03355351495878108,0.040759310484081115,,
16,F4_TAIL,gbr_quantile,0.9,feat_5m_1h_rv,tree_importance,5,0.12826972742234208,0.13061133399721292,0.12826972742234208,,
16,F4_TAIL,gbr_quantile,0.9,feat_5m_4h_neg_semivar_share,tree_importance,5,0.2319624053058098,0.22427570408816597,0.2319624053058098,,
16,F4_TAIL,gbr_quantile,0.9,feat_5m_rv_rate_ratio_1h_4h,tree_importance,5,0.08577457450390412,0.0793118290195551,0.08577457450390412,,
16,F4_TAIL,gbr_quantile,0.9,feat_time_after_long_gap,tree_importance,5,0.007631324127628951,0.005691536592893217,0.007631324127628951,,
16,F4_TAIL,gbr_quantile,0.9,feat_time_bars_since_segment_start,tree_importance,5,0.09089043608642482,0.10639499784460263,0.09089043608642482,,
16,F4_TAIL,linear_qr,0.1,feat_15m_location_32,standardized_coefficient,5,0.0010603307764494832,0.0009308681779690092,0.0010603307764494832,1.0,1.0
16,F4_TAIL,linear_qr,0.1,feat_15m_oi_log_change_4,standardized_coefficient,5,0.0003741449553503047,0.00037711094257030745,0.0003741449553503047,1.0,1.0
16,F4_TAIL,linear_qr,0.1,feat_15m_ret_1,standardized_coefficient,5,-0.0009124591773616141,-0.0007484266207047174,0.0009124591773616141,0.0,1.0
16,F4_TAIL,linear_qr,0.1,feat_15m_ret_16,standardized_coefficient,5,-0.0017043624077520993,-0.002361118422065114,0.0022377250357129698,0.4,0.6
16,F4_TAIL,linear_qr,0.1,feat_15m_ret_4,standardized_coefficient,5,-0.001735875820172807,-0.0017482851378444984,0.001735875820172807,0.0,1.0
16,F4_TAIL,linear_qr,0.1,feat_15m_ret_8,standardized_coefficient,5,0.00146616093757351,0.0015245485221839876,0.00146616093757351,1.0,1.0
16,F4_TAIL,linear_qr,0.1,feat_15m_volume_ratio_32,standardized_coefficient,5,0.0012009597666292036,0.00112580680888275,0.0012009597666292036,1.0,1.0
16,F4_TAIL,linear_qr,0.1,feat_5m_1h_jump_share,standardized_coefficient,5,-0.0004080870867223713,-0.0009958918630327803,0.00125372594540952,0.2,0.8
16,F4_TAIL,linear_qr,0.1,feat_5m_1h_rv,standardized_coefficient,5,-0.0008341119016545126,-0.001159917386400131,0.001121728345091374,0.2,0.8
16,F4_TAIL,linear_qr,0.1,feat_5m_4h_neg_semivar_share,standardized_coefficient,5,-0.007507260206563772,-0.007383081870060949,0.007507260206563772,0.0,1.0
16,F4_TAIL,linear_qr,0.1,feat_5m_rv_rate_ratio_1h_4h,standardized_coefficient,5,-0.0006991225935442843,-0.0005734217444253867,0.0012317054227784783,0.4,0.6
16,F4_TAIL,linear_qr,0.1,feat_time_after_long_gap,standardized_coefficient,5,-0.0004112011625000897,-0.00028257538347017724,0.0005331400331362894,0.2,0.8
16,F4_TAIL,linear_qr,0.1,feat_time_bars_since_segment_start,standardized_coefficient,5,-0.001093231922440418,-0.001038290672154102,0.001093231922440418,0.0,1.0
16,F4_TAIL,linear_qr,0.5,feat_15m_location_32,standardized_coefficient,5,-0.0006946762421220437,-0.0011647338356080424,0.0010631731409202461,0.2,0.8
16,F4_TAIL,linear_qr,0.5,feat_15m_oi_log_change_4,standardized_coefficient,5,-0.000571117256292747,-0.000629624812386412,0.000571117256292747,0.0,1.0
16,F4_TAIL,linear_qr,0.5,feat_15m_ret_1,standardized_coefficient,5,-7.071188557378277e-05,-0.00013701940455033924,0.0002175276060835998,0.4,0.6
16,F4_TAIL,linear_qr,0.5,feat_15m_ret_16,standardized_coefficient,5,-0.0015683338893664072,-0.0019051963626746952,0.0017402828993657918,0.2,0.8
16,F4_TAIL,linear_qr,0.5,feat_15m_ret_4,standardized_coefficient,5,-0.00030831784959973725,-0.000175255182320868,0.0003643022390489892,0.2,0.8
16,F4_TAIL,linear_qr,0.5,feat_15m_ret_8,standardized_coefficient,5,0.0007340756685047344,0.0007075085449360631,0.0007340756685047344,1.0,1.0
16,F4_TAIL,linear_qr,0.5,feat_15m_volume_ratio_32,standardized_coefficient,5,-5.6362977980508405e-05,-4.324880068921845e-05,0.0004068462026416036,0.4,0.6
16,F4_TAIL,linear_qr,0.5,feat_5m_1h_jump_share,standardized_coefficient,5,0.0013359558058221308,0.0010950315362321993,0.0013359558058221308,1.0,1.0
16,F4_TAIL,linear_qr,0.5,feat_5m_1h_rv,standardized_coefficient,5,-0.0006292465022044947,-0.0005713930492294228,0.0006292465022044947,0.0,1.0
16,F4_TAIL,linear_qr,0.5,feat_5m_4h_neg_semivar_share,standardized_coefficient,5,-0.0034617485147584197,-0.0036960648382989942,0.0034617485147584197,0.0,1.0
16,F4_TAIL,linear_qr,0.5,feat_5m_rv_rate_ratio_1h_4h,standardized_coefficient,5,-0.00035113750661883256,-0.00032199806094975164,0.0005203706926228942,0.2,0.8
16,F4_TAIL,linear_qr,0.5,feat_time_after_long_gap,standardized_coefficient,5,1.558585709871609e-05,0.000265081073340008,0.00040004623463282054,0.8,0.8
16,F4_TAIL,linear_qr,0.5,feat_time_bars_since_segment_start,standardized_coefficient,5,-0.0028437873979732164,-0.0026034806460621595,0.0028437873979732164,0.0,1.0
16,F4_TAIL,linear_qr,0.9,feat_15m_location_32,standardized_coefficient,5,0.0021585370165862336,0.001857216770217686,0.0025446171004983877,0.8,0.8
16,F4_TAIL,linear_qr,0.9,feat_15m_oi_log_change_4,standardized_coefficient,5,-0.0014733027716170401,-0.0014996502193177098,0.0014733027716170401,0.0,1.0
16,F4_TAIL,linear_qr,0.9,feat_15m_ret_1,standardized_coefficient,5,0.0007505633176413153,0.0006830254727774493,0.0007816693550674929,0.8,0.8
16,F4_TAIL,linear_qr,0.9,feat_15m_ret_16,standardized_coefficient,5,-0.007436944822372384,-0.00775317211493123,0.007436944822372384,0.0,1.0
16,F4_TAIL,linear_qr,0.9,feat_15m_ret_4,standardized_coefficient,5,-0.0013915791937268572,-0.0011092571473275137,0.0013915791937268572,0.0,1.0
16,F4_TAIL,linear_qr,0.9,feat_15m_ret_8,standardized_coefficient,5,0.0009321761496793153,0.0008720586192439428,0.0009321761496793153,1.0,1.0
16,F4_TAIL,linear_qr,0.9,feat_15m_volume_ratio_32,standardized_coefficient,5,-0.00379559114928694,-0.0037599132645508276,0.00379559114928694,0.0,1.0
16,F4_TAIL,linear_qr,0.9,feat_5m_1h_jump_share,standardized_coefficient,5,0.0006258771489990791,0.0005557758221304597,0.0006258771489990791,1.0,1.0
16,F4_TAIL,linear_qr,0.9,feat_5m_1h_rv,standardized_coefficient,5,-0.0007936544642127532,-0.0008022572633857154,0.0007936544642127532,0.0,1.0
16,F4_TAIL,linear_qr,0.9,feat_5m_4h_neg_semivar_share,standardized_coefficient,5,-0.005903015131612758,-0.006310523554297032,0.005903015131612758,0.0,1.0
16,F4_TAIL,linear_qr,0.9,feat_5m_rv_rate_ratio_1h_4h,standardized_coefficient,5,0.0029589373838513986,0.0029089575532658405,0.0029589373838513986,1.0,1.0
16,F4_TAIL,linear_qr,0.9,feat_time_after_long_gap,standardized_coefficient,5,0.0019963101934314283,0.001988156953787402,0.0019963101934314283,1.0,1.0
16,F4_TAIL,linear_qr,0.9,feat_time_bars_since_segment_start,standardized_coefficient,5,-0.004911648431699755,-0.004945473113008576,0.004911648431699755,0.0,1.0
